股票代號,公司名稱,市場,產業,最近連續正成長月數,36個月內正成長月數,最近連續負成長月數,有效月數,最新月YoY%,今年累計YoY%,近12月YoY標準差,當月營收(億)
2383,台光電,上市,電子零組件業,36,36,0,36,129.84,95.2,39.0,201.46
2432,倚天酷碁-創,上市,電腦及週邊設備業,36,36,0,36,80.44,60.7,35.0,4.44
2441,超豐,上市,半導體業,36,36,0,36,41.98,26.9,12.0,20.43
2453,凌群,上市,資訊服務業,36,36,0,36,10.05,6.6,2.0,6.23
2755,揚秦,上櫃,觀光餐旅,36,36,0,36,15.21,18.7,2.5,3.1
2947,振宇五金,上櫃,居家生活,36,36,0,36,1.75,6.9,3.6,2.09
3017,奇鋐,上市,電腦及週邊設備業,36,36,0,36,54.34,76.1,34.4,194.81
3293,鈊象,上櫃,文化創意業,36,36,0,36,24.8,18.1,4.7,22.68
4129,聯合,上櫃,生技醫療業,36,36,0,36,7.5,13.3,6.6,4.87
4760,勤凱科技,上櫃,其他電子業,36,36,0,36,91.53,65.5,27.4,3.05
4953,緯致,上櫃,資訊服務業,36,36,0,36,26.64,30.7,7.3,12.46
6223,旺矽,上櫃,半導體業,36,36,0,36,69.87,54.8,18.0,20.48
6446,藥華藥,上市,生技醫療業,36,36,0,36,105.42,81.2,22.1,26.17
6449,鈺邦,上市,電子零組件業,36,36,0,36,21.16,23.8,8.6,4.64
6690,安碁資訊,上櫃,數位雲端,36,36,0,36,8.2,13.5,5.5,2.2
6712,長聖,上櫃,生技醫療業,36,36,0,36,21.1,17.1,9.5,1.1
6741,91APP*-KY,上櫃,數位雲端,36,36,0,36,30.42,32.1,9.7,1.81
6791,虎門科技,上櫃,資訊服務業,36,36,0,36,2.59,8.6,6.2,0.7
6805,富世達,上市,電子零組件業,36,36,0,36,29.13,49.8,26.8,15.28
6914,阜爾運通,上市,其他,36,36,0,36,7.03,8.7,10.2,5.33
6931,青松健康,上市,生技醫療業,36,36,0,36,19.0,17.9,5.1,1.12
6951,青新-創,上市,綠能環保,36,36,0,36,2.51,19.4,10.0,0.81
6955,邦睿生技-創,上市,生技醫療業,36,36,0,36,21.39,18.2,9.9,0.31
6968,萬達寵物,上櫃,居家生活,36,36,0,36,10.45,15.6,6.0,3.06
7722,LINEPAY,上市,數位雲端,36,36,0,36,8.65,13.8,5.7,7.56
8462,柏文,上市,運動休閒,36,36,0,36,16.74,19.5,4.7,6.22
3167,大量,上市,電機機械,35,35,0,36,152.97,135.2,36.8,12.2
5607,遠雄港,上市,航運業,34,34,0,36,33.49,36.2,6.4,4.86
2059,川湖,上市,電子零組件業,33,33,0,36,344.41,164.0,112.5,64.66
5314,世紀*,上櫃,其他,33,33,0,33,102.52,151.4,253.7,4.65
6257,矽格,上市,半導體業,33,33,0,36,28.58,20.5,8.7,20.69
2330,台積電,上市,半導體業,32,33,0,36,53.32,39.3,15.2,5148.05
2357,華碩,上市,電腦及週邊設備業,32,33,0,36,51.16,42.3,18.4,949.56
2368,金像電,上市,電子零組件業,32,33,0,36,76.38,71.2,12.1,103.84
2449,京元電子,上市,半導體業,32,32,0,36,31.57,35.5,3.9,40.8
3551,世禾,上櫃,綠能環保,32,32,0,36,21.97,20.5,5.7,3.0
5274,信驊,上櫃,半導體業,32,32,0,36,118.41,74.5,34.2,16.26
6683,雍智科技,上櫃,半導體業,32,32,0,36,25.73,29.8,13.3,2.33
7738,東聯互動,上櫃,數位雲端,32,32,0,32,15.28,14.1,10.1,0.64
8021,尖點,上市,其他電子業,32,32,0,36,97.75,76.1,24.5,7.71
2382,廣達,上市,電腦及週邊設備業,31,31,0,36,177.45,102.6,45.4,4239.71
3037,欣興,上市,電子零組件業,31,31,0,36,56.25,34.2,14.0,177.46
3090,日電貿,上市,電子零組件業,30,35,0,36,38.44,30.0,14.6,19.13
6274,台燿,上櫃,電子零組件業,30,35,0,36,132.48,97.0,38.4,59.15
2345,智邦,上市,通信網路業,30,33,0,36,59.42,61.9,26.4,408.73
8155,博智,上櫃,電子零組件業,30,33,0,36,35.13,35.6,8.6,5.61
1316,上曜,上市,建材營造,30,32,0,36,93.04,122.1,55.2,6.9
6525,捷敏-KY,上市,半導體業,30,32,0,36,30.53,19.8,8.4,6.09
6739,竹陞科技,上櫃,其他電子業,30,32,0,36,96.72,97.1,4.4,1.48
2317,鴻海,上市,其他電子業,30,31,0,36,51.97,39.7,15.5,9217.66
6134,萬旭,上櫃,電子零組件業,30,30,0,36,21.72,40.8,17.1,2.4
2363,矽統,上市,半導體業,29,33,0,36,81.06,92.6,54.2,5.12
2402,毅嘉,上市,電子零組件業,29,33,0,36,16.41,17.2,6.0,11.13
6530,創威,上櫃,通信網路業,29,32,0,36,10.67,16.3,6.7,0.32
1560,中砂,上市,電機機械,29,31,0,36,30.37,24.5,6.8,8.99
3231,緯創,上市,電腦及週邊設備業,29,31,0,36,166.48,98.9,48.1,4600.65
5289,宜鼎,上櫃,電腦及週邊設備業,29,31,0,36,576.29,553.2,227.4,86.8
6669,緯穎,上市,電腦及週邊設備業,29,31,0,36,50.35,42.8,57.1,1443.12
2308,台達電,上市,電子零組件業,29,30,0,36,34.94,41.1,7.6,645.86
2421,建準,上市,電子零組件業,29,30,0,36,26.03,21.1,10.4,19.74
3305,昇貿,上市,其他電子業,29,30,0,36,47.4,61.4,18.8,13.88
5536,聖暉*,上櫃,其他電子業,29,30,0,36,44.54,26.9,16.3,48.79
1815,富喬,上櫃,電子零組件業,29,29,0,36,79.2,51.2,19.9,9.12
3413,京鼎,上市,半導體業,29,29,0,36,23.54,20.0,11.2,22.49
7744,崴寶,上櫃,電子零組件業,29,29,0,29,86.43,90.0,36.9,4.5
6902,GOGOLOOK,上市,數位雲端,28,34,0,36,29.54,28.2,8.5,1.12
6870,騰雲,上櫃,數位雲端,28,33,0,36,34.13,45.1,20.9,0.95
2471,資通,上市,資訊服務業,28,31,0,36,7.16,7.9,9.8,0.85
3432,台端,上市,電子零組件業,28,31,0,36,86.54,130.1,142.1,0.3
3290,東浦,上櫃,電子零組件業,28,30,0,36,79.79,84.3,32.5,3.7
6944,兆聯實業,上市,綠能環保,28,30,0,36,37.21,41.2,26.6,19.86
1213,大飲,上市,食品工業,28,28,0,36,17.12,15.8,21.9,0.4
6693,廣閎科,上櫃,半導體業,27,29,0,36,114.19,91.0,36.6,2.51
6548,長科*,上櫃,半導體業,27,28,0,36,43.65,28.3,12.1,16.5
6217,中探針,上櫃,電子零組件業,26,29,0,36,22.99,34.1,15.0,4.19
3665,貿聯-KY,上市,其他電子業,26,28,0,36,53.99,40.0,13.7,88.92
8032,光菱,上櫃,電子通路業,26,28,0,36,43.62,46.8,17.2,4.35
6781,AES-KY,上市,電子零組件業,26,26,0,36,26.63,26.4,13.3,17.51
7769,鴻勁,上市,半導體業,26,26,0,26,91.58,92.9,19.3,52.19
8028,昇陽半導體,上市,半導體業,26,26,0,36,25.56,29.1,9.3,5.05
3004,豐達科,上市,鋼鐵工業,24,35,0,36,62.29,40.5,15.2,5.26
2762,世界健身-KY,上市,運動休閒,24,32,0,34,5.2,8.4,3.9,9.9
5284,jpp-KY,上市,其他,24,28,0,36,13.16,38.3,14.2,3.62
3563,牧德,上市,光電業,24,24,0,36,35.67,14.4,20.1,3.61
7740,熙特爾-創,上市,綠能環保,24,24,0,24,869.63,1444.0,1071.6,5.74
5475,德宏,上櫃,電子零組件業,23,26,0,36,271.87,166.8,71.9,2.55
6209,今國光,上市,光電業,23,25,0,36,106.76,69.6,24.1,5.57
2301,光寶科,上市,電腦及週邊設備業,23,24,0,36,25.2,26.7,8.1,195.92
2395,研華,上市,電腦及週邊設備業,23,24,0,36,87.51,45.9,29.1,104.19
6894,衛司特,上櫃,綠能環保,22,32,0,36,67.83,66.8,24.8,1.97
6165,浪凡,上市,數位雲端,22,30,0,36,5.85,8.0,6.8,2.86
5234,達興材料,上市,光電業,22,27,0,36,18.52,11.3,6.3,4.53
5439,高技,上櫃,電子零組件業,22,27,0,36,5.23,34.3,62.0,11.08
6786,芯測,—,—,22,24,0,36,33.81,,93.6,
3528,安馳,上市,電子通路業,22,22,0,36,43.13,75.0,37.6,12.04
6138,茂達,上櫃,半導體業,21,34,0,36,2.49,10.7,8.3,6.65
3189,景碩,上市,半導體業,21,30,0,36,40.57,32.1,10.5,48.1
6435,大中,上櫃,半導體業,21,29,0,36,25.82,14.3,10.0,3.4
8358,金居,上櫃,電子零組件業,21,29,0,36,59.7,46.8,12.8,10.56
2758,路易莎咖啡,—,—,21,27,0,36,4.33,,9.4,
4576,大銀微系統,上市,電機機械,21,26,0,36,98.04,55.8,24.6,4.27
5469,瀚宇博,上市,電子零組件業,21,24,0,36,26.4,24.7,18.1,65.43
2027,大成鋼,上市,鋼鐵工業,21,21,0,36,46.09,34.2,13.2,123.86
7808,訊聯智藥,—,—,21,21,0,21,24.71,,44.5,
7820,立盈,上櫃,綠能環保,21,21,0,21,20.98,44.2,20.3,0.33
8046,南電,上市,電子零組件業,21,21,0,36,40.59,39.6,10.9,53.53
3265,台星科,上櫃,半導體業,20,34,0,36,3.36,16.5,10.1,4.02
3030,德律,上市,其他電子業,20,32,0,36,31.88,27.4,23.8,9.97
8210,勤誠,上市,電腦及週邊設備業,20,32,0,36,40.54,51.7,33.2,24.57
7590,怡和國際,—,—,20,30,0,36,15.42,,180.5,
3081,聯亞,上櫃,通信網路業,20,29,0,36,180.9,129.0,35.9,5.2
3219,倚強科,上櫃,其他電子業,20,27,0,36,19.72,32.2,43.7,2.47
3595,山太士,—,—,20,23,0,36,24.48,,104.5,
3587,閎康,上櫃,其他電子業,19,35,0,36,17.78,17.7,5.5,5.65
4772,台特化,上櫃,化學工業,19,35,0,36,18.88,184.6,73.0,3.24
1785,光洋科,上櫃,其他電子業,19,34,0,36,30.7,63.4,23.7,45.16
7750,新代,上市,電機機械,19,34,0,36,151.06,101.3,58.5,24.37
2884,玉山金,上市,金融保險業,19,33,0,36,19.28,21.3,16.8,98.39
3135,凌航,上市,半導體業,19,33,0,36,237.78,246.1,158.7,18.27
5278,尚凡*,上櫃,數位雲端,19,33,0,36,25.25,18.9,7.3,2.59
2436,偉詮電,上市,半導體業,19,32,0,36,32.14,30.4,16.0,4.29
3044,健鼎,上市,電子零組件業,19,32,0,36,65.47,38.7,18.2,102.24
4771,望隼,上市,生技醫療業,19,32,0,36,70.63,34.1,15.8,4.37
6584,南俊國際,上櫃,電子零組件業,19,32,0,36,37.66,50.0,29.5,2.8
8284,三竹,上櫃,資訊服務業,19,31,0,36,21.73,13.6,5.9,2.98
3372,典範,上櫃,半導體業,19,30,0,36,30.1,26.8,14.8,1.28
4923,力士,上櫃,半導體業,19,29,0,36,28.77,30.0,10.1,1.08
9925,新保,上市,其他,19,29,0,36,6.56,4.7,4.2,7.25
6518,康科特,—,—,19,28,0,36,11.26,,6.7,
7713,威力德生醫,上櫃,生技醫療業,19,28,0,35,14.8,19.6,8.1,1.16
8271,宇瞻,上市,半導體業,19,28,0,36,177.1,226.9,96.5,27.89
2329,華泰,上市,半導體業,19,27,0,36,4.76,8.7,12.3,17.68
3171,炎洲流通,上櫃,居家生活,19,27,0,36,13.46,65.6,33.0,2.19
5498,凱崴,上櫃,電子零組件業,19,27,0,36,87.52,70.8,22.4,2.31
8070,長華*,上市,電子通路業,19,27,0,36,37.57,27.7,10.1,22.33
8996,高力,上市,電機機械,19,27,0,36,112.83,115.0,80.4,12.04
1714,和桐,上市,化學工業,19,26,0,36,56.1,60.5,25.8,30.47
6426,統新,上市,通信網路業,19,26,0,36,78.2,68.3,26.7,0.73
6935,王子製藥,—,—,19,26,0,36,28.29,,29.7,
2451,創見,上市,半導體業,19,25,0,36,275.46,384.0,146.0,48.37
7751,竑騰,上櫃,半導體業,19,25,0,28,41.32,61.4,17.5,2.42
6579,研揚,上市,電腦及週邊設備業,19,22,0,36,26.58,28.4,11.4,9.85
7780,大研生醫*,上市,食品工業,19,22,0,23,38.13,36.3,12.9,2.03
4127,天良,上櫃,生技醫療業,19,21,0,36,40.83,50.3,29.9,0.55
8088,品安,上櫃,半導體業,19,20,0,36,72.93,49.2,46.5,2.31
2912,統一超,上市,貿易百貨,18,35,0,36,4.81,5.5,2.3,315.27
5903,全家,上櫃,居家生活,18,35,0,36,3.33,7.0,3.3,99.22
7706,宏碁創達,—,—,18,35,0,36,26.43,,11.7,
2751,王座,上櫃,觀光餐旅,18,34,0,36,4.76,24.1,16.3,2.03
7708,全家餐飲,上櫃,觀光餐旅,18,33,0,36,11.37,12.0,6.5,2.8
6830,汎銓,上市,其他電子業,18,32,0,36,31.95,22.7,6.7,2.54
5211,蒙恬,上櫃,資訊服務業,18,28,0,36,29.2,36.2,14.6,0.27
7786,東方風能,上市,綠能環保,18,20,0,23,8.57,30.0,34.6,15.63
7822,倍利科,上市,半導體業,18,18,0,18,74.62,84.4,73.9,3.02
2890,永豐金,上市,金融保險業,17,34,0,36,49.48,53.9,22.1,100.51
2374,佳能,上市,光電業,17,32,0,36,34.7,50.1,32.8,13.13
3260,威剛,上櫃,半導體業,17,30,0,36,279.8,218.1,88.0,189.25
8299,群聯,上櫃,半導體業,17,29,0,36,376.51,279.0,112.4,282.76
2892,第一金,上市,金融保險業,17,28,0,36,13.89,18.0,11.6,75.82
2404,漢唐,上市,其他電子業,17,20,0,36,59.05,71.6,21.6,93.92
5604,中連,上櫃,其他,17,20,0,36,4.06,3.5,1.0,0.14
4739,康普,上市,化學工業,17,19,0,36,34.39,105.6,36.0,8.72
7749,意騰-KY,上市,半導體業,17,17,0,17,60.49,60.3,24.7,1.99
7836,智生活,—,—,17,17,0,17,14.07,,3.0,
1419,新紡,上市,紡織纖維,16,31,0,36,5.94,24.6,15.5,5.1
3028,增你強,上市,電子通路業,16,31,0,36,87.95,95.6,38.3,67.33
3555,博士旺,上櫃,半導體業,16,30,0,36,46.14,346.7,1693.2,0.47
6588,東典光電,上櫃,通信網路業,16,25,0,36,189.01,135.2,166.3,0.31
4943,康控-KY,上市,電子零組件業,16,24,0,36,42.4,46.6,12.5,1.82
6291,沛亨,上櫃,半導體業,16,23,0,36,33.42,40.5,16.8,2.7
2369,菱生,上市,半導體業,16,22,0,36,32.89,36.3,13.8,6.42
7842,天能綠電,上櫃,綠能環保,16,16,0,16,71.54,59.8,35.1,3.2
6197,佳必琪,上市,電子零組件業,15,34,0,36,25.34,23.7,12.8,8.42
6920,恆勁科技,—,—,15,33,0,36,100.1,,29.4,
2880,華南金,上市,金融保險業,15,32,0,36,11.94,27.7,20.7,71.09
2360,致茂,上市,其他電子業,15,31,0,36,156.29,108.4,48.3,56.32
6861,睿生光電,上市,生技醫療業,15,30,0,36,52.47,46.2,19.6,2.84
1788,杏昌,上櫃,生技醫療業,15,29,0,36,8.94,6.1,3.2,3.83
3406,玉晶光,上市,光電業,15,28,0,36,0.72,11.8,21.4,27.19
8091,翔名,上櫃,半導體業,15,28,0,36,71.52,57.8,28.2,3.04
6491,晶碩,上市,生技醫療業,15,26,0,36,18.87,22.5,11.2,7.5
6541,泰福-KY,上市,生技醫療業,15,26,0,36,210.14,250.1,2543.7,0.73
6770,力積電,上市,半導體業,15,26,0,36,76.19,47.1,26.0,70.09
2408,南亞科,上市,半導體業,15,25,0,36,560.85,638.2,176.8,446.9
2734,易飛網,上櫃,觀光餐旅,15,23,0,36,53.64,32.9,22.8,2.37
6199,天品,上櫃,其他,15,22,0,36,171.69,527.8,526.5,0.83
6265,方土昶,上櫃,電子通路業,15,22,0,36,465.94,680.4,356.3,5.2
6903,巨漢,上櫃,其他電子業,15,21,0,36,122.7,231.1,124.1,6.24
6997,博弘,上櫃,數位雲端,15,19,0,36,25.48,30.4,17.5,4.74
4904,遠傳,上市,通信網路業,14,34,0,36,15.65,11.4,3.7,95.47
2812,台中銀,上市,金融保險業,14,32,0,36,1.76,16.7,17.5,19.75
6111,光聚晶電,上櫃,文化創意業,14,32,0,36,6.31,115.5,58.2,10.35
3324,雙鴻,上櫃,其他電子業,14,31,0,36,67.17,81.0,23.7,31.41
8936,國統,上櫃,其他,14,31,0,36,12.34,17.1,17.3,5.56
2467,志聖,上市,電子零組件業,14,30,0,36,60.72,83.4,38.3,8.66
2889,國票金,上市,金融保險業,14,29,0,36,51.89,94.9,991.1,13.57
2455,全新,上市,通信網路業,14,27,0,36,71.15,35.9,15.7,4.71
7610,聯友金屬-創,上市,綠能環保,14,26,0,36,852.63,563.5,278.2,11.34
6542,隆中,上櫃,文化創意業,14,25,0,36,8.9,18.3,9.5,0.73
8131,福懋科,上市,半導體業,14,25,0,36,29.24,37.5,10.4,11.35
5484,慧友,上市,光電業,14,24,0,36,12.93,92.5,128.1,0.48
6239,力成,上市,半導體業,14,24,0,36,24.45,30.8,7.0,85.58
7797,QBurger,—,—,14,22,0,23,7.34,,3.2,
2732,六角,上櫃,觀光餐旅,14,21,0,36,15.26,29.5,13.8,4.79
7742,天弘化,—,—,14,21,0,30,154.43,,215.8,
5388,中磊,上市,通信網路業,14,18,0,36,45.05,55.2,25.5,70.44
2485,兆赫,上市,通信網路業,14,14,0,36,38.41,81.3,86.6,2.49
3707,漢磊,上櫃,半導體業,14,14,0,36,29.54,26.4,8.2,6.59
3036,文曄,上市,電子通路業,13,32,0,36,98.21,109.2,53.8,1983.84
6005,群益證,上市,金融保險業,13,32,0,36,45.34,99.7,78.5,30.31
1416,廣豐,上市,其他,13,31,0,36,45.99,44.5,22.0,0.45
6213,聯茂,上市,電子零組件業,13,30,0,36,97.92,42.2,31.7,50.44
8438,昶昕,上市,綠能環保,13,30,0,36,44.48,40.6,14.2,4.83
2327,國巨*,上市,電子零組件業,13,29,0,36,51.79,34.9,14.2,163.32
2476,鉅祥,上市,電子零組件業,13,29,0,36,41.04,39.8,15.6,9.51
2885,元大金,上市,金融保險業,13,29,0,36,57.94,116.3,247.3,195.86
4912,聯德控股-KY,上市,電子零組件業,13,29,0,36,32.22,30.8,19.2,6.57
8499,鼎炫-KY,上市,其他電子業,13,29,0,36,91.24,93.2,23.8,3.72
3711,日月光投控,上市,半導體業,13,28,0,36,45.65,28.0,12.6,822.47
8042,金山電,上櫃,電子零組件業,13,28,0,36,38.75,36.4,15.2,4.82
2344,華邦電,上市,半導體業,13,26,0,36,289.42,177.4,92.5,273.09
2543,皇昌,上市,建材營造,13,26,0,36,51.5,59.4,34.2,16.02
5351,鈺創,上櫃,半導體業,13,25,0,36,525.31,488.9,200.1,22.6
6967,汎瑋材料,上櫃,電子零組件業,13,25,0,36,1.12,23.0,15.7,1.34
8068,全達,上櫃,電子通路業,13,25,0,36,76.73,78.4,46.9,1.05
6139,亞翔,上市,其他電子業,13,24,0,36,41.68,63.4,40.1,110.19
6952,大武山,上市,其他,13,24,0,36,17.09,29.1,16.6,2.19
6210,慶生,上櫃,電子零組件業,13,23,0,36,14.58,51.9,47.0,0.34
3443,創意,上市,半導體業,13,21,0,36,111.02,103.8,36.8,58.4
7788,松川精密,上市,電子零組件業,13,21,0,23,66.4,40.5,30.2,8.72
3264,欣銓,上櫃,半導體業,13,17,0,36,46.57,33.9,11.2,17.94
6672,騰輝電子-KY,上市,電子零組件業,13,17,0,36,133.24,53.6,39.0,8.06
3629,地心引力,上櫃,文化創意業,13,15,0,34,381.0,3076.4,110817.8,0.01
7846,德揚,—,—,13,14,0,15,103.03,,32.0,
7856,漢測,—,—,13,13,0,13,114.78,,58.4,
7861,貝爾威勒,—,—,13,13,0,13,99.44,,43.0,
1736,喬山,上市,運動休閒,12,35,0,36,22.65,14.1,9.4,48.4
4431,敏成健康,—,—,12,35,0,36,17.12,,5.7,
5340,建榮,上櫃,電子零組件業,12,35,0,36,47.77,27.8,14.2,2.85
2376,技嘉,上市,電腦及週邊設備業,12,34,0,36,98.42,55.2,29.3,474.01
3715,定穎投控,上市,電子零組件業,12,34,0,36,83.96,46.5,24.4,29.32
1731,美吾華,上市,生技醫療業,12,33,0,36,17.95,9.2,5.1,1.33
3533,嘉澤,上市,電子零組件業,12,30,0,36,19.58,17.7,9.5,31.98
6531,愛普*,上市,半導體業,12,30,0,36,150.82,109.1,40.1,10.31
7578,利百景,—,—,12,30,0,36,41.76,,12.3,
8016,矽創,上市,半導體業,12,30,0,36,23.69,29.0,11.2,19.08
8927,北基,上櫃,油電燃氣業,12,30,0,36,20.77,42.6,29.9,9.21
6629,泰金-KY,上櫃,居家生活,12,29,0,36,44.23,85.5,32.3,2.0
2801,彰銀,上市,金融保險業,12,28,0,36,21.13,14.3,7.6,46.06
6898,程曦資訊,—,—,12,28,0,36,10.89,,7.0,
3006,晶豪科,上市,半導體業,12,27,0,36,605.24,324.4,184.3,79.05
3374,精材,上櫃,半導體業,12,27,0,36,36.74,33.2,16.1,9.09
8150,南茂,上市,半導體業,12,27,0,36,33.26,30.0,9.1,27.86
6415,矽力*-KY,上市,半導體業,12,26,0,36,52.53,33.0,20.2,24.17
3564,其陽,上櫃,通信網路業,12,25,0,36,47.82,26.2,22.3,2.7
6126,信音,上櫃,電子零組件業,12,25,0,36,57.25,54.3,22.9,5.17
8086,宏捷科,上櫃,半導體業,12,25,0,36,12.55,35.8,23.2,4.22
1342,八貫,上市,其他,12,24,0,36,62.82,37.0,22.7,3.07
1597,直得,上市,電機機械,12,24,0,36,45.23,44.9,15.4,1.33
2337,旺宏,上市,半導體業,12,24,0,36,218.53,149.1,75.8,81.45
3105,穩懋,上櫃,半導體業,12,24,0,36,30.55,33.0,6.6,19.37
1593,祺驊,上櫃,運動休閒,12,23,0,36,21.9,12.5,7.1,1.15
8043,蜜望實,上櫃,電子零組件業,12,23,0,36,54.47,60.8,39.5,6.22
2241,艾姆勒,上市,汽車工業,12,22,0,36,47.33,46.5,28.9,0.87
4768,晶呈科技,上櫃,化學工業,12,22,0,36,93.11,126.4,61.3,1.3
4916,事欣科,上市,電腦及週邊設備業,12,22,0,36,82.95,61.8,35.4,5.53
7707,益芯科,—,—,12,21,0,36,318.22,,83.1,
6494,九齊,上櫃,半導體業,12,20,0,36,36.33,46.7,25.5,1.29
6917,竟天,—,—,12,18,0,30,34.49,,3413.0,
7551,知識科技,—,—,12,17,0,36,52.24,,133.6,
6292,迅德,上櫃,電子零組件業,12,15,0,36,30.69,30.6,20.1,1.1
7843,英柏得,—,—,12,13,0,15,192.79,,188.8,
3702,大聯大,上市,電子通路業,11,34,0,36,80.45,62.4,42.1,1422.38
6788,華景電,上櫃,半導體業,11,30,0,36,20.38,18.5,17.8,2.45
2305,全友,上市,電腦及週邊設備業,11,28,0,36,239.98,113.2,73.9,1.81
2460,建通,上市,電子零組件業,11,28,0,36,75.64,65.3,40.3,4.38
5386,青雲,上櫃,電腦及週邊設備業,11,28,0,36,1846.2,625.5,500.8,45.48
8112,至上,上市,電子通路業,11,28,0,36,154.83,177.4,103.5,407.41
3491,昇達科,上櫃,通信網路業,11,27,0,36,93.18,73.4,33.5,3.21
2606,裕民,上市,航運業,11,26,0,36,18.15,25.1,13.4,17.32
5344,立衛,上櫃,半導體業,11,26,0,36,8.81,12.9,14.5,0.3
3530,晶相光,上市,半導體業,11,25,0,36,14.04,36.6,24.4,1.78
5511,德昌,上櫃,建材營造,11,25,0,36,2.58,11.5,15.4,9.99
6516,勤崴國際,上櫃,資訊服務業,11,25,0,36,15.2,24.5,27.2,0.49
2347,聯強,上市,電子通路業,11,24,0,36,122.01,89.7,53.9,742.15
6282,康舒,上市,電子零組件業,11,24,0,36,38.47,28.8,13.0,37.09
6703,軒郁,上櫃,生技醫療業,11,24,0,36,1.83,13.9,13.2,2.71
7419,達勝,—,—,11,24,0,36,394.0,,114.9,
8489,三貝德,上櫃,其他,11,24,0,36,32.55,50.3,23.5,1.68
2849,安泰銀,上市,金融保險業,11,23,0,36,18.89,19.5,8.2,5.5
2897,王道銀行,上市,金融保險業,11,23,0,36,7.88,25.1,19.0,11.41
7631,聚賢研發-創,上市,其他電子業,11,23,0,36,132.46,118.2,66.1,1.58
2406,國碩,上市,光電業,11,22,0,36,86.1,114.9,58.1,9.71
2637,慧洋-KY,上市,航運業,11,22,0,36,34.96,35.4,20.4,20.13
3691,碩禾,上櫃,光電業,11,22,0,36,75.83,119.8,67.9,8.42
5478,智冠,上櫃,文化創意業,11,22,0,36,7.8,12.1,11.8,5.57
6707,富基電通,—,—,11,22,0,36,57.51,,38.4,
6465,威潤,上櫃,通信網路業,11,21,0,36,128.67,90.8,228.0,0.33
6543,普惠醫工,—,—,11,21,0,36,50.33,,17.6,
9940,信義,上市,其他,11,18,0,36,26.24,29.7,57.5,9.64
1256,鮮活果汁-KY,上市,食品工業,11,17,0,36,25.54,38.9,25.5,6.49
6129,普誠,上櫃,半導體業,11,15,0,36,43.6,41.4,20.6,1.29
6146,耕興,上櫃,其他電子業,11,14,0,36,10.46,9.5,5.1,4.15
3016,嘉晶,上市,半導體業,11,13,0,36,57.78,34.7,18.5,5.07
7866,丹立,—,—,11,11,0,11,244.91,,44.3,
9911,櫻花,上市,居家生活,10,35,0,36,6.78,6.8,4.1,8.69
2472,立隆電,上市,電子零組件業,10,30,0,36,51.18,24.4,16.3,13.11
4714,永捷,上櫃,化學工業,10,30,0,36,42.94,62.8,44.9,1.92
4738,大同精化,—,—,10,29,0,36,26.8,,8.9,
2945,三商家購,上市,貿易百貨,10,28,0,36,35.28,28.9,16.8,17.96
3588,通嘉,上市,半導體業,10,28,0,36,39.76,26.3,21.2,1.56
5434,崇越,上市,電子通路業,10,28,0,36,36.33,25.2,12.6,77.92
4573,高明鐵,—,—,10,27,0,36,337.81,,111.9,
6414,樺漢,上市,電腦及週邊設備業,10,27,0,36,43.05,29.4,22.1,154.86
6598,ABC-KY,上市,生技醫療業,10,27,0,36,63.99,70.3,47.4,0.61
6907,雅特力-KY,上櫃,半導體業,10,27,0,32,198.71,115.3,68.9,3.66
2248,華勝-KY,上市,汽車工業,10,26,0,36,62.42,51.1,31.9,2.47
2425,承啟,上市,電腦及週邊設備業,10,26,0,36,118.45,120.5,97.9,19.83
3416,融程電,上市,電腦及週邊設備業,10,26,0,36,16.65,27.1,16.7,4.06
2303,聯電,上市,半導體業,10,25,0,36,30.71,14.7,9.2,250.45
3402,漢科,上櫃,其他電子業,10,25,0,36,32.84,21.4,12.9,6.01
4952,凌通,上市,半導體業,10,24,0,36,44.88,24.9,21.6,2.25
6147,頎邦,上櫃,半導體業,10,24,0,36,43.61,23.9,14.2,26.2
6417,韋僑,上櫃,通信網路業,10,24,0,36,34.27,22.6,12.3,1.71
6664,群翊,上櫃,電子零組件業,10,24,0,36,32.27,18.7,9.2,2.75
3689,湧德,上櫃,電子零組件業,10,22,0,36,62.06,43.3,25.4,7.81
4551,智伸科,上市,汽車工業,10,22,0,36,33.5,21.1,13.7,8.02
7805,威聯通,上櫃,數位雲端,10,22,0,33,19.25,12.6,9.0,5.53
8110,華東,上市,半導體業,10,21,0,36,24.84,15.5,9.8,7.98
3071,協禧,上櫃,電腦及週邊設備業,10,20,0,36,4.52,31.6,19.2,1.94
1449,佳和,上市,紡織纖維,10,19,0,36,100.43,51.5,59.1,3.17
6673,和詮,—,—,10,19,0,36,185.32,,76.7,
7810,捷創科技,上櫃,半導體業,10,19,0,21,119.8,79.2,43.1,0.77
2845,遠東銀,上市,金融保險業,10,18,0,36,5.06,14.0,9.3,11.44
1808,潤隆,上市,建材營造,10,15,0,36,33032.92,13849.6,52014.2,6.23
2486,一詮,上市,光電業,9,32,0,36,46.06,30.0,16.9,7.77
6183,關貿,上市,資訊服務業,9,32,0,36,5.56,13.3,11.5,2.27
6834,天二科技,上市,電子零組件業,9,32,0,36,114.3,52.8,36.7,2.55
1216,統一,上市,食品工業,9,31,0,36,3.79,4.1,3.0,631.01
2613,中櫃,上市,航運業,9,30,0,36,1.72,5.7,4.2,3.02
3097,拍檔,—,—,9,30,0,36,28.12,,17.7,
3706,神達,上市,電腦及週邊設備業,9,30,0,36,119.89,52.6,32.0,135.57
3010,華立,上市,電子通路業,9,29,0,36,23.63,20.1,12.5,79.86
3605,宏致,上市,電子零組件業,9,29,0,36,17.24,17.2,10.3,10.97
6215,和椿,上市,其他電子業,9,29,0,36,132.81,59.8,35.2,4.07
2256,歐特明,—,—,9,28,0,36,102.01,,53.2,
6913,鴻呈,上櫃,電子零組件業,9,28,0,36,25.03,35.4,21.3,3.05
8374,羅昇,上市,電機機械,9,28,0,36,35.4,38.3,19.9,4.77
8383,千附,上櫃,半導體業,9,28,0,36,73.6,60.5,55.4,5.12
2009,第一銅,上市,鋼鐵工業,9,26,0,36,30.27,22.0,21.1,3.39
6691,洋基工程,上市,其他電子業,9,25,0,36,213.69,112.8,59.2,52.87
5215,科嘉-KY,上市,電腦及週邊設備業,9,24,0,36,5.25,26.8,23.3,2.23
8411,福貞-KY,上市,其他,9,24,0,36,42.41,23.7,17.0,11.92
3498,陽程,上櫃,其他電子業,9,23,0,36,326.04,154.8,208.9,3.59
4577,達航科技,上櫃,其他電子業,9,23,0,36,14.0,49.7,34.6,0.74
6425,易發,上櫃,電機機械,9,23,0,36,93.96,56.1,62.3,1.59
6617,共信-KY,上櫃,生技醫療業,9,23,0,29,7.84,32.1,34.4,0.05
6680,鑫創電子,上櫃,電腦及週邊設備業,9,23,0,36,47.61,23.3,22.8,0.62
4582,聚恆-創,上市,綠能環保,9,22,0,36,66.87,134.7,128.3,1.78
4950,金耘國際,上櫃,鋼鐵工業,9,22,0,36,64.87,29.3,23.9,1.28
5489,彩富,上櫃,其他電子業,9,22,0,36,17.54,14.1,14.5,1.68
6219,富旺,上櫃,建材營造,9,22,0,36,115059.92,31310.1,87048.5,3.02
6574,霈方,上櫃,生技醫療業,9,22,0,36,82.79,39.8,29.4,0.71
2397,友通,上市,電腦及週邊設備業,9,21,0,36,48.01,31.4,18.7,12.39
3088,艾訊,上櫃,電腦及週邊設備業,9,21,0,36,78.52,49.5,29.5,9.46
6411,晶焱,上櫃,半導體業,9,21,0,36,3.4,12.4,14.4,2.27
7794,宏碁智新,上櫃,居家生活,9,21,0,23,102.78,43.2,33.0,1.68
3285,微端,上櫃,其他電子業,9,19,0,36,23.17,74.5,78.8,0.86
5525,順天,上市,建材營造,9,19,0,36,1699.2,1440.8,1142.9,5.55
1232,大統益,上市,食品工業,9,17,0,36,34.55,16.6,13.7,23.95
8415,大國鋼,上櫃,鋼鐵工業,9,17,0,36,38.11,23.4,13.1,26.02
3209,全科,上市,電子通路業,9,16,0,36,27.44,42.6,45.9,53.72
7813,宇辰系統,—,—,9,16,0,21,20.09,,39.3,
4949,有成精密,上市,光電業,9,15,0,36,107.59,53.3,36.1,3.1
4989,榮科,上市,電子零組件業,9,14,0,36,101.82,73.0,45.9,4.09
4934,太極,上市,光電業,9,10,0,36,192.98,163.6,85.6,0.24
7887,宇川精材,—,—,9,9,0,9,46.42,,23.7,
7892,元鈦科,—,—,9,9,0,9,417.5,,1643.0,
2640,大車隊,上櫃,數位雲端,8,34,0,36,19.24,10.4,6.3,2.99
3158,嘉實,上櫃,資訊服務業,8,33,0,36,39.4,21.5,14.1,1.11
2480,敦陽科,上市,資訊服務業,8,32,0,36,20.16,16.4,10.2,7.74
2489,瑞軒,上市,光電業,8,32,0,36,23.58,16.6,9.7,27.25
3019,亞光,上市,光電業,8,32,0,36,15.28,15.5,6.4,28.44
6818,連騰,—,—,8,32,0,36,5.5,,8.7,
6918,愛派司,上市,生技醫療業,8,32,0,36,11.03,13.4,9.8,0.77
3529,力旺,上櫃,半導體業,8,31,0,36,42.77,21.9,22.6,3.57
6526,達發,上市,半導體業,8,31,0,36,26.11,12.5,10.0,23.39
2412,中華電,上市,通信網路業,8,30,0,36,25.61,9.5,7.3,233.09
5263,智崴,上櫃,文化創意業,8,30,0,36,216.56,79.3,65.9,3.49
6187,萬潤,上櫃,半導體業,8,30,0,36,103.06,51.1,49.2,11.09
1799,易威,上櫃,生技醫療業,8,29,0,36,82.42,78.1,68.5,1.08
6206,飛捷,上市,電腦及週邊設備業,8,29,0,36,62.17,30.1,25.3,5.83
3042,晶技,上市,電子零組件業,8,28,0,36,23.47,11.7,9.5,14.15
3054,立萬利,上市,電子通路業,8,28,0,36,75.61,358.9,615.6,0.37
1264,德麥,上櫃,食品工業,8,27,0,36,9.22,7.1,6.5,5.75
2072,世紀風電,上市,綠能環保,8,27,0,36,84.83,70.2,46.3,13.11
6510,精測,上櫃,半導體業,8,27,0,36,54.27,33.1,21.1,6.38
6705,振躍精密,—,—,8,27,0,36,57.35,,29.8,
9958,世紀鋼,上市,鋼鐵工業,8,27,0,36,91.07,41.5,31.8,18.05
6829,千附精密,上櫃,半導體業,8,26,0,36,56.51,42.3,29.9,2.72
6878,歐付寶,—,—,8,26,0,36,33.99,,23.4,
6938,藍新資訊,—,—,8,26,0,36,43.73,,28.6,
3628,盈正,上櫃,其他電子業,8,25,0,36,8.64,16.2,22.3,2.99
4764,雙鍵,上市,化學工業,8,25,0,36,22.74,27.9,21.1,2.68
6937,天虹,上市,半導體業,8,25,0,36,123.29,45.3,42.9,2.65
8087,麗升能源,上櫃,綠能環保,8,25,0,36,9.29,224.7,804.9,0.29
8341,日友,上市,綠能環保,8,25,0,36,3.97,15.7,11.5,3.86
8390,金益鼎,上櫃,綠能環保,8,25,0,36,49.43,44.0,29.5,4.89
3048,益登,上市,電子通路業,8,24,0,36,50.31,36.3,26.1,135.45
8183,精星,上櫃,其他電子業,8,24,0,36,56.06,32.4,27.6,9.19
8926,台汽電,上市,油電燃氣業,8,24,0,36,1263.62,824.8,599.8,70.35
1608,華榮,上市,電器電纜,8,23,0,36,17.89,19.2,12.7,11.8
2108,南帝,上市,橡膠工業,8,23,0,36,41.82,26.7,26.3,10.46
2423,固緯,上市,其他電子業,8,23,0,36,28.14,23.7,14.2,3.0
4908,前鼎,上櫃,通信網路業,8,23,0,36,28.93,28.3,32.5,0.97
7748,鑫囍創業,—,—,8,23,0,28,62.54,,329.0,
1591,駿吉-KY,上櫃,電機機械,8,22,0,36,927.89,337.1,637.4,0.54
2465,麗臺,上市,電腦及週邊設備業,8,22,0,36,383.26,200.7,175.5,11.81
3002,歐格,上市,電腦及週邊設備業,8,22,0,36,21.2,25.0,20.8,0.87
3141,晶宏,上櫃,半導體業,8,22,0,36,79.77,23.9,22.8,2.42
3594,磐儀,上櫃,電腦及週邊設備業,8,22,0,36,50.51,44.0,22.3,2.63
6166,凌華,上市,電腦及週邊設備業,8,22,0,36,47.83,41.6,24.4,15.29
1533,車王電,上市,汽車工業,8,21,0,36,20.05,47.2,37.9,4.6
2237,華德動能-創,上市,汽車工業,8,21,0,36,30.06,111.3,171.1,2.93
3675,德微,上櫃,半導體業,8,21,0,36,31.5,20.7,14.5,3.0
5267,龍翩,—,—,8,20,0,36,19.17,,56.1,
6196,帆宣,上市,其他電子業,8,20,0,36,83.88,51.7,46.5,72.2
6864,元樟生技,—,—,8,20,0,35,407.77,,120.0,
7721,微程式,上市,數位雲端,8,20,0,33,47.59,38.2,34.5,0.55
8488,吉源-KY,上市,其他,8,20,0,36,24.98,49.4,29.0,3.86
1506,正道,上市,電機機械,8,19,0,36,47.8,18.6,16.7,1.16
4540,全球傳動,上市,電機機械,8,19,0,36,45.04,43.8,25.7,3.16
4973,廣穎電通,上櫃,半導體業,8,19,0,36,204.02,135.9,85.0,10.02
6259,百徽,上櫃,電子零組件業,8,19,0,36,93.68,58.6,36.9,0.67
8298,威睿,—,—,8,19,0,36,166.59,,593.4,
2942,京站,—,—,8,18,0,36,36.16,,20.7,
6185,幃翔,上櫃,電子零組件業,8,18,0,36,43.44,34.9,33.0,0.6
8076,伍豐,上櫃,電腦及週邊設備業,8,18,0,36,124.48,55.0,42.4,2.33
2351,順德,上市,半導體業,8,17,0,36,61.22,32.5,24.5,13.26
4502,健信,上櫃,電機機械,8,17,0,36,78.28,35.9,33.5,1.36
5514,三豐,上櫃,建材營造,8,17,0,36,319.29,17470.2,30171.5,0.02
2495,普安,上市,電腦及週邊設備業,8,16,0,36,106.21,53.0,33.7,1.62
7530,鋒魁科技,—,—,8,16,0,36,170.14,,92.8,
7689,大鵬科CLMX,上市,通信網路業,8,16,0,20,4.29,32.8,33.0,4.32
2066,世德,上櫃,電機機械,8,15,0,36,11.85,8.7,10.8,2.24
2464,盟立,上市,其他電子業,8,13,0,36,73.7,31.4,32.7,9.28
7858,芝普,—,—,8,11,0,12,10.63,,21.5,
7848,騏億鑫,—,—,8,8,0,14,32.44,,67.7,
7895,元進莊,—,—,8,8,0,8,8.98,,13.2,
7899,景美,—,—,8,8,0,8,113.73,,46.2,
7901,大大寬頻,—,—,8,8,0,8,2.44,,1.3,
7904,任開數位,—,—,8,8,0,8,25.55,,31.2,
2646,星宇航空,上市,航運業,7,35,0,36,47.78,34.0,15.3,55.79
2745,五福,上櫃,觀光餐旅,7,34,0,36,10.41,15.5,9.4,7.85
2752,豆府,上櫃,觀光餐旅,7,34,0,36,8.78,10.4,6.5,4.05
2937,集雅社,上櫃,居家生活,7,34,0,36,4.78,12.5,7.5,4.12
5904,寶雅*,上櫃,居家生活,7,32,0,36,10.32,13.9,7.7,24.65
2618,長榮航,上市,航運業,7,31,0,36,24.91,18.1,11.6,228.91
6612,奈米醫材,上櫃,生技醫療業,7,31,0,36,45.71,19.8,20.3,1.43
6757,台灣虎航,上市,航運業,7,30,0,36,22.01,22.7,11.3,17.88
7747,昕奇雲端,上櫃,數位雲端,7,30,0,36,18.63,11.6,12.6,1.45
1268,漢來美食,上櫃,觀光餐旅,7,29,0,36,19.99,17.4,18.5,5.93
2610,華航,上市,航運業,7,29,0,36,27.22,18.6,12.4,219.48
4807,日成-KY,上市,貿易百貨,7,27,0,36,105.43,39.0,33.5,3.43
2497,怡利電,上市,汽車工業,7,26,0,36,17.29,19.8,22.2,4.8
2727,王品,上市,觀光餐旅,7,26,0,36,11.31,12.3,7.1,25.24
5863,瑞興銀,—,—,7,26,0,36,6.61,,31.5,
6863,永道-KY,上市,通信網路業,7,26,0,36,78.9,43.2,49.3,4.4
6961,旅天下,上櫃,觀光餐旅,7,26,0,36,8.05,4.6,14.9,4.01
2617,台航,上市,航運業,7,25,0,36,22.29,19.0,12.8,4.51
6179,亞通,上櫃,其他,7,25,0,36,223.27,131.4,106.7,8.09
6428,台灣淘米,—,—,7,25,0,36,724.66,,196.6,
1795,美時,上市,生技醫療業,7,24,0,36,81.67,69.2,72.3,21.07
2302,麗正,上市,半導體業,7,24,0,36,87.72,38.0,29.8,1.35
2707,晶華,上市,觀光餐旅,7,24,0,36,7.57,5.6,8.0,5.95
3218,大學光,上櫃,生技醫療業,7,24,0,36,9.37,6.0,8.3,3.96
3617,碩天,上市,其他電子業,7,24,0,36,13.3,10.2,14.7,12.55
6419,京晨科,上櫃,光電業,7,24,0,36,365.69,214.6,193.0,1.69
2538,基泰,上市,建材營造,7,23,0,36,26.89,11.2,31.4,0.25
1259,安心,上櫃,觀光餐旅,7,22,0,36,7.4,4.2,3.8,5.57
2736,富野,上櫃,觀光餐旅,7,22,0,36,24.93,14.8,16.2,0.44
5262,立達,—,—,7,22,0,36,59.64,,35.4,
6613,朋億*,上櫃,其他電子業,7,22,0,36,186.81,63.6,65.4,16.91
2702,華園,上市,觀光餐旅,7,21,0,36,10.74,8.2,9.4,1.29
3546,宇峻,上櫃,文化創意業,7,21,0,36,93.84,49.9,41.3,2.13
1269,乾杯,—,—,7,20,0,36,6.97,,10.6,
5905,南仁湖,上櫃,觀光餐旅,7,20,0,36,18.03,224.2,223.7,1.52
6748,亞果生醫,—,—,7,20,0,36,537.95,,225.6,
7789,開展,—,—,7,20,0,23,13.14,,11.2,
8442,威宏-KY,上市,其他,7,20,0,36,36.94,12.9,14.7,8.15
4581,光隆精密-KY,上市,汽車工業,7,19,0,36,20.54,8.0,11.6,1.09
6990,華鉬,—,—,7,19,0,36,122.24,,48.0,
8163,達方,上市,電腦及週邊設備業,7,19,0,36,11.18,10.5,9.1,23.19
3041,揚智,上市,半導體業,7,17,0,36,143.33,69.5,88.3,1.73
7782,光速火箭,上櫃,居家生活,7,15,0,23,6.44,4.4,12.1,0.67
8171,天宇,上櫃,綠能環保,7,15,0,36,581.29,128.1,193.8,0.8
1240,茂生農經,上櫃,農業科技,7,14,0,36,9.19,7.8,9.6,2.52
3713,新晶投控,上櫃,綠能環保,7,14,0,36,184.79,97.8,114.9,0.81
8937,合騏*,上櫃,其他,7,14,0,36,1403.09,898.7,630.9,0.78
7873,瑞峰,—,—,7,10,0,11,40.38,,21.7,
1323,永裕,上市,塑膠工業,7,9,0,36,34.07,9.8,13.8,2.14
7847,豊漁,—,—,7,9,0,15,24.23,,13.2,
7883,饗賓,—,—,7,9,0,10,17.82,,16.1,
2753,八方雲集,上市,觀光餐旅,6,35,0,36,9.29,7.9,4.7,8.2
3130,一零四,上市,數位雲端,6,34,0,36,12.45,8.4,6.9,2.59
5493,三聯,上櫃,其他電子業,6,34,0,36,44.53,21.5,10.4,6.51
3029,零壹,上市,資訊服務業,6,33,0,36,44.44,20.1,23.4,34.88
3526,凡甲,上櫃,電子零組件業,6,33,0,36,38.83,28.6,16.9,4.17
1513,中興電,上市,電機機械,6,32,0,36,8.92,4.2,6.3,25.02
2492,華新科,上市,電子零組件業,6,32,0,36,45.54,22.1,15.0,45.69
2949,欣新網,上櫃,數位雲端,6,32,0,36,38.44,26.1,11.5,6.19
4569,六方科-KY,上市,汽車工業,6,32,0,36,3.62,6.9,11.2,1.47
4979,華星光,上櫃,通信網路業,6,32,0,36,37.44,20.3,15.3,5.46
6811,宏碁資訊,上櫃,數位雲端,6,32,0,36,77.11,25.9,25.3,11.7
8432,東生華,上櫃,生技醫療業,6,32,0,36,30.88,15.2,20.1,1.25
2645,長榮航太,上市,航運業,6,31,0,36,25.96,14.9,10.8,18.48
3321,同泰,上市,電子零組件業,6,31,0,36,16.94,15.5,17.7,2.34
3687,歐買尬,上櫃,數位雲端,6,31,0,36,17.14,14.3,8.5,1.66
6841,長佳智能,上櫃,生技醫療業,6,31,0,36,86.01,13.1,34.9,0.4
7556,意德士科技,上櫃,半導體業,6,31,0,36,44.71,15.4,12.1,0.78
2706,第一店,上市,觀光餐旅,6,30,0,36,3.62,1.7,2.4,0.52
3013,晟銘電,上市,電腦及週邊設備業,6,30,0,36,16.38,22.3,20.8,9.4
3033,威健,上市,電子通路業,6,30,0,36,56.83,35.7,26.0,123.73
3357,臺慶科,上櫃,電子零組件業,6,30,0,36,53.06,32.2,19.6,8.15
3653,健策,上市,電子零組件業,6,30,0,36,90.9,42.9,29.5,32.26
3678,聯享,—,—,6,30,0,36,9.9,,19.3,
4114,健喬,上櫃,生技醫療業,6,30,0,36,49.88,25.5,18.8,7.54
6173,信昌電,上櫃,電子零組件業,6,30,0,36,54.26,26.1,17.1,5.52
6857,宏碁智醫,—,—,6,30,0,36,241.73,,74.5,
2478,大毅,上市,電子零組件業,6,29,0,36,43.63,22.8,19.9,6.37
3046,建碁,上市,電腦及週邊設備業,6,29,0,36,41.05,27.1,34.4,8.78
3312,弘憶股,上市,電子通路業,6,29,0,36,35.19,18.4,17.4,22.58
4560,強信-KY,上市,電機機械,6,29,0,36,32.48,16.8,13.8,1.74
5312,寶島科,上櫃,生技醫療業,6,29,0,36,4.84,11.9,6.3,3.79
2356,英業達,上市,電腦及週邊設備業,6,28,0,36,35.82,40.1,28.0,832.68
2379,瑞昱,上市,半導體業,6,28,0,36,28.08,15.0,12.4,124.59
2612,中航,上市,航運業,6,28,0,36,27.16,10.0,9.6,5.13
3045,台灣大,上市,通信網路業,6,28,0,36,8.49,4.7,3.3,167.83
3441,聯一光電,上櫃,光電業,6,28,0,36,0.86,28.2,23.4,0.44
3709,鑫聯大投控,上櫃,電腦及週邊設備業,6,28,0,36,76.05,44.8,43.7,48.82
6028,公勝保經,上櫃,金融業,6,28,0,36,46.18,32.4,24.1,5.22
6214,精誠,上市,資訊服務業,6,28,0,36,61.91,39.6,25.5,59.0
6229,研通,上櫃,半導體業,6,28,0,36,16.85,42.7,32.3,2.57
1590,亞德客-KY,上市,電機機械,6,27,0,36,43.32,34.1,19.2,37.08
1773,勝一,上市,化學工業,6,27,0,36,44.62,24.0,16.3,13.85
2236,百達-KY,上市,汽車工業,6,27,0,35,29.23,29.8,170.7,12.04
2597,潤弘,上市,建材營造,6,27,0,36,40.9,16.7,19.4,33.1
2886,兆豐金,上市,金融保險業,6,27,0,36,15.55,16.6,16.2,77.96
3297,杭特,上櫃,光電業,6,27,0,36,10.48,20.6,27.9,0.25
3710,連展投控,上櫃,電子零組件業,6,27,0,36,24.84,14.5,14.8,6.97
4958,臻鼎-KY,上市,電子零組件業,6,27,0,36,41.05,19.9,17.4,206.66
5347,世界,上櫃,半導體業,6,27,0,36,40.47,18.4,13.4,50.93
6642,富致,上櫃,電子零組件業,6,27,0,36,51.85,25.7,28.7,0.65
6763,綠界科技*,上櫃,數位雲端,6,27,0,36,14.91,13.1,7.8,1.56
6840,東研信超,上櫃,其他電子業,6,27,0,36,10.8,12.6,11.8,0.84
6922,宸曜,上櫃,電腦及週邊設備業,6,27,0,36,58.97,45.9,36.9,2.66
1609,大亞,上市,電器電纜,6,26,0,36,34.83,20.0,13.6,33.89
1615,大山,上市,電器電纜,6,26,0,36,20.25,5.2,26.6,4.66
2101,南港,上市,橡膠工業,6,26,0,36,84.2,156.5,151.7,12.68
2103,台橡,上市,橡膠工業,6,26,0,36,21.78,16.8,20.3,34.47
2401,凌陽,上市,半導體業,6,26,0,36,40.95,24.3,17.2,6.88
2414,精技,上市,電子通路業,6,26,0,36,79.51,47.8,32.4,45.56
2428,興勤,上市,電子零組件業,6,26,0,36,51.21,27.6,20.2,9.43
3591,艾笛森,上市,光電業,6,26,0,36,44.13,14.4,22.1,2.71
3596,智易,上市,通信網路業,6,26,0,36,1.93,2.7,5.2,47.32
4541,晟田,上櫃,其他,6,26,0,36,23.57,32.7,34.6,1.75
4583,台灣精銳,上市,電機機械,6,26,0,36,23.63,16.0,13.3,2.61
4587,寶元數控,—,—,6,26,0,36,23.64,,24.3,
5425,台半,上櫃,半導體業,6,26,0,36,22.43,7.5,10.3,17.14
6175,立敦,上櫃,電子零組件業,6,26,0,36,68.93,24.5,23.2,4.84
6980,鐳洋科技,—,—,6,26,0,36,127.51,,60.8,
8103,瀚荃,上市,電子零組件業,6,26,0,36,51.59,30.6,17.0,4.03
1784,訊聯,上櫃,生技醫療業,6,25,0,36,14.37,10.0,11.4,1.09
2405,輔信,上市,電腦及週邊設備業,6,25,0,36,1.65,8.4,13.6,1.54
2450,神腦,上市,通信網路業,6,25,0,36,27.64,17.0,11.9,31.63
3236,千如,上櫃,電子零組件業,6,25,0,36,19.39,21.1,16.0,2.23
3624,光頡,上櫃,電子零組件業,6,25,0,36,65.76,30.7,18.5,3.67
4439,冠星-KY,上市,紡織纖維,6,25,0,36,19.93,15.2,21.1,8.01
4728,雙美,上櫃,生技醫療業,6,25,0,36,48.81,24.0,21.6,2.23
4766,南寶,上市,化學工業,6,25,0,36,14.16,11.4,10.5,22.21
5254,欣訊科技,—,—,6,25,0,36,46.17,,24.8,
6155,鈞寶,上市,電子零組件業,6,25,0,36,50.04,23.8,18.4,0.75
6174,安碁,上櫃,電子零組件業,6,25,0,36,32.84,26.1,12.2,0.67
6190,萬泰科,上櫃,通信網路業,6,25,0,36,71.82,29.7,22.6,10.62
6515,穎崴,上市,半導體業,6,25,0,36,233.36,97.9,90.3,17.06
6820,連訊,—,—,6,25,0,36,96.85,,48.7,
7516,清淨海,—,—,6,25,0,36,90.23,,39.1,
8074,鉅橡,上櫃,電子零組件業,6,25,0,36,14.75,22.3,12.4,1.36
8403,盛弘,上櫃,生技醫療業,6,25,0,36,8.59,7.3,5.9,3.98
8454,富邦媒,上市,數位雲端,6,25,0,36,7.79,3.4,4.6,91.5
2440,太空梭,上市,電子零組件業,6,24,0,36,45.29,28.6,35.4,3.93
2481,強茂,上市,半導體業,6,24,0,36,29.81,18.1,10.1,13.77
4107,邦特,上櫃,生技醫療業,6,24,0,36,17.35,9.3,8.9,1.93
4566,時碩工業,上市,電機機械,6,24,0,36,53.94,20.5,17.6,5.96
4967,十銓,上市,半導體業,6,24,0,36,275.05,87.0,79.8,35.13
5471,松翰,上市,半導體業,6,24,0,36,20.44,28.8,21.4,2.72
6115,鎰勝,上市,電子零組件業,6,24,0,36,10.76,11.7,14.0,7.33
8416,實威,上櫃,資訊服務業,6,24,0,36,25.98,13.4,15.4,1.77
9945,潤泰新,上市,其他,6,24,0,36,37.99,34.4,25.9,34.63
2061,風青,上櫃,電器電纜,6,23,0,36,42.42,18.7,21.3,1.19
3117,年程,—,—,6,23,0,36,31.51,,23.5,
3266,昇陽,上市,建材營造,6,23,0,36,307.0,83.5,124.0,2.3
3577,泓格,上櫃,電腦及週邊設備業,6,23,0,36,34.05,39.3,39.1,1.22
3592,瑞鼎,上市,半導體業,6,23,0,36,22.84,8.2,13.4,22.13
4123,晟德,上櫃,生技醫療業,6,23,0,36,61.52,22.2,29.2,1.51
4533,協易機,上櫃,電機機械,6,23,0,36,4.93,-2.7,18.2,3.44
4534,慶騰,上櫃,電機機械,6,23,0,36,39.43,33.6,34.7,0.94
4706,大恭,上櫃,化學工業,6,23,0,36,18.35,13.7,14.2,1.03
4931,新盛力,上櫃,電腦及週邊設備業,6,23,0,36,125.86,88.4,61.2,4.95
5228,鈺鎧,上櫃,電子零組件業,6,23,0,36,70.24,55.6,30.9,0.72
5291,邑昇,上櫃,電子零組件業,6,23,0,36,61.41,45.8,29.4,1.45
5609,中菲行,上櫃,航運業,6,23,0,36,39.05,20.9,19.9,34.15
6156,松上,上櫃,電子零組件業,6,23,0,36,55.15,24.9,28.1,5.77
6202,盛群,上市,半導體業,6,23,0,36,43.72,18.9,19.0,3.62
6506,雙邦,上櫃,紡織纖維,6,23,0,36,13.09,12.2,17.5,1.65
6606,建德工業,上市,電機機械,6,23,0,36,54.91,27.4,19.9,0.95
6753,龍德造船,上市,航運業,6,23,0,36,40.14,25.6,20.8,5.1
8098,慶康科技,—,—,6,23,0,36,62.65,,49.7,
8121,越峰,上櫃,電子零組件業,6,23,0,36,25.75,22.6,15.4,3.06
8423,保綠-KY,上櫃,綠能環保,6,23,0,36,16.96,12.7,16.0,0.36
1617,榮星,上市,電器電纜,6,22,0,36,46.89,30.5,23.9,3.74
1727,中華化,上市,化學工業,6,22,0,36,62.67,26.4,25.9,2.57
3003,健和興,上市,電子零組件業,6,22,0,36,59.3,42.1,31.5,5.48
3229,晟鈦,上市,電子零組件業,6,22,0,36,80.4,63.1,29.2,1.41
3388,崇越電,上櫃,電子零組件業,6,22,0,36,0.68,16.9,14.8,6.25
3479,安勤,上櫃,電腦及週邊設備業,6,22,0,36,35.43,17.3,11.4,9.61
4414,如興,上市,紡織纖維,6,22,0,36,15.25,10.6,14.2,15.08
4430,耀億,上櫃,其他,6,22,0,36,31.7,9.9,14.4,2.06
4529,淳紳,上櫃,其他,6,22,0,36,327.27,311.5,265.9,0.02
5016,松和,上櫃,鋼鐵工業,6,22,0,36,4.23,6.3,10.0,1.73
5258,虹堡,上市,電腦及週邊設備業,6,22,0,36,3.21,14.7,14.6,6.24
5355,佳總,上櫃,電子零組件業,6,22,0,36,103.34,36.1,38.8,0.62
6504,南六,上市,其他,6,22,0,36,4.36,1.4,10.6,5.39
6655,科定,上市,其他,6,22,0,36,30.18,27.9,23.5,2.88
6716,應廣,上櫃,半導體業,6,22,0,36,111.75,66.3,68.8,1.74
7710,東擎科技,—,—,6,22,0,35,103.1,,56.6,
9944,新麗,上市,其他,6,22,0,36,9.65,10.3,12.7,1.75
1480,東盟開發,—,—,6,21,0,36,45.94,,26.1,
1504,東元,上市,電機機械,6,21,0,36,16.82,8.2,6.8,54.08
2025,千興,上市,鋼鐵工業,6,21,0,34,102.53,136.2,160.3,2.13
2207,和泰車,上市,汽車工業,6,21,0,36,10.56,13.1,16.2,268.03
2316,楠梓電,上市,電子零組件業,6,21,0,36,61.18,40.6,24.8,4.66
4306,炎洲,上市,塑膠工業,6,21,0,36,6.5,16.4,15.7,12.15
5014,建錩,上櫃,鋼鐵工業,6,21,0,36,29.42,17.8,27.2,15.43
6182,合晶,上櫃,半導體業,6,21,0,36,19.96,11.7,6.8,10.04
6590,普鴻,上櫃,資訊服務業,6,21,0,36,20.88,12.5,13.5,0.63
6659,天明製藥,—,—,6,21,0,36,27.22,,18.7,
6799,來頡,上市,半導體業,6,21,0,36,1.85,3.9,6.5,0.84
6923,中台,上市,綠能環保,6,21,0,36,19.13,17.2,18.9,1.18
6996,力領科技,上櫃,半導體業,6,21,0,36,6.9,25.4,20.6,2.39
8473,山林水,上市,綠能環保,6,21,0,36,4.98,14.3,95.8,3.58
1303,南亞,上市,塑膠工業,6,20,0,36,46.74,23.2,20.0,306.01
1341,富林-KY,上市,塑膠工業,6,20,0,36,4.56,7.2,16.1,1.82
1708,東鹼,上市,化學工業,6,20,0,36,33.17,16.0,17.6,6.81
1907,永豐餘,上市,造紙工業,6,20,0,36,6.02,5.0,10.2,64.52
2024,志聯,上市,鋼鐵工業,6,20,0,36,12.09,4.5,18.3,0.88
2049,上銀,上市,電機機械,6,20,0,36,42.3,23.0,15.3,27.08
3031,佰鴻,上市,光電業,6,20,0,36,27.82,24.1,16.0,1.19
3213,茂訊,上櫃,電腦及週邊設備業,6,20,0,36,6.48,18.0,36.2,3.9
3354,律勝,上櫃,電子零組件業,6,20,0,36,31.9,30.8,30.1,0.09
3390,旭軟,上櫃,電子零組件業,6,20,0,36,9.89,27.8,37.8,0.75
3550,聯穎,上市,電子零組件業,6,20,0,36,33.66,29.5,24.6,3.73
4720,德淵,上市,化學工業,6,20,0,36,25.11,14.3,15.5,3.57
5306,桂盟,上市,運動休閒,6,20,0,36,12.06,11.0,15.8,3.98
5450,南良,上櫃,其他,6,20,0,36,9.9,11.4,18.1,2.09
6227,茂綸,上櫃,電子通路業,6,20,0,36,168.85,51.4,49.9,35.4
6285,啟碁,上市,通信網路業,6,20,0,36,81.21,37.8,35.7,157.04
6493,雷虎生,—,—,6,20,0,36,11.4,,19.3,
6651,全宇昕,上櫃,半導體業,6,20,0,36,62.33,19.5,26.6,1.82
6654,天正國際,上櫃,其他電子業,6,20,0,36,848.76,154.8,224.3,1.0
6679,鈺太,上櫃,半導體業,6,20,0,36,0.31,6.5,8.1,1.61
7712,博盛半導體,上櫃,半導體業,6,20,0,34,55.49,22.4,25.7,1.71
7765,中華資安,上市,數位雲端,6,20,0,26,3.34,17.2,27.3,1.47
8048,德勝,上櫃,通信網路業,6,20,0,36,17.14,35.7,36.9,1.03
8349,恒耀國際,上櫃,鋼鐵工業,6,20,0,36,12.08,6.6,11.3,9.98
1709,和益,上市,化學工業,6,19,0,36,82.66,22.3,36.3,12.08
1735,日勝化,上市,化學工業,6,19,0,36,20.17,9.6,21.2,2.16
2114,鑫永銓,上市,橡膠工業,6,19,0,36,11.18,8.5,10.6,1.5
3026,禾伸堂,上市,電子零組件業,6,19,0,36,33.21,20.4,13.8,14.4
4542,科嶠,上櫃,電子零組件業,6,19,0,36,194.65,54.1,71.7,1.24
4543,萬在,上櫃,電機機械,6,19,0,36,27.32,21.8,22.1,0.7
5464,霖宏,上櫃,電子零組件業,6,19,0,36,19.55,29.8,20.7,0.94
5468,凱鈺,上櫃,半導體業,6,19,0,36,232.88,66.1,110.6,0.25
6570,維田,上櫃,電腦及週邊設備業,6,19,0,36,22.6,27.5,26.7,1.04
6816,捷智商訊,—,—,6,19,0,36,40.29,,42.5,
7726,暄達,—,—,6,19,0,34,43.08,,50.9,
8109,博大,上櫃,電子零組件業,6,19,0,36,56.11,30.7,17.6,2.27
1717,長興,上市,化學工業,6,18,0,36,20.94,11.8,14.3,40.7
2107,厚生,上市,橡膠工業,6,18,0,36,20.5,10.1,45.6,1.23
2388,威盛,上市,半導體業,6,18,0,36,77.39,39.6,56.9,9.23
3467,台灣精材,上櫃,半導體業,6,18,0,36,49.8,26.5,18.7,0.76
6912,益鈞環科*,—,—,6,18,0,36,1364.7,,1172.6,
8921,沈氏,上櫃,其他,6,18,0,36,10.08,7.0,9.4,0.55
1326,台化,上市,塑膠工業,6,17,0,36,31.69,16.0,21.0,305.58
1802,台玻,上市,玻璃陶瓷,6,17,0,36,32.59,16.6,15.3,45.92
1909,榮成,上市,造紙工業,6,17,0,36,23.17,15.1,19.4,45.96
2483,百容,上市,電子零組件業,6,17,0,36,34.58,21.9,17.4,1.88
3485,敘豐,上櫃,電子零組件業,6,17,0,36,29.91,11.3,21.0,0.62
4561,健椿,上櫃,電機機械,6,17,0,36,52.37,23.0,32.8,1.08
4915,致伸,上市,電子零組件業,6,17,0,36,20.37,13.3,14.6,61.27
5288,豐祥-KY,上市,電機機械,6,17,0,36,60.09,35.4,31.8,8.11
5488,松普,上櫃,電子零組件業,6,17,0,36,4.8,34.4,36.8,0.76
6121,新普,上櫃,電腦及週邊設備業,6,17,0,36,4.64,4.8,8.0,67.52
6141,柏承,上市,電子零組件業,6,17,0,36,98.63,32.2,35.5,2.73
6916,華凌,上市,光電業,6,17,0,36,52.96,21.6,23.1,2.43
8071,能率網通,上櫃,電子零組件業,6,17,0,36,28.59,21.1,18.5,2.08
8421,旭源,上櫃,其他,6,17,0,36,25.49,17.0,18.1,1.21
8905,裕國,上櫃,其他,6,17,0,36,11.61,13.9,20.5,2.05
8931,大汽電,上櫃,油電燃氣業,6,17,0,36,38.15,13.8,18.5,3.14
9927,泰銘,上市,其他,6,17,0,36,25.59,23.2,23.7,7.9
9942,茂順,上市,其他,6,17,0,36,13.63,14.5,12.6,3.79
2062,橋椿,上市,居家生活,6,16,0,36,22.2,14.6,16.1,6.16
3023,信邦,上市,電子零組件業,6,16,0,36,32.47,13.9,14.2,32.81
3276,宇環,上櫃,電子零組件業,6,16,0,36,41.27,36.8,40.2,0.57
4747,強生*,上櫃,生技醫療業,6,16,0,36,1.05,5.1,8.2,0.46
5220,萬達光電,上櫃,光電業,6,16,0,36,72.53,39.7,36.6,0.86
5328,華容,上櫃,電子零組件業,6,16,0,36,28.28,25.5,22.8,1.0
6474,華豫寧,上櫃,電子通路業,6,16,0,36,25.12,19.4,28.0,4.15
8040,九暘,上櫃,半導體業,6,16,0,36,54.12,34.8,24.8,0.87
8435,鉅邁,上櫃,其他,6,16,0,36,8.29,11.4,16.1,0.56
2105,正新,上市,橡膠工業,6,15,0,36,4.63,5.8,10.2,83.39
2413,環科,上市,電子零組件業,6,15,0,36,2.19,13.9,18.3,3.3
6245,立端,上櫃,通信網路業,6,15,0,36,38.36,20.7,33.4,8.03
1568,倉佑,上市,汽車工業,6,14,0,36,6.41,4.7,21.5,0.88
2065,世豐,上櫃,鋼鐵工業,6,14,0,36,28.71,10.6,16.8,2.05
3168,眾福科,上市,光電業,6,14,0,36,38.86,17.8,13.6,3.82
3532,台勝科,上市,半導體業,6,14,0,36,29.27,19.1,11.0,13.32
3672,康聯訊,上櫃,通信網路業,6,14,0,36,0.63,-4.5,64.1,0.1
3708,上緯投控,上市,綠能環保,6,14,0,36,534.57,23.2,167.8,1.25
4589,碩陽電機,—,—,6,14,0,36,7.52,,18.7,
5392,能率,上櫃,光電業,6,14,0,36,15.14,6.8,10.9,7.71
6473,美賣*,—,—,6,14,0,36,197.9,,209.2,
6505,台塑化,上市,油電燃氣業,6,14,0,36,50.28,16.7,20.2,819.06
6756,威鋒電子,上市,半導體業,6,14,0,36,96.94,29.5,31.3,1.89
1210,大成,上市,食品工業,6,13,0,36,13.42,9.1,7.4,97.04
2324,仁寶,上市,電腦及週邊設備業,6,13,0,36,14.5,18.3,24.9,673.37
6113,亞矽,上櫃,電子通路業,6,13,0,36,130.4,72.3,62.8,1.09
7828,創新服務,上櫃,半導體業,6,13,0,18,192.13,226.2,12303.8,1.57
9937,全國,上市,油電燃氣業,6,13,0,36,5.03,4.4,10.2,20.13
2332,友訊,上市,通信網路業,6,12,0,36,5.24,8.6,7.5,11.76
3230,錦明,上櫃,光電業,6,12,0,36,50.86,6.2,22.0,0.42
1723,中碳,上市,化學工業,6,11,0,36,46.94,15.2,35.5,6.2
7427,華上生醫,—,—,6,11,0,20,895.58,,629.9,
8044,網家,上櫃,數位雲端,6,11,0,36,11.3,8.7,6.9,30.44
2616,山隆,上市,油電燃氣業,6,10,0,36,11.0,10.6,12.5,7.85
6108,競國,上市,電子零組件業,6,10,0,36,45.69,31.2,26.0,5.99
8024,佑華,上櫃,半導體業,6,10,0,36,64.88,26.5,48.5,0.19
7669,碩正科技,—,—,6,9,0,10,84.98,,72.5,
7863,中科物流,—,—,6,9,0,12,15.54,,5.7,
7875,安圖斯,—,—,6,8,0,10,43.89,,82.2,
7894,瀚軒,—,—,6,8,0,9,8.79,,48.8,
7869,宏于電機,—,—,6,7,0,12,7.04,,17.6,
7909,鈺祥,—,—,6,6,0,6,109.95,,39.8,
7558,群利科技,—,—,5,34,0,36,18.38,,26.4,
6279,胡連,上櫃,電子零組件業,5,33,0,36,29.81,14.6,17.7,9.75
9917,中保科,上市,其他,5,32,0,36,4.4,2.4,2.7,16.36
2761,橘焱胡同,—,—,5,31,0,36,18.65,,14.1,
3060,銘異,上市,電腦及週邊設備業,5,30,0,36,46.38,23.1,23.2,4.23
3227,原相,上櫃,半導體業,5,30,0,36,10.13,6.0,10.2,8.16
5601,台聯櫃,上櫃,航運業,5,30,0,36,3.06,1.7,1.6,0.08
3147,大綜,上櫃,資訊服務業,5,28,0,36,233.47,112.0,230.5,15.35
7855,和運租車,上市,其他,5,28,0,32,1.36,5.3,9.3,25.76
2364,倫飛,上市,電腦及週邊設備業,5,27,0,36,32.6,19.5,26.3,1.8
2724,藝舍-KY,上櫃,其他,5,27,0,36,227.7,57.3,115.1,0.24
3570,大塚,上櫃,資訊服務業,5,27,0,36,73.4,14.8,35.9,2.9
4109,加捷生醫,上櫃,生技醫療業,5,27,0,36,13.93,14.4,13.4,0.44
4442,竣邦-KY,上櫃,紡織纖維,5,27,0,36,131.32,32.3,41.7,2.24
1307,三芳,上市,塑膠工業,5,26,0,36,10.83,6.4,9.3,10.53
3005,神基,上市,電腦及週邊設備業,5,26,0,36,18.38,10.0,9.1,38.61
3680,家登,上櫃,半導體業,5,26,0,36,49.94,31.3,27.9,8.4
4555,氣立,上市,電機機械,5,26,0,36,25.53,16.8,12.3,1.67
6133,金橋,上市,電子零組件業,5,26,0,36,2.15,6.7,15.1,1.21
6168,宏齊,上市,光電業,5,26,0,36,18.51,9.3,5.2,2.21
6906,現觀科,上市,數位雲端,5,26,0,36,1.19,2.5,12.9,0.26
1718,中纖,上市,化學工業,5,25,0,36,4.42,3.3,11.3,41.8
2115,六暉-KY,上市,汽車工業,5,25,0,36,47.41,18.1,20.8,3.19
2855,統一證,上市,金融保險業,5,25,0,36,109.87,217.4,274.6,37.58
4532,瑞智,上市,電機機械,5,25,0,36,21.4,4.7,18.5,14.96
2923,鼎固-KY,上市,建材營造,5,24,0,36,218.98,159.2,307.2,7.73
3311,閎暉,上市,通信網路業,5,24,0,36,104.38,15.6,33.1,4.22
6278,台表科,上市,光電業,5,24,0,36,10.86,5.2,7.9,46.28
6666,羅麗芬-KY,上市,生技醫療業,5,24,0,36,15.88,12.4,14.8,0.81
6884,海柏特,上櫃,資訊服務業,5,24,0,36,101.21,38.7,34.2,1.85
6933,AMAX-KY,上市,電腦及週邊設備業,5,24,0,36,191.25,51.6,70.0,13.57
8096,擎亞,上櫃,電子通路業,5,24,0,36,269.55,80.7,185.8,72.64
1464,得力,上市,紡織纖維,5,23,0,36,1.77,-3.6,10.6,10.02
1524,耿鼎,上市,汽車工業,5,23,0,36,0.89,-6.8,18.3,2.22
2258,鴻華先進-創,上市,汽車工業,5,23,0,36,726.07,14.6,213.3,9.14
2488,漢平,上市,其他電子業,5,23,0,36,50.05,28.7,30.7,3.94
3221,台嘉碩,上櫃,通信網路業,5,23,0,36,28.65,15.0,12.9,2.26
3310,佳穎,上櫃,電子零組件業,5,23,0,36,259.96,18.1,164.5,4.62
3450,聯鈞,上市,半導體業,5,23,0,36,109.75,29.4,51.3,12.48
3597,映興,上櫃,電子零組件業,5,23,0,36,32.36,19.7,19.3,1.05
6670,復盛應用,上市,運動休閒,5,23,0,36,45.01,14.9,17.9,26.76
8182,加高,上櫃,電子零組件業,5,23,0,36,13.68,4.5,7.9,2.63
2607,榮運,上市,航運業,5,22,0,36,49.38,12.8,27.1,20.73
3152,璟德,上櫃,通信網路業,5,22,0,36,39.63,9.3,21.8,1.56
5285,界霖,上市,半導體業,5,22,0,36,19.92,14.3,11.2,5.5
6151,晉倫,上櫃,其他電子業,5,22,0,36,18.58,11.8,15.3,1.56
6204,艾華,上櫃,電子零組件業,5,22,0,36,17.02,7.8,21.5,0.36
6826,和淞,—,—,5,22,0,36,17.07,,33.0,
6892,台寶生醫,—,—,5,22,0,36,93.17,,49.5,
7767,仁大資訊,上櫃,資訊服務業,5,22,0,36,48.29,49.0,71.1,2.86
2636,台驊控股,上市,航運業,5,21,0,36,85.48,17.9,36.2,29.09
4207,環泰,上櫃,食品工業,5,21,0,36,23.63,10.8,12.1,4.89
4558,寶緯,上櫃,電機機械,5,21,0,36,16.54,16.3,36.9,1.81
4754,國碳科,上櫃,化學工業,5,21,0,36,10.75,6.9,28.4,0.57
4972,湯石照明,上櫃,光電業,5,21,0,36,22.61,9.5,27.9,0.78
5309,系統電,上櫃,電子零組件業,5,21,0,36,27.55,9.4,12.5,3.28
5534,長虹,上市,建材營造,5,21,0,36,88.58,67.1,148.4,6.24
6560,欣普羅,上櫃,光電業,5,21,0,36,461.32,64.1,144.0,0.11
6585,鼎基,上市,其他,5,21,0,36,12.09,17.3,34.8,2.81
6641,基士德-KY,上市,綠能環保,5,21,0,36,17.27,12.9,20.2,1.61
8215,明基材,上市,光電業,5,21,0,36,4.87,6.1,11.7,15.98
8440,綠電,上櫃,綠能環保,5,21,0,36,13.86,-1.3,19.7,0.93
2073,雄順,上櫃,鋼鐵工業,5,20,0,36,249.78,80.3,98.5,1.53
2603,長榮,上市,航運業,5,20,0,36,48.63,9.8,29.7,489.86
2615,萬海,上市,航運業,5,20,0,36,65.59,19.2,29.4,192.0
3234,光環,上櫃,通信網路業,5,20,0,36,110.12,26.9,39.8,1.09
3714,富采,上市,光電業,5,20,0,36,14.23,6.2,12.4,21.72
4148,全宇生技-KY,上市,生技醫療業,5,20,0,36,51.94,26.6,19.9,3.68
5426,振發,上櫃,電腦及週邊設備業,5,20,0,36,45.86,20.6,22.9,1.94
6423,億而得,上櫃,半導體業,5,20,0,36,1.28,20.1,62.9,0.1
9918,欣天然,上市,油電燃氣業,5,20,0,36,15.49,-0.5,9.2,1.52
1402,遠東新,上市,紡織纖維,5,19,0,36,15.19,8.4,10.3,228.32
2609,陽明,上市,航運業,5,19,0,36,56.17,11.9,29.8,216.11
3296,勝德,上市,電子零組件業,5,19,0,36,53.38,11.6,22.9,2.01
4163,鐿鈦,上櫃,生技醫療業,5,19,0,36,18.37,13.4,18.9,2.49
4559,久裕興,—,—,5,19,0,36,30.48,,33.0,
6220,岳豐,上櫃,電子零組件業,5,19,0,36,68.01,25.6,36.5,9.86
8027,鈦昇,上櫃,電機機械,5,19,0,36,37.29,47.4,46.0,1.53
2221,大甲,上櫃,其他,5,18,0,36,81.31,29.1,27.0,1.99
2634,漢翔,上市,航運業,5,18,0,36,13.15,9.5,15.3,30.83
2741,老四川,—,—,5,18,0,36,9.05,,14.6,
3085,新零售,上櫃,數位雲端,5,18,0,36,0.78,25.2,38.7,0.08
3169,亞信,上櫃,半導體業,5,18,0,36,9.61,5.4,12.5,0.88
3646,艾恩特,上櫃,電子零組件業,5,18,0,36,50.8,20.0,20.7,0.84
3693,營邦,上櫃,電腦及週邊設備業,5,18,0,36,171.01,25.3,71.6,12.67
4974,亞泰,上櫃,電子零組件業,5,18,0,36,39.54,2.8,24.4,4.29
5013,強新,上櫃,鋼鐵工業,5,18,0,36,23.34,13.4,18.8,7.89
5508,永信建,上櫃,建材營造,5,18,0,36,633.64,60.2,195.4,3.19
6271,同欣電,上市,半導體業,5,18,0,36,23.09,6.8,10.5,11.74
7704,明遠精密,上櫃,半導體業,5,18,0,36,13.81,9.5,16.9,0.63
8213,志超,上市,電子零組件業,5,18,0,36,35.04,17.3,16.1,21.0
1563,巧新,上市,汽車工業,5,17,0,36,2.45,6.3,12.5,5.5
2255,凱銳光電,—,—,5,17,0,36,99.49,,33.5,
3059,華晶科,上市,光電業,5,17,0,36,8.25,7.2,12.0,8.47
5538,東明-KY,上市,鋼鐵工業,5,17,0,36,20.91,13.9,19.7,12.76
6277,宏正,上市,電腦及週邊設備業,5,17,0,36,17.1,15.5,11.5,4.74
6532,瑞耘,上櫃,半導體業,5,17,0,36,74.22,15.0,32.4,0.77
7771,綠基,—,—,5,17,0,25,85.84,,49.9,
4513,福裕,上櫃,電機機械,5,16,0,36,18.77,133.4,221.2,1.08
5452,佶優,上櫃,其他電子業,5,16,0,36,13.9,-2.0,13.9,4.54
6152,百一,上市,通信網路業,5,16,0,36,118.48,55.9,60.3,3.12
2491,吉祥全,上市,光電業,5,15,0,36,10.9,-3.2,15.8,0.15
3094,聯傑,上市,半導體業,5,15,0,36,30.2,17.1,25.1,0.21
4939,亞電,上櫃,電子零組件業,5,15,0,36,45.4,17.3,23.4,1.74
8050,廣積,上櫃,電腦及週邊設備業,5,15,0,36,94.47,17.6,53.0,6.93
9905,大華,上市,其他,5,15,0,36,37.83,27.6,19.5,10.58
9929,秋雨,上市,其他,5,15,0,36,29.17,11.5,14.8,0.67
1308,亞聚,上市,塑膠工業,5,14,0,36,12.79,1.9,18.2,5.19
2030,彰源,上市,鋼鐵工業,5,14,0,36,57.69,20.4,25.3,11.75
3034,聯詠,上市,半導體業,5,14,0,36,26.33,4.1,15.8,103.27
3043,科風,上市,其他電子業,5,14,0,36,74.63,7.5,36.3,0.93
6924,榮惠-KY創,上市,電子零組件業,5,14,0,23,84.98,23.5,29.2,2.43
7821,神數,上市,汽車工業,5,14,0,18,23.24,25.3,21.6,7.58
8049,晶采,上櫃,光電業,5,14,0,36,18.28,2.5,16.8,1.26
3058,立德,上市,電子零組件業,5,13,0,36,24.47,7.4,14.8,2.97
3666,光耀,上櫃,光電業,5,13,0,36,21.0,-3.2,34.2,0.4
6270,倍微,上櫃,電子通路業,5,13,0,36,49.47,18.0,24.6,3.14
7812,稜研科技*-創,—,—,5,13,0,21,144.81,,91.6,
8345,超秦,—,—,5,12,0,16,15.85,,8.0,
1418,東華,上市,紡織纖維,5,11,0,36,123.52,20.0,2162.2,0.0
4178,永笙-KY,上市,生技醫療業,5,11,0,22,9.02,0.3,17.0,0.32
2002,中鋼,上市,鋼鐵工業,5,10,0,36,12.97,3.8,11.1,279.48
7795,長廣,上市,電子零組件業,5,10,0,22,111.49,24.8,48.5,3.6
6604,儒億,—,—,5,9,0,11,23.32,,35.0,
7824,智寶,—,—,5,9,0,12,203.46,,1124.2,
4154,樂威科-KY,上櫃,其他,5,8,0,36,117.02,67.1,92.5,0.05
4919,新唐,上市,半導體業,5,8,0,36,12.09,1.0,5.4,25.26
5907,大洋-KY,上市,貿易百貨,5,8,0,36,3.79,0.7,13.9,2.3
7849,旭誼,—,—,5,8,0,14,148.45,,68.1,
7917,源傑科技,—,—,5,5,0,6,4458.9,,1556.2,
6752,叡揚,上櫃,資訊服務業,4,33,0,36,11.39,5.7,11.3,1.75
3162,精確,上櫃,電機機械,4,32,0,36,101.18,33.4,33.4,11.37
7711,永擎,上市,電腦及週邊設備業,4,32,0,35,1.65,60.6,127.7,21.54
4749,新應材,上櫃,半導體業,4,31,0,36,41.95,21.0,14.6,4.85
6442,光聖,上市,通信網路業,4,31,0,36,152.24,42.6,50.9,16.28
6947,台鎔科技,上市,綠能環保,4,31,0,36,48.04,63.7,54.0,1.64
7717,萊德光電-KY,上櫃,通信網路業,4,31,0,36,86.19,32.7,43.3,1.23
4419,皇家美食,上櫃,觀光餐旅,4,30,0,36,5.04,2.6,9.4,2.34
6104,創惟,上櫃,半導體業,4,30,0,36,3.37,0.8,6.9,3.2
6645,金萬林-創,上市,生技醫療業,4,30,0,36,26.98,24.2,18.6,0.7
2454,聯發科,上市,半導體業,4,29,0,36,44.08,5.8,15.3,641.83
3131,弘塑,上櫃,半導體業,4,29,0,36,43.34,22.9,29.1,6.81
6986,和迅,上櫃,生技醫療業,4,29,0,36,4.83,9.0,27.3,0.21
1472,三洋實業,上市,建材營造,4,28,0,36,7.95,7.5,27.0,3.58
6782,視陽,上市,生技醫療業,4,28,0,36,64.05,27.0,22.8,4.9
2340,台亞,上市,半導體業,4,27,0,36,21.87,4.8,10.6,4.74
2493,揚博,上市,電子零組件業,4,27,0,36,29.35,14.1,14.1,4.02
7714,創泓科技,上櫃,數位雲端,4,27,0,36,15.11,26.4,36.8,2.04
1271,晨暉生技,—,—,4,26,0,36,365.21,,164.5,
2438,翔耀,上市,光電業,4,26,0,36,126.96,67.5,93.3,0.67
3484,崧騰,上櫃,電子零組件業,4,26,0,36,2.72,-1.7,9.0,3.89
2375,凱美,上市,電子零組件業,4,25,0,36,37.59,15.9,13.4,6.54
6127,九豪,上櫃,電子零組件業,4,25,0,36,29.68,5.5,17.1,1.07
6849,奇鼎科技,—,—,4,25,0,36,466.23,,134.2,
8908,欣雄,上櫃,油電燃氣業,4,25,0,36,24.43,1.7,15.2,10.24
9931,欣高,上市,油電燃氣業,4,25,0,36,17.86,9.4,13.1,1.39
2535,達欣工,上市,建材營造,4,24,0,36,44.16,24.7,51.2,25.64
5403,中菲,上櫃,資訊服務業,4,24,0,36,25.3,2.8,16.3,2.88
6212,理銘,上櫃,建材營造,4,24,0,36,331.54,-43.1,17300.9,0.8
6730,常廣,上櫃,生技醫療業,4,24,0,36,3.63,2.5,12.0,0.44
7728,光焱科技,上櫃,其他電子業,4,24,0,34,137.32,36.8,46.9,0.31
2211,長榮鋼,上市,鋼鐵工業,4,23,0,36,11.84,7.2,25.1,14.1
2313,華通,上市,電子零組件業,4,23,0,36,6.86,12.7,11.2,70.12
3492,長盛,上櫃,電子零組件業,4,23,0,36,17.9,2.5,19.7,0.71
4556,旭然,上櫃,其他,4,23,0,36,18.72,16.8,20.8,0.64
4961,天鈺,上市,半導體業,4,23,0,36,50.15,10.6,23.3,21.1
5248,景傳,—,—,4,23,0,36,24.36,,156.7,
6789,采鈺,上市,半導體業,4,23,0,36,17.99,12.2,14.6,9.19
1319,東陽,上市,汽車工業,4,22,0,36,7.39,-8.3,15.3,19.46
1537,廣隆,上市,電機機械,4,22,0,36,10.98,2.7,15.3,6.06
2605,新興,上市,航運業,4,22,0,36,58.75,38.7,23.7,5.08
5230,雷笛克光學,上櫃,光電業,4,22,0,36,20.42,8.4,18.5,1.34
6023,元大期貨,上櫃,金融業,4,22,0,36,22.65,42.4,34.8,3.44
6225,天瀚,上市,光電業,4,22,0,36,139.2,43.0,241.0,0.03
6451,訊芯-KY,上市,半導體業,4,22,0,36,49.8,1.8,28.7,6.92
7607,通用幹細胞*,—,—,4,22,0,36,9.02,,80.0,
8289,泰藝,上櫃,電子零組件業,4,22,0,36,67.14,18.2,24.0,2.14
8464,億豐,上市,居家生活,4,22,0,36,17.76,5.5,8.8,28.16
8481,政伸,上市,其他,4,22,0,36,5.55,3.1,13.5,1.12
1475,業旺,上市,紡織纖維,4,21,0,36,24.28,0.6,20.8,1.3
2393,億光,上市,光電業,4,21,0,36,14.1,6.3,9.9,18.63
3228,金麗科,上櫃,半導體業,4,21,0,36,10.79,12.6,20.5,0.29
4523,永彰,上櫃,電機機械,4,21,0,36,242.54,91.9,115.7,1.35
4588,玖鼎電力,上市,其他電子業,4,21,0,36,28.73,31.5,247.7,1.05
6589,台康生技,上市,生技醫療業,4,21,0,36,125.9,78.0,57.6,1.64
6792,詠業,上市,通信網路業,4,21,0,36,15.39,7.4,5.9,1.31
7716,昱臺國際,上櫃,航運業,4,21,0,35,34.02,4.2,17.8,2.24
1586,和勤,上櫃,電機機械,4,20,0,36,12.52,8.3,13.5,2.1
2390,云辰,上市,其他電子業,4,20,0,36,16.83,-3.7,17.9,0.58
2547,日勝生,上市,建材營造,4,20,0,36,81.22,63.4,59.6,10.67
3056,富華新,上市,建材營造,4,20,0,36,50.18,-81.6,61.2,0.92
3360,尚立,上櫃,電子通路業,4,20,0,36,41.89,61.7,51.7,8.54
3543,州巧,上市,光電業,4,20,0,36,19.99,1.1,10.8,2.75
5487,通泰,上櫃,半導體業,4,20,0,36,28.84,0.1,18.7,0.14
6762,達亞,上櫃,生技醫療業,4,20,0,36,35.47,5.2,20.7,0.81
7584,樂意,上櫃,文化創意業,4,20,0,36,29.47,-1.0,27.4,1.06
1215,卜蜂,上市,食品工業,4,19,0,36,1.3,4.7,5.5,23.64
1517,利奇,上市,電機機械,4,19,0,36,8.71,-0.3,22.9,1.58
2031,新光鋼,上市,鋼鐵工業,4,19,0,36,18.58,3.9,22.6,14.48
2426,鼎元,上市,光電業,4,19,0,36,38.57,6.3,18.3,2.53
3306,鼎天,上櫃,通信網路業,4,19,0,36,45.5,13.2,28.6,1.3
3537,堡達,上櫃,電子零組件業,4,19,0,36,6.6,6.9,13.3,2.44
3633,云光,—,—,4,19,0,36,24.93,,21.9,
4113,聯上,上櫃,建材營造,4,19,0,36,2252.29,154.7,302973.1,6.89
4117,普生,—,—,4,19,0,36,74.7,,125.1,
4806,桂田文創,上櫃,文化創意業,4,19,0,28,179.11,173.8,235.1,0.1
4995,晶達,上櫃,光電業,4,19,0,36,47.13,19.3,22.3,1.24
5244,弘凱,上市,光電業,4,19,0,36,29.76,5.2,14.9,0.93
6472,保瑞,上市,生技醫療業,4,19,0,36,59.21,6.1,28.7,21.85
8916,光隆,上櫃,其他,4,19,0,36,42.44,-1.6,27.6,8.43
1711,永光,上市,化學工業,4,18,0,36,33.15,11.6,17.6,7.47
2006,東和鋼鐵,上市,鋼鐵工業,4,18,0,36,15.12,2.4,12.7,52.34
2355,敬鵬,上市,電子零組件業,4,18,0,36,13.43,7.1,8.5,14.69
2596,綠意,上櫃,建材營造,4,18,0,36,1287.87,51.5,402.5,4.46
3268,海德威,上櫃,半導體業,4,18,0,36,9.18,6.0,16.8,0.83
3338,泰碩,上市,電子零組件業,4,18,0,36,61.99,10.7,25.5,4.62
3511,矽瑪,上櫃,電子零組件業,4,18,0,36,39.75,15.0,25.7,1.63
4102,永日,上櫃,生技醫療業,4,18,0,36,7.47,8.7,24.4,0.35
5356,協益,上櫃,電腦及週邊設備業,4,18,0,36,33.85,16.0,28.0,3.89
6189,豐藝,上市,電子通路業,4,18,0,36,11.83,0.2,10.7,24.85
7792,安葆,上櫃,其他電子業,4,18,0,23,67.71,21.5,46.5,6.79
8119,公信,—,—,4,18,0,36,135.55,,58.0,
8422,可寧衛*,上市,綠能環保,4,18,0,36,105.84,35.9,68.1,7.01
1336,台翰,上櫃,電子零組件業,4,17,0,36,46.14,12.5,26.4,3.15
1817,凱撒衛,上市,玻璃陶瓷,4,17,0,36,10.08,2.8,13.0,2.47
1906,寶隆,上市,造紙工業,4,17,0,36,9.18,8.7,39.3,3.13
3224,三顧,上櫃,電子通路業,4,17,0,36,49.59,19.1,25.1,1.81
3556,禾瑞亞,上櫃,半導體業,4,17,0,36,36.26,30.7,37.7,0.92
6233,旺玖,上櫃,半導體業,4,17,0,36,27.57,6.0,16.6,0.37
6416,瑞祺電通,上市,通信網路業,4,17,0,36,109.34,25.9,38.5,5.48
7768,頌勝科技,上市,半導體業,4,17,0,25,6.36,9.2,13.3,1.87
8097,常珵,上櫃,通信網路業,4,17,0,36,189.11,-12.9,134.2,0.11
1605,華新,上市,電器電纜,4,16,0,36,14.97,2.5,16.2,144.29
2323,中環,上市,光電業,4,16,0,36,20.09,14.8,13.4,7.1
3557,嘉威,上市,居家生活,4,16,0,36,17.89,-8.9,35.3,2.61
3625,西勝,上櫃,電腦及週邊設備業,4,16,0,36,39.61,8.8,21.0,0.51
4572,駐龍,上市,電機機械,4,16,0,36,48.85,12.7,23.3,0.84
5483,中美晶,上櫃,半導體業,4,16,0,36,11.67,6.1,10.7,67.17
6418,詠昇,上櫃,電子零組件業,4,16,0,36,49.78,22.6,24.4,0.93
6578,達邦蛋白,上櫃,農業科技,4,16,0,36,97.35,29.5,39.7,0.34
3535,晶彩科,上市,光電業,4,15,0,36,38.91,373.9,2726.2,0.28
4536,拓凱,上市,運動休閒,4,15,0,36,7.73,2.9,19.3,8.68
4938,和碩,上市,電腦及週邊設備業,4,15,0,36,34.11,1.5,14.1,883.05
5516,雙喜,上櫃,建材營造,4,15,0,36,42.46,41.2,48.6,2.85
5608,四維航,上市,航運業,4,15,0,36,39.14,13.9,19.1,3.71
6130,上亞科技,上櫃,生技醫療業,4,15,0,36,1.38,20.8,51.7,0.13
6195,詩肯,上櫃,居家生活,4,15,0,36,3.61,14.4,24.2,1.91
1598,岱宇,上市,運動休閒,4,14,0,36,23.84,-3.3,21.0,4.92
3632,研勤,上櫃,通信網路業,4,14,0,36,1.61,17.4,32.3,0.21
1595,川寶,上櫃,半導體業,4,13,0,36,35.61,27.8,141.4,0.87
4590,富田-創,上市,電機機械,4,13,0,36,62.92,-3.8,32.2,1.36
4927,泰鼎-KY,上市,電子零組件業,4,13,0,36,35.51,2.7,15.4,13.79
5009,榮剛,上櫃,鋼鐵工業,4,13,0,36,38.89,5.8,14.6,10.77
5603,陸海,上櫃,航運業,4,13,0,36,10.68,2.7,12.2,1.18
7776,奧孟亞,—,—,4,13,0,23,3.38,,2771.2,
2028,威致,上市,鋼鐵工業,4,12,0,36,19.33,6.0,24.4,6.4
3022,威強電,上市,電腦及週邊設備業,4,12,0,36,84.97,32.4,44.8,7.99
8093,保銳,上櫃,電子零組件業,4,12,0,36,109.56,48.8,160.5,0.23
2459,敦吉,上市,其他電子業,4,11,0,36,15.36,11.7,11.1,4.52
3051,力特,上市,光電業,4,11,0,36,14.15,5.9,22.3,1.61
3178,公準,上櫃,半導體業,4,11,0,36,7.48,6.3,22.4,1.1
4570,傑生,—,—,4,11,0,34,71.83,,27.0,
5460,同協,上櫃,電子零組件業,4,11,0,36,72.53,19.4,27.6,0.32
1536,和大,上市,汽車工業,4,10,0,36,13.73,2.6,14.1,4.6
2433,互盛電,上市,其他電子業,4,10,0,36,2.02,1.6,2.3,2.29
4526,東台,上市,電機機械,4,10,0,36,17.95,3.4,32.6,4.24
6965,中傑-KY,上市,運動休閒,4,10,0,23,2.41,-5.2,15.8,18.88
7854,佐茂,—,—,4,8,0,14,47.16,,20.0,
7881,科明,—,—,4,8,0,10,15.45,,17.1,
7886,科建,—,—,4,8,0,9,74.26,,29.5,
7896,喬越,—,—,4,8,0,9,56.43,,21.9,
6153,嘉聯益,上市,電子零組件業,4,7,0,36,15.95,5.3,18.7,5.68
9921,巨大,上市,運動休閒,4,7,0,36,3.21,-6.1,15.0,51.86
7754,安基生技,—,—,4,5,0,27,82.53,,87.2,
4905,台聯電,上櫃,生技醫療業,3,33,0,36,68.23,37.7,22.4,0.92
6831,邁科,上市,電腦及週邊設備業,3,33,0,36,29.1,22.3,37.0,5.12
3515,華擎,上市,電腦及週邊設備業,3,32,0,36,3.32,16.9,57.3,38.19
4166,友霖,上櫃,生技醫療業,3,32,0,36,14.85,17.9,24.3,1.16
6728,上洋,上櫃,居家生活,3,31,0,36,37.29,9.4,21.5,4.52
3444,利機,上櫃,電子通路業,3,30,0,36,27.28,11.3,12.2,1.31
3663,鑫科,上櫃,其他電子業,3,30,0,36,2.89,37.5,53.2,4.97
2739,寒舍,上市,觀光餐旅,3,29,0,36,9.31,4.5,8.8,4.14
3494,誠研,上市,電腦及週邊設備業,3,28,0,36,13.8,8.3,16.2,1.02
4175,杏一,上櫃,生技醫療業,3,28,0,36,3.69,1.5,4.1,6.93
8255,朋程,上櫃,電機機械,3,28,0,36,4.6,-3.1,9.0,6.43
1231,聯華食,上市,食品工業,3,27,0,36,6.88,4.1,10.1,12.49
2442,新美齊,上市,建材營造,3,27,0,36,19.87,386.3,2698.9,0.25
2906,高林,上市,貿易百貨,3,27,0,36,7.88,2.5,9.1,7.52
4416,三圓,上櫃,建材營造,3,27,0,36,3633.03,547.9,2452.8,3.47
6561,是方,上櫃,通信網路業,3,27,0,36,16.37,1.9,13.1,3.6
6640,均華,上櫃,半導體業,3,27,0,36,18.68,60.5,101.5,4.68
8147,正淩,上櫃,電子零組件業,3,27,0,36,95.98,29.0,29.6,2.3
4104,佳醫,上市,生技醫療業,3,26,0,36,32.24,13.5,10.5,9.44
6136,富爾特,上市,通信網路業,3,26,0,36,31.71,18.2,29.8,0.66
8081,致新,上市,半導體業,3,26,0,36,10.56,1.6,6.9,8.05
1720,生達,上市,生技醫療業,3,25,0,36,7.78,3.0,9.2,6.24
2424,隴華,上市,通信網路業,3,25,0,36,11.85,-10.7,70.5,0.08
2509,全坤建,上市,建材營造,3,25,0,36,510.32,665.4,1439.2,1.26
5223,安力-KY,上櫃,電腦及週邊設備業,3,25,0,36,6.53,1.5,13.4,1.82
6118,建達,上櫃,電子通路業,3,25,0,36,29.63,7.3,19.8,10.94
6796,晉弘,上市,生技醫療業,3,25,0,36,24.58,18.5,29.6,0.61
7562,博來科技,—,—,3,25,0,36,19.6,,12.6,
7703,銳澤,上櫃,其他電子業,3,25,0,36,83.25,27.9,28.5,3.69
1603,華電,上市,電器電纜,3,24,0,36,20.5,1.2,20.3,4.39
1702,南僑,上市,食品工業,3,24,0,36,1.17,0.6,5.4,19.72
2070,精湛,上櫃,電機機械,3,24,0,36,15.81,24.9,31.5,0.74
3149,正達,上市,光電業,3,24,0,36,19.27,13.1,26.7,1.94
4105,東洋,上櫃,生技醫療業,3,24,0,36,14.86,8.3,15.2,5.26
6689,伊雲谷,上市,數位雲端,3,24,0,36,20.27,3.7,16.0,11.87
1558,伸興,上市,電機機械,3,23,0,36,18.62,5.6,15.1,8.9
2348,海悅,上市,其他,3,23,0,36,540.55,80.6,308.3,14.25
3679,新至陞,上市,電子零組件業,3,23,0,36,28.17,-2.8,17.4,4.41
4557,永新-KY,上市,汽車工業,3,23,0,36,4.21,-16.2,13.7,3.3
5703,亞都麗緻,上櫃,觀光餐旅,3,23,0,36,28.09,16.1,19.2,0.39
6024,群益期,上市,金融保險業,3,23,0,36,7.8,-12.9,105.9,2.2
6486,互動,上櫃,通信網路業,3,23,0,36,825.81,130.9,225.2,14.92
6568,宏觀,上櫃,半導體業,3,23,0,36,24.35,20.3,20.2,1.15
6605,帝寶,上市,汽車工業,3,23,0,36,28.25,3.1,12.3,17.82
6708,天擎,上櫃,半導體業,3,23,0,36,37.73,-0.9,20.0,0.31
6807,峰源-KY,上市,居家生活,3,23,0,36,8.78,-12.7,21.8,3.41
6855,數泓科,上櫃,其他電子業,3,23,0,36,64.65,2.8,31.6,0.63
1233,天仁,上市,食品工業,3,22,0,36,8.47,5.2,10.1,1.94
1260,富味鄉,—,—,3,22,0,36,1.13,,12.1,
2704,國賓,上市,觀光餐旅,3,22,0,36,4.46,4.6,15.0,1.09
3064,泰偉,上櫃,文化創意業,3,22,0,36,6.51,-3.1,23.2,0.07
4722,國精化,上市,化學工業,3,22,0,36,24.14,8.3,17.9,4.1
6662,樂斯科,上櫃,生技醫療業,3,22,0,36,32.83,2.1,22.8,0.27
6768,志強-KY,上市,運動休閒,3,22,0,36,6.86,-2.4,11.9,11.99
6953,家碩,上櫃,半導體業,3,22,0,36,36.65,15.9,32.8,1.54
1201,味全,上市,食品工業,3,21,0,36,1.3,-0.8,7.0,20.01
3499,環天科,上櫃,通信網路業,3,21,0,36,3.71,-14.0,23.7,0.22
4119,旭富,上市,生技醫療業,3,21,0,36,187.52,14.2,73.5,1.49
4126,太醫,上櫃,生技醫療業,3,21,0,36,0.37,1.0,14.5,2.23
4171,瑞基,上櫃,農業科技,3,21,0,36,6.19,8.6,30.2,0.18
4976,佳凌,上市,光電業,3,21,0,36,13.26,2.8,7.9,1.0
5283,禾聯碩,上市,電器電纜,3,21,0,36,7.98,0.6,5.7,5.45
5902,德記,上櫃,居家生活,3,21,0,36,20.91,-3.6,11.9,2.2
6218,豪勉,上櫃,通信網路業,3,21,0,36,52.85,17.2,38.1,1.41
6431,光麗-KY,上市,生技醫療業,3,21,0,36,185.89,13.4,63.3,0.42
6761,穩得,上櫃,電子零組件業,3,21,0,36,20.71,-2.0,15.3,1.85
6992,萬勝發科技,—,—,3,21,0,36,14.01,,26.9,
8487,愛爾達-創,上市,數位雲端,3,21,0,36,4.9,71.0,85.7,0.93
9802,鈺齊-KY,上市,運動休閒,3,21,0,36,35.3,8.3,14.5,16.94
1599,宏佳騰,上櫃,電機機械,3,20,0,36,98.49,27.3,45.3,2.92
2008,高興昌,上市,鋼鐵工業,3,20,0,36,0.37,-12.9,22.9,1.49
2354,鴻準,上市,其他電子業,3,20,0,36,58.41,-1.7,61.1,218.67
2420,新巨,上市,電子零組件業,3,20,0,36,33.83,7.2,12.2,2.07
2901,欣欣,上市,貿易百貨,3,20,0,36,4.69,3.7,6.3,0.12
3332,幸康,上櫃,電子零組件業,3,20,0,36,54.71,19.1,19.1,1.99
3661,世芯-KY,上市,半導體業,3,20,0,36,273.61,13.6,107.4,87.76
4155,訊映,上市,生技醫療業,3,20,0,36,49.34,8.2,24.2,1.97
6158,禾昌,上櫃,電子零組件業,3,20,0,36,13.68,1.3,10.2,1.73
6191,精成科,上市,電子零組件業,3,20,0,36,20.44,27.0,36.5,38.01
6509,聚和,上櫃,化學工業,3,20,0,36,20.01,7.3,11.4,4.32
6564,安特羅,—,—,3,20,0,36,8.16,,100.5,
6658,聯策,上市,其他電子業,3,20,0,36,104.05,24.1,46.5,2.08
6743,安普新,上市,其他電子業,3,20,0,36,12.67,10.2,20.7,7.18
6868,采威國際,—,—,3,20,0,36,18.13,,36.4,
8279,生展,上櫃,生技醫療業,3,20,0,36,0.56,-5.0,13.0,1.79
8923,時報,上櫃,文化創意業,3,20,0,36,27.11,3.0,24.0,0.31
8938,明安,上櫃,運動休閒,3,20,0,36,17.8,-3.0,13.2,10.16
9908,大台北,上市,油電燃氣業,3,20,0,36,4.84,1.0,4.5,2.68
1604,聲寶,上市,電器電纜,3,19,0,36,3.4,0.1,8.1,7.07
4121,優盛,上櫃,生技醫療業,3,19,0,36,4.03,-0.2,5.0,3.32
4169,泰宗,上市,生技醫療業,3,19,0,36,21.79,7.0,20.0,0.62
4417,金洲,上櫃,紡織纖維,3,19,0,36,58.25,4.5,26.7,3.93
4746,台耀,上市,生技醫療業,3,19,0,36,25.69,-3.4,13.5,4.61
5276,達輝-KY,上櫃,其他,3,19,0,36,7.22,13.5,24.7,0.84
5543,桓鼎-KY,上櫃,建材營造,3,19,0,36,7.2,4.5,10.0,2.27
6192,巨路,上市,其他電子業,3,19,0,36,12.99,12.6,27.5,6.39
6224,聚鼎,上市,電子零組件業,3,19,0,36,36.5,9.4,21.5,3.19
6927,聯合聚晶,—,—,3,19,0,36,153.41,,78.5,
8114,振樺電,上市,電腦及週邊設備業,3,19,0,36,38.75,-14.2,30.7,15.42
8941,關中,上櫃,居家生活,3,19,0,36,2.0,5.2,16.8,2.56
8999,台灣積層,—,—,3,19,0,29,3.9,,9.6,
1460,宏遠,上市,紡織纖維,3,18,0,36,13.44,-11.4,14.5,7.19
2106,建大,上市,橡膠工業,3,18,0,36,8.07,5.9,9.5,29.01
2342,茂矽,上市,半導體業,3,18,0,36,3.95,-3.1,10.0,1.81
2527,宏璟,上市,建材營造,3,18,0,36,4.17,1088.1,1076.4,1.22
3607,谷崧,上市,電子零組件業,3,18,0,36,24.03,2.2,17.6,2.93
4153,鈺緯,上櫃,生技醫療業,3,18,0,36,11.81,9.3,17.3,0.8
4563,百德,上櫃,電機機械,3,18,0,36,29.21,-9.2,25.0,2.6
4732,彥臣,—,—,3,18,0,36,25.27,,21.9,
4755,三福化,上市,化學工業,3,18,0,36,10.87,1.6,20.3,4.45
5432,新門,上櫃,綠能環保,3,18,0,36,3.65,4.3,50.2,0.19
6128,上福,上市,電腦及週邊設備業,3,18,0,36,4.95,-2.0,5.3,3.65
6266,泰詠,上櫃,電子零組件業,3,18,0,36,10.52,-2.2,10.6,3.32
6595,光禹國際,—,—,3,18,0,36,31.69,,50.6,
6677,瑩碩生技,—,—,3,18,0,36,46.35,,19.5,
7718,友鋮,上櫃,電機機械,3,18,0,35,6.93,5.3,14.0,2.14
8429,金麗-KY,上市,貿易百貨,3,18,0,36,7.37,-4.9,17.0,0.12
1101,台泥,上市,水泥工業,3,17,0,36,10.64,2.7,13.2,135.16
1220,台榮,上市,食品工業,3,17,0,36,28.83,1.6,17.6,3.61
1442,名軒,上市,建材營造,3,17,0,36,64.56,-46.1,53.4,2.66
1451,年興,上市,紡織纖維,3,17,0,36,36.79,8.8,14.6,6.54
1531,高林股,上市,電機機械,3,17,0,36,8.29,-0.6,18.3,1.26
2312,金寶,上市,其他電子業,3,17,0,36,22.38,3.5,20.3,134.52
3508,位速,上櫃,其他電子業,3,17,0,36,67.18,7.7,30.9,0.98
5243,乙盛-KY,上市,光電業,3,17,0,36,54.12,10.3,26.7,13.73
7763,崇舜,—,—,3,17,0,27,25.59,,39.9,
7781,昕力資*,—,—,3,17,0,23,33.0,,31.4,
1626,艾美特-KY,上市,電器電纜,3,16,0,36,22.03,-1.1,25.1,3.76
1776,展宇,上市,化學工業,3,16,0,36,0.26,1.9,17.1,0.76
4106,雃博,上市,生技醫療業,3,16,0,36,14.04,8.1,9.8,2.31
4510,高鋒,上櫃,電機機械,3,16,0,36,39.02,29.6,23.0,1.91
6122,擎邦,上櫃,電機機械,3,16,0,36,13.59,-0.2,18.5,3.9
6517,保勝光學,上櫃,光電業,3,16,0,36,70.09,0.2,44.3,0.47
6539,麗彤,—,—,3,16,0,36,13.04,,22.5,
8047,星雲,上櫃,其他電子業,3,16,0,36,231.85,50.7,92.5,0.85
9105,泰金寶-DR,上市,存託憑證,3,16,0,36,42.16,10.6,27.2,118.05
2321,東訊,上市,通信網路業,3,15,0,36,1.71,1.6,14.7,0.6
3191,雲嘉南,上櫃,電子零組件業,3,15,0,36,17.85,7.5,20.7,0.2
3356,奇偶,上市,光電業,3,15,0,36,20.63,14.8,16.6,0.88
3541,西柏,上櫃,其他電子業,3,15,0,36,20.25,-1.6,15.9,1.09
4765,磐采,—,—,3,15,0,36,7.29,,19.0,
6205,詮欣,上市,電子零組件業,3,15,0,36,24.99,-3.7,19.8,1.2
6609,瀧澤科,上櫃,電機機械,3,15,0,36,92.46,7.8,44.4,2.37
8234,新漢,上櫃,電腦及週邊設備業,3,15,0,36,47.95,5.3,33.9,6.12
1236,宏亞,上市,食品工業,3,14,0,36,1.59,6.1,23.4,1.66
1528,恩德,上市,電機機械,3,14,0,36,70.83,19.7,29.7,3.83
2034,允強,上市,鋼鐵工業,3,14,0,36,26.75,-0.0,26.6,12.71
3035,智原,上市,半導體業,3,14,0,36,29.88,-41.1,37.5,11.84
3093,港建*,上櫃,其他電子業,3,14,0,36,48.11,-22.2,55.9,1.22
3232,昱捷,上櫃,電子通路業,3,14,0,36,49.79,11.4,35.7,0.98
3673,TPK-KY,上市,光電業,3,14,0,36,16.13,15.3,17.5,63.64
4977,眾達-KY,上市,通信網路業,3,14,0,36,106.21,13.7,57.2,2.08
6538,倉和,上櫃,電子零組件業,3,14,0,36,55.67,0.1,35.2,1.68
6577,勁豐,上櫃,電腦及週邊設備業,3,14,0,36,2.78,3.4,13.5,1.71
7719,碳基,—,—,3,14,0,32,1803.82,,669.1,
2208,台船,上市,航運業,3,13,0,36,55.64,-19.8,54.0,21.03
3040,遠見,上市,其他,3,13,0,36,3.31,3.5,9.7,0.1
3211,順達,上櫃,電腦及週邊設備業,3,13,0,36,17.34,20.9,22.9,16.77
3558,神準,上櫃,通信網路業,3,13,0,36,36.8,-8.3,18.1,15.99
6226,光鼎,上市,光電業,3,13,0,36,13.05,7.1,16.3,0.53
7814,海昌生技,上櫃,生技醫療業,3,13,0,21,12.68,45.9,67.3,0.07
7837,啟新生,—,—,3,13,0,16,6.91,,28.1,
3567,逸昌,上櫃,半導體業,3,12,0,36,7.44,4.2,11.4,0.28
6885,全福生技,上市,生技醫療業,3,12,0,15,157.1,248.3,1258.4,0.01
7772,耀穎,上櫃,半導體業,3,12,0,25,54.2,-6.1,26.5,0.39
7785,北祥科服,—,—,3,12,0,24,18.45,,75.6,
6573,虹揚-KY,上市,半導體業,3,11,0,36,16.94,-10.2,16.1,0.64
6618,永虹先進,—,—,3,11,0,29,7.52,,17907.2,
5529,鉅陞,上櫃,建材營造,3,10,0,36,3702.28,1148.9,3403.3,1.4
3701,大眾控,上市,電腦及週邊設備業,3,9,0,36,6.45,-17.6,19.7,8.2
4172,因華,—,—,3,9,0,20,51.49,,1543.1,
7868,聖育,—,—,3,9,0,11,226.21,,158.5,
2929,淘帝-KY,上市,貿易百貨,3,8,0,36,50.32,11.3,34.1,2.25
4426,利勤,上市,紡織纖維,3,8,0,36,17.51,6.5,17.4,0.94
7796,擷發科,—,—,3,8,0,22,58.88,,205.4,
9962,有益,上櫃,鋼鐵工業,3,8,0,36,34.06,-8.9,38.6,1.62
8437,大地-KY,上櫃,其他,3,7,0,36,40.64,-4.5,29.4,0.16
7907,錸恩帕斯,—,—,3,6,0,8,73.49,,33.2,
8932,智通*,上櫃,數位雲端,2,35,0,36,12.75,12.0,12.7,2.06
3583,辛耘,上市,半導體業,2,34,0,36,18.05,8.1,7.7,10.68
6469,大樹,上櫃,生技醫療業,2,33,0,36,7.22,2.5,4.0,17.02
6290,良維,上櫃,電子零組件業,2,32,0,36,18.18,9.3,11.2,9.75
2731,雄獅,上市,觀光餐旅,2,30,0,36,6.98,9.9,12.9,25.5
4173,久裕,上櫃,生技醫療業,2,30,0,36,13.71,4.0,20.5,1.44
6462,神盾,上櫃,半導體業,2,30,0,36,11.09,61.6,66.3,5.32
6499,益安,上櫃,生技醫療業,2,30,0,36,29.51,13.0,27.7,0.38
2353,宏碁,上市,電腦及週邊設備業,2,29,0,36,38.41,25.1,19.1,301.8
5880,合庫金,上市,金融保險業,2,29,0,36,23.6,18.3,17.4,62.79
8162,微矽電子-創,上市,半導體業,2,28,0,36,5.25,-1.1,8.0,1.26
2365,昆盈,上市,電腦及週邊設備業,2,27,0,36,35.94,11.0,14.9,1.11
4303,信立,上櫃,塑膠工業,2,27,0,36,52.26,11.3,34.2,1.49
4441,振大環球,上市,紡織纖維,2,27,0,36,20.55,14.8,25.3,8.02
6911,群運,—,—,2,27,0,36,9.39,,10.2,
3611,鼎翰,上櫃,電腦及週邊設備業,2,26,0,36,26.65,5.3,16.4,10.85
3652,精聯,上市,電腦及週邊設備業,2,26,0,36,29.97,17.9,16.4,2.55
4205,中華食,上櫃,食品工業,2,26,0,36,1.18,2.4,6.1,1.77
4530,天意能創,上櫃,觀光餐旅,2,26,0,36,16.08,9.5,144.1,0.32
4971,IET-KY,上櫃,半導體業,2,26,0,36,33.03,20.5,27.2,1.06
5292,華懋,上市,綠能環保,2,26,0,36,8.9,-4.4,22.9,2.38
6614,資拓宏宇,上市,數位雲端,2,26,0,36,27.27,28.6,54.9,4.26
8054,安國,上櫃,半導體業,2,26,0,36,157.44,163.5,191.5,6.83
8083,瑞穎,上櫃,電機機械,2,26,0,36,5.29,2.1,16.8,1.1
2834,臺企銀,上市,金融保險業,2,25,0,36,8.81,6.5,11.0,34.28
3287,廣寰科,上櫃,電腦及週邊設備業,2,25,0,36,6.02,5.5,23.7,0.86
3520,華盈,上櫃,電子零組件業,2,25,0,36,33.33,15.6,21.3,1.26
3684,榮昌,上櫃,通信網路業,2,25,0,36,1.58,5.4,17.6,1.09
5876,上海商銀,上市,金融保險業,2,25,0,36,7.06,2.0,9.3,45.48
2501,國建,上市,建材營造,2,24,0,36,60.17,37.2,95.9,16.3
6758,冠亞,—,—,2,24,0,36,12.91,,18.2,
6890,來億-KY,上市,運動休閒,2,24,0,36,3.13,-10.5,12.5,27.18
8917,欣泰,上櫃,油電燃氣業,2,24,0,36,10.58,-2.8,7.8,2.6
9930,中聯資源,上市,綠能環保,2,24,0,36,6.03,-3.0,8.9,11.51
1217,愛之味,上市,食品工業,2,23,0,36,14.87,0.9,7.7,6.8
1293,利統,—,—,2,23,0,36,36.67,,24.5,
1612,宏泰,上市,電器電纜,2,23,0,36,19.59,2.1,18.5,6.84
1780,立弘,上櫃,食品工業,2,23,0,36,12.47,16.2,19.9,0.75
2427,三商電,上市,資訊服務業,2,23,0,36,74.78,7.2,121.4,4.13
2608,嘉里大榮,上市,航運業,2,23,0,36,18.64,9.2,9.6,15.65
3114,好德,上櫃,電子零組件業,2,23,0,36,3.85,4.4,11.1,2.45
3363,上詮,上櫃,通信網路業,2,23,0,36,13.19,-10.6,25.3,2.04
3419,譁裕,上市,通信網路業,2,23,0,36,14.74,4.6,17.6,1.69
3585,聯致,—,—,2,23,0,36,12.0,,17.0,
3705,永信,上市,生技醫療業,2,23,0,36,4.59,-8.7,9.3,6.33
4164,承業醫,上市,生技醫療業,2,23,0,36,15.42,12.5,27.3,3.28
4763,材料*-KY,上市,化學工業,2,23,0,36,20.82,-20.9,25.7,10.4
5443,均豪,上櫃,半導體業,2,23,0,36,14.38,20.9,55.0,6.2
5548,安倉,上櫃,建材營造,2,23,0,36,13.32,13.2,30.6,1.84
6112,邁達特,上市,資訊服務業,2,23,0,36,18.78,18.3,11.3,21.3
6154,順發,上櫃,電子通路業,2,23,0,36,6.82,5.6,5.4,3.94
6235,華孚,上市,電腦及週邊設備業,2,23,0,36,7.29,2.9,27.2,5.38
2852,第一保,上市,金融保險業,2,22,0,36,2.35,-0.1,7.4,8.32
3014,聯陽,上市,半導體業,2,22,0,36,5.32,0.2,7.8,6.31
3163,波若威,上櫃,通信網路業,2,22,0,36,9.69,17.7,15.6,2.05
4197,暐世,—,—,2,22,0,36,1.8,,37.5,
6727,亞泰金屬,上櫃,電子零組件業,2,22,0,36,16.54,61.4,139.1,1.62
6812,梭特,—,—,2,22,0,36,25.85,,33.3,
1725,元禎,上市,化學工業,2,21,0,36,30.66,12.2,24.5,8.53
1904,正隆,上市,造紙工業,2,21,0,36,23.12,9.5,17.4,43.43
2540,愛山林,上市,建材營造,2,21,0,36,98.38,-25.1,45.0,15.19
3057,喬鼎,上市,電腦及週邊設備業,2,21,0,36,26.93,10.0,49.0,0.55
4147,中裕,上櫃,生技醫療業,2,21,0,36,19.51,10.9,31.1,0.6
4160,訊聯基因,上櫃,生技醫療業,2,21,0,36,11.54,5.6,13.9,0.52
4537,旭東,—,—,2,21,0,36,215.78,,70.7,
6438,迅得,上市,其他電子業,2,21,0,36,15.53,11.5,9.9,6.11
6643,M31,上櫃,半導體業,2,21,0,36,73.07,4.1,42.7,1.76
6720,久昌,上櫃,半導體業,2,21,0,36,25.49,-17.8,17.6,0.33
6921,嘉雨思-創,上市,半導體業,2,21,0,36,45.31,-48.3,53.2,0.12
6929,佑全,上櫃,生技醫療業,2,21,0,36,2.02,-0.3,3.4,2.75
7725,列特博,—,—,2,21,0,33,56.36,,48.8,
8176,智捷,上櫃,通信網路業,2,21,0,36,281.82,-9.6,94.8,0.25
9946,三發地產,上市,建材營造,2,21,0,36,185.25,2974.1,10173.0,0.68
4735,豪展,上櫃,生技醫療業,2,20,0,36,23.55,14.7,25.5,1.02
4930,燦星網,上市,電器電纜,2,20,0,36,31.42,-2.2,20.0,6.45
5210,寶碩,上櫃,資訊服務業,2,20,0,36,8.06,5.5,27.5,0.21
5297,廣化,—,—,2,20,0,36,14.75,,143.3,
5547,久舜,上櫃,建材營造,2,20,0,36,89.5,20.9,38.4,3.1
6546,正基,上櫃,通信網路業,2,20,0,36,15.55,-3.9,15.7,1.99
6729,機光科技,—,—,2,20,0,36,12.33,,29.9,
6874,倍力,上櫃,資訊服務業,2,20,0,36,182.48,55.0,58.1,1.07
1710,東聯,上市,化學工業,2,19,0,36,23.96,-2.4,21.5,23.9
1726,永記,上市,化學工業,2,19,0,36,0.15,3.8,10.8,7.46
2352,佳世達,上市,電腦及週邊設備業,2,19,0,36,11.81,2.7,5.9,188.13
2477,美隆電,上市,其他電子業,2,19,0,36,27.95,3.7,23.4,3.52
2524,京城,上市,建材營造,2,19,0,36,14.06,-36.6,84.2,1.13
4544,春日,—,—,2,19,0,36,6.8,,31.0,
6124,業強,上櫃,電子零組件業,2,19,0,36,5.64,-1.5,24.7,1.39
6434,達輝光電,—,—,2,19,0,36,10.35,,13.1,
7702,前端風電,—,—,2,19,0,36,109.37,,240.2,
7752,世紀樺欣,—,—,2,19,0,27,106.4,,171.2,
1227,佳格,上市,食品工業,2,18,0,36,10.7,7.4,9.2,26.24
1410,南染,上市,紡織纖維,2,18,0,36,36.32,8.9,30.4,0.19
1413,宏洲,上市,紡織纖維,2,18,0,36,27.66,-10.4,17.3,1.84
1582,信錦,上市,電子零組件業,2,18,0,36,1.59,-1.8,11.8,7.24
2367,燿華,上市,電子零組件業,2,18,0,36,26.12,-0.1,17.7,14.6
2484,希華,上市,電子零組件業,2,18,0,36,25.08,1.7,9.7,2.28
2940,歐都納,—,—,2,18,0,36,26.62,,18.0,
3062,建漢,上市,通信網路業,2,18,0,36,34.73,2.6,35.1,3.42
4726,永昕,上櫃,生技醫療業,2,18,0,36,131.44,37.0,102.9,1.06
6140,訊達電腦,上櫃,資訊服務業,2,18,0,36,10.37,-14.4,34.2,1.81
6207,雷科,上櫃,電子零組件業,2,18,0,36,35.8,8.3,26.4,1.38
6657,華安,上市,生技醫療業,2,18,0,36,153.31,14.0,59.3,0.01
8446,華研,上櫃,文化創意業,2,18,0,36,69.23,24.8,39.8,1.47
8472,納維康,上櫃,數位雲端,2,18,0,36,121.3,20.8,70.1,0.56
1473,台南,上市,紡織纖維,2,17,0,36,4.79,-10.0,16.3,5.59
2013,中鋼構,上市,鋼鐵工業,2,17,0,36,19.04,-5.8,10.8,17.86
3664,安瑞-KY,上櫃,通信網路業,2,17,0,36,269.24,-28.6,97.7,0.43
5530,龍巖,上櫃,其他,2,17,0,36,12.12,-8.2,22.2,3.05
6877,鏵友益,上櫃,其他電子業,2,17,0,36,140.17,-30.7,61.6,0.55
4115,善德生技,—,—,2,16,0,36,15.75,,10.7,
4142,國光生,上市,生技醫療業,2,16,0,36,34.46,12.6,592.7,0.98
4527,方方土霖,上櫃,電機機械,2,16,0,36,27.93,11.0,27.0,2.28
4721,美琪瑪,上櫃,化學工業,2,16,0,36,72.34,14.6,43.0,2.65
4729,熒茂,上櫃,光電業,2,16,0,36,18.79,1.1,16.2,0.96
5015,華祺,上櫃,鋼鐵工業,2,16,0,36,11.34,-18.8,16.0,1.32
5272,笙科,上櫃,半導體業,2,16,0,36,57.68,-3.5,24.7,0.34
5353,台林,上櫃,通信網路業,2,16,0,36,5.19,6.1,12.2,1.65
6281,全國電,上市,電子通路業,2,16,0,36,3.33,-0.2,7.1,16.97
6684,安格,上櫃,半導體業,2,16,0,36,3.27,-0.1,20.6,0.25
7402,邑錡,上櫃,光電業,2,16,0,36,15.53,-9.2,29.5,0.51
7566,亞果遊艇,—,—,2,16,0,36,29.04,,41.1,
7779,鍇睿國際,—,—,2,16,0,24,61.33,,59.4,
9924,福興,上市,居家生活,2,16,0,36,4.2,-6.5,9.2,6.23
9941,裕融,上市,其他,2,16,0,36,1.86,-1.3,3.0,33.23
2109,華豐,上市,橡膠工業,2,15,0,36,10.48,0.7,13.1,3.55
4716,大立,上櫃,化學工業,2,15,0,36,23.7,1.8,22.7,0.57
5245,智晶,上櫃,光電業,2,15,0,36,46.66,-0.5,26.7,0.78
5455,昇益,上櫃,建材營造,2,15,0,36,546.58,-98.1,1396.9,0.3
6241,鑫永洋,上櫃,通信網路業,2,15,0,36,30.11,0.8,19.6,0.62
6508,惠光,上櫃,農業科技,2,15,0,36,13.55,-5.4,27.4,0.98
7455,樺緯物聯,—,—,2,15,0,21,31.99,,31.8,
1301,台塑,上市,塑膠工業,2,14,0,36,6.78,-1.5,13.4,139.92
1321,大洋,上市,塑膠工業,2,14,0,36,5.58,-0.6,19.1,2.71
1905,華紙,上市,造紙工業,2,14,0,36,1.64,-3.5,10.4,15.19
2102,泰豐,上市,橡膠工業,2,14,0,36,29.99,-23.9,26.2,0.23
2399,映泰,上市,電腦及週邊設備業,2,14,0,36,40.0,6.9,24.5,1.98
3206,志豐,上櫃,電子零組件業,2,14,0,36,46.2,2.0,22.8,3.12
3294,英濟,上櫃,電子零組件業,2,14,0,36,1.67,-4.5,11.6,3.62
3504,揚明光,上市,光電業,2,14,0,36,17.32,9.0,12.3,2.43
6109,亞元,上櫃,通信網路業,2,14,0,36,15.62,20.0,21.0,0.69
6234,高僑,上櫃,光電業,2,14,0,36,68.39,33.8,41.1,0.76
6485,點序,上櫃,半導體業,2,14,0,36,21.16,-6.8,19.0,1.24
7730,暉盛-創,上市,半導體業,2,14,0,33,167.69,-7.2,93.8,0.52
7839,達人網,上櫃,數位雲端,2,14,0,16,7.84,4.7,12.6,0.16
8084,巨虹,上櫃,電子通路業,2,14,0,36,145.13,14.1,53.3,0.88
1234,黑松,上市,食品工業,2,13,0,36,0.63,-3.6,12.1,8.94
1423,利華,上市,紡織纖維,2,13,0,36,140.24,15.8,62.5,0.11
2534,宏盛,上市,建材營造,2,13,0,36,0.61,-82.6,50.1,1.15
3226,龍鋒,上櫃,電機機械,2,13,0,36,123.95,-13.8,47.8,1.95
4139,馬光-KY,上櫃,生技醫療業,2,13,0,36,3.07,0.2,8.7,0.93
4550,長佳,上櫃,電機機械,2,13,0,36,20.1,-1.4,41.6,0.84
4580,捷流閥業,上櫃,電機機械,2,13,0,36,19.69,4.6,11.1,2.13
5246,勵威,—,—,2,13,0,36,70.76,,33.4,
6593,台灣銘板,上櫃,資訊服務業,2,13,0,36,107.7,11.2,48.0,0.44
7826,極風雲創,—,—,2,13,0,18,16.95,,17.6,
8455,大拓-KY,上櫃,其他電子業,2,13,0,36,23.22,8.3,19.1,1.01
2015,豐興,上市,鋼鐵工業,2,12,0,36,9.67,-7.4,15.3,23.06
3055,蔚華科,上市,電子通路業,2,12,0,36,108.23,8.1,113.8,0.48
4188,安克,上櫃,生技醫療業,2,12,0,36,2.87,-2.9,45.7,0.02
6488,環球晶,上櫃,半導體業,2,12,0,36,7.6,-3.1,12.4,47.64
6706,惠特,上市,光電業,2,12,0,36,120.52,-35.0,61.3,0.78
6715,嘉基,上市,電子零組件業,2,12,0,36,113.01,10.2,39.6,1.65
6862,三集瑞-KY,上市,電子零組件業,2,12,0,25,0.94,-19.2,21.0,1.73
7758,睿騰能源,—,—,2,12,0,27,589.28,,209.1,
1339,昭輝,上市,汽車工業,2,11,0,36,15.55,-6.9,15.8,1.4
3631,晟楠,上櫃,電子零組件業,2,11,0,36,421.93,35.3,145.2,0.06
6264,富裔,上櫃,建材營造,2,11,0,36,36.89,36.9,263.8,0.02
1762,中化生,上市,生技醫療業,2,10,0,36,30.3,24.4,73.8,0.59
7850,寶泰生醫,—,—,2,10,0,13,4.34,,18761.9,
8058,耐特,—,—,2,10,0,15,47.55,,19.8,
8933,愛地雅,上櫃,運動休閒,2,10,0,36,90.56,-0.8,51.1,2.77
4906,正文,上市,通信網路業,2,9,0,36,56.09,-14.4,30.9,16.52
7823,奧義賽博-KY創,上市,數位雲端,2,9,0,10,1.99,7.2,20.3,0.28
7853,政美應用,—,—,2,9,0,14,10.87,,3804.0,
2328,廣宇,上市,電子零組件業,2,8,0,36,19.66,-7.8,15.4,21.66
6269,台郡,上市,電子零組件業,2,8,0,36,1.32,1.9,6.2,19.97
6891,樂迦再生,—,—,2,8,0,11,1.85,,480.0,
3466,德晉,上櫃,通信網路業,2,7,0,36,49.72,185.1,256.7,0.16
7833,綠岩能源,—,—,2,7,0,16,49.43,,142.5,
1340,勝悅-KY,上市,塑膠工業,2,6,0,36,114.24,44.3,78.3,0.07
5546,永固-KY,上市,建材營造,2,6,0,36,32.8,-40.2,29.0,1.68
7818,溢泰實業,上市,綠能環保,2,6,0,20,11.53,-6.8,10.9,10.54
7870,聯剛科技,—,—,2,6,0,10,252.33,,81.4,
7882,倍利創投,—,—,2,6,0,10,5203.52,,3459.1,
6962,奕力-KY,上市,半導體業,2,4,0,24,7.15,-0.2,13.5,19.14
7737,凱鈿,—,—,2,4,0,20,13.99,,13.0,
1438,三地開發,上市,建材營造,2,3,0,13,41420.55,68608.2,24444.7,4.06
1519,華城,上市,電機機械,1,32,0,36,12.5,-1.8,12.1,19.16
6776,展碁國際,上市,電子通路業,1,31,0,36,41.52,36.4,22.3,32.46
7705,三商餐飲,上市,觀光餐旅,1,31,0,36,7.9,3.3,8.8,6.27
2850,新產,上市,金融保險業,1,30,0,36,4.7,9.5,17.7,26.93
4951,精拓科,上櫃,半導體業,1,30,0,36,3.16,0.4,5.0,0.49
6733,博晟生醫,上櫃,生技醫療業,1,30,0,36,9.32,7.8,25.6,0.19
3095,及成,上櫃,通信網路業,1,29,0,36,7.63,16.7,15.4,0.53
4116,明基醫,上櫃,生技醫療業,1,29,0,36,0.86,4.8,7.7,4.18
4991,環宇-KY,上櫃,半導體業,1,29,0,36,45.61,45.6,43.9,2.62
5287,數字,上櫃,數位雲端,1,29,0,36,2.3,-1.3,2.9,2.05
6170,統振,上櫃,通信網路業,1,29,0,36,4.7,-0.7,2.9,2.85
6667,信紘科,上櫃,其他電子業,1,29,0,36,69.05,10.5,34.1,8.02
1453,大將,上市,建材營造,1,28,0,36,1.9,-0.6,19.4,0.0
2643,捷迅,上櫃,航運業,1,28,0,36,7.8,-9.6,29.5,8.0
3686,達能,上市,半導體業,1,28,0,36,34.3,13.8,36.6,0.09
6231,系微,上櫃,資訊服務業,1,28,0,36,6.38,8.9,10.8,1.4
8424,惠普,上櫃,建材營造,1,28,0,36,7.49,-1.0,7.9,0.89
2816,旺旺保,上市,金融保險業,1,27,0,36,19.6,16.3,24.0,16.32
2838,聯邦銀,上市,金融保險業,1,27,0,36,3.88,15.8,24.8,20.27
4111,濟生,上櫃,生技醫療業,1,27,0,36,6.87,5.5,7.5,1.18
5236,凌陽創新,上市,半導體業,1,27,0,36,13.22,14.6,16.1,1.77
5251,天鉞電,上櫃,光電業,1,27,0,36,9.69,7.4,30.2,0.22
6117,迎廣,上市,電腦及週邊設備業,1,27,0,36,2.44,4.6,12.9,2.82
6984,ACpay,—,—,1,27,0,36,12.61,,22.2,
2926,誠品生活,上櫃,文化創意業,1,26,0,36,2.13,4.2,4.7,6.15
4131,浩泰,上櫃,生技醫療業,1,26,0,36,10.71,16.5,701.2,0.16
6275,元山,上櫃,電子零組件業,1,26,0,36,2.35,1.1,14.6,3.31
9926,新海,上市,油電燃氣業,1,26,0,36,0.62,-0.8,4.1,1.8
1437,勤益控,上市,其他,1,25,0,36,15.72,-3.9,28.3,0.8
2754,亞洲藏壽司,上櫃,觀光餐旅,1,25,0,36,6.98,6.3,9.6,5.79
2820,華票,上市,金融保險業,1,25,0,36,54.67,46.7,56.3,3.66
2832,台產,上市,金融保險業,1,25,0,36,11.73,6.5,9.5,9.27
4420,光明,上櫃,紡織纖維,1,25,0,36,13.51,-6.3,12.3,0.87
4966,譜瑞-KY,上櫃,半導體業,1,25,0,36,0.23,-0.7,8.2,13.27
5212,凌網,上櫃,資訊服務業,1,25,0,36,24.77,1.8,32.7,1.16
6015,宏遠證,上櫃,金融業,1,25,0,36,140.49,250.5,1132.5,5.88
6599,普達系統,—,—,1,25,0,36,0.13,,20.2,
8342,益張,上櫃,其他,1,25,0,36,5.55,4.0,13.3,1.44
3465,進泰電子,上櫃,其他電子業,1,24,0,36,2.39,9.2,58.9,2.04
6016,康和證,上櫃,金融業,1,24,0,36,215.39,231.0,12659.7,27.27
6565,物聯,—,—,1,24,0,36,59.63,,31.4,
6971,惠民實業,上櫃,綠能環保,1,24,0,36,8.76,-8.9,16.0,2.09
7761,三大未來,—,—,1,24,0,26,20.09,,29.9,
8033,雷虎,上市,其他,1,24,0,36,74.95,14.5,32.5,1.76
9939,宏全,上市,其他,1,24,0,36,7.08,3.3,9.3,28.43
1443,立益物流,上市,其他,1,23,0,36,3.86,-6.1,4.5,0.82
1734,杏輝,上市,生技醫療業,1,23,0,36,21.57,5.8,17.4,3.11
2515,中工,上市,建材營造,1,23,0,36,28.83,25.7,37.2,17.53
2611,志信,上市,航運業,1,23,0,36,6.76,64.0,88.2,0.56
2729,瓦城,上櫃,觀光餐旅,1,23,0,36,2.44,6.0,18.5,6.12
3481,群創,上市,光電業,1,23,0,36,0.02,11.9,10.9,186.97
5520,力泰,上櫃,建材營造,1,23,0,36,3.12,-3.0,11.1,3.78
6169,昱泉,上櫃,文化創意業,1,23,0,36,148.26,-93.4,83.2,0.01
6784,天凱科技,—,—,1,23,0,36,75.68,,50.6,
6810,新穎生醫,—,—,1,23,0,35,231.95,,102.6,
9955,佳龍,上市,綠能環保,1,23,0,36,48.63,22.2,36.4,1.91
1529,樂事綠能,上市,電機機械,1,22,0,36,8.0,-14.9,106.1,0.49
1777,生泰,上櫃,生技醫療業,1,22,0,36,17.68,-2.3,14.8,1.35
2506,太設,上市,建材營造,1,22,0,36,34.73,22.0,77.5,0.93
2743,山富,上櫃,觀光餐旅,1,22,0,36,0.62,0.8,20.1,4.92
2916,滿心,上櫃,居家生活,1,22,0,36,2.35,1.2,19.8,1.28
4553,盛復,—,—,1,22,0,36,46.21,,16.9,
4584,君帆,上櫃,電機機械,1,22,0,36,0.73,-17.6,9.2,1.15
6559,研晶,—,—,1,22,0,36,0.41,,21.6,
6794,向榮生技,上市,生技醫療業,1,22,0,36,74.4,-33.7,74.0,0.02
6856,鑫傳,上櫃,文化創意業,1,22,0,36,1.1,-0.0,7.2,0.61
6949,沛爾生醫*-創,上市,生技醫療業,1,22,0,33,164.71,4.2,59.6,0.06
6983,華洋精機,上櫃,其他電子業,1,22,0,36,7.13,9.4,671.6,0.31
2243,宏旭-KY,上市,汽車工業,1,21,0,36,106.43,34.1,201.1,2.0
2548,華固,上市,建材營造,1,21,0,36,139.52,105.3,22822.3,6.35
4157,太景*-KY,上櫃,生技醫療業,1,21,0,36,172.21,4.9,1792.2,0.07
5864,致和證,上櫃,金融業,1,21,0,36,112.91,1225.2,6873.6,5.99
6026,福邦證,上櫃,金融業,1,21,0,36,231.77,170.4,391.9,2.17
6581,鋼聯,上市,綠能環保,1,21,0,36,88.18,15.4,55.3,3.74
6734,安盛生,—,—,1,21,0,36,9.21,,36.8,
6738,鼎恒,—,—,1,21,0,36,5.99,,14.0,
8069,元太,上櫃,光電業,1,21,0,36,3.29,-2.9,15.9,34.46
8072,陞泰,上市,電子通路業,1,21,0,36,14.52,21.7,33.6,1.13
8227,巨有科技,上櫃,半導體業,1,21,0,36,42.24,73.2,93.3,1.5
8409,商之器,上櫃,生技醫療業,1,21,0,36,39.17,35.2,177.7,0.21
1312,國喬,上市,塑膠工業,1,20,0,36,89.22,20.2,41.4,23.81
2033,佳大,上市,鋼鐵工業,1,20,0,36,9.66,-5.0,23.3,0.51
2362,藍天,上市,電腦及週邊設備業,1,20,0,36,12.09,13.1,23.6,20.15
2511,太子,上市,建材營造,1,20,0,36,87.88,23.6,44.5,10.94
2910,統領,上市,貿易百貨,1,20,0,36,5.44,7.2,13.5,0.47
3176,基亞,上櫃,生技醫療業,1,20,0,36,197.4,-10.5,62.6,3.29
5205,中茂,上櫃,綠能環保,1,20,0,36,2617.51,94.8,719.2,0.07
6027,德信,—,—,1,20,0,36,45.36,,1703.7,
6142,友勁,上市,通信網路業,1,20,0,36,49.47,3.6,17.4,2.23
6580,台睿,—,—,1,20,0,30,42750.0,,14727.5,
6847,普瑞博,—,—,1,20,0,36,27.84,,46.7,
6869,雲豹能源,上市,綠能環保,1,20,0,36,63.12,-1.0,82.9,5.26
6909,創控,上市,半導體業,1,20,0,36,29.34,-1.4,34.1,0.61
6972,博瑞達應材,—,—,1,20,0,36,1.22,,22.4,
7773,富禾生醫,—,—,1,20,0,24,5.46,,36.2,
8102,傑霖科技,上櫃,半導體業,1,20,0,36,9.67,2.8,40.0,0.35
2748,雲品,上市,觀光餐旅,1,19,0,36,2.21,3.9,14.8,1.75
3066,李洲,上櫃,光電業,1,19,0,36,18.89,3.5,36.6,0.18
4167,松瑞藥,上櫃,生技醫療業,1,19,0,36,22.29,-8.7,35.9,1.17
4711,永純,上櫃,化學工業,1,19,0,36,21.9,19.1,40.1,0.72
4744,皇將,上櫃,生技醫療業,1,19,0,36,34.59,-27.8,49.1,0.91
5201,凱衛,上櫃,資訊服務業,1,19,0,36,79.42,-7.2,40.2,0.37
6461,益得,上櫃,生技醫療業,1,19,0,36,1102.97,-56.2,6170.5,0.06
6722,輝創,上市,其他電子業,1,19,0,36,1.57,-6.1,7.3,3.96
6963,品元,—,—,1,19,0,36,28.42,,18.1,
7507,環拓科技,—,—,1,19,0,36,83.95,,58.9,
8045,達運光電,上市,通信網路業,1,19,0,36,23.41,33.6,67.1,1.33
1456,怡華,上市,建材營造,1,18,0,36,6526.08,344.8,1802.9,22.32
1474,弘裕,上市,紡織纖維,1,18,0,36,0.66,-4.7,13.5,2.36
2233,宇隆,上市,汽車工業,1,18,0,36,21.27,1.3,12.0,2.85
3164,景岳,上市,生技醫療業,1,18,0,36,15.49,-7.1,23.0,0.3
4545,銘鈺,上市,電子零組件業,1,18,0,36,54.17,1.3,21.2,2.78
6622,百聿數碼,—,—,1,18,0,36,8.81,,231.6,
6844,諾貝兒,上櫃,生技醫療業,1,18,0,36,0.2,-1.1,3.1,3.32
6939,啟弘生技,—,—,1,18,0,36,14.54,,24.0,
7790,思必瑞特,—,—,1,18,0,24,9.38,,21.2,
9904,寶成,上市,運動休閒,1,18,0,36,4.32,-1.8,8.1,206.22
1310,台苯,上市,塑膠工業,1,17,0,36,15.38,-9.3,20.7,8.27
1313,聯成,上市,塑膠工業,1,17,0,36,6.03,6.8,16.3,52.45
1315,達新,上市,塑膠工業,1,17,0,36,9.74,-11.4,11.5,2.19
1527,鑽全,上市,電機機械,1,17,0,36,1.99,-11.2,13.1,2.42
1752,南光,上市,生技醫療業,1,17,0,36,12.35,-3.2,11.1,1.69
2701,萬企,上市,觀光餐旅,1,17,0,36,0.24,1.9,9.9,0.2
2905,三商,上市,貿易百貨,1,17,0,36,7187.4,49.9,1978.5,154.66
3346,麗清,上市,汽車工業,1,17,0,36,9.59,-12.8,11.3,7.79
4108,懷特,上市,生技醫療業,1,17,0,36,25.83,13.0,27.2,0.13
4432,銘旺實,上櫃,紡織纖維,1,17,0,36,7.83,-15.0,40.3,1.03
4549,桓達,上櫃,電機機械,1,17,0,36,5.66,-7.0,18.2,1.03
5202,力新,上櫃,資訊服務業,1,17,0,36,26.11,-10.6,22.6,0.1
6148,驊宏資,上櫃,資訊服務業,1,17,0,36,95.4,-34.8,160.5,0.59
6582,申豐,上市,橡膠工業,1,17,0,36,6.73,-46.8,24.9,0.47
6637,醫影,上櫃,生技醫療業,1,17,0,36,0.89,-29.2,115.9,0.43
6977,聯純,—,—,1,17,0,36,36.21,,97.0,
8066,來思達,上櫃,居家生活,1,17,0,36,11.72,-6.7,17.1,4.1
8201,無敵,上市,其他電子業,1,17,0,36,19.83,0.5,46.2,0.3
1309,台達化,上市,塑膠工業,1,16,0,36,6.37,-19.0,17.1,11.48
1584,精剛,上櫃,其他,1,16,0,36,5.52,-14.6,13.4,2.11
2250,IKKA-KY,上市,汽車工業,1,16,0,36,1.7,-6.3,7.7,2.59
3018,隆銘綠能,上市,其他電子業,1,16,0,36,130.49,-38.2,66.3,0.4
3067,全域,上櫃,居家生活,1,16,0,36,35.44,16.1,520.2,0.03
3434,哲固,上櫃,光電業,1,16,0,36,41.94,-30.9,33.6,0.55
3623,富晶通,上櫃,光電業,1,16,0,36,96.26,-3.9,39.6,0.41
3703,欣陸,上市,建材營造,1,16,0,36,15.27,-6.4,62.2,24.54
4565,宏偉,—,—,1,16,0,36,66.83,,44.9,
4575,銓寶,—,—,1,16,0,36,15.23,,25.1,
5398,慕康生醫,上櫃,其他,1,16,0,36,15.64,-26.4,31.1,0.29
5523,豐謙,上櫃,建材營造,1,16,0,36,1.35,-19.9,51.8,0.0
5533,皇鼎,上市,建材營造,1,16,0,36,189.42,8.8,84.4,1.56
6116,彩晶,上市,光電業,1,16,0,36,8.0,2.9,9.5,9.34
6180,橘子,上櫃,文化創意業,1,16,0,36,28.99,-3.7,18.4,9.13
6208,日揚,上櫃,半導體業,1,16,0,36,7.77,1.7,13.4,3.63
6221,晉泰,上櫃,資訊服務業,1,16,0,36,21.47,-28.0,20.0,4.69
6558,興能高,上市,其他電子業,1,16,0,36,35.96,-6.3,24.3,1.18
6569,醫揚,上櫃,生技醫療業,1,16,0,36,43.19,14.2,30.6,1.35
6751,智聯服務,上櫃,資訊服務業,1,16,0,36,25.65,-14.0,21.0,1.42
6879,大江基因,—,—,1,16,0,36,30.93,,25.2,
7732,金興精密,上市,汽車工業,1,16,0,33,4.35,-15.5,14.7,0.88
8436,大江,上櫃,生技醫療業,1,16,0,36,2.04,-2.0,12.1,5.46
1338,廣華-KY,上市,汽車工業,1,15,0,36,10.19,0.2,11.5,5.03
1457,宜進,上市,紡織纖維,1,15,0,36,8.18,-10.6,13.9,2.32
1721,國慶科技,上市,化學工業,1,15,0,36,36.46,-9.7,25.1,1.7
2247,汎德永業,上市,汽車工業,1,15,0,36,0.71,-20.6,15.4,33.14
2419,仲琦,上市,通信網路業,1,15,0,36,245.59,22.2,72.2,20.11
2733,維格餅家,—,—,1,15,0,36,6.1,,17.3,
3122,笙泉,上櫃,半導體業,1,15,0,36,8.15,-2.4,11.7,0.27
3512,皇龍,上櫃,建材營造,1,15,0,36,27442.5,-62.8,7521.4,0.11
3659,百辰,—,—,1,15,0,24,12.97,,14.1,
4736,泰博,上市,生技醫療業,1,15,0,36,42.68,3.3,22.5,3.97
5007,三星,上市,鋼鐵工業,1,15,0,36,3.5,-0.3,11.1,4.97
5209,新鼎,上櫃,其他,1,15,0,36,92.17,-12.0,34.8,7.81
5222,全訊,上市,半導體業,1,15,0,36,59.94,-10.1,33.0,0.7
5438,東友,上櫃,電腦及週邊設備業,1,15,0,36,29.32,-37.5,22.5,1.02
6201,亞弘電,上市,其他電子業,1,15,0,36,33.24,-5.8,17.0,3.46
6547,高端疫苗,上櫃,生技醫療業,1,15,0,29,416.86,39.4,118.2,2.36
6697,東捷資訊,上櫃,資訊服務業,1,15,0,36,15.81,1.3,28.4,1.1
7709,榮田,上櫃,電機機械,1,15,0,36,18.88,6.3,39.3,0.49
8089,康全電訊,上櫃,通信網路業,1,15,0,36,68.73,-54.3,45.4,0.59
9933,中鼎,上市,其他,1,15,0,36,5.24,-14.1,12.5,69.96
1337,再生-KY,上市,塑膠工業,1,14,0,36,15.91,-12.6,21.6,0.47
1903,士紙,上市,造紙工業,1,14,0,36,3.89,-0.7,8.2,0.14
2505,國揚,上市,建材營造,1,14,0,36,24.46,-35.4,2887.9,7.72
3313,斐成,上櫃,建材營造,1,14,0,31,7.41,251.6,4568.8,0.01
4402,郡都開發,上櫃,紡織纖維,1,14,0,36,840.37,36.5,241.7,0.09
6535,順藥,上櫃,生技醫療業,1,14,0,36,5135.83,1.3,2912.9,0.09
6771,平和環保-創,上市,綠能環保,1,14,0,36,3.08,-11.0,10.6,0.51
6793,天力離岸,—,—,1,14,0,36,26.33,,48.2,
9919,康那香,上市,其他,1,14,0,36,12.16,-0.4,10.3,2.26
1463,強盛新,上市,紡織纖維,1,13,0,36,3.4,-79.6,47.7,0.16
1539,巨庭,上市,電機機械,1,13,0,36,1.73,-18.5,24.6,1.05
1781,合世,上櫃,生技醫療業,1,13,0,36,33.16,-5.4,42.3,0.29
1810,和成,上市,玻璃陶瓷,1,13,0,36,4.6,-6.3,9.1,3.43
2466,冠西電,上市,光電業,1,13,0,36,59.91,1.4,41.9,2.25
3047,訊舟,上市,通信網路業,1,13,0,36,28.02,-23.8,26.5,2.77
3380,明泰,上市,通信網路業,1,13,0,36,66.87,10.3,26.7,29.82
3455,由田,上櫃,光電業,1,13,0,36,22.42,-20.0,29.2,2.06
6550,北極星藥業-KY,上市,生技醫療業,1,13,0,29,202.55,108.5,379.9,0.04
6650,帝圖,—,—,1,13,0,36,159.38,,1671.8,
9949,琉園,上櫃,文化創意業,1,13,0,36,15.08,7.9,22.3,0.13
2373,震旦行,上市,其他電子業,1,12,0,36,3.6,-1.8,7.6,9.51
2434,統懋,上市,半導體業,1,12,0,36,84.26,19.9,45.8,0.05
2726,雅茗-KY,上櫃,觀光餐旅,1,12,0,36,11.01,-6.5,16.7,0.5
3015,全漢,上市,電子零組件業,1,12,0,36,1.29,-5.2,11.7,10.85
3704,合勤控,上市,通信網路業,1,12,0,36,28.1,12.4,28.8,26.16
6236,中湛,上櫃,數位雲端,1,12,0,36,7.68,-16.2,18.5,0.03
6797,圓點奈米,—,—,1,12,0,36,18.62,,45.6,
7816,來穎,—,—,1,12,0,21,3.27,,36.1,
8104,錸寶,上市,光電業,1,12,0,36,15.68,-34.3,24.4,2.63
1304,台聚,上市,塑膠工業,1,11,0,36,8.72,-6.0,14.0,36.71
2069,運錩,上市,鋼鐵工業,1,11,0,36,18.85,-3.2,12.4,8.87
1813,寶利徠,上櫃,生技醫療業,1,10,0,36,0.58,-8.1,15.5,0.23
6833,太康精密,—,—,1,10,0,36,14.23,,15.6,
7841,經貿聯網,—,—,1,10,0,16,4.53,,40.3,
1465,偉全,上市,紡織纖維,1,9,0,36,24.99,1.3,27.1,0.19
2104,國際中橡,上市,橡膠工業,1,9,0,36,0.27,-13.8,8.1,12.12
5206,坤悅,上櫃,建材營造,1,9,0,25,2630241.17,-15.4,726810.1,8.94
5321,美而快,上櫃,數位雲端,1,9,0,36,34.91,-15.8,16.3,3.55
9950,萬國通,上櫃,塑膠工業,1,9,0,36,19.07,-7.4,20.1,2.1
1611,中電,上市,電器電纜,1,8,0,36,0.08,-7.6,8.9,0.81
8942,森鉅,上櫃,其他,1,8,0,36,47.61,-35.9,34.4,2.97
1742,台蠟,上櫃,化學工業,1,7,0,36,52.5,-36.7,33.2,0.08
2444,兆勁,上市,通信網路業,1,7,0,36,49.28,-16.8,30.6,1.26
3580,友威科,上櫃,其他電子業,1,7,0,36,26.86,-6.0,32.1,0.46
6441,廣錠,上櫃,電腦及週邊設備業,1,6,0,36,135.52,-47.0,57.3,0.36
7857,合水先進,—,—,1,6,0,13,116.57,,52.0,
7893,睿信,—,—,1,6,0,9,13.11,,35.9,
2482,連宇,上市,其他電子業,1,5,0,36,10.49,-8.4,19.9,0.46
3308,聯德,上市,電子零組件業,1,5,0,34,3.41,-5.2,85.6,0.01
4702,中美實,上櫃,居家生活,1,5,0,36,39.21,-7.2,60.4,0.11
7865,金聯成,—,—,1,5,0,12,7.12,,17.6,
6950,科科科技-KY,—,—,1,4,0,7,34.1,,12.2,
6586,醣基,—,—,1,3,0,15,24.82,,374.3,
6467,泰合,—,—,1,1,0,6,2874.13,,1107.6,
2641,正德,上櫃,航運業,0,34,1,36,-41.23,-0.1,22.9,1.94
6498,久禾光,上櫃,光電業,0,34,2,36,-19.25,17.1,18.5,0.96
6721,信實,上櫃,其他,0,33,3,36,-11.7,0.0,8.3,2.69
6994,富威電力,上市,綠能環保,0,32,1,36,-24.75,50.0,174.9,1.56
2496,卓越,上市,其他,0,32,3,36,-1.1,1.5,4.8,0.8
6881,潤德,上櫃,其他,0,32,4,36,-15.61,-5.2,15.4,1.8
6534,正瀚-創,上市,生技醫療業,0,31,1,36,-33.38,3.3,28.8,0.4
6803,崑鼎,上櫃,綠能環保,0,31,1,36,-7.06,-0.2,6.8,8.5
7547,碩網,上櫃,數位雲端,0,31,1,36,-2.25,27.5,22.2,0.34
4128,中天,上櫃,生技醫療業,0,31,2,36,-1.29,5.3,4.9,1.54
6407,相互,—,—,0,31,2,36,-96.46,,37.8,
2836,高雄銀,上市,金融保險業,0,30,1,36,-1.54,11.3,12.1,4.23
3217,優群,上櫃,電子零組件業,0,30,2,36,-19.76,-6.3,12.0,2.99
3630,新鉅科,上櫃,光電業,0,30,3,36,-10.79,6.0,16.8,1.72
3339,泰谷,上櫃,光電業,0,30,4,36,-8.83,-0.9,33.4,0.69
5203,訊連,上市,資訊服務業,0,30,5,36,-21.73,-8.6,17.1,1.68
1786,科妍,上市,生技醫療業,0,29,1,36,-22.73,-3.0,6.4,0.66
2633,台灣高鐵,上市,航運業,0,29,1,36,-1.57,3.3,6.9,46.77
8367,建新國際,上市,航運業,0,29,1,36,-5.01,3.2,13.0,2.69
2887,台新新光金,上市,金融保險業,0,29,2,36,-44.54,81.9,302.6,157.81
6973,永立榮,—,—,0,29,3,36,-9.42,,64.6,
6184,大豐電,上市,其他,0,29,4,36,-0.58,1.1,2.6,1.76
5269,祥碩,上市,半導體業,0,29,5,36,-32.5,-6.9,61.6,8.82
3430,奇鈦科,上櫃,化學工業,0,28,1,36,-1.74,21.5,23.0,1.8
5515,建國,上市,建材營造,0,28,1,36,-4.37,23.1,27.6,6.38
5521,工信,上市,建材營造,0,28,1,36,-12.63,8.9,20.5,6.07
2439,美律,上市,通信網路業,0,28,2,36,-6.7,7.2,11.0,41.18
6787,晶瑞光,—,—,0,28,2,36,-43.63,,94.1,
6925,意藍,上櫃,數位雲端,0,28,2,36,-4.4,2.9,11.4,0.16
2891,中信金,上市,金融保險業,0,28,3,36,-32.01,36.5,309.2,244.02
8463,潤泰材,上市,其他,0,28,4,36,-1.6,-3.6,9.6,5.94
1294,漢田生技,上櫃,食品工業,0,27,1,36,-24.99,16.5,33.5,0.51
2230,泰茂,上櫃,居家生活,0,27,1,36,-84.12,17.8,70.4,0.39
3317,尼克森,上櫃,半導體業,0,27,1,36,-27.57,3.4,12.6,1.66
4554,橙的,上櫃,其他電子業,0,27,1,36,-0.74,10.7,25.7,0.44
5490,同亨,上櫃,電腦及週邊設備業,0,27,1,36,-6.76,19.0,23.4,1.09
6284,佳邦,上櫃,電子零組件業,0,27,1,36,-0.76,-5.9,9.2,6.54
9951,皇田,上櫃,電機機械,0,27,1,36,-3.35,5.6,9.5,4.8
2881,富邦金,上市,金融保險業,0,27,3,36,-48.01,172.4,86.0,405.51
6940,格斯科技*,—,—,0,27,8,36,-87.31,,50.5,
3379,彬台,上櫃,電機機械,0,26,1,36,-65.77,-38.6,199.4,0.46
4571,鈞興-KY,上市,電機機械,0,26,1,36,-4.01,2.6,14.8,2.89
5302,太欣,上櫃,半導體業,0,26,1,36,-35.61,60.7,84.1,0.01
5345,馥鴻,上櫃,其他,0,26,1,36,-12.45,316.6,397.6,0.02
6237,驊訊,上櫃,半導體業,0,26,1,36,-31.67,36.1,35.3,0.25
6982,大井泵浦,上櫃,電機機械,0,26,1,36,-10.67,17.5,20.6,1.09
6999,瀚醫生技,—,—,0,26,1,36,-7.28,,22.9,
7734,印能科技,上櫃,半導體業,0,26,1,33,-1.26,52.6,54.1,2.56
8222,寶一,上市,電機機械,0,26,1,36,-17.47,-1.4,24.4,0.62
1235,興泰,上市,食品工業,0,26,4,36,-80.63,5.7,227.2,0.04
2377,微星,上市,電腦及週邊設備業,0,26,7,36,-6.05,-6.4,17.5,176.94
1476,儒鴻,上市,紡織纖維,0,25,1,36,-1.12,5.0,8.6,33.11
1522,堤維西,上市,汽車工業,0,25,1,36,-3.03,30.5,23.3,21.63
2415,錩新,上市,電子零組件業,0,25,1,36,-0.59,8.4,8.9,2.31
3303,岱稜,上櫃,其他電子業,0,25,1,36,-1.4,16.1,17.6,2.82
3712,永崴投控,上市,電腦及週邊設備業,0,25,1,36,-72.73,-29.9,99.0,5.4
4585,達明,上市,其他電子業,0,25,1,36,-6.1,10.4,19.6,1.53
5213,亞昕,上櫃,建材營造,0,25,1,36,-27.69,-54.2,82.1,1.2
5878,台名,上櫃,金融業,0,25,1,36,-6.6,0.4,7.0,0.62
6603,富強鑫,上櫃,電機機械,0,25,1,36,-11.69,1.4,21.3,4.12
6959,兆捷科技,—,—,0,25,1,36,-15.62,,31.7,
6995,野獸國,—,—,0,25,1,36,-22.27,,28.8,
8059,凱碩,上櫃,通信網路業,0,25,1,36,-46.33,71.8,1555.9,6.59
8077,洛碁,上櫃,觀光餐旅,0,25,1,36,-2.8,2.4,4.3,0.84
2644,中信造船,—,—,0,25,2,36,-25.89,,44.4,
3645,達邁,上市,電子零組件業,0,25,2,36,-10.96,-2.7,13.6,1.85
6661,威健生技,上櫃,生技醫療業,0,25,2,36,-31.24,3.2,17.5,0.32
3289,宜特,上櫃,其他電子業,0,25,3,36,-7.9,-3.7,8.6,3.71
4503,金雨,上櫃,電機機械,0,25,3,36,-67.2,-14.1,77.6,0.25
7736,虎山,上市,汽車工業,0,25,3,36,-17.85,-17.3,20.0,1.19
4911,德英,上櫃,生技醫療業,0,25,11,36,-55.33,-58.2,27.9,0.12
1477,聚陽,上市,紡織纖維,0,24,1,36,-5.11,-2.2,11.7,35.54
1514,亞力,上市,電機機械,0,24,1,36,-26.51,7.9,26.9,7.74
1616,億泰,上市,電器電纜,0,24,1,36,-6.03,6.9,20.9,4.47
1760,寶齡富錦,上市,生技醫療業,0,24,1,36,-27.88,0.3,13.3,1.81
3322,建舜電,上櫃,電子零組件業,0,24,1,36,-19.34,5.0,17.9,2.11
5324,士開,上櫃,建材營造,0,24,1,36,-3.3,4.0,90.0,0.53
6668,中揚光,上市,光電業,0,24,1,36,-1.1,12.5,23.8,0.97
6832,金鼎科,—,—,0,24,1,36,-4.0,,18.4,
6908,宏碁遊戲-創,上市,電子通路業,0,24,1,36,-12.75,-5.0,30.7,3.57
7762,吉晟生,—,—,0,24,1,26,-7.88,,42.1,
8404,百和興業-KY,上市,其他,0,24,1,36,-3.6,3.6,13.4,6.99
9935,慶豐富,上市,居家生活,0,24,1,36,-4.67,6.4,12.6,4.33
1732,毛寶,上市,化學工業,0,24,2,36,-1.19,4.1,12.3,0.56
1783,和康生,上市,生技醫療業,0,24,2,36,-2.46,4.3,11.4,0.69
2409,友達,上市,光電業,0,24,2,36,-5.85,-1.8,7.0,231.02
3032,偉訓,上市,電子零組件業,0,24,2,36,-1.48,9.6,29.4,10.79
4401,東隆興,上櫃,紡織纖維,0,24,2,36,-7.37,-3.0,20.3,3.03
4506,崇友,上櫃,電機機械,0,24,2,36,-11.64,3.6,17.3,4.81
4743,合一,上櫃,生技醫療業,0,24,2,36,-39.4,15.4,72.7,0.06
6735,美達科技,上櫃,其他電子業,0,24,2,36,-16.82,30.7,88.9,0.19
6846,綠茵,上櫃,食品工業,0,24,2,36,-11.28,-11.6,22.4,0.64
3008,大立光,上市,光電業,0,24,3,36,-16.23,3.7,16.5,50.12
4968,立積,上市,半導體業,0,24,3,36,-2.43,2.8,11.0,3.22
6767,台微醫,上櫃,生技醫療業,0,24,3,36,-2.18,-1.4,15.0,0.28
8039,台虹,上市,電子零組件業,0,24,3,36,-13.82,-0.9,13.4,8.07
6755,連鋐科技,—,—,0,24,4,36,-21.19,,8.6,
8272,全景軟體,上櫃,資訊服務業,0,24,4,36,-8.62,-1.9,12.3,0.34
6825,和暢科技,—,—,0,24,5,36,-3.85,,74.2,
2941,米斯特,上櫃,居家生活,0,24,6,36,-21.62,-5.3,31.3,0.71
5271,紘通,—,—,0,24,7,36,-23.13,,21.5,
6719,力智,上市,半導體業,0,24,7,36,-15.96,-7.6,17.7,3.54
6272,驊陞,上市,電子零組件業,0,24,9,36,-12.11,-19.0,19.1,2.98
4724,宣捷幹細胞,—,—,0,24,11,36,-25.15,,9.3,
1295,生合,上櫃,食品工業,0,23,1,36,-0.62,-2.6,19.1,0.75
1503,士電,上市,電機機械,0,23,1,36,-0.38,9.5,13.4,28.46
1623,大東電,上市,電器電纜,0,23,1,28,-7.31,2.3,20.0,4.82
2029,盛餘,上市,鋼鐵工業,0,23,1,36,-17.03,-7.3,18.7,8.58
3050,鈺德,上市,光電業,0,23,1,36,-9.0,-4.5,11.4,1.01
3073,天方能源,上櫃,綠能環保,0,23,1,36,-29.3,180.0,386.2,0.16
3184,微邦,—,—,0,23,1,36,-20.93,,11.5,
4305,世坤,上櫃,塑膠工業,0,23,1,36,-29.86,-10.3,19.3,0.68
4946,辣椒,上櫃,文化創意業,0,23,1,36,-36.48,-20.0,448.1,0.2
6143,振曜,上櫃,通信網路業,0,23,1,36,-12.96,11.5,25.6,6.74
6177,達麗,上市,建材營造,0,23,1,36,-8.72,322.3,595.9,11.09
6533,晶心科,上市,半導體業,0,23,1,36,-25.72,40.4,69.3,1.14
6936,永鴻生技,上市,生技醫療業,0,23,1,36,-6.21,9.3,14.4,1.14
7731,火星生技*,—,—,0,23,1,33,-41.69,,24.7,
8433,弘帆,上櫃,居家生活,0,23,1,36,-3.59,10.4,13.7,2.91
8467,波力-KY,上市,運動休閒,0,23,1,36,-26.97,-10.3,29.9,1.97
2537,聯上發,上市,建材營造,0,23,2,36,-14.95,204.8,16875.1,0.01
2851,中再保,上市,金融保險業,0,23,2,36,-31.48,75.6,332.9,15.26
3447,展達,上市,通信網路業,0,23,2,36,-30.26,-1.3,23.5,2.91
4186,尖端醫,—,—,0,23,2,36,-22.99,,16.9,
4903,聯光通,上櫃,通信網路業,0,23,2,36,-51.77,10.5,204.8,0.7
6035,悠遊卡,—,—,0,23,2,36,-4.84,,14.4,
6261,久元,上櫃,半導體業,0,23,2,36,-0.61,5.6,16.8,3.45
2010,春源,上市,鋼鐵工業,0,23,3,36,-6.23,4.3,10.6,19.9
2380,虹光,上市,電腦及週邊設備業,0,23,3,36,-7.81,1.3,27.3,2.02
2883,凱基金,上市,金融保險業,0,23,3,36,-51.73,4170.4,95.9,136.71
6021,美好證,上櫃,金融業,0,23,3,36,-35.71,237.7,1614.9,1.84
8038,長園科,上櫃,電子零組件業,0,23,3,36,-40.86,27.4,207.4,0.41
3483,力致,上櫃,電腦及週邊設備業,0,23,4,36,-32.23,-7.9,18.1,6.27
4933,友輝,上櫃,光電業,0,23,5,36,-35.63,-13.5,16.2,1.58
6979,勝釩,—,—,0,23,5,36,-77.38,,39.5,
2022,聚亨,上市,鋼鐵工業,0,22,1,36,-6.93,36.0,20.9,7.25
2032,新鋼,上市,鋼鐵工業,0,22,1,36,-5.26,6.4,20.0,2.68
2245,詠勝昌*,—,—,0,22,1,36,-5.61,,22.9,
2546,根基,上市,建材營造,0,22,1,36,-24.41,11.2,29.7,17.73
3025,星通,上市,通信網路業,0,22,1,36,-12.67,31.0,60.3,0.3
5381,光譜,上櫃,電機機械,0,22,1,36,-35.86,-12.5,29.4,1.31
5706,鳳凰,上市,觀光餐旅,0,22,1,36,-7.7,-3.7,27.4,2.14
6150,撼訊,上櫃,電腦及週邊設備業,0,22,1,36,-21.27,-26.5,48.5,5.75
6496,科懋,上櫃,生技醫療業,0,22,1,36,-3.95,10.3,17.2,0.66
6527,明達醫,上櫃,生技醫療業,0,22,1,36,-2.84,-10.2,19.6,0.64
6625,必應,上市,其他,0,22,1,36,-12.35,15.2,66.4,3.77
6848,拉法醫,—,—,0,22,1,36,-17.21,,27.2,
2371,大同,上市,電機機械,0,22,2,36,-11.49,-0.7,12.0,43.83
2520,冠德,上市,建材營造,0,22,2,36,-26.5,16.9,31.3,17.96
2756,聯發國際,上櫃,觀光餐旅,0,22,2,36,-17.56,11.8,36.2,0.98
3188,鑫龍騰,上櫃,建材營造,0,22,2,34,-73.8,113.2,430.0,1.53
3516,亞帝歐,上櫃,光電業,0,22,2,36,-24.26,17.1,23.1,0.63
6901,鑽石投資,上市,其他,0,22,2,36,-87.74,309.9,1252.2,0.01
1587,吉茂,上市,汽車工業,0,22,3,36,-1.96,8.9,20.5,2.11
2536,宏普,上市,建材營造,0,22,3,36,-68.5,23.2,4461.9,0.35
4192,杏國,上櫃,生技醫療業,0,22,6,36,-11.95,-7.6,21.8,0.02
1110,東泥,上市,水泥工業,0,21,1,36,-28.17,-11.4,17.7,1.7
1466,聚隆,上市,紡織纖維,0,21,1,36,-7.75,-13.5,12.8,1.84
1580,新麥,上櫃,電機機械,0,21,1,36,-10.07,-3.2,10.4,3.74
2064,晉椿,上櫃,鋼鐵工業,0,21,1,36,-8.55,15.9,15.5,1.29
2204,中華,上市,汽車工業,0,21,1,36,-3.04,9.1,14.1,22.56
3118,進階,上櫃,生技醫療業,0,21,1,36,-16.22,-7.3,19.2,0.57
3284,太普高,上櫃,其他,0,21,1,36,-3.88,-2.7,37.7,0.6
3362,先進光,上櫃,光電業,0,21,1,36,-32.9,-5.3,14.1,2.44
3581,博磊,上櫃,半導體業,0,21,1,36,-27.73,24.4,36.3,1.12
4162,智擎,上櫃,生技醫療業,0,21,1,36,-6.98,26.4,66.0,0.21
4438,廣越,上市,紡織纖維,0,21,1,36,-5.91,3.8,20.4,26.51
4568,科際精密,上櫃,電機機械,0,21,1,36,-0.5,4.0,27.4,0.9
4925,智微,—,—,0,21,1,36,-3.6,,23.4,
5240,建騰,—,—,0,21,1,36,-15.74,,30.9,
5348,正能量智能,上櫃,運動休閒,0,21,1,36,-11.94,19.0,23.6,0.25
5410,國眾,上櫃,資訊服務業,0,21,1,36,-55.62,32.5,74.4,2.26
5474,聰泰,上櫃,電腦及週邊設備業,0,21,1,36,-33.51,-3.5,22.5,1.26
5522,遠雄,上市,建材營造,0,21,1,36,-46.73,85.2,878.7,32.44
6576,逸達,上櫃,生技醫療業,0,21,1,35,-81.14,-14.4,225.6,0.27
6671,三能-KY,上市,居家生活,0,21,1,36,-11.4,-12.6,17.5,1.42
6819,眾智,—,—,0,21,1,36,-38.54,,82.8,
9938,百和,上市,其他,0,21,1,36,-3.17,1.5,13.4,14.41
2458,義隆,上市,半導體業,0,21,2,36,-36.72,-3.4,13.4,7.41
5457,宣德,上櫃,電子零組件業,0,21,2,36,-18.95,-4.9,7.0,18.83
6283,淳安,上市,其他電子業,0,21,2,36,-12.68,-9.1,36.1,1.0
6649,台生材,上櫃,生技醫療業,0,21,2,36,-32.84,-35.9,129.7,0.14
6725,矽科宏晟,上櫃,其他電子業,0,21,2,36,-12.38,3.5,29.9,3.36
6808,三鼎生技,—,—,0,21,2,36,-39.44,,52.2,
2528,皇普,上市,建材營造,0,21,3,36,-76.39,-62.2,475967.0,4.38
4907,富宇,上櫃,建材營造,0,21,3,36,-71.73,45.6,3755.1,0.29
6101,寬魚國際,上櫃,文化創意業,0,21,3,36,-79.24,44.4,2228.2,0.3
6103,合邦,上櫃,半導體業,0,21,3,36,-52.21,-16.7,130.7,0.04
6464,台數科,上市,其他,0,21,3,36,-2.99,-2.5,5.2,3.44
6596,寬宏藝術,上櫃,文化創意業,0,21,3,36,-73.5,-33.0,472.1,2.31
6969,成信實業*-創,上市,綠能環保,0,21,3,29,-17.07,-6.0,33.9,0.23
6240,松崗,上櫃,資訊服務業,0,21,4,36,-22.43,3.8,29.0,0.03
3207,耀勝,上櫃,電子零組件業,0,21,5,36,-24.32,-8.9,34.8,1.27
3694,海華,上市,通信網路業,0,21,5,36,-1.86,2.5,21.9,11.4
3438,類比科,上櫃,半導體業,0,21,9,36,-12.8,-18.2,10.4,0.72
6704,國璽幹細胞,—,—,0,21,10,36,-64.04,,23.3,
1104,環泥,上市,水泥工業,0,20,1,36,-14.18,-6.6,12.6,5.18
1447,力鵬,上市,紡織纖維,0,20,1,36,-34.08,3.9,35.3,20.42
1618,合機,上市,電器電纜,0,20,1,36,-1.9,1.9,145.5,5.28
1712,興農,上市,化學工業,0,20,1,36,-2.71,4.3,8.6,14.49
2071,震南鐵,—,—,0,20,1,36,-3.52,,18.2,
2249,湧盛,—,—,0,20,1,36,-19.73,,22.5,
3548,兆利,上櫃,電子零組件業,0,20,1,36,-8.15,-19.3,18.1,6.46
4161,聿新科,上櫃,生技醫療業,0,20,1,36,-23.62,16.9,28.7,0.51
4956,光鋐,上市,光電業,0,20,1,36,-15.93,4.9,14.9,1.06
6228,全譜,上櫃,電腦及週邊設備業,0,20,1,36,-39.12,-13.7,61.6,0.02
6263,普萊德,上櫃,通信網路業,0,20,1,36,-8.43,5.6,13.7,1.55
8261,富鼎,上市,半導體業,0,20,1,36,-3.0,6.8,9.0,2.85
8401,白紗科,上櫃,其他,0,20,1,36,-1.89,3.7,15.5,1.31
6750,泰創工程,—,—,0,20,2,36,-31.02,,20.6,
6798,展逸,—,—,0,20,2,36,-3.17,,20.7,
6823,濾能,上櫃,半導體業,0,20,2,36,-30.75,1.6,40.8,0.45
6873,泓德能源,上市,綠能環保,0,20,2,36,-27.71,-9.3,27.4,4.63
7757,金色三麥,上櫃,觀光餐旅,0,20,2,27,-4.07,2.6,11.3,2.18
8111,立碁,上櫃,光電業,0,20,2,36,-8.8,-6.1,10.0,0.68
8929,富堡,上櫃,其他,0,20,2,36,-3.04,-1.2,12.7,0.53
2882,國泰金,上市,金融保險業,0,20,3,36,-69.46,62.5,86.8,294.87
3083,網龍,上櫃,文化創意業,0,20,3,36,-9.04,1.9,33.0,0.32
4924,欣厚-KY,上櫃,綠能環保,0,20,3,36,-13.56,5.1,64.8,0.7
6886,遠東生技,—,—,0,20,3,36,-8.65,,41.9,
6910,德鴻,上櫃,數位雲端,0,20,3,36,-12.43,2.1,29.0,0.29
7583,國際海洋,—,—,0,20,3,36,-28.33,,40.4,
6790,永豐實,上市,造紙工業,0,20,4,36,-4.1,-2.4,5.7,8.41
3522,御嵿,上櫃,觀光餐旅,0,20,5,36,-6.25,7.1,29.4,0.58
6186,新潤,上櫃,建材營造,0,20,5,36,-100.0,-57.4,41.8,
2719,燦星旅,上櫃,觀光餐旅,0,20,6,36,-22.94,-23.2,11.9,1.19
3540,曜越,上櫃,電腦及週邊設備業,0,20,6,36,-8.72,-11.1,18.5,3.98
8431,匯鑽科,上櫃,其他電子業,0,20,6,36,-13.4,-10.2,14.8,0.87
8466,美吉吉-KY,上市,其他,0,20,7,36,-12.06,-23.0,18.0,2.14
6482,弘煜科,上櫃,文化創意業,0,20,15,36,-21.14,-29.7,12.9,0.3
1229,聯華,上市,食品工業,0,19,1,36,-13.12,-5.9,41.3,8.84
1409,新纖,上市,紡織纖維,0,19,1,36,-8.56,12.0,25.1,34.26
1515,力山,上市,電機機械,0,19,1,36,-7.58,-0.1,41.9,4.6
1532,勤美,上市,電機機械,0,19,1,36,-42.63,-1.7,30.2,16.89
2392,正崴,上市,電子零組件業,0,19,1,36,-24.69,-7.4,30.5,51.88
2468,華經,上市,資訊服務業,0,19,1,36,-28.59,-11.1,24.0,1.99
2705,六福,上市,觀光餐旅,0,19,1,36,-0.66,-0.3,9.6,2.14
3259,鑫創,上櫃,半導體業,0,19,1,36,-35.05,-4.6,43.4,0.17
3603,建祥國際,—,—,0,19,1,36,-7.95,,28.7,
4433,興采,上櫃,紡織纖維,0,19,1,36,-45.52,-18.7,35.5,1.68
6432,今展科,上櫃,電子零組件業,0,19,1,36,-11.79,8.2,15.2,0.82
6572,博錸,—,—,0,19,1,36,-71.86,,577.3,
6597,立誠,上櫃,電子零組件業,0,19,1,36,-6.51,-13.7,10.6,0.62
6620,漢達,上櫃,生技醫療業,0,19,1,36,-79.91,-58.2,51.3,0.67
6682,華旭先進,—,—,0,19,1,36,-21.97,,334.3,
6899,創為精密,上櫃,光電業,0,19,1,36,-14.91,-3.3,22.4,0.87
6987,寶晶能源*,—,—,0,19,1,25,-33.99,,35.9,
8099,大世科,上櫃,資訊服務業,0,19,1,36,-26.59,14.5,32.6,7.21
8101,華冠,上市,通信網路業,0,19,1,36,-60.34,-8.9,65.3,0.26
8354,冠好,上櫃,其他,0,19,1,36,-7.03,4.2,16.6,0.47
8478,東哥遊艇,上市,運動休閒,0,19,1,36,-16.8,-1.3,578.6,5.35
1470,大統新創,上市,紡織纖維,0,19,2,36,-31.32,-11.9,14.0,0.42
4609,唐鋒,上櫃,居家生活,0,19,2,36,-75.74,-24.2,71.1,0.11
6934,心誠鎂,上市,生技醫療業,0,19,2,36,-16.32,42.3,11358.6,0.0
2924,宏太-KY,上櫃,居家生活,0,19,3,36,-45.89,1.6,91.8,0.02
3349,寶德,上櫃,電腦及週邊設備業,0,19,3,36,-49.33,-35.2,42.0,0.21
8924,大田,上櫃,運動休閒,0,19,3,36,-39.65,-8.0,33.6,2.93
3622,洋華,上市,光電業,0,19,4,36,-35.95,-8.2,30.6,1.03
2718,全心投控,上櫃,建材營造,0,19,5,36,-93.09,-89.7,5522.6,0.27
5301,寶得利,上櫃,觀光餐旅,0,19,5,36,-80.33,-28.9,36.5,0.03
6563,映智,—,—,0,19,5,36,-96.03,,66.8,
1541,錩泰,上市,電機機械,0,19,6,36,-45.25,-38.5,26.1,1.85
2630,亞航,上市,航運業,0,19,6,36,-27.23,-22.4,21.8,2.88
6523,達爾膚,上櫃,生技醫療業,0,19,6,36,-14.04,-14.9,21.9,1.29
2474,可成,上市,其他電子業,0,19,7,36,-40.45,-33.1,22.3,10.03
2504,國產,上市,建材營造,0,19,7,36,-8.07,-8.2,7.3,16.43
4413,飛寶企業,上櫃,紡織纖維,0,19,7,36,-50.14,-37.7,169.9,0.51
6895,宏碩系統,上櫃,半導體業,0,19,7,36,-39.51,-32.9,88.8,0.55
6276,安鈦克,上櫃,電腦及週邊設備業,0,19,9,36,-53.79,-48.8,27.2,0.52
1535,中宇,上市,電機機械,0,19,10,36,-28.53,-26.8,20.0,7.01
1722,台肥,上市,化學工業,0,18,1,36,-11.27,4.6,10.8,9.12
1796,金穎生技,上櫃,食品工業,0,18,1,36,-10.89,-0.2,16.3,0.57
2359,所羅門,上市,其他電子業,0,18,1,36,-18.14,4.9,31.8,2.76
2417,圓剛,上市,電腦及週邊設備業,0,18,1,36,-14.54,10.1,15.0,2.53
2542,興富發,上市,建材營造,0,18,1,36,-20.87,261.3,1273.2,30.24
2545,皇翔,上市,建材營造,0,18,1,36,-75.63,-13.7,152.3,0.64
3669,圓展,上市,通信網路業,0,18,1,36,-22.96,8.1,19.8,1.8
5315,光聯,上櫃,光電業,0,18,1,36,-25.09,-8.8,16.5,1.31
5701,劍湖山,上櫃,觀光餐旅,0,18,1,36,-6.89,-7.5,23.5,0.54
5871,中租-KY,上市,其他,0,18,1,36,-0.68,-0.8,3.5,81.69
6163,華電網,上櫃,資訊服務業,0,18,1,36,-26.49,27.1,48.2,4.58
6164,華興,上市,光電業,0,18,1,36,-12.05,-1.5,24.8,0.55
8249,菱光,上市,電子零組件業,0,18,1,36,-3.81,5.1,28.5,2.72
1809,中釉,上市,玻璃陶瓷,0,18,2,36,-4.12,-1.8,12.1,2.12
2228,劍麟,上市,汽車工業,0,18,2,36,-0.62,-2.4,4.6,3.94
2331,精英,上市,電腦及週邊設備業,0,18,2,36,-20.15,9.5,26.5,15.3
4174,浩鼎,上櫃,生技醫療業,0,18,2,34,-23.43,-20.5,118.1,0.01
4960,誠美材,上市,光電業,0,18,2,36,-13.9,-9.7,10.2,6.05
6020,大展證,上櫃,金融業,0,18,2,36,-33.68,474.3,1198.1,0.59
6120,達運,上市,光電業,0,18,2,36,-3.09,-4.7,18.3,13.38
6835,圓裕,上市,電子零組件業,0,18,2,36,-8.43,-6.6,8.2,1.68
6957,裕慶-KY,上市,其他,0,18,2,29,-31.15,8.5,35.6,2.45
9902,台火,上市,其他,0,18,2,36,-81.59,-63.0,204.5,0.02
1436,華友聯,上市,建材營造,0,18,3,36,-87.9,-82.5,44.3,0.54
1713,國化,上市,化學工業,0,18,3,36,-8.6,3.4,14.3,0.39
2429,銘旺科,上市,光電業,0,18,3,36,-9.2,-7.0,36.6,0.28
3086,華義*,上櫃,文化創意業,0,18,3,36,-26.69,-18.5,28.1,0.08
4170,鑫品生醫,—,—,0,18,3,36,-10.13,,17.5,
5859,遠壽,—,—,0,18,3,36,-30.6,,84.1,
6624,萬年清,上櫃,綠能環保,0,18,3,36,-45.72,-31.1,39.7,0.18
6854,錼創科技-KY創,上市,半導體業,0,18,3,36,-47.64,-44.3,21.8,0.59
1789,神隆,上市,生技醫療業,0,18,4,36,-42.18,-12.9,24.6,1.99
4440,宜新實業,上市,紡織纖維,0,18,4,36,-39.33,-0.7,28.6,0.51
4562,穎漢,上市,電機機械,0,18,4,36,-0.98,-14.0,20.4,0.65
1432,大魯閣,上市,運動休閒,0,18,9,36,-35.7,-39.6,20.7,0.82
1103,嘉泥,上市,水泥工業,0,18,10,36,-2.53,-9.0,7.1,2.31
2516,新建,上市,建材營造,0,18,10,36,-16.46,-20.5,18.8,7.12
5011,久陽,上櫃,鋼鐵工業,0,18,10,36,-31.37,-25.0,18.8,2.78
6723,傑智環境,—,—,0,18,10,36,-61.34,,42.2,
8107,大億金茂,上櫃,電機機械,0,18,13,36,-24.85,-31.9,13.3,0.56
6194,育富,上櫃,電子零組件業,0,18,14,36,-26.71,-34.7,13.8,0.85
6958,日盛台駿,上市,其他,0,18,14,36,-4.48,-9.1,4.2,8.22
1614,三洋電,上市,電器電纜,0,17,1,36,-3.1,-5.6,9.0,4.05
2035,唐榮公司,上櫃,鋼鐵工業,0,17,1,36,-27.54,0.6,28.2,6.69
2948,寶陞,上櫃,居家生活,0,17,1,36,-1.35,1.5,7.5,1.84
3373,熱映,上櫃,其他電子業,0,17,1,36,-11.24,8.8,22.4,0.39
3489,森寶,上櫃,建材營造,0,17,1,36,-0.25,70.0,2148.6,0.62
5512,力麒,上櫃,建材營造,0,17,1,36,-7.98,3.7,43.4,4.25
6125,廣運,上櫃,電機機械,0,17,1,36,-1.49,26.9,24.7,3.39
6695,芯鼎,上市,半導體業,0,17,1,36,-6.0,-7.8,16.0,0.85
6858,愛比科技,—,—,0,17,1,36,-25.64,,41.4,
6904,伯鑫,上櫃,其他,0,17,1,36,-4.29,4.3,35.8,0.77
6946,三地能源,—,—,0,17,1,24,-21.18,,13.0,
7595,世基生醫,—,—,0,17,1,36,-67.58,,61.1,
8426,紅木-KY,上櫃,其他,0,17,1,36,-29.27,-4.7,15.6,1.98
8928,鉅明,上櫃,運動休閒,0,17,1,36,-21.77,-13.6,45.5,1.42
8940,新天地,上市,觀光餐旅,0,17,1,36,-3.75,2.3,34.7,0.66
9928,中視,上市,其他,0,17,1,36,-3.41,5.8,16.2,0.64
1446,宏和,上市,紡織纖維,0,17,2,36,-27.01,-55.7,186.2,0.89
3205,佰研,上櫃,生技醫療業,0,17,2,36,-0.37,40.7,61.0,0.35
5519,隆大,上市,建材營造,0,17,2,36,-92.51,-66.8,85.1,1.14
6583,友松,—,—,0,17,2,36,-17.35,,66.0,
6737,秀育,—,—,0,17,2,36,-6.15,,19.4,
7743,金利食安,上櫃,食品工業,0,17,2,29,-16.55,5.7,33.9,0.58
6230,尼得科超眾,上市,電腦及週邊設備業,0,17,3,36,-0.85,6.5,8.7,7.59
2514,龍邦,上市,其他,0,17,4,36,-24.33,-3.0,15.5,16.23
3021,鴻名,上市,電子零組件業,0,17,4,36,-14.0,-4.4,18.2,2.78
4909,新復興,上櫃,通信網路業,0,17,4,36,-43.85,-38.1,43.3,0.16
6536,碩豐,—,—,0,17,4,36,-18.07,,27.4,
8034,榮群,上櫃,通信網路業,0,17,4,36,-0.99,-35.8,195.9,0.83
8092,建暐,上櫃,其他電子業,0,17,4,36,-23.89,-10.7,51.0,0.31
6555,榮炭,—,—,0,17,5,36,-77.75,,309.9,
2913,農林,上市,貿易百貨,0,17,6,36,-7.49,-12.2,8.3,0.33
5481,新華,上櫃,其他,0,17,7,36,-3.12,-7.8,8.0,0.1
6176,瑞儀,上市,光電業,0,17,7,36,-13.63,-7.4,8.6,38.16
6591,動力-KY,上市,電腦及週邊設備業,0,17,7,36,-46.16,-41.7,38.8,0.82
6815,晶鑽生醫,—,—,0,17,7,36,-38.06,,54.8,
9907,統一實,上市,其他,0,17,7,36,-10.05,-11.0,10.2,34.89
1540,喬福,上市,電機機械,0,17,8,36,-50.94,-34.3,31.4,0.25
3593,力銘,上市,電子零組件業,0,17,8,36,-29.8,-44.8,24.4,0.52
3027,盛達,上市,通信網路業,0,17,10,36,-11.21,-45.8,23.4,0.92
7561,光晟生技,—,—,0,17,10,36,-21.7,,10.0,
3024,憶聲,上市,光電業,0,17,12,36,-44.12,-52.8,21.8,0.76
2740,華軒,上櫃,觀光餐旅,0,17,18,36,-58.91,-60.8,4.9,0.04
3376,新日興,上市,電子零組件業,0,17,18,36,-10.0,-12.5,10.0,8.3
1459,聯發,上市,紡織纖維,0,16,1,36,-14.24,-16.7,19.0,0.77
2939,永邑-KY,上市,貿易百貨,0,16,1,36,-39.58,-8.3,39.5,0.18
3272,東碩,上櫃,電腦及週邊設備業,0,16,1,36,-41.79,-8.7,27.6,1.38
4120,友華,上櫃,生技醫療業,0,16,1,36,-3.05,3.1,11.7,3.59
4138,曜亞,上櫃,生技醫療業,0,16,1,36,-1.29,2.4,10.4,1.12
6161,捷波,上櫃,電腦及週邊設備業,0,16,1,36,-18.36,20.3,26.5,1.19
6248,沛波,上櫃,鋼鐵工業,0,16,1,36,-0.24,-17.0,16.4,5.83
6409,旭隼,上市,其他電子業,0,16,1,36,-3.16,-4.1,11.9,17.79
6850,光鼎生技,—,—,0,16,1,36,-28.66,,37.7,
7806,精華生醫,—,—,0,16,1,22,-8.56,,17.8,
9912,偉聯,上市,電腦及週邊設備業,0,16,1,36,-2.35,-1.8,15.3,0.36
9934,成霖,上市,居家生活,0,16,1,36,-15.05,5.9,10.1,11.91
1452,宏益,上市,紡織纖維,0,16,2,36,-33.93,-1.9,25.0,0.7
1467,南緯,上市,紡織纖維,0,16,2,36,-8.04,0.0,21.3,5.09
1570,力肯,上櫃,電機機械,0,16,2,36,-44.0,-8.7,31.8,0.3
4183,福永生技,上櫃,生技醫療業,0,16,2,36,-19.08,-31.4,68.4,0.32
8476,台境*,上市,綠能環保,0,16,2,36,-94.32,-17.8,77.7,0.06
8906,花王,上櫃,其他,0,16,2,36,-3.35,-1.1,20.9,0.17
2235,謚源,上櫃,電機機械,0,16,3,36,-7.1,-3.4,28.9,0.47
1594,日高,—,—,0,16,4,36,-4.95,,21.9,
6222,立軒,上櫃,光電業,0,16,4,36,-43.96,-32.9,64.4,0.0
6843,進典,上櫃,電機機械,0,16,4,36,-17.45,-4.8,18.9,0.6
2530,華建,上市,建材營造,0,16,5,36,-99.86,-96.6,312.7,0.01
1806,冠軍,上市,玻璃陶瓷,0,16,7,36,-16.73,-19.2,16.0,2.05
4406,新昕纖,上櫃,紡織纖維,0,16,7,36,-94.25,-65.6,30.3,0.02
8011,台通,上市,通信網路業,0,16,7,36,-11.08,-19.5,23.3,1.38
8410,森田,上櫃,電腦及週邊設備業,0,16,7,36,-40.92,-25.2,19.4,0.58
3257,虹冠電,上市,半導體業,0,16,8,36,-40.26,-40.5,47.6,0.6
6817,溫士頓,—,—,0,16,10,36,-9.11,,12.6,
3128,昇銳,上櫃,光電業,0,16,11,36,-29.23,-17.0,9.5,0.61
2904,匯僑,上市,其他,0,16,12,36,-18.98,-17.8,4.0,0.35
1324,地球,上市,塑膠工業,0,15,1,36,-36.04,-12.9,16.8,0.4
1589,永冠-KY,上市,電機機械,0,15,1,36,-9.59,3.4,13.6,6.38
1733,五鼎,上市,生技醫療業,0,15,1,36,-0.36,-3.4,17.0,1.46
1737,臺鹽,上市,食品工業,0,15,1,36,-3.87,-5.2,10.7,2.75
2007,燁興,上市,鋼鐵工業,0,15,1,36,-21.38,-22.2,16.5,3.19
3052,夆典,上市,建材營造,0,15,1,36,-10.79,3.1,24.1,2.25
3150,鈺寶-創,上市,半導體業,0,15,1,36,-8.97,-0.4,18.6,0.26
3501,維熹,上市,電子零組件業,0,15,1,36,-1.26,-6.6,12.1,4.45
4137,麗豐-KY,上市,生技醫療業,0,15,1,36,-10.71,5.2,35.0,2.88
4198,欣大健康,上櫃,生技醫療業,0,15,1,36,-3.16,-17.6,53.8,0.15
4538,大詠城,上櫃,電機機械,0,15,1,36,-9.75,5.3,45.2,0.32
4737,華廣,上市,生技醫療業,0,15,1,36,-10.31,-10.7,12.8,1.5
4770,上品,上市,化學工業,0,15,1,36,-29.49,1.5,36.0,4.92
5225,東科-KY,上市,其他電子業,0,15,1,36,-8.96,-3.2,14.5,11.83
5531,鄉林,上市,建材營造,0,15,1,36,-14.06,6.2,45.9,0.75
6216,居易,上市,通信網路業,0,15,1,36,-24.32,-26.3,23.0,0.51
6859,伯特光,上櫃,光電業,0,15,1,36,-10.45,-37.8,22.7,0.53
8105,凌巨,上市,光電業,0,15,1,36,-10.42,-1.0,10.1,7.07
9957,燁聯,—,—,0,15,1,36,-6.82,,26.1,
1521,大億,上市,汽車工業,0,15,2,36,-6.07,9.4,15.0,2.49
2017,官田鋼,上市,鋼鐵工業,0,15,2,36,-17.29,-5.4,15.0,2.19
2908,特力,上市,貿易百貨,0,15,2,36,-5.43,1.5,10.3,26.01
4980,佐臻,—,—,0,15,2,36,-31.58,,70.3,
6744,豐技生技,—,—,0,15,2,36,-38.78,,20.4,
7815,新特,—,—,0,15,2,21,-13.69,,11.1,
8064,東捷,上櫃,光電業,0,15,2,36,-43.49,-0.9,50.9,1.46
3138,耀登,上市,通信網路業,0,15,3,36,-8.23,7.3,13.1,1.41
6839,開陽能源,—,—,0,15,3,36,-58.06,,23.7,
7642,昶瑞機電,上櫃,電機機械,0,15,3,36,-6.72,-26.4,19.2,0.63
1343,旭東環保,—,—,0,15,4,36,-87.48,,96.1,
1439,雋揚,上市,建材營造,0,15,4,36,-70.81,-65.8,745.2,0.36
1441,大東,上市,紡織纖維,0,15,4,36,-13.26,-21.7,15.4,1.08
1707,葡萄王,上市,生技醫療業,0,15,7,36,-20.13,-5.4,15.8,7.06
2349,錸德,上市,光電業,0,15,7,36,-1.27,-5.8,13.8,5.4
6203,海韻電,上櫃,電子零組件業,0,15,7,36,-32.18,-30.3,43.2,1.59
6732,昇佳電子,上櫃,半導體業,0,15,7,36,-9.16,-14.2,11.1,3.05
6742,澤米,上市,光電業,0,15,15,36,-6.88,-39.4,12.9,0.32
2461,光群雷,上市,其他電子業,0,14,1,36,-4.68,2.0,9.7,4.27
2462,良得電,上市,電子零組件業,0,14,1,36,-0.48,-1.2,9.0,3.51
2712,遠雄來,上市,觀光餐旅,0,14,1,36,-2.24,6.6,37.5,0.76
3288,點晶,上櫃,電子零組件業,0,14,1,36,-64.59,1.5,40.8,0.03
6188,廣明,上櫃,電腦及週邊設備業,0,14,1,36,-20.58,-11.0,20.8,5.94
6775,穎台科技,—,—,0,14,1,36,-52.96,,20.4,
7811,民盛,上櫃,運動休閒,0,14,1,21,-2.45,-4.7,21.5,2.23
8085,福華,上櫃,其他電子業,0,14,1,36,-12.78,-1.6,17.5,0.44
9906,欣巴巴,上市,建材營造,0,14,1,36,-56.33,209.5,650729.3,0.61
3545,敦泰,上市,半導體業,0,14,2,36,-8.26,-13.0,10.5,9.13
3552,同致,上櫃,其他電子業,0,14,2,36,-2.14,-3.2,11.8,6.41
4707,磐亞,上櫃,化學工業,0,14,2,36,-46.24,-14.7,29.8,0.73
6638,沅聖,—,—,0,14,2,36,-15.18,,37.2,
6821,聯寶,上櫃,電子零組件業,0,14,2,36,-31.63,-10.2,14.4,0.33
7753,星亞,上櫃,光電業,0,14,2,25,-24.33,-8.7,16.8,0.7
7798,將捷,—,—,0,14,2,23,-4.54,,100.9,
8458,影一,—,—,0,14,2,36,-18.68,,140.9,
3437,榮創,上市,光電業,0,14,3,36,-42.51,-19.0,13.1,0.7
6242,立康,上櫃,生技醫療業,0,14,3,36,-0.5,-4.2,17.8,0.37
6842,瑞宇,—,—,0,14,3,36,-55.71,,48.1,
7443,凡事康,—,—,0,14,3,36,-16.4,,11.8,
8482,商億-KY,上市,居家生活,0,14,3,36,-29.03,1.4,19.4,2.38
7724,諾亞克,—,—,0,14,4,26,-20.38,,22.6,
8443,阿瘦,上市,貿易百貨,0,14,4,36,-14.58,-8.8,9.4,0.86
2206,三陽工業,上市,汽車工業,0,14,7,36,-0.22,-4.8,7.5,48.83
3049,精金,上市,光電業,0,14,7,36,-72.22,-54.1,42.6,0.3
4942,嘉彰,上市,光電業,0,14,7,36,-13.49,-8.0,17.4,4.1
5465,富驊,上櫃,電腦及週邊設備業,0,14,7,36,-4.36,-31.4,20.7,4.11
4999,鑫禾,上市,電子零組件業,0,14,8,36,-26.93,-14.6,11.8,1.07
3078,僑威,上櫃,電子零組件業,0,14,12,36,-49.33,-46.9,19.6,4.03
2012,春雨,上市,鋼鐵工業,0,14,14,36,-6.83,-11.0,8.5,6.28
1455,集盛,上市,紡織纖維,0,13,1,36,-0.79,-15.6,18.4,4.65
1730,花仙子,上市,化學工業,0,13,1,36,-0.22,3.6,7.2,1.97
2338,光罩,上市,半導體業,0,13,1,36,-8.94,-4.5,13.0,4.94
3115,富榮綱,上櫃,電子零組件業,0,13,1,29,-21.17,121.5,150.9,0.01
4195,基米-創,上市,生技醫療業,0,13,1,19,-29.98,-1.8,34.8,0.5
4741,泓瀚,上櫃,化學工業,0,13,1,36,-14.9,15.6,20.8,0.33
6244,茂迪,上櫃,光電業,0,13,1,36,-0.4,14.1,23.2,2.54
6692,進能服,上櫃,綠能環保,0,13,1,36,-4.4,-51.3,81.2,0.82
6928,攸泰科技,上市,電腦及週邊設備業,0,13,1,36,-44.99,-17.7,22.8,1.07
7756,多那之,—,—,0,13,1,28,-5.6,,6.3,
7831,捷博,—,—,0,13,1,17,-4.59,,35.9,
9910,豐泰,上市,運動休閒,0,13,1,36,-2.79,-2.9,6.1,73.7
2314,台揚,上市,通信網路業,0,13,2,36,-48.86,19.7,66.5,0.65
2539,櫻花建,上市,建材營造,0,13,2,27,-8.69,17.8,1626.4,4.42
2915,潤泰全,上市,貿易百貨,0,13,2,36,-15.64,-21.7,24.8,1.58
3685,元創精密,上櫃,電機機械,0,13,2,36,-10.8,27.0,35.3,0.74
4304,勝昱,上櫃,塑膠工業,0,13,2,36,-16.0,2.1,37.1,0.22
6648,斯其大,—,—,0,13,2,36,-93.26,,99.1,
6665,康聯生醫,—,—,0,13,2,36,-4.14,,17.2,
8067,志旭,上櫃,電子通路業,0,13,2,36,-10.19,-18.5,15.7,0.08
8930,青鋼,上櫃,鋼鐵工業,0,13,2,36,-9.57,-4.4,22.6,1.07
1454,台富,上市,紡織纖維,0,13,3,36,-40.51,-21.8,15.3,0.7
5299,杰力,上櫃,半導體業,0,13,3,36,-3.23,-3.3,10.6,1.2
5310,天剛,上櫃,資訊服務業,0,13,3,36,-30.2,-25.9,839.4,0.0
6171,大城地產,上櫃,建材營造,0,13,3,33,-99.9,-87.1,58973.5,0.0
6616,特昇-KY,上櫃,居家生活,0,13,3,36,-2.13,-20.9,20.5,0.79
9914,美利達,上市,運動休閒,0,13,3,36,-20.71,-14.2,14.0,19.59
2201,裕隆,上市,汽車工業,0,13,4,36,-2.02,-3.5,5.8,58.07
6160,欣技,上櫃,電腦及週邊設備業,0,13,4,36,-39.83,-20.4,21.1,0.53
7715,裕山,上櫃,綠能環保,0,13,4,35,-57.92,-42.7,26.6,0.32
2387,精元,上市,電腦及週邊設備業,0,13,5,36,-17.12,-13.2,12.5,14.31
1512,瑞利,上市,汽車工業,0,13,6,36,-20.54,-3.6,27.2,0.9
3325,旭品,上櫃,電腦及週邊設備業,0,13,6,36,-63.71,-47.9,36.3,0.35
6198,瑞築,上櫃,建材營造,0,13,6,32,0.0,10.2,23.5,0.0
6456,GIS-KY,上市,光電業,0,13,6,36,-29.98,-23.6,21.0,42.11
6412,群電,上市,電子零組件業,0,13,7,36,-19.66,-9.9,8.3,24.69
6698,旭暉應材,上市,其他電子業,0,13,7,36,-42.38,-31.7,47.6,0.69
6780,學習王,—,—,0,13,7,36,-15.26,,18.0,
2760,巨宇翔,—,—,0,13,8,36,-50.17,,61.3,
6246,臺龍,上櫃,光電業,0,13,10,36,-9.99,-18.0,10.6,1.12
2038,海光,上市,鋼鐵工業,0,13,14,36,-16.53,-18.0,13.2,4.81
6123,上奇,上櫃,資訊服務業,0,13,17,36,-3.19,-7.0,5.4,5.28
1525,江申,上市,汽車工業,0,12,1,36,-21.45,7.2,19.9,0.95
1805,寶徠,上市,建材營造,0,12,1,36,-0.86,7.2,18669.7,0.0
4535,至興,上櫃,電機機械,0,12,1,36,-9.43,-2.9,13.5,2.01
6887,寶綠特-KY,上市,綠能環保,0,12,1,22,-5.97,-0.6,61.5,2.77
8329,台視,—,—,0,12,1,36,-10.91,,24.3,
1444,力麗,上市,紡織纖維,0,12,2,36,-14.56,16.0,28.8,4.44
4994,傳奇,上市,資訊服務業,0,12,2,36,-10.94,-4.0,19.4,0.86
1434,福懋,上市,紡織纖維,0,12,3,36,-7.16,-4.7,8.5,20.27
3609,三一東林,上櫃,電子零組件業,0,12,3,36,-0.09,-31.6,249.2,0.16
8240,華宏,上櫃,光電業,0,12,3,36,-12.59,-10.2,7.1,5.28
9960,邁達康,上櫃,運動休閒,0,12,3,36,-9.22,5.4,21.9,0.48
1218,泰山,上市,食品工業,0,12,4,36,-48.01,-10.6,17.8,5.31
6676,祥翊,—,—,0,12,4,36,-25.96,,66.4,
2385,群光,上市,電子零組件業,0,12,5,36,-23.12,-8.5,7.6,65.21
6867,坦德科技,—,—,0,12,5,36,-34.38,,33.4,
7760,享溫馨,上市,觀光餐旅,0,12,5,27,-5.36,-6.0,19.5,0.99
5364,力麗店,上櫃,觀光餐旅,0,12,6,36,-80.59,-58.3,31.5,0.07
2067,嘉鋼,上櫃,電機機械,0,12,7,36,-0.88,-9.0,14.8,0.8
3518,柏騰,上市,其他電子業,0,12,7,36,-18.86,-25.1,23.8,0.23
6639,源大環能,—,—,0,12,7,36,-31.63,,42.5,
7770,君曜,上櫃,半導體業,0,12,7,25,-45.18,-49.2,28.4,0.25
1526,日馳,上市,電機機械,0,12,8,36,-29.41,-19.9,17.4,0.42
8080,泰霖,上櫃,建材營造,0,12,8,36,-30.35,-55.9,79.2,0.11
2254,巨鎧精密-創,上市,汽車工業,0,12,11,36,-92.05,-82.5,38.2,0.04
1108,幸福,上市,水泥工業,0,12,13,36,-15.69,-18.6,4.9,2.9
1565,精華,上櫃,生技醫療業,0,12,14,36,-12.46,-16.3,6.3,3.02
6294,智基,上櫃,文化創意業,0,12,19,36,-8.7,-12.2,3.0,0.62
1314,中石化,上市,塑膠工業,0,12,24,36,-24.4,-30.2,11.5,9.28
2023,燁輝,上市,鋼鐵工業,0,11,1,36,-14.31,-6.7,9.3,47.77
3490,單井,上櫃,光電業,0,11,1,36,-5.31,6.4,25.1,0.24
3523,迎輝,上櫃,光電業,0,11,1,36,-90.7,-41.9,75.3,0.04
4564,元翎,上市,電機機械,0,11,1,36,-12.18,-28.8,22.1,0.59
7764,聖州,—,—,0,11,1,25,-3.92,,9.3,
7801,華芸科技,—,—,0,11,1,22,-23.0,,33.2,
7825,和亞智慧,上櫃,其他電子業,0,11,1,18,-41.89,-30.3,45.8,0.21
8291,尚茂,上櫃,電子零組件業,0,11,1,36,-72.35,78.8,159.3,0.0
1219,福壽,上市,食品工業,0,11,2,36,-14.36,-4.8,8.0,9.85
2063,世鎧精密,上櫃,鋼鐵工業,0,11,2,36,-16.94,-8.5,14.9,0.61
3527,聚積,上櫃,半導體業,0,11,2,36,-16.39,-5.8,14.2,1.0
6556,勝品,上櫃,光電業,0,11,2,36,-10.48,2.1,17.4,1.14
6814,路迦生醫,—,—,0,11,2,36,-36.13,,12.4,
2252,為昇科,—,—,0,11,3,36,-47.16,,20.2,
4552,力達-KY,上市,電機機械,0,11,3,36,-13.84,-8.4,7.2,2.53
6167,久正,上櫃,光電業,0,11,3,36,-12.58,0.7,26.0,0.82
7777,能率亞洲,上櫃,其他,0,11,3,24,-187.36,-29.4,516.7,-0.52
2231,為升,上市,汽車工業,0,11,4,36,-25.85,-14.7,15.0,2.23
6477,安集,上市,光電業,0,11,4,36,-17.29,8.5,32.0,0.74
3252,海灣,上櫃,觀光餐旅,0,11,5,36,-39.35,-7.7,15.6,0.27
6512,啟發電,上櫃,其他電子業,0,11,5,36,-69.1,-54.5,42.0,0.06
6754,匯僑設計,上市,居家生活,0,11,5,36,-7.78,-15.8,12.4,3.32
6144,得利影,上櫃,文化創意業,0,11,6,36,-2.87,-8.7,10.4,0.14
3615,安可,上櫃,光電業,0,11,7,36,-46.65,-30.1,19.4,0.43
4804,大略-KY,上櫃,觀光餐旅,0,11,9,36,-97.52,-98.3,50.9,0.0
8277,商丞,上櫃,半導體業,0,11,11,36,-18.79,-57.5,25.7,0.12
6865,偉康科技,上櫃,數位雲端,0,11,14,36,-56.55,-50.0,12.2,0.14
1471,首利,上市,電子零組件業,0,11,18,36,-59.21,-52.9,10.2,0.06
4935,茂林-KY,上市,光電業,0,11,18,36,-18.42,-24.8,10.0,4.0
6552,易華電,上市,半導體業,0,11,20,36,-21.34,-28.2,8.9,0.83
8444,綠河-KY,上櫃,其他,0,11,24,36,-58.5,-59.0,13.2,1.09
6592,和潤企業,上市,其他,0,11,25,36,-4.04,-4.1,2.8,18.73
1530,亞崴,上市,電機機械,0,10,1,36,-42.94,-10.0,32.0,0.87
2498,宏達電,上市,通信網路業,0,10,1,36,-7.71,-6.9,11.4,2.46
2614,東森,上市,其他,0,10,1,36,-6.44,-3.7,5.1,4.44
2938,床的世界,上櫃,居家生活,0,10,1,36,-16.76,0.8,13.9,0.57
7803,雲象科技-創,上市,生技醫療業,0,10,3,22,-88.96,-64.9,1446.7,0.07
1417,嘉裕,上市,紡織纖維,0,10,4,36,-17.31,-0.9,50.3,0.24
8935,邦泰,上櫃,其他,0,10,5,36,-17.68,-12.4,26.8,0.36
5704,老爺知,上櫃,觀光餐旅,0,10,6,36,-98.08,-46.0,1283.6,0.01
1435,中福,上市,其他,0,10,8,36,0.0,0.0,18.6,0.0
6915,美強光,—,—,0,10,14,36,-65.73,,15.0,
3092,鴻碩,上市,電子零組件業,0,9,1,36,-12.9,-5.3,12.2,1.13
4168,醣聯,上櫃,生技醫療業,0,9,1,24,-97.21,-54.1,4729.9,0.0
6114,久威,上櫃,電子零組件業,0,9,1,36,-25.14,-13.7,13.4,0.53
6872,浩宇生醫,上櫃,生技醫療業,0,9,1,21,-65.33,197.0,1153.7,0.01
8450,霹靂,上櫃,文化創意業,0,9,1,36,-32.32,37.7,98.9,0.14
9943,好樂迪,上市,觀光餐旅,0,9,1,36,-5.75,-5.3,13.9,1.91
1225,福懋油,上市,食品工業,0,9,2,36,-23.83,-1.6,11.7,7.16
2020,美亞,上市,鋼鐵工業,0,9,2,36,-37.05,-21.6,25.0,2.72
7840,祥圃,—,—,0,9,2,16,-12.39,,9.9,
4133,亞諾法,上市,生技醫療業,0,9,3,36,-14.66,-5.0,6.4,0.27
4190,佐登-KY,上市,生技醫療業,0,9,3,36,-1.01,-4.4,9.6,1.63
1538,正峰,上市,電機機械,0,9,4,36,-58.08,-50.4,28.6,0.04
1569,濱川,上櫃,電腦及週邊設備業,0,9,5,36,-25.28,-7.6,9.4,2.09
7819,精誠金融,上櫃,資訊服務業,0,9,5,20,-27.19,-34.5,22.2,0.24
1102,亞泥,上市,水泥工業,0,9,7,36,-1.29,-6.6,6.9,55.9
1109,信大,上市,水泥工業,0,9,7,36,-26.47,-18.2,17.3,2.69
1468,昶和,上市,紡織纖維,0,9,7,36,-52.63,-42.7,27.9,0.23
7783,佳運,—,—,0,9,8,23,-24.31,,78.4,
6470,宇智,上櫃,通信網路業,0,9,14,36,-31.28,-44.9,11.3,1.18
1583,程泰,上市,電機機械,0,8,1,36,-10.13,5.5,23.1,3.37
2014,中鴻,上市,鋼鐵工業,0,8,1,36,-29.31,-7.6,25.7,10.25
2722,夏都,上市,觀光餐旅,0,8,1,36,-2.1,-0.0,24.0,0.68
5906,台南-KY,上市,貿易百貨,0,8,2,36,-5.63,-1.7,17.9,1.23
1414,東和,上市,紡織纖維,0,8,3,36,-5.63,-7.9,10.0,0.32
4528,江興鍛,上櫃,電機機械,0,8,3,36,-1.07,-6.1,8.8,1.12
6621,華宇藥,—,—,0,8,3,36,-25.81,,14.0,
6988,威力暘-創,上市,汽車工業,0,8,3,25,-11.12,-13.2,12.2,0.54
6243,迅杰,上市,半導體業,0,8,13,36,-32.53,-48.9,14.2,0.32
1203,味王,上市,食品工業,0,8,16,36,-2.11,-9.1,8.4,4.6
7723,築間,上櫃,觀光餐旅,0,8,19,33,-20.11,-19.0,4.3,3.56
2227,裕日車,上市,汽車工業,0,7,1,36,-3.46,-14.4,15.0,10.6
2430,燦坤,上市,電子通路業,0,7,1,36,-0.32,-1.2,4.0,14.77
6615,慧智,上櫃,生技醫療業,0,7,1,36,-2.43,-2.3,6.7,0.3
6804,明係,上櫃,運動休閒,0,7,1,36,-2.74,5.2,43.5,1.2
6882,甲尚,—,—,0,7,1,36,-35.2,,13.4,
7867,特力屋,—,—,0,7,1,12,-2.7,,7.8,
3473,智通聯網,—,—,0,7,2,14,-21.35,,9207.3,
1305,華夏,上市,塑膠工業,0,7,3,36,-11.24,0.2,26.1,6.82
2903,遠百,上市,貿易百貨,0,7,3,36,-0.63,-0.5,8.9,26.15
6674,鋐寶科技,上市,通信網路業,0,7,4,36,-45.45,-28.7,35.8,0.2
8359,錢櫃,—,—,0,7,6,36,-7.84,,10.5,
2431,聯昌,上市,電子零組件業,0,7,7,36,-47.32,-47.6,23.1,0.15
3521,台鋼建設,上櫃,建材營造,0,7,7,36,-98.05,-94.2,136.5,0.0
2457,飛宏,上市,電子零組件業,0,7,10,36,-17.75,-9.6,10.2,7.68
5227,立凱-KY,上櫃,電子零組件業,0,7,17,36,-85.49,-80.8,23.9,0.02
3011,今皓,上市,電子零組件業,0,7,18,36,-20.81,-34.2,8.2,0.41
1516,川飛,上市,其他,0,6,1,29,-2.05,30.6,73.3,0.1
7885,宏羚,—,—,0,6,1,9,-3.91,,14.3,
7889,騰勢,—,—,0,6,1,9,-1.36,,13.4,
7872,登豐,—,—,0,6,3,12,-28.69,,21.1,
7877,海利普,—,—,0,6,3,10,-36.31,,32.9,
7791,皇家可口,上市,食品工業,0,6,6,22,-6.79,-7.5,8.9,2.68
2723,美食-KY,上市,觀光餐旅,0,6,16,36,-3.23,-10.1,5.8,14.38
1440,南紡,上市,紡織纖維,0,5,1,36,-4.22,-11.8,13.2,10.5
6919,康霈*,上市,生技醫療業,0,5,3,16,-100.0,-86.1,2166.5,
7851,慧康生技*-KY,—,—,0,5,3,11,-21.9,,40.5,
7890,明曜科技,—,—,0,5,3,8,-32.82,,352.6,
4767,誠泰科技,上櫃,化學工業,0,5,6,36,-12.79,-11.0,8.1,0.71
1325,恆大,上市,塑膠工業,0,5,14,36,-23.58,-23.0,11.3,0.16
2642,宅配通,上市,航運業,0,5,17,36,-17.08,-18.3,6.0,2.54
3576,聯合再生,上市,光電業,0,4,1,36,-13.03,-14.6,39.1,2.45
3716,中化控股,上市,生技醫療業,0,4,1,12,-1.18,-2.1,3.6,6.32
4745,合富-KY,上櫃,生技醫療業,0,4,1,36,-13.25,-4.0,21.7,2.26
6838,台新藥,上市,生技醫療業,0,4,1,11,-50.71,804.2,296.3,
7862,聚泰,—,—,0,4,1,11,-30.8,,20.8,
7879,益材科技,—,—,0,4,1,11,-13.36,,72.7,
7880,聖凰,—,—,0,4,4,10,-33.63,,77.8,
3323,加百裕,上櫃,電腦及週邊設備業,0,4,7,36,-46.97,-17.1,13.9,2.81
2239,英利-KY,上市,汽車工業,0,4,8,36,-27.53,-14.6,8.0,10.69
1445,大宇,上市,紡織纖維,0,3,1,36,-15.68,-19.0,22.9,0.54
3531,先益,上櫃,光電業,0,3,16,36,-6.57,-25.7,9.5,0.86
2911,麗嬰房,上市,貿易百貨,0,3,19,36,-22.67,-27.0,11.0,1.39
4194,禾生技,—,—,0,3,19,26,-100.0,,0.0,
8477,創業家,上櫃,數位雲端,0,2,2,36,-3.78,-12.5,34.3,0.25
6405,悅城,上市,光電業,0,2,3,36,-91.85,-59.7,89.1,0.0
7745,紅陽,—,—,0,2,3,29,-4.77,,8.7,
7860,得生製藥,—,—,0,2,3,13,-8.97,,12.5,
7897,禾迅綠電,—,—,0,1,3,8,-9.5,,5.9,
6875,國邑*,上櫃,生技醫療業,0,1,5,8,-93.79,-89.6,53.9,0.0
7799,禾榮科,上市,生技醫療業,0,1,5,7,-62.21,-7.2,153.0,0.0
7832,智新生技*,—,—,0,1,5,11,-100.0,,86.4,
6492,生華科,上櫃,生技醫療業,0,1,11,36,-3.61,-3.9,27.4,0.0
6932,水星生醫*,—,—,0,0,10,10,-100.0,,0.0,
2601,益航,上市,航運業,0,0,36,36,-59.09,-55.3,25.1,1.42
3038,全台,上市,光電業,0,0,36,36,-10.99,-7.3,6.9,2.44
6443,元晶,上市,光電業,0,0,36,36,-22.98,-36.2,18.9,0.67
