symbol,sector,name,as_of_date,t_price,cum_ret_4w,cum_ret_13w,cum_ret_26w,point,di,cum_ret_4w_rank_in_sector,cum_ret_13w_rank_in_sector,cum_ret_26w_rank_in_sector,cms_a,surprise_l1,surprise_l2,pre_earnings_14d,above_50ma,ma50,amp_10d_pct,vp_ratio_stock,vcp,high_52w,pct_from_high,ret_5d,ret_20d,up_days_20,down_days_20,up_avg_vol,down_avg_vol,ud_ratio,vol_today,vol_10d_avg,vol_3w_avg,vol_ratio_stock_20d,vp_score_stock,point_rank_in_sector,vp_score_rank_in_sector,vol_rank_in_sector,composite_in_sector,composite_rank_in_sector,stock_gap_alert,earnings_passed
LYV,Communication Services,Live Nation Entertainment,2022-02-21,126.04,19.73,21.74,45.04,32.89,1.0,3,2,1,2.3,-80.66,428.21,False,True,114.19,13.01,0.972,False,127.75,-1.34,8.21,24.01,13.0,7.0,2551100.0,2624714.0,1.857,3431800.0,3380290.0,2773120.0,1.238,100.0,1,1,2,1.2,1,,False
OMC,Communication Services,Omnicom Group,2022-02-21,71.89,12.9,25.57,17.36,18.3,1.0,5,1,2,3.2,23.37,20.35,False,True,66.29,7.9,1.14,False,78.16,-8.02,-0.24,14.97,10.0,10.0,2236210.0,1961590.0,1.0,1739500.0,1733650.0,2255820.0,0.771,93.84,2,11,12,7.6,5,吃老本,True
TKO,Communication Services,TKO Group Holdings,2022-02-21,54.74,20.33,14.36,13.23,15.28,1.0,2,3,3,2.5,,,False,True,48.19,9.62,1.245,False,65.63,-16.59,-0.05,20.01,13.0,7.0,828615.0,665642.0,1.857,603200.0,857030.0,842373.0,0.716,100.0,3,1,17,5.0,2,,False
FOXA,Communication Services,Fox Corporation (Class A),2022-02-21,39.42,4.16,11.03,13.02,10.31,1.0,7,5,4,5.8,183.6,7.65,False,True,37.34,10.98,1.216,False,42.42,-7.07,-2.66,9.2,9.0,11.0,4018955.0,3306136.0,0.818,2905300.0,3441890.0,3789500.0,0.767,88.0,4,14,13,9.8,9,吃老本,True
FOX,Communication Services,Fox Corporation (Class B),2022-02-21,35.9,4.14,9.01,11.5,9.04,1.0,8,7,5,7.1,316.67,-82.89,False,True,34.13,10.55,0.925,False,39.29,-8.64,-1.11,9.2,9.0,11.0,1119755.0,1210654.0,0.818,960600.0,1260960.0,1208726.0,0.795,83.53,5,17,10,10.8,12,吃老本,True
TTD,Communication Services,Trade Desk (The),2022-02-21,83.63,31.49,-19.57,3.79,4.87,0.667,1,21,6,8.0,51.18,19.98,False,True,79.0,20.57,1.083,False,114.09,-26.7,5.31,38.99,13.0,7.0,7783438.0,7188142.0,1.857,5456300.0,8339120.0,7797600.0,0.7,100.0,6,1,19,6.6,3,,True
WBD,Communication Services,Warner Bros. Discovery,2022-02-21,28.24,4.01,14.24,-0.14,4.49,0.667,10,4,10,8.2,-84.84,76.02,False,True,27.12,18.55,0.882,False,78.14,-63.86,-5.46,11.89,9.0,11.0,8865522.0,10055281.0,0.818,9585400.0,8694220.0,8275726.0,1.158,82.65,7,18,5,11.0,13,吃老本,False
VZ,Communication Services,Verizon,2022-02-21,40.4,2.31,5.74,1.19,2.61,1.0,13,8,9,10.7,2.18,3.64,False,True,39.48,5.29,1.046,False,43.15,-6.36,1.01,5.72,11.0,9.0,21207381.0,20273722.0,1.222,31444200.0,20200180.0,18843060.0,1.669,90.48,8,13,1,8.6,8,,True
NWS,Communication Services,News Corp (Class B),2022-02-21,21.49,2.67,3.38,1.28,2.15,1.0,11,10,8,10.1,45.06,53.33,False,False,21.59,13.98,1.036,False,25.1,-14.37,-3.12,6.18,13.0,7.0,602169.0,581442.0,1.857,789000.0,574190.0,638126.0,1.236,98.44,9,6,3,6.6,3,,True
TTWO,Communication Services,Take-Two Interactive,2022-02-21,165.28,4.12,-2.58,3.28,2.02,0.667,9,14,7,10.1,101.06,18.58,False,False,166.99,12.68,1.435,False,198.13,-16.58,1.94,5.11,10.0,10.0,2630700.0,1833850.0,1.0,1557900.0,1638000.0,2170920.0,0.718,93.95,10,10,16,11.2,14,,True
TMUS,Communication Services,T-Mobile US,2022-02-21,119.98,15.47,10.51,-9.34,1.83,0.667,4,6,15,6.8,116.3,4.71,False,True,111.08,7.73,1.272,False,143.64,-16.47,0.73,18.33,13.0,7.0,6162946.0,4846071.0,1.857,3816600.0,4292310.0,5159300.0,0.74,100.0,11,1,14,7.6,5,剛爆發,True
NWSA,Communication Services,News Corp (Class A),2022-02-21,21.4,2.39,3.87,-1.57,0.78,0.667,12,9,11,10.9,45.06,53.33,False,True,21.34,14.17,1.22,False,26.74,-19.98,-2.11,5.69,12.0,8.0,3724033.0,3051275.0,1.5,4092800.0,3121210.0,3428740.0,1.194,96.43,12,7,4,8.4,7,,True
GOOGL,Communication Services,Alphabet Inc. (Class A),2022-02-21,133.28,0.83,-5.43,-6.63,-4.46,0.333,17,15,12,15.4,12.65,20.02,False,False,137.28,10.67,1.078,False,150.21,-11.28,1.45,4.23,12.0,8.0,49623666.0,46015750.0,1.5,36406000.0,37917000.0,41726666.0,0.872,94.49,13,9,9,10.6,10,,True
T,Communication Services,AT&T,2022-02-21,14.07,-5.16,1.39,-7.14,-4.51,0.333,20,12,14,16.4,3.33,10.28,False,False,14.56,7.59,0.969,False,18.47,-23.83,0.63,-0.87,9.0,11.0,72200588.0,74472448.0,0.818,59026965.0,61049401.0,60466347.0,0.976,78.97,14,19,7,14.6,18,,True
GOOG,Communication Services,Alphabet Inc. (Class C),2022-02-21,133.34,0.92,-5.8,-6.94,-4.69,0.333,16,16,13,15.4,12.52,20.44,False,False,137.36,10.91,1.03,False,150.77,-11.56,1.67,4.18,12.0,8.0,38834833.0,37691250.0,1.5,26236000.0,31535400.0,33672666.0,0.779,93.71,15,12,11,13.0,16,,True
EA,Communication Services,Electronic Arts,2022-02-21,125.7,-2.43,2.31,-9.73,-4.89,0.333,18,11,16,15.5,369.1,79.79,False,False,129.43,9.67,1.377,False,145.07,-13.36,-1.3,-1.79,9.0,11.0,2888133.0,2096745.0,0.818,2058600.0,1940790.0,1964700.0,1.048,84.78,16,16,6,14.0,17,,True
DIS,Communication Services,Walt Disney Company (The),2022-02-21,144.98,7.86,0.96,-16.99,-6.29,0.667,6,13,18,10.5,71.97,-23.41,False,True,144.67,11.09,1.332,False,196.84,-26.35,-2.24,10.42,12.0,8.0,14487408.0,10872637.0,1.5,10149500.0,11910100.0,14180600.0,0.716,100.0,17,1,17,10.6,10,剛爆發,True
CMCSA,Communication Services,Comcast,2022-02-21,37.83,-5.33,-7.43,-20.01,-13.2,0.0,21,17,19,19.4,,,,,,,,,,,,,,,,,,,,,,,18,20,20,,20,,False
ECHO,Communication Services,EchoStar,2022-02-21,22.8,-3.92,-19.46,-15.37,-13.53,0.0,19,20,17,18.9,,,,,,,,,,,,,,,,,,,,,,,19,20,20,,20,,False
CHTR,Communication Services,Charter Communications,2022-02-21,601.16,1.81,-10.66,-25.52,-14.97,0.333,14,19,20,16.7,29.62,13.09,False,False,611.0,8.29,1.037,False,825.62,-27.19,0.56,7.15,12.0,8.0,1984116.0,1913287.0,1.5,1847300.0,2359450.0,2032140.0,0.909,95.16,20,8,8,12.8,15,剛爆發,True
PSKY,Communication Services,Paramount Skydance Corporation,2022-02-21,26.61,-10.34,-8.63,-26.7,-18.09,0.0,22,18,21,20.6,,,,,,,,,,,,,,,,,,,,,,,21,20,20,,20,,False
NFLX,Communication Services,Netflix,2022-02-21,39.08,1.68,-41.29,-30.08,-24.94,0.333,15,23,22,18.8,59.66,24.49,False,False,48.48,14.6,1.178,False,70.1,-44.25,1.07,1.06,10.0,10.0,96268600.0,81721200.0,1.0,48416000.0,60124100.0,66104266.0,0.732,86.68,22,15,15,17.8,19,剛爆發,True
META,Communication Services,Meta Platforms,2022-02-21,208.65,-30.24,-36.82,-43.52,-38.52,0.0,23,22,23,22.7,,,,,,,,,,,,,,,,,,,,,,,23,20,20,,20,,False
EXPE,Consumer Discretionary,Expedia Group,2022-02-21,197.48,14.67,25.11,36.25,28.07,1.0,2,1,1,1.5,63.02,100.24,False,True,181.99,17.64,0.888,False,215.05,-8.17,-4.48,16.76,12.0,8.0,3499408.0,3941037.0,1.5,3035700.0,4502330.0,4174353.0,0.727,96.3,1,8,19,7.4,3,吃老本,True
MAR,Consumer Discretionary,Marriott International,2022-02-21,167.51,9.41,18.27,28.19,21.01,1.0,5,3,3,4.0,30.18,0.38,False,True,157.86,12.65,0.823,False,177.71,-5.74,-2.13,13.44,14.0,6.0,2635914.0,3201516.0,2.333,2805800.0,3263840.0,2908120.0,0.965,100.0,2,1,8,2.8,1,,True
RL,Consumer Discretionary,Ralph Lauren Corporation,2022-02-21,122.76,22.71,15.9,14.75,17.03,1.0,1,6,6,3.5,34.69,30.89,False,True,107.9,11.3,1.302,False,127.72,-3.88,5.85,25.11,14.0,6.0,1529914.0,1175016.0,2.333,1097300.0,1421230.0,1398213.0,0.785,100.0,3,1,15,4.6,2,,True
F,Consumer Discretionary,Ford Motor Company,2022-02-21,13.35,-8.75,-9.26,35.33,13.16,0.333,46,24,2,30.6,-37.28,86.44,False,False,15.23,14.33,0.95,False,19.27,-30.72,1.65,-8.33,8.0,12.0,93178600.0,98114133.0,0.667,78888000.0,82599530.0,95180933.0,0.829,72.28,4,27,13,15.0,16,吃老本,False
HLT,Consumer Discretionary,Hilton Worldwide,2022-02-21,148.67,5.08,10.62,18.12,12.98,1.0,13,7,5,9.6,-1.82,-6.64,False,True,146.6,15.23,0.976,False,158.82,-6.39,-1.55,9.78,11.0,9.0,2981172.0,3053688.0,1.222,1949000.0,3388290.0,3196086.0,0.61,90.66,5,15,25,13.0,11,吃老本,True
AZO,Consumer Discretionary,AutoZone,2022-02-21,1864.63,-4.43,2.78,20.42,9.79,0.667,32,12,4,20.4,22.56,19.15,False,False,1984.21,12.34,0.934,False,2110.0,-11.63,-1.5,-2.26,10.0,10.0,181700.0,194530.0,1.0,187200.0,172480.0,182540.0,1.026,79.39,6,23,5,12.6,10,吃老本,True
RCL,Consumer Discretionary,Royal Caribbean Group,2022-02-21,81.46,12.4,23.21,0.6,9.2,1.0,3,2,15,5.1,-21.98,-16.51,False,True,78.08,16.65,0.97,False,96.51,-15.6,-1.62,10.25,10.0,10.0,4664850.0,4811150.0,1.0,3125800.0,3993870.0,4829820.0,0.647,87.47,7,17,23,14.2,12,吃老本,False
ORLY,Consumer Discretionary,O’Reilly Automotive,2022-02-21,43.65,1.74,2.99,10.61,6.49,1.0,19,11,8,14.4,25.98,11.86,False,False,44.57,9.62,0.989,False,47.39,-7.9,-3.0,3.16,13.0,7.0,9551076.0,9653357.0,1.857,6058500.0,9791700.0,9975900.0,0.607,95.87,8,9,26,12.0,8,,True
MGM,Consumer Discretionary,MGM Resorts,2022-02-21,45.1,8.38,7.82,4.17,6.14,1.0,7,8,12,8.3,663.84,192.11,False,True,43.9,16.97,1.054,False,51.15,-11.82,3.3,11.08,11.0,9.0,5925509.0,5620700.0,1.222,5417900.0,5604760.0,6201826.0,0.874,94.75,9,10,11,9.8,5,,True
LVS,Consumer Discretionary,Las Vegas Sands,2022-02-21,42.04,3.27,17.56,1.39,5.9,1.0,18,4,13,12.8,6.08,-74.2,False,True,39.39,13.53,1.027,False,63.06,-33.32,-5.4,5.8,12.0,8.0,7494158.0,7296862.0,1.5,7213700.0,7867180.0,7580613.0,0.952,91.79,10,14,9,11.4,7,,True
MCD,Consumer Discretionary,McDonald's,2022-02-21,224.84,-2.59,0.33,6.2,2.53,0.667,26,14,10,19.2,-4.8,11.93,False,False,233.71,7.62,1.134,False,244.4,-8.0,-0.59,0.29,7.0,13.0,3285800.0,2897884.0,0.538,4549700.0,3406060.0,3103700.0,1.466,77.85,11,25,2,14.8,15,吃老本,False
HAS,Consumer Discretionary,Hasbro,2022-02-21,80.84,8.31,-1.32,-0.32,1.59,0.333,9,16,17,12.7,37.97,15.3,False,False,81.01,16.19,1.079,False,87.88,-8.01,-2.39,10.15,12.0,8.0,1506133.0,1395912.0,1.5,962000.0,1436640.0,1454206.0,0.662,96.51,12,7,22,12.0,8,,True
CCL,Consumer Discretionary,Carnival Corporation,2022-02-21,20.88,11.23,17.55,-13.35,0.52,0.667,4,5,32,9.9,-15.65,-20.22,False,True,20.77,22.94,1.128,False,31.18,-33.06,-5.89,10.41,9.0,11.0,40912744.0,36272472.0,0.818,34048000.0,37106160.0,37920853.0,0.898,85.9,13,18,10,14.4,14,,True
DRI,Consumer Discretionary,Darden Restaurants,2022-02-21,124.88,4.74,4.0,-3.84,0.26,0.667,14,10,22,14.4,2.98,6.37,False,True,123.18,10.54,1.123,False,139.37,-10.4,1.56,7.18,13.0,7.0,1135615.0,1011642.0,1.857,738000.0,997320.0,1101773.0,0.67,100.0,14,1,21,10.2,6,剛爆發,True
TPR,Consumer Discretionary,"Tapestry, Inc.",2022-02-21,36.26,8.32,-1.86,-3.22,0.01,0.333,8,17,21,13.3,12.16,17.95,False,True,35.09,9.1,1.009,False,43.63,-16.9,2.28,9.98,13.0,6.0,3640230.0,3608716.0,2.167,3799400.0,3752950.0,3857533.0,0.985,100.0,15,1,7,7.8,4,剛爆發,True
ABNB,Consumer Discretionary,Airbnb,2022-02-21,155.09,8.63,-10.8,0.59,-0.25,0.667,6,25,16,13.7,89.35,73.77,False,False,162.19,29.91,1.088,False,215.49,-28.03,-15.53,12.05,12.0,8.0,7572741.0,6961512.0,1.5,6173200.0,9662570.0,8229526.0,0.75,92.56,16,11,17,14.2,12,,True
BKNG,Consumer Discretionary,Booking Holdings,2022-02-21,89.36,-5.45,5.84,-1.04,-0.42,0.333,37,9,18,24.8,17.08,14.14,False,False,95.08,22.88,0.763,False,106.37,-15.99,-13.05,-3.31,11.0,9.0,10967954.0,14380000.0,1.222,13652500.0,14408000.0,13540833.0,1.008,74.47,17,26,6,18.4,20,吃老本,True
TSLA,Consumer Discretionary,"Tesla, Inc.",2022-02-21,269.96,-4.31,-25.15,13.76,-0.48,0.333,31,42,7,29.5,6.88,15.22,False,False,321.18,26.6,1.104,False,414.5,-34.87,-7.59,-2.32,10.0,10.0,80356590.0,72777900.0,1.0,76067700.0,76959780.0,71555540.0,1.063,79.9,18,22,4,16.8,17,,True
LOW,Consumer Discretionary,Lowe's,2022-02-21,200.33,-6.73,-11.22,7.19,-0.89,0.333,44,26,9,31.6,5.23,16.06,False,False,217.92,10.75,0.951,False,239.87,-16.49,-2.06,-2.99,10.0,10.0,3497510.0,3678080.0,1.0,4613300.0,4218770.0,3758386.0,1.227,79.02,19,24,3,17.8,19,,True
ULTA,Consumer Discretionary,Ulta Beauty,2022-02-21,378.07,5.36,-5.37,-2.37,-1.19,0.333,12,20,20,16.0,60.33,70.21,False,True,378.01,11.29,1.043,False,422.43,-10.5,2.42,7.53,11.0,9.0,656927.0,629744.0,1.222,466000.0,702920.0,687320.0,0.678,92.08,20,13,20,17.2,18,剛爆發,True
TSCO,Consumer Discretionary,Tractor Supply,2022-02-21,37.08,-6.19,-11.75,4.98,-1.99,0.333,42,28,11,31.6,4.63,16.61,False,False,40.72,16.53,1.064,False,44.13,-15.98,-6.0,-3.69,11.0,9.0,5164818.0,4855000.0,1.222,4210000.0,5504000.0,5086633.0,0.828,82.34,21,20,14,19.2,22,,True
YUM,Consumer Discretionary,Yum! Brands,2022-02-21,114.05,1.68,0.08,-5.25,-2.19,0.667,20,15,25,19.5,-6.66,12.57,False,False,117.9,6.82,1.19,False,128.32,-11.12,0.19,3.73,10.0,10.0,2526210.0,2123080.0,1.0,1498200.0,2503990.0,2420960.0,0.619,88.14,22,16,24,20.0,23,剛爆發,False
GPC,Consumer Discretionary,Genuine Parts Company,2022-02-21,108.37,-5.27,-6.13,1.16,-2.27,0.333,36,22,14,27.4,12.35,14.65,False,False,116.75,14.63,0.93,False,125.49,-13.65,-3.25,-4.95,11.0,9.0,690636.0,742266.0,1.222,618700.0,812620.0,722560.0,0.856,80.35,23,21,12,20.0,23,,True
WYNN,Consumer Discretionary,Wynn Resorts,2022-02-21,84.9,4.33,2.43,-13.14,-4.88,0.667,16,13,31,18.1,-16.01,4.15,False,True,84.34,16.24,0.904,False,139.18,-39.0,-6.5,6.07,11.0,9.0,3051454.0,3374488.0,1.222,2605700.0,3401300.0,3358466.0,0.776,85.2,24,19,16,20.4,25,,False
NVR,Consumer Discretionary,"NVR, Inc.",2022-02-21,4917.49,-5.56,-7.06,-4.32,-5.31,0.0,38,23,23,30.5,,,,,,,,,,,,,,,,,,,,,,,25,28,28,,28,,False
AMZN,Consumer Discretionary,Amazon,2022-02-21,153.79,6.81,-12.24,-8.18,-5.44,0.333,10,29,26,18.9,641.94,-30.85,False,False,158.29,13.62,1.042,False,188.65,-18.48,-0.56,10.13,11.0,9.0,90872363.0,87224888.0,1.222,62396000.0,69066400.0,83989200.0,0.743,92.42,26,12,18,18.8,21,剛爆發,True
TJX,Consumer Discretionary,TJX Companies,2022-02-21,62.78,-6.1,-3.36,-8.64,-6.69,0.0,41,19,27,31.6,,,,,,,,,,,,,,,,,,,,,,,27,28,28,,28,,False
PHM,Consumer Discretionary,PulteGroup,2022-02-21,46.66,-5.05,-5.42,-10.83,-8.03,0.0,34,21,28,28.9,,,,,,,,,,,,,,,,,,,,,,,28,28,28,,28,,False
DHI,Consumer Discretionary,D. R. Horton,2022-02-21,82.3,0.23,-12.47,-10.85,-8.49,0.333,23,30,29,26.3,,,,,,,,,,,,,,,,,,,,,,,29,28,28,,28,,False
GM,Consumer Discretionary,General Motors,2022-02-21,45.56,-5.59,-21.17,-4.76,-9.07,0.0,39,40,24,36.3,,,,,,,,,,,,,,,,,,,,,,,30,28,28,,28,,False
HD,Consumer Discretionary,Home Depot (The),2022-02-21,282.18,-13.61,-21.04,-1.18,-9.25,0.0,47,39,19,39.0,,,,,,,,,,,,,,,,,,,,,,,31,28,28,,28,,False
APTV,Consumer Discretionary,Aptiv,2022-02-21,136.0,3.83,-16.77,-13.05,-9.76,0.333,17,35,30,25.0,,,,,,,,,,,,,,,,,,,,,,,32,28,28,,28,,False
LEN,Consumer Discretionary,Lennar,2022-02-21,81.7,-2.77,-14.82,-15.32,-12.06,0.0,27,31,33,29.4,,,,,,,,,,,,,,,,,,,,,,,33,28,28,,28,,False
CMG,Consumer Discretionary,Chipotle Mexican Grill,2022-02-21,29.94,6.17,-11.26,-21.99,-12.27,0.333,11,27,41,21.8,5.43,10.97,False,False,31.16,15.53,1.178,False,39.17,-23.57,-0.85,11.29,12.0,8.0,20464166.0,17375625.0,1.5,10580000.0,15031000.0,19787333.0,0.535,99.54,34,5,27,21.0,26,剛爆發,True
NCLH,Consumer Discretionary,Norwegian Cruise Line Holdings,2022-02-21,19.65,0.46,-2.04,-24.89,-12.84,0.333,22,18,42,24.8,,,,,,,,,,,,,,,,,,,,,,,35,28,28,,28,剛爆發,False
BBY,Consumer Discretionary,Best Buy,2022-02-21,77.19,-1.85,-15.94,-17.37,-13.13,0.0,24,34,36,29.4,,,,,,,,,,,,,,,,,,,,,,,36,28,28,,28,剛爆發,False
DPZ,Consumer Discretionary,Domino's,2022-02-21,402.42,-2.5,-18.71,-15.7,-13.15,0.0,25,37,34,30.4,,,,,,,,,,,,,,,,,,,,,,,37,28,28,,28,剛爆發,False
NKE,Consumer Discretionary,"Nike, Inc.",2022-02-21,128.22,-4.87,-17.24,-17.03,-14.04,0.0,33,36,35,34.3,,,,,,,,,,,,,,,,,,,,,,,38,28,28,,28,剛爆發,False
SBUX,Consumer Discretionary,Starbucks,2022-02-21,83.48,-4.28,-15.91,-18.82,-14.46,0.0,30,33,37,32.3,,,,,,,,,,,,,,,,,,,,,,,39,28,28,,28,剛爆發,False
ROST,Consumer Discretionary,Ross Stores,2022-02-21,88.2,-3.17,-15.49,-21.61,-15.47,0.0,28,32,39,31.4,,,,,,,,,,,,,,,,,,,,,,,40,28,28,,28,剛爆發,False
LULU,Consumer Discretionary,Lululemon Athletica,2022-02-21,317.58,0.53,-30.44,-21.77,-18.37,0.333,21,44,40,31.7,,,,,,,,,,,,,,,,,,,,,,,41,28,28,,28,剛爆發,False
WSM,Consumer Discretionary,"Williams-Sonoma, Inc.",2022-02-21,66.32,-6.64,-29.41,-20.71,-19.37,0.0,43,43,38,42.0,,,,,,,,,,,,,,,,,,,,,,,42,28,28,,28,剛爆發,False
EBAY,Consumer Discretionary,eBay Inc.,2022-02-21,50.28,-5.11,-24.47,-28.19,-21.49,0.0,35,41,43,38.4,,,,,,,,,,,,,,,,,,,,,,,43,28,28,,28,剛爆發,False
GRMN,Consumer Discretionary,Garmin,2022-02-21,101.36,-7.77,-19.37,-35.84,-24.71,0.0,45,38,45,42.9,,,,,,,,,,,,,,,,,,,,,,,44,28,28,,28,剛爆發,False
DECK,Consumer Discretionary,Deckers Brands,2022-02-21,47.92,-5.72,-30.63,-32.08,-25.13,0.0,40,45,44,42.3,,,,,,,,,,,,,,,,,,,,,,,45,28,28,,28,剛爆發,False
DASH,Consumer Discretionary,DoorDash,2022-02-21,100.34,-3.21,-46.6,-46.61,-35.76,0.0,29,46,46,37.5,,,,,,,,,,,,,,,,,,,,,,,46,28,28,,28,剛爆發,False
CVNA,Consumer Discretionary,Carvana,2022-02-21,30.51,4.51,-47.59,-54.8,-38.17,0.333,15,47,47,31.0,-12.76,-27.86,False,False,34.82,38.56,1.427,False,75.37,-59.51,12.82,7.69,9.0,11.0,20175166.0,14139045.0,0.818,57290500.0,20738200.0,17638800.0,3.248,96.98,47,6,1,21.4,27,剛爆發,True
DLTR,Consumer Staples,Dollar Tree,2022-02-21,140.69,9.49,-0.3,54.79,29.7,0.667,4,22,1,8.8,0.6,21.16,False,True,136.06,9.45,0.983,False,149.37,-5.81,3.64,9.66,10.0,10.0,2081100.0,2116390.0,1.0,2105300.0,2299300.0,2183546.0,0.964,89.46,1,12,14,8.0,5,吃老本,True
BG,Consumer Staples,Bunge Global,2022-02-21,93.55,7.69,16.87,37.87,25.07,1.0,5,7,2,5.0,21.42,161.94,False,True,85.25,8.31,1.057,False,93.64,-0.09,5.19,9.47,12.0,8.0,1447825.0,1369337.0,1.5,2033300.0,1628400.0,1490280.0,1.364,98.76,2,4,3,3.0,2,,True
ADM,Consumer Staples,Archer Daniels Midland,2022-02-21,69.68,4.48,23.17,31.68,22.75,1.0,8,1,3,4.9,9.53,8.95,False,True,62.98,7.45,1.021,False,69.83,-0.2,2.94,6.9,13.0,7.0,3023053.0,2960457.0,1.857,3479100.0,2756730.0,2718793.0,1.28,100.0,3,1,5,2.6,1,,True
TSN,Consumer Staples,Tyson Foods,2022-02-21,80.82,2.27,15.44,20.28,14.57,1.0,12,8,4,9.2,52.74,3.73,False,True,78.59,11.66,1.147,False,87.18,-7.3,0.17,3.72,9.0,11.0,3072688.0,2679309.0,0.818,2120200.0,2372070.0,3148313.0,0.673,84.64,4,16,21,12.2,11,吃老本,True
HSY,Consumer Staples,Hershey Company (The),2022-02-21,183.28,4.27,15.35,17.45,13.63,1.0,9,9,7,8.6,4.68,4.8,False,True,176.14,5.94,1.048,False,185.59,-1.25,1.13,5.59,11.0,9.0,1131909.0,1080522.0,1.222,1080000.0,1029160.0,1102746.0,0.979,90.47,5,10,13,8.6,7,,True
SYY,Consumer Staples,Sysco,2022-02-21,77.33,12.39,20.67,10.0,13.27,1.0,1,2,17,4.5,-18.32,-4.15,False,True,70.2,7.69,1.25,False,77.38,-0.06,3.55,13.81,13.0,7.0,2891069.0,2312885.0,1.857,2444100.0,2588050.0,2857640.0,0.855,100.0,6,1,18,6.4,4,,False
TAP,Consumer Staples,Molson Coors Beverage Company,2022-02-21,45.73,9.77,16.96,12.25,12.81,1.0,3,6,13,5.9,-5.42,15.64,False,True,41.74,10.67,0.99,False,52.34,-12.62,8.55,9.88,12.0,8.0,1665800.0,1682175.0,1.5,3655000.0,2055870.0,1833193.0,1.994,99.18,7,3,1,4.2,3,,False
KO,Consumer Staples,Coca-Cola Company (The),2022-02-21,55.04,3.3,17.88,14.67,12.63,1.0,10,5,9,8.3,9.35,12.2,False,True,52.8,5.99,0.962,False,55.09,-0.08,1.18,5.36,12.0,8.0,20247833.0,21036800.0,1.5,21487800.0,20843490.0,20640920.0,1.041,93.03,8,7,11,8.2,6,,True
KHC,Consumer Staples,Kraft Heinz,2022-02-21,31.71,10.21,14.07,11.68,11.91,1.0,2,10,14,6.8,24.97,11.73,False,True,29.07,17.3,1.082,False,34.77,-8.79,5.13,10.09,11.0,9.0,10236418.0,9464244.0,1.222,7638900.0,12141320.0,10609420.0,0.72,95.37,9,6,20,10.0,9,,True
GIS,Consumer Staples,General Mills,2022-02-21,56.82,-2.0,9.15,19.64,11.6,0.667,24,15,6,17.7,-5.73,11.44,False,True,56.6,6.13,0.972,False,58.46,-2.8,0.3,-0.53,9.0,11.0,3322455.0,3418254.0,0.818,3892500.0,3452430.0,3339686.0,1.166,79.08,10,19,8,13.2,14,吃老本,False
CHD,Consumer Staples,Church & Dwight,2022-02-21,93.78,-3.92,6.03,19.99,10.52,0.667,28,18,5,20.4,6.43,12.94,False,False,95.32,5.28,0.946,False,99.34,-5.6,1.81,0.31,6.0,14.0,2037333.0,2154107.0,0.429,1417500.0,1960280.0,1952006.0,0.726,73.89,11,21,19,16.6,19,吃老本,True
MKC,Consumer Staples,McCormick & Company,2022-02-21,86.58,-2.06,12.91,13.82,9.62,0.667,25,12,10,18.1,4.99,10.94,False,False,87.12,9.49,1.125,False,93.38,-7.28,-1.91,-2.03,9.0,11.0,1758522.0,1563790.0,0.818,1295900.0,1489740.0,1473513.0,0.879,79.97,12,18,17,15.4,17,吃老本,True
MO,Consumer Staples,Altria,2022-02-21,36.3,1.98,19.96,7.87,9.42,1.0,13,4,20,11.7,0.64,-3.01,False,True,34.87,7.0,0.908,False,36.79,-1.32,0.21,2.26,12.0,8.0,7901016.0,8701375.0,1.5,11780700.0,9428970.0,8514053.0,1.384,89.83,13,11,2,10.0,9,,True
HRL,Consumer Staples,Hormel Foods,2022-02-21,41.31,2.6,13.8,9.07,8.64,1.0,11,11,19,12.6,2.43,-0.9,False,True,41.01,5.03,1.005,False,43.03,-3.99,2.43,3.64,13.0,7.0,2005469.0,1995014.0,1.857,2187800.0,1913860.0,1858953.0,1.177,98.6,14,5,7,9.0,8,剛爆發,True
PM,Consumer Staples,Philip Morris International,2022-02-21,85.49,1.66,20.29,5.77,8.37,1.0,15,3,21,12.6,1.71,1.4,False,True,82.03,10.39,0.994,False,91.37,-6.44,-5.95,2.92,12.0,7.0,7038658.0,7083042.0,1.714,6634400.0,7761850.0,7091740.0,0.936,92.48,15,8,16,12.4,12,剛爆發,True
KDP,Consumer Staples,Keurig Dr Pepper,2022-02-21,33.95,1.75,10.05,10.17,8.04,1.0,14,14,15,14.2,0.05,-0.43,False,True,33.22,7.45,1.058,False,34.88,-2.67,1.0,1.86,10.0,9.0,6907130.0,6529244.0,1.111,8460500.0,6920870.0,6529466.0,1.296,86.7,16,13,4,12.4,12,,True
PG,Consumer Staples,Procter & Gamble,2022-02-21,140.78,-1.41,7.88,12.49,7.86,0.667,22,17,12,18.5,0.41,1.2,False,False,141.97,6.68,1.085,False,147.11,-4.3,-0.99,-0.56,9.0,11.0,8650233.0,7974790.0,0.818,8888800.0,8726360.0,8187540.0,1.086,80.52,17,17,10,15.6,18,,True
COST,Consumer Staples,Costco,2022-02-21,491.95,5.25,-5.1,15.27,7.67,0.667,7,27,8,13.2,12.55,4.93,False,False,496.86,7.54,1.04,False,542.46,-9.31,0.48,7.41,11.0,9.0,2231636.0,2145322.0,1.222,2003000.0,2136820.0,2126453.0,0.942,91.18,18,9,15,13.8,15,剛爆發,True
MDLZ,Consumer Staples,Mondelez International,2022-02-21,59.14,0.51,11.39,9.09,7.52,1.0,16,13,18,15.5,-2.14,1.82,False,True,58.94,6.3,0.966,False,61.54,-3.9,1.06,-1.05,8.0,12.0,7644862.0,7912208.0,0.667,7561800.0,7578110.0,7347246.0,1.029,76.7,19,20,12,18.0,21,,False
SJM,Consumer Staples,J.M. Smucker Company (The),2022-02-21,118.24,-1.6,5.59,12.77,7.38,0.667,23,19,11,19.4,18.79,1.0,False,False,118.45,6.77,1.052,False,124.7,-5.18,-0.77,-0.52,11.0,9.0,805345.0,765622.0,1.222,893800.0,834860.0,749413.0,1.193,86.13,20,14,6,14.8,16,剛爆發,True
PEP,Consumer Staples,PepsiCo,2022-02-21,145.69,-2.48,5.2,10.16,5.76,0.667,26,20,16,22.2,,,,,,,,,,,,,,,,,,,,,,,21,22,22,,22,,False
KR,Consumer Staples,Kroger,2022-02-21,42.37,7.37,8.19,3.11,5.44,1.0,6,16,22,12.2,15.7,24.31,False,True,41.54,8.3,1.005,False,45.53,-6.94,2.72,2.8,10.0,10.0,6279680.0,6248410.0,1.0,6691400.0,6476290.0,5967953.0,1.121,85.36,22,15,9,16.6,19,剛爆發,True
CL,Consumer Staples,Colgate-Palmolive,2022-02-21,70.16,-5.91,1.95,2.07,0.04,0.667,30,21,24,26.1,,,,,,,,,,,,,,,,,,,,,,,23,22,22,,22,,False
STZ,Consumer Staples,Constellation Brands,2022-02-21,199.05,-7.76,-5.05,2.86,-1.77,0.333,31,26,23,27.9,,,,,,,,,,,,,,,,,,,,,,,24,22,22,,22,,False
KMB,Consumer Staples,Kimberly-Clark,2022-02-21,110.66,-5.12,-1.74,-1.73,-2.58,0.0,29,23,25,26.4,,,,,,,,,,,,,,,,,,,,,,,25,22,22,,22,,False
BF-B,Consumer Staples,Brown–Forman,2022-02-21,60.69,-1.17,-9.2,-3.48,-4.33,0.0,21,29,26,24.4,,,,,,,,,,,,,,,,,,,,,,,26,22,22,,22,,False
WMT,Consumer Staples,Walmart,2022-02-21,42.98,-0.83,-5.5,-6.55,-4.86,0.0,18,28,27,22.8,,,,,,,,,,,,,,,,,,,,,,,27,22,22,,22,,False
CASY,Consumer Staples,Casey's,2022-02-21,182.47,-0.05,-3.88,-7.86,-4.91,0.0,17,25,28,21.6,,,,,,,,,,,,,,,,,,,,,,,28,22,22,,22,剛爆發,False
MNST,Consumer Staples,Monster Beverage,2022-02-21,42.28,-0.87,-2.85,-13.11,-7.48,0.0,19,24,32,23.1,,,,,,,,,,,,,,,,,,,,,,,29,22,22,,22,剛爆發,False
EL,Consumer Staples,Estée Lauder Companies (The),2022-02-21,280.08,-0.94,-9.83,-11.4,-8.39,0.0,20,30,31,25.2,,,,,,,,,,,,,,,,,,,,,,,30,22,22,,22,剛爆發,False
DG,Consumer Staples,Dollar General,2022-02-21,183.68,-2.61,-11.17,-11.32,-9.11,0.0,27,31,30,28.8,,,,,,,,,,,,,,,,,,,,,,,31,22,22,,22,剛爆發,False
CLX,Consumer Staples,Clorox,2022-02-21,126.99,-11.6,-14.73,-9.24,-11.2,0.0,33,32,29,31.9,,,,,,,,,,,,,,,,,,,,,,,32,22,22,,22,剛爆發,False
TGT,Consumer Staples,Target Corporation,2022-02-21,173.13,-8.08,-18.85,-19.43,-16.45,0.0,32,33,33,32.5,,,,,,,,,,,,,,,,,,,,,,,33,22,22,,22,剛爆發,False
DVN,Energy,Devon Energy,2022-02-21,44.69,7.08,31.74,88.53,53.97,1.0,8,3,1,5.1,12.23,16.47,False,True,39.58,14.89,0.97,False,46.98,-4.88,-0.09,6.69,9.0,11.0,12608433.0,13000200.0,0.818,12605600.0,15463990.0,13633806.0,0.925,83.22,1,17,13,9.8,8,吃老本,True
APA,Energy,APA Corporation,2022-02-21,29.12,1.51,28.81,80.78,47.97,1.0,18,5,2,10.9,-11.66,7.86,False,True,26.53,13.95,0.896,False,31.53,-7.65,3.95,2.19,11.0,9.0,8834681.0,9858788.0,1.222,9284100.0,10398100.0,9921540.0,0.936,86.91,2,13,12,8.4,7,吃老本,False
FANG,Energy,Diamondback Energy,2022-02-21,108.91,3.53,24.0,74.62,44.19,1.0,13,12,3,10.7,8.06,5.47,False,True,99.36,10.3,0.989,False,111.59,-2.4,2.76,3.6,11.0,9.0,2821981.0,2853822.0,1.222,3169100.0,3202780.0,2957740.0,1.071,88.9,3,8,10,6.4,4,,True
HAL,Energy,Halliburton,2022-02-21,29.7,3.73,50.54,58.96,43.05,1.0,11,1,6,7.0,5.06,1.4,False,True,25.75,11.25,0.973,False,31.33,-5.22,-1.33,5.51,11.0,9.0,12578518.0,12930900.0,1.222,13779600.0,12390960.0,12288800.0,1.121,88.13,4,10,9,7.4,5,吃老本,True
COP,Energy,ConocoPhillips,2022-02-21,78.02,2.81,28.68,63.09,39.42,1.0,16,7,4,10.9,3.44,16.79,False,True,70.89,9.32,0.965,False,80.74,-3.37,0.12,2.31,10.0,10.0,8685340.0,8999640.0,1.0,10563000.0,8420130.0,8417453.0,1.255,83.32,5,16,8,10.0,9,吃老本,True
EOG,Energy,EOG Resources,2022-02-21,87.72,-2.21,26.49,59.54,35.84,0.667,21,9,5,14.2,-2.56,5.68,False,True,83.41,9.98,0.828,False,95.65,-8.28,-4.72,-2.25,9.0,11.0,4074044.0,4923245.0,0.818,10111300.0,4925580.0,4585086.0,2.205,73.51,6,20,1,10.6,11,吃老本,False
OXY,Energy,Occidental Petroleum,2022-02-21,36.22,3.11,30.48,51.08,33.94,1.0,14,4,7,9.6,35.13,32.39,False,True,32.87,14.08,0.911,False,40.35,-10.24,-2.81,3.97,13.0,7.0,19355084.0,21240828.0,1.857,29780400.0,21557220.0,20623293.0,1.444,95.06,7,5,6,6.0,2,,True
CVX,Energy,Chevron Corporation,2022-02-21,118.45,8.61,23.88,45.47,30.86,1.0,4,13,8,7.5,-18.04,35.04,False,True,106.94,7.39,1.049,False,118.56,-0.09,5.07,4.79,10.0,10.0,15340840.0,14629490.0,1.0,28028000.0,15832730.0,14797306.0,1.894,88.25,8,9,3,7.4,5,,False
XOM,Energy,ExxonMobil,2022-02-21,67.37,4.55,28.49,43.02,29.77,1.0,10,8,9,9.2,6.27,3.79,False,True,61.44,8.08,1.088,False,71.12,-5.27,-0.5,4.77,9.0,11.0,34699133.0,31893454.0,0.818,28310300.0,30644040.0,31771813.0,0.891,83.97,9,15,15,12.6,14,吃老本,True
TRGP,Energy,Targa Resources,2022-02-21,57.81,9.99,17.73,42.29,28.08,1.0,1,15,10,7.0,37.9,54.2,False,True,51.58,7.75,1.305,False,58.31,-0.86,2.05,11.06,12.0,8.0,1673441.0,1281887.0,1.5,3044800.0,1530660.0,1436660.0,2.119,100.0,10,1,2,4.8,1,剛爆發,True
SLB,Energy,Schlumberger,2022-02-21,35.77,-0.27,33.81,37.27,27.02,0.667,19,2,11,12.3,5.07,0.83,False,True,32.54,13.37,1.05,False,38.66,-7.48,-4.04,1.83,9.0,11.0,15832833.0,15080190.0,0.818,11382000.0,14871710.0,15088486.0,0.754,80.13,11,18,19,15.4,19,吃老本,True
EXE,Energy,Expand Energy,2022-02-21,60.25,9.78,17.46,36.55,25.09,1.0,2,16,12,8.2,-3.69,41.47,False,True,53.57,16.13,1.668,False,60.88,-1.03,12.36,8.62,9.0,11.0,2170177.0,1300800.0,0.818,2879600.0,1801610.0,1686886.0,1.707,100.0,12,1,4,6.0,2,剛爆發,False
BKR,Energy,Baker Hughes,2022-02-21,26.77,9.36,28.81,29.68,24.38,1.0,3,5,13,5.6,-12.84,-25.06,False,True,24.02,8.84,1.008,False,27.32,-2.03,0.24,8.8,10.0,10.0,8537720.0,8469450.0,1.0,7092200.0,8607660.0,8249140.0,0.86,88.02,13,11,17,13.0,16,,True
MPC,Energy,Marathon Petroleum,2022-02-21,69.78,7.39,25.68,29.6,23.07,1.0,7,11,14,9.6,131.38,4.06,False,True,64.94,10.42,1.048,False,73.66,-5.26,-0.55,7.24,9.0,11.0,6850522.0,6536900.0,0.818,5275800.0,5839990.0,6116993.0,0.862,84.74,14,14,16,14.4,17,,True
VLO,Energy,Valero Energy,2022-02-21,74.47,5.44,26.22,29.54,22.69,1.0,9,10,15,10.5,34.21,33.03,False,True,70.84,13.13,1.163,False,82.28,-9.49,-2.49,4.71,10.0,10.0,4526890.0,3891530.0,1.0,3275400.0,4127020.0,4061406.0,0.806,87.19,15,12,18,14.4,17,,True
WMB,Energy,Williams Companies,2022-02-21,25.19,3.54,10.31,28.72,17.82,1.0,12,17,16,14.3,16.27,25.68,False,True,23.41,6.13,1.124,False,25.46,-1.06,3.37,4.49,11.0,9.0,9825745.0,8738700.0,1.222,9646100.0,9126450.0,9141026.0,1.055,92.05,16,6,11,11.0,12,剛爆發,True
PSX,Energy,Phillips 66,2022-02-21,72.61,1.6,23.6,19.27,15.94,1.0,17,14,19,16.5,52.2,65.43,False,True,70.0,12.59,0.991,False,79.36,-8.5,-1.66,-0.26,9.0,11.0,3527388.0,3559427.0,0.818,2999700.0,3435400.0,3335306.0,0.899,78.79,17,19,14,17.2,20,,True
EQT,Energy,EQT Corporation,2022-02-21,21.38,8.29,9.06,22.94,15.81,1.0,5,18,17,11.3,-22.93,362.24,False,True,20.57,11.89,0.997,False,23.2,-7.84,-1.94,12.88,14.0,6.0,9445028.0,9474683.0,2.333,5798300.0,10456380.0,9693773.0,0.598,100.0,18,1,20,11.6,13,剛爆發,False
OKE,Energy,Oneok,2022-02-21,50.93,7.94,4.07,22.5,14.25,1.0,6,20,18,12.6,8.09,3.12,False,True,47.95,8.61,1.221,False,51.57,-1.24,2.24,8.04,12.0,8.0,2750100.0,2253237.0,1.5,3735800.0,2572600.0,2490193.0,1.5,99.58,19,4,5,10.2,10,剛爆發,True
KMI,Energy,Kinder Morgan,2022-02-21,13.56,-0.76,6.63,6.16,4.55,0.667,20,19,20,19.7,,,,,,,,,,,,,,,,,,,,,,,20,21,21,,21,,False
TPL,Energy,Texas Pacific Land Corporation,2022-02-21,112.01,3.0,-14.06,-24.35,-14.94,0.333,15,21,21,18.0,-12.96,13.48,False,False,119.02,13.06,1.169,False,185.27,-39.54,6.08,5.77,10.0,10.0,226800.0,194040.0,1.0,281700.0,220230.0,214500.0,1.313,91.35,21,7,7,12.6,14,剛爆發,False
MTB,Financials,M&T Bank,2022-02-21,159.75,7.11,20.62,31.68,22.77,1.0,12,2,1,6.8,6.96,44.73,False,True,147.42,10.21,0.859,False,162.05,-1.42,0.9,9.14,11.0,9.0,1239009.0,1441888.0,1.222,1530100.0,1360450.0,1287106.0,1.189,89.21,1,14,9,7.8,6,吃老本,True
FITB,Financials,Fifth Third Bancorp,2022-02-21,40.43,8.14,13.99,23.56,17.31,1.0,6,10,2,6.4,2.89,4.53,False,True,38.97,12.23,1.033,False,42.58,-5.04,-0.21,8.73,12.0,8.0,6374750.0,6168212.0,1.5,7910900.0,6224360.0,6121580.0,1.292,95.74,2,8,6,5.2,3,吃老本,True
WRB,Financials,W. R. Berkley Corporation,2022-02-21,36.57,7.71,14.99,21.75,16.55,1.0,9,6,5,7.3,22.5,40.12,False,True,34.19,7.23,1.072,False,37.61,-2.77,1.59,12.11,11.0,9.0,2553402.0,2381950.0,1.222,1246950.0,1734862.0,1969935.0,0.633,95.0,3,9,28,10.4,8,吃老本,True
AXP,Financials,American Express,2022-02-21,183.2,9.4,23.83,15.43,16.03,1.0,3,1,11,4.0,18.71,29.38,False,True,166.42,10.6,1.075,False,188.72,-2.93,-1.02,12.69,12.0,8.0,4226458.0,3931775.0,1.5,5426200.0,4108660.0,4178826.0,1.298,98.52,4,6,5,5.0,2,,True
CME,Financials,CME Group,2022-02-21,198.54,6.05,9.74,22.56,15.23,1.0,15,25,4,15.8,1.24,2.99,False,True,191.28,6.24,1.111,False,213.08,-6.82,0.23,7.24,11.0,9.0,2041736.0,1838422.0,1.222,2016700.0,1860380.0,1919686.0,1.051,92.21,5,12,13,9.4,7,吃老本,True
RJF,Financials,Raymond James Financial,2022-02-21,105.16,7.88,14.34,18.52,14.82,1.0,8,8,7,7.8,20.37,20.67,False,True,98.58,11.81,1.106,False,109.92,-4.33,3.04,11.28,13.0,7.0,1350500.0,1221328.0,1.857,1629200.0,1364960.0,1303666.0,1.25,100.0,6,1,8,4.4,1,,True
KEY,Financials,KeyCorp,2022-02-21,20.19,0.68,11.43,23.24,14.65,1.0,44,21,3,28.9,13.19,14.98,False,True,19.98,14.2,0.886,False,21.69,-6.88,-1.67,1.44,9.0,11.0,7396366.0,8346290.0,0.818,8884300.0,8269290.0,8185833.0,1.085,77.98,7,27,11,15.8,12,吃老本,True
AIG,Financials,American International Group,2022-02-21,57.04,10.88,13.35,16.17,14.15,1.0,2,13,10,6.9,33.44,9.59,False,True,53.28,8.18,0.954,False,57.38,-0.6,2.9,11.95,11.0,9.0,5073690.0,5316555.0,1.222,8694700.0,5960790.0,5491360.0,1.583,93.36,8,10,2,7.6,5,,True
CFG,Financials,Citizens Financial Group,2022-02-21,43.83,2.48,9.93,20.3,13.25,1.0,33,24,6,24.9,11.84,5.71,False,True,42.56,13.81,0.987,False,46.81,-6.35,-0.21,3.05,10.0,10.0,4425230.0,4483440.0,1.0,4297100.0,3998260.0,3968080.0,1.083,84.02,9,21,12,14.4,11,吃老本,True
EG,Financials,Everest Group,2022-02-21,277.76,7.68,13.3,13.51,12.0,1.0,10,14,14,12.0,1.52,12.99,False,True,260.3,8.53,0.964,False,282.76,-1.77,-0.15,8.77,13.0,7.0,324707.0,336800.0,1.857,281300.0,357960.0,347446.0,0.81,99.93,10,5,26,11.2,9,,True
ACGL,Financials,Arch Capital Group,2022-02-21,45.21,4.76,13.49,13.87,11.5,1.0,21,12,12,16.5,28.05,114.22,False,True,43.53,7.02,0.866,False,46.74,-3.28,1.21,6.16,9.0,11.0,1692411.0,1953727.0,0.818,1577700.0,1890150.0,1840026.0,0.857,81.62,11,26,21,19.0,19,吃老本,True
RF,Financials,Regions Financial Corporation,2022-02-21,20.1,5.15,4.29,18.0,11.36,1.0,16,33,8,19.5,-12.43,24.2,False,True,19.4,14.74,0.772,False,21.16,-5.01,1.63,6.02,10.0,10.0,8656890.0,11215150.0,1.0,8958500.0,11096920.0,10079260.0,0.889,82.77,12,24,19,18.2,16,吃老本,False
BRO,Financials,Brown & Brown,2022-02-21,65.58,5.15,4.53,16.6,10.72,1.0,16,32,9,19.4,7.69,9.43,False,True,64.94,10.37,1.156,False,68.54,-4.32,2.99,9.23,13.0,7.0,2086600.0,1805000.0,1.857,2262700.0,1635090.0,1684626.0,1.343,100.0,13,1,4,6.4,4,剛爆發,True
CB,Financials,Chubb Limited,2022-02-21,195.19,5.15,12.64,12.06,10.48,1.0,16,16,16,16.0,,,,,,,,,,,,,,,,,,,,,,,14,29,29,,29,吃老本,False
MET,Financials,MetLife,2022-02-21,60.21,4.51,14.88,10.82,10.26,1.0,23,7,20,17.6,48.27,39.58,False,True,57.92,11.92,1.008,False,63.72,-5.5,-1.79,5.71,12.0,8.0,5012366.0,4972312.0,1.5,4808000.0,4995970.0,4776060.0,1.007,92.85,15,11,15,13.4,10,,True
BRK-B,Financials,Berkshire Hathaway,2022-02-21,319.24,2.03,12.77,11.39,9.39,1.0,34,15,19,25.3,-2.04,10.74,False,True,310.09,7.51,0.845,False,325.63,-1.96,1.81,3.76,10.0,10.0,4820830.0,5708220.0,1.0,7484400.0,5758660.0,5445586.0,1.374,82.76,16,25,3,17.0,14,吃老本,False
PGR,Financials,Progressive Corporation,2022-02-21,97.56,-1.36,15.16,11.86,9.38,0.667,54,5,17,31.9,5.81,-32.69,False,True,96.49,6.79,1.189,False,101.75,-4.12,1.91,-0.37,9.0,11.0,2884144.0,2425336.0,0.818,2206200.0,2848860.0,2671613.0,0.826,83.62,17,22,24,20.4,20,,True
L,Financials,Loews Corporation,2022-02-21,60.95,5.1,12.39,9.61,9.18,1.0,19,17,24,19.4,,,,,,,,,,,,,,,,,,,,,,,18,29,29,,29,吃老本,False
TRV,Financials,Travelers Companies (The),2022-02-21,159.17,3.97,13.52,8.22,8.48,1.0,25,11,28,21.4,36.31,33.99,False,True,151.21,6.53,0.967,False,160.19,-0.64,1.67,4.7,10.0,10.0,1510520.0,1561740.0,1.0,1508100.0,1500490.0,1579126.0,0.955,85.41,19,20,16,18.8,18,,True
GL,Financials,Globe Life,2022-02-21,99.72,1.49,16.49,7.27,8.13,1.0,37,4,31,25.9,-3.61,-5.73,False,True,96.54,9.07,0.924,False,104.58,-4.65,-1.03,2.43,11.0,9.0,563745.0,610422.0,1.222,729100.0,626120.0,577266.0,1.263,85.54,20,19,7,17.0,14,,True
SCHW,Financials,Charles Schwab Corporation,2022-02-21,80.79,-3.35,8.57,13.56,8.08,0.667,61,27,13,41.2,-2.56,3.4,False,False,83.16,17.53,0.866,False,90.48,-10.71,-0.31,-4.2,7.0,13.0,7631657.0,8809084.0,0.538,9128100.0,8133100.0,7909060.0,1.154,70.59,21,28,10,21.6,22,吃老本,False
AFL,Financials,Aflac,2022-02-21,56.27,-0.02,12.18,9.82,7.95,0.667,47,19,23,33.8,,,,,,,,,,,,,,,,,,,,,,,22,29,29,,29,吃老本,False
WFC,Financials,Wells Fargo,2022-02-21,48.58,0.3,12.23,9.54,7.9,1.0,45,18,25,32.9,,,,,,,,,,,,,,,,,,,,,,,23,29,29,,29,吃老本,False
TFC,Financials,Truist Financial,2022-02-21,50.74,1.37,5.58,10.24,6.86,1.0,39,31,22,33.2,,,,,,,,,,,,,,,,,,,,,,,24,29,29,,29,,False
AMP,Financials,Ameriprise Financial,2022-02-21,284.41,1.93,4.15,10.33,6.68,1.0,35,34,21,31.9,,,,,,,,,,,,,,,,,,,,,,,25,29,29,,29,,False
PRU,Financials,Prudential Financial,2022-02-21,91.32,3.4,8.41,7.29,6.6,1.0,28,28,30,28.4,,,,,,,,,,,,,,,,,,,,,,,26,29,29,,29,,False
JKHY,Financials,Jack Henry & Associates,2022-02-21,166.11,6.34,16.84,0.65,6.12,1.0,14,3,44,16.7,15.7,4.89,False,True,158.01,6.86,1.097,False,168.84,-1.62,3.35,11.98,14.0,6.0,722914.0,659150.0,2.333,619100.0,609490.0,737633.0,0.839,100.0,27,1,23,15.8,12,剛爆發,True
AJG,Financials,Arthur J. Gallagher & Co.,2022-02-21,152.13,3.08,-2.06,11.51,6.01,0.667,30,47,18,32.7,,,,,,,,,,,,,,,,,,,,,,,28,29,29,,29,,False
ICE,Financials,Intercontinental Exchange,2022-02-21,120.98,3.31,-0.69,9.06,5.19,0.667,29,44,26,32.9,,,,,,,,,,,,,,,,,,,,,,,29,29,29,,29,,False
AIZ,Financials,Assurant,2022-02-21,156.66,11.96,7.5,0.28,5.0,1.0,1,29,45,18.2,6.97,-8.8,False,True,144.49,6.89,0.874,False,158.87,-1.39,1.86,13.73,10.0,10.0,536290.0,613440.0,1.0,563300.0,651290.0,636946.0,0.884,89.28,30,13,20,21.2,21,剛爆發,True
ARES,Financials,Ares Management,2022-02-21,69.02,7.5,-2.39,7.43,4.99,0.667,11,48,29,25.7,18.35,-2.58,False,True,67.05,17.1,1.164,False,77.52,-10.96,0.9,9.27,9.0,11.0,1006366.0,864472.0,0.818,794200.0,869610.0,864366.0,0.919,88.56,31,15,18,22.0,23,剛爆發,True
MA,Financials,Mastercard,2022-02-21,359.26,-3.51,14.01,4.02,4.64,0.667,63,9,38,41.8,6.23,8.43,False,True,356.93,11.74,1.327,False,389.34,-7.73,-1.23,5.29,9.0,11.0,5881788.0,4432963.0,0.818,3817900.0,4424880.0,4691653.0,0.814,88.18,32,16,25,24.2,24,剛爆發,True
CINF,Financials,Cincinnati Financial,2022-02-21,111.58,6.4,7.12,1.53,4.14,1.0,13,30,42,23.9,45.07,40.4,False,True,105.4,10.06,1.009,False,115.36,-3.27,-1.04,10.11,9.0,11.0,797800.0,790800.0,0.818,702200.0,903460.0,819266.0,0.857,85.58,33,18,21,24.6,25,剛爆發,True
PFG,Financials,Principal Financial Group,2022-02-21,61.09,-0.57,2.02,7.2,3.97,0.667,49,38,32,42.3,,,,,,,,,,,,,,,,,,,,,,,34,29,29,,29,,False
APO,Financials,Apollo Global Management,2022-02-21,60.62,-3.08,-7.92,13.38,3.94,0.333,58,56,15,48.8,-3.93,55.39,False,False,63.13,15.15,0.827,False,73.9,-17.97,0.67,-0.26,11.0,9.0,3204181.0,3874500.0,1.222,3668400.0,3679110.0,3566726.0,1.029,82.92,35,23,14,26.0,26,剛爆發,False
AON,Financials,Aon plc,2022-02-21,284.24,8.63,-0.21,3.1,3.66,0.667,4,42,39,22.4,10.95,2.27,False,True,275.92,6.96,1.035,False,315.96,-10.04,4.24,12.08,13.0,7.0,1227869.0,1186900.0,1.857,1197400.0,1199320.0,1266780.0,0.945,100.0,36,1,17,18.2,16,剛爆發,True
HIG,Financials,Hartford (The),2022-02-21,64.68,-0.65,2.73,4.89,2.96,0.667,50,36,37,43.2,,,,,,,,,,,,,,,,,,,,,,,37,29,29,,29,剛爆發,False
BAC,Financials,Bank of America,2022-02-21,40.23,-1.85,-1.14,7.01,2.76,0.333,55,45,33,47.6,,,,,,,,,,,,,,,,,,,,,,,38,29,29,,29,剛爆發,False
PNC,Financials,PNC Financial Services,2022-02-21,170.68,-2.67,1.85,5.43,2.51,0.667,56,39,35,46.7,,,,,,,,,,,,,,,,,,,,,,,39,29,29,,29,剛爆發,False
HBAN,Financials,Huntington Bancshares,2022-02-21,12.73,2.57,2.33,1.5,1.98,1.0,32,37,43,35.7,,,,,,,,,,,,,,,,,,,,,,,40,29,29,,29,剛爆發,False
IBKR,Financials,Interactive Brokers,2022-02-21,16.72,4.05,-7.67,5.36,1.78,0.667,24,55,36,35.7,,,,,,,,,,,,,,,,,,,,,,,41,29,29,,29,剛爆發,False
BX,Financials,Blackstone Inc.,2022-02-21,111.3,4.75,-9.47,5.63,1.64,0.667,22,61,34,36.1,,,,,,,,,,,,,,,,,,,,,,,42,29,29,,29,剛爆發,False
FDS,Financials,FactSet,2022-02-21,388.33,-1.11,-10.94,8.66,1.32,0.333,51,64,27,50.1,,,,,,,,,,,,,,,,,,,,,,,43,29,29,,29,剛爆發,False
WTW,Financials,Willis Towers Watson,2022-02-21,210.57,-3.23,-2.01,2.68,0.03,0.333,59,46,40,51.3,,,,,,,,,,,,,,,,,,,,,,,44,29,29,,29,剛爆發,False
USB,Financials,U.S. Bancorp,2022-02-21,46.84,-1.27,0.54,-0.08,-0.22,0.333,53,40,47,47.9,,,,,,,,,,,,,,,,,,,,,,,45,29,29,,29,剛爆發,False
NTRS,Financials,Northern Trust,2022-02-21,102.64,1.85,-0.35,-1.51,-0.38,0.333,36,43,48,40.5,,,,,,,,,,,,,,,,,,,,,,,46,29,29,,29,剛爆發,False
MRSH,Financials,Marsh McLennan,2022-02-21,144.82,3.48,-6.24,0.14,-0.62,0.667,26,54,46,38.4,,,,,,,,,,,,,,,,,,,,,,,47,29,29,,29,剛爆發,False
ALL,Financials,Allstate,2022-02-21,112.35,3.47,9.4,-7.87,-0.72,0.667,27,26,55,32.3,,,,,,,,,,,,,,,,,,,,,,,48,29,29,,29,剛爆發,False
V,Financials,Visa Inc.,2022-02-21,212.23,-3.67,11.12,-5.45,-0.86,0.333,65,22,53,49.7,,,,,,,,,,,,,,,,,,,,,,,49,29,29,,29,剛爆發,False
CPAY,Financials,Corpay,2022-02-21,237.89,2.84,10.57,-9.15,-1.22,0.667,31,23,58,34.0,,,,,,,,,,,,,,,,,,,,,,,50,29,29,,29,剛爆發,False
ERIE,Financials,Erie Indemnity,2022-02-21,163.68,0.29,-14.65,2.67,-2.25,0.667,46,65,41,50.7,,,,,,,,,,,,,,,,,,,,,,,51,29,29,,29,剛爆發,False
COF,Financials,Capital One,2022-02-21,142.22,8.1,3.36,-11.96,-3.11,0.667,7,35,60,26.0,4.16,32.04,False,True,139.11,12.66,1.045,False,163.53,-13.03,-0.5,8.82,9.0,11.0,2734811.0,2616663.0,0.818,2019500.0,2560300.0,2567980.0,0.786,85.66,52,17,27,33.0,28,剛爆發,True
BNY,Financials,BNY Mellon,2022-02-21,48.02,-7.03,-3.63,-2.49,-3.91,0.0,70,50,49,59.8,,,,,,,,,,,,,,,,,,,,,,,53,29,29,,29,剛爆發,False
CBOE,Financials,Cboe Global Markets,2022-02-21,111.8,1.38,-8.16,-5.25,-4.32,0.333,38,59,52,47.1,,,,,,,,,,,,,,,,,,,,,,,54,29,29,,29,剛爆發,False
STT,Financials,State Street Corporation,2022-02-21,76.72,-5.24,-4.35,-4.67,-4.73,0.0,66,51,51,58.5,,,,,,,,,,,,,,,,,,,,,,,55,29,29,,29,剛爆發,False
JPM,Financials,JPMorgan Chase,2022-02-21,132.14,0.93,-8.07,-8.15,-5.86,0.333,42,58,56,49.6,,,,,,,,,,,,,,,,,,,,,,,56,29,29,,29,剛爆發,False
BEN,Financials,Franklin Resources,2022-02-21,24.0,-3.27,-8.05,-6.65,-6.16,0.0,60,57,54,57.9,,,,,,,,,,,,,,,,,,,,,,,57,29,29,,29,剛爆發,False
GPN,Financials,Global Payments,2022-02-21,131.5,-6.61,11.93,-15.89,-6.61,0.333,69,20,66,53.7,,,,,,,,,,,,,,,,,,,,,,,58,29,29,,29,剛爆發,False
MS,Financials,Morgan Stanley,2022-02-21,81.76,-7.12,-2.78,-9.09,-7.02,0.0,72,49,57,62.1,,,,,,,,,,,,,,,,,,,,,,,59,29,29,,29,剛爆發,False
IVZ,Financials,Invesco,2022-02-21,18.01,1.08,-5.09,-13.98,-7.99,0.333,41,53,63,49.0,,,,,,,,,,,,,,,,,,,,,,,60,29,29,,29,剛爆發,False
C,Financials,Citigroup,2022-02-21,53.32,-3.43,-4.63,-13.8,-8.91,0.0,62,52,62,59.0,,,,,,,,,,,,,,,,,,,,,,,61,29,29,,29,剛爆發,False
SYF,Financials,Synchrony Financial,2022-02-21,39.19,4.8,-8.96,-16.05,-9.07,0.333,20,60,67,41.4,,,,,,,,,,,,,,,,,,,,,,,62,29,29,,29,剛爆發,False
NDAQ,Financials,"Nasdaq, Inc.",2022-02-21,54.07,-1.11,-14.97,-10.24,-9.14,0.0,51,66,59,57.1,,,,,,,,,,,,,,,,,,,,,,,63,29,29,,29,剛爆發,False
KKR,Financials,KKR & Co.,2022-02-21,58.86,-10.32,-17.75,-4.57,-9.3,0.0,74,71,50,68.3,,,,,,,,,,,,,,,,,,,,,,,64,29,29,,29,剛爆發,False
GS,Financials,Goldman Sachs,2022-02-21,313.33,0.9,-9.61,-15.73,-10.04,0.333,43,62,65,53.1,,,,,,,,,,,,,,,,,,,,,,,65,29,29,,29,剛爆發,False
FISV,Financials,Fiserv,2022-02-21,98.05,-6.52,-0.2,-16.86,-10.11,0.0,68,41,68,59.9,,,,,,,,,,,,,,,,,,,,,,,66,29,29,,29,剛爆發,False
MCO,Financials,Moody's Corporation,2022-02-21,312.03,-3.6,-15.54,-14.01,-11.79,0.0,64,67,64,64.9,,,,,,,,,,,,,,,,,,,,,,,67,29,29,,29,剛爆發,False
SPGI,Financials,S&P Global,2022-02-21,347.44,-6.15,-16.04,-12.78,-11.94,0.0,67,68,61,66.1,,,,,,,,,,,,,,,,,,,,,,,68,29,29,,29,剛爆發,False
MSCI,Financials,MSCI Inc.,2022-02-21,488.1,1.19,-17.2,-18.2,-13.1,0.333,40,70,69,54.8,,,,,,,,,,,,,,,,,,,,,,,69,29,29,,29,剛爆發,False
BLK,Financials,BlackRock,2022-02-21,671.6,-7.09,-16.34,-20.66,-16.19,0.0,71,69,70,70.2,,,,,,,,,,,,,,,,,,,,,,,70,29,29,,29,剛爆發,False
FIS,Financials,Fidelity National Information Services,2022-02-21,86.08,-17.43,-9.91,-24.1,-18.89,0.0,75,63,71,70.6,,,,,,,,,,,,,,,,,,,,,,,71,29,29,,29,剛爆發,False
TROW,Financials,T. Rowe Price,2022-02-21,117.97,-3.04,-27.91,-34.06,-24.76,0.0,57,72,73,64.7,,,,,,,,,,,,,,,,,,,,,,,72,29,29,,29,剛爆發,False
COIN,Financials,Coinbase,2022-02-21,176.83,-0.42,-41.68,-31.76,-26.4,0.0,48,74,72,60.6,,,,,,,,,,,,,,,,,,,,,,,73,29,29,,29,剛爆發,False
XYZ,Financials,"Block, Inc.",2022-02-21,119.82,8.55,-43.5,-55.29,-36.38,0.333,5,75,74,39.8,16.23,-3.04,False,False,131.15,36.42,1.135,False,289.23,-58.57,15.19,13.42,9.0,11.0,25305566.0,22297800.0,0.818,64569100.0,25411310.0,24533720.0,2.632,96.26,74,7,1,32.6,27,剛爆發,True
PYPL,Financials,PayPal,2022-02-21,109.99,-32.16,-40.92,-60.14,-48.34,0.0,76,73,75,74.9,,,,,,,,,,,,,,,,,,,,,,,75,29,29,,29,剛爆發,False
HOOD,Financials,Robinhood Markets,2022-02-21,11.61,-8.8,-58.42,-75.23,-54.42,0.0,73,76,76,74.5,,,,,,,,,,,,,,,,,,,,,,,76,29,29,,29,剛爆發,False
MCK,Health Care,McKesson Corporation,2022-02-21,269.22,6.65,24.53,37.53,26.56,1.0,18,3,1,10.1,13.55,32.02,False,True,249.66,6.04,0.947,False,276.41,-2.6,0.74,7.95,10.0,10.0,1187640.0,1254510.0,1.0,1071800.0,1117020.0,1206833.0,0.888,86.63,1,24,21,14.2,11,吃老本,True
ABBV,Health Care,AbbVie,2022-02-21,127.28,8.43,29.68,27.88,23.47,1.0,8,1,3,4.9,0.84,3.52,False,True,116.61,7.52,1.189,False,127.98,-0.55,3.15,9.98,12.0,8.0,9240066.0,7770237.0,1.5,8320700.0,8827730.0,8378573.0,0.993,100.0,2,1,11,3.4,1,,True
CNC,Health Care,Centene Corporation,2022-02-21,83.52,8.09,13.02,30.54,20.55,1.0,11,16,2,10.7,3.73,2.59,False,True,81.02,6.63,1.411,False,86.81,-3.79,0.86,9.51,11.0,9.0,2903400.0,2058266.0,1.222,2055400.0,1915680.0,2298393.0,0.894,99.07,3,9,18,8.4,3,吃老本,True
COR,Health Care,Cencora,2022-02-21,136.23,4.08,19.74,21.8,16.85,1.0,23,5,6,14.2,0.19,1.48,False,True,129.06,6.76,1.08,False,138.44,-1.59,-0.13,5.71,9.0,11.0,1423955.0,1318154.0,0.818,1082000.0,1241170.0,1369026.0,0.79,84.55,4,25,25,16.6,19,吃老本,True
HSIC,Health Care,Henry Schein,2022-02-21,87.32,15.35,18.58,16.07,16.52,1.0,1,6,8,3.9,17.05,14.79,False,True,77.39,15.26,1.179,False,87.55,-0.26,3.95,16.78,10.0,10.0,1199910.0,1018120.0,1.0,1177300.0,1322860.0,1175440.0,1.002,97.28,5,12,7,8.2,2,吃老本,True
CVS,Health Care,CVS Health,2022-02-21,89.35,-4.55,14.57,25.99,15.5,0.667,49,13,4,29.2,5.37,10.35,False,True,88.99,7.47,1.059,False,95.3,-6.25,1.96,-2.33,8.0,12.0,7263237.0,6856833.0,0.667,6573400.0,5649110.0,6605566.0,0.995,77.92,6,30,10,16.4,17,吃老本,True
ELV,Health Care,Elevance Health,2022-02-21,424.72,2.62,9.49,22.45,14.26,1.0,28,19,5,20.7,0.48,6.65,False,True,420.91,6.73,1.261,False,441.87,-3.88,0.52,4.1,9.0,11.0,1196833.0,949190.0,0.818,1090700.0,930060.0,969940.0,1.125,87.01,7,22,5,12.6,7,吃老本,True
BAX,Health Care,Baxter International,2022-02-21,78.78,1.47,13.86,17.86,12.76,1.0,32,15,7,21.9,1.06,8.75,False,True,78.05,9.57,0.839,False,81.66,-3.52,4.52,2.26,12.0,8.0,3237100.0,3859450.0,1.5,3174200.0,3615770.0,3562293.0,0.891,90.34,8,18,20,14.4,13,吃老本,True
VRTX,Health Care,Vertex Pharmaceuticals,2022-02-21,230.3,-5.23,25.44,15.2,12.65,0.667,51,2,9,27.9,2.45,15.85,False,True,229.16,5.2,1.252,False,254.93,-9.66,-1.06,0.91,11.0,9.0,2058763.0,1644622.0,1.222,1428100.0,1543750.0,1498526.0,0.953,90.36,9,17,15,13.4,9,吃老本,True
UNH,Health Care,UnitedHealth Group,2022-02-21,438.75,2.08,8.5,14.38,9.83,1.0,31,21,10,23.8,3.96,2.35,False,False,441.09,9.5,1.118,False,469.62,-6.57,1.15,3.07,10.0,10.0,3251980.0,2908290.0,1.0,3314400.0,2920900.0,2946100.0,1.125,86.87,10,23,5,14.2,11,吃老本,True
BDX,Health Care,Becton Dickinson,2022-02-21,193.03,6.64,11.67,10.49,9.82,1.0,19,17,13,17.2,27.52,5.53,False,True,184.13,4.54,1.229,False,198.62,-2.82,2.47,8.57,10.0,10.0,2132599.0,1735813.0,1.0,1727013.0,1666608.0,1816254.0,0.951,92.63,11,15,16,13.6,10,,True
BMY,Health Care,Bristol Myers Squibb,2022-02-21,57.01,5.99,22.77,5.06,9.72,1.0,20,4,16,14.4,1.66,4.26,False,True,53.19,5.18,1.039,False,57.44,-0.75,2.09,7.74,10.0,10.0,15533740.0,14956970.0,1.0,15719800.0,16101770.0,16247173.0,0.968,88.65,12,19,12,14.8,16,吃老本,True
CI,Health Care,Cigna,2022-02-21,214.42,-0.26,15.83,11.59,9.69,0.667,37,10,12,23.9,1.21,10.08,False,True,211.68,6.85,0.879,False,247.83,-13.48,2.52,2.38,10.0,10.0,1709200.0,1944300.0,1.0,1863600.0,1624330.0,1589180.0,1.173,82.82,13,26,4,16.4,17,吃老本,True
STE,Health Care,Steris,2022-02-21,228.15,8.15,4.6,11.74,9.06,1.0,9,24,11,13.9,8.03,9.44,False,True,222.53,7.93,1.097,False,238.25,-4.24,4.89,10.51,12.0,8.0,518483.0,472525.0,1.5,380300.0,487260.0,529266.0,0.719,99.96,14,8,28,14.4,13,剛爆發,True
CAH,Health Care,Cardinal Health,2022-02-21,49.54,2.98,14.95,6.77,7.87,1.0,25,12,15,19.1,3.1,-4.3,False,True,47.5,7.82,0.961,False,55.54,-10.81,-0.57,3.61,8.0,12.0,2835475.0,2951475.0,0.667,2512900.0,2612070.0,2619353.0,0.959,78.75,15,29,13,20.2,25,吃老本,True
HUM,Health Care,Humana,2022-02-21,412.9,12.04,1.12,6.98,6.78,1.0,5,26,14,13.1,6.97,3.34,False,True,400.97,6.48,1.575,False,451.53,-8.56,1.87,12.95,12.0,8.0,1527058.0,969587.0,1.5,795800.0,922640.0,1076733.0,0.739,100.0,16,1,27,12.2,6,剛爆發,True
BSX,Health Care,Boston Scientific,2022-02-21,45.1,5.52,16.93,0.67,5.95,1.0,21,8,22,17.3,2.51,3.66,False,True,42.98,6.85,0.898,False,46.29,-2.57,5.3,4.33,13.0,7.0,9853307.0,10972471.0,1.857,10716000.0,8320410.0,8390640.0,1.277,98.29,17,11,3,11.8,5,剛爆發,True
AMGN,Health Care,Amgen,2022-02-21,198.78,-0.07,13.87,3.64,5.27,0.667,36,14,18,25.8,8.03,10.65,False,True,196.73,6.78,1.069,False,221.42,-10.22,2.41,2.22,7.0,13.0,3683185.0,3446607.0,0.538,3557100.0,3042000.0,3712226.0,0.958,79.08,18,28,14,21.2,26,吃老本,True
VTRS,Health Care,Viatris,2022-02-21,12.07,0.21,14.99,2.89,5.24,1.0,35,11,19,24.6,11.93,11.13,False,True,11.92,11.66,1.088,False,15.03,-19.69,-1.14,0.49,8.0,11.0,9875287.0,9075981.0,0.727,15832400.0,9953050.0,9056613.0,1.748,79.79,19,27,2,18.8,22,吃老本,True
HCA,Health Care,HCA Healthcare,2022-02-21,243.83,7.05,9.87,0.96,4.71,1.0,14,18,21,16.6,-2.18,13.85,False,True,237.63,8.94,1.071,False,259.67,-6.1,0.99,10.68,11.0,9.0,1472654.0,1374888.0,1.222,1162600.0,1304610.0,1329646.0,0.874,93.88,20,14,22,18.0,21,剛爆發,False
UHS,Health Care,Universal Health Services,2022-02-21,141.53,11.59,16.64,-7.36,3.38,0.667,6,9,32,12.1,2.76,-3.38,False,True,128.38,15.03,1.452,False,160.78,-11.97,6.2,14.49,10.0,10.0,810690.0,558390.0,1.0,1967400.0,756340.0,728760.0,2.7,100.0,21,1,1,9.0,4,剛爆發,True
SYK,Health Care,Stryker Corporation,2022-02-21,253.59,7.01,9.44,-2.31,2.96,0.667,15,20,26,18.7,-0.45,-3.57,False,True,246.46,7.88,1.099,False,267.55,-5.22,5.65,8.34,12.0,8.0,1576475.0,1434725.0,1.5,1433200.0,1511810.0,1435946.0,0.998,98.99,22,10,8,14.4,13,剛爆發,True
RVTY,Health Care,Revvity,2022-02-21,181.16,8.13,0.1,0.24,2.18,1.0,10,28,24,18.2,9.17,20.06,False,True,180.37,8.97,1.255,False,200.82,-9.79,3.03,11.81,12.0,8.0,963350.0,767637.0,1.5,653500.0,717890.0,717573.0,0.911,100.0,23,1,17,13.0,8,剛爆發,True
EW,Health Care,Edwards Lifesciences,2022-02-21,113.03,7.78,3.2,-2.89,1.3,0.667,13,25,29,19.8,-6.83,1.67,False,False,116.45,9.72,1.176,False,131.73,-14.2,5.75,10.86,10.0,10.0,3011830.0,2561460.0,1.0,2157300.0,2543430.0,2582233.0,0.835,94.39,24,13,24,19.6,23,剛爆發,False
COO,Health Care,Cooper Companies (The),2022-02-21,102.7,6.67,8.15,-7.98,-0.29,0.667,17,22,35,22.1,,,,,,,,,,,,,,,,,,,,,,,25,31,31,,31,吃老本,False
DVA,Health Care,DaVita,2022-02-21,114.6,3.98,17.79,-12.39,-0.75,0.667,24,7,41,22.3,12.27,4.61,False,True,111.75,10.02,1.141,False,136.48,-16.03,-2.32,5.38,10.0,10.0,782640.0,685970.0,1.0,434800.0,714950.0,703113.0,0.618,87.27,26,20,29,24.2,29,剛爆發,True
JNJ,Health Care,Johnson & Johnson,2022-02-21,146.97,-2.75,4.94,-2.76,-0.83,0.333,47,23,28,36.0,,,,,,,,,,,,,,,,,,,,,,,27,31,31,,31,,False
MRK,Health Care,Merck & Co.,2022-02-21,66.51,-5.66,-2.67,1.88,-1.14,0.333,52,32,20,39.6,,,,,,,,,,,,,,,,,,,,,,,28,31,31,,31,,False
LLY,Health Care,Lilly (Eli),2022-02-21,241.85,2.77,-3.25,-2.71,-1.47,0.333,26,33,27,28.3,,,,,,,,,,,,,,,,,,,,,,,29,31,31,,31,,False
ABT,Health Care,Abbott Laboratories,2022-02-21,111.89,-2.35,-2.41,-1.02,-1.7,0.0,45,31,25,36.8,,,,,,,,,,,,,,,,,,,,,,,30,31,31,,31,,False
PFE,Health Care,Pfizer,2022-02-21,37.23,-12.17,-10.96,4.09,-3.74,0.333,57,42,17,44.5,,,,,,,,,,,,,,,,,,,,,,,31,31,31,,31,,False
RMD,Health Care,ResMed,2022-02-21,235.95,13.74,-2.15,-14.19,-4.19,0.333,4,30,44,19.8,-3.5,11.69,False,True,233.61,7.53,0.835,False,288.79,-18.29,4.76,9.31,11.0,9.0,662909.0,794000.0,1.222,538800.0,642190.0,626966.0,0.859,90.43,32,16,23,23.8,28,剛爆發,False
TMO,Health Care,Thermo Fisher Scientific,2022-02-21,542.66,-3.88,-13.88,0.33,-4.28,0.333,48,49,23,43.3,,,,,,,,,,,,,,,,,,,,,,,33,31,31,,31,,False
MTD,Health Care,Mettler Toledo,2022-02-21,1447.52,1.19,-3.28,-7.54,-4.3,0.333,33,34,33,33.3,,,,,,,,,,,,,,,,,,,,,,,34,31,31,,31,,False
LH,Health Care,Labcorp,2022-02-21,225.84,2.43,-4.38,-7.95,-4.46,0.333,29,38,34,32.7,,,,,,,,,,,,,,,,,,,,,,,35,31,31,,31,,False
REGN,Health Care,Regeneron Pharmaceuticals,2022-02-21,613.59,-1.0,-3.84,-6.73,-4.57,0.0,41,35,31,37.2,,,,,,,,,,,,,,,,,,,,,,,36,31,31,,31,,False
PODD,Health Care,Insulet Corporation,2022-02-21,262.37,13.78,-11.18,-11.09,-4.89,0.333,3,44,39,22.5,29.0,-20.79,False,True,248.14,20.94,1.696,False,324.81,-19.22,8.95,34.69,11.0,9.0,836600.0,493300.0,1.222,529500.0,586690.0,531166.0,0.997,100.0,37,1,9,17.0,20,剛爆發,True
ZTS,Health Care,Zoetis,2022-02-21,184.59,-0.3,-11.08,-4.2,-4.95,0.0,38,43,30,37.9,,,,,,,,,,,,,,,,,,,,,,,38,31,31,,31,剛爆發,False
TECH,Health Care,Bio-Techne,2022-02-21,103.55,15.23,-10.66,-14.49,-6.1,0.333,2,39,45,21.7,5.11,6.18,False,False,104.21,11.96,1.24,False,133.04,-22.17,6.15,19.54,11.0,9.0,1441054.0,1162533.0,1.222,1049200.0,1166840.0,1176426.0,0.892,100.0,39,1,19,19.8,24,剛爆發,True
ZBH,Health Care,Zimmer Biomet,2022-02-21,118.21,4.81,1.05,-15.28,-6.17,0.667,22,27,47,28.5,,,,,,,,,,,,,,,,,,,,,,,40,31,31,,31,剛爆發,False
INCY,Health Care,Incyte,2022-02-21,68.42,-7.83,0.06,-9.59,-6.74,0.333,53,29,36,42.4,,,,,,,,,,,,,,,,,,,,,,,41,31,31,,31,剛爆發,False
IQV,Health Care,IQVIA,2022-02-21,233.99,-2.02,-10.71,-9.85,-8.11,0.0,44,40,37,41.4,,,,,,,,,,,,,,,,,,,,,,,42,31,31,,31,剛爆發,False
ISRG,Health Care,Intuitive Surgical,2022-02-21,293.51,7.99,-10.85,-15.05,-8.24,0.333,12,41,46,27.5,1.56,2.72,False,False,309.32,9.98,1.233,False,369.69,-20.61,3.32,11.7,12.0,8.0,2192391.0,1777925.0,1.5,1454800.0,1805000.0,1898540.0,0.766,100.0,43,1,26,22.8,27,剛爆發,True
DGX,Health Care,Quest Diagnostics,2022-02-21,120.99,-1.98,-14.32,-10.6,-9.37,0.0,43,51,38,44.4,,,,,,,,,,,,,,,,,,,,,,,44,31,31,,31,剛爆發,False
DHR,Health Care,Danaher Corporation,2022-02-21,241.92,-0.66,-13.75,-12.37,-9.79,0.0,40,48,40,42.4,,,,,,,,,,,,,,,,,,,,,,,45,31,31,,31,剛爆發,False
WST,Health Care,West Pharmaceutical Services,2022-02-21,381.77,-1.67,-11.9,-13.45,-10.12,0.0,42,45,43,43.1,,,,,,,,,,,,,,,,,,,,,,,46,31,31,,31,剛爆發,False
MDT,Health Care,Medtronic,2022-02-21,91.52,2.63,-4.08,-20.01,-10.37,0.333,27,36,48,33.9,,,,,,,,,,,,,,,,,,,,,,,47,31,31,,31,剛爆發,False
WAT,Health Care,Waters Corporation,2022-02-21,323.65,2.12,-4.37,-20.55,-10.84,0.333,30,37,49,35.9,,,,,,,,,,,,,,,,,,,,,,,48,31,31,,31,剛爆發,False
GILD,Health Care,Gilead Sciences,2022-02-21,51.96,-11.24,-12.14,-12.51,-12.1,0.0,56,47,42,50.5,,,,,,,,,,,,,,,,,,,,,,,49,31,31,,31,剛爆發,False
IDXX,Health Care,Idexx Laboratories,2022-02-21,522.45,6.83,-14.0,-21.82,-12.7,0.333,16,50,51,33.2,,,,,,,,,,,,,,,,,,,,,,,50,31,31,,31,剛爆發,False
A,Health Care,Agilent Technologies,2022-02-21,129.4,-2.43,-11.94,-22.86,-15.02,0.0,46,46,52,47.2,,,,,,,,,,,,,,,,,,,,,,,51,31,31,,31,剛爆發,False
ALGN,Health Care,Align Technology,2022-02-21,512.56,10.48,-19.18,-26.97,-15.66,0.333,7,53,53,30.0,3.79,10.71,False,False,544.12,13.9,0.949,False,737.45,-30.5,2.15,12.5,9.0,11.0,937511.0,987481.0,0.818,460400.0,696510.0,834913.0,0.551,87.25,52,21,30,35.2,30,剛爆發,True
DXCM,Health Care,Dexcom,2022-02-21,102.83,-0.5,-30.51,-21.0,-18.25,0.0,39,56,50,46.3,,,,,,,,,,,,,,,,,,,,,,,53,31,31,,31,剛爆發,False
VEEV,Health Care,Veeva Systems,2022-02-21,225.95,0.54,-21.97,-31.62,-21.17,0.333,34,55,54,44.3,,,,,,,,,,,,,,,,,,,,,,,54,31,31,,31,剛爆發,False
CRL,Health Care,Charles River Laboratories,2022-02-21,296.16,-7.95,-21.08,-32.19,-23.35,0.0,55,54,55,54.7,,,,,,,,,,,,,,,,,,,,,,,55,31,31,,31,剛爆發,False
BIIB,Health Care,Biogen,2022-02-21,207.38,-7.92,-14.62,-39.57,-25.42,0.0,54,52,56,53.8,,,,,,,,,,,,,,,,,,,,,,,56,31,31,,31,剛爆發,False
MRNA,Health Care,Moderna,2022-02-21,151.33,-5.1,-54.09,-60.41,-45.0,0.0,50,57,57,53.5,,,,,,,,,,,,,,,,,,,,,,,57,31,31,,31,剛爆發,False
BLDR,Industrials,Builders FirstSource,2022-02-21,72.72,9.58,1.81,36.56,21.13,1.0,7,16,1,8.5,107.78,47.78,False,False,74.54,13.44,0.997,False,86.48,-15.91,5.31,13.29,12.0,8.0,2149900.0,2155675.0,1.5,1877600.0,1951840.0,2044513.0,0.918,100.0,1,1,20,4.8,4,,True
RTX,Industrials,RTX Corporation,2022-02-21,89.44,9.23,18.87,16.21,15.13,1.0,8,3,2,5.3,5.72,16.0,False,True,81.59,9.54,1.004,False,89.57,-0.15,4.56,10.51,14.0,6.0,6455092.0,6429100.0,2.333,8692300.0,6558340.0,6462660.0,1.345,100.0,2,1,5,2.2,1,,True
HWM,Industrials,Howmet Aerospace,2022-02-21,35.3,16.29,24.42,9.17,14.76,1.0,2,1,12,3.7,4.13,6.49,False,True,32.41,9.37,1.317,False,35.51,-0.59,2.2,16.75,12.0,8.0,4002450.0,3038462.0,1.5,3493000.0,2999150.0,3229806.0,1.081,100.0,3,1,13,4.2,3,,True
GD,Industrials,General Dynamics,2022-02-21,207.67,7.12,18.56,15.48,14.16,1.0,15,4,3,9.3,0.67,3.04,False,True,191.44,8.4,1.118,False,207.87,-0.1,6.33,9.19,13.0,7.0,1450515.0,1297257.0,1.857,1979400.0,1451760.0,1348646.0,1.468,100.0,4,1,4,2.8,2,,True
LMT,Industrials,Lockheed Martin,2022-02-21,363.42,4.16,20.47,14.88,13.6,1.0,21,2,4,11.9,3.82,11.27,False,True,330.88,9.25,1.064,False,367.82,-1.2,5.33,5.25,11.0,9.0,2147981.0,2018055.0,1.222,3376300.0,2401790.0,2137406.0,1.58,92.24,5,16,1,8.6,7,吃老本,True
NOC,Industrials,Northrop Grumman,2022-02-21,382.63,8.18,16.19,13.23,12.71,1.0,10,6,7,8.2,0.63,10.82,False,True,361.39,8.24,0.98,False,383.95,-0.34,3.31,9.98,12.0,8.0,972100.0,991912.0,1.5,1260000.0,1190980.0,1013220.0,1.244,96.96,6,10,7,7.8,6,,True
TDG,Industrials,TransDigm Group,2022-02-21,550.59,9.65,18.02,8.82,11.33,1.0,6,5,13,7.1,-5.32,14.53,False,True,524.35,9.53,1.212,False,571.85,-3.72,0.71,11.55,12.0,8.0,324825.0,268087.0,1.5,356100.0,298810.0,323053.0,1.102,100.0,7,1,11,5.4,5,剛爆發,False
PCAR,Industrials,Paccar,2022-02-21,52.3,-1.73,8.2,14.28,8.76,0.667,39,11,5,23.8,12.09,-10.86,False,True,52.08,6.4,0.993,False,55.44,-5.66,-2.06,-1.26,10.0,10.0,2470470.0,2489070.0,1.0,3029400.0,2411430.0,2332380.0,1.299,80.79,8,23,6,13.6,11,吃老本,True
UNP,Industrials,Union Pacific Corporation,2022-02-21,223.31,0.69,3.76,12.91,7.56,1.0,28,13,8,19.5,1.73,2.88,False,True,222.13,7.31,0.887,False,230.97,-3.32,-1.34,1.24,10.0,10.0,2893990.0,3262230.0,1.0,2548100.0,3176630.0,3108993.0,0.82,80.73,9,24,22,17.6,18,吃老本,True
UPS,Industrials,United Parcel Service,2022-02-21,170.44,6.67,3.01,9.94,7.39,1.0,17,15,10,15.0,15.64,6.43,False,False,170.85,9.81,1.583,False,188.37,-9.52,0.36,8.54,11.0,9.0,4906009.0,3099311.0,1.222,2657100.0,3087600.0,3070960.0,0.865,100.0,10,1,21,8.6,7,剛爆發,True
DAL,Industrials,Delta Air Lines,2022-02-21,40.1,8.52,14.18,0.05,5.7,1.0,9,7,22,11.0,50.15,96.53,False,True,38.75,18.12,1.077,False,50.46,-20.54,-4.09,8.35,11.0,9.0,13761036.0,12778400.0,1.222,15398700.0,14578170.0,14199333.0,1.084,90.55,11,20,12,14.8,14,吃老本,True
JBHT,Industrials,J.B. Hunt,2022-02-21,188.25,2.39,0.99,9.6,5.64,1.0,27,21,11,22.0,13.07,5.7,False,True,188.13,7.52,1.043,False,200.11,-5.93,4.39,4.46,11.0,9.0,597981.0,573133.0,1.222,632100.0,627270.0,585600.0,1.079,91.02,12,17,14,14.4,13,,True
WAB,Industrials,Wabtec,2022-02-21,92.17,7.57,1.63,5.04,4.82,1.0,12,17,15,14.1,1.09,1.45,False,True,89.18,12.11,1.045,False,96.69,-4.67,-1.57,8.28,13.0,7.0,1239000.0,1185900.0,1.857,1467500.0,1629430.0,1373726.0,1.068,100.0,13,1,15,8.6,7,剛爆發,True
LHX,Industrials,L3Harris,2022-02-21,213.35,6.79,8.55,1.47,4.57,1.0,16,9,20,14.7,0.99,0.95,False,True,198.47,8.73,0.946,False,223.8,-4.67,5.66,7.97,12.0,8.0,1574908.0,1664525.0,1.5,1222200.0,1425210.0,1299086.0,0.941,96.1,14,11,18,13.6,11,,True
LDOS,Industrials,Leidos,2022-02-21,91.79,11.67,7.0,-0.32,4.51,0.667,4,12,23,10.2,-2.33,11.17,False,True,85.0,17.94,1.113,False,102.04,-10.04,5.82,9.63,10.0,10.0,1348160.0,1211780.0,1.0,1254100.0,1526330.0,1329253.0,0.943,92.57,15,14,17,15.0,16,,False
GWW,Industrials,W. W. Grainger,2022-02-21,457.65,-3.36,-2.29,11.07,4.12,0.333,44,25,9,31.3,4.03,6.44,False,False,473.34,5.16,0.951,False,504.26,-9.24,1.13,-0.67,11.0,9.0,331809.0,348822.0,1.222,232000.0,305490.0,324420.0,0.715,85.03,16,22,25,20.2,22,吃老本,True
FIX,Industrials,Comfort Systems USA,2022-02-21,84.5,-1.5,-12.42,13.46,3.25,0.333,37,51,6,35.0,-0.95,25.74,False,False,90.3,12.85,0.9,False,101.83,-17.02,-2.16,0.83,10.0,10.0,174270.0,193550.0,1.0,147100.0,156980.0,154960.0,0.949,80.39,17,25,16,20.0,21,吃老本,False
UAL,Industrials,United Airlines Holdings,2022-02-21,45.85,12.08,8.5,-3.9,3.19,0.667,3,10,33,11.1,23.82,39.15,False,True,44.85,22.34,1.266,False,63.7,-28.02,-5.19,12.02,10.0,10.0,14114220.0,11150990.0,1.0,15838200.0,13317710.0,13131486.0,1.206,92.29,18,15,8,14.8,14,,True
HII,Industrials,Huntington Ingalls Industries,2022-02-21,182.54,7.17,9.74,-2.22,3.12,0.667,14,8,29,15.2,-4.46,19.15,False,True,170.76,14.46,1.205,False,201.03,-9.2,8.76,6.74,12.0,8.0,452033.0,374987.0,1.5,692400.0,497450.0,461940.0,1.499,100.0,19,1,3,8.6,7,剛爆發,False
PWR,Industrials,Quanta Services,2022-02-21,107.48,9.86,-7.88,4.82,2.9,0.667,5,39,18,17.8,9.3,1.49,False,True,105.06,12.11,1.111,False,123.77,-13.16,5.08,11.68,9.0,11.0,1337144.0,1203300.0,0.818,2063600.0,1407080.0,1306306.0,1.58,90.76,20,19,1,15.8,17,,True
PAYX,Industrials,Paychex,2022-02-21,102.74,2.87,-2.54,4.91,2.54,0.667,24,26,17,23.2,,,,,,,,,,,,,,,,,,,,,,,21,26,26,,26,,False
CHRW,Industrials,C.H. Robinson,2022-02-21,87.26,-7.02,1.06,7.85,2.43,0.667,64,19,14,40.5,-6.43,29.98,False,False,90.91,9.73,0.79,False,101.11,-13.7,6.54,-5.86,13.0,7.0,1469723.0,1860600.0,1.857,1743600.0,1417070.0,1498400.0,1.164,90.78,22,18,10,18.0,19,,False
CSX,Industrials,CSX Corporation,2022-02-21,32.33,-0.05,-3.0,3.43,0.95,0.333,30,28,19,27.2,,,,,,,,,,,,,,,,,,,,,,,23,26,26,,26,,False
TXT,Industrials,Textron,2022-02-21,71.15,7.21,-1.69,-1.88,0.44,0.333,13,24,27,19.1,-1.8,8.82,False,False,72.45,9.14,1.003,False,79.08,-10.03,1.95,7.25,12.0,8.0,1368266.0,1364025.0,1.5,1116600.0,1479630.0,1367493.0,0.817,95.18,24,12,23,19.0,20,剛爆發,False
ODFL,Industrials,Old Dominion,2022-02-21,148.36,3.52,-13.66,4.97,-0.05,0.667,22,57,16,31.3,,,,,,,,,,,,,,,,,,,,,,,25,26,26,,26,,False
NSC,Industrials,Norfolk Southern,2022-02-21,237.38,-3.82,-2.99,0.68,-1.36,0.333,47,27,21,35.8,,,,,,,,,,,,,,,,,,,,,,,26,26,26,,26,,False
SNA,Industrials,Snap-on,2022-02-21,189.66,3.37,1.04,-5.43,-1.61,0.667,23,20,37,24.9,,,,,,,,,,,,,,,,,,,,,,,27,26,26,,26,,False
PH,Industrials,Parker Hannifin,2022-02-21,282.15,-3.11,-3.45,-1.52,-2.4,0.0,43,30,26,35.7,,,,,,,,,,,,,,,,,,,,,,,28,26,26,,26,,False
ADP,Industrials,Automatic Data Processing,2022-02-21,184.77,2.55,-10.6,-1.32,-2.67,0.333,26,45,24,31.3,,,,,,,,,,,,,,,,,,,,,,,29,26,26,,26,,False
BA,Industrials,Boeing,2022-02-21,201.48,5.72,1.14,-9.14,-2.85,0.667,18,18,46,23.6,,,,,,,,,,,,,,,,,,,,,,,30,26,26,,26,,False
EMR,Industrials,Emerson Electric,2022-02-21,85.26,2.86,3.32,-10.47,-3.69,0.667,25,14,48,26.3,4.35,2.55,False,False,85.8,10.69,1.128,False,96.33,-11.5,-0.4,2.96,10.0,10.0,3813200.0,3380500.0,1.0,2864900.0,3042140.0,3512706.0,0.816,86.35,31,21,24,25.6,24,剛爆發,True
GE,Industrials,GE Aerospace,2022-02-21,58.72,4.64,-1.42,-9.01,-3.7,0.333,20,23,44,25.7,,,,,,,,,,,,,,,,,,,,,,,32,26,26,,26,剛爆發,False
NDSN,Industrials,Nordson Corporation,2022-02-21,216.07,0.1,-11.52,-2.17,-3.94,0.333,29,49,28,34.8,,,,,,,,,,,,,,,,,,,,,,,33,26,26,,26,剛爆發,False
EME,Industrials,Emcor,2022-02-21,115.33,-0.79,-4.52,-5.56,-4.11,0.0,35,31,38,34.4,,,,,,,,,,,,,,,,,,,,,,,34,26,26,,26,剛爆發,False
LUV,Industrials,Southwest Airlines,2022-02-21,41.64,5.15,0.4,-11.28,-4.25,0.667,19,22,51,26.3,,,,,,,,,,,,,,,,,,,,,,,35,26,26,,26,剛爆發,False
RSG,Industrials,Republic Services,2022-02-21,114.33,-4.5,-10.17,-1.47,-4.4,0.0,50,43,25,42.9,,,,,,,,,,,,,,,,,,,,,,,36,26,26,,26,剛爆發,False
AME,Industrials,Ametek,2022-02-21,126.09,-3.79,-6.5,-4.81,-4.98,0.0,46,35,35,40.5,,,,,,,,,,,,,,,,,,,,,,,37,26,26,,26,剛爆發,False
CTAS,Industrials,Cintas,2022-02-21,90.69,-2.08,-11.68,-3.21,-5.05,0.0,41,50,31,41.7,,,,,,,,,,,,,,,,,,,,,,,38,26,26,,26,剛爆發,False
ITW,Industrials,Illinois Tool Works,2022-02-21,196.21,-5.75,-6.49,-4.28,-5.2,0.0,55,34,34,44.5,,,,,,,,,,,,,,,,,,,,,,,39,26,26,,26,剛爆發,False
WM,Industrials,Waste Management,2022-02-21,135.23,-1.85,-10.88,-5.14,-5.76,0.0,40,47,36,41.3,,,,,,,,,,,,,,,,,,,,,,,40,26,26,,26,剛爆發,False
IR,Industrials,Ingersoll Rand,2022-02-21,51.16,-6.69,-12.74,-2.65,-6.19,0.0,60,53,30,51.9,,,,,,,,,,,,,,,,,,,,,,,41,26,26,,26,剛爆發,False
DE,Industrials,Deere & Company,2022-02-21,326.87,-7.17,-3.13,-8.02,-6.58,0.0,67,29,41,50.4,,,,,,,,,,,,,,,,,,,,,,,42,26,26,,26,剛爆發,False
DOV,Industrials,Dover Corporation,2022-02-21,150.85,-4.49,-6.56,-8.09,-6.81,0.0,49,36,42,43.7,,,,,,,,,,,,,,,,,,,,,,,43,26,26,,26,剛爆發,False
ETN,Industrials,Eaton Corporation,2022-02-21,143.59,-1.64,-7.99,-8.96,-6.89,0.0,38,40,43,39.6,,,,,,,,,,,,,,,,,,,,,,,44,26,26,,26,剛爆發,False
AOS,Industrials,A. O. Smith,2022-02-21,63.66,-8.09,-14.02,-3.35,-7.2,0.0,70,59,32,59.1,,,,,,,,,,,,,,,,,,,,,,,45,26,26,,26,剛爆發,False
ROL,Industrials,"Rollins, Inc.",2022-02-21,30.43,7.6,-9.09,-16.09,-8.42,0.333,11,42,64,30.9,-2.78,-5.94,False,True,30.21,7.7,1.022,False,37.67,-19.22,3.01,11.27,11.0,9.0,2121909.0,2075322.0,1.222,2477700.0,2088530.0,2083120.0,1.189,94.2,46,13,9,25.4,23,剛爆發,True
HUBB,Industrials,Hubbell Incorporated,2022-02-21,169.72,-0.58,-10.38,-11.85,-8.67,0.0,32,44,54,40.0,,,,,,,,,,,,,,,,,,,,,,,47,26,26,,26,剛爆發,False
CAT,Industrials,Caterpillar Inc.,2022-02-21,173.43,-7.01,-5.42,-11.19,-8.7,0.0,63,33,50,51.4,,,,,,,,,,,,,,,,,,,,,,,48,26,26,,26,剛爆發,False
URI,Industrials,United Rentals,2022-02-21,305.03,-0.46,-12.68,-10.95,-8.76,0.0,31,52,49,40.9,,,,,,,,,,,,,,,,,,,,,,,49,26,26,,26,剛爆發,False
FAST,Industrials,Fastenal,2022-02-21,22.97,-7.64,-14.22,-6.91,-8.92,0.0,69,60,39,60.3,,,,,,,,,,,,,,,,,,,,,,,50,26,26,,26,剛爆發,False
J,Industrials,Jacobs Solutions,2022-02-21,98.16,-3.64,-15.29,-9.1,-9.28,0.0,45,65,45,51.0,,,,,,,,,,,,,,,,,,,,,,,51,26,26,,26,剛爆發,False
OTIS,Industrials,Otis Worldwide,2022-02-21,73.12,-4.86,-5.34,-14.17,-9.63,0.0,51,32,60,47.1,,,,,,,,,,,,,,,,,,,,,,,52,26,26,,26,剛爆發,False
MAS,Industrials,Masco,2022-02-21,52.25,-9.07,-15.15,-7.85,-9.98,0.0,72,64,40,63.2,,,,,,,,,,,,,,,,,,,,,,,53,26,26,,26,剛爆發,False
CMI,Industrials,Cummins,2022-02-21,184.8,-7.15,-6.6,-14.08,-10.48,0.0,66,37,58,55.7,,,,,,,,,,,,,,,,,,,,,,,54,26,26,,26,剛爆發,False
FTV,Industrials,Fortive,2022-02-21,48.46,-5.95,-13.41,-11.32,-10.5,0.0,57,55,52,55.4,,,,,,,,,,,,,,,,,,,,,,,55,26,26,,26,剛爆發,False
UBER,Industrials,Uber,2022-02-21,34.98,-0.65,-13.67,-14.03,-10.6,0.0,34,58,57,45.8,,,,,,,,,,,,,,,,,,,,,,,56,26,26,,26,剛爆發,False
CPRT,Industrials,Copart,2022-02-21,31.17,-0.58,-14.55,-13.67,-10.62,0.0,32,61,56,45.5,,,,,,,,,,,,,,,,,,,,,,,57,26,26,,26,剛爆發,False
BR,Industrials,Broadridge Financial Solutions,2022-02-21,136.76,-3.83,-13.28,-12.96,-10.76,0.0,48,54,55,51.2,,,,,,,,,,,,,,,,,,,,,,,58,26,26,,26,剛爆發,False
VRSK,Industrials,Verisk Analytics,2022-02-21,174.03,-7.11,-20.39,-9.77,-11.76,0.0,65,71,47,63.2,,,,,,,,,,,,,,,,,,,,,,,59,26,26,,26,剛爆發,False
JCI,Industrials,Johnson Controls,2022-02-21,60.1,-9.33,-15.12,-11.75,-11.98,0.0,73,63,53,66.0,,,,,,,,,,,,,,,,,,,,,,,60,26,26,,26,剛爆發,False
SWK,Industrials,Stanley Black & Decker,2022-02-21,136.42,-5.84,-11.02,-15.87,-12.15,0.0,56,48,63,55.0,,,,,,,,,,,,,,,,,,,,,,,61,26,26,,26,剛爆發,False
HON,Industrials,Honeywell Technologies,2022-02-21,170.35,-6.13,-8.94,-17.62,-12.58,0.0,58,41,66,54.5,,,,,,,,,,,,,,,,,,,,,,,62,26,26,,26,剛爆發,False
FDX,Industrials,FedEx,2022-02-21,162.07,-9.83,-7.03,-17.12,-12.78,0.0,74,38,65,61.4,,,,,,,,,,,,,,,,,,,,,,,63,26,26,,26,剛爆發,False
EXPD,Industrials,Expeditors International,2022-02-21,99.9,-6.85,-14.57,-15.04,-12.88,0.0,62,62,61,61.8,,,,,,,,,,,,,,,,,,,,,,,64,26,26,,26,剛爆發,False
ALLE,Industrials,Allegion,2022-02-21,108.17,-5.04,-10.79,-18.22,-13.07,0.0,53,46,68,53.9,,,,,,,,,,,,,,,,,,,,,,,65,26,26,,26,剛爆發,False
IEX,Industrials,IDEX Corporation,2022-02-21,181.36,-8.9,-16.45,-14.13,-13.4,0.0,71,66,59,67.1,,,,,,,,,,,,,,,,,,,,,,,66,26,26,,26,剛爆發,False
ROK,Industrials,Rockwell Automation,2022-02-21,250.3,-5.0,-20.29,-15.66,-14.15,0.0,52,70,62,59.4,,,,,,,,,,,,,,,,,,,,,,,67,26,26,,26,剛爆發,False
LII,Industrials,Lennox International,2022-02-21,250.55,-5.32,-16.48,-20.34,-15.62,0.0,54,67,69,60.9,,,,,,,,,,,,,,,,,,,,,,,68,26,26,,26,剛爆發,False
EFX,Industrials,Equifax,2022-02-21,211.37,-6.45,-21.16,-17.72,-15.76,0.0,59,72,67,64.5,,,,,,,,,,,,,,,,,,,,,,,69,26,26,,26,剛爆發,False
MMM,Industrials,3M,2022-02-21,107.99,-6.83,-13.42,-21.46,-15.79,0.0,61,56,70,61.3,,,,,,,,,,,,,,,,,,,,,,,70,26,26,,26,剛爆發,False
GNRC,Industrials,Generac,2022-02-21,316.56,18.7,-26.92,-27.58,-15.84,0.333,1,76,74,38.1,4.71,-1.56,False,True,307.55,20.49,1.183,False,524.31,-39.62,4.54,23.18,11.0,9.0,1026263.0,867466.0,1.222,936100.0,1191120.0,1006046.0,0.93,100.0,71,1,19,32.6,25,剛爆發,True
CARR,Industrials,Carrier Global,2022-02-21,42.35,-2.63,-18.09,-22.05,-16.2,0.0,42,68,72,55.8,,,,,,,,,,,,,,,,,,,,,,,72,26,26,,26,剛爆發,False
TT,Industrials,Trane Technologies,2022-02-21,146.45,-10.13,-20.09,-21.68,-18.39,0.0,75,69,71,72.4,,,,,,,,,,,,,,,,,,,,,,,73,26,26,,26,剛爆發,False
PNR,Industrials,Pentair,2022-02-21,54.95,-7.59,-22.19,-23.45,-19.17,0.0,68,73,73,70.5,,,,,,,,,,,,,,,,,,,,,,,74,26,26,,26,剛爆發,False
AXON,Industrials,Axon Enterprise,2022-02-21,134.14,-1.42,-24.3,-28.27,-20.57,0.0,36,74,75,55.2,,,,,,,,,,,,,,,,,,,,,,,75,26,26,,26,剛爆發,False
XYL,Industrials,Xylem Inc.,2022-02-21,86.26,-10.3,-25.61,-32.24,-25.1,0.0,76,75,76,75.7,,,,,,,,,,,,,,,,,,,,,,,76,26,26,,26,剛爆發,False
VRT,Industrials,Vertiv,2022-02-21,13.14,-34.16,-48.78,-53.32,-47.4,0.0,77,77,77,77.0,,,,,,,,,,,,,,,,,,,,,,,77,26,26,,26,剛爆發,False
ON,Information Technology,ON Semiconductor,2022-02-21,63.5,18.12,5.31,39.56,25.64,1.0,2,15,1,5.7,15.98,18.25,False,True,62.36,15.44,1.093,False,71.26,-10.89,5.5,18.32,13.0,7.0,8807646.0,8055814.0,1.857,6917500.0,6853470.0,8670313.0,0.798,100.0,1,1,20,4.8,2,,True
PANW,Information Technology,Palo Alto Networks,2022-02-21,94.96,14.83,6.85,23.52,17.18,1.0,7,14,3,8.3,5.6,4.51,False,True,86.76,20.38,1.539,False,95.44,-0.51,14.15,17.42,11.0,9.0,12695509.0,8247400.0,1.222,22005000.0,14160540.0,11629080.0,1.892,100.0,2,1,2,1.6,1,,True
ANET,Information Technology,Arista Networks,2022-02-21,30.88,2.75,-1.18,32.49,16.64,0.667,27,24,2,21.1,11.77,9.0,False,False,32.35,20.58,1.399,False,37.14,-16.87,-4.43,4.73,11.0,9.0,10840800.0,7749733.0,1.222,8560000.0,11920800.0,10172880.0,0.841,93.88,3,19,17,12.2,11,吃老本,True
MU,Information Technology,Micron Technology,2022-02-21,88.08,13.66,8.12,22.06,16.47,1.0,9,12,5,9.1,2.58,3.35,False,True,87.06,13.92,1.154,False,96.24,-8.48,-3.87,14.46,11.0,9.0,22394754.0,19414200.0,1.222,15008700.0,21805830.0,21335926.0,0.703,95.64,4,16,23,12.6,12,吃老本,True
GDDY,Information Technology,GoDaddy,2022-02-21,83.3,14.11,24.72,12.39,15.9,1.0,8,2,14,7.4,25.73,56.89,False,True,77.64,9.77,1.075,False,90.43,-7.88,0.3,19.34,11.0,9.0,2107700.0,1960733.0,1.222,1801100.0,2596280.0,2228013.0,0.808,98.87,5,10,19,9.8,5,,True
CIEN,Information Technology,Ciena,2022-02-21,68.7,6.1,13.11,20.15,14.87,1.0,14,5,8,10.1,-0.58,16.36,False,False,70.16,9.56,1.311,False,78.28,-12.24,-0.48,8.05,11.0,8.0,1860645.0,1419237.0,1.375,968100.0,1954410.0,1737866.0,0.557,98.21,6,13,27,13.0,13,吃老本,False
LITE,Information Technology,Lumentum,2022-02-21,101.41,4.15,16.8,16.62,13.55,1.0,21,3,11,13.6,1.53,15.73,False,True,101.01,9.72,0.783,False,108.9,-6.88,0.28,4.28,11.0,9.0,1055518.0,1347333.0,1.222,1450100.0,936940.0,987193.0,1.469,84.72,7,23,5,13.0,13,吃老本,True
AVGO,Information Technology,Broadcom,2022-02-21,54.27,4.98,8.27,20.2,13.41,1.0,18,11,7,13.7,0.51,0.72,False,False,55.84,9.79,1.092,False,62.55,-13.24,1.56,8.43,12.0,8.0,25733750.0,23556125.0,1.5,22380000.0,24523500.0,23063200.0,0.97,97.3,8,15,11,11.4,9,吃老本,True
COHR,Information Technology,Coherent Corp.,2022-02-21,70.67,17.69,12.73,11.12,13.16,1.0,4,6,17,7.2,6.44,4.77,False,True,67.8,12.33,1.014,False,92.11,-23.28,-3.68,19.03,14.0,6.0,1476800.0,1456633.0,2.333,899200.0,1309990.0,1472893.0,0.61,100.0,9,1,26,9.2,4,剛爆發,True
STX,Information Technology,Seagate Technology,2022-02-21,91.71,-1.98,7.08,23.35,12.95,0.667,47,13,4,28.2,2.3,6.34,False,False,94.55,12.26,0.905,False,102.88,-10.85,-5.66,1.18,11.0,9.0,1936981.0,2141066.0,1.222,1911300.0,2035510.0,1822173.0,1.049,82.61,10,25,8,15.6,16,吃老本,True
CTSH,Information Technology,Cognizant,2022-02-21,81.78,4.58,12.64,14.67,11.64,1.0,19,7,12,14.0,5.59,1.13,False,True,80.38,9.09,1.017,False,85.6,-4.47,2.47,7.97,13.0,7.0,3248538.0,3195157.0,1.857,2892500.0,3050250.0,3136300.0,0.922,100.0,11,1,13,7.4,3,剛爆發,True
DDOG,Information Technology,Datadog,2022-02-21,161.41,17.85,-10.95,19.7,11.58,0.667,3,51,9,18.6,74.05,110.53,False,True,154.7,23.84,1.262,False,199.68,-19.16,-2.65,25.95,11.0,9.0,5859136.0,4642477.0,1.222,3120000.0,4891790.0,5665426.0,0.551,100.0,12,1,28,10.8,6,剛爆發,True
GEN,Information Technology,Gen Digital,2022-02-21,26.0,11.45,14.35,7.25,10.08,1.0,10,4,19,10.0,0.73,2.38,False,True,24.45,15.22,1.432,False,28.13,-7.58,1.37,12.91,9.0,11.0,7523911.0,5252936.0,0.818,5406600.0,5332380.0,6966380.0,0.776,95.63,13,17,21,16.2,17,,True
FICO,Information Technology,Fair Isaac,2022-02-21,473.39,-4.0,36.97,3.02,9.75,0.667,56,1,24,33.1,10.04,23.28,False,True,459.32,18.82,1.224,False,553.97,-14.55,-6.98,11.92,11.0,9.0,305936.0,249911.0,1.222,185800.0,234350.0,242093.0,0.767,94.11,14,18,22,17.2,18,,True
QCOM,Information Technology,Qualcomm,2022-02-21,154.74,2.47,-2.37,19.0,9.53,0.667,31,26,10,25.3,7.59,12.82,False,False,160.03,11.75,0.848,False,175.24,-11.7,2.48,6.04,12.0,8.0,11791250.0,13904337.0,1.5,7350200.0,9936660.0,10642953.0,0.691,91.95,15,20,24,18.8,22,,True
HPQ,Information Technology,HP Inc.,2022-02-21,29.01,-5.1,0.3,20.72,9.16,0.667,58,20,6,36.2,6.56,19.53,False,False,31.28,14.87,0.98,False,33.38,-13.11,-5.41,-2.16,8.0,12.0,8981475.0,9161183.0,0.667,13405800.0,9448770.0,8837693.0,1.517,73.7,16,26,4,17.6,19,吃老本,True
AAPL,Information Technology,Apple Inc.,2022-02-21,161.37,-3.09,5.26,11.24,6.16,0.667,51,17,16,33.8,,,,,,,,,,,,,,,,,,,,,,,17,29,29,,29,吃老本,False
SMCI,Information Technology,Supermicro,2022-02-21,4.02,0.05,-0.64,12.43,6.06,0.667,38,21,13,27.9,13.18,54.67,False,False,4.18,8.15,1.021,False,4.8,-16.3,3.4,3.48,13.0,7.0,3108384.0,3044571.0,1.857,3176000.0,2285900.0,2425866.0,1.309,99.17,18,9,6,12.0,10,剛爆發,True
MRVL,Information Technology,Marvell Technology,2022-02-21,67.6,3.66,-4.43,12.27,5.94,0.667,23,27,15,22.6,12.15,8.46,False,False,76.11,20.26,1.014,False,92.21,-26.69,1.78,5.95,11.0,9.0,10793363.0,10641022.0,1.222,8691700.0,10636320.0,10499940.0,0.828,90.36,19,21,18,19.6,23,,True
HPE,Information Technology,Hewlett Packard Enterprise,2022-02-21,14.13,-0.68,11.88,5.56,5.58,0.667,44,8,21,28.6,6.66,10.91,False,False,14.55,13.33,0.934,False,15.67,-9.8,-7.08,1.33,11.0,9.0,9387909.0,10049422.0,1.222,18758600.0,10186970.0,9293580.0,2.018,82.65,20,24,1,17.8,20,,True
FTNT,Information Technology,Fortinet,2022-02-21,64.99,15.17,-0.74,2.82,5.02,0.667,5,22,25,14.1,7.07,5.33,False,True,63.41,17.36,1.29,False,74.35,-12.59,4.65,20.48,11.0,9.0,7669090.0,5944833.0,1.222,6182500.0,6124400.0,6503566.0,0.951,100.0,21,1,12,11.2,8,剛爆發,True
GLW,Information Technology,Corning Inc.,2022-02-21,36.81,-1.77,9.0,2.78,3.2,0.667,46,9,26,30.9,4.06,-2.7,False,True,34.75,9.9,0.925,False,40.92,-10.05,0.04,2.01,11.0,9.0,4569163.0,4940166.0,1.222,4237800.0,4368760.0,4184693.0,1.013,85.74,22,22,10,19.6,23,,True
AMD,Information Technology,Advanced Micro Devices,2022-02-21,121.06,15.03,-21.8,8.67,2.64,0.667,6,63,18,25.5,21.38,10.04,False,False,128.48,19.82,0.989,False,164.46,-26.39,7.73,17.99,14.0,6.0,117863871.0,119141866.0,2.333,127821000.0,130818140.0,117523833.0,1.088,100.0,23,1,7,11.0,7,剛爆發,True
MPWR,Information Technology,Monolithic Power Systems,2022-02-21,446.04,24.41,-13.65,-6.55,-0.58,0.333,1,55,44,25.8,12.94,3.09,False,True,428.73,17.6,1.371,False,559.96,-20.35,-0.1,27.78,13.0,7.0,599607.0,437271.0,1.857,351300.0,638130.0,553853.0,0.634,100.0,24,1,25,15.0,15,剛爆發,True
KLAC,Information Technology,KLA Corporation,2022-02-21,34.29,-2.19,-10.11,4.84,-0.66,0.333,49,46,22,42.7,,,,,,,,,,,,,,,,,,,,,,,25,29,29,,29,,False
AMAT,Information Technology,Applied Materials,2022-02-21,130.81,2.65,-5.11,-0.27,-0.75,0.333,29,29,29,29.0,,,,,,,,,,,,,,,,,,,,,,,26,29,29,,29,,False
CSCO,Information Technology,Cisco,2022-02-21,49.35,0.77,3.11,-3.84,-0.95,0.667,35,18,35,29.9,,,,,,,,,,,,,,,,,,,,,,,27,29,29,,29,,False
NVDA,Information Technology,Nvidia,2022-02-21,24.08,5.77,-23.31,6.75,-1.01,0.667,15,65,20,31.0,7.97,5.81,False,False,26.15,23.42,0.873,False,34.53,-30.27,-1.43,10.08,13.0,7.0,536520923.0,614376142.0,1.857,528866000.0,651489100.0,579628600.0,0.912,98.62,28,11,14,18.4,21,剛爆發,True
APH,Information Technology,Amphenol,2022-02-21,36.89,-0.34,-5.62,0.57,-1.2,0.333,40,31,27,34.7,,,,,,,,,,,,,,,,,,,,,,,29,29,29,,29,,False
IBM,Information Technology,IBM,2022-02-21,105.93,-6.56,8.52,-4.45,-1.73,0.333,65,10,37,42.9,1.91,0.21,False,False,111.41,12.58,1.028,False,120.16,-11.84,-0.63,-5.16,7.0,13.0,5249900.0,5104461.0,0.538,4460900.0,5065750.0,4940826.0,0.903,72.72,30,28,15,26.2,26,,True
DELL,Information Technology,Dell Technologies,2022-02-21,46.75,-8.5,-8.4,4.72,-1.86,0.333,68,39,23,50.3,,,,,,,,,,,,,,,,,,,,,,,31,29,29,,29,,False
TDY,Information Technology,Teledyne Technologies,2022-02-21,428.63,4.53,0.55,-6.59,-2.03,0.667,20,19,45,24.7,,,,,,,,,,,,,,,,,,,,,,,32,29,29,,29,,False
ADI,Information Technology,Analog Devices,2022-02-21,150.89,2.7,-8.13,-1.77,-2.24,0.333,28,35,32,30.9,,,,,,,,,,,,,,,,,,,,,,,33,29,29,,29,,False
JBL,Information Technology,Jabil,2022-02-21,58.64,-0.47,-0.75,-3.93,-2.27,0.0,42,23,36,35.1,,,,,,,,,,,,,,,,,,,,,,,34,29,29,,29,,False
VRSN,Information Technology,Verisign,2022-02-21,210.99,1.23,-11.13,-0.22,-2.59,0.333,34,52,28,38.2,,,,,,,,,,,,,,,,,,,,,,,35,29,29,,29,剛爆發,False
FFIV,Information Technology,"F5, Inc.",2022-02-21,202.34,1.42,-10.57,-1.57,-3.07,0.333,33,48,31,37.1,,,,,,,,,,,,,,,,,,,,,,,36,29,29,,29,剛爆發,False
TEL,Information Technology,TE Connectivity,2022-02-21,135.28,3.4,-6.93,-4.63,-3.2,0.333,25,34,38,30.3,,,,,,,,,,,,,,,,,,,,,,,37,29,29,,29,剛爆發,False
MSFT,Information Technology,Microsoft,2022-02-21,286.99,-3.35,-9.63,-0.42,-3.45,0.0,52,45,30,45.5,,,,,,,,,,,,,,,,,,,,,,,38,29,29,,29,剛爆發,False
TER,Information Technology,Teradyne,2022-02-21,118.01,7.16,-17.9,-1.85,-3.61,0.333,12,61,33,30.9,5.84,10.51,False,False,137.69,11.27,1.352,False,165.89,-28.87,3.48,8.01,11.0,9.0,2400027.0,1774655.0,1.222,1738300.0,1625660.0,1696720.0,1.025,98.2,39,14,9,23.0,25,剛爆發,True
ROP,Information Technology,Roper Technologies,2022-02-21,435.51,2.97,-5.55,-6.05,-3.67,0.333,26,30,41,30.2,,,,,,,,,,,,,,,,,,,,,,,40,29,29,,29,剛爆發,False
SNPS,Information Technology,Synopsys,2022-02-21,311.15,4.99,-9.06,-6.23,-4.13,0.333,17,43,43,30.0,,,,,,,,,,,,,,,,,,,,,,,41,29,29,,29,剛爆發,False
LRCX,Information Technology,Lam Research,2022-02-21,54.67,2.15,-10.52,-5.53,-4.86,0.333,32,47,39,37.9,,,,,,,,,,,,,,,,,,,,,,,42,29,29,,29,剛爆發,False
CDNS,Information Technology,Cadence Design Systems,2022-02-21,152.93,5.16,-14.26,-5.87,-5.21,0.333,16,56,40,32.8,,,,,,,,,,,,,,,,,,,,,,,43,29,29,,29,剛爆發,False
INTC,Information Technology,Intel,2022-02-21,44.59,0.72,-1.45,-10.17,-5.27,0.333,36,25,54,36.3,,,,,,,,,,,,,,,,,,,,,,,44,29,29,,29,剛爆發,False
ACN,Information Technology,Accenture,2022-02-21,298.54,-5.93,-8.56,-3.38,-5.31,0.0,61,40,34,49.3,,,,,,,,,,,,,,,,,,,,,,,45,29,29,,29,剛爆發,False
FLEX,Information Technology,Flex Ltd.,2022-02-21,12.63,4.1,-4.56,-10.47,-5.35,0.333,22,28,56,30.6,,,,,,,,,,,,,,,,,,,,,,,46,29,29,,29,剛爆發,False
NOW,Information Technology,ServiceNow,2022-02-21,116.05,3.41,-10.67,-8.25,-5.94,0.333,24,49,49,36.5,,,,,,,,,,,,,,,,,,,,,,,47,29,29,,29,剛爆發,False
AKAM,Information Technology,Akamai Technologies,2022-02-21,105.33,-6.1,-5.9,-6.12,-6.06,0.0,63,32,42,49.5,,,,,,,,,,,,,,,,,,,,,,,48,29,29,,29,剛爆發,False
IT,Information Technology,Gartner,2022-02-21,286.54,-0.37,-10.8,-6.91,-6.24,0.0,41,50,46,44.7,,,,,,,,,,,,,,,,,,,,,,,49,29,29,,29,剛爆發,False
MCHP,Information Technology,Microchip Technology,2022-02-21,65.5,0.26,-9.57,-8.88,-6.77,0.333,37,44,50,41.7,,,,,,,,,,,,,,,,,,,,,,,50,29,29,,29,剛爆發,False
PTC,Information Technology,PTC Inc.,2022-02-21,111.52,-1.67,5.27,-15.5,-6.85,0.333,45,16,60,39.3,,,,,,,,,,,,,,,,,,,,,,,51,29,29,,29,剛爆發,False
MSI,Information Technology,Motorola Solutions,2022-02-21,211.07,-1.99,-11.95,-7.78,-7.37,0.0,48,53,48,49.5,,,,,,,,,,,,,,,,,,,,,,,52,29,29,,29,剛爆發,False
NTAP,Information Technology,NetApp,2022-02-21,72.31,-7.21,-8.77,-6.93,-7.46,0.0,66,42,47,55.0,,,,,,,,,,,,,,,,,,,,,,,53,29,29,,29,剛爆發,False
TXN,Information Technology,Texas Instruments,2022-02-21,150.16,-3.65,-8.66,-9.19,-7.67,0.0,54,41,51,49.5,,,,,,,,,,,,,,,,,,,,,,,54,29,29,,29,剛爆發,False
CDW,Information Technology,CDW Corporation,2022-02-21,167.47,-3.51,-6.85,-10.41,-7.79,0.0,53,33,55,47.4,,,,,,,,,,,,,,,,,,,,,,,55,29,29,,29,剛爆發,False
NXPI,Information Technology,NXP Semiconductors,2022-02-21,178.4,2.51,-8.36,-13.82,-8.37,0.333,30,38,58,38.0,,,,,,,,,,,,,,,,,,,,,,,56,29,29,,29,剛爆發,False
WDC,Information Technology,Western Digital,2022-02-21,39.84,6.11,-8.33,-16.27,-8.69,0.333,13,37,61,29.8,8.27,1.94,False,False,43.94,15.45,0.654,False,58.83,-32.28,-6.2,-1.65,10.0,10.0,4913423.0,7511822.0,1.0,4116911.0,4623025.0,4730051.0,0.87,72.97,57,27,16,36.8,28,剛爆發,True
TYL,Information Technology,Tyler Technologies,2022-02-21,429.92,-4.57,-14.26,-9.71,-9.56,0.0,57,56,52,55.7,,,,,,,,,,,,,,,,,,,,,,,58,29,29,,29,剛爆發,False
KEYS,Information Technology,Keysight Technologies,2022-02-21,159.98,-2.46,-16.4,-9.88,-9.65,0.0,50,59,53,53.3,,,,,,,,,,,,,,,,,,,,,,,59,29,29,,29,剛爆發,False
ORCL,Information Technology,Oracle Corporation,2022-02-21,71.89,-5.13,-17.0,-13.93,-12.5,0.0,59,60,59,59.3,,,,,,,,,,,,,,,,,,,,,,,60,29,29,,29,剛爆發,False
SWKS,Information Technology,Skyworks Solutions,2022-02-21,121.91,-0.05,-8.25,-23.48,-13.81,0.0,39,36,65,43.3,,,,,,,,,,,,,,,,,,,,,,,61,29,29,,29,剛爆發,False
WDAY,Information Technology,"Workday, Inc.",2022-02-21,225.23,-5.44,-18.85,-16.36,-14.25,0.0,60,62,62,61.0,,,,,,,,,,,,,,,,,,,,,,,62,29,29,,29,剛爆發,False
INTU,Information Technology,Intuit,2022-02-21,470.86,-8.91,-26.86,-13.71,-15.8,0.0,69,67,57,66.0,,,,,,,,,,,,,,,,,,,,,,,63,29,29,,29,剛爆發,False
TRMB,Information Technology,Trimble Inc.,2022-02-21,69.89,-0.53,-16.21,-26.98,-17.67,0.0,43,58,67,52.3,,,,,,,,,,,,,,,,,,,,,,,64,29,29,,29,剛爆發,False
CRM,Information Technology,Salesforce,2022-02-21,204.55,-6.32,-26.78,-21.93,-19.24,0.0,64,66,63,64.4,,,,,,,,,,,,,,,,,,,,,,,65,29,29,,29,剛爆發,False
ADSK,Information Technology,Autodesk,2022-02-21,219.62,-8.32,-13.59,-30.42,-20.69,0.0,67,54,70,63.7,,,,,,,,,,,,,,,,,,,,,,,66,29,29,,29,剛爆發,False
CRWD,Information Technology,CrowdStrike,2022-02-21,45.44,7.61,-21.87,-35.62,-21.38,0.333,11,64,71,38.9,72.69,28.93,False,False,46.23,21.41,1.082,False,74.62,-39.11,7.01,13.73,11.0,9.0,15170509.0,14018844.0,1.222,21910800.0,16050400.0,14414293.0,1.52,98.31,67,12,3,32.2,27,剛爆發,True
FSLR,Information Technology,First Solar,2022-02-21,70.68,-3.73,-33.27,-25.16,-21.83,0.0,55,70,66,61.7,,,,,,,,,,,,,,,,,,,,,,,68,29,29,,29,剛爆發,False
APP,Information Technology,AppLovin,2022-02-21,57.2,-6.06,-36.94,-22.91,-22.21,0.0,62,71,64,65.1,,,,,,,,,,,,,,,,,,,,,,,69,29,29,,29,剛爆發,False
ADBE,Information Technology,Adobe Inc.,2022-02-21,465.54,-10.16,-29.69,-29.31,-24.61,0.0,71,69,69,70.0,,,,,,,,,,,,,,,,,,,,,,,70,29,29,,29,剛爆發,False
ZBRA,Information Technology,Zebra Technologies,2022-02-21,418.07,-15.12,-29.23,-28.89,-25.54,0.0,72,68,68,70.0,,,,,,,,,,,,,,,,,,,,,,,71,29,29,,29,剛爆發,False
PLTR,Information Technology,Palantir Technologies,2022-02-21,11.47,-9.76,-45.46,-55.39,-41.5,0.0,70,72,72,71.0,,,,,,,,,,,,,,,,,,,,,,,72,29,29,,29,剛爆發,False
CF,Materials,CF Industries,2022-02-21,72.58,12.25,27.09,77.29,48.48,1.0,6,2,1,3.8,-10.86,-185.23,False,True,64.47,17.14,1.257,False,72.86,-0.39,4.34,16.72,14.0,6.0,4382014.0,3484966.0,2.333,4681100.0,4773700.0,4190333.0,1.117,100.0,1,1,9,2.6,3,,True
MOS,Materials,Mosaic Company (The),2022-02-21,44.14,24.54,40.54,52.39,42.46,1.0,4,1,2,2.7,-1.29,-12.51,False,True,37.11,15.74,1.173,False,44.18,-0.08,7.63,25.42,14.0,6.0,7725542.0,6584183.0,2.333,12150300.0,8030960.0,7752346.0,1.567,100.0,2,1,2,1.6,1,,True
FCX,Materials,Freeport-McMoRan,2022-02-21,43.49,28.58,24.85,27.4,27.06,1.0,2,3,3,2.5,2.15,9.93,False,True,38.68,11.79,1.066,False,43.51,-0.06,7.24,24.91,13.0,7.0,19740307.0,18520800.0,1.857,29087900.0,17404760.0,18499680.0,1.572,100.0,3,1,1,1.8,2,,True
NEM,Materials,Newmont,2022-02-21,59.88,13.43,22.58,18.96,18.48,1.0,5,4,4,4.5,1.82,-17.37,False,True,54.64,15.21,1.105,False,64.66,-7.4,0.22,11.94,11.0,9.0,8473772.0,7666433.0,1.222,9220600.0,9408030.0,8596500.0,1.073,94.93,4,7,12,6.8,6,,True
NUE,Materials,Nucor,2022-02-21,121.74,30.32,14.6,9.42,15.94,1.0,1,5,6,3.2,2.42,-1.89,False,True,105.09,15.12,1.314,False,122.16,-0.34,7.53,34.43,13.0,7.0,3792676.0,2887214.0,1.857,4722500.0,2823190.0,3041446.0,1.553,100.0,5,1,3,3.0,4,,True
CTVA,Materials,Corteva,2022-02-21,49.4,9.23,10.7,17.68,13.82,1.0,7,7,5,6.6,-14.02,54.41,False,True,45.99,5.68,0.888,False,49.92,-1.03,1.11,10.67,10.0,10.0,3455910.0,3891070.0,1.0,3414300.0,3509970.0,3769566.0,0.906,87.39,6,10,17,9.8,9,,False
STLD,Materials,Steel Dynamics,2022-02-21,64.54,25.66,9.11,-1.86,7.76,0.667,3,9,10,6.2,1.25,2.26,False,True,56.7,15.89,1.182,False,68.98,-6.43,9.12,27.0,13.0,7.0,2193030.0,1855514.0,1.857,2896500.0,2104370.0,2014893.0,1.438,100.0,7,1,4,4.0,5,剛爆發,True
PKG,Materials,Packaging Corporation of America,2022-02-21,130.94,2.8,12.86,0.23,4.03,1.0,10,6,9,8.6,33.51,14.84,False,True,122.69,6.52,1.258,False,134.43,-2.59,0.73,4.27,12.0,8.0,874066.0,694812.0,1.5,799100.0,694840.0,692693.0,1.154,97.37,8,6,8,7.2,7,,True
DD,Materials,DuPont,2022-02-21,90.12,3.08,2.29,4.75,3.72,1.0,9,12,7,9.5,8.28,3.05,False,False,91.21,15.19,0.945,False,98.37,-8.39,-1.65,2.51,10.0,10.0,2588577.0,2738844.0,1.0,2497948.0,2736470.0,2776638.0,0.9,82.39,9,13,18,12.4,11,,True
LYB,Materials,LyondellBasell,2022-02-21,71.14,2.0,9.57,-3.55,1.12,0.667,11,8,13,10.5,-43.77,-8.33,False,True,70.06,10.63,1.093,False,83.56,-14.87,-2.92,2.24,10.0,10.0,2181080.0,1995530.0,1.0,2766100.0,2095400.0,2046000.0,1.352,84.3,10,12,5,9.8,9,,False
DOW,Materials,Dow Inc.,2022-02-21,47.03,0.55,6.1,-5.52,-1.1,0.667,14,10,16,13.2,5.99,7.26,False,True,45.7,8.88,0.952,False,54.16,-13.17,-1.31,0.32,7.0,13.0,5564071.0,5846784.0,0.538,5445200.0,5358400.0,5496140.0,0.991,74.4,11,17,14,14.0,14,吃老本,True
MLM,Materials,Martin Marietta Materials,2022-02-21,375.2,0.75,-6.9,0.66,-1.21,0.667,13,18,8,13.5,7.42,-0.27,False,False,392.22,11.36,1.04,False,434.3,-13.61,0.18,3.41,11.0,9.0,553681.0,532322.0,1.222,714900.0,573070.0,576613.0,1.24,88.65,12,9,6,9.6,8,,True
AMCR,Materials,Amcor,2022-02-21,49.03,-0.16,3.3,-4.9,-1.66,0.333,15,11,15,13.8,0.66,2.09,False,True,48.93,6.09,1.252,False,52.11,-5.93,1.11,1.02,9.0,11.0,2298913.0,1835560.0,0.818,1962340.0,2201750.0,1984213.0,0.989,85.24,13,11,15,12.6,12,,True
IFF,Materials,International Flavors & Fragrances,2022-02-21,123.44,6.77,-2.93,-7.02,-2.55,0.333,8,14,18,11.8,6.73,5.66,False,True,123.03,7.5,1.124,False,137.35,-10.12,2.84,5.76,10.0,10.0,2023710.0,1799980.0,1.0,1518900.0,1672090.0,1916666.0,0.792,89.27,14,8,19,12.6,12,剛爆發,True
SW,Materials,Smurfit Westrock,2022-02-21,44.67,0.92,0.38,-6.65,-3.0,0.667,12,13,17,13.3,,,False,False,46.47,7.41,0.458,False,50.49,-11.53,-7.32,0.92,3.0,3.0,366.0,800.0,1.0,200.0,60.0,213.0,0.938,70.64,15,19,16,16.8,19,,False
BALL,Materials,Ball Corporation,2022-02-21,85.46,-2.81,-3.84,-3.3,-3.32,0.0,18,16,12,16.2,7.88,-4.35,False,False,86.19,9.46,1.131,False,92.16,-7.27,-0.05,-3.32,6.0,14.0,1847400.0,1633228.0,0.429,1587800.0,1399900.0,1488120.0,1.067,74.21,16,18,13,16.2,18,,True
VMC,Materials,Vulcan Materials Company,2022-02-21,176.97,-2.62,-7.08,-2.2,-3.52,0.0,16,19,11,15.9,6.68,-6.44,False,False,187.51,12.38,1.025,False,206.08,-14.12,-2.2,0.15,10.0,10.0,886850.0,865480.0,1.0,1045300.0,972930.0,947980.0,1.103,82.14,17,14,11,14.6,15,,True
LIN,Materials,Linde plc,2022-02-21,279.87,-5.54,-6.89,-4.78,-5.5,0.0,20,17,14,17.9,3.72,2.66,False,False,301.9,10.92,0.774,False,331.32,-15.53,-0.5,-4.45,11.0,9.0,2138272.0,2760900.0,1.222,2888900.0,2673010.0,2595120.0,1.113,79.02,18,16,10,15.6,17,,True
PPG,Materials,PPG Industries,2022-02-21,128.62,-8.52,-8.97,-12.16,-10.45,0.0,24,21,21,22.5,,,,,,,,,,,,,,,,,,,,,,,19,20,20,,20,,False
IP,Materials,International Paper,2022-02-21,37.4,-2.76,-3.48,-18.68,-10.9,0.0,17,15,24,17.8,-12.42,-6.55,False,False,38.46,9.64,1.129,False,49.49,-24.44,-1.52,-1.11,9.0,11.0,3737211.0,3311263.0,0.818,3919600.0,3549290.0,3270000.0,1.199,80.75,20,15,7,15.4,16,,False
CRH,Materials,CRH plc,2022-02-21,40.45,-8.03,-8.05,-14.22,-11.13,0.0,23,20,22,21.9,,,,,,,,,,,,,,,,,,,,,,,21,20,20,,20,,False
SHW,Materials,Sherwin-Williams,2022-02-21,257.02,-6.89,-17.14,-11.4,-11.71,0.0,21,23,20,21.4,,,,,,,,,,,,,,,,,,,,,,,22,20,20,,20,,False
APD,Materials,Air Products,2022-02-21,214.24,-13.42,-17.73,-9.51,-12.54,0.0,26,24,19,24.0,,,,,,,,,,,,,,,,,,,,,,,23,20,20,,20,,False
ECL,Materials,Ecolab,2022-02-21,171.29,-3.11,-20.13,-19.52,-15.57,0.0,19,25,25,22.0,,,,,,,,,,,,,,,,,,,,,,,24,20,20,,20,,False
AVY,Materials,Avery Dennison,2022-02-21,166.11,-9.61,-15.45,-19.77,-16.15,0.0,25,22,26,24.3,,,,,,,,,,,,,,,,,,,,,,,25,20,20,,20,,False
ALB,Materials,Albemarle Corporation,2022-02-21,181.47,-6.92,-27.95,-18.62,-18.03,0.0,22,26,23,23.4,,,,,,,,,,,,,,,,,,,,,,,26,20,20,,20,剛爆發,False
HST,Real Estate,Host Hotels & Resorts,2022-02-21,14.77,11.74,14.12,14.19,13.56,1.0,1,1,4,1.6,600.0,47.09,False,True,13.85,11.84,1.076,False,15.56,-5.06,-2.85,13.02,12.0,8.0,9035916.0,8398225.0,1.5,8988000.0,9591030.0,9206886.0,0.976,98.0,1,3,11,3.8,1,,True
PSA,Real Estate,Public Storage,2022-02-21,294.85,0.59,11.54,15.53,10.8,1.0,11,2,3,6.7,45.46,16.26,False,True,292.61,9.41,1.146,False,306.77,-3.88,4.81,4.75,6.0,14.0,852266.0,743764.0,0.429,839900.0,829160.0,760800.0,1.104,81.25,2,18,3,8.6,7,吃老本,True
BXP,Real Estate,"BXP, Inc.",2022-02-21,96.83,8.97,11.49,11.07,10.65,1.0,2,3,8,3.5,44.44,11.16,False,True,92.26,7.55,1.007,False,100.39,-3.55,1.18,11.76,11.0,9.0,1168636.0,1160233.0,1.222,855500.0,1178690.0,1087900.0,0.786,93.49,3,5,18,6.8,5,,True
WY,Real Estate,Weyerhaeuser,2022-02-21,33.72,2.41,6.17,15.62,9.95,1.0,7,5,2,5.4,1.22,7.54,False,True,33.34,11.68,1.01,False,35.74,-5.65,0.08,7.17,12.0,8.0,4466733.0,4421225.0,1.5,4572500.0,4931670.0,4490006.0,1.018,94.51,4,4,8,4.8,3,,True
CPT,Real Estate,Camden Property Trust,2022-02-21,142.74,6.16,1.15,15.73,9.69,1.0,4,14,1,6.4,-16.88,-25.07,False,True,141.42,5.75,0.797,False,153.17,-6.81,3.87,11.68,14.0,6.0,903921.0,1134200.0,2.333,720500.0,803320.0,934320.0,0.771,100.0,5,1,19,6.2,4,,True
KIM,Real Estate,Kimco Realty,2022-02-21,19.9,0.91,5.84,13.09,8.23,1.0,10,6,6,8.0,12.6,-9.79,False,True,19.62,9.37,1.046,False,20.87,-4.68,2.26,4.36,9.0,11.0,6192822.0,5922800.0,0.818,7073500.0,6808760.0,6449753.0,1.097,84.09,6,13,4,8.4,6,吃老本,True
MAA,Real Estate,Mid-America Apartment Communities,2022-02-21,175.76,2.52,3.63,12.09,7.58,1.0,6,9,7,7.1,74.51,1.05,False,False,178.34,8.5,1.066,False,192.97,-8.92,2.35,7.03,10.0,10.0,585200.0,549000.0,1.0,551200.0,484810.0,533480.0,1.033,88.81,7,11,7,8.6,7,,True
IRM,Real Estate,Iron Mountain,2022-02-21,41.1,8.16,5.56,7.7,7.28,1.0,3,7,10,5.6,7.74,0.88,False,True,39.54,16.4,1.958,False,44.87,-8.41,11.71,11.48,9.0,11.0,3157700.0,1612500.0,0.818,3710800.0,2013240.0,1865100.0,1.99,100.0,8,1,1,3.8,1,剛爆發,True
PLD,Real Estate,Prologis,2022-02-21,129.65,-4.27,-0.56,14.04,5.81,0.333,23,16,5,17.3,166.29,107.09,False,False,135.09,8.44,1.074,False,148.41,-12.64,3.61,-0.11,7.0,13.0,3076242.0,2864215.0,0.538,2934600.0,3005560.0,2908940.0,1.009,78.25,9,20,9,13.4,14,吃老本,True
AVB,Real Estate,AvalonBay Communities,2022-02-21,208.16,0.28,2.59,9.64,5.54,1.0,14,11,9,12.1,149.89,-11.35,False,False,208.88,6.39,1.095,False,219.65,-5.23,3.35,2.88,9.0,11.0,761577.0,695627.0,0.818,685400.0,660720.0,679200.0,1.009,84.5,10,12,9,10.6,11,,True
UDR,Real Estate,"UDR, Inc.",2022-02-21,46.8,-0.64,1.25,7.49,3.9,0.667,16,13,11,14.1,,,,False,47.72,6.2,1.216,False,50.68,-7.66,3.34,2.62,11.0,9.0,1951009.0,1604944.0,1.222,1624600.0,1876930.0,1898760.0,0.856,92.51,11,7,15,10.2,10,,False
VTR,Real Estate,Ventas,2022-02-21,46.63,5.28,10.46,-0.31,3.78,0.667,5,4,19,7.5,90.0,-220.5,False,True,44.16,8.47,1.256,False,51.68,-9.77,4.37,6.19,9.0,11.0,2891433.0,2302054.0,0.818,2523200.0,2525040.0,2397313.0,1.053,89.72,12,10,5,9.8,9,,True
EQR,Real Estate,Equity Residential,2022-02-21,72.73,-1.83,4.24,6.17,3.69,0.667,18,8,14,14.2,-38.29,-32.65,False,False,73.71,6.65,1.107,False,77.54,-6.2,2.74,0.68,7.0,13.0,2266085.0,2047338.0,0.538,1513200.0,1788390.0,1873453.0,0.808,78.95,13,19,17,16.2,18,吃老本,False
EXR,Real Estate,Extra Space Storage,2022-02-21,161.06,-1.39,-1.74,7.19,2.81,0.333,17,17,12,16.0,42.95,12.92,False,False,169.83,13.22,1.279,False,189.81,-15.15,2.89,2.02,7.0,13.0,814414.0,636738.0,0.538,594100.0,678210.0,640513.0,0.928,82.83,14,15,12,14.0,15,,True
CBRE,Real Estate,CBRE Group,2022-02-21,98.63,0.31,0.55,3.15,1.79,1.0,12,15,15,13.5,20.26,15.57,False,False,102.61,13.65,0.961,False,111.0,-11.14,-1.17,3.42,10.0,10.0,1577250.0,1641280.0,1.0,2345500.0,1849160.0,1662006.0,1.411,83.4,15,14,2,12.0,12,,True
WELL,Real Estate,Welltower,2022-02-21,75.62,0.3,2.92,-0.85,0.38,0.667,13,10,21,13.7,5.44,-39.89,False,True,75.46,6.73,1.309,False,80.33,-5.87,2.64,1.07,11.0,9.0,2936736.0,2243000.0,1.222,2241500.0,2956970.0,2636120.0,0.85,92.94,16,6,16,12.0,12,剛爆發,True
ESS,Real Estate,Essex Property Trust,2022-02-21,274.29,-2.26,-4.15,2.48,-0.36,0.333,19,20,16,18.7,,,,,,,,,,,,,,,,,,,,,,,17,21,21,,21,,False
SPG,Real Estate,Simon Property Group,2022-02-21,109.4,-4.58,-12.03,6.79,-0.75,0.333,24,28,13,23.0,4.75,10.11,False,False,117.66,12.43,0.933,False,132.6,-17.5,-2.76,-2.91,11.0,9.0,2263827.0,2427055.0,1.222,1785600.0,2204310.0,2472353.0,0.722,81.8,18,17,20,18.0,20,,True
FRT,Real Estate,Federal Realty Investment Trust,2022-02-21,99.27,-4.07,-2.92,1.45,-1.02,0.333,22,19,17,20.1,,,,,,,,,,,,,,,,,,,,,,,19,21,21,,21,,False
O,Real Estate,Realty Income,2022-02-21,53.21,-2.66,-1.95,-0.75,-1.53,0.0,20,18,20,19.4,,,,,,,,,,,,,,,,,,,,,,,20,21,21,,21,,False
REG,Real Estate,Regency Centers,2022-02-21,55.99,-5.53,-4.8,0.6,-2.28,0.333,26,23,18,23.5,,,,,,,,,,,,,,,,,,,,,,,21,21,21,,21,,False
VICI,Real Estate,Vici Properties,2022-02-21,21.94,-0.57,2.22,-5.72,-2.45,0.333,15,12,24,15.9,-3.06,-30.98,False,False,22.17,9.29,0.899,False,25.17,-12.82,0.57,1.74,10.0,10.0,7256830.0,8070500.0,1.0,7524300.0,8854260.0,8141040.0,0.924,82.01,22,16,13,17.8,19,剛爆發,True
ARE,Real Estate,Alexandria Real Estate Equities,2022-02-21,156.79,2.17,-4.78,-4.43,-2.87,0.333,8,22,23,15.2,3.57,-6.67,False,False,163.31,6.29,1.041,False,182.1,-13.9,4.12,4.39,11.0,9.0,1068372.0,1026444.0,1.222,890000.0,969100.0,1018153.0,0.874,90.83,23,8,14,15.2,16,剛爆發,True
INVH,Real Estate,Invitation Homes,2022-02-21,33.54,-5.64,-4.63,-2.69,-3.91,0.0,27,21,22,24.2,,,,,,,,,,,,,,,,,,,,,,,24,21,21,,21,,False
DOC,Real Estate,Healthpeak Properties,2022-02-21,24.47,-8.62,-5.82,-9.27,-8.25,0.0,31,24,25,27.7,,,,,,,,,,,,,,,,,,,,,,,25,21,21,,21,,False
EQIX,Real Estate,Equinix,2022-02-21,653.34,1.16,-9.84,-12.91,-8.63,0.333,9,26,29,18.1,-4.22,4.93,False,False,682.63,8.42,1.191,False,805.18,-18.86,3.49,4.79,10.0,10.0,588550.0,494250.0,1.0,565800.0,562490.0,545900.0,1.036,90.11,26,9,6,15.2,16,剛爆發,False
CCI,Real Estate,Crown Castle,2022-02-21,133.69,-7.25,-7.99,-10.97,-9.3,0.0,28,25,26,26.7,,,,,,,,,,,,,,,,,,,,,,,27,21,21,,21,剛爆發,False
SBAC,Real Estate,SBA Communications,2022-02-21,284.62,-3.43,-12.59,-12.88,-10.44,0.0,21,29,28,24.8,,,,,,,,,,,,,,,,,,,,,,,28,21,21,,21,剛爆發,False
DLR,Real Estate,Digital Realty,2022-02-21,117.94,-7.38,-15.73,-12.63,-12.09,0.0,29,30,27,28.9,,,,,,,,,,,,,,,,,,,,,,,29,21,21,,21,剛爆發,False
AMT,Real Estate,American Tower,2022-02-21,201.78,-5.31,-10.67,-17.37,-12.68,0.0,25,27,30,26.6,,,,,,,,,,,,,,,,,,,,,,,30,21,21,,21,剛爆發,False
CSGP,Real Estate,CoStar Group,2022-02-21,61.7,-8.42,-20.48,-25.83,-20.14,0.0,30,31,31,30.5,,,,,,,,,,,,,,,,,,,,,,,31,21,21,,21,剛爆發,False
EXC,Utilities,Exelon,2022-02-21,36.55,5.04,12.71,23.54,16.21,1.0,2,4,2,2.6,14.93,-0.48,False,True,34.71,6.19,1.313,False,37.46,-2.42,2.88,7.29,11.0,9.0,14600547.0,11121727.0,1.222,7981400.0,10111550.0,11298566.0,0.706,96.84,1,2,18,4.8,2,,True
NI,Utilities,NiSource,2022-02-21,25.05,-0.19,16.9,18.75,13.56,0.667,14,3,4,8.7,10.47,14.69,False,True,24.08,4.64,1.107,False,25.89,-3.23,1.44,4.45,10.0,10.0,7218420.0,6521830.0,1.0,5719900.0,5599100.0,5510466.0,1.038,87.61,2,8,12,6.4,3,吃老本,True
VST,Utilities,Vistra Corp.,2022-02-21,20.28,1.06,9.42,19.08,12.16,1.0,9,9,3,7.8,-26.65,-99.4,False,False,20.32,10.08,1.229,False,21.7,-6.57,1.91,2.77,9.0,11.0,4893977.0,3981918.0,0.818,3879000.0,3682560.0,4106073.0,0.945,86.21,3,14,15,9.8,10,吃老本,True
ATO,Utilities,Atmos Energy,2022-02-21,98.31,3.47,17.58,13.56,12.04,1.0,3,1,6,3.0,0.73,-3.78,False,True,93.94,6.64,0.867,False,98.54,-0.23,2.28,4.74,11.0,9.0,1163181.0,1341955.0,1.222,1311100.0,1313070.0,1210740.0,1.083,87.25,4,10,10,7.6,5,吃老本,True
ED,Utilities,Consolidated Edison,2022-02-21,74.32,2.52,10.29,15.85,11.13,1.0,6,7,5,6.1,16.09,-4.35,False,True,72.22,7.47,1.331,False,75.1,-1.03,5.51,4.84,9.0,11.0,2598122.0,1951418.0,0.818,1883800.0,2226090.0,2083660.0,0.904,90.68,5,6,16,7.6,5,,True
SRE,Utilities,Sempra,2022-02-21,61.5,3.35,17.24,9.11,9.7,1.0,4,2,9,4.4,8.16,0.45,False,True,58.39,8.06,1.196,False,61.72,-0.36,4.47,4.03,11.0,8.0,3346418.0,2797225.0,1.375,4331200.0,2703580.0,2621946.0,1.652,95.77,6,3,2,4.0,1,,True
PCG,Utilities,PG&E Corporation,2022-02-21,11.17,-10.48,-7.19,24.56,7.86,0.333,29,27,1,22.8,0.01,-5.82,False,False,11.84,13.68,0.708,False,12.96,-13.87,-1.98,-8.39,11.0,8.0,17782945.0,25110362.0,1.375,12336600.0,17801580.0,19159120.0,0.644,77.19,7,18,19,13.8,15,吃老本,True
FE,Utilities,FirstEnergy,2022-02-21,34.74,-0.02,10.11,9.31,7.18,0.667,13,8,8,10.5,-1.02,7.62,False,True,34.35,9.12,0.886,False,35.69,-2.66,0.58,1.17,12.0,8.0,4717625.0,5325575.0,1.5,4016800.0,5595660.0,5002020.0,0.803,88.94,8,7,17,9.4,9,,False
CNP,Utilities,CenterPoint Energy,2022-02-21,24.59,-1.1,5.05,8.24,5.11,0.667,15,15,10,14.0,27.29,17.73,False,True,24.56,6.42,0.779,False,25.45,-3.39,2.13,0.67,10.0,10.0,4538570.0,5828530.0,1.0,5303300.0,6214080.0,5351560.0,0.991,79.88,9,16,14,12.8,14,吃老本,True
EIX,Utilities,Edison International,2022-02-21,50.31,0.53,-3.0,10.78,4.78,0.667,10,24,7,13.6,10.41,-3.83,False,False,51.23,7.81,1.099,False,55.37,-9.14,3.49,1.38,10.0,10.0,2326350.0,2116960.0,1.0,2452600.0,2025260.0,1945940.0,1.26,86.45,10,13,6,10.4,13,,True
DTE,Utilities,DTE Energy,2022-02-21,105.05,1.42,11.02,2.55,4.38,1.0,7,6,13,7.9,11.82,-6.3,False,True,102.18,6.01,1.111,False,105.09,-0.03,2.87,1.79,12.0,8.0,1282658.0,1154737.0,1.5,1390300.0,1450760.0,1317986.0,1.055,94.16,11,5,11,8.6,8,剛爆發,True
D,Utilities,Dominion Energy,2022-02-21,64.85,0.29,9.14,3.66,4.19,1.0,11,11,11,11.0,-0.97,4.59,False,True,64.17,5.67,1.151,False,66.46,-2.42,0.69,1.89,10.0,10.0,3380270.0,2937550.0,1.0,4573500.0,3287920.0,3028700.0,1.51,86.55,12,12,3,10.2,11,,False
AEP,Utilities,American Electric Power,2022-02-21,76.67,0.12,9.32,2.01,3.37,1.0,12,10,14,11.8,6.21,-1.28,False,True,75.33,6.23,1.127,False,77.88,-1.55,4.64,0.94,12.0,8.0,3782250.0,3354812.0,1.5,4073700.0,3623000.0,3399340.0,1.198,94.65,13,4,8,8.4,7,剛爆發,True
CMS,Utilities,CMS Energy,2022-02-21,56.16,1.19,7.43,1.42,2.86,1.0,8,12,15,10.6,2.24,0.78,False,True,55.57,5.23,1.203,False,57.19,-1.8,2.79,2.23,13.0,7.0,2072530.0,1722171.0,1.857,2660000.0,1862540.0,1868286.0,1.424,100.0,14,1,4,6.8,4,剛爆發,True
PEG,Utilities,Public Service Enterprise Group,2022-02-21,55.79,-1.76,2.74,2.71,1.6,0.667,16,18,12,15.8,3.49,5.52,False,False,56.35,8.81,0.805,False,58.53,-4.69,0.22,-0.81,9.0,10.0,2182966.0,2712710.0,0.9,2819100.0,2714810.0,2501926.0,1.127,77.18,15,19,9,15.4,18,,True
PNW,Utilities,Pinnacle West Capital,2022-02-21,59.85,2.86,11.65,-4.52,1.37,0.667,5,5,23,8.6,700.0,10.5,False,True,57.5,8.95,1.021,False,71.09,-15.81,4.7,4.23,10.0,10.0,882570.0,864170.0,1.0,1981700.0,849580.0,797266.0,2.486,87.29,16,9,1,10.2,11,剛爆發,True
SO,Utilities,Southern Company,2022-02-21,55.77,-4.77,5.91,0.63,0.6,0.667,26,13,16,20.1,2.29,0.9,False,False,57.1,7.32,1.031,False,59.22,-5.82,1.42,-3.41,10.0,10.0,7381720.0,7162600.0,1.0,8768800.0,7591480.0,7072713.0,1.24,81.56,17,15,7,14.2,16,,True
XEL,Utilities,Xcel Energy,2022-02-21,58.11,-3.74,4.53,-0.79,-0.2,0.333,22,16,17,19.2,,,,,,,,,,,,,,,,,,,,,,,18,20,20,,20,,False
AEE,Utilities,Ameren,2022-02-21,75.25,-1.85,2.45,-1.01,-0.36,0.333,17,21,18,18.4,,,,,,,,,,,,,,,,,,,,,,,19,20,20,,20,,False
DUK,Utilities,Duke Energy,2022-02-21,85.04,-3.35,1.96,-2.35,-1.52,0.333,20,22,20,20.6,,,,,,,,,,,,,,,,,,,,,,,20,20,20,,20,,False
LNT,Utilities,Alliant Energy,2022-02-21,49.87,-2.43,2.74,-3.5,-1.67,0.333,18,18,21,18.6,,,,,,,,,,,,,,,,,,,,,,,21,20,20,,20,,False
WEC,Utilities,WEC Energy Group,2022-02-21,78.47,-5.17,2.7,-2.27,-1.75,0.333,27,20,19,23.3,,,,,,,,,,,,,,,,,,,,,,,22,20,20,,20,,False
ETR,Utilities,Entergy,2022-02-21,45.44,-4.15,3.35,-3.66,-2.03,0.333,25,17,22,22.0,,,,,,,,,,,,,,,,,,,,,,,23,20,20,,20,,False
NEE,Utilities,NextEra Energy,2022-02-21,68.27,6.43,-10.37,-7.08,-4.53,0.333,1,29,25,14.2,2.98,4.69,False,False,72.66,8.68,1.132,False,82.93,-17.68,2.36,6.41,9.0,11.0,11640944.0,10286763.0,0.818,12609500.0,9801750.0,9477113.0,1.331,86.87,24,11,5,15.0,17,剛爆發,True
EVRG,Utilities,Evergy,2022-02-21,52.14,-3.43,-3.04,-7.63,-5.43,0.0,21,25,26,23.2,,,,,,,,,,,,,,,,,,,,,,,25,20,20,,20,,False
ES,Utilities,Eversource Energy,2022-02-21,67.96,-6.19,-2.79,-8.04,-6.26,0.0,28,23,27,26.3,,,,,,,,,,,,,,,,,,,,,,,26,20,20,,20,剛爆發,False
NRG,Utilities,NRG Energy,2022-02-21,34.0,-3.94,5.73,-14.28,-6.69,0.333,23,14,29,21.5,-250.53,-57.03,False,False,35.78,11.34,0.999,False,40.57,-16.2,-0.86,-1.63,9.0,11.0,2684200.0,2687263.0,0.818,2549200.0,2581660.0,2486573.0,1.025,78.43,27,17,13,20.2,19,剛爆發,False
PPL,Utilities,PPL Corporation,2022-02-21,22.73,-10.95,-4.86,-6.98,-7.44,0.0,30,26,24,27.6,,,,,,,,,,,,,,,,,,,,,,,28,20,20,,20,剛爆發,False
AES,Utilities,AES Corporation,2022-02-21,17.48,-4.01,-10.78,-11.57,-9.48,0.0,24,30,28,26.6,,,,,,,,,,,,,,,,,,,,,,,29,20,20,,20,剛爆發,False
AWK,Utilities,American Water Works,2022-02-21,139.02,-2.89,-10.0,-14.68,-10.56,0.0,19,28,30,23.9,,,,,,,,,,,,,,,,,,,,,,,30,20,20,,20,剛爆發,False
