symbol,sector,name,as_of_date,t_price,cum_ret_4w,cum_ret_13w,cum_ret_26w,point,di,cum_ret_4w_rank_in_sector,cum_ret_13w_rank_in_sector,cum_ret_26w_rank_in_sector,cms_a,surprise_l1,surprise_l2,pre_earnings_14d,above_50ma,ma50,amp_10d_pct,vp_ratio_stock,vcp,high_52w,pct_from_high,ret_5d,ret_20d,up_days_20,down_days_20,up_avg_vol,down_avg_vol,ud_ratio,vol_today,vol_10d_avg,vol_3w_avg,vol_ratio_stock_20d,vp_score_stock,point_rank_in_sector,vp_score_rank_in_sector,vol_rank_in_sector,composite_in_sector,composite_rank_in_sector,stock_gap_alert,earnings_passed
META,Communication Services,Meta Platforms,2023-11-20,335.29,13.99,18.47,29.08,22.65,1.0,5,1,1,3.0,20.9,2.51,False,True,311.43,7.0,1.214,False,339.93,-1.37,1.21,17.3,15.0,5.0,17744073.0,14618520.0,3.0,5467500.0,14630130.0,14648113.0,0.373,100.0,1,1,10,2.8,2,,True
NFLX,Communication Services,Netflix,2023-11-20,47.96,20.53,15.27,26.57,22.24,1.0,3,3,2,2.8,6.74,15.36,False,True,40.69,10.17,1.108,False,48.5,-1.12,2.7,18.84,15.0,5.0,37038866.0,33437600.0,3.0,14047000.0,33749000.0,32535133.0,0.432,100.0,2,1,4,2.0,1,,True
NWS,Communication Services,News Corp (Class B),2023-11-20,22.55,9.5,8.71,23.64,16.37,1.0,12,9,3,9.3,71.43,100.0,False,True,21.16,8.14,0.845,False,22.77,-0.99,4.42,8.0,13.0,7.0,1080900.0,1279785.0,1.857,515000.0,1184330.0,1208533.0,0.426,99.21,3,14,5,7.8,11,吃老本,True
NWSA,Communication Services,News Corp (Class A),2023-11-20,21.6,8.85,6.63,19.28,13.51,1.0,15,10,5,11.5,71.43,100.0,False,True,20.35,8.16,0.872,False,21.9,-1.39,4.46,7.37,11.0,9.0,2809609.0,3223166.0,1.222,1165100.0,2666630.0,3021800.0,0.386,89.79,4,16,8,9.6,12,吃老本,True
DIS,Communication Services,Walt Disney Company (The),2023-11-20,93.14,21.09,15.24,8.8,13.48,1.0,2,4,12,4.6,15.11,6.77,False,True,82.29,10.27,0.969,False,114.58,-18.72,1.64,20.41,13.0,7.0,14599538.0,15073842.0,1.857,5440500.0,13139720.0,16362360.0,0.333,100.0,5,1,12,4.8,4,,True
CHTR,Communication Services,Charter Communications,2023-11-20,405.92,9.12,-2.61,22.91,13.08,0.667,14,16,4,12.6,1.71,-0.61,False,False,426.89,6.31,0.865,False,458.3,-11.43,-1.68,-1.41,12.0,8.0,1008008.0,1165412.0,1.5,242700.0,793250.0,811220.0,0.299,86.12,6,18,14,12.4,16,吃老本,True
TTWO,Communication Services,Take-Two Interactive,2023-11-20,156.32,16.28,10.54,12.48,12.94,1.0,4,8,6,5.6,-210.97,-13.66,False,True,142.6,8.13,1.627,False,157.6,-0.81,0.95,17.5,16.0,4.0,2237556.0,1375300.0,4.0,539200.0,1555860.0,2228586.0,0.242,100.0,7,1,16,6.4,8,剛爆發,False
VZ,Communication Services,Verizon,2023-11-20,31.24,11.87,14.57,11.12,12.17,1.0,10,5,7,7.9,3.55,3.77,False,True,28.01,5.95,1.124,False,33.33,-6.27,3.4,8.53,16.0,4.0,20274700.0,18031525.0,4.0,6766700.0,17199910.0,17411880.0,0.389,100.0,8,1,7,5.0,5,剛爆發,True
T,Communication Services,AT&T,2023-11-20,14.1,9.38,17.08,8.48,10.85,1.0,13,2,13,9.7,3.09,4.56,False,True,13.19,5.41,1.083,False,17.81,-20.8,2.08,7.21,14.0,6.0,30349607.0,28022933.0,2.333,12431000.0,24802690.0,26958046.0,0.461,100.0,9,1,3,4.6,3,剛爆發,True
EA,Communication Services,Electronic Arts,2023-11-20,134.8,11.39,14.31,8.06,10.46,1.0,11,6,14,10.1,64.33,35.41,False,True,124.99,4.24,1.132,False,138.23,-2.48,2.4,10.48,13.0,7.0,2147061.0,1897514.0,1.857,583900.0,1811540.0,1885073.0,0.31,100.0,10,1,13,7.0,10,剛爆發,True
TMUS,Communication Services,T-Mobile US,2023-11-20,142.47,6.41,11.72,10.23,9.65,1.0,18,7,8,12.7,5.69,8.57,False,True,136.56,2.59,0.933,False,146.66,-2.86,1.01,4.28,14.0,6.0,3757200.0,4026816.0,2.333,1341400.0,3538460.0,3558146.0,0.377,100.0,11,1,9,6.6,9,剛爆發,True
GOOG,Communication Services,Alphabet Inc. (Class C),2023-11-20,137.01,12.01,5.76,10.2,9.54,1.0,8,11,9,9.1,7.05,7.29,False,True,133.51,7.47,0.927,False,141.14,-2.92,-0.35,11.97,14.0,6.0,19655085.0,21211900.0,2.333,8828600.0,18197390.0,17943840.0,0.492,100.0,12,1,2,5.6,6,剛爆發,True
GOOGL,Communication Services,Alphabet Inc. (Class A),2023-11-20,135.49,11.89,5.24,9.69,9.13,1.0,9,12,10,10.1,6.74,7.23,False,True,132.29,7.4,0.967,False,139.98,-3.21,-0.18,11.78,14.0,6.0,26230278.0,27114383.0,2.333,12514300.0,24752760.0,24860286.0,0.503,100.0,13,1,1,5.8,7,剛爆發,True
LYV,Communication Services,Live Nation Entertainment,2023-11-20,87.63,13.81,3.35,6.67,7.62,1.0,6,13,15,9.9,90.53,38.44,False,True,83.88,6.93,1.402,False,101.74,-13.87,-1.65,12.2,15.0,5.0,2366720.0,1688660.0,3.0,336800.0,1690520.0,2174806.0,0.155,100.0,14,1,18,9.6,12,剛爆發,True
PSKY,Communication Services,Paramount Skydance Corporation,2023-11-20,13.56,32.8,-1.22,-4.05,5.87,0.333,1,15,19,8.8,-16.36,-15.38,False,True,11.82,18.32,1.086,False,24.29,-44.16,11.36,30.37,12.0,8.0,16192058.0,14912425.0,1.5,3299700.0,12418310.0,15554846.0,0.212,100.0,15,1,17,9.8,14,剛爆發,False
CMCSA,Communication Services,Comcast,2023-11-20,35.98,7.42,-5.74,9.32,5.08,0.667,17,19,11,16.4,13.67,15.51,False,False,36.46,4.94,1.052,False,39.85,-9.69,0.4,8.76,12.0,8.0,19712371.0,18737267.0,1.5,6252620.0,16066224.0,17990167.0,0.348,96.33,16,15,11,14.6,17,,True
FOX,Communication Services,Fox Corporation (Class B),2023-11-20,27.53,4.91,-4.86,-1.93,-0.95,0.333,19,17,17,18.0,,,,,,,,,,,,,,,,,,,,,,,17,19,19,,19,,False
FOXA,Communication Services,Fox Corporation (Class A),2023-11-20,29.57,3.5,-5.29,-2.19,-1.54,0.333,20,18,18,19.0,,,,,,,,,,,,,,,,,,,,,,,18,19,19,,19,,False
WBD,Communication Services,Warner Bros. Discovery,2023-11-20,10.85,13.61,-11.57,-5.16,-2.07,0.333,7,21,20,13.8,-99.62,-25.31,False,True,10.59,12.87,0.823,False,16.34,-33.6,5.14,10.71,14.0,6.0,22916521.0,27832650.0,2.333,6786100.0,19163810.0,25457326.0,0.267,100.0,19,1,15,11.0,15,剛爆發,False
OMC,Communication Services,Omnicom Group,2023-11-20,72.78,8.24,1.21,-9.47,-2.37,0.667,16,14,21,16.4,0.51,-0.06,False,True,68.64,7.27,0.944,False,89.35,-18.55,4.05,7.82,10.0,10.0,993790.0,1052440.0,1.0,387500.0,1052510.0,985366.0,0.393,87.84,20,17,6,16.0,18,,True
TTD,Communication Services,Trade Desk (The),2023-11-20,67.27,0.61,-11.38,-0.59,-2.99,0.333,21,20,16,19.7,,,,,,,,,,,,,,,,,,,,,,,21,19,19,,19,,False
TKO,Communication Services,TKO Group Holdings,2023-11-20,76.91,-4.23,-28.31,-18.48,-17.38,0.0,22,22,22,22.0,,,,,,,,,,,,,,,,,,,,,,,22,19,19,,19,,False
ECHO,Communication Services,EchoStar,2023-11-20,10.61,-20.05,-38.85,-35.03,-32.24,0.0,23,23,23,23.0,,,,,,,,,,,,,,,,,,,,,,,23,19,19,,19,,False
CVNA,Consumer Discretionary,Carvana,2023-11-20,6.28,9.9,-23.76,167.55,80.31,0.667,27,46,1,27.5,651.51,48.06,False,False,7.05,27.54,1.434,False,11.44,-45.08,-2.94,7.94,9.0,11.0,50833222.0,35451045.0,0.818,10164500.0,37562200.0,43381133.0,0.234,90.95,1,23,22,14.0,20,吃老本,True
WSM,Consumer Discretionary,"Williams-Sonoma, Inc.",2023-11-20,88.01,25.87,31.4,63.58,46.11,1.0,5,1,2,3.2,9.59,17.34,False,True,74.67,23.46,1.535,False,88.02,-0.02,7.05,27.26,14.0,6.0,2167100.0,1411866.0,2.333,507600.0,2459460.0,2058680.0,0.247,100.0,2,1,20,5.2,3,,True
EXPE,Consumer Discretionary,Expedia Group,2023-11-20,134.75,46.56,27.57,41.59,39.33,1.0,1,2,3,1.7,8.23,22.22,False,True,105.79,18.81,1.726,False,136.47,-1.26,5.08,43.54,11.0,9.0,3861136.0,2236811.0,1.222,723200.0,2675690.0,3338493.0,0.217,100.0,3,1,23,6.2,7,,True
DASH,Consumer Discretionary,DoorDash,2023-11-20,93.81,32.78,20.24,39.1,32.81,1.0,2,4,4,3.0,53.36,-2.65,False,True,81.25,11.7,1.293,False,96.01,-2.29,-1.35,32.07,12.0,8.0,5394791.0,4170850.0,1.5,2749900.0,4412250.0,4662606.0,0.59,100.0,4,1,1,2.2,1,,True
DECK,Consumer Discretionary,Deckers Brands,2023-11-20,106.18,10.53,22.16,36.95,26.65,1.0,25,3,5,14.4,53.7,9.02,False,True,91.8,6.02,1.137,False,107.03,-0.8,3.51,31.47,14.0,6.0,2809628.0,2471300.0,2.333,457200.0,1650300.0,1939800.0,0.236,100.0,5,1,21,6.6,10,,True
PHM,Consumer Discretionary,PulteGroup,2023-11-20,86.27,22.5,14.4,34.31,26.38,1.0,8,9,6,7.9,3.62,28.61,False,True,75.32,9.88,1.272,False,87.31,-1.19,1.3,21.79,11.0,9.0,2373800.0,1866111.0,1.222,613300.0,1839450.0,1944840.0,0.315,100.0,6,1,13,5.4,6,,True
RCL,Consumer Discretionary,Royal Caribbean Group,2023-11-20,101.58,26.13,4.69,32.22,23.81,1.0,4,20,7,9.4,13.44,14.85,False,True,89.22,14.81,1.074,False,109.84,-7.53,0.73,26.03,13.0,7.0,3113569.0,2898500.0,1.857,969700.0,2616720.0,2728760.0,0.355,100.0,7,1,9,5.0,2,剛爆發,True
LULU,Consumer Discretionary,Lululemon Athletica,2023-11-20,431.76,11.62,18.1,26.89,20.87,1.0,23,6,10,15.3,5.56,14.86,False,True,396.79,7.56,0.985,False,437.06,-1.21,2.73,11.1,15.0,5.0,1101360.0,1118620.0,3.0,401700.0,1100210.0,1058186.0,0.38,100.0,8,1,8,5.2,3,剛爆發,True
ROST,Consumer Discretionary,Ross Stores,2023-11-20,127.53,16.22,10.46,27.58,20.46,1.0,12,13,9,11.7,8.83,13.46,False,True,114.24,9.69,0.949,False,128.41,-0.68,9.11,14.7,14.0,6.0,2449364.0,2580200.0,2.333,856200.0,3204860.0,2688946.0,0.318,100.0,9,1,12,6.4,8,剛爆發,True
DHI,Consumer Discretionary,D. R. Horton,2023-11-20,124.22,25.64,11.17,19.99,19.2,1.0,6,12,18,10.2,13.35,39.71,False,True,108.48,8.38,1.038,False,128.35,-3.22,0.12,25.71,14.0,6.0,2625142.0,2528016.0,2.333,669800.0,2141460.0,2552693.0,0.262,100.0,10,1,18,8.0,13,剛爆發,True
HLT,Consumer Discretionary,Hilton Worldwide,2023-11-20,168.8,13.95,15.61,23.21,19.0,1.0,15,8,12,12.3,0.35,3.21,False,True,153.63,8.91,1.094,False,171.37,-1.5,1.59,14.48,15.0,5.0,1413373.0,1291700.0,3.0,777500.0,1332040.0,1336020.0,0.582,100.0,11,1,2,5.2,3,剛爆發,True
GRMN,Consumer Discretionary,Garmin,2023-11-20,115.43,21.38,17.92,18.18,18.92,1.0,9,7,20,10.6,9.89,2.05,False,True,104.02,4.82,1.242,False,115.66,-0.2,1.59,20.0,14.0,6.0,856214.0,689616.0,2.333,254400.0,650190.0,664660.0,0.383,100.0,12,1,6,6.4,8,剛爆發,True
CCL,Consumer Discretionary,Carnival Corporation,2023-11-20,14.26,29.47,-9.37,27.75,18.9,0.667,3,39,8,14.8,16.06,8.14,False,True,12.92,19.68,1.301,False,19.34,-26.29,-2.7,26.74,12.0,8.0,30992091.0,23821525.0,1.5,8927300.0,27650480.0,28382620.0,0.315,100.0,13,1,13,8.2,14,剛爆發,True
LEN,Consumer Discretionary,Lennar,2023-11-20,118.07,22.97,12.29,19.54,18.58,1.0,7,10,19,10.3,10.71,26.91,False,True,105.62,9.59,1.198,False,122.85,-3.89,0.43,22.8,15.0,5.0,1892125.0,1579456.0,3.0,440988.0,1620260.0,1690704.0,0.261,100.0,14,1,19,9.8,16,剛爆發,True
AMZN,Consumer Discretionary,Amazon,2023-11-20,146.74,14.87,10.12,22.17,17.33,1.0,14,14,14,14.0,62.22,91.19,False,True,133.91,5.68,1.098,False,147.74,-0.68,2.74,22.72,14.0,6.0,55095128.0,50198816.0,2.333,22378400.0,48603360.0,47291626.0,0.473,100.0,15,1,5,7.4,11,剛爆發,True
MAR,Consumer Discretionary,Marriott International,2023-11-20,204.07,13.05,4.84,22.26,15.6,1.0,19,19,13,17.8,0.34,3.97,False,True,190.65,8.56,0.92,False,205.84,-0.86,2.84,12.34,14.0,6.0,1474578.0,1603016.0,2.333,710200.0,1254440.0,1392853.0,0.51,100.0,16,1,4,7.6,12,剛爆發,True
BKNG,Consumer Discretionary,Booking Holdings,2023-11-20,122.03,13.45,2.4,20.24,14.08,1.0,17,21,16,18.0,,,,,,,,,,,,,,,,,,,,,,,17,24,24,,24,吃老本,False
TSLA,Consumer Discretionary,"Tesla, Inc.",2023-11-20,235.45,13.58,-1.32,21.89,14.01,0.667,16,29,15,19.7,-9.81,11.12,False,False,237.2,17.58,0.971,False,299.29,-21.33,0.8,14.43,14.0,6.0,122490500.0,126207783.0,2.333,65125200.0,127260070.0,125004446.0,0.521,100.0,18,1,3,8.2,14,剛爆發,False
DPZ,Consumer Discretionary,Domino's,2023-11-20,354.66,8.73,-2.43,24.39,13.77,0.667,33,30,11,27.7,27.19,0.36,False,True,348.87,5.15,0.973,False,391.41,-9.39,-1.18,7.05,12.0,8.0,592550.0,609000.0,1.5,216700.0,535020.0,566833.0,0.382,93.28,19,22,7,17.8,22,,True
ABNB,Consumer Discretionary,Airbnb,2023-11-20,128.37,12.52,2.05,20.19,13.73,1.0,20,22,17,20.0,,,,,,,,,,,,,,,,,,,,,,,20,24,24,,24,,False
CMG,Consumer Discretionary,Chipotle Mexican Grill,2023-11-20,44.39,17.59,18.27,7.18,12.55,1.0,10,5,26,11.7,6.86,2.98,False,True,38.91,5.93,1.579,False,44.5,-0.24,2.14,22.87,17.0,3.0,13924705.0,8816666.0,5.667,3370000.0,9626000.0,9858000.0,0.342,100.0,21,1,11,11.0,17,剛爆發,True
RL,Consumer Discretionary,Ralph Lauren Corporation,2023-11-20,119.72,13.4,12.07,11.86,12.3,1.0,18,11,22,16.7,8.6,9.74,False,True,110.62,9.73,0.967,False,129.66,-7.66,3.18,9.95,12.0,8.0,871833.0,902037.0,1.5,290400.0,685360.0,950053.0,0.306,96.66,22,21,15,20.2,23,,True
TJX,Consumer Discretionary,TJX Companies,2023-11-20,87.12,3.57,1.67,17.73,10.17,1.0,43,25,21,33.2,,,,,,,,,,,,,,,,,,,,,,,23,24,24,,24,,False
AZO,Consumer Discretionary,AutoZone,2023-11-20,2688.0,9.89,9.56,9.23,9.48,1.0,28,15,24,23.3,3.49,1.85,False,True,2566.46,4.34,0.809,False,2750.0,-2.25,1.12,9.68,15.0,5.0,121160.0,149840.0,3.0,37500.0,132890.0,129613.0,0.289,100.0,24,1,16,13.2,19,剛爆發,True
NVR,Consumer Discretionary,"NVR, Inc.",2023-11-20,6195.06,15.1,1.87,10.28,9.38,1.0,13,23,23,18.0,8.35,14.82,False,True,5913.97,8.02,1.39,False,6525.0,-5.06,-1.52,14.16,12.0,8.0,21758.0,15650.0,1.5,6700.0,18210.0,18860.0,0.355,100.0,25,1,9,12.2,18,剛爆發,True
SBUX,Consumer Discretionary,Starbucks,2023-11-20,96.39,12.31,8.24,5.45,7.86,1.0,22,17,28,21.7,,,,,,,,,,,,,,,,,,,,,,,26,24,24,,24,,False
ORLY,Consumer Discretionary,O’Reilly Automotive,2023-11-20,65.81,6.77,6.03,6.95,6.68,1.0,39,18,27,30.3,,,,,,,,,,,,,,,,,,,,,,,27,24,24,,24,,False
HD,Consumer Discretionary,Home Depot (The),2023-11-20,289.8,12.39,-3.15,7.55,6.08,0.667,21,32,25,25.1,,,,,,,,,,,,,,,,,,,,,,,28,24,24,,24,,False
NKE,Consumer Discretionary,"Nike, Inc.",2023-11-20,101.46,9.86,9.27,0.79,5.18,1.0,29,16,29,25.1,,,,,,,,,,,,,,,,,,,,,,,29,24,24,,24,,False
MGM,Consumer Discretionary,MGM Resorts,2023-11-20,40.22,17.5,-4.62,-0.42,3.01,0.333,11,34,31,21.9,29.92,13.94,False,True,37.4,10.44,1.132,False,51.35,-21.67,0.02,15.44,12.0,8.0,5063441.0,4473050.0,1.5,1362300.0,4272330.0,4898033.0,0.278,100.0,30,1,17,15.8,21,剛爆發,True
MCD,Consumer Discretionary,McDonald's,2023-11-20,264.68,10.47,-0.18,-0.17,2.49,0.333,26,27,30,27.1,,,,,,,,,,,,,,,,,,,,,,,31,24,24,,24,剛爆發,False
ULTA,Consumer Discretionary,Ulta Beauty,2023-11-20,414.72,9.17,1.86,-1.32,2.1,0.667,32,24,34,30.0,,,,,,,,,,,,,,,,,,,,,,,32,24,24,,24,剛爆發,False
DRI,Consumer Discretionary,Darden Restaurants,2023-11-20,142.83,9.49,0.95,-1.58,1.82,0.667,30,26,35,29.8,,,,,,,,,,,,,,,,,,,,,,,33,24,24,,24,剛爆發,False
YUM,Consumer Discretionary,Yum! Brands,2023-11-20,121.87,7.59,-0.48,-0.58,1.49,0.333,37,28,32,33.3,,,,,,,,,,,,,,,,,,,,,,,34,24,24,,24,剛爆發,False
BBY,Consumer Discretionary,Best Buy,2023-11-20,60.7,7.92,-3.12,-4.14,-0.87,0.333,36,31,37,34.7,,,,,,,,,,,,,,,,,,,,,,,35,24,24,,24,剛爆發,False
EBAY,Consumer Discretionary,eBay Inc.,2023-11-20,39.59,9.19,-4.31,-5.42,-1.49,0.333,31,33,39,33.2,,,,,,,,,,,,,,,,,,,,,,,36,24,24,,24,剛爆發,False
LOW,Consumer Discretionary,Lowe's,2023-11-20,188.58,8.41,-10.23,-2.58,-1.75,0.333,34,41,36,36.5,,,,,,,,,,,,,,,,,,,,,,,37,24,24,,24,剛爆發,False
NCLH,Consumer Discretionary,Norwegian Cruise Line Holdings,2023-11-20,14.37,7.56,-14.82,-0.76,-2.19,0.333,38,44,33,38.8,,,,,,,,,,,,,,,,,,,,,,,38,24,24,,24,剛爆發,False
TSCO,Consumer Discretionary,Tractor Supply,2023-11-20,37.86,6.08,-6.7,-5.34,-2.83,0.333,40,37,38,38.7,,,,,,,,,,,,,,,,,,,,,,,39,24,24,,24,剛爆發,False
GPC,Consumer Discretionary,Genuine Parts Company,2023-11-20,125.87,8.09,-9.65,-11.49,-6.13,0.333,35,40,41,37.7,,,,,,,,,,,,,,,,,,,,,,,40,24,24,,24,剛爆發,False
LVS,Consumer Discretionary,Las Vegas Sands,2023-11-20,46.55,4.42,-6.65,-12.53,-6.82,0.333,42,36,44,40.6,,,,,,,,,,,,,,,,,,,,,,,41,24,24,,24,剛爆發,False
F,Consumer Discretionary,Ford Motor Company,2023-11-20,8.84,6.05,-11.32,-11.69,-7.16,0.333,41,42,42,41.5,,,,,,,,,,,,,,,,,,,,,,,42,24,24,,24,剛爆發,False
WYNN,Consumer Discretionary,Wynn Resorts,2023-11-20,86.1,1.47,-7.24,-12.19,-7.54,0.333,46,38,43,43.0,,,,,,,,,,,,,,,,,,,,,,,43,24,24,,24,剛爆發,False
APTV,Consumer Discretionary,Aptiv,2023-11-20,83.11,-3.37,-14.86,-9.79,-9.45,0.0,47,45,40,45.0,,,,,,,,,,,,,,,,,,,,,,,44,24,24,,24,剛爆發,False
GM,Consumer Discretionary,General Motors,2023-11-20,27.4,3.53,-14.25,-14.88,-10.12,0.333,44,43,45,43.9,,,,,,,,,,,,,,,,,,,,,,,45,24,24,,24,剛爆發,False
TPR,Consumer Discretionary,"Tapestry, Inc.",2023-11-20,28.74,10.8,-6.3,-25.34,-11.54,0.333,24,35,47,31.9,,,,,,,,,,,,,,,,,,,,,,,46,24,24,,24,剛爆發,False
HAS,Consumer Discretionary,Hasbro,2023-11-20,41.71,2.27,-32.72,-21.08,-18.15,0.333,45,47,46,45.8,,,,,,,,,,,,,,,,,,,,,,,47,24,24,,24,剛爆發,False
CASY,Consumer Staples,Casey's,2023-11-20,278.68,5.24,15.62,22.93,16.68,1.0,22,1,1,11.5,35.91,-8.37,False,True,270.42,4.94,0.894,False,283.12,-1.57,0.29,4.1,14.0,6.0,214335.0,239833.0,2.333,103200.0,227860.0,212680.0,0.485,100.0,1,1,6,2.0,1,,True
COST,Consumer Staples,Costco,2023-11-20,569.36,9.1,10.94,17.01,13.52,1.0,9,2,2,5.5,1.76,-8.27,False,True,544.34,5.98,0.964,False,577.57,-1.42,2.21,8.19,14.0,6.0,1647378.0,1709683.0,2.333,645800.0,1700270.0,1659433.0,0.389,100.0,2,1,10,3.2,2,,True
BG,Consumer Staples,Bunge Global,2023-11-20,100.24,3.1,-3.57,15.95,7.85,0.667,28,15,3,19.1,19.74,39.63,False,True,98.07,7.12,1.02,False,106.89,-6.22,1.96,2.17,11.0,9.0,921300.0,903122.0,1.222,367000.0,860390.0,885240.0,0.415,88.27,3,19,8,10.4,8,吃老本,True
TGT,Consumer Staples,Target Corporation,2023-11-20,119.91,23.87,9.06,-3.58,6.44,0.667,1,3,17,4.8,41.91,26.85,False,True,102.56,22.81,1.4,False,160.55,-25.31,1.17,19.8,10.0,10.0,7246380.0,5177430.0,1.0,1863100.0,8347350.0,6965900.0,0.267,100.0,4,1,23,6.6,5,,True
SYY,Consumer Staples,Sysco,2023-11-20,66.9,11.88,4.23,3.51,5.78,1.0,4,6,8,5.4,3.08,0.84,False,True,61.9,8.7,1.086,False,78.7,-14.99,2.09,10.2,13.0,6.0,3106261.0,2859050.0,2.167,1023900.0,2728400.0,2637926.0,0.388,100.0,5,1,11,4.6,3,,True
PM,Consumer Staples,Philip Morris International,2023-11-20,84.13,7.85,0.63,6.72,5.48,1.0,12,9,5,9.7,3.48,8.36,False,True,81.93,6.24,0.87,False,90.44,-6.98,3.35,5.16,12.0,8.0,4158600.0,4779125.0,1.5,2080100.0,4605400.0,4582366.0,0.454,92.17,6,18,7,11.0,9,吃老本,True
CL,Consumer Staples,Colgate-Palmolive,2023-11-20,72.54,7.69,5.4,2.76,4.65,1.0,13,4,11,9.9,7.3,3.28,False,True,68.44,3.72,0.745,False,76.04,-4.6,1.75,5.79,13.0,7.0,3925153.0,5267657.0,1.857,1150400.0,3305600.0,3381773.0,0.34,95.07,7,15,17,12.2,14,吃老本,True
KDP,Consumer Staples,Keurig Dr Pepper,2023-11-20,30.11,9.21,-1.31,5.24,4.59,0.667,8,12,7,9.0,2.61,4.88,False,True,28.46,6.03,1.206,False,35.07,-14.15,2.64,10.54,16.0,4.0,8418706.0,6981025.0,4.0,3426100.0,6601230.0,6948840.0,0.493,100.0,8,1,5,4.6,3,剛爆發,True
PG,Consumer Staples,Procter & Gamble,2023-11-20,140.77,2.87,-0.78,5.43,3.24,0.667,29,10,6,18.7,6.34,3.48,False,True,138.17,3.09,0.815,False,146.35,-3.82,-0.95,1.05,10.0,10.0,5687680.0,6977050.0,1.0,2132500.0,6409810.0,6305633.0,0.338,79.52,9,23,18,16.4,19,吃老本,True
CHD,Consumer Staples,Church & Dwight,2023-11-20,92.03,5.55,1.95,1.51,2.63,1.0,19,7,12,14.0,7.55,15.41,False,True,88.13,6.57,0.772,False,96.98,-5.11,2.1,3.14,13.0,7.0,1644907.0,2130314.0,1.857,695700.0,1469990.0,1848840.0,0.376,94.09,10,16,13,13.0,15,吃老本,True
WMT,Consumer Staples,Walmart,2023-11-20,50.53,-3.17,-1.12,6.96,2.41,0.333,34,11,4,21.1,0.39,7.88,False,False,52.28,9.85,0.583,False,55.02,-8.17,0.01,-3.53,11.0,9.0,17783863.0,30528933.0,1.222,13975200.0,32187480.0,26622620.0,0.525,76.41,11,24,3,14.6,18,吃老本,True
ADM,Consumer Staples,Archer Daniels Midland,2023-11-20,68.05,6.74,-7.51,3.34,1.48,0.667,14,23,9,15.7,6.34,19.15,False,True,67.45,5.14,1.216,False,87.84,-22.52,0.51,4.05,12.0,8.0,3250333.0,2672725.0,1.5,1171500.0,3359980.0,3163106.0,0.37,96.42,12,14,14,13.2,16,,True
MDLZ,Consumer Staples,Mondelez International,2023-11-20,66.06,10.17,0.78,-3.58,0.95,0.667,7,8,17,9.3,4.72,10.09,False,True,62.34,4.98,0.977,False,71.68,-7.83,1.42,9.09,16.0,4.0,6536850.0,6688350.0,4.0,2067700.0,5743890.0,6305693.0,0.328,100.0,13,1,19,9.4,7,剛爆發,True
STZ,Consumer Staples,Constellation Brands,2023-11-20,224.03,4.21,-7.79,3.09,0.65,0.667,27,25,10,23.0,9.63,2.85,False,False,226.39,4.03,0.958,False,255.36,-12.27,0.75,3.41,11.0,9.0,1048618.0,1094355.0,1.222,357500.0,1020980.0,1104400.0,0.324,87.45,14,21,20,18.0,21,吃老本,True
TAP,Consumer Staples,Molson Coors Beverage Company,2023-11-20,54.48,5.71,-3.93,0.24,0.57,0.667,18,18,13,17.0,25.07,8.02,False,False,54.55,3.74,1.133,False,63.97,-14.83,1.7,3.43,10.0,10.0,1710450.0,1509120.0,1.0,425100.0,1254190.0,1375966.0,0.309,87.57,15,20,22,18.4,23,,True
KHC,Consumer Staples,Kraft Heinz,2023-11-20,30.04,11.13,4.46,-6.8,0.5,0.667,5,5,23,8.6,9.55,4.56,False,True,28.3,6.74,1.132,False,35.6,-15.64,3.34,9.67,12.0,8.0,7970208.0,7042287.0,1.5,3984100.0,6821410.0,6758846.0,0.589,99.44,16,12,2,11.6,11,,True
KO,Consumer Staples,Coca-Cola Company (The),2023-11-20,54.05,6.03,-2.24,-1.29,0.3,0.333,16,13,14,14.7,6.49,8.14,False,True,51.66,4.68,0.887,False,59.05,-8.47,2.48,5.0,14.0,6.0,12342464.0,13911916.0,2.333,4816000.0,12094150.0,12252520.0,0.393,100.0,17,1,9,9.0,6,剛爆發,True
MNST,Consumer Staples,Monster Beverage,2023-11-20,55.17,10.56,-3.78,-4.24,-0.42,0.333,6,17,19,11.9,8.21,-0.95,False,True,52.75,3.53,1.094,False,60.47,-8.76,0.13,10.21,11.0,9.0,6213263.0,5678155.0,1.222,1871800.0,5356360.0,5810520.0,0.322,93.66,18,17,21,18.2,22,,True
MO,Consumer Staples,Altria,2023-11-20,33.73,5.52,-2.91,-2.96,-0.83,0.333,20,14,16,17.4,-1.25,0.77,False,False,33.84,4.38,0.9,False,37.44,-9.89,1.89,5.63,9.0,10.0,8844800.0,9822100.0,0.9,3153700.0,8756940.0,8579800.0,0.368,83.39,19,22,15,19.4,24,,False
CLX,Consumer Staples,Clorox,2023-11-20,128.61,19.72,-7.72,-9.71,-1.85,0.333,2,24,25,13.2,312.25,41.09,False,True,117.13,7.93,0.991,False,159.55,-19.4,1.54,16.48,15.0,5.0,2032340.0,2049820.0,3.0,442400.0,1500640.0,1851453.0,0.239,100.0,20,1,24,13.2,16,剛爆發,True
BF-B,Consumer Staples,Brown–Forman,2023-11-20,55.69,8.56,-11.97,-2.35,-2.03,0.333,10,29,15,16.7,-9.41,0.66,False,True,53.83,6.59,1.091,False,69.02,-19.32,3.57,6.77,13.0,7.0,1606853.0,1472714.0,1.857,585700.0,1665880.0,1515613.0,0.386,100.0,21,1,12,11.2,10,剛爆發,False
PEP,Consumer Staples,PepsiCo,2023-11-20,153.61,6.11,-4.94,-6.44,-2.93,0.333,15,22,22,18.5,4.44,6.56,False,True,151.16,3.08,0.938,False,176.08,-12.76,0.99,4.93,13.0,7.0,4910061.0,5235100.0,1.857,1751700.0,4762830.0,4848620.0,0.361,97.63,22,13,16,17.2,20,剛爆發,True
TSN,Consumer Staples,Tyson Foods,2023-11-20,43.92,5.87,-9.78,-5.44,-3.69,0.333,17,26,20,20.3,,,,,,,,,,,,,,,,,,,,,,,23,25,25,,25,,False
KR,Consumer Staples,Kroger,2023-11-20,41.88,0.09,-4.44,-5.44,-3.81,0.333,31,20,20,25.5,,,,,,,,,,,,,,,,,,,,,,,24,25,25,,25,,False
KMB,Consumer Staples,Kimberly-Clark,2023-11-20,109.5,4.77,-4.36,-8.53,-4.16,0.333,24,19,24,22.5,,,,,,,,,,,,,,,,,,,,,,,25,25,25,,25,,False
DLTR,Consumer Staples,Dollar Tree,2023-11-20,117.32,8.39,-4.86,-17.64,-7.94,0.333,11,21,27,17.2,4.78,-4.3,False,True,110.56,8.9,1.075,False,166.15,-29.39,3.18,7.81,13.0,7.0,2066630.0,1922928.0,1.857,1039400.0,2055270.0,2026866.0,0.513,100.0,26,1,4,11.6,11,剛爆發,True
HRL,Consumer Staples,Hormel Foods,2023-11-20,29.15,4.24,-16.21,-13.63,-9.81,0.333,26,30,26,27.2,,,,,,,,,,,,,,,,,,,,,,,27,25,25,,25,,False
KVUE,Consumer Staples,Kenvue,2023-11-20,18.26,12.36,-10.92,-21.54,-10.41,0.333,3,27,30,15.6,-1.44,6.86,False,True,17.7,7.63,0.575,False,24.6,-25.76,3.26,9.48,14.0,6.0,17282885.0,30065233.0,2.333,12663700.0,15619350.0,14830526.0,0.854,100.0,28,1,1,11.8,13,剛爆發,False
GIS,Consumer Staples,General Mills,2023-11-20,57.34,-0.18,-3.76,-21.22,-11.6,0.0,32,16,28,26.4,,,,,,,,,,,,,,,,,,,,,,,29,25,25,,25,,False
HSY,Consumer Staples,Hershey Company (The),2023-11-20,177.77,4.75,-11.25,-24.76,-14.01,0.333,25,28,32,27.3,,,,,,,,,,,,,,,,,,,,,,,30,25,25,,25,,False
MKC,Consumer Staples,McCormick & Company,2023-11-20,61.8,5.49,-17.97,-22.76,-14.5,0.333,21,31,31,26.0,,,,,,,,,,,,,,,,,,,,,,,31,25,25,,25,剛爆發,False
SJM,Consumer Staples,J.M. Smucker Company (The),2023-11-20,102.74,1.42,-19.53,-21.4,-15.22,0.333,30,34,29,31.0,,,,,,,,,,,,,,,,,,,,,,,32,25,25,,25,剛爆發,False
DG,Consumer Staples,Dollar General,2023-11-20,118.28,5.16,-18.58,-38.26,-22.49,0.333,23,32,34,27.9,,,,,,,,,,,,,,,,,,,,,,,33,25,25,,25,剛爆發,False
EL,Consumer Staples,Estée Lauder Companies (The),2023-11-20,117.67,-0.5,-18.78,-35.79,-22.72,0.0,33,33,33,33.0,,,,,,,,,,,,,,,,,,,,,,,34,25,25,,25,剛爆發,False
MPC,Energy,Marathon Petroleum,2023-11-20,142.08,2.96,4.41,38.85,21.27,1.0,6,6,1,5.0,5.06,15.98,False,True,141.36,7.47,1.04,False,150.89,-5.84,3.03,1.53,12.0,8.0,2954716.0,2842350.0,1.5,1264300.0,2593740.0,2648740.0,0.477,92.82,1,5,4,3.2,2,,True
WMB,Energy,Williams Companies,2023-11-20,32.7,6.67,6.15,29.84,18.13,1.0,3,1,2,2.2,9.69,9.43,False,True,31.24,5.24,0.965,False,32.85,-0.47,4.52,5.03,14.0,6.0,5857578.0,6068600.0,2.333,2022500.0,5816500.0,5797453.0,0.349,100.0,2,1,17,4.6,3,,True
PSX,Energy,Phillips 66,2023-11-20,109.02,7.92,5.12,27.32,16.92,1.0,1,4,4,2.5,-2.06,8.57,False,True,105.12,8.06,1.059,False,114.0,-4.37,4.49,8.74,14.0,6.0,2826278.0,2667583.0,2.333,1173600.0,2574430.0,2509020.0,0.468,100.0,3,1,7,3.0,1,,False
TRGP,Energy,Targa Resources,2023-11-20,82.81,4.71,4.6,28.51,16.58,1.0,4,5,3,4.1,-6.12,-20.34,False,True,80.13,5.95,0.794,False,85.45,-3.09,4.76,3.1,11.0,9.0,1702945.0,2144900.0,1.222,617100.0,1530020.0,1818200.0,0.339,85.99,4,8,19,8.6,7,,True
OKE,Energy,Oneok,2023-11-20,59.38,4.39,5.18,20.94,12.86,1.0,5,3,9,5.2,-4.45,2.66,False,True,57.67,5.48,0.971,False,61.34,-3.18,2.75,3.01,13.0,7.0,3194776.0,3290385.0,1.857,1054700.0,2774920.0,2911420.0,0.362,97.75,5,3,16,6.4,5,,False
HAL,Energy,Halliburton,2023-11-20,35.71,-3.89,0.17,27.19,12.66,0.667,18,8,5,12.4,2.79,3.09,False,False,37.67,7.69,0.79,False,41.14,-13.2,2.37,-3.52,11.0,9.0,4966081.0,6288422.0,1.222,2266100.0,5193050.0,5356093.0,0.423,80.99,6,9,12,8.4,6,,True
FANG,Energy,Diamondback Energy,2023-11-20,142.31,-1.3,5.63,21.28,11.73,0.667,10,2,8,7.2,10.03,-5.38,False,False,142.59,6.17,0.839,False,154.41,-7.83,1.4,-2.32,7.0,12.0,1585128.0,1889816.0,0.583,549800.0,1692810.0,1829706.0,0.3,72.6,7,20,21,15.0,17,吃老本,True
BKR,Energy,Baker Hughes,2023-11-20,32.12,-2.09,-3.7,22.89,10.0,0.333,13,15,7,12.4,5.82,16.92,False,False,32.85,7.14,1.135,False,35.41,-9.31,1.96,-2.68,11.0,9.0,8169018.0,7199711.0,1.222,2408200.0,7688820.0,7622713.0,0.316,87.36,8,7,20,10.0,8,,True
KMI,Energy,Kinder Morgan,2023-11-20,15.4,7.85,1.82,10.68,7.75,1.0,2,7,16,6.3,-1.96,0.69,False,True,14.69,7.33,0.986,False,16.11,-4.37,3.15,5.72,12.0,8.0,13335608.0,13530162.0,1.5,5988100.0,12094220.0,12660686.0,0.473,94.44,9,4,5,6.2,4,,False
COP,Energy,ConocoPhillips,2023-11-20,106.95,-1.47,0.12,15.73,7.53,0.667,11,9,11,10.4,3.3,-6.04,False,False,109.75,5.95,0.915,False,117.35,-8.86,3.13,-1.89,9.0,11.0,4962066.0,5421545.0,0.818,2159200.0,4500010.0,4748533.0,0.455,78.4,10,11,8,10.0,8,,True
TPL,Energy,Texas Pacific Land Corporation,2023-11-20,177.74,-9.32,-13.11,25.98,7.38,0.333,21,20,6,17.7,-2.34,16.31,False,False,193.22,7.96,0.817,False,289.57,-38.62,2.32,-11.11,10.0,10.0,285300.0,349290.0,1.0,144900.0,207540.0,278040.0,0.521,73.56,11,16,2,11.2,11,,False
SLB,Energy,Schlumberger,2023-11-20,48.95,-5.79,-6.45,19.39,6.64,0.333,19,17,10,16.6,1.62,1.0,False,False,52.98,7.4,0.81,False,57.81,-15.33,0.94,-5.85,8.0,12.0,7371650.0,9102950.0,0.667,3077600.0,8256500.0,8967406.0,0.343,71.04,12,21,18,16.8,19,吃老本,True
EQT,Energy,EQT Corporation,2023-11-20,39.43,-2.26,-2.47,14.02,5.83,0.333,14,12,12,13.0,395.1,36.39,False,False,39.82,7.71,0.822,False,43.5,-9.35,2.0,-4.22,10.0,10.0,4106670.0,4996230.0,1.0,1873400.0,4132240.0,4378213.0,0.428,77.65,13,12,11,12.2,12,,True
EOG,Energy,EOG Resources,2023-11-20,111.74,-1.98,-2.21,13.61,5.76,0.333,12,10,13,11.6,15.1,6.82,False,False,114.26,6.77,0.725,False,125.08,-10.67,2.32,-3.47,9.0,11.0,2614688.0,3606763.0,0.818,1318100.0,2861070.0,3182426.0,0.414,73.8,14,15,13,14.2,15,,True
VLO,Energy,Valero Energy,2023-11-20,116.0,1.95,-5.37,11.56,4.93,0.667,7,16,15,11.3,2.26,6.29,False,False,120.62,6.47,1.141,False,140.15,-17.23,2.49,0.49,11.0,9.0,3102036.0,2717622.0,1.222,1204900.0,2691140.0,2717006.0,0.443,89.6,15,6,9,10.2,10,剛爆發,True
EXE,Energy,Expand Energy,2023-11-20,76.49,-3.56,-2.82,7.32,2.06,0.333,17,14,17,16.1,83.72,63.14,False,False,78.68,7.38,0.75,False,93.66,-18.33,1.26,-4.99,11.0,9.0,1331636.0,1775211.0,1.222,556900.0,1353870.0,1525373.0,0.365,78.97,16,10,15,13.4,14,剛爆發,True
APA,Energy,APA Corporation,2023-11-20,33.09,-8.1,-13.19,11.76,0.56,0.333,20,21,14,19.1,25.08,18.87,False,False,35.44,9.83,1.061,False,42.51,-22.16,2.87,-8.76,8.0,12.0,3955712.0,3728316.0,0.667,1600400.0,3572030.0,3733226.0,0.429,74.46,17,14,10,14.4,16,,True
XOM,Energy,ExxonMobil,2023-11-20,96.24,-0.02,-2.52,1.35,0.04,0.333,9,13,19,12.2,-3.82,-3.91,False,False,100.11,4.55,0.859,False,110.08,-12.57,2.06,-1.93,8.0,12.0,18354150.0,21374841.0,0.667,9480800.0,17698660.0,18965106.0,0.5,74.69,18,13,3,13.0,13,,True
OXY,Energy,Occidental Petroleum,2023-11-20,57.2,-3.33,-2.45,2.66,-0.11,0.333,16,11,18,14.9,36.6,-10.96,False,False,59.76,4.89,0.926,False,68.56,-16.57,-0.25,-4.92,8.0,12.0,7604625.0,8209575.0,0.667,4449200.0,7540540.0,8242626.0,0.54,73.16,19,18,1,15.0,17,,True
CVX,Energy,Chevron Corporation,2023-11-20,130.28,1.43,-7.98,-4.06,-3.67,0.333,8,18,21,13.6,-17.07,3.52,False,False,139.82,3.96,0.776,False,162.48,-19.82,2.21,-5.38,9.0,11.0,9902366.0,12758600.0,0.818,3861000.0,9304210.0,10326966.0,0.374,73.51,20,17,14,17.6,21,,False
DVN,Energy,Devon Energy,2023-11-20,41.37,-3.04,-9.19,-3.36,-4.74,0.0,15,19,20,17.2,6.15,-0.72,False,False,42.61,6.51,0.822,False,60.29,-31.38,2.39,-3.86,8.0,12.0,7240787.0,8807025.0,0.667,4050600.0,7891790.0,8615320.0,0.47,73.03,21,19,6,17.2,20,,True
COIN,Financials,Coinbase,2023-11-20,115.54,63.24,55.59,102.99,81.2,1.0,1,1,1,1.0,98.13,44.98,False,True,82.15,28.09,1.195,False,116.94,-1.2,19.21,54.86,14.0,6.0,10297092.0,8619450.0,2.333,11654600.0,9753630.0,10306760.0,1.131,100.0,1,1,1,1.0,1,,True
KKR,Financials,KKR & Co.,2023-11-20,68.12,28.23,16.59,34.6,28.51,1.0,3,9,5,5.2,6.24,2.34,False,True,60.25,10.95,1.073,False,68.36,-0.35,4.8,27.13,15.0,5.0,3098893.0,2887740.0,3.0,1342500.0,2692400.0,3113993.0,0.431,100.0,2,1,11,3.4,3,,True
APO,Financials,Apollo Global Management,2023-11-20,87.82,13.99,10.15,40.76,26.42,1.0,25,21,2,19.2,-2.95,3.02,False,True,83.46,9.89,1.052,False,89.34,-1.7,5.49,13.05,12.0,8.0,2686458.0,2554562.0,1.5,1738600.0,2171820.0,2253766.0,0.771,100.0,3,1,2,2.0,2,,False
CBOE,Financials,Cboe Global Markets,2023-11-20,175.56,11.66,19.5,35.61,25.59,1.0,35,5,3,19.6,10.62,0.44,False,True,160.54,3.08,0.777,False,175.91,-0.2,1.28,9.87,12.0,7.0,813366.0,1046585.0,1.714,210500.0,823590.0,865946.0,0.243,95.75,4,28,31,19.0,21,吃老本,True
AIZ,Financials,Assurant,2023-11-20,159.55,14.03,20.04,34.13,25.58,1.0,24,4,6,14.4,65.73,41.2,False,True,145.22,4.43,0.967,False,160.78,-0.76,4.12,11.98,12.0,8.0,444741.0,459737.0,1.5,158800.0,348730.0,399946.0,0.397,98.27,5,22,15,13.8,13,吃老本,True
ALL,Financials,Allstate,2023-11-20,129.04,10.79,31.03,26.81,23.86,1.0,43,2,12,24.5,63.67,-11.56,False,True,115.7,6.47,1.331,False,131.17,-1.62,1.38,8.75,12.0,8.0,1750366.0,1314750.0,1.5,443200.0,1161140.0,1211100.0,0.366,100.0,6,1,21,7.0,5,,True
WRB,Financials,W. R. Berkley Corporation,2023-11-20,44.67,9.97,19.0,29.38,21.93,1.0,49,7,9,28.4,14.84,5.78,False,True,41.1,6.89,1.17,False,46.88,-4.72,2.95,7.13,13.0,7.0,1792465.0,1531500.0,1.857,715200.0,1509555.0,1413530.0,0.506,100.0,7,1,3,3.8,4,剛爆發,True
PGR,Financials,Progressive Corporation,2023-11-20,149.76,6.96,23.58,27.61,21.44,1.0,68,3,10,36.9,23.44,-50.62,False,True,138.58,4.9,0.713,False,150.11,-0.23,2.36,6.41,13.0,6.0,2149007.0,3016000.0,2.167,680000.0,2375440.0,2385006.0,0.285,99.76,8,19,30,16.8,17,吃老本,True
KEY,Financials,KeyCorp,2023-11-20,10.51,21.37,12.79,24.08,20.58,1.0,6,13,17,10.3,7.5,-14.99,False,True,9.46,13.74,1.229,False,16.85,-37.6,-0.33,18.39,10.0,9.0,14036270.0,11424277.0,1.111,4513900.0,13212860.0,12687206.0,0.356,99.07,9,20,23,16.2,16,吃老本,True
ERIE,Financials,Erie Indemnity,2023-11-20,280.01,7.15,4.67,35.01,20.46,1.0,66,44,4,47.0,23.37,19.49,False,True,278.42,6.51,1.049,False,300.17,-6.72,4.2,0.34,13.0,7.0,106292.0,101357.0,1.857,42400.0,121900.0,104733.0,0.405,98.09,10,23,13,15.8,14,吃老本,True
BX,Financials,Blackstone Inc.,2023-11-20,99.12,19.41,8.3,26.92,20.39,1.0,12,29,11,16.9,-7.31,0.59,False,True,94.73,10.89,1.082,False,107.24,-7.57,3.18,16.94,13.0,7.0,3088130.0,2853414.0,1.857,975200.0,2598270.0,2784880.0,0.35,100.0,11,1,24,9.6,9,剛爆發,False
AFL,Financials,Aflac,2023-11-20,78.62,8.99,12.28,30.01,20.32,1.0,58,14,8,34.8,23.64,10.07,False,True,74.56,3.93,1.079,False,79.1,-0.61,2.26,7.55,13.0,7.0,2543192.0,2356342.0,1.857,895100.0,2003980.0,2079986.0,0.43,100.0,12,1,12,7.6,6,剛爆發,True
ARES,Financials,Ares Management,2023-11-20,100.53,8.31,10.06,30.2,19.69,1.0,61,22,7,38.5,-4.24,5.66,False,True,96.98,8.66,0.655,False,103.23,-2.61,7.1,7.51,13.0,7.0,898500.0,1371271.0,1.857,427200.0,1025430.0,923933.0,0.462,96.67,13,27,8,17.6,19,吃老本,False
USB,Financials,U.S. Bancorp,2023-11-20,33.05,21.41,6.33,24.96,19.42,1.0,5,35,13,15.6,-9.68,-23.51,False,True,29.77,11.61,1.277,False,42.5,-22.24,-0.32,17.09,10.0,10.0,10319400.0,8081700.0,1.0,2796800.0,7722300.0,8034393.0,0.348,97.47,14,26,25,21.0,24,吃老本,True
AJG,Financials,Arthur J. Gallagher & Co.,2023-11-20,246.38,10.81,11.39,24.73,17.92,1.0,42,17,15,29.1,2.62,2.19,False,True,230.26,5.23,0.851,False,246.39,-0.0,3.02,10.02,15.0,5.0,813980.0,956260.0,3.0,352800.0,798160.0,803153.0,0.439,100.0,15,1,10,8.4,8,剛爆發,True
AIG,Financials,American International Group,2023-11-20,61.4,9.54,13.4,22.11,16.79,1.0,53,11,19,33.6,8.66,10.85,False,True,58.36,4.29,1.15,False,61.88,-0.78,1.7,7.17,12.0,7.0,3704500.0,3220371.0,1.714,1457700.0,2933400.0,3107146.0,0.469,100.0,16,1,7,8.2,7,剛爆發,True
ACGL,Financials,Arch Capital Group,2023-11-20,82.35,6.44,16.05,21.97,16.61,1.0,70,10,20,42.0,47.0,21.12,False,True,79.16,5.33,0.895,False,86.2,-4.47,3.45,5.03,11.0,9.0,2025981.0,2263911.0,1.222,741500.0,1793630.0,1943806.0,0.381,88.4,17,31,19,23.0,26,吃老本,True
L,Financials,Loews Corporation,2023-11-20,68.81,10.42,11.77,21.58,16.34,1.0,46,16,21,32.0,,,,,,,,,,,,,,,,,,,,,,,18,33,33,,33,吃老本,False
EG,Financials,Everest Group,2023-11-20,394.88,7.44,17.94,19.45,16.07,1.0,64,8,23,39.0,30.19,32.67,False,True,372.57,9.88,0.845,False,398.38,-0.88,3.74,8.1,14.0,6.0,384650.0,454966.0,2.333,143700.0,373730.0,366953.0,0.392,100.0,19,1,17,11.4,11,剛爆發,True
CB,Financials,Chubb Limited,2023-11-20,220.41,8.87,13.07,20.48,15.72,1.0,59,12,22,37.5,12.05,11.35,False,True,208.46,5.7,0.871,False,222.27,-0.84,2.27,6.55,13.0,7.0,1788623.0,2053428.0,1.857,782500.0,1690850.0,1622506.0,0.482,97.94,20,24,5,18.6,20,,True
MET,Financials,MetLife,2023-11-20,59.01,9.98,2.72,24.75,15.55,1.0,48,51,14,42.1,0.38,3.11,False,True,57.08,7.26,0.874,False,69.46,-15.04,2.45,7.56,10.0,10.0,3369520.0,3854070.0,1.0,1614400.0,3374200.0,3520866.0,0.459,85.82,21,32,9,23.0,26,吃老本,True
MCO,Financials,Moody's Corporation,2023-11-20,355.18,20.26,8.59,16.29,15.36,1.0,8,28,28,18.0,6.13,3.91,False,True,320.32,8.62,1.32,False,361.34,-1.71,2.71,17.11,16.0,4.0,928493.0,703575.0,4.0,425100.0,931860.0,865980.0,0.491,100.0,22,1,4,10.0,10,剛爆發,True
CME,Financials,CME Group,2023-11-20,192.03,3.9,7.45,24.35,15.02,1.0,74,30,16,49.2,,,,,,,,,,,,,,,,,,,,,,,23,33,33,,33,吃老本,False
BNY,Financials,BNY Mellon,2023-11-20,44.46,13.74,9.38,18.38,14.97,1.0,26,24,26,25.4,,,,,,,,,,,,,,,,,,,,,,,24,33,33,,33,吃老本,False
SPGI,Financials,S&P Global,2023-11-20,384.19,21.2,6.91,15.32,14.69,1.0,7,32,30,19.1,5.42,-0.33,False,True,346.68,7.56,1.309,False,395.81,-2.94,2.75,19.19,16.0,3.0,1527979.0,1167386.0,5.333,427239.0,1262554.0,1263685.0,0.338,100.0,25,1,27,15.8,14,剛爆發,True
PRU,Financials,Prudential Financial,2023-11-20,84.76,9.48,3.48,22.7,14.59,1.0,54,49,18,45.3,,,,,,,,,,,,,,,,,,,,,,,26,33,33,,33,吃老本,False
XYZ,Financials,"Block, Inc.",2023-11-20,59.65,49.05,6.78,1.1,14.51,1.0,2,34,67,24.6,18.75,5.66,False,True,47.45,16.22,1.202,False,89.97,-33.7,5.99,43.11,15.0,5.0,16679680.0,13874520.0,3.0,5162600.0,10238680.0,15459860.0,0.334,100.0,27,1,29,17.0,18,剛爆發,True
FDS,Financials,FactSet,2023-11-20,445.16,9.44,7.35,19.02,13.71,1.0,55,31,24,41.6,,,,,,,,,,,,,,,,,,,,,,,28,33,33,,33,,False
BLK,Financials,BlackRock,2023-11-20,686.41,22.07,8.79,10.19,12.81,1.0,4,26,44,18.6,30.76,9.6,False,True,614.84,10.88,1.449,False,719.15,-4.55,2.13,20.27,15.0,5.0,651266.0,449340.0,3.0,279600.0,600090.0,581640.0,0.481,100.0,29,1,6,13.2,12,剛爆發,True
HIG,Financials,Hartford (The),2023-11-20,74.37,10.99,9.5,15.17,12.71,1.0,41,23,31,33.6,,,,,,,,,,,,,,,,,,,,,,,30,33,33,,33,,False
BRO,Financials,Brown & Brown,2023-11-20,73.23,10.41,2.19,18.96,12.63,1.0,47,54,25,44.7,,,,,,,,,,,,,,,,,,,,,,,31,33,33,,33,,False
FITB,Financials,Fifth Third Bancorp,2023-11-20,24.69,19.05,8.73,10.81,12.35,1.0,13,27,41,22.8,11.51,5.17,False,True,22.81,11.55,1.057,False,33.16,-25.55,0.44,15.52,12.0,8.0,4530016.0,4285600.0,1.5,1000800.0,3699320.0,4480386.0,0.223,100.0,32,1,32,19.6,22,剛爆發,True
GL,Financials,Globe Life,2023-11-20,118.48,8.3,9.08,15.76,12.23,1.0,62,25,29,44.3,,,,,,,,,,,,,,,,,,,,,,,33,33,33,,33,,False
WTW,Financials,Willis Towers Watson,2023-11-20,236.1,6.71,19.29,11.37,12.18,1.0,69,6,39,44.1,9.55,-11.94,False,True,214.37,3.87,1.21,False,247.46,-4.59,0.68,6.64,10.0,10.0,744890.0,615520.0,1.0,243500.0,687190.0,675493.0,0.36,90.43,34,30,22,30.0,30,,True
PNC,Financials,PNC Financial Services,2023-11-20,116.71,15.7,10.76,11.12,12.17,1.0,20,19,40,23.7,,,,,,,,,,,,,,,,,,,,,,,35,33,33,,33,,False
AMP,Financials,Ameriprise Financial,2023-11-20,340.03,13.62,5.6,14.58,12.1,1.0,27,37,32,31.0,,,,,,,,,,,,,,,,,,,,,,,36,33,33,,33,,False
MRSH,Financials,Marsh McLennan,2023-11-20,191.86,8.67,3.85,16.85,11.55,1.0,60,46,27,49.2,,,,,,,,,,,,,,,,,,,,,,,37,33,33,,33,,False
JPM,Financials,JPMorgan Chase,2023-11-20,144.79,13.15,5.18,13.73,11.45,1.0,29,41,34,33.6,,,,,,,,,,,,,,,,,,,,,,,38,33,33,,33,,False
TFC,Financials,Truist Financial,2023-11-20,28.18,17.06,12.23,7.09,10.87,1.0,16,15,48,22.1,1.74,-10.37,False,True,25.43,10.42,1.258,False,42.66,-33.95,1.05,13.41,11.0,9.0,8933163.0,7102333.0,1.222,2586900.0,7077640.0,7499706.0,0.345,98.81,39,21,26,29.2,29,剛爆發,True
RJF,Financials,Raymond James Financial,2023-11-20,101.48,11.57,3.56,14.15,10.86,1.0,36,47,33,38.7,,,,,,,,,,,,,,,,,,,,,,,40,33,33,,33,剛爆發,False
V,Financials,Visa Inc.,2023-11-20,249.56,11.15,5.06,13.47,10.79,1.0,40,42,35,39.6,,,,,,,,,,,,,,,,,,,,,,,41,33,33,,33,剛爆發,False
C,Financials,Citigroup,2023-11-20,42.01,19.81,11.1,3.92,9.69,1.0,10,18,60,22.4,24.2,-0.91,False,True,38.19,9.6,1.085,False,47.26,-11.1,1.25,16.46,11.0,9.0,17509545.0,16130533.0,1.222,5941000.0,15319510.0,15978660.0,0.372,97.71,42,25,20,30.8,31,剛爆發,True
NTRS,Financials,Northern Trust,2023-11-20,70.47,20.18,3.28,7.26,9.49,1.0,9,50,47,28.9,-0.35,-4.71,False,True,63.84,10.34,1.164,False,89.97,-21.67,2.3,17.57,14.0,6.0,1323757.0,1137433.0,2.333,468400.0,1112030.0,1158833.0,0.404,100.0,43,1,14,20.4,23,剛爆發,True
BRK-B,Financials,Berkshire Hathaway,2023-11-20,362.68,9.34,1.9,13.13,9.37,1.0,56,56,37,52.2,,,,,,,,,,,,,,,,,,,,,,,44,33,33,,33,剛爆發,False
MA,Financials,Mastercard,2023-11-20,405.79,13.3,2.53,10.5,9.21,1.0,28,52,43,38.2,,,,,,,,,,,,,,,,,,,,,,,45,33,33,,33,剛爆發,False
BAC,Financials,Bank of America,2023-11-20,27.81,18.12,5.19,6.74,9.19,1.0,14,40,49,28.8,10.05,4.87,False,True,25.71,9.94,1.095,False,34.46,-19.31,0.64,13.82,12.0,8.0,44837883.0,40936312.0,1.5,15815600.0,39610520.0,40100840.0,0.394,100.0,46,1,16,22.0,25,剛爆發,True
FISV,Financials,Fiserv,2023-11-20,125.8,11.86,3.56,10.57,9.14,1.0,32,47,42,38.5,,,,,,,,,,,,,,,,,,,,,,,47,33,33,,33,剛爆發,False
MSCI,Financials,MSCI Inc.,2023-11-20,511.86,11.26,-0.25,11.63,8.57,0.667,38,59,38,44.3,,,,,,,,,,,,,,,,,,,,,,,48,33,33,,33,剛爆發,False
AXP,Financials,American Express,2023-11-20,159.44,16.35,4.28,5.36,7.84,1.0,18,45,55,33.5,,,,,,,,,,,,,,,,,,,,,,,49,33,33,,33,剛爆發,False
GS,Financials,Goldman Sachs,2023-11-20,318.77,16.98,6.82,3.79,7.84,1.0,17,33,63,31.0,,,,,,,,,,,,,,,,,,,,,,,49,33,33,,33,剛爆發,False
HBAN,Financials,Huntington Bancshares,2023-11-20,9.71,15.25,1.73,6.44,7.47,1.0,22,57,51,38.3,,,,,,,,,,,,,,,,,,,,,,,51,33,33,,33,剛爆發,False
TRV,Financials,Travelers Companies (The),2023-11-20,169.31,10.49,10.52,4.29,7.4,1.0,45,20,59,40.3,,,,,,,,,,,,,,,,,,,,,,,52,33,33,,33,剛爆發,False
GPN,Financials,Global Payments,2023-11-20,109.31,9.58,-7.28,13.17,7.16,0.667,52,69,36,53.9,,,,,,,,,,,,,,,,,,,,,,,53,33,33,,33,剛爆發,False
WFC,Financials,Wells Fargo,2023-11-20,40.49,11.72,5.03,5.85,7.11,1.0,34,43,54,40.7,,,,,,,,,,,,,,,,,,,,,,,54,33,33,,33,剛爆發,False
FIS,Financials,Fidelity National Information Services,2023-11-20,51.76,17.68,2.35,3.86,6.94,1.0,15,53,62,35.8,4.21,4.69,False,True,49.55,7.37,1.179,False,71.99,-28.1,2.97,15.1,13.0,7.0,5986053.0,5076585.0,1.857,2094000.0,5021240.0,5463466.0,0.383,100.0,55,1,18,26.0,28,剛爆發,True
ICE,Financials,Intercontinental Exchange,2023-11-20,110.56,9.23,-0.86,9.59,6.89,0.667,57,62,45,56.1,,,,,,,,,,,,,,,,,,,,,,,56,33,33,,33,剛爆發,False
NDAQ,Financials,"Nasdaq, Inc.",2023-11-20,53.29,16.2,5.33,2.88,6.82,1.0,19,38,65,33.9,,,,,,,,,,,,,,,,,,,,,,,57,33,33,,33,剛爆發,False
CFG,Financials,Citizens Financial Group,2023-11-20,24.25,19.64,1.94,2.64,6.71,1.0,11,55,66,35.2,-2.67,4.29,False,True,23.05,11.86,1.16,False,38.64,-37.23,-0.78,15.25,9.0,11.0,5391322.0,4647445.0,0.818,1559000.0,4122370.0,4657820.0,0.335,91.42,58,29,28,40.4,32,剛爆發,False
STT,Financials,State Street Corporation,2023-11-20,64.66,11.84,5.26,4.75,6.65,1.0,33,39,57,39.6,,,,,,,,,,,,,,,,,,,,,,,59,33,33,,33,剛爆發,False
COF,Financials,Capital One,2023-11-20,102.68,9.66,6.28,4.77,6.37,1.0,51,36,56,47.5,,,,,,,,,,,,,,,,,,,,,,,60,33,33,,33,剛爆發,False
MTB,Financials,M&T Bank,2023-11-20,115.23,15.31,1.07,3.77,5.98,1.0,21,58,64,40.7,,,,,,,,,,,,,,,,,,,,,,,61,33,33,,33,剛爆發,False
SCHW,Financials,Charles Schwab Corporation,2023-11-20,54.55,13.1,-2.51,6.03,5.66,0.667,30,63,52,44.3,,,,,,,,,,,,,,,,,,,,,,,62,33,33,,33,剛爆發,False
AON,Financials,Aon plc,2023-11-20,324.45,7.76,-0.42,6.65,5.16,0.667,63,60,50,59.5,,,,,,,,,,,,,,,,,,,,,,,63,33,33,,33,剛爆發,False
PFG,Financials,Principal Financial Group,2023-11-20,65.82,7.36,-4.01,8.49,5.08,0.667,65,65,46,61.2,,,,,,,,,,,,,,,,,,,,,,,64,33,33,,33,剛爆發,False
JKHY,Financials,Jack Henry & Associates,2023-11-20,148.13,11.37,-2.56,3.88,4.14,0.667,37,64,61,49.9,,,,,,,,,,,,,,,,,,,,,,,65,33,33,,33,剛爆發,False
CINF,Financials,Cincinnati Financial,2023-11-20,96.02,5.23,-0.79,5.96,4.09,0.667,73,61,53,65.4,,,,,,,,,,,,,,,,,,,,,,,66,33,33,,33,剛爆發,False
IBKR,Financials,Interactive Brokers,2023-11-20,20.15,3.24,-11.58,4.67,0.25,0.667,75,73,58,71.0,,,,,,,,,,,,,,,,,,,,,,,67,33,33,,33,剛爆發,False
MS,Financials,Morgan Stanley,2023-11-20,72.62,13.08,-4.34,-4.23,0.07,0.333,31,66,71,49.5,,,,,,,,,,,,,,,,,,,,,,,68,33,33,,33,剛爆發,False
BEN,Financials,Franklin Resources,2023-11-20,20.53,6.1,-6.48,-0.88,-0.54,0.333,71,68,69,69.7,,,,,,,,,,,,,,,,,,,,,,,69,33,33,,33,剛爆發,False
SYF,Financials,Synchrony Financial,2023-11-20,28.44,7.14,-5.51,-1.9,-0.54,0.333,67,67,70,67.6,,,,,,,,,,,,,,,,,,,,,,,69,33,33,,33,剛爆發,False
CPAY,Financials,Corpay,2023-11-20,234.01,5.46,-11.77,0.11,-1.52,0.667,72,74,68,71.8,,,,,,,,,,,,,,,,,,,,,,,71,33,33,,33,剛爆發,False
IVZ,Financials,Invesco,2023-11-20,12.38,9.88,-7.69,-4.69,-1.8,0.333,50,70,72,60.4,,,,,,,,,,,,,,,,,,,,,,,72,33,33,,33,剛爆發,False
TROW,Financials,T. Rowe Price,2023-11-20,85.97,11.19,-9.4,-5.76,-2.43,0.333,39,72,73,55.7,,,,,,,,,,,,,,,,,,,,,,,73,33,33,,33,剛爆發,False
RF,Financials,Regions Financial Corporation,2023-11-20,14.22,14.56,-12.3,-7.48,-3.17,0.333,23,75,76,49.2,,,,,,,,,,,,,,,,,,,,,,,74,33,33,,33,剛爆發,False
PYPL,Financials,PayPal,2023-11-20,55.28,10.66,-8.87,-7.41,-3.26,0.333,44,71,75,58.3,,,,,,,,,,,,,,,,,,,,,,,75,33,33,,33,剛爆發,False
HOOD,Financials,Robinhood Markets,2023-11-20,8.29,-6.85,-21.35,-6.01,-10.05,0.0,76,76,74,75.6,,,,,,,,,,,,,,,,,,,,,,,76,33,33,,33,剛爆發,False
LLY,Health Care,Lilly (Eli),2023-11-20,590.78,7.49,8.77,41.74,24.93,1.0,35,8,1,20.1,181.53,5.92,False,True,567.19,6.78,0.977,False,618.01,-4.41,2.1,6.0,13.0,7.0,3584746.0,3668757.0,1.857,1341700.0,3123670.0,3699740.0,0.363,99.4,1,20,10,10.4,13,吃老本,True
CAH,Health Care,Cardinal Health,2023-11-20,102.04,16.28,21.98,29.74,24.43,1.0,10,1,2,5.7,22.98,4.86,False,True,90.6,5.27,0.924,False,102.19,-0.14,2.88,14.82,14.0,6.0,2337485.0,2530600.0,2.333,531500.0,2047540.0,2349446.0,0.226,100.0,2,1,29,7.0,4,,True
CNC,Health Care,Centene Corporation,2023-11-20,74.36,10.2,17.14,18.56,16.11,1.0,26,2,7,15.0,30.07,2.6,False,True,70.5,5.32,1.002,False,87.84,-15.35,1.57,9.18,13.0,6.0,2715669.0,2711483.0,2.167,640900.0,2189530.0,2658540.0,0.241,100.0,3,1,27,7.0,4,,True
COR,Health Care,Cencora,2023-11-20,197.21,7.56,12.45,20.15,15.08,1.0,34,3,4,18.7,1.92,3.35,False,True,184.79,5.26,0.848,False,197.38,-0.09,2.23,7.01,13.0,7.0,1490415.0,1757957.0,1.857,552900.0,1768660.0,1573013.0,0.351,97.79,4,21,12,12.4,16,吃老本,True
AMGN,Health Care,Amgen,2023-11-20,245.98,2.29,4.36,24.33,13.83,1.0,45,16,3,27.9,5.9,11.27,False,False,248.39,5.25,0.841,False,265.2,-7.25,-1.32,-0.8,11.0,9.0,2241354.0,2665766.0,1.222,930800.0,2094500.0,2195480.0,0.424,82.04,5,27,5,13.8,19,吃老本,True
MCK,Health Care,McKesson Corporation,2023-11-20,455.78,2.98,9.15,19.27,12.67,1.0,42,7,5,24.1,1.33,23.89,False,True,444.55,7.53,0.734,False,467.44,-2.5,2.35,2.15,14.0,6.0,734707.0,1001433.0,2.333,219500.0,830160.0,789553.0,0.278,100.0,6,1,23,7.4,7,,True
UNH,Health Care,UnitedHealth Group,2023-11-20,516.94,4.28,12.29,14.53,11.41,1.0,41,4,9,23.5,3.34,2.68,False,True,495.43,3.56,0.879,False,517.4,-0.09,1.35,3.55,12.0,8.0,2192833.0,2495587.0,1.5,1135000.0,2195720.0,2238346.0,0.507,90.54,7,25,2,13.2,18,吃老本,True
A,Health Care,Agilent Technologies,2023-11-20,124.01,23.21,6.01,5.56,10.09,1.0,4,13,22,10.3,3.02,4.55,False,True,108.32,19.6,1.187,False,155.86,-20.43,10.89,21.39,12.0,8.0,2413466.0,2032837.0,1.5,1226700.0,2450130.0,2236200.0,0.549,100.0,8,1,1,3.8,1,剛爆發,True
BSX,Health Care,Boston Scientific,2023-11-20,55.63,12.34,9.59,8.95,9.96,1.0,19,6,12,13.7,4.72,8.15,False,True,52.24,9.19,1.186,False,55.83,-0.36,1.76,11.75,14.0,6.0,7726171.0,6516133.0,2.333,2476800.0,6799810.0,6945666.0,0.357,100.0,9,1,11,6.2,2,剛爆發,True
LH,Health Care,Labcorp,2023-11-20,206.57,7.28,0.6,15.63,9.78,1.0,36,23,8,26.5,1.54,-0.97,False,True,197.59,5.16,0.99,False,214.44,-3.67,0.94,3.66,11.0,9.0,765381.0,772777.0,1.222,221400.0,721000.0,703826.0,0.315,88.24,10,26,17,17.8,21,吃老本,True
DVA,Health Care,DaVita,2023-11-20,99.26,29.3,-1.34,5.28,9.63,0.667,2,27,23,13.7,39.89,19.82,False,True,87.84,18.56,1.267,False,116.97,-15.14,4.78,28.09,14.0,6.0,1542871.0,1217433.0,2.333,488700.0,1335400.0,1593640.0,0.307,100.0,11,1,19,8.6,8,剛爆發,True
ISRG,Health Care,Intuitive Surgical,2023-11-20,318.01,22.79,6.88,3.62,9.23,1.0,5,11,26,11.0,3.17,6.88,False,True,285.19,16.2,1.119,False,358.07,-11.19,4.63,22.54,15.0,5.0,1792806.0,1602180.0,3.0,601300.0,1734460.0,1622473.0,0.371,100.0,12,1,8,6.8,3,剛爆發,True
CI,Health Care,Cigna,2023-11-20,273.1,-5.08,3.55,19.01,9.12,0.667,56,18,6,34.6,1.35,1.57,False,False,280.0,6.59,0.76,False,318.38,-14.22,1.99,-5.38,11.0,9.0,1471818.0,1936633.0,1.222,416200.0,1467910.0,1669700.0,0.249,79.2,13,28,26,21.6,23,吃老本,True
UHS,Health Care,Universal Health Services,2023-11-20,137.06,12.47,5.85,8.72,8.94,1.0,18,15,13,16.1,7.87,4.34,False,True,126.53,9.05,0.787,False,156.44,-12.39,3.18,11.66,14.0,6.0,485464.0,616833.0,2.333,152000.0,435300.0,477446.0,0.318,100.0,14,1,16,9.2,11,剛爆發,True
DXCM,Health Care,Dexcom,2023-11-20,112.95,26.5,12.1,-1.83,8.74,0.667,3,5,38,10.6,50.03,50.64,False,True,91.48,21.22,1.071,False,139.55,-19.06,7.81,39.29,14.0,5.0,5306042.0,4955820.0,2.8,1902100.0,4233360.0,4267620.0,0.446,100.0,15,1,4,7.2,6,剛爆發,True
SYK,Health Care,Stryker Corporation,2023-11-20,285.98,12.11,5.88,8.3,8.65,1.0,20,14,14,17.0,0.92,6.8,False,True,267.43,10.28,1.185,False,298.08,-4.06,0.72,13.56,14.0,6.0,1766450.0,1490483.0,2.333,382500.0,1234380.0,1389426.0,0.275,100.0,16,1,24,11.6,14,剛爆發,True
ZTS,Health Care,Zoetis,2023-11-20,173.39,15.77,-1.19,9.89,8.59,0.667,11,26,11,15.5,0.36,8.01,False,True,164.63,8.65,0.663,False,187.16,-7.36,2.08,14.28,14.0,6.0,2126735.0,3205800.0,2.333,635200.0,1539820.0,1948613.0,0.326,100.0,17,1,14,10.0,12,剛爆發,True
WAT,Health Care,Waters Corporation,2023-11-20,280.39,14.56,2.57,7.59,8.08,1.0,14,21,17,16.7,11.29,8.06,False,True,260.78,13.01,0.983,False,353.71,-20.73,5.33,14.7,12.0,8.0,668191.0,679625.0,1.5,264100.0,528200.0,638153.0,0.414,100.0,18,1,6,8.8,10,剛爆發,True
DHR,Health Care,Danaher Corporation,2023-11-20,217.94,17.85,-2.14,7.81,7.83,0.667,7,30,16,15.7,7.55,1.73,False,True,205.63,14.35,1.061,False,244.59,-10.9,5.88,14.32,12.0,8.0,3141091.0,2959362.0,1.5,1276500.0,2896350.0,2693186.0,0.474,100.0,19,1,3,8.6,8,剛爆發,True
ELV,Health Care,Elevance Health,2023-11-20,457.3,8.44,6.14,8.07,7.68,1.0,32,12,15,22.6,6.27,2.95,False,True,432.83,6.66,1.001,False,514.63,-11.14,3.26,6.43,12.0,8.0,936583.0,935787.0,1.5,310000.0,837090.0,849093.0,0.365,95.18,20,23,9,19.0,22,,True
IQV,Health Care,IQVIA,2023-11-20,212.01,17.82,-3.2,6.3,6.81,0.667,8,33,20,17.9,1.75,2.5,False,True,196.86,10.86,1.241,False,241.86,-12.34,3.53,14.96,12.0,7.0,1754991.0,1414600.0,1.714,427900.0,1051950.0,1362200.0,0.314,100.0,21,1,18,12.4,16,剛爆發,True
IDXX,Health Care,Idexx Laboratories,2023-11-20,478.18,22.18,-2.94,1.97,5.79,0.667,6,31,31,18.5,6.73,8.15,False,True,435.54,14.33,0.832,False,564.74,-15.33,2.47,20.32,13.0,7.0,521346.0,626828.0,1.857,142100.0,428470.0,445286.0,0.319,100.0,22,1,15,12.2,15,剛爆發,True
HUM,Health Care,Humana,2023-11-20,500.68,1.58,8.4,4.76,4.88,1.0,47,9,24,31.0,8.5,1.22,False,True,483.16,6.3,0.688,False,535.28,-6.46,1.04,0.95,13.0,7.0,1048969.0,1524514.0,1.857,312000.0,900270.0,1054386.0,0.296,90.89,23,24,20,22.8,25,,True
REGN,Health Care,Regeneron Pharmaceuticals,2023-11-20,791.76,2.98,-3.86,10.1,4.83,0.667,42,34,10,33.2,7.56,3.47,False,False,808.31,3.08,0.795,False,846.97,-6.52,0.22,0.79,8.0,12.0,425800.0,535591.0,0.667,171600.0,468320.0,499486.0,0.344,74.48,24,29,13,23.8,26,,True
CVS,Health Care,CVS Health,2023-11-20,62.44,4.72,4.0,4.36,4.36,1.0,40,17,25,30.1,,,,,,,,,,,,,,,,,,,,,,,25,30,30,,30,,False
CRL,Health Care,Charles River Laboratories,2023-11-20,196.91,14.09,-1.74,1.44,3.81,0.667,15,29,32,22.6,14.86,1.97,False,True,187.88,17.17,0.878,False,262.0,-24.84,3.88,12.48,12.0,8.0,614125.0,699612.0,1.5,142600.0,582290.0,617820.0,0.231,96.9,26,22,28,24.8,28,,True
VRTX,Health Care,Vertex Pharmaceuticals,2023-11-20,353.04,-0.63,0.85,6.99,3.55,0.667,49,22,18,34.7,,,,,,,,,,,,,,,,,,,,,,,27,30,30,,30,,False
DGX,Health Care,Quest Diagnostics,2023-11-20,128.55,6.16,2.98,2.44,3.5,1.0,37,19,29,30.0,,,,,,,,,,,,,,,,,,,,,,,28,30,30,,30,,False
GEHC,Health Care,GE HealthCare,2023-11-20,73.36,16.81,7.51,-5.94,3.11,0.667,9,10,41,15.7,10.44,5.85,False,True,67.6,8.02,1.312,False,87.31,-15.98,2.49,15.33,14.0,6.0,2993421.0,2282183.0,2.333,558900.0,2098670.0,2221073.0,0.252,100.0,29,1,25,17.0,20,剛爆發,True
ABT,Health Care,Abbott Laboratories,2023-11-20,97.18,10.79,-0.74,1.04,3.03,0.667,24,24,33,25.8,,,,,,,,,,,,,,,,,,,,,,,30,30,30,,30,,False
VTRS,Health Care,Viatris,2023-11-20,8.48,8.92,-12.92,5.99,2.0,0.667,31,50,21,34.7,,,,,,,,,,,,,,,,,,,,,,,31,30,30,,30,,False
MDT,Health Care,Medtronic,2023-11-20,72.17,13.74,-3.1,-1.46,1.93,0.333,17,32,37,25.5,,,,,,,,,,,,,,,,,,,,,,,32,30,30,,30,,False
WST,Health Care,West Pharmaceutical Services,2023-11-20,350.46,10.14,-10.22,2.96,1.46,0.667,27,46,27,32.7,,,,,,,,,,,,,,,,,,,,,,,33,30,30,,30,,False
ABBV,Health Care,AbbVie,2023-11-20,126.27,-0.19,-4.52,2.94,0.3,0.333,48,36,28,40.4,,,,,,,,,,,,,,,,,,,,,,,34,30,30,,30,,False
VEEV,Health Care,Veeva Systems,2023-11-20,176.57,-6.83,-6.64,6.7,-0.02,0.333,57,37,19,43.4,,,,,,,,,,,,,,,,,,,,,,,35,30,30,,30,,False
JNJ,Health Care,Johnson & Johnson,2023-11-20,141.86,5.58,-7.54,0.32,-0.33,0.667,38,41,34,38.1,,,,,,,,,,,,,,,,,,,,,,,36,30,30,,30,剛爆發,False
GILD,Health Care,Gilead Sciences,2023-11-20,68.97,-1.62,-0.96,-0.31,-0.8,0.0,52,25,36,40.7,,,,,,,,,,,,,,,,,,,,,,,37,30,30,,30,剛爆發,False
HCA,Health Care,HCA Healthcare,2023-11-20,246.93,11.94,-7.51,-4.2,-1.0,0.333,23,40,39,31.3,,,,,,,,,,,,,,,,,,,,,,,38,30,30,,30,剛爆發,False
TMO,Health Care,Thermo Fisher Scientific,2023-11-20,486.43,13.76,-9.32,-5.86,-1.82,0.333,16,43,40,28.9,,,,,,,,,,,,,,,,,,,,,,,39,30,30,,30,剛爆發,False
STE,Health Care,Steris,2023-11-20,198.65,-2.71,-9.81,2.1,-2.08,0.333,54,45,30,46.5,,,,,,,,,,,,,,,,,,,,,,,40,30,30,,30,剛爆發,False
ZBH,Health Care,Zimmer Biomet,2023-11-20,110.55,9.92,-1.36,-10.8,-3.26,0.333,29,28,45,31.9,,,,,,,,,,,,,,,,,,,,,,,41,30,30,,30,剛爆發,False
COO,Health Care,Cooper Companies (The),2023-11-20,84.83,10.58,-8.63,-8.13,-3.58,0.333,25,42,44,33.9,,,,,,,,,,,,,,,,,,,,,,,42,30,30,,30,剛爆發,False
HSIC,Health Care,Henry Schein,2023-11-20,69.67,4.91,-9.34,-7.01,-4.61,0.333,39,44,42,41.1,,,,,,,,,,,,,,,,,,,,,,,43,30,30,,30,剛爆發,False
PODD,Health Care,Insulet Corporation,2023-11-20,187.95,40.86,2.7,-31.06,-4.64,0.667,1,20,57,17.9,73.76,43.41,False,True,154.58,21.66,1.196,False,335.91,-44.05,7.55,39.08,14.0,6.0,1606442.0,1343133.0,2.333,475600.0,1720060.0,1610233.0,0.295,100.0,44,1,21,22.2,24,剛爆發,True
BDX,Health Care,Becton Dickinson,2023-11-20,177.63,-5.05,-14.39,-0.23,-4.97,0.0,55,51,35,49.8,,,,,,,,,,,,,,,,,,,,,,,45,30,30,,30,剛爆發,False
MRK,Health Care,Merck & Co.,2023-11-20,93.51,-0.92,-6.94,-7.04,-5.49,0.0,50,38,43,45.0,,,,,,,,,,,,,,,,,,,,,,,46,30,30,,30,剛爆發,False
BAX,Health Care,Baxter International,2023-11-20,34.08,12.0,-12.66,-11.53,-5.93,0.333,22,49,46,34.9,,,,,,,,,,,,,,,,,,,,,,,47,30,30,,30,剛爆發,False
MTD,Health Care,Mettler Toledo,2023-11-20,1093.51,12.01,-6.97,-18.89,-8.19,0.333,21,39,50,32.2,,,,,,,,,,,,,,,,,,,,,,,48,30,30,,30,剛爆發,False
EW,Health Care,Edwards Lifesciences,2023-11-20,67.9,10.03,-10.86,-17.21,-8.81,0.333,28,47,49,37.9,,,,,,,,,,,,,,,,,,,,,,,49,30,30,,30,剛爆發,False
INCY,Health Care,Incyte,2023-11-20,53.74,2.28,-15.85,-14.13,-10.45,0.333,46,53,47,48.3,,,,,,,,,,,,,,,,,,,,,,,50,30,30,,30,剛爆發,False
RMD,Health Care,ResMed,2023-11-20,150.31,14.65,-4.1,-28.16,-11.44,0.333,13,35,56,28.2,1.68,-5.38,False,True,141.48,8.99,0.813,False,236.05,-36.32,3.34,11.28,14.0,6.0,1235807.0,1520083.0,2.333,301300.0,964810.0,1074366.0,0.28,100.0,51,1,22,25.2,29,剛爆發,True
PFE,Health Care,Pfizer,2023-11-20,25.49,2.66,-15.03,-16.87,-11.53,0.333,44,52,48,47.2,,,,,,,,,,,,,,,,,,,,,,,52,30,30,,30,剛爆發,False
BIIB,Health Care,Biogen,2023-11-20,231.95,-1.1,-12.28,-22.34,-14.51,0.0,51,48,52,50.3,,,,,,,,,,,,,,,,,,,,,,,53,30,30,,30,剛爆發,False
TECH,Health Care,Bio-Techne,2023-11-20,63.17,7.65,-20.04,-23.16,-14.68,0.333,33,55,55,44.0,,,,,,,,,,,,,,,,,,,,,,,54,30,30,,30,剛爆發,False
BMY,Health Care,Bristol Myers Squibb,2023-11-20,43.65,-2.47,-19.03,-20.54,-15.65,0.0,53,54,51,52.9,,,,,,,,,,,,,,,,,,,,,,,55,30,30,,30,剛爆發,False
ALGN,Health Care,Align Technology,2023-11-20,219.48,14.95,-38.41,-23.09,-17.41,0.333,12,58,54,34.2,-5.46,9.09,False,False,250.82,17.0,1.013,False,413.2,-46.88,8.05,15.18,12.0,8.0,1450075.0,1431012.0,1.5,487300.0,1121680.0,1231540.0,0.396,100.0,56,1,7,24.2,27,剛爆發,False
RVTY,Health Care,Revvity,2023-11-20,89.42,-7.95,-21.57,-22.69,-18.72,0.0,58,56,53,56.4,,,,,,,,,,,,,,,,,,,,,,,57,30,30,,30,剛爆發,False
MRNA,Health Care,Moderna,2023-11-20,78.52,9.19,-29.85,-37.8,-24.06,0.333,30,57,58,43.7,,,,,,,,,,,,,,,,,,,,,,,58,30,30,,30,剛爆發,False
VRT,Industrials,Vertiv,2023-11-20,42.53,17.19,13.81,116.21,65.86,1.0,18,7,1,11.3,18.35,59.38,False,True,39.26,11.93,1.068,False,44.99,-5.47,-0.37,22.43,12.0,8.0,5735283.0,5372312.0,1.5,1531400.0,5342950.0,5367346.0,0.285,100.0,1,1,22,5.2,3,,True
UBER,Industrials,Uber,2023-11-20,55.32,34.17,25.84,43.88,36.94,1.0,2,1,3,1.9,-16.06,1825.79,False,True,46.98,11.17,1.145,False,55.94,-1.1,1.65,36.19,17.0,3.0,27037500.0,23614400.0,5.667,10696800.0,23001100.0,28591280.0,0.374,100.0,2,1,9,3.0,2,,False
LII,Industrials,Lennox International,2023-11-20,405.93,16.08,15.79,49.39,32.66,1.0,21,4,2,12.1,13.99,18.88,False,True,369.51,7.3,1.141,False,407.55,-0.4,2.79,16.29,15.0,5.0,287133.0,251720.0,3.0,120300.0,223900.0,227926.0,0.528,100.0,3,1,2,2.0,1,,True
TT,Industrials,Trane Technologies,2023-11-20,222.84,23.75,13.24,38.16,28.33,1.0,5,8,4,5.7,4.75,4.77,False,True,201.71,3.56,1.022,False,224.18,-0.6,0.89,21.94,12.0,8.0,1341558.0,1313137.0,1.5,232700.0,1028290.0,1110046.0,0.21,100.0,4,1,27,7.4,6,,True
LDOS,Industrials,Leidos,2023-11-20,103.57,17.98,11.88,34.03,24.48,1.0,12,10,5,10.0,21.82,14.57,False,True,93.93,4.31,1.481,False,105.96,-2.25,2.0,15.96,13.0,7.0,954330.0,644400.0,1.857,237200.0,607280.0,675266.0,0.351,100.0,5,1,15,5.4,4,,True
TDG,Industrials,TransDigm Group,2023-11-20,860.27,22.88,16.38,26.99,23.31,1.0,6,2,12,6.0,5.18,13.22,False,True,752.9,4.26,1.156,False,868.23,-0.92,1.97,23.03,17.0,3.0,293658.0,254066.0,5.667,43000.0,259550.0,282260.0,0.152,100.0,6,1,31,9.0,9,,True
URI,Industrials,United Rentals,2023-11-20,457.02,17.51,4.4,34.01,22.48,1.0,16,30,6,18.2,5.02,10.46,False,True,428.79,10.34,1.04,False,479.86,-4.76,-1.49,16.13,12.0,8.0,731416.0,703062.0,1.5,220700.0,690510.0,668293.0,0.33,99.79,7,26,18,16.8,23,吃老本,True
PH,Industrials,Parker Hannifin,2023-11-20,423.06,18.84,7.94,31.23,22.31,1.0,11,21,8,13.4,12.14,10.77,False,True,385.63,5.22,1.02,False,424.68,-0.38,1.7,17.64,13.0,7.0,719061.0,704742.0,1.857,221700.0,520870.0,621060.0,0.357,100.0,8,1,11,5.8,5,剛爆發,True
FIX,Industrials,Comfort Systems USA,2023-11-20,197.27,13.16,9.53,32.88,22.11,1.0,26,15,7,18.9,26.29,23.17,False,True,174.34,9.38,0.757,False,201.31,-2.01,2.61,29.62,13.0,7.0,334369.0,441414.0,1.857,72600.0,338000.0,334786.0,0.217,100.0,9,1,26,9.2,10,剛爆發,True
PCAR,Industrials,Paccar,2023-11-20,82.9,10.8,8.85,29.75,19.79,1.0,44,18,10,29.4,10.23,7.35,False,True,77.34,6.63,1.112,False,83.03,-0.16,1.2,9.98,12.0,8.0,2032666.0,1827500.0,1.5,654200.0,1781040.0,1802053.0,0.363,98.43,10,27,10,16.8,23,吃老本,True
GWW,Industrials,W. W. Grainger,2023-11-20,795.62,15.21,13.95,22.9,18.74,1.0,22,6,18,16.4,5.63,2.05,False,True,715.25,3.99,1.127,False,797.15,-0.19,2.17,16.37,16.0,4.0,292612.0,259575.0,4.0,88000.0,218300.0,249660.0,0.352,100.0,11,1,14,7.6,8,剛爆發,True
ETN,Industrials,Eaton Corporation,2023-11-20,221.75,17.57,2.4,26.35,18.17,1.0,15,38,14,21.7,5.71,4.68,False,True,206.09,5.97,1.257,False,232.18,-4.49,0.85,16.83,14.0,6.0,2197150.0,1747316.0,2.333,526200.0,1691010.0,1719233.0,0.306,100.0,12,1,20,9.2,10,剛爆發,True
CARR,Industrials,Carrier Global,2023-11-20,51.06,13.94,-3.33,30.58,17.94,0.667,24,58,9,31.2,12.07,2.57,False,True,50.03,6.75,1.017,False,57.64,-11.41,0.57,14.18,15.0,5.0,4112146.0,4043420.0,3.0,710800.0,3494550.0,3586866.0,0.198,100.0,13,1,28,11.2,15,剛爆發,True
HWM,Industrials,Howmet Aerospace,2023-11-20,51.92,21.43,8.6,20.39,17.7,1.0,8,19,21,13.9,7.23,1.59,False,True,46.5,7.26,1.503,False,52.2,-0.53,1.44,20.37,14.0,6.0,2900142.0,1929833.0,2.333,776300.0,2539800.0,2554606.0,0.304,100.0,14,1,21,10.2,12,剛爆發,True
CPRT,Industrials,Copart,2023-11-20,50.81,18.91,16.0,15.63,16.55,1.0,10,3,32,12.3,4.65,4.82,False,True,45.54,7.76,1.039,False,51.53,-1.4,3.04,17.75,14.0,6.0,4265164.0,4106166.0,2.333,1878300.0,4833720.0,4213006.0,0.446,100.0,15,1,5,7.4,6,剛爆發,True
IR,Industrials,Ingersoll Rand,2023-11-20,71.16,20.16,3.56,21.19,16.53,1.0,9,33,20,18.4,12.0,13.81,False,True,64.68,6.23,0.991,False,71.16,0.0,1.64,19.16,17.0,3.0,2983923.0,3010766.0,5.667,674900.0,2214310.0,2525293.0,0.267,100.0,16,1,25,11.8,17,剛爆發,True
WAB,Industrials,Wabtec,2023-11-20,115.62,12.73,4.94,23.93,16.38,1.0,28,27,17,25.5,,,,,,,,,,,,,,,,,,,,,,,17,32,32,,32,吃老本,False
ODFL,Industrials,Old Dominion,2023-11-20,198.95,9.73,-1.06,28.3,16.32,0.667,50,48,11,41.6,5.94,-1.49,False,True,196.66,6.51,0.811,False,215.34,-7.62,1.64,9.34,11.0,9.0,1091563.0,1345244.0,1.222,299000.0,926100.0,1062226.0,0.281,88.79,18,31,23,24.2,27,吃老本,True
BR,Industrials,Broadridge Financial Solutions,2023-11-20,177.84,11.48,2.01,25.85,16.29,1.0,38,40,15,34.0,12.95,3.44,False,True,170.59,7.0,1.054,False,180.15,-1.28,2.97,10.19,13.0,7.0,482269.0,457457.0,1.857,162700.0,401860.0,456153.0,0.357,100.0,19,1,11,10.2,12,剛爆發,True
BLDR,Industrials,Builders FirstSource,2023-11-20,134.71,26.77,4.27,16.55,16.04,1.0,4,31,30,17.3,8.19,50.24,False,True,121.47,11.47,1.433,False,156.85,-14.12,3.34,25.76,13.0,7.0,1872484.0,1306371.0,1.857,527300.0,1377740.0,1476420.0,0.357,100.0,20,1,11,10.6,14,剛爆發,True
AXON,Industrials,Axon Enterprise,2023-11-20,228.42,13.78,15.11,17.17,15.81,1.0,25,5,28,19.6,34.78,78.63,False,True,210.32,6.88,0.892,False,231.71,-1.42,2.54,11.66,14.0,6.0,497078.0,557533.0,2.333,101600.0,414470.0,565073.0,0.18,100.0,21,1,30,14.8,20,剛爆發,True
CTAS,Industrials,Cintas,2023-11-20,135.82,12.06,12.16,19.01,15.56,1.0,35,9,23,24.8,0.41,4.22,False,True,125.25,6.37,0.968,False,136.82,-0.74,0.26,11.57,17.0,3.0,1356094.0,1400800.0,5.667,456400.0,1272480.0,1304506.0,0.35,100.0,22,1,16,12.4,18,剛爆發,True
HII,Industrials,Huntington Ingalls Industries,2023-11-20,226.33,12.44,9.65,19.73,15.39,1.0,31,14,22,24.1,8.9,7.82,False,True,207.24,6.0,1.391,False,228.33,-0.87,2.16,9.91,13.0,7.0,314230.0,225971.0,1.857,100100.0,265520.0,264933.0,0.378,100.0,23,1,8,11.2,15,剛爆發,True
GD,Industrials,General Dynamics,2023-11-20,234.93,4.02,11.51,22.23,15.0,1.0,68,11,19,41.1,3.93,4.19,False,True,222.54,3.31,1.109,False,237.89,-1.24,1.05,3.03,12.0,8.0,1249233.0,1126450.0,1.5,339000.0,940350.0,995140.0,0.341,94.14,24,29,17,24.6,28,,True
TXT,Industrials,Textron,2023-11-20,78.18,4.17,4.24,24.88,14.54,1.0,67,32,16,46.3,,,,,,,,,,,,,,,,,,,,,,,25,32,32,,32,吃老本,False
EME,Industrials,Emcor,2023-11-20,215.14,5.45,-1.56,26.94,14.44,0.667,64,52,13,50.2,34.7,24.47,False,True,206.37,4.79,0.742,False,225.87,-4.75,3.24,5.08,13.0,7.0,232492.0,313471.0,1.857,44400.0,240380.0,244973.0,0.181,95.18,26,28,29,27.4,30,,True
MAS,Industrials,Masco,2023-11-20,56.69,16.56,5.0,17.74,14.26,1.0,20,26,26,23.0,,,,,,,,,,,,,,,,,,,,,,,27,32,32,,32,,False
GE,Industrials,GE Aerospace,2023-11-20,94.27,12.81,7.22,16.94,13.48,1.0,27,23,29,26.2,,,,,,,,,,,,,,,,,,,,,,,28,32,32,,32,,False
AOS,Industrials,A. O. Smith,2023-11-20,72.08,12.62,9.49,15.02,13.04,1.0,29,16,33,25.9,,,,,,,,,,,,,,,,,,,,,,,29,32,32,,32,,False
SWK,Industrials,Stanley Black & Decker,2023-11-20,81.74,11.43,3.34,18.4,12.89,1.0,39,34,24,34.5,,,,,,,,,,,,,,,,,,,,,,,30,32,32,,32,,False
RSG,Industrials,Republic Services,2023-11-20,155.53,9.86,10.23,14.49,12.27,1.0,48,12,34,34.4,7.63,6.93,False,True,145.07,2.88,0.759,False,155.88,-0.22,0.96,9.85,16.0,4.0,1112256.0,1465225.0,4.0,371700.0,1135560.0,1159860.0,0.32,100.0,31,1,19,16.6,22,剛爆發,True
UNP,Industrials,Union Pacific Corporation,2023-11-20,210.91,11.18,0.63,17.62,11.76,1.0,42,45,27,39.9,,,,,,,,,,,,,,,,,,,,,,,32,32,32,,32,,False
FDX,Industrials,FedEx,2023-11-20,196.23,12.57,0.06,16.15,11.23,1.0,30,46,31,35.0,,,,,,,,,,,,,,,,,,,,,,,33,32,32,,32,,False
LHX,Industrials,L3Harris,2023-11-20,182.29,12.43,8.38,8.9,9.66,1.0,32,20,41,30.2,,,,,,,,,,,,,,,,,,,,,,,34,32,32,,32,,False
EFX,Industrials,Equifax,2023-11-20,206.57,29.78,6.85,0.42,9.37,1.0,3,24,66,21.9,-0.58,3.01,False,True,180.48,15.81,1.181,False,234.72,-11.99,5.37,27.05,15.0,5.0,843000.0,713640.0,3.0,454200.0,837520.0,795346.0,0.571,100.0,35,1,1,14.6,19,剛爆發,False
BA,Industrials,Boeing,2023-11-20,220.0,22.43,-1.53,8.04,9.25,0.667,7,51,46,28.0,-25.01,8.24,False,True,194.46,12.99,1.312,False,243.1,-9.5,6.49,22.84,17.0,3.0,5638429.0,4296733.0,5.667,2312100.0,6316120.0,5562793.0,0.416,100.0,36,1,6,16.0,21,剛爆發,False
FAST,Industrials,Fastenal,2023-11-20,28.54,5.81,7.3,11.86,9.21,1.0,62,22,36,44.8,,,,,,,,,,,,,,,,,,,,,,,37,32,32,,32,,False
XYL,Industrials,Xylem Inc.,2023-11-20,100.19,17.5,2.73,5.68,7.9,1.0,17,37,53,30.2,,,,,,,,,,,,,,,,,,,,,,,38,32,32,,32,剛爆發,False
CSX,Industrials,CSX Corporation,2023-11-20,31.38,11.63,5.98,6.7,7.75,1.0,36,25,51,35.7,,,,,,,,,,,,,,,,,,,,,,,39,32,32,,32,剛爆發,False
SNA,Industrials,Snap-on,2023-11-20,257.46,9.77,4.66,8.29,7.75,1.0,49,28,45,41.9,,,,,,,,,,,,,,,,,,,,,,,39,32,32,,32,剛爆發,False
WM,Industrials,Waste Management,2023-11-20,165.03,6.59,9.13,7.6,7.73,1.0,61,17,49,45.4,,,,,,,,,,,,,,,,,,,,,,,41,32,32,,32,剛爆發,False
CAT,Industrials,Caterpillar Inc.,2023-11-20,238.38,3.69,-8.78,17.97,7.72,0.667,70,66,25,59.8,,,,,,,,,,,,,,,,,,,,,,,42,32,32,,32,剛爆發,False
GNRC,Industrials,Generac,2023-11-20,112.8,37.23,-1.86,-2.28,7.7,0.333,1,54,70,30.7,8.37,-8.12,False,True,102.42,13.36,1.572,False,156.95,-28.13,-0.6,35.53,12.0,8.0,1630041.0,1037237.0,1.5,437800.0,1036900.0,1129660.0,0.388,100.0,43,1,7,19.0,25,剛爆發,True
VRSK,Industrials,Verisk Analytics,2023-11-20,234.95,7.01,1.13,10.68,7.37,1.0,59,43,38,50.0,,,,,,,,,,,,,,,,,,,,,,,44,32,32,,32,剛爆發,False
PAYX,Industrials,Paychex,2023-11-20,107.83,8.99,-2.01,11.2,7.35,0.667,53,55,37,50.4,,,,,,,,,,,,,,,,,,,,,,,45,32,32,,32,剛爆發,False
NSC,Industrials,Norfolk Southern,2023-11-20,204.84,17.81,3.21,3.85,7.18,1.0,13,36,58,28.9,-1.74,-5.2,False,True,188.02,10.71,1.179,False,242.19,-15.42,3.61,17.32,16.0,4.0,1213856.0,1029375.0,4.0,606000.0,1217020.0,1203033.0,0.504,100.0,46,1,3,19.4,26,剛爆發,True
NOC,Industrials,Northrop Grumman,2023-11-20,452.36,0.07,10.21,8.47,6.8,1.0,76,13,44,50.7,6.57,0.3,False,True,439.99,3.67,0.947,False,519.01,-12.84,2.05,-0.92,12.0,8.0,769908.0,813362.0,1.5,191200.0,626720.0,708226.0,0.27,89.34,47,30,24,35.6,31,剛爆發,True
ITW,Industrials,Illinois Tool Works,2023-11-20,226.57,8.33,1.14,8.68,6.71,1.0,56,42,42,49.0,,,,,,,,,,,,,,,,,,,,,,,48,32,32,,32,剛爆發,False
PNR,Industrials,Pentair,2023-11-20,61.26,9.6,-5.38,10.51,6.31,0.667,52,62,39,52.4,,,,,,,,,,,,,,,,,,,,,,,49,32,32,,32,剛爆發,False
JBHT,Industrials,J.B. Hunt,2023-11-20,178.56,10.55,-2.22,7.99,6.07,0.667,46,57,47,49.5,,,,,,,,,,,,,,,,,,,,,,,50,32,32,,32,剛爆發,False
OTIS,Industrials,Otis Worldwide,2023-11-20,81.36,12.15,1.81,4.82,5.9,1.0,34,41,55,40.3,,,,,,,,,,,,,,,,,,,,,,,51,32,32,,32,剛爆發,False
NDSN,Industrials,Nordson Corporation,2023-11-20,227.12,10.88,-1.42,6.83,5.78,0.667,43,49,50,46.2,,,,,,,,,,,,,,,,,,,,,,,52,32,32,,32,剛爆發,False
AME,Industrials,Ametek,2023-11-20,153.44,12.18,-0.73,5.72,5.72,0.667,33,47,52,41.0,,,,,,,,,,,,,,,,,,,,,,,53,32,32,,32,剛爆發,False
ROL,Industrials,"Rollins, Inc.",2023-11-20,38.87,11.6,2.33,2.77,4.87,1.0,37,39,60,42.2,,,,,,,,,,,,,,,,,,,,,,,54,32,32,,32,剛爆發,False
EXPD,Industrials,Expeditors International,2023-11-20,114.05,9.63,3.33,2.88,4.68,1.0,51,35,59,47.8,,,,,,,,,,,,,,,,,,,,,,,55,32,32,,32,剛爆發,False
CMI,Industrials,Cummins,2023-11-20,214.6,5.55,-2.09,7.62,4.67,0.667,63,56,48,57.9,,,,,,,,,,,,,,,,,,,,,,,56,32,32,,32,剛爆發,False
ADP,Industrials,Automatic Data Processing,2023-11-20,216.04,7.36,-8.39,9.73,4.61,0.667,58,65,40,56.5,,,,,,,,,,,,,,,,,,,,,,,57,32,32,,32,剛爆發,False
EMR,Industrials,Emerson Electric,2023-11-20,84.75,1.15,-8.81,12.59,4.38,0.667,75,67,35,64.6,,,,,,,,,,,,,,,,,,,,,,,58,32,32,,32,剛爆發,False
HON,Industrials,Honeywell Technologies,2023-11-20,181.28,9.91,4.43,0.96,4.07,1.0,47,29,65,45.2,,,,,,,,,,,,,,,,,,,,,,,59,32,32,,32,剛爆發,False
MMM,Industrials,3M,2023-11-20,75.37,11.36,-1.51,2.04,3.48,0.667,40,50,63,47.6,,,,,,,,,,,,,,,,,,,,,,,60,32,32,,32,剛爆發,False
DOV,Industrials,Dover Corporation,2023-11-20,135.45,8.78,-1.75,2.68,3.09,0.667,54,53,61,55.1,,,,,,,,,,,,,,,,,,,,,,,61,32,32,,32,剛爆發,False
PWR,Industrials,Quanta Services,2023-11-20,181.99,10.74,-11.02,5.02,2.44,0.667,45,71,54,54.6,,,,,,,,,,,,,,,,,,,,,,,62,32,32,,32,剛爆發,False
HUBB,Industrials,Hubbell Incorporated,2023-11-20,290.05,6.94,-6.77,4.06,2.07,0.667,60,63,57,60.3,,,,,,,,,,,,,,,,,,,,,,,63,32,32,,32,剛爆發,False
LMT,Industrials,Lockheed Martin,2023-11-20,419.86,1.94,0.87,2.15,1.78,1.0,72,44,62,61.6,,,,,,,,,,,,,,,,,,,,,,,64,32,32,,32,剛爆發,False
DAL,Industrials,Delta Air Lines,2023-11-20,35.02,17.78,-13.19,1.08,1.69,0.667,14,75,64,42.3,4.32,11.61,False,True,33.89,10.13,1.119,False,48.08,-27.17,1.66,14.24,14.0,6.0,9699878.0,8667233.0,2.333,4392600.0,8434850.0,9202626.0,0.477,100.0,65,1,4,27.2,29,剛爆發,True
DE,Industrials,Deere & Company,2023-11-20,356.49,2.5,-4.8,4.32,1.59,0.667,71,60,56,64.7,,,,,,,,,,,,,,,,,,,,,,,66,32,32,,32,剛爆發,False
J,Industrials,Jacobs Solutions,2023-11-20,99.68,-5.92,-8.16,8.64,0.8,0.333,77,64,43,66.3,,,,,,,,,,,,,,,,,,,,,,,67,32,32,,32,剛爆發,False
ALLE,Industrials,Allegion,2023-11-20,101.53,7.81,-3.96,-1.13,0.4,0.333,57,59,68,59.8,,,,,,,,,,,,,,,,,,,,,,,68,32,32,,32,剛爆發,False
FTV,Industrials,Fortive,2023-11-20,50.36,4.0,-12.11,-0.19,-2.12,0.333,69,74,67,70.1,,,,,,,,,,,,,,,,,,,,,,,69,32,32,,32,剛爆發,False
IEX,Industrials,IDEX Corporation,2023-11-20,191.71,4.34,-11.64,-1.2,-2.42,0.333,66,73,69,68.7,,,,,,,,,,,,,,,,,,,,,,,70,32,32,,32,剛爆發,False
ROK,Industrials,Rockwell Automation,2023-11-20,261.96,4.71,-9.55,-3.78,-3.1,0.333,65,69,71,67.4,,,,,,,,,,,,,,,,,,,,,,,71,32,32,,32,剛爆發,False
UPS,Industrials,United Parcel Service,2023-11-20,131.62,14.08,-8.92,-9.54,-3.48,0.333,23,68,72,46.3,,,,,,,,,,,,,,,,,,,,,,,72,32,32,,32,剛爆發,False
RTX,Industrials,RTX Corporation,2023-11-20,76.14,1.78,-4.87,-13.0,-7.27,0.333,73,61,73,69.4,,,,,,,,,,,,,,,,,,,,,,,73,32,32,,32,剛爆發,False
JCI,Industrials,Johnson Controls,2023-11-20,50.27,8.69,-9.87,-14.27,-7.43,0.333,55,70,74,63.3,,,,,,,,,,,,,,,,,,,,,,,74,32,32,,32,剛爆發,False
UAL,Industrials,United Airlines Holdings,2023-11-20,39.71,17.14,-18.86,-15.98,-8.42,0.333,19,76,77,47.7,,,,,,,,,,,,,,,,,,,,,,,75,32,32,,32,剛爆發,False
CHRW,Industrials,C.H. Robinson,2023-11-20,77.46,1.54,-11.43,-14.31,-9.63,0.333,74,72,75,73.6,,,,,,,,,,,,,,,,,,,,,,,76,32,32,,32,剛爆發,False
LUV,Industrials,Southwest Airlines,2023-11-20,23.44,11.32,-19.88,-15.19,-9.74,0.333,41,77,76,58.8,,,,,,,,,,,,,,,,,,,,,,,77,32,32,,32,剛爆發,False
INTC,Information Technology,Intel,2023-11-20,43.38,24.1,32.65,52.63,40.5,1.0,9,3,3,6.0,87.04,546.43,False,True,36.56,16.32,1.306,False,44.34,-2.16,1.41,35.62,15.0,5.0,43907400.0,33625360.0,3.0,13037100.0,41874630.0,39174493.0,0.333,100.0,1,1,15,3.8,5,,True
DELL,Information Technology,Dell Technologies,2023-11-20,71.32,12.81,33.13,55.33,39.15,1.0,43,2,2,22.5,53.07,53.67,False,True,66.26,4.85,1.021,False,72.24,-1.29,2.58,15.35,13.0,7.0,3970392.0,3887028.0,1.857,1695900.0,3652630.0,3969353.0,0.427,100.0,2,1,4,2.0,1,,True
PLTR,Information Technology,Palantir Technologies,2023-11-20,19.2,27.41,32.14,40.66,35.22,1.0,6,5,6,5.7,25.07,-0.79,False,True,17.01,18.99,1.426,False,21.85,-12.13,-2.88,25.57,11.0,9.0,83342663.0,58442488.0,1.222,39800400.0,75086940.0,72728693.0,0.547,100.0,3,1,2,2.0,1,,True
ADBE,Information Technology,Adobe Inc.,2023-11-20,619.43,21.91,17.97,49.12,34.53,1.0,13,17,4,12.4,3.06,3.22,False,True,549.88,7.99,1.13,False,624.38,-0.79,2.89,20.45,14.0,6.0,2591842.0,2294183.0,2.333,942700.0,2285770.0,2461786.0,0.383,100.0,4,1,8,3.6,4,,True
APP,Information Technology,AppLovin,2023-11-20,39.49,9.03,-0.68,64.2,34.19,0.667,59,57,1,46.8,11.22,-17.07,False,True,39.34,14.75,0.598,False,45.1,-12.45,1.44,8.58,12.0,8.0,2711950.0,4533012.0,1.5,811900.0,2920960.0,3963613.0,0.205,88.69,5,26,25,17.4,22,吃老本,True
CRWD,Information Technology,CrowdStrike,2023-11-20,52.67,21.9,40.83,36.69,34.03,1.0,14,1,7,8.7,32.62,13.65,False,True,45.49,11.01,0.848,False,53.22,-1.03,3.13,22.73,16.0,4.0,9418700.0,11102700.0,4.0,6632000.0,10317200.0,10196026.0,0.65,100.0,6,1,1,3.0,3,,True
GDDY,Information Technology,GoDaddy,2023-11-20,94.69,32.14,32.4,30.88,31.57,1.0,3,4,10,4.7,23.96,-4.25,False,True,78.96,11.03,1.585,False,96.24,-1.61,2.67,30.61,16.0,4.0,1890250.0,1192575.0,4.0,465800.0,1336730.0,1716446.0,0.271,100.0,7,1,21,7.4,9,剛爆發,True
FICO,Information Technology,Fair Isaac,2023-11-20,1069.54,26.11,25.55,35.11,30.47,1.0,8,7,9,7.9,-4.0,7.88,False,True,918.88,11.05,0.862,False,1077.14,-0.71,3.43,28.9,17.0,3.0,170152.0,197366.0,5.667,36000.0,138000.0,170033.0,0.212,100.0,8,1,24,8.4,10,剛爆發,False
JBL,Information Technology,Jabil,2023-11-20,130.53,7.1,27.16,43.44,30.29,1.0,64,6,5,34.8,5.68,6.57,False,True,124.42,6.83,0.942,False,140.6,-7.16,0.3,7.65,13.0,7.0,1168500.0,1240885.0,1.857,389200.0,1113420.0,1105086.0,0.352,99.05,9,24,10,15.2,19,吃老本,True
IT,Information Technology,Gartner,2023-11-20,426.85,31.03,24.63,24.35,26.09,1.0,4,8,19,8.2,30.68,13.89,False,True,366.82,7.15,1.328,False,432.69,-1.35,1.61,29.57,15.0,5.0,614520.0,462660.0,3.0,159900.0,406260.0,574666.0,0.278,100.0,10,1,20,8.4,10,剛爆發,True
DDOG,Information Technology,Datadog,2023-11-20,112.87,38.19,21.89,21.16,25.6,1.0,1,10,24,8.3,33.46,27.69,False,True,92.66,12.86,0.975,False,118.02,-4.36,3.44,39.83,14.0,6.0,5949364.0,6102316.0,2.333,1304800.0,3701850.0,6475246.0,0.202,100.0,11,1,26,10.0,14,剛爆發,True
ANET,Information Technology,Arista Networks,2023-11-20,54.6,23.95,20.72,28.2,25.27,1.0,11,12,12,11.5,16.12,9.89,False,True,48.92,8.51,1.164,False,55.35,-1.36,2.39,28.6,13.0,7.0,10975723.0,9433200.0,1.857,3053200.0,6883560.0,7327760.0,0.417,100.0,12,1,5,6.2,6,剛爆發,True
INTU,Information Technology,Intuit,2023-11-20,551.86,17.63,8.86,35.27,24.26,1.0,25,30,8,23.1,14.91,5.0,False,True,510.85,10.02,0.901,False,559.44,-1.36,1.28,17.65,15.0,5.0,1342913.0,1490620.0,3.0,607300.0,1188380.0,1333366.0,0.455,100.0,13,1,3,6.2,6,剛爆發,True
NOW,Information Technology,ServiceNow,2023-11-20,134.78,21.64,19.56,25.39,22.99,1.0,16,14,16,15.4,14.55,15.81,False,True,116.79,9.52,1.027,False,135.61,-0.61,3.31,22.32,18.0,2.0,6285027.0,6121500.0,9.0,2250000.0,4894500.0,5575800.0,0.404,100.0,14,1,6,7.2,8,剛爆發,True
SMCI,Information Technology,Supermicro,2023-11-20,28.57,18.34,12.49,30.34,22.87,1.0,22,26,11,21.0,5.65,20.72,False,True,26.8,18.57,0.982,False,35.7,-19.98,0.71,19.3,11.0,9.0,31501545.0,32082222.0,1.222,9655000.0,30271300.0,30579600.0,0.316,97.38,15,25,17,19.4,23,吃老本,True
GEN,Information Technology,Gen Digital,2023-11-20,20.27,29.63,5.95,25.86,21.82,1.0,5,39,13,16.8,-0.21,0.82,False,True,17.27,15.44,1.177,False,22.21,-8.74,4.91,28.46,15.0,5.0,5157613.0,4383280.0,3.0,1841200.0,4777440.0,5498560.0,0.335,100.0,16,1,14,9.6,12,剛爆發,False
SNPS,Information Technology,Synopsys,2023-11-20,542.69,18.75,22.71,22.03,21.38,1.0,20,9,22,17.1,5.25,2.96,False,True,483.44,7.7,0.788,False,549.0,-1.15,1.73,19.66,17.0,3.0,724058.0,919033.0,5.667,243300.0,753340.0,742560.0,0.328,100.0,17,1,16,10.4,15,剛爆發,True
STX,Information Technology,Seagate Technology,2023-11-20,71.73,11.55,19.37,24.81,20.13,1.0,48,15,18,32.1,12.22,28.52,False,True,64.93,8.33,1.191,False,72.91,-1.62,0.65,15.55,14.0,6.0,2394692.0,2010033.0,2.333,647500.0,1710800.0,1841380.0,0.352,100.0,18,1,10,9.6,12,剛爆發,True
KLAC,Information Technology,KLA Corporation,2023-11-20,54.47,21.67,15.66,21.14,19.9,1.0,15,21,25,18.8,6.87,11.17,False,True,47.46,9.57,0.929,False,55.17,-1.28,1.88,21.59,12.0,8.0,9078416.0,9772625.0,1.5,3065000.0,9489900.0,8979333.0,0.341,100.0,19,1,12,10.4,15,剛爆發,True
PANW,Information Technology,Palo Alto Networks,2023-11-20,133.04,11.43,15.31,25.69,19.53,1.0,49,24,14,34.5,18.6,12.0,False,True,122.93,13.21,0.6,False,134.05,-0.75,9.81,12.18,13.0,7.0,7803276.0,12996285.0,1.857,3230400.0,12196640.0,11181813.0,0.289,99.6,20,23,18,20.8,25,,True
AVGO,Information Technology,Broadcom,2023-11-20,94.93,16.76,15.54,21.74,18.95,1.0,28,22,23,25.2,,,,,,,,,,,,,,,,,,,,,,,21,27,27,,27,吃老本,False
AKAM,Information Technology,Akamai Technologies,2023-11-20,113.65,11.41,10.53,25.48,18.23,1.0,50,28,15,36.4,8.76,5.94,False,True,107.46,4.12,0.872,False,114.16,-0.45,2.05,11.59,16.0,4.0,1465681.0,1681675.0,4.0,435600.0,1169970.0,1634173.0,0.267,100.0,22,1,22,13.6,17,剛爆發,True
WDC,Information Technology,Western Digital,2023-11-20,35.06,19.58,18.0,17.35,18.07,1.0,19,16,30,20.3,,,,,,,,,,,,,,,,,,,,,,,23,27,27,,27,,False
QCOM,Information Technology,Qualcomm,2023-11-20,120.54,20.0,16.62,17.4,17.85,1.0,18,19,29,20.5,,,,,,,,,,,,,,,,,,,,,,,24,27,27,,27,,False
CDNS,Information Technology,Cadence Design Systems,2023-11-20,270.61,17.21,16.39,18.52,17.66,1.0,26,20,27,24.4,,,,,,,,,,,,,,,,,,,,,,,25,27,27,,27,,False
NVDA,Information Technology,Nvidia,2023-11-20,47.69,17.97,3.83,22.7,16.8,1.0,23,47,21,29.8,,,,,,,,,,,,,,,,,,,,,,,26,27,27,,27,,False
CDW,Information Technology,CDW Corporation,2023-11-20,208.77,9.26,6.53,25.09,16.49,1.0,57,36,17,42.7,,,,,,,,,,,,,,,,,,,,,,,27,27,27,,27,,False
IBM,Information Technology,IBM,2023-11-20,144.11,10.12,7.97,23.16,16.1,1.0,56,32,20,41.6,,,,,,,,,,,,,,,,,,,,,,,28,27,27,,27,,False
LRCX,Information Technology,Lam Research,2023-11-20,70.06,22.86,9.0,14.87,15.4,1.0,12,29,32,21.1,11.83,16.53,False,True,62.29,10.25,1.011,False,71.11,-1.47,2.44,22.62,15.0,5.0,9156733.0,9057200.0,3.0,3006000.0,8785200.0,8820333.0,0.341,100.0,29,1,12,14.4,18,剛爆發,True
MSI,Information Technology,Motorola Solutions,2023-11-20,311.51,17.79,15.45,13.46,15.04,1.0,24,23,36,26.1,,,,,,,,,,,,,,,,,,,,,,,30,27,27,,27,,False
MPWR,Information Technology,Monolithic Power Systems,2023-11-20,538.45,35.35,12.6,5.92,14.95,1.0,2,25,46,17.7,0.67,0.43,False,True,462.55,13.26,1.028,False,582.73,-7.6,2.32,35.98,15.0,5.0,630793.0,613620.0,3.0,134800.0,445410.0,473626.0,0.285,100.0,31,1,19,16.6,21,剛爆發,True
MSFT,Information Technology,Microsoft,2023-11-20,370.24,14.67,17.1,13.85,14.87,1.0,34,18,34,29.2,,,,,,,,,,,,,,,,,,,,,,,32,27,27,,27,,False
PTC,Information Technology,PTC Inc.,2023-11-20,154.92,13.86,6.95,18.23,14.32,1.0,40,34,28,35.8,,,,,,,,,,,,,,,,,,,,,,,33,27,27,,27,剛爆發,False
APH,Information Technology,Amphenol,2023-11-20,44.21,13.93,4.96,18.54,13.99,1.0,39,44,26,37.9,,,,,,,,,,,,,,,,,,,,,,,34,27,27,,27,剛爆發,False
ROP,Information Technology,Roper Technologies,2023-11-20,515.81,10.52,6.37,17.14,12.79,1.0,53,38,31,44.1,,,,,,,,,,,,,,,,,,,,,,,35,27,27,,27,剛爆發,False
MU,Information Technology,Micron Technology,2023-11-20,76.15,17.09,20.84,4.35,11.66,1.0,27,11,49,26.6,9.27,8.74,False,True,69.8,7.19,1.288,False,78.17,-2.59,0.26,19.12,13.0,7.0,12249753.0,9513042.0,1.857,4349600.0,10308450.0,11214546.0,0.388,100.0,36,1,7,16.2,20,剛爆發,True
FFIV,Information Technology,"F5, Inc.",2023-11-20,168.09,12.23,6.87,13.42,11.49,1.0,46,35,37,40.9,,,,,,,,,,,,,,,,,,,,,,,37,27,27,,27,剛爆發,False
CTSH,Information Technology,Cognizant,2023-11-20,68.1,12.9,2.01,14.14,10.8,1.0,42,53,33,43.5,,,,,,,,,,,,,,,,,,,,,,,38,27,27,,27,剛爆發,False
ACN,Information Technology,Accenture,2023-11-20,317.58,15.17,5.23,10.88,10.54,1.0,30,43,41,36.1,,,,,,,,,,,,,,,,,,,,,,,39,27,27,,27,剛爆發,False
NTAP,Information Technology,NetApp,2023-11-20,74.38,9.09,5.55,13.68,10.5,1.0,58,40,35,48.0,,,,,,,,,,,,,,,,,,,,,,,40,27,27,,27,剛爆發,False
AMAT,Information Technology,Applied Materials,2023-11-20,147.33,14.75,4.37,10.97,10.26,1.0,33,46,40,38.3,,,,,,,,,,,,,,,,,,,,,,,41,27,27,,27,剛爆發,False
ORCL,Information Technology,Oracle Corporation,2023-11-20,112.63,15.11,0.53,12.5,10.16,1.0,31,55,38,39.6,,,,,,,,,,,,,,,,,,,,,,,42,27,27,,27,剛爆發,False
AMD,Information Technology,Advanced Micro Devices,2023-11-20,122.31,26.84,19.62,-3.72,9.76,0.667,7,13,57,18.8,3.59,1.05,False,True,106.62,8.95,1.281,False,132.83,-7.92,2.07,30.58,12.0,8.0,62752941.0,48984275.0,1.5,19001000.0,49068830.0,50611240.0,0.375,100.0,43,1,9,19.4,23,剛爆發,True
NXPI,Information Technology,NXP Semiconductors,2023-11-20,190.62,11.72,2.51,11.6,9.36,1.0,47,50,39,46.3,,,,,,,,,,,,,,,,,,,,,,,44,27,27,,27,剛爆發,False
AAPL,Information Technology,Apple Inc.,2023-11-20,187.84,13.08,6.5,8.58,9.18,1.0,41,37,43,40.2,,,,,,,,,,,,,,,,,,,,,,,45,27,27,,27,剛爆發,False
MCHP,Information Technology,Microchip Technology,2023-11-20,78.07,15.82,5.45,7.42,9.03,1.0,29,41,45,35.8,,,,,,,,,,,,,,,,,,,,,,,46,27,27,,27,剛爆發,False
WDAY,Information Technology,"Workday, Inc.",2023-11-20,236.61,14.85,-0.15,9.51,8.43,0.667,32,56,42,41.2,,,,,,,,,,,,,,,,,,,,,,,47,27,27,,27,剛爆發,False
TEL,Information Technology,TE Connectivity,2023-11-20,126.41,13.97,2.34,7.71,7.94,1.0,38,51,44,43.1,,,,,,,,,,,,,,,,,,,,,,,48,27,27,,27,剛爆發,False
CRM,Information Technology,Salesforce,2023-11-20,220.56,14.15,7.12,4.15,7.39,1.0,35,33,51,37.6,,,,,,,,,,,,,,,,,,,,,,,49,27,27,,27,剛爆發,False
TYL,Information Technology,Tyler Technologies,2023-11-20,410.12,12.79,8.27,4.2,7.36,1.0,44,31,50,41.3,,,,,,,,,,,,,,,,,,,,,,,50,27,27,,27,剛爆發,False
ADI,Information Technology,Analog Devices,2023-11-20,175.22,14.0,3.23,4.69,6.65,1.0,37,49,47,42.6,,,,,,,,,,,,,,,,,,,,,,,51,27,27,,27,剛爆發,False
COHR,Information Technology,Coherent Corp.,2023-11-20,36.14,23.98,2.12,-2.14,5.46,0.667,10,52,56,31.8,32.67,9.19,False,True,32.46,11.68,0.995,False,60.46,-40.22,1.89,23.09,12.0,7.0,1677791.0,1686528.0,1.714,427200.0,1191250.0,1745913.0,0.245,100.0,52,1,23,25.8,26,剛爆發,True
CIEN,Information Technology,Ciena,2023-11-20,46.05,12.26,10.99,-4.04,3.79,0.667,45,27,58,42.2,,,,,,,,,,,,,,,,,,,,,,,53,27,27,,27,剛爆發,False
HPE,Information Technology,Hewlett Packard Enterprise,2023-11-20,14.75,4.08,-4.08,4.68,2.34,0.667,67,59,48,60.8,,,,,,,,,,,,,,,,,,,,,,,54,27,27,,27,剛爆發,False
FLEX,Information Technology,Flex Ltd.,2023-11-20,19.87,2.53,0.88,1.78,1.74,1.0,68,54,53,60.8,,,,,,,,,,,,,,,,,,,,,,,55,27,27,,27,剛爆發,False
TDY,Information Technology,Teledyne Technologies,2023-11-20,399.58,7.79,-2.2,0.57,1.68,0.667,62,58,54,59.2,,,,,,,,,,,,,,,,,,,,,,,56,27,27,,27,剛爆發,False
VRSN,Information Technology,Verisign,2023-11-20,210.04,10.69,3.64,-5.65,0.76,0.667,52,48,59,52.2,,,,,,,,,,,,,,,,,,,,,,,57,27,27,,27,剛爆發,False
ADSK,Information Technology,Autodesk,2023-11-20,203.42,4.24,-5.79,2.27,0.75,0.667,66,60,52,61.4,,,,,,,,,,,,,,,,,,,,,,,58,27,27,,27,剛爆發,False
MRVL,Information Technology,Marvell Technology,2023-11-20,55.58,18.56,4.85,-14.29,-1.29,0.667,21,45,67,37.4,,,,,,,,,,,,,,,,,,,,,,,59,27,27,,27,剛爆發,False
HPQ,Information Technology,HP Inc.,2023-11-20,25.56,10.84,-6.3,-6.87,-2.3,0.333,51,61,61,56.0,,,,,,,,,,,,,,,,,,,,,,,60,27,27,,27,剛爆發,False
KEYS,Information Technology,Keysight Technologies,2023-11-20,136.04,14.02,5.29,-15.83,-3.09,0.667,36,42,68,44.2,,,,,,,,,,,,,,,,,,,,,,,61,27,27,,27,剛爆發,False
SWKS,Information Technology,Skyworks Solutions,2023-11-20,86.73,8.34,-8.71,-8.41,-4.3,0.333,60,63,63,61.5,,,,,,,,,,,,,,,,,,,,,,,62,27,27,,27,剛爆發,False
GLW,Information Technology,Corning Inc.,2023-11-20,26.79,7.09,-11.44,-8.1,-5.14,0.333,65,66,62,64.7,,,,,,,,,,,,,,,,,,,,,,,63,27,27,,27,剛爆發,False
TER,Information Technology,Teradyne,2023-11-20,91.64,10.45,-10.68,-10.62,-5.37,0.333,55,65,64,59.8,,,,,,,,,,,,,,,,,,,,,,,64,27,27,,27,剛爆發,False
CSCO,Information Technology,Cisco,2023-11-20,45.0,-6.21,-12.55,-1.57,-5.47,0.0,71,67,55,66.6,,,,,,,,,,,,,,,,,,,,,,,65,27,27,,27,剛爆發,False
TXN,Information Technology,Texas Instruments,2023-11-20,142.25,8.3,-7.63,-11.46,-5.56,0.333,61,62,65,62.1,,,,,,,,,,,,,,,,,,,,,,,66,27,27,,27,剛爆發,False
LITE,Information Technology,Lumentum,2023-11-20,43.79,21.4,-15.12,-18.35,-7.6,0.333,17,70,69,43.3,,,,,,,,,,,,,,,,,,,,,,,67,27,27,,27,剛爆發,False
ZBRA,Information Technology,Zebra Technologies,2023-11-20,228.92,10.49,-14.71,-13.52,-7.82,0.333,54,69,66,60.9,,,,,,,,,,,,,,,,,,,,,,,68,27,27,,27,剛爆發,False
TRMB,Information Technology,Trimble Inc.,2023-11-20,44.14,-4.21,-15.36,-6.46,-8.12,0.0,69,71,60,67.8,,,,,,,,,,,,,,,,,,,,,,,69,27,27,,27,剛爆發,False
FSLR,Information Technology,First Solar,2023-11-20,154.38,7.76,-13.0,-23.49,-13.05,0.333,63,68,72,66.3,,,,,,,,,,,,,,,,,,,,,,,70,27,27,,27,剛爆發,False
FTNT,Information Technology,Fortinet,2023-11-20,53.43,-5.03,-9.15,-21.16,-14.12,0.0,70,64,71,68.4,,,,,,,,,,,,,,,,,,,,,,,71,27,27,,27,剛爆發,False
ON,Information Technology,ON Semiconductor,2023-11-20,69.28,-17.05,-24.96,-20.02,-20.51,0.0,72,72,70,71.6,,,,,,,,,,,,,,,,,,,,,,,72,27,27,,27,剛爆發,False
CRH,Materials,CRH plc,2023-11-20,58.92,17.98,8.27,27.1,20.11,1.0,2,4,1,2.4,,,False,True,53.84,5.94,0.94,False,59.25,-0.56,4.34,18.11,16.0,4.0,3523350.0,3748750.0,4.0,2337700.0,4008840.0,3574293.0,0.654,100.0,1,1,2,1.2,1,,False
SHW,Materials,Sherwin-Williams,2023-11-20,269.82,17.13,4.47,20.92,15.86,1.0,3,8,4,4.7,15.05,22.31,False,True,247.08,9.98,1.005,False,276.37,-2.37,2.42,16.3,14.0,6.0,1305564.0,1298650.0,2.333,364900.0,1285080.0,1243393.0,0.293,100.0,2,1,18,4.8,4,,True
PKG,Materials,Packaging Corporation of America,2023-11-20,144.65,3.3,7.12,24.16,14.68,1.0,19,5,3,11.6,6.38,15.64,False,True,142.25,6.93,0.823,False,148.49,-2.59,-0.23,2.98,10.0,10.0,488230.0,593290.0,1.0,166600.0,516990.0,534273.0,0.312,81.1,3,19,16,12.0,13,吃老本,True
CF,Materials,CF Industries,2023-11-20,73.9,-1.41,7.03,25.94,14.37,0.667,23,6,2,13.7,12.62,28.69,False,False,76.83,11.35,0.88,False,101.43,-27.14,-2.18,-1.89,9.0,11.0,1947266.0,2213745.0,0.818,2034200.0,2246440.0,2118326.0,0.96,75.66,4,23,1,11.0,11,吃老本,True
LIN,Materials,Linde plc,2023-11-20,399.94,11.79,8.91,17.09,13.72,1.0,7,3,7,5.8,1.62,2.37,False,True,370.32,6.07,0.963,False,401.84,-0.47,1.43,11.85,14.0,6.0,1471578.0,1527700.0,2.333,711300.0,1278520.0,1411513.0,0.504,100.0,5,1,3,3.0,2,,True
MLM,Materials,Martin Marietta Materials,2023-11-20,454.94,15.78,5.84,16.13,13.47,1.0,4,7,9,5.9,15.0,15.29,False,True,422.3,5.09,1.418,False,464.88,-2.14,0.43,16.12,14.0,6.0,404864.0,285583.0,2.333,107300.0,322430.0,324360.0,0.331,100.0,6,1,14,5.6,5,,True
STLD,Materials,Steel Dynamics,2023-11-20,107.36,7.1,10.01,17.5,13.03,1.0,16,2,5,9.6,-0.79,0.31,False,True,102.19,5.58,1.183,False,129.85,-17.32,1.47,8.93,13.0,7.0,1157892.0,978442.0,1.857,410900.0,933930.0,980146.0,0.419,100.0,7,1,7,4.6,3,剛爆發,False
AVY,Materials,Avery Dennison,2023-11-20,180.02,11.26,3.36,17.5,12.41,1.0,8,11,5,8.3,0.01,-7.68,False,True,171.81,8.15,1.144,False,183.45,-1.87,0.3,11.06,11.0,9.0,419063.0,366277.0,1.222,132000.0,346570.0,379953.0,0.347,95.11,8,12,11,10.2,10,,True
ECL,Materials,Ecolab,2023-11-20,182.02,18.93,4.06,12.84,12.17,1.0,1,9,10,5.2,1.16,2.43,False,True,166.51,6.81,0.927,False,185.52,-1.89,1.14,18.19,13.0,7.0,1013353.0,1093471.0,1.857,299400.0,761890.0,841813.0,0.356,100.0,9,1,9,5.8,6,剛爆發,True
NUE,Materials,Nucor,2023-11-20,151.04,6.11,-4.67,16.19,8.45,0.667,17,22,8,16.7,8.03,4.35,False,True,146.38,5.8,0.981,False,173.85,-13.12,1.43,5.97,13.0,7.0,1058569.0,1079042.0,1.857,435100.0,903450.0,969560.0,0.449,99.18,10,11,5,9.4,8,,True
LYB,Materials,LyondellBasell,2023-11-20,79.22,5.47,-1.17,10.67,6.41,0.667,18,15,11,15.7,22.29,6.14,False,True,77.79,6.44,0.888,False,84.75,-6.53,-0.88,6.15,11.0,9.0,1731754.0,1949600.0,1.222,821600.0,1919730.0,1740140.0,0.472,87.22,11,18,4,12.4,14,吃老本,True
VMC,Materials,Vulcan Materials Company,2023-11-20,207.83,9.51,-1.26,8.43,6.28,0.667,12,16,14,13.6,2.72,19.57,False,True,202.61,5.07,1.151,False,224.67,-7.5,-0.28,9.36,13.0,7.0,937838.0,814857.0,1.857,172500.0,693260.0,739026.0,0.233,100.0,12,1,23,9.8,9,剛爆發,True
BALL,Materials,Ball Corporation,2023-11-20,52.25,15.34,3.54,1.64,5.54,1.0,5,10,19,9.3,2.78,0.18,False,True,46.82,12.71,1.186,False,59.15,-11.67,4.65,15.49,12.0,8.0,2418883.0,2038725.0,1.5,573900.0,1703360.0,1816400.0,0.316,100.0,13,1,15,8.6,7,剛爆發,True
MOS,Materials,Mosaic Company (The),2023-11-20,33.45,10.03,-6.14,8.63,5.29,0.667,10,23,13,14.5,-9.92,-5.79,False,True,32.34,12.9,0.975,False,51.93,-35.59,-1.01,8.17,11.0,9.0,3784300.0,3882277.0,1.222,1381900.0,3396640.0,4001126.0,0.345,89.89,14,16,13,14.6,17,,False
IP,Materials,International Paper,2023-11-20,29.59,0.81,-1.54,10.55,5.09,0.667,20,17,12,17.5,10.27,53.08,False,False,30.27,7.48,0.843,False,35.65,-17.01,-2.05,1.6,9.0,11.0,2592911.0,3076518.0,0.818,1046800.0,2854470.0,2778206.0,0.377,77.16,15,22,8,16.4,20,吃老本,True
IFF,Materials,International Flavors & Fragrances,2023-11-20,70.26,10.14,14.48,-2.38,4.97,0.667,9,1,22,9.2,19.19,-22.34,False,True,64.42,7.67,0.916,False,107.77,-34.81,0.12,11.26,10.0,10.0,2346160.0,2562550.0,1.0,603100.0,1837300.0,2260533.0,0.267,87.82,16,17,21,17.4,21,,True
FCX,Materials,Freeport-McMoRan,2023-11-20,35.58,9.41,-3.5,6.78,4.87,0.667,13,19,16,15.4,15.14,-1.44,False,True,34.57,13.16,1.151,False,44.62,-20.26,3.66,9.29,10.0,10.0,10651740.0,9255650.0,1.0,3536700.0,9915580.0,9949740.0,0.355,92.17,17,14,10,14.4,16,,True
PPG,Materials,PPG Industries,2023-11-20,128.64,13.6,-0.89,3.02,4.69,0.667,6,14,18,10.8,6.81,4.91,False,True,121.45,8.01,1.655,False,142.76,-9.89,0.95,12.4,15.0,5.0,1405473.0,849080.0,3.0,355900.0,1253130.0,1242700.0,0.286,100.0,18,1,19,11.4,12,剛爆發,True
DOW,Materials,Dow Inc.,2023-11-20,43.97,7.4,-3.05,5.43,3.8,0.667,15,18,17,16.3,7.05,6.07,False,True,42.81,6.71,0.906,False,49.83,-11.75,0.45,7.6,11.0,8.0,3706636.0,4093250.0,1.375,1679700.0,3662910.0,3777400.0,0.445,91.21,19,15,6,14.8,18,,True
DD,Materials,DuPont,2023-11-20,85.09,-0.87,-4.18,6.86,2.17,0.333,22,20,15,20.0,8.93,2.62,False,False,86.23,5.98,0.776,False,93.58,-9.08,1.32,-0.97,10.0,10.0,2124988.0,2739760.0,1.0,578300.0,1790054.0,1945529.0,0.297,78.52,20,21,17,19.8,22,,True
AMCR,Materials,Amcor,2023-11-20,42.09,9.54,2.03,-1.83,1.98,0.667,11,12,21,13.3,5.39,7.47,False,True,39.93,6.1,1.008,False,54.7,-23.05,2.23,9.29,11.0,8.0,1706221.0,1691890.0,1.375,513200.0,1297990.0,1479752.0,0.347,94.74,21,13,11,15.8,19,剛爆發,True
APD,Materials,Air Products,2023-11-20,255.58,-0.6,-4.2,1.46,-0.47,0.333,21,21,20,20.8,,,,,,,,,,,,,,,,,,,,,,,22,24,24,,24,,False
SW,Materials,Smurfit Westrock,2023-11-20,30.9,8.72,-10.92,-5.07,-3.09,0.333,14,25,23,19.1,,,False,True,30.05,3.66,0.667,False,40.05,-22.84,0.27,8.72,6.0,1.0,466.0,700.0,6.0,100.0,110.0,406.0,0.246,100.0,23,1,22,14.0,15,剛爆發,False
NEM,Materials,Newmont,2023-11-20,35.55,-3.54,-0.86,-5.7,-3.95,0.0,25,13,24,21.2,-10.88,-26.93,False,False,35.82,11.76,0.632,False,50.87,-30.11,2.82,0.29,10.0,9.0,14901000.0,23562577.0,1.111,5580000.0,13763440.0,20283633.0,0.275,79.04,24,20,20,21.6,23,,True
CTVA,Materials,Corteva,2023-11-20,45.3,-2.4,-6.26,-14.91,-9.62,0.0,24,24,25,24.2,,,,,,,,,,,,,,,,,,,,,,,25,24,24,,24,,False
ALB,Materials,Albemarle Corporation,2023-11-20,123.34,-4.14,-31.93,-36.58,-27.31,0.0,26,26,26,26.0,,,,,,,,,,,,,,,,,,,,,,,26,24,24,,24,,False
DLR,Real Estate,Digital Realty,2023-11-20,125.55,11.57,9.42,41.0,25.74,1.0,14,5,1,8.7,-16.3,-41.36,False,True,114.82,8.79,1.32,False,126.93,-1.09,1.0,12.88,13.0,7.0,1789438.0,1355314.0,1.857,585900.0,1383300.0,1450020.0,0.404,100.0,1,1,4,1.6,1,,True
SPG,Real Estate,Simon Property Group,2023-11-20,105.43,15.59,10.95,22.03,17.65,1.0,8,4,3,5.8,-18.96,2.0,False,True,97.28,7.9,1.208,False,110.68,-4.74,0.35,13.66,11.0,9.0,1598154.0,1322522.0,1.222,767600.0,1280560.0,1317646.0,0.583,97.81,2,12,2,6.0,6,吃老本,False
WELL,Real Estate,Welltower,2023-11-20,85.45,10.95,11.39,23.63,17.4,1.0,15,3,2,8.8,45.82,13.25,False,True,80.14,6.16,1.008,False,85.54,-0.11,3.28,8.7,14.0,6.0,3701971.0,3670933.0,2.333,920000.0,2618930.0,3711000.0,0.248,100.0,3,1,18,5.2,5,,True
IRM,Real Estate,Iron Mountain,2023-11-20,57.88,8.57,4.41,20.53,13.51,1.0,18,10,4,12.8,1.42,-1.47,False,True,55.26,8.33,0.973,False,59.04,-1.97,1.9,7.1,11.0,9.0,1650300.0,1695722.0,1.222,385400.0,1233640.0,1441413.0,0.267,90.39,4,18,16,12.0,11,吃老本,True
AMT,Real Estate,American Tower,2023-11-20,181.23,15.89,13.41,11.42,13.03,1.0,5,2,8,4.7,65.94,-5.65,False,True,158.06,10.9,1.241,False,208.77,-13.19,0.11,13.86,12.0,8.0,2439275.0,1965287.0,1.5,614100.0,2167360.0,2131700.0,0.288,100.0,5,1,13,5.0,4,,True
CSGP,Real Estate,CoStar Group,2023-11-20,84.78,20.12,5.71,8.01,10.46,1.0,2,8,11,5.6,1.39,4.03,False,True,78.06,9.31,1.255,False,92.36,-8.21,3.09,19.64,14.0,6.0,2022714.0,1611650.0,2.333,576700.0,1688810.0,1717180.0,0.336,100.0,6,1,7,4.2,2,,True
HST,Real Estate,Host Hotels & Resorts,2023-11-20,14.58,15.75,14.1,5.95,10.44,1.0,6,1,14,6.1,45.45,-13.43,False,True,13.55,8.66,0.968,False,15.81,-7.75,2.05,12.17,13.0,7.0,6506907.0,6722385.0,1.857,1743300.0,4615870.0,5422500.0,0.321,100.0,7,1,8,4.8,3,剛爆發,True
WY,Real Estate,Weyerhaeuser,2023-11-20,29.32,11.6,-1.55,14.47,9.75,0.667,13,16,6,12.5,-1.61,52.61,False,True,27.93,8.7,1.082,False,32.02,-8.43,0.63,10.1,11.0,9.0,3588054.0,3315900.0,1.222,967900.0,3048390.0,3241726.0,0.299,93.58,8,17,11,12.2,12,吃老本,False
EQIX,Real Estate,Equinix,2023-11-20,753.84,12.54,3.7,10.15,9.13,1.0,12,11,9,11.1,33.24,4.9,False,True,700.89,6.11,0.984,False,771.2,-2.25,1.87,11.11,12.0,8.0,349175.0,354925.0,1.5,87800.0,310350.0,325860.0,0.269,97.13,9,13,15,11.8,10,,True
SBAC,Real Estate,SBA Communications,2023-11-20,223.26,15.66,6.13,5.84,8.37,1.0,7,6,15,8.3,-51.26,24.23,False,True,197.9,10.15,1.234,False,292.28,-23.61,-0.39,14.36,11.0,9.0,839472.0,680433.0,1.222,184900.0,606140.0,701620.0,0.264,98.38,10,9,17,11.0,9,,False
REG,Real Estate,Regency Centers,2023-11-20,54.91,6.31,1.24,11.93,7.85,1.0,22,12,7,16.0,2.04,0.66,False,True,53.81,6.62,1.081,False,59.46,-7.65,0.02,4.14,11.0,9.0,954090.0,882722.0,1.222,257100.0,749440.0,843646.0,0.305,89.74,11,20,10,14.4,17,吃老本,True
VTR,Real Estate,Ventas,2023-11-20,41.53,8.31,5.89,7.35,7.22,1.0,19,7,12,14.0,-2421.01,845.97,False,True,39.32,7.77,0.899,False,47.46,-12.51,1.03,7.18,13.0,7.0,1834576.0,2041728.0,1.857,722800.0,1613500.0,1891106.0,0.382,98.3,12,10,6,10.0,8,,False
CBRE,Real Estate,CBRE Group,2023-11-20,79.01,19.44,-4.32,4.55,6.06,0.667,3,19,16,10.4,8.16,7.76,False,True,73.25,10.44,1.359,False,89.58,-11.8,1.23,18.88,11.0,9.0,2121572.0,1561188.0,1.222,337000.0,1470080.0,1525513.0,0.221,100.0,13,1,20,9.6,7,剛爆發,True
KIM,Real Estate,Kimco Realty,2023-11-20,16.41,10.91,1.04,6.13,6.05,1.0,16,13,13,14.5,10.11,-40.27,False,True,15.55,8.77,1.113,False,19.68,-16.61,-0.37,8.72,12.0,8.0,4546800.0,4086650.0,1.5,1114500.0,4090520.0,3934146.0,0.283,97.05,14,14,14,14.0,14,,True
BXP,Real Estate,"BXP, Inc.",2023-11-20,46.5,2.46,-14.67,16.42,5.16,0.667,31,29,5,25.2,-212.43,11.33,False,False,48.59,15.46,1.526,False,65.22,-28.71,-2.75,0.19,9.0,11.0,1976200.0,1294809.0,0.818,520600.0,1689290.0,1622780.0,0.321,87.99,15,21,8,16.0,20,吃老本,False
INVH,Real Estate,Invitation Homes,2023-11-20,30.13,16.78,-0.35,1.49,4.85,0.667,4,15,19,10.3,-17.66,-5.91,False,True,28.75,8.54,1.095,False,32.48,-7.25,-0.54,15.78,10.0,9.0,2984200.0,2726488.0,1.111,691500.0,2706930.0,2827426.0,0.245,95.07,16,15,19,16.2,21,,False
FRT,Real Estate,Federal Realty Investment Trust,2023-11-20,81.96,6.3,-4.52,8.24,4.56,0.667,23,20,10,19.5,-1.32,11.02,False,True,80.91,6.13,1.186,False,99.04,-17.24,-0.46,4.63,10.0,9.0,857660.0,722988.0,1.111,856500.0,926980.0,855713.0,1.001,90.02,17,19,1,14.6,18,,False
CCI,Real Estate,Crown Castle,2023-11-20,89.41,15.26,5.59,-4.51,2.95,0.667,9,9,23,11.8,-0.38,1.1,False,True,81.51,11.09,1.083,False,127.47,-29.85,-0.52,13.24,11.0,9.0,3105109.0,2867600.0,1.222,1193500.0,2826180.0,2825286.0,0.422,95.02,18,16,3,14.2,15,,False
AVB,Real Estate,AvalonBay Communities,2023-11-20,157.25,6.63,-3.53,2.84,2.19,0.667,21,18,18,19.5,,,,,,,,,,,,,,,,,,,,,,,19,22,22,,22,,False
ESS,Real Estate,Essex Property Trust,2023-11-20,193.88,3.94,-8.49,4.24,0.98,0.667,29,25,17,25.4,,,,,,,,,,,,,,,,,,,,,,,20,22,22,,22,,False
ARE,Real Estate,Alexandria Real Estate Equities,2023-11-20,90.8,14.75,-7.65,-3.64,-0.04,0.333,11,23,21,16.6,-1.44,31.47,False,True,86.1,15.05,1.254,False,144.13,-37.0,1.32,11.89,11.0,9.0,1233454.0,983988.0,1.222,312900.0,1001520.0,1045826.0,0.299,97.93,21,11,11,15.0,19,剛爆發,False
EXR,Real Estate,Extra Space Storage,2023-11-20,112.79,21.77,-0.14,-11.28,-0.23,0.333,1,14,27,10.1,30.76,-0.29,False,True,104.61,13.44,1.481,False,146.19,-22.85,-2.29,20.81,10.0,10.0,2048880.0,1383050.0,1.0,282400.0,1373350.0,1791693.0,0.158,100.0,22,1,21,13.4,13,剛爆發,True
O,Real Estate,Realty Income,2023-11-20,46.32,10.63,-2.25,-5.48,-0.65,0.333,17,17,24,18.4,,,,,,,,,,,,,,,,,,,,,,,23,22,22,,22,,False
VICI,Real Estate,Vici Properties,2023-11-20,24.44,4.83,-4.82,-3.67,-1.83,0.333,26,21,22,23.7,,,,,,,,,,,,,,,,,,,,,,,24,22,22,,22,,False
PLD,Real Estate,Prologis,2023-11-20,102.5,15.08,-8.05,-9.09,-2.78,0.333,10,24,25,17.2,36.17,32.17,False,True,99.23,9.2,1.098,False,122.42,-16.27,1.57,12.42,12.0,8.0,3514883.0,3199925.0,1.5,1284500.0,3168520.0,3228466.0,0.398,99.8,25,8,5,14.2,15,剛爆發,True
EQR,Real Estate,Equity Residential,2023-11-20,50.74,4.79,-10.66,-2.64,-2.79,0.333,27,26,20,25.3,,,,,,,,,,,,,,,,,,,,,,,26,22,22,,22,,False
PSA,Real Estate,Public Storage,2023-11-20,228.32,6.9,-6.69,-9.12,-4.51,0.333,20,22,26,21.8,,,,,,,,,,,,,,,,,,,,,,,27,22,22,,22,,False
UDR,Real Estate,"UDR, Inc.",2023-11-20,29.77,5.67,-13.85,-13.14,-8.61,0.333,24,27,30,26.1,,,,,,,,,,,,,,,,,,,,,,,28,22,22,,22,剛爆發,False
CPT,Real Estate,Camden Property Trust,2023-11-20,79.86,5.66,-16.32,-12.9,-9.12,0.333,25,31,29,27.6,,,,,,,,,,,,,,,,,,,,,,,29,22,22,,22,剛爆發,False
DOC,Real Estate,Healthpeak Properties,2023-11-20,14.09,3.2,-16.24,-11.74,-9.13,0.333,30,30,28,29.6,,,,,,,,,,,,,,,,,,,,,,,30,22,22,,22,剛爆發,False
MAA,Real Estate,Mid-America Apartment Communities,2023-11-20,108.95,4.34,-14.35,-14.31,-9.66,0.333,28,28,31,28.6,,,,,,,,,,,,,,,,,,,,,,,31,22,22,,22,剛爆發,False
CEG,Utilities,Constellation Energy,2023-11-20,121.97,12.07,17.26,48.45,31.56,1.0,5,2,1,3.3,19.23,85.9,False,True,112.84,5.15,0.926,False,125.01,-2.43,1.8,10.14,12.0,8.0,1521241.0,1643362.0,1.5,532500.0,1242470.0,1494240.0,0.356,95.5,1,11,10,6.8,7,吃老本,True
VST,Utilities,Vistra Corp.,2023-11-20,34.04,8.87,16.45,44.64,28.65,1.0,9,3,2,5.8,17.39,42.68,False,True,32.48,3.1,0.893,False,35.64,-4.49,0.35,5.96,11.0,9.0,3487045.0,3904844.0,1.222,1190500.0,3446090.0,3838660.0,0.31,87.67,2,18,13,10.6,9,吃老本,True
NRG,Utilities,NRG Energy,2023-11-20,43.97,11.15,24.61,37.81,27.84,1.0,8,1,3,4.9,-64.73,-48.85,False,True,40.05,7.89,0.863,False,46.55,-5.54,-3.53,9.73,14.0,6.0,4593164.0,5320733.0,2.333,1164200.0,3720590.0,4823180.0,0.241,100.0,3,1,17,5.0,4,,False
PCG,Utilities,PG&E Corporation,2023-11-20,17.71,13.98,7.9,9.08,10.01,1.0,4,5,5,4.5,-3.04,-11.51,False,True,16.28,8.61,1.404,False,17.88,-0.93,1.52,13.48,13.0,7.0,14789684.0,10530571.0,1.857,6954400.0,14418880.0,12431686.0,0.559,100.0,4,1,2,2.4,1,,True
PEG,Utilities,Public Service Enterprise Group,2023-11-20,59.53,8.28,7.53,11.34,9.62,1.0,13,6,4,9.1,13.0,12.3,False,True,55.44,6.81,1.145,False,59.62,-0.15,2.57,6.36,13.0,7.0,2697061.0,2355142.0,1.857,1199700.0,2407240.0,2425873.0,0.495,100.0,5,1,3,3.0,2,,True
ETR,Utilities,Entergy,2023-11-20,46.68,11.95,7.91,6.86,8.39,1.0,6,4,6,5.4,8.91,8.91,False,True,43.64,6.7,1.477,False,53.41,-12.6,2.28,9.76,9.0,11.0,4637600.0,3139527.0,0.818,744200.0,3709460.0,3596573.0,0.207,94.89,6,13,21,11.8,11,吃老本,True
FE,Utilities,FirstEnergy,2023-11-20,33.94,8.35,4.95,4.79,5.72,1.0,12,9,7,10.1,3.56,3.61,False,True,31.97,7.76,1.143,False,37.45,-9.39,1.62,5.56,13.0,7.0,3115923.0,2726900.0,1.857,1091500.0,3055120.0,2897113.0,0.377,100.0,7,1,8,4.8,3,剛爆發,True
PPL,Utilities,PPL Corporation,2023-11-20,24.02,8.36,5.15,3.07,4.91,1.0,11,8,10,9.9,2.29,-8.81,False,True,22.52,5.83,1.133,False,28.18,-14.78,1.11,6.35,14.0,6.0,7335150.0,6475550.0,2.333,1951200.0,5463690.0,6729833.0,0.29,100.0,8,1,15,6.6,6,剛爆發,True
SRE,Utilities,Sempra,2023-11-20,67.62,5.67,3.81,4.13,4.44,1.0,20,10,9,14.8,7.09,7.7,False,True,64.49,6.32,0.858,False,74.78,-9.58,2.05,4.05,12.0,8.0,3238433.0,3772962.0,1.5,1835200.0,3642610.0,3740206.0,0.491,90.77,9,14,4,10.0,8,,True
DUK,Utilities,Duke Energy,2023-11-20,82.71,4.87,1.34,4.65,3.88,1.0,23,14,8,17.3,1.28,-7.61,False,True,80.63,5.8,1.006,False,92.92,-10.99,0.62,2.9,11.0,9.0,3332172.0,3311666.0,1.222,1472400.0,3216200.0,3311713.0,0.445,87.93,10,17,6,12.0,12,吃老本,True
CMS,Utilities,CMS Energy,2023-11-20,53.26,7.07,1.75,2.6,3.5,1.0,14,13,11,13.1,,,,True,50.39,5.34,1.02,False,58.8,-9.41,0.16,5.31,11.0,9.0,2555536.0,2506266.0,1.222,858200.0,2307640.0,2513960.0,0.341,89.42,11,15,11,12.6,14,,False
SO,Utilities,Southern Company,2023-11-20,63.93,5.68,3.26,2.26,3.37,1.0,19,11,13,15.4,7.32,5.76,False,True,61.59,5.13,1.027,False,67.57,-5.39,0.06,4.69,11.0,9.0,4573118.0,4453144.0,1.222,1119300.0,3978170.0,4434313.0,0.252,89.14,12,16,16,14.4,16,,True
DTE,Utilities,DTE Energy,2023-11-20,95.94,8.73,1.33,0.67,2.85,1.0,10,15,15,12.5,-12.08,12.18,False,True,90.88,8.31,1.152,False,107.71,-10.92,1.97,7.14,13.0,7.0,1724984.0,1497814.0,1.857,1220300.0,1422440.0,1545933.0,0.789,100.0,13,1,1,5.8,5,剛爆發,False
D,Utilities,Dominion Energy,2023-11-20,41.18,17.17,-1.89,-3.24,2.2,0.333,1,21,24,11.6,0.28,12.49,False,True,38.49,7.73,1.3,False,53.92,-23.62,0.19,14.62,11.0,9.0,7635081.0,5871744.0,1.222,1650300.0,4728940.0,6909573.0,0.239,99.94,14,8,18,12.4,13,剛爆發,True
ED,Utilities,Consolidated Edison,2023-11-20,83.57,4.95,2.14,-0.05,1.75,0.667,22,12,16,17.8,1.96,-8.43,False,True,80.77,5.4,1.086,False,90.29,-7.44,-0.19,2.8,13.0,7.0,2136246.0,1967200.0,1.857,504800.0,1811490.0,2157880.0,0.234,98.47,15,10,19,13.8,15,,True
EIX,Utilities,Edison International,2023-11-20,57.38,6.31,-4.76,2.57,1.67,0.667,15,25,12,17.4,-5.0,6.61,False,True,56.26,6.44,1.032,False,63.95,-10.28,-0.21,3.39,9.0,11.0,2032800.0,1970718.0,0.818,419200.0,1659250.0,1841180.0,0.228,82.27,16,19,20,18.0,18,,False
CNP,Utilities,CenterPoint Energy,2023-11-20,26.22,5.41,-0.31,-0.06,1.25,0.333,21,17,17,19.0,,,,,,,,,,,,,,,,,,,,,,,17,22,22,,22,,False
EXC,Utilities,Exelon,2023-11-20,35.66,2.93,-1.84,1.32,0.93,0.667,27,20,14,22.3,-1.92,1.26,False,True,35.49,5.14,0.916,False,38.97,-8.49,-0.73,1.04,9.0,11.0,5908500.0,6448863.0,0.818,2523100.0,6588880.0,6237466.0,0.405,78.64,18,21,7,17.0,17,,False
NI,Utilities,NiSource,2023-11-20,24.01,4.82,-0.82,-0.93,0.53,0.333,24,18,20,21.4,,,,,,,,,,,,,,,,,,,,,,,19,22,22,,22,,False
ATO,Utilities,Atmos Energy,2023-11-20,105.52,6.3,-4.16,-0.16,0.46,0.333,16,24,18,18.8,,,,,,,,,,,,,,,,,,,,,,,20,22,22,,22,,False
XEL,Utilities,Xcel Energy,2023-11-20,55.14,3.79,6.05,-4.27,0.33,0.667,25,7,25,19.6,-2.65,-8.0,False,True,53.65,4.82,0.924,False,64.83,-14.94,-0.3,1.25,9.0,11.0,3688055.0,3990036.0,0.818,1357700.0,3773020.0,3742053.0,0.363,79.08,21,20,9,18.2,20,,True
AEP,Utilities,American Electric Power,2023-11-20,71.79,5.96,0.08,-2.47,0.27,0.667,18,16,22,18.2,,,,,,,,,,,,,,,,,,,,,,,22,22,22,,22,,False
LNT,Utilities,Alliant Energy,2023-11-20,45.4,2.63,-1.11,-0.66,0.05,0.333,28,19,19,23.5,,,,,,,,,,,,,,,,,,,,,,,23,22,22,,22,,False
AWK,Utilities,American Water Works,2023-11-20,124.28,14.12,-5.41,-6.95,-1.3,0.333,3,27,27,15.0,0.15,10.97,False,True,116.71,9.2,1.366,False,150.03,-17.16,0.82,12.54,11.0,9.0,1430600.0,1047322.0,1.222,595700.0,1168840.0,1225173.0,0.486,100.0,24,1,5,11.0,10,剛爆發,True
AEE,Utilities,Ameren,2023-11-20,70.91,2.37,-3.31,-2.96,-1.71,0.333,29,23,23,26.0,,,,,,,,,,,,,,,,,,,,,,,25,22,22,,22,,False
PNW,Utilities,Pinnacle West Capital,2023-11-20,66.03,0.5,-6.34,-2.46,-2.69,0.333,31,28,21,28.1,,,,,,,,,,,,,,,,,,,,,,,26,22,22,,22,,False
WEC,Utilities,WEC Energy Group,2023-11-20,74.66,0.82,-3.17,-4.32,-2.75,0.333,30,22,26,26.8,,,,,,,,,,,,,,,,,,,,,,,27,22,22,,22,,False
AES,Utilities,AES Corporation,2023-11-20,14.78,16.07,-5.2,-13.18,-3.87,0.333,2,26,30,14.8,11.13,-12.56,False,True,13.17,10.55,0.793,False,25.27,-41.5,0.12,14.9,12.0,8.0,7049675.0,8892687.0,1.5,2055800.0,5123770.0,6096773.0,0.337,95.36,28,12,12,18.4,21,剛爆發,True
ES,Utilities,Eversource Energy,2023-11-20,52.19,11.47,-8.1,-12.81,-5.56,0.333,7,29,29,18.0,-1.28,9.82,False,True,50.11,12.44,1.4,False,74.51,-29.95,3.1,9.42,11.0,9.0,3514354.0,2510422.0,1.222,946600.0,2995440.0,3139240.0,0.302,99.72,29,9,14,18.0,18,剛爆發,False
EVRG,Utilities,Evergy,2023-11-20,45.68,5.97,-10.0,-9.92,-5.97,0.333,17,30,28,23.1,,,,,,,,,,,,,,,,,,,,,,,30,22,22,,22,剛爆發,False
NEE,Utilities,NextEra Energy,2023-11-20,53.47,3.16,-14.04,-20.97,-13.2,0.333,26,31,31,28.5,,,,,,,,,,,,,,,,,,,,,,,31,22,22,,22,剛爆發,False
