symbol,sector,name,as_of_date,t_price,cum_ret_4w,cum_ret_13w,cum_ret_26w,point,di,cum_ret_4w_rank_in_sector,cum_ret_13w_rank_in_sector,cum_ret_26w_rank_in_sector,cms_a,surprise_l1,surprise_l2,pre_earnings_14d,above_50ma,ma50,amp_10d_pct,vp_ratio_stock,vcp,high_52w,pct_from_high,ret_5d,ret_20d,up_days_20,down_days_20,up_avg_vol,down_avg_vol,ud_ratio,vol_today,vol_10d_avg,vol_3w_avg,vol_ratio_stock_20d,vp_score_stock,point_rank_in_sector,vp_score_rank_in_sector,vol_rank_in_sector,composite_in_sector,composite_rank_in_sector,stock_gap_alert,earnings_passed
NWS,Communication Services,News Corp (Class B),2023-12-25,25.28,11.1,23.24,31.03,24.1,1.0,2,2,1,1.8,71.43,100.0,False,True,22.54,7.07,1.088,False,25.55,-1.08,3.67,11.63,13.0,6.0,888038.0,815933.0,2.167,859600.0,781910.0,912940.0,0.942,100.0,1,1,3,1.4,1,,True
NWSA,Communication Services,News Corp (Class A),2023-12-25,24.09,10.84,22.38,26.5,21.55,1.0,4,3,2,3.3,71.43,100.0,False,True,21.58,7.15,0.994,False,24.35,-1.05,3.59,11.39,13.0,7.0,2268084.0,2280814.0,1.857,2162500.0,2164610.0,2292180.0,0.943,100.0,2,1,2,1.6,2,,True
META,Communication Services,Meta Platforms,2023-12-25,350.88,8.97,17.9,23.34,18.39,1.0,5,5,3,4.6,21.96,2.51,False,True,325.42,8.74,0.994,False,358.75,-2.19,-0.04,8.2,11.0,9.0,16684218.0,16788833.0,1.222,14987100.0,16182490.0,17077393.0,0.878,90.63,3,9,5,5.8,5,吃老本,True
NFLX,Communication Services,Netflix,2023-12-25,48.69,4.54,28.94,10.53,13.64,1.0,10,1,7,6.7,6.74,15.36,False,True,45.42,6.88,1.087,False,50.09,-2.8,-0.96,2.72,12.0,8.0,41542583.0,38214875.0,1.5,27406000.0,37170200.0,39905066.0,0.687,92.77,4,8,14,7.6,6,,True
TMUS,Communication Services,T-Mobile US,2023-12-25,153.99,5.31,14.98,15.93,13.04,1.0,9,8,6,8.1,5.69,18.14,False,True,143.66,4.49,0.703,False,154.82,-0.53,3.49,6.57,15.0,5.0,4019406.0,5717640.0,3.0,3867900.0,4115190.0,4407813.0,0.878,100.0,5,1,5,3.4,3,,True
GOOGL,Communication Services,Alphabet Inc. (Class A),2023-12-25,138.46,5.94,6.75,16.7,11.52,1.0,7,15,4,8.8,7.05,7.29,False,True,132.42,8.29,1.236,False,141.43,-2.1,-0.52,5.4,10.0,10.0,34274660.0,27724900.0,1.0,18733000.0,28289720.0,29610353.0,0.633,89.67,6,11,16,10.0,8,,True
GOOG,Communication Services,Alphabet Inc. (Class C),2023-12-25,139.7,5.71,6.89,16.5,11.4,1.0,8,14,5,9.2,7.05,7.29,False,True,133.79,8.08,1.265,False,142.69,-2.09,-0.61,5.23,10.0,10.0,26931620.0,21282970.0,1.0,14881000.0,23060910.0,23983046.0,0.62,90.04,7,10,18,10.4,10,,True
ECHO,Communication Services,EchoStar,2023-12-25,16.57,47.16,-1.07,-4.44,9.3,0.333,1,18,16,9.1,514.94,-35.67,False,True,12.43,26.96,2.569,False,24.8,-33.19,17.85,58.26,14.0,5.0,2386971.0,929080.0,2.8,17427700.0,2729080.0,2140620.0,8.141,100.0,8,1,1,3.8,4,剛爆發,True
TTWO,Communication Services,Take-Two Interactive,2023-12-25,160.95,1.97,14.64,9.37,8.84,1.0,13,9,8,10.8,37.58,-13.66,False,True,151.08,3.97,0.682,False,164.85,-2.37,0.35,1.74,9.0,11.0,2101033.0,3080327.0,0.818,916600.0,2628480.0,2706746.0,0.339,75.39,9,20,21,15.8,18,吃老本,True
T,Communication Services,AT&T,2023-12-25,14.6,0.12,13.85,9.13,8.06,1.0,16,10,9,12.8,3.09,4.56,False,True,14.0,3.14,0.871,False,17.81,-18.01,1.76,1.27,12.0,8.0,37850425.0,43466950.0,1.5,33285400.0,34102770.0,38448226.0,0.866,89.2,10,12,7,10.2,9,,True
LYV,Communication Services,Live Nation Entertainment,2023-12-25,93.6,11.1,12.72,2.73,7.32,1.0,2,12,14,7.4,90.53,38.44,False,True,86.26,5.23,0.834,False,101.74,-8.0,2.41,11.14,14.0,6.0,2129357.0,2554250.0,2.333,1612700.0,2189480.0,2427840.0,0.664,100.0,11,1,15,7.8,7,剛爆發,True
VZ,Communication Services,Verizon,2023-12-25,31.49,-2.28,18.81,5.39,6.83,0.667,21,4,13,14.3,3.55,3.77,False,True,30.42,1.84,0.824,False,33.33,-5.54,0.72,-1.64,10.0,10.0,18956330.0,23006690.0,1.0,16222700.0,19642710.0,21220900.0,0.764,78.72,12,18,11,14.2,13,吃老本,True
EA,Communication Services,Electronic Arts,2023-12-25,135.2,-0.69,13.79,5.8,6.17,0.667,17,11,11,14.0,64.33,-0.54,False,True,132.01,3.88,0.83,False,141.78,-4.64,-0.78,-0.87,9.0,11.0,1631677.0,1966563.0,0.818,1087700.0,1675740.0,1744073.0,0.624,75.96,13,19,17,16.2,20,吃老本,True
CMCSA,Communication Services,Comcast,2023-12-25,37.06,3.89,-0.46,6.97,4.34,0.667,12,17,10,13.1,13.67,15.51,False,True,35.99,3.48,0.804,False,39.85,-7.0,-0.39,4.68,11.0,8.0,19204273.0,23882314.0,1.375,14613205.0,19474030.0,20526576.0,0.712,87.35,14,13,13,13.4,12,,True
DIS,Communication Services,Walt Disney Company (The),2023-12-25,87.83,-2.16,11.76,1.46,3.13,0.667,19,13,15,16.4,15.11,6.77,False,True,86.76,4.81,0.901,False,114.58,-23.35,-1.88,-2.27,8.0,12.0,10394775.0,11535366.0,0.667,9211000.0,10785780.0,10933193.0,0.842,73.65,15,21,8,16.0,19,吃老本,True
OMC,Communication Services,Omnicom Group,2023-12-25,79.26,6.62,17.11,-7.49,2.19,0.667,6,6,19,8.6,0.51,-0.06,False,True,72.74,3.61,1.353,False,89.35,-11.29,0.09,8.18,11.0,9.0,1503400.0,1111411.0,1.222,763300.0,1294150.0,1410520.0,0.541,96.95,16,6,20,12.8,11,剛爆發,True
CHTR,Communication Services,Charter Communications,2023-12-25,388.68,-3.28,-11.63,5.8,-0.83,0.333,22,23,11,20.1,1.71,-1.79,False,False,398.67,6.34,0.67,False,458.3,-15.19,1.35,-2.86,11.0,9.0,876718.0,1308722.0,1.222,746000.0,816040.0,903973.0,0.825,78.88,17,17,9,15.4,16,,True
PSKY,Communication Services,Paramount Skydance Corporation,2023-12-25,14.16,-5.97,15.02,-6.39,-0.94,0.333,23,7,17,17.0,-16.36,-15.38,False,True,13.11,12.47,1.275,False,24.29,-41.69,-1.86,3.25,8.0,12.0,23652737.0,18545608.0,0.667,12177900.0,19324720.0,22378106.0,0.544,83.53,18,14,19,16.6,21,,False
WBD,Communication Services,Warner Bros. Discovery,2023-12-25,11.38,0.44,4.79,-9.25,-3.32,0.667,15,16,20,16.3,-99.62,-25.31,False,True,10.86,15.03,0.895,False,16.34,-30.35,-0.96,8.9,9.0,11.0,23004422.0,25713345.0,0.818,20267500.0,25935880.0,25665073.0,0.79,82.89,19,15,10,15.6,17,,False
TTD,Communication Services,Trade Desk (The),2023-12-25,71.96,0.5,-7.92,-6.81,-5.26,0.333,14,22,18,17.2,13.63,8.51,False,True,71.57,8.98,0.807,False,91.85,-21.65,-5.79,2.13,11.0,9.0,3733281.0,4627233.0,1.222,3768600.0,3954670.0,4075926.0,0.925,81.42,20,16,4,15.2,15,,True
FOXA,Communication Services,Fox Corporation (Class A),2023-12-25,28.8,-1.75,-4.9,-12.04,-7.68,0.0,18,21,21,19.5,,,,,,,,,,,,,,,,,,,,,,,21,22,22,,22,,False
FOX,Communication Services,Fox Corporation (Class B),2023-12-25,26.77,-2.16,-4.26,-12.55,-7.88,0.0,19,20,22,19.9,,,,,,,,,,,,,,,,,,,,,,,22,22,22,,22,,False
TKO,Communication Services,TKO Group Holdings,2023-12-25,79.93,4.27,-2.95,-21.91,-10.63,0.333,11,19,23,15.8,44.78,,False,True,77.29,9.22,1.084,False,111.39,-28.24,3.24,5.5,12.0,8.0,1274291.0,1175800.0,1.5,927800.0,1228130.0,1238140.0,0.749,96.06,23,7,12,14.4,14,剛爆發,False
CVNA,Consumer Discretionary,Carvana,2023-12-25,10.59,50.4,26.11,104.24,71.25,1.0,1,11,1,4.0,15.39,8.36,False,True,7.54,23.64,1.32,False,12.52,-15.42,-9.05,69.03,12.0,8.0,67257875.0,50940437.0,1.5,29720500.0,58581050.0,61751366.0,0.481,100.0,1,1,25,5.8,3,,True
WSM,Consumer Discretionary,"Williams-Sonoma, Inc.",2023-12-25,96.76,3.03,30.58,63.27,40.04,1.0,35,8,2,20.3,9.71,14.6,False,True,84.89,4.03,1.23,False,100.35,-3.58,-1.46,7.59,9.0,11.0,1835622.0,1492072.0,0.818,976000.0,1289780.0,1586200.0,0.615,87.78,2,23,16,13.2,16,吃老本,True
EXPE,Consumer Discretionary,Expedia Group,2023-12-25,149.93,8.96,47.27,38.76,33.44,1.0,16,1,3,8.9,8.23,22.22,False,True,126.56,7.9,0.887,False,153.93,-2.6,-1.77,11.46,14.0,6.0,2035542.0,2294233.0,2.333,1307400.0,2208460.0,2139273.0,0.611,100.0,3,1,17,5.0,2,,True
PHM,Consumer Discretionary,PulteGroup,2023-12-25,101.28,13.63,39.66,33.41,30.03,1.0,8,4,5,6.2,2.9,18.01,False,True,86.36,4.4,0.986,False,102.95,-1.62,0.77,16.97,10.0,8.0,2210970.0,2241962.0,1.25,1227800.0,2027900.0,2207486.0,0.556,96.5,4,20,22,14.0,17,吃老本,True
LULU,Consumer Discretionary,Lululemon Athletica,2023-12-25,511.29,9.58,32.59,35.08,28.08,1.0,13,7,4,9.4,10.82,5.5,False,True,445.3,6.44,1.211,False,516.39,-0.99,0.05,14.43,14.0,6.0,2060692.0,1701666.0,2.333,918300.0,1153260.0,1836106.0,0.5,100.0,5,1,24,7.2,6,,True
DHI,Consumer Discretionary,D. R. Horton,2023-12-25,148.09,16.14,41.75,25.44,27.19,1.0,5,2,9,4.9,13.2,37.98,False,True,124.53,5.11,0.811,False,150.69,-1.72,1.1,19.04,14.0,5.0,2807457.0,3461100.0,2.8,1479600.0,2473170.0,2942293.0,0.503,100.0,6,1,23,7.4,9,,True
RCL,Consumer Discretionary,Royal Caribbean Group,2023-12-25,125.93,16.94,40.54,24.82,26.78,1.0,4,3,11,5.1,13.44,14.85,False,True,102.62,8.14,1.379,False,127.37,-1.13,1.86,20.5,15.0,5.0,2834673.0,2056120.0,3.0,2006300.0,2385640.0,2490800.0,0.805,100.0,7,1,7,4.6,1,剛爆發,True
BKNG,Consumer Discretionary,Booking Holdings,2023-12-25,138.94,12.27,15.02,31.36,22.5,1.0,10,25,6,13.7,6.49,29.01,False,True,123.21,4.13,1.258,False,140.25,-0.93,0.79,13.49,15.0,5.0,6836833.0,5436000.0,3.0,4112500.0,6956000.0,6827333.0,0.602,100.0,8,1,18,7.2,6,剛爆發,True
LEN,Consumer Discretionary,Lennar,2023-12-25,137.88,13.27,33.24,19.69,21.47,1.0,9,6,16,9.5,12.4,10.71,False,True,118.59,8.1,0.814,False,144.32,-4.47,0.76,16.51,13.0,7.0,2207250.0,2710710.0,1.857,1484834.0,2413150.0,2536111.0,0.585,100.0,9,1,20,8.0,12,剛爆發,True
DASH,Consumer Discretionary,DoorDash,2023-12-25,98.89,2.39,24.44,29.4,21.41,1.0,39,14,7,25.1,96.55,74.57,False,True,91.52,5.36,0.684,False,103.98,-4.9,-1.66,5.22,10.0,10.0,4345460.0,6350990.0,1.0,2525700.0,5892130.0,5814620.0,0.434,79.44,10,26,26,19.6,24,吃老本,True
DECK,Consumer Discretionary,Deckers Brands,2023-12-25,111.4,-2.43,30.02,26.68,20.24,0.667,44,9,8,26.3,53.7,8.22,False,True,106.18,8.17,1.145,False,120.57,-7.6,-5.07,0.67,11.0,9.0,2236090.0,1952666.0,1.222,1248600.0,1952220.0,2103040.0,0.594,86.75,11,25,19,18.2,21,吃老本,True
HLT,Consumer Discretionary,Hilton Worldwide,2023-12-25,181.0,6.59,21.36,25.34,19.66,1.0,23,20,10,19.5,0.35,3.21,False,True,165.2,4.24,1.091,False,182.41,-0.77,0.31,8.7,14.0,6.0,1658921.0,1521083.0,2.333,1726500.0,1464030.0,1643946.0,1.05,100.0,12,1,4,6.0,4,剛爆發,True
GRMN,Consumer Discretionary,Garmin,2023-12-25,123.31,4.56,22.89,24.82,19.28,1.0,28,15,11,20.7,9.89,2.05,False,True,113.19,3.34,1.302,False,124.05,-0.6,0.88,5.76,14.0,5.0,854178.0,656000.0,2.8,622300.0,820020.0,799626.0,0.778,100.0,13,1,11,7.8,11,剛爆發,True
ROST,Consumer Discretionary,Ross Stores,2023-12-25,134.98,5.0,22.83,24.07,18.99,1.0,27,16,13,20.9,8.87,13.46,False,True,124.01,4.54,0.631,False,135.79,-0.6,1.85,6.41,15.0,5.0,1917726.0,3037080.0,3.0,2011600.0,2194220.0,2255446.0,0.892,100.0,14,1,6,7.2,6,剛爆發,True
RL,Consumer Discretionary,Ralph Lauren Corporation,2023-12-25,139.34,8.47,24.86,18.33,17.49,1.0,17,12,17,15.5,8.6,9.74,False,True,121.77,5.24,0.906,False,142.31,-2.09,-2.01,12.03,13.0,7.0,762500.0,841671.0,1.857,771900.0,846340.0,802680.0,0.962,100.0,15,1,5,7.4,9,剛爆發,True
MAR,Consumer Discretionary,Marriott International,2023-12-25,220.27,7.76,15.02,23.39,17.39,1.0,20,25,14,20.3,0.34,3.97,False,True,199.66,4.63,1.079,False,221.36,-0.49,1.65,11.25,16.0,4.0,1594275.0,1477550.0,4.0,2008700.0,1632250.0,1633093.0,1.23,100.0,16,1,1,7.0,5,剛爆發,True
DPZ,Consumer Discretionary,Domino's,2023-12-25,395.98,4.1,9.16,23.07,14.85,1.0,30,31,15,27.3,26.85,0.54,False,True,364.25,4.49,0.896,False,398.22,-0.56,0.84,5.24,13.0,7.0,538323.0,600585.0,1.857,361100.0,474350.0,515353.0,0.701,97.02,17,19,14,17.2,20,,True
AMZN,Consumer Discretionary,Amazon,2023-12-25,151.94,3.34,19.52,16.55,13.99,1.0,34,21,18,26.9,,,,,,,,,,,,,,,,,,,,,,,18,27,27,,27,吃老本,False
HD,Consumer Discretionary,Home Depot (The),2023-12-25,325.4,8.43,15.46,13.03,12.48,1.0,18,24,19,20.0,,,,,,,,,,,,,,,,,,,,,,,19,27,27,,27,吃老本,False
CCL,Consumer Discretionary,Carnival Corporation,2023-12-25,18.34,17.64,35.13,-1.54,12.42,0.667,3,5,33,9.6,44.27,16.06,False,True,14.82,9.02,1.126,False,19.53,-6.08,-3.39,23.11,12.0,8.0,34694175.0,30801275.0,1.5,25436700.0,32069640.0,32625540.0,0.78,100.0,20,1,10,10.4,13,剛爆發,True
NVR,Consumer Discretionary,"NVR, Inc.",2023-12-25,7000.45,10.76,17.39,10.23,12.15,1.0,12,22,21,16.8,8.35,14.82,False,True,6220.77,4.42,0.752,False,7075.0,-1.05,0.87,13.73,14.0,6.0,20592.0,27383.0,2.333,14400.0,22330.0,22760.0,0.633,100.0,21,1,15,11.8,14,剛爆發,True
CMG,Consumer Discretionary,Chipotle Mexican Grill,2023-12-25,45.74,2.38,24.85,6.92,10.26,1.0,40,13,22,28.3,6.86,2.98,False,True,42.91,4.1,0.989,False,46.97,-2.62,-0.87,3.85,11.0,9.0,8473181.0,8567222.0,1.222,9245000.0,8000000.0,8697000.0,1.063,87.6,22,24,3,19.0,22,,True
ULTA,Consumer Discretionary,Ulta Beauty,2023-12-25,489.99,3.8,22.67,4.12,8.68,1.0,32,17,24,25.9,,,,,,,,,,,,,,,,,,,,,,,23,27,27,,27,,False
MGM,Consumer Discretionary,MGM Resorts,2023-12-25,44.68,9.4,21.55,1.73,8.6,1.0,14,19,26,17.9,29.92,13.94,False,True,39.94,5.69,0.904,False,51.35,-12.99,0.43,13.29,13.0,7.0,4467030.0,4943300.0,1.857,2634300.0,4103730.0,4665606.0,0.565,100.0,24,1,21,14.2,18,剛爆發,True
TJX,Consumer Discretionary,TJX Companies,2023-12-25,90.84,5.36,5.94,11.47,8.56,1.0,25,35,20,27.0,,,,,,,,,,,,,,,,,,,,,,,25,27,27,,27,,False
NCLH,Consumer Discretionary,Norwegian Cruise Line Holdings,2023-12-25,20.04,22.05,21.6,-7.95,6.94,0.667,2,18,40,14.4,11.15,13.23,False,True,16.1,7.05,1.348,False,22.75,-11.91,-4.34,31.24,13.0,6.0,17057700.0,12649633.0,2.167,10910500.0,12030040.0,13853386.0,0.788,100.0,26,1,9,12.6,15,剛爆發,True
TPR,Consumer Discretionary,"Tapestry, Inc.",2023-12-25,34.98,13.79,29.43,-12.12,4.75,0.667,7,10,41,14.7,3.04,-1.7,False,True,29.72,6.45,0.911,False,43.54,-19.67,-1.97,17.49,11.0,9.0,3715281.0,4077700.0,1.222,4316500.0,3927440.0,4023913.0,1.073,93.99,27,22,2,20.0,25,,True
DRI,Consumer Discretionary,Darden Restaurants,2023-12-25,150.42,2.75,15.79,0.06,4.66,1.0,37,23,28,31.0,,,,,,,,,,,,,,,,,,,,,,,28,27,27,,27,,False
BBY,Consumer Discretionary,Best Buy,2023-12-25,69.21,7.96,14.1,-2.03,4.5,0.667,19,27,35,24.6,,,,,,,,,,,,,,,,,,,,,,,29,27,27,,27,,False
MCD,Consumer Discretionary,McDonald's,2023-12-25,279.43,3.69,13.23,0.5,4.48,1.0,33,29,27,30.6,,,,,,,,,,,,,,,,,,,,,,,30,27,27,,27,,False
LOW,Consumer Discretionary,Lowe's,2023-12-25,210.83,9.14,7.71,-0.35,4.04,0.667,15,33,29,23.2,0.94,1.79,False,True,192.74,2.71,1.444,True,223.4,-5.63,-0.45,11.93,11.0,9.0,3969518.0,2748688.0,1.222,2631400.0,3183150.0,3586053.0,0.734,100.0,31,1,12,15.2,19,剛爆發,True
ABNB,Consumer Discretionary,Airbnb,2023-12-25,136.14,0.83,-0.78,6.23,3.13,0.667,42,43,23,38.5,,,,,,,,,,,,,,,,,,,,,,,32,27,27,,27,,False
NKE,Consumer Discretionary,"Nike, Inc.",2023-12-25,102.68,-4.33,13.93,-0.97,1.92,0.333,47,28,31,38.1,,,,,,,,,,,,,,,,,,,,,,,33,27,27,,27,剛爆發,False
GM,Consumer Discretionary,General Motors,2023-12-25,35.03,11.0,9.26,-6.33,1.9,0.667,11,30,39,22.3,24.06,3.98,False,True,30.16,3.48,1.08,False,42.09,-16.79,-0.91,13.67,11.0,9.0,21688890.0,20078133.0,1.222,14127700.0,15992970.0,19361106.0,0.73,95.08,34,21,13,24.6,26,剛爆發,True
AZO,Consumer Discretionary,AutoZone,2023-12-25,2585.61,-2.13,1.8,3.7,1.77,0.667,43,39,25,38.2,,,,,,,,,,,,,,,,,,,,,,,35,27,27,,27,剛爆發,False
TSCO,Consumer Discretionary,Tractor Supply,2023-12-25,41.08,2.36,6.45,-1.76,1.32,0.667,41,34,34,37.5,,,,,,,,,,,,,,,,,,,,,,,36,27,27,,27,剛爆發,False
EBAY,Consumer Discretionary,eBay Inc.,2023-12-25,41.89,4.53,-0.45,-1.24,0.4,0.333,29,41,32,33.2,,,,,,,,,,,,,,,,,,,,,,,37,27,27,,27,剛爆發,False
ORLY,Consumer Discretionary,O’Reilly Automotive,2023-12-25,63.34,-3.1,4.54,-0.55,0.08,0.333,45,38,30,39.9,,,,,,,,,,,,,,,,,,,,,,,38,27,27,,27,剛爆發,False
SBUX,Consumer Discretionary,Starbucks,2023-12-25,90.04,-3.22,5.77,-2.03,-0.37,0.333,46,36,35,40.8,,,,,,,,,,,,,,,,,,,,,,,39,27,27,,27,剛爆發,False
YUM,Consumer Discretionary,Yum! Brands,2023-12-25,124.49,2.62,5.07,-4.8,-0.48,0.667,38,37,37,37.5,,,,,,,,,,,,,,,,,,,,,,,40,27,27,,27,剛爆發,False
TSLA,Consumer Discretionary,"Tesla, Inc.",2023-12-25,248.48,4.04,-0.7,-5.08,-1.7,0.333,31,42,38,35.7,,,,,,,,,,,,,,,,,,,,,,,41,27,27,,27,剛爆發,False
LVS,Consumer Discretionary,Las Vegas Sands,2023-12-25,46.83,5.15,7.79,-14.51,-4.02,0.667,26,32,44,31.4,,,,,,,,,,,,,,,,,,,,,,,42,27,27,,27,剛爆發,False
F,Consumer Discretionary,Ford Motor Company,2023-12-25,10.36,15.22,-0.32,-17.28,-4.92,0.333,6,40,46,24.2,-14.46,33.71,False,True,9.24,5.83,1.106,False,12.77,-18.84,-1.22,18.81,13.0,7.0,52575461.0,47542757.0,1.857,40964700.0,46345400.0,51411106.0,0.797,100.0,43,1,8,19.2,23,剛爆發,False
WYNN,Consumer Discretionary,Wynn Resorts,2023-12-25,88.83,7.0,-1.12,-13.25,-5.15,0.333,21,44,43,32.3,,,,,,,,,,,,,,,,,,,,,,,44,27,27,,27,剛爆發,False
APTV,Consumer Discretionary,Aptiv,2023-12-25,89.72,6.8,-9.0,-12.12,-6.61,0.333,22,46,41,33.0,,,,,,,,,,,,,,,,,,,,,,,45,27,27,,27,剛爆發,False
GPC,Consumer Discretionary,Genuine Parts Company,2023-12-25,127.78,2.82,-3.39,-17.05,-8.67,0.333,36,45,45,40.5,,,,,,,,,,,,,,,,,,,,,,,46,27,27,,27,剛爆發,False
HAS,Consumer Discretionary,Hasbro,2023-12-25,46.15,5.37,-21.58,-19.02,-13.56,0.333,24,47,47,35.5,,,,,,,,,,,,,,,,,,,,,,,47,27,27,,27,剛爆發,False
COST,Consumer Staples,Costco,2023-12-25,649.97,13.22,19.71,25.86,21.16,1.0,2,4,1,2.4,4.83,1.76,False,True,577.69,6.44,1.032,False,658.34,-1.27,1.49,13.89,14.0,6.0,2753271.0,2667616.0,2.333,1947500.0,3288630.0,3011880.0,0.647,100.0,1,1,14,3.6,1,,True
TGT,Consumer Staples,Target Corporation,2023-12-25,129.91,5.67,30.14,10.03,13.97,1.0,6,2,3,4.2,41.91,26.85,False,True,114.17,4.87,0.833,False,160.55,-19.08,2.19,6.43,12.0,7.0,3449725.0,4143042.0,1.714,2517400.0,3225500.0,3348513.0,0.752,95.02,2,13,7,7.4,6,吃老本,True
DLTR,Consumer Staples,Dollar Tree,2023-12-25,142.05,12.6,33.44,-1.01,11.01,0.667,3,1,15,4.8,-3.77,4.78,False,True,121.2,10.23,1.296,False,161.1,-11.82,5.75,14.94,13.0,7.0,2384153.0,1839471.0,1.857,1252000.0,2401680.0,2220160.0,0.564,100.0,3,1,18,5.2,4,,False
TSN,Consumer Staples,Tyson Foods,2023-12-25,49.39,11.51,7.58,7.36,8.46,1.0,4,11,5,6.3,47.13,-42.99,False,True,44.54,5.99,0.772,False,59.17,-16.53,4.05,14.75,14.0,6.0,2581450.0,3344483.0,2.333,2000800.0,2531300.0,2690573.0,0.744,100.0,4,1,8,3.6,1,,True
KHC,Consumer Staples,Kraft Heinz,2023-12-25,32.16,4.11,11.2,6.64,7.15,1.0,9,7,7,8.0,9.55,4.56,False,True,29.78,3.98,0.783,False,35.6,-9.68,2.84,5.33,15.0,5.0,7279560.0,9295860.0,3.0,5537900.0,6802130.0,7534140.0,0.735,100.0,5,1,9,4.2,3,,True
CASY,Consumer Staples,Casey's,2023-12-25,271.38,-0.57,1.35,13.03,6.71,0.667,24,22,2,19.0,12.84,34.6,False,True,270.78,3.03,0.941,False,283.12,-4.14,0.27,-0.24,9.0,11.0,274922.0,292045.0,0.818,226100.0,211470.0,309253.0,0.731,78.71,6,22,10,13.2,12,吃老本,True
CL,Consumer Staples,Colgate-Palmolive,2023-12-25,74.79,1.28,12.83,4.81,5.93,1.0,18,5,8,12.1,7.3,3.28,False,True,71.69,5.46,0.847,False,76.04,-1.64,2.31,1.19,14.0,6.0,4125592.0,4872950.0,2.333,2463300.0,4406670.0,4571686.0,0.539,100.0,7,1,21,7.4,6,剛爆發,True
KDP,Consumer Staples,Keurig Dr Pepper,2023-12-25,30.75,3.57,5.54,7.28,5.92,1.0,11,13,6,10.6,2.61,4.88,False,True,29.12,4.77,0.636,False,33.11,-7.12,2.46,5.54,13.0,7.0,5703423.0,8961400.0,1.857,4988400.0,6442960.0,7058133.0,0.707,93.3,8,15,11,11.4,9,吃老本,True
MNST,Consumer Staples,Monster Beverage,2023-12-25,57.61,4.33,8.8,0.3,3.43,1.0,7,9,11,8.4,8.12,-0.95,False,True,54.36,6.1,0.721,False,60.47,-4.73,4.03,4.46,13.0,6.0,4376353.0,6070100.0,2.167,4061400.0,4588250.0,4729900.0,0.859,99.4,9,9,1,7.4,6,,True
SYY,Consumer Staples,Sysco,2023-12-25,67.81,0.45,11.58,-0.0,3.01,0.667,22,6,12,15.2,3.08,0.84,False,True,65.19,2.43,0.749,False,74.82,-9.36,-0.54,1.33,10.0,9.0,2698190.0,3603033.0,1.111,1912300.0,2745140.0,3248000.0,0.589,80.35,10,21,16,15.6,16,吃老本,True
MDLZ,Consumer Staples,Mondelez International,2023-12-25,67.21,2.88,4.98,0.5,2.22,1.0,12,14,10,12.2,4.72,10.09,False,True,64.23,5.38,0.846,False,71.68,-6.23,3.4,2.53,13.0,6.0,5233592.0,6183816.0,2.167,4658600.0,6117080.0,6176320.0,0.754,100.0,11,1,6,6.0,5,剛爆發,True
KO,Consumer Staples,Coca-Cola Company (The),2023-12-25,54.81,0.49,6.11,-0.58,1.36,0.667,21,12,13,16.7,6.49,8.14,False,True,53.33,3.45,0.51,False,59.05,-7.18,1.62,0.84,13.0,7.0,11736184.0,22994042.0,1.857,9244300.0,16758980.0,16324493.0,0.566,87.94,12,18,17,15.4,15,吃老本,True
WMT,Consumer Staples,Walmart,2023-12-25,51.23,2.52,-1.06,1.03,0.88,0.667,13,26,9,16.1,0.39,7.88,False,False,51.41,4.36,1.105,False,55.02,-6.89,1.84,1.64,11.0,9.0,28415618.0,25705700.0,1.222,21948300.0,25249770.0,27071500.0,0.811,89.4,13,17,2,12.4,10,,True
BG,Consumer Staples,Bunge Global,2023-12-25,93.69,-7.56,-6.16,8.31,0.72,0.333,34,31,4,27.1,19.74,39.63,False,False,97.22,5.48,0.851,False,106.89,-12.35,-0.28,-8.12,7.0,13.0,1071000.0,1259238.0,0.538,745800.0,1226530.0,1209586.0,0.617,67.98,14,23,15,17.8,19,吃老本,True
PM,Consumer Staples,Philip Morris International,2023-12-25,85.06,1.42,3.03,-0.92,0.65,0.667,17,17,14,16.4,3.48,8.36,False,True,82.27,2.66,0.69,False,90.44,-5.95,1.35,2.17,13.0,6.0,4731461.0,6858750.0,2.167,3709200.0,5021960.0,5507020.0,0.674,96.41,15,12,12,13.2,12,,True
KR,Consumer Staples,Kroger,2023-12-25,43.33,2.49,2.82,-1.52,0.57,0.667,15,18,17,16.3,3.62,5.11,False,True,42.02,4.83,1.294,False,47.14,-8.09,1.53,3.25,12.0,8.0,5514183.0,4261750.0,1.5,3424900.0,5301070.0,5164433.0,0.663,97.71,16,10,13,13.0,11,剛爆發,True
STZ,Consumer Staples,Constellation Brands,2023-12-25,227.2,-0.08,-3.44,-1.08,-1.42,0.0,23,29,16,23.4,,,,,,,,,,,,,,,,,,,,,,,17,24,24,,24,吃老本,False
PG,Consumer Staples,Procter & Gamble,2023-12-25,136.27,-4.01,1.1,-2.21,-1.83,0.333,32,23,18,26.5,,,,,,,,,,,,,,,,,,,,,,,18,24,24,,24,吃老本,False
CHD,Consumer Staples,Church & Dwight,2023-12-25,91.77,-0.85,3.51,-5.1,-1.89,0.333,25,16,20,21.3,,,,,,,,,,,,,,,,,,,,,,,19,24,24,,24,,False
DG,Consumer Staples,Dollar General,2023-12-25,128.15,0.94,29.21,-19.2,-2.06,0.667,19,3,31,16.6,6.76,-13.6,False,True,117.73,8.13,0.582,False,233.82,-45.19,4.5,3.68,12.0,8.0,2703516.0,4645237.0,1.5,1778800.0,2780860.0,3291180.0,0.54,86.7,20,19,20,19.6,21,,True
CLX,Consumer Staples,Clorox,2023-12-25,129.88,-0.87,9.88,-8.78,-2.14,0.333,26,8,24,20.2,312.25,41.09,False,True,123.29,2.98,0.736,False,159.55,-18.6,1.01,-0.53,11.0,9.0,867527.0,1178533.0,1.222,771800.0,856930.0,972380.0,0.794,81.3,21,20,3,17.0,18,,True
SJM,Consumer Staples,J.M. Smucker Company (The),2023-12-25,114.63,13.43,3.81,-12.96,-2.17,0.667,1,15,26,10.2,4.81,8.17,False,True,104.73,4.02,0.949,False,143.5,-20.12,2.2,15.17,15.0,5.0,1600173.0,1686580.0,3.0,713700.0,1042240.0,1351173.0,0.528,100.0,22,1,22,13.6,14,剛爆發,True
PEP,Consumer Staples,PepsiCo,2023-12-25,155.21,0.68,1.0,-6.95,-3.06,0.667,20,24,23,21.8,,,,,,,,,,,,,,,,,,,,,,,23,24,24,,24,,False
ADM,Consumer Staples,Archer Daniels Midland,2023-12-25,66.15,-3.81,-3.65,-3.32,-3.52,0.0,31,30,19,28.3,,,,,,,,,,,,,,,,,,,,,,,24,24,24,,24,,False
TAP,Consumer Staples,Molson Coors Beverage Company,2023-12-25,55.97,-1.16,-3.08,-5.78,-3.95,0.0,28,28,21,26.6,,,,,,,,,,,,,,,,,,,,,,,25,24,24,,24,,False
MO,Consumer Staples,Altria,2023-12-25,33.59,-3.07,-1.8,-6.8,-4.62,0.0,30,27,22,27.5,,,,,,,,,,,,,,,,,,,,,,,26,24,24,,24,,False
KMB,Consumer Staples,Kimberly-Clark,2023-12-25,109.73,-1.09,1.52,-10.29,-5.04,0.333,27,21,25,24.8,,,,,,,,,,,,,,,,,,,,,,,27,24,24,,24,,False
KVUE,Consumer Staples,Kenvue,2023-12-25,19.42,4.06,8.34,-16.96,-5.38,0.667,10,10,29,13.8,-1.44,6.86,False,True,18.06,7.17,1.002,False,24.6,-21.06,1.46,5.33,11.0,9.0,22406690.0,22357022.0,1.222,9359200.0,19156390.0,19376380.0,0.483,89.66,28,16,23,22.2,23,剛爆發,False
GIS,Consumer Staples,General Mills,2023-12-25,57.3,1.57,2.77,-13.59,-5.71,0.667,16,19,27,19.1,,,,,,,,,,,,,,,,,,,,,,,29,24,24,,24,,False
BF-B,Consumer Staples,Brown–Forman,2023-12-25,53.42,-4.74,-0.65,-13.91,-8.3,0.0,33,25,28,29.6,,,,,,,,,,,,,,,,,,,,,,,30,24,24,,24,剛爆發,False
EL,Consumer Staples,Estée Lauder Companies (The),2023-12-25,139.61,10.85,1.71,-24.82,-9.27,0.667,5,20,34,15.3,156.4,286.67,False,True,124.26,6.17,1.112,False,266.58,-47.63,0.54,14.54,13.0,7.0,2822269.0,2538371.0,1.857,1270100.0,2146890.0,2347706.0,0.541,100.0,31,1,19,16.6,17,剛爆發,True
MKC,Consumer Staples,McCormick & Company,2023-12-25,64.03,4.32,-8.44,-20.24,-11.15,0.333,8,33,32,20.3,-0.45,4.76,False,True,61.16,3.89,0.76,False,86.88,-26.29,1.43,6.19,12.0,6.0,1406200.0,1849666.0,2.0,1170800.0,1552110.0,1512500.0,0.774,97.59,32,11,4,18.0,20,剛爆發,False
HRL,Consumer Staples,Hormel Foods,2023-12-25,28.61,2.52,-14.85,-18.93,-12.54,0.333,13,34,30,22.7,-6.68,-2.75,False,True,28.5,3.75,0.859,False,40.85,-29.96,1.39,4.97,12.0,7.0,2509925.0,2923171.0,1.714,1987000.0,2610420.0,2597520.0,0.765,94.28,33,14,5,19.8,22,剛爆發,False
HSY,Consumer Staples,Hershey Company (The),2023-12-25,172.91,-2.38,-6.25,-24.47,-14.39,0.0,29,32,33,30.7,,,,,,,,,,,,,,,,,,,,,,,34,24,24,,24,剛爆發,False
PSX,Energy,Phillips 66,2023-12-25,122.35,2.65,11.83,42.19,24.71,1.0,3,2,1,2.3,-2.06,8.57,False,True,111.13,6.73,0.868,False,125.62,-2.6,-0.86,3.3,11.0,9.0,3198127.0,3682622.0,1.222,2023900.0,3070500.0,3238940.0,0.625,85.17,1,3,13,4.2,1,,False
MPC,Energy,Marathon Petroleum,2023-12-25,140.99,-2.02,-1.43,28.59,13.43,0.333,14,7,2,9.5,5.06,15.98,False,False,141.03,7.8,0.797,False,150.89,-6.56,-2.82,-0.56,9.0,11.0,2908388.0,3647000.0,0.818,2507000.0,3362790.0,3312353.0,0.757,74.77,2,16,9,9.0,5,吃老本,True
OKE,Energy,Oneok,2023-12-25,61.21,0.5,12.34,17.12,11.77,1.0,9,1,5,5.8,-5.66,2.76,False,True,58.54,6.07,0.814,False,62.28,-1.71,0.99,1.99,10.0,10.0,4082740.0,5016180.0,1.0,2244900.0,4778190.0,4820286.0,0.466,80.83,3,11,19,9.4,8,吃老本,False
FANG,Energy,Diamondback Energy,2023-12-25,142.73,0.53,2.3,21.29,11.35,1.0,8,5,3,6.1,10.03,-5.38,False,False,142.81,5.84,0.852,False,154.41,-7.56,-0.76,0.43,10.0,10.0,1727960.0,2027050.0,1.0,2267700.0,1704350.0,1828700.0,1.24,79.88,4,13,1,7.0,3,吃老本,True
TRGP,Energy,Targa Resources,2023-12-25,81.9,-3.65,1.95,15.55,7.35,0.667,16,6,6,11.0,-6.12,-20.34,False,True,81.34,4.46,0.796,False,86.21,-5.0,-0.28,-3.96,8.0,12.0,1217712.0,1529375.0,0.667,1256600.0,1262860.0,1311873.0,0.958,71.45,5,20,2,10.4,10,吃老本,True
COP,Energy,ConocoPhillips,2023-12-25,107.49,0.73,-2.63,13.65,6.35,0.667,7,8,7,7.3,3.3,-6.04,False,True,107.38,5.16,0.818,False,117.35,-8.4,-0.65,0.43,11.0,9.0,6484590.0,7928566.0,1.222,3643600.0,7414600.0,7603953.0,0.479,82.65,6,8,18,9.2,6,,True
VLO,Energy,Valero Energy,2023-12-25,120.68,2.86,-7.52,12.62,5.15,0.667,2,13,8,6.5,2.26,6.29,False,True,117.11,7.55,0.863,False,140.15,-13.89,-1.46,3.7,10.0,10.0,3104800.0,3599620.0,1.0,1964000.0,3354270.0,3447160.0,0.57,81.73,7,9,14,9.2,6,,True
KMI,Energy,Kinder Morgan,2023-12-25,15.52,-0.62,8.26,5.93,4.87,0.667,11,3,15,9.4,-1.96,0.69,False,True,15.04,5.04,0.842,False,15.75,-1.45,0.0,0.4,11.0,9.0,12752300.0,15145788.0,1.222,9811300.0,12654010.0,13402300.0,0.732,83.31,8,6,12,8.0,4,,False
WMB,Energy,Williams Companies,2023-12-25,31.76,-5.39,4.69,9.53,4.59,0.667,20,4,10,13.2,9.69,9.43,False,False,31.9,3.7,0.831,False,33.72,-5.82,-0.4,-4.13,7.0,12.0,5978328.0,7195491.0,0.583,3686500.0,6317150.0,6907960.0,0.534,70.65,9,21,15,15.0,19,吃老本,True
BKR,Energy,Baker Hughes,2023-12-25,32.39,1.15,-2.68,9.36,4.3,0.667,6,9,11,7.9,5.82,16.92,False,True,32.15,5.91,1.365,False,35.41,-8.53,0.41,1.27,10.0,9.0,7599860.0,5569155.0,1.111,5068500.0,6252880.0,6551806.0,0.774,91.48,10,1,8,6.0,2,剛爆發,True
TPL,Energy,Texas Pacific Land Corporation,2023-12-25,169.72,-9.95,-13.6,19.88,4.05,0.333,21,20,4,17.3,-2.34,16.31,False,False,180.82,5.91,0.77,False,278.49,-39.06,-2.82,-5.95,10.0,10.0,267120.0,346860.0,1.0,208800.0,252180.0,258480.0,0.808,73.78,11,17,6,12.4,15,吃老本,False
EOG,Energy,EOG Resources,2023-12-25,110.83,-0.89,-2.76,8.44,3.31,0.333,13,10,12,11.9,15.1,6.82,False,False,112.29,5.31,1.004,False,123.76,-10.45,-0.11,-0.46,9.0,11.0,3603333.0,3588127.0,0.818,1756600.0,3137240.0,3619393.0,0.485,79.53,12,14,17,13.8,17,,True
HAL,Energy,Halliburton,2023-12-25,34.07,-3.71,-10.35,10.51,1.74,0.333,17,17,9,15.4,2.79,3.09,False,False,35.53,6.86,0.823,False,41.14,-17.2,-1.34,-1.94,8.0,12.0,6098412.0,7414133.0,0.667,4759000.0,5960580.0,6432140.0,0.74,72.69,13,19,10,14.8,18,吃老本,True
SLB,Energy,Schlumberger,2023-12-25,48.66,-0.19,-10.31,6.9,0.83,0.333,10,16,13,12.4,1.62,1.0,False,False,49.73,5.24,0.924,False,57.81,-15.82,-1.03,0.48,10.0,10.0,9340560.0,10104790.0,1.0,8641800.0,8589730.0,9791373.0,0.883,81.06,14,10,4,10.4,10,,True
APA,Energy,APA Corporation,2023-12-25,32.19,-0.88,-12.19,6.31,-0.11,0.333,12,19,14,14.5,25.08,18.87,False,False,33.39,7.93,0.882,False,42.15,-23.63,-0.17,-0.33,10.0,10.0,3894120.0,4413060.0,1.0,3671100.0,4334260.0,4290780.0,0.856,80.18,15,12,5,11.8,14,,True
OXY,Energy,Occidental Petroleum,2023-12-25,56.96,1.82,-7.67,2.15,-0.39,0.667,5,14,16,9.9,36.6,-10.96,False,False,57.54,6.47,1.047,False,64.34,-11.48,-1.21,1.27,10.0,10.0,11948690.0,11415810.0,1.0,5926200.0,9712950.0,11978100.0,0.495,83.6,16,5,16,11.6,13,剛爆發,True
DVN,Energy,Devon Energy,2023-12-25,42.06,2.07,-3.35,-3.7,-2.17,0.333,4,11,18,8.9,6.15,-0.72,False,True,41.75,6.13,0.957,False,58.57,-28.19,-1.2,2.52,10.0,10.0,9736010.0,10174660.0,1.0,9450400.0,10224940.0,10411780.0,0.908,82.78,17,7,3,10.2,9,剛爆發,True
CVX,Energy,Chevron Corporation,2023-12-25,134.11,3.0,-10.61,-3.29,-3.55,0.333,1,18,17,9.3,-17.07,3.52,False,True,132.22,3.81,0.785,False,162.48,-17.46,-1.03,3.87,11.0,9.0,9922600.0,12632511.0,1.222,7658600.0,10049090.0,10441860.0,0.733,83.99,18,4,11,11.0,12,剛爆發,False
EQT,Energy,EQT Corporation,2023-12-25,37.32,-3.93,-4.38,-5.32,-4.73,0.0,18,12,20,16.6,395.1,36.39,False,False,38.62,5.67,0.916,False,43.5,-14.21,-0.92,-3.25,8.0,12.0,5646675.0,6161691.0,0.667,2090900.0,6080010.0,6231440.0,0.336,73.72,19,18,21,19.0,21,,True
XOM,Energy,ExxonMobil,2023-12-25,92.02,-2.92,-14.19,-5.15,-6.86,0.0,15,21,19,17.6,-3.82,-3.91,False,False,95.1,4.26,0.772,False,110.08,-16.41,-1.72,-2.69,10.0,10.0,19778250.0,25615410.0,1.0,17746400.0,21467930.0,22078106.0,0.804,76.21,20,15,7,15.4,20,,True
EXE,Energy,Expand Energy,2023-12-25,71.64,-4.54,-10.14,-6.75,-7.05,0.0,19,15,21,18.2,83.72,63.14,False,False,75.05,5.36,1.001,False,88.62,-19.16,-0.5,-4.2,11.0,8.0,1561963.0,1560212.0,1.375,741500.0,1572710.0,1632780.0,0.454,85.43,21,2,20,13.2,16,剛爆發,True
COIN,Financials,Coinbase,2023-12-25,173.92,30.02,131.65,143.07,111.95,1.0,2,1,1,1.5,98.13,44.98,False,True,117.88,25.74,0.938,False,187.39,-7.19,3.51,39.45,14.0,6.0,13616957.0,14519950.0,2.333,19724400.0,14472070.0,13454546.0,1.466,100.0,1,1,1,1.0,1,,True
KEY,Financials,KeyCorp,2023-12-25,12.79,8.93,36.15,61.59,42.06,1.0,23,4,2,13.1,7.5,-14.99,False,True,10.79,5.3,0.931,False,16.85,-24.08,0.84,16.22,13.0,7.0,14539853.0,15618828.0,1.857,10085500.0,12506670.0,13847700.0,0.728,100.0,2,1,6,2.4,2,,True
ERIE,Financials,Erie Indemnity,2023-12-25,320.31,12.22,14.47,61.05,37.19,1.0,14,41,3,19.9,23.37,19.49,False,True,286.43,4.43,1.089,False,321.39,-0.34,1.61,13.29,13.0,7.0,107284.0,98514.0,1.857,63800.0,102290.0,112580.0,0.567,100.0,3,1,17,5.0,5,,True
KKR,Financials,KKR & Co.,2023-12-25,81.56,10.66,34.83,48.72,35.73,1.0,20,6,4,12.6,6.24,2.34,False,True,68.39,6.8,0.897,False,84.33,-3.28,1.22,9.24,15.0,5.0,3589926.0,4001920.0,3.0,1699700.0,3753110.0,3722673.0,0.457,100.0,4,1,24,6.8,8,,True
XYZ,Financials,"Block, Inc.",2023-12-25,77.35,18.93,74.76,16.19,31.52,1.0,4,2,39,10.4,18.75,5.66,False,True,59.77,8.95,1.313,False,89.97,-14.03,0.59,21.95,12.0,8.0,11771841.0,8963850.0,1.5,8244900.0,8751710.0,10047893.0,0.821,100.0,5,1,4,3.2,3,,True
BX,Financials,Blackstone Inc.,2023-12-25,120.06,14.56,23.26,43.15,31.03,1.0,9,23,5,12.4,-7.31,0.59,False,True,99.94,6.54,1.015,False,122.45,-1.95,1.38,16.51,14.0,6.0,4160935.0,4101366.0,2.333,2049000.0,4058500.0,4176746.0,0.491,100.0,6,1,21,7.0,9,,False
HOOD,Financials,Robinhood Markets,2023-12-25,12.74,36.7,29.87,27.66,30.47,1.0,1,9,13,5.8,-6.17,21.21,False,True,10.02,16.25,1.476,False,13.51,-5.7,-1.16,44.77,13.0,7.0,23772600.0,16110042.0,1.857,14597000.0,16819200.0,18044360.0,0.809,100.0,7,1,5,4.2,4,剛爆發,False
FITB,Financials,Fifth Third Bancorp,2023-12-25,31.56,13.92,37.54,34.82,30.27,1.0,10,3,7,7.3,11.51,-1.25,False,True,25.9,4.63,0.8,False,33.16,-4.82,1.27,20.34,14.0,6.0,5955478.0,7442283.0,2.333,4063100.0,6164410.0,6519026.0,0.623,100.0,8,1,12,6.0,7,剛爆發,True
USB,Financials,U.S. Bancorp,2023-12-25,38.88,11.14,32.39,34.45,28.11,1.0,17,7,8,12.2,-9.68,-23.51,False,True,33.46,7.59,0.941,False,42.5,-8.51,1.06,14.82,12.0,8.0,10522591.0,11180087.0,1.5,6441000.0,9679330.0,11292520.0,0.57,98.28,9,24,16,16.4,19,吃老本,True
CFG,Financials,Citizens Financial Group,2023-12-25,29.91,16.2,25.92,31.1,26.08,1.0,6,16,9,9.6,-2.67,4.29,False,True,25.1,4.94,1.127,False,38.64,-22.59,0.7,21.53,12.0,8.0,5840666.0,5183025.0,1.5,2620900.0,4655070.0,5279286.0,0.496,100.0,10,1,19,8.2,11,剛爆發,False
TFC,Financials,Truist Financial,2023-12-25,32.73,10.97,31.29,25.84,23.49,1.0,18,8,15,14.4,1.74,-10.37,False,True,28.42,5.61,1.087,False,42.66,-23.27,1.18,14.87,13.0,7.0,10472038.0,9636028.0,1.857,8058300.0,8977930.0,9769800.0,0.825,100.0,11,1,3,5.4,6,剛爆發,True
COF,Financials,Capital One,2023-12-25,126.34,15.09,35.89,21.22,23.36,1.0,8,5,20,9.5,37.56,8.75,False,True,106.92,3.84,1.389,False,127.67,-1.04,1.14,17.43,17.0,3.0,3076147.0,2215133.0,5.667,1385000.0,2212000.0,2813080.0,0.492,100.0,12,1,20,9.2,12,剛爆發,True
PNC,Financials,PNC Financial Services,2023-12-25,140.42,11.4,27.81,26.09,22.85,1.0,16,10,14,13.8,15.89,2.49,False,True,119.66,4.33,0.804,False,146.35,-4.05,2.03,15.59,14.0,6.0,2136714.0,2658650.0,2.333,1572600.0,2121140.0,2263513.0,0.695,100.0,13,1,8,7.2,10,剛爆發,True
ALL,Financials,Allstate,2023-12-25,133.09,1.67,26.47,30.31,22.19,1.0,54,12,10,32.6,63.67,-11.56,False,True,126.93,5.63,0.729,False,137.86,-3.46,3.38,1.53,11.0,9.0,1258627.0,1727188.0,1.222,723400.0,1384050.0,1522480.0,0.475,83.36,14,26,22,20.4,23,吃老本,True
AIZ,Financials,Assurant,2023-12-25,162.14,0.11,17.87,35.29,22.14,1.0,60,31,6,40.5,65.73,41.2,False,True,155.59,4.42,0.578,False,166.43,-2.58,2.0,0.28,12.0,7.0,329541.0,570514.0,1.714,300900.0,438490.0,425180.0,0.708,86.79,15,25,7,17.4,20,吃老本,True
SCHW,Financials,Charles Schwab Corporation,2023-12-25,66.51,8.93,25.89,22.41,19.91,1.0,23,17,18,20.2,,,,,,,,,,,,,,,,,,,,,,,16,28,28,,28,吃老本,False
HBAN,Financials,Huntington Bancshares,2023-12-25,11.49,9.64,23.76,21.13,18.91,1.0,21,21,22,21.2,,,,,,,,,,,,,,,,,,,,,,,17,28,28,,28,吃老本,False
GPN,Financials,Global Payments,2023-12-25,123.5,6.22,10.27,29.41,18.83,1.0,35,53,12,35.8,1.34,1.45,False,True,112.79,6.12,0.586,False,134.26,-8.02,0.5,9.28,14.0,6.0,1903892.0,3248000.0,2.333,1066200.0,1846720.0,2435066.0,0.438,100.0,18,1,26,12.8,13,剛爆發,True
CBOE,Financials,Cboe Global Markets,2023-12-25,174.62,-0.94,14.66,30.25,18.55,0.667,65,40,11,46.7,10.62,0.44,False,True,169.9,4.43,0.806,False,179.69,-2.82,1.39,-1.99,11.0,9.0,797754.0,989611.0,1.222,521900.0,666150.0,822180.0,0.635,81.8,19,27,11,20.6,24,吃老本,True
GS,Financials,Goldman Sachs,2023-12-25,365.57,10.72,20.2,21.59,18.53,1.0,19,28,19,21.7,,,,,,,,,,,,,,,,,,,,,,,20,28,28,,28,吃老本,False
ARES,Financials,Ares Management,2023-12-25,110.21,7.08,16.39,25.18,18.46,1.0,31,36,16,29.5,,,,,,,,,,,,,,,,,,,,,,,21,28,28,,28,吃老本,False
BLK,Financials,BlackRock,2023-12-25,768.31,8.05,26.41,19.1,18.16,1.0,28,13,30,23.9,30.76,9.6,False,True,673.03,3.74,1.22,False,775.12,-0.88,1.59,8.78,14.0,6.0,757314.0,620700.0,2.333,318500.0,689990.0,702813.0,0.453,100.0,22,1,25,14.2,16,剛爆發,True
BAC,Financials,Bank of America,2023-12-25,31.75,8.75,23.95,19.28,17.82,1.0,26,19,28,24.3,,,,,,,,,,,,,,,,,,,,,,,23,28,28,,28,,False
BNY,Financials,BNY Mellon,2023-12-25,48.88,6.86,23.28,19.2,17.13,1.0,32,22,29,28.4,,,,,,,,,,,,,,,,,,,,,,,24,28,28,,28,,False
SYF,Financials,Synchrony Financial,2023-12-25,36.4,12.89,26.04,14.41,16.94,1.0,11,15,43,18.6,2.8,4.81,False,True,30.65,4.85,0.943,False,36.78,-1.02,0.37,18.02,16.0,4.0,4386093.0,4653600.0,4.0,2527200.0,3584950.0,4343913.0,0.582,100.0,25,1,15,13.4,15,剛爆發,True
WFC,Financials,Wells Fargo,2023-12-25,46.44,9.33,21.53,17.26,16.35,1.0,22,25,38,26.1,,,,,,,,,,,,,,,,,,,,,,,26,28,28,,28,,False
C,Financials,Citigroup,2023-12-25,47.54,8.91,26.69,14.49,16.15,1.0,25,11,42,24.2,24.2,-0.91,False,True,41.65,5.18,1.078,False,47.87,-0.69,1.66,11.58,13.0,7.0,20152769.0,18691957.0,1.857,13149400.0,16594140.0,19320800.0,0.681,100.0,27,1,9,13.0,14,剛爆發,True
JPM,Financials,JPMorgan Chase,2023-12-25,160.41,8.45,18.16,18.63,15.97,1.0,27,30,33,29.1,,,,,,,,,,,,,,,,,,,,,,,28,28,28,,28,,False
BEN,Financials,Franklin Resources,2023-12-25,25.67,16.23,21.2,12.93,15.82,1.0,5,26,47,19.7,42.35,5.9,False,True,21.74,4.14,1.384,False,28.59,-10.23,0.81,20.12,13.0,7.0,3390930.0,2449585.0,1.857,2031900.0,2815420.0,3264006.0,0.623,100.0,29,1,12,14.4,17,剛爆發,True
IVZ,Financials,Invesco,2023-12-25,15.99,20.05,24.74,9.06,15.73,1.0,3,18,57,18.3,-1.07,-21.61,False,True,13.08,6.17,0.971,False,17.54,-8.84,2.06,25.02,14.0,5.0,5528621.0,5691320.0,2.8,2261300.0,4065850.0,5233813.0,0.432,100.0,30,1,27,17.8,21,剛爆發,True
NTRS,Financials,Northern Trust,2023-12-25,78.6,6.09,22.58,16.02,15.18,1.0,37,24,40,33.7,,,,,,,,,,,,,,,,,,,,,,,31,28,28,,28,,False
MSCI,Financials,MSCI Inc.,2023-12-25,548.0,7.19,10.55,21.17,15.02,1.0,30,52,21,34.8,,,,,,,,,,,,,,,,,,,,,,,32,28,28,,28,,False
NDAQ,Financials,"Nasdaq, Inc.",2023-12-25,56.25,4.42,20.13,17.6,14.94,1.0,44,29,36,37.9,,,,,,,,,,,,,,,,,,,,,,,33,28,28,,28,,False
ICE,Financials,Intercontinental Exchange,2023-12-25,124.57,12.82,17.15,14.39,14.69,1.0,12,34,44,25.0,5.17,4.6,False,True,110.41,6.06,1.004,False,125.28,-0.57,3.38,13.22,14.0,6.0,3017192.0,3005266.0,2.333,2966400.0,2515900.0,3002860.0,0.988,100.0,34,1,2,14.4,17,剛爆發,True
PRU,Financials,Prudential Financial,2023-12-25,91.81,6.11,10.74,20.74,14.58,1.0,36,50,24,37.8,,,,,,,,,,,,,,,,,,,,,,,35,28,28,,28,剛爆發,False
MCO,Financials,Moody's Corporation,2023-12-25,382.8,5.26,23.79,12.82,13.67,1.0,41,20,48,36.1,,,,,,,,,,,,,,,,,,,,,,,36,28,28,,28,剛爆發,False
MS,Financials,Morgan Stanley,2023-12-25,86.1,15.28,15.57,11.55,13.49,1.0,7,39,52,25.6,6.75,18.95,False,True,74.02,3.99,1.303,False,90.5,-4.85,0.67,17.53,13.0,7.0,8880015.0,6814271.0,1.857,4772100.0,7384290.0,8530253.0,0.559,100.0,37,1,18,18.8,22,剛爆發,True
AIG,Financials,American International Group,2023-12-25,64.14,3.25,12.4,19.09,13.46,1.0,50,46,31,45.0,,,,,,,,,,,,,,,,,,,,,,,38,28,28,,28,剛爆發,False
PGR,Financials,Progressive Corporation,2023-12-25,145.7,-1.96,14.43,20.51,13.37,0.667,69,42,25,52.1,,,,,,,,,,,,,,,,,,,,,,,39,28,28,,28,剛爆發,False
FDS,Financials,FactSet,2023-12-25,462.54,4.81,9.33,19.6,13.33,1.0,43,58,26,44.1,,,,,,,,,,,,,,,,,,,,,,,40,28,28,,28,剛爆發,False
AMP,Financials,Ameriprise Financial,2023-12-25,366.38,6.61,15.68,15.26,13.2,1.0,33,38,41,36.1,,,,,,,,,,,,,,,,,,,,,,,41,28,28,,28,剛爆發,False
WRB,Financials,W. R. Berkley Corporation,2023-12-25,44.36,-2.63,12.35,20.9,12.88,0.667,70,47,23,53.7,,,,,,,,,,,,,,,,,,,,,,,42,28,28,,28,剛爆發,False
AXP,Financials,American Express,2023-12-25,181.67,7.82,26.09,8.36,12.65,1.0,29,14,59,30.5,11.87,2.64,False,True,158.87,5.84,0.883,False,182.6,-0.51,1.38,9.7,13.0,7.0,3204915.0,3628942.0,1.857,1915000.0,3068850.0,3125546.0,0.613,99.69,43,23,14,29.2,27,剛爆發,True
APO,Financials,Apollo Global Management,2023-12-25,89.8,0.53,4.34,22.58,12.51,1.0,59,66,17,52.7,,,,,,,,,,,,,,,,,,,,,,,44,28,28,,28,剛爆發,False
RF,Financials,Regions Financial Corporation,2023-12-25,17.41,11.87,14.28,11.75,12.41,1.0,15,43,51,30.6,-14.13,0.29,False,True,14.81,4.19,0.873,False,20.84,-16.43,1.25,17.84,13.0,7.0,8711561.0,9981471.0,1.857,4118300.0,7716060.0,8778320.0,0.469,100.0,45,1,23,23.0,26,剛爆發,False
CPAY,Financials,Corpay,2023-12-25,282.61,12.31,10.68,12.56,12.03,1.0,13,51,49,31.6,-0.17,0.27,False,True,247.17,5.05,1.206,False,284.39,-0.63,2.01,17.51,15.0,5.0,591053.0,490140.0,3.0,350900.0,536360.0,522140.0,0.672,100.0,46,1,10,20.8,25,剛爆發,False
MET,Financials,MetLife,2023-12-25,61.41,3.72,6.04,18.98,11.93,1.0,47,64,32,49.1,,,,,,,,,,,,,,,,,,,,,,,47,28,28,,28,剛爆發,False
AFL,Financials,Aflac,2023-12-25,78.2,-0.13,8.05,19.48,11.72,0.667,62,62,27,55.0,,,,,,,,,,,,,,,,,,,,,,,48,28,28,,28,剛爆發,False
SPGI,Financials,S&P Global,2023-12-25,408.61,4.39,20.82,10.38,11.49,1.0,45,27,55,41.6,,,,,,,,,,,,,,,,,,,,,,,49,28,28,,28,剛爆發,False
CB,Financials,Chubb Limited,2023-12-25,220.24,-0.79,8.97,18.3,11.2,0.667,64,59,34,56.5,,,,,,,,,,,,,,,,,,,,,,,50,28,28,,28,剛爆發,False
TRV,Financials,Travelers Companies (The),2023-12-25,182.65,5.25,17.28,10.98,11.13,1.0,42,33,54,41.7,,,,,,,,,,,,,,,,,,,,,,,51,28,28,,28,剛爆發,False
L,Financials,Loews Corporation,2023-12-25,69.1,-0.6,10.02,17.42,11.07,0.667,63,55,37,55.4,,,,,,,,,,,,,,,,,,,,,,,52,28,28,,28,剛爆發,False
HIG,Financials,Hartford (The),2023-12-25,76.96,3.29,14.05,12.96,10.81,1.0,48,44,46,46.4,,,,,,,,,,,,,,,,,,,,,,,53,28,28,,28,剛爆發,False
CME,Financials,CME Group,2023-12-25,191.85,-1.16,8.38,17.74,10.68,0.667,66,61,35,58.3,,,,,,,,,,,,,,,,,,,,,,,54,28,28,,28,剛爆發,False
MTB,Financials,M&T Bank,2023-12-25,127.04,3.29,9.52,13.06,9.74,1.0,48,57,45,50.1,,,,,,,,,,,,,,,,,,,,,,,55,28,28,,28,剛爆發,False
STT,Financials,State Street Corporation,2023-12-25,71.8,5.72,16.71,7.89,9.55,1.0,39,35,61,42.2,,,,,,,,,,,,,,,,,,,,,,,56,28,28,,28,剛爆發,False
V,Financials,Visa Inc.,2023-12-25,255.5,1.52,13.43,10.07,8.77,1.0,57,45,56,53.2,,,,,,,,,,,,,,,,,,,,,,,57,28,28,,28,剛爆發,False
FIS,Financials,Fidelity National Information Services,2023-12-25,56.53,1.18,9.65,11.85,8.63,1.0,58,56,50,55.8,,,,,,,,,,,,,,,,,,,,,,,58,28,28,,28,剛爆發,False
GL,Financials,Globe Life,2023-12-25,118.87,-1.31,12.18,11.5,8.46,0.667,67,48,53,58.5,,,,,,,,,,,,,,,,,,,,,,,59,28,28,,28,剛爆發,False
RJF,Financials,Raymond James Financial,2023-12-25,107.72,3.73,11.47,8.33,7.97,1.0,46,49,60,49.7,,,,,,,,,,,,,,,,,,,,,,,60,28,28,,28,剛爆發,False
FISV,Financials,Fiserv,2023-12-25,132.84,1.71,17.6,5.3,7.48,1.0,53,32,64,48.9,,,,,,,,,,,,,,,,,,,,,,,61,28,28,,28,剛爆發,False
MA,Financials,Mastercard,2023-12-25,419.58,2.93,7.89,8.76,7.08,1.0,52,63,58,56.5,,,,,,,,,,,,,,,,,,,,,,,62,28,28,,28,剛爆發,False
PFG,Financials,Principal Financial Group,2023-12-25,71.92,5.55,10.15,5.57,6.71,1.0,40,54,63,48.8,,,,,,,,,,,,,,,,,,,,,,,63,28,28,,28,剛爆發,False
WTW,Financials,Willis Towers Watson,2023-12-25,233.95,-1.37,15.84,3.19,5.21,0.667,68,37,68,58.7,,,,,,,,,,,,,,,,,,,,,,,64,28,28,,28,剛爆發,False
CINF,Financials,Cincinnati Financial,2023-12-25,97.47,1.53,1.89,7.84,4.77,1.0,56,69,62,61.1,,,,,,,,,,,,,,,,,,,,,,,65,28,28,,28,剛爆發,False
BRK-B,Financials,Berkshire Hathaway,2023-12-25,356.66,-0.11,1.82,4.59,2.72,0.667,61,70,65,64.5,,,,,,,,,,,,,,,,,,,,,,,66,28,28,,28,剛爆發,False
TROW,Financials,T. Rowe Price,2023-12-25,95.33,6.37,3.92,-1.61,1.76,0.667,34,67,73,51.7,,,,,,,,,,,,,,,,,,,,,,,67,28,28,,28,剛爆發,False
JKHY,Financials,Jack Henry & Associates,2023-12-25,157.91,1.63,8.48,-1.68,1.69,0.667,55,60,74,60.3,,,,,,,,,,,,,,,,,,,,,,,68,28,28,,28,剛爆發,False
BRO,Financials,Brown & Brown,2023-12-25,69.87,-4.09,2.01,3.66,1.31,0.667,72,68,67,69.8,,,,,,,,,,,,,,,,,,,,,,,69,28,28,,28,剛爆發,False
IBKR,Financials,Interactive Brokers,2023-12-25,20.45,6.09,-4.1,0.04,0.52,0.667,37,73,71,54.6,,,,,,,,,,,,,,,,,,,,,,,70,28,28,,28,剛爆發,False
MRSH,Financials,Marsh McLennan,2023-12-25,180.92,-4.02,-0.06,1.49,-0.28,0.333,71,71,70,70.8,,,,,,,,,,,,,,,,,,,,,,,71,28,28,,28,剛爆發,False
AJG,Financials,Arthur J. Gallagher & Co.,2023-12-25,219.56,-9.32,-1.12,2.89,-1.16,0.333,73,72,69,71.9,,,,,,,,,,,,,,,,,,,,,,,72,28,28,,28,剛爆發,False
PYPL,Financials,PayPal,2023-12-25,60.88,2.95,5.05,-7.97,-1.99,0.667,51,65,75,60.0,,,,,,,,,,,,,,,,,,,,,,,73,28,28,,28,剛爆發,False
EG,Financials,Everest Group,2023-12-25,338.48,-13.26,-4.46,4.35,-2.26,0.333,76,74,66,73.4,,,,,,,,,,,,,,,,,,,,,,,74,28,28,,28,剛爆發,False
ACGL,Financials,Arch Capital Group,2023-12-25,70.62,-10.12,-6.82,-0.77,-4.62,0.0,74,75,72,73.9,,,,,,,,,,,,,,,,,,,,,,,75,28,28,,28,剛爆發,False
AON,Financials,Aon plc,2023-12-25,285.46,-10.94,-10.06,-15.36,-12.93,0.0,75,76,76,75.5,,,,,,,,,,,,,,,,,,,,,,,76,28,28,,28,剛爆發,False
WAT,Health Care,Waters Corporation,2023-12-25,329.23,13.98,20.06,23.52,20.27,1.0,11,7,3,8.2,11.29,8.06,False,True,279.95,6.85,0.782,False,350.97,-6.19,0.13,17.33,13.0,7.0,404461.0,517371.0,1.857,282900.0,419540.0,457180.0,0.619,100.0,1,1,16,4.0,1,,True
AMGN,Health Care,Amgen,2023-12-25,266.88,5.71,8.01,31.81,19.33,1.0,35,34,1,27.9,5.9,11.27,False,True,251.07,5.58,0.736,False,267.83,-0.35,3.11,6.82,12.0,8.0,2165766.0,2944012.0,1.5,1766600.0,2586030.0,2611946.0,0.676,90.71,2,27,10,13.6,12,吃老本,True
A,Health Care,Agilent Technologies,2023-12-25,136.4,8.13,24.8,16.05,16.26,1.0,22,4,7,13.6,3.02,4.55,False,True,118.54,3.57,0.858,False,155.44,-12.25,0.23,8.97,12.0,8.0,1653925.0,1928212.0,1.5,1014400.0,1708240.0,1770200.0,0.573,92.99,3,26,17,15.0,13,吃老本,True
VRTX,Health Care,Vertex Pharmaceuticals,2023-12-25,406.89,15.87,17.01,15.62,16.03,1.0,7,11,8,8.4,2.74,0.15,False,True,371.53,4.43,1.375,False,413.0,-1.48,1.56,14.68,12.0,8.0,1759425.0,1279600.0,1.5,727400.0,1265930.0,1708620.0,0.426,100.0,4,1,29,7.8,5,,True
IDXX,Health Care,Idexx Laboratories,2023-12-25,555.05,15.01,26.94,10.52,15.75,1.0,10,3,12,8.3,6.73,8.15,False,True,478.53,5.2,0.797,False,568.3,-2.33,0.44,19.16,14.0,6.0,490278.0,615116.0,2.333,203200.0,412840.0,482660.0,0.421,100.0,5,1,30,8.4,8,,True
CRL,Health Care,Charles River Laboratories,2023-12-25,236.4,17.22,20.62,12.44,15.68,1.0,5,6,10,6.3,14.86,1.97,False,True,197.87,5.83,1.254,False,262.0,-9.77,0.29,19.95,14.0,6.0,477264.0,380550.0,2.333,226500.0,416090.0,478780.0,0.473,100.0,6,1,26,8.0,6,,True
CVS,Health Care,CVS Health,2023-12-25,71.02,15.3,14.06,16.14,15.41,1.0,9,16,6,10.5,3.72,4.23,False,True,64.12,8.18,1.255,False,82.09,-13.48,0.43,16.2,13.0,6.0,9399815.0,7490683.0,2.167,3788700.0,7398760.0,7838073.0,0.483,100.0,7,1,22,7.6,3,剛爆發,True
REGN,Health Care,Regeneron Pharmaceuticals,2023-12-25,871.1,7.78,6.72,22.23,14.74,1.0,25,36,4,24.1,7.56,3.47,False,True,814.95,7.16,0.869,False,892.49,-2.4,4.32,6.61,11.0,9.0,596545.0,686588.0,1.222,534300.0,760650.0,682126.0,0.783,89.24,8,28,3,15.0,13,吃老本,True
LLY,Health Care,Lilly (Eli),2023-12-25,572.91,-0.19,8.73,24.79,14.53,0.667,50,30,2,34.4,181.53,5.92,False,False,574.83,4.35,0.65,False,618.01,-7.3,1.91,-1.37,12.0,8.0,2340683.0,3598412.0,1.5,2000100.0,2501900.0,2954293.0,0.677,83.82,9,29,9,17.0,16,吃老本,True
ZTS,Health Care,Zoetis,2023-12-25,189.9,10.18,13.72,15.14,13.54,1.0,19,18,9,16.7,0.36,8.01,False,True,171.13,3.4,0.788,False,194.27,-2.25,1.39,11.72,16.0,4.0,1655056.0,2101500.0,4.0,1007200.0,1617020.0,1859520.0,0.542,100.0,10,1,19,8.2,7,剛爆發,True
VTRS,Health Care,Viatris,2023-12-25,9.74,15.58,11.26,11.12,12.27,1.0,8,22,11,12.8,6.75,5.44,False,True,8.56,7.38,0.815,False,10.64,-8.4,1.69,17.97,14.0,4.0,8824907.0,10832200.0,3.5,6213000.0,9034400.0,8986266.0,0.691,100.0,11,1,8,6.4,2,剛爆發,True
ABBV,Health Care,AbbVie,2023-12-25,141.12,8.06,5.01,17.46,12.0,1.0,23,42,5,25.1,2.8,3.64,False,True,132.16,2.99,0.891,False,148.2,-4.78,1.56,8.83,15.0,5.0,5343660.0,5994720.0,3.0,3712000.0,5031920.0,5614280.0,0.661,100.0,12,1,12,7.6,3,剛爆發,True
LH,Health Care,Labcorp,2023-12-25,220.72,3.8,13.44,10.38,9.5,1.0,39,21,13,28.4,1.54,-0.97,False,True,206.09,4.36,0.829,False,221.25,-0.24,2.31,4.79,14.0,6.0,700064.0,844000.0,2.333,326100.0,707910.0,730646.0,0.446,100.0,13,1,27,11.0,10,剛爆發,True
DXCM,Health Care,Dexcom,2023-12-25,124.09,6.41,33.0,-3.44,8.13,0.667,32,2,37,24.0,50.03,50.64,False,True,107.06,8.22,0.865,False,139.55,-11.08,1.05,7.42,13.0,7.0,2601476.0,3006257.0,1.857,1301700.0,2585570.0,2736580.0,0.476,97.87,14,21,24,18.8,17,吃老本,True
CI,Health Care,Cigna,2023-12-25,285.44,11.83,5.17,7.7,8.1,1.0,13,41,19,22.6,1.35,1.57,False,True,276.9,4.3,0.861,False,314.53,-9.25,0.74,14.45,14.0,6.0,2362000.0,2744366.0,2.333,1187000.0,1502390.0,2335266.0,0.508,100.0,15,1,21,10.6,9,剛爆發,True
IQV,Health Care,IQVIA,2023-12-25,231.38,6.67,17.6,2.94,7.54,1.0,31,9,25,23.2,1.75,2.5,False,True,207.37,4.13,0.824,False,241.86,-4.33,0.89,8.07,13.0,7.0,922876.0,1119500.0,1.857,517200.0,843710.0,932153.0,0.555,97.48,16,22,18,18.8,17,吃老本,True
COR,Health Care,Cencora,2023-12-25,201.2,0.63,14.42,7.29,7.41,1.0,47,14,20,31.7,1.92,3.35,False,True,193.47,4.4,0.584,False,201.65,-0.22,1.54,0.99,10.0,10.0,936970.0,1603920.0,1.0,1086400.0,1124050.0,1282993.0,0.847,76.43,17,32,1,19.8,19,吃老本,True
GILD,Health Care,Gilead Sciences,2023-12-25,74.79,5.28,9.08,7.11,7.14,1.0,36,29,21,30.9,,,,,,,,,,,,,,,,,,,,,,,18,34,34,,34,吃老本,False
CAH,Health Care,Cardinal Health,2023-12-25,97.28,-5.46,17.36,7.74,6.85,0.667,57,10,18,35.1,22.98,4.86,False,False,97.38,3.93,0.601,False,104.52,-6.93,0.07,-5.39,12.0,8.0,1688000.0,2806475.0,1.5,1508900.0,2281090.0,2300260.0,0.656,79.82,19,31,13,22.6,26,吃老本,True
COO,Health Care,Cooper Companies (The),2023-12-25,94.61,10.95,19.0,-1.29,6.84,0.667,16,8,31,16.6,-0.39,0.27,False,True,85.07,6.01,0.912,False,99.9,-5.29,2.71,12.32,12.0,8.0,1166933.0,1280150.0,1.5,597600.0,982720.0,1259520.0,0.474,96.93,20,23,25,22.2,23,,False
DHR,Health Care,Danaher Corporation,2023-12-25,227.95,3.62,5.42,8.98,6.75,1.0,40,40,16,35.2,,,,,,,,,,,,,,,,,,,,,,,21,34,34,,34,吃老本,False
CNC,Health Care,Centene Corporation,2023-12-25,74.21,-0.89,7.74,10.02,6.72,0.667,53,35,15,40.0,30.07,2.6,False,True,72.56,4.58,0.971,False,83.61,-11.24,1.09,0.72,10.0,10.0,3349010.0,3448030.0,1.0,2512200.0,3296830.0,3608873.0,0.696,82.86,22,30,7,22.2,23,吃老本,True
INCY,Health Care,Incyte,2023-12-25,62.79,16.23,8.69,0.87,6.66,1.0,6,31,29,18.1,3.1,14.45,False,True,56.31,6.36,0.941,False,86.29,-27.23,1.78,15.55,11.0,9.0,2179027.0,2314933.0,1.222,992900.0,1984510.0,2466186.0,0.403,94.85,23,25,31,25.4,30,,True
BSX,Health Care,Boston Scientific,2023-12-25,57.81,2.97,9.49,6.88,6.55,1.0,42,27,22,33.5,,,,,,,,,,,,,,,,,,,,,,,24,34,34,,34,吃老本,False
UHS,Health Care,Universal Health Services,2023-12-25,150.83,10.7,21.42,-3.09,6.49,0.667,17,5,36,17.2,7.87,4.34,False,True,135.12,5.19,0.831,False,156.44,-3.58,0.95,10.88,13.0,7.0,435846.0,524285.0,1.857,239900.0,499150.0,498360.0,0.481,99.31,25,18,23,21.8,22,剛爆發,True
MCK,Health Care,McKesson Corporation,2023-12-25,457.99,-0.36,6.61,8.65,5.89,0.667,51,38,17,40.3,,,,,,,,,,,,,,,,,,,,,,,26,34,34,,34,吃老本,False
ABT,Health Care,Abbott Laboratories,2023-12-25,103.98,4.95,14.28,2.01,5.81,1.0,37,15,27,28.4,3.7,2.89,False,True,95.72,3.88,0.676,False,108.82,-4.45,1.47,5.54,15.0,5.0,4330826.0,6409440.0,3.0,3550200.0,4666320.0,4919940.0,0.722,100.0,27,1,5,12.2,11,剛爆發,True
TECH,Health Care,Bio-Techne,2023-12-25,76.15,19.5,13.51,-5.25,5.62,0.667,4,20,42,16.4,-5.77,0.34,False,True,64.47,6.36,1.82,False,88.53,-13.98,-0.72,22.67,16.0,4.0,1245337.0,684150.0,4.0,592900.0,914310.0,1153400.0,0.514,100.0,28,1,20,15.6,15,剛爆發,False
UNH,Health Care,UnitedHealth Group,2023-12-25,499.14,-3.78,4.78,10.34,5.42,0.667,56,44,14,44.0,3.34,2.68,False,False,506.65,3.37,0.603,False,525.91,-5.09,1.27,-4.47,10.0,10.0,2316140.0,3843030.0,1.0,2080100.0,3135860.0,3201553.0,0.65,73.37,29,33,14,27.6,32,,True
ELV,Health Care,Elevance Health,2023-12-25,451.84,-2.09,8.63,6.82,5.04,0.667,55,33,23,42.0,,,,,,,,,,,,,,,,,,,,,,,30,34,34,,34,,False
DVA,Health Care,DaVita,2023-12-25,104.76,0.43,10.82,4.27,4.95,1.0,48,23,24,35.7,,,,,,,,,,,,,,,,,,,,,,,31,34,34,,34,,False
ISRG,Health Care,Intuitive Surgical,2023-12-25,337.36,7.03,15.42,-1.34,4.94,0.667,30,13,33,25.5,3.17,6.88,False,True,301.64,5.37,0.754,False,358.07,-5.78,1.17,8.53,13.0,7.0,1374646.0,1822185.0,1.857,1303300.0,1622260.0,1604233.0,0.812,96.65,32,24,2,22.8,27,剛爆發,True
TMO,Health Care,Thermo Fisher Scientific,2023-12-25,526.44,7.06,4.93,1.87,3.93,1.0,29,43,28,33.0,,,,,,,,,,,,,,,,,,,,,,,33,34,34,,34,,False
GEHC,Health Care,GE HealthCare,2023-12-25,76.95,11.4,13.69,-4.75,3.9,0.667,15,19,40,21.2,10.44,5.85,False,True,70.4,5.01,1.061,False,87.31,-11.86,0.17,12.94,12.0,8.0,2393491.0,2255875.0,1.5,1786900.0,2357430.0,2521760.0,0.709,98.9,34,19,6,22.4,25,剛爆發,True
DGX,Health Care,Quest Diagnostics,2023-12-25,130.77,1.26,13.81,-0.83,3.35,0.667,45,17,30,33.6,,,,,,,,,,,,,,,,,,,,,,,35,34,34,,34,,False
SYK,Health Care,Stryker Corporation,2023-12-25,292.43,0.83,9.88,-1.3,2.02,0.667,46,26,32,37.2,,,,,,,,,,,,,,,,,,,,,,,36,34,34,,34,,False
STE,Health Care,Steris,2023-12-25,214.94,8.03,0.46,-1.8,1.22,0.667,24,49,34,33.5,,,,,,,,,,,,,,,,,,,,,,,37,34,34,,34,,False
MRK,Health Care,Merck & Co.,2023-12-25,100.8,6.14,6.66,-4.19,1.11,0.667,33,37,39,35.4,,,,,,,,,,,,,,,,,,,,,,,38,34,34,,34,,False
MTD,Health Care,Mettler Toledo,2023-12-25,1212.96,9.82,9.47,-7.52,1.06,0.667,20,28,45,27.4,,,,,,,,,,,,,,,,,,,,,,,39,34,34,,34,,False
RVTY,Health Care,Revvity,2023-12-25,108.5,19.75,-1.19,-7.87,0.71,0.333,3,50,47,25.9,-1.11,2.0,False,True,93.05,10.51,1.181,False,144.02,-24.66,3.36,22.96,13.0,7.0,955461.0,809028.0,1.857,385100.0,943010.0,1012906.0,0.38,100.0,40,1,33,23.0,28,剛爆發,False
MDT,Health Care,Medtronic,2023-12-25,75.91,3.85,6.01,-4.9,0.01,0.667,38,39,41,38.9,,,,,,,,,,,,,,,,,,,,,,,41,34,34,,34,剛爆發,False
PODD,Health Care,Insulet Corporation,2023-12-25,216.98,12.9,36.05,-24.75,-0.14,0.667,12,1,58,17.9,73.76,43.41,False,True,178.68,9.3,1.45,False,335.91,-35.41,-0.91,14.75,14.0,6.0,913928.0,630350.0,2.333,524200.0,743470.0,832466.0,0.63,100.0,42,1,15,20.2,20,剛爆發,True
HSIC,Health Care,Henry Schein,2023-12-25,75.71,8.87,1.97,-6.65,-0.61,0.667,21,46,43,32.9,,,,,,,,,,,,,,,,,,,,,,,43,34,34,,34,剛爆發,False
HCA,Health Care,HCA Healthcare,2023-12-25,265.65,7.5,10.29,-10.4,-0.75,0.667,28,24,49,31.0,,,,,,,,,,,,,,,,,,,,,,,44,34,34,,34,剛爆發,False
VEEV,Health Care,Veeva Systems,2023-12-25,192.52,7.65,-5.37,-2.63,-0.75,0.333,27,53,35,36.4,,,,,,,,,,,,,,,,,,,,,,,44,34,34,,34,剛爆發,False
JNJ,Health Care,Johnson & Johnson,2023-12-25,145.8,-1.04,1.44,-3.85,-1.83,0.333,54,47,38,48.7,,,,,,,,,,,,,,,,,,,,,,,46,34,34,,34,剛爆發,False
BIIB,Health Care,Biogen,2023-12-25,258.77,10.28,0.68,-9.16,-1.84,0.667,18,48,48,33.0,,,,,,,,,,,,,,,,,,,,,,,47,34,34,,34,剛爆發,False
HUM,Health Care,Humana,2023-12-25,443.15,-7.37,-5.72,2.77,-1.88,0.333,58,54,26,50.4,,,,,,,,,,,,,,,,,,,,,,,48,34,34,,34,剛爆發,False
MRNA,Health Care,Moderna,2023-12-25,99.45,24.58,-3.72,-18.15,-3.86,0.333,1,51,52,26.2,-364.44,12.16,False,True,80.18,20.83,1.555,False,212.47,-53.19,9.09,27.99,14.0,6.0,6665907.0,4287700.0,2.333,5204600.0,5961740.0,6791746.0,0.766,100.0,49,1,4,20.8,21,剛爆發,False
BDX,Health Care,Becton Dickinson,2023-12-25,182.05,2.76,-5.3,-6.95,-4.11,0.333,43,52,44,45.9,,,,,,,,,,,,,,,,,,,,,,,50,34,34,,34,剛爆發,False
EW,Health Care,Edwards Lifesciences,2023-12-25,76.25,11.54,10.06,-19.17,-4.18,0.667,14,25,54,25.3,-0.66,1.89,False,True,69.17,5.69,0.961,False,94.87,-19.63,1.73,12.61,13.0,7.0,4853469.0,5052114.0,1.857,1905700.0,4053780.0,4964446.0,0.384,100.0,51,1,32,27.2,31,剛爆發,False
RMD,Health Care,ResMed,2023-12-25,168.03,7.75,16.7,-20.81,-4.29,0.667,26,12,56,27.8,1.68,-5.38,False,True,152.37,7.1,1.041,False,236.05,-28.81,-1.6,9.06,13.0,7.0,857984.0,824528.0,1.857,549400.0,790730.0,823713.0,0.667,100.0,52,1,11,23.4,29,剛爆發,True
BAX,Health Care,Baxter International,2023-12-25,36.87,5.77,3.26,-13.87,-4.68,0.667,34,45,50,40.5,,,,,,,,,,,,,,,,,,,,,,,53,34,34,,34,剛爆發,False
ZBH,Health Care,Zimmer Biomet,2023-12-25,118.84,3.37,8.66,-16.07,-5.03,0.667,41,32,51,40.3,,,,,,,,,,,,,,,,,,,,,,,54,34,34,,34,剛爆發,False
WST,Health Care,West Pharmaceutical Services,2023-12-25,349.33,0.09,-6.1,-7.83,-5.42,0.333,49,55,46,50.2,,,,,,,,,,,,,,,,,,,,,,,55,34,34,,34,剛爆發,False
ALGN,Health Care,Align Technology,2023-12-25,274.0,24.29,-10.26,-22.52,-7.75,0.333,2,56,57,29.2,-5.46,9.09,False,True,225.69,10.18,0.75,False,413.2,-33.69,-0.04,28.16,11.0,9.0,1140072.0,1519488.0,1.222,614100.0,1351690.0,1437886.0,0.427,98.34,56,20,28,36.0,33,剛爆發,False
BMY,Health Care,Bristol Myers Squibb,2023-12-25,45.01,2.42,-10.7,-18.23,-11.19,0.333,44,57,53,49.7,,,,,,,,,,,,,,,,,,,,,,,57,34,34,,34,剛爆發,False
PFE,Health Care,Pfizer,2023-12-25,24.06,-0.42,-12.03,-19.57,-12.9,0.0,52,58,55,54.4,,,,,,,,,,,,,,,,,,,,,,,58,34,34,,34,剛爆發,False
VRT,Industrials,Vertiv,2023-12-25,47.88,6.46,29.18,94.01,55.92,1.0,36,7,1,20.3,18.35,59.38,False,True,43.2,5.11,0.974,False,50.08,-4.38,-1.13,10.07,13.0,7.0,5015638.0,5147585.0,1.857,3012600.0,3098340.0,4701233.0,0.641,100.0,1,1,10,2.8,2,,True
UBER,Industrials,Uber,2023-12-25,61.57,7.36,33.88,42.62,31.62,1.0,28,4,2,15.6,9.66,47.4,False,True,54.2,4.7,0.413,False,63.53,-3.09,0.18,9.21,13.0,7.0,31678369.0,76772085.0,1.857,21615400.0,55498450.0,48523360.0,0.445,90.67,2,27,24,16.4,17,吃老本,True
AXON,Industrials,Axon Enterprise,2023-12-25,258.33,11.58,29.82,32.4,26.55,1.0,6,5,4,5.3,34.78,78.63,False,True,229.63,4.09,1.264,False,260.69,-0.91,0.58,12.38,14.0,6.0,440085.0,348083.0,2.333,330600.0,389400.0,393566.0,0.84,100.0,3,1,2,2.0,1,,True
LII,Industrials,Lennox International,2023-12-25,437.31,7.25,19.81,37.99,25.76,1.0,29,23,3,22.0,13.99,18.88,False,True,394.92,4.07,0.638,False,440.67,-0.76,1.11,10.32,14.0,6.0,203035.0,318266.0,2.333,98700.0,171240.0,244913.0,0.403,100.0,4,1,28,7.6,5,,True
URI,Industrials,United Rentals,2023-12-25,560.79,14.27,29.42,29.58,25.71,1.0,4,6,5,4.8,5.02,10.46,False,True,469.74,5.04,1.135,False,572.6,-2.06,0.43,20.46,12.0,8.0,766233.0,675087.0,1.5,300500.0,674820.0,712433.0,0.422,100.0,5,1,26,7.6,5,,True
BLDR,Industrials,Builders FirstSource,2023-12-25,166.94,19.86,34.1,22.75,24.86,1.0,1,3,11,3.6,8.19,50.24,False,True,136.5,7.12,0.296,False,171.03,-2.39,1.41,24.48,14.0,6.0,1721842.0,5808650.0,2.333,850300.0,3955500.0,3265420.0,0.26,100.0,6,1,31,9.0,9,,True
BA,Industrials,Boeing,2023-12-25,260.66,11.46,35.99,23.44,23.58,1.0,7,1,9,5.6,-25.01,8.24,False,True,220.52,4.52,1.418,False,267.54,-2.57,-0.52,12.53,14.0,6.0,6594228.0,4649483.0,2.333,3686600.0,5950490.0,6222486.0,0.592,100.0,7,1,15,6.2,4,剛爆發,False
TT,Industrials,Trane Technologies,2023-12-25,238.6,7.19,20.61,28.42,21.16,1.0,30,20,6,22.2,4.75,4.77,False,True,217.44,4.47,1.351,False,239.94,-0.56,0.21,8.2,16.0,4.0,1154043.0,854175.0,4.0,755500.0,965070.0,1082633.0,0.698,100.0,8,1,5,4.6,3,剛爆發,True
CTAS,Industrials,Cintas,2023-12-25,147.51,7.96,25.61,21.88,19.33,1.0,21,11,13,16.4,3.52,0.47,False,True,133.31,9.3,0.882,False,148.76,-0.84,2.15,8.93,11.0,9.0,1609090.0,1824755.0,1.222,1136400.0,1876400.0,1804533.0,0.63,89.99,9,29,12,17.6,18,吃老本,True
FIX,Industrials,Comfort Systems USA,2023-12-25,204.06,4.61,20.84,25.57,19.15,1.0,48,19,7,31.1,26.29,23.17,False,True,188.31,5.05,0.31,False,209.96,-2.81,-0.42,6.25,10.0,10.0,292210.0,943050.0,1.0,227500.0,880150.0,704006.0,0.323,74.0,10,31,30,22.4,28,吃老本,True
BR,Industrials,Broadridge Financial Solutions,2023-12-25,196.92,5.73,15.39,25.27,17.92,1.0,41,40,8,34.1,12.95,3.44,False,True,177.23,8.69,1.047,False,198.39,-0.74,4.78,6.6,11.0,8.0,652790.0,623450.0,1.375,441100.0,616020.0,583546.0,0.756,94.82,11,24,4,14.8,15,吃老本,True
UNP,Industrials,Union Pacific Corporation,2023-12-25,232.27,6.75,21.3,21.42,17.72,1.0,34,17,15,25.1,3.16,-6.67,False,True,210.59,3.94,0.981,False,233.57,-0.55,1.45,9.65,13.0,7.0,2581884.0,2633128.0,1.857,1228700.0,2279030.0,2557540.0,0.48,100.0,12,1,21,9.4,10,剛爆發,True
PCAR,Industrials,Paccar,2023-12-25,90.96,8.33,19.1,21.43,17.57,1.0,17,25,14,18.8,10.23,7.61,False,True,82.48,3.0,1.196,True,91.47,-0.56,0.77,9.94,15.0,5.0,2366646.0,1979160.0,3.0,1174900.0,1904850.0,2204340.0,0.533,100.0,13,1,19,9.4,10,剛爆發,True
MAS,Industrials,Masco,2023-12-25,64.15,7.75,25.95,17.89,17.37,1.0,22,10,21,18.2,9.29,23.65,False,True,57.03,4.64,0.923,False,66.72,-3.85,-0.59,10.62,11.0,9.0,1532918.0,1661277.0,1.222,1079000.0,1648570.0,1667653.0,0.647,90.62,14,28,9,18.6,23,吃老本,True
HII,Industrials,Huntington Ingalls Industries,2023-12-25,246.56,8.75,27.61,15.35,16.77,1.0,15,8,27,15.3,8.9,7.82,False,True,225.63,3.01,0.409,False,246.9,-0.14,2.21,9.54,16.0,4.0,221056.0,540150.0,4.0,168200.0,264320.0,302606.0,0.556,100.0,15,1,18,10.0,12,剛爆發,True
CAT,Industrials,Caterpillar Inc.,2023-12-25,284.93,15.15,8.86,21.39,16.7,1.0,3,56,16,21.5,15.18,21.24,False,True,247.69,6.58,1.225,False,288.33,-1.18,1.93,17.93,15.0,5.0,3455520.0,2821360.0,3.0,2300600.0,3199750.0,3380140.0,0.681,100.0,16,1,6,8.0,8,剛爆發,True
GD,Industrials,General Dynamics,2023-12-25,246.16,4.0,18.23,22.17,16.64,1.0,54,31,12,38.7,3.93,3.93,False,True,234.18,4.13,0.82,False,246.36,-0.08,2.87,5.14,16.0,4.0,946387.0,1154625.0,4.0,812300.0,900020.0,973560.0,0.834,100.0,17,1,3,7.8,7,剛爆發,True
IR,Industrials,Ingersoll Rand,2023-12-25,77.16,7.06,21.41,18.4,16.32,1.0,32,16,20,24.8,,,,,,,,,,,,,,,,,,,,,,,18,32,32,,32,吃老本,False
LDOS,Industrials,Leidos,2023-12-25,105.37,-0.3,17.85,23.22,16.0,0.667,72,33,10,47.9,21.82,14.57,False,True,101.0,2.91,0.657,False,108.07,-2.49,1.55,1.21,10.0,10.0,558380.0,849770.0,1.0,478400.0,668990.0,712273.0,0.672,77.84,19,30,7,21.0,26,吃老本,True
TDG,Industrials,TransDigm Group,2023-12-25,896.49,4.26,24.39,17.29,15.81,1.0,52,13,22,34.3,5.18,13.22,False,True,822.87,4.05,0.694,False,902.61,-0.68,1.76,5.06,13.0,7.0,155976.0,224828.0,1.857,161200.0,172970.0,185760.0,0.868,93.74,20,25,1,18.2,21,,True
PH,Industrials,Parker Hannifin,2023-12-25,449.42,4.67,18.7,18.98,15.33,1.0,47,26,18,34.9,,,,,,,,,,,,,,,,,,,,,,,21,32,32,,32,吃老本,False
AOS,Industrials,A. O. Smith,2023-12-25,78.18,7.43,25.25,14.28,15.31,1.0,25,12,28,21.7,13.36,11.76,False,True,71.15,4.82,0.612,False,78.49,-0.4,1.08,9.39,16.0,4.0,826281.0,1350725.0,4.0,610900.0,853720.0,920826.0,0.663,100.0,22,1,8,10.8,13,剛爆發,True
ETN,Industrials,Eaton Corporation,2023-12-25,233.48,4.5,13.36,20.71,14.82,1.0,50,45,17,41.9,,,,,,,,,,,,,,,,,,,,,,,23,32,32,,32,吃老本,False
EFX,Industrials,Equifax,2023-12-25,242.4,11.33,35.25,5.49,14.39,1.0,8,2,51,14.8,-0.58,3.01,False,True,204.17,6.13,0.962,False,247.6,-2.1,2.1,13.59,13.0,7.0,1001338.0,1040628.0,1.857,488300.0,956480.0,1067853.0,0.457,100.0,24,1,23,14.6,14,剛爆發,False
WAB,Industrials,Wabtec,2023-12-25,125.33,5.64,19.59,16.06,14.34,1.0,44,24,26,34.4,,,,,,,,,,,,,,,,,,,,,,,25,32,32,,32,吃老本,False
MMM,Industrials,3M,2023-12-25,85.87,9.48,18.61,12.6,13.32,1.0,12,28,30,20.4,14.23,23.34,False,True,76.33,6.12,0.766,False,96.22,-10.76,3.56,10.35,13.0,7.0,4056740.0,5297015.0,1.857,2887622.0,4176324.0,4645248.0,0.622,98.89,26,22,13,21.8,27,,True
GE,Industrials,GE Aerospace,2023-12-25,100.35,4.25,15.52,16.43,13.16,1.0,53,38,24,42.7,,,,,,,,,,,,,,,,,,,,,,,27,32,32,,32,,False
ALLE,Industrials,Allegion,2023-12-25,122.93,17.0,22.05,6.41,12.97,1.0,2,14,45,14.2,11.36,2.6,False,True,104.05,9.37,1.517,False,124.61,-1.35,2.99,19.87,11.0,9.0,1228872.0,810333.0,1.222,672700.0,1090480.0,1150080.0,0.585,100.0,28,1,16,14.8,15,剛爆發,True
FAST,Industrials,Fastenal,2023-12-25,30.51,7.16,20.01,11.83,12.71,1.0,31,22,31,28.3,,,,,,,,,,,,,,,,,,,,,,,29,32,32,,32,,False
PNR,Industrials,Pentair,2023-12-25,70.46,9.7,12.69,13.33,12.26,1.0,11,47,29,25.4,4.14,7.94,False,True,62.73,5.0,1.034,False,71.0,-0.76,1.99,12.66,14.0,6.0,1380071.0,1335083.0,2.333,577200.0,1290640.0,1458353.0,0.396,100.0,30,1,29,18.2,21,剛爆發,True
PWR,Industrials,Quanta Services,2023-12-25,215.19,13.3,15.41,9.94,12.15,1.0,5,39,33,20.8,6.17,0.61,False,True,186.83,3.83,1.003,False,218.46,-1.5,1.62,14.65,13.0,7.0,1029423.0,1026114.0,1.857,457100.0,922730.0,1046400.0,0.437,100.0,31,1,25,17.8,19,剛爆發,True
LHX,Industrials,L3Harris,2023-12-25,201.0,8.18,21.7,8.94,11.94,1.0,19,15,37,21.4,5.24,0.8,False,True,182.22,2.67,1.133,True,204.23,-1.58,1.48,10.38,13.0,7.0,1505961.0,1329128.0,1.857,628800.0,1197030.0,1510200.0,0.416,100.0,32,1,27,18.6,23,剛爆發,True
CARR,Industrials,Carrier Global,2023-12-25,55.56,8.31,4.84,16.41,11.49,1.0,18,63,25,32.9,,,,,,,,,,,,,,,,,,,,,,,33,32,32,,32,,False
TXT,Industrials,Textron,2023-12-25,80.23,3.29,2.94,18.97,11.04,1.0,57,66,19,52.1,,,,,,,,,,,,,,,,,,,,,,,34,32,32,,32,,False
NDSN,Industrials,Nordson Corporation,2023-12-25,255.77,10.92,18.69,7.04,10.92,1.0,9,27,43,21.2,2.64,1.36,False,True,226.12,6.45,1.207,False,257.54,-0.69,1.93,12.55,14.0,6.0,276071.0,228750.0,2.333,155200.0,236880.0,275146.0,0.564,100.0,35,1,17,17.8,19,剛爆發,True
HWM,Industrials,Howmet Aerospace,2023-12-25,53.76,2.31,17.14,9.41,9.56,1.0,63,36,36,49.5,,,,,,,,,,,,,,,,,,,,,,,36,32,32,,32,,False
XYL,Industrials,Xylem Inc.,2023-12-25,110.96,7.68,26.04,2.21,9.53,1.0,24,9,59,26.5,11.8,20.68,False,True,98.86,4.75,0.842,False,113.58,-2.3,2.39,8.78,14.0,6.0,1223021.0,1452650.0,2.333,698900.0,1220970.0,1357740.0,0.515,100.0,37,1,20,19.2,25,剛爆發,True
EME,Industrials,Emcor,2023-12-25,214.07,0.52,2.48,16.8,9.15,1.0,69,67,23,59.2,,,,,,,,,,,,,,,,,,,,,,,38,32,32,,32,剛爆發,False
NSC,Industrials,Norfolk Southern,2023-12-25,224.31,4.38,20.89,5.61,9.12,1.0,51,18,49,40.7,,,,,,,,,,,,,,,,,,,,,,,39,32,32,,32,剛爆發,False
SWK,Industrials,Stanley Black & Decker,2023-12-25,88.51,4.61,18.42,6.53,9.02,1.0,48,30,44,41.8,,,,,,,,,,,,,,,,,,,,,,,40,32,32,,32,剛爆發,False
GWW,Industrials,W. W. Grainger,2023-12-25,811.67,3.12,20.07,5.61,8.6,1.0,60,21,49,46.1,,,,,,,,,,,,,,,,,,,,,,,41,32,32,,32,剛爆發,False
RSG,Industrials,Republic Services,2023-12-25,160.43,0.93,16.1,8.42,8.47,1.0,66,37,39,51.9,,,,,,,,,,,,,,,,,,,,,,,42,32,32,,32,剛爆發,False
ITW,Industrials,Illinois Tool Works,2023-12-25,246.7,7.38,14.34,5.91,8.38,1.0,27,41,47,35.2,,,,,,,,,,,,,,,,,,,,,,,43,32,32,,32,剛爆發,False
JBHT,Industrials,J.B. Hunt,2023-12-25,194.84,5.24,6.21,10.83,8.27,1.0,45,60,32,46.9,,,,,,,,,,,,,,,,,,,,,,,44,32,32,,32,剛爆發,False
ROL,Industrials,"Rollins, Inc.",2023-12-25,42.3,6.75,17.45,2.69,7.4,1.0,34,35,56,38.7,,,,,,,,,,,,,,,,,,,,,,,45,32,32,,32,剛爆發,False
WM,Industrials,Waste Management,2023-12-25,172.54,3.05,17.98,4.17,7.34,1.0,61,32,53,50.7,,,,,,,,,,,,,,,,,,,,,,,46,32,32,,32,剛爆發,False
EXPD,Industrials,Expeditors International,2023-12-25,123.52,5.92,11.61,5.62,7.19,1.0,39,51,48,44.4,,,,,,,,,,,,,,,,,,,,,,,47,32,32,,32,剛爆發,False
DOV,Industrials,Dover Corporation,2023-12-25,149.69,7.4,10.65,4.92,6.97,1.0,26,52,52,39.0,,,,,,,,,,,,,,,,,,,,,,,48,32,32,,32,剛爆發,False
EMR,Industrials,Emerson Electric,2023-12-25,93.19,8.0,1.39,8.91,6.8,1.0,20,69,38,38.3,,,,,,,,,,,,,,,,,,,,,,,49,32,32,,32,剛爆發,False
CPRT,Industrials,Copart,2023-12-25,49.0,-2.25,13.72,7.44,6.59,0.667,74,44,41,58.4,,,,,,,,,,,,,,,,,,,,,,,50,32,32,,32,剛爆發,False
HON,Industrials,Honeywell Technologies,2023-12-25,196.56,6.03,14.18,2.22,6.16,1.0,38,42,58,43.2,,,,,,,,,,,,,,,,,,,,,,,51,32,32,,32,剛爆發,False
CSX,Industrials,CSX Corporation,2023-12-25,33.45,3.8,13.14,2.39,5.43,1.0,55,46,57,52.7,,,,,,,,,,,,,,,,,,,,,,,52,32,32,,32,剛爆發,False
AME,Industrials,Ametek,2023-12-25,162.26,5.16,11.77,2.19,5.33,1.0,46,49,60,49.7,,,,,,,,,,,,,,,,,,,,,,,53,32,32,,32,剛爆發,False
SNA,Industrials,Snap-on,2023-12-25,270.28,3.21,14.01,1.52,5.06,1.0,58,43,61,54.1,,,,,,,,,,,,,,,,,,,,,,,54,32,32,,32,剛爆發,False
ODFL,Industrials,Old Dominion,2023-12-25,199.64,-0.0,-0.83,9.83,4.71,0.333,71,73,34,64.2,,,,,,,,,,,,,,,,,,,,,,,55,32,32,,32,剛爆發,False
OTIS,Industrials,Otis Worldwide,2023-12-25,85.6,3.14,11.86,1.33,4.41,1.0,59,48,63,56.5,,,,,,,,,,,,,,,,,,,,,,,56,32,32,,32,剛爆發,False
PAYX,Industrials,Paychex,2023-12-25,108.39,-3.88,4.08,8.08,4.09,0.667,76,65,40,65.5,,,,,,,,,,,,,,,,,,,,,,,57,32,32,,32,剛爆發,False
J,Industrials,Jacobs Solutions,2023-12-25,104.87,0.19,-4.72,9.62,3.67,0.667,70,77,35,65.1,,,,,,,,,,,,,,,,,,,,,,,58,32,32,,32,剛爆發,False
IEX,Industrials,IDEX Corporation,2023-12-25,208.94,6.93,4.69,1.47,3.64,1.0,33,64,62,48.1,,,,,,,,,,,,,,,,,,,,,,,59,32,32,,32,剛爆發,False
DE,Industrials,Deere & Company,2023-12-25,386.48,8.82,6.35,-0.6,3.49,0.667,14,59,66,37.9,11.53,24.66,False,True,361.87,5.3,0.92,False,431.82,-10.5,2.03,10.13,12.0,8.0,1867125.0,2028687.0,1.5,1104300.0,1498610.0,1861293.0,0.593,95.5,60,23,14,36.0,30,剛爆發,True
HUBB,Industrials,Hubbell Incorporated,2023-12-25,318.78,8.39,5.39,-0.04,3.42,0.667,16,62,64,39.4,,,,,,,,,,,,,,,,,,,,,,,61,32,32,,32,剛爆發,False
ADP,Industrials,Automatic Data Processing,2023-12-25,219.53,0.62,-2.58,7.17,3.1,0.667,68,75,42,64.9,,,,,,,,,,,,,,,,,,,,,,,62,32,32,,32,剛爆發,False
LMT,Industrials,Lockheed Martin,2023-12-25,424.01,0.85,11.62,-0.19,3.02,0.667,67,50,65,61.5,,,,,,,,,,,,,,,,,,,,,,,63,32,32,,32,剛爆發,False
VRSK,Industrials,Verisk Analytics,2023-12-25,234.6,-1.46,1.25,5.97,2.93,0.667,73,70,46,66.7,,,,,,,,,,,,,,,,,,,,,,,64,32,32,,32,剛爆發,False
NOC,Industrials,Northrop Grumman,2023-12-25,449.12,-2.44,6.77,3.56,2.87,0.667,75,58,54,65.7,,,,,,,,,,,,,,,,,,,,,,,65,32,32,,32,剛爆發,False
CMI,Industrials,Cummins,2023-12-25,228.0,5.86,5.66,-0.83,2.46,0.667,40,61,67,51.7,,,,,,,,,,,,,,,,,,,,,,,66,32,32,,32,剛爆發,False
ROK,Industrials,Rockwell Automation,2023-12-25,297.92,10.31,9.14,-4.92,2.4,0.667,10,53,69,34.7,4.87,-5.66,False,True,266.27,3.56,1.059,False,331.49,-10.13,1.22,12.72,13.0,7.0,742546.0,701057.0,1.857,326000.0,553480.0,697893.0,0.467,100.0,67,1,22,31.6,29,剛爆發,True
FTV,Industrials,Fortive,2023-12-25,54.9,6.25,-0.6,-1.32,0.75,0.333,37,72,68,53.7,,,,,,,,,,,,,,,,,,,,,,,68,32,32,,32,剛爆發,False
FDX,Industrials,FedEx,2023-12-25,193.61,-3.88,-4.06,3.03,-0.47,0.333,76,76,55,71.8,,,,,,,,,,,,,,,,,,,,,,,69,32,32,,32,剛爆發,False
GNRC,Industrials,Generac,2023-12-25,129.24,5.67,18.61,-13.34,-0.6,0.667,43,28,73,44.5,,,,,,,,,,,,,,,,,,,,,,,70,32,32,,32,剛爆發,False
RTX,Industrials,RTX Corporation,2023-12-25,80.1,2.21,17.77,-12.87,-1.44,0.667,64,34,72,56.6,,,,,,,,,,,,,,,,,,,,,,,71,32,32,,32,剛爆發,False
CHRW,Industrials,C.H. Robinson,2023-12-25,81.71,3.76,1.06,-7.15,-2.37,0.667,56,71,70,63.3,,,,,,,,,,,,,,,,,,,,,,,72,32,32,,32,剛爆發,False
JCI,Industrials,Johnson Controls,2023-12-25,55.68,7.7,9.07,-14.25,-2.93,0.667,23,54,74,42.5,,,,,,,,,,,,,,,,,,,,,,,73,32,32,,32,剛爆發,False
DAL,Industrials,Delta Air Lines,2023-12-25,39.02,5.73,9.03,-14.96,-3.79,0.667,41,55,75,52.0,,,,,,,,,,,,,,,,,,,,,,,74,32,32,,32,剛爆發,False
UPS,Industrials,United Parcel Service,2023-12-25,136.12,1.5,2.05,-10.45,-4.34,0.667,65,68,71,67.1,,,,,,,,,,,,,,,,,,,,,,,75,32,32,,32,剛爆發,False
LUV,Industrials,Southwest Airlines,2023-12-25,27.38,8.87,7.34,-19.29,-5.59,0.667,13,57,76,38.8,-3.12,-1.08,False,True,24.46,6.18,0.978,False,37.04,-26.07,-2.43,13.64,11.0,9.0,9440281.0,9652455.0,1.222,5699600.0,7130360.0,9034606.0,0.631,92.66,76,26,11,43.0,31,剛爆發,False
UAL,Industrials,United Airlines Holdings,2023-12-25,41.26,2.53,-2.46,-24.8,-12.38,0.333,62,74,77,68.6,,,,,,,,,,,,,,,,,,,,,,,77,32,32,,32,剛爆發,False
CRWD,Information Technology,CrowdStrike,2023-12-25,63.83,8.63,52.54,73.84,52.21,1.0,27,1,1,14.0,10.85,32.62,False,True,54.33,4.36,1.386,False,65.45,-2.48,-0.78,7.73,12.0,8.0,12460200.0,8992850.0,1.5,7435600.0,10051560.0,10462746.0,0.711,100.0,1,1,7,2.2,1,,True
INTC,Information Technology,Intel,2023-12-25,49.59,14.88,41.82,51.31,39.83,1.0,7,4,3,5.3,87.04,546.43,False,True,41.21,12.22,1.352,False,50.6,-2.01,6.73,12.42,11.0,9.0,46986600.0,34744277.0,1.222,29288700.0,41384250.0,42815653.0,0.684,100.0,2,1,11,3.4,3,,True
GDDY,Information Technology,GoDaddy,2023-12-25,106.16,4.07,42.53,41.3,32.3,1.0,45,3,7,24.8,52.3,-4.25,False,True,93.2,3.78,1.29,False,107.82,-1.54,-0.69,6.1,14.0,6.0,1644550.0,1274366.0,2.333,769100.0,1139060.0,1411726.0,0.545,100.0,3,1,24,6.4,4,,True
ANET,Information Technology,Arista Networks,2023-12-25,58.88,8.71,28.04,45.32,31.85,1.0,26,16,4,18.6,16.12,9.89,False,True,53.71,3.88,1.139,False,60.17,-2.15,0.07,7.19,11.0,9.0,6913309.0,6069911.0,1.222,3604800.0,5945040.0,6604800.0,0.546,92.61,4,25,23,16.2,13,吃老本,True
FICO,Information Technology,Fair Isaac,2023-12-25,1164.01,3.22,34.02,43.85,31.23,1.0,48,7,5,27.1,-4.0,7.88,False,True,1038.41,5.09,1.166,False,1185.42,-1.81,-0.12,7.03,14.0,6.0,203635.0,174650.0,2.333,97000.0,186770.0,196760.0,0.493,100.0,5,1,28,8.0,6,,False
AMD,Information Technology,Advanced Micro Devices,2023-12-25,147.41,21.44,43.37,29.41,30.91,1.0,1,2,14,3.9,3.59,1.05,False,True,121.11,11.05,1.399,False,151.05,-2.41,5.36,21.67,12.0,8.0,72257358.0,51638400.0,1.5,62079200.0,53846950.0,65661560.0,0.945,100.0,6,1,1,3.0,2,,True
STX,Information Technology,Seagate Technology,2023-12-25,81.16,8.72,30.54,40.64,30.13,1.0,25,12,8,17.7,12.22,28.52,False,True,72.21,6.1,1.074,False,82.9,-2.09,0.08,8.83,10.0,10.0,2187360.0,2037230.0,1.0,1295800.0,1822170.0,2146440.0,0.604,89.12,7,29,14,17.2,16,吃老本,True
AVGO,Information Technology,Broadcom,2023-12-25,108.75,20.58,35.01,29.98,28.89,1.0,2,6,13,5.4,0.94,1.03,False,True,94.07,5.4,2.358,False,112.09,-2.97,-0.98,21.13,11.0,9.0,62456818.0,26486666.0,1.222,20558000.0,36567600.0,51025866.0,0.403,100.0,8,1,31,9.8,8,剛爆發,True
APP,Information Technology,AppLovin,2023-12-25,39.85,4.18,-0.28,54.88,28.42,0.667,44,67,2,42.5,11.22,-17.07,False,True,39.04,14.15,1.102,False,45.1,-11.65,-7.33,6.32,10.0,10.0,2842780.0,2578550.0,1.0,2260500.0,2522850.0,2795753.0,0.809,85.16,9,30,2,16.0,11,吃老本,True
MU,Information Technology,Micron Technology,2023-12-25,84.65,12.54,25.82,35.89,27.53,1.0,14,19,11,14.9,5.85,9.27,False,True,74.93,10.99,1.332,False,87.04,-2.75,-0.03,12.26,11.0,9.0,17715381.0,13296988.0,1.222,8549200.0,19041290.0,17346826.0,0.493,98.99,10,18,28,16.8,14,吃老本,True
INTU,Information Technology,Intuit,2023-12-25,611.5,8.83,22.54,36.89,26.29,1.0,23,23,10,20.4,24.83,14.91,False,True,545.09,4.66,0.99,False,617.41,-0.96,0.65,9.37,14.0,6.0,1309542.0,1322333.0,2.333,724700.0,1238260.0,1373366.0,0.528,100.0,11,1,26,10.0,9,剛爆發,True
DELL,Information Technology,Dell Technologies,2023-12-25,73.32,6.35,11.66,43.17,26.09,1.0,38,51,6,35.5,29.19,53.07,False,True,68.47,8.54,0.732,False,74.23,-1.23,1.57,0.83,11.0,9.0,4063781.0,5554788.0,1.222,2293400.0,3488770.0,3812760.0,0.602,82.26,12,31,15,20.2,21,吃老本,True
WDC,Information Technology,Western Digital,2023-12-25,39.4,8.22,14.77,38.07,24.78,1.0,30,40,9,28.8,7.43,2.08,False,True,35.01,7.45,1.401,False,40.04,-1.58,-0.02,8.4,13.0,7.0,7469037.0,5333050.0,1.857,4601526.0,5500861.0,6701083.0,0.687,100.0,13,1,10,7.6,5,剛爆發,True
IT,Information Technology,Gartner,2023-12-25,451.11,2.26,31.29,28.77,22.77,1.0,52,10,15,32.0,30.68,13.89,False,True,411.66,3.41,0.871,False,469.58,-3.93,1.75,3.74,13.0,7.0,474053.0,544057.0,1.857,289400.0,499500.0,517806.0,0.559,96.05,14,21,20,18.0,17,吃老本,True
QCOM,Information Technology,Qualcomm,2023-12-25,137.34,11.54,31.06,23.14,22.22,1.0,17,11,22,16.2,5.93,3.35,False,True,120.42,4.55,1.238,False,139.48,-1.54,1.54,12.07,16.0,4.0,8309881.0,6712150.0,4.0,4839300.0,7744920.0,8166366.0,0.593,100.0,15,1,16,9.6,7,剛爆發,True
MPWR,Information Technology,Monolithic Power Systems,2023-12-25,619.13,12.9,36.75,17.21,21.02,1.0,12,5,33,14.1,0.67,0.43,False,True,524.65,5.9,0.963,False,634.18,-2.37,1.62,15.14,12.0,8.0,437741.0,454525.0,1.5,276900.0,485320.0,486760.0,0.569,99.08,16,17,19,17.0,15,,True
DDOG,Information Technology,Datadog,2023-12-25,121.38,2.33,33.25,23.38,20.58,1.0,50,9,21,31.9,33.46,27.69,False,True,106.41,3.7,1.13,False,124.69,-2.65,-0.9,4.13,11.0,9.0,3189818.0,2821900.0,1.222,2194100.0,2522000.0,2850660.0,0.77,90.23,17,28,3,18.6,18,吃老本,True
GEN,Information Technology,Gen Digital,2023-12-25,21.75,2.15,29.87,24.55,20.28,1.0,53,13,20,34.4,-0.21,0.82,False,True,19.43,2.9,1.488,True,22.29,-2.44,-1.55,3.35,11.0,8.0,3579463.0,2406112.0,1.375,2132800.0,2907480.0,2973880.0,0.717,98.05,18,19,6,16.0,11,,False
CRM,Information Technology,Salesforce,2023-12-25,258.67,1.21,29.77,24.56,20.02,1.0,57,14,19,36.5,2.52,11.45,False,True,227.84,5.24,1.318,False,263.8,-1.95,-1.54,4.46,11.0,9.0,6957081.0,5276733.0,1.222,3706600.0,5195640.0,5355773.0,0.692,93.47,19,24,9,19.0,19,,True
NOW,Information Technology,ServiceNow,2023-12-25,141.3,2.27,26.39,25.72,20.02,1.0,51,18,16,34.1,,,,,,,,,,,,,,,,,,,,,,,19,32,32,,32,吃老本,False
LRCX,Information Technology,Lam Research,2023-12-25,76.69,8.77,25.31,22.54,19.79,1.0,24,21,24,23.1,,,,,,,,,,,,,,,,,,,,,,,21,32,32,,32,吃老本,False
PTC,Information Technology,PTC Inc.,2023-12-25,174.96,9.75,23.49,22.95,19.79,1.0,20,22,23,21.2,,,,,,,,,,,,,,,,,,,,,,,21,32,32,,32,吃老本,False
AKAM,Information Technology,Akamai Technologies,2023-12-25,118.35,2.0,11.09,31.69,19.12,1.0,54,53,12,45.3,8.76,5.94,False,True,112.39,2.47,1.607,True,120.61,-1.87,-0.95,2.44,12.0,8.0,1478100.0,919775.0,1.5,772000.0,1198070.0,1315193.0,0.587,100.0,23,1,18,13.2,10,剛爆發,True
WDAY,Information Technology,"Workday, Inc.",2023-12-25,276.06,1.15,28.49,22.21,18.52,1.0,58,15,26,38.7,8.72,13.61,False,True,244.22,2.92,0.995,False,279.83,-1.35,1.16,1.97,12.0,8.0,1853808.0,1862762.0,1.5,975400.0,1328100.0,1650573.0,0.591,91.56,24,26,17,23.4,23,,True
KLAC,Information Technology,KLA Corporation,2023-12-25,56.98,5.88,27.09,20.51,18.5,1.0,40,17,28,30.7,,,,,,,,,,,,,,,,,,,,,,,25,32,32,,32,吃老本,False
IBM,Information Technology,IBM,2023-12-25,151.88,1.87,17.89,25.03,17.46,1.0,55,28,17,39.3,,,,,,,,,,,,,,,,,,,,,,,26,32,32,,32,吃老本,False
CDW,Information Technology,CDW Corporation,2023-12-25,219.01,6.94,12.99,24.59,17.28,1.0,33,45,18,33.6,,,,,,,,,,,,,,,,,,,,,,,27,32,32,,32,,False
ADSK,Information Technology,Autodesk,2023-12-25,243.48,8.25,17.67,19.0,15.98,1.0,29,29,29,29.0,,,,,,,,,,,,,,,,,,,,,,,28,32,32,,32,,False
APH,Information Technology,Amphenol,2023-12-25,48.6,7.66,18.29,17.24,15.11,1.0,31,26,32,29.7,,,,,,,,,,,,,,,,,,,,,,,29,32,32,,32,,False
FFIV,Information Technology,"F5, Inc.",2023-12-25,178.98,3.7,11.07,22.37,14.88,1.0,47,54,25,44.7,,,,,,,,,,,,,,,,,,,,,,,30,32,32,,32,,False
ADBE,Information Technology,Adobe Inc.,2023-12-25,596.6,-2.59,17.0,22.01,14.61,0.667,65,31,27,47.2,,,,,,,,,,,,,,,,,,,,,,,31,32,32,,32,,False
PANW,Information Technology,Palo Alto Networks,2023-12-25,147.44,-0.43,25.78,15.41,14.04,0.667,64,20,38,45.6,,,,,,,,,,,,,,,,,,,,,,,32,32,32,,32,,False
NXPI,Information Technology,NXP Semiconductors,2023-12-25,219.79,12.18,15.42,13.3,13.55,1.0,16,37,42,27.5,,,,,,,,,,,,,,,,,,,,,,,33,32,32,,32,,False
NVDA,Information Technology,Nvidia,2023-12-25,49.43,5.9,13.86,17.09,13.48,1.0,39,44,34,39.5,,,,,,,,,,,,,,,,,,,,,,,34,32,32,,32,,False
CTSH,Information Technology,Cognizant,2023-12-25,72.27,6.65,11.97,16.68,12.99,1.0,35,50,36,39.7,,,,,,,,,,,,,,,,,,,,,,,35,32,32,,32,,False
FLEX,Information Technology,Flex Ltd.,2023-12-25,22.95,17.24,12.9,10.2,12.64,1.0,4,46,46,25.0,17.22,12.36,False,True,20.05,8.27,1.407,False,23.17,-0.94,1.33,19.69,14.0,6.0,6330102.0,4497910.0,2.333,3341651.0,5412050.0,6025933.0,0.555,100.0,36,1,22,19.2,20,剛爆發,True
AMAT,Information Technology,Applied Materials,2023-12-25,158.82,6.91,17.31,12.61,12.36,1.0,34,30,43,34.6,,,,,,,,,,,,,,,,,,,,,,,37,32,32,,32,,False
CDNS,Information Technology,Cadence Design Systems,2023-12-25,272.37,0.75,16.25,16.14,12.32,1.0,61,33,37,47.8,,,,,,,,,,,,,,,,,,,,,,,38,32,32,,32,剛爆發,False
ACN,Information Technology,Accenture,2023-12-25,333.62,3.8,14.74,14.6,11.94,1.0,46,41,39,43.1,,,,,,,,,,,,,,,,,,,,,,,39,32,32,,32,剛爆發,False
NTAP,Information Technology,NetApp,2023-12-25,83.71,-3.42,16.96,16.93,11.85,0.667,66,32,35,49.6,,,,,,,,,,,,,,,,,,,,,,,40,32,32,,32,剛爆發,False
JBL,Information Technology,Jabil,2023-12-25,126.78,8.97,0.46,18.2,11.46,1.0,22,64,31,36.4,,,,,,,,,,,,,,,,,,,,,,,41,32,32,,32,剛爆發,False
SNPS,Information Technology,Synopsys,2023-12-25,514.91,-5.69,12.19,18.26,10.75,0.667,70,49,30,55.7,,,,,,,,,,,,,,,,,,,,,,,42,32,32,,32,剛爆發,False
MSFT,Information Technology,Microsoft,2023-12-25,368.87,0.41,19.34,10.88,10.38,1.0,63,25,45,48.0,,,,,,,,,,,,,,,,,,,,,,,43,32,32,,32,剛爆發,False
ROP,Information Technology,Roper Technologies,2023-12-25,535.02,0.85,12.73,13.71,10.25,1.0,60,47,41,52.3,,,,,,,,,,,,,,,,,,,,,,,44,32,32,,32,剛爆發,False
SMCI,Information Technology,Supermicro,2023-12-25,28.43,5.43,3.66,14.05,9.29,1.0,42,61,40,47.3,,,,,,,,,,,,,,,,,,,,,,,45,32,32,,32,剛爆發,False
TDY,Information Technology,Teledyne Technologies,2023-12-25,446.29,9.11,9.23,8.56,8.86,1.0,21,55,47,36.4,,,,,,,,,,,,,,,,,,,,,,,46,32,32,,32,剛爆發,False
SWKS,Information Technology,Skyworks Solutions,2023-12-25,102.74,14.49,14.86,2.97,8.82,1.0,8,39,50,25.7,4.71,3.48,False,True,89.39,4.98,0.945,False,110.2,-6.77,0.21,15.98,13.0,7.0,1619546.0,1714142.0,1.857,1150000.0,1536390.0,1699706.0,0.677,100.0,47,1,12,21.6,22,剛爆發,True
ADI,Information Technology,Analog Devices,2023-12-25,190.96,8.46,13.94,2.89,7.05,1.0,28,43,51,37.1,,,,,,,,,,,,,,,,,,,,,,,48,32,32,,32,剛爆發,False
MRVL,Information Technology,Marvell Technology,2023-12-25,59.82,14.22,11.54,1.1,6.99,1.0,9,52,55,31.1,2.21,1.93,False,True,53.65,7.14,0.88,False,67.29,-11.11,0.1,8.22,11.0,8.0,9528354.0,10824737.0,1.375,4778600.0,7151810.0,8565426.0,0.558,91.0,49,27,21,34.6,29,剛爆發,True
MSI,Information Technology,Motorola Solutions,2023-12-25,304.9,-3.47,15.35,7.41,6.68,0.667,67,38,48,54.5,,,,,,,,,,,,,,,,,,,,,,,50,32,32,,32,剛爆發,False
MCHP,Information Technology,Microchip Technology,2023-12-25,84.55,6.52,16.14,1.71,6.52,1.0,36,34,53,38.8,,,,,,,,,,,,,,,,,,,,,,,51,32,32,,32,剛爆發,False
KEYS,Information Technology,Keysight Technologies,2023-12-25,159.09,15.38,20.24,-4.99,6.41,0.667,6,24,63,22.8,6.38,7.26,False,True,137.22,2.98,0.819,False,189.32,-15.97,0.16,17.07,16.0,4.0,1570087.0,1916575.0,4.0,751800.0,1375260.0,1627873.0,0.462,100.0,52,1,30,27.2,25,剛爆發,True
TEL,Information Technology,TE Connectivity,2023-12-25,135.52,6.44,14.25,1.15,5.75,1.0,37,42,54,41.9,,,,,,,,,,,,,,,,,,,,,,,53,32,32,,32,剛爆發,False
HPQ,Information Technology,HP Inc.,2023-12-25,27.1,2.94,18.16,-0.23,5.16,0.667,49,27,58,44.2,,,,,,,,,,,,,,,,,,,,,,,54,32,32,,32,剛爆發,False
LITE,Information Technology,Lumentum,2023-12-25,52.42,18.46,16.02,-7.6,4.82,0.667,3,35,64,24.8,20.69,6.31,False,True,43.94,10.9,1.137,False,65.16,-19.55,1.79,22.48,11.0,9.0,1165354.0,1024666.0,1.222,757000.0,944570.0,1046613.0,0.723,100.0,55,1,5,23.4,23,剛爆發,True
TER,Information Technology,Teradyne,2023-12-25,107.52,15.62,8.15,-2.31,4.79,0.667,5,58,61,32.1,9.7,20.09,False,True,93.0,7.28,0.983,False,117.84,-8.76,1.81,17.66,11.0,9.0,1709436.0,1739711.0,1.222,1365800.0,1795230.0,1857313.0,0.735,96.85,56,20,4,31.2,28,剛爆發,True
COHR,Information Technology,Coherent Corp.,2023-12-25,43.53,13.89,33.36,-14.61,4.51,0.667,10,8,71,21.6,32.67,9.19,False,True,36.98,6.98,1.0,False,60.46,-28.0,-1.09,18.32,12.0,7.0,1654391.0,1654542.0,1.714,840900.0,1296710.0,1573060.0,0.535,100.0,57,1,25,28.2,26,剛爆發,True
PLTR,Information Technology,Palantir Technologies,2023-12-25,17.17,-15.29,7.31,12.0,4.01,0.667,72,59,44,62.5,,,,,,,,,,,,,,,,,,,,,,,58,32,32,,32,剛爆發,False
ZBRA,Information Technology,Zebra Technologies,2023-12-25,273.33,13.31,15.56,-7.61,3.41,0.667,11,36,65,29.3,4.06,0.26,False,True,230.45,7.02,1.094,False,351.74,-22.29,3.02,15.34,10.0,10.0,395310.0,361390.0,1.0,251300.0,375910.0,403993.0,0.622,94.56,59,22,13,35.0,30,剛爆發,True
AAPL,Information Technology,Apple Inc.,2023-12-25,190.38,0.67,12.6,-0.48,3.08,0.667,62,48,59,57.2,,,,,,,,,,,,,,,,,,,,,,,60,32,32,,32,剛爆發,False
TRMB,Information Technology,Trimble Inc.,2023-12-25,53.2,12.33,-1.23,0.49,3.02,0.667,15,68,56,39.1,13.19,7.52,False,True,46.7,5.44,0.781,False,62.01,-14.21,1.6,14.66,14.0,6.0,1330657.0,1704000.0,2.333,769600.0,1392140.0,1523033.0,0.505,100.0,61,1,27,30.2,27,剛爆發,True
TXN,Information Technology,Texas Instruments,2023-12-25,157.87,9.83,8.18,-3.77,2.62,0.667,19,57,62,39.0,,,,,,,,,,,,,,,,,,,,,,,62,32,32,,32,剛爆發,False
TYL,Information Technology,Tyler Technologies,2023-12-25,418.12,1.06,8.28,0.4,2.53,1.0,59,56,57,57.7,,,,,,,,,,,,,,,,,,,,,,,63,32,32,,32,剛爆發,False
HPE,Information Technology,Hewlett Packard Enterprise,2023-12-25,15.95,1.32,-1.48,2.59,1.26,0.667,56,69,52,59.1,,,,,,,,,,,,,,,,,,,,,,,64,32,32,,32,剛爆發,False
CIEN,Information Technology,Ciena,2023-12-25,45.01,-3.72,-4.76,5.93,0.84,0.333,68,70,49,64.8,,,,,,,,,,,,,,,,,,,,,,,65,32,32,,32,剛爆發,False
CSCO,Information Technology,Cisco,2023-12-25,47.01,4.23,-5.35,-0.91,-0.73,0.333,43,71,60,54.8,,,,,,,,,,,,,,,,,,,,,,,66,32,32,,32,剛爆發,False
FSLR,Information Technology,First Solar,2023-12-25,172.28,7.48,6.62,-9.37,-1.16,0.667,32,60,67,47.4,,,,,,,,,,,,,,,,,,,,,,,67,32,32,,32,剛爆發,False
GLW,Information Technology,Corning Inc.,2023-12-25,28.93,5.58,0.91,-11.5,-4.13,0.667,41,63,69,53.2,,,,,,,,,,,,,,,,,,,,,,,68,32,32,,32,剛爆發,False
ON,Information Technology,ON Semiconductor,2023-12-25,83.53,12.6,-10.13,-11.68,-5.22,0.333,13,72,70,42.1,3.45,9.82,False,True,75.27,6.7,0.914,False,111.35,-24.98,-0.14,17.1,11.0,9.0,5605363.0,6130833.0,1.222,4193800.0,5453830.0,6030066.0,0.695,94.54,69,23,8,38.4,31,剛爆發,True
VRSN,Information Technology,Verisign,2023-12-25,202.88,-5.42,1.69,-8.86,-5.36,0.333,69,62,66,66.3,,,,,,,,,,,,,,,,,,,,,,,70,32,32,,32,剛爆發,False
ORCL,Information Technology,Oracle Corporation,2023-12-25,102.15,-10.01,-0.1,-10.83,-7.94,0.0,71,65,68,68.6,,,,,,,,,,,,,,,,,,,,,,,71,32,32,,32,剛爆發,False
FTNT,Information Technology,Fortinet,2023-12-25,58.53,11.51,-0.26,-22.57,-8.47,0.333,18,66,72,43.2,,,,,,,,,,,,,,,,,,,,,,,72,32,32,,32,剛爆發,False
CRH,Materials,CRH plc,2023-12-25,67.05,8.99,29.01,26.7,22.85,1.0,3,1,1,2.0,,,False,True,58.74,5.22,1.146,False,67.35,-0.45,1.27,12.02,13.0,7.0,3534407.0,3085271.0,1.857,1540600.0,2864200.0,3338053.0,0.462,100.0,1,1,21,5.0,2,,False
SW,Materials,Smurfit Westrock,2023-12-25,37.32,5.05,23.89,26.69,20.58,1.0,9,2,2,5.5,,,False,True,32.24,6.37,2.182,False,40.05,-6.81,4.19,17.47,5.0,8.0,2700.0,1237.0,0.625,0.0,1030.0,760.0,0.0,100.0,2,1,23,5.8,4,,False
SHW,Materials,Sherwin-Williams,2023-12-25,305.11,10.47,22.57,18.0,17.26,1.0,2,3,5,2.9,15.05,22.31,False,True,267.25,3.45,1.344,False,307.3,-0.71,1.62,11.87,13.0,7.0,1695769.0,1261757.0,1.857,682000.0,1231930.0,1388740.0,0.491,100.0,3,1,18,5.2,3,,True
PKG,Materials,Packaging Corporation of America,2023-12-25,153.05,-3.28,6.89,25.24,13.52,0.667,26,17,3,18.7,6.38,15.64,False,True,148.07,2.84,0.902,False,160.01,-4.36,-0.2,-2.31,10.0,10.0,598680.0,664080.0,1.0,564100.0,528580.0,563813.0,1.001,79.31,4,23,1,11.0,8,吃老本,True
AVY,Materials,Avery Dennison,2023-12-25,192.6,4.0,11.13,18.67,13.12,1.0,13,13,4,11.2,0.01,-7.68,False,True,178.48,3.71,0.795,False,194.07,-0.76,-0.27,4.37,13.0,7.0,344784.0,433671.0,1.857,214600.0,340790.0,348366.0,0.616,94.29,5,11,9,8.2,6,吃老本,True
MLM,Materials,Martin Marietta Materials,2023-12-25,492.08,6.75,21.74,8.41,11.33,1.0,5,4,11,5.9,15.0,15.29,False,True,451.04,3.41,0.596,False,494.05,-0.4,1.31,7.39,15.0,5.0,260886.0,437380.0,3.0,191300.0,278830.0,296020.0,0.646,100.0,6,1,6,4.0,1,,True
FCX,Materials,Freeport-McMoRan,2023-12-25,41.11,8.49,14.62,7.25,9.4,1.0,4,9,12,7.1,15.14,-1.44,False,True,35.83,5.84,1.165,False,44.62,-7.86,0.81,14.07,10.0,10.0,13797950.0,11839820.0,1.0,6509700.0,10245210.0,12595033.0,0.517,94.16,7,12,16,10.8,7,,True
ECL,Materials,Ecolab,2023-12-25,193.38,3.39,17.43,6.87,8.64,1.0,15,6,13,11.9,1.16,2.43,False,True,178.16,2.76,0.943,False,196.0,-1.34,0.73,3.75,13.0,7.0,1080292.0,1145442.0,1.857,703700.0,983070.0,1068226.0,0.659,96.91,8,9,5,7.8,5,,True
IFF,Materials,International Flavors & Fragrances,2023-12-25,76.88,6.51,19.96,3.95,8.59,1.0,6,5,17,7.9,19.19,-22.34,False,True,69.76,5.57,0.754,False,107.77,-28.66,1.65,8.49,11.0,9.0,1406427.0,1865544.0,1.222,767700.0,1518130.0,1650306.0,0.465,87.28,9,17,20,14.4,17,吃老本,True
IP,Materials,International Paper,2023-12-25,32.48,-2.8,3.39,16.82,8.56,0.667,25,20,6,19.7,10.27,53.08,False,True,31.19,5.38,1.214,False,35.65,-8.89,-1.18,-2.14,10.0,10.0,3192140.0,2628750.0,1.0,1800300.0,2853330.0,2708953.0,0.665,84.5,10,20,4,12.8,15,吃老本,True
CF,Materials,CF Industries,2023-12-25,74.98,4.18,-6.81,15.68,7.18,0.667,11,25,7,14.4,12.62,26.26,False,True,73.84,7.86,1.18,False,86.23,-13.05,-0.41,5.79,10.0,10.0,2246890.0,1903950.0,1.0,1162700.0,1807560.0,1824540.0,0.637,88.96,11,16,7,12.2,13,,True
STLD,Materials,Steel Dynamics,2023-12-25,114.12,-1.03,10.54,9.24,6.99,0.667,23,15,8,17.6,-0.79,0.31,False,True,108.46,8.63,1.942,False,129.85,-12.12,-1.39,-0.51,8.0,12.0,1998325.0,1029141.0,0.667,769600.0,1438840.0,1457193.0,0.528,93.11,12,14,15,13.4,16,,False
NUE,Materials,Nucor,2023-12-25,167.78,2.44,11.65,6.81,6.93,1.0,16,12,14,14.4,8.03,4.35,False,True,153.85,5.56,1.386,False,173.85,-3.49,-1.16,2.71,11.0,9.0,1676945.0,1209588.0,1.222,903600.0,1429410.0,1431766.0,0.631,93.75,13,13,8,12.0,12,,True
DD,Materials,DuPont,2023-12-25,91.99,6.24,3.66,8.73,6.84,1.0,7,19,9,11.0,8.93,2.62,False,True,85.61,6.11,0.803,False,93.58,-1.7,3.46,7.53,13.0,7.0,2438903.0,3035743.0,1.857,1372736.0,2598686.0,2594732.0,0.529,97.82,14,7,14,11.2,9,剛爆發,True
LIN,Materials,Linde plc,2023-12-25,397.77,-0.24,10.64,8.47,6.83,0.667,21,14,10,16.7,1.62,2.37,False,True,385.92,2.28,0.917,False,420.53,-5.41,0.39,-0.43,10.0,10.0,1944850.0,2119740.0,1.0,975900.0,1451520.0,2004093.0,0.487,80.95,15,22,19,18.6,22,吃老本,True
DOW,Materials,Dow Inc.,2023-12-25,47.31,4.86,7.82,5.72,6.03,1.0,10,16,16,13.0,7.05,6.07,False,True,43.87,5.05,1.078,False,49.83,-5.05,-0.24,5.97,11.0,8.0,4321318.0,4007687.0,1.375,2271400.0,3612060.0,4025666.0,0.564,92.98,16,15,12,14.8,18,,True
PPG,Materials,PPG Industries,2023-12-25,140.98,4.12,15.8,1.81,5.89,1.0,12,8,19,12.2,6.81,4.91,False,True,128.6,3.09,0.907,False,142.76,-1.24,1.22,5.32,13.0,7.0,1710538.0,1885000.0,1.857,944200.0,1540540.0,1709146.0,0.552,97.42,17,8,13,12.6,14,剛爆發,True
VMC,Materials,Vulcan Materials Company,2023-12-25,222.88,5.28,12.6,1.1,5.02,1.0,8,11,20,11.3,2.72,19.57,False,True,208.64,2.88,0.77,False,224.67,-0.8,1.67,6.3,13.0,7.0,580276.0,754057.0,1.857,559200.0,580470.0,619886.0,0.902,95.77,18,10,2,11.6,11,剛爆發,True
BALL,Materials,Ball Corporation,2023-12-25,55.57,2.09,15.97,-0.46,4.29,0.667,17,7,21,14.8,2.78,0.18,False,True,51.02,7.07,0.631,False,59.15,-6.06,1.39,4.03,12.0,8.0,1616325.0,2561425.0,1.5,936000.0,1887420.0,1902053.0,0.492,86.52,19,18,17,18.2,21,,True
LYB,Materials,LyondellBasell,2023-12-25,80.02,-0.44,1.74,6.29,3.47,0.667,22,21,15,20.3,22.29,6.14,False,True,78.28,3.05,1.205,False,84.75,-5.59,-1.41,-0.02,10.0,10.0,1900450.0,1577530.0,1.0,998500.0,1544510.0,1648046.0,0.606,85.51,20,19,10,17.6,20,,True
NEM,Materials,Newmont,2023-12-25,39.54,0.46,13.13,-0.99,2.9,0.667,20,10,23,17.6,-10.88,-26.93,False,True,36.83,5.6,1.126,False,50.87,-22.28,-0.1,2.99,9.0,11.0,13393755.0,11891827.0,0.818,6986200.0,11364280.0,12195140.0,0.573,83.74,21,21,11,19.0,23,,True
AMCR,Materials,Amcor,2023-12-25,43.35,0.84,6.66,-0.81,1.47,0.667,19,18,22,19.3,,,,,,,,,,,,,,,,,,,,,,,22,24,24,,24,,False
MOS,Materials,Mosaic Company (The),2023-12-25,33.01,-2.62,0.94,3.19,1.18,0.667,24,22,18,22.2,,,,,,,,,,,,,,,,,,,,,,,23,24,24,,24,,False
APD,Materials,Air Products,2023-12-25,256.56,1.07,-2.77,-7.44,-4.14,0.333,18,23,24,20.7,,,,,,,,,,,,,,,,,,,,,,,24,24,24,,24,,False
CTVA,Materials,Corteva,2023-12-25,46.68,3.72,-6.0,-15.81,-8.48,0.333,14,24,25,19.2,9.97,1.2,False,True,45.7,4.78,1.502,False,62.77,-25.64,1.33,6.02,14.0,6.0,5672414.0,3777433.0,2.333,2120300.0,4599040.0,5173700.0,0.41,100.0,25,1,22,14.8,18,剛爆發,True
ALB,Materials,Albemarle Corporation,2023-12-25,138.68,14.85,-14.79,-34.91,-17.44,0.333,1,26,26,13.5,-26.71,62.22,False,True,125.5,7.98,1.203,False,278.82,-50.26,-0.67,19.48,13.0,7.0,3561200.0,2959285.0,1.857,2834600.0,2609630.0,3161680.0,0.897,100.0,26,1,3,11.4,10,剛爆發,False
SPG,Real Estate,Simon Property Group,2023-12-25,126.28,12.35,33.97,27.42,25.29,1.0,8,1,1,4.5,-18.96,2.0,False,True,109.33,4.08,0.886,False,130.06,-2.91,0.3,15.88,13.0,7.0,1607807.0,1815142.0,1.857,1227800.0,1518630.0,1628720.0,0.754,100.0,1,1,8,2.4,1,,False
BXP,Real Estate,"BXP, Inc.",2023-12-25,61.59,12.42,19.61,25.62,20.82,1.0,6,10,3,6.6,-212.43,11.33,False,True,51.91,5.1,1.095,False,65.22,-5.57,-0.15,24.96,10.0,9.0,1682400.0,1536422.0,1.111,915400.0,1136600.0,1616160.0,0.566,100.0,2,1,23,5.8,4,,False
IRM,Real Estate,Iron Mountain,2023-12-25,64.7,7.89,18.85,25.65,19.51,1.0,15,13,2,11.8,1.42,-1.47,False,True,58.35,5.11,0.804,False,65.33,-0.96,1.35,10.14,13.0,7.0,1241461.0,1543485.0,1.857,960500.0,1180370.0,1293186.0,0.743,98.56,3,14,12,9.2,10,吃老本,True
HST,Real Estate,Host Hotels & Resorts,2023-12-25,16.67,12.38,23.92,19.67,18.91,1.0,7,8,5,6.9,45.45,-13.43,False,True,14.62,6.43,0.978,False,16.96,-1.72,1.76,13.99,13.0,7.0,7562761.0,7733342.0,1.857,6219200.0,7542810.0,8127300.0,0.765,100.0,4,1,7,3.4,2,,True
EXR,Real Estate,Extra Space Storage,2023-12-25,143.86,20.66,33.35,10.19,18.6,1.0,1,3,13,4.0,30.76,-0.29,False,True,115.1,7.37,0.858,False,146.19,-1.6,2.71,24.55,14.0,6.0,1224650.0,1426600.0,2.333,1018100.0,1253810.0,1356366.0,0.751,100.0,5,1,9,4.2,3,,True
CBRE,Real Estate,CBRE Group,2023-12-25,93.09,14.35,26.04,15.34,17.77,1.0,3,7,6,4.8,8.16,7.76,False,True,79.2,5.36,0.996,False,94.27,-1.25,1.73,17.9,15.0,5.0,1696006.0,1702820.0,3.0,1223200.0,1647790.0,1715606.0,0.713,100.0,6,1,16,6.0,5,,True
ARE,Real Estate,Alexandria Real Estate Equities,2023-12-25,110.53,8.37,27.9,14.24,16.19,1.0,12,4,7,8.6,-1.44,31.47,False,True,94.89,5.54,1.04,False,144.13,-23.31,-0.67,17.03,11.0,8.0,1615609.0,1553500.0,1.375,1000000.0,1208430.0,1409133.0,0.71,98.77,7,13,17,11.4,12,吃老本,False
AMT,Real Estate,American Tower,2023-12-25,197.84,3.38,33.65,13.33,15.92,1.0,24,2,8,14.2,65.94,-5.65,False,True,178.2,5.46,0.827,False,208.77,-5.23,1.55,4.22,12.0,8.0,1890625.0,2286312.0,1.5,1584400.0,1871070.0,2031733.0,0.78,90.12,8,18,5,11.4,12,吃老本,True
KIM,Real Estate,Kimco Realty,2023-12-25,19.0,8.02,23.13,11.21,13.39,1.0,14,9,10,11.7,10.11,-40.27,False,True,17.08,6.14,0.76,False,20.36,-6.7,-2.43,12.1,10.0,10.0,6420800.0,8443780.0,1.0,21799300.0,7572050.0,7552693.0,2.886,84.6,9,19,1,11.4,12,吃老本,True
PLD,Real Estate,Prologis,2023-12-25,122.77,13.44,19.55,10.17,13.33,1.0,4,11,14,8.1,36.17,32.17,False,True,105.1,5.67,0.944,False,125.96,-2.53,1.79,16.72,14.0,6.0,3997692.0,4234116.0,2.333,2938000.0,3271940.0,4135673.0,0.71,100.0,10,1,17,7.8,7,剛爆發,True
DLR,Real Estate,Digital Realty,2023-12-25,124.9,-2.03,12.21,20.4,12.74,0.667,30,21,4,22.1,-16.3,-41.36,False,True,121.15,4.23,0.685,False,128.17,-2.55,-0.24,-2.15,11.0,9.0,1767390.0,2581677.0,1.222,1499500.0,1806240.0,2057126.0,0.729,78.92,11,22,15,16.2,20,吃老本,True
SBAC,Real Estate,SBA Communications,2023-12-25,240.92,1.25,27.2,10.29,12.26,1.0,26,5,12,16.9,-51.26,24.23,False,True,219.89,4.23,0.961,False,292.28,-17.57,0.75,2.73,10.0,10.0,733900.0,764040.0,1.0,568300.0,616540.0,739940.0,0.768,83.74,12,21,6,14.4,16,吃老本,False
ESS,Real Estate,Essex Property Trust,2023-12-25,225.94,13.4,17.98,7.98,11.84,1.0,5,14,16,9.9,-5.2,13.51,False,True,200.33,5.9,0.797,False,228.31,-1.04,3.35,17.22,15.0,5.0,447586.0,561480.0,3.0,458200.0,440730.0,467960.0,0.979,100.0,13,1,2,6.0,5,剛爆發,False
PSA,Real Estate,Public Storage,2023-12-25,276.05,15.92,17.01,6.8,11.63,1.0,2,15,18,9.1,14.94,3.31,False,True,237.83,7.27,0.921,False,279.08,-1.09,2.65,19.16,14.0,6.0,920992.0,999616.0,2.333,558200.0,739030.0,874573.0,0.638,100.0,14,1,20,10.0,11,剛爆發,True
VTR,Real Estate,Ventas,2023-12-25,46.29,7.54,19.35,7.52,10.48,1.0,16,12,17,15.0,-2421.01,845.97,False,True,41.93,5.26,0.95,False,47.46,-2.47,1.79,9.69,13.0,7.0,2230223.0,2348714.0,1.857,1748300.0,2278650.0,2347126.0,0.745,100.0,15,1,11,8.6,9,剛爆發,False
REG,Real Estate,Regency Centers,2023-12-25,60.63,5.86,13.91,10.73,10.31,1.0,21,19,11,18.4,2.04,0.66,False,True,56.25,3.47,0.792,False,61.96,-2.15,0.66,7.85,10.0,10.0,927030.0,1169980.0,1.0,817700.0,1012290.0,1007280.0,0.812,83.84,16,20,4,15.2,17,,True
FRT,Real Estate,Federal Realty Investment Trust,2023-12-25,92.65,6.35,14.89,8.82,9.72,1.0,17,17,15,16.6,-1.32,11.02,False,True,85.3,3.17,0.845,False,99.04,-6.45,-0.31,8.93,12.0,8.0,512683.0,606950.0,1.5,388700.0,498220.0,520140.0,0.747,92.52,17,16,10,15.2,17,,False
WELL,Real Estate,Welltower,2023-12-25,85.97,0.79,10.86,13.09,9.46,1.0,28,24,9,23.0,45.82,13.25,False,True,83.31,4.76,0.621,False,89.07,-3.48,0.24,1.2,15.0,5.0,2427906.0,3908620.0,3.0,2331400.0,2589480.0,2673906.0,0.872,100.0,18,1,3,8.2,8,剛爆發,True
CCI,Real Estate,Crown Castle,2023-12-25,100.79,-1.53,26.87,4.14,8.41,0.667,29,6,21,20.5,-0.38,1.1,False,True,91.01,4.42,0.684,False,127.47,-20.93,0.51,-0.45,10.0,10.0,3336330.0,4878700.0,1.0,2353800.0,3600840.0,3950753.0,0.596,76.9,19,23,22,21.2,23,,False
WY,Real Estate,Weyerhaeuser,2023-12-25,32.12,9.55,14.09,4.99,8.4,1.0,10,18,19,14.2,-1.61,52.61,False,True,28.92,6.18,0.864,False,32.46,-1.05,1.93,10.91,11.0,9.0,3692472.0,4272777.0,1.222,3079100.0,3889090.0,4142813.0,0.743,90.78,20,17,12,17.2,21,,False
VICI,Real Estate,Vici Properties,2023-12-25,27.55,5.91,11.0,4.17,6.31,1.0,20,23,20,20.9,,,,,,,,,,,,,,,,,,,,,,,21,24,24,,24,,False
DOC,Real Estate,Healthpeak Properties,2023-12-25,16.76,8.79,9.76,1.67,5.47,1.0,11,26,23,17.9,45.13,-8.4,False,True,14.85,5.52,0.871,False,22.74,-26.28,2.06,14.32,12.0,8.0,5173008.0,5941737.0,1.5,3244400.0,4909860.0,5328053.0,0.609,97.15,22,15,21,19.0,22,剛爆發,True
O,Real Estate,Realty Income,2023-12-25,49.79,5.63,16.68,-1.18,4.99,0.667,22,16,26,21.0,,,,,,,,,,,,,,,,,,,,,,,23,24,24,,24,,False
AVB,Real Estate,AvalonBay Communities,2023-12-25,171.3,6.14,9.97,0.75,4.4,1.0,18,25,25,21.5,,,,,,,,,,,,,,,,,,,,,,,24,24,24,,24,,False
EQIX,Real Estate,Equinix,2023-12-25,763.7,-2.31,11.52,3.79,4.2,0.667,31,22,22,26.5,,,,,,,,,,,,,,,,,,,,,,,25,24,24,,24,,False
INVH,Real Estate,Invitation Homes,2023-12-25,31.06,1.06,9.41,1.55,3.4,1.0,27,27,24,26.4,,,,,,,,,,,,,,,,,,,,,,,26,24,24,,24,,False
CSGP,Real Estate,CoStar Group,2023-12-25,87.39,2.47,13.66,-1.81,3.13,0.667,25,20,27,23.9,,,,,,,,,,,,,,,,,,,,,,,27,24,24,,24,,False
UDR,Real Estate,"UDR, Inc.",2023-12-25,34.18,11.31,8.62,-8.93,0.52,0.667,9,28,30,18.9,24.48,768.92,False,True,30.78,5.18,0.836,False,39.3,-13.04,2.71,14.64,14.0,6.0,2901578.0,3471866.0,2.333,2300100.0,2771500.0,3096113.0,0.743,100.0,28,1,12,14.0,15,剛爆發,True
CPT,Real Estate,Camden Property Trust,2023-12-25,90.28,8.31,6.06,-6.88,0.15,0.667,13,29,29,21.0,13.45,19.62,False,True,82.85,4.66,0.738,False,111.48,-19.02,2.11,11.14,14.0,5.0,966335.0,1309340.0,2.8,753500.0,1177480.0,1124606.0,0.67,100.0,29,1,19,15.8,19,剛爆發,True
EQR,Real Estate,Equity Residential,2023-12-25,55.19,5.6,5.29,-5.25,0.1,0.667,23,31,28,26.4,,,,,,,,,,,,,,,,,,,,,,,30,24,24,,24,剛爆發,False
MAA,Real Estate,Mid-America Apartment Communities,2023-12-25,119.42,6.05,5.62,-9.72,-1.94,0.667,19,30,31,24.7,,,,,,,,,,,,,,,,,,,,,,,31,24,24,,24,剛爆發,False
NRG,Utilities,NRG Energy,2023-12-25,49.36,6.88,35.43,40.93,31.04,1.0,2,1,2,1.7,-64.73,-48.85,False,True,44.41,8.27,1.22,False,49.8,-0.88,3.21,8.07,13.0,7.0,3238646.0,2654385.0,1.857,2387700.0,3016780.0,3063653.0,0.779,100.0,1,1,1,1.0,1,,False
VST,Utilities,Vistra Corp.,2023-12-25,37.82,6.78,16.75,48.49,30.13,1.0,3,3,1,2.6,17.39,42.68,False,True,34.68,4.53,1.223,False,38.2,-0.98,1.93,9.4,14.0,6.0,4144357.0,3389600.0,2.333,2312400.0,3749560.0,3764980.0,0.614,100.0,2,1,10,3.2,2,,True
CEG,Utilities,Constellation Energy,2023-12-25,115.1,-2.49,7.41,28.32,15.39,0.667,27,19,3,19.8,19.23,85.9,False,False,116.11,6.38,1.318,False,125.01,-7.92,-1.2,-3.43,8.0,12.0,2208237.0,1675058.0,0.667,849900.0,1518820.0,1762140.0,0.482,80.53,3,17,19,11.8,11,吃老本,True
DUK,Utilities,Duke Energy,2023-12-25,88.45,4.75,11.22,10.62,9.3,1.0,5,8,4,5.7,1.28,-7.61,False,True,83.31,3.22,0.996,False,92.92,-4.81,0.71,5.16,12.0,8.0,3600125.0,3614325.0,1.5,2295300.0,3258410.0,3708573.0,0.619,93.31,4,6,9,5.8,5,,True
EIX,Utilities,Edison International,2023-12-25,62.98,7.1,14.19,6.39,8.52,1.0,1,5,5,3.0,-5.0,6.61,False,True,57.77,5.74,0.813,False,63.95,-1.52,4.94,7.89,12.0,8.0,2036533.0,2505425.0,1.5,1414000.0,2146110.0,2269120.0,0.623,93.43,5,4,8,5.2,3,,False
PPL,Utilities,PPL Corporation,2023-12-25,24.97,3.28,16.08,4.39,7.04,1.0,7,4,9,6.5,2.29,-8.81,False,True,23.65,3.91,0.889,False,28.18,-11.41,2.69,4.71,10.0,10.0,6292980.0,7079140.0,1.0,3459800.0,7073680.0,7055380.0,0.49,84.46,6,12,17,10.6,9,吃老本,True
SRE,Utilities,Sempra,2023-12-25,69.16,2.93,10.75,5.23,6.04,1.0,8,9,7,8.1,7.09,7.7,False,True,66.63,4.7,0.738,False,73.27,-5.62,2.17,3.4,9.0,10.0,2878955.0,3902430.0,0.9,1736500.0,2984290.0,3392273.0,0.512,79.32,7,18,16,13.2,15,吃老本,True
PCG,Utilities,PG&E Corporation,2023-12-25,17.73,3.38,11.84,4.4,6.01,1.0,6,7,8,6.7,-3.04,-11.51,False,True,16.88,5.14,0.411,False,18.01,-1.53,3.32,5.07,13.0,7.0,13271738.0,32259085.0,1.857,9809400.0,20762490.0,21273866.0,0.461,89.43,8,7,20,10.0,7,,True
AES,Utilities,AES Corporation,2023-12-25,16.8,6.18,28.07,-5.37,5.87,0.667,4,2,23,7.2,11.13,-12.56,False,True,14.86,7.37,0.927,False,24.61,-31.71,2.12,11.85,11.0,8.0,5388963.0,5815837.0,1.375,3749600.0,4703660.0,5600200.0,0.67,94.8,9,3,3,5.4,4,剛爆發,True
ETR,Utilities,Entergy,2023-12-25,46.72,-0.82,10.69,6.33,5.63,0.667,22,10,6,15.2,8.91,8.91,False,True,45.47,3.71,0.863,False,50.94,-8.29,1.46,-0.22,13.0,7.0,2766707.0,3206571.0,1.857,1688200.0,2780660.0,2930680.0,0.576,93.41,10,5,14,8.8,6,,True
DTE,Utilities,DTE Energy,2023-12-25,101.31,2.87,12.08,2.05,4.76,1.0,9,6,11,8.5,-12.08,12.18,False,True,94.81,2.19,0.999,False,107.61,-5.85,0.47,6.88,10.0,10.0,1293120.0,1294370.0,1.0,691600.0,1004130.0,1183240.0,0.584,86.8,11,9,13,10.6,9,,False
ATO,Utilities,Atmos Energy,2023-12-25,109.19,1.8,10.2,0.98,3.49,1.0,12,12,14,12.4,11.1,-5.48,False,True,105.49,3.23,0.858,False,116.44,-6.23,1.89,1.84,11.0,9.0,895790.0,1044455.0,1.222,429800.0,748350.0,890686.0,0.483,85.2,12,11,18,12.8,12,,True
XEL,Utilities,Xcel Energy,2023-12-25,56.88,1.63,9.11,1.33,3.35,1.0,13,15,13,13.6,-2.65,-8.0,False,True,55.22,2.58,0.711,False,64.83,-12.25,1.47,2.62,11.0,9.0,3697900.0,5198288.0,1.222,2813300.0,4356770.0,4686413.0,0.6,82.94,13,16,12,14.0,16,,True
ED,Utilities,Consolidated Edison,2023-12-25,83.58,-0.77,7.34,2.49,2.89,0.667,21,20,10,18.5,1.96,-8.43,False,True,82.47,3.22,0.723,False,90.29,-7.43,1.97,0.95,12.0,8.0,1636841.0,2264262.0,1.5,1305500.0,1873760.0,1918060.0,0.681,86.51,14,10,2,10.0,7,,True
SO,Utilities,Southern Company,2023-12-25,64.4,-1.96,9.43,1.86,2.8,0.667,26,13,12,19.3,7.32,5.76,False,True,63.52,4.62,0.869,False,67.57,-4.7,1.08,-1.21,7.0,13.0,3950757.0,4547815.0,0.538,2895500.0,4330580.0,4435600.0,0.653,72.98,15,20,5,15.0,17,,True
CMS,Utilities,CMS Energy,2023-12-25,53.7,-0.57,10.32,0.55,2.71,0.667,19,11,15,15.8,3.71,8.04,False,True,52.22,3.5,0.957,False,58.8,-8.66,2.04,2.31,10.0,10.0,2361490.0,2467920.0,1.0,1538900.0,2252410.0,2379700.0,0.647,83.95,16,13,6,12.8,12,,True
NI,Utilities,NiSource,2023-12-25,24.43,1.34,8.66,-1.07,1.97,0.667,14,16,19,15.6,27.47,4.04,False,True,23.77,3.11,1.041,False,26.13,-6.53,1.96,3.55,10.0,9.0,4720730.0,4536722.0,1.111,2197900.0,3962090.0,4102586.0,0.536,87.79,17,8,15,13.0,14,剛爆發,True
AEP,Utilities,American Electric Power,2023-12-25,74.28,0.88,9.21,-1.43,1.81,0.667,15,14,20,15.7,4.01,-0.56,False,True,71.66,5.09,0.666,False,86.4,-14.03,1.47,2.1,9.0,11.0,2795211.0,4196018.0,0.818,2476500.0,3587650.0,3761106.0,0.658,75.78,18,19,4,15.6,18,,True
LNT,Utilities,Alliant Energy,2023-12-25,46.81,-0.37,6.87,-0.51,1.37,0.333,18,25,17,19.9,,,,,,,,,,,,,,,,,,,,,,,19,21,21,,21,,False
CNP,Utilities,CenterPoint Energy,2023-12-25,26.82,-0.76,7.18,-0.61,1.3,0.333,20,23,18,20.5,,,,,,,,,,,,,,,,,,,,,,,20,21,21,,21,,False
PEG,Utilities,Public Service Enterprise Group,2023-12-25,56.44,-2.7,8.43,-0.49,1.19,0.333,28,18,16,22.6,,,,,,,,,,,,,,,,,,,,,,,21,21,21,,21,,False
FE,Utilities,FirstEnergy,2023-12-25,33.05,-1.87,8.46,-3.64,-0.17,0.333,25,17,22,22.0,,,,,,,,,,,,,,,,,,,,,,,22,21,21,,21,,False
WEC,Utilities,WEC Energy Group,2023-12-25,77.01,-0.94,5.52,-2.81,-0.26,0.333,23,27,21,23.8,,,,,,,,,,,,,,,,,,,,,,,23,21,21,,21,,False
D,Utilities,Dominion Energy,2023-12-25,41.82,0.71,6.74,-6.67,-1.47,0.667,17,26,25,21.3,,,,,,,,,,,,,,,,,,,,,,,24,21,21,,21,,False
AWK,Utilities,American Water Works,2023-12-25,124.22,-0.94,7.2,-6.54,-1.7,0.333,23,22,24,22.9,,,,,,,,,,,,,,,,,,,,,,,25,21,21,,21,,False
EVRG,Utilities,Evergy,2023-12-25,47.17,0.85,4.29,-8.51,-2.97,0.667,16,28,26,21.6,,,,,,,,,,,,,,,,,,,,,,,26,21,21,,21,,False
ES,Utilities,Eversource Energy,2023-12-25,54.95,2.64,7.28,-11.1,-3.07,0.667,11,21,30,17.8,-1.28,9.82,False,True,51.25,3.96,0.869,False,74.32,-26.07,1.33,5.0,10.0,10.0,2155210.0,2478990.0,1.0,1485900.0,2245220.0,2307993.0,0.644,83.75,27,14,7,17.8,19,剛爆發,False
NEE,Utilities,NextEra Energy,2023-12-25,56.43,2.65,6.88,-16.9,-6.07,0.667,10,24,31,18.4,6.63,8.18,False,True,53.9,6.36,0.854,False,78.14,-27.77,1.91,3.81,10.0,10.0,10544410.0,12352130.0,1.0,6814600.0,11003710.0,11346973.0,0.601,82.99,28,15,11,19.4,20,剛爆發,True
PNW,Utilities,Pinnacle West Capital,2023-12-25,64.16,-4.32,-1.33,-9.82,-6.32,0.0,29,29,27,28.6,,,,,,,,,,,,,,,,,,,,,,,29,21,21,,21,剛爆發,False
AEE,Utilities,Ameren,2023-12-25,67.01,-7.65,-2.54,-9.99,-7.54,0.0,30,30,28,29.6,,,,,,,,,,,,,,,,,,,,,,,30,21,21,,21,剛爆發,False
EXC,Utilities,Exelon,2023-12-25,32.66,-7.93,-4.11,-10.26,-8.14,0.0,31,31,29,30.6,,,,,,,,,,,,,,,,,,,,,,,31,21,21,,21,剛爆發,False
