symbol,sector,name,as_of_date,t_price,cum_ret_4w,cum_ret_13w,cum_ret_26w,point,di,cum_ret_4w_rank_in_sector,cum_ret_13w_rank_in_sector,cum_ret_26w_rank_in_sector,cms_a,surprise_l1,surprise_l2,pre_earnings_14d,above_50ma,ma50,amp_10d_pct,vp_ratio_stock,vcp,high_52w,pct_from_high,ret_5d,ret_20d,up_days_20,down_days_20,up_avg_vol,down_avg_vol,ud_ratio,vol_today,vol_10d_avg,vol_3w_avg,vol_ratio_stock_20d,vp_score_stock,point_rank_in_sector,vp_score_rank_in_sector,vol_rank_in_sector,composite_in_sector,composite_rank_in_sector,stock_gap_alert,earnings_passed
META,Communication Services,Meta Platforms,2023-08-21,283.01,-12.28,8.95,67.56,32.95,0.667,21,8,1,13.1,2.51,11.2,False,False,295.45,11.27,0.92,False,323.36,-12.48,0.79,-12.28,6.0,14.0,17920616.0,19482221.0,0.429,23701400.0,19862220.0,18560213.0,1.277,65.47,1,21,3,9.4,9,吃老本,True
GOOG,Communication Services,Alphabet Inc. (Class C),2023-08-21,129.55,-1.74,4.19,46.27,23.75,0.667,6,12,2,7.0,7.29,9.45,False,True,124.66,6.12,1.026,False,133.79,-3.17,2.01,-1.74,10.0,10.0,19465260.0,18979390.0,1.0,20678100.0,20040110.0,19044300.0,1.086,82.71,2,6,6,4.4,1,,True
GOOGL,Communication Services,Alphabet Inc. (Class A),2023-08-21,128.74,-2.04,4.23,45.72,23.41,0.667,8,11,3,7.9,7.23,9.52,False,True,124.09,6.07,1.017,False,133.07,-3.26,1.9,-2.04,10.0,10.0,25177720.0,24761880.0,1.0,26762900.0,26402040.0,25044246.0,1.069,82.33,3,7,7,5.4,4,,True
TKO,Communication Services,TKO Group Holdings,2023-08-21,107.28,7.35,13.71,32.88,21.7,1.0,2,4,5,3.2,,,False,True,101.82,8.44,1.306,False,111.39,-3.69,1.21,7.35,10.0,9.0,599370.0,458811.0,1.111,350000.0,461380.0,496693.0,0.705,94.42,4,2,16,5.6,5,,False
TTD,Communication Services,Trade Desk (The),2023-08-21,75.91,-16.08,12.18,38.09,18.07,0.667,23,5,4,13.8,8.51,87.86,False,False,80.24,12.24,0.731,False,91.85,-17.35,5.17,-16.08,9.0,11.0,3168066.0,4332381.0,0.818,2439600.0,3186870.0,4092406.0,0.596,67.49,5,20,20,14.0,15,吃老本,True
NFLX,Communication Services,Netflix,2023-08-21,41.6,-2.29,9.81,31.18,17.47,0.667,9,7,6,7.8,15.36,0.46,False,False,43.12,9.37,1.148,False,48.5,-14.22,2.84,-2.29,11.0,9.0,52570272.0,45799666.0,1.222,53909000.0,48359400.0,46766666.0,1.153,88.18,6,4,5,5.0,2,,True
CMCSA,Communication Services,Comcast,2023-08-21,38.18,0.53,15.98,24.71,16.48,1.0,5,2,8,4.7,15.51,10.92,False,True,36.46,5.01,0.965,False,39.85,-4.19,-0.63,0.53,10.0,10.0,16215039.0,16810083.0,1.0,13925737.0,17008822.0,16841741.0,0.827,81.95,7,9,12,8.8,7,,True
NWS,Communication Services,News Corp (Class B),2023-08-21,20.74,7.83,13.73,21.15,15.97,1.0,1,3,10,3.4,100.0,125.0,False,True,19.81,6.14,0.92,False,21.62,-4.07,0.05,7.83,12.0,7.0,879275.0,956100.0,1.714,865600.0,811170.0,911920.0,0.949,96.53,8,1,8,5.2,3,剛爆發,True
NWSA,Communication Services,News Corp (Class A),2023-08-21,20.26,7.02,11.87,19.69,14.57,1.0,3,6,11,5.5,100.0,125.0,False,True,19.48,6.18,1.204,False,21.14,-4.2,-0.1,7.02,11.0,9.0,2974818.0,2469944.0,1.222,1886000.0,2496230.0,2833466.0,0.666,93.58,9,3,17,8.2,6,剛爆發,True
TTWO,Communication Services,Take-Two Interactive,2023-08-21,141.42,-6.72,1.76,29.39,13.45,0.667,19,16,7,15.7,-13.66,-190.49,False,False,144.9,7.01,0.768,False,153.84,-8.07,2.88,-6.72,8.0,12.0,1269487.0,1652916.0,0.667,1419200.0,1234300.0,1599520.0,0.887,70.56,10,17,9,12.6,10,吃老本,True
CHTR,Communication Services,Charter Communications,2023-08-21,416.78,5.04,26.2,11.2,13.41,1.0,4,1,12,4.7,-0.61,-12.49,False,True,389.59,4.76,0.891,False,467.92,-10.93,-0.88,5.04,11.0,9.0,1135209.0,1273788.0,1.222,939300.0,1290420.0,1150860.0,0.816,86.6,11,5,13,9.0,8,剛爆發,True
LYV,Communication Services,Live Nation Entertainment,2023-08-21,84.79,-5.08,3.21,23.28,11.17,0.667,16,14,9,14.0,38.44,128.69,False,False,89.85,5.04,0.947,False,101.74,-16.66,0.47,-5.08,6.0,14.0,1763750.0,1863207.0,0.429,1076800.0,1023830.0,1283360.0,0.839,70.13,12,19,11,14.6,16,吃老本,True
EA,Communication Services,Electronic Arts,2023-08-21,117.93,-13.17,-5.47,9.39,0.03,0.333,22,20,13,19.6,35.41,-109.55,False,False,127.01,4.78,0.794,False,138.23,-14.69,1.12,-13.17,6.0,14.0,1855266.0,2336857.0,0.429,1308900.0,1625440.0,1820526.0,0.719,62.87,13,22,15,17.0,21,吃老本,True
FOX,Communication Services,Fox Corporation (Class B),2023-08-21,28.94,-3.12,3.08,-8.1,-4.06,0.333,12,15,15,13.5,22.22,9.3,False,False,30.18,7.89,1.014,False,32.78,-11.73,-3.64,-3.12,9.0,11.0,1038666.0,1023890.0,0.818,635200.0,922580.0,1064266.0,0.597,76.7,14,16,19,15.8,19,,True
FOXA,Communication Services,Fox Corporation (Class A),2023-08-21,31.22,-2.44,3.28,-9.0,-4.29,0.333,11,13,16,12.6,22.46,7.33,False,False,32.31,7.16,1.166,False,35.62,-12.35,-3.05,-2.44,9.0,11.0,4559766.0,3911763.0,0.818,2357500.0,3493680.0,4584126.0,0.514,79.99,15,11,21,14.6,16,,True
TMUS,Communication Services,T-Mobile US,2023-08-21,127.52,-5.34,-1.33,-7.66,-5.5,0.0,17,17,14,16.4,8.57,6.84,False,False,131.3,6.18,0.927,False,147.63,-13.62,-2.05,-5.34,7.0,13.0,3593614.0,3877915.0,0.538,5732600.0,3866810.0,3663180.0,1.565,70.27,16,18,1,13.8,14,,True
VZ,Communication Services,Verizon,2023-08-21,27.27,-2.0,-3.01,-10.92,-6.71,0.0,7,19,17,12.6,3.77,0.56,False,False,27.97,2.62,0.95,False,34.07,-19.96,0.51,-2.0,10.0,10.0,19911600.0,20954430.0,1.0,14912100.0,18974470.0,19422606.0,0.768,80.64,17,10,14,13.6,12,剛爆發,True
ECHO,Communication Services,EchoStar,2023-08-21,17.35,-9.73,6.25,-14.78,-8.26,0.333,20,10,19,16.8,-35.67,20.35,False,False,19.07,32.15,1.912,False,24.8,-30.04,-11.66,-9.73,5.0,15.0,1487340.0,777800.0,0.333,434100.0,863720.0,1213173.0,0.358,77.96,18,15,22,17.6,22,,False
OMC,Communication Services,Omnicom Group,2023-08-21,71.91,-3.26,-10.56,-11.48,-9.19,0.0,14,23,18,17.5,-0.06,11.98,False,False,78.82,3.57,1.355,False,89.35,-19.52,-0.06,-3.26,7.0,13.0,1929428.0,1423861.0,0.538,1557100.0,1179770.0,1304880.0,1.193,79.81,19,12,4,13.2,11,剛爆發,False
WBD,Communication Services,Warner Bros. Discovery,2023-08-21,12.27,-4.07,7.26,-21.09,-9.75,0.333,15,9,21,14.4,-25.31,-107.64,False,False,12.88,14.47,1.429,False,16.34,-24.91,-3.99,-4.07,7.0,12.0,20156385.0,14100450.0,0.583,18874000.0,11713040.0,14113093.0,1.337,79.73,20,13,2,13.6,12,剛爆發,True
DIS,Communication Services,Walt Disney Company (The),2023-08-21,80.82,-3.22,-5.58,-16.89,-10.64,0.0,13,21,20,16.8,6.77,-0.91,False,False,85.06,7.98,1.092,False,119.38,-32.3,-3.02,-3.22,9.0,11.0,18487066.0,16922654.0,0.818,16050900.0,13831560.0,18475700.0,0.869,78.25,21,14,10,16.0,20,剛爆發,True
T,Communication Services,AT&T,2023-08-21,12.05,-2.35,-7.34,-24.3,-14.57,0.0,10,22,22,16.0,4.56,2.1,False,False,12.58,3.18,1.206,False,17.81,-32.35,0.43,-2.35,9.0,11.0,39438333.0,32693663.0,0.818,22107700.0,32327740.0,33280506.0,0.664,82.14,22,8,18,15.6,18,剛爆發,True
PSKY,Communication Services,Paramount Skydance Corporation,2023-08-21,13.73,-5.81,-2.86,-34.26,-19.3,0.0,18,18,23,19.0,,,,,,,,,,,,,,,,,,,,,,,23,23,23,,23,,False
CVNA,Consumer Discretionary,Carvana,2023-08-21,8.24,-6.41,250.94,414.36,268.31,0.667,25,1,1,13.0,48.06,19.6,False,True,7.41,13.44,1.245,False,11.44,-27.96,5.08,-6.41,8.0,12.0,67207875.0,53981500.0,0.667,52867500.0,39709150.0,46872166.0,1.128,79.97,1,12,6,6.4,3,吃老本,True
CCL,Consumer Discretionary,Carnival Corporation,2023-08-21,15.73,-14.01,40.96,50.14,31.81,0.667,43,2,2,22.5,8.14,8.83,False,False,17.07,9.11,0.958,False,19.34,-18.67,1.99,-14.01,7.0,13.0,23892928.0,24932546.0,0.538,19060500.0,22319430.0,23167600.0,0.823,67.24,2,24,20,14.4,14,吃老本,True
RCL,Consumer Discretionary,Royal Caribbean Group,2023-08-21,97.02,-8.11,26.29,42.18,25.64,0.667,27,4,5,15.7,14.85,66.76,False,False,98.89,6.7,0.976,False,109.84,-11.67,0.57,-8.11,8.0,12.0,2486025.0,2547225.0,0.667,2328000.0,2400440.0,2316560.0,1.005,72.45,3,19,13,11.4,7,吃老本,True
PHM,Consumer Discretionary,PulteGroup,2023-08-21,75.41,-9.02,17.41,44.75,24.47,0.667,30,9,3,18.3,28.61,30.09,False,False,78.15,12.75,0.934,False,84.2,-10.43,-2.69,-9.02,9.0,11.0,2123322.0,2274018.0,0.818,2898900.0,2464520.0,2202233.0,1.316,72.13,4,21,3,10.6,5,吃老本,True
AMZN,Consumer Discretionary,Amazon,2023-08-21,133.26,0.79,10.95,42.52,24.2,1.0,5,19,4,9.0,91.19,46.82,False,True,131.97,7.93,1.453,False,143.63,-7.22,0.03,0.79,9.0,11.0,65477377.0,45056418.0,0.818,44147500.0,43340060.0,47211713.0,0.935,88.19,5,3,15,6.2,2,,True
DASH,Consumer Discretionary,DoorDash,2023-08-21,78.02,-12.97,15.69,41.62,21.49,0.667,41,14,6,25.9,-2.65,27.23,False,False,80.23,7.33,0.639,False,92.61,-15.75,0.26,-12.97,8.0,12.0,2782487.0,4354208.0,0.667,2322800.0,2943340.0,3069420.0,0.757,63.5,6,25,23,17.0,21,吃老本,False
HAS,Consumer Discretionary,Hasbro,2023-08-21,62.0,12.39,17.31,26.38,20.61,1.0,1,10,11,5.7,-14.47,-77.31,False,True,56.65,11.57,1.666,False,71.56,-13.35,9.28,12.39,10.0,10.0,2511670.0,1507480.0,1.0,3366300.0,1711560.0,1574980.0,2.137,100.0,7,1,1,3.4,1,剛爆發,True
DPZ,Consumer Discretionary,Domino's,2023-08-21,363.5,-5.03,27.49,29.02,20.12,0.667,21,3,8,13.0,0.36,7.36,False,True,354.05,5.77,1.074,False,392.74,-7.44,0.5,-5.03,8.0,12.0,417100.0,388475.0,0.667,383500.0,350250.0,359900.0,1.066,75.97,8,17,10,12.0,8,吃老本,True
DECK,Consumer Discretionary,Deckers Brands,2023-08-21,86.92,-2.35,12.11,30.31,17.6,0.667,13,16,7,12.7,9.02,28.65,False,False,89.83,8.1,0.937,False,94.75,-8.26,-6.42,-2.35,8.0,12.0,1771125.0,1891000.0,0.667,1857600.0,1734420.0,1739720.0,1.068,72.41,9,20,8,13.2,9,吃老本,True
BKNG,Consumer Discretionary,Booking Holdings,2023-08-21,119.17,1.0,17.42,24.06,16.64,1.0,4,8,12,6.8,29.01,8.0,False,True,113.77,7.36,1.149,False,127.36,-6.43,-0.52,1.0,7.0,13.0,8837500.0,7691538.0,0.538,4937500.0,5676750.0,6478166.0,0.762,78.58,10,13,21,13.4,10,,True
TSLA,Consumer Discretionary,"Tesla, Inc.",2023-08-21,238.59,-10.45,23.51,21.19,13.86,0.667,33,6,13,20.9,11.12,-0.43,False,False,257.42,12.36,1.054,False,313.8,-23.97,10.72,-10.45,7.0,13.0,109355028.0,103760276.0,0.538,106612200.0,112988510.0,109850580.0,0.971,74.54,11,18,14,14.4,14,吃老本,True
WSM,Consumer Discretionary,"Williams-Sonoma, Inc.",2023-08-21,66.98,-0.14,24.49,14.28,13.23,0.667,8,5,19,9.3,17.34,-1.66,False,True,62.27,15.97,1.229,False,79.23,-15.46,4.5,-0.14,7.0,13.0,2904028.0,2362246.0,0.538,3046800.0,3516820.0,2853200.0,1.068,81.31,12,10,8,10.4,4,,True
MAR,Consumer Discretionary,Marriott International,2023-08-21,194.65,0.34,16.61,17.96,13.22,1.0,6,11,17,9.7,3.97,13.13,False,True,187.56,5.05,1.046,False,205.04,-5.06,-1.14,0.34,10.0,10.0,2396040.0,2290990.0,1.0,1510400.0,2115080.0,2158853.0,0.7,83.05,13,8,26,13.6,13,,True
DHI,Consumer Discretionary,D. R. Horton,2023-08-21,111.74,-9.7,7.93,26.63,12.87,0.667,31,22,10,24.1,39.71,42.37,False,False,119.07,12.97,0.913,False,128.35,-12.94,-2.02,-9.7,9.0,11.0,2562722.0,2805918.0,0.818,3535900.0,3146300.0,2765660.0,1.279,71.63,14,22,4,15.2,18,吃老本,True
TJX,Consumer Discretionary,TJX Companies,2023-08-21,85.69,2.66,15.8,16.0,12.62,1.0,3,13,18,9.0,9.05,6.51,False,True,82.15,5.49,1.222,False,87.12,-1.64,-0.78,2.66,9.0,11.0,5906955.0,4835327.0,0.818,4277800.0,6780250.0,5986713.0,0.715,84.94,15,6,25,13.4,10,剛爆發,True
CMG,Consumer Discretionary,Chipotle Mexican Grill,2023-08-21,37.54,-1.87,-9.38,27.09,10.73,0.333,11,46,9,21.1,2.98,17.28,False,False,39.91,3.43,0.956,False,43.5,-13.71,1.49,-1.87,9.0,11.0,12122222.0,12678636.0,0.818,8205000.0,10907000.0,10809000.0,0.759,78.48,16,14,22,16.4,19,,True
LULU,Consumer Discretionary,Lululemon Athletica,2023-08-21,365.59,-3.27,7.44,18.66,10.37,0.667,17,23,15,18.4,14.86,-77.92,False,False,378.62,7.94,0.878,False,394.64,-7.36,-4.12,-3.27,10.0,10.0,942080.0,1073260.0,1.0,1138400.0,1135280.0,1020713.0,1.115,76.75,17,16,7,14.6,16,,True
NVR,Consumer Discretionary,"NVR, Inc.",2023-08-21,6081.14,-4.13,8.25,18.48,10.27,0.667,18,21,16,18.5,,,,,,,,,,,,,,,,,,,,,,,18,28,28,,28,吃老本,False
LEN,Consumer Discretionary,Lennar,2023-08-21,105.15,-10.75,6.45,19.75,8.8,0.667,35,25,14,27.8,26.91,37.04,False,False,114.23,12.44,0.972,False,122.85,-14.41,-2.53,-10.75,7.0,13.0,1965385.0,2021970.0,0.538,2497794.0,2344817.0,2072563.0,1.205,67.62,19,23,5,17.8,23,,True
ROST,Consumer Discretionary,Ross Stores,2023-08-21,115.45,3.83,15.49,7.46,8.56,1.0,2,15,25,10.5,13.46,2.26,False,True,108.98,8.41,1.206,False,119.04,-3.02,0.24,3.83,10.0,9.0,2824150.0,2340888.0,1.111,2904900.0,3473220.0,2816973.0,1.031,90.17,20,2,12,11.2,6,剛爆發,True
HD,Consumer Discretionary,Home Depot (The),2023-08-21,299.23,-2.57,11.05,10.41,7.32,0.667,14,17,22,16.5,4.68,0.52,False,True,295.65,5.19,0.961,False,317.23,-5.68,-1.38,-2.57,12.0,8.0,3079150.0,3202950.0,1.5,2418100.0,3427470.0,3236046.0,0.747,87.23,21,4,24,14.8,17,剛爆發,True
LOW,Consumer Discretionary,Lowe's,2023-08-21,210.08,-5.11,8.52,11.76,6.73,0.667,22,20,21,21.2,,,,,,,,,,,,,,,,,,,,,,,22,28,28,,28,吃老本,False
ORLY,Consumer Discretionary,O’Reilly Automotive,2023-08-21,62.07,0.24,0.87,11.93,6.24,1.0,7,29,20,16.2,1.39,3.12,False,False,62.8,3.89,1.01,False,65.05,-4.58,-0.74,0.24,11.0,9.0,5111318.0,5063000.0,1.222,5005500.0,4915650.0,4825500.0,1.037,85.85,23,5,11,13.4,10,剛爆發,True
MCD,Consumer Discretionary,McDonald's,2023-08-21,265.16,-3.21,0.02,9.13,3.76,0.667,16,31,24,22.1,,,,,,,,,,,,,,,,,,,,,,,24,28,28,,28,,False
GRMN,Consumer Discretionary,Garmin,2023-08-21,97.9,-1.28,0.23,6.68,3.08,0.667,10,30,26,19.2,2.05,-1.39,False,False,99.3,3.52,1.395,False,102.83,-4.8,1.77,-1.28,8.0,12.0,841350.0,603333.0,0.667,455400.0,519370.0,540820.0,0.842,84.34,25,7,19,16.6,20,剛爆發,True
DRI,Consumer Discretionary,Darden Restaurants,2023-08-21,141.49,-6.88,-2.5,9.66,2.49,0.333,26,40,23,29.6,,,,,,,,,,,,,,,,,,,,,,,26,28,28,,28,,False
HLT,Consumer Discretionary,Hilton Worldwide,2023-08-21,146.01,-4.54,6.57,1.85,1.43,0.667,20,24,32,23.6,,,,,,,,,,,,,,,,,,,,,,,27,28,28,,28,,False
EXPE,Consumer Discretionary,Expedia Group,2023-08-21,105.63,-10.95,10.99,2.52,1.27,0.667,37,18,30,29.9,,,,,,,,,,,,,,,,,,,,,,,28,28,28,,28,,False
ABNB,Consumer Discretionary,Airbnb,2023-08-21,125.79,-17.96,17.77,2.45,1.18,0.667,45,7,31,30.8,26.19,82.28,False,False,135.57,8.17,0.798,False,154.95,-18.82,0.58,-17.96,4.0,16.0,4011275.0,5025212.0,0.25,2415200.0,4037610.0,4025400.0,0.6,57.18,29,27,27,27.8,27,,True
NCLH,Consumer Discretionary,Norwegian Cruise Line Holdings,2023-08-21,16.87,-21.68,16.51,2.87,0.14,0.667,46,12,27,32.0,13.23,29.46,False,False,19.64,7.75,0.747,False,22.75,-25.85,1.14,-21.68,7.0,13.0,10720442.0,14356923.0,0.538,7809700.0,8619940.0,9189093.0,0.85,58.59,30,26,17,25.8,26,,True
YUM,Consumer Discretionary,Yum! Brands,2023-08-21,122.46,-5.26,-0.09,2.77,0.05,0.333,24,32,28,27.2,,,,,,,,,,,,,,,,,,,,,,,31,28,28,,28,,False
F,Consumer Discretionary,Ford Motor Company,2023-08-21,9.97,-10.18,-0.42,2.61,-1.34,0.333,32,35,29,32.3,,,,,,,,,,,,,,,,,,,,,,,32,28,28,,28,,False
AZO,Consumer Discretionary,AutoZone,2023-08-21,2453.4,-0.98,-0.3,-3.43,-2.04,0.0,9,34,35,21.7,1.85,13.87,False,False,2480.17,4.94,0.928,False,2750.0,-10.79,-0.2,-0.98,10.0,10.0,122150.0,131690.0,1.0,109200.0,133110.0,123453.0,0.885,80.56,33,11,16,20.8,24,剛爆發,True
EBAY,Consumer Discretionary,eBay Inc.,2023-08-21,41.37,-3.15,-1.17,-2.17,-2.17,0.0,15,38,34,25.7,3.58,3.56,False,False,42.63,4.89,1.064,False,49.01,-15.58,1.4,-3.15,10.0,10.0,4776430.0,4487140.0,1.0,7250700.0,4435320.0,4426020.0,1.638,82.29,34,9,2,17.6,22,剛爆發,True
MGM,Consumer Discretionary,MGM Resorts,2023-08-21,42.17,-17.15,4.41,-1.01,-3.69,0.333,44,27,33,36.7,,,,,,,,,,,,,,,,,,,,,,,35,28,28,,28,剛爆發,False
TSCO,Consumer Discretionary,Tractor Supply,2023-08-21,40.59,-4.2,1.46,-6.47,-3.92,0.333,19,28,39,25.7,,,,,,,,,,,,,,,,,,,,,,,36,28,28,,28,剛爆發,False
SBUX,Consumer Discretionary,Starbucks,2023-08-21,89.05,-5.2,-2.58,-5.05,-4.47,0.0,23,41,37,31.2,,,,,,,,,,,,,,,,,,,,,,,37,28,28,,28,剛爆發,False
RL,Consumer Discretionary,Ralph Lauren Corporation,2023-08-21,106.82,-12.4,-0.19,-4.78,-5.54,0.0,40,33,36,37.1,,,,,,,,,,,,,,,,,,,,,,,38,28,28,,28,剛爆發,False
LVS,Consumer Discretionary,Las Vegas Sands,2023-08-21,49.87,-10.84,-6.3,-5.96,-7.26,0.0,36,44,38,38.8,,,,,,,,,,,,,,,,,,,,,,,39,28,28,,28,剛爆發,False
GPC,Consumer Discretionary,Genuine Parts Company,2023-08-21,139.32,-2.1,-2.03,-13.38,-7.73,0.0,12,39,42,26.1,3.91,5.56,False,False,145.65,3.54,0.947,False,168.86,-17.5,-1.18,-2.1,9.0,11.0,818900.0,864618.0,0.818,666200.0,719900.0,789246.0,0.844,77.11,40,15,18,25.6,25,剛爆發,True
APTV,Consumer Discretionary,Aptiv,2023-08-21,97.61,-10.59,5.95,-15.08,-8.7,0.333,34,26,43,33.4,,,,,,,,,,,,,,,,,,,,,,,41,28,28,,28,剛爆發,False
WYNN,Consumer Discretionary,Wynn Resorts,2023-08-21,92.82,-12.16,-5.34,-9.08,-8.91,0.0,38,43,40,39.9,,,,,,,,,,,,,,,,,,,,,,,42,28,28,,28,剛爆發,False
BBY,Consumer Discretionary,Best Buy,2023-08-21,62.65,-12.34,-1.06,-11.21,-8.95,0.0,39,37,41,38.8,,,,,,,,,,,,,,,,,,,,,,,43,28,28,,28,剛爆發,False
GM,Consumer Discretionary,General Motors,2023-08-21,31.95,-13.4,-0.75,-15.47,-11.27,0.0,42,36,44,40.6,,,,,,,,,,,,,,,,,,,,,,,44,28,28,,28,剛爆發,False
NKE,Consumer Discretionary,"Nike, Inc.",2023-08-21,92.86,-9.0,-7.76,-15.75,-12.07,0.0,29,45,45,37.0,,,,,,,,,,,,,,,,,,,,,,,45,28,28,,28,剛爆發,False
ULTA,Consumer Discretionary,Ulta Beauty,2023-08-21,407.15,-8.59,-3.12,-21.7,-13.78,0.0,28,42,47,36.0,,,,,,,,,,,,,,,,,,,,,,,46,28,28,,28,剛爆發,False
TPR,Consumer Discretionary,"Tapestry, Inc.",2023-08-21,30.68,-23.3,-20.32,-21.47,-21.64,0.0,47,47,46,46.8,,,,,,,,,,,,,,,,,,,,,,,47,28,28,,28,剛爆發,False
BG,Consumer Staples,Bunge Global,2023-08-21,103.95,4.64,20.24,16.44,14.44,1.0,1,1,3,1.4,39.63,0.52,False,True,95.99,3.47,1.139,False,106.89,-2.75,0.16,4.64,12.0,8.0,1332983.0,1169950.0,1.5,853300.0,984100.0,1085340.0,0.786,95.29,1,1,16,4.0,2,,True
STZ,Consumer Staples,Constellation Brands,2023-08-21,242.95,-4.46,11.79,16.63,10.15,0.667,17,2,2,9.5,2.85,7.39,False,True,241.86,5.0,0.999,False,255.36,-4.86,0.94,-4.46,7.0,13.0,837185.0,837792.0,0.538,409200.0,791060.0,800646.0,0.511,73.26,2,15,24,11.6,10,吃老本,True
CASY,Consumer Staples,Casey's,2023-08-21,241.03,-2.64,6.32,15.33,8.59,0.667,9,7,4,7.4,-8.37,31.76,False,True,239.69,4.52,0.989,False,253.87,-5.06,-1.01,-2.64,10.0,10.0,193790.0,196000.0,1.0,231300.0,184850.0,177086.0,1.306,80.31,3,5,3,3.8,1,,False
WMT,Consumer Staples,Walmart,2023-08-21,51.1,-0.96,8.17,12.05,7.83,0.667,4,5,7,4.9,7.88,11.64,False,True,50.8,4.91,0.844,False,52.7,-3.05,-0.07,-0.96,10.0,10.0,15996690.0,18961740.0,1.0,12267000.0,21678330.0,18976260.0,0.646,79.16,4,6,22,8.4,4,,True
TAP,Consumer Staples,Molson Coors Beverage Company,2023-08-21,56.71,-10.91,4.34,18.56,7.64,0.667,31,12,1,19.3,8.02,105.13,False,False,59.63,4.48,0.961,False,63.97,-11.35,-0.29,-10.91,6.0,14.0,1842333.0,1917871.0,0.429,1046200.0,1279340.0,1344293.0,0.778,66.58,5,23,17,14.6,17,吃老本,True
PG,Consumer Staples,Procter & Gamble,2023-08-21,141.88,-1.83,6.26,11.64,6.93,0.667,6,8,8,7.0,3.48,3.46,False,True,140.29,4.31,0.855,False,146.35,-3.06,0.66,-1.83,9.0,11.0,4636855.0,5422681.0,0.818,3541500.0,5029640.0,4766173.0,0.743,76.4,6,12,18,10.8,7,吃老本,True
MNST,Consumer Staples,Monster Beverage,2023-08-21,57.34,-1.39,-0.47,13.29,6.18,0.333,5,17,5,8.6,-0.95,13.99,False,False,57.58,4.24,0.877,False,60.47,-5.18,-0.03,-1.39,12.0,8.0,4103875.0,4678950.0,1.5,2654900.0,3424420.0,3881573.0,0.684,87.0,7,2,19,7.4,3,,False
CHD,Consumer Staples,Church & Dwight,2023-08-21,90.27,-3.69,-0.43,12.28,5.11,0.333,12,16,6,12.0,15.41,11.08,False,False,93.22,5.42,0.794,False,96.98,-6.92,0.23,-3.69,9.0,11.0,1052288.0,1324909.0,0.818,701400.0,951450.0,1028046.0,0.682,74.05,8,14,20,12.8,13,吃老本,True
COST,Consumer Staples,Costco,2023-08-21,513.2,-5.02,5.47,9.73,4.98,0.667,20,10,10,15.0,-8.27,2.25,False,False,522.89,6.62,0.866,False,547.87,-6.33,-1.82,-5.02,8.0,12.0,1281037.0,1479175.0,0.667,1511500.0,1528890.0,1396453.0,1.082,71.41,9,20,6,12.8,13,吃老本,False
BF-B,Consumer Staples,Brown–Forman,2023-08-21,63.26,-3.85,10.94,5.44,4.49,0.667,13,4,13,10.3,0.66,-55.93,False,True,63.14,5.22,1.184,False,71.65,-11.7,0.34,-3.85,6.0,14.0,1027883.0,868257.0,0.429,918700.0,994250.0,918200.0,1.001,74.97,10,13,8,10.8,7,,True
MDLZ,Consumer Staples,Mondelez International,2023-08-21,65.55,-4.72,-4.33,10.26,2.87,0.333,18,24,9,18.0,10.09,10.62,False,False,66.82,5.7,0.941,False,71.68,-8.54,0.52,-4.72,7.0,13.0,4825271.0,5126792.0,0.538,3890200.0,4848470.0,4632260.0,0.84,71.93,11,19,14,14.8,18,吃老本,True
KR,Consumer Staples,Kroger,2023-08-21,43.82,-3.51,-1.04,7.58,2.65,0.333,11,19,12,13.6,3.97,9.51,False,False,44.52,5.91,0.915,False,47.87,-8.46,-2.17,-3.51,8.0,12.0,3892962.0,4255408.0,0.667,3560500.0,4380280.0,4213180.0,0.845,73.04,12,17,13,14.2,16,,True
ADM,Consumer Staples,Archer Daniels Midland,2023-08-21,73.58,-5.94,11.73,0.37,1.63,0.667,23,3,19,16.2,19.15,17.35,False,True,73.05,5.94,0.925,False,87.84,-16.23,-2.41,-5.94,10.0,10.0,2356200.0,2547000.0,1.0,3717600.0,2163720.0,2192666.0,1.695,76.66,13,11,1,9.8,5,,True
MKC,Consumer Staples,McCormick & Company,2023-08-21,75.34,-9.3,-5.84,9.67,1.05,0.333,29,26,11,24.5,4.76,17.94,False,False,80.76,7.69,0.983,False,86.88,-13.28,-4.11,-9.3,6.0,14.0,1042683.0,1060371.0,0.429,1411100.0,970890.0,939213.0,1.502,66.42,14,24,2,15.6,19,吃老本,True
KMB,Consumer Staples,Kimberly-Clark,2023-08-21,114.48,-0.93,-4.37,4.28,0.82,0.333,3,25,14,11.8,11.53,26.81,False,False,117.52,3.28,0.927,False,129.87,-11.85,0.76,-0.93,9.0,11.0,1411322.0,1522300.0,0.818,1165800.0,1440380.0,1353720.0,0.861,78.24,15,7,12,11.2,9,剛爆發,True
CLX,Consumer Staples,Clorox,2023-08-21,139.37,1.16,-2.15,1.79,0.65,0.667,2,21,18,10.9,41.09,23.37,False,False,140.29,9.35,1.055,False,159.55,-12.65,0.44,1.16,9.0,11.0,1480088.0,1402845.0,0.818,746400.0,1128860.0,1103733.0,0.676,81.61,16,4,21,12.2,11,剛爆發,True
KO,Consumer Staples,Coca-Cola Company (The),2023-08-21,55.29,-3.35,0.98,2.47,0.64,0.667,10,14,16,12.4,8.14,5.4,False,False,55.88,2.48,1.009,False,59.05,-6.37,-0.92,-3.35,9.0,11.0,9126477.0,9041945.0,0.818,7629200.0,8908710.0,8552273.0,0.892,77.56,17,9,11,12.6,12,剛爆發,True
CL,Consumer Staples,Colgate-Palmolive,2023-08-21,68.82,-2.37,-2.51,2.24,-0.1,0.333,8,23,17,14.3,3.28,4.57,False,False,70.78,5.44,1.071,False,76.15,-9.63,-0.97,-2.37,8.0,11.0,3996825.0,3731254.0,0.727,2663300.0,3414510.0,3268020.0,0.815,77.85,18,8,15,13.4,15,剛爆發,True
PEP,Consumer Staples,PepsiCo,2023-08-21,161.59,-5.72,-1.58,3.37,-0.14,0.333,22,20,15,20.0,6.56,8.23,False,False,166.53,5.33,0.922,False,176.08,-8.23,0.7,-5.72,5.0,15.0,3847300.0,4171060.0,0.333,4710700.0,4211100.0,4097760.0,1.15,67.99,19,21,4,16.8,20,,True
PM,Consumer Staples,Philip Morris International,2023-08-21,83.61,-4.8,6.05,-0.96,-0.16,0.333,19,9,20,16.2,,,,False,85.14,3.85,0.89,False,90.44,-7.56,0.75,-4.8,4.0,16.0,2530350.0,2843787.0,0.25,2474700.0,2814630.0,2650486.0,0.934,66.74,20,22,9,18.6,23,,False
KDP,Consumer Staples,Keurig Dr Pepper,2023-08-21,30.51,-1.89,6.64,-5.87,-1.75,0.333,7,6,23,9.9,4.88,2.07,False,True,29.84,3.33,1.45,False,37.0,-17.54,-1.39,-1.89,9.0,11.0,10201077.0,7035472.0,0.818,8166600.0,7458510.0,7273713.0,1.123,85.96,21,3,5,10.6,6,剛爆發,True
MO,Consumer Staples,Altria,2023-08-21,34.75,-4.0,-0.05,-3.47,-2.75,0.0,14,15,22,15.9,0.77,0.51,False,False,35.43,3.44,0.919,False,37.44,-7.19,1.77,-4.0,7.0,13.0,7097814.0,7727192.0,0.538,7007100.0,6902060.0,6811640.0,1.029,72.46,22,18,7,17.4,21,,True
SJM,Consumer Staples,J.M. Smucker Company (The),2023-08-21,127.67,-5.19,-2.32,-3.04,-3.4,0.0,21,22,21,21.3,,,,,,,,,,,,,,,,,,,,,,,23,25,25,,25,,False
TSN,Consumer Staples,Tyson Foods,2023-08-21,48.68,-4.15,4.81,-10.26,-4.97,0.333,16,11,26,16.5,-42.99,-105.0,False,True,47.73,3.94,1.014,False,71.72,-32.12,-1.13,-4.15,9.0,11.0,3358500.0,3311600.0,0.818,1851100.0,2636790.0,3234146.0,0.572,77.08,24,10,23,18.2,22,剛爆發,True
SYY,Consumer Staples,Sysco,2023-08-21,64.19,-8.28,-0.69,-6.79,-5.64,0.0,26,18,24,23.2,,,,,,,,,,,,,,,,,,,,,,,25,25,25,,25,,False
HRL,Consumer Staples,Hormel Foods,2023-08-21,34.79,-4.04,3.08,-11.47,-5.98,0.333,15,13,27,16.8,2.79,-11.94,False,False,35.39,8.54,0.887,False,44.52,-21.85,0.23,-4.04,8.0,12.0,1558375.0,1756383.0,0.667,1536500.0,1811150.0,1666120.0,0.922,73.19,26,16,10,18.8,24,剛爆發,True
HSY,Consumer Staples,Hershey Company (The),2023-08-21,200.31,-7.28,-15.22,-8.23,-9.74,0.0,25,30,25,26.5,,,,,,,,,,,,,,,,,,,,,,,27,25,25,,25,,False
KHC,Consumer Staples,Kraft Heinz,2023-08-21,28.75,-6.39,-10.78,-12.73,-10.66,0.0,24,27,28,25.7,,,,,,,,,,,,,,,,,,,,,,,28,25,25,,25,,False
GIS,Consumer Staples,General Mills,2023-08-21,59.57,-9.38,-18.15,-14.02,-13.89,0.0,30,31,29,30.1,,,,,,,,,,,,,,,,,,,,,,,29,25,25,,25,,False
DLTR,Consumer Staples,Dollar Tree,2023-08-21,123.31,-19.11,-13.44,-14.37,-15.32,0.0,33,29,30,31.2,,,,,,,,,,,,,,,,,,,,,,,30,25,25,,25,,False
TGT,Consumer Staples,Target Corporation,2023-08-21,109.95,-9.01,-11.59,-25.93,-18.11,0.0,27,28,31,28.1,,,,,,,,,,,,,,,,,,,,,,,31,25,25,,25,剛爆發,False
DG,Consumer Staples,Dollar General,2023-08-21,145.28,-9.15,-24.17,-27.21,-21.94,0.0,28,33,32,30.3,,,,,,,,,,,,,,,,,,,,,,,32,25,25,,25,剛爆發,False
EL,Consumer Staples,Estée Lauder Companies (The),2023-08-21,144.88,-15.1,-20.94,-36.49,-27.26,0.0,32,32,33,32.2,,,,,,,,,,,,,,,,,,,,,,,33,25,25,,25,剛爆發,False
TPL,Energy,Texas Pacific Land Corporation,2023-08-21,204.56,26.51,44.99,8.12,21.93,1.0,1,1,11,3.0,16.31,-18.79,False,True,165.86,5.26,1.024,False,292.97,-30.18,-0.29,26.51,13.0,7.0,281630.0,275014.0,1.857,194400.0,239310.0,257460.0,0.755,100.0,1,1,13,3.4,2,,True
MPC,Energy,Marathon Petroleum,2023-08-21,136.08,9.77,32.99,16.63,19.01,1.0,2,2,3,2.2,15.98,8.66,False,True,120.55,6.45,0.941,False,140.83,-3.37,-0.44,9.77,16.0,4.0,3796037.0,4032050.0,4.0,4481100.0,3597900.0,3842000.0,1.166,100.0,2,1,2,1.6,1,,True
BKR,Energy,Baker Hughes,2023-08-21,33.35,0.48,27.61,17.95,16.0,1.0,13,5,2,8.4,16.92,7.49,False,True,31.83,3.67,0.937,False,34.38,-2.99,0.37,0.48,10.0,10.0,4817720.0,5144230.0,1.0,3447000.0,4447580.0,4770173.0,0.723,81.83,3,13,14,9.2,8,吃老本,True
EQT,Energy,EQT Corporation,2023-08-21,40.43,-0.21,16.9,22.05,15.2,0.667,15,11,1,11.0,36.39,30.41,False,True,39.34,8.2,1.167,False,49.17,-17.77,-3.29,-0.21,10.0,10.0,5509820.0,4720910.0,1.0,2931000.0,4693470.0,5250320.0,0.558,83.98,4,10,18,9.2,8,吃老本,True
APA,Energy,APA Corporation,2023-08-21,38.12,6.43,28.74,10.38,13.98,1.0,3,3,9,4.2,18.87,22.23,False,True,34.44,7.62,1.26,False,44.29,-13.93,-3.37,6.43,10.0,10.0,4638730.0,3681010.0,1.0,2577700.0,3359040.0,3724313.0,0.692,89.56,5,6,17,7.8,5,,True
TRGP,Energy,Targa Resources,2023-08-21,79.17,4.77,22.86,12.97,13.39,1.0,5,7,8,6.2,-20.34,-140.48,False,True,74.07,3.87,1.09,False,80.16,-1.23,-0.32,4.77,10.0,10.0,1736700.0,1592690.0,1.0,1432700.0,1657120.0,1565693.0,0.915,86.82,6,8,9,7.4,3,,True
PSX,Energy,Phillips 66,2023-08-21,103.71,4.17,21.12,13.94,13.3,1.0,6,9,5,6.7,8.57,18.32,False,True,94.62,5.05,0.929,False,105.82,-1.99,-0.31,4.17,13.0,7.0,3160853.0,3404157.0,1.857,2262100.0,3251970.0,3158546.0,0.716,96.49,7,4,15,7.4,3,,True
WMB,Energy,Williams Companies,2023-08-21,30.81,1.79,22.32,14.5,13.28,1.0,9,8,4,7.7,9.43,19.7,False,True,29.72,3.63,1.019,False,31.51,-2.23,-0.29,1.79,11.0,9.0,5800954.0,5691955.0,1.222,4247500.0,5173650.0,5368846.0,0.791,87.13,8,7,12,8.4,6,,True
COP,Energy,ConocoPhillips,2023-08-21,106.83,0.95,15.59,13.13,10.7,1.0,12,13,7,11.3,-6.04,15.11,False,True,100.96,4.52,0.959,False,122.47,-12.77,-0.66,0.95,8.0,12.0,4081937.0,4255408.0,0.667,3710300.0,3739820.0,3832953.0,0.968,77.09,9,19,7,12.6,16,吃老本,False
EOG,Energy,EOG Resources,2023-08-21,114.27,-2.77,16.18,13.78,10.24,0.667,20,12,6,14.8,6.82,8.08,False,True,109.93,5.76,1.033,False,130.23,-12.26,-2.72,-2.77,9.0,11.0,2660433.0,2574427.0,0.818,2417400.0,1919770.0,2239953.0,1.079,77.61,10,18,4,12.0,13,吃老本,True
SLB,Energy,Schlumberger,2023-08-21,52.32,-1.21,27.62,5.28,9.24,0.667,17,4,13,12.3,1.0,3.59,False,True,50.76,7.42,1.126,False,55.71,-6.09,-2.71,-1.21,9.0,11.0,8019955.0,7121263.0,0.818,8619100.0,7193120.0,7570906.0,1.138,80.17,11,15,3,11.0,12,,True
HAL,Energy,Halliburton,2023-08-21,35.65,-0.03,26.98,4.12,8.8,0.667,14,6,14,11.6,3.09,7.16,False,True,34.39,7.79,1.144,False,40.19,-11.3,-3.17,-0.03,9.0,11.0,7112144.0,6215109.0,0.818,5922600.0,5976110.0,6306386.0,0.939,81.01,12,14,8,12.0,13,,True
FANG,Energy,Diamondback Energy,2023-08-21,134.72,3.27,14.82,8.51,8.77,1.0,8,15,10,10.5,-5.38,-4.57,False,True,125.65,3.35,1.248,False,145.34,-7.3,1.02,3.27,12.0,8.0,2127191.0,1704400.0,1.5,1598200.0,1747260.0,1763773.0,0.906,96.71,13,3,10,8.4,6,剛爆發,False
VLO,Energy,Valero Energy,2023-08-21,122.58,3.96,17.89,2.01,6.47,1.0,7,10,17,9.9,6.29,14.68,False,True,112.36,9.11,0.936,False,135.14,-9.29,-0.34,3.96,10.0,10.0,3514190.0,3754260.0,1.0,5167200.0,3646000.0,3645473.0,1.417,83.62,14,11,1,10.2,10,,True
EXE,Energy,Expand Energy,2023-08-21,78.71,1.47,10.43,3.47,4.71,1.0,10,16,15,12.8,63.14,10.59,False,True,76.78,8.0,0.711,False,93.66,-15.97,-0.93,1.47,10.0,10.0,2425420.0,3408970.0,1.0,1061700.0,4245060.0,3325866.0,0.319,77.96,15,17,19,16.6,19,,True
OXY,Energy,Occidental Petroleum,2023-08-21,58.64,-0.39,5.24,5.47,3.95,0.667,16,19,12,16.1,-10.96,-14.39,False,True,57.77,7.87,1.39,False,72.41,-19.02,-3.48,-0.39,9.0,11.0,10543466.0,7585454.0,0.818,6790000.0,7274020.0,8293866.0,0.819,84.97,16,9,11,12.2,15,剛爆發,True
KMI,Energy,Kinder Morgan,2023-08-21,14.99,-1.31,8.7,2.71,3.2,0.667,18,17,16,17.3,,,,,,,,,,,,,,,,,,,,,,,17,20,20,,20,,False
OKE,Energy,Oneok,2023-08-21,55.79,-1.98,14.98,-1.03,2.73,0.333,19,14,20,17.7,2.66,2.37,False,True,54.4,5.05,1.223,False,58.98,-5.4,-0.99,-1.98,8.0,12.0,2719150.0,2222758.0,0.667,2239200.0,2096440.0,2294220.0,0.976,79.82,18,16,6,14.8,17,,True
XOM,Energy,ExxonMobil,2023-08-21,98.73,4.78,3.97,-0.6,1.89,0.667,4,21,19,12.1,-3.91,9.32,False,True,95.95,4.94,1.295,False,107.55,-8.2,-1.63,4.78,11.0,9.0,16192054.0,12504700.0,1.222,13579300.0,13195620.0,13882426.0,0.978,93.21,19,5,5,10.6,11,剛爆發,False
CVX,Energy,Chevron Corporation,2023-08-21,141.58,1.12,4.26,-0.12,1.29,0.667,11,20,18,15.1,3.52,5.06,False,True,139.39,3.76,1.203,False,162.84,-13.05,-1.11,1.12,9.0,11.0,8598000.0,7149609.0,0.818,5291800.0,6526690.0,7433786.0,0.712,83.55,20,12,16,16.0,18,剛爆發,True
DVN,Energy,Devon Energy,2023-08-21,45.56,-4.85,6.43,-5.29,-2.25,0.333,21,18,21,20.1,,,,,,,,,,,,,,,,,,,,,,,21,20,20,,20,,False
ERIE,Financials,Erie Indemnity,2023-08-21,267.53,28.28,28.99,20.49,24.56,1.0,1,2,7,2.5,19.49,12.41,False,True,223.45,5.41,3.82,False,279.32,-4.22,-0.14,28.29,12.0,8.0,621725.0,162762.0,1.5,95200.0,164220.0,455820.0,0.209,100.0,1,1,29,6.6,3,,True
BRO,Financials,Brown & Brown,2023-08-21,71.66,3.68,16.41,29.84,19.94,1.0,11,12,1,9.3,14.6,3.36,False,True,68.15,4.3,0.844,False,72.1,-0.61,2.35,3.68,11.0,9.0,893054.0,1058688.0,1.222,1024100.0,945720.0,899533.0,1.138,86.25,2,14,4,7.2,5,吃老本,True
CPAY,Financials,Corpay,2023-08-21,265.24,7.31,13.47,28.28,19.33,1.0,4,17,2,7.5,0.27,2.89,False,True,253.3,4.06,0.959,False,272.37,-2.62,1.15,7.31,11.0,9.0,464654.0,484366.0,1.222,341100.0,485940.0,520360.0,0.656,89.96,3,13,25,11.4,11,吃老本,True
ARES,Financials,Ares Management,2023-08-21,91.35,0.94,18.3,27.02,18.32,1.0,19,9,4,13.0,5.66,-12.22,False,True,89.59,5.7,0.948,False,94.49,-3.33,0.79,0.94,12.0,8.0,937283.0,988400.0,1.5,657000.0,900930.0,872233.0,0.753,89.97,4,12,16,9.6,8,吃老本,True
APO,Financials,Apollo Global Management,2023-08-21,79.73,2.19,27.79,18.76,16.87,1.0,16,3,8,10.5,3.02,-3.79,False,True,76.1,7.47,0.724,False,83.75,-4.81,2.45,2.19,9.0,11.0,2047044.0,2828627.0,0.818,1278100.0,1739540.0,2536786.0,0.504,77.23,5,23,28,16.8,17,吃老本,True
AJG,Financials,Arthur J. Gallagher & Co.,2023-08-21,221.19,5.26,11.98,23.91,16.27,1.0,7,20,5,10.5,2.19,1.22,False,True,212.01,6.27,0.898,False,222.93,-0.78,3.2,5.26,13.0,7.0,615723.0,685571.0,1.857,698800.0,603650.0,574566.0,1.216,98.01,6,9,3,6.6,3,,True
COIN,Financials,Coinbase,2023-08-21,74.26,-21.63,30.46,27.07,15.74,0.667,75,1,3,38.4,44.98,80.68,False,False,82.56,14.41,0.901,False,114.43,-35.1,1.46,-21.63,6.0,14.0,7814950.0,8671200.0,0.429,5136800.0,7358470.0,7604460.0,0.675,59.81,7,29,23,19.0,19,吃老本,True
MRSH,Financials,Marsh McLennan,2023-08-21,184.75,2.83,12.52,20.72,14.2,1.0,14,19,6,13.9,4.02,2.3,False,True,178.48,3.92,1.019,False,185.54,-0.43,2.84,2.83,14.0,6.0,1221650.0,1198850.0,2.333,1155300.0,1093730.0,1069486.0,1.08,100.0,8,1,9,5.4,2,剛爆發,True
CBOE,Financials,Cboe Global Markets,2023-08-21,146.91,7.74,13.48,17.5,14.05,1.0,3,16,9,8.1,0.44,1.46,False,True,137.87,2.92,1.203,True,148.01,-0.75,0.74,7.74,13.0,7.0,766176.0,637000.0,1.857,839600.0,629550.0,658433.0,1.275,100.0,9,1,2,4.4,1,剛爆發,True
GPN,Financials,Global Payments,2023-08-21,117.89,11.77,22.05,9.01,12.96,1.0,2,4,22,6.6,1.45,3.98,False,True,108.96,6.04,1.714,False,131.11,-10.08,-1.89,11.77,9.0,11.0,2897955.0,1691045.0,0.818,2149300.0,1939170.0,1901313.0,1.13,98.57,10,8,5,8.2,6,,True
BRK-B,Financials,Berkshire Hathaway,2023-08-21,355.93,1.75,11.02,17.07,11.73,1.0,18,23,10,17.9,15.84,5.59,False,True,347.18,2.64,0.962,False,364.63,-2.39,0.96,1.75,10.0,10.0,2802890.0,2913270.0,1.0,2136800.0,2456950.0,2891786.0,0.739,83.27,11,19,18,15.6,15,吃老本,True
IBKR,Financials,Interactive Brokers,2023-08-21,22.79,6.47,18.38,7.48,9.95,1.0,5,8,25,9.9,-5.76,-4.52,False,True,21.22,4.98,1.142,False,23.0,-0.93,1.2,6.47,13.0,7.0,3116923.0,2728742.0,1.857,2066800.0,2716760.0,2666080.0,0.775,100.0,12,1,15,8.2,6,剛爆發,False
BX,Financials,Blackstone Inc.,2023-08-21,90.6,-5.13,17.19,13.84,9.93,0.667,43,11,14,27.6,,,,True,89.23,5.98,0.935,False,98.12,-7.67,0.95,-5.13,8.0,12.0,2813862.0,3009958.0,0.667,1742800.0,2305840.0,2700273.0,0.645,73.66,13,25,26,20.4,22,吃老本,False
MA,Financials,Mastercard,2023-08-21,395.77,2.53,7.77,14.44,9.79,1.0,15,36,12,20.7,2.0,3.22,False,True,385.81,3.98,1.095,False,398.03,-0.57,2.73,2.53,11.0,9.0,2151054.0,1964844.0,1.222,2154600.0,1987380.0,1907053.0,1.13,90.1,14,11,5,11.0,10,,True
ICE,Financials,Intercontinental Exchange,2023-08-21,111.52,0.58,10.54,13.89,9.73,1.0,20,25,13,20.1,4.6,0.75,False,True,109.83,3.19,1.048,False,113.5,-1.74,1.8,0.58,10.0,10.0,2235980.0,2134400.0,1.0,1500100.0,2010500.0,1999446.0,0.75,84.4,15,17,17,16.2,16,,True
AFL,Financials,Aflac,2023-08-21,70.02,3.15,15.79,9.59,9.53,1.0,12,13,20,13.9,10.07,10.74,False,True,67.68,4.85,1.016,False,73.54,-4.79,-0.24,3.15,8.0,12.0,2386462.0,2347941.0,0.667,1550100.0,1952710.0,2110306.0,0.735,79.58,16,22,19,19.0,19,吃老本,True
CME,Financials,CME Group,2023-08-21,178.71,1.91,15.73,9.9,9.36,1.0,17,14,19,16.5,4.99,1.86,False,True,169.48,4.2,1.113,False,184.06,-2.91,-0.25,1.91,10.0,10.0,1504460.0,1351540.0,1.0,1297600.0,1410010.0,1390280.0,0.933,85.52,17,15,12,15.2,14,,True
AIZ,Financials,Assurant,2023-08-21,132.92,4.62,11.74,9.56,8.87,1.0,8,22,21,14.8,41.2,18.5,False,True,126.76,4.04,1.167,False,161.22,-17.55,-0.91,4.62,14.0,6.0,344571.0,295266.0,2.333,226600.0,273600.0,265146.0,0.855,100.0,18,1,13,10.2,9,剛爆發,True
SPGI,Financials,S&P Global,2023-08-21,359.36,-0.76,7.87,13.62,8.59,0.667,26,35,15,26.5,-0.33,8.06,False,False,366.91,5.03,0.932,False,395.81,-9.21,1.88,-0.76,10.0,10.0,1109342.0,1190763.0,1.0,996011.0,988030.0,964857.0,1.032,81.6,19,20,10,17.6,18,,False
MCO,Financials,Moody's Corporation,2023-08-21,327.09,-5.16,7.1,16.18,8.57,0.667,44,38,11,35.6,3.91,37.33,False,False,335.05,4.73,0.862,False,354.39,-7.7,2.27,-5.16,7.0,13.0,526785.0,610946.0,0.538,487000.0,510490.0,507313.0,0.96,70.97,20,26,11,20.6,23,吃老本,True
V,Financials,Visa Inc.,2023-08-21,237.54,3.09,8.01,10.91,8.23,1.0,13,34,16,19.9,2.03,5.18,False,True,232.1,3.44,1.079,False,239.83,-0.96,1.85,3.09,13.0,7.0,4516946.0,4184700.0,1.857,3541500.0,4034410.0,4234306.0,0.836,99.34,21,7,14,14.0,13,剛爆發,True
KKR,Financials,KKR & Co.,2023-08-21,58.43,-0.48,15.45,8.78,8.13,0.667,23,15,23,20.6,2.34,9.05,False,True,57.54,6.73,1.33,False,62.32,-6.25,-1.16,-0.48,9.0,11.0,3230044.0,2428209.0,0.818,1980900.0,2516220.0,2979186.0,0.665,84.8,22,16,24,20.0,21,剛爆發,True
AON,Financials,Aon plc,2023-08-21,325.08,4.03,7.09,10.02,7.79,1.0,10,39,17,20.1,-2.65,-2.8,False,True,322.49,5.19,0.823,False,339.4,-4.22,2.47,4.03,12.0,8.0,726225.0,882475.0,1.5,1041500.0,694440.0,737646.0,1.412,90.31,23,10,1,13.4,12,剛爆發,True
HOOD,Financials,Robinhood Markets,2023-08-21,10.54,-17.2,19.5,9.91,5.53,0.667,73,6,18,41.9,21.21,6.44,False,False,11.14,8.1,0.897,False,13.23,-20.33,2.83,-17.2,7.0,13.0,7897928.0,8800115.0,0.538,4784400.0,5964900.0,6752700.0,0.709,64.59,24,28,20,24.8,26,,True
ACGL,Financials,Arch Capital Group,2023-08-21,70.96,-3.4,5.1,7.88,4.36,0.667,37,48,24,37.7,,,,,,,,,,,,,,,,,,,,,,,25,30,30,,30,,False
FISV,Financials,Fiserv,2023-08-21,121.48,-2.81,6.78,6.14,4.06,0.667,34,41,26,34.5,,,,,,,,,,,,,,,,,,,,,,,26,30,30,,30,,False
MSCI,Financials,MSCI Inc.,2023-08-21,513.14,-3.23,11.91,3.07,3.7,0.667,36,21,28,29.9,,,,,,,,,,,,,,,,,,,,,,,27,30,30,,30,,False
FDS,Financials,FactSet,2023-08-21,414.67,-1.59,10.87,2.42,3.53,0.667,28,24,29,27.0,,,,,,,,,,,,,,,,,,,,,,,28,30,30,,30,,False
JPM,Financials,JPMorgan Chase,2023-08-21,137.66,-6.28,8.12,5.88,3.4,0.667,46,33,27,38.3,,,,,,,,,,,,,,,,,,,,,,,29,30,30,,30,,False
L,Financials,Loews Corporation,2023-08-21,61.57,-0.11,8.78,1.82,3.07,0.667,22,28,31,25.6,,,,,,,,,,,,,,,,,,,,,,,30,30,30,,30,,False
PRU,Financials,Prudential Financial,2023-08-21,81.9,-1.31,18.57,-2.57,3.03,0.333,27,7,34,22.4,-2.2,-9.13,False,True,79.44,4.82,1.072,False,92.0,-10.98,2.39,-1.31,7.0,13.0,1649528.0,1538107.0,0.538,1556100.0,1444850.0,1435740.0,1.084,77.02,31,24,8,23.6,24,剛爆發,True
AMP,Financials,Ameriprise Financial,2023-08-21,320.98,-2.84,8.5,-0.81,1.01,0.333,35,31,33,33.4,,,,,,,,,,,,,,,,,,,,,,,32,30,30,,30,,False
MET,Financials,MetLife,2023-08-21,57.45,0.58,21.45,-11.57,-0.27,0.667,20,5,52,21.9,3.11,-17.55,False,True,54.76,4.7,0.916,False,69.46,-17.29,0.24,0.58,10.0,10.0,3288340.0,3588450.0,1.0,2109500.0,2744600.0,3021340.0,0.698,81.48,33,21,22,26.0,27,剛爆發,True
AIG,Financials,American International Group,2023-08-21,54.15,-3.84,7.69,-2.58,-0.33,0.333,38,37,35,37.1,,,,,,,,,,,,,,,,,,,,,,,34,30,30,,30,,False
CB,Financials,Chubb Limited,2023-08-21,194.94,-2.11,6.56,-3.54,-0.66,0.333,31,43,37,35.8,,,,,,,,,,,,,,,,,,,,,,,35,30,30,,30,,False
PGR,Financials,Progressive Corporation,2023-08-21,121.19,6.04,3.26,-6.37,-0.86,0.667,6,53,39,26.7,-50.62,-50.85,False,True,117.23,10.06,1.123,False,136.89,-11.47,-1.01,6.04,8.0,11.0,2673962.0,2380972.0,0.727,1447300.0,2612390.0,2270193.0,0.638,83.78,36,18,27,27.0,28,剛爆發,True
RJF,Financials,Raymond James Financial,2023-08-21,97.99,-6.33,10.23,-4.28,-1.17,0.333,47,26,38,38.9,,,,,,,,,,,,,,,,,,,,,,,37,30,30,,30,剛爆發,False
TROW,Financials,T. Rowe Price,2023-08-21,94.89,-13.48,4.01,1.85,-1.44,0.667,71,50,30,56.5,,,,,,,,,,,,,,,,,,,,,,,38,30,30,,30,剛爆發,False
JKHY,Financials,Jack Henry & Associates,2023-08-21,152.01,-5.86,6.6,-3.52,-1.57,0.333,45,42,36,42.3,,,,,,,,,,,,,,,,,,,,,,,39,30,30,,30,剛爆發,False
BLK,Financials,BlackRock,2023-08-21,630.93,-8.45,1.28,0.36,-1.61,0.667,55,60,32,51.9,,,,,,,,,,,,,,,,,,,,,,,40,30,30,,30,剛爆發,False
HIG,Financials,Hartford (The),2023-08-21,67.91,-0.62,5.18,-6.84,-2.28,0.333,24,47,41,34.3,,,,,,,,,,,,,,,,,,,,,,,41,30,30,,30,剛爆發,False
WRB,Financials,W. R. Berkley Corporation,2023-08-21,37.53,-2.32,8.72,-7.86,-2.33,0.333,32,30,44,33.8,,,,,,,,,,,,,,,,,,,,,,,42,30,30,,30,剛爆發,False
GL,Financials,Globe Life,2023-08-21,108.62,-0.65,6.13,-8.29,-2.77,0.333,25,44,45,34.7,,,,,,,,,,,,,,,,,,,,,,,43,30,30,,30,剛爆發,False
NDAQ,Financials,"Nasdaq, Inc.",2023-08-21,50.6,4.44,-2.33,-6.81,-2.88,0.333,9,69,40,33.2,7.28,4.91,False,True,48.52,6.3,1.194,False,65.88,-23.2,1.8,4.44,12.0,7.0,2723841.0,2281500.0,1.714,1866400.0,2689870.0,2648206.0,0.705,99.99,44,6,21,24.2,25,剛爆發,True
EG,Financials,Everest Group,2023-08-21,334.83,-1.75,1.28,-7.76,-4.0,0.333,30,60,43,41.6,,,,,,,,,,,,,,,,,,,,,,,45,30,30,,30,剛爆發,False
PFG,Financials,Principal Financial Group,2023-08-21,68.57,-3.99,13.03,-12.54,-4.01,0.333,39,18,56,36.1,,,,,,,,,,,,,,,,,,,,,,,46,30,30,,30,剛爆發,False
BNY,Financials,BNY Mellon,2023-08-21,40.65,-2.78,8.23,-11.75,-4.51,0.333,33,32,53,36.7,,,,,,,,,,,,,,,,,,,,,,,47,30,30,,30,剛爆發,False
AXP,Financials,American Express,2023-08-21,152.9,-4.3,1.03,-8.49,-5.06,0.333,40,62,46,47.8,,,,,,,,,,,,,,,,,,,,,,,48,30,30,,30,剛爆發,False
SYF,Financials,Synchrony Financial,2023-08-21,30.09,-7.92,3.82,-9.68,-5.87,0.333,52,52,47,51.0,,,,,,,,,,,,,,,,,,,,,,,49,30,30,,30,剛爆發,False
CINF,Financials,Cincinnati Financial,2023-08-21,96.79,-4.95,6.8,-12.93,-6.0,0.333,41,40,57,43.9,,,,,,,,,,,,,,,,,,,,,,,50,30,30,,30,剛爆發,False
BEN,Financials,Franklin Resources,2023-08-21,21.95,-12.61,5.99,-9.93,-6.62,0.333,68,45,48,57.1,,,,,,,,,,,,,,,,,,,,,,,51,30,30,,30,剛爆發,False
IVZ,Financials,Invesco,2023-08-21,13.41,-7.39,3.25,-11.23,-6.65,0.333,51,54,51,51.9,,,,,,,,,,,,,,,,,,,,,,,52,30,30,,30,剛爆發,False
COF,Financials,Capital One,2023-08-21,96.62,-11.72,-1.42,-6.89,-6.73,0.0,65,68,42,61.3,,,,,,,,,,,,,,,,,,,,,,,53,30,30,,30,剛爆發,False
WFC,Financials,Wells Fargo,2023-08-21,38.56,-9.94,0.78,-10.17,-7.38,0.333,58,63,49,57.7,,,,,,,,,,,,,,,,,,,,,,,54,30,30,,30,剛爆發,False
WTW,Financials,Willis Towers Watson,2023-08-21,197.93,-1.67,-6.64,-11.76,-7.96,0.0,29,76,54,48.1,,,,,,,,,,,,,,,,,,,,,,,55,30,30,,30,剛爆發,False
GS,Financials,Goldman Sachs,2023-08-21,298.43,-9.37,-2.84,-10.71,-8.4,0.0,57,70,50,59.5,,,,,,,,,,,,,,,,,,,,,,,56,30,30,,30,剛爆發,False
FIS,Financials,Fidelity National Information Services,2023-08-21,50.58,-8.23,1.47,-14.14,-8.76,0.333,53,58,59,55.7,,,,,,,,,,,,,,,,,,,,,,,57,30,30,,30,剛爆發,False
MS,Financials,Morgan Stanley,2023-08-21,75.91,-9.12,0.11,-13.29,-8.9,0.333,56,66,58,59.4,,,,,,,,,,,,,,,,,,,,,,,58,30,30,,30,剛爆發,False
TRV,Financials,Travelers Companies (The),2023-08-21,153.18,-6.71,-5.64,-11.82,-9.0,0.0,49,74,55,57.7,,,,,,,,,,,,,,,,,,,,,,,59,30,30,,30,剛爆發,False
USB,Financials,U.S. Bancorp,2023-08-21,31.08,-10.19,17.53,-23.32,-9.83,0.333,59,10,68,46.1,-23.51,-7.17,False,False,31.69,10.61,1.151,False,42.5,-26.87,-3.61,-10.19,7.0,13.0,11554400.0,10042792.0,0.538,11005900.0,9579440.0,9902926.0,1.111,70.65,60,27,7,36.2,29,剛爆發,False
RF,Financials,Regions Financial Corporation,2023-08-21,16.21,-8.44,5.5,-18.29,-9.88,0.333,54,46,64,53.6,,,,,,,,,,,,,,,,,,,,,,,61,30,30,,30,剛爆發,False
NTRS,Financials,Northern Trust,2023-08-21,68.23,-6.73,3.85,-18.61,-10.03,0.333,50,51,65,53.3,,,,,,,,,,,,,,,,,,,,,,,62,30,30,,30,剛爆發,False
BAC,Financials,Bank of America,2023-08-21,26.44,-10.66,1.47,-15.48,-10.04,0.333,61,58,60,59.9,,,,,,,,,,,,,,,,,,,,,,,63,30,30,,30,剛爆發,False
MTB,Financials,M&T Bank,2023-08-21,114.01,-10.33,2.67,-18.02,-10.93,0.333,60,55,63,59.1,,,,,,,,,,,,,,,,,,,,,,,64,30,30,,30,剛爆發,False
ALL,Financials,Allstate,2023-08-21,98.49,-6.51,-3.21,-18.89,-11.88,0.0,48,71,66,58.5,,,,,,,,,,,,,,,,,,,,,,,65,30,30,,30,剛爆發,False
STT,Financials,State Street Corporation,2023-08-21,61.43,-5.09,-0.49,-21.17,-11.98,0.0,42,67,67,54.5,,,,,,,,,,,,,,,,,,,,,,,66,30,30,,30,剛爆發,False
PYPL,Financials,PayPal,2023-08-21,60.66,-17.29,1.61,-16.8,-12.32,0.333,74,57,62,66.5,,,,,,,,,,,,,,,,,,,,,,,67,30,30,,30,剛爆發,False
C,Financials,Citigroup,2023-08-21,37.62,-12.0,-6.46,-15.95,-12.59,0.0,67,75,61,68.2,,,,,,,,,,,,,,,,,,,,,,,68,30,30,,30,剛爆發,False
SCHW,Financials,Charles Schwab Corporation,2023-08-21,55.96,-11.5,8.76,-27.19,-14.28,0.333,64,29,71,54.9,,,,,,,,,,,,,,,,,,,,,,,69,30,30,,30,剛爆發,False
HBAN,Financials,Huntington Bancshares,2023-08-21,9.55,-10.85,4.63,-26.99,-15.05,0.333,62,49,70,59.7,,,,,,,,,,,,,,,,,,,,,,,70,30,30,,30,剛爆發,False
PNC,Financials,PNC Financial Services,2023-08-21,105.37,-13.11,0.32,-23.88,-15.13,0.333,69,65,69,67.8,,,,,,,,,,,,,,,,,,,,,,,71,30,30,,30,剛爆發,False
FITB,Financials,Fifth Third Bancorp,2023-08-21,22.7,-11.89,1.91,-28.23,-16.61,0.333,66,56,73,64.4,,,,,,,,,,,,,,,,,,,,,,,72,30,30,,30,剛爆發,False
KEY,Financials,KeyCorp,2023-08-21,9.32,-13.44,10.01,-38.7,-20.21,0.333,70,27,76,58.3,,,,,,,,,,,,,,,,,,,,,,,73,30,30,,30,剛爆發,False
CFG,Financials,Citizens Financial Group,2023-08-21,23.79,-15.78,0.68,-34.12,-20.84,0.333,72,64,74,70.0,,,,,,,,,,,,,,,,,,,,,,,74,30,30,,30,剛爆發,False
TFC,Financials,Truist Financial,2023-08-21,25.11,-11.26,-4.58,-36.6,-22.26,0.0,63,72,75,68.1,,,,,,,,,,,,,,,,,,,,,,,75,30,30,,30,剛爆發,False
XYZ,Financials,"Block, Inc.",2023-08-21,55.86,-28.71,-5.32,-27.79,-22.4,0.0,76,73,72,74.3,,,,,,,,,,,,,,,,,,,,,,,76,30,30,,30,剛爆發,False
LLY,Health Care,Lilly (Eli),2023-08-21,543.14,21.02,30.31,72.95,49.31,1.0,1,1,1,1.0,5.92,-6.33,False,True,468.93,5.14,1.563,False,546.82,-0.67,1.32,21.02,12.0,8.0,3794575.0,2427000.0,1.5,1847600.0,2490110.0,3630093.0,0.509,100.0,1,1,29,6.6,3,,True
WST,Health Care,West Pharmaceutical Services,2023-08-21,390.38,7.74,14.68,27.04,19.12,1.0,4,8,3,5.0,9.54,18.84,False,True,376.61,4.48,1.189,False,405.09,-3.63,1.54,7.74,12.0,8.0,401366.0,337512.0,1.5,329700.0,335190.0,359533.0,0.917,98.57,2,4,6,3.6,1,,True
STE,Health Care,Steris,2023-08-21,220.27,-1.58,13.21,21.91,13.86,0.667,20,11,5,14.3,7.53,7.06,False,True,217.82,4.36,0.814,False,247.12,-10.87,1.13,-1.58,11.0,9.0,331200.0,406855.0,1.222,161900.0,259090.0,271753.0,0.596,82.08,3,16,27,13.0,9,吃老本,True
BDX,Health Care,Becton Dickinson,2023-08-21,207.5,-0.11,16.55,18.58,13.4,0.667,14,5,7,9.9,1.58,4.03,False,True,198.96,4.08,1.194,False,212.91,-2.54,2.31,-0.11,10.0,10.0,1817446.0,1522024.0,1.0,1708296.0,1243761.0,1563203.0,1.093,86.75,4,10,3,6.2,2,吃老本,True
AMGN,Health Care,Amgen,2023-08-21,235.71,9.34,19.14,11.66,12.95,1.0,3,4,14,5.5,11.27,3.27,False,True,217.64,4.53,1.428,False,263.87,-10.67,-2.08,9.34,8.0,12.0,3177337.0,2224408.0,0.667,1786600.0,2203860.0,2489646.0,0.718,89.77,5,8,20,9.2,5,,True
ALGN,Health Care,Align Technology,2023-08-21,356.35,-6.69,24.86,16.35,12.72,0.667,44,2,9,24.4,9.09,7.39,False,True,350.18,7.77,0.888,False,413.2,-13.76,1.71,-6.69,7.0,13.0,486142.0,547461.0,0.538,421900.0,525610.0,511160.0,0.825,70.29,6,27,11,15.4,11,吃老本,True
DVA,Health Care,DaVita,2023-08-21,100.61,-0.43,6.71,22.23,12.69,0.667,16,19,4,14.5,19.82,29.78,False,False,102.54,8.55,1.185,False,116.97,-13.99,-0.94,-0.43,7.0,13.0,798028.0,673646.0,0.538,416900.0,572050.0,695686.0,0.599,78.18,7,20,26,16.0,14,吃老本,True
MCK,Health Care,McKesson Corporation,2023-08-21,417.55,5.07,9.27,18.21,12.69,1.0,7,15,8,9.6,23.89,0.93,False,True,411.61,6.38,1.046,False,435.01,-4.01,0.68,5.07,12.0,8.0,921483.0,880987.0,1.5,578300.0,725680.0,745460.0,0.776,94.12,7,7,15,8.6,4,,True
VRTX,Health Care,Vertex Pharmaceuticals,2023-08-21,350.06,-1.13,6.08,21.82,12.15,0.667,18,21,6,16.5,0.15,1.55,False,True,349.33,3.91,0.988,False,367.0,-4.62,1.52,-1.13,11.0,9.0,884772.0,895900.0,1.222,697900.0,699020.0,724213.0,0.964,85.55,9,13,5,9.8,7,,True
ISRG,Health Care,Intuitive Surgical,2023-08-21,297.55,-8.88,-3.05,28.78,11.41,0.333,48,47,2,38.5,6.88,2.83,False,False,322.23,10.16,0.771,False,358.07,-16.9,4.06,-8.88,8.0,12.0,1343350.0,1741266.0,0.667,1920600.0,1651840.0,1577133.0,1.218,69.8,10,29,2,16.0,14,吃老本,True
REGN,Health Care,Regeneron Pharmaceuticals,2023-08-21,823.55,11.29,14.52,9.69,11.3,1.0,2,9,18,7.3,3.47,5.55,False,True,752.34,6.96,1.426,False,840.56,-2.02,2.21,11.29,10.0,10.0,637190.0,446700.0,1.0,404500.0,560690.0,524413.0,0.771,97.62,11,5,16,9.6,6,剛爆發,True
VEEV,Health Care,Veeva Systems,2023-08-21,189.13,-6.12,14.29,14.55,9.32,0.667,43,10,10,26.5,13.55,10.62,False,False,197.67,5.14,0.971,False,226.13,-16.36,1.16,-6.12,7.0,13.0,662114.0,681638.0,0.538,688800.0,703870.0,661673.0,1.041,71.87,12,25,4,15.6,12,吃老本,True
COR,Health Care,Cencora,2023-08-21,175.38,-3.54,6.85,13.81,7.73,0.667,28,18,12,21.8,3.35,6.09,False,False,182.95,6.43,0.794,False,189.84,-7.62,-0.51,-3.54,12.0,8.0,2320258.0,2921200.0,1.5,1192700.0,1601890.0,2372146.0,0.503,84.07,13,15,30,17.2,17,,True
CAH,Health Care,Cardinal Health,2023-08-21,83.66,-4.43,6.36,14.33,7.65,0.667,37,20,11,26.7,4.86,16.77,False,False,87.55,11.77,0.627,False,91.13,-8.19,2.07,-4.43,11.0,9.0,1971763.0,3146322.0,1.222,2165900.0,3125520.0,2660740.0,0.814,77.47,14,21,12,16.4,16,吃老本,True
ZTS,Health Care,Zoetis,2023-08-21,175.48,-3.73,11.22,10.39,7.07,0.667,31,12,16,22.3,8.01,4.53,False,True,170.89,7.26,1.171,False,187.16,-6.24,0.69,-3.73,7.0,13.0,1894514.0,1618353.0,0.538,879700.0,1304270.0,1697586.0,0.518,76.6,15,22,28,20.4,20,吃老本,True
VTRS,Health Care,Viatris,2023-08-21,9.74,6.63,21.73,-1.32,6.43,0.667,5,3,33,10.0,5.44,10.56,False,True,9.21,4.04,1.623,False,10.64,-8.4,-1.52,6.63,11.0,9.0,10981690.0,6767255.0,1.222,5202000.0,6486910.0,8059960.0,0.645,100.0,16,1,25,11.8,8,剛爆發,True
HCA,Health Care,HCA Healthcare,2023-08-21,266.98,0.01,3.57,10.19,5.99,1.0,12,25,17,16.9,1.21,25.81,False,False,276.5,5.77,0.959,False,297.83,-10.36,1.58,0.01,11.0,9.0,1075318.0,1120811.0,1.222,879100.0,1040210.0,1041553.0,0.844,85.76,17,12,9,13.4,10,,True
JNJ,Health Care,Johnson & Johnson,2023-08-21,153.42,-4.03,8.49,8.17,5.2,0.667,32,16,19,24.6,,,,,,,,,,,,,,,,,,,,,,,18,31,31,,31,吃老本,False
COO,Health Care,Cooper Companies (The),2023-08-21,92.85,-5.61,0.55,12.37,4.92,0.667,41,38,13,34.5,1.69,7.45,False,False,95.26,4.08,0.83,False,99.9,-7.06,0.66,-5.61,7.0,13.0,911142.0,1097415.0,0.538,750000.0,914160.0,929840.0,0.807,69.5,19,30,13,22.2,23,吃老本,True
LH,Health Care,Labcorp,2023-08-21,205.35,-0.81,14.94,2.62,4.84,0.667,17,6,27,15.7,-0.97,-3.56,False,True,204.49,3.55,0.776,False,214.44,-4.24,-1.04,-0.81,7.0,13.0,599885.0,772646.0,0.538,512400.0,831850.0,736133.0,0.696,70.76,20,26,22,22.8,24,吃老本,True
IQV,Health Care,IQVIA,2023-08-21,219.01,-3.16,9.81,4.52,3.92,0.667,27,14,24,22.5,2.5,1.72,False,False,219.54,4.92,0.744,False,241.87,-9.45,2.35,-3.16,7.0,13.0,696928.0,936238.0,0.538,552300.0,736960.0,740246.0,0.746,70.15,21,28,18,23.2,25,吃老本,True
DHR,Health Care,Danaher Corporation,2023-08-21,222.71,-1.75,10.17,2.8,3.51,0.667,22,13,26,20.1,1.73,4.36,False,True,215.46,3.49,0.798,False,257.63,-13.56,1.64,-1.75,8.0,12.0,1905544.0,2389263.0,0.667,1557768.0,1947683.0,1881910.0,0.828,73.57,22,24,10,20.4,20,,True
SYK,Health Care,Stryker Corporation,2023-08-21,270.1,-1.72,2.29,6.58,3.43,0.667,21,29,21,23.4,,,,,,,,,,,,,,,,,,,,,,,23,31,31,,31,吃老本,False
BSX,Health Care,Boston Scientific,2023-08-21,50.76,-1.8,-0.59,7.98,3.39,0.333,23,43,20,28.4,,,,,,,,,,,,,,,,,,,,,,,24,31,31,,31,吃老本,False
TECH,Health Care,Bio-Techne,2023-08-21,79.0,-4.24,-3.91,10.81,3.37,0.333,34,49,15,34.7,0.34,-0.2,False,False,80.33,9.59,0.886,False,89.06,-11.3,2.45,-4.24,8.0,11.0,721775.0,814390.0,0.727,1020300.0,640580.0,716166.0,1.425,74.86,25,23,1,19.4,19,,True
MRK,Health Care,Merck & Co.,2023-08-21,100.48,3.64,-0.11,1.66,1.71,0.667,8,40,29,21.8,5.41,4.76,False,True,99.35,4.41,1.103,False,108.37,-7.27,0.92,3.64,13.0,7.0,7461153.0,6763928.0,1.857,4839100.0,6600150.0,6888153.0,0.703,99.71,26,3,21,15.8,13,剛爆發,True
IDXX,Health Care,Idexx Laboratories,2023-08-21,492.68,-10.87,5.06,5.24,1.17,0.667,52,22,22,37.0,,,,,,,,,,,,,,,,,,,,,,,27,31,31,,31,,False
ABT,Health Care,Abbott Laboratories,2023-08-21,97.9,-7.56,1.79,4.75,0.93,0.667,46,33,23,37.5,,,,,,,,,,,,,,,,,,,,,,,28,31,31,,31,,False
UNH,Health Care,UnitedHealth Group,2023-08-21,460.36,-2.74,2.0,1.76,0.7,0.667,24,31,28,26.9,,,,,,,,,,,,,,,,,,,,,,,29,31,31,,31,,False
CI,Health Care,Cigna,2023-08-21,263.74,-4.41,14.93,-4.08,0.59,0.333,36,7,37,27.5,1.57,3.27,False,False,267.48,9.56,0.804,False,318.38,-17.16,1.17,-4.41,12.0,8.0,1326550.0,1649437.0,1.5,1209400.0,1548970.0,1380473.0,0.876,84.4,30,14,7,19.0,18,剛爆發,True
ABBV,Health Care,AbbVie,2023-08-21,132.25,-2.76,7.82,-1.98,0.27,0.333,25,17,34,24.4,,,,,,,,,,,,,,,,,,,,,,,31,31,31,,31,,False
TMO,Health Care,Thermo Fisher Scientific,2023-08-21,536.42,-3.61,3.82,-0.09,0.01,0.333,30,24,31,28.4,,,,,,,,,,,,,,,,,,,,,,,32,31,31,,31,,False
BAX,Health Care,Baxter International,2023-08-21,39.02,-11.66,1.3,4.15,-0.51,0.667,53,35,25,42.0,,,,,,,,,,,,,,,,,,,,,,,33,31,31,,31,,False
MDT,Health Care,Medtronic,2023-08-21,74.47,-6.87,1.69,0.07,-1.26,0.667,45,34,30,38.7,,,,,,,,,,,,,,,,,,,,,,,34,31,31,,31,,False
GILD,Health Care,Gilead Sciences,2023-08-21,69.64,0.0,0.66,-2.88,-1.27,0.333,13,37,36,24.8,-18.25,-10.84,False,False,70.18,6.72,1.147,False,79.37,-12.26,1.29,0.0,7.0,11.0,5933628.0,5174481.0,0.636,3773300.0,5285430.0,5129560.0,0.736,80.13,35,18,19,25.0,27,剛爆發,False
HUM,Health Care,Humana,2023-08-21,461.87,5.66,-3.36,-5.25,-2.05,0.333,6,48,41,25.6,1.22,1.95,False,True,444.8,4.22,1.449,False,548.0,-15.72,-2.33,5.66,11.0,9.0,1276090.0,880677.0,1.222,579200.0,778400.0,845653.0,0.685,96.15,36,6,23,21.4,22,剛爆發,True
ELV,Health Care,Elevance Health,2023-08-21,430.83,-3.11,1.81,-4.73,-2.69,0.333,26,32,39,30.4,,,,,,,,,,,,,,,,,,,,,,,37,31,31,,31,剛爆發,False
HSIC,Health Care,Henry Schein,2023-08-21,76.85,-3.54,2.58,-4.91,-2.7,0.333,28,28,40,30.4,,,,,,,,,,,,,,,,,,,,,,,38,31,31,,31,剛爆發,False
DGX,Health Care,Quest Diagnostics,2023-08-21,124.83,-1.56,-0.52,-4.47,-2.76,0.0,19,42,38,29.7,,,,,,,,,,,,,,,,,,,,,,,39,31,31,,31,剛爆發,False
BIIB,Health Care,Biogen,2023-08-21,264.43,-0.3,-11.46,-2.07,-3.98,0.0,15,53,35,30.4,6.9,3.53,False,False,275.72,5.39,1.347,False,319.76,-17.3,1.26,-0.3,9.0,11.0,1006533.0,747163.0,0.818,608100.0,653110.0,775080.0,0.785,86.17,40,11,14,23.2,25,剛爆發,True
EW,Health Care,Edwards Lifesciences,2023-08-21,76.17,-9.04,-7.12,-0.1,-4.09,0.0,49,50,32,45.9,,,,,,,,,,,,,,,,,,,,,,,41,31,31,,31,剛爆發,False
CRL,Health Care,Charles River Laboratories,2023-08-21,200.39,-4.8,3.23,-8.83,-4.81,0.333,38,26,46,36.0,,,,,,,,,,,,,,,,,,,,,,,42,31,31,,31,剛爆發,False
BMY,Health Care,Bristol Myers Squibb,2023-08-21,53.91,1.09,-1.86,-10.02,-5.2,0.333,10,45,48,28.1,-11.98,3.87,False,False,54.37,2.97,1.494,False,68.98,-21.85,0.03,1.09,8.0,12.0,14369237.0,9616891.0,0.667,7953400.0,11238210.0,12199133.0,0.652,86.82,43,9,24,25.6,28,剛爆發,False
CNC,Health Care,Centene Corporation,2023-08-21,63.48,-4.08,1.21,-9.68,-5.55,0.333,33,36,47,36.7,,,,,,,,,,,,,,,,,,,,,,,44,31,31,,31,剛爆發,False
PFE,Health Care,Pfizer,2023-08-21,30.0,0.86,-2.17,-10.94,-5.8,0.333,11,46,50,29.3,15.28,24.68,False,True,29.95,6.06,0.887,False,43.91,-31.69,-0.76,0.86,10.0,10.0,23332310.0,26311570.0,1.0,16421300.0,22044770.0,21967826.0,0.748,80.73,45,17,17,28.2,29,剛爆發,True
UHS,Health Care,Universal Health Services,2023-08-21,129.48,-5.4,2.71,-10.41,-5.88,0.333,40,27,49,37.9,,,,,,,,,,,,,,,,,,,,,,,46,31,31,,31,剛爆發,False
WAT,Health Care,Waters Corporation,2023-08-21,273.37,-4.34,4.9,-12.95,-6.34,0.333,35,23,51,34.6,,,,,,,,,,,,,,,,,,,,,,,47,31,31,,31,剛爆發,False
RVTY,Health Care,Revvity,2023-08-21,114.01,-8.84,-1.43,-8.05,-6.59,0.0,47,44,43,45.3,,,,,,,,,,,,,,,,,,,,,,,48,31,31,,31,剛爆發,False
INCY,Health Care,Incyte,2023-08-21,63.86,1.22,2.05,-17.09,-7.73,0.667,9,30,53,24.1,14.45,-50.02,False,True,63.36,3.99,1.084,False,86.29,-25.99,-0.28,1.22,8.0,12.0,1518150.0,1401100.0,0.667,1113100.0,1274210.0,1311506.0,0.849,79.58,49,19,8,28.8,30,剛爆發,True
A,Health Care,Agilent Technologies,2023-08-21,116.98,-5.05,-0.42,-14.94,-8.84,0.0,39,41,52,42.2,,,,,,,,,,,,,,,,,,,,,,,50,31,31,,31,剛爆發,False
ZBH,Health Care,Zimmer Biomet,2023-08-21,112.07,-17.3,-9.57,-5.74,-9.59,0.0,55,51,42,51.2,,,,,,,,,,,,,,,,,,,,,,,51,31,31,,31,剛爆發,False
GEHC,Health Care,GE HealthCare,2023-08-21,68.23,-11.92,-12.51,-8.49,-10.35,0.0,54,55,45,52.5,,,,,,,,,,,,,,,,,,,,,,,52,31,31,,31,剛爆發,False
CVS,Health Care,CVS Health,2023-08-21,60.04,-9.77,0.34,-20.22,-12.47,0.333,50,39,56,47.9,,,,,,,,,,,,,,,,,,,,,,,53,31,31,,31,剛爆發,False
DXCM,Health Care,Dexcom,2023-08-21,100.76,-23.89,-12.42,-8.47,-13.31,0.0,56,54,44,53.0,,,,,,,,,,,,,,,,,,,,,,,54,31,31,,31,剛爆發,False
MRNA,Health Care,Moderna,2023-08-21,111.93,-5.67,-11.34,-19.63,-14.06,0.0,42,52,55,47.6,,,,,,,,,,,,,,,,,,,,,,,55,31,31,,31,剛爆發,False
MTD,Health Care,Mettler Toledo,2023-08-21,1175.45,-10.17,-12.81,-17.69,-14.59,0.0,51,56,54,53.1,,,,,,,,,,,,,,,,,,,,,,,56,31,31,,31,剛爆發,False
RMD,Health Care,ResMed,2023-08-21,156.75,-27.68,-25.08,-23.55,-24.97,0.0,57,57,57,57.0,,,,,,,,,,,,,,,,,,,,,,,57,31,31,,31,剛爆發,False
PODD,Health Care,Insulet Corporation,2023-08-21,183.0,-34.77,-32.88,-37.83,-35.83,0.0,58,58,58,58.0,,,,,,,,,,,,,,,,,,,,,,,58,31,31,,31,剛爆發,False
VRT,Industrials,Vertiv,2023-08-21,37.36,44.51,89.97,137.19,102.22,1.0,1,1,1,1.0,59.38,46.63,False,True,28.39,15.99,1.453,False,37.81,-1.19,10.39,44.51,13.0,7.0,10688638.0,7355571.0,1.857,10429700.0,6647620.0,7555820.0,1.38,100.0,1,1,6,2.0,1,,True
BLDR,Industrials,Builders FirstSource,2023-08-21,129.19,-10.07,11.78,61.37,31.11,0.667,71,32,2,45.5,50.24,90.26,False,False,138.69,21.72,1.093,False,156.85,-17.63,-3.69,-10.07,9.0,11.0,1657500.0,1516863.0,0.818,2317500.0,1641570.0,1456766.0,1.591,73.88,2,24,3,11.0,10,吃老本,True
LII,Industrials,Lennox International,2023-08-21,350.59,-0.73,29.02,44.76,29.46,0.667,25,5,3,14.6,18.88,14.59,False,True,333.07,8.93,1.109,False,371.67,-5.67,3.48,-0.73,9.0,11.0,256266.0,231100.0,0.818,166700.0,236140.0,221713.0,0.752,82.63,3,16,20,11.6,11,吃老本,True
EME,Industrials,Emcor,2023-08-21,218.55,3.92,28.96,33.27,24.86,1.0,11,6,6,8.5,24.47,26.78,False,True,196.93,6.33,0.932,False,221.89,-1.5,2.77,3.92,13.0,7.0,330907.0,354971.0,1.857,340400.0,286910.0,300333.0,1.133,97.63,4,6,10,6.0,2,,True
ETN,Industrials,Eaton Corporation,2023-08-21,216.55,10.74,23.39,31.26,24.17,1.0,2,9,9,5.5,4.68,5.34,False,True,200.06,6.14,1.075,False,217.76,-0.55,4.47,10.74,10.0,10.0,1991340.0,1852290.0,1.0,2433500.0,1615570.0,1552313.0,1.568,92.05,5,10,4,6.8,5,,True
BR,Industrials,Broadridge Financial Solutions,2023-08-21,174.33,9.46,23.36,31.48,23.94,1.0,3,10,8,6.1,3.44,1.05,False,True,160.84,4.2,1.049,False,175.46,-0.64,2.62,9.46,13.0,7.0,642446.0,612285.0,1.857,540500.0,731160.0,712346.0,0.759,100.0,6,1,19,6.6,4,,True
VRSK,Industrials,Verisk Analytics,2023-08-21,232.32,2.17,9.44,38.64,22.22,1.0,14,40,4,19.8,7.12,8.43,False,True,225.17,3.5,0.896,False,233.91,-0.68,2.71,2.17,11.0,9.0,880163.0,982155.0,1.222,907400.0,793050.0,788446.0,1.151,86.4,7,13,9,9.8,9,吃老本,True
CARR,Industrials,Carrier Global,2023-08-21,52.82,-6.73,35.07,25.38,19.78,0.667,56,2,14,31.4,2.57,7.5,False,True,51.16,6.79,0.863,False,57.64,-8.36,3.05,-6.73,10.0,10.0,4245850.0,4917790.0,1.0,3650500.0,4508480.0,4281913.0,0.853,77.29,8,21,17,15.0,15,吃老本,True
PWR,Industrials,Quanta Services,2023-08-21,204.52,2.39,18.02,27.9,19.05,1.0,12,20,12,14.4,,,,True,197.92,5.94,1.079,False,208.65,-1.98,1.08,2.39,13.0,7.0,752538.0,697714.0,1.857,634200.0,627390.0,610440.0,1.039,98.6,9,5,12,8.0,6,,False
GE,Industrials,GE Aerospace,2023-08-21,87.92,-2.12,9.06,34.24,18.86,0.667,31,43,5,29.4,48.14,97.56,False,True,86.91,5.18,0.973,False,92.62,-5.08,0.16,-2.12,10.0,10.0,4664856.0,4792424.0,1.0,3903596.0,4387191.0,4464363.0,0.874,80.83,10,19,16,14.8,13,吃老本,True
FIX,Industrials,Comfort Systems USA,2023-08-21,180.11,4.72,21.32,24.27,18.64,1.0,8,13,15,10.9,23.17,39.39,False,True,167.98,5.79,0.886,False,181.38,-0.7,2.85,4.72,13.0,7.0,204838.0,231157.0,1.857,348300.0,226040.0,222820.0,1.563,97.33,11,7,5,8.2,7,,True
HUBB,Industrials,Hubbell Incorporated,2023-08-21,311.12,4.35,11.62,28.68,18.33,1.0,10,33,11,17.1,9.52,45.06,False,True,307.22,8.13,1.329,False,327.08,-4.88,6.57,4.35,10.0,10.0,468935.0,352784.0,1.0,826860.0,375821.0,389115.0,2.125,93.5,12,9,1,8.6,8,,True
EMR,Industrials,Emerson Electric,2023-08-21,92.93,7.92,23.47,20.22,17.96,1.0,5,8,18,8.5,16.92,12.18,False,True,87.48,4.42,1.414,False,93.64,-0.75,1.93,7.92,12.0,8.0,3178425.0,2247812.0,1.5,4124800.0,2360620.0,2224360.0,1.854,100.0,13,1,2,6.0,2,剛爆發,True
FDX,Industrials,FedEx,2023-08-21,196.12,-3.76,16.08,28.71,17.43,0.667,43,25,10,31.0,1.13,24.6,False,True,194.15,5.31,1.022,False,205.38,-4.51,-1.49,-3.76,6.0,14.0,1965289.0,1923594.0,0.429,1756015.0,2135475.0,2007375.0,0.875,71.45,14,25,14,18.4,19,吃老本,True
UBER,Industrials,Uber,2023-08-21,43.96,-8.68,14.33,31.62,17.22,0.667,65,27,7,42.0,1825.79,7.39,False,False,44.82,6.24,0.921,False,49.49,-11.17,-1.63,-8.68,8.0,12.0,21951275.0,23835275.0,0.667,19132500.0,16352200.0,16905933.0,1.132,70.25,15,26,11,18.6,21,吃老本,True
CAT,Industrials,Caterpillar Inc.,2023-08-21,261.31,4.66,29.32,16.61,16.8,1.0,9,4,23,10.3,21.24,29.5,False,True,249.98,6.12,1.14,False,281.75,-7.25,-0.45,4.66,9.0,11.0,3424055.0,3002618.0,0.818,1291700.0,2096590.0,2235560.0,0.578,84.84,16,14,23,16.6,17,,True
ODFL,Industrials,Old Dominion,2023-08-21,201.08,-4.34,29.68,20.76,16.72,0.667,47,3,17,27.8,-1.49,-4.66,False,True,189.66,8.89,0.853,False,211.01,-4.71,3.95,-4.34,9.0,11.0,1234644.0,1447981.0,0.818,778400.0,1290280.0,1240933.0,0.627,76.17,17,22,21,19.8,22,,True
IR,Industrials,Ingersoll Rand,2023-08-21,68.72,7.35,17.03,19.57,15.88,1.0,7,21,19,13.6,13.81,24.92,False,True,65.63,6.42,0.984,False,69.12,-0.58,3.66,7.35,11.0,9.0,2350081.0,2387311.0,1.222,2648200.0,2115470.0,2138093.0,1.239,91.43,18,11,8,13.2,12,剛爆發,True
PNR,Industrials,Pentair,2023-08-21,64.75,-3.79,16.79,21.87,14.19,0.667,44,23,16,32.1,,,,,,,,,,,,,,,,,,,,,,,19,27,27,,27,吃老本,False
PH,Industrials,Parker Hannifin,2023-08-21,391.93,1.29,21.58,16.82,14.12,1.0,17,12,22,16.5,10.77,18.24,False,True,384.62,6.32,1.096,False,414.64,-5.48,1.75,1.29,9.0,11.0,746533.0,681281.0,0.818,596100.0,521140.0,580240.0,1.027,82.92,20,15,13,16.6,17,,True
PCAR,Industrials,Paccar,2023-08-21,76.16,-0.34,19.2,18.04,13.74,0.667,23,17,20,20.6,,,,,,,,,,,,,,,,,,,,,,,21,27,27,,27,吃老本,False
ADP,Industrials,Automatic Data Processing,2023-08-21,235.83,0.97,19.79,15.52,12.95,1.0,19,15,25,19.0,3.16,2.73,False,True,220.45,2.26,0.934,False,253.3,-6.9,0.8,0.97,10.0,10.0,1224330.0,1310200.0,1.0,1039500.0,1225140.0,1187460.0,0.875,82.26,22,17,14,18.4,19,,True
CPRT,Industrials,Copart,2023-08-21,43.8,-1.14,-0.32,26.53,12.9,0.333,27,67,13,36.2,12.54,5.87,False,False,44.59,5.94,0.99,False,47.38,-7.57,0.88,-1.14,10.0,10.0,3469500.0,3503760.0,1.0,3029700.0,3471160.0,3557746.0,0.852,82.0,23,18,18,20.0,23,,True
J,Industrials,Jacobs Solutions,2023-08-21,108.54,7.42,18.3,11.86,12.36,1.0,6,18,35,15.4,-0.02,1.79,False,True,101.29,4.06,1.495,False,110.97,-2.19,0.79,7.42,12.0,8.0,780218.0,521731.0,1.5,362087.0,543831.0,672018.0,0.539,100.0,24,1,24,14.8,13,剛爆發,False
TT,Industrials,Trane Technologies,2023-08-21,196.79,2.02,22.01,12.46,12.24,1.0,15,11,33,17.4,4.77,5.45,False,True,190.25,4.96,1.165,False,203.19,-3.15,2.86,2.02,11.0,9.0,1042272.0,894666.0,1.222,1082500.0,814910.0,828060.0,1.307,91.08,25,12,7,16.2,16,剛爆發,True
UNP,Industrials,Union Pacific Corporation,2023-08-21,209.59,-3.69,16.88,17.11,11.85,0.667,42,22,21,31.8,,,,,,,,,,,,,,,,,,,,,,,26,27,27,,27,,False
FTV,Industrials,Fortive,2023-08-21,57.31,0.03,13.57,15.06,10.93,1.0,22,28,26,24.6,,,,,,,,,,,,,,,,,,,,,,,27,27,27,,27,,False
TDG,Industrials,TransDigm Group,2023-08-21,739.19,-2.3,9.12,16.57,9.99,0.667,34,42,24,34.4,,,,,,,,,,,,,,,,,,,,,,,28,27,27,,27,,False
HWM,Industrials,Howmet Aerospace,2023-08-21,47.81,-4.38,10.85,15.02,9.13,0.667,48,34,27,39.6,,,,,,,,,,,,,,,,,,,,,,,29,27,27,,27,,False
CTAS,Industrials,Cintas,2023-08-21,121.1,-1.05,6.11,14.61,8.57,0.667,26,49,28,33.3,,,,,,,,,,,,,,,,,,,,,,,30,27,27,,27,,False
PAYX,Industrials,Paychex,2023-08-21,110.04,-2.98,13.48,11.53,8.39,0.667,39,29,37,35.6,,,,,,,,,,,,,,,,,,,,,,,31,27,27,,27,,False
DAL,Industrials,Delta Air Lines,2023-08-21,40.34,-8.79,16.43,11.85,7.84,0.667,66,24,36,47.4,,,,,,,,,,,,,,,,,,,,,,,32,27,27,,27,,False
AME,Industrials,Ametek,2023-08-21,154.57,-0.42,6.5,12.2,7.62,0.667,24,47,34,32.9,,,,,,,,,,,,,,,,,,,,,,,33,27,27,,27,剛爆發,False
URI,Industrials,United Rentals,2023-08-21,437.75,0.99,28.36,0.45,7.56,1.0,18,7,55,22.1,10.46,-0.54,False,True,436.9,11.64,0.964,False,479.18,-8.65,-0.51,0.99,9.0,11.0,707888.0,734290.0,0.818,425400.0,593140.0,721740.0,0.589,79.54,34,20,22,26.0,24,剛爆發,True
WAB,Industrials,Wabtec,2023-08-21,110.18,-5.64,18.1,8.3,7.26,0.667,52,19,42,40.1,,,,,,,,,,,,,,,,,,,,,,,35,27,27,,27,剛爆發,False
BA,Industrials,Boeing,2023-08-21,223.41,-6.4,9.71,12.75,7.2,0.667,53,37,32,44.0,,,,,,,,,,,,,,,,,,,,,,,36,27,27,,27,剛爆發,False
FAST,Industrials,Fastenal,2023-08-21,26.6,-2.17,4.25,12.96,7.0,0.667,33,53,30,38.4,,,,,,,,,,,,,,,,,,,,,,,37,27,27,,27,剛爆發,False
RSG,Industrials,Republic Services,2023-08-21,141.09,-3.6,3.86,13.47,6.8,0.667,41,54,29,42.5,,,,,,,,,,,,,,,,,,,,,,,38,27,27,,27,剛爆發,False
MAS,Industrials,Masco,2023-08-21,53.99,-7.05,12.14,9.1,5.83,0.667,57,30,38,45.1,,,,,,,,,,,,,,,,,,,,,,,39,27,27,,27,剛爆發,False
ROL,Industrials,"Rollins, Inc.",2023-08-21,37.99,-2.79,0.42,12.81,5.82,0.667,37,66,31,44.5,,,,,,,,,,,,,,,,,,,,,,,40,27,27,,27,剛爆發,False
TXT,Industrials,Textron,2023-08-21,75.0,-1.52,19.79,2.32,5.73,0.667,28,15,51,28.7,,,,,,,,,,,,,,,,,,,,,,,41,27,27,,27,剛爆發,False
GWW,Industrials,W. W. Grainger,2023-08-21,698.22,-2.04,7.86,8.18,5.54,0.667,29,45,43,36.6,,,,,,,,,,,,,,,,,,,,,,,42,27,27,,27,剛爆發,False
NDSN,Industrials,Nordson Corporation,2023-08-21,230.4,-4.38,8.37,8.94,5.47,0.667,48,44,39,45.0,,,,,,,,,,,,,,,,,,,,,,,43,27,27,,27,剛爆發,False
SWK,Industrials,Stanley Black & Decker,2023-08-21,79.1,-9.9,14.57,7.31,4.83,0.667,70,26,44,51.6,,,,,,,,,,,,,,,,,,,,,,,44,27,27,,27,剛爆發,False
SNA,Industrials,Snap-on,2023-08-21,245.98,-2.14,3.46,8.58,4.62,0.667,32,57,40,41.1,,,,,,,,,,,,,,,,,,,,,,,45,27,27,,27,剛爆發,False
AOS,Industrials,A. O. Smith,2023-08-21,65.84,-3.38,5.05,8.39,4.61,0.667,40,51,41,43.5,,,,,,,,,,,,,,,,,,,,,,,46,27,27,,27,剛爆發,False
LDOS,Industrials,Leidos,2023-08-21,92.58,2.18,19.81,-2.72,4.14,0.667,13,14,63,23.3,14.57,-7.29,False,True,89.02,3.79,0.857,False,105.96,-12.62,-0.32,2.18,8.0,12.0,867200.0,1012416.0,0.667,350100.0,965440.0,869726.0,0.403,76.17,47,22,26,32.8,26,剛爆發,True
IEX,Industrials,IDEX Corporation,2023-08-21,216.96,1.75,11.81,1.19,3.99,1.0,16,31,53,27.9,,,,,,,,,,,,,,,,,,,,,,,48,27,27,,27,剛爆發,False
AXON,Industrials,Axon Enterprise,2023-08-21,198.43,8.65,1.79,2.52,3.87,1.0,4,61,50,30.3,78.63,64.43,False,True,192.38,9.41,1.697,False,229.95,-13.71,-0.83,8.65,9.0,11.0,1009100.0,594672.0,0.818,412200.0,557310.0,839940.0,0.491,96.82,49,8,25,27.8,25,剛爆發,True
ITW,Industrials,Illinois Tool Works,2023-08-21,224.01,-7.48,7.45,4.5,2.25,0.667,60,46,48,53.4,,,,,,,,,,,,,,,,,,,,,,,50,27,27,,27,剛爆發,False
ROK,Industrials,Rockwell Automation,2023-08-21,289.63,-8.64,6.39,5.32,2.1,0.667,63,48,47,55.3,,,,,,,,,,,,,,,,,,,,,,,51,27,27,,27,剛爆發,False
JBHT,Industrials,J.B. Hunt,2023-08-21,182.62,-8.51,10.44,2.7,1.83,0.667,61,35,49,50.8,,,,,,,,,,,,,,,,,,,,,,,52,27,27,,27,剛爆發,False
WM,Industrials,Waste Management,2023-08-21,151.22,-2.83,-1.4,5.59,1.74,0.333,38,71,46,49.5,,,,,,,,,,,,,,,,,,,,,,,53,27,27,,27,剛爆發,False
GD,Industrials,General Dynamics,2023-08-21,210.68,0.43,9.61,-2.45,1.28,0.667,21,38,61,34.1,,,,,,,,,,,,,,,,,,,,,,,54,27,27,,27,剛爆發,False
HII,Industrials,Huntington Ingalls Industries,2023-08-21,206.41,-4.63,9.19,0.18,1.23,0.667,51,41,56,49.0,,,,,,,,,,,,,,,,,,,,,,,55,27,27,,27,剛爆發,False
EXPD,Industrials,Expeditors International,2023-08-21,110.38,-10.15,-0.43,7.29,1.0,0.333,72,69,45,65.7,,,,,,,,,,,,,,,,,,,,,,,56,27,27,,27,剛爆發,False
OTIS,Industrials,Otis Worldwide,2023-08-21,79.91,-6.49,2.95,1.1,-0.33,0.667,54,58,54,55.2,,,,,,,,,,,,,,,,,,,,,,,57,27,27,,27,剛爆發,False
DOV,Industrials,Dover Corporation,2023-08-21,137.86,-2.07,4.5,-3.18,-0.98,0.333,30,52,65,43.6,,,,,,,,,,,,,,,,,,,,,,,58,27,27,,27,剛爆發,False
CSX,Industrials,CSX Corporation,2023-08-21,29.61,-8.55,0.68,1.24,-1.35,0.667,62,63,52,60.3,,,,,,,,,,,,,,,,,,,,,,,59,27,27,,27,剛爆發,False
ALLE,Industrials,Allegion,2023-08-21,105.72,-4.48,2.95,-2.02,-1.39,0.333,50,58,60,54.4,,,,,,,,,,,,,,,,,,,,,,,60,27,27,,27,剛爆發,False
CMI,Industrials,Cummins,2023-08-21,219.19,-9.67,9.92,-3.55,-1.71,0.333,69,36,66,58.5,,,,,,,,,,,,,,,,,,,,,,,61,27,27,,27,剛爆發,False
LMT,Industrials,Lockheed Martin,2023-08-21,416.23,0.47,1.27,-4.87,-2.0,0.667,20,62,68,42.2,,,,,,,,,,,,,,,,,,,,,,,62,27,27,,27,剛爆發,False
XYL,Industrials,Xylem Inc.,2023-08-21,97.53,-10.17,2.87,-0.87,-2.26,0.333,73,60,57,65.9,,,,,,,,,,,,,,,,,,,,,,,63,27,27,,27,剛爆發,False
EFX,Industrials,Equifax,2023-08-21,193.34,-2.36,-6.01,-0.9,-2.54,0.0,35,76,58,51.9,,,,,,,,,,,,,,,,,,,,,,,64,27,27,,27,剛爆發,False
DE,Industrials,Deere & Company,2023-08-21,374.45,-8.64,9.58,-5.94,-2.73,0.333,63,39,73,57.8,,,,,,,,,,,,,,,,,,,,,,,65,27,27,,27,剛爆發,False
UAL,Industrials,United Airlines Holdings,2023-08-21,48.94,-9.65,3.55,-2.53,-2.79,0.333,68,56,62,63.2,,,,,,,,,,,,,,,,,,,,,,,66,27,27,,27,剛爆發,False
HON,Industrials,Honeywell Technologies,2023-08-21,173.6,-4.03,-3.32,-1.95,-2.81,0.0,45,74,59,56.5,,,,,,,,,,,,,,,,,,,,,,,67,27,27,,27,剛爆發,False
LUV,Industrials,Southwest Airlines,2023-08-21,29.25,-7.36,5.85,-6.01,-3.38,0.333,59,50,74,59.3,,,,,,,,,,,,,,,,,,,,,,,68,27,27,,27,剛爆發,False
MMM,Industrials,3M,2023-08-21,76.52,-10.23,3.6,-5.42,-4.37,0.333,74,55,72,67.9,,,,,,,,,,,,,,,,,,,,,,,69,27,27,,27,剛爆發,False
UPS,Industrials,United Parcel Service,2023-08-21,144.51,-9.31,-0.68,-4.5,-4.75,0.0,67,70,67,67.9,,,,,,,,,,,,,,,,,,,,,,,70,27,27,,27,剛爆發,False
NSC,Industrials,Norfolk Southern,2023-08-21,198.48,-10.47,0.63,-5.1,-5.01,0.333,75,64,69,70.5,,,,,,,,,,,,,,,,,,,,,,,71,27,27,,27,剛爆發,False
CHRW,Industrials,C.H. Robinson,2023-08-21,87.45,-6.61,-3.25,-5.37,-5.15,0.0,55,73,71,63.6,,,,,,,,,,,,,,,,,,,,,,,72,27,27,,27,剛爆發,False
NOC,Industrials,Northrop Grumman,2023-08-21,410.47,-4.06,-1.57,-7.99,-5.4,0.0,46,72,75,59.6,,,,,,,,,,,,,,,,,,,,,,,73,27,27,,27,剛爆發,False
GNRC,Industrials,Generac,2023-08-21,114.94,-23.32,-0.42,-2.77,-7.32,0.0,77,68,64,71.7,,,,,,,,,,,,,,,,,,,,,,,74,27,27,,27,剛爆發,False
JCI,Industrials,Johnson Controls,2023-08-21,55.78,-15.41,-4.88,-5.32,-7.73,0.0,76,75,70,74.5,,,,,,,,,,,,,,,,,,,,,,,75,27,27,,27,剛爆發,False
LHX,Industrials,L3Harris,2023-08-21,168.19,-7.18,0.48,-14.05,-8.7,0.333,58,65,77,63.9,,,,,,,,,,,,,,,,,,,,,,,76,27,27,,27,剛爆發,False
RTX,Industrials,RTX Corporation,2023-08-21,80.04,-2.36,-8.56,-13.87,-9.66,0.0,35,77,76,55.8,,,,,,,,,,,,,,,,,,,,,,,77,27,27,,27,剛爆發,False
APP,Information Technology,AppLovin,2023-08-21,39.76,27.19,65.32,179.8,113.03,1.0,1,1,1,1.0,-17.07,-116.36,False,True,30.34,9.23,1.857,False,40.69,-2.29,4.0,27.19,11.0,9.0,4532145.0,2440566.0,1.222,1595600.0,2553810.0,4131126.0,0.386,100.0,1,1,28,6.4,1,,True
SMCI,Information Technology,Supermicro,2023-08-21,25.4,-24.08,15.87,158.72,77.31,0.667,72,8,2,38.8,20.72,-4.57,False,False,27.62,24.5,0.805,False,35.7,-28.86,4.27,-24.08,9.0,11.0,34339222.0,42641636.0,0.818,41026000.0,34838500.0,43765066.0,0.937,63.63,2,28,11,14.2,10,吃老本,True
NVDA,Information Technology,Nvidia,2023-08-21,45.93,-1.57,18.17,97.67,52.99,0.667,28,5,3,16.1,29.35,18.8,False,True,44.03,22.09,1.205,False,50.17,-8.45,6.28,-1.57,8.0,12.0,625432125.0,519115416.0,0.667,925341000.0,723870900.0,635129666.0,1.457,82.66,3,14,2,7.2,2,吃老本,True
ADBE,Information Technology,Adobe Inc.,2023-08-21,525.06,-0.72,26.4,63.8,38.32,0.667,21,2,5,12.1,3.22,3.25,False,True,509.77,6.9,1.102,False,552.94,-5.04,3.33,-0.72,9.0,11.0,2400222.0,2178400.0,0.818,2308300.0,2153320.0,2107533.0,1.095,82.46,4,17,8,10.0,6,吃老本,True
PLTR,Information Technology,Palantir Technologies,2023-08-21,14.53,-18.42,6.45,79.6,36.81,0.667,68,28,4,43.2,-0.79,25.03,False,False,16.11,14.77,0.711,False,20.24,-28.21,0.9,-18.42,10.0,9.0,67716050.0,95186000.0,1.111,55668900.0,59119470.0,74932906.0,0.743,68.43,5,27,20,16.8,15,吃老本,False
AKAM,Information Technology,Akamai Technologies,2023-08-21,102.82,8.64,13.53,41.41,26.25,1.0,4,11,7,6.7,5.94,6.01,False,True,94.49,4.69,1.054,False,107.47,-4.33,1.9,8.64,9.0,11.0,1962877.0,1862945.0,0.818,1406700.0,1953680.0,2242166.0,0.627,86.66,6,11,25,11.8,7,,True
AVGO,Information Technology,Broadcom,2023-08-21,82.16,-5.33,5.37,49.29,24.65,0.667,43,33,6,32.6,1.75,1.65,False,False,83.92,11.53,0.983,False,89.05,-7.73,3.15,-5.33,5.0,15.0,19644200.0,19983666.0,0.333,24181000.0,20661100.0,19801800.0,1.221,70.26,7,26,5,14.2,10,吃老本,True
DELL,Information Technology,Dell Technologies,2023-08-21,53.57,6.84,16.68,37.2,24.48,1.0,8,7,9,7.9,53.67,9.88,False,True,51.29,5.96,1.34,False,55.96,-4.27,2.33,6.84,9.0,11.0,3702333.0,2763245.0,0.818,2680900.0,2817430.0,3215460.0,0.834,90.76,8,7,16,9.2,4,,True
ANET,Information Technology,Arista Networks,2023-08-21,45.22,19.73,6.19,33.48,23.22,1.0,2,30,10,12.0,9.89,6.26,False,True,42.21,10.91,1.671,False,48.48,-6.71,0.2,19.73,13.0,7.0,15692800.0,9389942.0,1.857,6566800.0,10426040.0,9243013.0,0.71,100.0,9,1,22,8.4,3,剛爆發,True
ORCL,Information Technology,Oracle Corporation,2023-08-21,112.03,0.06,11.9,31.91,18.95,1.0,19,15,13,16.6,5.56,1.44,False,False,112.89,7.19,1.296,False,122.69,-8.68,-0.34,0.06,10.0,10.0,8199080.0,6326430.0,1.0,8758100.0,8626790.0,7743006.0,1.131,87.58,10,10,6,9.2,4,,True
LRCX,Information Technology,Lam Research,2023-08-21,64.28,-8.46,5.39,38.84,18.65,0.667,52,32,8,37.2,16.53,7.12,False,True,63.52,7.92,0.97,False,70.73,-9.12,1.12,-8.46,9.0,11.0,9449222.0,9743272.0,0.818,7601000.0,8908700.0,9171933.0,0.829,74.62,11,24,17,17.4,16,吃老本,True
INTU,Information Technology,Intuit,2023-08-21,506.93,1.41,24.26,24.07,18.45,1.0,14,3,22,12.3,14.91,5.0,False,True,471.05,8.87,1.167,False,509.63,-0.53,6.81,1.41,6.0,13.0,1395350.0,1195753.0,0.462,2457300.0,1393750.0,1253906.0,1.96,80.91,12,19,1,12.6,8,吃老本,True
INTC,Information Technology,Intel,2023-08-21,32.7,-9.4,15.07,33.28,18.06,0.667,54,9,11,31.9,546.43,72.19,False,False,33.35,11.01,0.818,False,36.45,-10.27,1.53,-9.4,11.0,9.0,29307945.0,35844122.0,1.222,27324800.0,32840510.0,31607120.0,0.865,77.62,13,22,12,16.4,14,吃老本,True
WDAY,Information Technology,"Workday, Inc.",2023-08-21,236.97,0.84,9.67,29.4,17.33,1.0,16,20,17,17.4,,,,,,,,,,,,,,,,,,,,,,,14,29,29,,29,吃老本,False
NOW,Information Technology,ServiceNow,2023-08-21,112.73,-1.03,4.87,32.44,17.18,0.667,23,36,12,24.7,15.81,16.36,False,True,112.63,7.99,0.947,False,122.87,-8.25,4.09,-1.03,10.0,10.0,5128650.0,5413500.0,1.0,3402000.0,4442950.0,4689533.0,0.725,82.59,15,15,21,16.2,13,,True
FICO,Information Technology,Fair Isaac,2023-08-21,851.89,3.26,7.61,27.92,16.68,1.0,10,26,19,16.6,7.88,-5.14,False,True,826.17,5.47,1.03,False,892.03,-4.5,0.68,3.26,9.0,11.0,142533.0,138427.0,0.818,73800.0,115500.0,120493.0,0.612,82.52,16,16,26,18.0,18,,True
AMAT,Information Technology,Applied Materials,2023-08-21,141.17,-4.78,6.33,30.31,15.54,0.667,41,29,15,32.2,8.88,9.49,False,True,139.36,10.9,1.19,False,149.56,-5.62,1.41,-4.78,8.0,12.0,5732237.0,4815791.0,0.667,4720600.0,6123560.0,5505566.0,0.857,78.53,17,21,14,18.0,18,,True
JBL,Information Technology,Jabil,2023-08-21,102.65,-5.17,12.81,24.03,13.92,0.667,42,13,23,29.5,6.57,1.75,False,False,107.09,6.69,0.948,False,114.53,-10.37,0.79,-5.17,8.0,12.0,834362.0,880550.0,0.667,944100.0,818580.0,843826.0,1.119,73.8,18,25,7,18.6,20,吃老本,True
KLAC,Information Technology,KLA Corporation,2023-08-21,47.09,-5.47,4.74,27.6,13.61,0.667,44,37,20,37.1,,,,,,,,,,,,,,,,,,,,,,,19,29,29,,29,吃老本,False
MSFT,Information Technology,Microsoft,2023-08-21,316.18,-4.35,-2.77,30.15,13.3,0.333,40,57,16,40.3,,,,,,,,,,,,,,,,,,,,,,,20,29,29,,29,吃老本,False
CSCO,Information Technology,Cisco,2023-08-21,51.46,6.93,12.56,16.63,13.19,1.0,7,14,32,14.1,7.68,3.25,False,True,48.44,6.59,1.048,False,52.18,-1.38,1.2,6.93,13.0,7.0,19034669.0,18164200.0,1.857,15731800.0,22698140.0,19998240.0,0.787,100.0,21,1,19,12.6,8,剛爆發,True
PANW,Information Technology,Palo Alto Networks,2023-08-21,115.38,-7.12,9.0,23.65,12.29,0.667,48,22,24,35.4,,,,,,,,,,,,,,,,,,,,,,,22,29,29,,29,吃老本,False
CRM,Information Technology,Salesforce,2023-08-21,205.91,-7.15,-2.77,29.14,12.09,0.333,49,57,18,45.2,,,,,,,,,,,,,,,,,,,,,,,23,29,29,,29,吃老本,False
CRWD,Information Technology,CrowdStrike,2023-08-21,37.4,-3.87,-2.95,27.54,12.07,0.333,36,59,21,39.9,,,,,,,,,,,,,,,,,,,,,,,24,29,29,,29,,False
ACN,Information Technology,Accenture,2023-08-21,301.8,1.02,5.37,20.5,11.85,1.0,15,33,30,23.4,5.08,-4.36,False,True,295.22,5.95,0.823,False,309.36,-2.44,5.22,1.02,9.0,11.0,1388022.0,1686272.0,0.818,1451500.0,1468080.0,1498653.0,0.969,79.38,25,20,10,20.0,21,,True
IBM,Information Technology,IBM,2023-08-21,133.46,2.49,14.07,14.14,11.21,1.0,12,10,36,16.2,8.93,9.73,False,True,126.07,4.01,1.004,False,135.54,-1.54,2.79,2.49,11.0,9.0,3903336.0,3888944.0,1.222,3660100.0,3444060.0,3591266.0,1.019,88.51,26,9,9,15.8,12,剛爆發,True
ROP,Information Technology,Roper Technologies,2023-08-21,484.9,0.49,10.12,15.83,10.57,1.0,18,19,34,21.5,,,,,,,,,,,,,,,,,,,,,,,27,29,29,,29,,False
SNPS,Information Technology,Synopsys,2023-08-21,442.24,-1.92,-0.56,22.07,10.42,0.333,30,52,27,36.0,,,,,,,,,,,,,,,,,,,,,,,28,29,29,,29,,False
CDNS,Information Technology,Cadence Design Systems,2023-08-21,232.51,-0.74,1.83,20.01,10.28,0.667,22,43,31,30.1,,,,,,,,,,,,,,,,,,,,,,,29,29,29,,29,,False
CTSH,Information Technology,Cognizant,2023-08-21,66.76,6.99,11.89,10.73,10.09,1.0,5,16,43,15.9,11.37,6.0,False,True,63.85,4.01,1.146,False,68.99,-3.24,1.83,6.99,10.0,10.0,4313900.0,3762760.0,1.0,2031600.0,3367230.0,3547800.0,0.573,89.99,30,8,27,20.6,22,剛爆發,True
APH,Information Technology,Amphenol,2023-08-21,42.12,-1.45,12.94,13.38,9.56,0.667,26,12,38,24.2,5.86,2.92,False,True,41.59,3.85,1.157,False,44.06,-4.41,1.26,-1.45,9.0,11.0,4296600.0,3713109.0,0.818,2954400.0,3616100.0,3655973.0,0.808,82.15,31,18,18,23.2,24,剛爆發,True
PTC,Information Technology,PTC Inc.,2023-08-21,144.85,-1.21,10.55,14.06,9.37,0.667,24,17,37,24.5,,,,,,,,,,,,,,,,,,,,,,,32,29,29,,29,,False
AAPL,Information Technology,Apple Inc.,2023-08-21,176.38,-8.67,1.95,22.08,9.36,0.667,53,41,26,44.0,,,,,,,,,,,,,,,,,,,,,,,33,29,29,,29,,False
ON,Information Technology,ON Semiconductor,2023-08-21,92.32,-12.15,6.58,21.03,9.12,0.667,62,27,28,44.7,,,,,,,,,,,,,,,,,,,,,,,34,29,29,,29,,False
NTAP,Information Technology,NetApp,2023-08-21,70.47,-3.26,7.71,15.96,9.09,0.667,34,25,33,31.1,,,,,,,,,,,,,,,,,,,,,,,35,29,29,,29,剛爆發,False
ADSK,Information Technology,Autodesk,2023-08-21,215.92,2.92,8.56,12.15,8.94,1.0,11,24,41,20.9,10.66,-0.55,False,True,208.12,10.47,1.116,False,234.99,-8.12,8.13,2.92,11.0,9.0,1438263.0,1288944.0,1.222,1933700.0,1467720.0,1435406.0,1.347,92.87,36,6,3,17.4,16,剛爆發,True
AMD,Information Technology,Advanced Micro Devices,2023-08-21,102.25,-9.48,-19.51,30.94,8.22,0.333,55,71,14,51.6,1.05,6.5,False,False,112.1,12.74,0.951,False,132.83,-23.02,-3.03,-9.48,10.0,10.0,68520360.0,72041890.0,1.0,74793100.0,61978960.0,60600586.0,1.234,74.74,37,23,4,24.8,25,剛爆發,True
FFIV,Information Technology,"F5, Inc.",2023-08-21,157.29,0.81,6.13,11.83,7.65,1.0,17,31,42,26.2,,,,,,,,,,,,,,,,,,,,,,,38,29,29,,29,剛爆發,False
CDW,Information Technology,CDW Corporation,2023-08-21,195.98,9.83,17.43,1.37,7.5,1.0,3,6,55,14.3,9.9,0.16,False,True,182.63,5.39,1.69,False,204.64,-4.23,2.14,9.83,12.0,8.0,769741.0,455587.0,1.5,300300.0,423220.0,469820.0,0.639,100.0,39,1,24,20.8,23,剛爆發,True
GEN,Information Technology,Gen Digital,2023-08-21,19.13,4.34,18.8,1.56,6.57,1.0,9,4,54,16.5,0.82,5.18,False,True,18.22,6.94,1.064,False,22.21,-13.86,-0.83,4.34,9.0,11.0,3972166.0,3734690.0,0.818,2538600.0,2874630.0,3665813.0,0.693,83.16,40,13,23,25.8,26,剛爆發,True
TYL,Information Technology,Tyler Technologies,2023-08-21,378.79,-3.04,-3.76,15.82,6.21,0.333,32,60,35,41.0,,,,,,,,,,,,,,,,,,,,,,,41,29,29,,29,剛爆發,False
DDOG,Information Technology,Datadog,2023-08-21,92.6,-17.46,-0.6,20.78,5.87,0.333,66,53,29,54.7,,,,,,,,,,,,,,,,,,,,,,,42,29,29,,29,剛爆發,False
FLEX,Information Technology,Flex Ltd.,2023-08-21,19.7,-3.11,0.89,12.48,5.68,0.667,33,46,39,38.1,,,,,,,,,,,,,,,,,,,,,,,43,29,29,,29,剛爆發,False
HPE,Information Technology,Hewlett Packard Enterprise,2023-08-21,15.38,-3.71,9.13,8.25,5.48,0.667,35,21,46,33.0,,,,,,,,,,,,,,,,,,,,,,,44,29,29,,29,剛爆發,False
NXPI,Information Technology,NXP Semiconductors,2023-08-21,185.96,-12.14,8.87,12.18,5.27,0.667,61,23,40,45.4,,,,,,,,,,,,,,,,,,,,,,,45,29,29,,29,剛爆發,False
TRMB,Information Technology,Trimble Inc.,2023-08-21,52.15,-1.73,10.51,0.71,2.55,0.667,29,18,57,31.3,,,,,,,,,,,,,,,,,,,,,,,46,29,29,,29,剛爆發,False
HPQ,Information Technology,HP Inc.,2023-08-21,27.28,-5.49,-0.61,7.45,2.2,0.333,45,54,47,48.1,,,,,,,,,,,,,,,,,,,,,,,47,29,29,,29,剛爆發,False
MRVL,Information Technology,Marvell Technology,2023-08-21,53.01,-17.58,-18.25,22.31,2.2,0.333,67,70,25,59.5,,,,,,,,,,,,,,,,,,,,,,,47,29,29,,29,剛爆發,False
MSI,Information Technology,Motorola Solutions,2023-08-21,269.82,-4.22,-1.73,7.18,2.11,0.333,39,56,48,45.9,,,,,,,,,,,,,,,,,,,,,,,49,29,29,,29,剛爆發,False
STX,Information Technology,Seagate Technology,2023-08-21,60.09,1.53,4.56,-0.33,1.36,0.667,13,38,61,30.1,28.52,-232.5,False,True,58.85,6.69,1.124,False,72.76,-17.42,0.11,1.53,10.0,10.0,2296410.0,2043400.0,1.0,1507300.0,1725680.0,1785060.0,0.844,85.63,50,12,15,27.8,28,剛爆發,True
IT,Information Technology,Gartner,2023-08-21,342.49,-2.39,-0.22,3.05,0.87,0.333,31,50,52,40.9,,,,,,,,,,,,,,,,,,,,,,,51,29,29,,29,剛爆發,False
TEL,Information Technology,TE Connectivity,2023-08-21,123.52,-9.48,5.25,3.5,0.69,0.667,55,35,50,48.0,,,,,,,,,,,,,,,,,,,,,,,52,29,29,,29,剛爆發,False
TDY,Information Technology,Teledyne Technologies,2023-08-21,408.55,6.94,2.83,-4.91,-0.01,0.667,6,40,66,28.2,0.57,2.19,False,True,401.18,6.44,0.969,False,448.71,-8.95,1.22,6.94,12.0,8.0,280525.0,289475.0,1.5,238700.0,273930.0,277433.0,0.86,94.11,53,5,13,25.8,26,剛爆發,True
TER,Information Technology,Teradyne,2023-08-21,102.6,-7.6,0.07,3.24,-0.26,0.667,50,49,51,49.9,,,,,,,,,,,,,,,,,,,,,,,54,29,29,,29,剛爆發,False
VRSN,Information Technology,Verisign,2023-08-21,202.67,-1.22,-8.96,3.71,-0.69,0.333,25,65,49,41.8,,,,,,,,,,,,,,,,,,,,,,,55,29,29,,29,剛爆發,False
MU,Information Technology,Micron Technology,2023-08-21,63.02,-10.51,-13.65,9.95,-1.06,0.333,60,69,44,59.5,,,,,,,,,,,,,,,,,,,,,,,56,29,29,,29,剛爆發,False
WDC,Information Technology,Western Digital,2023-08-21,29.71,-6.04,-0.55,0.97,-1.16,0.333,47,51,56,50.0,,,,,,,,,,,,,,,,,,,,,,,57,29,29,,29,剛爆發,False
GLW,Information Technology,Corning Inc.,2023-08-21,30.25,-3.94,3.78,-3.85,-1.96,0.333,37,39,63,42.8,,,,,,,,,,,,,,,,,,,,,,,58,29,29,,29,剛爆發,False
FSLR,Information Technology,First Solar,2023-08-21,177.45,-14.85,-12.05,9.43,-2.01,0.333,65,66,45,61.3,,,,,,,,,,,,,,,,,,,,,,,59,29,29,,29,剛爆發,False
TXN,Information Technology,Texas Instruments,2023-08-21,154.0,-5.92,-4.14,0.68,-2.18,0.333,46,62,58,53.2,,,,,,,,,,,,,,,,,,,,,,,60,29,29,,29,剛爆發,False
MCHP,Information Technology,Microchip Technology,2023-08-21,74.03,-14.31,1.87,0.62,-2.8,0.667,63,42,59,55.9,,,,,,,,,,,,,,,,,,,,,,,61,29,29,,29,剛爆發,False
MPWR,Information Technology,Monolithic Power Systems,2023-08-21,478.21,-10.35,-5.93,1.65,-3.25,0.333,59,64,53,59.3,,,,,,,,,,,,,,,,,,,,,,,62,29,29,,29,剛爆發,False
ADI,Information Technology,Analog Devices,2023-08-21,169.73,-10.21,1.41,-2.15,-3.27,0.333,57,44,62,54.1,,,,,,,,,,,,,,,,,,,,,,,63,29,29,,29,剛爆發,False
LITE,Information Technology,Lumentum,2023-08-21,51.59,-1.47,-3.8,-4.16,-3.4,0.0,27,61,64,44.6,,,,,,,,,,,,,,,,,,,,,,,64,29,29,,29,剛爆發,False
GDDY,Information Technology,GoDaddy,2023-08-21,71.52,-4.12,-1.15,-5.4,-4.01,0.0,38,55,67,48.9,,,,,,,,,,,,,,,,,,,,,,,65,29,29,,29,剛爆發,False
SWKS,Information Technology,Skyworks Solutions,2023-08-21,95.01,-7.68,0.32,-4.89,-4.28,0.333,51,48,65,52.9,,,,,,,,,,,,,,,,,,,,,,,66,29,29,,29,剛爆發,False
ZBRA,Information Technology,Zebra Technologies,2023-08-21,268.39,-10.29,1.39,-8.06,-6.26,0.333,58,45,68,56.1,,,,,,,,,,,,,,,,,,,,,,,67,29,29,,29,剛爆發,False
CIEN,Information Technology,Ciena,2023-08-21,41.49,-0.22,-13.54,-10.16,-8.52,0.0,20,68,70,44.4,,,,,,,,,,,,,,,,,,,,,,,68,29,29,,29,剛爆發,False
QCOM,Information Technology,Qualcomm,2023-08-21,103.36,-14.8,0.67,-10.11,-8.59,0.333,64,47,69,59.9,,,,,,,,,,,,,,,,,,,,,,,69,29,29,,29,剛爆發,False
FTNT,Information Technology,Fortinet,2023-08-21,58.81,-23.42,-13.22,-0.08,-9.2,0.0,70,67,60,67.1,,,,,,,,,,,,,,,,,,,,,,,70,29,29,,29,剛爆發,False
COHR,Information Technology,Coherent Corp.,2023-08-21,35.39,-24.01,-4.17,-17.1,-15.59,0.0,71,63,71,68.6,,,,,,,,,,,,,,,,,,,,,,,71,29,29,,29,剛爆發,False
KEYS,Information Technology,Keysight Technologies,2023-08-21,129.2,-20.59,-20.06,-18.13,-19.23,0.0,69,72,72,70.5,,,,,,,,,,,,,,,,,,,,,,,72,29,29,,29,剛爆發,False
CRH,Materials,CRH plc,2023-08-21,54.41,-4.63,17.39,26.43,16.41,0.667,16,3,1,9.1,,,False,True,54.01,4.6,0.877,False,57.66,-5.63,1.52,-4.63,10.0,10.0,1635020.0,1865110.0,1.0,3371200.0,2146670.0,1895800.0,1.778,78.17,1,13,1,5.8,3,吃老本,False
SHW,Materials,Sherwin-Williams,2023-08-21,258.28,-5.32,15.74,20.28,12.75,0.667,18,5,3,11.1,22.31,13.97,False,False,259.22,4.81,1.004,False,276.37,-6.55,-2.04,-5.32,10.0,10.0,1324630.0,1318970.0,1.0,1478100.0,1285000.0,1240253.0,1.192,78.57,2,12,5,6.6,5,吃老本,True
MLM,Materials,Martin Marietta Materials,2023-08-21,429.85,-2.56,9.72,21.18,12.38,0.667,8,13,2,8.3,15.29,92.2,False,False,440.92,8.05,1.144,False,455.58,-5.65,1.41,-2.56,9.0,11.0,428244.0,374354.0,0.818,327800.0,331290.0,354646.0,0.924,81.32,3,6,9,5.4,2,,True
VMC,Materials,Vulcan Materials Company,2023-08-21,210.49,-2.25,9.82,17.75,10.77,0.667,7,12,4,7.9,19.57,53.5,False,False,215.16,7.77,1.132,False,224.67,-6.31,1.43,-2.25,9.0,11.0,835500.0,738027.0,0.818,571500.0,695730.0,677246.0,0.844,81.31,4,7,13,7.0,6,,True
ECL,Materials,Ecolab,2023-08-21,174.93,-1.69,8.45,14.53,8.96,0.667,3,15,5,7.0,2.43,2.24,False,False,178.12,4.02,0.838,False,185.52,-5.71,0.63,-1.69,9.0,11.0,1018766.0,1215445.0,0.818,631000.0,938850.0,930886.0,0.678,76.18,5,16,18,12.0,15,吃老本,True
PKG,Materials,Packaging Corporation of America,2023-08-21,135.04,-4.44,15.91,8.03,6.88,0.667,15,4,7,10.1,15.64,-2.99,False,True,130.56,5.14,1.304,False,146.71,-7.95,-0.64,-4.44,7.0,13.0,612842.0,469800.0,0.538,349900.0,376490.0,425066.0,0.823,77.99,6,14,14,10.8,11,吃老本,True
LIN,Materials,Linde plc,2023-08-21,367.22,-1.83,7.51,10.57,6.7,0.667,4,16,6,8.0,2.37,9.07,False,True,364.06,2.61,0.888,False,378.84,-3.07,1.73,-1.83,8.0,12.0,1053062.0,1186125.0,0.667,1022100.0,1003060.0,964026.0,1.06,75.13,7,17,8,11.2,13,吃老本,True
NUE,Materials,Nucor,2023-08-21,158.44,-2.1,21.88,2.44,6.16,0.667,6,1,13,5.9,4.35,14.4,False,True,158.14,6.81,1.074,False,173.85,-8.86,-1.75,-2.1,10.0,10.0,1282960.0,1194670.0,1.0,1017900.0,1179560.0,1152940.0,0.883,81.84,8,5,10,7.2,7,,True
LYB,Materials,LyondellBasell,2023-08-21,80.15,-0.61,11.98,3.82,4.75,0.667,2,9,12,6.1,6.14,43.78,False,True,77.06,4.31,1.088,False,82.7,-3.08,0.39,-0.61,12.0,8.0,2018466.0,1855825.0,1.5,2301300.0,1718080.0,1850826.0,1.243,91.32,9,2,4,5.2,1,剛爆發,True
AVY,Materials,Avery Dennison,2023-08-21,174.17,-0.13,13.68,2.41,4.59,0.667,1,7,14,5.4,-7.68,3.15,False,True,167.5,5.2,1.198,False,186.69,-6.71,4.07,-0.13,8.0,12.0,493425.0,411783.0,0.667,557200.0,401190.0,392600.0,1.419,82.52,10,4,2,6.0,4,剛爆發,False
DD,Materials,DuPont,2023-08-21,88.8,-3.44,11.52,3.9,3.97,0.667,12,10,10,11.0,2.62,5.34,False,True,87.28,4.13,0.983,False,93.58,-5.11,-1.01,-3.44,9.0,11.0,1972281.0,2005948.0,0.818,1275702.0,1721556.0,1791554.0,0.712,77.01,11,15,17,13.8,16,,True
PPG,Materials,PPG Industries,2023-08-21,129.79,-4.41,3.94,7.64,3.71,0.667,14,20,8,14.6,4.91,17.21,False,False,134.41,2.59,1.197,False,142.76,-9.08,-0.83,-4.41,9.0,11.0,1648722.0,1376981.0,0.818,1501900.0,1250590.0,1341420.0,1.12,80.25,12,11,7,10.6,9,,True
SW,Materials,Smurfit Westrock,2023-08-21,34.69,-3.26,6.56,5.58,3.62,0.667,11,18,9,12.7,,,False,True,34.04,5.73,0.395,False,40.05,-13.38,-5.59,-3.26,4.0,5.0,150.0,380.0,0.8,0.0,190.0,140.0,0.0,64.72,13,20,20,17.2,19,吃老本,False
APD,Materials,Air Products,2023-08-21,266.79,-4.99,5.91,3.87,2.17,0.667,17,19,11,16.4,2.24,3.11,False,False,270.16,3.59,0.746,False,298.78,-10.71,1.22,-4.99,13.0,7.0,703238.0,942314.0,1.857,381200.0,546180.0,606113.0,0.629,88.41,14,3,19,10.6,9,剛爆發,True
IP,Materials,International Paper,2023-08-21,30.05,-3.81,12.28,-4.38,-0.07,0.333,13,8,17,12.3,53.08,14.4,False,True,29.1,3.78,1.458,False,37.18,-19.18,-1.68,-3.81,7.0,13.0,3288100.0,2254923.0,0.538,2678900.0,2360740.0,2281260.0,1.174,80.64,15,9,6,10.8,11,剛爆發,True
DOW,Materials,Dow Inc.,2023-08-21,45.36,-2.67,8.74,-4.11,-0.54,0.333,9,14,16,11.9,6.07,55.13,False,True,45.12,5.07,0.993,False,49.83,-8.97,-0.07,-2.67,10.0,10.0,4017780.0,4044710.0,1.0,3282700.0,3473380.0,3727886.0,0.881,80.75,16,8,11,11.8,14,剛爆發,True
FCX,Materials,Freeport-McMoRan,2023-08-21,36.87,-12.15,10.65,-3.2,-1.98,0.333,25,11,15,18.8,-1.44,16.24,False,False,39.09,8.9,1.008,False,44.62,-17.37,-1.31,-12.15,6.0,14.0,9597633.0,9520207.0,0.429,8446600.0,10032490.0,9607053.0,0.879,66.26,17,19,12,16.8,18,,False
CF,Materials,CF Industries,2023-08-21,69.05,-8.96,17.66,-13.08,-4.37,0.333,21,2,20,15.1,28.69,16.1,False,False,70.81,9.81,0.946,False,110.06,-37.27,-6.92,-8.96,8.0,12.0,2062862.0,2180133.0,0.667,1629100.0,1960900.0,2095273.0,0.778,68.41,18,18,16,17.6,20,,True
STLD,Materials,Steel Dynamics,2023-08-21,97.59,-1.97,6.81,-13.45,-5.52,0.333,5,17,21,11.8,0.31,10.66,False,False,100.42,9.03,1.021,False,129.85,-24.84,-3.31,-1.97,10.0,10.0,1272610.0,1246400.0,1.0,998400.0,1376350.0,1243233.0,0.803,80.36,19,10,15,14.6,17,剛爆發,True
BALL,Materials,Ball Corporation,2023-08-21,50.46,-10.43,-1.83,-6.75,-6.44,0.0,23,21,18,21.4,,,,,,,,,,,,,,,,,,,,,,,20,21,21,,21,,False
MOS,Materials,Mosaic Company (The),2023-08-21,35.64,-3.06,15.74,-23.16,-8.41,0.333,10,5,24,11.3,-5.79,-9.03,False,True,34.72,8.78,1.135,False,56.55,-36.98,-1.32,-3.06,13.0,7.0,3185269.0,2806800.0,1.857,3623300.0,2447570.0,2635280.0,1.375,95.36,21,1,3,9.4,8,剛爆發,True
NEM,Materials,Newmont,2023-08-21,35.86,-9.69,-4.88,-10.29,-8.79,0.0,22,23,19,21.7,,,,,,,,,,,,,,,,,,,,,,,22,21,21,,21,,False
AMCR,Materials,Amcor,2023-08-21,41.26,-7.83,-3.78,-14.55,-10.18,0.0,19,22,22,20.5,,,,,,,,,,,,,,,,,,,,,,,23,21,21,,21,,False
CTVA,Materials,Corteva,2023-08-21,48.32,-11.04,-9.23,-18.62,-14.38,0.0,24,25,23,24.1,,,,,,,,,,,,,,,,,,,,,,,24,21,21,,21,,False
ALB,Materials,Albemarle Corporation,2023-08-21,181.21,-8.8,-6.82,-23.68,-15.75,0.0,20,24,25,22.2,,,,,,,,,,,,,,,,,,,,,,,25,21,21,,21,,False
IFF,Materials,International Flavors & Fragrances,2023-08-21,61.37,-22.57,-14.73,-28.16,-23.4,0.0,26,26,26,26.0,,,,,,,,,,,,,,,,,,,,,,,26,21,21,,21,,False
DLR,Real Estate,Digital Realty,2023-08-21,114.74,2.58,28.86,22.73,19.23,1.0,1,2,1,1.3,-41.36,-29.9,False,True,106.85,9.45,1.175,False,119.3,-3.82,3.8,2.58,10.0,10.0,2401380.0,2043980.0,1.0,1865800.0,2107110.0,1928826.0,0.967,88.63,1,5,6,3.6,1,,False
IRM,Real Estate,Iron Mountain,2023-08-21,55.43,1.01,15.43,19.66,13.94,1.0,3,4,2,3.1,-1.47,19.25,False,True,53.74,6.26,1.033,False,56.98,-2.72,3.49,1.01,10.0,10.0,1322060.0,1280440.0,1.0,699800.0,1044480.0,1120313.0,0.625,85.07,2,8,22,8.4,5,吃老本,False
WELL,Real Estate,Welltower,2023-08-21,76.71,0.75,10.99,10.76,8.32,1.0,4,7,5,5.1,13.25,24.87,False,True,76.61,6.16,1.013,False,81.19,-5.52,-0.21,0.75,9.0,11.0,1830744.0,1806436.0,0.818,1388700.0,1809190.0,1768760.0,0.785,80.38,3,12,14,8.8,8,吃老本,True
BXP,Real Estate,"BXP, Inc.",2023-08-21,54.49,-2.94,36.43,-0.54,8.1,0.333,16,1,12,10.7,11.33,-0.05,False,True,52.63,8.56,1.228,False,70.89,-23.13,1.12,-2.94,10.0,10.0,1664610.0,1355520.0,1.0,929000.0,1134930.0,1172653.0,0.792,85.17,4,7,13,7.0,3,,True
EQIX,Real Estate,Equinix,2023-08-21,726.93,-2.87,6.21,14.18,7.92,0.667,15,13,3,12.0,4.9,27.38,False,False,732.74,6.56,0.829,False,771.2,-5.74,3.29,-2.87,10.0,9.0,318070.0,383755.0,1.111,243400.0,314080.0,296580.0,0.821,80.77,5,10,9,7.8,4,,True
WY,Real Estate,Weyerhaeuser,2023-08-21,29.79,-3.09,16.28,7.05,6.82,0.667,17,3,7,10.8,52.61,71.05,False,False,30.19,5.21,1.093,False,32.08,-7.15,1.02,-3.09,9.0,11.0,3110411.0,2846272.0,0.818,2768500.0,2749370.0,2732660.0,1.013,79.95,6,13,5,8.6,7,吃老本,True
CSGP,Real Estate,CoStar Group,2023-08-21,80.2,-1.81,2.18,13.39,6.79,0.667,10,18,4,11.2,4.03,13.75,False,False,84.99,5.53,0.96,False,92.36,-13.17,2.44,-1.81,11.0,9.0,1249918.0,1302011.0,1.222,743400.0,1001920.0,1095253.0,0.679,85.02,7,9,20,10.4,11,,True
ESS,Real Estate,Essex Property Trust,2023-08-21,211.87,-0.03,13.91,5.63,6.29,0.667,6,5,9,6.3,13.51,10.92,False,False,212.14,6.29,1.841,False,255.56,-17.1,0.39,-0.03,8.0,12.0,515162.0,279791.0,0.667,347300.0,250560.0,251306.0,1.382,92.36,8,3,2,4.8,2,,True
AVB,Real Estate,AvalonBay Communities,2023-08-21,163.0,-2.51,6.6,5.69,3.86,0.667,12,12,8,11.2,120.4,-8.45,False,False,168.57,6.2,1.009,False,190.56,-14.46,1.19,-2.51,9.0,11.0,604811.0,599581.0,0.818,398600.0,497970.0,491373.0,0.811,78.89,9,15,12,12.0,13,吃老本,True
INVH,Real Estate,Invitation Homes,2023-08-21,30.23,-4.13,1.84,8.6,3.73,0.667,20,19,6,16.9,-5.91,26.69,False,False,30.85,6.28,0.969,False,34.94,-13.47,0.87,-4.13,8.0,12.0,2425012.0,2502908.0,0.667,1946800.0,2412070.0,2390740.0,0.814,74.82,10,20,11,14.2,15,吃老本,False
EQR,Real Estate,Equity Residential,2023-08-21,56.8,-0.76,8.97,3.31,3.71,0.667,7,11,10,8.8,-7.63,-12.26,False,False,58.1,6.15,1.34,False,68.49,-17.07,0.74,-0.76,9.0,11.0,1729211.0,1290927.0,0.818,981700.0,1077890.0,1171286.0,0.838,85.55,11,6,8,8.4,5,,True
CBRE,Real Estate,CBRE Group,2023-08-21,82.58,0.22,9.28,-2.84,0.96,0.667,5,10,14,8.3,7.76,7.34,False,False,82.97,4.97,1.09,False,89.58,-7.81,0.35,0.22,12.0,8.0,1263400.0,1159150.0,1.5,848100.0,1132810.0,1121413.0,0.756,91.85,12,4,16,9.6,9,剛爆發,True
PLD,Real Estate,Prologis,2023-08-21,111.47,-0.8,-1.13,2.52,0.78,0.333,8,25,11,13.7,32.17,-9.91,False,False,111.83,5.29,1.18,False,122.42,-8.95,0.98,-0.8,8.0,12.0,2088600.0,1770475.0,0.667,2559800.0,1775670.0,1742773.0,1.469,80.56,13,11,1,9.8,10,,True
REG,Real Estate,Regency Centers,2023-08-21,54.24,-5.69,10.56,-0.96,0.74,0.333,22,8,13,16.0,0.66,13.08,False,False,55.81,8.0,0.923,False,59.46,-8.78,-0.2,-5.69,9.0,11.0,1255577.0,1360518.0,0.818,1049300.0,1474190.0,1348800.0,0.778,74.93,14,19,15,16.2,18,,True
FRT,Real Estate,Federal Realty Investment Trust,2023-08-21,85.84,-3.34,13.36,-6.8,-0.89,0.333,18,6,19,14.6,11.02,2.11,False,False,86.82,8.06,2.292,False,99.04,-13.33,1.18,-3.34,8.0,12.0,1111212.0,484908.0,0.667,288500.0,530350.0,510813.0,0.565,98.57,15,2,23,11.4,12,剛爆發,True
CPT,Real Estate,Camden Property Trust,2023-08-21,95.43,-1.24,4.08,-6.19,-2.38,0.333,9,17,17,13.0,19.62,22.66,False,False,96.97,3.62,1.012,False,126.54,-24.59,0.91,-1.24,9.0,11.0,789022.0,779563.0,0.818,440100.0,579620.0,637606.0,0.69,79.6,16,14,19,15.8,17,,True
PSA,Real Estate,Public Storage,2023-08-21,244.68,-1.86,-2.61,-3.79,-3.01,0.0,11,27,15,16.6,3.31,4.67,False,False,253.54,6.83,0.964,False,305.85,-20.0,1.05,-1.86,9.0,11.0,887644.0,920590.0,0.818,615200.0,685620.0,753973.0,0.816,78.45,17,17,10,15.6,16,,True
SPG,Real Estate,Simon Property Group,2023-08-21,95.03,-11.05,9.98,-6.21,-3.37,0.333,30,9,18,21.3,2.0,1.95,False,False,101.1,8.46,0.849,False,110.68,-14.14,-4.21,-11.05,9.0,11.0,1206888.0,1421318.0,0.818,1080900.0,1316700.0,1211900.0,0.892,68.82,18,23,7,17.8,21,,True
VICI,Real Estate,Vici Properties,2023-08-21,25.68,-3.99,1.2,-6.02,-3.71,0.333,19,21,16,19.0,,,,,,,,,,,,,,,,,,,,,,,19,24,24,,24,,False
KIM,Real Estate,Kimco Realty,2023-08-21,16.24,-7.09,5.04,-6.96,-3.99,0.333,24,15,20,20.5,-40.27,163.14,False,False,17.21,9.9,1.129,False,19.68,-17.47,-1.78,-7.09,8.0,12.0,4274000.0,3785166.0,0.667,4136200.0,3373390.0,3344313.0,1.237,74.8,20,21,4,17.2,20,,False
UDR,Real Estate,"UDR, Inc.",2023-08-21,34.55,-2.66,0.82,-8.4,-4.66,0.333,13,22,23,17.7,768.92,-17.27,False,False,36.3,4.96,0.975,False,42.68,-19.05,1.98,-2.66,8.0,12.0,2187975.0,2243233.0,0.667,2683900.0,2074260.0,2120546.0,1.266,76.26,21,18,3,16.2,18,,True
MAA,Real Estate,Mid-America Apartment Communities,2023-08-21,127.2,-2.7,0.05,-10.07,-5.7,0.333,14,23,24,18.7,10.99,-3.2,False,False,130.93,3.81,1.002,False,160.68,-20.83,0.66,-2.7,9.0,11.0,520544.0,519472.0,0.818,309100.0,513500.0,487820.0,0.634,78.46,22,16,21,19.4,22,剛爆發,True
AMT,Real Estate,American Tower,2023-08-21,159.81,-6.05,-1.75,-7.87,-5.89,0.0,23,26,22,23.7,,,,,,,,,,,,,,,,,,,,,,,23,24,24,,24,,False
SBAC,Real Estate,SBA Communications,2023-08-21,210.37,1.97,-0.27,-12.8,-5.98,0.333,2,24,27,13.6,24.23,-37.48,False,False,214.71,7.38,1.218,False,324.89,-35.25,0.31,1.97,13.0,7.0,896276.0,735728.0,1.857,490000.0,653820.0,708633.0,0.691,100.0,24,1,18,13.6,14,剛爆發,True
DOC,Real Estate,Healthpeak Properties,2023-08-21,16.83,-5.59,5.37,-15.24,-7.67,0.333,21,14,28,20.3,-8.4,-17.41,False,False,17.14,5.45,1.084,False,22.74,-25.99,0.7,-5.59,7.0,13.0,3306657.0,3049638.0,0.538,1935900.0,2684710.0,2764666.0,0.7,73.98,25,22,17,22.2,23,,True
VTR,Real Estate,Ventas,2023-08-21,39.22,-10.53,1.38,-11.62,-8.1,0.333,29,20,25,25.5,,,,,,,,,,,,,,,,,,,,,,,26,24,24,,24,,False
O,Real Estate,Realty Income,2023-08-21,47.39,-8.52,-3.31,-11.65,-8.78,0.0,26,28,26,26.6,,,,,,,,,,,,,,,,,,,,,,,27,24,24,,24,,False
HST,Real Estate,Host Hotels & Resorts,2023-08-21,12.78,-15.07,-7.14,-7.53,-9.32,0.0,31,29,21,28.4,,,,,,,,,,,,,,,,,,,,,,,28,24,24,,24,,False
ARE,Real Estate,Alexandria Real Estate Equities,2023-08-21,98.33,-8.83,4.34,-22.38,-12.31,0.333,27,16,31,24.5,,,,,,,,,,,,,,,,,,,,,,,29,24,24,,24,,False
EXR,Real Estate,Extra Space Storage,2023-08-21,112.96,-9.17,-11.15,-18.16,-14.16,0.0,28,31,29,29.1,,,,,,,,,,,,,,,,,,,,,,,30,24,24,,24,剛爆發,False
CCI,Real Estate,Crown Castle,2023-08-21,84.68,-8.48,-9.57,-22.01,-15.52,0.0,25,30,30,27.5,,,,,,,,,,,,,,,,,,,,,,,31,24,24,,24,剛爆發,False
VST,Utilities,Vistra Corp.,2023-08-21,29.23,8.66,24.2,36.89,26.66,1.0,2,2,1,1.8,42.68,1598.82,False,True,26.88,3.33,1.134,False,30.07,-2.79,0.87,8.66,12.0,8.0,4086116.0,3602500.0,1.5,2932600.0,3607350.0,4118293.0,0.712,97.89,1,1,17,4.2,2,,True
CEG,Utilities,Constellation Energy,2023-08-21,104.01,10.88,26.6,34.39,26.56,1.0,1,1,2,1.2,85.9,-59.13,False,True,95.82,5.62,1.062,False,108.31,-3.97,1.05,10.88,11.0,9.0,1789818.0,1685177.0,1.222,1383800.0,1634830.0,1595993.0,0.867,93.87,2,2,8,3.2,1,,True
NRG,Utilities,NRG Energy,2023-08-21,35.16,-0.46,10.6,12.97,9.02,0.667,3,3,3,3.0,-48.85,-41.0,False,True,34.79,4.76,0.982,False,41.95,-16.18,1.95,-0.46,9.0,10.0,2979277.0,3034880.0,0.9,1842000.0,2279160.0,2653240.0,0.694,81.18,3,6,19,7.4,3,,False
PNW,Utilities,Pinnacle West Capital,2023-08-21,69.86,-4.55,4.15,10.2,5.0,0.667,13,6,4,9.1,-18.46,-1110.1,False,False,71.15,4.86,0.813,False,75.14,-7.03,1.16,-4.55,10.0,10.0,879480.0,1081950.0,1.0,632800.0,910330.0,889660.0,0.711,76.96,4,14,18,10.8,9,吃老本,True
EIX,Utilities,Edison International,2023-08-21,60.25,-4.15,7.7,4.09,2.93,0.667,10,4,7,7.6,6.61,11.5,False,True,60.17,4.21,0.746,False,63.95,-5.79,1.29,-4.15,9.0,11.0,1176388.0,1577109.0,0.818,970900.0,1397170.0,1311233.0,0.74,73.35,5,17,15,11.8,13,吃老本,True
SO,Utilities,Southern Company,2023-08-21,61.91,-4.91,-0.97,7.57,2.31,0.333,15,20,5,14.5,5.76,11.62,False,False,63.25,2.99,0.75,False,70.34,-11.98,0.41,-4.91,10.0,10.0,2814590.0,3752170.0,1.0,2227400.0,2544020.0,2783193.0,0.8,75.34,6,15,11,10.6,8,吃老本,True
PCG,Utilities,PG&E Corporation,2023-08-21,16.41,-5.44,1.09,5.83,1.83,0.667,17,10,6,12.7,-11.51,0.79,False,False,17.04,5.89,1.166,False,17.88,-8.19,-0.12,-5.44,8.0,12.0,15728925.0,13484775.0,0.667,9919100.0,12868420.0,14395326.0,0.689,77.1,7,12,20,11.6,11,,False
ATO,Utilities,Atmos Energy,2023-08-21,110.1,-2.99,4.18,2.99,1.79,0.667,6,5,8,6.1,-5.48,0.68,False,False,110.12,3.67,0.928,False,116.44,-5.45,0.63,-2.99,9.0,11.0,757922.0,816527.0,0.818,788600.0,612180.0,646906.0,1.219,76.98,8,13,1,8.6,5,,False
PEG,Utilities,Public Service Enterprise Group,2023-08-21,55.36,-3.26,3.54,1.85,1.0,0.667,7,7,9,7.4,12.3,11.59,False,False,56.35,3.54,0.982,False,61.12,-9.41,0.49,-3.26,9.0,11.0,2341400.0,2385036.0,0.818,1942000.0,2090430.0,2080686.0,0.933,77.69,9,11,6,9.2,6,,True
EXC,Utilities,Exelon,2023-08-21,36.33,-2.49,3.23,-0.75,-0.19,0.333,5,9,13,7.8,1.26,6.03,False,False,36.66,3.75,1.089,False,40.67,-10.67,0.72,-2.49,12.0,8.0,4931141.0,4526825.0,1.5,3412900.0,4333610.0,4471406.0,0.763,90.36,10,3,13,7.8,4,剛爆發,True
CNP,Utilities,CenterPoint Energy,2023-08-21,26.3,-5.61,0.25,0.1,-1.29,0.667,18,15,12,15.9,4.58,8.3,False,False,27.16,3.39,0.929,False,30.42,-13.54,0.11,-5.61,7.0,13.0,4006028.0,4311169.0,0.538,2803100.0,3346060.0,3365380.0,0.833,71.01,11,20,9,14.2,17,吃老本,True
AWK,Utilities,American Water Works,2023-08-21,131.39,-3.96,-1.63,0.17,-1.31,0.333,8,24,11,13.4,10.97,-0.83,False,False,133.77,4.2,1.182,False,150.03,-12.42,1.05,-3.96,9.0,11.0,961577.0,813690.0,0.818,638300.0,954400.0,874773.0,0.73,81.0,12,7,16,10.8,9,,True
ED,Utilities,Consolidated Edison,2023-08-21,81.82,-5.16,-2.15,0.21,-1.72,0.333,16,26,10,17.8,-8.43,16.77,False,False,83.13,4.32,0.84,False,90.29,-9.38,0.63,-5.16,8.0,12.0,1701825.0,2027108.0,0.667,1890800.0,1791310.0,1693266.0,1.117,71.84,13,19,2,13.2,16,吃老本,False
DUK,Utilities,Duke Energy,2023-08-21,81.62,-1.86,3.27,-4.52,-1.91,0.333,4,8,19,8.2,-7.61,-4.9,False,False,81.76,4.17,1.08,False,98.22,-16.9,-0.68,-1.86,12.0,8.0,2971641.0,2751100.0,1.5,2374600.0,2599590.0,2941640.0,0.807,90.02,14,4,10,9.2,6,剛爆發,False
LNT,Utilities,Alliant Energy,2023-08-21,45.91,-5.77,0.46,-2.06,-2.36,0.333,20,12,14,16.4,9.8,-7.9,False,False,47.36,3.94,1.226,False,56.5,-18.74,0.32,-5.77,9.0,11.0,1730677.0,1411690.0,0.818,1171700.0,1587020.0,1548166.0,0.757,80.39,15,8,14,12.0,14,剛爆發,True
NI,Utilities,NiSource,2023-08-21,24.21,-4.22,-0.11,-2.74,-2.45,0.0,11,17,15,13.6,4.04,2.03,False,False,24.68,3.15,1.141,False,27.99,-13.51,0.53,-4.22,11.0,9.0,3436990.0,3011722.0,1.222,1784500.0,2306800.0,2747893.0,0.649,85.99,16,5,21,12.6,15,剛爆發,True
EVRG,Utilities,Evergy,2023-08-21,50.76,-4.39,0.09,-3.15,-2.65,0.333,12,16,16,14.0,4.97,1.72,False,False,51.85,3.99,0.974,False,61.15,-16.99,0.87,-4.39,10.0,10.0,1266050.0,1300440.0,1.0,1266100.0,1262780.0,1278613.0,0.99,79.75,17,10,4,11.6,11,剛爆發,True
AEE,Utilities,Ameren,2023-08-21,73.33,-6.27,0.36,-3.19,-3.07,0.333,22,13,17,18.3,12.0,5.54,False,False,75.59,3.2,0.943,False,86.42,-15.14,-0.15,-6.27,7.0,13.0,1190514.0,1262484.0,0.538,1054400.0,1270290.0,1197473.0,0.881,70.76,18,21,7,17.0,21,,True
CMS,Utilities,CMS Energy,2023-08-21,52.35,-5.64,0.83,-3.94,-3.17,0.333,19,11,18,16.4,8.04,0.18,False,False,54.05,3.27,0.992,False,63.18,-17.14,0.32,-5.64,8.0,12.0,1411087.0,1422066.0,0.667,1462500.0,1328780.0,1317680.0,1.11,74.11,19,16,3,14.6,19,,True
WEC,Utilities,WEC Energy Group,2023-08-21,77.1,-4.65,-1.19,-4.88,-3.9,0.0,14,22,20,17.6,8.49,1.76,False,False,79.75,3.16,1.019,False,94.79,-18.65,-1.03,-4.65,7.0,13.0,1301200.0,1276907.0,0.538,1167500.0,1115940.0,1223193.0,0.954,72.7,20,18,5,16.2,20,,True
SRE,Utilities,Sempra,2023-08-21,65.14,-4.14,0.31,-6.32,-4.11,0.333,9,14,23,13.3,7.7,5.57,False,False,66.2,3.97,0.988,False,77.9,-16.38,1.19,-4.14,10.0,10.0,2322520.0,2350580.0,1.0,1762800.0,2262180.0,2297666.0,0.767,80.29,21,9,12,14.4,18,剛爆發,True
DTE,Utilities,DTE Energy,2023-08-21,94.68,-7.62,-0.65,-5.54,-4.84,0.0,26,19,21,22.9,,,,,,,,,,,,,,,,,,,,,,,22,22,22,,22,,False
FE,Utilities,FirstEnergy,2023-08-21,32.34,-6.83,-0.15,-6.97,-5.23,0.0,24,18,24,22.2,,,,,,,,,,,,,,,,,,,,,,,23,22,22,,22,,False
PPL,Utilities,PPL Corporation,2023-08-21,22.84,-7.98,-1.97,-7.1,-6.03,0.0,27,25,25,26.0,,,,,,,,,,,,,,,,,,,,,,,24,22,22,,22,,False
NEE,Utilities,NextEra Energy,2023-08-21,62.2,-6.71,-8.06,-5.6,-6.49,0.0,23,29,22,24.6,,,,,,,,,,,,,,,,,,,,,,,25,22,22,,22,,False
ETR,Utilities,Entergy,2023-08-21,43.26,-7.18,-0.97,-9.76,-6.92,0.0,25,20,26,23.7,,,,,,,,,,,,,,,,,,,,,,,26,22,22,,22,,False
AEP,Utilities,American Electric Power,2023-08-21,71.74,-6.17,-2.55,-10.56,-7.46,0.0,21,27,27,24.0,,,,,,,,,,,,,,,,,,,,,,,27,22,22,,22,,False
D,Utilities,Dominion Energy,2023-08-21,41.98,-9.31,-1.38,-12.67,-9.0,0.0,29,23,29,27.2,,,,,,,,,,,,,,,,,,,,,,,28,22,22,,22,剛爆發,False
XEL,Utilities,Xcel Energy,2023-08-21,51.99,-8.44,-9.74,-11.07,-10.08,0.0,28,31,28,28.9,,,,,,,,,,,,,,,,,,,,,,,29,22,22,,22,剛爆發,False
ES,Utilities,Eversource Energy,2023-08-21,56.79,-9.61,-5.12,-14.24,-10.8,0.0,30,28,30,29.4,,,,,,,,,,,,,,,,,,,,,,,30,22,22,,22,剛爆發,False
AES,Utilities,AES Corporation,2023-08-21,15.59,-16.13,-8.41,-27.61,-19.94,0.0,31,30,31,30.7,,,,,,,,,,,,,,,,,,,,,,,31,22,22,,22,剛爆發,False
