symbol,sector,name,as_of_date,t_price,cum_ret_4w,cum_ret_13w,cum_ret_26w,point,di,cum_ret_4w_rank_in_sector,cum_ret_13w_rank_in_sector,cum_ret_26w_rank_in_sector,cms_a,surprise_l1,surprise_l2,pre_earnings_14d,above_50ma,ma50,amp_10d_pct,vp_ratio_stock,vcp,high_52w,pct_from_high,ret_5d,ret_20d,up_days_20,down_days_20,up_avg_vol,down_avg_vol,ud_ratio,vol_today,vol_10d_avg,vol_3w_avg,vol_ratio_stock_20d,vp_score_stock,point_rank_in_sector,vp_score_rank_in_sector,vol_rank_in_sector,composite_in_sector,composite_rank_in_sector,stock_gap_alert,earnings_passed
NFLX,Communication Services,Netflix,2024-01-22,57.04,17.16,43.37,33.97,32.12,1.0,1,1,1,1.0,-4.8,6.74,False,True,48.09,20.56,2.29,False,57.96,-1.59,18.11,15.99,10.0,10.0,92177300.0,40250700.0,1.0,127706000.0,93677700.0,77231533.0,1.654,100.0,1,1,2,1.2,1,,False
VZ,Communication Services,Verizon,2024-01-22,36.01,14.36,28.93,29.4,25.52,1.0,2,4,3,2.8,-0.15,3.55,False,True,32.14,10.73,0.946,False,36.08,-0.21,7.81,15.56,15.0,5.0,24019813.0,25388080.0,3.0,20367200.0,25750950.0,25452920.0,0.8,100.0,2,1,13,3.8,2,,False
META,Communication Services,Meta Platforms,2024-01-22,390.71,11.35,32.83,21.1,21.59,1.0,3,2,6,3.3,21.96,2.51,False,True,346.32,10.01,0.968,False,393.34,-0.67,2.79,10.15,13.0,7.0,15642007.0,16162442.0,1.857,13163700.0,16250670.0,16206940.0,0.812,100.0,3,1,12,4.0,3,,True
NWS,Communication Services,News Corp (Class B),2024-01-22,25.31,0.12,22.91,31.58,21.55,1.0,17,9,2,11.6,71.43,100.0,False,True,23.77,6.83,1.018,False,25.59,-1.11,2.96,0.55,11.0,9.0,817527.0,803133.0,1.222,414600.0,750950.0,808826.0,0.513,87.66,4,16,19,11.8,16,吃老本,True
NWSA,Communication Services,News Corp (Class A),2024-01-22,24.28,0.77,22.35,28.27,19.92,1.0,16,10,4,11.8,71.43,100.0,False,True,22.71,7.28,1.036,False,24.58,-1.24,2.95,1.31,12.0,8.0,2330125.0,2249025.0,1.5,1975500.0,2407090.0,2328326.0,0.848,92.6,5,13,11,9.4,7,吃老本,True
T,Communication Services,AT&T,2024-01-22,15.29,4.72,18.57,23.93,17.79,1.0,12,12,5,10.6,-3.16,3.09,False,True,14.51,7.1,1.021,False,17.81,-14.14,3.72,5.98,10.0,10.0,42838750.0,41954010.0,1.0,38567300.0,47469270.0,44372593.0,0.869,87.95,6,14,10,10.0,9,吃老本,False
GOOG,Communication Services,Alphabet Inc. (Class C),2024-01-22,152.45,9.13,24.63,15.62,16.25,1.0,4,5,7,4.9,7.05,7.29,False,True,138.61,9.64,1.079,False,153.41,-0.63,3.93,8.73,11.0,9.0,18840536.0,17469100.0,1.222,19494500.0,19331730.0,18672986.0,1.044,94.02,7,10,7,8.2,5,,True
GOOGL,Communication Services,Alphabet Inc. (Class A),2024-01-22,150.85,8.95,24.57,14.79,15.78,1.0,5,6,9,6.1,7.05,7.29,False,True,137.13,9.68,1.072,False,151.7,-0.56,3.97,8.42,11.0,9.0,24784900.0,23109966.0,1.222,26115500.0,25677750.0,24718926.0,1.056,93.74,8,11,6,8.8,6,,True
OMC,Communication Services,Omnicom Group,2024-01-22,83.28,5.06,23.85,12.03,13.24,1.0,11,8,10,9.9,0.51,-0.06,False,True,77.2,5.79,0.86,False,89.35,-6.8,3.43,4.91,11.0,9.0,1300563.0,1512988.0,1.222,1312300.0,1472330.0,1498480.0,0.876,87.69,9,15,9,11.4,13,吃老本,True
TTWO,Communication Services,Take-Two Interactive,2024-01-22,167.39,4.0,24.52,10.42,12.34,1.0,13,7,12,11.0,37.58,-13.66,False,True,159.19,6.83,1.011,False,169.56,-1.28,2.63,3.98,12.0,8.0,1101500.0,1089637.0,1.5,1123100.0,1130110.0,1095140.0,1.026,93.63,10,12,8,10.4,12,,True
TMUS,Communication Services,T-Mobile US,2024-01-22,155.75,1.14,16.33,15.62,12.18,1.0,15,14,7,13.1,-6.53,5.69,False,True,150.63,3.89,0.806,False,159.39,-2.28,-1.82,2.67,14.0,6.0,4545221.0,5639550.0,2.333,8882500.0,5590790.0,5124166.0,1.733,99.98,11,7,1,7.4,4,,False
DIS,Communication Services,Walt Disney Company (The),2024-01-22,92.76,5.62,20.6,11.08,12.09,1.0,10,11,11,10.5,15.11,6.77,False,True,89.8,6.9,0.966,False,114.58,-19.05,2.47,5.51,13.0,7.0,11778646.0,12199228.0,1.857,7812800.0,13003690.0,12414773.0,0.629,99.05,12,8,17,11.4,13,,True
CMCSA,Communication Services,Comcast,2024-01-22,39.35,6.2,17.48,3.63,7.74,1.0,8,13,13,10.5,6.35,13.67,False,True,36.59,9.74,1.106,False,39.85,-1.24,6.71,5.86,12.0,8.0,18733657.0,16944026.0,1.5,21432189.0,20800962.0,18740539.0,1.144,98.05,13,9,4,9.6,8,,True
EA,Communication Services,Electronic Arts,2024-01-22,137.78,1.91,13.85,1.44,4.66,1.0,14,16,14,14.6,64.33,-0.54,False,True,135.59,3.2,0.86,False,141.78,-2.82,1.23,1.98,11.0,9.0,1285681.0,1495644.0,1.222,1800400.0,1387320.0,1417780.0,1.27,85.06,14,17,3,13.0,17,,True
FOXA,Communication Services,Fox Corporation (Class A),2024-01-22,31.27,8.59,9.44,-2.29,3.36,0.667,6,19,16,11.9,8.81,22.46,False,True,29.35,6.13,1.109,False,35.62,-12.22,3.83,8.48,14.0,6.0,3006857.0,2710133.0,2.333,1707800.0,2713110.0,3009153.0,0.568,100.0,15,1,18,10.0,9,剛爆發,True
LYV,Communication Services,Live Nation Entertainment,2024-01-22,89.29,-4.6,15.96,-0.04,2.82,0.333,19,15,15,17.0,90.53,38.44,False,True,89.16,3.69,1.027,False,101.74,-12.24,-2.07,-3.97,9.0,11.0,1865744.0,1816209.0,0.818,2191900.0,1935890.0,1954206.0,1.122,77.04,16,18,5,14.6,18,,True
FOX,Communication Services,Fox Corporation (Class B),2024-01-22,28.79,7.56,9.7,-3.61,2.51,0.667,7,18,17,12.3,21.11,22.22,False,True,27.26,5.96,1.038,False,32.78,-12.18,3.52,7.6,14.0,6.0,1041378.0,1003233.0,2.333,731500.0,858780.0,989220.0,0.739,100.0,17,1,14,10.0,9,剛爆發,True
PSKY,Communication Services,Paramount Skydance Corporation,2024-01-22,13.21,-6.69,29.38,-9.35,1.0,0.333,22,3,19,15.7,-16.36,-15.38,False,False,13.87,12.55,1.127,False,24.29,-45.59,2.99,-7.94,8.0,12.0,15190287.0,13479300.0,0.667,8992600.0,13345140.0,13997560.0,0.642,76.15,18,19,16,18.0,19,,False
CHTR,Communication Services,Charter Communications,2024-01-22,377.07,-2.99,1.36,-4.97,-2.89,0.333,18,23,18,19.5,,,,,,,,,,,,,,,,,,,,,,,19,20,20,,20,,False
TKO,Communication Services,TKO Group Holdings,2024-01-22,84.79,6.08,5.58,-15.16,-4.67,0.667,9,20,20,14.5,44.78,,False,True,76.94,25.31,1.807,False,111.39,-23.88,11.59,6.85,8.0,12.0,2264287.0,1253108.0,0.667,1341800.0,2431520.0,1912060.0,0.702,100.0,20,1,15,11.4,13,剛爆發,False
WBD,Communication Services,Warner Bros. Discovery,2024-01-22,10.62,-6.68,11.2,-16.97,-7.35,0.333,21,17,21,19.8,,,,,,,,,,,,,,,,,,,,,,,21,20,20,,20,,False
TTD,Communication Services,Trade Desk (The),2024-01-22,68.01,-5.49,1.72,-24.81,-13.35,0.333,20,22,22,21.0,,,,,,,,,,,,,,,,,,,,,,,22,20,20,,20,,False
ECHO,Communication Services,EchoStar,2024-01-22,13.85,-16.42,4.37,-27.94,-16.98,0.333,23,21,23,22.4,,,,,,,,,,,,,,,,,,,,,,,23,20,20,,20,,False
WSM,Consumer Discretionary,"Williams-Sonoma, Inc.",2024-01-22,100.45,3.81,43.65,49.76,36.75,1.0,12,6,1,8.0,9.71,14.6,False,True,93.94,6.57,1.223,False,102.36,-1.87,1.03,2.99,11.0,9.0,1424527.0,1165200.0,1.222,939800.0,1408720.0,1298573.0,0.724,91.93,1,14,24,10.8,6,吃老本,True
DECK,Consumer Discretionary,Deckers Brands,2024-01-22,127.96,14.86,33.21,43.76,33.9,1.0,1,11,2,4.2,53.7,8.22,False,True,114.89,9.59,1.109,False,128.07,-0.08,2.47,11.64,13.0,7.0,1787538.0,1611942.0,1.857,1183800.0,1626840.0,1676360.0,0.706,100.0,2,1,25,6.2,3,,True
EXPE,Consumer Discretionary,Expedia Group,2024-01-22,150.07,0.09,63.23,26.51,29.09,1.0,24,1,3,12.9,8.23,22.22,False,True,142.86,5.57,0.816,False,153.93,-2.51,2.26,-0.86,9.0,11.0,1778122.0,2179190.0,0.818,1701000.0,1860740.0,1853626.0,0.918,76.94,3,22,14,12.8,9,吃老本,True
DASH,Consumer Discretionary,DoorDash,2024-01-22,108.24,9.45,53.21,20.74,26.03,1.0,3,2,10,4.1,96.55,74.57,False,True,99.57,8.32,1.111,False,109.06,-0.76,1.8,7.5,12.0,8.0,3273708.0,2947000.0,1.5,2310100.0,2727260.0,3187946.0,0.725,97.16,4,9,23,9.8,5,,True
PHM,Consumer Discretionary,PulteGroup,2024-01-22,103.14,1.84,46.45,24.43,24.29,1.0,17,4,6,10.9,2.9,18.01,False,True,96.14,7.27,0.925,False,107.2,-3.79,-0.9,1.15,8.0,12.0,1678762.0,1814066.0,0.667,1891800.0,1936120.0,1770206.0,1.069,76.52,5,24,10,13.6,10,吃老本,True
HLT,Consumer Discretionary,Hilton Worldwide,2024-01-22,191.48,5.79,29.25,25.19,21.35,1.0,10,19,5,11.7,0.35,3.21,False,True,176.27,6.7,1.028,False,191.99,-0.27,2.8,6.12,14.0,6.0,1416242.0,1378183.0,2.333,1677900.0,1446510.0,1422633.0,1.179,100.0,6,1,7,4.2,1,,True
MAR,Consumer Discretionary,Marriott International,2024-01-22,235.98,7.13,30.73,21.65,20.29,1.0,6,14,8,8.8,0.34,3.97,False,True,213.59,8.73,1.244,False,237.87,-0.79,3.39,7.65,13.0,7.0,1475515.0,1185771.0,1.857,1119000.0,1398370.0,1362606.0,0.821,100.0,7,1,17,6.6,4,剛爆發,True
ROST,Consumer Discretionary,Ross Stores,2024-01-22,138.26,2.44,26.0,24.35,19.28,1.0,16,23,7,16.3,8.87,13.46,False,True,130.8,5.03,1.047,False,138.51,-0.18,3.0,3.17,14.0,6.0,1711078.0,1634033.0,2.333,1910200.0,1657420.0,1626080.0,1.175,100.0,8,1,8,5.2,2,剛爆發,True
LEN,Consumer Discretionary,Lennar,2024-01-22,137.71,-0.12,43.42,16.88,19.27,0.667,26,7,13,17.7,12.4,10.71,False,True,131.18,6.98,1.226,False,144.32,-4.58,-1.94,-0.3,8.0,12.0,2505709.0,2044634.0,0.667,1627905.0,2456815.0,2434856.0,0.669,80.49,9,19,28,16.8,18,吃老本,True
RCL,Consumer Discretionary,Royal Caribbean Group,2024-01-22,120.06,-4.66,49.09,13.71,17.97,0.667,39,3,16,23.6,13.44,14.85,False,True,115.2,7.21,0.899,False,127.37,-5.73,-2.79,-4.97,10.0,10.0,2117170.0,2355180.0,1.0,2857900.0,2113370.0,2011440.0,1.421,76.63,10,23,2,13.6,10,吃老本,True
LULU,Consumer Discretionary,Lululemon Athletica,2024-01-22,478.03,-6.51,23.58,26.48,17.51,0.667,41,26,4,29.1,10.82,5.5,False,True,474.76,5.87,0.999,False,516.39,-7.43,-1.24,-6.05,7.0,13.0,1160928.0,1162392.0,0.538,1128700.0,1194820.0,1215946.0,0.928,71.43,11,26,13,17.4,19,吃老本,True
AMZN,Consumer Discretionary,Amazon,2024-01-22,159.12,4.73,24.57,20.35,17.5,1.0,11,25,12,15.4,62.22,91.19,False,True,149.89,6.96,0.995,False,160.72,-1.0,2.43,3.77,12.0,8.0,43916283.0,44142200.0,1.5,51047400.0,43123080.0,44029873.0,1.159,93.15,12,13,9,11.8,7,,True
CMG,Consumer Discretionary,Chipotle Mexican Grill,2024-01-22,46.53,1.72,23.24,21.63,17.06,1.0,18,28,9,19.2,6.86,2.98,False,True,45.18,3.85,1.154,False,47.06,-1.13,-0.36,0.82,10.0,10.0,10060000.0,8714000.0,1.0,7255000.0,8834500.0,9604000.0,0.755,85.55,13,16,21,15.8,15,,True
GRMN,Consumer Discretionary,Garmin,2024-01-22,119.66,-2.96,25.83,20.67,16.05,0.667,34,24,11,26.4,9.89,2.05,False,True,118.79,4.18,0.984,False,124.05,-3.54,-0.59,-3.05,8.0,12.0,709337.0,721158.0,0.667,488100.0,707080.0,723593.0,0.675,75.14,14,25,27,21.0,27,吃老本,True
BKNG,Consumer Discretionary,Booking Holdings,2024-01-22,137.86,-0.78,28.16,16.84,15.27,0.667,27,21,14,22.6,6.49,29.01,False,True,131.95,5.92,0.761,False,143.73,-4.09,-2.68,-0.43,12.0,8.0,5210833.0,6847812.0,1.5,5240000.0,6060250.0,5918166.0,0.885,84.49,15,18,15,16.2,16,,True
RL,Consumer Discretionary,Ralph Lauren Corporation,2024-01-22,139.24,-0.07,31.89,14.19,15.05,0.667,25,12,15,19.1,8.6,9.74,False,True,131.35,7.13,0.88,False,142.31,-2.16,4.35,-0.54,11.0,9.0,676718.0,769411.0,1.222,899400.0,783270.0,714440.0,1.259,85.14,16,17,4,14.0,12,,True
NVR,Consumer Discretionary,"NVR, Inc.",2024-01-22,7035.81,0.51,30.72,10.92,13.27,1.0,22,15,19,19.3,8.35,14.82,False,True,6732.23,8.77,0.865,False,7423.73,-5.23,-2.39,0.16,10.0,10.0,18310.0,21170.0,1.0,15000.0,20140.0,19826.0,0.757,79.27,17,20,19,18.6,20,,True
ULTA,Consumer Discretionary,Ulta Beauty,2024-01-22,493.59,0.73,29.94,10.82,13.08,1.0,21,16,20,19.3,,,,,,,,,,,,,,,,,,,,,,,18,30,30,,30,吃老本,False
DHI,Consumer Discretionary,D. R. Horton,2024-01-22,136.91,-7.55,38.48,10.64,13.05,0.667,43,10,21,28.7,-2.28,13.2,False,False,138.49,12.83,0.711,False,153.89,-11.04,-9.53,-7.41,9.0,10.0,2364588.0,3327640.0,0.9,3806900.0,3631940.0,3097453.0,1.229,67.68,19,27,6,19.6,23,吃老本,False
HD,Consumer Discretionary,Home Depot (The),2024-01-22,333.62,2.52,29.38,8.63,12.29,1.0,15,18,23,17.5,1.35,4.68,False,True,315.71,4.47,0.856,False,340.81,-2.11,-1.96,1.94,9.0,11.0,3202088.0,3741409.0,0.818,3177700.0,3161530.0,3132906.0,1.014,77.63,20,21,11,18.6,20,,True
AZO,Consumer Discretionary,AutoZone,2024-01-22,2780.24,7.53,13.66,12.21,11.4,1.0,5,35,17,16.4,2.96,2.72,False,True,2639.9,8.95,1.086,False,2783.52,-0.12,1.23,8.04,10.0,10.0,153030.0,140970.0,1.0,103000.0,155500.0,152060.0,0.677,89.31,21,15,26,19.6,23,剛爆發,True
ORLY,Consumer Discretionary,O’Reilly Automotive,2024-01-22,68.17,7.62,10.59,10.09,9.6,1.0,4,41,22,18.7,3.13,1.29,False,True,64.74,9.77,1.199,False,69.32,-1.67,-0.54,8.48,11.0,9.0,6850227.0,5713166.0,1.222,4020000.0,6658650.0,6633900.0,0.606,94.19,22,11,29,19.0,22,剛爆發,True
TJX,Consumer Discretionary,TJX Companies,2024-01-22,93.33,2.74,10.95,11.81,9.33,1.0,14,40,18,22.6,3.81,10.65,False,True,88.73,2.51,1.049,True,93.4,-0.07,0.92,3.89,12.0,8.0,4514816.0,4304400.0,1.5,4163600.0,4228120.0,4272140.0,0.975,93.56,23,12,12,16.4,17,剛爆發,True
ABNB,Consumer Discretionary,Airbnb,2024-01-22,149.62,9.9,31.14,-2.42,9.05,0.667,2,13,28,10.5,215.68,26.19,False,True,136.73,14.58,1.259,False,154.95,-3.44,6.92,9.57,11.0,9.0,4568536.0,3629555.0,1.222,11342600.0,4864090.0,4350953.0,2.607,98.87,24,7,1,12.6,8,剛爆發,True
DPZ,Consumer Discretionary,Domino's,2024-01-22,402.6,1.67,23.42,5.19,8.87,1.0,19,27,24,22.4,,,,,,,,,,,,,,,,,,,,,,,25,30,30,,30,,False
TPR,Consumer Discretionary,"Tapestry, Inc.",2024-01-22,37.03,5.87,42.73,-7.41,8.44,0.667,8,8,35,13.4,3.04,-1.7,False,True,33.06,13.05,1.006,False,43.54,-14.95,6.36,4.2,12.0,8.0,3340141.0,3319612.0,1.5,3756900.0,3164430.0,3035033.0,1.238,95.17,26,10,5,15.4,14,剛爆發,True
TSCO,Consumer Discretionary,Tractor Supply,2024-01-22,43.49,5.86,21.83,2.65,8.25,1.0,9,29,25,18.2,1.7,-2.22,False,True,40.91,6.06,1.082,False,47.28,-8.01,-1.49,7.04,14.0,6.0,7027250.0,6494500.0,2.333,5392000.0,7580300.0,7120166.0,0.757,100.0,27,1,19,15.0,13,剛爆發,True
CVNA,Consumer Discretionary,Carvana,2024-01-22,8.36,-21.04,46.26,-5.04,3.78,0.333,46,5,32,30.9,15.39,8.36,False,False,8.61,22.08,1.111,False,12.52,-33.22,-6.95,-23.15,7.0,13.0,30313785.0,27273576.0,0.538,22160500.0,27197550.0,26886966.0,0.824,60.86,28,29,16,26.0,29,,True
MCD,Consumer Discretionary,McDonald's,2024-01-22,275.42,-1.43,14.96,0.53,3.65,0.667,30,33,26,30.1,,,,,,,,,,,,,,,,,,,,,,,29,30,30,,30,,False
GM,Consumer Discretionary,General Motors,2024-01-22,34.31,-2.06,29.61,-7.03,3.37,0.333,31,17,33,27.2,,,,,,,,,,,,,,,,,,,,,,,30,30,30,,30,,False
DRI,Consumer Discretionary,Darden Restaurants,2024-01-22,148.58,-1.23,13.89,-2.22,2.06,0.333,29,34,27,30.1,,,,,,,,,,,,,,,,,,,,,,,31,30,30,,30,,False
EBAY,Consumer Discretionary,eBay Inc.,2024-01-22,41.0,-2.13,13.07,-4.03,0.72,0.333,32,37,29,32.9,,,,,,,,,,,,,,,,,,,,,,,32,30,30,,30,,False
GPC,Consumer Discretionary,Genuine Parts Company,2024-01-22,131.59,2.98,13.0,-7.53,0.23,0.667,13,38,37,25.3,2.74,3.91,False,True,126.97,5.59,1.026,False,163.14,-19.34,0.38,2.78,13.0,7.0,849976.0,828271.0,1.857,648600.0,832900.0,841220.0,0.771,97.64,33,8,18,20.0,25,剛爆發,True
CCL,Consumer Discretionary,Carnival Corporation,2024-01-22,15.66,-14.62,42.23,-14.39,-0.29,0.333,45,9,42,33.6,44.27,16.06,False,False,16.63,11.04,0.812,False,19.53,-19.81,-8.66,-14.62,10.0,10.0,27580840.0,33962610.0,1.0,39896600.0,32809350.0,30539986.0,1.306,66.98,34,28,3,25.4,28,剛爆發,True
BBY,Consumer Discretionary,Best Buy,2024-01-22,66.16,-4.42,17.62,-7.43,-0.42,0.333,38,30,36,35.2,,,,,,,,,,,,,,,,,,,,,,,35,30,30,,30,,False
YUM,Consumer Discretionary,Yum! Brands,2024-01-22,123.0,-1.2,8.59,-4.84,-0.57,0.333,28,42,31,32.8,,,,,,,,,,,,,,,,,,,,,,,36,30,30,,30,剛爆發,False
MGM,Consumer Discretionary,MGM Resorts,2024-01-22,43.65,-2.31,27.52,-14.24,-0.82,0.333,33,22,41,31.3,,,,,,,,,,,,,,,,,,,,,,,37,30,30,,30,剛爆發,False
WYNN,Consumer Discretionary,Wynn Resorts,2024-01-22,94.3,6.17,11.15,-10.75,-1.04,0.667,7,39,39,23.0,23.9,26.17,False,True,87.55,6.96,0.981,False,114.01,-17.28,2.65,6.73,14.0,6.0,1935178.0,1972816.0,2.333,1465200.0,2014030.0,1964986.0,0.746,100.0,38,1,22,20.0,25,剛爆發,True
LOW,Consumer Discretionary,Lowe's,2024-01-22,201.82,-4.27,16.03,-8.84,-1.48,0.333,37,32,38,35.7,,,,,,,,,,,,,,,,,,,,,,,39,30,30,,30,剛爆發,False
NKE,Consumer Discretionary,"Nike, Inc.",2024-01-22,97.18,-5.36,5.22,-4.77,-2.42,0.333,40,44,30,39.2,,,,,,,,,,,,,,,,,,,,,,,40,30,30,,30,剛爆發,False
F,Consumer Discretionary,Ford Motor Company,2024-01-22,9.68,-6.56,16.14,-12.76,-3.99,0.333,42,31,40,38.3,,,,,,,,,,,,,,,,,,,,,,,41,30,30,,30,剛爆發,False
SBUX,Consumer Discretionary,Starbucks,2024-01-22,87.03,-3.34,1.4,-7.35,-4.16,0.333,35,45,34,37.8,,,,,,,,,,,,,,,,,,,,,,,42,30,30,,30,剛爆發,False
HAS,Consumer Discretionary,Hasbro,2024-01-22,46.2,0.1,13.26,-16.26,-4.79,0.667,23,36,44,31.1,,,,,,,,,,,,,,,,,,,,,,,43,30,30,,30,剛爆發,False
LVS,Consumer Discretionary,Las Vegas Sands,2024-01-22,47.61,1.67,6.79,-14.88,-5.32,0.667,19,43,43,31.0,,,,,,,,,,,,,,,,,,,,,,,44,30,30,,30,剛爆發,False
NCLH,Consumer Discretionary,Norwegian Cruise Line Holdings,2024-01-22,17.22,-14.07,28.89,-20.06,-6.32,0.333,44,20,45,37.0,,,,,,,,,,,,,,,,,,,,,,,45,30,30,,30,剛爆發,False
APTV,Consumer Discretionary,Aptiv,2024-01-22,86.04,-4.1,0.03,-21.19,-11.61,0.333,36,46,46,41.0,,,,,,,,,,,,,,,,,,,,,,,46,30,30,,30,剛爆發,False
TSLA,Consumer Discretionary,"Tesla, Inc.",2024-01-22,183.25,-26.25,-11.6,-31.22,-25.07,0.0,47,47,47,47.0,,,,,,,,,,,,,,,,,,,,,,,47,30,30,,30,剛爆發,False
COST,Consumer Staples,Costco,2024-01-22,676.36,4.06,29.6,25.17,21.0,1.0,6,2,1,3.8,4.83,1.76,False,True,623.03,3.31,0.921,False,687.96,-1.69,-1.16,3.01,11.0,9.0,2016181.0,2189033.0,1.222,1825500.0,2115580.0,2066233.0,0.883,85.79,1,15,17,9.8,8,吃老本,True
TGT,Consumer Staples,Target Corporation,2024-01-22,130.01,0.08,34.3,7.59,12.39,1.0,19,1,4,10.6,41.91,26.85,False,True,124.88,5.34,0.943,False,160.55,-19.02,3.18,0.11,13.0,7.0,3126415.0,3314871.0,1.857,3014800.0,3105110.0,3134453.0,0.962,95.7,2,7,10,5.6,2,,True
CL,Consumer Staples,Colgate-Palmolive,2024-01-22,78.18,4.53,16.07,10.92,10.61,1.0,3,10,2,4.9,2.6,7.3,False,True,73.96,5.34,1.192,False,78.93,-0.94,3.05,5.34,14.0,6.0,5250335.0,4405950.0,2.333,8668700.0,5973860.0,5310600.0,1.632,100.0,3,1,2,2.0,1,,True
KHC,Consumer Staples,Kraft Heinz,2024-01-22,32.36,0.62,19.72,5.34,7.76,1.0,17,6,5,11.3,9.55,4.56,False,True,31.55,4.32,1.06,False,34.86,-7.18,0.35,1.89,11.0,9.0,8658609.0,8169133.0,1.222,6727000.0,9265000.0,8630420.0,0.779,88.16,4,12,21,10.6,11,吃老本,True
TSN,Consumer Staples,Tyson Foods,2024-01-22,50.53,2.31,21.81,-0.51,5.77,0.667,12,5,11,9.7,47.13,-42.99,False,True,47.35,6.18,1.057,False,58.78,-14.03,3.56,4.11,9.0,11.0,2229755.0,2109800.0,0.818,1844500.0,1961450.0,2052780.0,0.899,84.66,5,20,14,12.8,15,吃老本,True
CASY,Consumer Staples,Casey's,2024-01-22,272.08,0.26,2.75,9.9,5.7,1.0,18,29,3,18.3,12.84,34.6,False,False,275.35,6.13,1.022,False,287.95,-5.51,-3.55,0.34,11.0,9.0,227554.0,222600.0,1.222,261900.0,213540.0,227053.0,1.153,85.01,6,17,5,10.2,9,吃老本,True
MDLZ,Consumer Staples,Mondelez International,2024-01-22,69.72,3.74,16.27,1.34,5.67,1.0,7,9,8,7.8,4.72,10.09,False,True,66.59,4.05,1.02,False,71.68,-2.72,3.14,4.67,11.0,8.0,5538390.0,5430437.0,1.375,9517300.0,5937410.0,5578673.0,1.706,92.53,7,8,1,6.2,5,,True
SYY,Consumer Staples,Sysco,2024-01-22,70.15,3.45,17.31,0.24,5.31,1.0,8,8,10,8.4,3.08,0.84,False,True,68.38,2.65,0.954,False,74.82,-6.23,-0.08,3.59,12.0,8.0,2853941.0,2992350.0,1.5,3096900.0,3008130.0,2919493.0,1.061,91.31,8,9,6,8.0,7,,True
CHD,Consumer Staples,Church & Dwight,2024-01-22,96.19,4.82,10.33,2.63,5.1,1.0,2,16,7,7.2,7.55,15.41,False,True,91.81,3.44,1.004,False,96.98,-0.81,2.26,6.6,15.0,5.0,1239160.0,1234740.0,3.0,1201000.0,1254190.0,1247026.0,0.963,100.0,9,1,9,5.8,3,剛爆發,True
CLX,Consumer Staples,Clorox,2024-01-22,132.9,2.33,23.72,-3.54,4.74,0.667,11,3,14,9.2,312.25,41.09,False,True,129.38,4.3,0.867,False,159.55,-16.7,2.59,2.98,14.0,6.0,1092907.0,1260383.0,2.333,1164500.0,1315180.0,1192073.0,0.977,100.0,10,1,8,6.0,4,剛爆發,True
PG,Consumer Staples,Procter & Gamble,2024-01-22,146.11,7.22,6.77,1.09,4.05,1.0,1,20,9,8.3,8.28,6.34,False,True,138.67,6.71,1.178,False,146.35,-0.17,5.81,7.58,13.0,7.0,8770784.0,7443114.0,1.857,8356600.0,9520800.0,8919653.0,0.937,100.0,11,1,12,7.2,6,剛爆發,True
WMT,Consumer Staples,Walmart,2024-01-22,53.38,4.2,2.3,3.47,3.36,1.0,4,30,6,12.2,0.39,7.88,False,True,51.17,2.5,0.982,False,55.02,-2.98,1.16,4.05,13.0,7.0,18103223.0,18437057.0,1.857,15746400.0,16390890.0,17606580.0,0.894,97.93,12,6,16,10.4,10,剛爆發,True
KO,Consumer Staples,Coca-Cola Company (The),2024-01-22,55.22,0.75,8.33,-3.46,0.54,0.667,16,18,13,16.0,6.49,8.14,False,True,54.71,3.01,0.965,False,59.05,-6.48,-0.77,1.12,11.0,8.0,12602936.0,13059737.0,1.375,13025100.0,13190850.0,12692120.0,1.026,87.88,13,13,7,11.8,14,,True
SJM,Consumer Staples,J.M. Smucker Company (The),2024-01-22,119.45,4.2,17.92,-11.29,-0.12,0.667,4,7,23,8.7,4.81,8.17,False,True,110.81,4.12,0.987,False,141.7,-15.7,1.93,5.26,11.0,9.0,1129200.0,1144066.0,1.222,1392600.0,1248970.0,1178526.0,1.182,89.53,14,11,4,10.8,12,,True
KR,Consumer Staples,Kroger,2024-01-22,43.89,1.29,4.9,-3.37,-0.14,0.667,14,24,12,16.6,3.62,5.11,False,True,42.68,3.18,1.033,False,47.14,-6.9,0.78,2.41,10.0,10.0,3842570.0,3719650.0,1.0,3368300.0,3921500.0,3739220.0,0.901,84.84,15,18,13,15.8,16,,True
MNST,Consumer Staples,Monster Beverage,2024-01-22,55.44,-3.77,11.1,-4.66,-0.5,0.333,30,14,16,22.4,8.12,-0.95,False,False,56.08,7.96,0.818,False,60.47,-8.32,-3.04,-3.31,11.0,9.0,5053972.0,6178111.0,1.222,5273100.0,6055740.0,5580113.0,0.945,79.44,16,23,11,17.8,18,吃老本,True
STZ,Consumer Staples,Constellation Brands,2024-01-22,234.49,3.21,9.07,-7.79,-0.82,0.667,9,17,20,13.6,6.46,9.63,False,True,228.28,5.15,1.246,False,255.36,-8.18,-1.75,3.91,13.0,7.0,1375307.0,1103457.0,1.857,1078500.0,1013130.0,1323133.0,0.815,100.0,17,1,19,11.0,13,剛爆發,True
KDP,Consumer Staples,Keurig Dr Pepper,2024-01-22,29.71,-3.38,7.77,-4.44,-1.12,0.333,28,19,15,22.7,2.61,4.88,False,False,29.79,3.41,0.912,False,32.81,-9.44,0.28,-2.77,9.0,11.0,7069588.0,7750354.0,0.818,4879400.0,6850120.0,7684093.0,0.635,76.69,18,24,24,21.6,23,吃老本,True
TAP,Consumer Staples,Molson Coors Beverage Company,2024-01-22,57.37,2.5,11.31,-9.87,-1.48,0.667,10,13,21,13.1,25.07,8.02,False,True,56.35,4.82,1.207,False,63.97,-10.32,0.4,2.65,10.0,10.0,1381820.0,1144530.0,1.0,1019500.0,1201420.0,1328740.0,0.767,87.88,19,13,22,17.2,17,剛爆發,True
KMB,Consumer Staples,Kimberly-Clark,2024-01-22,109.42,-0.28,4.7,-5.31,-1.55,0.333,21,26,17,21.7,,,,,,,,,,,,,,,,,,,,,,,20,25,25,,25,,False
DLTR,Consumer Staples,Dollar Tree,2024-01-22,132.73,-6.56,22.63,-12.93,-2.45,0.333,31,4,25,21.7,-3.77,4.78,False,True,129.46,5.73,0.878,False,161.1,-17.61,1.72,-6.42,11.0,9.0,1980118.0,2254066.0,1.222,1771000.0,2208160.0,2153333.0,0.822,80.54,21,22,18,20.8,21,,False
MO,Consumer Staples,Altria,2024-01-22,33.47,-0.35,4.71,-7.51,-2.67,0.333,22,25,19,22.3,,,,,,,,,,,,,,,,,,,,,,,22,25,25,,25,,False
PM,Consumer Staples,Philip Morris International,2024-01-22,82.14,-3.43,5.3,-6.47,-2.77,0.333,29,23,18,25.0,,,,,,,,,,,,,,,,,,,,,,,23,25,25,,25,,False
KVUE,Consumer Staples,Kenvue,2024-01-22,18.8,-3.2,15.64,-12.96,-3.37,0.333,27,11,26,22.0,-1.44,6.86,False,True,18.74,8.43,1.205,False,24.6,-23.59,0.63,-3.29,9.0,11.0,17912511.0,14865009.0,0.818,14121400.0,14456900.0,15758926.0,0.896,81.63,24,21,15,21.0,22,,False
PEP,Consumer Staples,PepsiCo,2024-01-22,153.4,-1.17,5.96,-10.5,-4.05,0.333,24,21,22,22.7,,,,,,,,,,,,,,,,,,,,,,,25,25,25,,25,,False
GIS,Consumer Staples,General Mills,2024-01-22,57.27,-0.05,-0.3,-12.89,-6.53,0.0,20,31,24,24.1,,,,,,,,,,,,,,,,,,,,,,,26,25,25,,25,,False
HSY,Consumer Staples,Hershey Company (The),2024-01-22,176.41,2.02,3.95,-18.34,-7.68,0.667,13,27,28,20.2,5.96,4.97,False,True,175.09,3.87,0.935,False,252.85,-30.23,-0.13,3.42,12.0,8.0,1495466.0,1599112.0,1.5,1111100.0,1415050.0,1424660.0,0.78,90.87,27,10,20,18.8,19,剛爆發,True
DG,Consumer Staples,Dollar General,2024-01-22,126.35,-1.41,12.33,-20.99,-7.77,0.333,25,12,30,22.1,6.76,-13.6,False,True,123.46,8.26,0.945,False,223.3,-43.42,0.93,-0.3,11.0,9.0,2228009.0,2358400.0,1.222,1384200.0,2289070.0,2163546.0,0.64,85.06,28,16,23,22.2,24,剛爆發,True
MKC,Consumer Staples,McCormick & Company,2024-01-22,64.65,0.96,10.37,-22.16,-8.25,0.667,15,15,31,18.2,7.11,-0.45,False,True,62.35,8.53,1.082,False,86.88,-25.58,6.23,1.9,9.0,11.0,2147400.0,1984454.0,0.818,2894400.0,2448270.0,2204780.0,1.313,84.84,29,18,3,19.4,20,剛爆發,True
BF-B,Consumer Staples,Brown–Forman,2024-01-22,53.04,-0.72,3.38,-19.4,-9.03,0.333,23,28,29,25.7,,,,,,,,,,,,,,,,,,,,,,,30,25,25,,25,,False
HRL,Consumer Staples,Hormel Foods,2024-01-22,27.86,-2.62,-0.39,-23.16,-12.33,0.0,26,32,32,29.0,,,,,,,,,,,,,,,,,,,,,,,31,25,25,,25,剛爆發,False
EL,Consumer Staples,Estée Lauder Companies (The),2024-01-22,124.86,-10.56,5.59,-26.83,-14.66,0.333,32,22,33,29.2,,,,,,,,,,,,,,,,,,,,,,,32,25,25,,25,剛爆發,False
BG,Consumer Staples,Bunge Global,2024-01-22,81.95,-12.53,-15.72,-17.51,-15.82,0.0,33,33,27,31.8,,,,,,,,,,,,,,,,,,,,,,,33,25,25,,25,剛爆發,False
ADM,Consumer Staples,Archer Daniels Midland,2024-01-22,47.67,-27.93,-25.22,-39.05,-32.82,0.0,34,34,34,34.0,,,,,,,,,,,,,,,,,,,,,,,34,25,25,,25,剛爆發,False
PSX,Energy,Phillips 66,2024-01-22,128.86,5.32,27.56,29.43,22.94,1.0,3,1,1,2.0,-2.06,8.57,False,True,117.78,10.34,0.989,False,128.91,-0.04,8.62,4.1,11.0,9.0,2797509.0,2827988.0,1.222,3389100.0,2755740.0,2910193.0,1.165,91.55,1,4,3,2.6,3,,False
MPC,Energy,Marathon Petroleum,2024-01-22,152.55,8.2,10.55,23.05,16.21,1.0,1,3,2,1.8,5.06,15.98,False,True,143.37,7.7,0.973,False,154.25,-1.1,4.93,7.1,11.0,9.0,2877290.0,2957755.0,1.222,3248400.0,2692210.0,2735546.0,1.187,91.59,2,3,2,2.4,2,,True
VLO,Energy,Valero Energy,2024-01-22,128.03,6.08,12.52,8.58,8.94,1.0,2,2,4,2.4,18.16,2.26,False,True,118.65,10.72,1.303,False,140.15,-8.65,7.61,4.62,10.0,10.0,3372490.0,2589020.0,1.0,5286000.0,3459690.0,3179146.0,1.663,93.61,3,2,1,2.2,1,,True
OKE,Energy,Oneok,2024-01-22,61.4,0.31,9.23,7.87,6.32,1.0,9,4,6,6.9,-5.66,2.76,False,True,60.11,4.6,1.021,False,63.22,-2.87,0.57,-0.76,8.0,12.0,3150650.0,3085966.0,0.667,2757700.0,3547360.0,3298260.0,0.836,77.64,4,14,11,9.4,10,吃老本,False
FANG,Energy,Diamondback Energy,2024-01-22,143.79,0.75,-0.27,10.22,5.23,0.667,7,9,3,6.8,10.03,-5.38,False,True,141.45,5.76,1.035,False,154.41,-6.87,3.43,-1.17,9.0,11.0,1626211.0,1571827.0,0.818,1443200.0,1603740.0,1592300.0,0.906,81.05,5,11,8,8.0,6,吃老本,True
TRGP,Energy,Targa Resources,2024-01-22,81.84,-0.07,3.48,8.31,5.01,0.667,12,8,5,9.4,-6.12,-20.34,False,True,80.97,6.94,0.993,False,86.21,-5.06,5.24,-0.29,9.0,11.0,1463355.0,1474081.0,0.818,1216400.0,1432050.0,1533386.0,0.793,81.57,6,9,12,8.4,8,,True
WMB,Energy,Williams Companies,2024-01-22,31.79,0.11,3.7,5.05,3.48,1.0,10,7,7,8.5,9.69,9.43,False,False,32.0,5.78,1.047,False,33.72,-5.71,2.98,-0.46,9.0,11.0,6702800.0,6398936.0,0.818,6289600.0,6592700.0,6833100.0,0.92,81.52,7,10,7,8.2,7,,True
KMI,Energy,Kinder Morgan,2024-01-22,15.34,-1.13,8.41,1.01,2.32,0.667,13,5,8,9.6,-4.72,-1.96,False,False,15.4,7.48,0.918,False,16.04,-4.39,1.4,-1.86,7.0,13.0,14438214.0,15727815.0,0.538,14265400.0,17882130.0,16640026.0,0.857,73.59,8,16,10,11.6,13,吃老本,False
XOM,Energy,ExxonMobil,2024-01-22,94.8,3.02,-1.52,0.61,0.68,0.667,5,10,9,7.3,-3.82,-3.91,False,True,93.1,7.4,1.031,False,110.08,-13.88,6.24,1.32,9.0,11.0,19670222.0,19081181.0,0.818,20817200.0,19374670.0,19098686.0,1.09,83.6,9,7,4,7.2,5,,True
HAL,Energy,Halliburton,2024-01-22,35.37,3.82,-4.81,-0.82,-0.66,0.333,4,13,11,8.1,8.07,2.79,False,True,34.01,14.36,1.446,False,41.14,-14.03,10.48,2.37,11.0,9.0,9153690.0,6329688.0,1.222,8835500.0,9695840.0,8609126.0,1.026,99.26,10,1,5,5.4,4,剛爆發,True
CVX,Energy,Chevron Corporation,2024-01-22,134.09,-0.01,4.4,-4.23,-1.02,0.333,11,6,13,9.9,-17.07,3.52,False,True,131.47,6.67,1.062,False,162.48,-17.47,4.85,-1.82,9.0,11.0,9393000.0,8845272.0,0.818,9151900.0,9229190.0,9244873.0,0.99,81.7,11,8,6,8.8,9,,False
COP,Energy,ConocoPhillips,2024-01-22,103.93,-3.31,-4.25,-1.79,-2.78,0.0,15,11,12,13.2,3.3,-6.04,False,False,105.27,6.96,0.999,False,117.35,-11.43,4.04,-5.28,9.0,11.0,5110422.0,5115590.0,0.818,4156000.0,5410090.0,5296566.0,0.785,78.2,12,13,13,12.6,14,,True
SLB,Energy,Schlumberger,2024-01-22,49.48,1.69,-4.75,-6.57,-4.05,0.333,6,12,15,9.6,3.23,1.62,False,True,47.94,12.08,0.951,False,57.81,-14.4,6.61,-0.21,10.0,10.0,12194690.0,12822200.0,1.0,9172000.0,13615520.0,13839026.0,0.663,84.16,13,6,16,10.8,11,剛爆發,True
OXY,Energy,Occidental Petroleum,2024-01-22,55.71,-2.19,-5.85,-5.37,-4.7,0.0,14,14,14,14.0,36.6,-10.96,False,False,56.01,5.45,0.979,False,64.34,-13.42,3.51,-4.33,9.0,11.0,8898633.0,9088427.0,0.818,7102800.0,9481640.0,9468506.0,0.75,78.22,14,12,14,13.2,15,,True
EXE,Energy,Expand Energy,2024-01-22,72.17,0.74,-9.01,-6.95,-5.54,0.333,8,17,16,12.3,83.72,63.14,False,False,72.67,11.42,1.689,False,84.13,-14.22,2.07,-0.76,8.0,12.0,3239112.0,1918000.0,0.667,2081900.0,2495950.0,2932540.0,0.71,89.93,15,5,15,11.0,12,剛爆發,True
TPL,Energy,Texas Pacific Land Corporation,2024-01-22,160.68,-5.33,-18.02,-0.62,-6.15,0.0,17,20,10,16.5,-2.34,16.31,False,False,170.23,5.7,0.912,False,229.27,-29.92,0.07,-9.06,8.0,12.0,164475.0,180300.0,0.667,100800.0,155340.0,168960.0,0.597,70.55,16,17,17,16.6,17,,False
EOG,Energy,EOG Resources,2024-01-22,106.71,-3.72,-6.38,-9.2,-7.12,0.0,16,15,17,15.9,15.1,6.82,False,False,109.11,7.06,1.032,False,123.76,-13.78,4.87,-6.29,8.0,12.0,2915412.0,2824825.0,0.667,2683800.0,2995520.0,2977526.0,0.901,76.24,17,15,9,14.6,16,,True
DVN,Energy,Devon Energy,2024-01-22,39.57,-5.92,-7.26,-17.36,-11.97,0.0,18,16,20,17.8,,,,,,,,,,,,,,,,,,,,,,,18,18,18,,18,,False
BKR,Energy,Baker Hughes,2024-01-22,28.88,-10.83,-11.94,-12.97,-12.18,0.0,21,18,18,19.5,,,,,,,,,,,,,,,,,,,,,,,19,18,18,,18,,False
EQT,Energy,EQT Corporation,2024-01-22,34.63,-7.19,-14.15,-14.52,-12.59,0.0,19,19,19,19.0,,,,,,,,,,,,,,,,,,,,,,,20,18,18,,18,,False
APA,Energy,APA Corporation,2024-01-22,29.05,-9.77,-19.33,-18.9,-16.72,0.0,20,21,21,20.5,,,,,,,,,,,,,,,,,,,,,,,21,18,18,,18,,False
KKR,Financials,KKR & Co.,2024-01-22,85.4,4.71,60.75,45.46,39.1,1.0,21,3,2,11.8,6.24,2.34,False,True,77.05,7.9,1.063,False,85.44,-0.05,3.04,4.09,10.0,10.0,2638670.0,2482560.0,1.0,4084900.0,2709330.0,2695126.0,1.516,87.27,1,24,3,10.6,8,吃老本,True
ERIE,Financials,Erie Indemnity,2024-01-22,331.43,3.47,26.82,58.93,37.04,1.0,30,34,1,25.4,23.37,19.49,False,True,304.61,3.78,0.803,False,332.3,-0.26,1.53,4.42,12.0,8.0,80850.0,100687.0,1.5,104400.0,97730.0,92206.0,1.132,89.81,2,21,8,10.8,9,吃老本,True
ALL,Financials,Allstate,2024-01-22,150.58,13.14,29.29,42.94,32.08,1.0,3,29,4,11.0,63.67,-11.56,False,True,135.63,6.94,1.079,False,151.75,-0.77,2.25,14.44,16.0,4.0,1593662.0,1477325.0,4.0,1034900.0,1422570.0,1509513.0,0.686,100.0,3,1,29,7.4,4,,True
PGR,Financials,Progressive Corporation,2024-01-22,164.95,13.21,17.81,44.33,29.92,1.0,2,55,3,18.1,22.59,23.44,False,True,149.45,9.0,1.146,False,167.64,-1.61,5.45,14.37,15.0,5.0,2324520.0,2027660.0,3.0,2354300.0,2684570.0,2411393.0,0.976,100.0,4,1,12,4.4,3,,True
COIN,Financials,Coinbase,2024-01-22,125.2,-28.01,76.89,32.12,28.28,0.667,76,1,7,39.7,98.13,44.98,False,False,138.26,18.18,0.956,False,187.39,-33.19,0.36,-32.41,7.0,13.0,15393928.0,16094076.0,0.538,13956300.0,12754900.0,14665486.0,0.952,55.51,5,34,14,18.4,17,吃老本,True
WRB,Financials,W. R. Berkley Corporation,2024-01-22,51.1,15.2,25.8,32.98,26.74,1.0,1,38,6,13.1,5.61,14.84,False,True,45.25,16.1,0.981,False,53.32,-4.16,8.17,16.3,14.0,6.0,1867200.0,1902625.0,2.333,2664900.0,2210025.0,2022850.0,1.317,100.0,6,1,4,3.6,1,,True
FITB,Financials,Fifth Third Bancorp,2024-01-22,31.9,1.07,53.83,23.79,25.62,1.0,53,4,12,30.1,12.78,11.51,False,True,29.34,7.01,0.98,False,33.16,-3.8,1.9,0.4,11.0,9.0,5747127.0,5866033.0,1.222,4424200.0,6674820.0,6156946.0,0.719,86.48,7,27,28,19.2,19,吃老本,True
AXP,Financials,American Express,2024-01-22,195.97,7.87,43.01,22.66,24.05,1.0,10,7,15,10.1,-1.01,11.87,False,True,172.28,14.55,1.254,False,199.22,-1.63,9.97,8.03,13.0,7.0,3615269.0,2881885.0,1.857,13555400.0,4204400.0,3735733.0,3.629,100.0,8,1,1,3.8,2,剛爆發,False
KEY,Financials,KeyCorp,2024-01-22,13.03,1.88,50.44,21.01,23.58,1.0,46,5,18,28.1,-86.95,7.5,False,True,12.05,12.95,0.902,False,16.85,-22.65,5.24,1.03,11.0,9.0,17376781.0,19268377.0,1.222,17847600.0,21547120.0,19837940.0,0.9,86.83,9,25,15,16.6,12,吃老本,False
COF,Financials,Capital One,2024-01-22,133.66,5.8,42.75,22.13,23.2,1.0,18,8,16,14.6,-15.96,37.56,False,True,117.97,12.54,1.215,False,134.4,-0.54,8.39,5.77,10.0,10.0,3052310.0,2512860.0,1.0,5350300.0,3136780.0,3052086.0,1.753,93.08,10,15,2,10.4,7,,False
BNY,Financials,BNY Mellon,2024-01-22,52.36,7.13,33.94,25.22,22.88,1.0,15,18,9,14.7,14.03,11.61,False,True,47.84,4.11,1.216,False,52.83,-0.9,0.53,7.08,11.0,8.0,4680400.0,3849575.0,1.375,3115500.0,5311480.0,5032066.0,0.619,96.36,11,14,33,16.6,12,,True
TRV,Financials,Travelers Companies (The),2024-01-22,202.73,10.99,32.31,23.47,22.56,1.0,4,22,13,11.2,37.79,-36.45,False,True,179.73,10.07,1.068,False,206.36,-1.76,-0.11,12.09,14.0,5.0,1638335.0,1534040.0,2.8,1337800.0,1829030.0,1658640.0,0.807,100.0,12,1,21,9.4,6,剛爆發,True
CBOE,Financials,Cboe Global Markets,2024-01-22,182.32,4.41,15.96,33.72,21.95,1.0,23,61,5,30.8,10.62,0.44,False,True,175.08,6.99,1.09,False,185.97,-1.96,0.57,6.16,10.0,10.0,753310.0,691240.0,1.0,549200.0,746240.0,731573.0,0.751,87.99,13,23,25,19.4,20,吃老本,True
GPN,Financials,Global Payments,2024-01-22,130.21,5.43,30.53,23.45,20.72,1.0,20,27,14,20.9,1.34,1.45,False,True,120.3,6.51,1.198,False,134.26,-3.02,3.43,5.1,10.0,10.0,2195080.0,1832080.0,1.0,2349100.0,2151840.0,2042686.0,1.15,90.4,14,18,7,14.2,11,,True
APO,Financials,Apollo Global Management,2024-01-22,96.66,7.64,25.46,23.89,20.22,1.0,11,40,11,19.7,-2.95,3.02,False,True,89.61,6.48,1.114,False,96.84,-0.19,1.38,7.67,14.0,6.0,2316935.0,2080016.0,2.333,2053800.0,2088940.0,2142386.0,0.959,100.0,15,1,13,9.0,5,剛爆發,False
TFC,Financials,Truist Financial,2024-01-22,33.55,2.49,39.39,18.59,19.76,1.0,39,13,23,28.0,-9.5,1.74,False,True,31.19,7.94,1.168,False,42.66,-21.35,0.99,1.61,10.0,10.0,10246690.0,8775710.0,1.0,11477900.0,10404440.0,9677693.0,1.186,86.8,16,26,6,18.0,16,吃老本,False
C,Financials,Citigroup,2024-01-22,49.6,4.34,42.17,16.0,19.63,1.0,24,9,28,20.3,21.41,24.2,False,True,45.92,6.63,1.238,False,50.6,-1.97,4.17,4.29,10.0,10.0,21368620.0,17255780.0,1.0,14041200.0,18912310.0,18898620.0,0.743,90.92,17,16,26,18.4,17,,True
AIZ,Financials,Assurant,2024-01-22,164.25,1.3,17.39,29.28,19.31,1.0,52,57,8,44.7,65.73,41.2,False,True,160.24,5.12,0.912,False,167.07,-1.69,1.7,2.59,12.0,8.0,316066.0,346487.0,1.5,287100.0,308280.0,342680.0,0.838,90.7,18,17,19,17.8,15,,True
SYF,Financials,Synchrony Financial,2024-01-22,37.69,3.53,42.02,15.33,19.05,1.0,29,10,29,23.3,24.04,2.8,False,True,33.78,12.29,1.176,False,38.02,-0.86,7.13,3.1,10.0,10.0,4967580.0,4222640.0,1.0,5254500.0,5424160.0,5160606.0,1.018,90.3,19,19,10,17.2,14,,True
HIG,Financials,Hartford (The),2024-01-22,83.11,8.0,24.05,21.62,18.82,1.0,9,42,17,20.5,16.46,1.69,False,True,76.82,6.67,1.172,False,83.62,-0.61,2.11,8.55,13.0,7.0,1616653.0,1379557.0,1.857,1292800.0,1767790.0,1638646.0,0.789,100.0,20,1,23,13.0,10,剛爆發,True
CPAY,Financials,Corpay,2024-01-22,294.01,4.03,32.5,18.95,18.61,1.0,25,21,22,23.2,,,,,,,,,,,,,,,,,,,,,,,21,35,35,,35,吃老本,False
BX,Financials,Blackstone Inc.,2024-01-22,114.23,-4.85,39.01,19.62,18.35,0.667,69,14,20,42.7,16.94,-7.31,False,True,108.49,8.89,1.032,False,122.45,-6.71,4.61,-6.06,10.0,10.0,3655220.0,3542360.0,1.0,3715600.0,3390270.0,3648753.0,1.018,81.26,22,30,10,22.8,24,吃老本,True
ARES,Financials,Ares Management,2024-01-22,112.27,1.88,20.96,24.06,17.74,1.0,46,50,10,40.0,-4.24,5.66,False,True,105.24,7.66,0.895,False,112.91,-0.57,4.05,1.78,10.0,10.0,682390.0,762430.0,1.0,593200.0,731980.0,742526.0,0.799,83.35,23,28,22,24.8,25,,False
PNC,Financials,PNC Financial Services,2024-01-22,138.89,-1.09,37.68,14.53,16.41,0.667,59,16,31,40.5,,,,,,,,,,,,,,,,,,,,,,,24,35,35,,35,吃老本,False
CFG,Financials,Citizens Financial Group,2024-01-22,30.32,1.36,49.56,7.33,16.39,1.0,51,6,54,38.1,1.16,-2.67,False,True,27.88,10.99,1.137,False,38.64,-21.54,3.07,-0.15,9.0,11.0,5446266.0,4788772.0,0.818,2953200.0,5601510.0,5451280.0,0.542,83.31,25,29,34,28.4,27,,True
HBAN,Financials,Huntington Bancshares,2024-01-22,11.79,2.59,39.89,10.08,15.66,1.0,38,12,45,31.6,-9.89,11.55,False,True,10.94,9.63,1.107,False,13.36,-11.76,2.59,1.95,10.0,9.0,18181480.0,16418388.0,1.111,15555400.0,19156880.0,18049720.0,0.862,88.26,26,22,17,22.6,23,,False
SPGI,Financials,S&P Global,2024-01-22,414.25,1.38,30.69,14.4,15.21,1.0,50,26,32,39.2,,,,,,,,,,,,,,,,,,,,,,,27,35,35,,35,吃老本,False
USB,Financials,U.S. Bancorp,2024-01-22,38.31,-1.48,40.73,10.69,15.16,0.667,62,11,42,42.7,-46.0,-9.68,False,True,36.7,9.71,0.868,False,42.5,-9.86,1.5,-1.86,9.0,11.0,8519888.0,9811918.0,0.818,7242500.0,11250870.0,9974720.0,0.726,76.95,28,32,27,29.4,28,,False
MET,Financials,MetLife,2024-01-22,65.82,7.18,22.66,15.23,15.08,1.0,14,45,30,26.5,0.38,3.11,False,True,61.26,5.31,1.053,False,66.13,-0.46,2.89,7.36,12.0,7.0,3653683.0,3469642.0,1.714,3397300.0,3740340.0,3845500.0,0.883,99.71,29,12,16,19.6,21,剛爆發,True
CB,Financials,Chubb Limited,2024-01-22,235.09,6.74,16.12,18.05,14.74,1.0,16,60,24,30.8,,,,,,,,,,,,,,,,,,,,,,,30,35,35,,35,,False
NDAQ,Financials,"Nasdaq, Inc.",2024-01-22,56.72,0.83,23.66,17.07,14.66,1.0,54,43,26,45.1,,,,,,,,,,,,,,,,,,,,,,,31,35,35,,35,,False
FIS,Financials,Fidelity National Information Services,2024-01-22,59.76,5.73,35.87,8.44,14.62,1.0,19,17,48,24.2,,,,,,,,,,,,,,,,,,,,,,,32,35,35,,35,,False
FISV,Financials,Fiserv,2024-01-22,141.34,6.4,25.68,13.08,14.56,1.0,17,39,36,27.4,,,,,,,,,,,,,,,,,,,,,,,33,35,35,,35,,False
AMP,Financials,Ameriprise Financial,2024-01-22,377.54,3.05,26.55,14.28,14.54,1.0,34,35,33,34.1,,,,,,,,,,,,,,,,,,,,,,,34,35,35,,35,,False
L,Financials,Loews Corporation,2024-01-22,72.27,4.58,15.96,17.26,13.76,1.0,22,61,25,34.3,,,,,,,,,,,,,,,,,,,,,,,35,35,35,,35,,False
WFC,Financials,Wells Fargo,2024-01-22,47.48,2.23,30.98,10.89,13.75,1.0,42,25,40,36.5,,,,,,,,,,,,,,,,,,,,,,,36,35,35,,35,,False
AIG,Financials,American International Group,2024-01-22,65.82,2.63,17.43,16.89,13.46,1.0,37,56,27,40.7,,,,,,,,,,,,,,,,,,,,,,,37,35,35,,35,,False
AFL,Financials,Aflac,2024-01-22,80.86,3.41,12.11,19.13,13.44,1.0,32,68,21,40.6,,,,,,,,,,,,,,,,,,,,,,,38,35,35,,35,,False
WTW,Financials,Willis Towers Watson,2024-01-22,241.98,3.43,9.37,20.21,13.3,1.0,31,70,19,40.3,,,,,,,,,,,,,,,,,,,,,,,39,35,35,,35,,False
JPM,Financials,JPMorgan Chase,2024-01-22,163.47,1.91,27.75,11.29,13.06,1.0,45,33,39,40.2,,,,,,,,,,,,,,,,,,,,,,,40,35,35,,35,,False
PRU,Financials,Prudential Financial,2024-01-22,94.03,2.42,21.46,13.31,12.62,1.0,40,48,35,41.4,,,,,,,,,,,,,,,,,,,,,,,41,35,35,,35,剛爆發,False
MCO,Financials,Moody's Corporation,2024-01-22,381.55,-0.33,29.19,10.63,12.53,0.667,56,30,43,45.6,,,,,,,,,,,,,,,,,,,,,,,42,35,35,,35,剛爆發,False
V,Financials,Visa Inc.,2024-01-22,262.94,2.92,17.12,14.11,12.06,1.0,36,58,34,42.2,,,,,,,,,,,,,,,,,,,,,,,43,35,35,,35,剛爆發,False
MA,Financials,Mastercard,2024-01-22,432.08,2.98,20.64,11.93,11.87,1.0,35,51,37,40.2,,,,,,,,,,,,,,,,,,,,,,,44,35,35,,35,剛爆發,False
GS,Financials,Goldman Sachs,2024-01-22,358.01,-2.07,31.38,8.73,11.69,0.667,64,23,47,48.3,,,,,,,,,,,,,,,,,,,,,,,45,35,35,,35,剛爆發,False
BAC,Financials,Bank of America,2024-01-22,31.52,-0.71,33.88,6.51,11.55,0.667,57,19,56,45.4,,,,,,,,,,,,,,,,,,,,,,,46,35,35,,35,剛爆發,False
BLK,Financials,BlackRock,2024-01-22,745.12,-3.02,32.52,8.12,11.44,0.667,66,20,51,49.2,,,,,,,,,,,,,,,,,,,,,,,47,35,35,,35,剛爆發,False
BRK-B,Financials,Berkshire Hathaway,2024-01-22,385.4,8.06,16.19,10.17,11.15,1.0,8,59,44,30.5,0.62,15.84,False,True,361.52,7.51,1.074,False,385.73,-0.09,5.02,7.97,14.0,6.0,3504878.0,3264266.0,2.333,3621400.0,3400670.0,3296153.0,1.099,100.0,48,1,9,21.4,22,剛爆發,True
ICE,Financials,Intercontinental Exchange,2024-01-22,123.44,-0.91,21.96,11.33,10.93,0.667,58,47,38,50.7,,,,,,,,,,,,,,,,,,,,,,,49,35,35,,35,剛爆發,False
MTB,Financials,M&T Bank,2024-01-22,131.15,3.24,31.24,3.15,10.19,1.0,33,24,62,36.1,,,,,,,,,,,,,,,,,,,,,,,50,35,35,,35,剛爆發,False
BRO,Financials,Brown & Brown,2024-01-22,75.54,8.11,13.89,9.29,10.15,1.0,7,66,46,32.5,10.01,13.92,False,True,71.94,8.94,1.07,False,78.59,-3.89,2.74,8.9,10.0,10.0,1737570.0,1623880.0,1.0,1197300.0,2067520.0,1812266.0,0.661,90.16,51,20,31,34.6,32,剛爆發,True
IBKR,Financials,Interactive Brokers,2024-01-22,22.63,10.66,15.94,5.72,9.51,1.0,5,63,57,32.8,-1.72,2.5,False,True,20.61,9.73,1.223,False,23.55,-3.9,2.17,11.04,14.0,6.0,6764657.0,5530866.0,2.333,4321600.0,7038000.0,6582613.0,0.657,100.0,52,1,32,27.6,26,剛爆發,False
NTRS,Financials,Northern Trust,2024-01-22,76.01,-3.29,29.63,3.9,8.53,0.667,68,28,59,54.2,,,,,,,,,,,,,,,,,,,,,,,53,35,35,,35,剛爆發,False
GL,Financials,Globe Life,2024-01-22,121.08,1.86,10.68,10.75,8.51,1.0,48,69,41,52.9,,,,,,,,,,,,,,,,,,,,,,,54,35,35,,35,剛爆發,False
STT,Financials,State Street Corporation,2024-01-22,69.62,-3.03,20.41,7.57,8.13,0.667,67,52,52,59.5,,,,,,,,,,,,,,,,,,,,,,,55,35,35,,35,剛爆發,False
CINF,Financials,Cincinnati Financial,2024-01-22,105.71,8.46,15.84,3.81,7.98,1.0,6,64,60,34.2,45.44,73.62,False,True,98.33,6.74,0.891,False,119.6,-11.61,0.83,9.21,13.0,7.0,593069.0,665657.0,1.857,414600.0,648720.0,613800.0,0.675,99.3,56,13,30,33.6,31,剛爆發,True
RF,Financials,Regions Financial Corporation,2024-01-22,17.21,-1.19,38.63,-2.83,7.95,0.333,60,15,69,48.3,7.87,-14.13,False,True,16.16,10.73,0.881,False,20.84,-17.42,2.85,-2.0,10.0,10.0,8048220.0,9130660.0,1.0,7811500.0,9414890.0,9386026.0,0.832,80.37,57,31,20,39.2,33,剛爆發,True
RJF,Financials,Raymond James Financial,2024-01-22,109.38,1.54,20.25,4.55,7.72,1.0,49,53,58,52.0,,,,,,,,,,,,,,,,,,,,,,,58,35,35,,35,剛爆發,False
JKHY,Financials,Jack Henry & Associates,2024-01-22,163.86,3.77,23.2,1.48,7.48,1.0,26,44,65,39.2,,,,,,,,,,,,,,,,,,,,,,,59,35,35,,35,剛爆發,False
PFG,Financials,Principal Financial Group,2024-01-22,73.6,2.34,20.06,3.06,7.13,1.0,41,54,63,49.3,,,,,,,,,,,,,,,,,,,,,,,60,35,35,,35,剛爆發,False
FDS,Financials,FactSet,2024-01-22,456.36,-1.34,12.19,8.3,6.87,0.667,61,67,49,60.4,,,,,,,,,,,,,,,,,,,,,,,61,35,35,,35,剛爆發,False
AJG,Financials,Arthur J. Gallagher & Co.,2024-01-22,227.52,3.62,2.33,8.27,5.63,1.0,28,72,50,45.6,,,,,,,,,,,,,,,,,,,,,,,62,35,35,,35,剛爆發,False
IVZ,Financials,Invesco,2024-01-22,14.53,-9.14,28.98,0.34,5.13,0.667,73,31,67,59.2,,,,,,,,,,,,,,,,,,,,,,,63,35,35,,35,剛爆發,False
EG,Financials,Everest Group,2024-01-22,363.53,7.4,-1.09,6.68,4.91,0.667,13,74,55,39.7,30.19,32.67,False,True,363.07,4.98,1.089,False,399.23,-8.94,1.58,8.29,16.0,4.0,354200.0,325200.0,4.0,254900.0,294410.0,332420.0,0.767,100.0,64,1,24,30.8,29,剛爆發,True
SCHW,Financials,Charles Schwab Corporation,2024-01-22,61.91,-6.92,28.36,-2.09,4.31,0.333,72,32,68,59.2,,,,,,,,,,,,,,,,,,,,,,,65,35,35,,35,剛爆發,False
CME,Financials,CME Group,2024-01-22,188.37,-1.81,1.93,7.42,3.74,0.667,63,73,53,64.0,,,,,,,,,,,,,,,,,,,,,,,66,35,35,,35,剛爆發,False
MS,Financials,Morgan Stanley,2024-01-22,81.01,-5.92,26.14,-3.02,3.54,0.333,70,36,70,59.8,,,,,,,,,,,,,,,,,,,,,,,67,35,35,,35,剛爆發,False
MSCI,Financials,MSCI Inc.,2024-01-22,532.15,-2.89,15.67,0.35,3.37,0.667,65,65,66,65.2,,,,,,,,,,,,,,,,,,,,,,,68,35,35,,35,剛爆發,False
MRSH,Financials,Marsh McLennan,2024-01-22,184.94,2.22,4.75,2.93,3.21,1.0,44,71,64,56.1,,,,,,,,,,,,,,,,,,,,,,,69,35,35,,35,剛爆發,False
ACGL,Financials,Arch Capital Group,2024-01-22,75.98,7.58,-1.79,3.43,3.16,0.667,12,76,61,41.0,47.0,21.12,False,True,75.36,5.42,0.972,False,86.2,-11.86,-1.21,8.65,14.0,6.0,1593971.0,1640100.0,2.333,1321900.0,1516820.0,1564553.0,0.845,100.0,70,1,18,32.0,30,剛爆發,True
XYZ,Financials,"Block, Inc.",2024-01-22,64.97,-16.01,62.34,-17.09,3.04,0.333,75,2,76,53.3,18.75,5.66,False,False,67.33,11.6,0.967,False,89.97,-27.79,-1.34,-18.38,7.0,13.0,9576500.0,9900584.0,0.538,11500900.0,9526110.0,9334873.0,1.232,63.44,71,33,5,42.6,34,剛爆發,True
BEN,Financials,Franklin Resources,2024-01-22,24.02,-6.41,24.19,-4.34,2.27,0.333,71,41,71,62.0,,,,,,,,,,,,,,,,,,,,,,,72,35,35,,35,剛爆發,False
TROW,Financials,T. Rowe Price,2024-01-22,97.46,2.23,26.04,-11.14,1.5,0.667,42,37,73,46.7,,,,,,,,,,,,,,,,,,,,,,,73,35,35,,35,剛爆發,False
AON,Financials,Aon plc,2024-01-22,296.13,3.74,-1.43,-5.23,-2.04,0.333,27,75,72,50.4,,,,,,,,,,,,,,,,,,,,,,,74,35,35,,35,剛爆發,False
PYPL,Financials,PayPal,2024-01-22,61.25,0.6,22.6,-16.49,-2.44,0.667,55,46,75,56.3,,,,,,,,,,,,,,,,,,,,,,,75,35,35,,35,剛爆發,False
HOOD,Financials,Robinhood Markets,2024-01-22,10.79,-15.31,21.24,-15.24,-6.14,0.333,74,49,74,66.5,,,,,,,,,,,,,,,,,,,,,,,76,35,35,,35,剛爆發,False
LLY,Health Care,Lilly (Eli),2024-01-22,628.27,9.66,14.32,39.99,25.99,1.0,5,38,1,14.1,181.53,5.92,False,True,590.59,5.54,0.902,False,636.61,-1.31,1.7,9.93,12.0,8.0,2707883.0,3002562.0,1.5,2410300.0,2476580.0,2527466.0,0.954,94.92,1,12,15,8.2,6,吃老本,True
AMGN,Health Care,Amgen,2024-01-22,288.89,8.25,20.13,34.01,24.1,1.0,7,27,2,12.0,5.9,11.27,False,True,264.01,4.2,1.207,False,289.52,-0.22,1.29,8.81,12.0,8.0,2461941.0,2039825.0,1.5,2035800.0,2106880.0,2224173.0,0.915,99.42,2,8,16,7.2,3,吃老本,True
ISRG,Health Care,Intuitive Surgical,2024-01-22,374.76,11.09,44.71,14.77,21.33,1.0,1,2,11,3.3,7.72,3.17,False,True,331.53,7.79,1.013,False,384.0,-2.41,-0.02,11.05,10.0,10.0,2003400.0,1978080.0,1.0,2144700.0,2229740.0,2221560.0,0.965,89.35,3,17,14,10.8,10,吃老本,True
VTRS,Health Care,Viatris,2024-01-22,10.73,10.16,37.79,17.46,20.72,1.0,4,7,7,5.5,6.75,5.44,False,True,9.45,8.51,1.168,False,11.24,-4.48,4.65,10.77,11.0,9.0,11153627.0,9546688.0,1.222,7106300.0,8065110.0,10909660.0,0.651,97.1,4,9,26,10.4,9,,True
REGN,Health Care,Regeneron Pharmaceuticals,2024-01-22,932.35,7.03,21.27,26.0,20.07,1.0,9,24,3,12.3,7.56,3.47,False,True,859.09,4.3,1.142,False,950.3,-1.89,0.71,7.51,13.0,7.0,602400.0,527414.0,1.857,460500.0,542190.0,535606.0,0.86,100.0,5,1,19,6.2,2,,True
VRTX,Health Care,Vertex Pharmaceuticals,2024-01-22,430.17,5.72,21.08,21.5,17.45,1.0,12,26,4,14.6,2.74,0.15,False,True,392.36,4.49,1.155,False,443.82,-3.08,-1.11,5.42,14.0,6.0,1337835.0,1158566.0,2.333,944500.0,1434100.0,1358333.0,0.695,100.0,6,1,24,7.6,5,,True
BSX,Health Care,Boston Scientific,2024-01-22,61.13,5.74,23.45,18.26,16.43,1.0,11,19,6,12.4,4.72,8.15,False,True,56.98,3.05,0.944,False,61.46,-0.54,0.31,9.12,14.0,6.0,6615392.0,7004350.0,2.333,5748400.0,7238890.0,6742593.0,0.853,100.0,7,1,20,7.2,3,剛爆發,True
MRK,Health Care,Merck & Co.,2024-01-22,111.71,10.82,18.36,15.22,14.9,1.0,2,32,10,12.6,9.51,5.41,False,True,100.83,3.69,1.371,False,111.9,-0.17,1.62,11.89,16.0,4.0,8236943.0,6009500.0,4.0,8300300.0,7351490.0,7351686.0,1.129,100.0,8,1,7,5.0,1,剛爆發,True
UHS,Health Care,Universal Health Services,2024-01-22,155.91,3.37,27.94,13.91,14.78,1.0,18,11,12,14.7,7.87,4.34,False,True,145.55,6.56,0.943,False,158.67,-1.74,-0.15,3.25,11.0,9.0,456809.0,484244.0,1.222,458300.0,501000.0,470953.0,0.973,86.73,9,20,13,14.2,14,吃老本,True
COR,Health Care,Cencora,2024-01-22,213.25,5.99,16.31,17.29,14.22,1.0,10,34,8,16.8,1.92,3.35,False,True,202.17,2.75,1.014,True,216.81,-1.64,-0.27,6.59,11.0,9.0,1221118.0,1203911.0,1.222,972800.0,1233970.0,1258486.0,0.773,89.92,10,16,23,15.0,15,吃老本,True
MCK,Health Care,McKesson Corporation,2024-01-22,480.04,4.81,8.46,20.79,13.71,1.0,15,48,5,22.9,1.33,23.89,False,True,460.55,3.31,1.139,False,489.43,-1.92,0.14,6.07,12.0,8.0,702266.0,616575.0,1.5,370800.0,620450.0,637033.0,0.582,96.13,11,10,27,13.8,13,,True
CAH,Health Care,Cardinal Health,2024-01-22,102.01,4.86,16.24,16.53,13.54,1.0,14,35,9,19.3,22.98,4.86,False,True,100.55,4.39,1.117,False,104.6,-2.48,0.21,5.22,11.0,9.0,1965527.0,1759688.0,1.222,1897500.0,1683000.0,1842280.0,1.03,91.1,12,14,8,12.0,12,,True
DVA,Health Care,DaVita,2024-01-22,107.17,2.3,39.6,6.07,13.51,1.0,23,5,17,16.4,39.89,19.82,False,True,104.09,6.72,0.868,False,116.97,-8.38,2.3,3.09,11.0,9.0,702563.0,809511.0,1.222,803800.0,839760.0,784166.0,1.025,86.29,13,21,9,15.4,16,吃老本,True
ABBV,Health Care,AbbVie,2024-01-22,151.13,7.1,19.46,11.12,12.2,1.0,8,29,14,15.5,2.8,3.64,False,True,139.25,4.24,1.186,False,154.4,-2.11,-0.22,7.16,14.0,6.0,5537378.0,4669750.0,2.333,4654300.0,5027050.0,5169006.0,0.9,100.0,14,1,18,9.6,7,剛爆發,True
WAT,Health Care,Waters Corporation,2024-01-22,316.12,-3.98,29.16,10.62,11.6,0.667,46,10,16,29.2,11.29,8.06,False,True,301.87,7.07,1.259,False,346.99,-8.9,1.17,-5.08,9.0,11.0,428466.0,340263.0,0.818,351900.0,366640.0,385633.0,0.913,81.73,15,23,17,18.6,21,吃老本,True
SYK,Health Care,Stryker Corporation,2024-01-22,304.05,3.97,19.2,10.63,11.11,1.0,17,30,15,20.5,0.92,6.8,False,True,290.65,3.39,1.04,False,310.36,-2.03,-1.17,4.41,12.0,8.0,1322966.0,1271475.0,1.5,907400.0,1485490.0,1356960.0,0.669,92.89,16,13,25,16.6,18,,True
HCA,Health Care,HCA Healthcare,2024-01-22,278.17,4.71,26.09,4.2,9.8,1.0,16,15,23,17.1,-1.59,1.21,False,True,261.04,5.24,1.028,False,297.83,-6.6,-1.51,4.5,11.0,9.0,1062081.0,1033544.0,1.222,929900.0,1257320.0,1117046.0,0.832,88.41,17,18,21,18.2,19,,False
CNC,Health Care,Centene Corporation,2024-01-22,73.77,-0.59,9.32,11.47,7.92,0.667,32,47,13,32.7,30.07,2.6,False,False,74.92,10.2,0.88,False,79.83,-7.59,-0.51,0.46,11.0,9.0,2902318.0,3296622.0,1.222,2979200.0,3203790.0,3044140.0,0.979,83.81,18,22,11,18.2,19,,True
A,Health Care,Agilent Technologies,2024-01-22,128.51,-5.78,27.67,4.3,7.63,0.667,52,12,21,33.8,3.02,4.55,False,True,127.35,5.74,0.932,False,155.44,-17.32,-0.18,-6.16,8.0,12.0,1350500.0,1449625.0,0.667,1319800.0,1280260.0,1355320.0,0.974,72.54,19,29,12,21.6,24,吃老本,True
MDT,Health Care,Medtronic,2024-01-22,79.75,5.05,25.69,-0.27,7.55,0.667,13,16,30,17.3,5.82,8.18,False,True,75.12,4.79,1.044,False,82.73,-3.6,0.06,5.0,14.0,6.0,5795692.0,5552183.0,2.333,6784400.0,5979960.0,6005186.0,1.13,100.0,20,1,6,9.6,7,剛爆發,True
CRL,Health Care,Charles River Laboratories,2024-01-22,220.28,-6.82,27.63,4.65,7.53,0.667,56,13,20,35.9,14.86,1.97,False,True,212.33,10.88,1.305,False,262.0,-15.92,3.89,-7.77,7.0,13.0,667414.0,511292.0,0.538,924500.0,525840.0,613566.0,1.507,77.81,21,27,3,19.8,23,吃老本,True
DHR,Health Care,Danaher Corporation,2024-01-22,229.58,0.72,24.14,1.29,6.86,1.0,26,18,27,23.8,,,,,,,,,,,,,,,,,,,,,,,22,30,30,,30,吃老本,False
VEEV,Health Care,Veeva Systems,2024-01-22,208.73,8.42,10.14,3.61,6.45,1.0,6,45,24,21.3,3.69,7.3,False,True,187.08,6.46,0.999,False,225.49,-7.43,0.76,9.37,12.0,8.0,944041.0,944975.0,1.5,407700.0,932880.0,945626.0,0.431,95.91,23,11,29,19.4,22,剛爆發,True
TMO,Health Care,Thermo Fisher Scientific,2024-01-22,542.84,3.12,26.96,-2.45,6.29,0.667,19,14,34,20.5,1.37,-5.17,False,True,511.38,4.16,1.217,False,603.23,-10.01,-0.8,2.95,11.0,9.0,2070454.0,1701922.0,1.222,3172300.0,1936850.0,2014146.0,1.575,91.07,24,15,2,16.0,17,剛爆發,True
ABT,Health Care,Abbott Laboratories,2024-01-22,106.32,2.25,21.22,0.39,6.07,1.0,24,25,29,25.3,,,,,,,,,,,,,,,,,,,,,,,25,30,30,,30,,False
RMD,Health Care,ResMed,2024-01-22,185.74,10.54,41.67,-14.3,5.9,0.667,3,3,51,12.6,5.45,1.68,False,True,162.99,15.59,1.512,False,236.05,-21.31,10.21,9.93,10.0,10.0,1160070.0,767310.0,1.0,2336900.0,1166460.0,1079666.0,2.164,100.0,26,1,1,11.0,11,剛爆發,True
LH,Health Care,Labcorp,2024-01-22,218.42,-1.04,13.44,5.5,5.85,0.667,33,39,18,31.8,,,,,,,,,,,,,,,,,,,,,,,27,30,30,,30,,False
ZTS,Health Care,Zoetis,2024-01-22,184.69,-2.74,23.32,1.32,5.81,0.667,40,20,26,31.2,,,,,,,,,,,,,,,,,,,,,,,28,30,30,,30,,False
ELV,Health Care,Elevance Health,2024-01-22,463.57,2.6,9.93,4.25,5.26,1.0,21,46,22,28.7,,,,,,,,,,,,,,,,,,,,,,,29,30,30,,30,,False
DXCM,Health Care,Dexcom,2024-01-22,121.96,-1.72,36.59,-7.87,4.78,0.333,36,8,45,29.4,50.03,50.64,False,True,119.9,8.4,1.01,False,139.55,-12.6,-4.19,-1.43,10.0,10.0,2482150.0,2457640.0,1.0,3851100.0,2748890.0,2724826.0,1.413,80.14,30,24,4,22.4,25,剛爆發,True
IDXX,Health Care,Idexx Laboratories,2024-01-22,524.98,-5.42,34.14,-5.03,4.67,0.333,51,9,37,35.6,6.73,8.15,False,True,520.79,10.89,0.931,False,568.3,-7.62,0.22,-5.77,10.0,10.0,426700.0,458440.0,1.0,385200.0,514590.0,484900.0,0.794,77.92,31,26,22,27.2,27,,True
MRNA,Health Care,Moderna,2024-01-22,101.81,2.37,41.58,-14.2,3.89,0.667,22,4,50,22.2,-364.44,12.16,False,True,91.17,13.95,1.41,False,198.86,-48.8,2.12,1.07,8.0,11.0,6311125.0,4474754.0,0.727,2346300.0,3575610.0,4278820.0,0.548,87.08,32,19,28,26.0,26,剛爆發,False
GILD,Health Care,Gilead Sciences,2024-01-22,73.42,-1.84,4.73,5.43,3.44,0.667,37,49,19,37.0,,,,,,,,,,,,,,,,,,,,,,,33,30,30,,30,,False
WST,Health Care,West Pharmaceutical Services,2024-01-22,358.5,2.62,12.67,-1.06,3.29,0.667,20,40,32,28.4,,,,,,,,,,,,,,,,,,,,,,,34,30,30,,30,,False
MTD,Health Care,Mettler Toledo,2024-01-22,1217.47,0.37,24.71,-6.96,2.79,0.667,28,17,42,27.5,,,,,,,,,,,,,,,,,,,,,,,35,30,30,,30,,False
COO,Health Care,Cooper Companies (The),2024-01-22,93.16,-1.53,21.43,-5.29,2.33,0.333,34,23,38,31.5,,,,,,,,,,,,,,,,,,,,,,,36,30,30,,30,剛爆發,False
IQV,Health Care,IQVIA,2024-01-22,216.09,-6.61,20.09,-4.45,1.15,0.333,54,28,36,42.6,,,,,,,,,,,,,,,,,,,,,,,37,30,30,,30,剛爆發,False
INCY,Health Care,Incyte,2024-01-22,60.64,-3.42,15.42,-3.88,1.06,0.333,43,37,35,39.6,,,,,,,,,,,,,,,,,,,,,,,38,30,30,,30,剛爆發,False
CI,Health Care,Cigna,2024-01-22,283.89,-0.54,-1.33,2.89,0.98,0.333,31,53,25,36.4,,,,,,,,,,,,,,,,,,,,,,,39,30,30,,30,剛爆發,False
CVS,Health Care,CVS Health,2024-01-22,66.26,-6.71,11.12,-0.42,0.89,0.333,55,43,31,46.6,,,,,,,,,,,,,,,,,,,,,,,40,30,30,,30,剛爆發,False
GEHC,Health Care,GE HealthCare,2024-01-22,72.83,-5.36,15.97,-5.98,-0.34,0.333,49,36,40,43.3,,,,,,,,,,,,,,,,,,,,,,,41,30,30,,30,剛爆發,False
JNJ,Health Care,Johnson & Johnson,2024-01-22,148.37,1.76,10.42,-7.18,-0.55,0.667,25,44,43,34.3,,,,,,,,,,,,,,,,,,,,,,,42,30,30,,30,剛爆發,False
HSIC,Health Care,Henry Schein,2024-01-22,74.2,-1.99,11.73,-6.87,-1.0,0.333,38,42,41,39.8,,,,,,,,,,,,,,,,,,,,,,,43,30,30,,30,剛爆發,False
DGX,Health Care,Quest Diagnostics,2024-01-22,124.36,-4.9,2.7,-1.93,-1.51,0.333,48,52,33,46.2,,,,,,,,,,,,,,,,,,,,,,,44,30,30,,30,剛爆發,False
ZBH,Health Care,Zimmer Biomet,2024-01-22,118.83,-0.01,18.16,-12.3,-1.61,0.333,30,33,46,34.1,,,,,,,,,,,,,,,,,,,,,,,45,30,30,,30,剛爆發,False
UNH,Health Care,UnitedHealth Group,2024-01-22,477.08,-4.42,-3.76,0.79,-1.65,0.333,47,55,28,45.6,,,,,,,,,,,,,,,,,,,,,,,46,30,30,,30,剛爆發,False
STE,Health Care,Steris,2024-01-22,211.26,-1.71,3.47,-5.61,-2.36,0.333,35,51,39,40.6,,,,,,,,,,,,,,,,,,,,,,,47,30,30,,30,剛爆發,False
TECH,Health Care,Bio-Techne,2024-01-22,71.68,-5.87,22.15,-13.12,-2.49,0.333,53,21,49,42.6,,,,,,,,,,,,,,,,,,,,,,,48,30,30,,30,剛爆發,False
EW,Health Care,Edwards Lifesciences,2024-01-22,73.24,-3.95,18.68,-12.54,-2.59,0.333,45,31,47,41.2,,,,,,,,,,,,,,,,,,,,,,,49,30,30,,30,剛爆發,False
BAX,Health Care,Baxter International,2024-01-22,36.99,0.34,21.58,-16.24,-2.64,0.667,29,22,53,31.7,,,,,,,,,,,,,,,,,,,,,,,50,30,30,,30,剛爆發,False
RVTY,Health Care,Revvity,2024-01-22,109.26,0.7,12.47,-12.64,-3.03,0.667,27,41,48,35.4,,,,,,,,,,,,,,,,,,,,,,,51,30,30,,30,剛爆發,False
BIIB,Health Care,Biogen,2024-01-22,244.82,-5.39,4.39,-7.7,-4.1,0.333,50,50,44,48.8,,,,,,,,,,,,,,,,,,,,,,,52,30,30,,30,剛爆發,False
PODD,Health Care,Insulet Corporation,2024-01-22,195.46,-9.92,46.49,-30.32,-6.02,0.333,57,1,57,40.2,73.76,43.41,False,False,198.65,11.11,1.097,False,335.91,-41.81,-4.4,-11.72,9.0,11.0,859844.0,784145.0,0.818,826200.0,707320.0,812080.0,1.017,72.67,53,28,10,34.4,29,剛爆發,True
ALGN,Health Care,Align Technology,2024-01-22,264.28,-3.55,38.41,-30.8,-6.68,0.333,44,6,58,35.4,-5.46,9.09,False,True,245.61,9.38,0.946,False,413.2,-36.04,-0.77,-4.0,10.0,10.0,712680.0,753150.0,1.0,894500.0,698920.0,708560.0,1.262,78.85,54,25,5,32.6,28,剛爆發,False
BMY,Health Care,Bristol Myers Squibb,2024-01-22,44.1,-2.01,-1.46,-17.3,-9.52,0.0,39,54,54,46.5,,,,,,,,,,,,,,,,,,,,,,,55,30,30,,30,剛爆發,False
BDX,Health Care,Becton Dickinson,2024-01-22,176.69,-2.94,-5.56,-14.94,-9.6,0.0,41,56,52,47.7,,,,,,,,,,,,,,,,,,,,,,,56,30,30,,30,剛爆發,False
PFE,Health Care,Pfizer,2024-01-22,23.3,-3.15,-6.15,-21.65,-13.15,0.0,42,57,56,49.3,,,,,,,,,,,,,,,,,,,,,,,57,30,30,,30,剛爆發,False
HUM,Health Care,Humana,2024-01-22,349.66,-21.1,-29.06,-20.01,-22.54,0.0,58,58,55,57.4,,,,,,,,,,,,,,,,,,,,,,,58,30,30,,30,剛爆發,False
VRT,Industrials,Vertiv,2024-01-22,53.3,11.31,46.87,106.13,67.61,1.0,1,5,1,2.2,18.35,59.38,False,True,47.16,14.44,0.916,False,55.76,-4.42,-0.39,9.26,12.0,8.0,4504725.0,4919275.0,1.5,5004700.0,5238970.0,4754286.0,1.053,93.92,1,12,10,7.2,3,吃老本,True
URI,Industrials,United Rentals,2024-01-22,616.86,10.0,58.61,42.31,38.31,1.0,2,3,2,2.3,3.22,5.02,False,True,521.13,19.47,1.142,False,644.01,-4.22,10.27,8.96,10.0,10.0,749950.0,656590.0,1.0,1423700.0,912840.0,778366.0,1.829,94.47,2,10,2,5.2,2,吃老本,True
UBER,Industrials,Uber,2024-01-22,65.52,6.42,58.91,36.1,34.38,1.0,6,2,4,4.4,9.66,47.4,False,True,60.17,6.78,1.11,False,66.04,-0.79,0.63,3.54,8.0,12.0,23646850.0,21300208.0,0.667,13099600.0,19411940.0,21014426.0,0.623,81.8,3,24,29,16.6,15,吃老本,True
AXON,Industrials,Axon Enterprise,2024-01-22,251.36,-2.7,25.2,37.63,24.44,0.667,65,24,3,40.3,34.78,78.63,False,True,243.69,6.3,0.863,False,262.95,-4.41,-2.11,-2.98,8.0,12.0,326775.0,378575.0,0.667,257000.0,314960.0,347266.0,0.74,72.47,4,31,23,18.6,21,吃老本,True
TDG,Industrials,TransDigm Group,2024-01-22,959.31,7.01,37.02,26.79,24.4,1.0,4,7,6,5.3,5.18,13.22,False,True,883.9,6.83,1.018,False,965.94,-0.69,2.4,7.39,14.0,6.0,198621.0,195133.0,2.333,244500.0,186630.0,196480.0,1.244,100.0,5,1,4,3.2,1,,True
BLDR,Industrials,Builders FirstSource,2024-01-22,169.52,1.55,59.53,18.01,24.27,1.0,30,1,20,19.3,8.19,50.24,False,True,154.57,9.8,0.966,False,178.66,-5.12,-1.73,-0.61,9.0,11.0,1223500.0,1266963.0,0.818,894100.0,1368780.0,1255766.0,0.712,78.11,6,26,25,17.8,18,吃老本,True
TT,Industrials,Trane Technologies,2024-01-22,246.04,3.12,36.64,27.56,23.72,1.0,17,8,5,11.9,4.75,4.77,False,True,232.69,4.89,0.951,False,249.46,-1.37,1.04,3.1,13.0,7.0,899238.0,945542.0,1.857,885900.0,895190.0,891626.0,0.994,96.78,7,5,12,7.2,3,,True
EFX,Industrials,Equifax,2024-01-22,241.25,-0.47,51.57,21.83,23.69,0.667,44,4,12,25.6,-0.58,3.01,False,True,228.31,4.54,1.088,False,247.6,-2.57,0.32,-1.71,11.0,9.0,768672.0,706588.0,1.222,633100.0,710510.0,732933.0,0.864,86.47,8,17,17,13.4,8,吃老本,False
IR,Industrials,Ingersoll Rand,2024-01-22,79.11,2.53,33.58,23.59,20.83,1.0,21,10,9,15.3,12.0,13.81,False,True,74.45,4.06,0.898,False,79.64,-0.66,0.53,1.86,11.0,9.0,2098627.0,2336877.0,1.222,2170200.0,2483580.0,2366226.0,0.917,85.38,9,18,14,13.6,9,吃老本,True
PCAR,Industrials,Paccar,2024-01-22,94.79,4.21,26.69,24.04,19.74,1.0,10,18,8,12.0,22.11,10.23,False,True,87.43,10.69,1.244,False,96.31,-1.59,5.71,4.06,8.0,10.0,2771125.0,2227400.0,0.8,2058100.0,2971210.0,2602960.0,0.791,88.49,10,15,20,14.0,12,,True
BR,Industrials,Broadridge Financial Solutions,2024-01-22,198.96,1.04,24.71,24.92,18.9,1.0,35,26,7,26.7,12.95,3.44,False,True,187.25,4.67,0.928,False,200.61,-0.83,1.46,1.77,7.0,12.0,426828.0,459858.0,0.583,690400.0,440230.0,434493.0,1.589,76.64,11,27,3,15.8,14,吃老本,True
GWW,Industrials,W. W. Grainger,2024-01-22,865.1,6.58,25.27,21.37,18.65,1.0,5,23,13,12.0,5.63,2.05,False,True,806.47,5.8,0.956,False,865.27,-0.02,2.23,6.25,12.0,8.0,220250.0,230400.0,1.5,189400.0,238460.0,229106.0,0.827,93.87,12,13,18,13.6,9,,True
ETN,Industrials,Eaton Corporation,2024-01-22,238.4,2.11,26.4,21.92,18.08,1.0,27,19,11,21.4,5.71,4.68,False,True,228.03,4.74,0.816,False,240.01,-0.67,0.53,2.11,11.0,9.0,1245781.0,1527322.0,1.222,1138600.0,1543310.0,1418093.0,0.803,84.08,13,22,19,17.8,18,吃老本,True
PH,Industrials,Parker Hannifin,2024-01-22,460.05,2.36,29.23,18.89,17.34,1.0,24,13,18,19.5,12.14,10.77,False,True,438.14,5.18,1.022,False,465.69,-1.21,0.26,2.02,10.0,10.0,512640.0,501820.0,1.0,444800.0,519910.0,502666.0,0.885,84.19,14,20,15,16.6,15,吃老本,True
LII,Industrials,Lennox International,2024-01-22,434.11,-0.73,24.14,22.93,17.32,0.667,47,28,10,33.9,13.99,18.88,False,True,418.67,8.05,1.136,False,447.68,-3.03,0.05,-0.81,11.0,9.0,254709.0,224177.0,1.222,678500.0,312800.0,274593.0,2.471,87.75,15,16,1,12.6,6,,True
LDOS,Industrials,Leidos,2024-01-22,108.6,3.06,23.7,19.85,16.62,1.0,18,29,15,20.7,21.82,14.57,False,True,105.22,5.24,1.099,False,110.49,-1.72,1.52,3.46,12.0,8.0,659008.0,599450.0,1.5,666900.0,517980.0,613020.0,1.088,94.42,16,11,9,12.6,6,,True
FAST,Industrials,Fastenal,2024-01-22,32.22,5.6,19.47,18.52,15.53,1.0,8,41,19,20.1,2.27,3.49,False,True,29.87,10.58,1.411,False,33.02,-2.43,-1.36,4.68,11.0,9.0,10109963.0,7166444.0,1.222,7122200.0,10959820.0,9655213.0,0.738,95.29,17,8,24,14.8,13,剛爆發,True
CAT,Industrials,Caterpillar Inc.,2024-01-22,289.89,1.74,26.1,16.1,15.01,1.0,29,20,21,24.7,,,,,,,,,,,,,,,,,,,,,,,18,32,32,,32,吃老本,False
CTAS,Industrials,Cintas,2024-01-22,146.32,-0.8,20.73,19.56,14.76,0.667,48,34,17,37.6,,,,,,,,,,,,,,,,,,,,,,,19,32,32,,32,吃老本,False
FIX,Industrials,Comfort Systems USA,2024-01-22,205.73,0.82,18.01,19.62,14.52,1.0,36,46,16,35.0,,,,,,,,,,,,,,,,,,,,,,,20,32,32,,32,吃老本,False
GE,Industrials,GE Aerospace,2024-01-22,103.15,2.79,23.43,14.84,13.98,1.0,19,30,23,23.1,,,,,,,,,,,,,,,,,,,,,,,21,32,32,,32,吃老本,False
GD,Industrials,General Dynamics,2024-01-22,252.61,2.62,11.85,20.41,13.82,1.0,20,63,14,31.7,0.68,3.93,False,True,239.08,8.1,1.113,False,255.37,-1.08,6.31,3.51,8.0,12.0,1379575.0,1239783.0,0.667,1329900.0,1521340.0,1404273.0,0.947,84.11,22,21,13,19.8,22,,True
MAS,Industrials,Masco,2024-01-22,64.41,0.4,32.43,10.89,13.65,1.0,39,11,28,28.4,9.29,23.65,False,True,62.01,6.01,0.8,False,66.72,-3.46,-1.19,-0.04,9.0,11.0,1405366.0,1755690.0,0.818,1050400.0,1458770.0,1477446.0,0.711,75.78,23,28,26,25.6,26,,True
HWM,Industrials,Howmet Aerospace,2024-01-22,55.06,2.42,28.77,10.12,12.86,1.0,23,14,30,21.7,7.23,1.59,False,True,53.13,6.98,0.862,False,56.66,-2.82,-0.56,2.55,11.0,9.0,2888045.0,3349344.0,1.222,4240100.0,3552440.0,3420026.0,1.24,84.73,24,19,5,18.2,20,,True
WM,Industrials,Waste Management,2024-01-22,179.01,3.75,15.61,15.02,12.35,1.0,14,54,22,27.6,0.94,-2.36,False,True,170.13,4.03,0.91,False,179.57,-0.32,0.74,4.53,15.0,5.0,1358126.0,1491900.0,3.0,1231000.0,1464950.0,1419946.0,0.867,100.0,25,1,16,13.6,9,剛爆發,True
RSG,Industrials,Republic Services,2024-01-22,166.63,3.87,17.71,13.85,12.32,1.0,13,47,24,25.4,7.63,6.93,False,True,158.71,4.7,0.888,False,166.7,-0.04,1.55,4.94,14.0,6.0,984178.0,1108450.0,2.333,1298200.0,1211800.0,1057960.0,1.227,100.0,26,1,6,12.0,5,剛爆發,True
WAB,Industrials,Wabtec,2024-01-22,128.38,2.43,25.17,9.94,11.87,1.0,22,25,31,24.7,,,,,,,,,,,,,,,,,,,,,,,27,32,32,,32,,False
ALLE,Industrials,Allegion,2024-01-22,121.16,-1.44,28.65,9.47,11.54,0.667,53,15,33,37.6,11.36,2.6,False,True,112.26,7.41,0.895,False,124.61,-2.77,2.19,-2.13,8.0,12.0,659175.0,736741.0,0.667,510900.0,653900.0,676466.0,0.755,75.26,28,29,21,27.0,28,,True
HII,Industrials,Huntington Ingalls Industries,2024-01-22,242.77,-1.54,20.61,12.17,10.85,0.667,55,35,26,43.2,,,,,,,,,,,,,,,,,,,,,,,29,32,32,,32,,False
AOS,Industrials,A. O. Smith,2024-01-22,76.74,-1.84,19.9,12.62,10.83,0.667,59,37,25,45.6,,,,,,,,,,,,,,,,,,,,,,,30,32,32,,32,,False
LHX,Industrials,L3Harris,2024-01-22,199.66,-0.67,23.14,10.19,10.71,0.667,46,31,29,38.1,,,,,,,,,,,,,,,,,,,,,,,31,32,32,,32,,False
TXT,Industrials,Textron,2024-01-22,84.63,5.48,12.76,11.12,10.12,1.0,9,60,27,27.9,4.49,16.52,False,True,78.54,11.99,1.239,False,86.45,-2.1,7.67,5.1,11.0,9.0,1342445.0,1083477.0,1.222,1461300.0,1485360.0,1298580.0,1.125,96.15,32,7,8,17.2,17,剛爆發,True
PNR,Industrials,Pentair,2024-01-22,70.43,-0.04,26.0,4.66,8.82,0.667,43,21,43,36.4,,,,,,,,,,,,,,,,,,,,,,,33,32,32,,32,,False
CSX,Industrials,CSX Corporation,2024-01-22,34.14,2.08,21.45,5.44,8.6,1.0,28,32,41,31.8,,,,,,,,,,,,,,,,,,,,,,,34,32,32,,32,,False
ROL,Industrials,"Rollins, Inc.",2024-01-22,41.88,-1.01,20.22,7.16,8.39,0.667,52,36,36,44.0,,,,,,,,,,,,,,,,,,,,,,,35,32,32,,32,,False
RTX,Industrials,RTX Corporation,2024-01-22,86.07,7.45,15.05,5.01,8.13,1.0,3,56,42,26.7,3.46,2.64,False,True,79.32,9.1,1.162,False,97.86,-12.04,5.71,7.41,9.0,10.0,9238488.0,7948830.0,0.9,5987400.0,9955140.0,8729353.0,0.686,90.57,36,14,28,25.6,26,剛爆發,True
SNA,Industrials,Snap-on,2024-01-22,271.04,0.28,15.56,7.83,7.88,1.0,40,55,35,43.5,,,,,,,,,,,,,,,,,,,,,,,37,32,32,,32,,False
HUBB,Industrials,Hubbell Incorporated,2024-01-22,318.83,0.02,17.55,6.94,7.86,1.0,42,49,37,43.1,,,,,,,,,,,,,,,,,,,,,,,38,32,32,,32,剛爆發,False
JBHT,Industrials,J.B. Hunt,2024-01-22,201.36,3.34,24.66,0.88,7.44,1.0,15,27,51,25.8,-15.54,-1.72,False,True,187.76,9.87,1.644,False,203.59,-1.1,3.87,2.06,10.0,10.0,1001340.0,609130.0,1.0,508200.0,1036800.0,872206.0,0.583,96.56,39,6,30,24.0,24,剛爆發,False
J,Industrials,Jacobs Solutions,2024-01-22,110.84,5.69,4.61,9.7,7.43,1.0,7,75,32,32.4,-5.79,-0.02,False,True,104.81,5.63,1.004,False,113.83,-2.62,3.72,5.4,12.0,8.0,875495.0,871667.0,1.5,672792.0,834443.0,903866.0,0.744,94.81,40,9,22,24.0,24,剛爆發,False
EXPD,Industrials,Expeditors International,2024-01-22,126.18,2.15,21.28,2.71,7.21,1.0,26,33,48,32.5,,,,,,,,,,,,,,,,,,,,,,,41,32,32,,32,剛爆發,False
CPRT,Industrials,Copart,2024-01-22,48.06,-1.92,12.47,8.48,6.88,0.667,60,62,34,55.4,,,,,,,,,,,,,,,,,,,,,,,42,32,32,,32,剛爆發,False
NSC,Industrials,Norfolk Southern,2024-01-22,222.3,-0.9,27.86,0.28,6.88,0.667,50,17,53,40.7,,,,,,,,,,,,,,,,,,,,,,,42,32,32,,32,剛爆發,False
XYL,Industrials,Xylem Inc.,2024-01-22,109.05,-1.72,27.89,0.45,6.76,0.667,57,16,52,43.7,,,,,,,,,,,,,,,,,,,,,,,44,32,32,,32,剛爆發,False
UNP,Industrials,Union Pacific Corporation,2024-01-22,227.33,-2.13,19.84,4.46,6.66,0.667,61,38,45,50.9,,,,,,,,,,,,,,,,,,,,,,,45,32,32,,32,剛爆發,False
EME,Industrials,Emcor,2024-01-22,222.98,4.16,9.29,6.03,6.38,1.0,12,70,38,34.6,34.7,24.47,False,True,214.85,4.87,1.308,False,226.59,-1.59,2.44,3.79,12.0,8.0,303725.0,232200.0,1.5,302600.0,247740.0,267426.0,1.132,98.64,46,4,7,21.4,23,剛爆發,True
AME,Industrials,Ametek,2024-01-22,160.91,-0.83,17.64,3.67,6.04,0.667,49,48,46,48.1,,,,,,,,,,,,,,,,,,,,,,,47,32,32,,32,剛爆發,False
ITW,Industrials,Illinois Tool Works,2024-01-22,247.14,0.18,18.16,2.08,5.62,1.0,41,45,49,43.8,,,,,,,,,,,,,,,,,,,,,,,48,32,32,,32,剛爆發,False
VRSK,Industrials,Verisk Analytics,2024-01-22,239.8,2.21,9.22,5.46,5.59,1.0,25,71,40,41.8,,,,,,,,,,,,,,,,,,,,,,,49,32,32,,32,剛爆發,False
DOV,Industrials,Dover Corporation,2024-01-22,145.93,-2.52,17.18,3.65,5.49,0.667,64,50,47,56.4,,,,,,,,,,,,,,,,,,,,,,,50,32,32,,32,剛爆發,False
LUV,Industrials,Southwest Airlines,2024-01-22,28.53,4.19,35.52,-9.65,5.1,0.667,11,9,69,22.0,176.61,-3.12,False,True,26.57,17.53,0.859,False,37.04,-22.97,0.33,3.01,10.0,9.0,8293590.0,9658800.0,1.111,9929000.0,10775570.0,9861680.0,1.007,83.63,51,23,11,31.8,29,剛爆發,True
HON,Industrials,Honeywell Technologies,2024-01-22,189.15,-3.77,14.68,4.56,5.01,0.667,70,57,44,60.9,,,,,,,,,,,,,,,,,,,,,,,52,32,32,,32,剛爆發,False
EMR,Industrials,Emerson Electric,2024-01-22,91.02,-2.33,8.63,5.69,4.42,0.667,62,72,39,60.4,,,,,,,,,,,,,,,,,,,,,,,53,32,32,,32,剛爆發,False
NDSN,Industrials,Nordson Corporation,2024-01-22,244.19,-4.53,19.21,1.34,4.34,0.667,71,42,50,58.1,,,,,,,,,,,,,,,,,,,,,,,54,32,32,,32,剛爆發,False
OTIS,Industrials,Otis Worldwide,2024-01-22,84.79,-0.94,16.88,-0.78,3.6,0.333,51,51,54,51.6,,,,,,,,,,,,,,,,,,,,,,,55,32,32,,32,剛爆發,False
SWK,Industrials,Stanley Black & Decker,2024-01-22,85.43,-3.48,16.46,-2.68,1.91,0.333,69,52,57,61.5,,,,,,,,,,,,,,,,,,,,,,,56,32,32,,32,剛爆發,False
FTV,Industrials,Fortive,2024-01-22,55.15,0.46,13.88,-3.74,1.72,0.667,37,59,60,48.2,,,,,,,,,,,,,,,,,,,,,,,57,32,32,,32,剛爆發,False
PAYX,Industrials,Paychex,2024-01-22,110.05,1.54,11.23,-2.97,1.71,0.667,31,65,59,46.8,,,,,,,,,,,,,,,,,,,,,,,58,32,32,,32,剛爆發,False
PWR,Industrials,Quanta Services,2024-01-22,195.75,-9.04,19.11,-2.0,1.52,0.333,74,43,56,61.1,,,,,,,,,,,,,,,,,,,,,,,59,32,32,,32,剛爆發,False
CARR,Industrials,Carrier Global,2024-01-22,53.68,-3.38,19.78,-5.21,1.49,0.333,68,39,62,58.1,,,,,,,,,,,,,,,,,,,,,,,60,32,32,,32,剛爆發,False
ADP,Industrials,Automatic Data Processing,2024-01-22,222.48,1.34,10.56,-4.74,0.6,0.667,32,66,61,48.0,,,,,,,,,,,,,,,,,,,,,,,61,32,32,,32,剛爆發,False
CMI,Industrials,Cummins,2024-01-22,229.01,0.44,12.64,-5.62,0.46,0.667,38,61,65,50.3,,,,,,,,,,,,,,,,,,,,,,,62,32,32,,32,剛爆發,False
DAL,Industrials,Delta Air Lines,2024-01-22,38.44,-1.49,29.3,-13.08,0.41,0.333,54,12,72,45.0,9.88,4.32,False,True,37.82,11.59,0.683,False,48.08,-20.05,6.3,-2.37,11.0,9.0,11432627.0,16731255.0,1.222,8126600.0,17780990.0,15564806.0,0.522,81.39,63,25,31,41.4,30,剛爆發,True
FDX,Industrials,FedEx,2024-01-22,192.53,-0.56,10.44,-5.53,-0.29,0.333,45,67,64,55.4,,,,,,,,,,,,,,,,,,,,,,,64,32,32,,32,剛爆發,False
ROK,Industrials,Rockwell Automation,2024-01-22,290.75,-2.41,16.21,-8.29,-0.69,0.333,63,53,68,61.0,,,,,,,,,,,,,,,,,,,,,,,65,32,32,,32,剛爆發,False
IEX,Industrials,IDEX Corporation,2024-01-22,201.9,-3.37,9.88,-5.31,-1.03,0.333,67,68,63,66.5,,,,,,,,,,,,,,,,,,,,,,,66,32,32,,32,剛爆發,False
UPS,Industrials,United Parcel Service,2024-01-22,137.92,1.32,19.53,-13.45,-1.51,0.667,33,40,73,43.1,,,,,,,,,,,,,,,,,,,,,,,67,32,32,,32,剛爆發,False
DE,Industrials,Deere & Company,2024-01-22,380.44,-1.56,9.39,-7.18,-1.63,0.333,56,69,66,61.9,,,,,,,,,,,,,,,,,,,,,,,68,32,32,,32,剛爆發,False
ODFL,Industrials,Old Dominion,2024-01-22,193.4,-3.12,6.68,-7.99,-3.11,0.333,66,74,67,68.6,,,,,,,,,,,,,,,,,,,,,,,69,32,32,,32,剛爆發,False
LMT,Industrials,Lockheed Martin,2024-01-22,402.18,-5.15,-2.35,-2.93,-3.34,0.0,72,76,58,70.4,,,,,,,,,,,,,,,,,,,,,,,70,32,32,,32,剛爆發,False
CHRW,Industrials,C.H. Robinson,2024-01-22,82.66,1.16,8.35,-11.73,-3.49,0.667,34,73,71,53.1,,,,,,,,,,,,,,,,,,,,,,,71,32,32,,32,剛爆發,False
UAL,Industrials,United Airlines Holdings,2024-01-22,42.55,3.13,25.52,-21.45,-3.56,0.667,16,22,76,29.8,,,,,,,,,,,,,,,,,,,,,,,72,32,32,,32,剛爆發,False
NOC,Industrials,Northrop Grumman,2024-01-22,420.16,-6.45,-7.05,-1.79,-4.27,0.0,73,77,55,70.6,,,,,,,,,,,,,,,,,,,,,,,73,32,32,,32,剛爆發,False
JCI,Industrials,Johnson Controls,2024-01-22,54.66,-1.82,18.19,-17.09,-4.45,0.333,58,44,75,57.2,,,,,,,,,,,,,,,,,,,,,,,74,32,32,,32,剛爆發,False
GNRC,Industrials,Generac,2024-01-22,114.69,-11.26,39.53,-23.49,-4.68,0.333,75,6,77,54.7,8.37,-8.12,False,False,120.42,10.68,0.805,False,156.95,-26.93,-1.82,-11.97,11.0,9.0,655300.0,814066.0,1.222,531900.0,802180.0,754060.0,0.705,74.51,75,30,27,47.4,31,剛爆發,True
MMM,Industrials,3M,2024-01-22,75.4,-12.19,11.4,-11.55,-5.97,0.333,76,64,70,71.2,,,,,,,,,,,,,,,,,,,,,,,76,32,32,,32,剛爆發,False
BA,Industrials,Boeing,2024-01-22,205.47,-21.17,14.35,-13.92,-8.67,0.333,77,58,74,70.7,,,,,,,,,,,,,,,,,,,,,,,77,32,32,,32,剛爆發,False
CRWD,Information Technology,CrowdStrike,2024-01-22,72.58,13.7,67.98,86.57,63.71,1.0,7,3,1,4.6,10.85,32.62,False,True,62.73,11.98,1.212,False,76.89,-5.61,-0.08,12.82,11.0,9.0,14477381.0,11949644.0,1.222,11246000.0,13671720.0,14612693.0,0.77,97.2,1,14,18,9.6,8,吃老本,True
SMCI,Information Technology,Supermicro,2024-01-22,47.42,66.8,96.42,41.75,61.68,1.0,1,1,8,2.4,5.65,20.72,False,True,31.33,47.37,2.439,False,49.68,-4.56,12.0,60.73,11.0,9.0,83767727.0,34345666.0,1.222,50356000.0,90965900.0,75862133.0,0.664,100.0,2,1,22,5.6,4,,True
AMD,Information Technology,Advanced Micro Devices,2024-01-22,177.25,20.24,83.81,56.91,54.47,1.0,3,2,4,2.9,3.59,1.05,False,True,139.37,23.84,1.306,False,184.92,-4.15,1.73,21.35,12.0,8.0,95854066.0,73416712.0,1.5,107381200.0,109719560.0,95080113.0,1.129,100.0,3,1,7,3.0,1,,True
ANET,Information Technology,Arista Networks,2024-01-22,66.1,12.27,50.07,75.0,53.08,1.0,10,9,2,8.1,16.12,9.89,False,True,58.46,9.79,1.324,False,67.66,-2.3,0.34,11.22,12.0,8.0,6712633.0,5068750.0,1.5,5436400.0,6789000.0,6591786.0,0.825,100.0,4,1,16,5.2,3,,True
DELL,Information Technology,Dell Technologies,2024-01-22,81.08,10.58,28.25,61.71,40.56,1.0,13,32,3,16.7,29.19,53.07,False,True,72.21,10.46,1.278,False,81.87,-0.96,1.69,9.5,10.0,10.0,4393760.0,3436780.0,1.0,2927500.0,4285560.0,4285786.0,0.683,93.75,5,18,20,13.2,11,吃老本,True
GDDY,Information Technology,GoDaddy,2024-01-22,107.75,1.5,50.36,44.46,35.19,1.0,47,8,7,27.3,52.3,-4.25,False,True,102.68,5.7,1.247,False,109.75,-1.82,-0.27,1.09,11.0,9.0,1570454.0,1259100.0,1.222,887100.0,1648020.0,1562740.0,0.568,90.71,6,22,24,16.0,17,吃老本,True
WDC,Information Technology,Western Digital,2024-01-22,43.81,11.19,49.42,38.54,34.42,1.0,11,10,10,10.5,37.05,7.43,False,True,37.92,19.04,1.162,False,45.56,-3.83,6.32,11.08,13.0,7.0,10648928.0,9164950.0,1.857,25991393.0,14201372.0,11263325.0,2.308,100.0,7,1,1,3.4,2,剛爆發,True
PANW,Information Technology,Palo Alto Networks,2024-01-22,171.22,16.13,43.41,37.84,33.8,1.0,4,16,11,9.0,18.6,12.0,False,True,149.22,8.66,1.335,False,175.3,-2.33,1.39,15.11,10.0,10.0,7234280.0,5418780.0,1.0,4331200.0,6572000.0,6848706.0,0.632,97.98,8,13,23,13.0,10,,True
NVDA,Information Technology,Nvidia,2024-01-22,60.92,23.24,50.71,30.57,33.77,1.0,2,7,16,6.3,18.73,29.35,False,True,50.73,14.51,1.244,False,62.74,-2.89,2.59,23.5,14.0,5.0,484979571.0,389969400.0,2.8,390309000.0,449308500.0,496952600.0,0.785,100.0,9,1,17,7.4,7,剛爆發,True
FICO,Information Technology,Fair Isaac,2024-01-22,1196.36,2.78,41.06,45.02,33.47,1.0,39,20,6,26.7,-4.98,-4.0,False,True,1147.1,8.95,0.829,False,1307.14,-8.47,-5.07,2.2,10.0,10.0,154590.0,186580.0,1.0,407100.0,211960.0,184986.0,2.201,78.79,10,25,2,14.4,14,吃老本,False
STX,Information Technology,Seagate Technology,2024-01-22,85.98,5.94,33.73,45.28,32.56,1.0,23,25,5,20.0,290.81,12.22,False,True,77.47,11.72,1.185,False,87.51,-1.74,5.88,5.56,11.0,9.0,2772645.0,2340000.0,1.222,3071000.0,3238010.0,2828433.0,1.086,94.75,11,17,8,12.8,9,吃老本,True
AVGO,Information Technology,Broadcom,2024-01-22,117.39,7.94,44.38,35.26,30.71,1.0,17,13,12,14.8,0.94,1.03,False,True,103.22,16.45,1.163,False,125.15,-6.2,-0.52,6.99,11.0,9.0,29625272.0,25462222.0,1.222,25818000.0,30179900.0,28267266.0,0.913,92.68,12,19,13,15.0,15,吃老本,True
NOW,Information Technology,ServiceNow,2024-01-22,153.89,8.91,38.89,35.1,29.5,1.0,15,22,13,16.7,11.94,14.55,False,True,139.98,9.29,1.708,False,156.78,-1.84,2.71,9.33,14.0,6.0,7170535.0,4199333.0,2.333,8999500.0,7806100.0,6920233.0,1.3,100.0,13,1,5,6.6,5,剛爆發,True
APP,Information Technology,AppLovin,2024-01-22,44.3,11.17,22.31,41.71,29.23,1.0,12,44,9,21.0,11.22,-17.07,False,True,40.01,14.43,1.231,False,45.6,-2.85,7.68,8.98,11.0,9.0,2965481.0,2408366.0,1.222,2173500.0,3428800.0,2963940.0,0.733,98.34,14,12,19,14.2,13,,True
IBM,Information Technology,IBM,2024-01-22,174.04,14.59,33.0,33.65,28.72,1.0,5,26,14,13.1,1.86,3.5,False,True,150.8,19.91,1.223,False,182.85,-4.81,9.3,14.66,12.0,8.0,6199216.0,5067025.0,1.5,9895900.0,8232190.0,6613746.0,1.496,100.0,15,1,3,7.0,6,剛爆發,True
IT,Information Technology,Gartner,2024-01-22,460.83,2.15,41.46,31.34,26.58,1.0,44,19,15,30.7,30.68,13.89,False,True,443.24,6.15,1.282,False,471.44,-2.25,-0.87,3.18,10.0,10.0,445000.0,347190.0,1.0,206200.0,450530.0,406493.0,0.507,88.99,16,23,25,20.6,20,吃老本,True
CRM,Information Technology,Salesforce,2024-01-22,275.18,6.38,42.41,24.09,24.24,1.0,21,18,20,19.9,,,,,,,,,,,,,,,,,,,,,,,17,27,27,,27,吃老本,False
GEN,Information Technology,Gen Digital,2024-01-22,22.65,4.16,44.86,23.54,24.03,1.0,27,12,24,21.9,-0.21,0.82,False,True,21.35,6.16,1.237,False,22.87,-0.96,1.24,3.35,11.0,9.0,3225336.0,2607855.0,1.222,2883200.0,3092980.0,3104740.0,0.929,92.48,18,20,11,17.4,19,,False
WDAY,Information Technology,"Workday, Inc.",2024-01-22,288.63,4.55,40.1,22.82,22.58,1.0,25,21,26,24.0,,,,,,,,,,,,,,,,,,,,,,,19,27,27,,27,吃老本,False
INTU,Information Technology,Intuit,2024-01-22,628.42,2.77,33.95,25.71,22.04,1.0,40,24,18,30.8,,,,,,,,,,,,,,,,,,,,,,,20,27,27,,27,吃老本,False
CIEN,Information Technology,Ciena,2024-01-22,51.42,14.24,25.35,23.67,21.73,1.0,6,38,23,19.0,8.74,16.14,False,True,46.49,6.9,1.41,False,54.25,-5.22,-2.08,16.2,14.0,6.0,1821621.0,1291500.0,2.333,823300.0,1710840.0,1678220.0,0.491,100.0,21,1,26,14.0,12,剛爆發,True
MU,Information Technology,Micron Technology,2024-01-22,87.34,3.18,34.3,24.04,21.39,1.0,33,23,21,27.6,,,,,,,,,,,,,,,,,,,,,,,22,27,27,,27,,False
LRCX,Information Technology,Lam Research,2024-01-22,82.15,7.12,44.06,17.0,21.29,1.0,19,15,36,21.2,5.69,11.83,False,True,73.54,19.51,1.674,False,88.13,-6.78,1.54,5.55,9.0,11.0,14576555.0,8705909.0,0.818,16751000.0,14393600.0,12337733.0,1.358,95.52,23,16,4,16.4,18,剛爆發,True
AKAM,Information Technology,Akamai Technologies,2024-01-22,123.06,3.98,20.64,30.03,21.17,1.0,30,50,17,33.4,,,,,,,,,,,,,,,,,,,,,,,24,27,27,,27,,False
QCOM,Information Technology,Qualcomm,2024-01-22,143.12,4.21,42.47,17.97,20.66,1.0,26,17,32,24.5,,,,,,,,,,,,,,,,,,,,,,,25,27,27,,27,,False
PTC,Information Technology,PTC Inc.,2024-01-22,180.65,3.25,32.77,23.2,20.61,1.0,32,27,25,29.1,,,,,,,,,,,,,,,,,,,,,,,26,27,27,,27,,False
CDNS,Information Technology,Cadence Design Systems,2024-01-22,290.73,6.74,25.93,24.12,20.23,1.0,20,36,19,24.6,,,,,,,,,,,,,,,,,,,,,,,27,27,27,,27,,False
ADSK,Information Technology,Autodesk,2024-01-22,253.07,3.94,29.68,20.63,18.72,1.0,31,30,27,29.9,,,,,,,,,,,,,,,,,,,,,,,28,27,27,,27,,False
DDOG,Information Technology,Datadog,2024-01-22,123.95,2.12,51.75,10.48,18.71,1.0,45,6,45,33.3,33.46,27.69,False,True,118.7,13.27,0.753,False,136.07,-8.91,-4.88,0.28,12.0,8.0,3931316.0,5218300.0,1.5,4501600.0,5612620.0,4896626.0,0.919,83.9,29,24,12,23.6,22,,True
COHR,Information Technology,Coherent Corp.,2024-01-22,47.31,8.68,62.3,1.59,18.54,1.0,16,4,53,19.8,32.67,9.19,False,True,41.51,17.5,1.483,False,60.46,-21.75,2.47,5.58,10.0,9.0,2180310.0,1470666.0,1.111,1750000.0,2134870.0,1949413.0,0.898,96.95,30,15,14,20.8,21,剛爆發,True
ACN,Information Technology,Accenture,2024-01-22,354.08,6.13,28.4,18.51,17.89,1.0,22,31,30,26.3,,,,,,,,,,,,,,,,,,,,,,,31,27,27,,27,,False
KLAC,Information Technology,KLA Corporation,2024-01-22,58.75,3.11,31.25,17.93,17.56,1.0,34,28,33,32.0,,,,,,,,,,,,,,,,,,,,,,,32,27,27,,27,,False
MSFT,Information Technology,Microsoft,2024-01-22,396.23,7.42,22.72,19.87,17.47,1.0,18,41,28,26.9,,,,,,,,,,,,,,,,,,,,,,,33,27,27,,27,剛爆發,False
LITE,Information Technology,Lumentum,2024-01-22,55.27,5.44,53.23,5.56,17.45,1.0,24,5,49,23.3,20.69,6.31,False,True,48.59,13.55,1.446,False,65.16,-15.18,2.73,3.54,12.0,8.0,1067283.0,738287.0,1.5,1110100.0,1060030.0,982420.0,1.13,100.0,34,1,6,15.2,16,剛爆發,True
MRVL,Information Technology,Marvell Technology,2024-01-22,67.56,12.94,44.12,5.05,16.79,1.0,9,14,50,18.7,2.21,1.93,False,True,59.22,14.92,1.434,False,73.01,-7.47,-4.28,11.19,9.0,11.0,15552333.0,10843027.0,0.818,14228700.0,14403320.0,14476240.0,0.983,92.37,35,21,10,24.4,23,剛爆發,True
CDW,Information Technology,CDW Corporation,2024-01-22,221.29,1.04,15.81,24.01,16.22,1.0,49,58,22,46.3,,,,,,,,,,,,,,,,,,,,,,,36,27,27,,27,剛爆發,False
MPWR,Information Technology,Monolithic Power Systems,2024-01-22,590.04,-4.7,48.32,10.61,16.21,0.667,63,11,44,43.6,0.67,0.43,False,True,577.61,12.72,1.025,False,636.04,-7.23,-4.78,-5.42,8.0,12.0,469237.0,457908.0,0.667,376000.0,473110.0,442440.0,0.85,72.77,37,26,15,28.2,25,剛爆發,True
CTSH,Information Technology,Cognizant,2024-01-22,73.94,2.32,22.6,18.51,15.48,1.0,43,43,30,40.4,,,,,,,,,,,,,,,,,,,,,,,38,27,27,,27,剛爆發,False
FFIV,Information Technology,"F5, Inc.",2024-01-22,183.63,2.6,22.61,17.69,15.15,1.0,41,42,34,39.9,,,,,,,,,,,,,,,,,,,,,,,39,27,27,,27,剛爆發,False
APH,Information Technology,Amphenol,2024-01-22,49.38,1.59,27.26,15.54,14.99,1.0,46,34,38,40.8,,,,,,,,,,,,,,,,,,,,,,,40,27,27,,27,剛爆發,False
ADBE,Information Technology,Adobe Inc.,2024-01-22,613.93,2.9,20.82,16.08,13.97,1.0,37,48,37,40.3,,,,,,,,,,,,,,,,,,,,,,,41,27,27,,27,剛爆發,False
NTAP,Information Technology,NetApp,2024-01-22,84.1,0.47,23.34,15.44,13.67,1.0,51,39,39,45.0,,,,,,,,,,,,,,,,,,,,,,,42,27,27,,27,剛爆發,False
SNPS,Information Technology,Synopsys,2024-01-22,528.13,2.57,15.56,17.13,13.1,1.0,42,61,35,46.3,,,,,,,,,,,,,,,,,,,,,,,43,27,27,,27,剛爆發,False
AMAT,Information Technology,Applied Materials,2024-01-22,163.56,2.98,27.39,10.33,12.76,1.0,36,33,46,37.1,,,,,,,,,,,,,,,,,,,,,,,44,27,27,,27,剛爆發,False
MSI,Information Technology,Motorola Solutions,2024-01-22,317.57,4.16,20.08,12.73,12.43,1.0,27,51,42,37.2,,,,,,,,,,,,,,,,,,,,,,,45,27,27,,27,剛爆發,False
INTC,Information Technology,Intel,2024-01-22,43.07,-13.13,23.22,19.34,12.19,0.667,70,40,29,52.8,,,,,,,,,,,,,,,,,,,,,,,46,27,27,,27,剛爆發,False
FLEX,Information Technology,Flex Ltd.,2024-01-22,23.01,0.24,18.72,13.17,11.33,1.0,52,53,41,50.1,,,,,,,,,,,,,,,,,,,,,,,47,27,27,,27,剛爆發,False
TYL,Information Technology,Tyler Technologies,2024-01-22,430.62,2.99,18.43,10.23,10.47,1.0,35,54,47,43.1,,,,,,,,,,,,,,,,,,,,,,,48,27,27,,27,剛爆發,False
ROP,Information Technology,Roper Technologies,2024-01-22,540.22,0.97,15.75,11.95,10.16,1.0,50,59,43,51.3,,,,,,,,,,,,,,,,,,,,,,,49,27,27,,27,剛爆發,False
TEL,Information Technology,TE Connectivity,2024-01-22,139.36,2.83,25.64,2.12,8.18,1.0,38,37,51,40.3,,,,,,,,,,,,,,,,,,,,,,,50,27,27,,27,剛爆發,False
TDY,Information Technology,Teledyne Technologies,2024-01-22,418.96,-6.12,13.02,9.67,6.56,0.667,65,64,48,61.3,,,,,,,,,,,,,,,,,,,,,,,51,27,27,,27,剛爆發,False
JBL,Information Technology,Jabil,2024-01-22,122.62,-3.28,0.61,13.27,5.97,0.667,59,71,40,58.8,,,,,,,,,,,,,,,,,,,,,,,52,27,27,,27,剛爆發,False
ORCL,Information Technology,Oracle Corporation,2024-01-22,111.5,9.16,13.96,-0.42,5.57,0.667,14,63,54,36.7,0.95,3.46,False,True,106.35,10.16,1.082,False,123.0,-9.35,4.53,8.63,13.0,7.0,8273415.0,7648357.0,1.857,5541800.0,8934150.0,8175246.0,0.678,100.0,53,1,21,25.8,24,剛爆發,True
KEYS,Information Technology,Keysight Technologies,2024-01-22,155.93,-1.99,30.69,-4.16,5.1,0.333,56,29,60,48.7,,,,,,,,,,,,,,,,,,,,,,,54,27,27,,27,剛爆發,False
ADI,Information Technology,Analog Devices,2024-01-22,186.5,-2.33,21.35,-1.34,4.09,0.333,57,46,55,53.3,,,,,,,,,,,,,,,,,,,,,,,55,27,27,,27,剛爆發,False
AAPL,Information Technology,Apple Inc.,2024-01-22,190.27,-0.06,14.54,-1.48,2.88,0.333,53,62,56,56.3,,,,,,,,,,,,,,,,,,,,,,,56,27,27,,27,剛爆發,False
TER,Information Technology,Teradyne,2024-01-22,104.49,-2.82,25.94,-5.89,2.83,0.333,58,35,62,51.9,,,,,,,,,,,,,,,,,,,,,,,57,27,27,,27,剛爆發,False
CSCO,Information Technology,Cisco,2024-01-22,48.9,4.01,1.91,1.6,2.28,1.0,29,70,52,45.9,,,,,,,,,,,,,,,,,,,,,,,58,27,27,,27,剛爆發,False
NXPI,Information Technology,NXP Semiconductors,2024-01-22,205.86,-6.34,20.65,-2.74,2.21,0.333,66,49,58,59.3,,,,,,,,,,,,,,,,,,,,,,,59,27,27,,27,剛爆發,False
MCHP,Information Technology,Microchip Technology,2024-01-22,81.5,-3.61,20.91,-5.66,1.49,0.333,60,47,61,56.3,,,,,,,,,,,,,,,,,,,,,,,60,27,27,,27,剛爆發,False
GLW,Information Technology,Corning Inc.,2024-01-22,29.32,1.35,17.19,-6.91,1.18,0.667,48,56,65,53.8,,,,,,,,,,,,,,,,,,,,,,,61,27,27,,27,剛爆發,False
HPQ,Information Technology,HP Inc.,2024-01-22,27.02,-0.3,17.16,-6.38,1.02,0.333,54,57,63,56.7,,,,,,,,,,,,,,,,,,,,,,,62,27,27,,27,剛爆發,False
FTNT,Information Technology,Fortinet,2024-01-22,66.12,12.97,17.53,-13.91,0.67,0.667,8,55,69,34.3,12.58,10.69,False,True,57.08,12.07,0.935,False,81.24,-18.61,8.57,11.43,12.0,8.0,5940533.0,6356225.0,1.5,6691500.0,6822540.0,6643220.0,1.007,99.14,63,11,9,31.4,26,剛爆發,True
VRSN,Information Technology,Verisign,2024-01-22,200.07,-1.38,5.44,-2.48,-0.23,0.333,55,67,57,59.0,,,,,,,,,,,,,,,,,,,,,,,64,27,27,,27,剛爆發,False
TRMB,Information Technology,Trimble Inc.,2024-01-22,50.98,-4.17,10.63,-3.94,-0.35,0.333,62,65,59,62.3,,,,,,,,,,,,,,,,,,,,,,,65,27,27,,27,剛爆發,False
SWKS,Information Technology,Skyworks Solutions,2024-01-22,95.59,-6.96,19.4,-7.12,-0.45,0.333,68,52,66,62.8,,,,,,,,,,,,,,,,,,,,,,,66,27,27,,27,剛爆發,False
TXN,Information Technology,Texas Instruments,2024-01-22,151.97,-3.74,15.7,-7.16,-0.59,0.333,61,60,67,61.9,,,,,,,,,,,,,,,,,,,,,,,67,27,27,,27,剛爆發,False
PLTR,Information Technology,Palantir Technologies,2024-01-22,16.35,-4.78,8.49,-8.2,-3.17,0.333,64,66,68,65.4,,,,,,,,,,,,,,,,,,,,,,,68,27,27,,27,剛爆發,False
HPE,Information Technology,Hewlett Packard Enterprise,2024-01-22,14.88,-6.71,4.96,-6.85,-3.86,0.333,67,68,64,66.7,,,,,,,,,,,,,,,,,,,,,,,69,27,27,,27,剛爆發,False
ZBRA,Information Technology,Zebra Technologies,2024-01-22,252.17,-7.74,21.72,-15.71,-4.36,0.333,69,45,70,62.0,,,,,,,,,,,,,,,,,,,,,,,70,27,27,,27,剛爆發,False
FSLR,Information Technology,First Solar,2024-01-22,147.83,-14.19,3.19,-29.06,-17.28,0.333,72,69,71,70.9,,,,,,,,,,,,,,,,,,,,,,,71,27,27,,27,剛爆發,False
ON,Information Technology,ON Semiconductor,2024-01-22,71.71,-14.15,-14.14,-31.76,-22.95,0.0,71,72,72,71.5,,,,,,,,,,,,,,,,,,,,,,,72,27,27,,27,剛爆發,False
CRH,Materials,CRH plc,2024-01-22,67.82,1.14,35.8,18.87,18.67,1.0,4,1,1,2.5,,,False,True,63.51,6.79,1.051,False,68.95,-1.65,0.13,1.33,10.0,10.0,3561550.0,3390010.0,1.0,3976000.0,3472950.0,3612686.0,1.101,84.24,1,8,4,4.4,3,吃老本,False
MLM,Materials,Martin Marietta Materials,2024-01-22,494.73,0.54,25.91,12.15,12.68,1.0,6,5,4,5.3,15.0,15.29,False,True,475.97,4.18,0.932,False,503.81,-1.8,-0.77,0.4,10.0,10.0,247440.0,265590.0,1.0,173600.0,235950.0,237946.0,0.73,81.23,2,9,18,8.0,8,吃老本,True
PKG,Materials,Packaging Corporation of America,2024-01-22,161.55,5.56,15.36,14.33,12.39,1.0,1,12,2,4.5,16.22,6.38,False,True,153.15,8.8,1.35,False,166.25,-2.83,4.61,4.21,11.0,9.0,786054.0,582200.0,1.222,700900.0,692780.0,692086.0,1.013,96.33,3,2,8,3.6,1,,True
ECL,Materials,Ecolab,2024-01-22,193.52,0.07,26.44,8.76,11.01,1.0,8,4,6,6.4,1.16,2.43,False,True,189.05,3.02,0.867,False,197.41,-1.97,-0.69,-0.45,8.0,12.0,891525.0,1027791.0,0.667,688600.0,1116580.0,1007520.0,0.683,74.63,4,18,19,12.6,13,吃老本,True
SHW,Materials,Sherwin-Williams,2024-01-22,295.28,-3.22,28.18,8.24,10.36,0.667,18,3,7,11.3,0.59,15.05,False,True,287.57,5.66,1.144,False,307.3,-3.91,-0.71,-3.65,8.0,12.0,1724362.0,1506683.0,0.667,1721500.0,1712280.0,1646400.0,1.046,77.56,5,14,7,9.0,9,吃老本,True
AVY,Materials,Avery Dennison,2024-01-22,191.5,-0.57,18.35,9.81,9.35,0.667,10,10,5,9.0,0.01,-7.68,False,True,186.51,5.26,0.819,False,194.84,-1.72,0.2,-0.86,12.0,8.0,341691.0,417000.0,1.5,404400.0,339560.0,368033.0,1.099,86.4,6,6,5,5.8,4,,True
STLD,Materials,Steel Dynamics,2024-01-22,112.09,-1.78,11.81,12.59,8.8,0.667,15,16,3,12.9,-0.51,-0.79,False,True,111.77,7.79,1.181,False,129.85,-13.68,2.78,-3.71,12.0,8.0,1332225.0,1128487.0,1.5,996100.0,1393740.0,1344413.0,0.741,92.04,7,3,17,7.4,6,,True
IP,Materials,International Paper,2024-01-22,33.76,3.93,15.01,8.06,8.76,1.0,2,14,8,6.8,10.27,53.08,False,True,32.5,7.44,1.298,False,35.65,-5.32,2.26,3.02,9.0,11.0,3081988.0,2373645.0,0.818,2558500.0,2696120.0,2775760.0,0.922,87.71,8,5,10,7.2,5,,True
SW,Materials,Smurfit Westrock,2024-01-22,36.84,-1.3,29.6,2.74,8.44,0.667,12,2,11,8.8,,,False,True,34.08,12.02,9.608,False,40.05,-8.02,10.87,-2.16,3.0,7.0,4666.0,485.0,0.429,9900.0,1190.0,2093.0,4.729,100.0,9,1,1,4.2,2,剛爆發,False
NUE,Materials,Nucor,2024-01-22,168.8,0.61,18.58,4.3,6.95,1.0,5,9,10,7.2,8.03,4.35,False,True,161.75,7.0,0.883,False,173.85,-2.9,4.98,-1.26,12.0,8.0,1361283.0,1541312.0,1.5,1370600.0,1512790.0,1474580.0,0.929,89.19,10,4,9,7.4,6,剛爆發,True
IFF,Materials,International Flavors & Fragrances,2024-01-22,78.11,1.59,22.45,-1.45,5.28,0.667,3,6,16,6.5,19.19,-22.34,False,True,73.86,7.49,0.912,False,106.51,-26.67,3.45,1.04,9.0,11.0,1647611.0,1806454.0,0.818,1802600.0,2381290.0,1983053.0,0.909,80.24,11,13,11,11.8,12,,True
BALL,Materials,Ball Corporation,2024-01-22,55.3,-0.49,22.08,-1.85,4.47,0.333,9,7,17,10.0,2.78,0.18,False,True,54.11,6.66,0.885,False,59.15,-6.52,3.08,-1.16,10.0,10.0,1454630.0,1643830.0,1.0,1760800.0,1464160.0,1487120.0,1.184,81.02,12,10,2,9.2,10,,True
LIN,Materials,Linde plc,2024-01-22,391.31,-1.62,9.38,4.61,4.24,0.667,14,18,9,14.2,1.62,2.37,False,False,395.11,2.51,0.812,False,420.53,-6.95,-0.82,-1.74,9.0,11.0,1214255.0,1494572.0,0.818,1146600.0,1487260.0,1396820.0,0.821,75.12,13,17,15,15.0,17,,True
VMC,Materials,Vulcan Materials Company,2024-01-22,218.31,-2.05,15.04,1.39,3.94,0.667,16,13,12,14.3,2.72,19.57,False,True,215.63,4.51,0.943,False,225.62,-3.24,-1.65,-1.53,9.0,11.0,618444.0,655518.0,0.818,691600.0,661600.0,630853.0,1.096,77.21,14,16,6,13.2,15,,True
PPG,Materials,PPG Industries,2024-01-22,134.85,-4.35,19.09,-0.68,3.34,0.333,20,8,15,15.4,2.21,6.81,False,False,135.38,5.04,0.758,False,142.76,-5.54,1.17,-4.74,9.0,11.0,1500966.0,1979127.0,0.818,1633300.0,2280040.0,1882200.0,0.868,73.17,15,19,13,16.2,18,,True
DOW,Materials,Dow Inc.,2024-01-22,46.64,-1.42,13.91,0.08,3.16,0.667,13,15,13,13.6,8.13,7.05,False,True,45.67,6.1,1.112,False,49.83,-6.4,2.37,-2.96,9.0,11.0,4635522.0,4168700.0,0.818,5240800.0,5028930.0,4726560.0,1.109,80.9,16,11,3,11.4,11,,True
LYB,Materials,LyondellBasell,2024-01-22,80.31,0.37,6.92,-0.42,1.62,0.667,7,19,14,12.0,22.29,6.14,False,True,79.68,4.76,1.019,False,84.75,-5.24,2.18,-1.08,9.0,11.0,1519400.0,1491700.0,0.818,1313200.0,1489690.0,1509766.0,0.87,80.32,17,12,12,14.0,16,,True
AMCR,Materials,Amcor,2024-01-22,42.9,-1.04,11.65,-4.15,0.58,0.333,11,17,19,14.4,5.39,7.47,False,True,42.88,6.53,1.371,False,52.43,-18.17,0.74,-1.85,9.0,11.0,1776533.0,1295623.0,0.818,1286140.0,1340466.0,1525554.0,0.843,85.45,18,7,14,12.8,14,剛爆發,True
FCX,Materials,Freeport-McMoRan,2024-01-22,38.37,-6.66,18.01,-8.56,-1.44,0.333,22,11,20,18.3,17.07,15.14,False,True,37.96,11.04,1.415,False,44.62,-14.0,2.12,-8.02,6.0,14.0,15196000.0,10739957.0,0.429,10135100.0,15114370.0,12957173.0,0.782,77.22,19,15,16,16.8,19,,True
CF,Materials,CF Industries,2024-01-22,73.08,-2.53,-2.5,-3.64,-3.08,0.0,17,21,18,18.4,,,,,,,,,,,,,,,,,,,,,,,20,20,20,,20,,False
APD,Materials,Air Products,2024-01-22,245.41,-4.35,-4.55,-12.6,-8.52,0.0,20,23,21,21.1,,,,,,,,,,,,,,,,,,,,,,,21,20,20,,20,,False
CTVA,Materials,Corteva,2024-01-22,44.67,-4.3,-3.76,-17.77,-10.9,0.0,19,22,24,20.9,,,,,,,,,,,,,,,,,,,,,,,22,20,20,,20,,False
MOS,Materials,Mosaic Company (The),2024-01-22,29.78,-9.8,-2.04,-19.0,-12.46,0.0,23,20,25,22.5,,,,,,,,,,,,,,,,,,,,,,,23,20,20,,20,,False
DD,Materials,DuPont,2024-01-22,77.33,-15.94,-9.91,-15.91,-14.42,0.0,24,24,22,23.6,,,,,,,,,,,,,,,,,,,,,,,24,20,20,,20,,False
NEM,Materials,Newmont,2024-01-22,32.68,-17.35,-11.34,-17.7,-16.02,0.0,26,26,23,25.4,,,,,,,,,,,,,,,,,,,,,,,25,20,20,,20,,False
ALB,Materials,Albemarle Corporation,2024-01-22,115.03,-17.05,-10.6,-42.11,-27.97,0.0,25,25,26,25.2,,,,,,,,,,,,,,,,,,,,,,,26,20,20,,20,剛爆發,False
SPG,Real Estate,Simon Property Group,2024-01-22,125.67,-0.48,37.78,17.64,18.15,0.667,6,2,2,4.0,-18.96,2.0,False,True,119.98,4.7,0.952,False,130.06,-3.37,0.24,-1.19,10.0,10.0,1294970.0,1359550.0,1.0,1010300.0,1419780.0,1383080.0,0.73,81.05,1,7,20,7.2,6,吃老本,False
DLR,Real Estate,Digital Realty,2024-01-22,132.9,6.41,18.1,18.81,15.53,1.0,1,14,1,4.9,-16.3,-41.36,False,True,125.62,7.8,1.222,False,134.22,-0.98,4.27,5.21,10.0,10.0,1740360.0,1424400.0,1.0,1917100.0,1870640.0,1650120.0,1.162,91.21,2,2,2,2.0,1,,True
BXP,Real Estate,"BXP, Inc.",2024-01-22,62.5,1.47,37.71,11.31,15.45,1.0,2,3,5,2.9,-212.43,11.33,False,True,57.2,9.69,1.064,False,65.22,-4.18,4.2,0.64,11.0,9.0,1436936.0,1350877.0,1.222,1146300.0,1486030.0,1467013.0,0.781,89.01,3,3,16,5.6,4,,False
HST,Real Estate,Host Hotels & Resorts,2024-01-22,16.87,1.18,33.88,12.09,14.81,1.0,3,5,4,3.8,45.45,-13.43,False,True,15.91,4.21,0.941,False,17.46,-3.38,-1.3,-0.1,9.0,11.0,6162188.0,6551363.0,0.818,4875200.0,6908770.0,6658013.0,0.732,78.15,4,11,19,9.8,7,吃老本,True
EXR,Real Estate,Extra Space Storage,2024-01-22,132.32,-8.02,42.85,6.4,11.91,0.667,29,1,7,16.2,30.76,-0.29,False,True,129.63,5.72,0.838,False,148.04,-10.62,0.48,-8.45,8.0,12.0,1039112.0,1240566.0,0.667,547600.0,1092540.0,1176786.0,0.465,69.78,5,21,23,15.0,13,吃老本,True
IRM,Real Estate,Iron Mountain,2024-01-22,62.46,-3.46,17.17,13.81,10.33,0.667,15,17,3,13.2,1.42,-1.47,False,True,61.11,5.97,0.954,False,65.33,-4.39,1.03,-3.82,11.0,9.0,1301809.0,1364755.0,1.222,1289500.0,1319460.0,1256393.0,1.026,83.15,6,5,5,5.4,3,,True
ARE,Real Estate,Alexandria Real Estate Equities,2024-01-22,108.42,-1.91,37.01,0.53,9.04,0.667,8,4,19,9.0,-1.44,31.47,False,True,104.48,6.99,0.881,False,144.13,-24.78,0.81,-2.85,12.0,8.0,889100.0,1009512.0,1.5,1054600.0,1032750.0,943646.0,1.118,86.53,7,4,3,5.0,2,,False
PLD,Real Estate,Prologis,2024-01-22,116.85,-4.82,31.2,3.99,8.59,0.667,22,6,15,15.8,10.57,36.17,False,True,114.44,6.49,0.751,False,125.96,-7.23,-1.22,-5.45,10.0,10.0,2595240.0,3453870.0,1.0,2333000.0,3203880.0,3059473.0,0.763,74.39,8,17,17,13.4,12,吃老本,True
CBRE,Real Estate,CBRE Group,2024-01-22,86.27,-7.33,30.42,4.7,8.12,0.667,28,7,13,18.7,8.16,7.76,False,True,85.1,6.82,0.962,False,94.27,-8.49,0.89,-7.87,9.0,11.0,1381222.0,1435681.0,0.818,1330900.0,1277500.0,1400820.0,0.95,74.74,9,16,7,11.4,9,吃老本,True
FRT,Real Estate,Federal Realty Investment Trust,2024-01-22,93.15,0.53,20.81,4.89,7.78,1.0,5,11,11,8.0,-1.32,11.02,False,True,89.4,5.58,1.141,False,99.04,-5.95,2.96,-0.12,12.0,8.0,719100.0,630012.0,1.5,645900.0,648260.0,742886.0,0.869,93.59,10,1,9,6.2,5,剛爆發,False
KIM,Real Estate,Kimco Realty,2024-01-22,18.31,-3.61,23.74,4.75,7.41,0.667,17,8,12,13.3,10.11,-40.27,False,True,18.13,7.09,0.716,False,20.36,-10.07,1.88,-5.65,10.0,10.0,6077370.0,8486640.0,1.0,5072900.0,6072620.0,6094540.0,0.832,74.9,11,15,11,12.6,11,,True
PSA,Real Estate,Public Storage,2024-01-22,262.36,-4.96,22.84,5.24,7.09,0.667,24,9,9,16.5,14.94,3.31,False,True,254.94,2.96,0.939,False,282.61,-7.16,-0.7,-5.04,7.0,13.0,702614.0,748423.0,0.538,562300.0,700400.0,754233.0,0.746,71.2,12,18,18,15.6,15,吃老本,True
CSGP,Real Estate,CoStar Group,2024-01-22,85.09,-2.63,20.56,4.17,6.57,0.667,11,12,14,11.9,1.39,4.03,False,True,84.32,6.63,0.993,False,92.36,-7.87,3.35,-2.84,10.0,10.0,1625440.0,1637690.0,1.0,1299700.0,1657930.0,1630500.0,0.797,82.0,13,6,14,10.4,8,剛爆發,True
WELL,Real Estate,Welltower,2024-01-22,83.32,-3.08,8.19,9.44,6.0,0.667,12,31,6,16.5,45.82,13.25,False,False,85.06,6.12,0.812,False,89.07,-6.45,-2.74,-4.02,8.0,12.0,1732637.0,2133316.0,0.667,1293300.0,2002270.0,2000053.0,0.647,70.71,14,20,21,17.8,21,吃老本,True
CCI,Real Estate,Crown Castle,2024-01-22,95.02,-5.72,22.48,2.69,5.54,0.667,27,10,17,19.9,13.52,-0.38,False,False,97.32,8.43,0.93,False,127.47,-25.46,0.58,-6.45,7.0,13.0,2703771.0,2906161.0,0.538,2424900.0,3370200.0,3092680.0,0.784,70.72,15,19,15,16.6,16,,True
EQIX,Real Estate,Equinix,2024-01-22,769.0,0.69,14.8,2.75,5.25,1.0,4,23,16,12.1,33.24,4.9,False,True,760.46,4.74,0.966,False,783.24,-1.82,1.03,0.51,8.0,12.0,352700.0,365175.0,0.667,411600.0,421670.0,378740.0,1.087,77.62,16,12,4,12.0,10,,True
AMT,Real Estate,American Tower,2024-01-22,180.81,-8.61,15.62,6.29,4.9,0.667,30,19,8,22.3,65.94,-5.65,False,False,189.25,7.81,0.852,False,208.7,-13.37,-3.23,-8.97,7.0,13.0,1841042.0,2160492.0,0.538,1831100.0,2360460.0,2208740.0,0.829,66.32,17,23,12,18.4,22,吃老本,True
ESS,Real Estate,Essex Property Trust,2024-01-22,215.44,-4.65,15.5,1.65,3.54,0.667,20,20,18,19.6,,,,,,,,,,,,,,,,,,,,,,,18,24,24,,24,吃老本,False
SBAC,Real Estate,SBA Communications,2024-01-22,216.44,-10.16,12.12,4.91,2.95,0.667,31,27,10,25.6,-51.26,24.23,False,False,230.5,7.02,0.862,False,289.64,-25.27,-1.29,-10.35,7.0,13.0,687671.0,797576.0,0.538,1003600.0,896220.0,829840.0,1.209,66.44,19,22,1,16.6,16,,False
VTR,Real Estate,Ventas,2024-01-22,44.02,-4.9,14.82,0.43,2.7,0.667,23,22,20,22.1,,,,,,,,,,,,,,,,,,,,,,,20,24,24,,24,,False
WY,Real Estate,Weyerhaeuser,2024-01-22,30.58,-4.77,16.39,-0.5,2.65,0.333,21,18,22,20.3,,,,,,,,,,,,,,,,,,,,,,,21,24,24,,24,,False
INVH,Real Estate,Invitation Homes,2024-01-22,30.28,-2.52,17.36,-3.99,1.71,0.333,10,16,25,14.8,-17.66,-5.91,False,False,30.59,5.17,1.33,False,32.48,-6.79,-1.28,-3.37,7.0,13.0,3623842.0,2723692.0,0.538,2685800.0,3575270.0,3238046.0,0.829,78.83,22,10,12,15.2,14,剛爆發,False
REG,Real Estate,Regency Centers,2024-01-22,57.55,-5.07,11.43,0.07,1.62,0.667,25,28,21,25.1,,,,,,,,,,,,,,,,,,,,,,,23,24,24,,24,,False
VICI,Real Estate,Vici Properties,2024-01-22,26.27,-4.64,12.66,-1.79,1.11,0.333,19,25,23,21.6,,,,,,,,,,,,,,,,,,,,,,,24,24,24,,24,,False
DOC,Real Estate,Healthpeak Properties,2024-01-22,16.44,-1.92,20.37,-7.76,0.73,0.333,9,13,28,14.0,45.13,-8.4,False,True,15.97,8.94,1.003,False,22.74,-27.7,-1.67,-3.0,10.0,10.0,4741390.0,4727340.0,1.0,3230800.0,5100920.0,5226666.0,0.618,80.09,25,8,22,17.6,20,剛爆發,True
UDR,Real Estate,"UDR, Inc.",2024-01-22,33.11,-3.12,17.53,-6.72,0.24,0.333,13,15,27,16.4,24.48,768.92,False,True,32.44,7.82,0.871,False,39.3,-15.75,-2.45,-3.23,10.0,10.0,2900630.0,3331910.0,1.0,3297000.0,3586850.0,3383940.0,0.974,77.32,26,13,6,16.8,18,剛爆發,True
AVB,Real Estate,AvalonBay Communities,2024-01-22,162.41,-5.19,10.13,-2.87,-0.2,0.333,26,30,24,26.8,,,,,,,,,,,,,,,,,,,,,,,27,24,24,,24,,False
O,Real Estate,Realty Income,2024-01-22,47.67,-4.27,13.85,-7.98,-1.59,0.333,18,24,29,22.0,,,,,,,,,,,,,,,,,,,,,,,28,24,24,,24,,False
EQR,Real Estate,Equity Residential,2024-01-22,53.39,-3.27,10.26,-6.71,-1.61,0.333,14,29,26,20.9,-8.98,-7.63,False,True,53.3,7.32,0.975,False,61.33,-12.94,-2.31,-3.35,10.0,10.0,2134820.0,2189310.0,1.0,1930000.0,2509820.0,2270786.0,0.85,79.13,29,9,10,17.2,19,剛爆發,False
CPT,Real Estate,Camden Property Trust,2024-01-22,87.06,-3.57,15.19,-9.9,-2.04,0.333,16,21,30,20.3,,,,,,,,,,,,,,,,,,,,,,,30,24,24,,24,剛爆發,False
MAA,Real Estate,Mid-America Apartment Communities,2024-01-22,117.51,-1.6,12.53,-10.11,-2.32,0.333,7,26,31,17.5,-0.48,10.99,False,True,115.85,5.64,0.952,False,152.18,-22.78,-3.25,-1.49,9.0,11.0,1032133.0,1084463.0,0.818,1129200.0,1335510.0,1191500.0,0.948,76.73,31,14,8,19.6,23,剛爆發,False
VST,Utilities,Vistra Corp.,2024-01-22,40.04,5.87,28.08,48.86,32.92,1.0,1,2,1,1.3,17.39,42.68,False,True,36.79,4.8,1.043,False,40.12,-0.2,1.52,6.25,13.0,7.0,2779769.0,2666414.0,1.857,1739500.0,2513440.0,2764853.0,0.629,100.0,1,1,22,5.2,2,,True
NRG,Utilities,NRG Energy,2024-01-22,51.79,4.93,31.4,46.63,32.4,1.0,2,1,2,1.7,-64.73,-48.85,False,True,47.35,7.73,0.891,False,51.81,-0.04,3.29,5.92,11.0,9.0,2859800.0,3210311.0,1.222,2463000.0,3105170.0,3050913.0,0.807,88.79,2,5,18,6.4,4,,False
CEG,Utilities,Constellation Energy,2024-01-22,119.42,3.75,9.72,27.3,17.02,1.0,3,8,3,4.5,19.23,85.9,False,True,115.96,11.22,1.243,False,125.01,-4.47,5.96,3.28,9.0,10.0,1601488.0,1288160.0,0.9,1558800.0,1606280.0,1557213.0,1.001,89.61,3,4,10,4.8,1,,True
DUK,Utilities,Duke Energy,2024-01-22,87.39,-1.21,10.8,5.07,4.93,0.667,7,5,4,5.8,1.28,-7.61,False,True,86.54,4.99,0.963,False,91.08,-4.05,0.32,-0.45,11.0,9.0,2789054.0,2896222.0,1.222,3554100.0,3026370.0,2871620.0,1.238,85.05,4,9,7,6.6,5,,True
ETR,Utilities,Entergy,2024-01-22,45.85,-1.86,9.96,-1.61,1.22,0.333,9,7,5,7.6,8.91,8.91,False,False,46.68,6.64,0.768,False,49.99,-8.28,0.23,-1.0,11.0,9.0,2104181.0,2739177.0,1.222,2229400.0,2773880.0,2501080.0,0.891,81.27,5,10,16,9.2,7,,True
SO,Utilities,Southern Company,2024-01-22,63.47,-1.44,4.92,-2.52,-0.39,0.333,8,15,6,9.7,7.32,5.76,False,False,64.64,5.58,1.064,False,67.57,-6.07,0.23,-0.43,8.0,12.0,4259737.0,4004725.0,0.667,5987600.0,4474950.0,4184033.0,1.431,78.45,6,13,2,8.0,6,吃老本,True
PPL,Utilities,PPL Corporation,2024-01-22,23.85,-4.46,7.61,-3.9,-1.17,0.333,20,11,9,15.1,2.29,-8.81,False,False,24.4,7.25,1.028,False,26.67,-10.58,-0.46,-4.25,9.0,11.0,4921511.0,4785581.0,0.818,2671500.0,4823680.0,4663666.0,0.573,77.53,7,16,24,14.0,16,吃老本,True
ATO,Utilities,Atmos Energy,2024-01-22,107.12,-1.9,7.91,-5.61,-1.3,0.333,10,9,14,10.5,11.1,-5.48,False,False,107.75,5.22,1.085,False,116.44,-8.01,0.55,-1.92,9.0,11.0,777788.0,716681.0,0.818,799700.0,852510.0,766073.0,1.044,80.34,8,12,8,9.6,8,,True
ED,Utilities,Consolidated Edison,2024-01-22,82.71,-1.04,3.87,-4.14,-1.36,0.333,6,22,11,11.8,1.96,-8.43,False,False,83.65,4.93,0.974,False,90.29,-8.4,0.18,0.24,12.0,8.0,1721991.0,1767487.0,1.5,2218900.0,1846250.0,1769833.0,1.254,89.77,9,3,5,5.8,3,剛爆發,True
PCG,Utilities,PG&E Corporation,2024-01-22,16.71,-5.77,7.52,-3.74,-1.43,0.333,27,12,8,18.7,-3.04,-11.51,False,False,17.23,7.94,0.811,False,18.01,-7.21,0.53,-5.19,10.0,10.0,13719260.0,16924490.0,1.0,15735400.0,15847020.0,15267220.0,1.031,76.28,10,18,9,13.0,14,吃老本,True
EIX,Utilities,Edison International,2024-01-22,59.46,-5.58,10.17,-5.4,-1.55,0.333,25,6,12,16.7,-5.0,6.61,False,False,60.14,10.06,1.022,False,64.53,-7.85,-1.16,-5.1,8.0,12.0,2244475.0,2195850.0,0.667,2284700.0,2792980.0,2345606.0,0.974,74.36,11,19,11,14.2,17,吃老本,False
FE,Utilities,FirstEnergy,2024-01-22,32.8,-0.76,4.72,-5.49,-1.76,0.333,5,19,13,10.8,3.56,3.61,False,False,33.56,7.3,0.846,False,36.68,-10.56,-1.7,0.17,12.0,8.0,3909850.0,4623062.0,1.5,3379600.0,4625330.0,4557046.0,0.742,86.72,12,7,20,11.6,11,,True
XEL,Utilities,Xcel Energy,2024-01-22,54.57,-4.07,2.71,-3.91,-2.3,0.333,18,24,10,18.2,-0.41,-2.65,False,False,55.99,6.59,0.966,False,64.44,-15.32,-0.15,-3.49,9.0,10.0,3937955.0,4077240.0,0.9,4038900.0,4426650.0,4147620.0,0.974,78.25,13,14,11,13.0,14,,True
SRE,Utilities,Sempra,2024-01-22,65.62,-5.11,2.54,-3.43,-2.35,0.333,23,25,7,20.4,7.09,7.7,False,False,68.08,7.92,0.954,False,72.86,-9.93,-2.7,-4.36,10.0,10.0,2654210.0,2783320.0,1.0,3917500.0,3242020.0,2955746.0,1.325,77.99,14,15,4,12.4,13,,True
CMS,Utilities,CMS Energy,2024-01-22,52.15,-2.89,4.84,-6.0,-2.51,0.333,13,16,15,14.3,3.71,8.04,False,False,53.4,5.46,0.992,False,57.97,-10.03,-0.09,-1.86,12.0,8.0,2196833.0,2215300.0,1.5,1865800.0,2483680.0,2252753.0,0.828,88.7,15,6,17,11.8,12,剛爆發,True
NI,Utilities,NiSource,2024-01-22,23.76,-2.75,3.69,-6.02,-2.77,0.333,12,23,16,16.1,27.47,4.04,False,False,24.17,6.43,1.045,False,26.13,-9.1,0.86,-1.75,9.0,10.0,3803444.0,3639960.0,0.9,5181900.0,3915010.0,3875453.0,1.337,81.08,16,11,3,11.4,10,,True
DTE,Utilities,DTE Energy,2024-01-22,95.19,-6.05,7.87,-7.12,-3.11,0.333,28,10,20,21.0,-12.08,12.18,False,False,98.33,6.52,0.953,False,105.34,-9.64,-0.89,-5.56,7.0,13.0,899514.0,943607.0,0.538,1165300.0,1045350.0,938346.0,1.242,71.07,17,23,6,17.2,19,吃老本,False
D,Utilities,Dominion Energy,2024-01-22,40.54,-3.06,15.32,-12.42,-3.15,0.333,14,4,23,12.8,0.28,12.49,False,False,41.69,8.4,0.904,False,53.7,-24.51,0.53,-2.04,6.0,14.0,4225016.0,4675771.0,0.429,4511800.0,5028410.0,4705846.0,0.959,71.23,18,22,13,18.6,20,,True
AEP,Utilities,American Electric Power,2024-01-22,71.19,-4.16,5.07,-6.88,-3.21,0.333,19,14,17,17.1,4.01,-0.56,False,False,73.32,6.42,0.78,False,85.19,-16.43,0.18,-3.68,9.0,11.0,3140633.0,4024790.0,0.818,2446800.0,4391030.0,3893120.0,0.628,73.8,19,20,23,20.2,21,,True
CNP,Utilities,CenterPoint Energy,2024-01-22,25.88,-3.5,4.05,-7.11,-3.42,0.333,15,21,19,17.6,12.56,4.58,False,False,26.66,5.61,1.009,False,29.1,-11.07,-0.72,-2.85,11.0,8.0,4164536.0,4126075.0,1.375,3448700.0,4836740.0,4511860.0,0.764,86.29,20,8,19,15.0,18,剛爆發,True
LNT,Utilities,Alliant Energy,2024-01-22,44.58,-4.78,0.77,-8.51,-5.25,0.333,22,26,21,23.0,,,,,,,,,,,,,,,,,,,,,,,21,25,25,,25,,False
PEG,Utilities,Public Service Enterprise Group,2024-01-22,53.23,-5.69,-3.19,-7.0,-5.72,0.0,26,29,18,25.3,,,,,,,,,,,,,,,,,,,,,,,22,25,25,,25,,False
WEC,Utilities,WEC Energy Group,2024-01-22,73.08,-5.11,-1.32,-9.64,-6.42,0.0,23,27,22,24.0,,,,,,,,,,,,,,,,,,,,,,,23,25,25,,25,,False
PNW,Utilities,Pinnacle West Capital,2024-01-22,63.74,-0.65,-2.09,-12.91,-7.14,0.0,4,28,24,15.2,2.36,-18.99,False,False,64.95,6.3,1.078,False,75.14,-15.17,2.5,0.81,12.0,7.0,1300258.0,1206257.0,1.714,2242200.0,1687380.0,1371933.0,1.634,96.06,24,2,1,10.6,9,剛爆發,True
AWK,Utilities,American Water Works,2024-01-22,115.91,-6.69,6.43,-15.28,-7.7,0.333,29,13,26,23.6,0.15,10.97,False,False,123.13,9.23,0.869,False,150.03,-22.74,-1.71,-6.86,8.0,11.0,905725.0,1041881.0,0.727,749000.0,1076940.0,1023500.0,0.732,71.32,25,21,21,22.6,23,,True
EVRG,Utilities,Evergy,2024-01-22,44.97,-4.67,4.31,-15.29,-7.74,0.333,21,20,27,21.9,,,,,,,,,,,,,,,,,,,,,,,26,25,25,,25,,False
AES,Utilities,AES Corporation,2024-01-22,14.97,-10.91,17.58,-19.46,-8.07,0.333,31,3,30,22.4,11.13,-12.56,False,False,15.75,11.95,0.804,False,23.42,-36.08,1.54,-11.05,8.0,12.0,4830087.0,6009075.0,0.667,5193100.0,5901360.0,5806340.0,0.894,68.05,27,24,15,23.4,24,,True
NEE,Utilities,NextEra Energy,2024-01-22,54.34,-3.72,4.83,-18.51,-8.98,0.333,16,17,29,18.9,,,,,,,,,,,,,,,,,,,,,,,28,25,25,,25,,False
EXC,Utilities,Exelon,2024-01-22,31.86,-2.48,-8.05,-14.5,-9.88,0.0,11,31,25,19.8,-1.92,1.26,False,False,33.78,7.29,1.033,False,38.89,-18.09,-0.09,-1.13,8.0,12.0,6693412.0,6479550.0,0.667,6182300.0,7169150.0,6734846.0,0.918,77.37,29,17,14,21.2,22,剛爆發,False
AEE,Utilities,Ameren,2024-01-22,64.39,-3.91,-7.04,-17.7,-11.59,0.0,17,30,28,23.1,,,,,,,,,,,,,,,,,,,,,,,30,25,25,,25,,False
ES,Utilities,Eversource Energy,2024-01-22,49.07,-10.69,4.8,-21.91,-12.43,0.333,30,18,31,26.6,,,,,,,,,,,,,,,,,,,,,,,31,25,25,,25,剛爆發,False
