symbol,sector,name,as_of_date,t_price,cum_ret_4w,cum_ret_13w,cum_ret_26w,point,di,cum_ret_4w_rank_in_sector,cum_ret_13w_rank_in_sector,cum_ret_26w_rank_in_sector,cms_a,surprise_l1,surprise_l2,pre_earnings_14d,above_50ma,ma50,amp_10d_pct,vp_ratio_stock,vcp,high_52w,pct_from_high,ret_5d,ret_20d,up_days_20,down_days_20,up_avg_vol,down_avg_vol,ud_ratio,vol_today,vol_10d_avg,vol_3w_avg,vol_ratio_stock_20d,vp_score_stock,point_rank_in_sector,vp_score_rank_in_sector,vol_rank_in_sector,composite_in_sector,composite_rank_in_sector,stock_gap_alert,earnings_passed
FOX,Communication Services,Fox Corporation (Class B),2024-12-23,45.91,4.25,20.06,46.67,29.41,1.0,6,5,1,4.7,26.09,12.5,False,True,42.18,7.14,1.134,False,47.06,-2.45,1.44,5.12,9.0,11.0,1144400.0,1008890.0,0.818,586100.0,1077720.0,1102033.0,0.532,85.77,1,6,11,5.0,2,,True
WBD,Communication Services,Warner Bros. Discovery,2024-12-23,10.61,1.24,26.61,42.61,28.27,1.0,8,2,3,5.2,173.29,-4885.33,False,True,9.61,21.27,1.072,False,12.7,-16.46,1.14,2.22,9.0,11.0,30547811.0,28501436.0,0.818,16494400.0,27546940.0,32080640.0,0.514,82.82,2,10,13,7.4,7,吃老本,True
FOXA,Communication Services,Fox Corporation (Class A),2024-12-23,48.77,4.99,17.03,44.89,27.95,1.0,3,8,2,4.3,27.05,11.03,False,True,45.03,9.33,1.563,False,49.91,-2.29,1.29,5.91,9.0,11.0,4998333.0,3197572.0,0.818,1255400.0,4365800.0,4303540.0,0.292,93.69,3,3,19,6.2,3,,True
NFLX,Communication Services,Netflix,2024-12-23,90.75,2.34,28.3,34.48,24.9,1.0,7,1,5,4.8,5.32,2.47,False,True,84.63,5.4,1.03,False,94.18,-3.63,0.61,3.44,12.0,8.0,27900333.0,27093625.0,1.5,32262000.0,28130600.0,28541733.0,1.13,92.83,4,4,1,3.4,1,,True
LYV,Communication Services,Live Nation Entertainment,2024-12-23,131.85,-4.63,21.25,40.66,24.48,0.667,14,4,4,9.0,13.07,41.87,False,True,128.94,6.16,0.876,False,141.18,-6.61,-0.26,-5.64,10.0,10.0,2084990.0,2380460.0,1.0,785200.0,1700930.0,1865073.0,0.421,76.84,5,15,17,11.4,11,吃老本,True
TKO,Communication Services,TKO Group Holdings,2024-12-23,141.11,4.39,15.22,33.36,21.58,1.0,5,10,6,6.7,-51.33,21.77,False,True,128.51,6.52,1.357,False,146.38,-3.6,0.16,4.2,10.0,10.0,1087760.0,801390.0,1.0,360000.0,914810.0,932686.0,0.386,91.34,6,5,18,8.0,8,,False
TTWO,Communication Services,Take-Two Interactive,2024-12-23,186.43,-1.04,21.81,19.9,15.14,0.667,9,3,11,7.6,1.58,-11.17,False,True,177.92,5.3,1.066,False,191.91,-2.86,2.78,0.47,10.0,10.0,1432290.0,1343350.0,1.0,1010700.0,1512350.0,1432320.0,0.706,85.05,7,7,4,6.4,4,,True
TMUS,Communication Services,T-Mobile US,2024-12-23,217.36,-9.69,9.09,27.46,13.58,0.667,18,13,7,14.3,7.64,9.58,False,False,225.15,6.96,0.838,False,241.86,-10.13,2.3,-9.42,9.0,11.0,3495022.0,4170781.0,0.818,2150000.0,4293180.0,4282400.0,0.502,72.21,8,17,15,13.0,15,吃老本,True
TTD,Communication Services,Trade Desk (The),2024-12-23,121.39,-5.57,10.91,24.29,13.48,0.667,16,11,9,13.1,4.27,9.54,False,False,126.19,13.26,0.929,False,141.53,-14.23,-3.83,-5.28,9.0,11.0,3395822.0,3654009.0,0.818,2125900.0,3521380.0,3483726.0,0.61,73.84,9,16,7,11.4,11,吃老本,True
T,Communication Services,AT&T,2024-12-23,21.12,-1.3,5.72,22.98,12.6,0.667,10,16,10,11.8,5.07,-0.64,False,True,20.95,6.12,1.121,False,22.2,-4.87,1.28,-1.76,10.0,10.0,39189530.0,34959540.0,1.0,18547500.0,36684840.0,35522513.0,0.522,84.07,10,8,12,9.6,9,,True
META,Communication Services,Meta Platforms,2024-12-23,596.86,4.52,5.8,19.17,12.17,1.0,4,15,12,8.9,13.86,8.45,False,True,584.05,8.65,0.793,False,634.75,-5.97,0.71,5.46,10.0,10.0,11378620.0,14352160.0,1.0,8084200.0,14235720.0,13331300.0,0.606,82.44,11,11,8,10.4,10,,True
GOOGL,Communication Services,Alphabet Inc. (Class A),2024-12-23,191.76,14.22,17.71,6.09,11.03,1.0,1,6,17,5.7,14.83,2.54,False,True,175.77,8.4,1.452,False,200.37,-4.3,2.25,14.03,11.0,9.0,36518600.0,25159022.0,1.222,18891400.0,31049290.0,34324633.0,0.55,100.0,12,1,10,7.2,5,剛爆發,True
GOOG,Communication Services,Alphabet Inc. (Class C),2024-12-23,193.04,13.94,17.53,6.05,10.89,1.0,2,7,18,6.7,14.74,2.54,False,True,177.35,8.49,1.242,False,201.83,-4.36,2.29,13.72,11.0,9.0,23577990.0,18980800.0,1.222,14693000.0,21984720.0,23615613.0,0.622,99.22,13,2,6,7.2,5,剛爆發,True
DIS,Communication Services,Walt Disney Company (The),2024-12-23,109.49,-4.62,16.7,13.37,9.7,0.667,13,9,14,12.0,2.75,16.38,False,True,105.09,5.18,1.128,False,120.36,-9.03,0.16,-4.72,8.0,12.0,8702875.0,7718700.0,0.667,4523800.0,8716560.0,8116526.0,0.557,76.96,14,14,9,13.0,15,,True
CHTR,Communication Services,Charter Communications,2024-12-23,348.65,-12.17,6.88,16.62,6.99,0.667,21,14,13,17.3,3.87,7.47,False,False,370.23,11.95,0.906,False,415.27,-16.04,-1.17,-10.56,8.0,12.0,992550.0,1094933.0,0.667,544000.0,953510.0,1066906.0,0.51,69.06,15,19,14,16.4,18,,True
NWS,Communication Services,News Corp (Class B),2024-12-23,30.47,-4.08,10.44,8.81,6.0,0.667,12,12,15,12.6,40.0,6.25,False,False,30.49,4.91,1.183,False,32.54,-6.36,1.05,-2.96,7.0,13.0,739228.0,624738.0,0.538,468700.0,625750.0,611880.0,0.766,77.43,16,13,3,12.2,14,,True
ECHO,Communication Services,EchoStar,2024-12-23,22.57,-10.76,-19.51,26.73,5.8,0.333,20,23,8,18.5,-70.63,-883.95,False,False,24.12,9.52,1.008,False,30.08,-24.97,-0.18,-9.83,8.0,12.0,1375425.0,1364100.0,0.667,728300.0,1589260.0,1468613.0,0.496,71.68,17,18,16,17.2,19,,True
EA,Communication Services,Electronic Arts,2024-12-23,147.14,-9.5,2.52,6.57,1.54,0.667,17,18,16,17.1,,,,,,,,,,,,,,,,,,,,,,,18,20,20,,20,,False
NWSA,Communication Services,News Corp (Class A),2024-12-23,27.48,-5.32,4.87,1.18,0.48,0.667,15,17,19,16.4,40.0,6.25,False,False,27.98,5.27,1.379,False,29.7,-7.49,0.65,-4.34,9.0,11.0,2530544.0,1835636.0,0.818,1570300.0,2057160.0,2034000.0,0.772,84.06,19,9,2,11.6,13,剛爆發,True
PSKY,Communication Services,Paramount Skydance Corporation,2024-12-23,10.14,-3.72,-3.18,1.02,-1.21,0.333,11,19,20,15.2,-16.36,-15.38,False,False,10.52,12.1,1.074,False,15.03,-32.53,-1.7,-3.0,10.0,10.0,8687340.0,8086000.0,1.0,5766200.0,8792660.0,9118620.0,0.632,81.32,20,12,5,13.8,17,剛爆發,False
VZ,Communication Services,Verizon,2024-12-23,35.56,-9.97,-9.68,-0.08,-4.95,0.0,19,21,21,20.0,,,,,,,,,,,,,,,,,,,,,,,21,20,20,,20,,False
CMCSA,Communication Services,Comcast,2024-12-23,33.02,-12.18,-8.23,-1.62,-5.91,0.0,22,20,22,21.4,,,,,,,,,,,,,,,,,,,,,,,22,20,20,,20,,False
OMC,Communication Services,Omnicom Group,2024-12-23,81.66,-16.82,-15.08,-2.15,-9.05,0.0,23,22,23,22.7,,,,,,,,,,,,,,,,,,,,,,,23,20,20,,20,,False
TSLA,Consumer Discretionary,"Tesla, Inc.",2024-12-23,431.66,25.06,65.73,118.14,81.77,1.0,1,1,1,1.0,20.49,-16.15,False,True,338.59,16.41,0.835,False,488.54,-11.64,-1.03,29.67,13.0,7.0,84122438.0,100739385.0,1.857,82666800.0,102571320.0,99542106.0,0.83,100.0,1,1,3,1.4,1,,True
TPR,Consumer Discretionary,"Tapestry, Inc.",2024-12-23,64.47,6.35,38.16,56.11,39.18,1.0,8,2,3,5.2,4.45,19.93,False,True,54.92,7.76,0.987,False,65.05,-0.9,5.12,8.72,11.0,9.0,5193272.0,5260222.0,1.222,2054900.0,4865540.0,5008333.0,0.41,92.89,2,8,21,8.2,4,吃老本,True
CVNA,Consumer Discretionary,Carvana,2024-12-23,43.02,-17.41,26.69,67.1,35.87,0.667,45,7,2,25.0,184.82,424.08,False,False,46.93,20.13,0.816,False,53.67,-19.84,-3.54,-15.64,9.0,11.0,10491000.0,12858318.0,0.818,11324500.0,12934750.0,12843766.0,0.882,65.75,3,22,2,10.4,9,吃老本,True
DASH,Consumer Discretionary,DoorDash,2024-12-23,169.34,-6.17,19.06,55.67,31.06,0.667,34,12,4,21.4,29.63,33.51,False,True,168.67,10.24,1.058,False,181.78,-6.84,1.01,-5.1,8.0,12.0,2618612.0,2475791.0,0.667,1585500.0,2663080.0,2659353.0,0.596,75.85,4,21,9,11.8,14,吃老本,True
EXPE,Consumer Discretionary,Expedia Group,2024-12-23,183.83,0.81,24.83,47.72,30.27,1.0,11,8,5,8.9,0.17,10.9,False,True,174.9,7.73,1.224,False,189.98,-3.24,3.73,0.64,9.0,11.0,1377933.0,1125681.0,0.818,1395000.0,1505900.0,1352466.0,1.031,85.57,5,15,1,8.2,4,吃老本,True
RCL,Consumer Discretionary,Royal Caribbean Group,2024-12-23,227.36,-4.43,31.38,46.64,30.06,0.667,32,5,6,18.7,3.3,16.6,False,True,223.46,9.17,1.224,False,252.17,-9.84,1.08,-3.46,9.0,11.0,2148077.0,1754745.0,0.818,1102000.0,2065730.0,2069266.0,0.533,82.05,6,18,13,12.2,15,吃老本,True
LULU,Consumer Discretionary,Lululemon Athletica,2024-12-23,386.67,20.59,38.09,29.45,29.39,1.0,2,3,12,4.3,5.46,7.31,False,True,336.5,8.0,1.35,False,516.39,-25.12,3.52,21.02,16.0,4.0,2506000.0,1856750.0,4.0,1075500.0,1610160.0,2397140.0,0.449,100.0,7,1,18,6.8,2,剛爆發,True
CCL,Consumer Discretionary,Carnival Corporation,2024-12-23,24.81,-1.38,35.28,33.97,25.46,0.667,19,4,8,12.3,93.99,10.0,False,True,24.05,10.09,1.083,False,26.88,-7.69,-0.4,-0.24,11.0,9.0,20762927.0,19171333.0,1.222,14967400.0,22386700.0,20778986.0,0.72,86.98,8,13,7,9.8,7,,True
WSM,Consumer Discretionary,"Williams-Sonoma, Inc.",2024-12-23,181.36,8.16,21.02,32.82,23.7,1.0,5,10,9,7.3,11.14,8.56,False,True,155.99,11.89,1.2,False,194.39,-6.7,3.6,8.55,13.0,7.0,2186030.0,1821614.0,1.857,772200.0,2435940.0,2198080.0,0.351,100.0,9,1,22,8.4,6,剛爆發,True
NCLH,Consumer Discretionary,Norwegian Cruise Line Holdings,2024-12-23,25.75,-4.24,22.91,37.04,23.19,0.667,31,9,7,19.6,5.28,16.74,False,False,26.08,9.58,1.45,False,28.64,-10.09,1.34,-4.35,8.0,12.0,11243550.0,7755883.0,0.667,6555900.0,8409940.0,9036846.0,0.725,83.3,10,16,6,11.6,13,吃老本,True
DECK,Consumer Discretionary,Deckers Brands,2024-12-23,207.11,5.69,29.91,28.38,23.09,1.0,9,6,13,8.9,28.31,30.35,False,True,184.79,6.59,1.061,False,214.7,-3.54,0.89,8.0,13.0,7.0,1686246.0,1589771.0,1.857,848200.0,1678310.0,1600400.0,0.53,100.0,11,1,14,7.6,3,剛爆發,True
RL,Consumer Discretionary,Ralph Lauren Corporation,2024-12-23,225.51,-0.45,17.22,32.14,20.27,0.667,13,15,10,13.0,5.15,9.37,False,True,211.58,5.53,1.051,False,232.16,-2.86,3.55,3.46,11.0,9.0,640736.0,609433.0,1.222,414900.0,626340.0,614720.0,0.675,90.23,12,10,8,10.4,9,,True
GRMN,Consumer Discretionary,Garmin,2024-12-23,204.33,-1.18,20.75,29.48,19.63,0.667,17,11,11,14.0,37.68,9.82,False,True,197.13,7.95,1.114,False,216.85,-5.78,1.92,-0.94,11.0,9.0,851118.0,764322.0,1.222,670700.0,874590.0,854453.0,0.785,88.02,13,12,4,10.8,12,,True
DRI,Consumer Discretionary,Darden Restaurants,2024-12-23,177.9,6.42,13.52,26.33,18.15,1.0,7,17,15,11.6,0.35,-4.52,False,True,160.01,16.59,1.381,False,179.41,-0.85,2.26,7.2,8.0,12.0,1918487.0,1389183.0,0.667,872800.0,2179470.0,1859333.0,0.469,89.39,14,11,17,13.4,16,,True
BKNG,Consumer Discretionary,Booking Holdings,2024-12-23,199.05,-3.0,18.78,27.66,17.78,0.667,28,14,14,21.0,8.42,8.28,False,True,194.86,6.31,1.135,False,210.9,-5.62,1.14,-3.4,11.0,9.0,5542045.0,4881111.0,1.222,2912500.0,5536000.0,5457166.0,0.534,86.62,15,14,12,14.0,17,,True
AMZN,Consumer Discretionary,Amazon,2024-12-23,223.75,7.63,19.03,15.78,14.56,1.0,6,13,22,11.3,25.22,23.76,False,True,208.56,6.3,1.228,False,233.0,-3.97,0.21,8.75,12.0,8.0,39575641.0,32216850.0,1.5,27367100.0,36033890.0,36408413.0,0.752,99.33,16,7,5,10.2,8,剛爆發,True
ULTA,Consumer Discretionary,Ulta Beauty,2024-12-23,442.15,14.36,9.44,14.59,13.24,1.0,3,19,25,12.2,13.63,-3.05,False,True,389.63,7.01,1.249,False,574.76,-23.07,3.91,17.83,12.0,8.0,1148100.0,919000.0,1.5,490300.0,766320.0,1015780.0,0.483,100.0,17,1,16,10.4,9,剛爆發,True
GM,Consumer Discretionary,General Motors,2024-12-23,53.48,-2.14,17.04,17.39,12.42,0.667,24,16,20,20.8,,,,,,,,,,,,,,,,,,,,,,,18,23,23,,23,,False
MAR,Consumer Discretionary,Marriott International,2024-12-23,279.82,-1.88,12.35,17.93,11.58,0.667,22,18,19,20.2,,,,,,,,,,,,,,,,,,,,,,,19,23,23,,23,,False
LVS,Consumer Discretionary,Las Vegas Sands,2024-12-23,50.22,-2.26,1.84,18.28,9.04,0.667,26,25,17,23.9,,,,,,,,,,,,,,,,,,,,,,,20,23,23,,23,,False
HLT,Consumer Discretionary,Hilton Worldwide,2024-12-23,249.14,-1.38,6.71,14.69,8.68,0.667,19,20,24,20.3,,,,,,,,,,,,,,,,,,,,,,,21,23,23,,23,,False
EBAY,Consumer Discretionary,eBay Inc.,2024-12-23,61.49,-0.76,-1.45,17.96,8.43,0.333,14,30,18,19.6,0.84,4.94,False,True,61.42,6.36,1.012,False,66.09,-6.97,-1.78,-1.92,8.0,11.0,4413862.0,4359863.0,0.727,1997500.0,4751290.0,4630373.0,0.431,76.76,22,20,20,20.8,21,,True
TJX,Consumer Discretionary,TJX Companies,2024-12-23,121.68,-1.39,5.81,13.31,7.76,0.667,21,22,28,22.7,,,,,,,,,,,,,,,,,,,,,,,23,23,23,,23,,False
MCD,Consumer Discretionary,McDonald's,2024-12-23,283.41,-0.21,-2.73,16.58,7.56,0.333,12,31,21,19.5,0.88,-3.18,False,False,285.4,4.52,0.94,False,305.01,-7.08,1.17,0.1,10.0,10.0,2920930.0,3106140.0,1.0,1617200.0,3094500.0,3073106.0,0.526,81.99,24,19,15,20.2,19,,True
ORLY,Consumer Discretionary,O’Reilly Automotive,2024-12-23,79.82,-3.69,4.48,13.38,6.89,0.667,29,23,27,26.8,,,,,,,,,,,,,,,,,,,,,,,25,23,23,,23,,False
SBUX,Consumer Discretionary,Starbucks,2024-12-23,88.77,-9.96,-4.66,19.95,6.32,0.333,41,34,16,33.9,,,,,,,,,,,,,,,,,,,,,,,26,23,23,,23,,False
AZO,Consumer Discretionary,AutoZone,2024-12-23,3241.62,2.27,1.41,9.36,5.6,1.0,10,26,29,18.6,-3.73,-10.17,False,True,3179.54,5.91,1.227,False,3416.71,-5.12,0.82,1.61,11.0,9.0,154218.0,125688.0,1.222,78600.0,130960.0,146100.0,0.538,91.1,27,9,11,16.6,18,剛爆發,True
HD,Consumer Discretionary,Home Depot (The),2024-12-23,377.92,-8.45,-1.15,15.42,5.31,0.333,36,29,23,31.3,,,,,,,,,,,,,,,,,,,,,,,28,23,23,,23,,False
LOW,Consumer Discretionary,Lowe's,2024-12-23,239.74,-8.84,-6.64,13.67,2.96,0.333,37,36,26,34.5,,,,,,,,,,,,,,,,,,,,,,,29,23,23,,23,剛爆發,False
ROST,Consumer Discretionary,Ross Stores,2024-12-23,150.67,-1.0,1.16,5.76,2.92,0.667,15,27,32,22.0,5.57,6.81,False,True,144.94,5.23,1.255,False,160.37,-6.05,3.5,-1.01,8.0,12.0,2747450.0,2189133.0,0.667,1341500.0,2345860.0,2437620.0,0.55,82.75,30,17,10,20.8,21,剛爆發,True
YUM,Consumer Discretionary,Yum! Brands,2024-12-23,131.41,-2.2,-2.88,3.1,0.28,0.333,25,32,33,28.7,,,,,,,,,,,,,,,,,,,,,,,31,23,23,,23,剛爆發,False
BBY,Consumer Discretionary,Best Buy,2024-12-23,81.21,-1.14,-12.99,6.57,-0.25,0.333,16,39,31,25.9,,,,,,,,,,,,,,,,,,,,,,,32,23,23,,23,剛爆發,False
CMG,Consumer Discretionary,Chipotle Mexican Grill,2024-12-23,60.78,-1.2,6.0,-2.98,-0.29,0.333,18,21,40,23.3,,,,,,,,,,,,,,,,,,,,,,,33,23,23,,23,剛爆發,False
TSCO,Consumer Discretionary,Tractor Supply,2024-12-23,52.99,-3.83,-4.29,1.85,-1.11,0.333,30,33,35,31.9,,,,,,,,,,,,,,,,,,,,,,,34,23,23,,23,剛爆發,False
NVR,Consumer Discretionary,"NVR, Inc.",2024-12-23,8208.39,-11.12,-15.68,8.17,-2.62,0.333,42,41,30,39.3,,,,,,,,,,,,,,,,,,,,,,,35,23,23,,23,剛爆發,False
NKE,Consumer Discretionary,"Nike, Inc.",2024-12-23,73.52,-2.49,-14.12,2.37,-2.97,0.333,27,40,34,32.3,,,,,,,,,,,,,,,,,,,,,,,36,23,23,,23,剛爆發,False
WYNN,Consumer Discretionary,Wynn Resorts,2024-12-23,87.41,-6.04,-8.91,-0.32,-3.9,0.0,33,37,38,35.2,,,,,,,,,,,,,,,,,,,,,,,37,23,23,,23,剛爆發,False
ABNB,Consumer Discretionary,Airbnb,2024-12-23,133.38,-2.0,4.0,-12.03,-5.52,0.333,23,24,42,27.1,,,,,,,,,,,,,,,,,,,,,,,38,23,23,,23,剛爆發,False
HAS,Consumer Discretionary,Hasbro,2024-12-23,53.71,-12.97,-20.46,-0.91,-8.81,0.0,43,44,39,42.5,,,,,,,,,,,,,,,,,,,,,,,39,23,23,,23,剛爆發,False
APTV,Consumer Discretionary,Aptiv,2024-12-23,60.34,8.66,-18.72,-14.31,-9.67,0.333,4,43,44,23.7,9.99,11.03,False,True,59.05,8.63,1.122,False,91.66,-34.17,5.84,8.68,14.0,6.0,4208750.0,3750966.0,2.333,1961600.0,4731360.0,4395840.0,0.446,100.0,40,1,19,20.2,19,剛爆發,True
DPZ,Consumer Discretionary,Domino's,2024-12-23,418.16,-9.49,0.46,-16.21,-10.36,0.333,39,28,45,36.9,,,,,,,,,,,,,,,,,,,,,,,41,23,23,,23,剛爆發,False
PHM,Consumer Discretionary,PulteGroup,2024-12-23,108.19,-18.88,-23.36,-0.2,-10.66,0.0,46,45,37,43.9,,,,,,,,,,,,,,,,,,,,,,,42,23,23,,23,剛爆發,False
DHI,Consumer Discretionary,D. R. Horton,2024-12-23,137.82,-16.89,-26.13,-0.06,-10.78,0.0,44,46,36,43.0,,,,,,,,,,,,,,,,,,,,,,,43,23,23,,23,剛爆發,False
F,Consumer Discretionary,Ford Motor Company,2024-12-23,9.12,-9.88,-5.69,-17.67,-12.73,0.0,40,35,46,39.7,,,,,,,,,,,,,,,,,,,,,,,44,23,23,,23,剛爆發,False
GPC,Consumer Discretionary,Genuine Parts Company,2024-12-23,111.08,-6.96,-16.52,-14.13,-12.94,0.0,35,42,43,38.7,,,,,,,,,,,,,,,,,,,,,,,45,23,23,,23,剛爆發,False
LEN,Consumer Discretionary,Lennar,2024-12-23,128.55,-21.33,-26.45,-7.89,-15.89,0.0,47,47,41,45.8,,,,,,,,,,,,,,,,,,,,,,,46,23,23,,23,剛爆發,False
MGM,Consumer Discretionary,MGM Resorts,2024-12-23,34.77,-9.31,-12.24,-21.76,-16.27,0.0,38,38,47,39.8,,,,,,,,,,,,,,,,,,,,,,,47,23,23,,23,剛爆發,False
WMT,Consumer Staples,Walmart,2024-12-23,90.43,-0.69,15.15,36.06,21.64,0.667,6,1,1,3.5,8.84,3.76,False,True,86.82,7.51,0.687,False,94.68,-4.49,-1.86,-0.02,13.0,7.0,16051500.0,23348885.0,1.857,11384400.0,19999760.0,19125160.0,0.595,89.13,1,4,12,4.4,1,,True
KR,Consumer Staples,Kroger,2024-12-23,60.48,2.06,10.9,26.3,16.39,1.0,4,2,2,3.0,0.23,1.69,False,True,57.32,5.07,1.955,False,61.69,-1.97,2.26,3.04,9.0,11.0,9934933.0,5082463.0,0.818,3628400.0,8135100.0,8121520.0,0.447,99.21,2,1,21,5.4,2,,True
CLX,Consumer Staples,Clorox,2024-12-23,153.45,-2.49,0.51,21.39,10.2,0.667,12,11,4,10.1,33.57,16.43,False,False,154.41,3.66,1.1,False,161.33,-4.88,-0.69,-2.48,11.0,9.0,1153354.0,1048944.0,1.222,596100.0,1220270.0,1188366.0,0.502,85.81,3,6,17,7.0,3,,True
PM,Consumer Staples,Philip Morris International,2024-12-23,115.31,-7.71,1.81,22.55,9.8,0.667,31,8,3,18.5,4.9,2.03,False,False,120.19,4.64,0.995,False,125.97,-8.46,0.51,-6.84,8.0,12.0,4875950.0,4899500.0,0.667,3923500.0,4877350.0,5121513.0,0.766,73.52,4,20,3,10.2,6,吃老本,True
MO,Consumer Staples,Altria,2024-12-23,47.36,-7.52,4.6,19.53,9.04,0.667,29,5,6,17.2,2.25,-2.56,False,False,48.01,4.35,1.1,False,51.48,-8.0,0.77,-7.37,6.0,14.0,8890066.0,8080014.0,0.429,6425500.0,9614980.0,8965773.0,0.717,71.57,5,21,6,11.6,9,吃老本,True
TAP,Consumer Staples,Molson Coors Beverage Company,2024-12-23,54.52,-6.16,2.48,15.52,6.84,0.667,25,7,7,16.0,7.92,13.98,False,False,55.47,7.19,1.16,False,63.7,-14.41,-1.42,-4.92,9.0,11.0,1867577.0,1609754.0,0.818,966900.0,1724730.0,1748873.0,0.553,79.06,6,13,15,10.6,8,吃老本,True
COST,Consumer Staples,Costco,2024-12-23,930.71,-3.31,6.25,10.86,6.16,0.667,14,4,8,9.8,6.43,1.41,False,True,928.84,7.91,0.762,False,998.61,-6.8,-1.58,-2.27,10.0,10.0,1816020.0,2381850.0,1.0,1943400.0,2400150.0,2226600.0,0.873,76.35,7,17,1,9.8,4,吃老本,True
KVUE,Consumer Staples,Kenvue,2024-12-23,20.2,-10.59,-6.63,20.62,6.01,0.333,33,16,5,22.3,2.98,15.65,False,False,21.42,5.08,1.105,False,22.94,-11.98,-0.37,-10.77,5.0,15.0,13411480.0,12132920.0,0.333,9833600.0,11670960.0,11770733.0,0.835,67.73,8,24,2,13.2,11,吃老本,True
SYY,Consumer Staples,Sysco,2024-12-23,73.31,-0.21,-0.25,9.31,4.54,0.333,5,13,10,8.4,-3.13,1.03,False,True,73.17,6.08,1.534,False,78.34,-6.42,0.52,0.39,8.0,12.0,3904687.0,2544775.0,0.667,1279300.0,2661560.0,2894700.0,0.442,87.3,9,5,22,10.0,5,,False
CASY,Consumer Staples,Casey's,2024-12-23,401.23,-4.02,8.35,6.15,4.16,0.667,17,3,12,11.8,13.47,7.19,False,False,405.65,7.97,0.735,False,436.68,-8.12,-1.26,-4.04,7.0,13.0,212514.0,289169.0,0.538,134600.0,253180.0,289286.0,0.465,68.01,10,22,19,16.6,19,吃老本,True
HRL,Consumer Staples,Hormel Foods,2024-12-23,29.4,-1.79,1.33,6.39,3.08,0.667,9,10,11,9.7,-1.16,1.44,False,True,28.96,5.58,0.92,False,33.41,-12.0,0.85,-0.22,9.0,11.0,2543844.0,2765863.0,0.818,1718600.0,2557260.0,2540433.0,0.676,78.58,11,14,9,11.8,10,,False
MKC,Consumer Staples,McCormick & Company,2024-12-23,73.32,-1.73,-6.95,9.83,2.74,0.333,8,18,9,11.2,23.25,17.3,False,False,74.35,5.97,1.475,False,80.93,-9.4,-1.52,-0.95,7.0,13.0,2241385.0,1519707.0,0.538,1235500.0,1724820.0,1831240.0,0.675,82.71,12,9,10,10.4,7,,True
MNST,Consumer Staples,Monster Beverage,2024-12-23,52.55,-4.68,0.17,5.21,1.48,0.667,20,12,13,16.2,-6.45,-9.61,False,False,53.5,5.95,1.115,False,61.23,-14.18,3.24,-4.7,6.0,14.0,5079883.0,4554592.0,0.429,3231200.0,4914960.0,4735873.0,0.682,74.43,13,18,8,14.0,13,,True
CHD,Consumer Staples,Church & Dwight,2024-12-23,103.95,-3.8,1.75,2.74,0.86,0.667,16,9,18,14.3,15.86,10.09,False,False,104.26,2.42,1.243,False,111.37,-6.66,0.09,-4.01,8.0,12.0,1593962.0,1282666.0,0.667,762500.0,1404580.0,1410106.0,0.541,79.38,14,12,16,13.6,12,,True
PG,Consumer Staples,Procter & Gamble,2024-12-23,161.57,-5.43,-1.74,4.02,0.22,0.333,22,14,14,18.0,1.75,1.92,False,False,162.35,3.79,0.683,False,171.96,-6.04,0.2,-5.48,10.0,10.0,5253050.0,7687100.0,1.0,4367900.0,7144090.0,6658440.0,0.656,73.75,15,19,11,15.8,16,,True
TSN,Consumer Staples,Tyson Foods,2024-12-23,55.07,-10.12,-2.12,3.03,-1.55,0.333,32,15,16,23.7,33.64,30.33,False,False,57.56,7.33,0.753,False,63.04,-12.64,-0.4,-9.35,3.0,16.0,1571300.0,2086562.0,0.188,1543400.0,2089530.0,2096566.0,0.736,60.22,16,25,4,17.2,21,吃老本,True
SJM,Consumer Staples,J.M. Smucker Company (The),2024-12-23,104.08,-6.09,-7.79,3.38,-1.78,0.333,24,19,15,20.7,10.17,12.24,False,False,107.24,5.8,1.045,False,122.1,-14.76,1.51,-6.25,9.0,11.0,1214844.0,1162045.0,0.818,513700.0,1134430.0,1185253.0,0.433,77.42,17,15,23,17.4,22,,True
GIS,Consumer Staples,General Mills,2024-12-23,58.29,-3.49,-13.3,2.92,-2.73,0.333,15,27,17,19.0,15.03,0.98,False,False,60.15,6.78,0.539,False,68.61,-15.04,-0.09,-3.44,12.0,8.0,3379591.0,6265250.0,1.5,1984400.0,5369660.0,4850293.0,0.409,79.84,18,11,24,16.4,18,剛爆發,True
KO,Consumer Staples,Coca-Cola Company (The),2024-12-23,59.86,-2.54,-12.35,-0.46,-3.96,0.0,13,25,19,17.8,3.18,4.26,False,False,61.3,3.72,1.027,False,69.47,-13.84,0.0,-2.34,8.0,12.0,19488525.0,18970433.0,0.667,8542800.0,17911240.0,18823486.0,0.454,76.58,19,16,20,18.0,23,,True
KMB,Consumer Staples,Kimberly-Clark,2024-12-23,123.38,-4.58,-6.71,-2.98,-4.31,0.0,19,17,22,19.0,,,,,,,,,,,,,,,,,,,,,,,20,26,26,,26,吃老本,False
KDP,Consumer Staples,Keurig Dr Pepper,2024-12-23,30.57,-1.16,-13.76,-2.79,-5.13,0.0,7,29,21,16.4,0.79,0.27,False,False,31.5,6.28,0.7,False,36.04,-15.18,-0.4,-0.95,6.0,14.0,7466800.0,10666900.0,0.429,6018400.0,10966340.0,10443286.0,0.576,67.95,21,23,14,20.4,24,,True
KHC,Consumer Staples,Kraft Heinz,2024-12-23,27.96,-4.04,-12.16,-2.47,-5.28,0.0,18,24,20,20.2,,,,,,,,,,,,,,,,,,,,,,,22,26,26,,26,,False
HSY,Consumer Staples,Hershey Company (The),2024-12-23,163.96,-2.48,-10.45,-5.15,-5.81,0.0,11,21,24,16.6,-8.29,-12.59,False,False,168.94,10.24,1.328,False,198.58,-17.43,1.67,-1.34,9.0,11.0,3599044.0,2709327.0,0.818,1066200.0,1602580.0,3183966.0,0.335,85.38,23,7,25,17.0,20,剛爆發,True
TGT,Consumer Staples,Target Corporation,2024-12-23,127.27,2.41,-12.05,-7.09,-5.95,0.333,3,23,26,13.6,-19.56,17.72,False,False,131.95,5.94,0.964,False,167.12,-23.85,3.89,4.16,9.0,11.0,5875477.0,6095700.0,0.818,3089000.0,4848810.0,5309273.0,0.582,83.19,24,8,13,15.4,15,剛爆發,False
CL,Consumer Staples,Colgate-Palmolive,2024-12-23,88.04,-4.99,-10.99,-4.43,-6.21,0.0,21,22,23,21.7,,,,,,,,,,,,,,,,,,,,,,,25,26,26,,26,,False
PEP,Consumer Staples,PepsiCo,2024-12-23,144.2,-5.66,-9.3,-5.8,-6.64,0.0,23,20,25,22.5,,,,,,,,,,,,,,,,,,,,,,,26,26,26,,26,,False
MDLZ,Consumer Staples,Mondelez International,2024-12-23,56.93,-7.3,-18.34,-7.41,-10.11,0.0,27,31,27,28.2,,,,,,,,,,,,,,,,,,,,,,,27,26,26,,26,,False
BF-B,Consumer Staples,Brown–Forman,2024-12-23,37.0,-7.28,-19.29,-9.23,-11.26,0.0,26,32,28,28.2,,,,,,,,,,,,,,,,,,,,,,,28,26,26,,26,,False
STZ,Consumer Staples,Constellation Brands,2024-12-23,212.69,-7.57,-13.45,-12.7,-11.61,0.0,30,28,29,29.2,,,,,,,,,,,,,,,,,,,,,,,29,26,26,,26,,False
DLTR,Consumer Staples,Dollar Tree,2024-12-23,75.99,6.62,3.93,-28.83,-11.78,0.667,1,6,32,8.7,4.15,-35.55,False,True,68.28,11.45,1.465,False,151.22,-49.75,10.03,6.28,7.0,13.0,4508128.0,3076176.0,0.538,2137500.0,2876170.0,2932386.0,0.729,91.5,30,3,5,14.2,14,剛爆發,True
ADM,Consumer Staples,Archer Daniels Midland,2024-12-23,48.0,-7.36,-14.91,-14.82,-12.98,0.0,28,30,30,29.0,,,,,,,,,,,,,,,,,,,,,,,31,26,26,,26,,False
EL,Consumer Staples,Estée Lauder Companies (The),2024-12-23,72.82,3.47,-24.93,-29.02,-19.87,0.333,2,34,33,17.8,46.83,151.03,False,False,73.33,11.36,1.146,False,152.98,-52.4,-0.11,1.37,8.0,12.0,4370937.0,3814400.0,0.667,1853400.0,3414080.0,3744100.0,0.495,80.83,32,10,18,20.4,24,剛爆發,True
BG,Consumer Staples,Bunge Global,2024-12-23,74.55,-13.0,-19.51,-25.8,-21.03,0.0,34,33,31,33.1,,,,,,,,,,,,,,,,,,,,,,,33,26,26,,26,剛爆發,False
DG,Consumer Staples,Dollar General,2024-12-23,72.96,-1.79,-12.48,-41.94,-24.54,0.0,9,26,34,19.1,-5.14,-4.98,False,False,75.0,7.76,1.207,False,159.12,-54.15,2.71,-0.49,12.0,8.0,4552016.0,3770275.0,1.5,2659700.0,3780310.0,3836426.0,0.693,94.42,34,2,7,15.8,16,剛爆發,False
TPL,Energy,Texas Pacific Land Corporation,2024-12-23,378.36,-28.36,29.22,58.48,29.45,0.667,21,1,1,11.0,-7.11,14.52,False,False,424.79,12.98,0.947,False,583.96,-35.21,4.45,-29.96,7.0,13.0,564085.0,595546.0,0.538,264600.0,523650.0,556820.0,0.475,58.45,1,19,18,11.6,12,吃老本,False
KMI,Energy,Kinder Morgan,2024-12-23,25.55,-3.86,26.2,40.25,25.71,0.667,5,2,2,3.5,-5.33,-0.86,False,True,24.91,6.01,1.313,False,27.08,-5.66,3.58,-3.17,8.0,12.0,14177350.0,10794750.0,0.667,6755600.0,12619970.0,12749326.0,0.53,82.51,2,3,12,4.4,1,,False
TRGP,Energy,Targa Resources,2024-12-23,170.99,-13.19,21.36,39.12,21.61,0.667,15,4,3,9.3,19.13,24.59,False,False,177.29,9.03,1.126,False,202.34,-15.49,2.8,-11.93,8.0,12.0,1995050.0,1771591.0,0.667,1017200.0,2180500.0,2001793.0,0.508,73.67,3,12,15,9.0,9,吃老本,True
WMB,Energy,Williams Companies,2024-12-23,51.39,-7.03,20.48,29.38,18.05,0.667,6,5,4,5.3,3.51,15.69,False,False,51.98,5.57,1.025,False,57.01,-9.86,2.61,-6.42,8.0,12.0,7437412.0,7256591.0,0.667,3677300.0,7167700.0,7524113.0,0.489,75.13,4,9,17,8.6,8,,True
EQT,Energy,EQT Corporation,2024-12-23,43.55,-2.46,21.84,20.98,15.33,0.667,2,3,6,3.1,77.17,55.73,False,True,41.31,8.76,0.897,False,47.18,-7.71,3.92,-2.12,9.0,11.0,5868822.0,6544109.0,0.818,4508300.0,6222730.0,6371433.0,0.708,78.26,5,6,5,5.4,2,,True
OKE,Energy,Oneok,2024-12-23,93.38,-11.24,12.89,26.42,13.62,0.667,13,8,5,9.9,-3.79,11.38,False,False,96.24,7.71,1.092,False,109.34,-14.6,3.25,-10.44,8.0,12.0,3016737.0,2763316.0,0.667,1928300.0,3192720.0,2967006.0,0.65,74.14,6,11,8,8.4,6,,False
EXE,Energy,Expand Energy,2024-12-23,92.59,-2.37,17.66,19.2,13.42,0.667,1,6,7,3.7,371.42,163.01,False,True,89.54,6.42,1.446,False,97.06,-4.6,2.43,-2.17,10.0,10.0,2633390.0,1821630.0,1.0,1101000.0,2296240.0,2385246.0,0.462,89.97,7,1,19,7.0,3,剛爆發,True
BKR,Energy,Baker Hughes,2024-12-23,39.66,-7.17,13.4,17.37,10.24,0.667,7,7,8,7.2,10.38,16.39,False,False,39.83,8.33,1.209,False,43.91,-9.67,2.51,-6.44,6.0,14.0,6598000.0,5455714.0,0.429,3282500.0,5916860.0,6315780.0,0.52,74.73,8,10,13,9.8,11,,True
EOG,Energy,EOG Resources,2024-12-23,113.55,-9.65,-0.96,-2.99,-4.15,0.0,8,10,9,8.8,4.19,7.04,False,False,120.12,8.0,1.145,False,129.88,-12.58,1.84,-9.53,9.0,11.0,3494766.0,3051200.0,0.818,2048400.0,3477130.0,3475653.0,0.589,77.33,9,7,9,8.2,5,,True
CVX,Energy,Chevron Corporation,2024-12-23,135.05,-11.07,-0.01,-5.96,-5.75,0.0,12,9,10,10.7,3.86,-14.9,False,False,143.9,9.91,0.984,False,154.44,-12.56,2.02,-11.17,8.0,12.0,9462925.0,9621616.0,0.667,5296500.0,11011640.0,10649000.0,0.497,71.32,10,13,16,12.4,15,,True
XOM,Energy,ExxonMobil,2024-12-23,101.34,-9.73,-7.31,-5.99,-7.26,0.0,9,15,11,11.2,2.6,6.51,False,False,110.09,6.59,0.902,False,119.26,-15.03,0.92,-9.5,6.0,14.0,15843900.0,17572485.0,0.429,11943900.0,17042590.0,18129066.0,0.659,66.87,11,16,7,12.2,13,,True
COP,Energy,ConocoPhillips,2024-12-23,92.27,-10.54,-6.8,-14.06,-11.36,0.0,10,14,12,11.6,8.49,1.67,False,False,100.18,8.26,0.671,False,126.08,-26.82,1.83,-9.75,6.0,14.0,5723433.0,8529671.0,0.429,5889700.0,9181230.0,8244620.0,0.714,63.05,12,17,3,12.2,13,,True
OXY,Energy,Occidental Petroleum,2024-12-23,47.07,-3.56,-4.41,-22.28,-13.13,0.0,4,11,18,8.9,33.24,33.21,False,False,48.06,8.22,1.006,False,68.15,-30.93,7.05,-3.06,8.0,12.0,12545737.0,12470550.0,0.667,11712100.0,15113670.0,13811053.0,0.848,78.59,13,5,1,7.4,4,剛爆發,True
FANG,Energy,Diamondback Energy,2024-12-23,152.22,-10.84,-6.74,-19.55,-14.17,0.0,11,13,15,12.4,-13.86,0.46,False,False,166.59,7.64,1.0,False,202.74,-24.92,3.45,-10.13,11.0,9.0,2318536.0,2319255.0,1.222,1723500.0,2596840.0,2495900.0,0.691,81.13,14,4,6,8.4,6,剛爆發,False
APA,Energy,APA Corporation,2024-12-23,20.5,-2.47,-9.04,-23.61,-14.69,0.0,3,16,20,10.3,1.46,26.03,False,False,21.07,12.89,0.996,False,33.93,-39.59,7.86,-1.91,10.0,10.0,6732210.0,6761440.0,1.0,3861300.0,7201360.0,7173360.0,0.538,84.42,15,2,11,9.0,9,剛爆發,True
HAL,Energy,Halliburton,2024-12-23,25.78,-15.46,-5.99,-19.81,-15.27,0.0,18,12,16,15.8,-3.1,-0.08,False,False,27.87,13.27,1.152,False,39.36,-34.49,3.96,-15.51,6.0,14.0,9382983.0,8143042.0,0.429,5379400.0,9496520.0,9135906.0,0.589,68.87,16,15,9,14.2,18,,False
SLB,Energy,Schlumberger,2024-12-23,36.24,-13.43,-10.05,-18.85,-15.29,0.0,16,17,13,15.7,0.63,2.55,False,False,39.68,12.19,0.566,False,52.37,-30.81,2.41,-12.87,7.0,12.0,8153014.0,14414666.0,0.583,9493700.0,14568240.0,13294040.0,0.714,61.89,17,18,3,14.6,19,,True
PSX,Energy,Phillips 66,2024-12-23,106.86,-15.97,-13.32,-18.87,-16.76,0.0,19,19,14,18.0,22.54,16.61,False,False,118.99,13.37,1.07,False,161.13,-33.68,2.03,-15.57,8.0,12.0,3200000.0,2989516.0,0.667,2615000.0,3514660.0,3261020.0,0.802,70.2,18,14,2,13.2,16,,True
VLO,Energy,Valero Energy,2024-12-23,114.24,-14.02,-11.39,-22.63,-17.67,0.0,17,18,19,17.7,,,,,,,,,,,,,,,,,,,,,,,19,20,20,,20,,False
MPC,Energy,Marathon Petroleum,2024-12-23,131.56,-13.12,-16.62,-20.96,-17.92,0.0,14,20,17,16.4,71.91,33.32,False,False,145.31,11.67,1.03,False,211.15,-37.7,3.05,-12.67,10.0,10.0,3099970.0,3009520.0,1.0,1770100.0,3722360.0,3425773.0,0.517,76.64,20,8,14,14.0,17,剛爆發,True
DVN,Energy,Devon Energy,2024-12-23,29.98,-17.25,-19.4,-33.01,-25.67,0.0,20,21,21,20.5,,,,,,,,,,,,,,,,,,,,,,,21,20,20,,20,,False
HOOD,Financials,Robinhood Markets,2024-12-23,39.02,3.94,63.33,71.82,52.73,1.0,1,1,1,1.0,0.38,15.99,False,True,33.87,24.91,0.916,False,43.83,-10.97,5.63,3.64,11.0,9.0,23983081.0,26171666.0,1.222,14388800.0,22489720.0,24402680.0,0.59,88.81,1,10,9,6.2,1,吃老本,True
APO,Financials,Apollo Global Management,2024-12-23,166.53,-2.71,35.73,45.24,30.87,0.667,20,3,4,11.7,7.3,-6.44,False,True,159.48,7.5,1.742,False,185.32,-10.14,0.38,-2.05,13.0,7.0,11197630.0,6426900.0,1.857,2859000.0,13297360.0,11561786.0,0.247,100.0,2,1,30,7.2,2,,True
IBKR,Financials,Interactive Brokers,2024-12-23,44.42,-6.33,30.32,46.48,29.24,0.667,40,6,3,22.4,-3.77,1.2,False,True,42.91,5.97,0.946,False,48.0,-7.45,3.0,-6.31,10.0,9.0,4259440.0,4500222.0,1.111,1964800.0,3858400.0,4164240.0,0.472,80.64,3,18,18,12.0,8,吃老本,False
SYF,Financials,Synchrony Financial,2024-12-23,64.24,-2.37,33.37,41.11,28.31,0.667,19,4,7,12.1,6.57,12.92,False,True,61.63,8.41,1.479,False,67.62,-5.0,2.57,-1.93,12.0,7.0,3899566.0,2636514.0,1.714,1321600.0,3602460.0,3711593.0,0.356,100.0,4,1,28,7.6,3,,True
PYPL,Financials,PayPal,2024-12-23,86.11,0.1,11.53,49.68,27.75,1.0,9,25,2,12.4,12.16,20.63,False,True,84.37,8.5,1.311,False,92.86,-7.26,0.09,0.33,10.0,10.0,9494460.0,7243550.0,1.0,5125000.0,8715000.0,8192366.0,0.626,88.18,5,12,5,7.8,4,吃老本,True
XYZ,Financials,"Block, Inc.",2024-12-23,88.97,0.47,32.85,37.96,27.31,1.0,7,5,9,6.8,-1.33,11.36,False,True,85.11,10.58,1.076,False,99.26,-10.37,1.52,0.21,11.0,9.0,7915172.0,7353688.0,1.222,4140800.0,6281640.0,6966926.0,0.594,87.9,6,13,7,9.0,5,吃老本,False
KKR,Financials,KKR & Co.,2024-12-23,148.45,-7.99,13.55,42.8,22.79,0.667,50,20,5,32.0,15.41,2.38,False,True,148.41,11.16,1.156,False,162.14,-8.44,4.41,-6.36,8.0,12.0,3860775.0,3340116.0,0.667,1571900.0,3288560.0,3598820.0,0.437,78.18,7,26,26,18.4,21,吃老本,True
FISV,Financials,Fiserv,2024-12-23,207.95,-5.89,16.58,39.53,22.44,0.667,36,11,8,22.9,1.6,1.4,False,True,207.94,4.37,0.795,False,223.23,-6.84,2.81,-5.73,11.0,9.0,2841672.0,3575966.0,1.222,1426800.0,2777500.0,2934773.0,0.486,79.93,8,20,16,14.4,11,吃老本,True
ARES,Financials,Ares Management,2024-12-23,170.61,2.08,14.98,36.22,22.38,1.0,3,18,10,8.9,0.85,0.61,False,True,163.75,8.48,1.038,False,175.0,-2.51,4.92,3.22,14.0,6.0,1078057.0,1038916.0,2.333,375400.0,1039590.0,1159500.0,0.324,100.0,9,1,29,9.8,6,剛爆發,True
BX,Financials,Blackstone Inc.,2024-12-23,165.33,-8.94,12.89,42.1,22.04,0.667,59,23,6,37.6,10.47,-2.34,False,False,170.5,14.76,0.943,False,190.93,-13.41,3.02,-7.94,9.0,11.0,3472444.0,3682554.0,0.818,3124200.0,4411100.0,4001400.0,0.781,75.22,10,29,1,15.8,15,吃老本,True
MS,Financials,Morgan Stanley,2024-12-23,121.31,-3.69,22.72,32.64,21.08,0.667,23,9,14,17.0,18.96,10.16,False,True,120.83,7.18,0.944,False,130.38,-6.96,5.2,-3.39,9.0,11.0,5893344.0,6239790.0,0.818,3088100.0,6434630.0,6407373.0,0.482,78.84,11,24,17,17.4,19,吃老本,True
STT,Financials,State Street Corporation,2024-12-23,93.88,0.07,12.74,35.64,21.02,1.0,10,24,11,14.4,6.6,6.28,False,True,91.4,6.89,1.137,False,97.05,-3.27,3.31,-0.21,9.0,11.0,2558255.0,2250027.0,0.818,1127200.0,2316630.0,2502433.0,0.45,83.37,12,16,22,15.6,14,,True
BLK,Financials,BlackRock,2024-12-23,1011.84,2.6,11.02,34.07,20.44,1.0,2,28,12,11.8,11.11,3.99,False,True,991.01,6.71,1.246,False,1048.92,-3.54,2.74,2.93,10.0,10.0,848180.0,680460.0,1.0,337100.0,756040.0,755006.0,0.446,89.67,13,8,25,13.4,9,,True
COF,Financials,Capital One,2024-12-23,176.51,-6.14,21.27,31.18,19.37,0.667,38,10,16,25.2,19.97,-7.4,False,True,174.12,6.71,0.977,False,193.59,-8.82,2.6,-5.79,10.0,10.0,2390100.0,2446690.0,1.0,1209100.0,2503580.0,2594020.0,0.466,79.66,14,21,19,17.8,20,吃老本,True
RJF,Financials,Raymond James Financial,2024-12-23,153.25,-7.3,28.61,27.88,19.27,0.667,47,7,22,30.0,22.19,2.49,False,True,152.8,7.48,1.245,False,167.37,-8.44,4.02,-7.75,7.0,13.0,1315814.0,1057192.0,0.538,565000.0,1323010.0,1223266.0,0.462,76.82,15,27,21,21.0,24,吃老本,True
AXP,Financials,American Express,2024-12-23,295.44,-1.19,11.35,30.74,17.91,0.667,14,27,18,18.7,6.49,27.11,False,True,284.84,6.23,0.901,False,302.08,-2.2,2.72,-1.05,12.0,8.0,2247241.0,2495487.0,1.5,1676000.0,2607120.0,2463586.0,0.68,88.72,16,11,3,11.4,7,,True
GL,Financials,Globe Life,2024-12-23,107.92,-1.56,5.13,33.78,17.78,0.667,15,46,13,23.9,14.17,2.15,False,True,106.54,6.92,1.112,False,129.14,-16.43,3.39,-1.97,9.0,11.0,923455.0,830481.0,0.818,356000.0,915780.0,881700.0,0.404,81.91,17,17,27,19.0,22,,True
GS,Financials,Goldman Sachs,2024-12-23,559.24,-4.85,16.15,28.77,17.21,0.667,29,13,20,22.4,23.35,0.14,False,True,551.52,8.82,1.098,False,593.91,-5.84,4.01,-4.36,9.0,11.0,1989411.0,1811390.0,0.818,1486000.0,2079410.0,1989833.0,0.747,80.48,18,19,2,15.2,12,,True
COIN,Financials,Coinbase,2024-12-23,265.71,-10.29,38.95,19.57,16.95,0.667,69,2,45,44.1,-33.33,-82.45,False,False,272.65,22.52,1.121,False,349.75,-24.03,-3.0,-14.56,8.0,12.0,11297162.0,10080400.0,0.667,5554000.0,8069120.0,9662240.0,0.575,69.68,19,30,10,21.6,25,吃老本,True
BNY,Financials,BNY Mellon,2024-12-23,74.96,-5.25,8.85,31.3,16.55,0.667,32,31,15,28.3,6.88,5.77,False,False,75.54,5.54,1.353,False,79.93,-6.23,1.52,-5.1,9.0,11.0,4525333.0,3344327.0,0.818,2072300.0,4203010.0,4209666.0,0.492,83.5,20,14,14,16.4,16,剛爆發,True
NDAQ,Financials,"Nasdaq, Inc.",2024-12-23,76.94,-5.23,8.34,30.95,16.25,0.667,31,33,17,28.8,,,,,,,,,,,,,,,,,,,,,,,21,31,31,,31,吃老本,False
WFC,Financials,Wells Fargo,2024-12-23,68.86,-6.64,27.94,21.34,16.0,0.667,44,8,37,31.8,18.08,3.23,False,True,68.18,5.21,1.294,False,75.66,-8.99,3.28,-7.9,8.0,12.0,18368662.0,14194025.0,0.667,7219500.0,17519560.0,16140160.0,0.447,79.22,22,22,24,22.4,26,,True
AIZ,Financials,Assurant,2024-12-23,210.22,-4.97,7.94,30.29,15.89,0.667,30,37,19,29.9,,,,,,,,,,,,,,,,,,,,,,,23,31,31,,31,吃老本,False
NTRS,Financials,Northern Trust,2024-12-23,100.02,-5.95,16.07,25.54,15.3,0.667,37,14,28,28.3,15.08,150.96,False,False,100.49,6.47,0.922,False,107.03,-6.55,3.3,-5.47,10.0,10.0,1293710.0,1402790.0,1.0,641600.0,1305470.0,1427420.0,0.449,79.18,24,23,23,23.4,27,,True
V,Financials,Visa Inc.,2024-12-23,315.11,1.14,16.02,21.88,15.23,1.0,4,15,36,13.7,5.24,0.11,False,True,301.91,3.81,1.032,False,318.04,-0.92,1.2,1.26,13.0,7.0,6474315.0,6275728.0,1.857,3489200.0,8028580.0,6830240.0,0.511,97.15,25,4,13,14.2,10,剛爆發,True
AMP,Financials,Ameriprise Financial,2024-12-23,525.69,-6.62,14.7,26.29,15.17,0.667,43,19,27,32.6,,,,,,,,,,,,,,,,,,,,,,,26,31,31,,31,,False
MSCI,Financials,MSCI Inc.,2024-12-23,597.43,-0.01,6.08,27.23,15.14,0.667,11,44,23,23.3,2.32,2.59,False,True,588.17,7.05,0.92,False,629.63,-5.11,1.5,0.77,12.0,8.0,397666.0,432475.0,1.5,245400.0,442080.0,439886.0,0.558,89.65,27,9,11,16.6,18,剛爆發,True
HBAN,Financials,Huntington Bancshares,2024-12-23,15.47,-8.21,12.92,26.77,14.56,0.667,53,22,25,38.1,,,,,,,,,,,,,,,,,,,,,,,28,31,31,,31,,False
CME,Financials,CME Group,2024-12-23,222.63,1.03,10.15,22.95,14.27,1.0,5,29,34,18.0,0.96,1.04,False,True,214.68,2.77,0.985,False,230.56,-3.44,1.05,1.32,12.0,8.0,2357883.0,2393850.0,1.5,1384000.0,1881330.0,2110033.0,0.656,90.95,29,7,4,15.2,12,剛爆發,True
CPAY,Financials,Corpay,2024-12-23,341.23,-10.48,9.64,28.08,13.83,0.667,72,30,21,49.2,,,,,,,,,,,,,,,,,,,,,,,30,31,31,,31,,False
JPM,Financials,JPMorgan Chase,2024-12-23,232.86,-3.42,15.27,20.63,13.28,0.667,21,17,42,24.0,,,,,,,,,,,,,,,,,,,,,,,31,31,31,,31,,False
MA,Financials,Mastercard,2024-12-23,526.58,-0.14,7.95,20.98,12.44,0.667,12,36,40,24.8,3.85,2.3,False,True,516.08,3.45,1.167,False,532.02,-1.02,1.7,-0.03,12.0,8.0,2690625.0,2305900.0,1.5,1541800.0,2802160.0,2608733.0,0.591,93.58,32,5,8,16.4,16,剛爆發,True
PNC,Financials,PNC Financial Services,2024-12-23,182.1,-9.99,6.46,26.56,12.4,0.667,67,42,26,51.3,,,,,,,,,,,,,,,,,,,,,,,33,31,31,,31,,False
MTB,Financials,M&T Bank,2024-12-23,181.13,-13.45,8.54,26.79,12.16,0.667,76,32,24,52.4,,,,,,,,,,,,,,,,,,,,,,,34,31,31,,31,,False
WTW,Financials,Willis Towers Watson,2024-12-23,309.74,-1.77,8.27,21.03,12.14,0.667,16,34,39,26.0,,,,,,,,,,,,,,,,,,,,,,,35,31,31,,31,,False
USB,Financials,U.S. Bancorp,2024-12-23,45.1,-9.01,7.8,23.5,11.45,0.667,60,38,30,47.4,,,,,,,,,,,,,,,,,,,,,,,36,31,31,,31,,False
CFG,Financials,Citizens Financial Group,2024-12-23,41.15,-9.39,7.99,23.48,11.39,0.667,65,35,31,49.2,,,,,,,,,,,,,,,,,,,,,,,37,31,31,,31,剛爆發,False
FDS,Financials,FactSet,2024-12-23,476.18,-0.84,6.35,19.73,11.24,0.667,13,43,44,28.2,2.18,3.3,False,True,467.99,7.75,0.818,False,488.16,-2.46,-0.65,-0.39,10.0,10.0,265820.0,324840.0,1.0,155200.0,391240.0,334673.0,0.464,78.83,38,25,20,29.2,28,剛爆發,True
CINF,Financials,Cincinnati Financial,2024-12-23,139.21,-9.36,6.81,23.4,11.06,0.667,64,40,32,50.4,,,,,,,,,,,,,,,,,,,,,,,39,31,31,,31,剛爆發,False
C,Financials,Citigroup,2024-12-23,68.4,0.18,15.77,13.96,10.97,1.0,8,16,56,20.0,15.76,11.58,False,True,65.63,5.68,1.034,False,70.69,-3.24,3.77,1.2,12.0,8.0,12975750.0,12549400.0,1.5,7743100.0,12238280.0,12758760.0,0.607,92.82,40,6,6,19.6,23,剛爆發,True
AON,Financials,Aon plc,2024-12-23,357.27,-7.96,3.85,23.23,10.59,0.667,49,50,33,46.1,,,,,,,,,,,,,,,,,,,,,,,41,31,31,,31,剛爆發,False
ALL,Financials,Allstate,2024-12-23,188.12,-6.55,3.34,22.52,10.46,0.667,42,51,35,43.3,,,,,,,,,,,,,,,,,,,,,,,42,31,31,,31,剛爆發,False
KEY,Financials,KeyCorp,2024-12-23,16.09,-10.75,4.67,23.85,10.41,0.667,74,47,29,56.9,,,,,,,,,,,,,,,,,,,,,,,43,31,31,,31,剛爆發,False
IVZ,Financials,Invesco,2024-12-23,16.66,-2.27,1.4,21.04,10.31,0.667,17,54,38,32.3,,,,,,,,,,,,,,,,,,,,,,,44,31,31,,31,剛爆發,False
GPN,Financials,Global Payments,2024-12-23,110.24,-5.35,11.46,16.7,9.88,0.667,33,26,49,34.1,,,,,,,,,,,,,,,,,,,,,,,45,31,31,,31,剛爆發,False
RF,Financials,Regions Financial Corporation,2024-12-23,22.32,-12.11,4.04,20.85,8.41,0.667,75,48,41,60.1,,,,,,,,,,,,,,,,,,,,,,,46,31,31,,31,剛爆發,False
TRV,Financials,Travelers Companies (The),2024-12-23,235.69,-8.88,2.67,19.74,8.32,0.667,58,53,43,53.5,,,,,,,,,,,,,,,,,,,,,,,47,31,31,,31,剛爆發,False
BAC,Financials,Bank of America,2024-12-23,42.87,-6.15,13.16,12.84,8.17,0.667,39,21,60,37.8,,,,,,,,,,,,,,,,,,,,,,,48,31,31,,31,剛爆發,False
L,Financials,Loews Corporation,2024-12-23,84.36,-2.36,7.4,13.47,8.0,0.667,18,39,58,32.3,,,,,,,,,,,,,,,,,,,,,,,49,31,31,,31,剛爆發,False
MET,Financials,MetLife,2024-12-23,78.76,-6.78,0.42,18.95,7.89,0.667,45,59,46,49.4,,,,,,,,,,,,,,,,,,,,,,,50,31,31,,31,剛爆發,False
FITB,Financials,Fifth Third Bancorp,2024-12-23,40.38,-10.74,0.78,18.59,6.8,0.667,73,58,47,63.3,,,,,,,,,,,,,,,,,,,,,,,51,31,31,,31,剛爆發,False
WRB,Financials,W. R. Berkley Corporation,2024-12-23,56.85,-7.76,5.36,14.31,6.55,0.667,48,45,55,48.5,,,,,,,,,,,,,,,,,,,,,,,52,31,31,,31,剛爆發,False
TFC,Financials,Truist Financial,2024-12-23,40.77,-8.41,3.87,15.11,6.42,0.667,55,49,54,53.0,,,,,,,,,,,,,,,,,,,,,,,53,31,31,,31,剛爆發,False
MCO,Financials,Moody's Corporation,2024-12-23,471.01,-4.64,0.87,13.67,5.89,0.667,27,56,57,41.7,,,,,,,,,,,,,,,,,,,,,,,54,31,31,,31,剛爆發,False
CBOE,Financials,Cboe Global Markets,2024-12-23,195.2,-8.63,-2.37,16.67,5.59,0.333,57,66,50,58.3,,,,,,,,,,,,,,,,,,,,,,,55,31,31,,31,剛爆發,False
BRO,Financials,Brown & Brown,2024-12-23,101.7,-9.03,0.37,15.39,5.53,0.667,61,60,53,59.1,,,,,,,,,,,,,,,,,,,,,,,56,31,31,,31,剛爆發,False
SPGI,Financials,S&P Global,2024-12-23,469.07,-3.96,-1.96,12.91,4.98,0.333,25,65,59,43.8,,,,,,,,,,,,,,,,,,,,,,,57,31,31,,31,剛爆發,False
BRK-B,Financials,Berkshire Hathaway,2024-12-23,456.51,-5.49,-0.21,12.22,4.69,0.333,34,62,61,47.8,,,,,,,,,,,,,,,,,,,,,,,58,31,31,,31,剛爆發,False
AFL,Financials,Aflac,2024-12-23,100.1,-9.32,-6.1,16.83,4.56,0.333,63,72,48,62.7,,,,,,,,,,,,,,,,,,,,,,,59,31,31,,31,剛爆發,False
PGR,Financials,Progressive Corporation,2024-12-23,221.88,-10.36,-3.98,16.14,4.48,0.333,71,68,52,66.3,,,,,,,,,,,,,,,,,,,,,,,60,31,31,,31,剛爆發,False
AJG,Financials,Arthur J. Gallagher & Co.,2024-12-23,282.25,-8.05,2.74,10.95,4.15,0.667,52,52,62,54.0,,,,,,,,,,,,,,,,,,,,,,,61,31,31,,31,剛爆發,False
JKHY,Financials,Jack Henry & Associates,2024-12-23,173.12,0.71,0.82,7.22,3.99,1.0,6,57,67,33.5,-0.17,1.56,False,False,173.86,4.23,0.97,False,185.02,-6.43,0.51,2.0,10.0,10.0,622690.0,641950.0,1.0,303200.0,547860.0,581733.0,0.521,83.38,62,15,12,33.2,29,剛爆發,False
FIS,Financials,Fidelity National Information Services,2024-12-23,78.21,-3.93,-1.42,9.22,3.27,0.333,24,64,66,44.4,,,,,,,,,,,,,,,,,,,,,,,63,31,31,,31,剛爆發,False
CB,Financials,Chubb Limited,2024-12-23,274.21,-3.51,-3.79,9.57,2.96,0.333,22,67,65,44.1,,,,,,,,,,,,,,,,,,,,,,,64,31,31,,31,剛爆發,False
SCHW,Financials,Charles Schwab Corporation,2024-12-23,73.32,-9.69,16.42,2.18,2.77,0.667,66,12,70,50.6,2.61,1.14,False,False,75.34,12.92,0.728,False,81.77,-10.33,1.52,-9.52,11.0,9.0,6325227.0,8690622.0,1.222,3967500.0,8690880.0,8084066.0,0.491,75.97,65,28,15,40.2,30,剛爆發,True
ICE,Financials,Intercontinental Exchange,2024-12-23,147.61,-6.34,-4.96,10.44,2.39,0.333,41,70,63,54.1,,,,,,,,,,,,,,,,,,,,,,,66,31,31,,31,剛爆發,False
TROW,Financials,T. Rowe Price,2024-12-23,106.95,-5.63,6.72,2.56,1.55,0.667,35,41,69,43.6,,,,,,,,,,,,,,,,,,,,,,,67,31,31,,31,剛爆發,False
ERIE,Financials,Erie Indemnity,2024-12-23,406.2,-4.82,-22.02,16.38,1.48,0.333,28,76,51,47.0,,,,,,,,,,,,,,,,,,,,,,,68,31,31,,31,剛爆發,False
HIG,Financials,Hartford (The),2024-12-23,107.31,-10.33,-5.31,10.43,1.31,0.333,70,71,64,69.1,,,,,,,,,,,,,,,,,,,,,,,69,31,31,,31,剛爆發,False
PRU,Financials,Prudential Financial,2024-12-23,110.17,-8.0,-0.44,3.8,-0.21,0.333,51,63,68,58.0,,,,,,,,,,,,,,,,,,,,,,,70,31,31,,31,剛爆發,False
AIG,Financials,American International Group,2024-12-23,70.58,-4.52,0.09,-0.58,-1.4,0.333,26,61,73,45.9,,,,,,,,,,,,,,,,,,,,,,,71,31,31,,31,剛爆發,False
MRSH,Financials,Marsh McLennan,2024-12-23,206.81,-8.47,-4.32,2.06,-2.17,0.333,56,69,71,62.9,,,,,,,,,,,,,,,,,,,,,,,72,31,31,,31,剛爆發,False
PFG,Financials,Principal Financial Group,2024-12-23,73.55,-10.02,-8.97,0.79,-4.35,0.333,68,74,72,70.6,,,,,,,,,,,,,,,,,,,,,,,73,31,31,,31,剛爆發,False
BEN,Financials,Franklin Resources,2024-12-23,18.73,-9.23,0.88,-6.16,-5.17,0.333,62,55,76,62.7,,,,,,,,,,,,,,,,,,,,,,,74,31,31,,31,剛爆發,False
EG,Financials,Everest Group,2024-12-23,351.55,-7.12,-8.43,-4.54,-6.16,0.0,46,73,75,59.9,,,,,,,,,,,,,,,,,,,,,,,75,31,31,,31,剛爆發,False
ACGL,Financials,Arch Capital Group,2024-12-23,92.34,-8.32,-14.37,-3.75,-7.55,0.0,54,75,74,64.3,,,,,,,,,,,,,,,,,,,,,,,76,31,31,,31,剛爆發,False
BMY,Health Care,Bristol Myers Squibb,2024-12-23,53.15,-2.6,14.57,42.58,24.28,0.667,19,3,1,10.6,19.98,27.37,False,True,52.09,6.15,1.45,False,56.29,-5.57,2.45,-2.68,9.0,11.0,13542333.0,9340218.0,0.818,6607700.0,13906920.0,12306406.0,0.537,87.02,1,11,15,7.8,4,吃老本,True
GILD,Health Care,Gilead Sciences,2024-12-23,90.44,2.51,13.5,39.61,23.81,1.0,4,6,2,4.2,30.48,25.74,False,True,87.01,5.83,1.234,False,94.25,-4.04,3.32,2.7,13.0,6.0,7501869.0,6081416.0,2.167,3349300.0,7191370.0,6922433.0,0.484,100.0,2,1,22,5.6,1,,True
PODD,Health Care,Insulet Corporation,2024-12-23,265.12,-0.62,14.26,31.38,19.1,0.667,10,4,3,6.8,18.29,-2.53,False,True,256.4,6.82,1.519,False,279.77,-5.24,3.34,-0.67,5.0,15.0,766260.0,504500.0,0.333,312900.0,591160.0,589873.0,0.53,82.51,3,20,16,12.4,8,吃老本,True
WAT,Health Care,Waters Corporation,2024-12-23,374.6,-2.63,4.83,29.12,15.11,0.667,20,13,4,14.7,9.38,2.6,False,True,368.01,7.75,1.27,False,397.02,-5.65,3.87,-3.1,9.0,11.0,517577.0,407381.0,0.818,220300.0,518770.0,471906.0,0.467,84.2,4,16,23,12.6,9,吃老本,True
CAH,Health Care,Cardinal Health,2024-12-23,116.62,-2.54,9.02,22.36,12.8,0.667,18,9,7,13.1,15.88,6.27,False,True,115.33,4.24,1.429,False,123.56,-5.62,1.83,-2.85,11.0,9.0,2459245.0,1720477.0,1.222,1215300.0,2359910.0,2239260.0,0.543,92.37,5,5,13,6.6,3,,True
ISRG,Health Care,Intuitive Surgical,2024-12-23,534.88,-1.31,11.62,20.24,12.7,0.667,13,7,8,10.2,12.25,15.51,False,True,529.98,5.94,1.004,False,556.23,-3.84,2.09,-0.68,12.0,8.0,1310191.0,1304862.0,1.5,1013200.0,1504630.0,1384160.0,0.732,90.5,6,7,3,5.8,2,,True
SOLV,Health Care,Solventum,2024-12-23,66.74,-6.67,-1.23,26.21,11.13,0.333,41,21,5,27.8,17.67,3.65,False,False,70.58,6.65,1.257,False,96.05,-30.52,-0.09,-7.92,6.0,14.0,931416.0,740921.0,0.429,460200.0,772750.0,761013.0,0.605,73.64,7,27,10,15.6,15,吃老本,True
BSX,Health Care,Boston Scientific,2024-12-23,90.66,0.0,8.77,17.72,11.06,0.667,8,10,10,9.0,7.05,6.51,False,True,88.53,4.82,1.26,False,91.93,-1.38,2.26,-0.1,10.0,10.0,4999050.0,3966920.0,1.0,3177600.0,5194140.0,4796800.0,0.662,87.9,8,10,6,8.4,5,,True
VTRS,Health Care,Viatris,2024-12-23,11.69,-4.66,9.04,19.7,10.95,0.667,28,8,9,18.2,10.73,2.29,False,True,11.64,6.18,2.116,False,12.69,-7.9,2.89,-5.6,8.0,12.0,13748550.0,6496583.0,0.667,5182600.0,11908480.0,10593940.0,0.489,94.83,9,3,21,9.0,6,剛爆發,True
RMD,Health Care,ResMed,2024-12-23,229.9,-6.36,-2.22,22.37,9.04,0.333,37,22,6,26.3,7.69,0.52,False,False,238.44,8.79,1.101,False,256.28,-10.29,0.69,-6.48,11.0,9.0,779245.0,707711.0,1.222,390900.0,883480.0,788193.0,0.496,83.99,10,17,19,14.6,11,吃老本,True
VEEV,Health Care,Veeva Systems,2024-12-23,214.01,-6.07,1.5,16.94,7.33,0.667,34,17,11,24.3,10.7,5.61,False,False,223.14,9.62,1.167,False,258.93,-17.35,-2.58,-5.62,7.0,13.0,1537928.0,1317476.0,0.538,670800.0,1227740.0,1440693.0,0.466,74.1,11,26,24,19.6,19,吃老本,True
LH,Health Care,Labcorp,2024-12-23,226.71,-4.45,4.06,13.92,6.86,0.667,26,14,13,19.8,0.23,4.49,False,False,228.51,3.85,1.076,False,243.26,-6.8,1.52,-4.84,8.0,12.0,496675.0,461766.0,0.667,339800.0,480210.0,498026.0,0.682,76.53,12,23,5,15.0,12,吃老本,True
INCY,Health Care,Incyte,2024-12-23,69.23,-7.19,5.16,14.2,6.6,0.667,45,12,12,28.5,-2.03,-264.53,False,False,72.52,6.6,1.546,False,83.95,-17.53,3.24,-8.24,9.0,11.0,2353222.0,1522236.0,0.818,966400.0,2104450.0,1956353.0,0.494,85.67,13,13,20,14.4,10,,True
ABT,Health Care,Abbott Laboratories,2024-12-23,110.79,-3.18,2.76,11.77,5.78,0.667,23,15,15,19.0,0.76,3.17,False,False,111.6,4.11,1.267,False,116.58,-4.97,2.29,-3.33,8.0,12.0,5462162.0,4312175.0,0.667,2829500.0,5320670.0,5063966.0,0.559,81.08,14,21,12,16.4,16,吃老本,True
DGX,Health Care,Quest Diagnostics,2024-12-23,147.87,-6.17,-0.91,12.66,4.56,0.333,36,19,14,26.5,1.9,0.68,False,False,152.14,5.23,1.301,False,160.16,-7.68,0.73,-6.55,8.0,12.0,907687.0,697900.0,0.667,481000.0,785380.0,832133.0,0.578,79.13,15,22,11,17.0,17,吃老本,True
WST,Health Care,West Pharmaceutical Services,2024-12-23,331.37,2.32,7.21,1.3,3.03,1.0,5,11,26,11.0,23.75,-12.08,False,True,317.51,5.52,1.565,False,410.65,-19.31,1.9,3.06,9.0,11.0,614111.0,392336.0,0.818,397800.0,639200.0,544306.0,0.731,92.26,16,6,4,9.6,7,剛爆發,True
SYK,Health Care,Stryker Corporation,2024-12-23,360.96,-6.39,2.13,8.13,3.0,0.667,38,16,18,27.4,,,,,,,,,,,,,,,,,,,,,,,17,28,28,,28,吃老本,False
DVA,Health Care,DaVita,2024-12-23,154.3,-7.14,-5.38,11.35,2.54,0.333,43,25,16,32.2,,,,,,,,,,,,,,,,,,,,,,,18,28,28,,28,吃老本,False
MCK,Health Care,McKesson Corporation,2024-12-23,573.1,-8.15,18.24,-1.03,2.01,0.333,47,2,30,30.1,2.9,9.3,False,True,570.48,4.76,1.326,False,632.07,-9.33,-0.45,-7.84,6.0,14.0,972683.0,733807.0,0.429,361800.0,849820.0,850686.0,0.425,74.75,19,25,26,22.8,22,吃老本,True
HSIC,Health Care,Henry Schein,2024-12-23,70.42,-8.6,-3.82,9.86,1.82,0.333,49,23,17,34.8,,,,,,,,,,,,,,,,,,,,,,,20,28,28,,28,吃老本,False
ABBV,Health Care,AbbVie,2024-12-23,168.02,-2.69,-7.88,5.57,0.14,0.333,21,29,21,23.4,,,,,,,,,,,,,,,,,,,,,,,21,28,28,,28,吃老本,False
A,Health Care,Agilent Technologies,2024-12-23,133.65,-1.76,-8.31,4.92,-0.06,0.333,17,30,22,21.9,,,,,,,,,,,,,,,,,,,,,,,22,28,28,,28,吃老本,False
RVTY,Health Care,Revvity,2024-12-23,111.45,-3.57,-11.11,6.93,-0.21,0.333,25,34,19,26.5,,,,,,,,,,,,,,,,,,,,,,,23,28,28,,28,,False
BDX,Health Care,Becton Dickinson,2024-12-23,173.49,3.46,-4.94,-1.37,-1.05,0.333,2,24,32,14.6,1.12,5.8,False,True,173.44,4.07,0.896,False,186.57,-7.01,2.08,3.42,10.0,10.0,2672866.0,2982611.0,1.0,1807385.0,2851811.0,2945010.0,0.614,83.57,24,18,9,18.6,18,剛爆發,True
MDT,Health Care,Medtronic,2024-12-23,76.94,-5.89,-8.82,4.28,-1.54,0.333,33,31,23,30.4,,,,,,,,,,,,,,,,,,,,,,,25,28,28,,28,,False
TECH,Health Care,Bio-Techne,2024-12-23,72.34,-3.16,-7.19,2.07,-1.55,0.333,22,28,25,24.4,,,,,,,,,,,,,,,,,,,,,,,26,28,28,,28,,False
COR,Health Care,Cencora,2024-12-23,224.29,-9.79,1.12,1.17,-1.58,0.667,51,18,27,36.3,,,,,,,,,,,,,,,,,,,,,,,27,28,28,,28,,False
ZBH,Health Care,Zimmer Biomet,2024-12-23,105.02,-4.67,-1.03,-1.31,-2.08,0.0,29,20,31,26.7,,,,,,,,,,,,,,,,,,,,,,,28,28,28,,28,,False
PFE,Health Care,Pfizer,2024-12-23,23.61,1.56,-7.07,-2.02,-2.39,0.333,6,27,33,17.7,73.28,30.19,False,True,23.53,6.22,1.014,False,27.54,-14.29,3.3,3.06,11.0,9.0,43707327.0,43091322.0,1.222,35218300.0,47660890.0,44497293.0,0.791,89.24,29,8,2,15.2,14,剛爆發,True
GEHC,Health Care,GE HealthCare,2024-12-23,79.25,-4.46,-13.54,2.11,-3.44,0.333,27,39,24,30.0,,,,,,,,,,,,,,,,,,,,,,,30,28,28,,28,,False
JNJ,Health Care,Johnson & Johnson,2024-12-23,139.2,-6.43,-9.41,0.8,-3.56,0.333,39,32,29,34.9,,,,,,,,,,,,,,,,,,,,,,,31,28,28,,28,,False
COO,Health Care,Cooper Companies (The),2024-12-23,92.34,-11.6,-15.89,5.77,-3.99,0.333,52,43,20,42.9,,,,,,,,,,,,,,,,,,,,,,,32,28,28,,28,,False
EW,Health Care,Edwards Lifesciences,2024-12-23,75.65,6.03,13.62,-18.1,-4.14,0.667,1,5,51,12.2,13.97,0.88,False,True,70.51,5.29,1.282,False,96.12,-21.3,2.33,4.97,10.0,9.0,6228890.0,4859211.0,1.111,6102800.0,6197200.0,5636273.0,1.083,93.01,33,4,1,15.0,12,剛爆發,True
TMO,Health Care,Thermo Fisher Scientific,2024-12-23,523.17,-0.6,-14.32,-4.74,-6.1,0.0,9,40,36,23.7,0.5,4.72,False,False,535.57,5.16,1.073,False,623.56,-16.1,1.82,0.92,11.0,9.0,2045345.0,1905711.0,1.222,943200.0,1723040.0,1804873.0,0.523,88.39,34,9,17,20.6,21,剛爆發,True
UNH,Health Care,UnitedHealth Group,2024-12-23,491.09,-16.1,-12.01,0.88,-6.59,0.333,57,37,28,45.2,,,,,,,,,,,,,,,,,,,,,,,35,28,28,,28,剛爆發,False
IQV,Health Care,IQVIA,2024-12-23,199.39,-0.72,-15.08,-5.7,-6.8,0.0,11,41,39,25.6,1.04,3.02,False,False,206.85,6.37,1.149,False,261.73,-23.82,4.11,-1.01,9.0,11.0,1533833.0,1335336.0,0.818,503100.0,1462830.0,1478080.0,0.34,83.41,36,19,27,27.4,26,剛爆發,True
STE,Health Care,Steris,2024-12-23,205.29,-5.06,-12.77,-4.79,-6.85,0.0,31,38,37,34.3,,,,,,,,,,,,,,,,,,,,,,,37,28,28,,28,剛爆發,False
ZTS,Health Care,Zoetis,2024-12-23,159.94,-6.08,-15.31,-4.6,-7.65,0.0,35,42,35,37.1,,,,,,,,,,,,,,,,,,,,,,,38,28,28,,28,剛爆發,False
CRL,Health Care,Charles River Laboratories,2024-12-23,186.16,-6.48,-6.13,-9.88,-8.09,0.0,40,26,42,36.2,,,,,,,,,,,,,,,,,,,,,,,39,28,28,,28,剛爆發,False
DHR,Health Care,Danaher Corporation,2024-12-23,228.69,-3.47,-16.0,-7.31,-8.52,0.0,24,44,40,33.2,,,,,,,,,,,,,,,,,,,,,,,40,28,28,,28,剛爆發,False
CNC,Health Care,Centene Corporation,2024-12-23,60.6,1.0,-18.74,-8.6,-8.73,0.333,7,48,41,26.1,14.87,16.05,False,True,60.19,6.56,0.716,False,81.42,-25.57,1.49,1.12,12.0,8.0,5596583.0,7812062.0,1.5,3302700.0,8056910.0,7271366.0,0.454,86.3,41,12,25,26.2,25,剛爆發,True
DXCM,Health Care,Dexcom,2024-12-23,80.24,2.88,19.25,-29.23,-9.08,0.667,3,1,54,12.6,3.53,11.36,False,True,75.26,8.95,1.316,False,142.0,-43.49,5.83,2.74,11.0,9.0,3618027.0,2749800.0,1.222,1797800.0,3561770.0,3309566.0,0.543,95.33,42,2,13,20.2,20,剛爆發,True
UHS,Health Care,Universal Health Services,2024-12-23,179.3,-11.88,-21.43,-2.24,-9.45,0.0,53,52,34,48.9,,,,,,,,,,,,,,,,,,,,,,,43,28,28,,28,剛爆發,False
LLY,Health Care,Lilly (Eli),2024-12-23,774.74,-1.53,-10.63,-13.23,-9.66,0.0,15,33,47,26.8,-19.52,41.68,False,False,801.97,7.55,1.39,False,960.47,-19.34,3.38,-0.64,8.0,12.0,3928350.0,2825266.0,0.667,2096500.0,3589790.0,3410060.0,0.615,85.3,44,14,8,24.8,23,剛爆發,False
MTD,Health Care,Mettler Toledo,2024-12-23,1234.23,-1.36,-16.55,-11.69,-10.32,0.0,14,45,44,29.3,1.95,6.68,False,False,1271.93,7.27,1.1,False,1546.93,-20.21,2.34,-0.74,10.0,10.0,111060.0,100980.0,1.0,70700.0,112990.0,111086.0,0.636,84.74,45,15,7,25.4,24,剛爆發,True
HCA,Health Care,HCA Healthcare,2024-12-23,299.22,-7.35,-24.83,-5.48,-10.79,0.0,46,55,38,47.1,,,,,,,,,,,,,,,,,,,,,,,46,28,28,,28,剛爆發,False
MRK,Health Care,Merck & Co.,2024-12-23,94.7,-1.12,-11.6,-18.28,-12.32,0.0,12,35,52,26.9,0.03,6.31,False,False,95.78,4.48,0.745,False,126.02,-24.85,0.18,-2.54,9.0,10.0,10037611.0,13470020.0,0.9,6173600.0,11229620.0,12363746.0,0.499,75.09,47,24,18,32.0,27,剛爆發,True
VRTX,Health Care,Vertex Pharmaceuticals,2024-12-23,408.76,-12.68,-11.69,-12.79,-12.49,0.0,54,36,46,47.0,,,,,,,,,,,,,,,,,,,,,,,48,28,28,,28,剛爆發,False
IDXX,Health Care,Idexx Laboratories,2024-12-23,414.93,-1.62,-18.92,-14.83,-12.55,0.0,16,49,49,32.5,,,,,,,,,,,,,,,,,,,,,,,49,28,28,,28,剛爆發,False
ALGN,Health Care,Align Technology,2024-12-23,211.43,-9.17,-17.02,-12.43,-12.76,0.0,50,46,45,47.8,,,,,,,,,,,,,,,,,,,,,,,50,28,28,,28,剛爆發,False
AMGN,Health Care,Amgen,2024-12-23,250.73,-7.15,-17.95,-14.68,-13.61,0.0,44,47,48,45.7,,,,,,,,,,,,,,,,,,,,,,,51,28,28,,28,剛爆發,False
BAX,Health Care,Baxter International,2024-12-23,28.65,-13.38,-24.57,-11.59,-15.28,0.0,55,54,43,52.3,,,,,,,,,,,,,,,,,,,,,,,52,28,28,,28,剛爆發,False
CI,Health Care,Cigna,2024-12-23,270.04,-17.15,-19.51,-15.01,-16.67,0.0,58,50,50,54.0,,,,,,,,,,,,,,,,,,,,,,,53,28,28,,28,剛爆發,False
HUM,Health Care,Humana,2024-12-23,249.38,-13.75,-19.78,-31.39,-24.08,0.0,56,51,56,54.5,,,,,,,,,,,,,,,,,,,,,,,54,28,28,,28,剛爆發,False
BIIB,Health Care,Biogen,2024-12-23,151.31,-5.8,-22.27,-34.73,-24.38,0.0,32,53,58,43.5,,,,,,,,,,,,,,,,,,,,,,,55,28,28,,28,剛爆發,False
CVS,Health Care,CVS Health,2024-12-23,41.69,-25.66,-26.71,-22.97,-24.58,0.0,59,56,53,56.9,,,,,,,,,,,,,,,,,,,,,,,56,28,28,,28,剛爆發,False
ELV,Health Care,Elevance Health,2024-12-23,360.33,-8.45,-28.89,-31.03,-24.85,0.0,48,57,55,52.1,,,,,,,,,,,,,,,,,,,,,,,57,28,28,,28,剛爆發,False
REGN,Health Care,Regeneron Pharmaceuticals,2024-12-23,706.56,-5.04,-31.68,-32.22,-25.29,0.0,30,58,57,43.8,,,,,,,,,,,,,,,,,,,,,,,58,28,28,,28,剛爆發,False
MRNA,Health Care,Moderna,2024-12-23,40.13,-6.8,-38.97,-66.21,-44.55,0.0,42,59,59,50.5,,,,,,,,,,,,,,,,,,,,,,,59,28,28,,28,剛爆發,False
UAL,Industrials,United Airlines Holdings,2024-12-23,99.65,2.91,71.84,104.79,71.08,1.0,4,1,2,2.7,5.05,5.44,False,True,89.77,11.45,1.253,False,105.09,-5.18,4.28,3.43,11.0,9.0,5022827.0,4009055.0,1.222,3156900.0,4797430.0,4718960.0,0.669,94.03,1,3,6,2.8,1,,True
AXON,Industrials,Axon Enterprise,2024-12-23,610.98,-5.56,54.55,107.65,66.07,0.667,25,2,1,13.3,21.03,22.71,False,True,570.46,8.07,1.623,False,698.67,-12.55,-0.76,-3.78,10.0,10.0,1498670.0,923410.0,1.0,392100.0,1556480.0,1327693.0,0.295,90.83,2,4,29,8.2,2,,True
GEV,Industrials,GE Vernova,2024-12-23,332.65,-0.02,33.7,94.77,55.8,0.667,5,3,3,4.0,-232.71,38.98,False,True,322.31,10.43,1.308,False,355.59,-6.45,0.38,-0.38,10.0,10.0,3328480.0,2544480.0,1.0,1506600.0,3079490.0,3259373.0,0.462,87.81,3,7,22,8.4,3,,False
HWM,Industrials,Howmet Aerospace,2024-12-23,110.82,-6.04,12.2,43.51,23.29,0.667,29,11,4,18.6,8.6,11.56,False,True,110.7,6.53,1.038,False,120.27,-7.85,1.72,-4.69,9.0,11.0,2268855.0,2185681.0,0.818,1363200.0,2169070.0,2209753.0,0.617,78.31,4,21,9,11.8,8,吃老本,True
FIX,Industrials,Comfort Systems USA,2024-12-23,430.11,-12.42,10.84,42.31,20.76,0.667,69,13,5,39.4,2.41,17.19,False,False,445.28,10.98,1.074,False,508.52,-15.42,-0.73,-11.22,9.0,11.0,300355.0,279545.0,0.818,150600.0,319330.0,302973.0,0.497,74.05,5,25,18,15.6,15,吃老本,True
SNA,Industrials,Snap-on,2024-12-23,330.06,-7.07,19.79,33.12,19.74,0.667,38,4,6,21.4,2.4,2.84,False,False,334.11,5.69,1.589,False,359.22,-8.12,1.74,-6.96,7.0,13.0,525128.0,330523.0,0.538,149800.0,467110.0,439673.0,0.341,82.4,6,9,27,11.4,7,,True
DAL,Industrials,Delta Air Lines,2024-12-23,60.06,-4.01,19.21,29.96,18.78,0.667,16,5,9,11.3,-1.16,-0.78,False,True,59.76,7.59,1.105,False,66.18,-9.24,1.46,-3.71,9.0,11.0,7242477.0,6552227.0,0.818,7175400.0,7104060.0,7188460.0,0.998,79.97,7,18,1,10.2,6,吃老本,False
VRT,Industrials,Vertiv,2024-12-23,114.89,-9.76,17.0,33.05,18.33,0.667,56,6,7,31.2,10.19,17.03,False,False,121.53,13.77,1.115,False,145.35,-20.96,-0.29,-9.29,11.0,9.0,6096027.0,5465455.0,1.222,3813100.0,5612110.0,5590000.0,0.682,82.16,8,11,5,8.6,4,,True
PNR,Industrials,Pentair,2024-12-23,99.14,-7.2,4.52,32.6,15.63,0.667,40,26,8,29.4,1.72,6.69,False,False,101.88,7.63,0.929,False,108.52,-8.64,0.16,-7.18,8.0,12.0,1050812.0,1130666.0,0.667,642200.0,1160750.0,1139066.0,0.564,72.02,9,26,13,16.6,16,吃老本,True
LUV,Industrials,Southwest Airlines,2024-12-23,33.03,5.75,15.88,20.34,15.58,1.0,2,7,19,6.9,237.76,14.66,False,True,31.05,6.41,1.317,False,34.86,-5.26,4.39,5.75,10.0,9.0,8046600.0,6110933.0,1.111,2827100.0,5947290.0,6210693.0,0.455,94.91,10,2,23,9.4,5,剛爆發,True
CMI,Industrials,Cummins,2024-12-23,342.03,-6.37,8.12,28.19,14.53,0.667,32,17,11,23.3,21.94,10.4,False,False,346.06,6.66,1.118,False,377.83,-9.47,0.41,-5.36,10.0,10.0,718600.0,642940.0,1.0,240300.0,664220.0,728333.0,0.33,81.51,11,13,28,15.2,13,,True
PWR,Industrials,Quanta Services,2024-12-23,322.56,-6.21,8.93,27.26,14.31,0.667,30,16,13,22.4,1.01,0.09,False,False,325.13,7.34,1.32,False,349.56,-7.72,0.17,-6.05,9.0,11.0,1149277.0,870872.0,0.818,582000.0,1048160.0,1050926.0,0.554,81.81,12,12,14,12.4,9,,True
ADP,Industrials,Automatic Data Processing,2024-12-23,285.22,-3.0,9.1,25.36,14.2,0.667,11,15,15,13.0,5.32,1.38,False,False,285.63,3.67,0.994,False,296.63,-3.85,1.66,-3.0,9.0,11.0,1931188.0,1943072.0,0.818,1332000.0,2038160.0,2004466.0,0.665,78.53,13,20,7,14.6,12,吃老本,True
MMM,Industrials,3M,2024-12-23,126.54,-2.51,-4.68,28.76,12.58,0.333,10,49,10,21.7,4.13,14.92,False,True,126.34,4.67,1.141,False,136.66,-7.41,2.4,-1.74,7.0,12.0,3121371.0,2735775.0,0.583,1842600.0,2950940.0,3006306.0,0.613,78.63,14,19,10,15.2,13,,True
EME,Industrials,Emcor,2024-12-23,457.74,-9.95,7.62,25.98,12.41,0.667,59,19,14,38.0,16.82,42.86,False,False,479.88,6.99,0.972,False,530.48,-13.71,-1.06,-9.56,8.0,12.0,333125.0,342858.0,0.667,177600.0,349390.0,352153.0,0.504,70.84,15,27,17,20.2,20,吃老本,True
PH,Industrials,Parker Hannifin,2024-12-23,634.97,-8.41,1.99,27.94,12.36,0.667,50,35,12,37.9,0.95,8.81,False,False,660.64,8.18,0.972,False,702.64,-9.63,0.71,-8.01,7.0,13.0,571771.0,588069.0,0.538,392500.0,684300.0,650513.0,0.603,70.57,16,28,11,19.8,19,吃老本,True
PAYX,Industrials,Paychex,2024-12-23,132.46,-3.42,6.93,20.91,11.33,0.667,13,21,18,16.4,1.51,1.97,False,False,133.42,5.1,1.24,False,141.32,-6.26,2.51,-3.05,8.0,12.0,2530787.0,2040733.0,0.667,2032100.0,2813960.0,2563293.0,0.793,80.88,17,15,2,13.2,11,,True
WAB,Industrials,Wabtec,2024-12-23,190.57,-4.3,5.44,21.76,11.17,0.667,18,23,16,19.1,,,,,,,,,,,,,,,,,,,,,,,18,30,30,,30,吃老本,False
JCI,Industrials,Johnson Controls,2024-12-23,78.71,-4.38,3.86,21.23,10.49,0.667,20,28,17,21.8,,,,,,,,,,,,,,,,,,,,,,,19,30,30,,30,吃老本,False
EMR,Industrials,Emerson Electric,2024-12-23,122.64,-5.2,15.57,15.16,10.18,0.667,23,9,30,20.2,0.69,1.12,False,True,120.48,8.61,1.069,False,131.55,-6.78,2.75,-5.19,8.0,12.0,3122250.0,2920866.0,0.667,1653500.0,3453000.0,3164806.0,0.522,76.69,20,23,16,20.4,21,,True
BR,Industrials,Broadridge Financial Solutions,2024-12-23,220.13,-3.73,7.16,15.82,8.77,0.667,14,20,28,18.6,3.04,0.35,False,True,218.61,5.66,1.133,False,230.54,-4.51,0.98,-3.64,9.0,11.0,453000.0,399890.0,0.818,231400.0,453940.0,425200.0,0.544,80.3,21,17,15,18.2,17,,True
CHRW,Industrials,C.H. Robinson,2024-12-23,100.97,-1.02,-3.54,19.31,8.51,0.333,6,46,20,20.8,11.45,20.15,False,False,104.13,11.26,0.955,False,111.59,-9.52,-1.06,-0.71,9.0,11.0,1074122.0,1124154.0,0.818,517600.0,997000.0,1136586.0,0.455,78.14,22,22,23,22.2,23,,True
J,Industrials,Jacobs Solutions,2024-12-23,131.7,-4.36,4.17,16.19,8.05,0.667,19,27,26,22.8,,,,,,,,,,,,,,,,,,,,,,,23,30,30,,30,吃老本,False
BA,Industrials,Boeing,2024-12-23,180.72,16.26,15.61,-0.71,7.61,0.667,1,8,64,15.7,-19.66,-44.2,False,True,157.27,9.35,1.105,False,267.54,-32.45,2.08,18.58,15.0,5.0,11148213.0,10085420.0,3.0,6806900.0,11532670.0,11862193.0,0.574,100.0,24,1,12,12.4,9,剛爆發,True
GWW,Industrials,W. W. Grainger,2024-12-23,1055.36,-11.31,3.37,18.93,7.48,0.667,66,29,21,45.9,,,,,,,,,,,,,,,,,,,,,,,25,30,30,,30,,False
RTX,Industrials,RTX Corporation,2024-12-23,113.72,-4.2,-2.54,17.5,7.06,0.333,17,44,23,26.3,,,,,,,,,,,,,,,,,,,,,,,26,30,30,,30,,False
LII,Industrials,Lennox International,2024-12-23,609.71,-7.06,2.7,16.12,6.97,0.667,35,31,27,32.2,,,,,,,,,,,,,,,,,,,,,,,27,30,30,,30,,False
HON,Industrials,Honeywell Technologies,2024-12-23,219.71,-1.47,11.08,8.6,6.7,0.667,7,12,41,15.3,3.08,3.1,False,True,213.72,5.96,1.031,False,231.27,-5.0,1.16,-0.06,9.0,11.0,4063087.0,3939813.0,0.818,3089317.0,4614308.0,4180180.0,0.739,80.75,28,16,3,18.2,17,剛爆發,True
DE,Industrials,Deere & Company,2024-12-23,420.32,-7.69,3.25,15.51,6.64,0.667,44,30,29,36.8,,,,,,,,,,,,,,,,,,,,,,,29,30,30,,30,,False
FAST,Industrials,Fastenal,2024-12-23,35.17,-12.61,2.63,17.47,6.24,0.667,70,32,24,49.4,,,,,,,,,,,,,,,,,,,,,,,30,30,30,,30,,False
HUBB,Industrials,Hubbell Incorporated,2024-12-23,415.18,-8.04,-0.97,16.46,5.98,0.333,47,39,25,40.2,,,,,,,,,,,,,,,,,,,,,,,31,30,30,,30,,False
CPRT,Industrials,Copart,2024-12-23,58.46,-7.78,12.29,7.94,5.1,0.667,45,10,44,34.3,0.94,-9.87,False,True,57.6,7.39,0.904,False,64.38,-9.2,0.02,-7.95,6.0,14.0,3259616.0,3606278.0,0.429,2290700.0,3559770.0,3477940.0,0.659,67.48,32,29,8,26.0,26,,True
AME,Industrials,Ametek,2024-12-23,180.67,-6.0,6.19,9.78,4.94,0.667,28,22,38,28.2,,,,,,,,,,,,,,,,,,,,,,,33,30,30,,30,,False
ROK,Industrials,Rockwell Automation,2024-12-23,283.96,-1.57,7.84,6.53,4.83,0.667,8,18,48,19.0,0.13,30.23,False,True,277.09,8.38,1.003,False,300.11,-5.38,1.57,-1.51,10.0,10.0,936510.0,933330.0,1.0,382300.0,1073730.0,1022186.0,0.374,82.28,34,10,26,22.8,24,剛爆發,True
GNRC,Industrials,Generac,2024-12-23,155.67,-17.28,0.54,17.74,4.68,0.667,75,36,22,52.7,,,,,,,,,,,,,,,,,,,,,,,35,30,30,,30,,False
TT,Industrials,Trane Technologies,2024-12-23,369.11,-10.07,-2.52,14.07,3.89,0.333,60,43,31,49.1,,,,,,,,,,,,,,,,,,,,,,,36,30,30,,30,剛爆發,False
TDG,Industrials,TransDigm Group,2024-12-23,1207.85,3.03,-2.85,6.68,3.38,0.667,3,45,47,24.4,5.9,5.8,False,False,1217.16,5.3,1.013,False,1333.02,-9.39,2.44,3.33,10.0,10.0,305690.0,301890.0,1.0,154000.0,340190.0,315620.0,0.488,85.69,37,8,19,21.8,22,剛爆發,True
PCAR,Industrials,Paccar,2024-12-23,101.32,-8.06,9.9,5.11,3.01,0.667,48,14,53,38.8,1.69,-0.85,False,False,104.81,6.89,0.956,False,117.2,-13.55,0.06,-7.41,9.0,11.0,2092566.0,2189954.0,0.818,1640100.0,2421750.0,2284260.0,0.718,74.57,38,24,4,25.6,25,剛爆發,True
ALLE,Industrials,Allegion,2024-12-23,129.92,-5.97,-7.89,12.46,2.77,0.333,27,57,32,37.0,,,,,,,,,,,,,,,,,,,,,,,39,30,30,,30,剛爆發,False
ITW,Industrials,Illinois Tool Works,2024-12-23,245.74,-7.56,-2.26,8.89,1.99,0.333,43,42,40,42.1,,,,,,,,,,,,,,,,,,,,,,,40,30,30,,30,剛爆發,False
JBHT,Industrials,J.B. Hunt,2024-12-23,169.38,-9.04,0.03,8.03,1.76,0.667,53,37,43,46.2,,,,,,,,,,,,,,,,,,,,,,,41,30,30,,30,剛爆發,False
ETN,Industrials,Eaton Corporation,2024-12-23,328.44,-10.87,2.17,7.38,1.52,0.667,64,33,46,51.1,,,,,,,,,,,,,,,,,,,,,,,42,30,30,,30,剛爆發,False
VRSK,Industrials,Verisk Analytics,2024-12-23,273.98,-5.62,5.08,3.17,1.45,0.667,26,25,57,31.9,,,,,,,,,,,,,,,,,,,,,,,43,30,30,,30,剛爆發,False
VLTO,Industrials,Veralto,2024-12-23,102.23,-4.69,-6.51,8.1,1.25,0.333,22,55,42,35.9,,,,,,,,,,,,,,,,,,,,,,,44,30,30,,30,剛爆發,False
RSG,Industrials,Republic Services,2024-12-23,199.04,-7.06,2.05,4.99,1.24,0.667,35,34,54,38.5,,,,,,,,,,,,,,,,,,,,,,,45,30,30,,30,剛爆發,False
NOC,Industrials,Northrop Grumman,2024-12-23,459.8,-3.33,-10.15,9.01,1.13,0.333,12,64,39,33.0,15.36,7.18,False,False,483.55,5.09,1.024,False,539.68,-14.8,0.9,-3.22,10.0,10.0,753510.0,736010.0,1.0,376000.0,664700.0,777200.0,0.484,81.35,46,14,20,28.0,27,剛爆發,True
CAT,Industrials,Caterpillar Inc.,2024-12-23,357.25,-10.16,-6.37,10.38,1.06,0.333,61,54,36,53.9,,,,,,,,,,,,,,,,,,,,,,,47,30,30,,30,剛爆發,False
NSC,Industrials,Norfolk Southern,2024-12-23,228.32,-14.72,-4.03,10.78,0.7,0.333,72,47,34,56.9,,,,,,,,,,,,,,,,,,,,,,,48,30,30,,30,剛爆發,False
IEX,Industrials,IDEX Corporation,2024-12-23,205.79,-8.46,-1.47,5.63,0.33,0.333,51,40,51,47.7,,,,,,,,,,,,,,,,,,,,,,,49,30,30,,30,剛爆發,False
GE,Industrials,GE Aerospace,2024-12-23,168.66,-6.48,-8.1,7.5,0.11,0.333,33,58,45,42.9,,,,,,,,,,,,,,,,,,,,,,,50,30,30,,30,剛爆發,False
MAS,Industrials,Masco,2024-12-23,71.23,-9.11,-12.07,10.64,0.03,0.333,54,69,35,54.7,,,,,,,,,,,,,,,,,,,,,,,51,30,30,,30,剛爆發,False
DOV,Industrials,Dover Corporation,2024-12-23,185.36,-8.53,-2.06,4.92,-0.19,0.333,52,41,55,49.3,,,,,,,,,,,,,,,,,,,,,,,52,30,30,,30,剛爆發,False
EFX,Industrials,Equifax,2024-12-23,252.41,-2.13,-11.71,5.87,-0.52,0.333,9,66,50,34.3,0.84,5.42,False,False,259.83,10.44,0.967,False,304.85,-17.2,0.91,-1.99,12.0,8.0,917975.0,949675.0,1.5,406600.0,1031660.0,1017853.0,0.399,88.58,53,5,25,28.2,28,剛爆發,True
FTV,Industrials,Fortive,2024-12-23,56.64,-4.64,-4.39,2.31,-1.1,0.333,21,48,60,36.9,,,,,,,,,,,,,,,,,,,,,,,54,30,30,,30,剛爆發,False
CARR,Industrials,Carrier Global,2024-12-23,67.44,-10.65,-13.92,9.88,-1.2,0.333,63,72,37,60.5,,,,,,,,,,,,,,,,,,,,,,,55,30,30,,30,剛爆發,False
UNP,Industrials,Union Pacific Corporation,2024-12-23,222.25,-5.48,-5.31,2.75,-1.32,0.333,24,51,58,38.9,,,,,,,,,,,,,,,,,,,,,,,56,30,30,,30,剛爆發,False
URI,Industrials,United Rentals,2024-12-23,707.13,-17.26,-11.82,11.26,-1.64,0.333,74,67,33,63.7,,,,,,,,,,,,,,,,,,,,,,,57,30,30,,30,剛爆發,False
LMT,Industrials,Lockheed Martin,2024-12-23,469.41,-7.06,-15.51,5.93,-2.68,0.333,35,73,49,49.2,,,,,,,,,,,,,,,,,,,,,,,58,30,30,,30,剛爆發,False
FDX,Industrials,FedEx,2024-12-23,218.98,-6.91,5.31,-5.57,-3.19,0.333,34,24,71,38.4,,,,,,,,,,,,,,,,,,,,,,,59,30,30,,30,剛爆發,False
IR,Industrials,Ingersoll Rand,2024-12-23,91.43,-12.1,-6.62,0.85,-4.26,0.333,67,56,62,62.7,,,,,,,,,,,,,,,,,,,,,,,60,30,30,,30,剛爆發,False
CTAS,Industrials,Cintas,2024-12-23,180.97,-18.79,-9.22,5.15,-4.43,0.333,76,61,52,66.7,,,,,,,,,,,,,,,,,,,,,,,61,30,30,,30,剛爆發,False
WM,Industrials,Waste Management,2024-12-23,199.37,-10.3,-0.39,-3.7,-4.52,0.0,62,38,67,55.8,,,,,,,,,,,,,,,,,,,,,,,62,30,30,,30,剛爆發,False
ROL,Industrials,"Rollins, Inc.",2024-12-23,45.82,-7.25,-6.24,-3.71,-5.23,0.0,41,53,68,50.0,,,,,,,,,,,,,,,,,,,,,,,63,30,30,,30,剛爆發,False
CSX,Industrials,CSX Corporation,2024-12-23,31.75,-11.19,-5.69,-2.29,-5.37,0.0,65,52,66,61.3,,,,,,,,,,,,,,,,,,,,,,,64,30,30,,30,剛爆發,False
LDOS,Industrials,Leidos,2024-12-23,142.18,-12.41,-9.3,-0.45,-5.65,0.0,68,62,63,65.2,,,,,,,,,,,,,,,,,,,,,,,65,30,30,,30,剛爆發,False
UPS,Industrials,United Parcel Service,2024-12-23,114.45,-7.08,-4.91,-5.53,-5.76,0.0,39,50,70,48.5,,,,,,,,,,,,,,,,,,,,,,,66,30,30,,30,剛爆發,False
OTIS,Industrials,Otis Worldwide,2024-12-23,90.9,-9.19,-10.1,-2.06,-5.85,0.0,55,63,65,59.4,,,,,,,,,,,,,,,,,,,,,,,67,30,30,,30,剛爆發,False
ODFL,Industrials,Old Dominion,2024-12-23,178.47,-19.85,-8.27,2.31,-5.87,0.333,78,59,60,68.7,,,,,,,,,,,,,,,,,,,,,,,68,30,30,,30,剛爆發,False
SWK,Industrials,Stanley Black & Decker,2024-12-23,75.34,-9.92,-25.88,2.62,-7.64,0.333,58,78,59,64.2,,,,,,,,,,,,,,,,,,,,,,,69,30,30,,30,剛爆發,False
GD,Industrials,General Dynamics,2024-12-23,257.39,-6.29,-10.9,-7.37,-7.98,0.0,31,65,72,49.4,,,,,,,,,,,,,,,,,,,,,,,70,30,30,,30,剛爆發,False
LHX,Industrials,L3Harris,2024-12-23,206.82,-13.76,-9.2,-4.51,-8.0,0.0,71,60,69,67.3,,,,,,,,,,,,,,,,,,,,,,,71,30,30,,30,剛爆發,False
BLDR,Industrials,Builders FirstSource,2024-12-23,145.08,-22.2,-25.31,4.82,-9.47,0.333,79,77,56,73.8,,,,,,,,,,,,,,,,,,,,,,,72,30,30,,30,剛爆發,False
EXPD,Industrials,Expeditors International,2024-12-23,109.51,-7.85,-13.06,-10.17,-10.31,0.0,46,71,75,59.3,,,,,,,,,,,,,,,,,,,,,,,73,30,30,,30,剛爆發,False
TXT,Industrials,Textron,2024-12-23,77.1,-9.81,-11.99,-10.03,-10.47,0.0,57,68,74,63.7,,,,,,,,,,,,,,,,,,,,,,,74,30,30,,30,剛爆發,False
XYL,Industrials,Xylem Inc.,2024-12-23,115.3,-7.27,-12.38,-12.87,-11.35,0.0,42,70,76,57.2,,,,,,,,,,,,,,,,,,,,,,,75,30,30,,30,剛爆發,False
NDSN,Industrials,Nordson Corporation,2024-12-23,206.22,-19.05,-19.26,-8.63,-13.89,0.0,77,74,73,75.3,,,,,,,,,,,,,,,,,,,,,,,76,30,30,,30,剛爆發,False
AOS,Industrials,A. O. Smith,2024-12-23,65.94,-8.14,-24.12,-15.63,-15.88,0.0,49,76,77,62.7,,,,,,,,,,,,,,,,,,,,,,,77,30,30,,30,剛爆發,False
UBER,Industrials,Uber,2024-12-23,61.13,-15.05,-19.3,-15.89,-16.53,0.0,73,75,78,74.6,,,,,,,,,,,,,,,,,,,,,,,78,30,30,,30,剛爆發,False
HII,Industrials,Huntington Ingalls Industries,2024-12-23,184.69,-3.79,-27.12,-21.81,-18.63,0.0,15,79,79,47.0,-31.67,25.71,False,False,199.78,9.75,1.706,False,285.7,-35.36,1.5,-3.84,8.0,12.0,869537.0,509833.0,0.667,332400.0,737310.0,703313.0,0.473,88.14,79,6,21,38.2,29,剛爆發,False
APP,Information Technology,AppLovin,2024-12-23,335.17,-0.47,162.36,302.75,191.85,0.667,30,1,1,15.5,19.64,-7.16,False,True,276.82,12.58,0.912,False,417.64,-19.75,5.15,2.01,12.0,8.0,5840033.0,6402600.0,1.5,2506500.0,4895140.0,6349613.0,0.395,91.73,1,19,21,12.2,10,吃老本,True
PLTR,Information Technology,Palantir Technologies,2024-12-23,79.08,17.89,114.66,212.2,139.24,1.0,4,2,2,3.0,10.06,10.55,False,True,61.67,18.7,1.056,False,84.8,-6.74,6.56,19.73,11.0,9.0,97286381.0,92118055.0,1.222,66975900.0,105429610.0,104605446.0,0.64,100.0,2,1,6,2.4,1,,True
CIEN,Information Technology,Ciena,2024-12-23,86.66,24.3,40.2,79.87,56.06,1.0,2,5,3,3.1,-17.47,34.46,False,True,72.6,9.98,1.419,False,91.82,-5.62,1.01,25.29,13.0,7.0,2989807.0,2107114.0,1.857,1093800.0,2564180.0,3137886.0,0.349,100.0,3,1,24,6.4,3,,False
MRVL,Information Technology,Marvell Technology,2024-12-23,113.1,22.58,60.18,62.82,52.1,1.0,3,3,5,3.4,5.53,2.28,False,True,96.09,19.04,1.221,False,125.57,-9.93,4.13,26.1,11.0,9.0,21659463.0,17744888.0,1.222,6199900.0,19405560.0,17624646.0,0.352,100.0,4,1,23,6.6,4,,True
AVGO,Information Technology,Broadcom,2024-12-23,238.71,49.55,40.37,51.47,48.22,1.0,1,4,7,3.1,2.04,2.79,False,True,182.02,17.43,1.314,False,248.04,-3.76,11.03,51.81,12.0,8.0,50682933.0,38571962.0,1.5,29282200.0,65126980.0,54400793.0,0.538,100.0,5,1,9,4.2,2,,True
LITE,Information Technology,Lumentum,2024-12-23,84.36,-3.0,30.73,65.67,39.77,0.667,42,6,4,23.6,48.05,131.84,False,True,80.32,17.2,1.036,False,96.25,-12.35,0.96,0.7,12.0,8.0,1535733.0,1482112.0,1.5,583600.0,1441050.0,1469440.0,0.397,91.44,6,20,20,14.4,14,吃老本,True
FTNT,Information Technology,Fortinet,2024-12-23,96.08,1.08,24.05,59.42,35.99,1.0,22,10,6,15.2,21.52,40.18,False,True,90.9,6.77,1.226,False,100.59,-4.48,1.3,2.15,12.0,8.0,4360875.0,3556037.0,1.5,2774700.0,4396510.0,4109240.0,0.675,95.77,7,14,5,9.4,8,吃老本,True
GDDY,Information Technology,GoDaddy,2024-12-23,203.45,2.98,30.42,45.62,31.16,1.0,15,7,9,11.4,27.91,11.43,False,True,187.74,5.4,1.344,False,211.11,-3.63,0.25,2.83,11.0,9.0,1393472.0,1036588.0,1.222,530500.0,1006940.0,1120373.0,0.474,93.66,8,17,15,13.0,11,吃老本,True
FFIV,Information Technology,"F5, Inc.",2024-12-23,255.63,2.11,16.73,48.42,28.92,1.0,19,15,8,15.6,6.41,13.08,False,True,243.28,6.43,1.159,False,264.5,-3.35,2.08,2.22,14.0,6.0,515921.0,445016.0,2.333,212200.0,457640.0,526413.0,0.403,100.0,9,1,19,7.8,5,剛爆發,True
NOW,Information Technology,ServiceNow,2024-12-23,216.29,3.05,22.64,37.47,25.16,1.0,14,11,10,12.3,7.78,10.44,False,True,206.8,7.91,1.156,False,231.58,-6.6,0.61,3.85,12.0,8.0,6268583.0,5423875.0,1.5,5082500.0,6000600.0,5886800.0,0.863,95.28,10,15,4,10.8,9,,True
JBL,Information Technology,Jabil,2024-12-23,145.59,7.43,19.35,34.32,23.85,1.0,10,13,12,11.3,6.53,3.63,False,True,132.4,12.06,1.657,False,156.26,-6.83,3.9,9.44,9.0,11.0,1903988.0,1149372.0,0.818,637800.0,2144600.0,1713420.0,0.372,98.49,11,12,22,13.6,12,,True
CRM,Information Technology,Salesforce,2024-12-23,334.55,2.68,22.48,32.2,22.39,1.0,16,12,15,14.6,-1.47,8.63,False,True,322.38,9.65,1.533,False,364.33,-8.17,0.66,2.67,9.0,11.0,9373555.0,6115827.0,0.818,3220400.0,6253200.0,6249833.0,0.515,90.96,12,21,12,15.6,16,吃老本,False
ANET,Information Technology,Arista Networks,2024-12-23,113.03,11.41,18.9,29.0,22.08,1.0,6,14,17,10.6,15.31,8.37,False,True,103.21,8.82,1.17,False,116.94,-3.34,3.63,12.39,14.0,6.0,6488357.0,5546916.0,2.333,3178100.0,6304870.0,6244320.0,0.509,100.0,13,1,13,8.2,6,剛爆發,True
FLEX,Information Technology,Flex Ltd.,2024-12-23,39.12,0.38,16.57,32.66,20.57,1.0,24,16,14,19.6,14.34,25.22,False,True,37.72,7.88,1.143,False,42.47,-7.89,3.9,0.77,10.0,10.0,3396820.0,2971170.0,1.0,1425500.0,3442040.0,3099513.0,0.46,87.03,14,23,16,18.0,18,吃老本,True
COHR,Information Technology,Coherent Corp.,2024-12-23,96.99,-3.16,7.97,33.85,18.13,0.667,43,28,13,32.5,20.52,2.18,False,False,100.88,15.27,0.944,False,113.6,-14.62,0.84,-1.12,12.0,8.0,2039150.0,2160400.0,1.5,1107100.0,2068820.0,2131173.0,0.519,88.68,15,22,11,17.0,17,吃老本,True
CSCO,Information Technology,Cisco,2024-12-23,57.28,0.68,13.29,27.51,17.25,1.0,23,18,18,20.5,,,,,,,,,,,,,,,,,,,,,,,16,26,26,,26,吃老本,False
TRMB,Information Technology,Trimble Inc.,2024-12-23,71.2,-2.43,15.49,27.32,16.93,0.667,40,17,19,28.9,,,,,,,,,,,,,,,,,,,,,,,17,26,26,,26,吃老本,False
FICO,Information Technology,Fair Isaac,2024-12-23,2037.33,-14.22,6.13,36.86,16.41,0.667,69,31,11,46.0,2.38,-1.06,False,False,2176.51,8.87,0.941,False,2402.52,-15.2,-0.37,-13.45,8.0,12.0,154062.0,163683.0,0.667,103700.0,156040.0,162973.0,0.636,68.25,18,25,7,18.6,19,吃老本,True
AAPL,Information Technology,Apple Inc.,2024-12-23,253.97,7.69,12.33,21.63,15.82,1.0,9,20,22,14.9,2.48,4.36,False,True,235.31,5.69,1.035,False,258.45,-1.73,2.32,8.79,16.0,4.0,46884593.0,45301450.0,4.0,42355300.0,53504410.0,48764133.0,0.869,100.0,19,1,3,8.6,7,剛爆發,True
IBM,Information Technology,IBM,2024-12-23,214.36,-2.04,1.67,30.96,15.39,0.667,38,38,16,33.6,,,,,,,,,,,,,,,,,,,,,,,20,26,26,,26,吃老本,False
GLW,Information Technology,Corning Inc.,2024-12-23,46.73,-1.83,7.12,24.56,13.6,0.667,36,29,21,30.9,,,,,,,,,,,,,,,,,,,,,,,21,26,26,,26,,False
WDAY,Information Technology,"Workday, Inc.",2024-12-23,266.24,6.5,9.28,19.09,13.49,1.0,11,24,28,18.3,7.49,6.05,False,True,258.79,7.53,2.16,False,311.28,-14.47,-0.22,5.07,11.0,9.0,7577800.0,3508155.0,1.222,1602800.0,7415970.0,6732193.0,0.238,100.0,22,1,25,14.2,13,剛爆發,True
ZBRA,Information Technology,Zebra Technologies,2024-12-23,389.07,-4.41,5.55,25.94,13.26,0.667,46,32,20,36.6,,,,,,,,,,,,,,,,,,,,,,,23,26,26,,26,,False
ADSK,Information Technology,Autodesk,2024-12-23,297.59,1.95,9.45,20.26,12.98,1.0,20,23,26,22.1,,,,,,,,,,,,,,,,,,,,,,,24,26,26,,26,,False
DDOG,Information Technology,Datadog,2024-12-23,145.99,-4.43,27.84,12.57,12.14,0.667,47,8,33,32.5,16.43,20.82,False,True,140.4,10.63,0.956,False,170.08,-14.16,-0.64,-3.93,11.0,9.0,4685736.0,4903188.0,1.222,1943400.0,3642330.0,4724260.0,0.411,82.44,25,24,17,23.0,22,,True
TDY,Information Technology,Teledyne Technologies,2024-12-23,471.44,-2.85,8.19,21.51,12.09,0.667,41,26,24,33.1,,,,,,,,,,,,,,,,,,,,,,,26,26,26,,26,,False
VRSN,Information Technology,Verisign,2024-12-23,200.9,8.96,6.98,14.71,11.34,1.0,7,30,32,18.9,3.0,4.0,False,True,185.17,7.62,1.226,False,204.93,-1.97,5.43,6.43,12.0,8.0,674966.0,550412.0,1.5,569600.0,623120.0,605466.0,0.941,99.99,27,10,2,15.2,15,剛爆發,True
MSI,Information Technology,Motorola Solutions,2024-12-23,459.68,-6.26,4.94,21.61,10.47,0.667,54,33,23,41.5,,,,,,,,,,,,,,,,,,,,,,,28,26,26,,26,,False
ACN,Information Technology,Accenture,2024-12-23,344.08,-1.71,2.27,18.39,9.33,0.667,35,37,29,34.4,,,,,,,,,,,,,,,,,,,,,,,29,26,26,,26,,False
CTSH,Information Technology,Cognizant,2024-12-23,77.0,-1.6,3.41,17.39,9.15,0.667,34,34,30,33.2,,,,,,,,,,,,,,,,,,,,,,,30,26,26,,26,,False
KEYS,Information Technology,Keysight Technologies,2024-12-23,162.91,-4.64,2.65,19.13,9.07,0.667,50,36,27,41.2,,,,,,,,,,,,,,,,,,,,,,,31,26,26,,26,,False
NVDA,Information Technology,Nvidia,2024-12-23,136.81,-0.89,12.87,10.92,8.45,0.667,33,19,35,29.2,,,,,,,,,,,,,,,,,,,,,,,32,26,26,,26,剛爆發,False
ORCL,Information Technology,Oracle Corporation,2024-12-23,165.7,-8.59,0.36,20.27,8.07,0.667,62,43,25,48.9,,,,,,,,,,,,,,,,,,,,,,,33,26,26,,26,剛爆發,False
TYL,Information Technology,Tyler Technologies,2024-12-23,587.1,-6.69,1.66,16.77,7.13,0.667,56,39,31,45.9,,,,,,,,,,,,,,,,,,,,,,,34,26,26,,26,剛爆發,False
PANW,Information Technology,Palo Alto Networks,2024-12-23,186.18,-3.99,10.9,9.84,6.65,0.667,44,22,36,35.8,,,,,,,,,,,,,,,,,,,,,,,35,26,26,,26,剛爆發,False
HPE,Information Technology,Hewlett Packard Enterprise,2024-12-23,20.89,2.67,8.17,3.64,4.53,1.0,17,27,40,24.6,,,,,,,,,,,,,,,,,,,,,,,36,26,26,,26,剛爆發,False
APH,Information Technology,Amphenol,2024-12-23,69.96,-2.42,9.04,5.51,4.41,0.667,39,25,39,34.8,,,,,,,,,,,,,,,,,,,,,,,37,26,26,,26,剛爆發,False
GEN,Information Technology,Gen Digital,2024-12-23,26.88,-10.37,1.08,11.71,3.53,0.667,65,41,34,51.6,,,,,,,,,,,,,,,,,,,,,,,38,26,26,,26,剛爆發,False
AKAM,Information Technology,Akamai Technologies,2024-12-23,96.97,3.14,-4.53,7.65,3.48,0.667,13,50,38,29.1,0.01,3.02,False,False,97.2,6.54,1.063,False,129.17,-24.93,2.53,3.31,12.0,8.0,1555541.0,1463575.0,1.5,724900.0,1475050.0,1431853.0,0.506,94.1,39,16,14,24.8,23,剛爆發,True
CRWD,Information Technology,CrowdStrike,2024-12-23,88.75,2.61,24.18,-7.36,3.02,0.667,18,9,51,21.9,14.94,7.74,False,True,85.13,12.07,1.276,False,99.58,-10.88,1.13,2.13,12.0,8.0,15148866.0,11870500.0,1.5,13381600.0,14092440.0,13189280.0,1.015,96.56,40,13,1,21.4,21,剛爆發,True
CDNS,Information Technology,Cadence Design Systems,2024-12-23,305.03,-0.58,11.27,-0.88,2.23,0.333,32,21,43,30.9,,,,,,,,,,,,,,,,,,,,,,,41,26,26,,26,剛爆發,False
IT,Information Technology,Gartner,2024-12-23,486.96,-5.98,-4.32,8.44,1.65,0.333,53,47,37,48.0,,,,,,,,,,,,,,,,,,,,,,,42,26,26,,26,剛爆發,False
INTU,Information Technology,Intuit,2024-12-23,628.48,-0.49,3.33,-2.54,-0.56,0.333,31,35,44,34.8,,,,,,,,,,,,,,,,,,,,,,,43,26,26,,26,剛爆發,False
PTC,Information Technology,PTC Inc.,2024-12-23,184.5,-7.78,1.27,1.56,-0.85,0.667,59,40,41,49.7,,,,,,,,,,,,,,,,,,,,,,,44,26,26,,26,剛爆發,False
MSFT,Information Technology,Microsoft,2024-12-23,425.48,1.67,0.79,-3.31,-1.04,0.667,21,42,46,32.3,,,,,,,,,,,,,,,,,,,,,,,45,26,26,,26,剛爆發,False
TEL,Information Technology,TE Connectivity,2024-12-23,142.25,-4.06,-3.71,-2.79,-3.34,0.0,45,46,45,45.3,,,,,,,,,,,,,,,,,,,,,,,46,26,26,,26,剛爆發,False
TXN,Information Technology,Texas Instruments,2024-12-23,182.1,-4.9,-7.99,-0.43,-3.44,0.0,51,55,42,50.4,,,,,,,,,,,,,,,,,,,,,,,47,26,26,,26,剛爆發,False
TER,Information Technology,Teradyne,2024-12-23,127.88,16.85,-4.42,-13.14,-3.46,0.333,5,49,53,27.8,14.24,11.82,False,True,114.6,9.05,1.21,False,162.04,-21.08,2.68,18.92,15.0,5.0,2826500.0,2335360.0,3.0,1640200.0,2935690.0,2841940.0,0.577,100.0,48,1,8,21.2,20,剛爆發,True
ADI,Information Technology,Analog Devices,2024-12-23,212.22,-0.06,-6.09,-4.16,-3.62,0.0,25,53,49,38.2,,,,,,,,,,,,,,,,,,,,,,,49,26,26,,26,剛爆發,False
HPQ,Information Technology,HP Inc.,2024-12-23,30.98,-5.28,-5.23,-3.38,-4.32,0.0,52,51,47,50.7,,,,,,,,,,,,,,,,,,,,,,,50,26,26,,26,剛爆發,False
NTAP,Information Technology,NetApp,2024-12-23,113.15,-4.63,-3.12,-8.44,-6.16,0.0,49,45,52,48.4,,,,,,,,,,,,,,,,,,,,,,,51,26,26,,26,剛爆發,False
ON,Information Technology,ON Semiconductor,2024-12-23,66.01,-7.19,-11.26,-3.71,-6.47,0.0,57,58,48,55.5,,,,,,,,,,,,,,,,,,,,,,,52,26,26,,26,剛爆發,False
ROP,Information Technology,Roper Technologies,2024-12-23,517.02,-7.51,-5.27,-6.8,-6.59,0.0,58,52,50,54.6,,,,,,,,,,,,,,,,,,,,,,,53,26,26,,26,剛爆發,False
SWKS,Information Technology,Skyworks Solutions,2024-12-23,84.75,3.74,-8.07,-14.19,-8.18,0.333,12,56,55,33.8,1.9,-0.4,False,True,83.65,6.44,0.981,False,111.99,-24.32,2.14,4.69,12.0,8.0,2408941.0,2455350.0,1.5,1332100.0,2588800.0,2484880.0,0.536,93.34,54,18,10,30.8,24,剛爆發,True
DELL,Information Technology,Dell Technologies,2024-12-23,114.19,-8.04,-2.06,-14.32,-9.69,0.0,60,44,56,54.4,,,,,,,,,,,,,,,,,,,,,,,55,26,26,,26,剛爆發,False
QCOM,Information Technology,Qualcomm,2024-12-23,152.25,-0.29,-7.09,-20.23,-11.96,0.0,27,54,62,42.1,,,,,,,,,,,,,,,,,,,,,,,56,26,26,,26,剛爆發,False
SNPS,Information Technology,Synopsys,2024-12-23,490.91,-12.1,-4.36,-17.5,-12.87,0.0,66,48,57,58.8,,,,,,,,,,,,,,,,,,,,,,,57,26,26,,26,剛爆發,False
NXPI,Information Technology,NXP Semiconductors,2024-12-23,208.03,-6.38,-12.33,-19.85,-14.6,0.0,55,59,60,57.2,,,,,,,,,,,,,,,,,,,,,,,58,26,26,,26,剛爆發,False
STX,Information Technology,Seagate Technology,2024-12-23,85.52,-13.12,-19.04,-14.17,-15.13,0.0,67,66,54,64.1,,,,,,,,,,,,,,,,,,,,,,,59,26,26,,26,剛爆發,False
KLAC,Information Technology,KLA Corporation,2024-12-23,63.77,-0.34,-17.36,-21.43,-15.14,0.0,28,63,64,45.7,,,,,,,,,,,,,,,,,,,,,,,60,26,26,,26,剛爆發,False
CDW,Information Technology,CDW Corporation,2024-12-23,171.31,-0.07,-22.12,-20.97,-16.03,0.0,26,67,63,45.7,,,,,,,,,,,,,,,,,,,,,,,61,26,26,,26,剛爆發,False
ADBE,Information Technology,Adobe Inc.,2024-12-23,446.48,-13.46,-13.39,-19.63,-16.53,0.0,68,61,59,64.1,,,,,,,,,,,,,,,,,,,,,,,62,26,26,,26,剛爆發,False
WDC,Information Technology,Western Digital,2024-12-23,45.67,-16.84,-12.56,-19.89,-17.29,0.0,72,60,61,66.2,,,,,,,,,,,,,,,,,,,,,,,63,26,26,,26,剛爆發,False
LRCX,Information Technology,Lam Research,2024-12-23,72.6,-0.34,-10.99,-30.65,-18.16,0.0,28,57,68,44.7,,,,,,,,,,,,,,,,,,,,,,,64,26,26,,26,剛爆發,False
FSLR,Information Technology,First Solar,2024-12-23,182.63,-8.35,-28.59,-19.0,-18.73,0.0,61,71,58,63.4,,,,,,,,,,,,,,,,,,,,,,,65,26,26,,26,剛爆發,False
MPWR,Information Technology,Monolithic Power Systems,2024-12-23,604.27,7.94,-33.67,-25.33,-19.1,0.333,8,72,66,38.8,2.27,3.34,False,False,672.22,10.22,1.136,False,945.15,-36.07,4.0,9.36,12.0,8.0,864700.0,761262.0,1.5,354600.0,855700.0,870580.0,0.407,99.6,66,11,18,34.4,25,剛爆發,True
AMD,Information Technology,Advanced Micro Devices,2024-12-23,125.19,-8.74,-23.83,-22.82,-19.55,0.0,63,69,65,65.2,,,,,,,,,,,,,,,,,,,,,,,67,26,26,,26,剛爆發,False
AMAT,Information Technology,Applied Materials,2024-12-23,164.77,-4.51,-18.4,-29.0,-20.23,0.0,48,65,67,56.9,,,,,,,,,,,,,,,,,,,,,,,68,26,26,,26,剛爆發,False
MU,Information Technology,Micron Technology,2024-12-23,88.18,-9.52,-17.46,-32.48,-22.98,0.0,64,64,69,65.0,,,,,,,,,,,,,,,,,,,,,,,69,26,26,,26,剛爆發,False
INTC,Information Technology,Intel,2024-12-23,20.3,-15.59,-15.1,-34.04,-24.69,0.0,71,62,70,68.1,,,,,,,,,,,,,,,,,,,,,,,70,26,26,,26,剛爆發,False
MCHP,Information Technology,Microchip Technology,2024-12-23,55.94,-14.42,-27.11,-35.45,-28.11,0.0,70,70,71,70.2,,,,,,,,,,,,,,,,,,,,,,,71,26,26,,26,剛爆發,False
SMCI,Information Technology,Supermicro,2024-12-23,31.98,-2.02,-23.81,-60.97,-36.94,0.0,37,68,72,53.3,,,,,,,,,,,,,,,,,,,,,,,72,26,26,,26,剛爆發,False
IP,Materials,International Paper,2024-12-23,51.08,-7.38,12.02,28.61,15.47,0.667,6,1,1,3.5,74.83,31.85,False,False,51.38,5.64,0.937,False,56.58,-9.72,1.21,-6.66,11.0,9.0,2913909.0,3109433.0,1.222,1681200.0,2879590.0,3027733.0,0.555,81.22,1,5,12,4.8,2,,True
PKG,Materials,Packaging Corporation of America,2024-12-23,218.75,-8.24,5.86,25.83,12.32,0.667,10,3,2,6.3,5.86,2.25,False,False,225.42,6.14,1.07,False,240.28,-8.96,0.39,-7.56,7.0,13.0,764142.0,714038.0,0.538,894100.0,875180.0,797540.0,1.121,72.42,2,13,1,6.2,4,吃老本,True
SW,Materials,Smurfit Westrock,2024-12-23,51.84,-1.22,9.16,19.49,11.73,0.667,1,2,4,1.9,-1.78,4.6,False,True,49.44,7.57,1.087,False,54.35,-4.63,6.19,-0.75,11.0,9.0,3367027.0,3097033.0,1.222,2612300.0,3775720.0,3450953.0,0.757,89.39,3,1,4,2.4,1,,False
CRH,Materials,CRH plc,2024-12-23,92.19,-8.5,1.52,25.74,11.13,0.667,12,5,3,8.1,-5.91,3.85,False,False,96.12,6.66,0.961,False,102.68,-10.22,0.56,-8.2,9.0,11.0,3224044.0,3353618.0,0.818,1335900.0,2783320.0,3345220.0,0.399,74.4,4,11,21,10.2,7,吃老本,False
CF,Materials,CF Industries,2024-12-23,81.98,-5.48,-0.46,15.73,6.38,0.333,4,6,5,4.8,34.29,20.47,False,False,83.34,7.32,1.426,False,91.37,-10.28,1.11,-4.41,8.0,11.0,2043237.0,1432781.0,0.727,852800.0,1779720.0,1646660.0,0.518,83.66,5,2,14,5.6,3,,True
APD,Materials,Air Products,2024-12-23,279.96,-12.42,-1.93,14.94,3.88,0.333,22,8,7,14.8,2.49,5.3,False,False,302.66,7.26,1.073,False,322.21,-13.11,-0.12,-12.13,5.0,15.0,1023220.0,953520.0,0.333,457000.0,924630.0,915740.0,0.499,66.45,6,16,16,12.0,13,吃老本,True
VMC,Materials,Vulcan Materials Company,2024-12-23,259.42,-8.94,5.02,5.88,1.96,0.667,13,4,9,9.5,-4.06,-5.78,False,False,271.91,7.61,1.039,False,294.97,-12.05,0.55,-8.39,7.0,13.0,767442.0,738669.0,0.538,409300.0,770280.0,807620.0,0.507,71.44,7,15,15,11.8,12,吃老本,True
SHW,Materials,Sherwin-Williams,2024-12-23,338.63,-13.62,-10.14,15.48,1.8,0.333,23,14,6,16.9,-4.84,6.11,False,False,368.0,8.34,1.081,False,394.98,-14.27,0.27,-12.86,5.0,15.0,1580580.0,1461500.0,0.333,881700.0,1471660.0,1552960.0,0.568,66.32,8,17,10,12.0,13,吃老本,False
CTVA,Materials,Corteva,2024-12-23,56.4,-7.78,-2.02,6.73,0.91,0.333,7,9,8,7.8,-64.42,6.16,False,False,58.62,6.85,1.476,False,63.09,-10.6,1.92,-8.17,6.0,14.0,4339583.0,2940607.0,0.429,1502100.0,3646190.0,3600000.0,0.417,78.12,9,6,20,10.0,6,,False
ECL,Materials,Ecolab,2024-12-23,234.07,-4.18,-6.37,0.39,-2.44,0.333,3,10,10,6.5,0.28,0.48,False,False,243.43,7.92,0.986,False,257.86,-9.23,0.95,-3.76,8.0,12.0,1066462.0,1082108.0,0.667,517400.0,1223310.0,1158280.0,0.447,75.37,10,8,19,11.0,9,,True
MLM,Materials,Martin Marietta Materials,2024-12-23,524.41,-11.74,-1.78,-2.12,-4.44,0.0,20,7,12,14.5,-5.53,-1.11,False,False,571.4,6.46,1.031,False,627.1,-16.38,0.58,-11.09,3.0,17.0,424800.0,412200.0,0.176,249300.0,452760.0,427873.0,0.583,64.26,11,18,8,13.2,16,吃老本,False
PPG,Materials,PPG Industries,2024-12-23,115.86,-3.21,-10.05,-3.31,-4.97,0.0,2,13,14,7.7,-0.86,0.61,False,False,119.48,5.19,0.905,False,142.18,-18.52,0.72,-2.49,11.0,9.0,2132318.0,2356566.0,1.222,993100.0,2131500.0,2192366.0,0.453,82.96,12,3,18,9.6,5,剛爆發,False
LIN,Materials,Linde plc,2024-12-23,414.65,-7.97,-11.52,-3.03,-6.39,0.0,8,16,13,11.4,0.88,1.69,False,False,443.26,4.73,1.202,False,476.45,-12.97,0.81,-7.19,7.0,13.0,2697500.0,2243784.0,0.538,1444900.0,2785550.0,2569240.0,0.562,75.13,13,10,11,11.4,11,,True
AMCR,Materials,Amcor,2024-12-23,44.63,-11.28,-15.79,-1.17,-7.35,0.0,19,19,11,17.4,-1.22,2.93,False,False,48.43,6.8,0.779,False,53.6,-16.74,0.43,-10.1,4.0,15.0,2438530.0,3129962.0,0.267,1892240.0,3296578.0,3121545.0,0.606,61.75,14,20,7,15.0,19,吃老本,False
DD,Materials,DuPont,2024-12-23,93.41,-8.33,-14.03,-3.92,-7.55,0.0,11,17,15,13.6,14.71,13.65,False,False,100.06,6.86,1.272,False,109.28,-14.53,-0.29,-8.25,7.0,13.0,1801650.0,1416620.0,0.538,1107207.0,1566469.0,1597502.0,0.693,75.27,15,9,6,10.8,8,剛爆發,True
ALB,Materials,Albemarle Corporation,2024-12-23,86.06,-17.7,-7.72,-6.78,-9.74,0.0,24,11,17,18.7,-221.72,-91.27,False,False,97.39,15.97,0.944,False,147.38,-41.6,-0.71,-17.91,6.0,14.0,1740433.0,1844650.0,0.429,1397000.0,1880770.0,1813506.0,0.77,61.91,16,19,3,14.6,18,,False
BALL,Materials,Ball Corporation,2024-12-23,54.61,-9.89,-16.99,-6.39,-9.91,0.0,18,20,16,18.2,,,,,,,,,,,,,,,,,,,,,,,17,22,22,,22,,False
IFF,Materials,International Flavors & Fragrances,2024-12-23,81.74,-6.98,-19.15,-10.39,-11.73,0.0,5,21,20,12.8,-3.31,19.48,False,False,88.75,4.28,1.35,False,102.69,-20.4,-1.11,-6.42,6.0,14.0,1639066.0,1214371.0,0.429,740700.0,1381420.0,1371086.0,0.54,75.75,18,7,13,12.6,15,剛爆發,False
STLD,Materials,Steel Dynamics,2024-12-23,113.05,-20.31,-7.77,-10.27,-12.16,0.0,25,12,19,19.9,3.44,1.94,False,False,131.45,10.54,0.96,False,151.9,-25.58,0.42,-19.51,6.0,14.0,1468550.0,1529514.0,0.429,782500.0,1706710.0,1630273.0,0.48,61.69,19,21,17,19.4,21,,True
AVY,Materials,Avery Dennison,2024-12-23,182.49,-8.07,-14.85,-13.07,-12.26,0.0,9,18,21,14.1,-0.42,6.91,False,False,194.78,6.17,0.929,False,224.15,-18.59,1.21,-7.72,8.0,12.0,522512.0,562441.0,0.667,573000.0,580230.0,561460.0,1.021,72.11,20,14,2,14.0,17,剛爆發,False
MOS,Materials,Mosaic Company (The),2024-12-23,22.72,-9.07,-10.96,-16.11,-13.06,0.0,14,15,22,15.9,-34.49,-18.42,False,False,24.8,14.34,1.58,False,34.46,-34.08,-0.04,-6.49,7.0,12.0,5674557.0,3592308.0,0.583,2922100.0,3975550.0,4118726.0,0.709,82.48,21,4,5,11.0,9,剛爆發,False
NEM,Materials,Newmont,2024-12-23,37.05,-9.78,-29.38,-8.64,-14.11,0.0,17,26,18,19.9,,,,,,,,,,,,,,,,,,,,,,,22,22,22,,22,,False
LYB,Materials,LyondellBasell,2024-12-23,65.99,-9.59,-21.86,-20.14,-17.93,0.0,16,22,24,19.4,,,,,,,,,,,,,,,,,,,,,,,23,22,22,,22,,False
FCX,Materials,Freeport-McMoRan,2024-12-23,38.01,-12.08,-24.08,-19.56,-18.82,0.0,21,24,23,22.3,,,,,,,,,,,,,,,,,,,,,,,24,22,22,,22,,False
DOW,Materials,Dow Inc.,2024-12-23,36.44,-9.45,-26.17,-22.33,-20.07,0.0,15,25,25,20.0,-0.24,-5.08,False,False,40.73,6.26,1.006,False,53.02,-31.27,2.38,-8.9,8.0,12.0,8500212.0,8449350.0,0.667,4855000.0,8532410.0,8483980.0,0.572,73.22,25,12,9,16.6,20,剛爆發,True
NUE,Materials,Nucor,2024-12-23,114.18,-24.18,-21.88,-25.54,-24.29,0.0,26,23,26,25.1,,,,,,,,,,,,,,,,,,,,,,,26,22,22,,22,,False
CBRE,Real Estate,CBRE Group,2024-12-23,130.63,-6.69,6.06,46.59,23.14,0.667,11,3,1,6.6,13.1,14.28,False,False,133.09,11.06,1.254,False,142.0,-8.01,3.96,-7.16,9.0,11.0,2219044.0,1769672.0,0.818,975800.0,2244200.0,2069886.0,0.471,81.5,1,3,17,5.0,3,,True
EQIX,Real Estate,Equinix,2024-12-23,912.02,-3.96,7.3,25.83,13.75,0.667,3,2,2,2.5,4.61,16.83,False,True,898.27,6.75,1.037,False,961.72,-5.17,2.29,-3.72,10.0,10.0,481140.0,463860.0,1.0,289700.0,530050.0,497320.0,0.583,81.83,2,2,10,3.6,1,,True
REG,Real Estate,Regency Centers,2024-12-23,69.68,-1.25,4.48,21.1,11.36,0.667,1,4,6,2.9,15.81,16.38,False,True,68.88,5.65,1.08,False,72.02,-3.26,2.11,-1.66,9.0,11.0,1214566.0,1124481.0,0.818,808500.0,1291240.0,1239193.0,0.652,81.02,3,4,6,4.0,2,,True
DLR,Real Estate,Digital Realty,2024-12-23,170.51,-8.37,11.26,18.83,10.14,0.667,15,1,7,9.2,-19.46,-24.94,False,False,173.06,6.66,1.085,False,188.28,-9.44,0.75,-8.18,7.0,13.0,1950485.0,1797400.0,0.538,822900.0,1888660.0,1935560.0,0.425,72.46,4,19,20,13.2,15,吃老本,True
KIM,Real Estate,Kimco Realty,2024-12-23,21.8,-7.69,2.8,22.55,10.05,0.667,13,6,4,9.1,5.32,1.58,False,False,22.69,8.77,1.073,False,23.85,-8.62,1.56,-8.44,8.0,12.0,3902262.0,3635500.0,0.667,2023500.0,3952810.0,3838293.0,0.527,74.34,5,15,12,10.4,9,吃老本,True
WELL,Real Estate,Welltower,2024-12-23,121.99,-9.54,-1.24,21.19,7.9,0.333,21,9,5,14.2,17.03,25.1,False,False,129.25,6.14,1.425,False,137.37,-11.19,0.99,-10.27,6.0,14.0,3821416.0,2680757.0,0.429,2612200.0,3436460.0,3141520.0,0.832,75.61,6,14,3,8.6,7,吃老本,True
SPG,Real Estate,Simon Property Group,2024-12-23,160.08,-5.23,3.75,16.07,7.66,0.667,5,5,10,6.0,-4.56,4.61,False,False,163.36,7.89,0.976,False,171.13,-6.45,1.62,-5.31,10.0,10.0,1566530.0,1604660.0,1.0,734400.0,1647420.0,1649573.0,0.445,79.55,7,6,18,8.8,8,,False
BXP,Real Estate,"BXP, Inc.",2024-12-23,68.47,-9.0,-6.49,22.69,7.47,0.333,19,17,3,15.2,6.42,11.96,False,False,74.44,11.61,1.163,False,82.7,-17.2,1.75,-9.96,7.0,13.0,1218642.0,1047723.0,0.538,593300.0,1202260.0,1180473.0,0.503,73.16,8,18,14,13.2,15,吃老本,True
VTR,Real Estate,Ventas,2024-12-23,56.15,-8.08,-7.1,16.72,4.56,0.333,14,18,9,14.2,360.28,92.0,False,False,60.01,5.26,1.385,False,64.46,-12.9,2.01,-8.75,7.0,12.0,3728614.0,2692791.0,0.583,3226400.0,3816930.0,3277526.0,0.984,78.53,9,9,2,7.6,5,,True
FRT,Real Estate,Federal Realty Investment Trust,2024-12-23,103.36,-4.47,-1.64,11.43,4.18,0.333,4,11,11,7.5,-5.24,-2.67,False,False,105.24,5.87,1.011,False,109.53,-5.64,1.72,-5.19,10.0,10.0,580460.0,574100.0,1.0,383300.0,639740.0,598866.0,0.64,80.27,10,5,8,7.6,5,,False
IRM,Real Estate,Iron Mountain,2024-12-23,99.58,-14.78,-9.71,18.32,3.04,0.333,31,20,8,23.1,-8.96,-3.63,False,False,111.12,10.95,1.08,False,123.05,-19.08,3.05,-15.17,7.0,13.0,1914371.0,1772484.0,0.538,954200.0,2022640.0,1904406.0,0.501,69.1,11,20,15,15.4,17,吃老本,False
MAA,Real Estate,Mid-America Apartment Communities,2024-12-23,142.48,-6.34,-1.61,10.0,3.02,0.333,9,10,12,9.9,15.43,4.43,False,False,145.22,7.44,1.19,False,153.95,-7.45,2.89,-6.93,6.0,14.0,752233.0,631900.0,0.429,421800.0,680820.0,683393.0,0.617,74.26,12,16,9,13.0,14,,True
AVB,Real Estate,AvalonBay Communities,2024-12-23,207.56,-6.02,-1.05,7.72,2.09,0.333,8,8,13,9.0,68.04,49.48,False,False,213.21,6.15,1.235,False,224.56,-7.57,1.85,-6.99,8.0,12.0,702812.0,569125.0,0.667,362500.0,713010.0,663193.0,0.547,78.16,13,11,11,11.8,11,,True
UDR,Real Estate,"UDR, Inc.",2024-12-23,40.43,-5.34,-2.57,7.64,1.84,0.333,6,12,14,9.4,-15.5,10.67,False,False,41.19,6.91,1.149,False,43.85,-7.82,2.33,-6.3,8.0,11.0,1891587.0,1646254.0,0.727,929200.0,2012560.0,1798260.0,0.517,78.17,14,10,13,12.2,12,,False
CPT,Real Estate,Camden Property Trust,2024-12-23,108.76,-7.6,-5.25,7.43,0.5,0.333,12,16,15,13.8,23.36,8.86,False,False,112.18,7.42,1.105,False,119.43,-8.94,2.41,-8.49,7.0,13.0,690342.0,624684.0,0.538,301600.0,657680.0,687400.0,0.439,73.28,15,17,19,16.6,20,,True
EQR,Real Estate,Equity Residential,2024-12-23,66.51,-6.63,-3.23,5.16,0.12,0.333,10,14,19,13.0,-4.25,-4.45,False,False,68.35,6.99,1.231,False,72.78,-8.61,3.01,-7.61,7.0,13.0,1631214.0,1325100.0,0.538,946100.0,1529870.0,1434160.0,0.66,76.25,16,12,5,12.2,12,,True
HST,Real Estate,Host Hotels & Resorts,2024-12-23,15.9,-2.39,0.28,1.12,0.03,0.667,2,7,23,7.7,16.13,3.82,False,False,15.95,9.07,1.3,False,18.25,-12.87,1.99,-2.44,11.0,8.0,7821181.0,6015800.0,1.375,7022200.0,7404600.0,6984286.0,1.005,92.71,17,1,1,7.4,4,剛爆發,True
ESS,Real Estate,Essex Property Trust,2024-12-23,266.48,-8.38,-2.64,5.37,-0.07,0.333,16,13,17,15.3,-0.4,-0.78,False,False,278.34,8.8,1.22,False,295.2,-9.73,1.94,-9.08,9.0,11.0,411800.0,337509.0,0.818,298700.0,437830.0,401840.0,0.743,78.95,18,8,4,11.2,10,剛爆發,True
DOC,Real Estate,Healthpeak Properties,2024-12-23,18.06,-8.69,-9.92,5.33,-1.98,0.333,18,21,18,18.9,,,,,,,,,,,,,,,,,,,,,,,19,21,21,,21,,False
VICI,Real Estate,Vici Properties,2024-12-23,26.46,-9.99,-11.38,3.82,-3.44,0.333,22,22,21,21.8,,,,,,,,,,,,,,,,,,,,,,,20,21,21,,21,,False
SBAC,Real Estate,SBA Communications,2024-12-23,196.55,-10.19,-14.47,4.45,-3.94,0.333,23,23,20,22.4,,,,,,,,,,,,,,,,,,,,,,,21,21,21,,21,,False
PSA,Real Estate,Public Storage,2024-12-23,280.56,-13.54,-15.63,5.49,-4.55,0.333,30,27,16,26.3,,,,,,,,,,,,,,,,,,,,,,,22,21,21,,21,,False
O,Real Estate,Realty Income,2024-12-23,48.06,-8.62,-14.94,2.43,-4.67,0.333,17,24,22,20.1,,,,,,,,,,,,,,,,,,,,,,,23,21,21,,21,,False
CSGP,Real Estate,CoStar Group,2024-12-23,72.22,-11.21,-3.72,-2.59,-5.03,0.0,25,15,25,22.0,35.5,63.27,False,False,75.68,11.71,0.973,False,100.38,-28.05,3.41,-11.89,10.0,10.0,2404500.0,2471460.0,1.0,1702400.0,2922940.0,2617053.0,0.651,76.25,24,12,7,15.8,18,剛爆發,True
WY,Real Estate,Weyerhaeuser,2024-12-23,26.63,-13.24,-16.55,-0.14,-7.52,0.0,28,28,24,27.2,,,,,,,,,,,,,,,,,,,,,,,25,21,21,,21,,False
INVH,Real Estate,Invitation Homes,2024-12-23,30.21,-5.44,-7.46,-9.04,-7.75,0.0,7,19,30,15.2,-26.64,11.56,False,False,31.09,6.34,1.397,False,34.98,-13.64,2.11,-6.42,7.0,13.0,3789971.0,2713053.0,0.538,1578100.0,3503320.0,3237206.0,0.487,79.51,26,7,16,16.4,19,剛爆發,False
EXR,Real Estate,Extra Space Storage,2024-12-23,138.4,-12.48,-15.58,-2.84,-8.43,0.0,27,26,26,26.5,,,,,,,,,,,,,,,,,,,,,,,27,21,21,,21,剛爆發,False
PLD,Real Estate,Prologis,2024-12-23,100.08,-9.1,-15.47,-4.78,-8.53,0.0,20,25,28,23.1,,,,,,,,,,,,,,,,,,,,,,,28,21,21,,21,剛爆發,False
AMT,Real Estate,American Tower,2024-12-23,172.32,-12.21,-19.75,-4.92,-10.45,0.0,26,30,29,27.8,,,,,,,,,,,,,,,,,,,,,,,29,21,21,,21,剛爆發,False
CCI,Real Estate,Crown Castle,2024-12-23,84.08,-13.39,-21.09,-4.56,-10.9,0.0,29,31,27,29.2,,,,,,,,,,,,,,,,,,,,,,,30,21,21,,21,剛爆發,False
ARE,Real Estate,Alexandria Real Estate Equities,2024-12-23,88.57,-10.78,-17.85,-15.01,-14.66,0.0,24,29,31,26.9,,,,,,,,,,,,,,,,,,,,,,,31,21,21,,21,剛爆發,False
VST,Utilities,Vistra Corp.,2024-12-23,138.54,-12.47,18.85,63.11,33.15,0.667,31,1,1,16.0,317.01,185.39,False,False,139.83,12.57,0.953,False,167.02,-17.05,1.97,-9.46,10.0,10.0,4544400.0,4767220.0,1.0,3214700.0,4592980.0,4867760.0,0.66,76.8,1,11,6,6.0,3,吃老本,True
ETR,Utilities,Entergy,2024-12-23,72.8,-2.98,16.49,44.14,25.45,0.667,4,2,2,3.0,0.48,9.04,False,True,70.48,4.17,1.508,False,75.95,-4.14,1.7,-3.12,10.0,10.0,3678250.0,2439920.0,1.0,1429300.0,3102370.0,2971526.0,0.481,90.19,2,1,18,4.8,1,,True
NI,Utilities,NiSource,2024-12-23,35.05,-3.49,7.74,29.66,15.89,0.667,5,4,3,4.3,24.4,26.67,False,True,34.5,4.37,1.244,False,36.77,-4.67,2.48,-3.9,8.0,11.0,4158762.0,3342872.0,0.727,1929300.0,3349640.0,3829780.0,0.504,81.34,3,7,16,7.2,4,,True
AEE,Utilities,Ameren,2024-12-23,86.35,-3.82,4.97,28.69,14.63,0.667,7,7,4,6.4,-2.39,3.4,False,True,85.87,5.26,1.58,False,91.02,-5.12,1.75,-4.41,7.0,13.0,1750542.0,1108253.0,0.538,900000.0,1609280.0,1448933.0,0.621,83.77,4,5,7,5.0,2,,False
XEL,Utilities,Xcel Energy,2024-12-23,64.48,-6.09,5.53,28.68,14.2,0.667,12,6,5,8.8,-0.95,-5.33,False,True,64.26,3.96,1.512,False,69.44,-7.14,2.24,-6.56,8.0,12.0,4411112.0,2917233.0,0.667,2015000.0,4340110.0,3851360.0,0.523,83.42,5,6,15,7.4,5,,True
WEC,Utilities,WEC Energy Group,2024-12-23,90.16,-6.17,0.4,23.04,10.08,0.667,13,12,6,11.3,17.07,6.24,False,False,92.25,4.19,1.196,False,97.74,-7.75,1.67,-6.87,8.0,12.0,1675412.0,1401308.0,0.667,823100.0,1546600.0,1539140.0,0.535,77.47,6,9,12,8.4,6,,True
ATO,Utilities,Atmos Energy,2024-12-23,134.78,-7.9,1.74,20.91,8.91,0.667,20,8,7,13.8,2.72,2.8,False,False,137.88,5.1,1.295,False,147.63,-8.71,1.01,-7.97,7.0,13.0,941271.0,726715.0,0.538,387200.0,868750.0,819186.0,0.473,76.36,7,13,20,12.0,12,吃老本,True
SRE,Utilities,Sempra,2024-12-23,83.8,-5.66,6.15,17.06,8.65,0.667,10,5,12,8.9,-16.63,-5.03,False,False,84.25,5.42,0.863,False,90.82,-7.73,2.18,-6.27,8.0,12.0,3073512.0,3562316.0,0.667,1791200.0,3408160.0,3401953.0,0.527,72.21,8,20,14,14.0,13,吃老本,False
EVRG,Utilities,Evergy,2024-12-23,58.36,-4.53,0.66,19.0,8.53,0.667,8,11,10,9.3,4.36,0.59,False,False,58.57,3.91,0.947,False,61.93,-5.76,1.93,-5.08,7.0,13.0,1786271.0,1886407.0,0.538,945300.0,1862450.0,1989513.0,0.475,72.37,9,19,19,15.0,16,吃老本,True
PPL,Utilities,PPL Corporation,2024-12-23,31.02,-6.17,-0.32,19.49,8.12,0.333,13,13,8,12.0,-1.12,15.69,False,False,31.39,3.9,1.173,False,33.26,-6.76,1.56,-6.36,7.0,12.0,4189528.0,3571708.0,0.583,2271200.0,3870930.0,3930540.0,0.578,76.09,10,14,9,11.4,11,,False
LNT,Utilities,Alliant Energy,2024-12-23,56.34,-5.79,-1.18,18.95,7.73,0.333,11,14,11,11.9,4.37,-10.69,False,False,57.19,5.14,1.045,False,60.74,-7.24,2.2,-6.37,6.0,14.0,1348966.0,1290707.0,0.429,728900.0,1334200.0,1338026.0,0.545,71.78,11,21,11,15.0,16,吃老本,True
NRG,Utilities,NRG Energy,2024-12-23,90.16,-9.51,1.26,19.28,7.58,0.667,27,10,9,18.3,-4.95,117.86,False,False,91.03,10.25,1.153,False,101.13,-10.85,3.03,-7.02,8.0,12.0,2589625.0,2245141.0,0.667,6117900.0,2823640.0,2526980.0,2.421,77.18,12,10,1,9.0,8,,False
PCG,Utilities,PG&E Corporation,2024-12-23,19.84,-6.89,1.67,15.41,6.4,0.667,17,9,14,14.0,15.01,2.73,False,False,20.16,5.45,1.361,False,21.4,-7.27,3.71,-6.89,7.0,12.0,24745900.0,18184041.0,0.583,10354200.0,13066460.0,13586933.0,0.762,79.91,13,8,3,9.0,8,,True
PEG,Utilities,Public Service Enterprise Group,2024-12-23,80.92,-9.32,-3.1,16.91,5.35,0.333,25,16,13,19.9,2.67,1.04,False,False,83.7,5.79,1.037,False,90.1,-10.19,2.09,-9.22,8.0,12.0,2302575.0,2220766.0,0.667,1356000.0,2243320.0,2370006.0,0.572,73.45,14,17,10,14.4,14,,True
CNP,Utilities,CenterPoint Energy,2024-12-23,31.11,-1.26,11.43,5.49,5.29,0.667,1,3,26,6.6,0.31,11.45,False,True,29.83,4.59,1.346,False,31.87,-2.39,1.42,-1.38,10.0,10.0,5295730.0,3935170.0,1.0,2716800.0,5739760.0,5105513.0,0.532,88.29,15,2,13,9.4,10,剛爆發,True
CMS,Utilities,CMS Energy,2024-12-23,64.09,-3.8,-4.06,14.4,5.23,0.333,6,18,15,11.4,7.83,6.07,False,False,65.29,3.61,0.745,False,68.67,-6.67,1.98,-4.87,10.0,10.0,1950420.0,2619410.0,1.0,889100.0,2160110.0,2295533.0,0.387,75.9,16,15,21,16.6,19,,True
DTE,Utilities,DTE Energy,2024-12-23,115.55,-2.65,-3.87,11.21,3.97,0.333,3,17,20,10.6,18.49,16.73,False,False,115.99,5.34,1.081,False,124.25,-7.0,2.74,-2.88,11.0,9.0,1364554.0,1262111.0,1.222,1074800.0,1434670.0,1421026.0,0.756,86.62,17,3,4,8.8,7,剛爆發,True
PNW,Utilities,Pinnacle West Capital,2024-12-23,80.1,-9.34,-2.75,13.56,3.76,0.333,26,15,16,20.7,-4.28,39.84,False,False,83.96,5.7,1.204,False,89.98,-10.97,0.41,-10.12,7.0,13.0,1149042.0,954069.0,0.538,642600.0,1099740.0,1055726.0,0.609,73.24,18,18,8,16.0,18,,False
D,Utilities,Dominion Energy,2024-12-23,50.43,-8.2,-4.58,12.65,3.13,0.333,21,19,19,20.0,,,,,,,,,,,,,,,,,,,,,,,19,22,22,,22,,False
EIX,Utilities,Edison International,2024-12-23,72.53,-9.07,-7.25,13.35,2.59,0.333,24,23,18,22.5,,,,,,,,,,,,,,,,,,,,,,,20,22,22,,22,,False
EXC,Utilities,Exelon,2024-12-23,35.48,-5.38,-6.37,10.36,2.24,0.333,9,21,21,15.0,5.9,19.4,False,False,36.38,4.84,0.988,False,38.65,-8.21,0.65,-5.26,9.0,11.0,6795577.0,6878245.0,0.818,3669400.0,8112080.0,7549073.0,0.486,76.66,21,12,17,16.6,19,剛爆發,True
DUK,Utilities,Duke Energy,2024-12-23,102.79,-7.44,-5.69,10.14,1.79,0.333,19,20,22,19.9,,,,,,,,,,,,,,,,,,,,,,,22,22,22,,22,,False
SO,Utilities,Southern Company,2024-12-23,79.17,-6.72,-6.96,8.96,1.06,0.333,15,22,23,18.7,6.71,18.46,False,False,82.9,2.43,0.933,False,89.2,-11.25,1.66,-7.35,9.0,11.0,3654144.0,3918645.0,0.818,2603000.0,3703490.0,3804700.0,0.684,74.84,23,16,5,16.6,19,剛爆發,True
CEG,Utilities,Constellation Energy,2024-12-23,224.63,-11.7,-11.71,13.51,0.9,0.333,30,26,17,26.2,,,,,,,,,,,,,,,,,,,,,,,24,22,22,,22,,False
AEP,Utilities,American Electric Power,2024-12-23,88.05,-7.36,-8.28,7.43,-0.19,0.333,18,24,24,21.0,,,,,,,,,,,,,,,,,,,,,,,25,22,22,,22,,False
FE,Utilities,FirstEnergy,2024-12-23,37.33,-6.77,-9.01,5.8,-1.05,0.333,16,25,25,20.5,,,,,,,,,,,,,,,,,,,,,,,26,22,22,,22,,False
NEE,Utilities,NextEra Energy,2024-12-23,68.95,-8.34,-14.13,3.18,-4.03,0.333,22,30,28,25.6,,,,,,,,,,,,,,,,,,,,,,,27,22,22,,22,,False
ES,Utilities,Eversource Energy,2024-12-23,53.49,-10.02,-14.06,3.43,-4.3,0.333,28,29,27,28.1,,,,,,,,,,,,,,,,,,,,,,,28,22,22,,22,剛爆發,False
ED,Utilities,Consolidated Edison,2024-12-23,85.18,-10.97,-13.18,1.85,-5.11,0.333,29,28,29,28.7,,,,,,,,,,,,,,,,,,,,,,,29,22,22,,22,剛爆發,False
AWK,Utilities,American Water Works,2024-12-23,120.6,-8.51,-13.06,-1.92,-6.35,0.0,23,27,30,25.6,,,,,,,,,,,,,,,,,,,,,,,30,22,22,,22,剛爆發,False
AES,Utilities,AES Corporation,2024-12-23,11.59,-2.22,-35.8,-25.94,-22.48,0.0,2,31,31,16.5,11.06,1.84,False,False,12.87,10.62,1.477,False,19.78,-41.42,2.49,-1.85,7.0,13.0,16053514.0,10865938.0,0.538,9280700.0,11595560.0,12147466.0,0.764,83.82,31,4,2,14.4,14,剛爆發,True
