symbol,sector,name,as_of_date,t_price,cum_ret_4w,cum_ret_13w,cum_ret_26w,point,di,cum_ret_4w_rank_in_sector,cum_ret_13w_rank_in_sector,cum_ret_26w_rank_in_sector,cms_a,surprise_l1,surprise_l2,pre_earnings_14d,above_50ma,ma50,amp_10d_pct,vp_ratio_stock,vcp,high_52w,pct_from_high,ret_5d,ret_20d,up_days_20,down_days_20,up_avg_vol,down_avg_vol,ud_ratio,vol_today,vol_10d_avg,vol_3w_avg,vol_ratio_stock_20d,vp_score_stock,point_rank_in_sector,vp_score_rank_in_sector,vol_rank_in_sector,composite_in_sector,composite_rank_in_sector,stock_gap_alert,earnings_passed
NFLX,Communication Services,Netflix,2025-06-23,132.31,9.6,41.68,45.79,35.72,1.0,6,1,1,3.5,16.82,1.41,False,True,117.39,10.32,1.203,False,133.13,-0.62,7.45,11.67,12.0,8.0,30249416.0,25139750.0,1.5,40709000.0,27998300.0,27919800.0,1.458,100.0,1,1,8,2.4,2,,True
ECHO,Communication Services,EchoStar,2025-06-23,28.81,62.49,15.29,27.65,33.27,1.0,1,8,3,3.5,17.98,348.59,False,True,21.64,50.61,0.926,False,32.48,-11.3,14.69,42.84,13.0,7.0,5827423.0,6291257.0,1.857,9332500.0,5790290.0,5366313.0,1.739,100.0,2,1,5,2.2,1,,True
META,Communication Services,Meta Platforms,2025-06-23,731.23,13.39,27.3,22.51,21.43,1.0,3,2,6,3.3,23.11,18.67,False,True,629.77,8.06,1.211,False,737.27,-0.82,7.52,13.82,10.0,10.0,13998140.0,11561430.0,1.0,18775700.0,13263190.0,12325893.0,1.523,97.49,3,9,7,6.2,6,吃老本,True
TKO,Communication Services,TKO Group Holdings,2025-06-23,176.61,13.91,20.08,25.16,21.08,1.0,2,5,5,3.5,24.4,141.28,False,True,160.39,10.64,1.026,False,176.65,-0.02,2.51,14.69,13.0,7.0,996476.0,971485.0,1.857,2282700.0,1222630.0,1036340.0,2.203,100.0,4,1,4,2.8,3,,True
TTWO,Communication Services,Take-Two Interactive,2025-06-23,241.44,6.7,14.71,29.51,20.11,1.0,9,9,2,7.6,-42929.19,21.08,False,True,229.11,6.48,1.248,False,245.08,-1.49,1.29,7.12,12.0,8.0,2315200.0,1855350.0,1.5,4576800.0,2333660.0,2038326.0,2.245,99.13,5,7,3,5.4,4,,False
LYV,Communication Services,Live Nation Entertainment,2025-06-23,149.99,9.33,19.96,13.76,14.2,1.0,7,6,10,7.3,-100.0,232.41,False,True,139.7,9.56,1.61,False,157.75,-4.92,0.75,10.17,13.0,7.0,3867030.0,2401671.0,1.857,3435700.0,2970550.0,2792093.0,1.231,100.0,6,1,13,5.4,4,,False
PSKY,Communication Services,Paramount Skydance Corporation,2025-06-23,12.33,3.99,8.85,21.51,13.96,1.0,13,15,7,12.4,-16.36,-15.38,False,True,11.59,6.65,1.11,False,12.34,-0.08,1.46,3.31,11.0,9.0,8123609.0,7320077.0,1.222,8020200.0,8875810.0,8052060.0,0.996,90.32,7,13,17,11.4,11,吃老本,False
DIS,Communication Services,Walt Disney Company (The),2025-06-23,120.59,8.69,25.28,10.14,13.56,1.0,8,3,13,7.5,19.79,22.94,False,True,105.14,7.08,1.057,False,121.19,-0.49,4.45,9.68,12.0,8.0,10241700.0,9687112.0,1.5,13435600.0,10494950.0,10404566.0,1.291,98.59,8,8,12,8.8,7,,True
T,Communication Services,AT&T,2025-06-23,26.55,1.01,0.7,25.71,13.28,1.0,19,19,4,16.0,-0.9,6.81,False,True,26.1,2.86,1.143,True,27.16,-2.25,1.12,2.56,12.0,8.0,32786300.0,28672612.0,1.5,37337200.0,31753820.0,30582013.0,1.221,94.49,9,11,14,10.8,10,,False
CHTR,Communication Services,Charter Communications,2025-06-23,400.97,1.19,8.66,15.01,9.96,1.0,18,16,9,15.6,0.56,9.49,False,True,390.23,8.59,1.119,False,437.06,-8.26,3.78,1.3,9.0,11.0,1260333.0,1126681.0,0.818,1942800.0,1262240.0,1150440.0,1.689,84.14,10,18,6,12.4,13,吃老本,True
NWS,Communication Services,News Corp (Class B),2025-06-23,33.64,3.51,14.19,10.4,9.63,1.0,14,11,12,12.7,27.5,5.74,False,True,31.91,8.7,1.473,False,34.9,-3.6,3.9,2.95,9.0,11.0,1002466.0,680527.0,0.818,782500.0,1030750.0,885580.0,0.884,91.38,11,12,18,12.8,15,,True
FOXA,Communication Services,Fox Corporation (Class A),2025-06-23,56.25,3.37,3.76,15.35,9.46,1.0,15,17,8,14.2,22.62,50.24,False,True,52.58,7.02,1.142,False,57.91,-2.85,2.79,3.73,12.0,8.0,4107108.0,3595225.0,1.5,3783000.0,4052570.0,3730900.0,1.014,95.84,12,10,16,12.0,12,,True
WBD,Communication Services,Warner Bros. Discovery,2025-06-23,11.3,13.34,8.97,6.5,8.83,1.0,4,14,16,9.4,-38.95,-879.42,False,True,9.43,16.21,0.956,False,12.7,-11.02,7.41,12.55,9.0,11.0,57177366.0,59792263.0,0.818,86182500.0,59540600.0,64183486.0,1.343,89.5,13,14,9,12.6,14,,True
FOX,Communication Services,Fox Corporation (Class B),2025-06-23,51.81,4.12,3.62,12.85,8.36,1.0,11,18,11,13.1,26.44,54.84,False,True,48.46,7.67,1.434,False,54.15,-4.33,3.17,4.35,12.0,8.0,1708833.0,1191950.0,1.5,817000.0,1321780.0,1271806.0,0.642,100.0,14,1,20,10.0,8,剛爆發,True
EA,Communication Services,Electronic Arts,2025-06-23,157.12,9.71,9.49,6.79,8.19,1.0,5,13,15,9.4,8.2,3.0,False,True,148.53,7.33,1.091,False,167.19,-6.02,4.77,10.43,13.0,7.0,3096615.0,2839600.0,1.857,2316500.0,2902460.0,2850533.0,0.813,100.0,15,1,19,10.2,9,剛爆發,True
NWSA,Communication Services,News Corp (Class A),2025-06-23,29.21,4.21,10.68,6.3,6.87,1.0,10,12,17,12.0,27.5,5.74,False,True,27.62,8.52,1.245,False,30.35,-3.75,3.81,3.63,9.0,11.0,4378877.0,3517918.0,0.818,5142500.0,4556250.0,3961713.0,1.298,87.76,16,16,11,15.0,18,,True
VZ,Communication Services,Verizon,2025-06-23,38.97,-3.75,-4.32,9.6,2.78,0.333,22,21,14,20.1,3.66,0.32,False,False,39.79,3.98,1.094,False,42.94,-9.23,1.46,-2.35,9.0,11.0,18404044.0,16819863.0,0.818,21439600.0,19838390.0,18174346.0,1.18,80.59,17,19,15,17.4,19,,True
GOOGL,Communication Services,Alphabet Inc. (Class A),2025-06-23,178.02,4.08,15.82,-7.16,1.39,0.667,12,7,20,12.1,40.1,1.18,False,True,165.12,9.69,1.073,False,205.97,-13.57,7.14,4.01,10.0,10.0,43304310.0,40360030.0,1.0,108140200.0,45800390.0,42468426.0,2.546,89.03,18,15,1,13.4,16,,True
GOOG,Communication Services,Alphabet Inc. (Class C),2025-06-23,177.76,3.26,14.37,-7.91,0.45,0.667,16,10,21,15.2,39.84,1.18,False,True,166.55,8.96,1.003,False,207.62,-14.38,6.28,3.19,10.0,10.0,28690020.0,28616750.0,1.0,74053100.0,33247170.0,29519713.0,2.509,86.97,19,17,2,14.8,17,,True
TMUS,Communication Services,T-Mobile US,2025-06-23,230.9,-2.87,-10.88,6.23,-0.32,0.333,21,23,18,21.0,,,,,,,,,,,,,,,,,,,,,,,20,21,21,,21,,False
CMCSA,Communication Services,Comcast,2025-06-23,31.29,2.17,-2.68,-5.25,-2.75,0.333,17,20,19,18.3,,,,,,,,,,,,,,,,,,,,,,,21,21,21,,21,,False
OMC,Communication Services,Omnicom Group,2025-06-23,68.6,-1.87,-10.19,-15.99,-11.01,0.0,20,22,22,21.0,,,,,,,,,,,,,,,,,,,,,,,22,21,21,,21,,False
TTD,Communication Services,Trade Desk (The),2025-06-23,69.33,-7.83,24.14,-42.89,-17.37,0.333,23,4,23,17.3,33.23,3.61,False,True,66.71,10.41,0.909,False,141.53,-51.01,1.61,-7.41,10.0,9.0,6695510.0,7367722.0,1.111,9297600.0,7451950.0,7071273.0,1.315,78.77,23,20,10,19.2,20,,True
CVNA,Consumer Discretionary,Carvana,2025-06-23,63.85,-2.41,56.19,48.43,37.66,0.667,38,1,1,19.5,102.14,128.48,False,True,57.94,14.4,1.004,False,70.29,-9.15,-0.2,-0.12,11.0,9.0,19411727.0,19340444.0,1.222,39705500.0,21372750.0,19439433.0,2.043,85.75,1,25,10,12.4,10,吃老本,True
RCL,Consumer Discretionary,Royal Caribbean Group,2025-06-23,304.31,20.79,49.52,33.84,34.5,1.0,1,2,3,1.7,7.02,9.0,False,True,241.91,19.96,1.788,False,305.65,-0.44,13.63,21.99,13.0,7.0,3305184.0,1848371.0,1.857,12060600.0,3550300.0,3006446.0,4.012,100.0,2,1,2,1.6,1,,True
DASH,Consumer Discretionary,DoorDash,2025-06-23,242.32,16.13,32.7,43.09,33.75,1.0,4,4,2,3.6,14.56,-0.57,False,True,204.75,12.98,1.2,False,242.63,-0.13,9.91,18.45,13.0,7.0,4439215.0,3698714.0,1.857,7324600.0,4634400.0,4077380.0,1.796,100.0,3,1,13,4.2,3,,True
TPR,Consumer Discretionary,"Tapestry, Inc.",2025-06-23,86.0,11.39,24.55,33.41,25.69,1.0,6,7,4,5.9,17.05,14.42,False,True,76.5,10.95,1.144,False,88.91,-3.27,3.3,11.55,16.0,4.0,3359075.0,2935575.0,4.0,7820100.0,3852130.0,3482373.0,2.246,100.0,4,1,7,3.4,2,,True
HAS,Consumer Discretionary,Hasbro,2025-06-23,70.75,9.62,21.95,31.73,23.76,1.0,9,10,5,8.5,54.3,33.13,False,True,62.28,9.05,1.16,False,71.07,-0.45,6.56,9.48,13.0,7.0,2208600.0,1903785.0,1.857,4666900.0,2442470.0,2261520.0,2.064,100.0,5,1,9,4.2,3,,True
CCL,Consumer Discretionary,Carnival Corporation,2025-06-23,26.97,17.4,37.19,8.69,17.99,1.0,3,3,15,5.4,45.31,485.06,False,True,21.8,21.34,1.197,False,28.41,-5.08,14.68,17.7,13.0,7.0,29540392.0,24678571.0,1.857,46846200.0,35545100.0,29879906.0,1.568,100.0,6,1,15,5.8,5,,True
RL,Consumer Discretionary,Ralph Lauren Corporation,2025-06-23,273.4,0.17,28.56,21.24,17.8,1.0,34,5,6,19.7,11.28,6.51,False,True,253.03,7.55,0.944,False,284.24,-3.81,4.97,-0.16,7.0,13.0,695314.0,736492.0,0.538,620000.0,767060.0,750393.0,0.826,76.49,7,29,28,20.0,23,吃老本,True
BKNG,Consumer Discretionary,Booking Holdings,2025-06-23,225.82,3.33,23.06,13.44,13.32,1.0,24,8,10,16.4,41.23,15.24,False,True,207.78,8.79,1.071,False,226.54,-0.32,7.34,3.65,12.0,8.0,5642500.0,5267500.0,1.5,7440000.0,6023000.0,5695500.0,1.306,96.37,8,15,20,13.2,11,吃老本,True
EBAY,Consumer Discretionary,eBay Inc.,2025-06-23,72.82,0.81,10.27,18.44,11.99,1.0,31,22,7,23.5,3.19,4.26,False,True,71.2,7.11,1.098,False,78.83,-7.62,-4.97,1.81,12.0,8.0,6521075.0,5941750.0,1.5,7445600.0,6543210.0,6137660.0,1.213,90.8,9,21,22,16.4,15,吃老本,True
APTV,Consumer Discretionary,Aptiv,2025-06-23,68.78,2.95,13.52,13.99,11.11,1.0,27,17,9,20.4,10.12,6.25,False,True,63.77,6.68,0.787,False,80.95,-15.03,2.58,1.01,9.0,11.0,2125888.0,2702345.0,0.818,2148000.0,2808210.0,2476660.0,0.867,77.68,10,28,27,20.6,24,吃老本,True
F,Consumer Discretionary,Ford Motor Company,2025-06-23,10.29,4.05,12.73,12.82,10.6,1.0,20,19,11,17.9,556.97,20.36,False,True,9.79,5.1,0.997,False,13.12,-21.56,1.98,5.68,13.0,7.0,105406384.0,105738971.0,1.857,182008200.0,98295720.0,93997100.0,1.936,99.5,11,11,11,11.0,9,,True
DRI,Consumer Discretionary,Darden Restaurants,2025-06-23,208.03,0.9,6.12,16.94,10.22,1.0,30,24,8,23.8,0.44,0.17,False,True,201.75,6.89,1.105,False,219.71,-5.32,-4.27,1.13,11.0,9.0,1737354.0,1572277.0,1.222,3490800.0,2294690.0,1850480.0,1.886,86.64,12,24,12,16.8,17,吃老本,True
HLT,Consumer Discretionary,Hilton Worldwide,2025-06-23,264.96,6.87,17.7,6.35,9.32,1.0,15,11,17,14.2,7.02,4.48,False,True,242.22,9.84,1.636,False,274.34,-3.42,6.69,6.94,12.0,7.0,2491525.0,1522714.0,1.714,8694900.0,2667060.0,2279780.0,3.814,100.0,13,1,3,6.2,6,剛爆發,True
WYNN,Consumer Discretionary,Wynn Resorts,2025-06-23,93.82,4.57,15.3,7.34,8.63,1.0,17,15,16,16.2,-13.98,91.11,False,True,86.24,12.6,0.803,False,105.98,-11.47,7.0,4.35,11.0,9.0,2174536.0,2709044.0,1.222,2640900.0,1961990.0,1992506.0,1.325,87.79,14,22,18,18.0,18,吃老本,False
ULTA,Consumer Discretionary,Ulta Beauty,2025-06-23,458.27,-2.8,27.48,3.65,7.99,0.667,40,6,20,25.8,15.5,18.37,False,True,424.24,5.83,1.8,False,491.98,-6.85,-3.29,8.65,9.0,11.0,1293500.0,718736.0,0.818,1373800.0,842690.0,781526.0,1.758,97.64,15,14,14,14.4,13,,True
NKE,Consumer Discretionary,"Nike, Inc.",2025-06-23,70.12,19.69,14.58,-4.62,6.25,0.667,2,16,31,12.0,13.48,94.87,False,True,58.57,24.22,1.941,False,93.42,-24.94,20.49,18.03,11.0,9.0,25601936.0,13193388.0,1.222,117530300.0,27498090.0,22351780.0,5.258,100.0,16,1,1,7.0,7,剛爆發,True
AMZN,Consumer Discretionary,Amazon,2025-06-23,223.3,8.92,15.87,-0.2,6.1,0.667,11,13,26,14.6,17.08,25.36,False,True,200.95,7.48,1.069,False,242.52,-7.93,6.49,8.56,11.0,9.0,44466572.0,41594133.0,1.222,119217100.0,49156360.0,44517860.0,2.678,94.77,17,16,5,14.2,12,,True
YUM,Consumer Discretionary,Yum! Brands,2025-06-23,145.61,3.11,-4.25,10.81,5.12,0.667,26,40,14,27.8,1.53,0.88,False,True,142.17,7.92,1.032,False,159.44,-8.67,6.72,3.03,11.0,9.0,2088490.0,2024455.0,1.222,3075100.0,2298510.0,2036193.0,1.51,90.9,18,20,17,18.6,19,,True
MGM,Consumer Discretionary,MGM Resorts,2025-06-23,34.37,8.59,13.21,-1.15,4.88,0.667,12,18,27,16.8,54.32,32.96,False,True,32.33,9.74,0.768,False,47.26,-27.27,1.78,8.32,9.0,11.0,4777888.0,6224390.0,0.818,4993700.0,5931860.0,5220666.0,0.957,81.41,19,26,26,23.2,26,吃老本,True
ABNB,Consumer Discretionary,Airbnb,2025-06-23,134.52,4.28,11.46,0.85,4.36,1.0,19,20,22,19.9,,,,,,,,,,,,,,,,,,,,,,,20,30,30,,30,吃老本,False
ORLY,Consumer Discretionary,O’Reilly Automotive,2025-06-23,89.16,-2.2,-5.05,11.7,4.04,0.333,37,44,12,34.1,-5.59,-2.69,False,False,90.92,5.28,1.323,False,97.22,-8.29,-0.59,-1.08,12.0,8.0,6382283.0,4822975.0,1.5,5843800.0,5387360.0,5338280.0,1.095,94.77,21,16,24,19.6,21,,False
AZO,Consumer Discretionary,AutoZone,2025-06-23,3609.49,-3.31,-4.28,11.35,3.78,0.333,41,41,13,35.4,-4.46,-2.35,False,False,3691.62,7.9,1.376,False,3916.81,-7.85,-1.25,-2.17,10.0,10.0,188050.0,136640.0,1.0,367900.0,191920.0,176133.0,2.089,87.28,22,23,8,19.6,21,,False
MAR,Consumer Discretionary,Marriott International,2025-06-23,271.07,3.65,15.68,-3.13,3.27,0.667,22,14,28,20.8,2.96,2.74,False,True,253.52,7.97,1.348,False,303.36,-10.64,5.1,3.74,12.0,8.0,1714141.0,1271275.0,1.5,4507300.0,1877720.0,1645453.0,2.739,100.0,23,1,4,10.4,8,剛爆發,True
GPC,Consumer Discretionary,Genuine Parts Company,2025-06-23,116.31,-3.99,2.53,4.71,1.99,0.667,42,31,19,34.1,,,,,,,,,,,,,,,,,,,,,,,24,30,30,,30,吃老本,False
SBUX,Consumer Discretionary,Starbucks,2025-06-23,89.74,9.72,-5.09,1.1,1.71,0.667,8,45,21,21.7,-15.23,3.46,False,True,84.05,4.66,1.226,False,113.64,-21.03,-1.08,9.59,12.0,8.0,9529566.0,7774112.0,1.5,21491600.0,8958990.0,9026000.0,2.381,99.27,25,12,6,16.0,14,剛爆發,False
PHM,Consumer Discretionary,PulteGroup,2025-06-23,104.69,7.87,3.94,-3.24,1.33,0.667,13,27,29,20.4,6.0,35.51,False,True,100.44,8.07,1.138,False,147.38,-28.97,3.99,7.31,12.0,8.0,2032141.0,1785975.0,1.5,2996000.0,2125630.0,1936886.0,1.547,98.4,26,13,16,18.8,20,剛爆發,True
DPZ,Consumer Discretionary,Domino's,2025-06-23,437.95,-5.42,0.22,4.73,1.07,0.667,43,35,18,35.6,,,,,,,,,,,,,,,,,,,,,,,27,30,30,,30,,False
TJX,Consumer Discretionary,TJX Companies,2025-06-23,121.89,-2.77,4.71,0.17,0.57,0.667,39,26,25,32.3,,,,,,,,,,,,,,,,,,,,,,,28,30,30,,30,,False
GRMN,Consumer Discretionary,Garmin,2025-06-23,205.0,3.12,-2.04,0.33,0.43,0.667,25,37,24,28.4,,,,,,,,,,,,,,,,,,,,,,,29,30,30,,30,,False
CMG,Consumer Discretionary,Chipotle Mexican Grill,2025-06-23,55.05,9.92,10.3,-9.43,0.34,0.667,7,21,37,17.2,4.72,1.45,False,True,51.1,10.08,1.301,False,68.91,-20.12,4.3,10.7,12.0,8.0,14258883.0,10959137.0,1.5,14969900.0,12591810.0,12140900.0,1.233,100.0,30,1,21,16.6,16,剛爆發,True
DHI,Consumer Discretionary,D. R. Horton,2025-06-23,127.21,9.0,2.47,-7.7,-0.98,0.667,10,32,33,21.2,-2.65,10.03,False,True,121.8,8.88,1.076,False,195.88,-35.06,3.62,8.81,11.0,9.0,3530009.0,3280166.0,1.222,4089800.0,3610430.0,3378133.0,1.211,93.9,31,18,23,24.2,27,剛爆發,False
LVS,Consumer Discretionary,Las Vegas Sands,2025-06-23,43.25,7.19,16.32,-13.86,-1.06,0.667,14,12,40,18.6,3.78,-6.34,False,True,39.06,10.34,0.937,False,54.81,-21.09,5.85,7.04,11.0,9.0,4633009.0,4943544.0,1.222,5912200.0,4905620.0,4503166.0,1.313,91.3,32,19,19,24.2,27,剛爆發,True
TSCO,Consumer Discretionary,Tractor Supply,2025-06-23,50.65,6.84,-2.85,-4.4,-1.2,0.333,16,39,30,25.7,,,,,,,,,,,,,,,,,,,,,,,33,30,30,,30,,False
HD,Consumer Discretionary,Home Depot (The),2025-06-23,359.19,0.74,3.6,-4.96,-1.39,0.667,32,29,32,31.1,,,,,,,,,,,,,,,,,,,,,,,34,30,30,,30,,False
GM,Consumer Discretionary,General Motors,2025-06-23,49.23,0.46,6.77,-7.95,-2.17,0.667,33,23,35,30.4,,,,,,,,,,,,,,,,,,,,,,,35,30,30,,30,,False
MCD,Consumer Discretionary,McDonald's,2025-06-23,284.64,-6.58,-4.52,0.43,-2.56,0.333,44,42,23,39.2,,,,,,,,,,,,,,,,,,,,,,,36,30,30,,30,剛爆發,False
EXPE,Consumer Discretionary,Expedia Group,2025-06-23,169.43,2.4,1.83,-7.84,-2.86,0.667,28,34,34,31.0,,,,,,,,,,,,,,,,,,,,,,,37,30,30,,30,剛爆發,False
NVR,Consumer Discretionary,"NVR, Inc.",2025-06-23,7375.51,3.65,2.7,-10.15,-3.49,0.667,22,30,38,27.6,,,,,,,,,,,,,,,,,,,,,,,38,30,30,,30,剛爆發,False
WSM,Consumer Discretionary,"Williams-Sonoma, Inc.",2025-06-23,161.31,1.52,3.79,-11.05,-4.2,0.667,29,28,39,30.7,,,,,,,,,,,,,,,,,,,,,,,39,30,30,,30,剛爆發,False
LOW,Consumer Discretionary,Lowe's,2025-06-23,217.97,-0.93,-1.58,-9.08,-5.17,0.0,35,36,36,35.5,,,,,,,,,,,,,,,,,,,,,,,40,30,30,,30,剛爆發,False
NCLH,Consumer Discretionary,Norwegian Cruise Line Holdings,2025-06-23,20.18,14.33,5.38,-21.63,-5.89,0.667,5,25,44,18.8,-22.93,142.88,False,True,18.07,15.08,0.939,False,29.29,-31.1,7.0,14.66,14.0,6.0,15766664.0,16798716.0,2.333,17346800.0,17565380.0,16314353.0,1.063,100.0,41,1,25,21.8,25,剛爆發,False
LEN,Consumer Discretionary,Lennar,2025-06-23,107.57,3.89,-2.81,-16.32,-7.89,0.333,21,38,42,30.3,,,,,,,,,,,,,,,,,,,,,,,42,30,30,,30,剛爆發,False
TSLA,Consumer Discretionary,"Tesla, Inc.",2025-06-23,323.63,-6.59,22.8,-25.03,-8.46,0.333,45,9,45,34.2,-34.89,-5.11,False,True,311.3,13.48,1.082,False,488.54,-33.76,0.46,-9.71,10.0,10.0,128628170.0,118926000.0,1.0,89067000.0,109980460.0,118963773.0,0.749,78.28,43,27,29,33.8,29,剛爆發,False
ROST,Consumer Discretionary,Ross Stores,2025-06-23,126.75,-8.44,2.27,-15.87,-9.48,0.333,46,33,41,41.1,,,,,,,,,,,,,,,,,,,,,,,44,30,30,,30,剛爆發,False
BBY,Consumer Discretionary,Best Buy,2025-06-23,64.62,4.36,-4.53,-20.43,-10.26,0.333,18,43,43,30.5,,,,,,,,,,,,,,,,,,,,,,,45,30,30,,30,剛爆發,False
DECK,Consumer Discretionary,Deckers Brands,2025-06-23,104.2,-1.25,-6.6,-49.69,-26.81,0.0,36,46,47,41.2,,,,,,,,,,,,,,,,,,,,,,,46,30,30,,30,剛爆發,False
LULU,Consumer Discretionary,Lululemon Athletica,2025-06-23,235.02,-25.78,-19.8,-39.22,-31.01,0.0,47,47,46,46.8,,,,,,,,,,,,,,,,,,,,,,,47,30,30,,30,剛爆發,False
DG,Consumer Staples,Dollar General,2025-06-23,111.6,17.69,33.78,52.97,39.35,1.0,2,2,1,1.8,19.57,-41.96,False,True,98.57,4.84,1.475,False,129.31,-13.69,2.64,17.9,8.0,12.0,5106412.0,3462925.0,0.667,3326500.0,3150800.0,3090333.0,1.076,97.6,1,4,15,5.0,2,,True
PM,Consumer Staples,Philip Morris International,2025-06-23,174.7,1.0,17.55,51.51,30.39,1.0,12,4,2,7.6,4.79,3.42,False,True,167.89,4.11,1.404,False,178.82,-2.3,-0.49,2.54,11.0,9.0,6107381.0,4351233.0,1.222,7053300.0,6045700.0,5267526.0,1.339,94.23,2,6,9,5.0,2,,True
DLTR,Consumer Staples,Dollar Tree,2025-06-23,98.7,9.35,35.67,29.89,26.2,1.0,4,1,3,2.9,4.51,4.15,False,True,89.2,6.89,1.131,False,109.36,-9.75,-0.01,8.96,9.0,11.0,5435644.0,4806109.0,0.818,5092500.0,3797840.0,3752340.0,1.357,87.44,3,11,7,7.0,4,吃老本,True
CASY,Consumer Staples,Casey's,2025-06-23,503.87,15.63,17.3,25.58,21.02,1.0,3,5,4,3.8,37.29,12.97,False,True,462.11,3.08,1.4,False,511.97,-1.58,1.18,14.91,10.0,10.0,611540.0,436760.0,1.0,462900.0,400070.0,516653.0,0.896,98.92,4,3,21,7.0,4,,True
EL,Consumer Staples,Estée Lauder Companies (The),2025-06-23,78.93,19.64,23.05,8.4,14.87,1.0,1,3,10,3.4,108.8,93.85,False,True,64.51,21.5,1.231,False,111.67,-29.31,6.52,17.23,12.0,8.0,5004800.0,4066400.0,1.5,10753400.0,6022940.0,5046260.0,2.131,100.0,5,1,2,2.8,1,,True
KR,Consumer Staples,Kroger,2025-06-23,69.96,4.68,7.56,15.68,10.9,1.0,8,8,7,7.8,2.23,2.48,False,True,67.75,12.82,1.72,False,72.6,-3.63,-0.76,6.68,7.0,13.0,12893771.0,7495115.0,0.538,8995800.0,11439360.0,9664520.0,0.931,91.88,6,7,19,9.0,6,,True
MNST,Consumer Staples,Monster Beverage,2025-06-23,61.71,-3.5,6.65,17.43,9.5,0.667,21,9,5,14.2,-2.15,-29.89,False,False,61.74,4.77,0.895,False,64.45,-4.25,-2.19,-3.03,9.0,11.0,6072477.0,6786472.0,0.818,8486600.0,7133700.0,6332080.0,1.34,75.24,7,21,8,12.8,13,吃老本,True
MO,Consumer Staples,Altria,2025-06-23,55.02,-1.39,2.78,16.16,8.43,0.667,16,12,6,12.8,3.52,0.85,False,True,54.62,4.15,1.4,False,56.78,-3.1,-1.67,0.49,10.0,10.0,10605200.0,7576020.0,1.0,11502900.0,9972830.0,9278866.0,1.24,89.12,8,10,13,9.8,8,,True
MDLZ,Consumer Staples,Mondelez International,2025-06-23,65.05,0.43,0.79,14.26,7.43,1.0,14,15,8,13.1,12.24,-0.54,False,True,64.06,4.3,1.137,False,71.46,-8.97,-0.78,0.46,10.0,9.0,7152440.0,6293311.0,1.111,9119500.0,7233130.0,6708126.0,1.359,86.52,9,13,6,10.0,9,,True
KO,Consumer Staples,Coca-Cola Company (The),2025-06-23,68.39,-1.76,0.65,14.26,6.85,0.667,20,16,8,16.4,1.95,6.38,False,False,68.97,4.44,0.965,False,71.82,-4.77,2.16,-0.92,9.0,11.0,16552466.0,17147636.0,0.818,23470700.0,19254120.0,16809126.0,1.396,79.48,10,19,5,12.6,12,吃老本,True
ADM,Consumer Staples,Archer Daniels Midland,2025-06-23,50.39,7.69,9.7,4.98,6.84,1.0,5,7,13,7.2,4.46,-0.75,False,True,47.56,10.3,1.023,False,61.6,-18.19,-3.04,7.46,8.0,12.0,4386775.0,4289875.0,0.667,4770100.0,5577870.0,4650686.0,1.026,81.16,11,18,18,15.2,17,吃老本,True
WMT,Consumer Staples,Walmart,2025-06-23,96.46,-1.47,14.51,6.67,6.59,0.667,17,6,11,12.5,5.64,2.04,False,True,95.78,5.72,1.357,False,103.89,-7.15,1.2,0.18,8.0,12.0,21098062.0,15551133.0,0.667,31431900.0,18523470.0,17725833.0,1.773,84.33,12,15,3,11.4,10,,True
BG,Consumer Staples,Bunge Global,2025-06-23,78.24,2.93,6.16,4.94,4.74,1.0,10,10,14,10.8,38.3,-5.35,False,True,77.01,12.48,1.016,False,108.15,-27.66,-5.79,1.54,8.0,12.0,1940337.0,1909016.0,0.667,2375500.0,2268620.0,1957926.0,1.213,76.4,13,20,14,16.0,20,吃老本,True
COST,Consumer Staples,Costco,2025-06-23,978.07,-5.29,6.11,5.09,2.75,0.667,25,11,12,18.2,1.23,-1.94,False,False,995.83,3.24,1.281,False,1069.1,-8.51,0.49,-2.34,8.0,12.0,2606262.0,2034133.0,0.667,2129200.0,2101650.0,2066900.0,1.03,81.22,14,17,17,15.8,19,,True
KDP,Consumer Staples,Keurig Dr Pepper,2025-06-23,31.78,-1.75,-1.96,3.96,1.05,0.333,19,18,15,17.9,9.85,1.54,False,False,32.31,3.47,1.016,False,36.04,-11.82,-1.49,-1.11,10.0,10.0,10771420.0,10605190.0,1.0,10276000.0,10072000.0,9795186.0,1.049,81.52,15,16,16,15.6,18,,True
SYY,Consumer Staples,Sysco,2025-06-23,72.43,2.75,1.92,-1.19,0.57,0.667,11,13,19,13.2,-6.25,0.75,False,True,70.24,3.3,1.366,False,78.34,-7.54,0.44,4.08,12.0,8.0,3235483.0,2367912.0,1.5,3546200.0,2861530.0,2782086.0,1.275,99.04,16,2,11,9.4,7,剛爆發,False
HSY,Consumer Staples,Hershey Company (The),2025-06-23,162.13,3.92,-0.86,-1.11,0.21,0.333,9,17,17,13.0,8.03,13.26,False,True,159.38,4.76,1.057,False,198.58,-18.35,-2.6,3.51,10.0,10.0,1775940.0,1680210.0,1.0,2471500.0,2036500.0,1855866.0,1.332,84.57,17,14,10,14.4,15,,True
MKC,Consumer Staples,McCormick & Company,2025-06-23,73.48,4.92,-5.77,0.21,-0.11,0.667,7,22,16,13.3,5.7,-6.85,False,True,71.68,7.5,1.149,False,82.55,-10.99,4.45,5.18,10.0,10.0,2548930.0,2218680.0,1.0,3715200.0,2635360.0,2413706.0,1.539,89.99,18,9,4,11.6,11,剛爆發,True
HRL,Consumer Staples,Hormel Foods,2025-06-23,28.68,-0.68,1.33,-2.47,-1.07,0.333,15,14,22,16.1,3.28,-6.61,False,True,28.35,4.81,1.364,False,31.2,-8.09,0.2,0.3,10.0,9.0,3551480.0,2603922.0,1.111,3848800.0,3382550.0,3043313.0,1.265,90.79,19,8,12,13.2,14,剛爆發,True
CL,Consumer Staples,Colgate-Palmolive,2025-06-23,86.03,-4.55,-3.89,-2.29,-3.25,0.0,24,20,21,22.2,,,,,,,,,,,,,,,,,,,,,,,20,22,22,,22,,False
TSN,Consumer Staples,Tyson Foods,2025-06-23,53.38,-1.64,-10.64,-3.06,-4.6,0.0,18,24,23,20.8,,,,,,,,,,,,,,,,,,,,,,,21,22,22,,22,,False
PG,Consumer Staples,Procter & Gamble,2025-06-23,154.24,-5.9,-4.27,-4.54,-4.81,0.0,26,21,24,24.1,,,,,,,,,,,,,,,,,,,,,,,22,22,22,,22,,False
KMB,Consumer Staples,Kimberly-Clark,2025-06-23,121.92,-10.2,-8.26,-1.18,-5.2,0.0,30,23,18,25.5,,,,,,,,,,,,,,,,,,,,,,,23,22,22,,22,,False
KVUE,Consumer Staples,Kenvue,2025-06-23,19.95,-12.53,-11.13,-1.2,-6.52,0.0,32,25,20,27.5,,,,,,,,,,,,,,,,,,,,,,,24,22,22,,22,,False
PEP,Consumer Staples,PepsiCo,2025-06-23,126.05,0.78,-11.25,-12.58,-8.91,0.333,13,26,27,19.7,-0.77,0.9,False,False,126.3,4.21,1.31,False,167.9,-24.93,1.53,0.42,9.0,10.0,12176777.0,9294240.0,0.9,26536500.0,13385110.0,12159906.0,2.182,87.29,25,12,1,15.0,16,剛爆發,False
CHD,Consumer Staples,Church & Dwight,2025-06-23,93.55,-3.59,-12.86,-10.0,-9.11,0.0,22,28,25,24.4,,,,,,,,,,,,,,,,,,,,,,,26,22,22,,22,,False
KHC,Consumer Staples,Kraft Heinz,2025-06-23,24.0,-4.19,-14.04,-14.17,-11.64,0.0,23,30,28,26.1,,,,,,,,,,,,,,,,,,,,,,,27,22,22,,22,,False
TGT,Consumer Staples,Target Corporation,2025-06-23,95.07,5.55,-3.17,-25.3,-12.05,0.333,6,19,31,14.9,-21.27,7.05,False,True,91.62,6.3,1.154,False,156.1,-39.1,3.86,4.6,12.0,8.0,6992908.0,6059200.0,1.5,6389800.0,6734180.0,6880020.0,0.929,97.0,28,5,20,17.2,21,剛爆發,False
SJM,Consumer Staples,J.M. Smucker Company (The),2025-06-23,91.79,-15.08,-16.99,-11.81,-13.92,0.0,33,31,26,31.0,,,,,,,,,,,,,,,,,,,,,,,29,22,22,,22,剛爆發,False
GIS,Consumer Staples,General Mills,2025-06-23,46.99,-6.89,-13.64,-19.38,-14.82,0.0,27,29,30,28.2,,,,,,,,,,,,,,,,,,,,,,,30,22,22,,22,剛爆發,False
TAP,Consumer Staples,Molson Coors Beverage Company,2025-06-23,45.49,-10.67,-20.91,-16.57,-16.18,0.0,31,33,29,31.2,,,,,,,,,,,,,,,,,,,,,,,31,22,22,,22,剛爆發,False
STZ,Consumer Staples,Constellation Brands,2025-06-23,155.84,-9.51,-11.71,-26.73,-18.67,0.0,28,27,33,28.7,,,,,,,,,,,,,,,,,,,,,,,32,22,22,,22,剛爆發,False
CLX,Consumer Staples,Clorox,2025-06-23,114.0,-9.66,-17.85,-25.71,-19.73,0.0,29,32,32,30.5,,,,,,,,,,,,,,,,,,,,,,,33,22,22,,22,剛爆發,False
BF-B,Consumer Staples,Brown–Forman,2025-06-23,25.59,-19.99,-22.5,-30.85,-26.05,0.0,34,34,34,34.0,,,,,,,,,,,,,,,,,,,,,,,34,22,22,,22,剛爆發,False
EQT,Energy,EQT Corporation,2025-06-23,57.63,5.77,10.32,32.35,20.2,1.0,7,2,1,4.3,16.57,31.27,False,True,54.06,11.39,1.049,False,60.31,-4.44,-3.52,5.31,11.0,9.0,7437690.0,7089911.0,1.222,10530900.0,8396760.0,7531633.0,1.398,88.47,1,9,7,5.4,3,吃老本,True
MPC,Energy,Marathon Petroleum,2025-06-23,164.2,4.15,16.83,24.81,17.65,1.0,14,1,2,7.7,55.78,3730.85,False,True,151.05,4.75,0.684,False,175.89,-6.65,-1.01,4.68,14.0,6.0,2621292.0,3834266.0,2.333,8636600.0,3717930.0,3076533.0,2.807,99.37,2,1,2,1.6,1,,True
EXE,Energy,Expand Energy,2025-06-23,115.26,2.44,7.78,24.48,14.8,1.0,19,3,3,11.0,8.03,17.54,False,True,109.28,9.77,1.313,False,119.51,-3.56,-2.53,2.84,11.0,9.0,3446872.0,2624966.0,1.222,5158300.0,3462690.0,3158080.0,1.633,92.0,3,6,5,4.6,2,,True
WMB,Energy,Williams Companies,2025-06-23,60.74,4.44,6.77,18.21,11.91,1.0,12,4,4,8.0,8.45,4.11,False,True,57.17,8.23,0.895,False,61.24,-0.81,3.6,4.85,10.0,9.0,9031060.0,10085800.0,1.111,27816300.0,10842120.0,9348606.0,2.975,86.69,4,10,1,5.8,5,吃老本,True
VLO,Energy,Valero Energy,2025-06-23,130.82,4.44,3.31,14.52,9.2,1.0,12,5,5,8.5,117.31,970.77,False,True,122.71,7.98,0.876,False,158.02,-17.21,-4.54,4.28,10.0,10.0,3097570.0,3534600.0,1.0,8049500.0,3911330.0,3400813.0,2.367,81.09,5,17,3,9.4,10,吃老本,True
KMI,Energy,Kinder Morgan,2025-06-23,27.83,3.35,3.26,8.92,6.12,1.0,17,6,6,11.5,-4.83,-2.69,False,True,26.42,6.69,1.063,False,29.59,-5.95,3.46,3.8,12.0,8.0,13447066.0,12650625.0,1.5,17106100.0,13458460.0,13061306.0,1.31,94.76,6,4,8,5.6,4,,False
PSX,Energy,Phillips 66,2025-06-23,115.3,5.08,-1.12,7.9,4.94,0.667,10,7,7,8.5,-25.57,32.18,False,True,109.61,6.88,0.592,False,140.06,-17.68,-4.43,3.99,13.0,7.0,3244400.0,5483400.0,1.857,10132700.0,5177600.0,4304793.0,2.354,88.83,7,8,4,6.8,6,,False
EOG,Energy,EOG Resources,2025-06-23,115.78,11.26,-3.7,1.97,2.88,0.667,1,8,11,5.1,3.54,6.79,False,True,109.64,6.96,1.067,False,130.94,-11.57,-3.61,9.94,12.0,8.0,4617400.0,4326687.0,1.5,4187900.0,5215670.0,4734933.0,0.884,95.7,8,3,15,7.4,8,,True
XOM,Energy,ExxonMobil,2025-06-23,106.0,6.92,-6.24,4.6,2.47,0.667,5,9,9,7.0,1.16,7.87,False,True,103.24,8.3,0.971,False,119.26,-11.12,-4.64,6.51,13.0,7.0,20757815.0,21378500.0,1.857,22002100.0,23446970.0,21653146.0,1.016,96.9,9,2,12,6.8,6,剛爆發,True
DVN,Energy,Devon Energy,2025-06-23,31.43,7.33,-11.65,4.84,1.34,0.667,4,15,8,8.1,-1.46,15.69,False,True,31.11,10.75,0.916,False,46.6,-32.55,-5.95,4.39,10.0,10.0,8705130.0,9502970.0,1.0,6351900.0,10163920.0,8931166.0,0.711,81.29,10,16,19,14.2,14,吃老本,False
TRGP,Energy,Targa Resources,2025-06-23,169.69,10.42,-11.35,-0.76,-0.62,0.333,2,14,12,7.6,-7.56,-0.65,False,True,161.98,9.16,0.89,False,210.67,-19.45,2.18,10.03,11.0,9.0,1969309.0,2212144.0,1.222,2892000.0,2045550.0,1957653.0,1.477,90.8,11,7,6,8.4,9,,False
CVX,Energy,Chevron Corporation,2025-06-23,138.01,5.19,-12.37,2.19,-0.7,0.667,9,17,10,11.6,1.31,-2.28,False,True,133.65,6.6,1.097,False,160.22,-13.86,-3.85,4.26,12.0,8.0,10383625.0,9462200.0,1.5,9213500.0,11446550.0,10285740.0,0.896,92.72,12,5,14,9.6,11,剛爆發,True
COP,Energy,ConocoPhillips,2025-06-23,87.28,5.65,-11.17,-5.41,-4.09,0.333,8,13,13,10.5,1.98,7.92,False,True,86.67,10.19,0.938,False,111.13,-21.47,-4.77,5.34,11.0,9.0,9246327.0,9855288.0,1.222,7555700.0,10503800.0,9572073.0,0.789,86.05,13,11,17,13.0,12,,True
BKR,Energy,Baker Hughes,2025-06-23,37.41,2.73,-11.1,-5.67,-4.93,0.333,18,12,14,15.4,7.59,11.85,False,True,36.81,6.85,1.046,False,48.02,-22.09,-2.41,1.87,10.0,10.0,7920320.0,7571390.0,1.0,9914900.0,8651280.0,7848080.0,1.263,83.47,14,13,11,13.0,12,,True
FANG,Energy,Diamondback Energy,2025-06-23,136.25,3.88,-10.66,-10.49,-6.94,0.333,15,11,17,14.2,8.11,7.54,False,True,135.72,14.36,0.87,False,202.74,-32.79,-6.1,1.42,11.0,9.0,2738163.0,3147044.0,1.222,2781700.0,3391350.0,2978960.0,0.934,81.97,15,14,13,14.2,14,,True
APA,Energy,APA Corporation,2025-06-23,17.69,9.11,-9.83,-13.69,-7.02,0.333,3,10,19,8.3,29.18,-16.68,False,True,16.7,18.56,0.896,False,30.7,-42.36,-7.06,7.04,11.0,9.0,8495390.0,9477244.0,1.222,8122600.0,10493780.0,9791206.0,0.83,85.42,16,12,16,14.4,16,,True
OXY,Energy,Occidental Petroleum,2025-06-23,41.74,5.05,-12.27,-11.33,-7.47,0.333,11,16,18,13.9,14.0,19.42,False,True,41.01,11.77,0.841,False,62.23,-32.93,-6.64,3.32,10.0,10.0,13068730.0,15533130.0,1.0,20707000.0,19344900.0,15886753.0,1.303,79.06,17,18,9,15.8,17,,True
SLB,Energy,Schlumberger,2025-06-23,33.11,3.77,-18.11,-8.64,-7.9,0.333,16,20,16,17.2,,,,,,,,,,,,,,,,,,,,,,,18,20,20,,20,,False
TPL,Energy,Texas Pacific Land Corporation,2025-06-23,349.62,-5.12,-19.05,-7.6,-9.84,0.0,21,21,15,19.8,-7.11,14.52,False,False,406.94,9.93,1.046,False,583.96,-40.13,-2.65,-11.8,7.0,13.0,533228.0,509792.0,0.538,629400.0,533910.0,492380.0,1.278,68.24,19,19,10,17.2,18,,False
OKE,Energy,Oneok,2025-06-23,77.01,0.51,-16.46,-17.53,-12.75,0.333,20,18,20,19.4,,,,,,,,,,,,,,,,,,,,,,,20,20,20,,20,,False
HAL,Energy,Halliburton,2025-06-23,20.1,5.88,-17.26,-22.02,-13.86,0.333,6,19,21,12.9,-0.43,0.69,False,False,20.24,15.41,0.918,False,35.29,-43.04,-7.68,3.3,10.0,9.0,15965180.0,17384000.0,1.111,12372000.0,18363930.0,16442353.0,0.752,81.65,21,15,18,18.0,19,剛爆發,False
HOOD,Financials,Robinhood Markets,2025-06-23,83.03,25.52,98.07,112.79,87.29,1.0,2,2,1,1.8,13.48,99.1,False,True,62.68,17.55,1.087,False,85.55,-2.95,5.77,29.84,13.0,7.0,39474130.0,36328728.0,1.857,37005900.0,33377290.0,37439813.0,0.988,100.0,1,1,23,5.4,6,,True
COIN,Financials,Coinbase,2025-06-23,353.43,43.31,103.2,33.01,53.13,1.0,1,1,2,1.2,-87.38,128.96,False,True,245.45,47.36,1.688,False,382.0,-7.48,14.61,42.03,11.0,9.0,18614227.0,11027100.0,1.222,29000400.0,23080200.0,17586426.0,1.649,100.0,2,1,9,3.0,2,,False
NTRS,Financials,Northern Trust,2025-06-23,121.65,17.38,28.97,21.62,22.4,1.0,3,4,4,3.5,3.36,11.14,False,True,101.62,15.02,1.427,False,121.76,-0.09,11.23,16.75,12.0,8.0,3138941.0,2199212.0,1.5,2358600.0,3900860.0,3131980.0,0.753,100.0,3,1,27,7.0,7,,True
GS,Financials,Goldman Sachs,2025-06-23,677.18,15.05,27.83,21.09,21.26,1.0,4,5,7,4.9,14.88,32.26,False,True,580.31,13.02,1.429,False,680.5,-0.49,7.8,14.78,14.0,6.0,2240821.0,1568400.0,2.333,3650500.0,2395800.0,2154620.0,1.694,100.0,4,1,7,3.4,3,,True
BEN,Financials,Franklin Resources,2025-06-23,22.62,11.59,27.37,20.73,20.11,1.0,7,6,9,7.1,-0.62,11.43,False,True,19.78,10.38,0.788,False,22.92,-1.33,5.96,10.78,13.0,7.0,4701546.0,5967857.0,1.857,9929500.0,4271640.0,4189600.0,2.37,100.0,5,1,2,2.8,1,,False
IBKR,Financials,Interactive Brokers,2025-06-23,53.71,2.94,31.24,20.91,19.0,1.0,39,3,8,22.0,-2.73,9.37,False,True,48.47,10.18,1.065,False,58.7,-8.5,5.1,3.28,11.0,9.0,5468672.0,5137000.0,1.222,11180300.0,5300120.0,5302293.0,2.109,90.97,6,20,4,11.2,12,吃老本,False
C,Financials,Citigroup,2025-06-23,82.51,12.03,20.94,20.62,18.55,1.0,6,10,10,8.0,5.93,8.7,False,True,72.25,10.84,1.398,False,82.91,-0.48,7.56,11.72,13.0,7.0,13913569.0,9952528.0,1.857,21872400.0,14676000.0,12951720.0,1.689,100.0,7,1,8,4.8,4,剛爆發,True
COF,Financials,Capital One,2025-06-23,207.95,11.56,21.99,17.81,17.29,1.0,8,9,14,9.5,11.19,10.37,False,True,187.93,10.38,1.034,False,209.73,-0.85,6.37,10.62,13.0,7.0,3871938.0,3746085.0,1.857,4410800.0,3742300.0,3754153.0,1.175,100.0,8,1,19,7.4,8,剛爆發,True
JPM,Financials,JPMorgan Chase,2025-06-23,280.37,8.75,18.95,20.4,17.13,1.0,16,16,11,15.0,9.15,19.18,False,True,254.02,9.63,0.909,False,282.62,-0.79,4.4,8.6,13.0,7.0,8341723.0,9172500.0,1.857,17868600.0,9695980.0,8971540.0,1.992,100.0,9,1,5,5.0,5,剛爆發,True
SCHW,Financials,Charles Schwab Corporation,2025-06-23,88.85,1.86,16.01,21.18,15.06,1.0,45,18,6,29.1,3.17,10.46,False,True,84.44,5.72,0.933,False,89.72,-0.97,0.86,2.53,10.0,10.0,7444110.0,7978790.0,1.0,9335400.0,9198660.0,7902813.0,1.181,83.19,10,27,18,18.4,19,吃老本,True
MS,Financials,Morgan Stanley,2025-06-23,136.62,9.89,22.97,12.62,14.53,1.0,13,8,21,13.1,17.68,32.23,False,True,121.9,9.74,1.198,False,137.8,-0.85,6.01,9.78,14.0,6.0,5656785.0,4720266.0,2.333,7249300.0,6028170.0,5600700.0,1.294,100.0,11,1,17,8.2,10,剛爆發,True
NDAQ,Financials,"Nasdaq, Inc.",2025-06-23,87.97,6.96,19.29,14.33,13.73,1.0,26,15,17,20.9,2.46,1.36,False,True,80.18,4.97,0.947,False,88.36,-0.45,3.46,7.17,15.0,5.0,3525246.0,3723720.0,3.0,5368200.0,3834860.0,3676546.0,1.46,100.0,12,1,13,7.8,9,剛爆發,True
BNY,Financials,BNY Mellon,2025-06-23,89.14,2.9,10.92,18.93,12.92,1.0,40,26,12,30.2,5.93,9.81,False,True,84.37,5.78,0.905,False,90.57,-1.58,-0.48,2.37,11.0,9.0,3991572.0,4410844.0,1.222,6279100.0,5076250.0,4291820.0,1.463,85.4,13,25,12,17.6,18,吃老本,True
ICE,Financials,Intercontinental Exchange,2025-06-23,179.46,1.36,4.31,21.57,12.2,1.0,49,42,5,38.1,0.99,1.98,False,True,171.63,2.86,1.04,True,180.31,-0.47,1.86,2.08,11.0,9.0,2472690.0,2377400.0,1.222,2137100.0,2316830.0,2307093.0,0.926,88.53,14,22,26,19.6,20,吃老本,True
STT,Financials,State Street Corporation,2025-06-23,102.6,10.1,20.07,9.29,12.19,1.0,12,13,26,15.1,1.7,6.51,False,True,91.67,10.3,1.24,False,102.66,-0.06,6.4,9.23,14.0,6.0,2008092.0,1619483.0,2.333,2043300.0,2345180.0,2050486.0,0.996,100.0,15,1,22,10.8,11,剛爆發,True
WRB,Financials,W. R. Berkley Corporation,2025-06-23,70.34,-2.43,2.25,23.73,11.82,0.667,56,47,3,42.7,2.39,18.49,False,True,70.04,3.56,1.466,False,73.73,-4.59,-1.19,-1.47,8.0,12.0,2147037.0,1464991.0,0.667,2406700.0,1926080.0,1713966.0,1.404,84.29,16,26,16,20.0,22,吃老本,True
WFC,Financials,Wells Fargo,2025-06-23,77.79,6.31,13.08,12.97,11.33,1.0,29,21,20,24.8,,,,,,,,,,,,,,,,,,,,,,,17,28,28,,28,吃老本,False
SYF,Financials,Synchrony Financial,2025-06-23,65.1,14.81,26.95,1.34,11.11,1.0,5,7,47,14.0,9.81,-0.29,False,True,56.48,11.45,1.136,False,69.13,-5.82,6.18,13.63,13.0,7.0,3681730.0,3239785.0,1.857,3960700.0,3478360.0,3637173.0,1.089,100.0,18,1,20,11.6,13,剛爆發,True
AXP,Financials,American Express,2025-06-23,313.04,7.87,19.87,5.96,9.92,1.0,21,14,31,20.9,4.96,0.17,False,True,283.53,11.27,1.139,False,320.94,-2.46,6.23,7.38,12.0,8.0,2972608.0,2610787.0,1.5,4605500.0,3395320.0,2920886.0,1.577,99.35,19,18,10,16.8,15,,True
CME,Financials,CME Group,2025-06-23,264.47,-4.49,5.26,18.79,9.59,0.667,67,39,13,47.8,-0.31,3.05,False,True,263.43,4.64,1.474,False,278.62,-5.08,0.28,-3.45,9.0,11.0,3451944.0,2341690.0,0.818,2682100.0,3117420.0,2894253.0,0.927,86.11,20,24,25,22.6,24,,False
BAC,Financials,Bank of America,2025-06-23,46.12,7.4,14.9,7.57,9.36,1.0,24,19,27,23.1,,,,,,,,,,,,,,,,,,,,,,,21,28,28,,28,吃老本,False
CBOE,Financials,Cboe Global Markets,2025-06-23,227.96,-0.05,3.12,16.78,9.16,0.667,54,45,16,43.7,,,,,,,,,,,,,,,,,,,,,,,22,28,28,,28,吃老本,False
AIG,Financials,American International Group,2025-06-23,82.62,0.47,1.69,17.05,9.07,1.0,53,51,15,44.8,20.17,5.97,False,True,81.16,2.92,1.028,True,85.57,-3.44,-0.63,1.73,11.0,9.0,4599672.0,4474911.0,1.222,8170500.0,4896280.0,4666380.0,1.751,87.11,23,23,6,19.6,20,,True
CFG,Financials,Citizens Financial Group,2025-06-23,42.76,10.11,11.63,3.91,7.39,1.0,11,23,32,18.8,2.68,2.3,False,True,38.33,10.51,1.096,False,46.46,-7.97,6.52,10.36,13.0,7.0,5430069.0,4953414.0,1.857,7484300.0,5064560.0,5264286.0,1.422,100.0,24,1,15,13.0,14,剛爆發,True
HBAN,Financials,Huntington Bancshares,2025-06-23,16.0,7.26,13.36,3.43,6.87,1.0,25,20,37,25.9,,,,,,,,,,,,,,,,,,,,,,,25,28,28,,28,,False
HIG,Financials,Hartford (The),2025-06-23,122.54,-3.59,2.42,14.19,6.8,0.667,61,46,18,47.9,,,,,,,,,,,,,,,,,,,,,,,26,28,28,,28,,False
MTB,Financials,M&T Bank,2025-06-23,188.19,6.89,11.38,3.9,6.52,1.0,27,24,33,27.3,,,,,,,,,,,,,,,,,,,,,,,27,28,28,,28,,False
GL,Financials,Globe Life,2025-06-23,122.62,1.66,-4.34,13.62,6.14,0.667,47,62,19,45.9,,,,,,,,,,,,,,,,,,,,,,,28,28,28,,28,,False
KEY,Financials,KeyCorp,2025-06-23,16.52,8.58,10.43,2.68,6.09,1.0,18,28,42,25.8,,,,,,,,,,,,,,,,,,,,,,,29,28,28,,28,,False
BLK,Financials,BlackRock,2025-06-23,1026.32,7.5,11.27,1.43,5.41,1.0,23,25,46,28.2,,,,,,,,,,,,,,,,,,,,,,,30,28,28,,28,,False
RF,Financials,Regions Financial Corporation,2025-06-23,22.45,10.19,10.3,0.58,5.41,1.0,10,29,48,23.3,6.16,6.34,False,True,20.49,9.64,1.05,False,26.05,-13.81,5.18,9.53,12.0,7.0,10433783.0,9939300.0,1.714,10748900.0,11684610.0,11335340.0,0.948,100.0,30,1,24,17.2,16,剛爆發,True
ARES,Financials,Ares Management,2025-06-23,167.01,5.35,20.33,-2.11,5.36,0.667,31,12,57,30.5,15.91,-5.18,False,True,156.05,8.83,0.974,False,190.56,-12.35,4.48,5.73,13.0,7.0,1514238.0,1554842.0,1.857,1591500.0,1289050.0,1495826.0,1.064,100.0,32,1,21,17.4,17,剛爆發,True
TRV,Financials,Travelers Companies (The),2025-06-23,259.19,-4.1,1.0,9.97,4.21,0.667,66,53,24,53.7,,,,,,,,,,,,,,,,,,,,,,,33,28,28,,28,,False
V,Financials,Visa Inc.,2025-06-23,345.88,-4.54,1.85,9.76,4.21,0.667,68,50,25,54.0,,,,,,,,,,,,,,,,,,,,,,,33,28,28,,28,,False
L,Financials,Loews Corporation,2025-06-23,90.18,1.24,-0.19,6.91,3.72,0.667,50,55,28,47.1,,,,,,,,,,,,,,,,,,,,,,,35,28,28,,28,剛爆發,False
TFC,Financials,Truist Financial,2025-06-23,40.76,7.87,6.72,-0.01,3.64,0.667,21,36,50,31.3,,,,,,,,,,,,,,,,,,,,,,,36,28,28,,28,剛爆發,False
FITB,Financials,Fifth Third Bancorp,2025-06-23,39.79,8.69,7.99,-1.46,3.44,0.667,17,35,53,29.6,,,,,,,,,,,,,,,,,,,,,,,37,28,28,,28,剛爆發,False
MCO,Financials,Moody's Corporation,2025-06-23,483.98,1.82,5.98,2.75,3.33,1.0,46,38,40,42.4,,,,,,,,,,,,,,,,,,,,,,,38,28,28,,28,剛爆發,False
FIS,Financials,Fidelity National Information Services,2025-06-23,78.27,1.99,10.25,0.07,3.09,1.0,44,30,49,40.8,,,,,,,,,,,,,,,,,,,,,,,39,28,28,,28,剛爆發,False
PNC,Financials,PNC Financial Services,2025-06-23,178.28,6.87,9.19,-2.1,2.97,0.667,28,34,56,35.4,,,,,,,,,,,,,,,,,,,,,,,40,28,28,,28,剛爆發,False
AMP,Financials,Ameriprise Financial,2025-06-23,521.11,3.7,9.87,-0.87,2.96,0.667,37,32,51,38.3,,,,,,,,,,,,,,,,,,,,,,,41,28,28,,28,剛爆發,False
RJF,Financials,Raymond James Financial,2025-06-23,150.67,4.25,10.63,-1.68,2.88,0.667,35,27,54,36.4,,,,,,,,,,,,,,,,,,,,,,,42,28,28,,28,剛爆發,False
SPGI,Financials,S&P Global,2025-06-23,485.72,0.95,3.22,3.55,2.82,1.0,51,44,36,45.9,,,,,,,,,,,,,,,,,,,,,,,43,28,28,,28,剛爆發,False
PGR,Financials,Progressive Corporation,2025-06-23,247.79,-7.35,-5.3,11.68,2.68,0.333,75,65,22,61.4,,,,,,,,,,,,,,,,,,,,,,,44,28,28,,28,剛爆發,False
AJG,Financials,Arthur J. Gallagher & Co.,2025-06-23,314.19,-8.37,-6.57,11.32,1.92,0.333,76,68,23,63.0,,,,,,,,,,,,,,,,,,,,,,,45,28,28,,28,剛爆發,False
USB,Financials,U.S. Bancorp,2025-06-23,43.53,4.98,9.58,-3.5,1.89,0.667,32,33,60,37.9,,,,,,,,,,,,,,,,,,,,,,,46,28,28,,28,剛爆發,False
KKR,Financials,KKR & Co.,2025-06-23,133.4,10.56,17.1,-10.14,1.85,0.667,9,17,68,23.2,1.66,3.52,False,True,118.7,13.99,0.864,False,168.8,-20.97,9.54,9.78,13.0,7.0,3450115.0,3994228.0,1.857,5399500.0,3578780.0,3423453.0,1.577,100.0,47,1,10,21.2,23,剛爆發,True
PFG,Financials,Principal Financial Group,2025-06-23,76.38,2.67,-3.72,3.85,1.66,0.667,41,59,34,45.0,,,,,,,,,,,,,,,,,,,,,,,48,28,28,,28,剛爆發,False
CINF,Financials,Cincinnati Financial,2025-06-23,143.03,-2.46,1.07,2.74,1.02,0.667,57,52,41,52.3,,,,,,,,,,,,,,,,,,,,,,,49,28,28,,28,剛爆發,False
MA,Financials,Mastercard,2025-06-23,546.17,-6.02,1.96,3.72,0.84,0.667,72,49,35,57.7,,,,,,,,,,,,,,,,,,,,,,,50,28,28,,28,剛爆發,False
AFL,Financials,Aflac,2025-06-23,102.88,1.48,-3.78,2.77,0.81,0.667,48,60,39,49.8,,,,,,,,,,,,,,,,,,,,,,,51,28,28,,28,剛爆發,False
MET,Financials,MetLife,2025-06-23,78.03,2.28,2.19,-0.93,0.65,0.667,42,48,52,45.8,,,,,,,,,,,,,,,,,,,,,,,52,28,28,,28,剛爆發,False
JKHY,Financials,Jack Henry & Associates,2025-06-23,175.66,-1.57,0.17,1.47,0.38,0.667,55,54,45,52.7,,,,,,,,,,,,,,,,,,,,,,,53,28,28,,28,剛爆發,False
BRK-B,Financials,Berkshire Hathaway,2025-06-23,485.68,-3.63,-7.72,6.39,0.36,0.333,62,69,30,57.7,,,,,,,,,,,,,,,,,,,,,,,54,28,28,,28,剛爆發,False
BRO,Financials,Brown & Brown,2025-06-23,108.61,-2.94,-10.74,6.8,-0.02,0.333,59,73,29,57.2,,,,,,,,,,,,,,,,,,,,,,,55,28,28,,28,剛爆發,False
CB,Financials,Chubb Limited,2025-06-23,283.4,-3.74,-3.5,3.35,-0.13,0.333,64,58,38,57.0,,,,,,,,,,,,,,,,,,,,,,,56,28,28,,28,剛爆發,False
MSCI,Financials,MSCI Inc.,2025-06-23,568.47,2.2,3.54,-4.85,-0.99,0.667,43,43,62,46.8,,,,,,,,,,,,,,,,,,,,,,,57,28,28,,28,剛爆發,False
BX,Financials,Blackstone Inc.,2025-06-23,145.81,8.9,10.18,-11.8,-1.13,0.667,15,31,69,30.6,3.11,15.23,False,True,133.43,13.35,1.279,False,190.93,-23.63,9.75,8.81,11.0,9.0,3886427.0,3039655.0,1.222,7633600.0,3606310.0,3472166.0,2.199,99.89,58,17,3,30.6,25,剛爆發,True
IVZ,Financials,Invesco,2025-06-23,15.17,8.58,4.76,-8.98,-1.15,0.667,18,40,67,34.4,,,,,,,,,,,,,,,,,,,,,,,59,28,28,,28,剛爆發,False
ALL,Financials,Allstate,2025-06-23,191.9,-6.27,-4.72,2.01,-1.74,0.333,73,63,44,64.2,,,,,,,,,,,,,,,,,,,,,,,60,28,28,,28,剛爆發,False
MRSH,Financials,Marsh McLennan,2025-06-23,211.69,-7.14,-10.19,2.36,-3.15,0.333,74,71,43,66.9,,,,,,,,,,,,,,,,,,,,,,,61,28,28,,28,剛爆發,False
PYPL,Financials,PayPal,2025-06-23,73.01,4.78,13.03,-15.22,-3.16,0.667,33,22,71,37.3,,,,,,,,,,,,,,,,,,,,,,,62,28,28,,28,剛爆發,False
CPAY,Financials,Corpay,2025-06-23,327.04,0.59,-5.67,-4.16,-3.35,0.333,52,66,61,58.0,,,,,,,,,,,,,,,,,,,,,,,63,28,28,,28,剛爆發,False
PRU,Financials,Prudential Financial,2025-06-23,101.61,3.12,-1.44,-7.76,-3.46,0.333,38,57,64,48.9,,,,,,,,,,,,,,,,,,,,,,,64,28,28,,28,剛爆發,False
ACGL,Financials,Arch Capital Group,2025-06-23,90.32,-4.97,-4.99,-2.19,-3.58,0.0,69,64,58,65.3,,,,,,,,,,,,,,,,,,,,,,,65,28,28,,28,剛爆發,False
APO,Financials,Apollo Global Management,2025-06-23,140.67,9.36,4.72,-15.53,-4.24,0.667,14,41,72,33.7,-1.31,17.47,False,True,131.96,11.22,1.097,False,185.32,-24.09,6.24,8.52,12.0,8.0,3181775.0,2899687.0,1.5,8391400.0,3445800.0,3167886.0,2.649,99.31,66,19,1,34.2,26,剛爆發,False
TROW,Financials,T. Rowe Price,2025-06-23,91.32,4.08,6.38,-14.61,-4.69,0.667,36,37,70,43.1,,,,,,,,,,,,,,,,,,,,,,,67,28,28,,28,剛爆發,False
AON,Financials,Aon plc,2025-06-23,351.07,-5.2,-10.41,-1.74,-4.77,0.0,71,72,55,68.1,,,,,,,,,,,,,,,,,,,,,,,68,28,28,,28,剛爆發,False
WTW,Financials,Willis Towers Watson,2025-06-23,299.84,-3.81,-9.44,-3.2,-4.91,0.0,65,70,59,65.3,,,,,,,,,,,,,,,,,,,,,,,69,28,28,,28,剛爆發,False
EG,Financials,Everest Group,2025-06-23,332.7,-3.0,-6.42,-5.36,-5.04,0.0,60,67,63,62.7,,,,,,,,,,,,,,,,,,,,,,,70,28,28,,28,剛爆發,False
XYZ,Financials,"Block, Inc.",2025-06-23,66.63,7.9,20.42,-25.11,-5.47,0.667,20,11,75,28.3,-39.71,-18.79,False,True,58.99,8.83,0.936,False,99.26,-32.87,4.78,7.19,11.0,9.0,7007336.0,7490033.0,1.222,9854300.0,6696070.0,6899866.0,1.428,90.93,71,21,14,39.6,27,剛爆發,False
AIZ,Financials,Assurant,2025-06-23,193.9,-2.64,-4.21,-7.76,-5.6,0.0,58,61,64,60.1,,,,,,,,,,,,,,,,,,,,,,,72,28,28,,28,剛爆發,False
FDS,Financials,FactSet,2025-06-23,434.02,-3.67,-1.4,-8.85,-5.69,0.0,63,56,66,61.5,,,,,,,,,,,,,,,,,,,,,,,73,28,28,,28,剛爆發,False
FISV,Financials,Fiserv,2025-06-23,172.33,5.86,-20.27,-17.13,-12.17,0.333,30,76,73,52.4,,,,,,,,,,,,,,,,,,,,,,,74,28,28,,28,剛爆發,False
ERIE,Financials,Erie Indemnity,2025-06-23,332.05,-5.04,-16.81,-18.25,-14.59,0.0,70,74,74,72.0,,,,,,,,,,,,,,,,,,,,,,,75,28,28,,28,剛爆發,False
GPN,Financials,Global Payments,2025-06-23,77.7,4.45,-19.02,-29.52,-18.4,0.333,34,75,76,54.7,,,,,,,,,,,,,,,,,,,,,,,76,28,28,,28,剛爆發,False
CVS,Health Care,CVS Health,2025-06-23,65.67,6.95,3.06,57.51,31.26,1.0,6,22,1,9.8,34.49,29.56,False,True,62.3,4.38,1.019,False,69.52,-5.54,2.88,9.1,12.0,8.0,7172183.0,7036087.0,1.5,5937400.0,7700060.0,6897613.0,0.861,96.95,1,11,33,11.4,6,吃老本,True
CAH,Health Care,Cardinal Health,2025-06-23,164.96,8.25,22.98,41.44,28.53,1.0,3,3,2,2.8,9.36,9.39,False,True,149.59,4.86,0.948,False,165.93,-0.59,2.31,8.57,15.0,5.0,2338800.0,2466740.0,3.0,2603400.0,2815320.0,2526413.0,1.03,100.0,2,1,27,6.6,1,,True
IDXX,Health Care,Idexx Laboratories,2025-06-23,531.32,3.5,27.76,28.05,21.84,1.0,24,1,5,13.3,4.07,9.21,False,True,494.88,4.05,0.929,False,535.2,-0.72,1.41,3.06,10.0,10.0,499750.0,538060.0,1.0,624800.0,533990.0,472620.0,1.322,83.65,3,31,19,17.4,18,吃老本,True
VEEV,Health Care,Veeva Systems,2025-06-23,283.41,1.33,21.01,32.43,21.8,1.0,35,4,4,19.5,12.98,10.05,False,True,253.64,4.2,0.871,False,291.69,-2.84,1.19,1.57,11.0,9.0,1567409.0,1799622.0,1.222,1781000.0,1327000.0,1460040.0,1.22,84.99,4,28,22,17.2,17,吃老本,True
COR,Health Care,Cencora,2025-06-23,297.18,2.81,9.01,32.5,19.2,1.0,29,12,3,18.7,7.92,5.96,False,True,287.25,4.36,1.061,False,306.44,-3.02,1.96,3.0,12.0,8.0,1525125.0,1437537.0,1.5,2171800.0,1513960.0,1426100.0,1.523,93.65,5,13,12,9.6,3,吃老本,True
HCA,Health Care,HCA Healthcare,2025-06-23,376.74,-0.35,11.07,25.91,15.63,0.667,45,10,7,26.9,12.09,1.22,False,True,361.76,10.08,1.042,False,411.72,-8.5,0.48,0.37,13.0,7.0,1524700.0,1462542.0,1.857,1554900.0,1684930.0,1547540.0,1.005,96.51,6,12,28,12.8,10,吃老本,True
MCK,Health Care,McKesson Corporation,2025-06-23,722.84,0.97,8.75,26.13,15.49,1.0,38,13,6,24.1,2.98,0.47,False,True,706.93,3.9,1.161,False,733.38,-1.44,0.67,1.91,11.0,9.0,840881.0,724444.0,1.222,1932900.0,807910.0,775366.0,2.493,90.06,7,19,1,10.6,5,吃老本,True
PODD,Health Care,Insulet Corporation,2025-06-23,313.08,-3.68,21.0,18.09,13.38,0.667,54,5,10,30.5,29.7,12.63,False,True,295.2,5.22,1.164,False,329.33,-4.93,3.28,-3.33,10.0,10.0,924820.0,794280.0,1.0,760300.0,853260.0,864433.0,0.88,84.69,8,29,32,21.2,23,吃老本,True
LH,Health Care,Labcorp,2025-06-23,257.87,4.67,13.62,13.74,11.44,1.0,14,8,15,12.4,2.82,1.71,False,True,243.85,3.52,1.126,False,261.27,-1.3,-0.49,5.61,13.0,7.0,736038.0,653485.0,1.857,1016400.0,748050.0,683993.0,1.486,100.0,9,1,13,6.6,1,剛爆發,True
DGX,Health Care,Quest Diagnostics,2025-06-23,173.97,2.59,6.8,17.65,11.17,1.0,30,18,12,22.8,2.78,2.09,False,True,171.52,3.76,1.093,False,178.42,-2.49,-0.89,3.39,13.0,7.0,878953.0,804514.0,1.857,1205900.0,943410.0,830266.0,1.452,98.65,10,8,14,10.0,4,,True
BSX,Health Care,Boston Scientific,2025-06-23,106.53,1.21,7.22,17.5,10.86,1.0,37,17,13,26.2,11.52,6.57,False,True,102.45,8.81,1.075,False,107.17,-0.6,5.16,1.94,11.0,9.0,8496590.0,7904744.0,1.222,15637200.0,8277940.0,8448046.0,1.851,90.37,11,17,5,12.2,8,吃老本,True
DXCM,Health Care,Dexcom,2025-06-23,86.33,0.62,27.44,7.59,10.81,1.0,40,2,21,24.8,-2.56,-9.87,False,True,81.12,12.64,1.196,False,117.27,-26.38,7.91,1.73,8.0,12.0,4029137.0,3368966.0,0.667,4632500.0,4640970.0,3946906.0,1.174,85.13,12,27,23,20.2,21,吃老本,True
CI,Health Care,Cigna,2025-06-23,319.24,3.55,0.87,18.22,10.22,1.0,23,25,9,20.8,6.17,-15.1,False,True,313.4,7.16,1.078,False,357.79,-10.77,3.8,5.07,9.0,11.0,1944922.0,1803518.0,0.818,3402300.0,1849390.0,1957853.0,1.738,85.71,13,26,7,17.0,16,吃老本,True
RMD,Health Care,ResMed,2025-06-23,252.69,4.24,16.27,9.91,10.08,1.0,16,7,17,13.5,0.41,4.98,False,True,241.1,4.74,0.877,False,259.35,-2.57,0.58,4.1,11.0,9.0,746081.0,850633.0,1.222,1498400.0,849090.0,798766.0,1.876,86.37,14,24,4,16.0,14,吃老本,True
ABT,Health Care,Abbott Laboratories,2025-06-23,130.76,0.6,3.2,18.02,9.96,1.0,41,21,11,29.0,1.74,-0.17,False,True,129.19,5.55,1.348,False,136.79,-4.41,1.05,1.15,11.0,9.0,7189654.0,5333666.0,1.222,9513500.0,6956820.0,6189000.0,1.537,93.03,15,15,11,14.2,12,,True
GILD,Health Care,Gilead Sciences,2025-06-23,107.86,1.25,-0.3,19.26,9.87,0.667,36,27,8,27.7,1.94,11.73,False,True,102.99,6.96,1.211,False,115.28,-6.44,2.0,0.31,10.0,9.0,10092820.0,8331677.0,1.111,19545200.0,10451440.0,9216086.0,2.121,88.85,16,21,3,15.4,13,,True
STE,Health Care,Steris,2025-06-23,236.86,-2.39,7.33,15.38,8.93,0.667,51,16,14,33.1,5.44,-0.06,False,True,233.31,4.27,1.165,False,250.16,-5.32,1.32,-2.31,10.0,10.0,606250.0,520330.0,1.0,741600.0,522330.0,519193.0,1.428,84.54,17,30,15,21.8,24,吃老本,True
SOLV,Health Care,Solventum,2025-06-23,75.46,3.24,0.95,13.07,7.58,1.0,25,24,16,22.9,,,,,,,,,,,,,,,,,,,,,,,18,34,34,,34,吃老本,False
SYK,Health Care,Stryker Corporation,2025-06-23,388.75,2.85,8.22,7.7,6.62,1.0,28,15,20,22.5,4.01,3.49,False,True,373.18,6.65,1.429,False,400.31,-2.89,4.79,2.93,11.0,9.0,1424772.0,997066.0,1.222,2216600.0,1468210.0,1263800.0,1.754,97.01,19,10,6,12.8,10,剛爆發,True
MDT,Health Care,Medtronic,2025-06-23,83.31,4.52,-1.02,8.28,5.01,0.667,15,28,18,19.5,2.69,2.24,False,True,81.47,4.85,1.25,False,91.72,-9.17,0.46,5.25,15.0,5.0,9171206.0,7334740.0,3.0,10134000.0,9057300.0,8260113.0,1.227,100.0,20,1,21,12.6,9,剛爆發,True
HSIC,Health Care,Henry Schein,2025-06-23,73.27,4.69,6.78,4.05,4.89,1.0,13,19,26,17.4,3.59,-1.56,False,True,69.47,5.97,1.052,False,82.49,-11.18,1.79,1.79,11.0,9.0,1767681.0,1680811.0,1.222,2251300.0,1952510.0,1645633.0,1.368,88.53,21,23,17,21.0,22,,True
EW,Health Care,Edwards Lifesciences,2025-06-23,78.21,-0.01,10.29,3.38,4.26,0.667,42,11,28,29.9,7.46,6.39,False,True,75.5,7.73,1.355,False,95.25,-17.89,5.93,0.62,9.0,11.0,4724300.0,3485836.0,0.818,6205600.0,4283070.0,3906280.0,1.589,88.73,22,22,10,19.6,20,,True
INCY,Health Care,Incyte,2025-06-23,68.37,5.09,12.82,-1.24,3.86,0.667,11,9,32,14.6,12.32,-8.01,False,True,64.15,6.92,1.125,False,83.95,-18.56,-0.13,3.53,11.0,9.0,2385472.0,2120933.0,1.222,3495200.0,2173930.0,2071906.0,1.687,90.08,23,18,8,18.0,19,,True
JNJ,Health Care,Johnson & Johnson,2025-06-23,148.69,-1.8,-6.1,6.82,1.43,0.333,49,38,23,40.5,,,,,,,,,,,,,,,,,,,,,,,24,34,34,,34,吃老本,False
VRTX,Health Care,Vertex Pharmaceuticals,2025-06-23,441.3,-0.17,-10.43,7.96,1.33,0.333,43,47,19,39.4,,,,,,,,,,,,,,,,,,,,,,,25,34,34,,34,吃老本,False
ISRG,Health Care,Intuitive Surgical,2025-06-23,533.71,-3.37,8.51,-0.22,1.18,0.333,53,14,29,36.5,4.41,23.73,False,True,530.39,8.47,0.716,False,616.0,-13.36,4.78,-3.97,8.0,12.0,1471325.0,2056050.0,0.667,2016500.0,1718020.0,1945853.0,1.036,72.06,26,32,26,28.4,31,吃老本,True
AMGN,Health Care,Amgen,2025-06-23,269.04,-3.83,-8.92,7.31,0.46,0.333,55,43,22,44.8,,,,,,,,,,,,,,,,,,,,,,,27,34,34,,34,吃老本,False
ALGN,Health Care,Align Technology,2025-06-23,188.52,4.19,18.41,-10.84,0.23,0.667,17,6,40,18.3,7.07,-0.37,False,True,180.34,9.56,0.814,False,263.24,-28.38,3.7,2.99,14.0,6.0,801228.0,983883.0,2.333,1878700.0,993350.0,884406.0,2.124,100.0,28,1,2,12.0,7,剛爆發,True
BAX,Health Care,Baxter International,2025-06-23,30.13,-0.36,-9.45,5.16,0.13,0.333,46,44,24,41.0,,,,,,,,,,,,,,,,,,,,,,,29,34,34,,34,,False
LLY,Health Care,Lilly (Eli),2025-06-23,770.0,5.12,-5.53,-0.61,-0.41,0.333,10,36,30,21.8,-3.39,5.0,False,False,775.42,8.81,0.879,False,960.47,-19.83,1.67,7.32,14.0,6.0,3239600.0,3683733.0,2.333,4115100.0,3410190.0,3238326.0,1.271,100.0,30,1,20,16.4,15,剛爆發,False
ABBV,Health Care,AbbVie,2025-06-23,175.31,-2.04,-10.37,4.34,-0.94,0.333,50,46,25,43.8,,,,,,,,,,,,,,,,,,,,,,,31,34,34,,34,,False
ELV,Health Care,Elevance Health,2025-06-23,373.64,-0.17,-11.3,3.69,-1.02,0.333,43,50,27,41.9,,,,,,,,,,,,,,,,,,,,,,,32,34,34,,34,,False
MTD,Health Care,Mettler Toledo,2025-06-23,1184.54,2.51,0.63,-4.03,-1.23,0.667,31,26,33,29.9,,,,,,,,,,,,,,,,,,,,,,,33,34,34,,34,,False
PFE,Health Care,Pfizer,2025-06-23,22.22,2.98,-2.22,-5.86,-2.74,0.333,27,30,36,29.7,,,,,,,,,,,,,,,,,,,,,,,34,34,34,,34,,False
UHS,Health Care,Universal Health Services,2025-06-23,177.32,-6.35,-4.25,-1.1,-3.2,0.0,58,35,31,45.7,,,,,,,,,,,,,,,,,,,,,,,35,34,34,,34,,False
HUM,Health Care,Humana,2025-06-23,238.44,4.14,-8.24,-4.39,-3.22,0.333,19,41,34,28.6,,,,,,,,,,,,,,,,,,,,,,,36,34,34,,34,,False
WAT,Health Care,Waters Corporation,2025-06-23,352.41,0.91,-2.69,-5.92,-3.41,0.333,39,31,37,36.2,,,,,,,,,,,,,,,,,,,,,,,37,34,34,,34,,False
GEHC,Health Care,GE HealthCare,2025-06-23,74.2,5.44,-6.99,-6.36,-3.57,0.333,9,39,38,23.8,10.61,14.77,False,True,70.09,8.39,0.98,False,94.53,-21.5,4.35,3.98,10.0,10.0,3916860.0,3995160.0,1.0,6817100.0,4822370.0,4240793.0,1.608,86.29,38,25,9,27.0,27,剛爆發,True
A,Health Care,Agilent Technologies,2025-06-23,117.97,6.48,2.34,-11.73,-3.66,0.667,7,23,42,18.8,3.62,2.99,False,True,110.66,5.82,0.964,False,151.97,-22.37,3.12,5.2,11.0,9.0,2036918.0,2113833.0,1.222,1734700.0,1754250.0,1924006.0,0.902,89.57,39,20,30,29.6,32,剛爆發,True
DVA,Health Care,DaVita,2025-06-23,141.67,3.97,-5.69,-8.19,-4.52,0.333,20,37,39,28.9,,,,,,,,,,,,,,,,,,,,,,,40,34,34,,34,剛爆發,False
ZTS,Health Care,Zoetis,2025-06-23,152.72,-7.39,-3.93,-4.51,-5.09,0.0,59,34,35,46.7,,,,,,,,,,,,,,,,,,,,,,,41,34,34,,34,剛爆發,False
RVTY,Health Care,Revvity,2025-06-23,97.48,8.18,-7.32,-12.54,-6.05,0.333,4,40,43,22.6,6.39,3.1,False,True,93.04,8.86,1.118,False,128.88,-24.36,2.98,6.43,11.0,9.0,1197554.0,1071477.0,1.222,1331000.0,1144740.0,1152733.0,1.155,92.94,42,16,24,28.0,30,剛爆發,True
DHR,Health Care,Danaher Corporation,2025-06-23,197.34,4.85,-3.27,-13.71,-6.46,0.333,12,32,44,24.4,14.38,-1.12,False,True,193.09,6.42,1.014,False,278.17,-29.06,1.39,4.54,12.0,8.0,4030175.0,3974687.0,1.5,5619700.0,4169830.0,4093246.0,1.373,93.52,43,14,16,26.0,26,剛爆發,True
CRL,Health Care,Charles River Laboratories,2025-06-23,150.01,10.6,-3.56,-19.42,-7.95,0.333,2,33,49,20.7,12.78,5.24,False,True,134.68,7.17,1.003,False,254.15,-40.98,1.74,8.94,13.0,7.0,863807.0,861614.0,1.857,814700.0,943360.0,913806.0,0.892,100.0,44,1,31,24.2,25,剛爆發,True
CNC,Health Care,Centene Corporation,2025-06-23,53.99,-4.34,-10.08,-10.91,-9.06,0.0,57,45,41,50.2,,,,,,,,,,,,,,,,,,,,,,,45,34,34,,34,剛爆發,False
IQV,Health Care,IQVIA,2025-06-23,157.47,12.21,-11.23,-21.02,-10.27,0.333,1,49,50,25.2,2.57,0.36,False,True,149.3,4.6,1.032,False,252.88,-37.73,1.77,11.67,12.0,8.0,2499866.0,2422725.0,1.5,2309400.0,2341990.0,2383313.0,0.969,98.26,46,9,29,27.8,29,剛爆發,True
VTRS,Health Care,Viatris,2025-06-23,8.67,2.5,5.29,-25.85,-10.98,0.667,32,20,54,32.8,,,,,,,,,,,,,,,,,,,,,,,47,34,34,,34,剛爆發,False
MRK,Health Care,Merck & Co.,2025-06-23,76.54,3.97,-10.47,-19.18,-11.21,0.333,20,48,48,34.0,,,,,,,,,,,,,,,,,,,,,,,48,34,34,,34,剛爆發,False
BIIB,Health Care,Biogen,2025-06-23,126.08,-2.86,-8.88,-16.67,-11.27,0.0,52,42,46,47.8,,,,,,,,,,,,,,,,,,,,,,,49,34,34,,34,剛爆發,False
ZBH,Health Care,Zimmer Biomet,2025-06-23,90.51,-0.51,-18.14,-13.82,-11.57,0.0,48,54,45,49.2,,,,,,,,,,,,,,,,,,,,,,,50,34,34,,34,剛爆發,False
COO,Health Care,Cooper Companies (The),2025-06-23,71.14,4.19,-15.08,-22.96,-14.2,0.333,17,53,52,34.8,,,,,,,,,,,,,,,,,,,,,,,51,34,34,,34,剛爆發,False
TMO,Health Care,Thermo Fisher Scientific,2025-06-23,406.8,1.46,-18.29,-22.24,-15.33,0.333,34,56,51,44.0,,,,,,,,,,,,,,,,,,,,,,,52,34,34,,34,剛爆發,False
BMY,Health Care,Bristol Myers Squibb,2025-06-23,43.65,-4.0,-21.94,-17.88,-15.42,0.0,56,57,47,54.5,,,,,,,,,,,,,,,,,,,,,,,53,34,34,,34,剛爆發,False
TECH,Health Care,Bio-Techne,2025-06-23,51.53,7.11,-11.59,-28.77,-15.5,0.333,5,51,56,29.0,10.41,7.77,False,True,49.32,9.85,1.446,False,82.71,-37.7,3.91,7.26,13.0,7.0,3037015.0,2100971.0,1.857,2486400.0,2230100.0,2274326.0,1.093,100.0,54,1,25,27.0,27,剛爆發,True
REGN,Health Care,Regeneron Pharmaceuticals,2025-06-23,518.16,6.27,-18.14,-26.66,-16.3,0.333,8,54,55,31.2,-3.03,7.82,False,False,550.92,6.75,0.657,False,1201.28,-56.87,2.21,-13.94,10.0,9.0,1327810.0,2021622.0,1.111,1607800.0,1152740.0,1201313.0,1.338,70.68,55,33,18,38.8,33,剛爆發,False
WST,Health Care,West Pharmaceutical Services,2025-06-23,218.01,3.8,-1.4,-34.21,-16.5,0.333,22,29,58,31.3,,,,,,,,,,,,,,,,,,,,,,,56,34,34,,34,剛爆發,False
BDX,Health Care,Becton Dickinson,2025-06-23,131.11,-0.41,-24.44,-24.43,-18.43,0.0,47,58,53,51.5,,,,,,,,,,,,,,,,,,,,,,,57,34,34,,34,剛爆發,False
MRNA,Health Care,Moderna,2025-06-23,27.16,2.26,-12.72,-32.32,-18.78,0.333,33,52,57,43.5,,,,,,,,,,,,,,,,,,,,,,,58,34,34,,34,剛爆發,False
UNH,Health Care,UnitedHealth Group,2025-06-23,301.05,3.11,-39.67,-38.7,-28.49,0.333,26,59,59,42.5,,,,,,,,,,,,,,,,,,,,,,,59,34,34,,34,剛爆發,False
GEV,Industrials,GE Vernova,2025-06-23,518.26,9.87,71.68,55.8,48.29,1.0,9,1,2,5.2,49.13,-30.6,False,True,436.58,11.74,1.151,False,531.15,-2.43,6.72,10.29,13.0,7.0,3261476.0,2834414.0,1.857,9150300.0,3259430.0,3101266.0,2.951,100.0,1,1,4,1.6,2,,True
HWM,Industrials,Howmet Aerospace,2025-06-23,184.48,8.84,42.66,66.47,46.11,1.0,11,7,1,7.8,10.7,2.81,False,True,159.4,9.41,1.335,False,185.1,-0.33,6.67,8.71,13.0,7.0,4258861.0,3189100.0,1.857,23827800.0,4951250.0,4252220.0,5.604,100.0,2,1,1,1.4,1,,True
UBER,Industrials,Uber,2025-06-23,91.53,8.76,25.81,49.73,33.51,1.0,12,13,4,10.7,65.04,573.42,False,True,84.7,13.82,1.119,False,94.38,-3.02,9.25,8.58,10.0,10.0,24041940.0,21482670.0,1.0,24731200.0,22050620.0,22006320.0,1.124,93.43,3,18,21,12.6,14,吃老本,True
GE,Industrials,GE Aerospace,2025-06-23,252.85,3.5,27.33,49.92,32.67,1.0,32,12,3,20.2,17.51,26.9,False,True,225.12,11.62,1.111,False,258.86,-2.32,6.32,4.24,14.0,6.0,8069557.0,7265916.0,2.333,26988000.0,8683300.0,8367973.0,3.225,100.0,4,1,2,2.4,3,,True
AXON,Industrials,Axon Enterprise,2025-06-23,818.6,9.09,53.02,33.98,32.52,1.0,10,4,5,7.2,10.25,48.21,False,True,707.68,7.95,1.374,False,820.83,-0.27,5.31,12.09,13.0,7.0,652900.0,475328.0,1.857,1010900.0,601070.0,561953.0,1.799,100.0,5,1,7,3.8,4,,True
FIX,Industrials,Comfort Systems USA,2025-06-23,533.8,11.87,65.23,24.11,31.33,1.0,4,3,9,4.7,28.12,11.07,False,True,455.18,9.26,0.957,False,550.64,-3.06,7.0,11.73,13.0,7.0,351807.0,367457.0,1.857,503100.0,376870.0,370113.0,1.359,100.0,6,1,17,6.2,6,,True
VRT,Industrials,Vertiv,2025-06-23,127.02,17.86,71.32,10.55,27.57,1.0,1,2,25,6.1,3.92,20.6,False,True,102.67,15.34,0.989,False,155.55,-18.34,7.27,17.27,12.0,8.0,6452566.0,6522137.0,1.5,9337700.0,6930500.0,6694306.0,1.395,100.0,7,1,16,6.4,7,剛爆發,True
JCI,Industrials,Johnson Controls,2025-06-23,104.46,4.03,32.33,32.71,25.44,1.0,29,8,6,18.1,2.62,8.46,False,True,94.24,5.22,1.077,False,105.27,-0.77,3.13,3.24,10.0,10.0,4948710.0,4595700.0,1.0,4955300.0,5150990.0,4875620.0,1.016,87.04,8,20,23,15.8,16,吃老本,True
PWR,Industrials,Quanta Services,2025-06-23,380.83,11.3,49.99,18.07,24.36,1.0,6,5,15,7.5,6.92,12.05,False,True,333.05,9.18,1.173,False,382.36,-0.4,5.68,12.22,16.0,4.0,1192331.0,1016275.0,4.0,3687800.0,1279380.0,1173613.0,3.142,100.0,9,1,3,4.6,5,剛爆發,True
EME,Industrials,Emcor,2025-06-23,529.33,12.45,43.17,15.64,21.73,1.0,3,6,21,7.5,16.97,9.75,False,True,453.6,12.61,0.716,False,543.61,-2.63,9.4,13.32,14.0,6.0,428357.0,598166.0,2.333,681300.0,538050.0,488073.0,1.396,100.0,10,1,15,7.4,8,剛爆發,True
HII,Industrials,Huntington Ingalls Industries,2025-06-23,234.69,6.99,16.94,27.07,19.52,1.0,15,21,7,15.2,34.99,2.03,False,True,223.23,6.44,1.188,False,274.06,-14.37,1.75,7.34,13.0,7.0,556746.0,468528.0,1.857,516000.0,592400.0,536073.0,0.963,100.0,11,1,24,9.6,10,剛爆發,True
RTX,Industrials,RTX Corporation,2025-06-23,142.39,5.99,10.38,25.21,16.7,1.0,17,34,8,20.3,7.52,11.8,False,True,132.0,6.06,0.903,False,146.92,-3.08,-1.35,7.31,14.0,6.0,6509792.0,7211733.0,2.333,9173900.0,8310760.0,7470740.0,1.228,100.0,12,1,19,9.0,9,剛爆發,True
BA,Industrials,Boeing,2025-06-23,214.55,3.49,23.8,18.72,16.18,1.0,33,14,14,23.5,62.39,-56.1,False,True,196.21,9.68,0.848,False,218.8,-1.94,7.95,3.06,9.0,11.0,8290722.0,9777990.0,0.818,14805400.0,8890790.0,9905486.0,1.495,82.13,13,23,13,17.0,19,吃老本,True
TT,Industrials,Trane Technologies,2025-06-23,429.29,0.69,30.49,16.3,15.95,1.0,61,9,18,36.8,11.33,2.66,False,True,403.25,4.63,1.112,False,434.38,-1.17,3.0,0.22,9.0,11.0,1380866.0,1241518.0,0.818,3822700.0,1485350.0,1350846.0,2.83,83.07,14,22,5,15.4,15,吃老本,True
ROK,Industrials,Rockwell Automation,2025-06-23,325.35,4.56,28.12,14.57,15.46,1.0,23,11,22,19.2,15.77,16.03,False,True,289.99,4.46,1.108,False,326.65,-0.4,2.66,4.77,14.0,6.0,875735.0,790700.0,2.333,940400.0,772040.0,790073.0,1.19,100.0,15,1,20,10.4,11,剛爆發,True
LHX,Industrials,L3Harris,2025-06-23,243.04,1.58,19.47,17.51,14.02,1.0,51,19,17,34.6,,,,,,,,,,,,,,,,,,,,,,,16,26,26,,26,吃老本,False
DE,Industrials,Deere & Company,2025-06-23,505.39,1.4,10.71,20.24,13.15,1.0,53,33,13,39.0,17.76,-1.81,False,True,490.23,5.51,1.162,False,525.51,-3.83,-1.54,1.96,12.0,8.0,1251225.0,1076375.0,1.5,1835500.0,1201630.0,1181273.0,1.554,93.4,17,19,11,16.6,18,,True
ETN,Industrials,Eaton Corporation,2025-06-23,349.18,10.32,29.28,6.31,13.06,1.0,8,10,37,14.4,0.55,0.72,False,True,311.71,10.45,1.024,False,372.96,-6.38,6.64,8.75,11.0,9.0,2343909.0,2288255.0,1.222,3704400.0,2649950.0,2360733.0,1.569,94.17,18,17,10,16.0,17,,True
EMR,Industrials,Emerson Electric,2025-06-23,131.04,11.55,23.12,6.85,12.09,1.0,5,15,34,13.8,4.6,8.03,False,True,115.21,6.88,0.847,False,132.0,-0.73,3.77,11.05,13.0,7.0,2925915.0,3453371.0,1.857,4287000.0,3173910.0,3208006.0,1.336,100.0,19,1,18,11.6,12,剛爆發,True
CTAS,Industrials,Cintas,2025-06-23,218.67,-2.54,8.82,20.83,11.99,0.667,68,38,12,47.8,7.08,7.13,False,True,215.79,3.19,0.85,False,227.08,-3.7,0.96,-1.78,10.0,10.0,1347450.0,1585640.0,1.0,1565500.0,1457030.0,1454833.0,1.076,79.19,20,24,22,22.0,23,,True
ROL,Industrials,"Rollins, Inc.",2025-06-23,55.48,-1.89,6.17,21.07,11.61,0.667,67,44,11,48.9,1.29,-0.79,False,False,55.84,3.86,1.457,False,57.93,-4.23,-0.55,-1.32,8.0,12.0,2237687.0,1535700.0,0.667,2824100.0,1838690.0,1687113.0,1.674,84.49,21,21,9,18.6,21,,True
FAST,Industrials,Fastenal,2025-06-23,40.87,1.5,10.77,16.21,11.17,1.0,52,32,19,39.4,,,,,,,,,,,,,,,,,,,,,,,22,26,26,,26,,False
MMM,Industrials,3M,2025-06-23,149.23,2.47,5.47,17.93,10.95,1.0,42,48,16,38.6,,,,,,,,,,,,,,,,,,,,,,,23,26,26,,26,,False
TDG,Industrials,TransDigm Group,2025-06-23,1402.72,2.09,8.86,16.13,10.8,1.0,46,37,20,38.1,,,,,,,,,,,,,,,,,,,,,,,24,26,26,,26,,False
PH,Industrials,Parker Hannifin,2025-06-23,694.5,5.39,16.81,9.38,10.24,1.0,19,22,30,22.1,,,,,,,,,,,,,,,,,,,,,,,25,26,26,,26,,False
CAT,Industrials,Caterpillar Inc.,2025-06-23,379.89,10.54,17.25,6.34,10.12,1.0,7,20,36,16.7,-2.19,2.25,False,True,335.45,8.65,1.33,False,409.77,-7.29,6.71,9.36,12.0,8.0,2871941.0,2158575.0,1.5,4455000.0,2855530.0,2555213.0,1.743,100.0,26,1,8,12.4,13,剛爆發,False
RSG,Industrials,Republic Services,2025-06-23,241.01,-5.02,2.69,21.09,9.96,0.667,75,55,10,56.0,3.07,13.64,False,False,245.2,4.37,1.199,False,255.2,-5.56,-1.54,-3.96,8.0,12.0,1490537.0,1243275.0,0.667,1896000.0,1259620.0,1251993.0,1.514,77.99,27,25,12,23.2,24,,True
LDOS,Industrials,Leidos,2025-06-23,154.06,5.1,16.44,8.36,9.57,1.0,20,24,32,23.6,,,,,,,,,,,,,,,,,,,,,,,28,26,26,,26,,False
URI,Industrials,United Rentals,2025-06-23,746.35,6.25,20.21,5.55,9.39,1.0,16,17,39,20.9,,,,,,,,,,,,,,,,,,,,,,,29,26,26,,26,,False
NSC,Industrials,Norfolk Southern,2025-06-23,251.15,3.52,11.64,10.0,8.79,1.0,31,31,27,30.2,,,,,,,,,,,,,,,,,,,,,,,30,26,26,,26,,False
CARR,Industrials,Carrier Global,2025-06-23,72.34,3.47,16.7,7.27,8.68,1.0,34,23,33,30.5,,,,,,,,,,,,,,,,,,,,,,,31,26,26,,26,,False
WAB,Industrials,Wabtec,2025-06-23,206.67,2.65,14.39,8.45,8.49,1.0,40,25,31,33.7,,,,,,,,,,,,,,,,,,,,,,,32,26,26,,26,剛爆發,False
GD,Industrials,General Dynamics,2025-06-23,284.24,4.4,8.65,10.43,8.48,1.0,25,39,26,29.4,,,,,,,,,,,,,,,,,,,,,,,33,26,26,,26,剛爆發,False
ALLE,Industrials,Allegion,2025-06-23,142.76,1.21,12.57,9.88,8.39,1.0,57,29,28,42.8,,,,,,,,,,,,,,,,,,,,,,,34,26,26,,26,剛爆發,False
PNR,Industrials,Pentair,2025-06-23,102.09,4.44,19.65,2.98,7.51,1.0,24,18,45,26.4,,,,,,,,,,,,,,,,,,,,,,,35,26,26,,26,剛爆發,False
XYL,Industrials,Xylem Inc.,2025-06-23,126.59,1.74,7.7,9.79,7.26,1.0,50,42,29,43.4,,,,,,,,,,,,,,,,,,,,,,,36,26,26,,26,剛爆發,False
TXT,Industrials,Textron,2025-06-23,80.27,8.55,10.08,4.11,6.71,1.0,14,35,41,25.7,12.56,6.81,False,True,73.57,6.26,1.098,False,94.39,-14.96,4.36,8.6,13.0,6.0,1616138.0,1471666.0,2.167,2416900.0,1922130.0,1678180.0,1.44,100.0,37,1,14,18.0,20,剛爆發,True
VRSK,Industrials,Verisk Analytics,2025-06-23,305.88,-1.6,4.93,11.64,6.65,0.667,66,51,24,53.1,,,,,,,,,,,,,,,,,,,,,,,38,26,26,,26,剛爆發,False
CSX,Industrials,CSX Corporation,2025-06-23,32.45,4.18,13.52,2.22,5.54,1.0,28,26,47,31.2,,,,,,,,,,,,,,,,,,,,,,,39,26,26,,26,剛爆發,False
WM,Industrials,Waste Management,2025-06-23,224.66,-4.95,0.5,12.69,5.23,0.667,74,60,23,59.6,,,,,,,,,,,,,,,,,,,,,,,40,26,26,,26,剛爆發,False
HUBB,Industrials,Hubbell Incorporated,2025-06-23,401.77,4.37,22.88,-3.23,5.2,0.667,27,16,57,29.7,,,,,,,,,,,,,,,,,,,,,,,41,26,26,,26,剛爆發,False
NDSN,Industrials,Nordson Corporation,2025-06-23,212.33,1.85,7.71,2.96,3.87,1.0,49,41,46,46.0,,,,,,,,,,,,,,,,,,,,,,,42,26,26,,26,剛爆發,False
BR,Industrials,Broadridge Financial Solutions,2025-06-23,234.62,-1.03,1.19,6.58,3.33,0.667,65,58,35,56.9,,,,,,,,,,,,,,,,,,,,,,,43,26,26,,26,剛爆發,False
HON,Industrials,Honeywell Technologies,2025-06-23,221.38,0.96,9.36,0.76,2.96,1.0,60,36,49,50.6,,,,,,,,,,,,,,,,,,,,,,,44,26,26,,26,剛爆發,False
GNRC,Industrials,Generac,2025-06-23,142.41,16.61,12.05,-8.52,2.91,0.667,2,30,67,23.4,30.39,10.82,False,True,123.33,15.16,1.441,False,195.94,-27.32,11.83,14.59,13.0,7.0,1127146.0,782071.0,1.857,1923000.0,1143680.0,1048240.0,1.835,100.0,45,1,6,19.6,22,剛爆發,True
NOC,Industrials,Northrop Grumman,2025-06-23,486.37,2.39,-3.09,5.78,2.72,0.667,43,67,38,49.2,,,,,,,,,,,,,,,,,,,,,,,46,26,26,,26,剛爆發,False
OTIS,Industrials,Otis Worldwide,2025-06-23,95.66,2.36,-4.0,5.23,2.2,0.667,45,71,40,51.8,,,,,,,,,,,,,,,,,,,,,,,47,26,26,,26,剛爆發,False
UNP,Industrials,Union Pacific Corporation,2025-06-23,226.27,4.4,0.29,1.81,2.08,1.0,25,61,48,40.4,,,,,,,,,,,,,,,,,,,,,,,48,26,26,,26,剛爆發,False
EXPD,Industrials,Expeditors International,2025-06-23,113.8,2.71,-3.3,3.91,1.81,0.667,39,68,42,48.3,,,,,,,,,,,,,,,,,,,,,,,49,26,26,,26,剛爆發,False
J,Industrials,Jacobs Solutions,2025-06-23,128.7,2.96,8.62,-2.27,1.76,0.667,37,40,55,41.5,,,,,,,,,,,,,,,,,,,,,,,50,26,26,,26,剛爆發,False
AME,Industrials,Ametek,2025-06-23,179.4,1.18,6.13,-0.7,1.48,0.667,58,45,51,52.7,,,,,,,,,,,,,,,,,,,,,,,51,26,26,,26,剛爆發,False
EFX,Industrials,Equifax,2025-06-23,253.46,-3.05,6.78,0.42,1.14,0.667,71,43,50,58.4,,,,,,,,,,,,,,,,,,,,,,,52,26,26,,26,剛爆發,False
DOV,Industrials,Dover Corporation,2025-06-23,181.4,3.12,5.25,-2.13,1.03,0.667,36,50,53,43.6,,,,,,,,,,,,,,,,,,,,,,,53,26,26,,26,剛爆發,False
ADP,Industrials,Automatic Data Processing,2025-06-23,295.25,-6.32,1.37,3.52,0.52,0.667,77,56,43,63.9,,,,,,,,,,,,,,,,,,,,,,,54,26,26,,26,剛爆發,False
VLTO,Industrials,Veralto,2025-06-23,100.42,0.04,5.36,-1.77,0.46,0.667,63,49,52,56.6,,,,,,,,,,,,,,,,,,,,,,,55,26,26,,26,剛爆發,False
ITW,Industrials,Illinois Tool Works,2025-06-23,240.48,1.22,1.27,-2.14,-0.45,0.667,56,57,54,55.9,,,,,,,,,,,,,,,,,,,,,,,56,26,26,,26,剛爆發,False
AOS,Industrials,A. O. Smith,2025-06-23,63.91,2.08,0.57,-3.08,-0.88,0.667,47,59,56,52.4,,,,,,,,,,,,,,,,,,,,,,,57,26,26,,26,剛爆發,False
PAYX,Industrials,Paychex,2025-06-23,136.83,-8.85,-4.01,3.3,-1.57,0.333,79,72,44,69.9,,,,,,,,,,,,,,,,,,,,,,,58,26,26,,26,剛爆發,False
GWW,Industrials,W. W. Grainger,2025-06-23,1019.88,-5.41,5.74,-3.36,-1.6,0.333,76,47,58,63.7,,,,,,,,,,,,,,,,,,,,,,,59,26,26,,26,剛爆發,False
IR,Industrials,Ingersoll Rand,2025-06-23,84.19,3.22,6.11,-7.93,-1.63,0.667,35,46,64,44.1,,,,,,,,,,,,,,,,,,,,,,,60,26,26,,26,剛爆發,False
CMI,Industrials,Cummins,2025-06-23,320.59,1.32,4.32,-6.27,-1.73,0.667,55,53,63,56.0,,,,,,,,,,,,,,,,,,,,,,,61,26,26,,26,剛爆發,False
LMT,Industrials,Lockheed Martin,2025-06-23,446.55,-4.28,4.59,-4.87,-2.36,0.333,73,52,60,64.1,,,,,,,,,,,,,,,,,,,,,,,62,26,26,,26,剛爆發,False
FTV,Industrials,Fortive,2025-06-23,53.72,2.01,-1.31,-5.15,-2.4,0.333,48,64,61,55.4,,,,,,,,,,,,,,,,,,,,,,,63,26,26,,26,剛爆發,False
LII,Industrials,Lennox International,2025-06-23,560.3,0.54,2.83,-8.1,-3.21,0.667,62,54,65,60.2,,,,,,,,,,,,,,,,,,,,,,,64,26,26,,26,剛爆發,False
CHRW,Industrials,C.H. Robinson,2025-06-23,95.16,1.38,-3.8,-5.76,-3.48,0.333,54,70,62,60.4,,,,,,,,,,,,,,,,,,,,,,,65,26,26,,26,剛爆發,False
LUV,Industrials,Southwest Airlines,2025-06-23,31.57,-3.1,-3.71,-4.42,-3.91,0.0,72,69,59,68.5,,,,,,,,,,,,,,,,,,,,,,,66,26,26,,26,剛爆發,False
ODFL,Industrials,Old Dominion,2025-06-23,162.62,2.37,-0.54,-8.88,-3.98,0.333,44,63,69,54.7,,,,,,,,,,,,,,,,,,,,,,,67,26,26,,26,剛爆發,False
PCAR,Industrials,Paccar,2025-06-23,92.55,1.11,-1.75,-8.66,-4.49,0.333,59,65,68,62.6,,,,,,,,,,,,,,,,,,,,,,,68,26,26,,26,剛爆發,False
DAL,Industrials,Delta Air Lines,2025-06-23,48.88,2.48,13.45,-18.61,-5.32,0.667,41,27,77,44.0,,,,,,,,,,,,,,,,,,,,,,,69,26,26,,26,剛爆發,False
SNA,Industrials,Snap-on,2025-06-23,302.67,-3.04,-4.94,-8.3,-6.15,0.0,70,74,66,70.4,,,,,,,,,,,,,,,,,,,,,,,70,26,26,,26,剛爆發,False
JBHT,Industrials,J.B. Hunt,2025-06-23,143.95,4.67,-0.21,-15.01,-6.39,0.333,22,62,72,44.0,,,,,,,,,,,,,,,,,,,,,,,71,26,26,,26,剛爆發,False
MAS,Industrials,Masco,2025-06-23,62.99,2.8,-6.09,-11.57,-6.6,0.333,38,76,70,55.8,,,,,,,,,,,,,,,,,,,,,,,72,26,26,,26,剛爆發,False
UAL,Industrials,United Airlines Holdings,2025-06-23,79.18,-0.33,12.74,-20.54,-7.17,0.333,64,28,79,56.2,,,,,,,,,,,,,,,,,,,,,,,73,26,26,,26,剛爆發,False
FDX,Industrials,FedEx,2025-06-23,180.93,5.63,-4.68,-17.38,-8.45,0.333,18,73,75,45.9,,,,,,,,,,,,,,,,,,,,,,,74,26,26,,26,剛爆發,False
SWK,Industrials,Stanley Black & Decker,2025-06-23,64.7,4.74,-10.34,-14.12,-8.46,0.333,21,78,71,48.1,,,,,,,,,,,,,,,,,,,,,,,75,26,26,,26,剛爆發,False
BLDR,Industrials,Builders FirstSource,2025-06-23,117.01,8.66,-6.02,-19.35,-9.01,0.333,13,75,78,44.6,6.36,4.66,False,True,114.02,12.92,1.222,False,203.14,-42.4,1.91,7.42,11.0,9.0,2501609.0,2046777.0,1.222,2177400.0,2637980.0,2299413.0,0.947,94.94,76,16,25,41.8,25,剛爆發,True
IEX,Industrials,IDEX Corporation,2025-06-23,173.07,-2.54,-2.17,-15.9,-9.13,0.0,68,66,73,68.4,,,,,,,,,,,,,,,,,,,,,,,77,26,26,,26,剛爆發,False
UPS,Industrials,United Parcel Service,2025-06-23,94.67,3.73,-6.21,-17.28,-9.26,0.333,30,77,74,52.9,,,,,,,,,,,,,,,,,,,,,,,78,26,26,,26,剛爆發,False
CPRT,Industrials,Copart,2025-06-23,48.18,-6.41,-12.64,-17.58,-13.55,0.0,78,79,76,77.9,,,,,,,,,,,,,,,,,,,,,,,79,26,26,,26,剛爆發,False
STX,Information Technology,Seagate Technology,2025-06-23,140.28,20.56,67.44,64.04,54.02,1.0,11,1,2,6.2,9.21,8.14,False,True,108.01,13.84,0.906,False,141.3,-0.72,8.58,20.36,13.0,7.0,4119753.0,4549428.0,1.857,4651100.0,3910230.0,4172206.0,1.115,100.0,1,1,11,3.0,2,,True
JBL,Information Technology,Jabil,2025-06-23,217.09,29.38,59.92,49.11,46.88,1.0,4,2,3,3.2,9.78,6.17,False,True,167.83,21.29,1.537,False,218.06,-0.44,5.42,28.96,17.0,3.0,2060117.0,1340100.0,5.667,3320200.0,2657330.0,2217913.0,1.497,100.0,2,1,6,2.4,1,,True
PLTR,Information Technology,Palantir Technologies,2025-06-23,130.74,-0.79,52.29,65.33,45.54,0.667,62,5,1,32.7,1.11,23.72,False,True,123.8,12.67,0.862,False,148.21,-11.79,-4.78,6.88,13.0,7.0,86932646.0,100884342.0,1.857,202598600.0,85265480.0,82502573.0,2.456,95.16,3,21,2,10.0,17,吃老本,True
MU,Information Technology,Micron Technology,2025-06-23,124.44,32.08,41.25,41.13,38.9,1.0,1,12,6,5.3,19.75,9.49,False,True,96.92,13.17,0.639,False,156.29,-20.38,0.94,28.88,14.0,6.0,21689292.0,33930683.0,2.333,36888600.0,29792870.0,26695900.0,1.382,100.0,4,1,9,3.8,3,,True
WDC,Information Technology,Western Digital,2025-06-23,63.12,23.0,56.1,38.2,38.88,1.0,8,4,10,7.2,22.73,-2.68,False,True,49.82,15.22,0.866,False,63.59,-0.74,6.75,20.66,15.0,5.0,6268873.0,7235820.0,3.0,6642300.0,6954810.0,6482560.0,1.025,100.0,5,1,16,5.6,7,,True
SMCI,Information Technology,Supermicro,2025-06-23,47.58,18.89,38.88,48.78,38.83,1.0,12,15,4,11.3,3.78,1.92,False,True,39.47,20.73,1.076,False,101.4,-53.08,4.99,15.63,13.0,7.0,42575130.0,39586342.0,1.857,53757300.0,52329210.0,43758900.0,1.228,100.0,6,1,10,4.8,5,,True
APH,Information Technology,Amphenol,2025-06-23,97.01,8.8,46.93,38.67,33.27,1.0,31,9,8,19.8,20.96,9.23,False,True,84.66,6.49,0.98,False,97.41,-0.41,4.1,10.03,15.0,5.0,9839386.0,10043400.0,3.0,19777900.0,11484010.0,9929993.0,1.992,100.0,7,1,3,3.8,3,剛爆發,True
KLAC,Information Technology,KLA Corporation,2025-06-23,88.42,17.57,32.42,38.65,31.82,1.0,14,20,9,14.8,4.03,5.73,False,True,76.63,9.08,0.714,False,90.9,-2.73,4.69,14.97,15.0,5.0,12141866.0,17009400.0,3.0,11755000.0,13949900.0,13822400.0,0.85,100.0,8,1,20,7.6,10,剛爆發,True
ORCL,Information Technology,Oracle Corporation,2025-06-23,207.43,27.01,49.78,25.19,31.79,1.0,6,8,14,8.2,3.37,-1.35,False,True,164.06,7.47,1.126,False,214.03,-3.08,2.47,29.06,13.0,7.0,17960707.0,15953485.0,1.857,14127500.0,19903860.0,19947386.0,0.708,100.0,9,1,22,8.4,11,剛爆發,True
CRWD,Information Technology,CrowdStrike,2025-06-23,124.83,5.93,39.83,40.66,31.77,1.0,40,13,7,25.3,10.62,19.85,False,True,112.12,9.17,0.84,False,126.59,-1.39,4.84,8.83,12.0,8.0,16226600.0,19306200.0,1.5,13865200.0,13695680.0,13348266.0,1.039,94.44,10,22,14,15.6,20,吃老本,True
FLEX,Information Technology,Flex Ltd.,2025-06-23,49.89,17.94,50.36,27.53,30.84,1.0,13,7,13,11.2,5.23,21.82,False,True,40.68,16.65,0.507,False,50.62,-1.44,8.39,18.96,13.0,7.0,3913576.0,7723385.0,1.857,31082300.0,7093390.0,5938066.0,5.234,100.0,11,1,1,5.0,6,剛爆發,True
LRCX,Information Technology,Lam Research,2025-06-23,96.67,20.61,34.2,33.16,30.28,1.0,10,17,11,12.3,4.06,3.51,False,True,81.09,10.98,0.728,False,111.08,-12.98,7.42,15.78,14.0,6.0,10109335.0,13890950.0,2.333,10781000.0,11948880.0,11307860.0,0.953,100.0,12,1,17,8.6,12,剛爆發,True
MCHP,Information Technology,Microchip Technology,2025-06-23,68.63,21.45,45.86,22.68,28.17,1.0,9,10,15,10.5,5.3,-28.22,False,True,56.08,9.2,1.267,False,91.85,-25.28,2.2,21.3,12.0,8.0,10867683.0,8578737.0,1.5,6885600.0,8813870.0,9432960.0,0.73,100.0,13,1,21,9.8,14,剛爆發,True
LITE,Information Technology,Lumentum,2025-06-23,94.75,31.09,51.41,12.32,26.78,1.0,2,6,24,7.6,13.66,16.97,False,True,73.96,15.09,1.191,False,104.0,-8.89,5.68,25.65,14.0,6.0,2314657.0,1943883.0,2.333,2785300.0,1994270.0,1918453.0,1.452,100.0,14,1,7,7.4,8,剛爆發,True
VRSN,Information Technology,Verisign,2025-06-23,284.15,5.58,14.96,41.44,25.86,1.0,41,43,5,34.4,0.48,-0.5,False,True,272.3,3.53,1.087,False,284.81,-0.23,2.48,7.07,13.0,7.0,739976.0,680657.0,1.857,1059400.0,654750.0,668140.0,1.586,100.0,15,1,5,7.4,8,剛爆發,True
AMD,Information Technology,Advanced Micro Devices,2025-06-23,143.81,29.87,39.32,14.87,24.74,1.0,3,14,23,10.3,2.83,0.36,False,True,111.84,24.7,1.509,False,187.28,-23.21,12.14,27.23,14.0,6.0,59457864.0,39414933.0,2.333,61937900.0,69530330.0,59763686.0,1.036,100.0,16,1,15,9.8,14,剛爆發,True
AVGO,Information Technology,Broadcom,2025-06-23,267.39,11.53,59.64,12.02,23.8,1.0,25,3,25,18.4,0.59,6.11,False,True,224.69,10.77,0.797,False,269.87,-0.92,7.74,11.58,13.0,7.0,24959784.0,31300985.0,1.857,27477600.0,25642940.0,26227426.0,1.048,100.0,17,1,13,9.8,14,剛爆發,True
IBM,Information Technology,IBM,2025-06-23,282.48,11.83,19.52,31.78,23.72,1.0,24,32,12,24.0,12.12,3.81,False,True,254.59,7.1,0.901,False,288.77,-2.18,3.11,11.99,15.0,5.0,3920273.0,4352720.0,3.0,3562500.0,4026100.0,4021680.0,0.886,100.0,18,1,18,11.2,19,剛爆發,True
NVDA,Information Technology,Nvidia,2025-06-23,157.54,16.75,43.85,15.16,22.73,1.0,16,11,22,15.7,8.02,5.25,False,True,129.38,12.07,0.882,False,158.5,-0.6,9.66,13.34,14.0,6.0,190338557.0,215857933.0,2.333,263234500.0,197991430.0,186997060.0,1.408,100.0,19,1,8,9.6,13,剛爆發,True
MPWR,Information Technology,Monolithic Power Systems,2025-06-23,729.37,11.2,27.27,20.7,19.97,1.0,28,27,17,25.5,,,,,,,,,,,,,,,,,,,,,,,20,23,23,,23,,False
INTU,Information Technology,Intuit,2025-06-23,766.91,3.07,29.89,22.03,19.25,1.0,50,23,16,35.1,,,,,,,,,,,,,,,,,,,,,,,21,23,23,,23,,False
MSFT,Information Technology,Microsoft,2025-06-23,492.01,7.73,31.16,15.64,17.54,1.0,34,21,21,27.5,,,,,,,,,,,,,,,,,,,,,,,22,23,23,,23,,False
AMAT,Information Technology,Applied Materials,2025-06-23,181.88,16.88,26.66,10.38,16.08,1.0,15,28,27,21.3,3.45,3.67,False,True,160.62,11.27,0.602,False,251.65,-27.73,8.11,14.88,13.0,7.0,6097184.0,10125942.0,1.857,14202800.0,8091250.0,7284220.0,1.95,100.0,23,1,4,10.4,18,剛爆發,True
DELL,Information Technology,Dell Technologies,2025-06-23,121.93,11.43,35.21,6.78,15.05,1.0,26,16,36,25.0,,,,,,,,,,,,,,,,,,,,,,,24,23,23,,23,,False
CSCO,Information Technology,Cisco,2025-06-23,66.86,8.9,13.55,16.72,13.98,1.0,30,47,18,32.7,,,,,,,,,,,,,,,,,,,,,,,25,23,23,,23,,False
TEL,Information Technology,TE Connectivity,2025-06-23,165.13,4.25,17.92,16.09,13.59,1.0,46,37,19,37.9,,,,,,,,,,,,,,,,,,,,,,,26,23,23,,23,,False
TXN,Information Technology,Texas Instruments,2025-06-23,200.4,13.25,18.44,10.05,12.95,1.0,22,35,29,27.3,,,,,,,,,,,,,,,,,,,,,,,27,23,23,,23,,False
ADI,Information Technology,Analog Devices,2025-06-23,233.82,11.24,18.1,10.18,12.42,1.0,27,36,28,29.9,,,,,,,,,,,,,,,,,,,,,,,28,23,23,,23,,False
FFIV,Information Technology,"F5, Inc.",2025-06-23,295.75,3.63,12.08,15.69,11.78,1.0,48,48,20,42.4,,,,,,,,,,,,,,,,,,,,,,,29,23,23,,23,剛爆發,False
INTC,Information Technology,Intel,2025-06-23,22.69,16.06,-0.09,11.77,9.88,0.667,17,63,26,32.6,,,,,,,,,,,,,,,,,,,,,,,30,23,23,,23,剛爆發,False
GLW,Information Technology,Corning Inc.,2025-06-23,51.26,4.5,13.63,9.69,9.38,1.0,45,46,30,42.3,,,,,,,,,,,,,,,,,,,,,,,31,23,23,,23,剛爆發,False
PANW,Information Technology,Palo Alto Networks,2025-06-23,200.57,4.24,16.1,7.73,8.95,1.0,47,41,33,42.4,,,,,,,,,,,,,,,,,,,,,,,32,23,23,,23,剛爆發,False
TRMB,Information Technology,Trimble Inc.,2025-06-23,75.65,6.15,15.46,6.25,8.53,1.0,39,42,37,39.5,,,,,,,,,,,,,,,,,,,,,,,33,23,23,,23,剛爆發,False
NXPI,Information Technology,NXP Semiconductors,2025-06-23,213.25,14.09,14.77,2.51,8.47,1.0,21,44,39,31.5,,,,,,,,,,,,,,,,,,,,,,,34,23,23,,23,剛爆發,False
COHR,Information Technology,Coherent Corp.,2025-06-23,87.23,15.34,32.71,-10.06,6.98,0.667,18,19,54,25.5,,,,,,,,,,,,,,,,,,,,,,,35,23,23,,23,剛爆發,False
SNPS,Information Technology,Synopsys,2025-06-23,502.63,8.33,14.77,2.39,6.97,1.0,33,44,40,37.7,,,,,,,,,,,,,,,,,,,,,,,36,23,23,,23,剛爆發,False
GEN,Information Technology,Gen Digital,2025-06-23,28.72,2.81,11.27,6.83,6.94,1.0,52,49,35,47.7,,,,,,,,,,,,,,,,,,,,,,,37,23,23,,23,剛爆發,False
CIEN,Information Technology,Ciena,2025-06-23,82.12,2.57,33.4,-5.24,6.37,0.667,53,18,48,41.5,,,,,,,,,,,,,,,,,,,,,,,38,23,23,,23,剛爆發,False
CDNS,Information Technology,Cadence Design Systems,2025-06-23,305.2,6.32,18.9,0.06,6.33,1.0,38,34,44,38.0,,,,,,,,,,,,,,,,,,,,,,,39,23,23,,23,剛爆發,False
ADSK,Information Technology,Autodesk,2025-06-23,305.13,3.04,16.63,2.53,6.18,1.0,51,40,38,45.1,,,,,,,,,,,,,,,,,,,,,,,40,23,23,,23,剛爆發,False
DDOG,Information Technology,Datadog,2025-06-23,132.08,12.05,30.64,-9.53,5.91,0.667,23,22,52,28.5,,,,,,,,,,,,,,,,,,,,,,,41,23,23,,23,剛爆發,False
FTNT,Information Technology,Fortinet,2025-06-23,103.11,1.31,6.74,7.32,5.67,1.0,55,55,34,50.8,,,,,,,,,,,,,,,,,,,,,,,42,23,23,,23,剛爆發,False
TDY,Information Technology,Teledyne Technologies,2025-06-23,509.69,2.17,2.86,8.11,5.31,1.0,54,57,31,50.3,,,,,,,,,,,,,,,,,,,,,,,43,23,23,,23,剛爆發,False
NOW,Information Technology,ServiceNow,2025-06-23,204.48,1.12,28.16,-5.46,4.59,0.667,56,25,49,45.3,,,,,,,,,,,,,,,,,,,,,,,44,23,23,,23,剛爆發,False
QCOM,Information Technology,Qualcomm,2025-06-23,155.27,9.84,4.43,1.98,4.56,1.0,29,56,41,39.5,,,,,,,,,,,,,,,,,,,,,,,45,23,23,,23,剛爆發,False
ANET,Information Technology,Arista Networks,2025-06-23,99.39,14.72,27.52,-12.07,4.53,0.667,20,26,58,29.4,,,,,,,,,,,,,,,,,,,,,,,46,23,23,,23,剛爆發,False
KEYS,Information Technology,Keysight Technologies,2025-06-23,164.34,4.65,9.32,0.88,3.93,1.0,44,53,43,46.5,,,,,,,,,,,,,,,,,,,,,,,47,23,23,,23,剛爆發,False
ON,Information Technology,ON Semiconductor,2025-06-23,52.93,25.96,29.29,-19.82,3.91,0.667,7,24,67,24.1,9.59,-2.44,False,True,44.9,7.67,1.362,False,80.08,-33.9,0.21,23.27,11.0,9.0,12303354.0,9031200.0,1.222,7896100.0,8312550.0,9019420.0,0.875,100.0,48,1,19,23.4,21,剛爆發,True
CDW,Information Technology,CDW Corporation,2025-06-23,174.05,-1.64,10.22,1.6,2.94,0.667,65,50,42,55.9,,,,,,,,,,,,,,,,,,,,,,,49,23,23,,23,剛爆發,False
ROP,Information Technology,Roper Technologies,2025-06-23,557.78,-1.19,-3.15,7.89,2.86,0.333,64,69,32,59.1,,,,,,,,,,,,,,,,,,,,,,,50,23,23,,23,剛爆發,False
NTAP,Information Technology,NetApp,2025-06-23,103.4,6.62,20.36,-8.62,2.43,0.667,37,31,51,38.0,,,,,,,,,,,,,,,,,,,,,,,51,23,23,,23,剛爆發,False
APP,Information Technology,AppLovin,2025-06-23,333.78,-15.07,22.54,-0.41,1.66,0.333,72,30,45,54.0,,,,,,,,,,,,,,,,,,,,,,,52,23,23,,23,剛爆發,False
TYL,Information Technology,Tyler Technologies,2025-06-23,581.1,0.71,0.25,-1.02,-0.27,0.667,58,61,46,56.5,,,,,,,,,,,,,,,,,,,,,,,53,23,23,,23,剛爆發,False
HPE,Information Technology,Hewlett Packard Enterprise,2025-06-23,18.03,7.32,17.45,-13.65,-0.63,0.667,35,39,60,41.2,,,,,,,,,,,,,,,,,,,,,,,54,23,23,,23,剛爆發,False
CTSH,Information Technology,Cognizant,2025-06-23,76.13,-4.01,2.82,-1.13,-0.86,0.333,67,58,47,60.3,,,,,,,,,,,,,,,,,,,,,,,55,23,23,,23,剛爆發,False
SWKS,Information Technology,Skyworks Solutions,2025-06-23,71.78,8.36,17.85,-15.3,-1.1,0.667,32,38,61,39.6,,,,,,,,,,,,,,,,,,,,,,,56,23,23,,23,剛爆發,False
PTC,Information Technology,PTC Inc.,2025-06-23,169.3,0.58,9.37,-8.24,-1.63,0.667,60,52,50,55.6,,,,,,,,,,,,,,,,,,,,,,,57,23,23,,23,剛爆發,False
MRVL,Information Technology,Marvell Technology,2025-06-23,76.93,28.19,24.51,-31.98,-2.81,0.667,5,29,72,25.6,1.11,1.57,False,True,63.57,19.25,0.946,False,126.96,-39.4,4.97,21.07,11.0,9.0,25238254.0,26689633.0,1.222,27254000.0,29853140.0,25433753.0,1.072,99.51,58,20,12,33.6,22,剛爆發,True
FICO,Information Technology,Fair Isaac,2025-06-23,1816.26,5.21,-1.03,-10.85,-4.38,0.333,42,66,56,52.0,,,,,,,,,,,,,,,,,,,,,,,59,23,23,,23,剛爆發,False
FSLR,Information Technology,First Solar,2025-06-23,152.14,-3.76,19.49,-16.69,-4.41,0.333,66,33,63,55.5,,,,,,,,,,,,,,,,,,,,,,,60,23,23,,23,剛爆發,False
MSI,Information Technology,Motorola Solutions,2025-06-23,413.99,1.06,-3.05,-9.94,-5.47,0.333,57,68,53,59.5,,,,,,,,,,,,,,,,,,,,,,,61,23,23,,23,剛爆發,False
GDDY,Information Technology,GoDaddy,2025-06-23,180.07,-1.14,0.67,-11.49,-5.87,0.333,63,60,57,60.9,,,,,,,,,,,,,,,,,,,,,,,62,23,23,,23,剛爆發,False
ZBRA,Information Technology,Zebra Technologies,2025-06-23,309.26,6.73,10.14,-20.51,-6.04,0.667,36,51,68,46.9,,,,,,,,,,,,,,,,,,,,,,,63,23,23,,23,剛爆發,False
WDAY,Information Technology,"Workday, Inc.",2025-06-23,237.37,-4.17,-0.47,-10.84,-6.58,0.0,68,64,55,64.2,,,,,,,,,,,,,,,,,,,,,,,64,23,23,,23,剛爆發,False
AKAM,Information Technology,Akamai Technologies,2025-06-23,79.6,4.83,-0.56,-17.91,-7.89,0.333,43,65,65,54.0,,,,,,,,,,,,,,,,,,,,,,,65,23,23,,23,剛爆發,False
CRM,Information Technology,Salesforce,2025-06-23,271.13,3.2,1.6,-18.96,-8.28,0.667,49,59,66,55.4,,,,,,,,,,,,,,,,,,,,,,,66,23,23,,23,剛爆發,False
ADBE,Information Technology,Adobe Inc.,2025-06-23,385.83,-7.05,0.03,-13.58,-8.55,0.333,70,62,59,65.4,,,,,,,,,,,,,,,,,,,,,,,67,23,23,,23,剛爆發,False
TER,Information Technology,Teradyne,2025-06-23,90.12,14.95,9.31,-29.53,-8.7,0.667,19,54,71,39.9,,,,,,,,,,,,,,,,,,,,,,,68,23,23,,23,剛爆發,False
ACN,Information Technology,Accenture,2025-06-23,288.05,-6.74,-2.43,-16.28,-10.43,0.0,69,67,62,67.0,,,,,,,,,,,,,,,,,,,,,,,69,23,23,,23,剛爆發,False
IT,Information Technology,Gartner,2025-06-23,402.76,-7.71,-3.7,-17.29,-11.5,0.0,71,70,64,69.3,,,,,,,,,,,,,,,,,,,,,,,70,23,23,,23,剛爆發,False
AAPL,Information Technology,Apple Inc.,2025-06-23,200.29,0.11,-7.6,-21.14,-12.44,0.333,61,71,69,65.6,,,,,,,,,,,,,,,,,,,,,,,71,23,23,,23,剛爆發,False
HPQ,Information Technology,HP Inc.,2025-06-23,23.56,0.62,-10.2,-23.95,-14.37,0.333,59,72,70,65.1,,,,,,,,,,,,,,,,,,,,,,,72,23,23,,23,剛爆發,False
NEM,Materials,Newmont,2025-06-23,56.16,7.66,18.61,51.6,32.37,1.0,4,3,1,3.1,37.08,35.75,False,True,53.46,6.64,1.019,False,59.68,-5.89,-2.52,8.07,10.0,10.0,13448070.0,13192590.0,1.0,16613800.0,14379980.0,13354946.0,1.244,86.67,1,10,9,6.2,4,吃老本,True
MOS,Materials,Mosaic Company (The),2025-06-23,34.12,-1.68,30.39,50.23,32.29,0.667,23,1,2,12.2,10.06,-21.07,False,True,32.21,6.7,0.926,False,36.2,-5.72,-2.81,-1.05,9.0,11.0,5941300.0,6415818.0,0.818,4663700.0,5786380.0,6422060.0,0.726,76.72,2,20,19,12.6,16,吃老本,True
CTVA,Materials,Corteva,2025-06-23,73.68,5.32,22.12,30.63,22.18,1.0,8,2,3,5.2,28.24,2.51,False,True,67.33,4.23,0.836,False,74.33,-0.88,0.91,6.97,13.0,7.0,4531707.0,5421542.0,1.857,5390700.0,5535930.0,5220713.0,1.033,97.03,3,4,15,5.8,3,,True
FCX,Materials,Freeport-McMoRan,2025-06-23,43.26,14.01,14.7,13.83,14.09,1.0,3,6,5,4.3,4.59,43.23,False,True,38.4,12.07,1.162,False,51.29,-15.66,9.08,12.4,10.0,10.0,12749870.0,10969560.0,1.0,13661000.0,11446390.0,10976380.0,1.245,96.41,4,5,8,5.2,2,,True
NUE,Materials,Nucor,2025-06-23,129.15,20.18,8.26,13.11,13.67,1.0,1,9,6,4.4,16.87,96.99,False,True,115.83,11.59,0.893,False,166.01,-22.21,5.74,20.64,15.0,5.0,2867820.0,3210600.0,3.0,2860500.0,2719620.0,2568760.0,1.114,100.0,5,1,11,4.6,1,,True
STLD,Materials,Steel Dynamics,2025-06-23,129.17,6.61,6.27,14.26,10.35,1.0,5,12,4,6.9,4.0,5.5,False,True,127.81,8.01,0.683,False,151.9,-14.97,4.22,4.84,12.0,8.0,1360750.0,1992787.0,1.5,1876700.0,1617100.0,1488020.0,1.261,89.04,6,9,7,7.4,6,,True
CF,Materials,CF Industries,2025-06-23,89.08,0.31,18.26,8.66,8.97,1.0,16,4,9,11.0,22.9,24.47,False,True,85.56,14.84,1.277,False,102.26,-12.89,-9.34,0.98,10.0,10.0,4125170.0,3230760.0,1.0,3340100.0,4857370.0,4067593.0,0.821,84.2,7,11,18,10.8,11,,True
ECL,Materials,Ecolab,2025-06-23,264.63,0.94,7.45,13.05,8.62,1.0,12,10,7,10.4,0.05,0.66,False,True,253.9,3.63,1.331,False,269.44,-1.79,2.38,1.44,11.0,9.0,1594145.0,1197844.0,1.222,4155700.0,1549310.0,1433166.0,2.9,93.44,8,7,1,6.2,4,,True
MLM,Materials,Martin Marietta Materials,2025-06-23,547.12,0.6,15.24,4.33,6.13,1.0,14,5,10,10.5,1.06,5.51,False,True,535.15,4.17,0.793,False,627.1,-12.75,2.2,0.43,11.0,9.0,372763.0,469988.0,1.222,448700.0,460420.0,409460.0,1.096,83.35,9,14,12,11.6,12,,True
LIN,Materials,Linde plc,2025-06-23,457.63,-0.49,1.34,10.36,5.39,0.667,17,15,8,14.6,0.67,1.18,False,True,451.62,4.32,1.003,False,476.45,-3.95,1.74,0.26,10.0,10.0,2048010.0,2042340.0,1.0,2643200.0,1917990.0,1887680.0,1.4,83.4,10,13,5,10.2,9,,True
BALL,Materials,Ball Corporation,2025-06-23,55.6,5.68,10.03,1.8,4.83,1.0,7,8,11,8.1,8.69,3.72,False,True,52.11,6.36,1.201,False,66.42,-16.29,0.32,5.74,13.0,7.0,3005992.0,2501914.0,1.857,2974400.0,3259190.0,2832573.0,1.05,100.0,11,1,14,7.6,7,剛爆發,True
VMC,Materials,Vulcan Materials Company,2025-06-23,260.29,-1.09,12.76,0.33,3.08,0.667,21,7,13,15.2,31.63,23.66,False,True,259.41,4.74,1.03,False,294.97,-11.76,2.44,-1.18,9.0,11.0,1010311.0,980927.0,0.818,2119900.0,1114860.0,986066.0,2.15,80.56,12,17,2,12.0,13,,True
PPG,Materials,PPG Industries,2025-06-23,111.19,3.02,6.91,-4.03,0.47,0.667,10,11,17,11.7,6.05,-1.48,False,True,106.48,8.4,1.04,False,131.37,-15.36,5.04,2.55,12.0,8.0,1980175.0,1904075.0,1.5,2248700.0,2202920.0,1969600.0,1.142,94.25,13,6,10,9.6,8,剛爆發,True
CRH,Materials,CRH plc,2025-06-23,90.87,0.39,4.24,-1.43,0.44,0.667,15,13,15,14.4,-38.03,-16.82,False,False,91.68,5.72,1.067,False,109.32,-16.88,3.82,-0.48,9.0,11.0,4515066.0,4232045.0,0.818,6725900.0,4687180.0,4204213.0,1.6,82.19,14,15,4,12.4,14,,False
SHW,Materials,Sherwin-Williams,2025-06-23,342.52,-3.65,1.98,1.15,0.16,0.667,26,14,12,19.6,4.13,1.62,False,False,345.29,6.24,0.989,False,394.98,-13.28,3.66,-2.82,10.0,10.0,1618960.0,1636490.0,1.0,1366900.0,1814850.0,1551080.0,0.881,82.09,15,16,17,15.8,17,,True
AMCR,Materials,Amcor,2025-06-23,44.61,0.88,-3.32,-0.03,-0.63,0.333,13,21,14,15.6,-1.3,2.15,False,True,44.41,4.5,0.671,False,53.6,-16.77,2.45,1.21,10.0,10.0,4543060.0,6767400.0,1.0,4046920.0,6459022.0,5715977.0,0.708,78.46,16,19,20,18.0,20,,False
APD,Materials,Air Products,2025-06-23,273.28,1.23,-2.8,-2.39,-1.59,0.333,11,20,16,14.7,-4.86,0.67,False,True,265.19,6.64,0.966,False,328.17,-16.73,4.38,3.36,12.0,8.0,1351716.0,1398625.0,1.5,2433400.0,1397320.0,1282806.0,1.897,93.18,17,8,3,10.6,10,剛爆發,False
AVY,Materials,Avery Dennison,2025-06-23,171.74,-0.66,0.45,-5.89,-3.0,0.333,19,16,18,17.9,,,,,,,,,,,,,,,,,,,,,,,18,21,21,,21,,False
DD,Materials,DuPont,2025-06-23,84.89,3.11,-6.4,-9.12,-5.38,0.333,9,22,19,14.9,8.14,15.33,False,True,82.21,6.22,0.854,False,109.28,-22.32,4.08,0.45,9.0,11.0,1911681.0,2238647.0,0.818,2064960.0,1923535.0,1962078.0,1.052,79.12,19,18,13,17.4,18,,True
IFF,Materials,International Flavors & Fragrances,2025-06-23,72.59,-2.37,-2.26,-11.19,-6.75,0.0,24,17,20,21.1,,,,,,,,,,,,,,,,,,,,,,,20,21,21,,21,,False
IP,Materials,International Paper,2025-06-23,45.21,-0.92,-10.12,-11.49,-8.51,0.0,20,24,21,21.4,,,,,,,,,,,,,,,,,,,,,,,21,21,21,,21,,False
PKG,Materials,Packaging Corporation of America,2025-06-23,184.85,-1.31,-2.48,-15.5,-8.7,0.0,22,19,22,21.1,,,,,,,,,,,,,,,,,,,,,,,22,21,21,,21,,False
SW,Materials,Smurfit Westrock,2025-06-23,41.78,-0.62,-2.36,-19.4,-10.44,0.0,18,18,24,19.2,,,,,,,,,,,,,,,,,,,,,,,23,21,21,,21,,False
LYB,Materials,LyondellBasell,2025-06-23,54.46,6.44,-13.88,-17.47,-10.6,0.333,6,25,23,15.1,-24.02,6.81,False,True,53.01,8.45,0.919,False,87.02,-37.41,0.57,4.37,10.0,10.0,4341890.0,4725840.0,1.0,4104600.0,4191440.0,4575280.0,0.897,83.93,24,12,16,17.6,19,剛爆發,False
ALB,Materials,Albemarle Corporation,2025-06-23,64.08,17.24,-9.44,-25.54,-10.82,0.333,2,23,25,12.9,73.52,-63.0,False,True,57.76,17.82,0.759,False,110.6,-42.06,14.63,13.71,12.0,8.0,3302925.0,4353775.0,1.5,4137300.0,3364480.0,3270813.0,1.265,99.86,25,3,6,12.4,14,剛爆發,True
DOW,Materials,Dow Inc.,2025-06-23,25.66,-2.67,-19.46,-29.59,-20.33,0.0,25,26,26,25.5,,,,,,,,,,,,,,,,,,,,,,,26,21,21,,21,,False
AMT,Real Estate,American Tower,2025-06-23,209.68,2.26,2.66,21.68,12.07,1.0,6,7,2,5.5,-33.66,32.02,False,True,206.59,5.62,1.181,False,227.09,-7.67,0.14,2.71,13.0,7.0,2446130.0,2070757.0,1.857,2086300.0,2291460.0,2143306.0,0.973,100.0,1,1,20,4.8,2,,False
WELL,Real Estate,Welltower,2025-06-23,149.83,-1.39,-0.38,22.81,10.96,0.333,21,13,1,14.6,5.27,-17.63,False,True,147.77,4.27,0.891,False,155.43,-3.6,0.59,-0.61,12.0,8.0,3499475.0,3926212.0,1.5,3373600.0,4410510.0,3758613.0,0.898,87.96,2,11,22,9.6,6,吃老本,True
SBAC,Real Estate,SBA Communications,2025-06-23,225.48,-0.47,6.95,14.72,8.98,0.667,17,5,3,10.6,-23.6,0.9,False,True,225.15,4.92,1.23,False,243.28,-7.32,0.65,0.24,9.0,11.0,768077.0,624390.0,0.818,780100.0,724250.0,684793.0,1.139,84.21,3,12,19,9.8,7,吃老本,False
CSGP,Real Estate,CoStar Group,2025-06-23,80.76,9.79,1.83,11.82,8.82,1.0,2,10,6,5.2,43.86,15.63,False,True,78.01,4.8,0.797,False,83.68,-3.49,1.39,9.03,14.0,6.0,2890428.0,3627683.0,2.333,3554400.0,3076900.0,2920540.0,1.217,100.0,4,1,15,5.0,4,,True
VICI,Real Estate,Vici Properties,2025-06-23,30.32,3.18,2.21,14.59,8.64,1.0,5,8,4,5.7,-24.88,-0.16,False,True,29.68,4.52,0.951,False,31.11,-2.55,0.03,3.31,13.0,6.0,6101738.0,6416816.0,2.167,7585300.0,6435030.0,6056120.0,1.253,100.0,5,1,12,4.8,2,,False
CBRE,Real Estate,CBRE Group,2025-06-23,139.38,11.49,7.66,6.7,8.14,1.0,1,4,9,3.5,12.71,3.87,False,True,127.43,6.63,1.521,False,147.75,-5.66,4.1,11.8,16.0,4.0,1806943.0,1187900.0,4.0,2667200.0,1533810.0,1499306.0,1.779,100.0,6,1,3,3.4,1,,True
CCI,Real Estate,Crown Castle,2025-06-23,96.03,1.38,-1.8,14.22,7.0,0.667,9,18,5,10.9,1485.34,74.06,False,True,96.01,5.79,1.339,False,110.49,-13.08,0.47,1.38,11.0,8.0,3838436.0,2867425.0,1.375,3004400.0,3678370.0,3501126.0,0.858,95.06,7,6,24,10.0,8,,True
O,Real Estate,Realty Income,2025-06-23,53.56,1.2,2.17,11.44,6.56,1.0,10,9,7,9.1,-14.99,-44.38,False,True,53.13,3.04,0.784,False,58.68,-8.73,-0.26,1.67,11.0,9.0,5299300.0,6757466.0,1.222,5318600.0,6607490.0,5985033.0,0.889,82.96,8,13,23,13.0,12,,True
IRM,Real Estate,Iron Mountain,2025-06-23,98.93,4.44,21.15,-0.65,6.07,0.667,4,2,15,5.6,6.99,-6.23,False,True,92.93,8.79,1.234,False,123.05,-19.6,0.96,5.42,12.0,8.0,2054333.0,1664975.0,1.5,5715600.0,2057350.0,1857146.0,3.078,97.72,9,5,1,5.8,5,,True
DLR,Real Estate,Digital Realty,2025-06-23,166.55,0.6,21.43,-2.32,4.35,0.667,11,1,18,9.4,59.04,13.27,False,True,162.25,8.71,0.616,False,188.28,-11.54,-2.31,0.17,11.0,8.0,1638027.0,2659825.0,1.375,2658900.0,2131160.0,2032180.0,1.308,80.58,10,15,10,12.0,9,,True
VTR,Real Estate,Ventas,2025-06-23,60.84,-2.18,-7.91,8.36,1.66,0.333,25,27,8,22.2,35.81,156.61,False,False,62.91,3.25,0.939,False,69.05,-11.88,0.69,-1.98,8.0,12.0,3763437.0,4008883.0,0.667,5496000.0,4664300.0,4112833.0,1.336,75.52,11,22,9,15.0,16,吃老本,True
INVH,Real Estate,Invitation Homes,2025-06-23,31.33,-2.05,-4.23,3.71,0.29,0.333,24,23,10,20.9,23.07,-11.29,False,False,32.08,4.18,0.987,False,34.98,-10.43,-2.13,-1.46,8.0,11.0,3638725.0,3688281.0,0.727,4362000.0,3909700.0,3617326.0,1.206,76.44,12,20,16,16.0,17,吃老本,True
EXR,Real Estate,Extra Space Storage,2025-06-23,139.37,-2.44,1.37,0.7,0.08,0.667,26,11,13,18.9,24.62,15.59,False,False,139.4,4.7,1.013,False,171.0,-18.5,-0.14,-2.22,10.0,10.0,1070180.0,1056770.0,1.0,1431500.0,1159740.0,1059160.0,1.352,81.33,13,14,7,12.2,10,,True
PLD,Real Estate,Prologis,2025-06-23,102.31,-1.82,-3.46,2.22,-0.21,0.333,23,20,11,19.7,-1.33,100.81,False,True,101.93,4.82,1.052,False,124.06,-17.54,-0.07,-2.38,9.0,11.0,4046488.0,3846290.0,0.818,5732900.0,4158500.0,3934333.0,1.457,79.23,14,17,5,13.4,14,,False
ESS,Real Estate,Essex Property Trust,2025-06-23,272.0,0.53,-5.94,2.07,-0.32,0.667,12,24,12,15.6,2.57,-52.45,False,True,268.59,4.56,0.867,False,298.89,-9.0,0.38,1.18,13.0,7.0,489500.0,564757.0,1.857,579700.0,461080.0,482300.0,1.202,93.88,15,7,17,12.2,10,剛爆發,True
HST,Real Estate,Host Hotels & Resorts,2025-06-23,14.38,1.74,12.01,-9.58,-1.35,0.667,8,3,27,10.3,25.0,19.05,False,True,13.74,6.02,1.516,False,17.12,-16.02,0.57,1.81,10.0,10.0,14393280.0,9491640.0,1.0,11121300.0,9625570.0,9305713.0,1.195,92.85,16,8,18,13.2,13,剛爆發,True
BXP,Real Estate,"BXP, Inc.",2025-06-23,64.74,1.89,2.85,-5.46,-1.54,0.667,7,6,23,9.9,22.55,59.21,False,True,63.81,10.0,0.771,False,82.7,-21.72,-4.02,-0.36,11.0,9.0,1778518.0,2306033.0,1.222,1996900.0,2192550.0,2111033.0,0.946,80.01,17,16,21,17.4,18,,True
PSA,Real Estate,Public Storage,2025-06-23,278.33,-5.06,-0.53,-0.79,-1.8,0.0,29,14,16,21.9,1.25,-2.08,False,False,284.37,4.57,1.013,False,344.96,-19.32,-0.07,-4.32,7.0,13.0,862057.0,851192.0,0.538,1194200.0,891600.0,827653.0,1.443,73.18,18,24,6,18.0,20,吃老本,True
REG,Real Estate,Regency Centers,2025-06-23,67.76,-1.27,-2.25,-2.75,-2.25,0.0,20,19,19,19.5,,,,,,,,,,,,,,,,,,,,,,,19,25,25,,25,吃老本,False
SPG,Real Estate,Simon Property Group,2025-06-23,153.21,-0.28,-1.02,-4.29,-2.47,0.0,15,15,22,16.4,1.13,-3.13,False,True,150.69,4.2,0.985,False,176.96,-13.42,2.05,-0.38,8.0,12.0,1627350.0,1652533.0,0.667,2029000.0,1761180.0,1628953.0,1.246,77.83,20,18,13,17.8,19,,True
CPT,Real Estate,Camden Property Trust,2025-06-23,108.3,-3.17,-6.18,-0.42,-2.55,0.0,28,25,14,24.3,29.53,-11.93,False,False,110.47,4.96,0.837,False,119.44,-9.33,-1.58,-2.69,9.0,11.0,858544.0,1025300.0,0.818,1151200.0,968210.0,936780.0,1.229,74.68,21,23,14,20.4,24,,True
EQR,Real Estate,Equity Residential,2025-06-23,64.44,-3.0,-3.76,-3.11,-3.25,0.0,27,22,20,24.1,,,,,,,,,,,,,,,,,,,,,,,22,25,25,,25,,False
KIM,Real Estate,Kimco Realty,2025-06-23,19.99,-0.36,1.22,-8.28,-3.93,0.333,16,12,26,16.8,5.1,18.89,False,True,19.78,3.72,0.791,False,23.85,-16.19,0.19,-0.78,9.0,11.0,3800211.0,4806718.0,0.818,5615100.0,4364550.0,4406106.0,1.274,75.72,23,21,11,19.8,22,,True
AVB,Real Estate,AvalonBay Communities,2025-06-23,194.89,-1.16,-3.52,-6.11,-4.22,0.0,19,21,24,20.6,,,,,,,,,,,,,,,,,,,,,,,24,25,25,,25,,False
UDR,Real Estate,"UDR, Inc.",2025-06-23,38.71,-1.74,-7.63,-4.24,-4.46,0.0,22,26,21,23.0,,,,,,,,,,,,,,,,,,,,,,,25,25,25,,25,,False
MAA,Real Estate,Mid-America Apartment Communities,2025-06-23,139.74,-5.62,-10.02,-1.93,-4.87,0.0,30,28,17,26.8,,,,,,,,,,,,,,,,,,,,,,,26,25,25,,25,,False
WY,Real Estate,Weyerhaeuser,2025-06-23,24.97,-0.23,-11.24,-6.24,-5.99,0.0,14,29,25,20.7,13.6,59.84,False,False,25.07,5.89,1.081,False,32.18,-22.4,-1.26,0.08,12.0,8.0,4540575.0,4199237.0,1.5,10612000.0,4308350.0,4001446.0,2.652,90.96,27,9,2,14.8,15,剛爆發,True
FRT,Real Estate,Federal Realty Investment Trust,2025-06-23,89.68,-0.86,-1.23,-13.23,-7.14,0.0,18,16,29,19.6,,,,,,,,,,,,,,,,,,,,,,,28,25,25,,25,,False
DOC,Real Estate,Healthpeak Properties,2025-06-23,16.13,0.3,-12.53,-10.68,-8.4,0.333,13,30,28,21.1,40.67,-4.74,False,False,16.18,4.0,0.996,False,20.73,-22.19,1.52,-0.33,7.0,11.0,6300357.0,6324036.0,0.636,9421000.0,7176100.0,6342946.0,1.485,77.39,29,19,4,20.0,23,剛爆發,True
EQIX,Real Estate,Equinix,2025-06-23,767.65,-11.67,-1.7,-15.83,-11.26,0.0,31,17,30,26.6,,,,,,,,,,,,,,,,,,,,,,,30,25,25,,25,,False
ARE,Real Estate,Alexandria Real Estate Equities,2025-06-23,67.91,4.53,-22.18,-23.32,-16.07,0.333,3,31,31,17.0,-15.52,-22.99,False,True,67.32,6.83,1.169,False,115.93,-41.42,2.8,2.98,10.0,10.0,1915010.0,1638560.0,1.0,2406200.0,2020400.0,1795820.0,1.34,88.36,31,10,8,18.0,20,剛爆發,True
NRG,Utilities,NRG Energy,2025-06-23,160.83,4.34,71.56,78.39,58.17,1.0,4,1,1,2.5,58.83,61.77,False,True,137.97,12.66,1.085,False,166.66,-3.5,7.08,5.31,12.0,8.0,3597200.0,3314925.0,1.5,9663400.0,3746620.0,3502073.0,2.759,97.51,1,5,1,2.6,2,,True
VST,Utilities,Vistra Corp.,2025-06-23,194.02,21.62,64.04,40.05,41.44,1.0,1,2,3,1.7,-251.65,-21.21,False,True,154.08,15.1,0.941,False,198.2,-2.11,5.37,22.26,14.0,6.0,5264221.0,5594683.0,2.333,8903700.0,5188390.0,5116060.0,1.74,100.0,2,1,3,1.8,1,,False
CEG,Utilities,Constellation Energy,2025-06-23,318.5,4.58,56.1,41.79,36.06,1.0,3,3,2,2.8,-3.1,14.06,False,True,276.27,11.03,0.616,False,349.03,-8.75,5.0,5.54,11.0,9.0,2568854.0,4171488.0,1.222,3689700.0,2476850.0,2647393.0,1.394,84.43,3,17,6,9.2,6,吃老本,False
EVRG,Utilities,Evergy,2025-06-23,65.95,2.86,1.68,12.99,7.63,1.0,6,8,7,6.8,-19.57,-6.53,False,True,64.58,4.44,1.071,False,67.24,-1.92,1.67,3.14,13.0,7.0,2569161.0,2399157.0,1.857,2941800.0,2436430.0,2623333.0,1.121,99.15,4,4,15,6.2,4,,False
ES,Utilities,Eversource Energy,2025-06-23,60.59,-2.24,4.95,13.26,7.31,0.667,18,5,6,11.7,-0.65,1.68,False,True,59.34,6.03,1.347,False,63.34,-4.35,1.34,-1.14,13.0,7.0,3023884.0,2245714.0,1.857,2858700.0,2762910.0,2491880.0,1.147,100.0,5,1,14,5.2,3,,False
EXC,Utilities,Exelon,2025-06-23,41.42,-2.08,-3.17,16.74,7.06,0.333,17,19,4,15.0,6.9,7.95,False,False,42.61,3.53,1.588,False,46.02,-10.01,0.73,-1.81,8.0,12.0,8808075.0,5545508.0,0.667,7322600.0,5705480.0,6197713.0,1.182,87.0,6,13,13,10.2,8,吃老本,True
CNP,Utilities,CenterPoint Energy,2025-06-23,35.57,-2.34,0.94,14.34,6.82,0.667,19,10,5,13.5,-0.8,-0.32,False,False,36.28,3.49,1.141,False,38.21,-6.92,1.76,-1.99,7.0,13.0,5933757.0,5199353.0,0.538,6990000.0,5256170.0,5429826.0,1.287,77.56,7,23,10,14.0,15,吃老本,False
SO,Utilities,Southern Company,2025-06-23,88.02,1.0,0.59,11.19,5.99,1.0,9,13,11,10.6,3.02,-1.7,False,True,86.62,3.84,1.233,False,89.93,-2.12,1.79,2.42,11.0,9.0,6289818.0,5100266.0,1.222,5228200.0,5802790.0,5478300.0,0.954,92.09,8,7,18,9.6,7,,True
NI,Utilities,NiSource,2025-06-23,38.67,1.09,0.84,10.33,5.65,1.0,8,11,15,10.3,8.74,-2.3,False,True,37.98,4.61,1.292,False,39.82,-2.89,1.14,2.51,10.0,9.0,4936840.0,3821977.0,1.111,7013700.0,4806810.0,4614100.0,1.52,91.23,9,8,4,7.6,5,,True
AEP,Utilities,American Electric Power,2025-06-23,99.31,-1.0,-3.35,12.79,5.31,0.333,13,21,8,14.4,9.86,-0.19,False,False,100.33,3.14,1.309,False,106.14,-6.43,0.7,-0.07,9.0,11.0,2984755.0,2280936.0,0.818,3457500.0,2781800.0,2622000.0,1.319,85.41,10,16,8,12.0,9,吃老本,True
ATO,Utilities,Atmos Energy,2025-06-23,149.16,-1.42,0.58,10.67,5.13,0.667,15,14,12,14.1,5.3,0.84,False,False,152.33,4.18,1.142,False,162.89,-8.43,-0.7,-1.2,10.0,10.0,1032230.0,904050.0,1.0,1551600.0,831870.0,820640.0,1.891,83.98,11,18,2,12.0,9,吃老本,True
ETR,Utilities,Entergy,2025-06-23,80.42,-0.96,-1.58,10.46,4.6,0.333,12,16,14,13.6,19.63,4.27,False,False,80.48,3.91,1.475,False,85.55,-6.0,1.86,0.15,9.0,11.0,3482833.0,2361990.0,0.818,3236600.0,3083880.0,2984646.0,1.084,88.91,12,10,17,12.2,12,,True
DUK,Utilities,Duke Energy,2025-06-23,112.97,-0.68,-1.19,9.91,4.49,0.333,10,15,17,12.9,10.84,0.71,False,False,113.34,4.03,1.314,False,119.95,-5.82,1.32,1.27,9.0,11.0,3589933.0,2731581.0,0.818,3578700.0,3215750.0,2874453.0,1.245,86.56,13,14,12,13.2,14,,True
DTE,Utilities,DTE Energy,2025-06-23,127.38,-2.9,-2.84,10.23,3.68,0.333,22,18,16,19.6,,,,,,,,,,,,,,,,,,,,,,,14,24,24,,24,吃老本,False
AWK,Utilities,American Water Works,2025-06-23,134.38,-3.53,-5.12,11.43,3.55,0.333,26,25,10,22.5,-1.5,9.2,False,False,138.93,5.21,1.221,False,150.61,-10.77,-2.36,-2.56,10.0,10.0,1310940.0,1073610.0,1.0,1564800.0,1188070.0,1063693.0,1.471,83.89,15,19,5,14.6,16,,False
WEC,Utilities,WEC Energy Group,2025-06-23,99.77,-4.01,-3.28,10.66,3.51,0.333,27,20,13,22.1,4.33,-0.31,False,False,102.64,4.12,1.209,False,106.46,-6.28,-1.02,-2.73,8.0,12.0,2507225.0,2072950.0,0.667,1867900.0,2139810.0,2195200.0,0.851,79.12,16,22,22,19.6,21,吃老本,True
D,Utilities,Dominion Energy,2025-06-23,53.51,-1.41,2.83,6.11,3.41,0.667,14,7,20,13.1,23.16,4.6,False,True,52.39,5.5,1.533,False,57.3,-6.62,3.04,-0.27,8.0,12.0,8363712.0,5456983.0,0.667,6225500.0,7725980.0,6891813.0,0.903,87.88,17,11,21,15.4,17,剛爆發,True
AEE,Utilities,Ameren,2025-06-23,92.67,-0.89,-3.69,7.32,2.51,0.333,11,22,18,15.7,2.75,-3.21,False,False,93.73,4.13,0.947,False,99.75,-7.1,0.65,-0.16,12.0,8.0,1773941.0,1872375.0,1.5,2259900.0,1729690.0,1756420.0,1.287,89.25,18,9,10,12.8,13,剛爆發,True
ED,Utilities,Consolidated Edison,2025-06-23,94.99,-6.07,-8.99,11.52,1.99,0.333,29,28,9,24.7,2.42,2.15,False,False,101.52,7.9,1.432,False,110.24,-13.83,-2.79,-5.06,9.0,11.0,3693488.0,2578545.0,0.818,2880100.0,3588820.0,3067866.0,0.939,83.19,19,20,20,19.6,21,,True
PEG,Utilities,Public Service Enterprise Group,2025-06-23,80.85,3.89,3.13,-0.09,1.71,0.667,5,6,27,9.7,-0.23,1.47,False,True,77.44,5.05,1.482,False,90.1,-10.27,1.73,5.82,12.0,7.0,3799758.0,2563171.0,1.714,2756000.0,2927300.0,2887726.0,0.954,100.0,20,1,18,12.0,9,剛爆發,False
PNW,Utilities,Pinnacle West Capital,2025-06-23,85.17,-2.94,-5.07,6.33,1.16,0.333,23,24,19,22.5,,,,,,,,,,,,,,,,,,,,,,,21,24,24,,24,,False
NEE,Utilities,NextEra Energy,2025-06-23,68.9,1.17,1.44,-0.08,0.61,0.667,7,9,26,11.4,1.19,0.79,False,True,67.54,7.2,0.968,False,81.78,-15.75,-0.89,3.59,11.0,9.0,11143000.0,11516233.0,1.222,14275000.0,11591410.0,11011540.0,1.296,87.06,22,12,9,15.4,17,剛爆發,True
PPL,Utilities,PPL Corporation,2025-06-23,32.53,-2.64,-5.26,4.88,0.46,0.333,21,26,21,22.5,,,,,,,,,,,,,,,,,,,,,,,23,24,24,,24,,False
FE,Utilities,FirstEnergy,2025-06-23,38.34,-4.86,0.64,2.72,0.3,0.667,28,12,24,22.4,13.09,-2.81,False,False,39.8,4.05,1.182,False,41.88,-8.45,-0.03,-4.32,9.0,11.0,5973288.0,5052000.0,0.818,6653800.0,4862560.0,6095866.0,1.092,80.36,24,21,16,21.2,23,,True
CMS,Utilities,CMS Energy,2025-06-23,66.97,-1.74,-6.27,4.5,0.25,0.333,16,27,22,20.5,,,,,,,,,,,,,,,,,,,,,,,25,24,24,,24,,False
XEL,Utilities,Xcel Energy,2025-06-23,65.75,-2.5,-1.97,1.98,-0.13,0.333,20,17,25,20.1,,,,,,,,,,,,,,,,,,,,,,,26,24,24,,24,,False
LNT,Utilities,Alliant Energy,2025-06-23,58.07,-3.02,-4.29,3.08,-0.29,0.333,24,23,23,23.5,,,,,,,,,,,,,,,,,,,,,,,27,24,24,,24,,False
SRE,Utilities,Sempra,2025-06-23,73.24,-3.28,9.01,-12.6,-4.87,0.333,25,4,28,19.3,9.33,-3.27,False,True,72.79,4.67,1.022,False,90.82,-19.36,2.64,-2.48,11.0,9.0,4412609.0,4318833.0,1.222,5966300.0,4770150.0,4422326.0,1.349,85.78,28,15,7,18.6,19,剛爆發,True
AES,Utilities,AES Corporation,2025-06-23,10.07,6.24,-12.07,-13.06,-7.99,0.333,2,30,29,15.8,-17.83,56.45,False,True,9.97,15.51,0.862,False,18.26,-44.81,2.98,6.67,12.0,8.0,13962108.0,16191812.0,1.5,13078300.0,15801690.0,15701400.0,0.833,92.78,29,6,23,18.6,19,剛爆發,False
EIX,Utilities,Edison International,2025-06-23,47.55,-8.41,-11.05,-34.45,-22.09,0.0,30,29,31,29.9,,,,,,,,,,,,,,,,,,,,,,,30,24,24,,24,剛爆發,False
PCG,Utilities,PG&E Corporation,2025-06-23,13.82,-17.12,-17.58,-30.35,-23.85,0.0,31,31,30,30.8,,,,,,,,,,,,,,,,,,,,,,,31,24,24,,24,剛爆發,False
