symbol,sector,name,as_of_date,t_price,cum_ret_4w,cum_ret_13w,cum_ret_26w,point,di,cum_ret_4w_rank_in_sector,cum_ret_13w_rank_in_sector,cum_ret_26w_rank_in_sector,cms_a,surprise_l1,surprise_l2,pre_earnings_14d,above_50ma,ma50,amp_10d_pct,vp_ratio_stock,vcp,high_52w,pct_from_high,ret_5d,ret_20d,up_days_20,down_days_20,up_avg_vol,down_avg_vol,ud_ratio,vol_today,vol_10d_avg,vol_3w_avg,vol_ratio_stock_20d,vp_score_stock,point_rank_in_sector,vp_score_rank_in_sector,vol_rank_in_sector,composite_in_sector,composite_rank_in_sector,stock_gap_alert,earnings_passed
T,Communication Services,AT&T,2025-03-24,26.36,2.81,24.84,31.98,22.9,1.0,3,1,3,2.4,6.81,5.07,False,True,23.97,8.3,0.929,False,26.67,-1.16,4.29,2.81,12.0,8.0,45054683.0,48504225.0,1.5,35085300.0,41450000.0,45637873.0,0.769,92.16,1,3,11,3.8,1,,True
TTWO,Communication Services,Take-Two Interactive,2025-03-24,210.47,-0.71,12.89,37.52,21.8,0.667,8,4,1,5.4,29.71,1.58,False,True,202.73,8.45,1.073,False,220.93,-4.73,-1.41,-0.71,11.0,9.0,1749281.0,1630900.0,1.222,1439400.0,1664870.0,1607940.0,0.895,86.11,2,7,5,4.6,2,,True
TMUS,Communication Services,T-Mobile US,2025-03-24,259.07,-1.77,19.19,30.02,19.37,0.667,9,2,6,6.3,8.88,7.64,False,True,245.79,6.87,0.877,False,270.38,-4.18,3.55,-1.77,10.0,10.0,3918910.0,4469430.0,1.0,3322700.0,4140100.0,4229086.0,0.786,80.71,3,11,10,7.6,3,吃老本,True
FOXA,Communication Services,Fox Corporation (Class A),2025-03-24,54.21,-4.52,11.17,30.1,16.71,0.667,11,6,5,8.3,50.24,27.05,False,True,52.87,7.2,1.336,False,57.91,-6.38,2.49,-4.52,9.0,11.0,4999422.0,3743081.0,0.818,3149300.0,4666900.0,4450920.0,0.708,83.93,4,9,14,8.0,4,,True
FOX,Communication Services,Fox Corporation (Class B),2025-03-24,50.0,-6.08,8.9,30.74,16.08,0.667,13,8,4,9.7,54.84,26.09,False,True,49.49,7.18,1.209,False,54.15,-7.67,1.65,-6.08,10.0,10.0,1312420.0,1085550.0,1.0,849100.0,1241990.0,1196646.0,0.71,83.17,5,10,13,8.6,7,,True
NFLX,Communication Services,Netflix,2025-03-24,93.39,-4.76,2.9,32.02,15.54,0.667,12,11,2,9.7,1.78,5.32,False,False,96.74,8.58,1.011,False,106.45,-12.27,-2.75,-4.76,10.0,10.0,54891500.0,54313100.0,1.0,44227000.0,50044000.0,54337600.0,0.814,78.73,6,12,8,8.8,10,吃老本,True
TKO,Communication Services,TKO Group Holdings,2025-03-24,147.07,-0.36,4.23,20.08,11.01,0.667,7,10,8,8.1,141.28,-51.33,False,False,151.63,11.67,0.489,False,175.47,-16.18,-0.12,-0.36,9.0,11.0,1659733.0,3392100.0,0.818,1144100.0,3264480.0,2874173.0,0.398,70.57,7,17,20,13.6,16,吃老本,True
WBD,Communication Services,Warner Bros. Discovery,2025-03-24,10.37,-9.51,-2.26,23.75,8.93,0.333,18,12,7,14.0,-879.42,173.29,False,False,10.5,9.95,0.885,False,12.7,-18.35,-3.45,-9.51,11.0,9.0,39020054.0,44114722.0,1.222,52599000.0,39572560.0,39555266.0,1.33,76.73,8,13,1,8.6,7,,False
CHTR,Communication Services,Charter Communications,2025-03-24,369.02,1.5,5.84,13.12,8.4,1.0,6,9,10,7.7,10.5,3.87,False,True,359.43,10.99,0.81,False,415.27,-11.14,1.43,1.5,11.0,9.0,1240000.0,1531444.0,1.222,1217200.0,1215910.0,1372640.0,0.887,83.98,9,8,6,8.0,4,,True
PSKY,Communication Services,Paramount Skydance Corporation,2025-03-24,11.32,2.2,11.63,8.08,7.5,1.0,4,5,11,5.7,-16.36,-15.38,False,True,10.99,5.29,1.15,False,13.98,-19.02,-2.53,2.2,11.0,9.0,9126745.0,7934800.0,1.222,5616800.0,7017120.0,7597873.0,0.739,88.77,10,5,12,8.4,6,,False
VZ,Communication Services,Verizon,2025-03-24,40.73,4.25,14.54,3.45,6.42,1.0,2,3,13,4.5,0.32,0.71,False,True,38.12,5.11,1.114,False,42.94,-5.13,2.14,4.25,10.0,10.0,30456800.0,27343750.0,1.0,19530600.0,23539680.0,29144506.0,0.67,87.89,11,6,16,10.0,11,,True
LYV,Communication Services,Live Nation Entertainment,2025-03-24,125.03,-12.79,-5.17,14.98,3.0,0.333,19,18,9,16.7,232.41,13.07,False,False,137.78,9.18,0.986,False,157.75,-20.74,1.6,-12.79,7.0,12.0,2671842.0,2709458.0,0.583,1731500.0,2009910.0,2662720.0,0.65,68.98,12,18,17,15.4,19,吃老本,True
EA,Communication Services,Electronic Arts,2025-03-24,143.5,11.72,-2.47,-0.02,2.3,0.333,1,13,17,7.8,-8.03,24.88,False,True,132.49,5.46,1.375,False,167.19,-14.17,-0.03,11.72,15.0,5.0,4000013.0,2909740.0,3.0,2423600.0,3411070.0,3519793.0,0.689,100.0,13,1,15,8.6,7,剛爆發,False
NWS,Communication Services,News Corp (Class B),2025-03-24,29.46,-7.82,-3.32,6.77,0.6,0.333,15,15,12,14.4,5.74,40.0,False,False,31.63,6.45,0.73,False,34.9,-15.58,-3.61,-7.82,7.0,13.0,572185.0,784207.0,0.538,786000.0,816870.0,753973.0,1.042,64.71,14,19,2,13.6,16,,True
NWSA,Communication Services,News Corp (Class A),2025-03-24,26.39,-6.75,-3.96,0.71,-2.32,0.333,14,17,16,15.3,5.74,40.0,False,False,27.79,4.8,0.826,False,30.35,-13.04,-1.66,-6.75,8.0,11.0,3037437.0,3677681.0,0.727,3267400.0,3493240.0,3357386.0,0.973,70.65,15,16,4,13.2,14,,True
META,Communication Services,Meta Platforms,2025-03-24,574.41,-13.61,-3.76,1.83,-3.43,0.333,20,16,15,17.8,19.0,13.86,False,False,649.62,10.01,1.076,False,737.27,-22.09,-3.27,-13.61,9.0,11.0,17802966.0,16551100.0,0.818,17602800.0,17736440.0,17423840.0,1.01,71.62,16,15,3,13.0,13,,True
DIS,Communication Services,Walt Disney Company (The),2025-03-24,96.26,-13.82,-12.08,2.6,-5.18,0.333,21,20,14,19.3,22.94,2.75,False,False,105.26,4.54,1.063,False,120.36,-20.03,-1.4,-13.82,9.0,11.0,10265533.0,9657281.0,0.818,7679700.0,8278220.0,9585760.0,0.801,72.02,17,14,9,14.2,18,,True
CMCSA,Communication Services,Comcast,2025-03-24,32.15,2.06,-2.64,-10.65,-5.47,0.333,5,14,20,10.7,11.38,5.27,False,True,31.52,6.5,0.873,False,39.44,-18.5,-0.35,2.06,12.0,7.0,29321213.0,33602101.0,1.714,24894924.0,27918524.0,29892403.0,0.833,92.08,18,4,7,10.2,12,剛爆發,True
ECHO,Communication Services,EchoStar,2025-03-24,24.99,-19.98,10.72,-10.88,-7.75,0.333,22,7,21,17.3,348.59,-70.63,False,False,27.94,9.8,0.548,False,32.48,-23.06,-5.56,-19.98,6.0,14.0,2029416.0,3704757.0,0.429,1645000.0,3889280.0,3398273.0,0.484,51.8,19,20,19,19.4,20,,True
GOOG,Communication Services,Alphabet Inc. (Class C),2025-03-24,155.43,-9.28,-19.48,-5.37,-9.88,0.0,17,21,18,18.4,,,,,,,,,,,,,,,,,,,,,,,20,21,21,,21,,False
GOOGL,Communication Services,Alphabet Inc. (Class A),2025-03-24,153.7,-9.26,-19.84,-5.65,-10.1,0.0,16,22,19,18.4,,,,,,,,,,,,,,,,,,,,,,,21,21,21,,21,,False
OMC,Communication Services,Omnicom Group,2025-03-24,76.39,-2.24,-6.46,-20.57,-12.46,0.0,10,19,22,15.1,0.8,0.08,False,False,78.84,3.92,1.466,False,100.22,-23.78,-1.11,-2.24,11.0,9.0,5231127.0,3567844.0,1.222,2136900.0,3888350.0,4335260.0,0.493,92.2,22,2,18,13.2,14,剛爆發,True
TTD,Communication Services,Trade Desk (The),2025-03-24,55.85,-20.58,-53.99,-48.97,-43.13,0.0,23,23,23,23.0,,,,,,,,,,,,,,,,,,,,,,,23,21,21,,21,,False
TPR,Consumer Discretionary,"Tapestry, Inc.",2025-03-24,69.05,-17.4,7.11,47.99,21.42,0.667,41,8,1,23.1,14.42,4.45,False,False,75.76,8.77,1.535,False,88.91,-22.34,-3.93,-17.4,7.0,13.0,8299128.0,5407000.0,0.538,5433800.0,6359990.0,6651506.0,0.817,72.93,1,20,13,11.0,8,吃老本,True
ORLY,Consumer Discretionary,O’Reilly Automotive,2025-03-24,93.9,2.54,17.64,22.91,16.5,1.0,3,1,5,2.8,-2.69,-1.16,False,True,88.05,7.89,0.906,False,95.58,-1.75,5.19,2.54,10.0,10.0,5345550.0,5900700.0,1.0,6066000.0,5253600.0,5334100.0,1.137,84.45,2,4,1,2.6,1,,False
DRI,Consumer Discretionary,Darden Restaurants,2025-03-24,196.03,2.33,10.2,25.1,15.68,1.0,4,4,3,3.8,0.17,0.35,False,True,185.8,13.16,1.155,False,201.64,-2.78,2.6,2.33,13.0,7.0,1487284.0,1287442.0,1.857,798200.0,1567710.0,1504053.0,0.531,100.0,3,1,24,6.4,3,,True
AZO,Consumer Discretionary,AutoZone,2025-03-24,3771.0,7.96,16.33,17.97,15.06,1.0,1,2,7,2.5,-2.35,-3.73,False,True,3478.31,7.93,1.04,False,3838.0,-1.75,4.57,7.96,10.0,10.0,170430.0,163930.0,1.0,166700.0,147360.0,153940.0,1.083,89.8,4,2,2,2.8,2,,True
DASH,Consumer Discretionary,DoorDash,2025-03-24,182.61,-7.98,7.84,28.39,14.16,0.667,23,6,2,13.7,-0.57,29.63,False,False,191.15,10.67,0.472,False,215.24,-15.16,-4.2,-7.98,10.0,10.0,6297860.0,13355010.0,1.0,4557200.0,12294470.0,11404326.0,0.4,66.79,5,23,28,16.8,14,吃老本,False
GRMN,Consumer Discretionary,Garmin,2025-03-24,209.27,-6.33,2.42,23.67,10.86,0.667,18,12,4,13.4,19.24,37.68,False,False,212.34,7.17,1.358,False,240.57,-13.01,1.65,-6.33,8.0,12.0,1373137.0,1011325.0,0.667,608500.0,1356230.0,1216180.0,0.5,80.62,6,10,26,11.6,9,,True
YUM,Consumer Discretionary,Yum! Brands,2025-03-24,152.08,-0.39,15.73,12.39,10.03,0.667,7,3,10,6.4,0.88,-2.83,False,True,142.92,3.06,0.922,False,159.44,-4.62,-0.63,-0.39,10.0,10.0,1981520.0,2148440.0,1.0,1492600.0,1789030.0,1850100.0,0.807,80.65,7,9,14,9.2,6,,True
CVNA,Consumer Discretionary,Carvana,2025-03-24,40.88,-12.31,-4.97,20.4,5.88,0.333,30,18,6,21.6,128.48,184.82,False,False,45.23,32.84,0.978,False,58.57,-30.2,7.05,-12.31,12.0,8.0,27149625.0,27761312.0,1.5,13581500.0,26585900.0,26863300.0,0.506,85.05,8,3,25,9.4,7,,True
EBAY,Consumer Discretionary,eBay Inc.,2025-03-24,66.04,4.21,7.41,5.86,5.83,1.0,2,7,14,5.9,4.26,0.84,False,True,65.66,4.71,0.872,False,70.1,-5.79,2.1,4.21,10.0,10.0,5449790.0,6250530.0,1.0,5705500.0,5623500.0,5638913.0,1.012,83.62,9,6,5,7.0,4,,True
MCD,Consumer Discretionary,McDonald's,2025-03-24,298.12,0.17,5.19,2.32,2.5,1.0,6,10,19,9.8,-0.97,0.88,False,True,291.19,5.41,0.806,False,316.79,-5.89,0.54,0.17,11.0,9.0,3323663.0,4122155.0,1.222,3211600.0,3180160.0,3496260.0,0.919,82.76,10,7,10,8.8,5,,False
RCL,Consumer Discretionary,Royal Caribbean Group,2025-03-24,203.52,-15.36,-10.49,17.6,2.34,0.333,36,29,8,28.3,9.0,3.3,False,False,232.8,11.32,0.967,False,270.71,-24.82,-3.67,-15.36,8.0,12.0,3099412.0,3204750.0,0.667,2548600.0,2468280.0,3014373.0,0.845,66.24,11,25,12,16.8,14,吃老本,True
DPZ,Consumer Discretionary,Domino's,2025-03-24,436.97,-8.32,4.5,4.98,1.53,0.667,25,11,15,18.8,-0.37,15.2,False,False,446.48,10.11,0.867,False,523.1,-16.47,-3.09,-8.32,9.0,11.0,686055.0,791300.0,0.818,790100.0,677930.0,735300.0,1.075,71.21,12,21,4,14.0,11,吃老本,False
BKNG,Consumer Discretionary,Booking Holdings,2025-03-24,183.5,-7.42,-7.81,9.49,0.94,0.333,20,23,12,19.3,15.24,8.42,False,False,188.82,8.41,1.028,False,210.9,-12.99,0.37,-7.42,8.0,12.0,7517500.0,7315625.0,0.667,4635000.0,6795000.0,7266500.0,0.638,73.68,13,19,20,16.8,14,吃老本,True
EXPE,Consumer Discretionary,Expedia Group,2025-03-24,166.39,-14.91,-9.49,12.99,0.4,0.333,35,25,9,26.8,13.89,0.17,False,False,180.07,9.83,0.946,False,205.18,-18.91,-3.29,-14.91,8.0,12.0,2316400.0,2447475.0,0.667,1807200.0,2225950.0,2496986.0,0.724,66.31,14,24,18,18.8,17,吃老本,True
RL,Consumer Discretionary,Ralph Lauren Corporation,2025-03-24,212.67,-20.16,-5.7,10.54,-1.19,0.333,47,19,11,31.4,6.51,5.15,False,False,245.78,10.87,1.003,False,284.24,-25.18,-3.37,-20.16,6.0,14.0,1110333.0,1106471.0,0.429,1127400.0,1081180.0,1140366.0,0.989,60.54,15,28,8,18.8,17,吃老本,True
SBUX,Consumer Discretionary,Starbucks,2025-03-24,94.55,-15.61,6.52,1.55,-1.5,0.667,38,9,20,25.7,3.46,-10.61,False,False,101.74,5.26,0.767,False,113.64,-16.8,0.68,-15.61,8.0,12.0,8329112.0,10858275.0,0.667,8066200.0,8187520.0,9022560.0,0.894,64.33,16,27,11,19.4,20,吃老本,True
TJX,Consumer Discretionary,TJX Companies,2025-03-24,116.4,-5.25,-4.33,1.22,-1.79,0.333,16,17,21,17.3,,,,,,,,,,,,,,,,,,,,,,,17,29,29,,29,吃老本,False
F,Consumer Discretionary,Ford Motor Company,2025-03-24,9.13,1.78,0.08,-5.62,-2.35,0.667,5,15,25,12.0,20.36,3.47,False,True,9.04,7.76,0.738,False,13.12,-30.42,-2.8,1.78,10.0,10.0,121919300.0,165212890.0,1.0,136868300.0,136791870.0,140285700.0,0.976,77.86,18,15,9,15.0,12,,True
TSCO,Consumer Discretionary,Tractor Supply,2025-03-24,52.14,-3.4,-1.6,-5.82,-4.16,0.0,12,16,26,16.0,-3.37,0.29,False,False,53.47,6.75,1.148,False,59.52,-12.4,1.93,-3.4,10.0,10.0,5095450.0,4439410.0,1.0,3599700.0,4031880.0,4638486.0,0.776,83.82,19,5,15,12.6,10,剛爆發,False
GM,Consumer Discretionary,General Motors,2025-03-24,46.11,-4.74,-13.78,0.91,-4.18,0.333,14,32,23,21.2,4.3,23.78,False,False,48.27,15.09,1.064,False,60.2,-23.41,-6.27,-4.74,10.0,10.0,19530350.0,18353250.0,1.0,18820100.0,20318100.0,19003873.0,0.99,78.27,20,14,7,15.0,12,剛爆發,True
AMZN,Consumer Discretionary,Amazon,2025-03-24,192.72,-9.21,-13.87,2.53,-4.51,0.333,27,33,18,27.0,,,,,,,,,,,,,,,,,,,,,,,21,29,29,,29,吃老本,False
CCL,Consumer Discretionary,Carnival Corporation,2025-03-24,19.66,-16.97,-20.77,7.17,-5.85,0.333,40,42,13,35.2,485.06,93.99,False,False,23.51,10.17,1.027,False,28.41,-30.81,-5.11,-16.97,8.0,12.0,29866050.0,29068333.0,0.667,18880900.0,26487580.0,28982613.0,0.651,65.76,22,26,19,23.0,24,,True
WSM,Consumer Discretionary,"Williams-Sonoma, Inc.",2025-03-24,155.42,-18.3,-14.3,3.71,-6.29,0.333,42,35,17,34.9,,,,,,,,,,,,,,,,,,,,,,,23,29,29,,29,吃老本,False
HAS,Consumer Discretionary,Hasbro,2025-03-24,58.02,-5.93,8.02,-14.08,-6.52,0.333,17,5,34,16.8,33.13,34.06,False,False,58.15,5.2,1.148,False,68.8,-15.67,0.03,-5.93,9.0,11.0,2038588.0,1775445.0,0.818,887400.0,1841960.0,1895840.0,0.468,78.82,24,12,27,19.8,21,剛爆發,True
HLT,Consumer Discretionary,Hilton Worldwide,2025-03-24,225.11,-14.81,-9.64,-3.58,-7.9,0.0,34,27,24,29.9,,,,,,,,,,,,,,,,,,,,,,,25,29,29,,29,,False
GPC,Consumer Discretionary,Genuine Parts Company,2025-03-24,113.44,-4.35,2.13,-14.75,-7.93,0.333,13,13,35,17.4,3.6,-22.51,False,False,115.2,6.18,0.831,False,152.73,-25.73,-0.26,-4.35,11.0,9.0,1490854.0,1793777.0,1.222,1016000.0,1704470.0,1671560.0,0.608,80.16,26,11,22,19.2,19,剛爆發,True
ABNB,Consumer Discretionary,Airbnb,2025-03-24,120.69,-13.09,-9.52,-5.89,-8.6,0.0,32,26,27,29.2,,,,,,,,,,,,,,,,,,,,,,,27,29,29,,29,,False
LULU,Consumer Discretionary,Lululemon Athletica,2025-03-24,293.06,-19.84,-24.21,4.66,-8.68,0.333,44,43,16,38.1,,,,,,,,,,,,,,,,,,,,,,,28,29,29,,29,,False
HD,Consumer Discretionary,Home Depot (The),2025-03-24,346.72,-9.12,-8.26,-9.31,-9.0,0.0,26,24,30,26.2,,,,,,,,,,,,,,,,,,,,,,,29,29,29,,29,,False
ULTA,Consumer Discretionary,Ulta Beauty,2025-03-24,359.47,-1.88,-18.7,-11.02,-10.66,0.0,11,41,31,24.0,18.42,13.63,False,False,374.63,10.92,1.054,False,531.11,-32.32,2.54,-1.88,8.0,12.0,1336912.0,1268350.0,0.667,1053400.0,1145010.0,1434293.0,0.734,78.33,30,13,17,20.6,22,剛爆發,True
LOW,Consumer Discretionary,Lowe's,2025-03-24,221.47,-8.13,-7.62,-13.76,-10.82,0.0,24,22,33,25.2,,,,,,,,,,,,,,,,,,,,,,,31,29,29,,29,,False
APTV,Consumer Discretionary,Aptiv,2025-03-24,60.59,-6.96,0.41,-18.39,-10.83,0.333,19,14,38,21.3,6.25,9.99,False,False,63.93,8.93,0.709,False,85.56,-29.18,-2.98,-6.96,9.0,11.0,3426977.0,4831809.0,0.818,4530900.0,4328830.0,4182166.0,1.083,69.32,32,22,2,22.0,23,剛爆發,True
MAR,Consumer Discretionary,Marriott International,2025-03-24,234.33,-15.49,-16.26,-5.91,-10.89,0.0,37,36,28,34.9,,,,,,,,,,,,,,,,,,,,,,,33,29,29,,29,,False
WYNN,Consumer Discretionary,Wynn Resorts,2025-03-24,81.37,-7.83,-6.9,-15.2,-11.28,0.0,22,20,36,24.2,,,,,,,,,,,,,,,,,,,,,,,34,29,29,,29,,False
TSLA,Consumer Discretionary,"Tesla, Inc.",2025-03-24,263.55,-10.05,-38.95,1.19,-11.65,0.333,28,46,22,32.2,,,,,,,,,,,,,,,,,,,,,,,35,29,29,,29,剛爆發,False
CMG,Consumer Discretionary,Chipotle Mexican Grill,2025-03-24,49.91,-7.52,-17.88,-12.96,-12.83,0.0,21,40,32,28.9,,,,,,,,,,,,,,,,,,,,,,,36,29,29,,29,剛爆發,False
NCLH,Consumer Discretionary,Norwegian Cruise Line Holdings,2025-03-24,19.15,-15.71,-25.63,-8.59,-14.63,0.0,39,44,29,38.5,,,,,,,,,,,,,,,,,,,,,,,37,29,29,,29,剛爆發,False
ROST,Consumer Discretionary,Ross Stores,2025-03-24,123.94,-10.33,-17.74,-16.78,-15.41,0.0,29,39,37,33.6,,,,,,,,,,,,,,,,,,,,,,,38,29,29,,29,剛爆發,False
PHM,Consumer Discretionary,PulteGroup,2025-03-24,100.72,-1.28,-6.91,-28.65,-16.37,0.0,10,21,44,20.1,35.51,5.48,False,False,106.48,6.87,0.916,False,147.38,-31.66,-0.95,-1.28,8.0,12.0,2292600.0,2503125.0,0.667,1413000.0,2348440.0,2331386.0,0.606,74.88,39,18,23,27.4,28,剛爆發,True
NVR,Consumer Discretionary,"NVR, Inc.",2025-03-24,7181.68,-0.88,-12.51,-26.22,-16.46,0.0,9,30,41,21.7,8.18,-0.38,False,False,7538.41,4.07,1.027,False,9964.77,-27.93,-0.04,-0.88,8.0,12.0,27987.0,27250.0,0.667,19500.0,24710.0,26426.0,0.738,77.43,40,16,16,25.6,26,剛爆發,True
MGM,Consumer Discretionary,MGM Resorts,2025-03-24,30.36,-12.66,-12.68,-23.37,-18.02,0.0,31,31,39,32.6,,,,,,,,,,,,,,,,,,,,,,,41,29,29,,29,剛爆發,False
DHI,Consumer Discretionary,D. R. Horton,2025-03-24,124.15,-0.65,-9.92,-33.46,-19.37,0.0,8,28,46,21.6,10.81,-5.83,False,False,131.16,6.62,0.893,False,195.88,-36.62,-2.21,-0.65,11.0,9.0,3478336.0,3895588.0,1.222,2048400.0,3203960.0,3330126.0,0.615,82.69,42,8,21,24.2,25,剛爆發,True
LVS,Consumer Discretionary,Las Vegas Sands,2025-03-24,37.19,-14.61,-25.95,-24.58,-22.43,0.0,33,45,40,38.0,,,,,,,,,,,,,,,,,,,,,,,43,29,29,,29,剛爆發,False
BBY,Consumer Discretionary,Best Buy,2025-03-24,67.68,-18.39,-16.65,-27.48,-22.5,0.0,43,37,42,41.0,,,,,,,,,,,,,,,,,,,,,,,44,29,29,,29,剛爆發,False
LEN,Consumer Discretionary,Lennar,2025-03-24,110.68,-4.76,-13.9,-36.67,-23.0,0.0,15,34,47,27.1,24.86,-2.29,False,False,120.59,9.81,0.682,False,181.09,-38.88,-1.12,-4.76,11.0,9.0,2780981.0,4075188.0,1.222,3553800.0,3710910.0,3555706.0,0.999,76.97,45,17,6,26.0,27,剛爆發,True
NKE,Consumer Discretionary,"Nike, Inc.",2025-03-24,61.19,-19.92,-16.76,-28.52,-23.43,0.0,45,38,43,42.5,,,,,,,,,,,,,,,,,,,,,,,46,29,29,,29,剛爆發,False
DECK,Consumer Discretionary,Deckers Brands,2025-03-24,111.56,-19.95,-46.13,-30.02,-31.53,0.0,46,47,45,46.1,,,,,,,,,,,,,,,,,,,,,,,47,29,29,,29,剛爆發,False
PM,Consumer Staples,Philip Morris International,2025-03-24,148.62,0.8,28.88,31.21,23.03,1.0,16,1,1,8.5,3.42,4.9,False,True,138.06,3.92,0.694,False,151.45,-1.87,2.43,0.8,11.0,9.0,5085900.0,7326200.0,1.222,4333600.0,5803540.0,6176813.0,0.702,81.94,1,17,15,10.2,9,吃老本,True
MO,Consumer Staples,Altria,2025-03-24,53.53,5.99,13.02,18.21,13.86,1.0,3,5,3,3.6,0.85,2.25,False,True,49.83,4.36,0.811,False,53.95,-0.79,2.77,5.99,11.0,9.0,10310845.0,12719611.0,1.222,10396600.0,11725110.0,11407600.0,0.911,87.22,2,10,7,6.2,5,吃老本,True
KR,Consumer Staples,Kroger,2025-03-24,65.04,2.93,7.55,19.27,12.26,1.0,11,10,2,8.9,2.48,0.23,False,True,62.18,4.52,1.144,False,66.79,-2.61,2.02,2.93,10.0,9.0,7765300.0,6788544.0,1.111,6363800.0,5655140.0,6319306.0,1.007,89.25,3,8,4,5.2,3,,True
CASY,Consumer Staples,Casey's,2025-03-24,429.56,4.29,7.06,16.01,10.84,1.0,9,11,4,8.6,11.58,13.47,False,True,410.09,12.32,1.158,False,442.66,-2.96,6.93,4.29,12.0,8.0,421741.0,364162.0,1.5,326000.0,379500.0,435213.0,0.749,98.12,4,3,14,5.6,4,,True
MNST,Consumer Staples,Monster Beverage,2025-03-24,57.86,5.87,10.1,10.29,9.14,1.0,4,7,5,5.1,-5.49,-6.45,False,True,52.19,7.2,1.012,False,60.55,-4.44,0.96,5.87,13.0,7.0,5897100.0,5829614.0,1.857,4464800.0,5148360.0,5406466.0,0.826,99.47,5,2,10,4.8,1,,True
DG,Consumer Staples,Dollar General,2025-03-24,83.42,16.07,14.34,0.08,7.64,1.0,1,2,13,3.7,11.63,-5.14,False,True,73.67,11.72,1.148,False,155.38,-46.31,2.92,16.07,12.0,8.0,4878375.0,4251237.0,1.5,3901900.0,4198820.0,4823380.0,0.809,100.0,6,1,11,5.0,2,,True
TSN,Consumer Staples,Tyson Foods,2025-03-24,59.74,1.68,8.48,6.18,5.63,1.0,13,8,8,10.5,29.91,33.64,False,True,56.32,5.0,1.157,False,63.04,-5.24,3.21,1.68,9.0,11.0,2676055.0,2313736.0,0.818,1339500.0,2442690.0,2594126.0,0.516,84.8,7,14,23,13.0,13,吃老本,True
TAP,Consumer Staples,Molson Coors Beverage Company,2025-03-24,57.52,-1.24,5.49,8.1,5.11,0.667,22,15,6,16.7,15.31,7.92,False,True,54.89,6.07,0.858,False,63.7,-9.71,2.78,-1.24,8.0,11.0,2286650.0,2666227.0,0.727,1594300.0,2626830.0,2539760.0,0.628,76.29,8,22,18,15.6,17,吃老本,True
KVUE,Consumer Staples,Kenvue,2025-03-24,22.45,0.42,11.17,3.8,4.8,1.0,17,6,11,12.5,1.49,2.98,False,True,21.06,4.2,0.747,False,23.08,-2.71,1.67,0.42,11.0,9.0,13487363.0,18066144.0,1.222,14401300.0,16054360.0,16078926.0,0.896,82.32,9,16,8,11.6,11,吃老本,True
KO,Consumer Staples,Coca-Cola Company (The),2025-03-24,67.95,-0.45,13.51,-0.51,3.01,0.333,21,3,14,14.2,6.38,3.18,False,True,64.94,4.51,0.839,False,70.18,-3.18,2.48,-0.45,10.0,10.0,18190830.0,21693570.0,1.0,17412900.0,17549100.0,18512906.0,0.941,80.39,10,20,5,13.0,13,吃老本,True
CHD,Consumer Staples,Church & Dwight,2025-03-24,107.36,-1.88,3.28,5.09,2.89,0.667,25,16,10,19.3,0.42,15.86,False,True,105.83,5.59,1.059,False,114.59,-6.31,1.83,-1.88,11.0,9.0,1579000.0,1490633.0,1.222,1138400.0,1405250.0,1499720.0,0.759,86.47,11,11,13,11.4,10,,True
KMB,Consumer Staples,Kimberly-Clark,2025-03-24,132.89,-0.03,7.71,0.48,2.16,0.667,18,9,12,14.1,-0.94,7.22,False,True,127.69,4.75,0.769,False,142.09,-6.47,1.47,-0.03,11.0,9.0,1967390.0,2556833.0,1.222,1227300.0,2222720.0,2210453.0,0.555,82.37,12,15,21,15.0,16,,False
SJM,Consumer Staples,J.M. Smucker Company (The),2025-03-24,110.58,5.24,6.24,-2.04,1.85,0.667,6,13,18,10.5,10.34,10.17,False,True,102.47,8.11,1.185,False,118.01,-6.29,6.03,5.24,9.0,11.0,1537166.0,1296890.0,0.818,1224000.0,1331550.0,1337020.0,0.915,88.57,13,9,6,10.0,8,,True
MDLZ,Consumer Staples,Mondelez International,2025-03-24,64.54,5.43,13.37,-7.42,0.99,0.667,5,4,21,7.9,-0.54,16.57,False,True,59.28,7.5,1.363,False,71.46,-9.68,4.98,5.43,11.0,9.0,11495754.0,8431600.0,1.222,11578500.0,9738220.0,9776113.0,1.184,97.44,14,4,3,7.8,6,剛爆發,False
MKC,Consumer Staples,McCormick & Company,2025-03-24,77.98,-1.39,6.34,-1.05,0.71,0.333,23,12,16,18.3,-6.85,4.3,False,True,75.79,7.56,0.969,False,82.55,-5.54,1.61,-1.39,9.0,11.0,2610222.0,2694600.0,0.818,2176100.0,2672610.0,2738906.0,0.795,79.03,15,21,12,16.8,18,吃老本,False
COST,Consumer Staples,Costco,2025-03-24,921.79,-11.34,-0.96,5.23,-0.46,0.333,32,21,9,24.1,-1.85,6.43,False,False,976.38,6.42,0.79,False,1069.1,-13.78,2.24,-11.34,8.0,12.0,2259412.0,2860600.0,0.667,2100500.0,2080930.0,2495953.0,0.842,67.91,16,25,9,18.2,20,吃老本,False
HRL,Consumer Staples,Hormel Foods,2025-03-24,28.3,6.04,-3.75,-2.47,-0.66,0.333,2,25,19,12.3,-6.61,-1.16,False,True,27.54,6.05,1.082,False,33.41,-15.3,1.27,6.04,11.0,9.0,3282790.0,3032677.0,1.222,2168300.0,3515140.0,3342686.0,0.649,91.41,17,6,16,12.4,12,剛爆發,False
DLTR,Consumer Staples,Dollar Tree,2025-03-24,72.75,-0.15,-4.26,-0.51,-1.36,0.0,19,26,14,20.1,4.15,4.15,False,True,71.16,22.27,1.871,False,137.14,-46.95,8.99,-0.15,8.0,12.0,7456600.0,3985050.0,0.667,9102700.0,6855970.0,5868446.0,1.551,96.25,18,5,1,9.4,7,剛爆發,True
WMT,Consumer Staples,Walmart,2025-03-24,84.24,-13.41,-6.85,7.26,-1.43,0.333,33,29,7,26.6,2.04,8.84,False,False,93.15,3.7,0.942,False,103.89,-18.91,-0.97,-13.41,8.0,12.0,24087850.0,25571025.0,0.667,14790600.0,21829880.0,25496346.0,0.58,68.05,19,24,20,21.2,22,,True
PG,Consumer Staples,Procter & Gamble,2025-03-24,161.12,-3.34,-0.28,-2.02,-1.91,0.0,29,20,17,23.9,,,,,,,,,,,,,,,,,,,,,,,20,26,26,,26,吃老本,False
KDP,Consumer Staples,Keurig Dr Pepper,2025-03-24,32.41,1.34,6.03,-8.56,-2.44,0.667,15,14,22,16.1,1.54,0.79,False,True,31.22,4.24,1.099,False,36.04,-10.07,1.25,1.34,10.0,10.0,14619670.0,13304360.0,1.0,17025400.0,13866920.0,14095766.0,1.208,85.53,21,13,2,14.0,15,剛爆發,True
SYY,Consumer Staples,Sysco,2025-03-24,71.07,-1.91,-3.05,-3.29,-2.88,0.0,27,24,20,24.7,,,,,,,,,,,,,,,,,,,,,,,22,26,26,,26,,False
CL,Consumer Staples,Colgate-Palmolive,2025-03-24,89.52,1.81,1.67,-9.5,-3.88,0.667,12,17,24,15.9,2.32,2.87,False,True,86.52,5.34,1.156,False,104.29,-14.17,2.79,1.81,11.0,9.0,6170481.0,5336044.0,1.222,2825800.0,5229610.0,5787473.0,0.488,90.77,23,7,24,16.8,18,剛爆發,True
HSY,Consumer Staples,Hershey Company (The),2025-03-24,163.54,-1.65,-0.26,-10.68,-5.82,0.0,24,19,26,22.9,,,,,,,,,,,,,,,,,,,,,,,24,26,26,,26,,False
PEP,Consumer Staples,PepsiCo,2025-03-24,142.03,-1.88,-1.5,-10.66,-6.18,0.0,25,23,25,24.4,,,,,,,,,,,,,,,,,,,,,,,25,26,26,,26,,False
KHC,Consumer Staples,Kraft Heinz,2025-03-24,27.92,-0.25,-0.16,-12.3,-6.25,0.0,20,18,27,20.8,,,,,,,,,,,,,,,,,,,,,,,26,26,26,,26,,False
CLX,Consumer Staples,Clorox,2025-03-24,138.77,-6.46,-9.57,-9.1,-8.56,0.0,30,30,23,28.6,,,,,,,,,,,,,,,,,,,,,,,27,26,26,,26,,False
BG,Consumer Staples,Bunge Global,2025-03-24,73.7,3.02,-1.15,-20.44,-9.75,0.333,10,22,30,17.6,-5.35,6.58,False,True,71.09,7.05,0.563,False,108.15,-31.86,4.34,3.02,12.0,8.0,1493108.0,2652037.0,1.5,1219500.0,2282630.0,2035786.0,0.599,85.9,28,12,19,19.8,21,剛爆發,False
ADM,Consumer Staples,Archer Daniels Midland,2025-03-24,45.94,1.42,-4.3,-18.56,-10.0,0.333,14,27,28,20.7,-0.75,-0.02,False,True,45.82,6.76,0.546,False,61.6,-25.42,3.84,1.42,8.0,12.0,4291450.0,7857183.0,0.667,2077400.0,8755540.0,7300380.0,0.285,71.95,29,23,25,25.8,25,剛爆發,False
GIS,Consumer Staples,General Mills,2025-03-24,54.42,-2.49,-6.65,-19.07,-11.82,0.0,28,28,29,28.2,,,,,,,,,,,,,,,,,,,,,,,30,26,26,,26,,False
BF-B,Consumer Staples,Brown–Forman,2025-03-24,33.02,4.62,-10.77,-27.98,-15.53,0.333,8,31,31,19.5,23.36,12.24,False,True,31.9,7.69,0.96,False,49.47,-33.25,-0.66,4.62,9.0,11.0,3591944.0,3741054.0,0.818,2084700.0,2984250.0,3278073.0,0.636,81.58,31,19,17,23.4,23,剛爆發,True
STZ,Consumer Staples,Constellation Brands,2025-03-24,176.51,4.7,-17.01,-28.17,-17.16,0.333,7,33,32,19.8,-1.92,6.03,False,True,170.32,5.68,1.006,False,259.26,-31.92,3.56,4.7,8.0,12.0,2506637.0,2490658.0,0.667,1232900.0,2201420.0,2267973.0,0.544,81.85,32,18,22,24.4,24,剛爆發,False
EL,Consumer Staples,Estée Lauder Companies (The),2025-03-24,64.15,-9.03,-11.91,-33.87,-22.17,0.0,31,32,34,31.9,,,,,,,,,,,,,,,,,,,,,,,33,26,26,,26,剛爆發,False
TGT,Consumer Staples,Target Corporation,2025-03-24,98.18,-16.57,-22.85,-32.15,-25.93,0.0,34,34,33,33.8,,,,,,,,,,,,,,,,,,,,,,,34,26,26,,26,剛爆發,False
EQT,Energy,EQT Corporation,2025-03-24,52.24,10.05,19.96,46.16,30.58,1.0,2,1,2,1.7,31.27,77.17,False,True,50.59,9.13,0.907,False,55.84,-6.44,0.25,10.05,14.0,6.0,7521542.0,8289666.0,2.333,4971100.0,6918630.0,6856053.0,0.725,100.0,1,1,6,2.0,1,,True
TPL,Energy,Texas Pacific Land Corporation,2025-03-24,431.91,-8.46,14.15,47.5,25.18,0.667,21,5,1,12.2,-7.11,14.52,False,False,446.02,14.88,0.791,False,583.96,-26.04,2.56,-8.46,10.0,10.0,360300.0,455640.0,1.0,309300.0,402570.0,394140.0,0.785,74.79,2,14,3,7.0,4,吃老本,False
EXE,Energy,Expand Energy,2025-03-24,106.94,12.85,15.5,35.91,25.04,1.0,1,4,3,2.3,17.54,371.42,False,True,100.0,8.49,0.323,False,107.17,-0.21,3.34,12.85,15.0,5.0,4497280.0,13942580.0,3.0,3031200.0,9587440.0,7683140.0,0.395,100.0,3,1,19,5.4,2,,True
TRGP,Energy,Targa Resources,2025-03-24,191.42,-1.93,11.94,35.86,20.43,0.667,16,6,4,10.6,-0.65,19.13,False,False,192.92,9.34,0.776,False,210.67,-9.14,0.21,-1.93,8.0,12.0,1490050.0,1919875.0,0.667,1306900.0,1361980.0,1573486.0,0.831,72.51,4,18,2,9.2,7,吃老本,False
WMB,Energy,Williams Companies,2025-03-24,56.89,2.65,10.72,33.39,20.04,1.0,7,10,5,7.5,4.11,3.51,False,True,54.73,7.73,0.761,False,59.28,-4.02,-0.69,2.65,8.0,12.0,6421700.0,8436325.0,0.667,5451600.0,7000730.0,7123506.0,0.765,74.64,5,15,5,9.0,6,吃老本,True
KMI,Energy,Kinder Morgan,2025-03-24,26.95,4.69,5.48,33.12,19.1,1.0,5,16,6,8.5,-2.69,-5.33,False,True,26.1,7.67,0.833,False,29.59,-8.92,1.58,4.69,11.0,8.0,11203127.0,13442375.0,1.375,8357100.0,11491340.0,11566433.0,0.723,88.65,6,7,7,6.6,3,,True
CVX,Energy,Chevron Corporation,2025-03-24,157.49,4.71,16.62,16.6,13.63,1.0,4,3,8,4.5,-2.28,3.86,False,True,148.42,7.42,0.886,False,160.22,-1.7,0.81,4.71,12.0,8.0,8940808.0,10095262.0,1.5,4923000.0,9737900.0,9666673.0,0.509,91.15,7,6,18,8.8,5,,False
BKR,Energy,Baker Hughes,2025-03-24,42.08,-3.39,6.1,20.32,10.84,0.667,17,14,7,14.1,11.85,10.38,False,False,43.7,5.91,0.839,False,48.02,-12.37,-2.34,-3.39,9.0,11.0,7205822.0,8587145.0,0.818,4460100.0,7548950.0,7500040.0,0.595,73.99,8,16,12,12.0,13,吃老本,True
XOM,Energy,ExxonMobil,2025-03-24,113.05,5.75,11.55,3.4,6.03,1.0,3,8,11,6.1,7.87,2.6,False,True,106.08,6.42,0.869,False,119.26,-5.21,1.93,5.75,10.0,10.0,16926910.0,19472370.0,1.0,10233400.0,17393040.0,17619573.0,0.581,84.43,9,9,14,10.0,9,,True
OKE,Energy,Oneok,2025-03-24,92.18,-1.9,-1.28,11.44,4.92,0.333,15,19,9,15.0,6.19,-3.79,False,True,92.01,7.46,0.896,False,109.34,-15.7,-0.87,-1.9,10.0,10.0,3693520.0,4120320.0,1.0,2167800.0,3459960.0,3786120.0,0.573,79.2,10,13,15,12.2,14,,True
EOG,Energy,EOG Resources,2025-03-24,120.23,-0.28,5.89,4.87,3.84,0.667,14,15,10,13.5,6.79,4.19,False,False,121.95,6.77,1.165,False,130.94,-8.17,1.13,-0.28,9.0,11.0,4555977.0,3910309.0,0.818,2354300.0,3804030.0,3724453.0,0.632,82.95,11,11,10,10.8,11,,True
SLB,Energy,Schlumberger,2025-03-24,40.43,0.53,11.57,0.35,3.2,1.0,11,7,12,10.0,2.01,0.63,False,True,39.77,6.61,0.601,False,52.37,-22.81,2.17,0.53,9.0,11.0,13131566.0,21857854.0,0.818,12888600.0,20370680.0,18426006.0,0.699,73.97,12,17,9,13.4,18,,True
DVN,Energy,Devon Energy,2025-03-24,35.58,2.22,18.66,-4.36,3.04,0.667,8,2,16,7.8,15.69,0.39,False,True,34.14,8.85,0.809,False,51.62,-31.08,1.69,2.22,13.0,7.0,8325753.0,10294800.0,1.857,4324400.0,7376610.0,7925700.0,0.546,94.02,13,5,17,10.6,10,剛爆發,True
COP,Energy,ConocoPhillips,2025-03-24,98.25,3.25,6.48,-0.76,2.05,0.667,6,13,13,9.5,7.92,8.49,False,True,94.85,6.03,0.598,False,126.08,-22.07,0.44,3.25,12.0,8.0,9146316.0,15287912.0,1.5,3745400.0,12029600.0,11736973.0,0.319,85.09,14,8,20,12.8,15,剛爆發,True
VLO,Energy,Valero Energy,2025-03-24,126.63,0.57,10.85,-1.77,1.97,0.667,10,9,14,10.5,970.77,16.08,False,False,128.44,6.24,0.849,False,172.85,-26.74,-0.02,0.57,11.0,9.0,3401909.0,4006266.0,1.222,1932300.0,3476480.0,3453126.0,0.56,83.53,15,10,16,13.2,17,,True
OXY,Energy,Occidental Petroleum,2025-03-24,47.58,0.49,1.07,-3.39,-1.3,0.667,12,17,15,14.1,19.42,33.24,False,True,46.94,8.19,0.806,False,68.15,-30.19,1.86,0.49,10.0,9.0,11374250.0,14108277.0,1.111,7897800.0,11255250.0,11257186.0,0.702,81.81,16,12,8,12.8,15,,True
PSX,Energy,Phillips 66,2025-03-24,116.6,-6.11,9.12,-5.42,-1.96,0.333,20,11,17,16.7,32.18,22.54,False,False,118.75,7.09,0.862,False,161.13,-27.64,-2.97,-6.11,8.0,12.0,3124187.0,3622825.0,0.667,2433200.0,2772090.0,3157666.0,0.771,70.23,17,20,4,15.6,19,,True
FANG,Energy,Diamondback Energy,2025-03-24,152.52,-0.19,0.2,-6.56,-3.28,0.333,13,18,18,15.5,7.54,-13.86,False,False,153.3,9.38,0.947,False,202.74,-24.77,-0.61,-0.19,13.0,7.0,2893438.0,3054385.0,1.857,1635700.0,2699750.0,2703113.0,0.605,94.08,18,4,11,11.0,12,剛爆發,True
MPC,Energy,Marathon Petroleum,2025-03-24,140.54,-4.05,6.82,-10.93,-4.77,0.333,18,12,19,16.4,3730.85,71.91,False,False,144.63,8.26,0.88,False,211.15,-33.44,-3.91,-4.05,8.0,12.0,2711775.0,3082691.0,0.667,1689100.0,3106440.0,2842253.0,0.594,71.4,19,19,13,17.8,20,,True
APA,Energy,APA Corporation,2025-03-24,19.62,1.06,-4.29,-12.94,-7.28,0.333,9,20,21,14.7,-16.68,1.46,False,False,20.27,8.64,0.775,False,32.61,-39.83,1.5,1.06,14.0,6.0,7197457.0,9289933.0,2.333,6917500.0,6656750.0,6834446.0,1.012,99.8,20,3,1,9.4,8,剛爆發,False
HAL,Energy,Halliburton,2025-03-24,24.3,-4.26,-5.76,-11.4,-8.2,0.0,19,21,20,19.8,,,,,,,,,,,,,,,,,,,,,,,21,21,21,,21,,False
HOOD,Financials,Robinhood Markets,2025-03-24,41.92,-16.33,7.43,75.47,35.51,0.667,74,17,1,42.3,99.1,0.38,False,False,48.78,25.06,0.931,False,66.91,-37.35,-5.5,-16.33,9.0,11.0,48670055.0,52297554.0,0.818,44330400.0,47467630.0,51343213.0,0.863,66.56,1,30,17,15.8,15,吃老本,True
WRB,Financials,W. R. Berkley Corporation,2025-03-24,68.79,13.13,21.01,27.5,22.28,1.0,1,1,3,1.4,18.49,-5.45,False,True,59.51,20.65,1.063,False,73.73,-6.69,12.7,13.13,13.0,7.0,1951076.0,1835157.0,1.857,8170400.0,2380440.0,2120086.0,3.854,100.0,2,1,1,1.4,1,,True
GL,Financials,Globe Life,2025-03-24,128.18,1.84,18.77,24.85,17.58,1.0,15,4,5,9.7,0.66,14.17,False,True,122.34,5.8,0.932,False,130.36,-1.67,2.32,1.84,12.0,8.0,708866.0,760762.0,1.5,422800.0,732760.0,729520.0,0.58,90.84,3,5,28,8.8,5,,True
CME,Financials,CME Group,2025-03-24,251.25,3.84,12.86,24.31,16.33,1.0,7,11,6,8.0,3.05,0.96,False,True,238.17,3.52,0.831,False,256.7,-2.12,-0.43,3.84,10.0,10.0,2625660.0,3160860.0,1.0,1736100.0,2758600.0,3040893.0,0.571,81.67,4,18,29,14.6,13,吃老本,True
AJG,Financials,Arthur J. Gallagher & Co.,2025-03-24,336.3,1.09,19.15,22.42,16.27,1.0,19,3,7,11.8,4.98,-0.58,False,True,316.53,6.45,0.711,False,340.26,-1.16,2.7,1.09,9.0,11.0,1347433.0,1895036.0,0.818,1362700.0,1443950.0,1523806.0,0.894,76.45,5,22,15,13.8,11,吃老本,True
BRO,Financials,Brown & Brown,2025-03-24,121.68,3.7,19.65,20.09,15.88,1.0,9,2,10,7.1,12.09,3.8,False,True,112.04,4.97,0.785,False,121.98,-0.25,3.72,3.7,12.0,8.0,1716366.0,2187312.0,1.5,1650500.0,1580240.0,1770840.0,0.932,89.94,6,9,12,8.4,4,,True
V,Financials,Visa Inc.,2025-03-24,339.6,-5.48,7.77,25.04,13.1,0.667,33,16,4,22.1,3.34,5.24,False,True,339.47,6.41,0.747,False,363.06,-6.46,2.14,-5.48,10.0,10.0,6511260.0,8714930.0,1.0,5687600.0,7099080.0,7399500.0,0.769,75.65,7,23,21,16.2,16,吃老本,True
BRK-B,Financials,Berkshire Hathaway,2025-03-24,526.31,2.43,15.29,15.05,11.95,1.0,12,7,18,11.7,60.69,-11.34,False,True,491.62,4.63,0.931,False,537.63,-2.11,0.84,2.43,12.0,8.0,4908741.0,5270987.0,1.5,5321400.0,5091500.0,5152413.0,1.033,90.59,8,6,5,6.6,2,,True
AIG,Financials,American International Group,2025-03-24,81.24,1.31,15.1,15.2,11.7,1.0,17,8,17,14.3,5.97,-45.24,False,True,76.02,3.12,0.798,False,82.69,-1.75,0.53,1.31,11.0,9.0,5472745.0,6854922.0,1.222,5574900.0,6491490.0,6224406.0,0.896,83.3,9,17,14,13.2,8,吃老本,True
WFC,Financials,Wells Fargo,2025-03-24,68.79,-9.74,-0.1,27.81,11.45,0.333,51,34,2,36.1,5.46,18.08,False,False,73.63,7.49,0.985,False,79.12,-13.05,-2.52,-9.74,7.0,12.0,16457357.0,16714716.0,0.583,13555200.0,13682460.0,16027620.0,0.846,69.13,10,28,18,18.8,20,吃老本,True
SCHW,Financials,Charles Schwab Corporation,2025-03-24,76.59,-2.16,4.45,21.6,11.37,0.667,25,24,8,21.3,10.46,2.61,False,False,78.07,6.33,0.951,False,82.9,-7.61,-0.74,-2.16,8.0,12.0,9874087.0,10381316.0,0.667,6457300.0,7631280.0,9655920.0,0.669,75.05,11,24,24,18.8,20,吃老本,True
PGR,Financials,Progressive Corporation,2025-03-24,261.65,-1.11,17.93,13.24,10.82,0.667,24,5,22,17.9,14.63,-2.3,False,True,248.62,9.24,0.797,False,274.91,-4.82,2.2,-1.11,10.0,10.0,3103480.0,3892520.0,1.0,4346900.0,4038300.0,3736340.0,1.163,79.16,12,20,3,13.4,9,吃老本,True
L,Financials,Loews Corporation,2025-03-24,90.36,4.58,7.12,15.05,10.45,1.0,3,19,18,10.8,52.52,-67.52,False,True,85.55,6.86,0.728,False,91.84,-1.62,3.89,4.58,12.0,8.0,728641.0,1000650.0,1.5,567700.0,918670.0,875433.0,0.648,89.55,13,10,25,14.2,12,,True
CBOE,Financials,Cboe Global Markets,2025-03-24,221.05,5.64,13.25,10.56,10.0,1.0,2,10,28,9.6,-0.88,1.29,False,True,207.76,4.97,0.763,False,221.88,-0.37,3.68,5.64,12.0,7.0,783866.0,1027200.0,1.714,891300.0,802610.0,866180.0,1.029,93.92,14,3,6,8.0,3,剛爆發,False
ICE,Financials,Intercontinental Exchange,2025-03-24,172.04,1.14,16.55,10.77,9.81,1.0,18,6,26,16.0,1.98,-0.06,False,True,163.86,4.2,0.794,False,174.74,-1.54,0.18,1.14,13.0,7.0,2990615.0,3767942.0,1.857,3199200.0,3003150.0,3246526.0,0.985,92.5,15,4,8,9.2,6,剛爆發,True
FISV,Financials,Fiserv,2025-03-24,216.13,-8.3,3.93,21.16,9.49,0.667,45,25,9,31.8,1.18,1.6,False,False,221.5,4.98,0.742,False,238.59,-9.41,-0.9,-8.3,8.0,12.0,2638337.0,3557183.0,0.667,2499700.0,2555370.0,3033140.0,0.824,67.64,16,29,19,21.8,23,吃老本,True
WTW,Financials,Willis Towers Watson,2025-03-24,331.09,-0.73,6.89,15.74,9.41,0.667,21,22,15,20.1,1.2,7.73,False,True,322.45,5.55,0.874,False,337.95,-2.03,1.34,-0.73,11.0,8.0,541263.0,619562.0,1.375,524400.0,562820.0,572886.0,0.915,86.01,17,13,13,14.6,13,,True
TRV,Financials,Travelers Companies (The),2025-03-24,256.63,1.69,8.89,11.8,8.54,1.0,16,14,24,17.0,38.54,50.41,False,True,244.99,3.97,0.775,False,262.08,-2.08,1.98,1.69,11.0,9.0,1301163.0,1679344.0,1.222,1185400.0,1628590.0,1568633.0,0.756,83.7,18,15,22,17.6,18,,True
MRSH,Financials,Marsh McLennan,2025-03-24,235.7,1.91,13.97,9.04,8.49,1.0,14,9,33,16.3,6.03,0.79,False,True,222.93,5.75,0.859,False,237.16,-0.62,4.34,1.91,12.0,8.0,1850533.0,2155337.0,1.5,2431100.0,1997660.0,1991973.0,1.22,90.41,19,8,2,11.2,7,剛爆發,True
AON,Financials,Aon plc,2025-03-24,391.86,-3.56,9.68,13.9,8.48,0.667,28,13,21,22.1,3.95,9.97,False,True,385.6,3.9,0.842,False,410.16,-4.46,1.08,-3.56,10.0,10.0,1208660.0,1435320.0,1.0,1142300.0,1209550.0,1279913.0,0.892,78.03,20,21,16,19.6,22,,True
BNY,Financials,BNY Mellon,2025-03-24,80.36,-7.02,7.21,16.71,8.4,0.667,38,18,13,27.0,9.81,6.88,False,False,82.74,5.52,0.815,False,87.78,-8.45,-1.01,-7.02,9.0,11.0,4032388.0,4949172.0,0.818,2643600.0,3907570.0,4458240.0,0.593,71.92,21,25,26,23.6,25,,True
ALL,Financials,Allstate,2025-03-24,201.4,4.18,7.06,10.64,8.13,1.0,4,21,27,13.7,14.96,128.05,False,True,190.4,4.87,0.888,False,207.71,-3.03,-0.01,4.18,12.0,8.0,2003775.0,2257225.0,1.5,2113400.0,1976490.0,2186553.0,0.967,90.54,22,7,9,13.4,9,剛爆發,True
HIG,Financials,Hartford (The),2025-03-24,119.64,3.79,11.49,5.57,6.6,1.0,8,12,37,15.0,11.23,-0.03,False,True,112.78,4.95,0.861,False,121.58,-1.59,2.49,3.79,11.0,8.0,1651736.0,1917550.0,1.375,1324800.0,1815580.0,1705193.0,0.777,88.97,23,11,20,17.6,18,剛爆發,True
JPM,Financials,JPMorgan Chase,2025-03-24,235.7,-8.24,1.22,16.67,6.58,0.667,43,31,14,33.6,19.18,9.63,False,False,249.56,9.96,0.806,False,272.0,-13.35,0.5,-8.24,8.0,12.0,10989037.0,13638883.0,0.667,11978400.0,10919750.0,12714113.0,0.942,69.36,24,26,10,22.0,24,,True
CPAY,Financials,Corpay,2025-03-24,346.69,-5.55,1.6,11.39,4.71,0.667,34,29,25,30.7,,,,,,,,,,,,,,,,,,,,,,,25,33,33,,33,吃老本,False
C,Financials,Citigroup,2025-03-24,68.23,-12.03,-0.26,15.48,4.67,0.333,61,35,16,44.2,,,,,,,,,,,,,,,,,,,,,,,26,33,33,,33,吃老本,False
CINF,Financials,Cincinnati Financial,2025-03-24,141.51,-0.94,1.65,8.57,4.46,0.667,23,28,34,26.7,,,,,,,,,,,,,,,,,,,,,,,27,33,33,,33,吃老本,False
COF,Financials,Capital One,2025-03-24,170.47,-13.47,-3.43,17.12,4.33,0.333,68,39,12,48.1,10.37,19.97,False,False,186.77,14.24,0.725,False,206.95,-17.63,-0.74,-13.47,10.0,10.0,4218660.0,5815650.0,1.0,2617300.0,4632370.0,4735820.0,0.553,69.32,28,27,31,28.2,28,,True
CB,Financials,Chubb Limited,2025-03-24,293.66,4.17,7.09,3.04,4.33,1.0,5,20,41,16.7,10.46,14.64,False,True,276.1,4.62,0.949,False,299.16,-1.84,1.72,4.17,11.0,9.0,1933227.0,2037622.0,1.222,2094500.0,1741110.0,2087986.0,1.003,88.12,28,12,7,17.4,17,剛爆發,True
MA,Financials,Mastercard,2025-03-24,535.69,-6.19,1.73,9.82,3.79,0.667,37,27,30,32.6,,,,,,,,,,,,,,,,,,,,,,,30,33,33,,33,,False
IBKR,Financials,Interactive Brokers,2025-03-24,40.93,-19.41,-7.86,20.07,3.22,0.333,76,52,11,55.8,9.37,-3.77,False,False,49.91,12.2,0.837,False,58.7,-30.27,-4.98,-19.41,8.0,12.0,9181100.0,10962666.0,0.667,9490800.0,8813280.0,10173013.0,0.933,61.01,31,32,11,27.4,27,,True
JKHY,Financials,Jack Henry & Associates,2025-03-24,175.36,3.22,1.3,2.13,2.19,1.0,10,30,44,22.8,2.09,-0.17,False,True,171.25,5.48,0.883,False,192.46,-8.88,3.2,3.22,10.0,10.0,702990.0,796040.0,1.0,327600.0,539490.0,687640.0,0.476,83.67,32,16,32,25.6,26,剛爆發,True
AFL,Financials,Aflac,2025-03-24,106.92,0.3,6.8,0.29,1.92,1.0,20,23,48,26.5,,,,,,,,,,,,,,,,,,,,,,,33,33,33,,33,,False
RJF,Financials,Raymond James Financial,2025-03-24,136.2,-10.12,-11.13,14.3,1.84,0.333,54,63,20,49.9,,,,,,,,,,,,,,,,,,,,,,,34,33,33,,33,,False
AIZ,Financials,Assurant,2025-03-24,202.43,-0.76,-3.71,3.94,0.85,0.333,22,40,38,30.6,,,,,,,,,,,,,,,,,,,,,,,35,33,33,,33,,False
MS,Financials,Morgan Stanley,2025-03-24,111.1,-13.36,-8.41,12.4,0.76,0.333,67,54,23,54.3,,,,,,,,,,,,,,,,,,,,,,,36,33,33,,33,,False
GS,Financials,Goldman Sachs,2025-03-24,529.76,-12.72,-5.27,10.03,0.52,0.333,66,43,29,51.7,,,,,,,,,,,,,,,,,,,,,,,37,33,33,,33,,False
NTRS,Financials,Northern Trust,2025-03-24,94.32,-11.16,-5.7,9.46,0.51,0.333,59,44,32,49.1,,,,,,,,,,,,,,,,,,,,,,,38,33,33,,33,,False
PFG,Financials,Principal Financial Group,2025-03-24,79.33,-5.86,7.86,-1.82,-0.41,0.333,36,15,52,32.9,0.36,-12.25,False,False,79.75,5.74,0.681,False,86.33,-8.1,-0.24,-5.86,6.0,14.0,1108133.0,1627271.0,0.429,1357100.0,1189790.0,1306973.0,1.038,64.73,39,31,4,28.8,29,剛爆發,True
BAC,Financials,Bank of America,2025-03-24,40.13,-9.96,-6.38,5.94,-1.11,0.333,53,46,36,47.5,,,,,,,,,,,,,,,,,,,,,,,40,33,33,,33,剛爆發,False
NDAQ,Financials,"Nasdaq, Inc.",2025-03-24,73.75,-9.21,-4.16,3.83,-1.42,0.333,49,41,39,44.6,,,,,,,,,,,,,,,,,,,,,,,41,33,33,,33,剛爆發,False
APO,Financials,Apollo Global Management,2025-03-24,134.33,-8.25,-19.34,9.48,-2.15,0.333,44,69,31,48.9,,,,,,,,,,,,,,,,,,,,,,,42,33,33,,33,剛爆發,False
SPGI,Financials,S&P Global,2025-03-24,470.58,-5.85,0.32,-1.64,-2.2,0.333,35,33,50,37.4,,,,,,,,,,,,,,,,,,,,,,,43,33,33,,33,剛爆發,False
BLK,Financials,BlackRock,2025-03-24,922.39,-2.65,-8.84,1.2,-2.27,0.333,26,58,46,39.6,,,,,,,,,,,,,,,,,,,,,,,44,33,33,,33,剛爆發,False
EG,Financials,Everest Group,2025-03-24,355.52,3.06,1.13,-7.4,-2.65,0.667,11,32,65,28.1,-5.56,24.63,False,True,343.95,5.0,0.737,False,395.74,-10.16,2.72,3.06,11.0,9.0,395381.0,536688.0,1.222,253500.0,458320.0,455980.0,0.556,84.15,45,14,30,29.6,30,剛爆發,False
HBAN,Financials,Huntington Bancshares,2025-03-24,14.11,-9.26,-8.76,3.03,-2.99,0.333,50,56,42,50.2,,,,,,,,,,,,,,,,,,,,,,,46,33,33,,33,剛爆發,False
MTB,Financials,M&T Bank,2025-03-24,168.96,-7.93,-6.72,1.25,-3.04,0.333,41,48,45,43.9,,,,,,,,,,,,,,,,,,,,,,,47,33,33,,33,剛爆發,False
AMP,Financials,Ameriprise Financial,2025-03-24,474.29,-10.25,-9.78,3.49,-3.26,0.333,55,61,40,53.8,,,,,,,,,,,,,,,,,,,,,,,48,33,33,,33,剛爆發,False
FDS,Financials,FactSet,2025-03-24,440.19,-2.81,-7.56,-1.69,-3.44,0.0,27,51,51,39.0,,,,,,,,,,,,,,,,,,,,,,,49,33,33,,33,剛爆發,False
STT,Financials,State Street Corporation,2025-03-24,85.45,-10.27,-8.97,2.62,-3.5,0.333,56,59,43,54.3,,,,,,,,,,,,,,,,,,,,,,,50,33,33,,33,剛爆發,False
MCO,Financials,Moody's Corporation,2025-03-24,456.67,-8.45,-3.04,-2.2,-3.97,0.0,47,37,53,45.2,,,,,,,,,,,,,,,,,,,,,,,51,33,33,,33,剛爆發,False
MET,Financials,MetLife,2025-03-24,76.36,-8.06,-3.05,-2.65,-4.1,0.0,42,38,55,43.4,,,,,,,,,,,,,,,,,,,,,,,52,33,33,,33,剛爆發,False
CFG,Financials,Citizens Financial Group,2025-03-24,38.3,-12.06,-6.92,0.52,-4.49,0.333,62,49,47,55.1,,,,,,,,,,,,,,,,,,,,,,,53,33,33,,33,剛爆發,False
ACGL,Financials,Arch Capital Group,2025-03-24,95.06,2.31,2.95,-11.85,-4.61,0.667,13,26,70,28.3,25.46,22.16,False,True,92.31,6.15,0.91,False,110.75,-14.17,3.35,2.31,9.0,11.0,1628166.0,1788863.0,0.818,1193200.0,1769100.0,1710633.0,0.698,80.93,54,19,23,33.8,32,剛爆發,True
MSCI,Financials,MSCI Inc.,2025-03-24,549.05,-5.43,-8.1,-2.51,-4.63,0.0,32,53,54,42.7,,,,,,,,,,,,,,,,,,,,,,,55,33,33,,33,剛爆發,False
BEN,Financials,Franklin Resources,2025-03-24,17.76,-4.79,-5.21,-4.38,-4.69,0.0,31,42,59,39.9,,,,,,,,,,,,,,,,,,,,,,,56,33,33,,33,剛爆發,False
KEY,Financials,KeyCorp,2025-03-24,14.96,-7.66,-7.02,-2.67,-5.0,0.0,40,50,56,46.2,,,,,,,,,,,,,,,,,,,,,,,57,33,33,,33,剛爆發,False
SYF,Financials,Synchrony Financial,2025-03-24,51.28,-13.6,-20.17,6.47,-5.21,0.333,69,72,35,63.1,,,,,,,,,,,,,,,,,,,,,,,58,33,33,,33,剛爆發,False
TFC,Financials,Truist Financial,2025-03-24,38.2,-12.71,-6.3,-2.67,-6.09,0.0,65,45,56,57.2,,,,,,,,,,,,,,,,,,,,,,,59,33,33,,33,剛爆發,False
PRU,Financials,Prudential Financial,2025-03-24,103.1,-4.37,-6.42,-6.83,-6.11,0.0,30,47,64,41.9,,,,,,,,,,,,,,,,,,,,,,,60,33,33,,33,剛爆發,False
GPN,Financials,Global Payments,2025-03-24,95.95,-7.12,-12.96,-2.99,-6.52,0.0,39,66,58,50.9,,,,,,,,,,,,,,,,,,,,,,,61,33,33,,33,剛爆發,False
FIS,Financials,Fidelity National Information Services,2025-03-24,70.99,4.14,-9.23,-10.53,-6.54,0.333,6,60,69,34.8,2.38,8.31,False,False,71.55,6.95,0.942,False,87.79,-19.14,0.41,4.14,12.0,6.0,3658150.0,3882000.0,2.0,2280400.0,3634680.0,3860226.0,0.591,99.14,62,2,27,31.0,31,剛爆發,True
AXP,Financials,American Express,2025-03-24,261.14,-11.79,-11.61,-1.57,-6.64,0.0,60,64,49,59.0,,,,,,,,,,,,,,,,,,,,,,,63,33,33,,33,剛爆發,False
RF,Financials,Regions Financial Corporation,2025-03-24,20.36,-8.7,-8.81,-5.13,-6.94,0.0,48,57,62,53.5,,,,,,,,,,,,,,,,,,,,,,,64,33,33,,33,剛爆發,False
PNC,Financials,PNC Financial Services,2025-03-24,163.27,-10.44,-10.34,-4.54,-7.47,0.0,57,62,60,59.1,,,,,,,,,,,,,,,,,,,,,,,65,33,33,,33,剛爆發,False
USB,Financials,U.S. Bancorp,2025-03-24,39.72,-9.89,-11.94,-5.06,-7.99,0.0,52,65,61,57.7,,,,,,,,,,,,,,,,,,,,,,,66,33,33,,33,剛爆發,False
FITB,Financials,Fifth Third Bancorp,2025-03-24,36.85,-10.72,-8.74,-8.04,-8.88,0.0,58,55,66,58.7,,,,,,,,,,,,,,,,,,,,,,,67,33,33,,33,剛爆發,False
ARES,Financials,Ares Management,2025-03-24,138.8,-14.57,-18.64,-6.46,-11.53,0.0,71,68,63,68.5,,,,,,,,,,,,,,,,,,,,,,,68,33,33,,33,剛爆發,False
IVZ,Financials,Invesco,2025-03-24,14.48,-12.65,-13.12,-11.9,-12.39,0.0,64,67,71,66.3,,,,,,,,,,,,,,,,,,,,,,,69,33,33,,33,剛爆發,False
ERIE,Financials,Erie Indemnity,2025-03-24,399.15,-4.07,-1.73,-23.37,-13.14,0.0,29,36,76,40.5,,,,,,,,,,,,,,,,,,,,,,,70,33,33,,33,剛爆發,False
BX,Financials,Blackstone Inc.,2025-03-24,132.34,-14.3,-19.95,-9.64,-13.38,0.0,70,71,68,69.9,,,,,,,,,,,,,,,,,,,,,,,71,33,33,,33,剛爆發,False
TROW,Financials,T. Rowe Price,2025-03-24,85.85,-12.17,-19.73,-14.33,-15.14,0.0,63,70,73,67.1,,,,,,,,,,,,,,,,,,,,,,,72,33,33,,33,剛爆發,False
KKR,Financials,KKR & Co.,2025-03-24,113.92,-15.29,-23.26,-12.86,-16.07,0.0,73,73,72,72.8,,,,,,,,,,,,,,,,,,,,,,,73,33,33,,33,剛爆發,False
PYPL,Financials,PayPal,2025-03-24,64.59,-8.3,-24.99,-16.35,-16.5,0.0,45,74,74,59.5,,,,,,,,,,,,,,,,,,,,,,,74,33,33,,33,剛爆發,False
COIN,Financials,Coinbase,2025-03-24,173.93,-19.33,-34.54,-9.05,-17.99,0.0,75,75,67,73.4,,,,,,,,,,,,,,,,,,,,,,,75,33,33,,33,剛爆發,False
XYZ,Financials,"Block, Inc.",2025-03-24,55.33,-15.27,-37.81,-17.38,-21.96,0.0,72,76,75,73.8,,,,,,,,,,,,,,,,,,,,,,,76,33,33,,33,剛爆發,False
MCK,Health Care,McKesson Corporation,2025-03-24,664.7,4.46,15.98,37.13,23.68,1.0,10,10,1,8.2,0.47,2.9,False,True,620.02,3.54,0.866,False,668.62,-0.59,1.04,4.46,13.0,7.0,870300.0,1004771.0,1.857,566800.0,870440.0,897680.0,0.631,96.11,1,8,21,7.8,2,吃老本,True
GILD,Health Care,Gilead Sciences,2025-03-24,108.18,-1.52,19.62,35.77,22.41,0.667,23,4,2,13.1,11.73,30.48,False,True,101.29,7.21,1.136,False,115.28,-6.16,4.4,-1.52,10.0,10.0,11404400.0,10037170.0,1.0,7844800.0,10788320.0,10280620.0,0.763,85.73,2,15,11,9.0,4,吃老本,True
CVS,Health Care,CVS Health,2025-03-24,63.72,2.16,52.83,12.01,19.75,1.0,13,1,8,8.4,29.56,-25.23,False,True,58.64,4.97,0.92,False,73.29,-13.07,0.13,2.16,10.0,10.0,8049310.0,8746730.0,1.0,6582000.0,8830470.0,8731420.0,0.754,82.45,3,18,12,10.8,9,吃老本,True
COR,Health Care,Cencora,2025-03-24,272.62,8.55,21.55,22.91,18.98,1.0,4,2,4,3.4,5.96,3.47,False,True,251.16,7.38,0.497,False,272.98,-0.13,2.91,8.55,15.0,5.0,1402646.0,2824240.0,3.0,1153800.0,1819960.0,1789153.0,0.645,100.0,4,1,19,5.8,1,,True
CAH,Health Care,Cardinal Health,2025-03-24,134.13,5.38,15.01,25.38,17.79,1.0,8,11,3,7.9,9.39,15.88,False,True,126.19,7.2,0.664,False,134.86,-0.54,3.45,5.38,11.0,9.0,2021290.0,3042988.0,1.222,1873300.0,2235930.0,2378546.0,0.788,84.56,5,16,10,10.4,7,吃老本,True
BMY,Health Care,Bristol Myers Squibb,2025-03-24,55.92,0.67,5.21,20.53,11.73,1.0,17,22,5,16.1,13.8,19.98,False,True,54.59,5.43,1.102,False,59.0,-5.23,-1.72,0.67,12.0,8.0,13152700.0,11940400.0,1.5,10791600.0,12006960.0,12447446.0,0.867,91.49,6,10,8,8.0,3,,True
ABT,Health Care,Abbott Laboratories,2025-03-24,126.71,-5.21,14.36,17.52,11.05,0.667,41,12,7,25.5,-0.17,0.76,False,True,125.64,7.02,0.873,False,136.79,-7.37,3.55,-5.21,9.0,11.0,6952077.0,7962372.0,0.818,6708300.0,6694970.0,7240866.0,0.926,75.84,7,22,6,12.8,13,吃老本,False
BSX,Health Care,Boston Scientific,2025-03-24,99.36,-4.27,9.6,19.21,10.94,0.667,33,17,6,22.8,6.57,7.05,False,False,101.99,7.76,0.726,False,107.17,-7.29,-1.32,-4.27,11.0,9.0,6975345.0,9603111.0,1.222,7404100.0,6831520.0,7933820.0,0.933,77.96,8,21,4,12.4,11,吃老本,True
VRTX,Health Care,Vertex Pharmaceuticals,2025-03-24,492.69,2.69,20.53,6.44,9.03,1.0,12,3,15,9.9,-1.0,5.96,False,True,475.61,5.1,0.955,False,519.88,-5.23,-2.09,2.69,12.0,8.0,1314958.0,1376462.0,1.5,1280600.0,1300040.0,1376126.0,0.931,90.0,9,14,5,10.2,6,,False
VEEV,Health Care,Veeva Systems,2025-03-24,234.21,4.49,9.44,11.08,9.02,1.0,9,18,10,11.9,10.05,10.7,False,True,231.2,5.84,1.23,False,258.93,-9.55,-1.08,4.49,11.0,9.0,1544854.0,1255844.0,1.222,947500.0,926570.0,1155400.0,0.82,92.12,10,9,9,9.4,5,,True
ABBV,Health Care,AbbVie,2025-03-24,195.6,-1.79,16.41,7.23,7.27,0.667,25,8,13,17.5,1.92,2.82,False,True,187.84,9.13,0.84,False,208.34,-6.11,-2.25,-1.79,8.0,12.0,6154962.0,7330375.0,0.667,6478100.0,7376950.0,7048593.0,0.919,72.72,11,26,7,16.2,19,吃老本,True
SOLV,Health Care,Solventum,2025-03-24,74.75,-6.27,12.0,10.63,6.75,0.667,48,15,11,30.7,7.75,17.67,False,False,75.49,10.26,0.685,False,96.05,-22.18,1.05,-6.27,9.0,11.0,992722.0,1449727.0,0.818,1933200.0,1316190.0,1285826.0,1.503,70.92,12,27,1,15.8,18,吃老本,True
DGX,Health Care,Quest Diagnostics,2025-03-24,162.9,-3.22,10.17,9.16,6.32,0.667,30,16,12,22.2,2.09,1.9,False,True,161.91,6.65,0.879,False,174.14,-6.45,0.13,-3.22,9.0,11.0,1115366.0,1269545.0,0.818,1140800.0,1060020.0,1179040.0,0.968,75.77,13,23,2,14.8,17,吃老本,True
ZBH,Health Care,Zimmer Biomet,2025-03-24,110.57,7.61,5.28,4.2,5.32,1.0,5,21,16,12.0,0.76,0.2,False,True,105.72,4.38,0.965,False,131.0,-15.6,1.38,7.61,14.0,6.0,1805521.0,1871316.0,2.333,1053500.0,1607910.0,1883073.0,0.559,100.0,14,1,27,11.4,10,剛爆發,True
JNJ,Health Care,Johnson & Johnson,2025-03-24,158.36,-0.79,13.77,3.06,4.78,0.667,21,13,18,18.0,1.38,9.71,False,True,152.84,2.64,1.086,True,164.44,-3.69,0.05,-0.79,12.0,8.0,9000050.0,8290037.0,1.5,5760300.0,7972690.0,8447293.0,0.682,91.04,15,11,17,13.8,14,,True
PODD,Health Care,Insulet Corporation,2025-03-24,258.75,-4.97,-2.4,11.52,3.92,0.333,40,34,9,32.0,12.63,18.29,False,False,271.53,8.92,0.972,False,289.46,-10.61,-3.57,-4.97,9.0,11.0,884233.0,910145.0,0.818,536800.0,799640.0,911346.0,0.589,74.87,16,25,23,21.0,23,吃老本,True
CI,Health Care,Cigna,2025-03-24,316.47,5.76,17.2,-5.66,2.91,0.667,7,6,26,10.5,-15.1,3.52,False,True,295.5,5.6,0.791,False,357.79,-11.55,2.65,5.76,14.0,6.0,1518685.0,1919100.0,2.333,1105900.0,1470720.0,1605193.0,0.689,100.0,17,1,16,10.4,7,剛爆發,False
AMGN,Health Care,Amgen,2025-03-24,295.38,-0.36,17.81,-3.34,2.69,0.333,19,5,24,15.8,4.63,9.29,False,True,288.44,5.06,1.332,False,326.21,-9.45,-2.88,-0.36,13.0,7.0,3335676.0,2503742.0,1.857,1768400.0,2960640.0,2963260.0,0.597,99.81,18,7,22,14.4,15,剛爆發,True
EW,Health Care,Edwards Lifesciences,2025-03-24,70.91,-0.99,-6.27,6.5,1.44,0.333,22,43,14,26.7,6.39,13.97,False,False,71.37,5.15,0.892,False,96.12,-26.23,0.64,-0.99,8.0,12.0,4413875.0,4948683.0,0.667,4513900.0,4656580.0,4678873.0,0.965,75.27,19,24,3,17.8,21,,True
MDT,Health Care,Medtronic,2025-03-24,84.17,-4.02,9.39,-0.26,1.22,0.333,31,19,23,25.8,,,,,,,,,,,,,,,,,,,,,,,20,28,28,,28,吃老本,False
LH,Health Care,Labcorp,2025-03-24,226.95,-8.37,0.11,4.17,0.02,0.667,51,29,17,37.6,,,,,,,,,,,,,,,,,,,,,,,21,28,28,,28,吃老本,False
SYK,Health Care,Stryker Corporation,2025-03-24,359.23,-5.62,-0.48,1.63,-0.71,0.333,43,31,20,34.8,,,,,,,,,,,,,,,,,,,,,,,22,28,28,,28,吃老本,False
STE,Health Care,Steris,2025-03-24,220.68,1.71,7.5,-6.23,-0.81,0.667,14,20,28,18.6,-0.06,0.4,False,True,219.76,5.59,0.973,False,244.38,-9.7,1.17,1.71,12.0,8.0,630925.0,648200.0,1.5,329600.0,559560.0,569093.0,0.579,91.03,23,12,25,19.0,22,剛爆發,False
HCA,Health Care,HCA Healthcare,2025-03-24,339.19,11.96,13.36,-14.78,-1.06,0.667,1,14,37,12.1,1.22,-1.64,False,True,320.97,8.57,0.708,False,411.72,-17.62,4.07,11.96,15.0,5.0,1384280.0,1954220.0,3.0,1114500.0,1482820.0,1539653.0,0.724,100.0,24,1,13,12.6,12,剛爆發,True
WAT,Health Care,Waters Corporation,2025-03-24,362.16,-4.02,-3.32,1.35,-1.16,0.333,31,37,21,30.8,,,,,,,,,,,,,,,,,,,,,,,25,28,28,,28,,False
ELV,Health Care,Elevance Health,2025-03-24,421.25,9.31,16.91,-16.86,-1.88,0.667,2,7,41,11.3,-0.29,-13.28,False,True,393.02,4.32,0.829,False,546.95,-22.98,1.13,9.31,15.0,5.0,1552873.0,1874280.0,3.0,1134100.0,1507620.0,1714000.0,0.662,100.0,26,1,18,14.4,15,剛爆發,True
BDX,Health Care,Becton Dickinson,2025-03-24,173.52,1.33,0.02,-4.92,-2.12,0.667,16,30,25,22.0,,,,,,,,,,,,,,,,,,,,,,,27,28,28,,28,,False
UNH,Health Care,UnitedHealth Group,2025-03-24,499.04,9.11,1.62,-10.59,-2.61,0.667,3,26,34,16.1,1.08,1.7,False,True,490.36,7.23,1.183,False,605.03,-17.52,-0.16,9.11,13.0,7.0,4646607.0,3926528.0,1.857,2379100.0,4260890.0,4152806.0,0.573,100.0,28,1,26,16.8,20,剛爆發,True
BAX,Health Care,Baxter International,2025-03-24,33.28,-2.2,16.14,-12.39,-2.71,0.333,27,9,35,23.2,9.62,3.03,False,True,32.63,6.61,0.665,False,42.25,-21.23,1.69,-2.2,11.0,9.0,3412690.0,5130577.0,1.222,2513100.0,4131560.0,4316313.0,0.582,79.33,29,20,24,24.4,26,剛爆發,True
DVA,Health Care,DaVita,2025-03-24,150.22,1.58,-2.64,-7.89,-4.21,0.333,15,36,31,24.5,5.39,-4.93,False,False,157.56,6.94,0.818,False,179.6,-16.36,1.4,1.58,11.0,9.0,855936.0,1046444.0,1.222,614900.0,764330.0,871860.0,0.705,84.16,30,17,15,21.8,24,剛爆發,True
ISRG,Health Care,Intuitive Surgical,2025-03-24,491.84,-14.19,-8.05,2.64,-4.24,0.333,56,44,19,45.0,,,,,,,,,,,,,,,,,,,,,,,31,28,28,,28,,False
LLY,Health Care,Lilly (Eli),2025-03-24,815.06,-10.66,5.2,-5.98,-4.35,0.333,55,23,27,39.8,,,,,,,,,,,,,,,,,,,,,,,32,28,28,,28,,False
HSIC,Health Care,Henry Schein,2025-03-24,68.62,-4.92,-2.56,-6.28,-5.01,0.0,39,35,29,35.8,,,,,,,,,,,,,,,,,,,,,,,33,28,28,,28,,False
RMD,Health Care,ResMed,2025-03-24,217.34,-5.82,-5.47,-7.57,-6.6,0.0,44,41,30,40.3,,,,,,,,,,,,,,,,,,,,,,,34,28,28,,28,剛爆發,False
UHS,Health Care,Universal Health Services,2025-03-24,185.19,6.36,3.29,-18.85,-7.01,0.667,6,25,44,19.3,17.84,0.33,False,True,180.96,12.72,0.868,False,241.44,-23.3,6.91,6.36,11.0,9.0,1027227.0,1183900.0,1.222,733200.0,994600.0,1032826.0,0.71,90.1,35,13,14,22.0,25,剛爆發,True
PFE,Health Care,Pfizer,2025-03-24,22.72,-4.62,-3.73,-10.54,-7.36,0.0,35,38,33,35.5,,,,,,,,,,,,,,,,,,,,,,,36,28,28,,28,剛爆發,False
HUM,Health Care,Humana,2025-03-24,259.85,-1.84,4.2,-16.41,-7.62,0.333,26,24,40,28.2,,,,,,,,,,,,,,,,,,,,,,,37,28,28,,28,剛爆發,False
GEHC,Health Care,GE HealthCare,2025-03-24,79.78,-8.4,0.67,-12.96,-8.41,0.333,52,27,36,41.3,,,,,,,,,,,,,,,,,,,,,,,38,28,28,,28,剛爆發,False
ZTS,Health Care,Zoetis,2025-03-24,158.97,-2.47,-0.61,-15.82,-8.68,0.0,29,32,38,31.7,,,,,,,,,,,,,,,,,,,,,,,39,28,28,,28,剛爆發,False
CNC,Health Care,Centene Corporation,2025-03-24,60.04,3.23,-0.92,-19.5,-9.17,0.333,11,33,45,24.4,62.18,14.87,False,False,60.05,5.51,0.789,False,80.59,-25.5,1.94,3.23,10.0,10.0,3735190.0,4736710.0,1.0,2653000.0,3594680.0,4172386.0,0.636,81.51,40,19,20,27.6,27,剛爆發,True
DXCM,Health Care,Dexcom,2025-03-24,67.74,-23.35,-15.58,0.67,-9.4,0.333,59,53,22,49.8,,,,,,,,,,,,,,,,,,,,,,,41,28,28,,28,剛爆發,False
IDXX,Health Care,Idexx Laboratories,2025-03-24,415.87,-4.86,0.23,-18.74,-10.53,0.333,37,28,43,35.5,,,,,,,,,,,,,,,,,,,,,,,42,28,28,,28,剛爆發,False
RVTY,Health Care,Revvity,2025-03-24,105.17,-5.82,-5.63,-16.12,-10.92,0.0,44,42,39,42.4,,,,,,,,,,,,,,,,,,,,,,,43,28,28,,28,剛爆發,False
INCY,Health Care,Incyte,2025-03-24,60.6,-17.55,-12.47,-7.94,-11.48,0.0,58,51,32,50.7,,,,,,,,,,,,,,,,,,,,,,,44,28,28,,28,剛爆發,False
TMO,Health Care,Thermo Fisher Scientific,2025-03-24,497.83,-5.36,-4.84,-18.47,-11.79,0.0,42,40,42,41.4,,,,,,,,,,,,,,,,,,,,,,,45,28,28,,28,剛爆發,False
MRK,Health Care,Merck & Co.,2025-03-24,85.49,-2.44,-9.73,-20.2,-13.14,0.0,28,47,46,37.3,,,,,,,,,,,,,,,,,,,,,,,46,28,28,,28,剛爆發,False
MTD,Health Care,Mettler Toledo,2025-03-24,1177.09,-7.51,-4.63,-20.41,-13.24,0.0,50,39,47,46.1,,,,,,,,,,,,,,,,,,,,,,,47,28,28,,28,剛爆發,False
DHR,Health Care,Danaher Corporation,2025-03-24,204.02,-0.77,-10.79,-25.06,-15.42,0.0,20,49,53,35.3,,,,,,,,,,,,,,,,,,,,,,,48,28,28,,28,剛爆發,False
COO,Health Care,Cooper Companies (The),2025-03-24,83.77,-7.31,-9.28,-23.69,-16.0,0.0,49,46,51,48.5,,,,,,,,,,,,,,,,,,,,,,,49,28,28,,28,剛爆發,False
A,Health Care,Agilent Technologies,2025-03-24,115.27,-8.78,-13.75,-20.92,-16.09,0.0,53,52,48,51.7,,,,,,,,,,,,,,,,,,,,,,,50,28,28,,28,剛爆發,False
CRL,Health Care,Charles River Laboratories,2025-03-24,155.55,-5.9,-16.44,-21.56,-16.37,0.0,46,54,49,49.0,,,,,,,,,,,,,,,,,,,,,,,51,28,28,,28,剛爆發,False
IQV,Health Care,IQVIA,2025-03-24,177.39,-6.04,-11.03,-24.45,-16.49,0.0,47,50,52,48.9,,,,,,,,,,,,,,,,,,,,,,,52,28,28,,28,剛爆發,False
BIIB,Health Care,Biogen,2025-03-24,138.37,-1.52,-8.55,-28.92,-16.98,0.0,23,45,56,36.2,,,,,,,,,,,,,,,,,,,,,,,53,28,28,,28,剛爆發,False
TECH,Health Care,Bio-Techne,2025-03-24,58.28,-4.89,-19.43,-25.23,-18.69,0.0,38,55,54,46.3,,,,,,,,,,,,,,,,,,,,,,,54,28,28,,28,剛爆發,False
VTRS,Health Care,Viatris,2025-03-24,8.23,-4.77,-29.57,-23.21,-20.19,0.0,36,58,50,45.4,,,,,,,,,,,,,,,,,,,,,,,55,28,28,,28,剛爆發,False
WST,Health Care,West Pharmaceutical Services,2025-03-24,221.11,-4.36,-33.27,-28.46,-23.64,0.0,34,59,55,45.7,,,,,,,,,,,,,,,,,,,,,,,56,28,28,,28,剛爆發,False
REGN,Health Care,Regeneron Pharmaceuticals,2025-03-24,632.95,-8.78,-10.42,-38.79,-24.2,0.0,53,48,58,52.5,,,,,,,,,,,,,,,,,,,,,,,57,28,28,,28,剛爆發,False
ALGN,Health Care,Align Technology,2025-03-24,159.21,-14.87,-24.7,-37.52,-28.65,0.0,57,57,57,57.0,,,,,,,,,,,,,,,,,,,,,,,58,28,28,,28,剛爆發,False
MRNA,Health Care,Moderna,2025-03-24,31.12,0.52,-22.45,-52.67,-31.82,0.333,18,56,59,37.6,,,,,,,,,,,,,,,,,,,,,,,59,28,28,,28,剛爆發,False
HWM,Industrials,Howmet Aerospace,2025-03-24,129.32,-5.06,16.69,30.92,18.37,0.667,42,4,2,22.6,2.81,8.6,False,True,128.79,10.38,0.831,False,140.14,-7.73,-0.89,-5.06,8.0,12.0,2770162.0,3335066.0,0.667,1945700.0,2450360.0,2794793.0,0.696,71.15,1,27,24,16.0,14,吃老本,True
AXON,Industrials,Axon Enterprise,2025-03-24,534.95,1.23,-12.44,35.31,14.85,0.667,10,63,1,24.1,48.21,21.03,False,False,587.7,9.09,1.18,False,715.99,-25.29,-4.47,1.23,10.0,10.0,853520.0,723060.0,1.0,678200.0,583130.0,719926.0,0.942,84.61,2,9,8,6.0,1,吃老本,True
RSG,Industrials,Republic Services,2025-03-24,234.7,0.64,17.92,20.33,14.81,1.0,12,2,5,7.6,13.64,12.27,False,True,223.72,4.19,0.883,False,237.21,-1.06,2.23,0.64,9.0,11.0,1076255.0,1218818.0,0.818,1044000.0,1181710.0,1130806.0,0.923,79.0,3,21,10,11.6,8,吃老本,True
LUV,Industrials,Southwest Airlines,2025-03-24,32.78,8.79,-0.74,15.03,9.53,0.667,3,25,8,10.6,21.53,237.76,False,True,30.48,10.75,1.401,False,34.86,-5.96,-3.56,8.79,10.0,10.0,17815160.0,12719460.0,1.0,10683700.0,12823700.0,16053106.0,0.666,93.36,4,5,27,9.0,2,,True
PAYX,Industrials,Paychex,2025-03-24,142.55,-0.42,7.61,15.07,9.33,0.667,17,14,7,14.1,0.7,1.51,False,True,139.62,7.54,0.884,False,149.47,-4.63,5.6,-0.42,10.0,10.0,2431350.0,2749750.0,1.0,2419700.0,2623030.0,2633480.0,0.919,82.46,5,14,11,9.8,4,吃老本,True
WM,Industrials,Waste Management,2025-03-24,223.55,-1.72,12.13,11.69,8.45,0.667,25,7,12,17.0,-5.66,3.98,False,True,219.32,3.34,0.91,False,230.43,-2.99,1.34,-1.72,11.0,9.0,1563390.0,1717288.0,1.222,1265700.0,1503570.0,1546673.0,0.818,83.77,6,12,16,10.4,5,吃老本,False
RTX,Industrials,RTX Corporation,2025-03-24,129.0,-0.95,13.43,10.55,8.39,0.667,20,6,15,14.8,11.8,8.31,False,True,125.58,4.62,0.956,False,133.35,-3.27,-0.49,-0.95,11.0,9.0,5254581.0,5494111.0,1.222,3935200.0,5183050.0,4977913.0,0.791,84.3,7,11,17,10.6,6,,True
GE,Industrials,GE Aerospace,2025-03-24,198.58,-3.25,17.74,8.2,7.72,0.667,34,3,16,21.1,26.9,1.34,False,False,199.36,8.71,0.924,False,212.82,-6.69,-2.08,-3.25,8.0,12.0,4731475.0,5121458.0,0.667,5178400.0,4485770.0,4549653.0,1.138,73.38,8,25,2,13.6,10,吃老本,True
BR,Industrials,Broadridge Financial Solutions,2025-03-24,231.87,-1.15,5.33,12.88,7.48,0.667,21,18,9,17.7,4.89,3.04,False,True,230.46,6.2,0.693,False,239.79,-3.3,1.98,-1.15,11.0,9.0,518990.0,748433.0,1.222,420600.0,545070.0,593373.0,0.709,80.57,9,18,23,15.4,12,吃老本,True
DE,Industrials,Deere & Company,2025-03-24,456.51,-3.22,8.61,12.14,7.42,0.667,33,13,10,22.4,-1.81,15.76,False,False,467.34,5.82,0.938,False,505.31,-9.66,-1.51,-3.22,7.0,13.0,1318457.0,1405461.0,0.538,1183600.0,1040480.0,1205560.0,0.982,71.96,10,26,6,15.6,13,吃老本,False
VRSK,Industrials,Verisk Analytics,2025-03-24,291.51,-0.63,6.4,11.8,7.34,0.667,18,17,11,16.3,0.8,4.21,False,True,287.14,5.69,0.884,False,302.44,-3.61,3.3,-0.63,9.0,11.0,844755.0,955209.0,0.818,729000.0,882230.0,932273.0,0.782,78.69,11,22,18,16.8,17,吃老本,True
ROL,Industrials,"Rollins, Inc.",2025-03-24,52.25,1.28,14.03,6.91,7.29,1.0,9,5,18,9.6,-0.79,-3.78,False,True,49.99,5.39,0.797,False,53.18,-1.74,2.77,1.28,13.0,7.0,1807107.0,2268528.0,1.857,1798000.0,1876540.0,1986520.0,0.905,93.67,12,4,13,9.0,2,剛爆發,True
SNA,Industrials,Snap-on,2025-03-24,318.41,-3.48,-3.53,15.56,6.03,0.333,35,31,6,28.0,0.54,2.4,False,False,327.99,5.59,0.671,False,359.22,-11.36,0.41,-3.48,8.0,12.0,336462.0,501133.0,0.667,280000.0,481660.0,464620.0,0.603,69.83,13,29,29,22.6,28,吃老本,True
GEV,Industrials,GE Vernova,2025-03-24,301.88,-9.62,-9.25,21.33,5.95,0.333,65,53,3,49.0,-43.95,-232.71,False,False,345.1,15.48,0.857,False,445.95,-32.31,-9.27,-9.62,9.0,11.0,4020177.0,4688809.0,0.818,2725300.0,3321900.0,3809266.0,0.715,67.8,14,30,22,22.0,26,吃老本,True
ADP,Industrials,Automatic Data Processing,2025-03-24,291.24,-4.04,2.11,11.4,5.22,0.667,37,20,13,27.1,2.38,5.32,False,False,292.73,5.91,0.66,False,310.89,-6.32,1.87,-4.04,10.0,10.0,1671680.0,2533170.0,1.0,1785400.0,1803890.0,1960340.0,0.911,74.87,15,24,12,18.0,20,吃老本,True
FAST,Industrials,Fastenal,2025-03-24,36.9,0.58,4.92,7.67,5.21,1.0,14,19,17,16.1,-3.83,1.0,False,True,36.46,4.94,0.781,False,40.89,-9.74,1.93,0.58,10.0,9.0,6529900.0,8365777.0,1.111,5378200.0,6392760.0,7055600.0,0.762,81.45,16,15,20,16.4,16,,False
MMM,Industrials,3M,2025-03-24,141.49,-6.63,11.81,6.58,4.58,0.667,51,8,19,31.7,9.32,4.13,False,False,145.67,7.06,0.9,False,152.73,-7.36,-3.67,-6.63,8.0,12.0,3925012.0,4363033.0,0.667,2581500.0,3463240.0,3800213.0,0.679,70.3,17,28,26,23.2,29,吃老本,True
BA,Industrials,Boeing,2025-03-24,173.31,-0.76,-4.1,10.87,4.22,0.333,19,34,14,22.5,-56.1,-19.66,False,False,173.64,14.71,1.043,False,196.95,-12.0,-2.69,-0.76,12.0,8.0,9201108.0,8820162.0,1.5,8211100.0,9242560.0,8818913.0,0.931,89.22,18,6,9,11.4,7,剛爆發,False
NOC,Industrials,Northrop Grumman,2025-03-24,501.88,11.42,9.15,-1.92,4.18,0.667,2,11,30,10.3,0.71,15.36,False,True,468.09,6.96,1.036,False,539.68,-7.0,4.38,11.42,13.0,7.0,1104492.0,1066585.0,1.857,730500.0,908410.0,1071726.0,0.682,100.0,19,1,25,13.0,9,剛爆發,True
TDG,Industrials,TransDigm Group,2025-03-24,1288.59,0.73,6.69,3.65,3.68,1.0,11,16,22,14.7,1.12,5.9,False,True,1256.89,5.79,0.846,False,1333.02,-3.33,2.31,0.73,9.0,11.0,230011.0,272018.0,0.818,272900.0,241600.0,249853.0,1.092,78.43,20,23,3,17.8,19,,True
CTAS,Industrials,Cintas,2025-03-24,200.94,-2.06,11.04,0.8,2.64,0.667,28,9,25,21.7,7.4,7.53,False,True,198.48,11.55,1.042,False,225.14,-10.75,6.3,-2.06,8.0,12.0,1957625.0,1878891.0,0.667,1684800.0,2065620.0,1988426.0,0.847,79.52,21,19,15,19.0,22,,True
OTIS,Industrials,Otis Worldwide,2025-03-24,99.65,2.34,9.62,-1.45,2.27,0.667,6,10,29,11.8,-2.79,-0.98,False,True,96.1,3.55,0.735,False,104.25,-4.42,0.89,2.34,12.0,8.0,2174766.0,2957487.0,1.5,1327600.0,2305000.0,2316406.0,0.573,87.13,22,7,30,17.6,18,剛爆發,False
CPRT,Industrials,Copart,2025-03-24,55.15,0.64,-5.66,5.94,1.71,0.667,12,39,20,21.7,7.52,0.94,False,False,56.27,6.85,0.837,False,64.38,-14.34,2.83,0.64,10.0,10.0,4573050.0,5465030.0,1.0,6609700.0,4448460.0,4648260.0,1.422,81.16,23,17,1,16.2,15,剛爆發,True
UBER,Industrials,Uber,2025-03-24,72.75,-4.29,19.01,-3.96,1.7,0.333,39,1,34,26.6,573.42,125.2,False,False,73.22,9.58,1.053,False,87.0,-16.38,-4.07,-4.29,11.0,9.0,17894727.0,16986088.0,1.222,11277900.0,16532570.0,17349233.0,0.65,82.57,24,13,28,20.4,23,剛爆發,True
JCI,Industrials,Johnson Controls,2025-03-24,78.94,-6.55,0.29,4.15,0.51,0.667,50,24,21,36.4,,,,,,,,,,,,,,,,,,,,,,,25,32,32,,32,吃老本,False
EXPD,Industrials,Expeditors International,2025-03-24,117.68,2.02,7.46,-6.57,-0.92,0.667,7,15,41,16.2,17.1,23.02,False,True,113.75,5.52,0.981,False,128.56,-8.46,2.95,2.02,10.0,10.0,1686960.0,1719420.0,1.0,967800.0,1483980.0,1697700.0,0.57,84.56,26,10,31,20.6,24,剛爆發,True
HON,Industrials,Honeywell Technologies,2025-03-24,202.44,-1.2,-7.86,2.35,-1.09,0.333,22,48,23,30.0,,,,,,,,,,,,,,,,,,,,,,,27,32,32,,32,,False
WAB,Industrials,Wabtec,2025-03-24,180.67,-1.93,-5.19,-0.03,-1.8,0.0,26,37,27,29.5,,,,,,,,,,,,,,,,,,,,,,,28,32,32,,32,,False
GD,Industrials,General Dynamics,2025-03-24,261.61,6.52,1.64,-9.44,-2.68,0.667,4,22,46,17.8,2.71,-4.45,False,True,252.07,4.16,0.973,False,306.48,-14.64,2.15,6.52,13.0,7.0,1609246.0,1653085.0,1.857,1240400.0,1372290.0,1396606.0,0.888,99.67,29,2,14,15.2,11,剛爆發,True
UNP,Industrials,Union Pacific Corporation,2025-03-24,225.63,-5.89,1.52,-3.87,-3.03,0.333,45,23,33,36.0,,,,,,,,,,,,,,,,,,,,,,,30,32,32,,32,,False
PCAR,Industrials,Paccar,2025-03-24,94.19,-9.63,-7.04,2.17,-3.08,0.333,66,47,24,51.9,,,,,,,,,,,,,,,,,,,,,,,31,32,32,,32,,False
UAL,Industrials,United Airlines Holdings,2025-03-24,70.23,-25.14,-29.52,21.11,-3.11,0.333,78,78,4,63.2,7.56,5.05,False,False,93.56,17.21,0.866,False,116.0,-39.46,-6.2,-25.14,6.0,14.0,8948783.0,10335978.0,0.429,9321300.0,7856120.0,9520680.0,0.979,54.02,32,31,7,26.6,30,,True
CHRW,Industrials,C.H. Robinson,2025-03-24,98.91,0.15,-2.04,-5.51,-3.23,0.333,15,28,37,23.3,9.25,11.45,False,True,98.01,5.74,1.45,False,111.59,-11.36,1.18,0.15,8.0,12.0,1965887.0,1356241.0,0.667,1218400.0,1793720.0,1698940.0,0.717,85.93,33,8,21,20.6,24,剛爆發,True
HII,Industrials,Huntington Ingalls Industries,2025-03-24,200.69,16.94,8.67,-20.81,-4.0,0.667,1,12,70,18.1,2.03,-31.67,False,True,184.12,7.14,1.158,False,281.23,-28.64,1.91,16.94,11.0,9.0,909154.0,784933.0,1.222,560200.0,693040.0,730766.0,0.767,99.53,34,3,19,18.6,21,剛爆發,True
AME,Industrials,Ametek,2025-03-24,169.03,-9.83,-6.44,-0.66,-4.4,0.0,67,43,28,52.0,,,,,,,,,,,,,,,,,,,,,,,35,32,32,,32,,False
NSC,Industrials,Norfolk Southern,2025-03-24,224.97,-6.19,-1.47,-5.44,-4.64,0.0,46,26,36,38.0,,,,,,,,,,,,,,,,,,,,,,,36,32,32,,32,,False
ITW,Industrials,Illinois Tool Works,2025-03-24,237.48,-6.64,-3.36,-5.54,-5.27,0.0,52,30,39,42.8,,,,,,,,,,,,,,,,,,,,,,,37,32,32,,32,,False
LHX,Industrials,L3Harris,2025-03-24,203.43,1.35,-1.64,-10.69,-5.42,0.333,8,27,50,22.1,1.52,2.3,False,False,204.55,4.08,0.882,False,257.58,-21.02,-0.11,1.35,10.0,10.0,1195230.0,1354650.0,1.0,1179000.0,1091090.0,1160286.0,1.016,81.21,38,16,4,22.4,27,剛爆發,True
ALLE,Industrials,Allegion,2025-03-24,126.81,0.08,-2.39,-10.09,-5.62,0.333,16,29,48,26.3,,,,,,,,,,,,,,,,,,,,,,,39,32,32,,32,剛爆發,False
EMR,Industrials,Emerson Electric,2025-03-24,106.43,-10.67,-13.21,0.3,-5.82,0.333,72,64,26,60.4,,,,,,,,,,,,,,,,,,,,,,,40,32,32,,32,剛爆發,False
GWW,Industrials,W. W. Grainger,2025-03-24,964.52,-4.52,-8.61,-5.53,-6.05,0.0,41,51,38,43.4,,,,,,,,,,,,,,,,,,,,,,,41,32,32,,32,剛爆發,False
PH,Industrials,Parker Hannifin,2025-03-24,594.58,-10.03,-6.36,-4.5,-6.35,0.0,69,42,35,54.1,,,,,,,,,,,,,,,,,,,,,,,42,32,32,,32,剛爆發,False
ROK,Industrials,Rockwell Automation,2025-03-24,253.94,-9.93,-10.57,-3.56,-6.91,0.0,68,58,32,57.8,,,,,,,,,,,,,,,,,,,,,,,43,32,32,,32,剛爆發,False
J,Industrials,Jacobs Solutions,2025-03-24,118.49,-5.38,-10.03,-6.28,-6.99,0.0,43,56,40,46.3,,,,,,,,,,,,,,,,,,,,,,,44,32,32,,32,剛爆發,False
XYL,Industrials,Xylem Inc.,2025-03-24,117.53,-8.75,1.94,-10.68,-7.04,0.333,61,21,49,46.6,,,,,,,,,,,,,,,,,,,,,,,45,32,32,,32,剛爆發,False
FTV,Industrials,Fortive,2025-03-24,54.43,-8.69,-3.9,-8.11,-7.2,0.0,60,33,42,48.3,,,,,,,,,,,,,,,,,,,,,,,46,32,32,,32,剛爆發,False
CMI,Industrials,Cummins,2025-03-24,307.32,-14.71,-10.15,-2.86,-7.64,0.0,76,57,31,61.3,,,,,,,,,,,,,,,,,,,,,,,47,32,32,,32,剛爆發,False
LDOS,Industrials,Leidos,2025-03-24,132.31,3.46,-6.94,-15.59,-8.67,0.333,5,45,60,28.0,4.45,45.29,False,False,135.86,7.48,0.857,False,199.13,-33.55,0.17,3.46,9.0,11.0,1522166.0,1776609.0,0.818,1592100.0,1650200.0,1579240.0,1.008,79.41,48,20,5,28.2,31,剛爆發,True
LII,Industrials,Lennox International,2025-03-24,544.87,-7.99,-10.64,-8.22,-8.77,0.0,58,59,43,55.3,,,,,,,,,,,,,,,,,,,,,,,49,32,32,,32,剛爆發,False
VLTO,Industrials,Veralto,2025-03-24,95.32,-3.73,-6.77,-12.83,-9.04,0.0,36,44,51,41.4,,,,,,,,,,,,,,,,,,,,,,,50,32,32,,32,剛爆發,False
DOV,Industrials,Dover Corporation,2025-03-24,172.35,-12.13,-7.02,-8.94,-9.26,0.0,75,46,45,60.3,,,,,,,,,,,,,,,,,,,,,,,51,32,32,,32,剛爆發,False
FDX,Industrials,FedEx,2025-03-24,189.82,-7.56,-13.31,-8.72,-9.58,0.0,55,66,44,56.1,,,,,,,,,,,,,,,,,,,,,,,52,32,32,,32,剛爆發,False
TXT,Industrials,Textron,2025-03-24,72.92,-2.29,-5.43,-16.77,-10.31,0.0,32,38,65,40.4,,,,,,,,,,,,,,,,,,,,,,,53,32,32,,32,剛爆發,False
PNR,Industrials,Pentair,2025-03-24,85.32,-7.81,-13.93,-10.04,-10.46,0.0,56,67,47,57.5,,,,,,,,,,,,,,,,,,,,,,,54,32,32,,32,剛爆發,False
EFX,Industrials,Equifax,2025-03-24,237.37,-1.99,-5.96,-16.98,-10.48,0.0,27,41,66,39.0,,,,,,,,,,,,,,,,,,,,,,,55,32,32,,32,剛爆發,False
TT,Industrials,Trane Technologies,2025-03-24,328.98,-5.88,-10.87,-13.12,-10.75,0.0,44,60,53,50.6,,,,,,,,,,,,,,,,,,,,,,,56,32,32,,32,剛爆發,False
CAT,Industrials,Caterpillar Inc.,2025-03-24,324.0,-4.15,-9.31,-15.08,-10.91,0.0,38,54,58,46.8,,,,,,,,,,,,,,,,,,,,,,,57,32,32,,32,剛爆發,False
ODFL,Industrials,Old Dominion,2025-03-24,163.5,-6.45,-8.39,-15.96,-11.69,0.0,49,50,61,51.7,,,,,,,,,,,,,,,,,,,,,,,58,32,32,,32,剛爆發,False
MAS,Industrials,Masco,2025-03-24,67.08,-8.66,-5.83,-17.19,-12.22,0.0,59,40,67,54.9,,,,,,,,,,,,,,,,,,,,,,,59,32,32,,32,剛爆發,False
CSX,Industrials,CSX Corporation,2025-03-24,28.59,-9.06,-9.95,-15.07,-12.29,0.0,62,55,57,58.9,,,,,,,,,,,,,,,,,,,,,,,60,32,32,,32,剛爆發,False
IEX,Industrials,IDEX Corporation,2025-03-24,176.92,-6.91,-14.03,-15.3,-12.88,0.0,54,68,59,59.2,,,,,,,,,,,,,,,,,,,,,,,61,32,32,,32,剛爆發,False
PWR,Industrials,Quanta Services,2025-03-24,253.91,-2.06,-21.28,-14.25,-12.96,0.0,28,75,54,47.3,,,,,,,,,,,,,,,,,,,,,,,62,32,32,,32,剛爆發,False
UPS,Industrials,United Parcel Service,2025-03-24,100.94,-7.87,-11.8,-16.13,-12.98,0.0,57,61,63,59.4,,,,,,,,,,,,,,,,,,,,,,,63,32,32,,32,剛爆發,False
CARR,Industrials,Carrier Global,2025-03-24,61.99,-2.27,-8.08,-20.88,-13.03,0.0,30,49,71,43.9,,,,,,,,,,,,,,,,,,,,,,,64,32,32,,32,剛爆發,False
JBHT,Industrials,J.B. Hunt,2025-03-24,144.26,-9.35,-14.83,-14.8,-13.45,0.0,64,70,56,64.2,,,,,,,,,,,,,,,,,,,,,,,65,32,32,,32,剛爆發,False
NDSN,Industrials,Nordson Corporation,2025-03-24,197.14,-4.32,-4.4,-22.81,-13.59,0.0,40,36,74,45.6,,,,,,,,,,,,,,,,,,,,,,,66,32,32,,32,剛爆發,False
EME,Industrials,Emcor,2025-03-24,369.73,-9.3,-19.23,-13.07,-13.67,0.0,63,73,52,63.8,,,,,,,,,,,,,,,,,,,,,,,67,32,32,,32,剛爆發,False
ETN,Industrials,Eaton Corporation,2025-03-24,270.08,-6.19,-17.77,-15.98,-13.98,0.0,46,71,62,56.7,,,,,,,,,,,,,,,,,,,,,,,68,32,32,,32,剛爆發,False
LMT,Industrials,Lockheed Martin,2025-03-24,426.95,-1.25,-9.04,-23.15,-14.15,0.0,23,52,75,42.1,,,,,,,,,,,,,,,,,,,,,,,69,32,32,,32,剛爆發,False
IR,Industrials,Ingersoll Rand,2025-03-24,79.34,-6.28,-13.23,-18.97,-14.36,0.0,48,65,69,57.3,,,,,,,,,,,,,,,,,,,,,,,70,32,32,,32,剛爆發,False
AOS,Industrials,A. O. Smith,2025-03-24,63.55,-1.31,-3.63,-26.88,-14.68,0.0,24,32,77,37.0,,,,,,,,,,,,,,,,,,,,,,,71,32,32,,32,剛爆發,False
URI,Industrials,United Rentals,2025-03-24,620.88,-2.28,-12.2,-22.57,-14.91,0.0,31,62,73,48.7,,,,,,,,,,,,,,,,,,,,,,,72,32,32,,32,剛爆發,False
GNRC,Industrials,Generac,2025-03-24,127.09,-6.65,-18.36,-17.92,-15.21,0.0,53,72,68,61.7,,,,,,,,,,,,,,,,,,,,,,,73,32,32,,32,剛爆發,False
FIX,Industrials,Comfort Systems USA,2025-03-24,323.07,-10.68,-24.89,-16.74,-17.26,0.0,73,76,64,72.1,,,,,,,,,,,,,,,,,,,,,,,74,32,32,,32,剛爆發,False
SWK,Industrials,Stanley Black & Decker,2025-03-24,72.16,-10.8,-4.22,-29.01,-18.26,0.0,74,35,78,63.1,,,,,,,,,,,,,,,,,,,,,,,75,32,32,,32,剛爆發,False
HUBB,Industrials,Hubbell Incorporated,2025-03-24,326.96,-10.65,-21.25,-22.01,-18.98,0.0,71,74,72,72.1,,,,,,,,,,,,,,,,,,,,,,,76,32,32,,32,剛爆發,False
DAL,Industrials,Delta Air Lines,2025-03-24,43.09,-27.08,-28.26,-14.48,-21.08,0.0,79,77,55,73.6,,,,,,,,,,,,,,,,,,,,,,,77,32,32,,32,剛爆發,False
BLDR,Industrials,Builders FirstSource,2025-03-24,124.51,-10.42,-14.18,-35.9,-24.1,0.0,70,69,79,71.5,,,,,,,,,,,,,,,,,,,,,,,78,32,32,,32,剛爆發,False
VRT,Industrials,Vertiv,2025-03-24,74.14,-21.95,-35.47,-24.5,-26.6,0.0,77,79,76,77.4,,,,,,,,,,,,,,,,,,,,,,,79,32,32,,32,剛爆發,False
PLTR,Information Technology,Palantir Technologies,2025-03-24,85.85,1.1,8.56,133.03,68.93,1.0,4,5,1,3.7,23.72,10.06,False,False,90.98,18.25,1.097,False,125.41,-31.54,-5.62,1.1,11.0,9.0,109245372.0,99586733.0,1.222,91091700.0,95020220.0,101855653.0,0.894,85.94,1,7,13,5.8,2,吃老本,True
APP,Information Technology,AppLovin,2025-03-24,272.38,-16.38,-18.73,113.21,47.83,0.333,65,54,2,49.1,13.29,19.64,False,False,348.3,32.61,0.897,False,525.15,-48.13,-13.26,-16.38,12.0,8.0,10610183.0,11829175.0,1.5,15471800.0,10318340.0,10854473.0,1.425,73.06,2,20,2,9.2,5,吃老本,True
VRSN,Information Technology,Verisign,2025-03-24,247.17,5.48,23.03,31.62,22.94,1.0,1,1,3,1.4,-0.5,3.0,False,True,226.58,8.1,0.989,False,252.52,-2.12,2.62,5.48,13.0,7.0,830584.0,840157.0,1.857,746800.0,849210.0,824020.0,0.906,99.5,3,1,12,4.0,1,,False
CRWD,Information Technology,CrowdStrike,2025-03-24,89.28,-8.35,0.6,24.92,10.52,0.667,32,11,4,20.1,19.85,14.94,False,False,96.6,10.88,0.934,False,113.9,-21.62,-1.42,-8.35,8.0,12.0,21302000.0,22813266.0,0.667,13830000.0,16121600.0,18531333.0,0.746,70.76,4,25,19,15.4,14,吃老本,True
FTNT,Information Technology,Fortinet,2025-03-24,96.6,-10.56,0.54,24.73,9.86,0.667,45,12,5,27.1,21.86,21.52,False,False,102.61,7.62,0.977,False,114.82,-15.87,-2.08,-10.56,10.0,10.0,4468550.0,4573260.0,1.0,4501200.0,4030350.0,4315020.0,1.043,74.93,5,17,7,10.2,6,吃老本,True
FFIV,Information Technology,"F5, Inc.",2025-03-24,263.88,-9.76,3.23,20.49,8.61,0.667,41,9,6,24.4,13.67,6.41,False,False,283.99,7.77,0.929,False,313.0,-15.69,-1.68,-9.76,7.0,13.0,560557.0,603561.0,0.538,490900.0,542620.0,554500.0,0.885,67.8,6,28,15,16.6,18,吃老本,True
IBM,Information Technology,IBM,2025-03-24,236.34,-3.34,10.25,12.1,7.78,0.667,14,4,10,10.2,3.81,3.33,False,False,240.51,7.02,1.085,False,258.09,-8.43,0.05,-3.34,10.0,10.0,4894110.0,4511370.0,1.0,3125300.0,4621810.0,4784706.0,0.653,82.0,7,10,24,11.6,8,,True
CSCO,Information Technology,Cisco,2025-03-24,58.88,-5.07,2.79,16.45,7.66,0.667,23,10,7,15.9,3.41,4.47,False,False,59.99,4.19,0.794,False,64.33,-8.48,0.93,-5.07,8.0,12.0,20374500.0,25661866.0,0.667,24931700.0,26044370.0,24353200.0,1.024,71.22,8,24,8,14.4,11,吃老本,True
TDY,Information Technology,Teledyne Technologies,2025-03-24,495.52,-3.79,5.11,13.72,7.19,0.667,15,7,9,11.4,5.64,2.57,False,False,500.68,5.4,1.037,False,522.5,-5.16,-1.26,-3.79,9.0,11.0,305466.0,294663.0,0.818,200500.0,277710.0,286300.0,0.7,77.64,9,14,21,13.4,10,,True
ROP,Information Technology,Roper Technologies,2025-03-24,575.9,-0.32,11.39,5.52,5.53,0.667,6,3,13,6.5,1.73,1.94,False,True,563.17,5.18,0.807,False,588.28,-2.11,1.83,-0.32,12.0,8.0,547325.0,678512.0,1.5,876500.0,591120.0,583586.0,1.502,87.16,10,6,1,6.6,3,,True
GDDY,Information Technology,GoDaddy,2025-03-24,178.88,-0.35,-12.08,14.67,4.23,0.333,7,39,8,16.8,-5.54,27.91,False,False,190.2,5.19,0.847,False,216.0,-17.19,-0.8,-0.35,8.0,12.0,1484937.0,1752200.0,0.667,1270200.0,1398600.0,1536993.0,0.826,74.3,11,19,16,15.2,13,吃老本,False
JBL,Information Technology,Jabil,2025-03-24,135.75,-12.22,-6.76,11.28,0.89,0.333,53,26,11,36.5,6.17,6.53,False,False,154.05,10.77,1.297,False,174.41,-22.17,-6.36,-12.22,9.0,11.0,1855088.0,1430118.0,0.818,996300.0,1852570.0,1656940.0,0.601,75.1,12,16,25,16.2,16,,True
APH,Information Technology,Amphenol,2025-03-24,66.02,0.24,-5.62,2.91,0.11,0.667,5,23,15,12.4,9.23,10.42,False,False,67.17,11.03,1.084,False,78.51,-15.91,-0.02,0.24,11.0,9.0,9064836.0,8365300.0,1.222,9489700.0,9046110.0,8750013.0,1.085,87.44,13,4,5,7.8,4,剛爆發,True
INTC,Information Technology,Intel,2025-03-24,22.71,-4.3,11.87,-5.02,-0.62,0.333,18,2,31,15.8,8.71,-1533.52,False,True,22.25,15.9,1.439,False,44.94,-49.47,-6.39,-4.3,7.0,13.0,133411057.0,92697623.0,0.538,58365300.0,88824700.0,102708686.0,0.568,78.13,14,12,26,15.6,15,,True
TRMB,Information Technology,Trimble Inc.,2025-03-24,65.52,-8.97,-7.98,6.28,-1.1,0.333,36,32,12,30.0,0.57,13.27,False,False,72.14,10.38,1.079,False,77.78,-15.76,-7.12,-8.97,7.0,13.0,1957314.0,1814846.0,0.538,1409600.0,1722410.0,1808440.0,0.779,68.72,15,27,18,20.4,22,吃老本,True
GLW,Information Technology,Corning Inc.,2025-03-24,45.11,-8.55,-3.47,3.41,-1.3,0.333,33,19,14,25.0,2.1,3.05,False,False,48.79,9.4,1.129,False,54.11,-16.64,-5.5,-8.55,9.0,11.0,7121200.0,6309590.0,0.818,3752500.0,6942180.0,6745753.0,0.556,74.69,16,18,27,19.0,20,,True
TYL,Information Technology,Tyler Technologies,2025-03-24,579.66,-4.73,-1.27,0.37,-1.31,0.333,21,15,17,18.4,-0.23,3.68,False,False,598.27,4.7,0.784,False,661.31,-12.35,2.34,-4.73,11.0,9.0,256063.0,326555.0,1.222,297700.0,246270.0,268760.0,1.108,80.16,17,11,4,12.0,9,剛爆發,False
PANW,Information Technology,Palo Alto Networks,2025-03-24,172.76,-9.28,-7.21,2.91,-2.67,0.333,37,29,15,30.2,,,,,,,,,,,,,,,,,,,,,,,18,30,30,,30,吃老本,False
GEN,Information Technology,Gen Digital,2025-03-24,25.81,-3.29,-3.98,-2.94,-3.29,0.0,13,21,26,18.0,1.59,-0.42,False,False,26.76,6.29,0.729,False,30.84,-16.3,-2.76,-3.29,8.0,12.0,3849637.0,5280808.0,0.667,2433600.0,5129400.0,4971726.0,0.489,69.68,19,26,29,23.8,24,吃老本,True
MSI,Information Technology,Motorola Solutions,2025-03-24,427.03,-1.38,-7.1,-2.51,-3.38,0.0,9,28,24,17.7,3.94,10.62,False,False,437.05,4.89,0.843,False,498.35,-14.31,2.43,-1.38,12.0,8.0,745358.0,883700.0,1.5,833500.0,689670.0,777406.0,1.072,87.4,20,5,6,11.2,7,剛爆發,True
CTSH,Information Technology,Cognizant,2025-03-24,74.05,-8.92,-3.84,-0.56,-3.47,0.0,35,20,19,27.3,,,,,,,,,,,,,,,,,,,,,,,21,30,30,,30,吃老本,False
INTU,Information Technology,Intuit,2025-03-24,590.43,-2.43,-6.05,-2.93,-3.58,0.0,11,24,25,17.7,28.93,6.02,False,True,587.85,5.09,0.95,False,703.48,-16.07,-0.85,-2.43,11.0,9.0,1671418.0,1759000.0,1.222,1574600.0,1484230.0,1689006.0,0.932,83.16,22,9,10,14.4,11,剛爆發,True
TEL,Information Technology,TE Connectivity,2025-03-24,140.04,-7.73,-1.56,-5.21,-4.92,0.0,30,16,32,26.2,,,,,,,,,,,,,,,,,,,,,,,23,30,30,,30,吃老本,False
FICO,Information Technology,Fair Isaac,2025-03-24,1835.24,-2.71,-9.92,-4.4,-5.36,0.0,12,33,30,21.9,-4.78,2.38,False,True,1832.59,7.02,1.196,False,2402.52,-23.61,-0.97,-2.71,10.0,10.0,201400.0,168350.0,1.0,140100.0,151040.0,176066.0,0.796,83.92,24,8,17,16.2,16,剛爆發,False
QCOM,Information Technology,Qualcomm,2025-03-24,148.67,-2.31,-2.35,-9.28,-5.8,0.0,10,18,35,17.4,14.2,4.74,False,False,159.03,6.29,0.829,False,221.01,-32.73,-2.61,-2.31,8.0,12.0,6430537.0,7761600.0,0.667,8918000.0,6558090.0,6846813.0,1.303,72.07,25,23,3,19.8,21,,True
KEYS,Information Technology,Keysight Technologies,2025-03-24,150.33,-5.77,-7.72,-5.27,-6.01,0.0,28,30,33,29.6,,,,,,,,,,,,,,,,,,,,,,,26,30,30,,30,,False
WDAY,Information Technology,"Workday, Inc.",2025-03-24,238.49,-9.44,-10.42,-2.11,-6.02,0.0,40,34,22,34.6,,,,,,,,,,,,,,,,,,,,,,,27,30,30,,30,,False
ADSK,Information Technology,Autodesk,2025-03-24,261.63,-4.59,-12.08,-3.78,-6.06,0.0,20,39,28,27.3,,,,,,,,,,,,,,,,,,,,,,,28,30,30,,30,,False
CDNS,Information Technology,Cadence Design Systems,2025-03-24,256.69,2.47,-15.85,-6.36,-6.53,0.333,3,48,34,22.7,3.16,13.73,False,False,274.61,9.0,1.3,False,328.99,-21.98,-2.18,2.47,11.0,9.0,2591327.0,1992877.0,1.222,1248900.0,2247700.0,2330360.0,0.536,91.7,29,2,28,18.0,19,剛爆發,True
KLAC,Information Technology,KLA Corporation,2025-03-24,66.77,-4.97,4.7,-13.47,-6.8,0.333,22,8,44,22.2,5.73,4.03,False,False,72.05,9.57,0.885,False,88.24,-24.33,-4.66,-4.97,9.0,11.0,9559111.0,10800636.0,0.818,9895000.0,9452500.0,9905266.0,0.999,72.92,30,21,9,22.2,23,剛爆發,True
LRCX,Information Technology,Lam Research,2025-03-24,72.03,-5.1,-0.78,-11.68,-7.31,0.0,25,14,40,24.7,3.51,6.51,False,False,78.65,9.46,1.091,False,111.08,-35.15,-4.26,-5.1,7.0,13.0,12344128.0,11318938.0,0.538,9541500.0,9700920.0,10705980.0,0.891,72.4,31,22,14,24.0,25,剛爆發,True
FLEX,Information Technology,Flex Ltd.,2025-03-24,33.18,-12.43,-15.18,-1.13,-7.47,0.0,54,46,20,44.8,,,,,,,,,,,,,,,,,,,,,,,32,30,30,,30,,False
AAPL,Information Technology,Apple Inc.,2025-03-24,216.75,-9.9,-14.65,-4.13,-8.2,0.0,42,45,29,40.3,,,,,,,,,,,,,,,,,,,,,,,33,30,30,,30,,False
CRM,Information Technology,Salesforce,2025-03-24,266.86,-9.36,-20.23,-2.3,-8.55,0.0,38,56,23,40.4,,,,,,,,,,,,,,,,,,,,,,,34,30,30,,30,,False
MSFT,Information Technology,Microsoft,2025-03-24,375.11,-4.58,-11.84,-11.14,-9.68,0.0,19,38,38,28.5,,,,,,,,,,,,,,,,,,,,,,,35,30,30,,30,,False
MU,Information Technology,Micron Technology,2025-03-24,88.1,-5.54,-0.08,-17.53,-10.17,0.0,27,13,49,27.2,9.49,1.36,False,False,95.69,17.66,0.925,False,156.42,-43.68,-6.63,-5.54,10.0,10.0,22526530.0,24346180.0,1.0,17118000.0,26208850.0,24865433.0,0.688,75.21,36,15,22,24.8,26,剛爆發,True
LITE,Information Technology,Lumentum,2025-03-24,62.58,-11.02,-25.82,-3.02,-10.72,0.0,47,59,27,46.6,,,,,,,,,,,,,,,,,,,,,,,37,30,30,,30,剛爆發,False
ADI,Information Technology,Analog Devices,2025-03-24,197.99,-12.01,-6.71,-12.39,-10.87,0.0,50,25,42,40.9,,,,,,,,,,,,,,,,,,,,,,,38,30,30,,30,剛爆發,False
SNPS,Information Technology,Synopsys,2025-03-24,437.95,-4.23,-10.79,-14.68,-11.09,0.0,17,36,46,28.5,,,,,,,,,,,,,,,,,,,,,,,39,30,30,,30,剛爆發,False
TXN,Information Technology,Texas Instruments,2025-03-24,169.2,-10.03,-7.09,-14.51,-11.53,0.0,43,27,45,38.6,,,,,,,,,,,,,,,,,,,,,,,40,30,30,,30,剛爆發,False
SMCI,Information Technology,Supermicro,2025-03-24,34.26,-17.37,7.13,-18.38,-11.75,0.333,68,6,52,46.2,1.92,-1.93,False,False,39.01,24.39,1.239,False,110.61,-69.03,-18.72,-17.37,7.0,13.0,77100571.0,62246092.0,0.538,45561600.0,55942910.0,62282033.0,0.732,61.85,41,29,20,32.0,29,剛爆發,True
AVGO,Information Technology,Broadcom,2025-03-24,167.5,-14.94,-29.83,-1.51,-11.95,0.0,60,65,21,53.7,,,,,,,,,,,,,,,,,,,,,,,42,30,30,,30,剛爆發,False
ACN,Information Technology,Accenture,2025-03-24,295.24,-12.67,-14.19,-12.25,-12.84,0.0,56,44,41,49.4,,,,,,,,,,,,,,,,,,,,,,,43,30,30,,30,剛爆發,False
NVDA,Information Technology,Nvidia,2025-03-24,109.52,-12.2,-19.95,-9.65,-12.86,0.0,52,55,37,49.9,,,,,,,,,,,,,,,,,,,,,,,44,30,30,,30,剛爆發,False
PTC,Information Technology,PTC Inc.,2025-03-24,154.8,-5.4,-16.1,-15.03,-12.89,0.0,26,50,47,37.4,,,,,,,,,,,,,,,,,,,,,,,45,30,30,,30,剛爆發,False
CIEN,Information Technology,Ciena,2025-03-24,61.56,-22.63,-28.96,-0.4,-13.1,0.0,70,64,18,57.8,,,,,,,,,,,,,,,,,,,,,,,46,30,30,,30,剛爆發,False
STX,Information Technology,Seagate Technology,2025-03-24,83.78,-15.99,-2.03,-20.68,-14.85,0.0,62,17,55,47.1,,,,,,,,,,,,,,,,,,,,,,,47,30,30,,30,剛爆發,False
NOW,Information Technology,ServiceNow,2025-03-24,159.55,-14.2,-26.23,-9.53,-14.87,0.0,59,60,36,54.7,,,,,,,,,,,,,,,,,,,,,,,48,30,30,,30,剛爆發,False
AKAM,Information Technology,Akamai Technologies,2025-03-24,80.05,-0.78,-17.45,-21.19,-15.15,0.0,8,52,56,30.8,8.98,0.01,False,False,89.5,5.33,0.961,False,110.18,-27.35,-1.22,-0.78,9.0,11.0,2625866.0,2732881.0,0.818,1683000.0,1972010.0,2498933.0,0.673,78.13,49,12,23,29.0,27,剛爆發,True
HPQ,Information Technology,HP Inc.,2025-03-24,26.24,-8.7,-15.31,-19.74,-15.87,0.0,34,47,53,41.7,,,,,,,,,,,,,,,,,,,,,,,50,30,30,,30,剛爆發,False
ORCL,Information Technology,Oracle Corporation,2025-03-24,138.49,-15.17,-16.42,-16.12,-15.96,0.0,61,51,48,55.4,,,,,,,,,,,,,,,,,,,,,,,51,30,30,,30,剛爆發,False
NXPI,Information Technology,NXP Semiconductors,2025-03-24,185.81,-11.44,-10.68,-21.69,-16.38,0.0,49,35,57,46.4,,,,,,,,,,,,,,,,,,,,,,,52,30,30,,30,剛爆發,False
IT,Information Technology,Gartner,2025-03-24,418.25,-16.07,-14.11,-17.82,-16.45,0.0,63,43,50,54.4,,,,,,,,,,,,,,,,,,,,,,,53,30,30,,30,剛爆發,False
DDOG,Information Technology,Datadog,2025-03-24,101.1,-13.26,-30.75,-11.47,-16.74,0.0,58,67,39,56.9,,,,,,,,,,,,,,,,,,,,,,,54,30,30,,30,剛爆發,False
CDW,Information Technology,CDW Corporation,2025-03-24,157.91,-9.37,-7.83,-28.22,-18.41,0.0,39,31,64,41.6,,,,,,,,,,,,,,,,,,,,,,,55,30,30,,30,剛爆發,False
WDC,Information Technology,Western Digital,2025-03-24,40.43,-16.98,-11.47,-22.59,-18.41,0.0,66,37,58,55.7,,,,,,,,,,,,,,,,,,,,,,,55,30,30,,30,剛爆發,False
ADBE,Information Technology,Adobe Inc.,2025-03-24,385.71,-12.05,-13.61,-25.17,-19.0,0.0,51,42,61,50.3,,,,,,,,,,,,,,,,,,,,,,,57,30,30,,30,剛爆發,False
DELL,Information Technology,Dell Technologies,2025-03-24,90.18,-10.19,-21.03,-22.65,-19.13,0.0,44,57,59,50.9,,,,,,,,,,,,,,,,,,,,,,,58,30,30,,30,剛爆發,False
AMAT,Information Technology,Applied Materials,2025-03-24,143.6,-8.23,-12.85,-28.88,-19.71,0.0,31,41,65,40.8,,,,,,,,,,,,,,,,,,,,,,,59,30,30,,30,剛爆發,False
ANET,Information Technology,Arista Networks,2025-03-24,77.94,-16.24,-31.04,-18.01,-20.83,0.0,64,68,51,62.6,,,,,,,,,,,,,,,,,,,,,,,60,30,30,,30,剛爆發,False
MPWR,Information Technology,Monolithic Power Systems,2025-03-24,573.09,-5.09,-5.16,-37.09,-21.11,0.0,24,22,67,32.0,,,,,,,,,,,,,,,,,,,,,,,61,30,30,,30,剛爆發,False
ZBRA,Information Technology,Zebra Technologies,2025-03-24,280.79,-10.87,-27.83,-23.82,-21.59,0.0,46,62,60,53.6,,,,,,,,,,,,,,,,,,,,,,,62,30,30,,30,剛爆發,False
HPE,Information Technology,Hewlett Packard Enterprise,2025-03-24,15.36,-19.65,-26.48,-20.47,-21.77,0.0,69,61,54,63.6,,,,,,,,,,,,,,,,,,,,,,,63,30,30,,30,剛爆發,False
NTAP,Information Technology,NetApp,2025-03-24,85.91,-11.43,-24.08,-26.45,-22.1,0.0,48,58,62,53.8,,,,,,,,,,,,,,,,,,,,,,,64,30,30,,30,剛爆發,False
AMD,Information Technology,Advanced Micro Devices,2025-03-24,103.22,3.36,-17.55,-37.2,-22.14,0.333,2,53,68,30.5,0.36,0.46,False,False,109.49,12.95,1.085,False,187.69,-45.01,-3.03,3.36,11.0,9.0,35779090.0,32982100.0,1.222,31069100.0,34685580.0,33813273.0,0.919,88.13,65,3,11,29.4,28,剛爆發,True
COHR,Information Technology,Coherent Corp.,2025-03-24,65.73,-12.58,-32.23,-26.83,-24.62,0.0,55,69,63,60.8,,,,,,,,,,,,,,,,,,,,,,,66,30,30,,30,剛爆發,False
SWKS,Information Technology,Skyworks Solutions,2025-03-24,60.91,-3.81,-28.13,-33.93,-24.95,0.0,16,63,66,40.1,,,,,,,,,,,,,,,,,,,,,,,67,30,30,,30,剛爆發,False
MRVL,Information Technology,Marvell Technology,2025-03-24,61.79,-32.43,-45.37,-12.49,-25.7,0.0,72,72,43,66.2,,,,,,,,,,,,,,,,,,,,,,,68,30,30,,30,剛爆發,False
MCHP,Information Technology,Microchip Technology,2025-03-24,47.05,-17.26,-15.9,-38.7,-27.64,0.0,67,49,70,62.2,,,,,,,,,,,,,,,,,,,,,,,69,30,30,,30,剛爆發,False
TER,Information Technology,Teradyne,2025-03-24,82.44,-24.65,-35.53,-38.38,-34.24,0.0,71,70,69,70.3,,,,,,,,,,,,,,,,,,,,,,,70,30,30,,30,剛爆發,False
FSLR,Information Technology,First Solar,2025-03-24,127.32,-6.51,-30.29,-50.22,-34.31,0.0,29,66,72,48.7,,,,,,,,,,,,,,,,,,,,,,,71,30,30,,30,剛爆發,False
ON,Information Technology,ON Semiconductor,2025-03-24,40.94,-12.99,-37.98,-44.97,-35.22,0.0,57,71,71,64.0,,,,,,,,,,,,,,,,,,,,,,,72,30,30,,30,剛爆發,False
MOS,Materials,Mosaic Company (The),2025-03-24,26.17,14.97,15.21,2.59,8.84,1.0,1,2,3,1.7,-21.07,-34.49,False,True,25.37,9.98,0.908,False,31.1,-15.86,-2.08,14.97,10.0,10.0,5858610.0,6451700.0,1.0,3660000.0,5997270.0,5686933.0,0.644,89.04,1,2,18,4.8,2,,True
NEM,Materials,Newmont,2025-03-24,47.35,12.9,27.82,-9.73,5.31,0.667,2,1,12,3.7,35.75,-5.32,False,True,43.85,6.65,0.885,False,57.15,-17.14,1.52,12.9,12.0,8.0,10274983.0,11612200.0,1.5,11259000.0,11527610.0,10898520.0,1.033,96.33,2,1,5,2.2,1,,True
CTVA,Materials,Corteva,2025-03-24,60.33,-2.79,6.96,4.8,3.44,0.667,7,5,2,5.4,2.51,-64.42,False,False,61.64,5.25,0.819,False,65.27,-7.57,-1.07,-2.79,6.0,13.0,3015533.0,3682707.0,0.462,2534300.0,3223970.0,3357413.0,0.755,69.15,3,22,12,12.4,10,吃老本,True
IP,Materials,International Paper,2025-03-24,50.3,-5.57,-1.53,10.31,3.38,0.333,11,12,1,9.3,-174.99,74.83,False,False,51.61,11.29,0.943,False,56.58,-11.1,3.54,-5.57,9.0,11.0,6840300.0,7252772.0,0.818,4877200.0,7793810.0,7208533.0,0.677,76.85,4,9,17,8.6,3,,False
LIN,Materials,Linde plc,2025-03-24,451.57,-1.37,8.9,-3.64,0.06,0.333,5,3,7,4.8,1.18,0.88,False,True,447.0,3.76,0.742,False,476.45,-5.22,0.17,-1.37,10.0,10.0,2235880.0,3012620.0,1.0,1334700.0,2371050.0,2430886.0,0.549,77.23,5,8,20,9.2,7,,True
STLD,Materials,Steel Dynamics,2025-03-24,121.55,-8.22,7.52,-0.83,-0.59,0.333,21,4,4,12.5,5.5,3.44,False,False,125.74,7.15,0.797,False,151.9,-19.98,1.06,-8.22,9.0,11.0,1932488.0,2423372.0,0.818,2337300.0,2257700.0,2228400.0,1.049,71.72,6,15,4,9.2,7,吃老本,True
ECL,Materials,Ecolab,2025-03-24,246.28,-7.01,5.21,-1.48,-1.19,0.333,17,6,5,11.3,0.66,0.28,False,False,251.69,3.33,0.84,False,269.44,-8.6,-0.59,-7.01,9.0,11.0,1462777.0,1742281.0,0.818,775200.0,1512270.0,1675920.0,0.463,72.52,7,13,24,12.8,11,吃老本,True
APD,Materials,Air Products,2025-03-24,281.16,-7.55,0.43,-1.51,-2.54,0.333,19,9,6,13.4,0.67,2.49,False,False,299.7,3.43,1.047,False,328.17,-14.33,0.21,-7.55,6.0,14.0,1281500.0,1224257.0,0.429,604700.0,1113470.0,1129306.0,0.535,70.3,8,19,21,15.0,17,吃老本,True
CRH,Materials,CRH plc,2025-03-24,87.17,-13.69,-5.44,-4.01,-6.79,0.0,25,15,8,18.6,-16.82,-5.91,False,False,98.13,12.93,1.042,False,109.32,-20.26,-6.88,-13.69,8.0,12.0,12094900.0,11601950.0,0.667,11039900.0,14779200.0,12839060.0,0.86,67.28,9,23,10,14.8,16,吃老本,False
AMCR,Materials,Amcor,2025-03-24,46.14,-4.74,3.4,-12.92,-6.8,0.333,9,8,16,10.1,2.15,-1.22,False,False,47.18,7.03,0.813,False,53.6,-13.91,2.12,-4.74,10.0,10.0,4933932.0,6065164.0,1.0,4390220.0,5556228.0,5378352.0,0.816,77.24,10,7,11,9.0,4,,True
SHW,Materials,Sherwin-Williams,2025-03-24,335.87,-6.01,-0.81,-10.87,-7.14,0.0,14,11,14,13.1,1.62,-4.84,False,False,348.98,5.96,0.929,False,394.98,-14.97,1.6,-6.01,7.0,13.0,1906914.0,2051823.0,0.538,1305200.0,1904510.0,1915446.0,0.681,71.37,11,16,16,14.0,14,,True
CF,Materials,CF Industries,2025-03-24,75.32,-4.48,-8.12,-8.54,-7.42,0.0,8,18,11,11.6,18.13,34.29,False,False,80.36,6.2,0.779,False,95.04,-20.75,0.79,-4.48,9.0,11.0,2526455.0,3243945.0,0.818,1256400.0,2653580.0,2697126.0,0.466,73.53,12,11,23,13.8,13,,True
VMC,Materials,Vulcan Materials Company,2025-03-24,230.84,-5.6,-11.02,-6.55,-7.43,0.0,12,22,9,14.4,23.66,-4.06,False,False,251.13,6.44,0.854,False,294.97,-21.74,-0.49,-5.6,11.0,9.0,1388681.0,1626211.0,1.222,1009800.0,1096300.0,1373366.0,0.735,79.72,13,6,15,10.6,9,剛爆發,True
MLM,Materials,Martin Marietta Materials,2025-03-24,474.77,-0.9,-9.47,-11.07,-8.13,0.0,4,20,15,11.0,5.51,-5.53,False,False,503.08,4.45,1.101,False,627.1,-24.29,0.2,-0.9,9.0,11.0,742088.0,673845.0,0.818,551600.0,513360.0,639606.0,0.862,81.09,14,4,9,9.0,4,剛爆發,True
PKG,Materials,Packaging Corporation of America,2025-03-24,189.56,-7.65,-13.35,-8.27,-9.38,0.0,20,24,10,19.2,-2.53,5.86,False,False,203.47,4.82,0.913,False,240.28,-21.11,0.56,-7.65,7.0,13.0,963128.0,1054915.0,0.538,493200.0,945980.0,1034520.0,0.477,69.69,15,21,22,18.8,24,吃老本,False
NUE,Materials,Nucor,2025-03-24,119.29,-11.29,4.48,-18.38,-10.89,0.333,24,7,18,17.7,96.99,5.48,False,False,127.84,9.38,0.711,False,196.24,-39.21,-0.05,-11.29,10.0,10.0,2666730.0,3752540.0,1.0,2737200.0,3466490.0,3165493.0,0.865,70.64,16,18,8,15.2,18,,True
DD,Materials,DuPont,2025-03-24,90.69,-9.01,-2.91,-16.53,-11.24,0.0,22,13,17,18.3,15.33,14.71,False,False,95.66,5.65,0.822,False,109.28,-17.01,-1.52,-9.01,6.0,14.0,1705650.0,2075515.0,0.429,2838045.0,1907889.0,2023336.0,1.403,64.8,17,24,2,16.8,21,吃老本,True
FCX,Materials,Freeport-McMoRan,2025-03-24,37.72,4.09,-0.76,-24.65,-11.49,0.333,3,10,23,9.1,43.23,2.76,False,True,37.45,12.78,0.975,False,53.7,-29.76,-4.55,4.09,11.0,9.0,18784000.0,19260333.0,1.222,20227400.0,18918790.0,18589860.0,1.088,86.04,18,3,3,9.0,4,剛爆發,True
SW,Materials,Smurfit Westrock,2025-03-24,42.79,-14.52,-17.45,-9.89,-12.94,0.0,26,25,13,23.1,-28.25,-1.78,False,False,48.37,5.12,0.915,False,54.35,-21.27,0.68,-14.52,9.0,11.0,4103166.0,4482409.0,0.818,4134900.0,4481380.0,4211446.0,0.982,69.85,19,20,6,16.8,21,,False
AVY,Materials,Avery Dennison,2025-03-24,170.98,-6.03,-6.3,-20.22,-13.19,0.0,15,16,20,16.3,-1.33,-0.42,False,False,177.93,4.42,0.892,False,224.15,-23.72,0.68,-6.03,9.0,11.0,644100.0,722163.0,0.818,350700.0,589670.0,586800.0,0.598,74.53,20,10,19,15.8,19,剛爆發,False
PPG,Materials,PPG Industries,2025-03-24,104.0,-5.11,-10.23,-19.26,-13.46,0.0,10,21,19,15.1,-1.48,-0.86,False,False,111.38,7.91,0.917,False,137.9,-24.58,-2.97,-5.11,8.0,12.0,2270600.0,2476066.0,0.667,3315600.0,2412930.0,2302300.0,1.44,71.8,21,14,1,14.2,15,剛爆發,False
BALL,Materials,Ball Corporation,2025-03-24,50.53,-1.96,-7.48,-23.19,-13.96,0.0,6,17,21,12.3,3.72,6.02,False,False,51.2,5.74,0.766,False,69.12,-26.9,1.52,-1.96,8.0,12.0,2086500.0,2723458.0,0.667,1765800.0,2523740.0,2393920.0,0.738,72.84,22,12,14,16.4,20,剛爆發,True
LYB,Materials,LyondellBasell,2025-03-24,63.24,-7.53,-4.17,-25.12,-15.48,0.0,18,14,24,18.0,6.81,-4.28,False,False,67.62,8.15,0.807,False,91.2,-30.66,-2.42,-7.53,9.0,11.0,3024877.0,3746436.0,0.818,2586500.0,3781930.0,3487760.0,0.742,70.92,23,17,13,18.6,23,剛爆發,True
IFF,Materials,International Flavors & Fragrances,2025-03-24,74.27,-6.04,-9.13,-26.54,-17.06,0.0,16,19,25,18.7,,,,,,,,,,,,,,,,,,,,,,,24,25,25,,25,,False
ALB,Materials,Albemarle Corporation,2025-03-24,70.76,-5.76,-17.78,-24.12,-17.94,0.0,13,26,22,18.7,-63.0,-221.72,False,False,78.15,11.29,1.251,False,132.4,-46.55,-6.92,-5.76,10.0,10.0,2955960.0,2362710.0,1.0,1987800.0,2160410.0,2243646.0,0.886,80.67,25,5,7,13.4,12,剛爆發,True
DOW,Materials,Dow Inc.,2025-03-24,31.86,-9.84,-12.57,-35.45,-23.33,0.0,23,23,26,23.6,,,,,,,,,,,,,,,,,,,,,,,26,25,25,,25,,False
WELL,Real Estate,Welltower,2025-03-24,150.4,-0.06,23.28,21.75,16.68,0.667,6,1,1,3.5,-17.63,17.03,False,True,142.15,5.32,0.608,False,155.43,-3.24,4.71,-0.06,10.0,10.0,2750440.0,4525300.0,1.0,2853000.0,4394710.0,3788660.0,0.753,77.48,1,14,9,7.8,6,吃老本,False
VTR,Real Estate,Ventas,2025-03-24,66.07,-0.61,17.67,9.31,8.92,0.667,9,3,2,5.8,156.61,360.28,False,True,62.3,3.53,0.803,False,68.26,-3.21,2.86,-0.61,10.0,10.0,3043040.0,3787340.0,1.0,4211900.0,3842070.0,3693766.0,1.14,79.84,2,11,2,5.6,3,吃老本,True
CSGP,Real Estate,CoStar Group,2025-03-24,79.31,4.01,9.82,5.73,6.32,1.0,3,6,4,4.1,15.63,35.5,False,True,76.95,4.79,0.967,False,97.91,-19.0,1.08,4.01,10.0,10.0,3599590.0,3720690.0,1.0,2545000.0,2710770.0,3065486.0,0.83,84.77,3,6,6,4.8,1,,True
MAA,Real Estate,Mid-America Apartment Communities,2025-03-24,155.3,-1.32,8.99,7.24,5.54,0.667,10,8,3,8.0,41.29,15.43,False,True,149.3,4.43,0.852,False,162.3,-4.31,2.87,-1.32,10.0,10.0,760020.0,891920.0,1.0,527500.0,709190.0,804426.0,0.656,80.27,4,9,13,7.8,6,,True
ESS,Real Estate,Essex Property Trust,2025-03-24,289.17,-1.79,8.52,5.65,4.51,0.667,15,9,5,11.2,-52.45,-0.4,False,True,278.26,5.13,1.001,False,298.89,-3.25,1.98,-1.79,10.0,10.0,439940.0,439410.0,1.0,288700.0,447100.0,446933.0,0.646,82.24,5,8,14,8.0,9,,False
AMT,Real Estate,American Tower,2025-03-24,204.24,4.83,18.52,-4.89,3.39,0.667,2,2,15,4.6,32.02,-42.59,False,True,188.42,5.61,1.099,False,227.09,-10.06,-0.31,4.83,13.0,7.0,3051415.0,2776585.0,1.857,1907500.0,2900350.0,2990540.0,0.638,99.87,6,1,15,5.8,4,,True
CCI,Real Estate,Crown Castle,2025-03-24,97.79,11.94,16.31,-8.22,2.95,0.667,1,4,20,5.7,74.06,24.91,False,True,87.85,9.41,0.894,False,110.49,-11.49,-2.62,11.94,12.0,8.0,4226041.0,4725575.0,1.5,2689700.0,5403060.0,5079393.0,0.53,94.26,7,2,21,7.8,6,,True
INVH,Real Estate,Invitation Homes,2025-03-24,32.72,2.22,8.3,0.21,2.74,1.0,4,10,11,7.2,-11.29,-26.64,False,True,30.6,5.2,0.9,False,34.98,-6.47,2.64,2.22,12.0,8.0,3083125.0,3427200.0,1.5,2924300.0,3047230.0,3126626.0,0.935,90.63,8,3,3,5.0,2,,True
VICI,Real Estate,Vici Properties,2025-03-24,29.66,-0.14,12.11,-0.65,2.67,0.333,7,5,12,7.4,-0.16,0.77,False,True,28.49,2.94,0.696,False,31.11,-4.66,1.52,-0.14,10.0,10.0,6834360.0,9818500.0,1.0,4731100.0,7169080.0,8322146.0,0.568,77.7,9,13,20,12.8,14,,False
CPT,Real Estate,Camden Property Trust,2025-03-24,115.43,-1.42,6.14,0.56,1.46,0.667,12,12,9,11.4,-11.93,23.36,False,True,111.77,5.31,1.223,False,119.44,-3.36,2.59,-1.42,10.0,10.0,1057500.0,864500.0,1.0,1151100.0,910540.0,947273.0,1.215,86.59,10,5,1,6.2,5,,False
UDR,Real Estate,"UDR, Inc.",2025-03-24,41.91,-1.42,3.67,1.0,1.07,0.667,12,15,8,12.1,-8.33,-15.5,False,True,40.49,4.28,0.752,False,43.85,-4.43,2.72,-1.42,9.0,11.0,1738033.0,2312436.0,0.818,1487200.0,1933200.0,1921986.0,0.774,75.66,11,15,7,11.8,11,,True
REG,Real Estate,Regency Centers,2025-03-24,69.32,-4.08,-0.51,3.94,0.83,0.333,19,19,7,16.6,-3.06,15.81,False,True,69.05,3.73,0.844,False,73.66,-5.89,1.92,-4.08,8.0,12.0,976237.0,1156941.0,0.667,915700.0,950190.0,1023186.0,0.895,73.09,12,17,4,12.4,13,,False
CBRE,Real Estate,CBRE Group,2025-03-24,129.46,-8.79,-0.9,5.11,0.13,0.333,27,21,6,21.0,3.87,13.1,False,False,137.34,7.7,0.92,False,147.75,-12.38,-0.25,-8.79,7.0,13.0,1871514.0,2033553.0,0.538,1218800.0,1717060.0,1938746.0,0.629,68.81,13,20,16,16.4,17,吃老本,True
O,Real Estate,Realty Income,2025-03-24,52.42,-0.27,9.07,-7.22,-1.41,0.333,8,7,17,9.5,-44.38,-8.52,False,True,51.45,3.3,0.846,False,58.68,-10.67,1.45,-0.27,11.0,9.0,5573700.0,6588277.0,1.222,3504300.0,5339190.0,5847486.0,0.599,83.56,14,7,18,12.0,12,剛爆發,False
EQR,Real Estate,Equity Residential,2025-03-24,66.96,-3.76,0.67,-2.59,-2.07,0.333,18,17,13,16.7,-35.88,-4.25,False,True,66.52,5.58,0.823,False,72.78,-8.0,2.25,-3.76,10.0,10.0,1555500.0,1889990.0,1.0,1163200.0,1562760.0,1707966.0,0.681,78.05,15,12,12,13.2,15,,False
SBAC,Real Estate,SBA Communications,2025-03-24,210.83,0.03,7.26,-8.26,-2.31,0.667,5,11,21,10.0,0.9,-4.29,False,True,204.64,4.74,0.967,False,243.28,-13.34,-2.17,0.03,12.0,8.0,890383.0,920887.0,1.5,533800.0,735690.0,888286.0,0.601,88.57,16,4,17,11.4,10,剛爆發,True
SPG,Real Estate,Simon Property Group,2025-03-24,154.79,-10.62,-3.31,0.32,-3.32,0.333,29,24,10,23.7,-3.13,-4.56,False,False,163.61,5.84,0.945,False,176.96,-12.53,1.34,-10.62,6.0,13.0,1857933.0,1967038.0,0.462,1309300.0,1740120.0,1855373.0,0.706,67.62,17,21,11,17.4,20,,True
DOC,Real Estate,Healthpeak Properties,2025-03-24,18.44,-1.32,2.11,-8.02,-3.81,0.333,10,16,18,13.4,-4.74,-8.6,False,True,18.38,4.23,0.879,False,20.73,-11.05,0.8,-1.32,7.0,13.0,4224285.0,4803069.0,0.538,3458500.0,4605480.0,4624186.0,0.748,73.0,18,18,10,16.4,17,,True
AVB,Real Estate,AvalonBay Communities,2025-03-24,201.99,-5.57,-2.68,-3.71,-3.92,0.0,22,23,14,20.7,69.63,68.04,False,False,205.73,4.42,0.87,False,224.56,-10.05,1.92,-5.57,9.0,11.0,675966.0,776927.0,0.818,452400.0,766780.0,755780.0,0.599,74.92,19,16,18,17.6,21,,True
WY,Real Estate,Weyerhaeuser,2025-03-24,28.13,-1.78,5.63,-11.85,-4.96,0.333,14,14,24,16.0,59.84,1198.7,False,False,28.62,4.49,0.901,False,33.84,-16.88,0.62,-1.78,10.0,10.0,3506130.0,3890250.0,1.0,2568900.0,3191220.0,3326846.0,0.772,79.95,20,10,8,13.6,16,剛爆發,True
PLD,Real Estate,Prologis,2025-03-24,105.97,-10.08,5.89,-10.5,-6.3,0.333,28,13,22,22.3,100.81,68.27,False,False,111.93,5.46,1.033,False,124.06,-14.58,1.87,-10.08,6.0,14.0,4202666.0,4069271.0,0.429,3660200.0,4047010.0,4224953.0,0.866,69.21,21,19,5,17.0,19,,True
KIM,Real Estate,Kimco Realty,2025-03-24,19.75,-4.18,-9.39,-6.85,-6.81,0.0,20,26,16,21.0,,,,,,,,,,,,,,,,,,,,,,,22,22,22,,22,,False
PSA,Real Estate,Public Storage,2025-03-24,279.82,-2.08,-0.27,-15.85,-8.51,0.0,16,18,27,18.8,,,,,,,,,,,,,,,,,,,,,,,23,22,22,,22,,False
EXR,Real Estate,Extra Space Storage,2025-03-24,137.48,-3.57,-0.66,-16.14,-9.13,0.0,17,20,28,20.1,,,,,,,,,,,,,,,,,,,,,,,24,22,22,,22,,False
BXP,Real Estate,"BXP, Inc.",2025-03-24,62.94,-4.58,-8.07,-14.04,-10.18,0.0,21,25,26,23.2,,,,,,,,,,,,,,,,,,,,,,,25,22,22,,22,,False
EQIX,Real Estate,Equinix,2025-03-24,780.94,-11.23,-14.37,-8.12,-10.46,0.0,30,28,19,27.2,,,,,,,,,,,,,,,,,,,,,,,26,22,22,,22,,False
ARE,Real Estate,Alexandria Real Estate Equities,2025-03-24,87.27,-6.51,-1.47,-19.05,-11.52,0.0,23,22,29,23.9,,,,,,,,,,,,,,,,,,,,,,,27,22,22,,22,,False
FRT,Real Estate,Federal Realty Investment Trust,2025-03-24,90.8,-8.05,-12.15,-13.59,-11.84,0.0,25,27,25,25.6,,,,,,,,,,,,,,,,,,,,,,,28,22,22,,22,剛爆發,False
DLR,Real Estate,Digital Realty,2025-03-24,137.16,-8.33,-19.56,-10.5,-12.22,0.0,26,31,22,26.7,,,,,,,,,,,,,,,,,,,,,,,29,22,22,,22,剛爆發,False
HST,Real Estate,Host Hotels & Resorts,2025-03-24,12.84,-11.53,-19.27,-19.05,-17.22,0.0,31,30,29,30.3,,,,,,,,,,,,,,,,,,,,,,,30,22,22,,22,剛爆發,False
IRM,Real Estate,Iron Mountain,2025-03-24,81.66,-7.83,-17.99,-25.96,-19.43,0.0,24,29,31,26.9,,,,,,,,,,,,,,,,,,,,,,,31,22,22,,22,剛爆發,False
CNP,Utilities,CenterPoint Energy,2025-03-24,35.24,5.44,13.27,26.22,17.79,1.0,5,7,2,5.0,-0.32,0.31,False,True,32.8,4.06,0.86,False,35.38,-0.41,1.34,5.44,15.0,5.0,4643660.0,5397320.0,3.0,6252200.0,4722720.0,4947646.0,1.264,100.0,1,1,3,1.4,1,,False
ETR,Utilities,Entergy,2025-03-24,81.71,-3.32,12.23,30.74,17.6,0.667,28,8,1,16.6,4.27,0.48,False,True,80.47,4.9,0.809,False,85.55,-4.49,0.63,-3.32,11.0,9.0,4340327.0,5366400.0,1.222,3388700.0,5447420.0,5151780.0,0.658,80.75,2,20,22,13.2,11,吃老本,True
EXC,Utilities,Exelon,2025-03-24,42.77,1.15,20.56,12.88,11.87,1.0,15,2,6,9.3,7.95,5.9,False,True,40.42,5.35,0.862,False,43.24,-1.08,2.08,1.15,12.0,8.0,7280425.0,8447312.0,1.5,8286400.0,7855610.0,7837740.0,1.057,89.11,3,6,9,5.4,2,,True
WEC,Utilities,WEC Energy Group,2025-03-24,103.15,0.81,14.41,14.86,11.24,1.0,17,5,5,11.0,0.48,17.07,False,True,98.91,4.53,0.894,False,105.68,-2.4,0.69,0.81,11.0,9.0,2475372.0,2768900.0,1.222,1714400.0,2358150.0,2528240.0,0.678,84.74,4,15,21,11.8,8,吃老本,True
AEE,Utilities,Ameren,2025-03-24,96.22,-1.12,11.43,16.96,11.06,0.667,21,11,4,14.6,-1.19,-2.39,False,True,93.66,4.32,1.047,False,99.75,-3.54,0.8,-1.12,9.0,11.0,2066211.0,1973427.0,0.818,1797800.0,1966970.0,1971213.0,0.912,80.24,5,22,16,14.0,13,吃老本,True
NI,Utilities,NiSource,2025-03-24,38.35,-2.18,9.42,17.88,10.75,0.667,25,17,3,18.2,-2.3,24.4,False,True,37.3,3.89,0.87,False,39.82,-3.69,1.76,-2.18,10.0,10.0,4962720.0,5706240.0,1.0,3594300.0,4908450.0,5056533.0,0.711,79.61,6,23,20,15.6,17,吃老本,False
ED,Utilities,Consolidated Edison,2025-03-24,104.38,7.14,22.54,6.38,10.61,1.0,2,1,16,4.5,2.15,6.27,False,True,95.11,4.49,0.89,False,105.02,-0.61,0.9,7.14,12.0,8.0,2974133.0,3340350.0,1.5,2392300.0,2642950.0,2836206.0,0.843,92.73,7,4,17,7.8,5,,True
DTE,Utilities,DTE Energy,2025-03-24,131.1,2.98,13.46,9.07,8.64,1.0,8,6,11,8.0,4.93,18.49,False,True,122.8,3.84,1.506,False,132.69,-1.19,-0.39,2.98,13.0,7.0,1849330.0,1227742.0,1.857,1597800.0,1808290.0,1686580.0,0.947,100.0,8,1,15,6.6,3,剛爆發,True
EVRG,Utilities,Evergy,2025-03-24,64.86,-0.5,11.13,11.86,8.59,0.667,20,13,8,15.5,-6.53,4.36,False,True,62.8,3.77,0.847,False,66.15,-1.95,0.62,-0.5,12.0,8.0,2556166.0,3018312.0,1.5,1719500.0,2318970.0,2714306.0,0.633,87.27,9,11,23,12.6,9,,False
ATO,Utilities,Atmos Energy,2025-03-24,148.3,0.22,10.04,11.95,8.54,1.0,19,16,7,15.7,0.84,2.72,False,True,142.59,4.04,0.87,False,150.34,-1.35,2.58,0.22,11.0,9.0,852554.0,979600.0,1.222,858300.0,900890.0,880293.0,0.975,84.72,10,16,11,12.6,9,吃老本,True
PPL,Utilities,PPL Corporation,2025-03-24,34.33,2.24,10.7,10.34,8.41,1.0,9,14,9,10.5,-8.9,-1.12,False,True,32.71,5.91,1.007,False,34.58,-0.72,2.73,2.24,11.0,8.0,5609536.0,5571125.0,1.375,10031800.0,5530590.0,5588413.0,1.795,90.68,11,5,1,6.6,3,剛爆發,False
AEP,Utilities,American Electric Power,2025-03-24,102.76,0.86,16.7,7.04,7.91,1.0,16,4,13,11.8,-0.19,3.05,False,True,98.36,5.18,0.706,False,105.22,-2.34,1.76,0.86,11.0,9.0,4362245.0,6175577.0,1.222,6173400.0,6433290.0,5584293.0,1.105,81.91,12,19,8,14.0,13,吃老本,False
PNW,Utilities,Pinnacle West Capital,2025-03-24,89.72,1.76,12.01,8.93,7.91,1.0,10,9,12,10.1,58.07,-4.28,False,True,85.77,4.34,0.91,False,90.55,-0.92,0.44,1.76,11.0,8.0,1153845.0,1268625.0,1.375,1537000.0,1246460.0,1210386.0,1.27,87.77,12,9,2,8.8,6,,True
AWK,Utilities,American Water Works,2025-03-24,141.64,7.55,17.45,2.11,7.3,1.0,1,3,20,5.4,9.2,-2.07,False,True,128.7,7.28,1.011,False,147.28,-3.83,3.62,7.55,10.0,10.0,1728900.0,1709360.0,1.0,1596800.0,1546660.0,1679406.0,0.951,88.68,14,8,14,11.6,7,剛爆發,True
CMS,Utilities,CMS Energy,2025-03-24,71.45,1.55,11.48,6.96,6.74,1.0,12,10,14,11.8,-0.01,7.83,False,True,67.65,4.4,0.819,False,72.29,-1.17,0.93,1.55,10.0,10.0,2213420.0,2701370.0,1.0,2717800.0,2473180.0,2457260.0,1.106,80.64,15,21,7,15.8,19,吃老本,False
DUK,Utilities,Duke Energy,2025-03-24,114.34,1.63,11.24,4.91,5.67,1.0,11,12,18,12.7,0.71,-5.68,False,True,109.82,5.51,0.982,False,116.31,-1.7,0.26,1.63,10.0,10.0,4518790.0,4601390.0,1.0,3941400.0,4525320.0,4821440.0,0.817,83.27,16,18,18,17.2,21,,True
XEL,Utilities,Xcel Energy,2025-03-24,67.08,-2.49,4.03,9.78,5.28,0.667,26,20,10,21.0,-7.48,-0.95,False,True,65.52,4.61,0.898,False,69.44,-3.4,0.88,-2.49,9.0,11.0,3784777.0,4214863.0,0.818,3533500.0,3696300.0,3674126.0,0.962,76.85,17,24,12,18.8,22,吃老本,False
LNT,Utilities,Alliant Energy,2025-03-24,60.68,-1.47,7.71,6.44,4.78,0.667,22,19,15,19.7,2.77,4.37,False,True,58.79,3.91,1.005,False,63.5,-4.45,0.84,-1.47,11.0,9.0,2224963.0,2213644.0,1.222,2369800.0,2096320.0,2108173.0,1.124,85.38,18,13,6,13.6,12,,True
SO,Utilities,Southern Company,2025-03-24,87.51,1.49,10.54,2.84,4.43,1.0,13,15,19,14.8,-1.7,6.71,False,True,83.55,4.51,0.902,False,89.77,-2.51,1.98,1.49,11.0,9.0,4758172.0,5276822.0,1.222,4483700.0,4332280.0,4571180.0,0.981,85.8,19,12,10,14.4,16,剛爆發,False
NRG,Utilities,NRG Energy,2025-03-24,93.75,-9.94,3.98,5.29,1.15,0.667,29,21,17,24.2,,,,,,,,,,,,,,,,,,,,,,,20,25,25,,25,,False
D,Utilities,Dominion Energy,2025-03-24,52.03,-2.88,3.19,-1.54,-0.69,0.333,27,22,22,24.5,,,,,,,,,,,,,,,,,,,,,,,21,25,25,,25,,False
ES,Utilities,Eversource Energy,2025-03-24,57.73,-1.83,7.92,-7.25,-2.1,0.333,24,18,25,22.4,,,,,,,,,,,,,,,,,,,,,,,22,25,25,,25,,False
FE,Utilities,FirstEnergy,2025-03-24,38.1,3.33,2.06,-7.14,-2.22,0.667,7,23,24,15.2,-2.81,-6.04,False,True,37.82,6.96,1.061,False,41.88,-9.04,1.26,3.33,10.0,9.0,6655820.0,6271311.0,1.111,7014800.0,5576560.0,5779280.0,1.214,87.74,23,10,4,14.0,13,剛爆發,True
PEG,Utilities,Public Service Enterprise Group,2025-03-24,78.4,1.4,-3.11,-6.12,-3.49,0.333,14,26,23,19.4,1.47,2.67,False,False,79.38,4.91,0.918,False,90.1,-12.99,-1.63,1.4,13.0,7.0,3257261.0,3547028.0,1.857,1907300.0,2921460.0,3136066.0,0.608,94.12,24,3,24,15.6,17,剛爆發,True
VST,Utilities,Vistra Corp.,2025-03-24,118.28,-10.78,-14.62,1.47,-5.62,0.333,30,28,21,27.6,,,,,,,,,,,,,,,,,,,,,,,25,25,25,,25,,False
NEE,Utilities,NextEra Energy,2025-03-24,67.92,0.4,-1.5,-15.42,-7.98,0.333,18,25,28,22.1,,,,,,,,,,,,,,,,,,,,,,,26,25,25,,25,,False
PCG,Utilities,PG&E Corporation,2025-03-24,16.77,4.04,-15.49,-14.08,-9.9,0.333,6,29,26,16.9,0.05,15.01,False,True,16.02,3.74,0.786,False,21.4,-21.63,0.71,4.04,11.0,9.0,15076663.0,19193066.0,1.222,15065100.0,15443560.0,15692613.0,0.96,84.79,27,14,13,19.0,23,剛爆發,True
SRE,Utilities,Sempra,2025-03-24,67.19,-1.68,-19.83,-14.9,-12.82,0.0,23,30,27,25.9,,,,,,,,,,,,,,,,,,,,,,,28,25,25,,25,,False
CEG,Utilities,Constellation Energy,2025-03-24,204.04,-17.87,-9.17,-19.81,-16.66,0.0,31,27,29,29.4,,,,,,,,,,,,,,,,,,,,,,,29,25,25,,25,,False
AES,Utilities,AES Corporation,2025-03-24,11.46,7.08,-1.12,-36.52,-16.77,0.333,3,24,31,14.9,56.45,11.06,False,True,10.49,7.58,1.113,False,19.78,-42.07,-4.9,7.08,9.0,11.0,15605822.0,14023900.0,0.818,11105600.0,12630530.0,13676066.0,0.812,84.03,30,17,19,22.6,24,剛爆發,True
EIX,Utilities,Edison International,2025-03-24,53.45,6.87,-26.31,-31.65,-20.68,0.333,4,31,30,17.3,-4.42,8.93,False,True,50.76,5.25,0.949,False,80.59,-33.67,0.02,6.87,11.0,9.0,4194790.0,4418844.0,1.222,4991900.0,4480010.0,4302206.0,1.16,89.07,31,7,5,16.2,20,剛爆發,False
