symbol,sector,name,as_of_date,t_price,cum_ret_4w,cum_ret_13w,cum_ret_26w,point,di,cum_ret_4w_rank_in_sector,cum_ret_13w_rank_in_sector,cum_ret_26w_rank_in_sector,cms_a,surprise_l1,surprise_l2,pre_earnings_14d,above_50ma,ma50,amp_10d_pct,vp_ratio_stock,vcp,high_52w,pct_from_high,ret_5d,ret_20d,up_days_20,down_days_20,up_avg_vol,down_avg_vol,ud_ratio,vol_today,vol_10d_avg,vol_3w_avg,vol_ratio_stock_20d,vp_score_stock,point_rank_in_sector,vp_score_rank_in_sector,vol_rank_in_sector,composite_in_sector,composite_rank_in_sector,stock_gap_alert,earnings_passed
ECHO,Communication Services,EchoStar,2025-12-22,105.6,44.09,43.77,266.54,155.23,1.0,1,2,1,1.3,1.98,-1.75,False,True,80.92,10.94,2.71,False,111.39,-5.2,2.93,48.98,13.0,7.0,8059838.0,2973957.0,1.857,1857600.0,4207380.0,7636233.0,0.243,100.0,1,1,17,4.2,3,,True
WBD,Communication Services,Warner Bros. Discovery,2025-12-22,28.8,20.0,47.62,154.87,94.34,1.0,2,1,2,1.7,28.65,376.26,False,True,24.14,8.99,1.517,False,30.0,-4.0,4.31,20.6,12.0,8.0,80092050.0,52804325.0,1.5,26961300.0,60001130.0,81323393.0,0.332,100.0,2,1,13,3.8,1,,True
GOOG,Communication Services,Alphabet Inc. (Class C),2025-12-22,314.55,-1.55,27.5,76.95,44.96,0.667,17,3,3,10.0,26.88,5.09,False,True,293.21,6.17,1.115,False,328.03,-4.11,3.69,-1.6,9.0,11.0,22657411.0,20321400.0,0.818,6730900.0,20089610.0,20096720.0,0.335,82.3,3,16,11,9.8,11,吃老本,True
GOOGL,Communication Services,Alphabet Inc. (Class A),2025-12-22,313.1,-2.02,27.25,75.88,44.25,0.667,18,4,4,11.0,26.88,5.67,False,True,292.5,6.15,1.104,False,328.19,-4.6,3.65,-1.95,10.0,10.0,34155600.0,30929090.0,1.0,10899000.0,30597370.0,31647426.0,0.344,84.62,4,15,9,9.4,9,吃老本,True
FOXA,Communication Services,Fox Corporation (Class A),2025-12-22,73.94,13.44,21.5,31.44,24.45,1.0,3,5,5,4.0,37.42,27.28,False,True,65.72,6.28,1.177,False,74.27,-0.44,4.27,14.22,17.0,3.0,3655129.0,3104900.0,5.667,1248100.0,3547230.0,3751973.0,0.333,100.0,5,1,12,4.8,4,,True
FOX,Communication Services,Fox Corporation (Class B),2025-12-22,65.07,12.29,18.32,25.6,20.45,1.0,6,6,7,6.2,38.53,22.12,False,True,58.68,5.01,1.243,False,65.31,-0.37,3.17,12.56,16.0,4.0,1448412.0,1165625.0,4.0,691400.0,1657720.0,1478746.0,0.468,100.0,6,1,5,3.8,1,,True
EA,Communication Services,Electronic Arts,2025-12-22,204.4,1.46,6.02,30.09,16.92,1.0,15,8,6,11.1,52.69,25.75,False,True,201.49,0.9,1.242,True,204.45,-0.02,0.44,1.52,15.0,4.0,2082020.0,1675875.0,3.75,474400.0,1994350.0,1980286.0,0.24,100.0,7,1,18,6.8,7,剛爆發,True
TKO,Communication Services,TKO Group Holdings,2025-12-22,215.73,12.57,9.65,22.15,16.63,1.0,5,7,8,6.2,-8.04,7.47,False,True,191.32,7.75,0.778,False,216.39,-0.31,2.76,12.87,15.0,5.0,1077566.0,1385100.0,3.0,393700.0,1199910.0,1238160.0,0.318,100.0,8,1,14,6.4,6,剛爆發,False
OMC,Communication Services,Omnicom Group,2025-12-22,78.4,12.85,4.9,14.28,11.58,1.0,4,9,9,6.5,3.06,0.83,False,True,73.6,5.35,0.995,False,84.8,-7.54,-1.03,13.04,13.0,7.0,6181107.0,6211114.0,1.857,2029400.0,5047770.0,5919366.0,0.343,100.0,9,1,10,6.0,5,剛爆發,True
TTWO,Communication Services,Take-Two Interactive,2025-12-22,256.09,4.07,-0.01,6.07,4.05,0.667,10,11,11,10.5,-17.1,90.25,False,True,247.12,6.48,1.063,False,264.79,-3.29,3.83,5.11,12.0,8.0,1397775.0,1314475.0,1.5,920700.0,1536430.0,1453853.0,0.633,95.71,10,12,1,9.0,8,,False
DIS,Communication Services,Walt Disney Company (The),2025-12-22,112.7,9.44,0.76,-6.55,-0.73,0.667,9,10,14,10.3,8.42,11.3,False,True,108.12,5.53,0.94,False,122.91,-8.31,1.51,10.54,12.0,8.0,10848075.0,11534612.0,1.5,5428900.0,11562550.0,11540133.0,0.47,95.88,11,11,4,9.6,10,,True
LYV,Communication Services,Live Nation Entertainment,2025-12-22,145.81,10.92,-9.88,-2.79,-1.13,0.333,8,14,13,10.8,-51.15,-59.8,False,True,141.32,8.16,0.839,False,175.25,-16.8,4.99,11.26,12.0,8.0,2620041.0,3121612.0,1.5,1215800.0,2547330.0,2786460.0,0.436,95.94,12,10,8,10.4,12,,True
VZ,Communication Services,Verizon,2025-12-22,38.54,-1.53,-5.58,-1.11,-2.33,0.0,16,13,12,14.3,1.53,2.59,False,True,38.42,4.08,0.668,False,42.94,-10.23,0.17,-0.98,10.0,10.0,19176960.0,28697110.0,1.0,11875400.0,23321770.0,25178093.0,0.472,76.18,13,19,3,13.4,17,吃老本,True
CMCSA,Communication Services,Comcast,2025-12-22,26.79,11.13,-5.5,-14.36,-5.77,0.333,7,12,20,11.1,1.72,5.87,False,True,25.35,11.62,1.003,False,33.71,-20.51,-2.02,11.63,12.0,8.0,42698361.0,42565604.0,1.5,13253527.0,47464460.0,45750377.0,0.29,96.23,14,9,15,12.2,14,,True
PSKY,Communication Services,Paramount Skydance Corporation,2025-12-22,13.46,-14.84,-27.9,9.17,-6.1,0.333,23,23,10,20.4,-129.59,-16.36,False,False,14.98,9.75,1.232,False,20.57,-34.6,4.46,-13.6,10.0,10.0,13032670.0,10576010.0,1.0,2886800.0,8936170.0,13676806.0,0.211,80.19,15,18,19,17.0,18,,False
META,Communication Services,Meta Platforms,2025-12-22,662.11,2.45,-10.75,-9.45,-6.8,0.333,12,15,15,13.5,-84.34,20.96,False,True,655.79,11.0,0.886,False,793.65,-16.57,-0.17,4.77,11.0,9.0,15155045.0,17106611.0,1.222,7133800.0,16661850.0,16263473.0,0.439,86.63,16,13,7,13.0,15,,False
NWS,Communication Services,News Corp (Class B),2025-12-22,29.76,1.5,-11.18,-11.54,-8.19,0.333,14,16,18,15.4,16.76,5.56,False,True,29.5,3.8,1.27,False,35.34,-15.79,0.34,1.88,15.0,5.0,1064986.0,838680.0,3.0,314900.0,1253560.0,1104620.0,0.285,100.0,17,1,16,10.4,12,剛爆發,True
NWSA,Communication Services,News Corp (Class A),2025-12-22,26.11,2.1,-13.89,-10.6,-8.25,0.333,13,18,17,15.3,16.76,5.56,False,True,25.9,3.09,0.646,False,31.48,-17.05,-0.04,2.5,12.0,8.0,2991816.0,4630800.0,1.5,2055900.0,4577000.0,4054380.0,0.507,85.29,18,14,2,13.2,16,,True
T,Communication Services,AT&T,2025-12-22,23.79,-5.27,-11.99,-10.38,-9.51,0.0,21,17,16,18.8,,,,,,,,,,,,,,,,,,,,,,,19,20,20,,20,,False
TMUS,Communication Services,T-Mobile US,2025-12-22,198.96,-3.83,-14.94,-13.83,-11.61,0.0,20,19,19,19.5,,,,,,,,,,,,,,,,,,,,,,,20,20,20,,20,,False
NFLX,Communication Services,Netflix,2025-12-22,94.47,-12.19,-21.96,-28.6,-22.84,0.0,22,21,21,21.5,,,,,,,,,,,,,,,,,,,,,,,21,20,20,,20,,False
TTD,Communication Services,Trade Desk (The),2025-12-22,38.31,-3.16,-18.73,-44.74,-27.84,0.0,19,20,22,19.9,,,,,,,,,,,,,,,,,,,,,,,22,20,20,,20,,False
CHTR,Communication Services,Charter Communications,2025-12-22,207.16,3.52,-24.23,-48.34,-29.35,0.333,11,22,23,16.7,-10.27,-4.96,False,False,215.95,5.13,0.634,False,437.06,-52.6,0.32,3.68,11.0,9.0,1351300.0,2131500.0,1.222,791100.0,1900600.0,1793746.0,0.441,81.76,23,17,6,17.2,19,剛爆發,False
GM,Consumer Discretionary,General Motors,2025-12-22,82.68,13.2,35.9,67.96,46.25,1.0,9,1,2,5.2,20.55,2.15,False,True,72.19,4.01,1.103,False,83.3,-0.74,2.33,14.31,15.0,5.0,9761780.0,8852380.0,3.0,3411600.0,9616730.0,9805433.0,0.348,100.0,1,1,22,5.2,2,,True
EXPE,Consumer Discretionary,Expedia Group,2025-12-22,286.33,12.46,29.24,69.0,44.93,1.0,11,2,1,6.3,8.99,2.62,False,True,250.08,6.54,1.611,False,291.17,-1.66,0.69,11.62,12.0,8.0,1989091.0,1234750.0,1.5,534000.0,1614390.0,1722940.0,0.31,100.0,2,1,23,5.8,3,,True
TPR,Consumer Discretionary,"Tapestry, Inc.",2025-12-22,130.58,20.57,20.82,51.83,36.26,1.0,2,4,3,2.8,8.91,2.1,False,True,112.45,8.14,1.106,False,130.68,-0.08,4.7,19.02,14.0,6.0,2899414.0,2621150.0,2.333,1708900.0,2787930.0,2903193.0,0.589,100.0,3,1,2,2.0,1,,True
LVS,Consumer Discretionary,Las Vegas Sands,2025-12-22,65.48,-2.88,23.07,51.38,30.74,0.667,38,3,4,20.7,25.37,48.88,False,True,62.5,5.42,0.857,False,69.68,-6.03,-1.14,-3.0,7.0,13.0,4493400.0,5245530.0,0.538,2147000.0,5395460.0,4997513.0,0.43,70.81,4,26,9,13.8,13,吃老本,True
TSLA,Consumer Discretionary,"Tesla, Inc.",2025-12-22,475.19,10.47,7.9,46.83,28.01,1.0,13,16,5,12.3,-10.53,-1.11,False,True,444.14,11.93,1.158,False,498.83,-4.74,-1.69,11.4,11.0,9.0,79780572.0,68892333.0,1.222,58780700.0,86797700.0,78344980.0,0.75,94.76,5,16,1,8.6,7,吃老本,False
CVNA,Consumer Discretionary,Carvana,2025-12-22,87.69,17.08,18.73,37.34,27.62,1.0,6,7,7,6.5,-21.97,21.62,False,True,74.04,13.71,0.447,False,97.07,-9.66,-5.86,22.71,14.0,6.0,20530857.0,45950416.0,2.333,6285500.0,33210750.0,32778066.0,0.192,100.0,6,1,26,8.0,6,,False
ROST,Consumer Discretionary,Ross Stores,2025-12-22,180.4,2.94,19.82,42.33,26.86,1.0,23,5,6,14.2,10.9,1.36,False,True,168.16,3.83,1.106,False,185.09,-2.53,-0.78,2.17,10.0,10.0,2822240.0,2550800.0,1.0,918100.0,2513460.0,2629226.0,0.349,85.35,7,20,21,15.0,18,吃老本,True
ULTA,Consumer Discretionary,Ulta Beauty,2025-12-22,607.52,12.75,10.06,32.57,21.99,1.0,10,15,8,11.1,11.73,14.65,False,True,545.43,5.57,1.026,False,616.34,-1.43,2.27,13.52,10.0,10.0,931700.0,908020.0,1.0,358000.0,688130.0,941493.0,0.38,91.98,8,18,18,14.0,14,吃老本,True
RL,Consumer Discretionary,Ralph Lauren Corporation,2025-12-22,356.26,-2.26,15.08,30.31,18.36,0.667,35,9,10,22.2,9.86,7.79,False,True,341.78,6.25,1.095,False,377.08,-5.52,-2.98,-3.29,8.0,12.0,748450.0,683300.0,0.667,348100.0,737070.0,743473.0,0.468,76.0,9,25,6,14.8,16,吃老本,True
TJX,Consumer Discretionary,TJX Companies,2025-12-22,156.16,3.42,10.12,28.11,17.44,1.0,21,14,11,16.9,4.95,8.45,False,True,147.65,2.36,0.991,False,156.87,-0.46,1.44,2.6,10.0,10.0,4554290.0,4596890.0,1.0,1688200.0,4297750.0,4699240.0,0.359,84.47,10,22,20,16.8,20,吃老本,True
F,Consumer Discretionary,Ford Motor Company,2025-12-22,13.0,0.23,12.11,26.34,16.25,1.0,28,11,12,19.7,25.41,11.11,False,True,12.74,5.5,1.151,False,13.67,-4.86,-0.08,0.91,11.0,9.0,49588972.0,43066811.0,1.222,22471400.0,43713540.0,46759240.0,0.481,89.0,11,19,5,13.0,12,吃老本,True
WYNN,Consumer Discretionary,Wynn Resorts,2025-12-22,123.76,-3.36,-3.37,31.92,14.28,0.333,39,27,9,29.4,-25.44,-8.79,False,True,123.39,6.34,1.336,False,134.07,-7.69,-1.7,-3.94,8.0,12.0,1634500.0,1223083.0,0.667,717300.0,1270950.0,1273240.0,0.563,80.34,12,23,4,14.8,16,吃老本,False
MAR,Consumer Discretionary,Marriott International,2025-12-22,314.35,3.54,19.73,15.97,13.8,1.0,20,6,14,14.6,3.46,1.06,False,True,286.91,6.47,0.834,False,315.46,-0.35,2.86,3.59,13.0,7.0,1497792.0,1796014.0,1.857,663500.0,1597820.0,1679533.0,0.395,95.75,13,15,14,14.0,14,,True
CCL,Consumer Discretionary,Carnival Corporation,2025-12-22,30.37,19.08,0.26,12.62,11.15,1.0,3,23,20,12.4,38.64,8.54,False,True,27.26,17.73,1.498,False,32.54,-6.66,8.33,20.72,11.0,9.0,25105445.0,16764422.0,1.222,10287000.0,25838810.0,22918766.0,0.449,100.0,14,1,8,7.6,4,剛爆發,True
NCLH,Consumer Discretionary,Norwegian Cruise Line Holdings,2025-12-22,22.81,23.56,-8.91,13.03,10.18,0.667,1,36,19,15.1,3.31,-1.09,False,True,20.47,16.41,1.181,False,29.29,-22.12,5.46,24.44,13.0,6.0,17799984.0,15074233.0,2.167,8498900.0,17783340.0,18594586.0,0.457,100.0,15,1,7,7.8,5,剛爆發,True
HAS,Consumer Discretionary,Hasbro,2025-12-22,81.33,-0.05,10.24,14.95,10.02,0.667,30,13,16,22.1,2.87,68.56,False,True,77.56,6.67,0.944,False,83.88,-3.04,0.65,-0.13,9.0,11.0,1454644.0,1541318.0,0.818,660100.0,1558340.0,1584600.0,0.417,78.97,16,24,11,18.2,21,吃老本,True
HLT,Consumer Discretionary,Hilton Worldwide,2025-12-22,293.21,2.96,12.19,10.66,9.12,1.0,22,10,22,18.4,2.96,7.62,False,True,273.41,5.33,1.15,False,294.64,-0.49,2.02,2.7,9.0,11.0,1721633.0,1497372.0,0.818,601700.0,1750930.0,1629600.0,0.369,84.82,17,21,19,19.0,23,,True
MGM,Consumer Discretionary,MGM Resorts,2025-12-22,37.68,6.77,5.84,9.63,7.97,1.0,16,17,24,17.9,,,,,,,,,,,,,,,,,,,,,,,18,27,27,,27,吃老本,False
ABNB,Consumer Discretionary,Airbnb,2025-12-22,136.82,16.95,10.61,1.71,7.74,1.0,7,12,31,13.3,-4.76,9.41,False,True,124.65,7.7,0.963,False,163.93,-16.54,2.11,17.2,17.0,3.0,4550617.0,4725533.0,5.667,1776000.0,4670260.0,4540700.0,0.391,100.0,19,1,16,11.2,9,剛爆發,False
WSM,Consumer Discretionary,"Williams-Sonoma, Inc.",2025-12-22,186.63,4.77,-6.01,15.69,7.54,0.667,19,30,15,21.5,4.87,11.59,False,True,184.74,7.26,1.29,False,215.05,-13.22,-0.41,4.12,13.0,7.0,1329384.0,1030471.0,1.857,498900.0,1319450.0,1277460.0,0.391,100.0,20,1,16,11.6,11,剛爆發,True
EBAY,Consumer Discretionary,eBay Inc.,2025-12-22,84.69,2.92,-6.18,16.29,7.33,0.667,24,31,13,23.9,1.9,5.63,False,False,84.96,5.31,0.795,False,100.15,-15.44,1.85,3.66,14.0,6.0,3836292.0,4826083.0,2.333,1798000.0,4711840.0,4459040.0,0.403,100.0,21,1,12,11.2,9,剛爆發,True
MCD,Consumer Discretionary,McDonald's,2025-12-22,306.87,0.23,2.39,7.81,4.56,1.0,28,20,25,25.0,,,,,,,,,,,,,,,,,,,,,,,22,27,27,,27,,False
LOW,Consumer Discretionary,Lowe's,2025-12-22,240.75,0.83,-4.44,10.45,4.32,0.667,26,28,23,26.0,,,,,,,,,,,,,,,,,,,,,,,23,27,27,,27,,False
AMZN,Consumer Discretionary,Amazon,2025-12-22,232.52,-0.3,5.8,4.13,3.44,0.667,31,18,29,26.7,,,,,,,,,,,,,,,,,,,,,,,24,27,27,,27,,False
DECK,Consumer Discretionary,Deckers Brands,2025-12-22,103.09,17.11,-2.53,-1.07,3.11,0.333,5,26,35,17.3,15.06,36.6,False,True,91.78,7.78,0.964,False,223.98,-53.97,2.53,18.24,12.0,8.0,3137158.0,3254450.0,1.5,1781000.0,2875180.0,3060706.0,0.582,100.0,25,1,3,11.0,8,剛爆發,True
APTV,Consumer Discretionary,Aptiv,2025-12-22,76.91,-0.83,-10.8,11.82,3.0,0.333,32,38,21,31.6,,,,,,,,,,,,,,,,,,,,,,,26,27,27,,27,,False
PHM,Consumer Discretionary,PulteGroup,2025-12-22,118.69,-6.09,-8.92,13.38,2.94,0.333,41,37,18,35.2,,,,,,,,,,,,,,,,,,,,,,,27,27,27,,27,,False
LULU,Consumer Discretionary,Lululemon Athletica,2025-12-22,208.97,13.46,18.53,-11.08,2.46,0.667,8,8,44,15.2,17.1,8.74,False,True,181.25,13.1,1.253,False,423.32,-50.64,-2.85,14.86,11.0,9.0,6529963.0,5210944.0,1.222,2076700.0,7717240.0,6898280.0,0.301,98.04,28,13,24,21.2,24,剛爆發,True
YUM,Consumer Discretionary,Yum! Brands,2025-12-22,151.79,0.49,0.83,4.25,2.45,1.0,27,22,28,25.7,,,,,,,,,,,,,,,,,,,,,,,29,27,27,,27,,False
DHI,Consumer Discretionary,D. R. Horton,2025-12-22,145.46,-7.98,-12.22,14.35,2.12,0.333,43,41,17,37.2,,,,,,,,,,,,,,,,,,,,,,,30,27,27,,27,,False
GPC,Consumer Discretionary,Genuine Parts Company,2025-12-22,123.41,-2.68,-7.83,6.1,0.42,0.333,37,33,26,33.6,,,,,,,,,,,,,,,,,,,,,,,31,27,27,,27,,False
BKNG,Consumer Discretionary,Booking Holdings,2025-12-22,216.57,10.9,-1.76,-4.1,0.24,0.333,12,24,40,21.2,3.73,9.93,False,True,202.83,4.32,1.309,False,231.62,-6.5,1.77,10.97,13.0,7.0,6632692.0,5067500.0,1.857,1740000.0,5027500.0,6105000.0,0.285,100.0,32,1,25,18.2,21,剛爆發,True
DASH,Consumer Discretionary,DoorDash,2025-12-22,233.95,17.94,-10.87,-3.45,0.04,0.333,4,39,36,20.9,-18.73,49.52,False,True,226.4,7.74,1.214,False,285.5,-18.06,1.3,19.37,14.0,6.0,5024135.0,4138050.0,2.333,1706700.0,3837840.0,4319173.0,0.395,100.0,33,1,14,16.4,19,剛爆發,False
DPZ,Consumer Discretionary,Domino's,2025-12-22,420.82,1.82,-1.94,-3.91,-1.99,0.333,25,25,37,27.4,,,,,,,,,,,,,,,,,,,,,,,34,27,27,,27,剛爆發,False
BBY,Consumer Discretionary,Best Buy,2025-12-22,67.67,-11.04,-7.38,4.72,-2.24,0.333,45,32,27,37.5,,,,,,,,,,,,,,,,,,,,,,,35,27,27,,27,剛爆發,False
NVR,Consumer Discretionary,"NVR, Inc.",2025-12-22,7382.16,-1.67,-8.1,0.09,-2.4,0.333,34,34,33,33.8,,,,,,,,,,,,,,,,,,,,,,,36,27,27,,27,剛爆發,False
GRMN,Consumer Discretionary,Garmin,2025-12-22,203.82,5.67,-14.18,-0.57,-2.41,0.333,17,45,34,28.8,,,,,,,,,,,,,,,,,,,,,,,37,27,27,,27,剛爆發,False
SBUX,Consumer Discretionary,Starbucks,2025-12-22,84.04,-2.33,2.76,-6.35,-3.07,0.333,36,19,42,32.1,,,,,,,,,,,,,,,,,,,,,,,38,27,27,,27,剛爆發,False
TSCO,Consumer Discretionary,Tractor Supply,2025-12-22,50.75,-6.19,-8.68,0.19,-3.62,0.333,42,35,32,37.9,,,,,,,,,,,,,,,,,,,,,,,39,27,27,,27,剛爆發,False
ORLY,Consumer Discretionary,O’Reilly Automotive,2025-12-22,92.25,-9.29,-13.05,3.47,-3.85,0.333,44,43,30,40.9,,,,,,,,,,,,,,,,,,,,,,,40,27,27,,27,剛爆發,False
DRI,Consumer Discretionary,Darden Restaurants,2025-12-22,184.06,4.89,0.94,-11.52,-4.3,0.667,18,21,45,24.3,,,,,,,,,,,,,,,,,,,,,,,41,27,27,,27,剛爆發,False
RCL,Consumer Discretionary,Royal Caribbean Group,2025-12-22,282.69,7.66,-12.31,-7.1,-4.71,0.333,15,42,43,28.7,1.24,7.33,False,True,272.25,9.49,1.141,False,360.34,-21.55,-0.03,7.88,11.0,9.0,2410018.0,2111311.0,1.222,986200.0,2248220.0,2479100.0,0.398,93.02,42,17,13,26.2,25,剛爆發,True
HD,Consumer Discretionary,Home Depot (The),2025-12-22,344.87,-1.37,-14.15,-3.99,-5.87,0.0,33,44,38,37.3,,,,,,,,,,,,,,,,,,,,,,,43,27,27,,27,剛爆發,False
AZO,Consumer Discretionary,AutoZone,2025-12-22,3448.7,-12.79,-17.85,-4.45,-9.89,0.0,46,47,41,45.3,,,,,,,,,,,,,,,,,,,,,,,44,27,27,,27,剛爆發,False
LEN,Consumer Discretionary,Lennar,2025-12-22,103.27,-20.11,-16.42,-4.0,-11.13,0.0,47,46,39,45.1,,,,,,,,,,,,,,,,,,,,,,,45,27,27,,27,剛爆發,False
NKE,Consumer Discretionary,"Nike, Inc.",2025-12-22,59.99,-5.12,-11.53,-14.44,-11.38,0.0,40,40,46,41.2,,,,,,,,,,,,,,,,,,,,,,,46,27,27,,27,剛爆發,False
CMG,Consumer Discretionary,Chipotle Mexican Grill,2025-12-22,37.81,9.53,-5.66,-31.32,-14.69,0.333,14,29,47,25.1,0.87,1.26,False,True,35.08,8.24,1.179,False,62.88,-39.87,0.48,11.11,11.0,9.0,20658963.0,17517566.0,1.222,8470000.0,21989280.0,19797873.0,0.428,95.83,47,14,10,26.4,26,剛爆發,True
EL,Consumer Staples,Estée Lauder Companies (The),2025-12-22,106.9,14.44,24.69,35.43,27.5,1.0,2,3,1,2.1,81.88,1.07,False,True,96.88,9.64,1.198,False,109.6,-2.46,-0.27,15.32,13.0,7.0,3707069.0,3093114.0,1.857,981500.0,3410310.0,3444620.0,0.285,100.0,1,1,23,5.4,3,,True
DG,Consumer Staples,Dollar General,2025-12-22,135.91,25.89,35.79,21.78,26.31,1.0,1,1,4,1.6,37.55,18.47,False,True,111.01,5.66,1.099,False,136.52,-0.45,0.85,26.73,14.0,6.0,4907800.0,4464916.0,2.333,1722500.0,3723490.0,4504760.0,0.382,100.0,2,1,18,4.8,2,,True
DLTR,Consumer Staples,Dollar Tree,2025-12-22,123.95,11.86,30.39,25.58,23.35,1.0,3,2,2,2.5,11.8,87.65,False,True,109.89,10.63,1.064,False,132.48,-6.44,-2.32,12.94,10.0,10.0,3799300.0,3571690.0,1.0,1894100.0,3174080.0,3371740.0,0.562,90.45,3,8,9,6.2,4,,True
MNST,Consumer Staples,Monster Beverage,2025-12-22,77.31,3.09,18.32,25.28,17.99,1.0,7,4,3,5.3,9.22,4.1,False,True,72.09,7.3,1.532,False,78.31,-1.28,2.45,3.03,11.0,9.0,6135818.0,4005866.0,1.222,2204900.0,5453680.0,5259546.0,0.419,97.93,4,4,17,6.6,5,,True
WMT,Consumer Staples,Walmart,2025-12-22,111.3,1.32,8.54,15.38,10.15,1.0,11,9,5,9.2,3.11,-7.97,False,True,107.39,6.05,0.718,False,116.99,-4.86,-2.69,2.63,13.0,7.0,18311192.0,25502414.0,1.857,9003800.0,20495390.0,21358926.0,0.422,90.92,5,7,15,7.8,6,,True
TGT,Consumer Staples,Target Corporation,2025-12-22,97.63,9.85,14.75,2.69,7.49,1.0,4,5,13,6.1,4.09,0.82,False,True,90.32,9.51,0.681,False,136.26,-28.36,0.5,10.86,16.0,4.0,6543756.0,9611325.0,4.0,10644100.0,7908250.0,7505613.0,1.418,100.0,6,1,1,3.0,1,,True
CASY,Consumer Staples,Casey's,2025-12-22,567.45,-0.29,4.0,12.62,7.24,0.667,15,15,7,13.4,6.26,14.26,False,True,546.28,7.62,0.93,False,574.61,-1.25,3.88,-0.42,10.0,10.0,304390.0,327400.0,1.0,146000.0,287330.0,339866.0,0.43,82.57,7,15,14,11.6,7,吃老本,True
BG,Consumer Staples,Bunge Global,2025-12-22,88.04,-7.28,9.47,12.53,6.81,0.667,32,7,8,19.7,15.32,20.91,False,False,92.88,7.36,0.823,False,97.67,-9.86,-2.88,-7.67,6.0,14.0,1081183.0,1313721.0,0.429,810000.0,1413920.0,1290486.0,0.628,65.08,8,23,5,13.4,12,吃老本,True
TSN,Consumer Staples,Tyson Foods,2025-12-22,57.6,1.77,9.02,7.91,6.65,1.0,10,8,11,9.6,37.77,16.17,False,True,53.87,5.07,1.079,False,61.64,-6.55,0.53,2.02,11.0,9.0,3038200.0,2817055.0,1.222,1086200.0,2504000.0,2954500.0,0.368,88.63,9,10,20,11.6,7,,True
PEP,Consumer Staples,PepsiCo,2025-12-22,141.02,-2.39,3.38,11.88,6.19,0.667,22,16,10,17.8,1.33,4.48,False,False,143.76,6.36,0.908,False,152.31,-7.41,-3.74,-1.89,8.0,12.0,7449162.0,8204216.0,0.667,4975500.0,7999450.0,8580586.0,0.58,73.26,10,21,7,13.8,14,吃老本,True
HSY,Consumer Staples,Hershey Company (The),2025-12-22,181.6,-2.06,-1.32,12.01,5.16,0.333,20,21,9,18.1,22.22,20.42,False,True,177.71,6.63,1.235,False,193.21,-6.01,-2.1,-2.13,9.0,11.0,1581455.0,1280618.0,0.818,814700.0,1473780.0,1474820.0,0.552,81.77,11,18,10,13.6,13,吃老本,True
ADM,Consumer Staples,Archer Daniels Midland,2025-12-22,57.1,-4.66,-3.63,13.31,4.58,0.333,27,24,6,21.9,7.91,16.82,False,False,58.42,5.65,0.731,False,63.56,-10.16,-0.67,-4.36,9.0,11.0,2172911.0,2974427.0,0.818,1172200.0,2943360.0,2781353.0,0.421,72.17,12,22,16,16.8,19,吃老本,True
TAP,Consumer Staples,Molson Coors Beverage Company,2025-12-22,45.4,0.85,4.63,-0.19,1.27,0.667,12,14,18,13.8,-1.48,12.87,False,True,44.77,7.57,0.851,False,61.44,-26.1,-2.66,0.63,11.0,9.0,2873045.0,3375633.0,1.222,2043600.0,2765250.0,2989973.0,0.683,82.54,13,16,3,12.2,10,,False
KO,Consumer Staples,Coca-Cola Company (The),2025-12-22,68.95,-3.77,7.14,0.81,1.25,0.667,24,10,15,18.0,5.32,3.93,False,False,69.13,3.24,0.915,False,71.95,-4.17,-0.7,-3.46,9.0,11.0,15567811.0,17006427.0,0.818,5711400.0,15310940.0,16719126.0,0.342,75.94,14,20,22,18.0,21,吃老本,True
SJM,Consumer Staples,J.M. Smucker Company (The),2025-12-22,97.6,-4.33,-7.82,6.32,0.13,0.333,25,29,12,23.6,-0.03,-1.36,False,False,100.58,5.9,0.739,False,115.49,-15.49,-0.7,-3.4,11.0,9.0,1252609.0,1694211.0,1.222,961200.0,1482690.0,1419006.0,0.677,78.95,15,19,4,14.4,15,,True
MO,Consumer Staples,Altria,2025-12-22,55.82,-0.6,-10.74,1.45,-2.11,0.333,16,31,14,20.1,0.13,3.99,False,False,56.52,3.06,0.636,False,64.24,-13.12,0.45,-0.06,12.0,8.0,7421591.0,11671462.0,1.5,8976100.0,11339060.0,9800213.0,0.916,83.77,16,12,2,11.6,7,,True
MKC,Consumer Staples,McCormick & Company,2025-12-22,67.24,2.15,5.64,-8.5,-2.3,0.667,9,13,22,12.8,4.15,5.7,False,True,64.6,4.91,1.049,False,82.55,-18.55,0.69,2.42,10.0,10.0,2663580.0,2539800.0,1.0,1538200.0,3039240.0,2786873.0,0.552,85.08,17,11,10,13.2,11,剛爆發,True
BF-B,Consumer Staples,Brown–Forman,2025-12-22,25.73,-8.92,-2.6,0.54,-2.61,0.333,34,22,16,26.8,,,,,,,,,,,,,,,,,,,,,,,18,24,24,,24,吃老本,False
SYY,Consumer Staples,Sysco,2025-12-22,72.65,-2.59,-8.82,0.3,-2.7,0.333,23,30,17,23.9,,,,,,,,,,,,,,,,,,,,,,,19,24,24,,24,,False
GIS,Consumer Staples,General Mills,2025-12-22,44.85,-0.63,-4.89,-4.56,-3.66,0.0,17,27,20,20.6,,,,,,,,,,,,,,,,,,,,,,,20,24,24,,24,,False
PM,Consumer Staples,Philip Morris International,2025-12-22,158.31,3.2,-0.51,-9.38,-4.02,0.333,6,18,25,13.4,6.88,2.8,False,True,150.08,9.18,0.774,False,178.82,-11.47,3.31,3.85,10.0,10.0,5286850.0,6831430.0,1.0,3795300.0,6835350.0,6579060.0,0.577,82.18,21,17,8,16.8,19,,True
KDP,Consumer Staples,Keurig Dr Pepper,2025-12-22,27.43,0.72,10.2,-13.69,-4.12,0.667,13,6,29,14.1,0.44,0.96,False,True,27.1,6.81,0.783,False,34.77,-21.11,0.0,1.52,13.0,7.0,13594538.0,17369314.0,1.857,5889600.0,14940370.0,15691346.0,0.375,92.46,22,6,19,15.0,16,剛爆發,True
STZ,Consumer Staples,Constellation Brands,2025-12-22,136.51,2.22,6.05,-12.4,-4.13,0.667,8,11,28,12.9,6.51,-2.27,False,True,133.26,12.13,1.043,False,221.42,-38.35,1.9,3.35,9.0,11.0,2608900.0,2501245.0,0.818,1616000.0,2508210.0,2652540.0,0.609,83.3,23,13,6,15.6,17,剛爆發,True
KHC,Consumer Staples,Kraft Heinz,2025-12-22,23.31,-5.41,-5.9,-2.88,-4.27,0.0,29,28,19,26.7,,,,,,,,,,,,,,,,,,,,,,,24,24,24,,24,,False
CL,Consumer Staples,Colgate-Palmolive,2025-12-22,78.31,-0.82,0.85,-8.98,-4.48,0.333,18,17,23,18.7,,,,,,,,,,,,,,,,,,,,,,,25,24,24,,24,,False
CHD,Consumer Staples,Church & Dwight,2025-12-22,84.85,0.27,-1.17,-9.3,-4.88,0.333,14,20,24,17.8,9.93,9.51,False,True,84.26,5.1,1.018,False,114.59,-25.95,0.38,0.99,13.0,7.0,2488361.0,2443628.0,1.857,928000.0,2175920.0,2556293.0,0.363,96.42,26,5,21,16.6,18,剛爆發,True
PG,Consumer Staples,Procter & Gamble,2025-12-22,141.59,-2.31,-4.42,-8.2,-5.78,0.0,21,25,21,22.2,,,,,,,,,,,,,,,,,,,,,,,27,24,24,,24,,False
KVUE,Consumer Staples,Kenvue,2025-12-22,16.79,-0.92,6.01,-15.84,-6.65,0.333,19,12,31,19.3,5.72,2.22,False,True,15.89,3.29,0.923,False,23.84,-29.57,0.53,-0.17,10.0,9.0,31198440.0,33798133.0,1.111,15562000.0,35045490.0,35127480.0,0.443,82.93,28,14,13,19.4,23,剛爆發,True
KR,Consumer Staples,Kroger,2025-12-22,62.6,-5.99,-2.86,-10.51,-7.47,0.0,30,23,26,27.1,,,,,,,,,,,,,,,,,,,,,,,29,24,24,,24,,False
COST,Consumer Staples,Costco,2025-12-22,869.51,-4.4,-4.52,-11.1,-7.78,0.0,26,26,27,26.2,,,,,,,,,,,,,,,,,,,,,,,30,24,24,,24,剛爆發,False
HRL,Consumer Staples,Hormel Foods,2025-12-22,23.34,4.52,-0.64,-18.61,-8.34,0.333,5,19,33,14.8,5.99,-14.55,False,True,22.26,4.08,1.252,False,29.98,-22.17,1.08,4.43,10.0,10.0,5999070.0,4791360.0,1.0,2674100.0,4647660.0,5025533.0,0.532,90.0,31,9,12,18.4,22,剛爆發,True
MDLZ,Consumer Staples,Mondelez International,2025-12-22,53.23,-5.09,-13.07,-18.17,-13.62,0.0,28,32,32,30.0,,,,,,,,,,,,,,,,,,,,,,,32,24,24,,24,剛爆發,False
CLX,Consumer Staples,Clorox,2025-12-22,96.24,-8.72,-19.96,-15.58,-14.96,0.0,33,34,30,32.7,,,,,,,,,,,,,,,,,,,,,,,33,24,24,,24,剛爆發,False
KMB,Consumer Staples,Kimberly-Clark,2025-12-22,98.42,-6.32,-16.36,-19.28,-15.31,0.0,31,33,34,32.2,,,,,,,,,,,,,,,,,,,,,,,34,24,24,,24,剛爆發,False
HAL,Energy,Halliburton,2025-12-22,27.71,7.31,12.06,37.82,23.75,1.0,1,1,1,1.0,16.93,-0.72,False,True,26.57,9.88,1.377,False,29.4,-5.76,1.82,9.1,12.0,8.0,11491550.0,8346600.0,1.5,3005600.0,10197120.0,10603840.0,0.283,100.0,1,1,20,4.8,2,,True
APA,Energy,APA Corporation,2025-12-22,23.63,-3.16,-0.97,33.53,15.73,0.333,12,9,2,9.1,17.59,79.46,False,False,23.66,11.26,1.172,False,27.09,-12.77,1.55,-1.99,9.0,10.0,6028288.0,5143020.0,0.9,3291700.0,5057640.0,5224000.0,0.63,83.44,2,7,4,4.4,1,,True
SLB,Energy,Schlumberger,2025-12-22,37.37,5.1,7.23,12.89,9.53,1.0,2,2,5,2.6,3.95,1.68,False,True,36.14,8.59,1.069,False,42.81,-12.7,-0.89,6.81,10.0,10.0,14159860.0,13248170.0,1.0,4726700.0,11903110.0,14171580.0,0.334,87.43,3,5,19,7.0,5,,True
VLO,Energy,Valero Energy,2025-12-22,161.62,-7.21,-6.03,23.54,8.46,0.333,17,13,3,13.0,19.88,29.09,False,False,168.24,6.82,1.019,False,181.77,-11.08,1.28,-6.0,8.0,12.0,2831525.0,2778866.0,0.667,2517800.0,3077650.0,2856853.0,0.881,74.75,4,16,1,8.2,7,吃老本,True
XOM,Energy,ExxonMobil,2025-12-22,117.52,2.75,2.5,10.87,6.75,1.0,5,5,7,5.4,3.03,4.93,False,True,114.48,4.62,1.418,False,118.87,-1.13,2.21,3.78,9.0,10.0,18733911.0,13208170.0,0.9,8066100.0,16461720.0,16697073.0,0.483,91.47,5,4,12,6.0,3,,True
TRGP,Energy,Targa Resources,2025-12-22,180.24,4.33,5.7,6.22,5.62,1.0,3,3,10,4.4,10.4,2.2,False,True,166.68,6.25,1.268,False,210.67,-14.44,2.41,5.64,11.0,9.0,1737054.0,1369600.0,1.222,400400.0,1553950.0,1671080.0,0.24,94.88,6,2,21,7.4,6,,True
BKR,Energy,Baker Hughes,2025-12-22,44.93,-9.86,-10.01,20.09,5.08,0.333,18,18,4,15.2,9.29,13.61,False,False,47.19,7.79,0.958,False,50.76,-11.48,1.75,-8.64,10.0,10.0,7134080.0,7446560.0,1.0,3240200.0,7892530.0,7849373.0,0.413,77.28,7,14,16,11.6,12,吃老本,True
DVN,Energy,Devon Energy,2025-12-22,35.23,-3.13,-2.95,12.09,4.53,0.333,11,11,6,10.0,10.56,-2.84,False,True,34.4,8.67,1.263,False,37.77,-6.71,-0.14,-1.37,9.0,11.0,8791322.0,6961172.0,0.818,5248200.0,8244550.0,8023326.0,0.654,83.49,8,6,2,6.0,3,,True
FANG,Energy,Diamondback Energy,2025-12-22,144.65,-4.12,-0.63,6.16,1.89,0.333,14,8,11,11.6,4.59,-2.01,False,False,145.94,9.57,1.157,False,173.91,-16.83,-0.47,-2.01,9.0,11.0,1916088.0,1655536.0,0.818,985300.0,1883650.0,1812646.0,0.544,81.13,9,11,9,9.8,9,,True
CVX,Energy,Chevron Corporation,2025-12-22,147.22,-0.73,-5.29,6.67,1.83,0.333,9,12,9,9.9,8.39,1.71,False,False,148.6,3.39,1.147,False,160.22,-8.11,1.58,0.34,9.0,11.0,9073644.0,7909009.0,0.818,3706900.0,8088890.0,8806206.0,0.421,83.19,10,8,14,10.0,10,,True
PSX,Energy,Phillips 66,2025-12-22,125.8,-6.72,-7.62,9.1,0.97,0.333,16,16,8,14.4,16.81,38.89,False,False,133.03,12.65,0.826,False,142.74,-11.87,-1.07,-5.34,9.0,11.0,2155888.0,2611400.0,0.818,1317400.0,2750340.0,2581206.0,0.51,73.09,11,18,10,13.6,14,吃老本,True
COP,Energy,ConocoPhillips,2025-12-22,90.16,3.21,-6.18,3.31,0.91,0.667,4,14,12,8.6,14.05,4.71,False,True,88.23,7.44,1.004,False,101.93,-11.54,-0.75,5.11,9.0,11.0,7332522.0,7304054.0,0.818,4575600.0,7352090.0,7760813.0,0.59,82.61,12,9,5,9.4,8,,True
KMI,Energy,Kinder Morgan,2025-12-22,26.68,-0.48,-2.53,-4.11,-2.81,0.0,8,10,15,10.0,-2.84,0.81,False,True,26.24,4.18,0.956,False,29.59,-9.82,3.23,0.89,9.0,10.0,11257577.0,11770650.0,0.9,5094000.0,10442090.0,11426186.0,0.446,82.06,13,10,13,11.8,13,,False
WMB,Energy,Williams Companies,2025-12-22,58.66,-1.51,-6.25,-3.43,-3.65,0.0,10,15,14,12.3,-5.28,-5.99,False,True,58.58,4.62,0.864,False,64.07,-8.45,1.47,-0.34,9.0,11.0,5922388.0,6856663.0,0.818,2660600.0,6662030.0,6477906.0,0.411,77.77,14,13,17,14.2,16,,True
OKE,Energy,Oneok,2025-12-22,71.01,0.04,0.13,-7.78,-3.85,0.667,6,6,19,8.6,2.45,0.95,False,True,68.56,5.11,0.865,False,102.81,-30.93,1.62,1.87,9.0,11.0,3560933.0,4117390.0,0.818,1599000.0,3821410.0,3828566.0,0.418,79.18,15,12,15,13.8,15,,True
EXE,Energy,Expand Energy,2025-12-22,108.24,-10.2,4.02,-6.09,-4.59,0.333,19,4,17,14.1,14.22,-4.14,False,False,110.48,8.21,0.865,False,125.18,-13.53,1.62,-7.81,7.0,13.0,2888842.0,3339238.0,0.538,1184600.0,3048300.0,3287946.0,0.36,69.18,16,21,18,18.4,21,,True
EQT,Energy,EQT Corporation,2025-12-22,53.63,-11.39,0.06,-6.95,-6.31,0.333,20,7,18,15.7,42.79,10.01,False,False,56.12,6.72,0.924,False,61.88,-13.34,0.32,-8.59,7.0,13.0,7709057.0,8343653.0,0.538,4705800.0,7855490.0,8090586.0,0.582,69.22,17,20,6,16.0,19,,True
OXY,Energy,Occidental Petroleum,2025-12-22,39.48,-4.57,-15.56,-5.41,-7.74,0.0,15,20,16,16.7,22.73,24.79,False,False,40.68,6.79,0.869,False,51.57,-23.44,0.3,-3.23,8.0,12.0,8036037.0,9249500.0,0.667,6111600.0,9637490.0,9576200.0,0.638,73.39,18,17,3,14.6,17,,True
MPC,Energy,Marathon Petroleum,2025-12-22,162.25,-15.51,-17.2,-1.18,-8.77,0.0,21,21,13,19.4,-4.86,22.98,False,False,185.95,14.45,1.099,False,199.52,-18.68,-2.63,-14.63,8.0,12.0,2482362.0,2258200.0,0.667,1262300.0,2690760.0,2520153.0,0.501,69.41,19,19,11,17.4,20,,False
EOG,Energy,EOG Resources,2025-12-22,100.98,-4.03,-10.93,-12.78,-10.13,0.0,13,19,20,16.2,10.77,5.23,False,False,104.34,8.55,0.867,False,130.94,-22.88,0.87,-2.54,9.0,11.0,3513211.0,4052627.0,0.818,2224900.0,4097000.0,3963573.0,0.561,76.26,20,15,8,15.6,18,,True
TPL,Energy,Texas Pacific Land Corporation,2025-12-22,286.77,-0.01,-9.44,-17.98,-11.35,0.0,7,17,21,12.8,-8.7,-27.41,False,False,303.69,14.16,1.424,False,483.86,-40.73,-3.66,0.15,11.0,9.0,536945.0,377088.0,1.222,292600.0,576560.0,505373.0,0.579,91.88,21,3,7,11.0,11,剛爆發,True
IVZ,Financials,Invesco,2025-12-22,26.54,10.27,19.71,74.94,44.97,1.0,15,2,1,8.3,37.73,-10.7,False,True,24.01,5.92,1.468,False,27.05,-1.89,1.81,9.91,12.0,8.0,6341641.0,4320400.0,1.5,2385600.0,4785550.0,5362746.0,0.445,100.0,1,1,12,3.2,2,,True
C,Financials,Citigroup,2025-12-22,119.23,16.24,17.13,44.51,30.6,1.0,2,3,2,2.3,17.44,28.26,False,True,103.27,10.65,1.354,False,121.63,-1.97,6.73,17.48,17.0,3.0,14754929.0,10895200.0,5.667,10603700.0,16355090.0,15541246.0,0.682,100.0,2,1,1,1.4,1,,True
CFG,Financials,Citizens Financial Group,2025-12-22,58.61,10.59,13.1,37.06,24.45,1.0,12,10,4,9.8,2.27,4.13,False,True,52.59,4.0,1.191,False,58.87,-0.45,2.43,10.84,14.0,6.0,5234078.0,4393750.0,2.333,1891800.0,3921970.0,5163366.0,0.366,100.0,3,1,21,5.8,7,,True
GS,Financials,Goldman Sachs,2025-12-22,898.33,10.35,13.59,32.66,22.31,1.0,13,8,5,9.9,10.49,13.39,False,True,809.23,5.22,1.021,False,910.28,-1.31,3.51,11.71,15.0,5.0,2085626.0,2043720.0,3.0,995300.0,2036090.0,2148573.0,0.463,100.0,4,1,9,3.8,3,,True
SYF,Financials,Synchrony Financial,2025-12-22,85.32,11.18,15.86,31.05,22.28,1.0,9,4,6,6.9,28.94,39.29,False,True,76.49,4.24,1.221,False,85.78,-0.54,2.78,11.77,13.0,7.0,3227161.0,2643342.0,1.857,819200.0,3128950.0,3197280.0,0.256,100.0,5,1,23,7.0,8,,True
MS,Financials,Morgan Stanley,2025-12-22,178.92,7.2,14.28,30.96,20.85,1.0,26,6,7,16.2,35.32,7.46,False,True,165.42,5.48,0.949,False,179.38,-0.26,5.15,8.29,13.0,7.0,5248461.0,5531257.0,1.857,2564700.0,5475200.0,5669760.0,0.452,100.0,6,1,10,4.8,5,,True
KEY,Financials,KeyCorp,2025-12-22,20.78,16.57,13.42,25.76,20.38,1.0,1,9,10,5.2,7.6,1.9,False,True,18.11,4.11,1.418,False,20.84,-0.28,1.19,16.45,15.0,5.0,17245513.0,12158120.0,3.0,7615800.0,12903340.0,17100780.0,0.445,100.0,7,1,12,5.6,6,剛爆發,True
STT,Financials,State Street Corporation,2025-12-22,129.9,11.14,15.15,26.61,19.88,1.0,10,5,9,8.3,4.98,7.06,False,True,117.9,5.03,0.972,False,130.61,-0.54,3.85,12.43,16.0,4.0,2040600.0,2099275.0,4.0,1326300.0,2327180.0,2287240.0,0.58,100.0,8,1,2,4.0,4,剛爆發,True
HOOD,Financials,Robinhood Markets,2025-12-22,118.13,-8.06,-3.0,42.27,18.37,0.333,75,61,3,56.4,12.07,35.99,False,False,128.05,9.71,0.778,False,153.86,-23.22,0.83,-7.85,10.0,10.0,20417270.0,26255330.0,1.0,12959100.0,22398270.0,23433593.0,0.553,74.23,9,24,4,14.0,18,吃老本,True
BNY,Financials,BNY Mellon,2025-12-22,116.03,4.79,7.78,30.16,18.22,1.0,47,25,8,32.6,8.08,10.09,False,True,109.72,4.93,1.077,False,117.93,-1.62,2.64,5.46,13.0,7.0,3539207.0,3287242.0,1.857,1534200.0,3672380.0,3752633.0,0.409,100.0,10,1,18,8.0,12,剛爆發,True
USB,Financials,U.S. Bancorp,2025-12-22,53.45,12.11,12.42,22.8,17.53,1.0,7,12,13,9.7,8.46,4.06,False,True,47.97,3.67,1.131,False,53.6,-0.29,2.08,12.34,16.0,4.0,9274000.0,8199375.0,4.0,3905300.0,9578370.0,9375880.0,0.417,100.0,11,1,15,7.8,10,剛爆發,True
WFC,Financials,Wells Fargo,2025-12-22,94.26,10.96,12.65,21.16,16.48,1.0,11,11,16,12.0,12.32,10.19,False,True,86.6,4.88,1.247,False,94.84,-0.62,4.13,11.34,14.0,6.0,14148921.0,11350200.0,2.333,5169400.0,13267670.0,14166053.0,0.365,100.0,12,1,22,9.6,15,剛爆發,True
COF,Financials,Capital One,2025-12-22,247.31,13.81,11.7,18.93,15.84,1.0,4,15,19,10.3,36.42,47.43,False,True,221.51,5.63,1.002,False,247.71,-0.16,2.69,14.65,17.0,3.0,3383982.0,3375866.0,5.667,1508600.0,3024190.0,3349306.0,0.45,100.0,13,1,11,7.8,10,剛爆發,True
TFC,Financials,Truist Financial,2025-12-22,49.58,8.84,11.25,21.63,15.84,1.0,22,18,14,19.2,4.95,-2.23,False,True,45.07,3.57,1.322,False,49.83,-0.49,1.34,9.45,13.0,7.0,8085107.0,6117271.0,1.857,3239500.0,7631800.0,7804033.0,0.415,100.0,13,1,16,8.8,14,剛爆發,True
AIZ,Financials,Assurant,2025-12-22,238.34,5.65,11.8,22.92,15.82,1.0,38,14,11,25.4,34.03,14.51,False,True,221.18,6.79,1.547,False,241.94,-1.49,0.88,5.49,13.0,7.0,374261.0,241942.0,1.857,168600.0,356690.0,340586.0,0.495,100.0,15,1,6,7.6,9,剛爆發,True
RF,Financials,Regions Financial Corporation,2025-12-22,27.26,10.34,5.45,21.44,14.67,1.0,14,34,15,20.2,5.78,7.46,False,True,24.83,2.79,1.048,True,27.45,-0.68,1.09,10.34,14.0,5.0,10868092.0,10372260.0,2.8,5004400.0,10187340.0,10679213.0,0.469,100.0,16,1,8,8.4,13,剛爆發,True
AXP,Financials,American Express,2025-12-22,377.97,4.32,11.81,20.74,14.4,1.0,50,13,17,32.3,4.02,5.09,False,True,360.73,3.87,1.121,False,384.36,-1.66,1.47,4.69,12.0,8.0,2638850.0,2353075.0,1.5,1114900.0,2803710.0,2705000.0,0.412,95.53,17,21,17,18.6,23,,True
FITB,Financials,Fifth Third Bancorp,2025-12-22,47.24,11.39,7.51,18.72,14.08,1.0,8,26,20,15.8,5.86,3.85,False,True,42.88,2.67,0.794,False,47.53,-0.62,1.57,11.72,11.0,9.0,6000918.0,7560944.0,1.222,4032300.0,6486950.0,7459306.0,0.541,89.89,18,23,5,17.4,19,,True
BAC,Financials,Bank of America,2025-12-22,55.57,5.24,8.14,20.49,13.59,1.0,44,24,18,32.8,,,,,,,,,,,,,,,,,,,,,,,19,25,25,,25,吃老本,False
PNC,Financials,PNC Financial Services,2025-12-22,208.98,12.15,6.16,17.22,13.19,1.0,6,28,22,15.8,7.58,8.01,False,True,187.86,2.79,1.22,True,209.66,-0.33,2.1,11.47,12.0,8.0,1920783.0,1573787.0,1.5,887300.0,1771090.0,1884660.0,0.471,100.0,20,1,7,9.8,16,剛爆發,True
IBKR,Financials,Interactive Brokers,2025-12-22,66.02,1.88,0.18,22.92,11.97,1.0,58,51,11,46.5,6.05,8.82,False,False,66.16,6.59,0.735,False,73.11,-9.69,5.12,3.2,13.0,7.0,3157592.0,4296628.0,1.857,1918300.0,3527660.0,3417733.0,0.561,94.68,21,22,3,17.8,21,,True
NDAQ,Financials,"Nasdaq, Inc.",2025-12-22,98.68,9.6,13.87,12.18,11.96,1.0,21,7,29,18.4,3.73,4.55,False,True,88.89,7.57,1.15,False,98.75,-0.07,4.9,10.74,13.0,6.0,4153423.0,3612100.0,2.167,1701500.0,4022440.0,4186846.0,0.406,100.0,22,1,19,13.0,17,剛爆發,True
PFG,Financials,Principal Financial Group,2025-12-22,87.88,6.37,9.21,15.05,11.42,1.0,31,21,25,26.8,,,,,,,,,,,,,,,,,,,,,,,23,25,25,,25,,False
SCHW,Financials,Charles Schwab Corporation,2025-12-22,101.18,9.88,7.04,13.88,11.17,1.0,17,27,28,22.2,,,,,,,,,,,,,,,,,,,,,,,24,25,25,,25,,False
JKHY,Financials,Jack Henry & Associates,2025-12-22,184.63,7.03,25.02,5.11,10.57,1.0,28,1,45,23.3,12.81,4.08,False,True,167.51,4.27,1.14,False,192.46,-4.07,0.95,7.38,12.0,8.0,868183.0,761787.0,1.5,330600.0,796890.0,820860.0,0.403,97.25,25,20,20,22.0,24,,True
NTRS,Financials,Northern Trust,2025-12-22,138.71,7.34,5.76,14.03,10.29,1.0,25,30,26,26.7,,,,,,,,,,,,,,,,,,,,,,,26,25,25,,25,,False
L,Financials,Loews Corporation,2025-12-22,106.28,-1.36,6.14,17.85,10.12,0.667,69,29,21,47.4,,,,,,,,,,,,,,,,,,,,,,,27,25,25,,25,,False
JPM,Financials,JPMorgan Chase,2025-12-22,323.32,4.74,4.25,15.32,9.91,1.0,48,42,23,41.2,,,,,,,,,,,,,,,,,,,,,,,28,25,25,,25,,False
CB,Financials,Chubb Limited,2025-12-22,311.58,5.84,11.68,9.94,9.35,1.0,37,16,35,30.3,,,,,,,,,,,,,,,,,,,,,,,29,25,25,,25,,False
GL,Financials,Globe Life,2025-12-22,141.34,5.55,-1.43,15.27,8.66,0.667,40,56,24,41.6,,,,,,,,,,,,,,,,,,,,,,,30,25,25,,25,,False
PRU,Financials,Prudential Financial,2025-12-22,110.93,5.28,10.6,9.17,8.56,1.0,42,19,36,33.9,,,,,,,,,,,,,,,,,,,,,,,31,25,25,,25,剛爆發,False
AIG,Financials,American International Group,2025-12-22,85.41,14.15,11.48,3.37,8.09,1.0,3,17,49,16.4,28.5,17.24,False,True,77.91,5.52,1.215,False,86.21,-0.93,0.34,14.33,14.0,6.0,5461892.0,4495283.0,2.333,1174500.0,5048080.0,5765560.0,0.204,100.0,32,1,24,18.0,22,剛爆發,True
CINF,Financials,Cincinnati Financial,2025-12-22,162.93,-1.16,5.58,13.92,8.06,0.667,67,32,27,48.5,,,,,,,,,,,,,,,,,,,,,,,33,25,25,,25,剛爆發,False
MTB,Financials,M&T Bank,2025-12-22,204.42,9.83,4.39,8.62,7.87,1.0,18,41,38,28.9,,,,,,,,,,,,,,,,,,,,,,,34,25,25,,25,剛爆發,False
HIG,Financials,Hartford (The),2025-12-22,137.43,1.64,4.64,12.15,7.64,1.0,59,39,30,47.2,,,,,,,,,,,,,,,,,,,,,,,35,25,25,,25,剛爆發,False
APO,Financials,Apollo Global Management,2025-12-22,147.29,12.64,8.34,4.71,7.6,1.0,5,23,47,18.8,14.21,4.16,False,True,132.33,4.27,1.196,False,171.23,-13.98,1.52,14.01,12.0,8.0,3177066.0,2657150.0,1.5,1308400.0,2707220.0,3075486.0,0.425,100.0,36,1,14,17.6,20,剛爆發,True
HBAN,Financials,Huntington Bancshares,2025-12-22,17.4,9.79,2.73,8.78,7.52,1.0,20,46,37,31.2,,,,,,,,,,,,,,,,,,,,,,,37,25,25,,25,剛爆發,False
TROW,Financials,T. Rowe Price,2025-12-22,101.99,3.57,2.48,11.68,7.35,1.0,54,48,33,48.0,,,,,,,,,,,,,,,,,,,,,,,38,25,25,,25,剛爆發,False
TRV,Financials,Travelers Companies (The),2025-12-22,289.85,0.14,5.59,11.83,7.35,1.0,62,31,32,46.7,,,,,,,,,,,,,,,,,,,,,,,38,25,25,,25,剛爆發,False
MCO,Financials,Moody's Corporation,2025-12-22,517.68,5.96,9.3,6.96,7.3,1.0,35,20,41,31.7,,,,,,,,,,,,,,,,,,,,,,,40,25,25,,25,剛爆發,False
CBOE,Financials,Cboe Global Markets,2025-12-22,254.98,-0.78,5.19,11.86,7.03,0.667,65,38,31,50.1,,,,,,,,,,,,,,,,,,,,,,,41,25,25,,25,剛爆發,False
WTW,Financials,Willis Towers Watson,2025-12-22,331.37,4.24,-1.87,10.52,5.85,0.667,52,57,34,49.9,,,,,,,,,,,,,,,,,,,,,,,42,25,25,,25,剛爆發,False
SPGI,Financials,S&P Global,2025-12-22,498.58,6.14,8.89,2.65,5.08,1.0,33,22,52,33.5,,,,,,,,,,,,,,,,,,,,,,,43,25,25,,25,剛爆發,False
ACGL,Financials,Arch Capital Group,2025-12-22,95.87,2.08,5.49,6.14,4.96,1.0,56,33,42,46.3,,,,,,,,,,,,,,,,,,,,,,,44,25,25,,25,剛爆發,False
MA,Financials,Mastercard,2025-12-22,576.77,5.28,2.7,5.6,4.8,1.0,42,47,44,43.9,,,,,,,,,,,,,,,,,,,,,,,45,25,25,,25,剛爆發,False
BEN,Financials,Franklin Resources,2025-12-22,23.29,7.08,5.4,2.96,4.6,1.0,27,36,50,34.3,,,,,,,,,,,,,,,,,,,,,,,46,25,25,,25,剛爆發,False
RJF,Financials,Raymond James Financial,2025-12-22,163.55,5.6,-5.64,8.54,4.26,0.667,39,66,39,47.1,,,,,,,,,,,,,,,,,,,,,,,47,25,25,,25,剛爆發,False
V,Financials,Visa Inc.,2025-12-22,353.54,6.15,5.43,2.21,4.0,1.0,32,35,54,37.3,,,,,,,,,,,,,,,,,,,,,,,48,25,25,,25,剛爆發,False
MSCI,Financials,MSCI Inc.,2025-12-22,580.6,3.77,3.79,2.13,2.96,1.0,53,44,55,50.7,,,,,,,,,,,,,,,,,,,,,,,49,25,25,,25,剛爆發,False
ALL,Financials,Allstate,2025-12-22,205.67,-1.97,-1.87,7.18,2.63,0.333,70,57,40,60.1,,,,,,,,,,,,,,,,,,,,,,,50,25,25,,25,剛爆發,False
AFL,Financials,Aflac,2025-12-22,108.76,-0.37,-0.8,5.72,2.57,0.333,63,54,43,56.3,,,,,,,,,,,,,,,,,,,,,,,51,25,25,,25,剛爆發,False
ARES,Financials,Ares Management,2025-12-22,164.8,8.27,4.16,-1.32,2.45,0.667,23,43,62,36.8,,,,,,,,,,,,,,,,,,,,,,,52,25,25,,25,剛爆發,False
BLK,Financials,BlackRock,2025-12-22,1076.02,4.4,-5.45,4.84,2.16,0.667,49,64,46,52.9,,,,,,,,,,,,,,,,,,,,,,,53,25,25,,25,剛爆發,False
GPN,Financials,Global Payments,2025-12-22,79.78,6.38,-4.42,2.68,1.83,0.667,30,63,51,44.1,,,,,,,,,,,,,,,,,,,,,,,54,25,25,,25,剛爆發,False
MET,Financials,MetLife,2025-12-22,79.12,4.89,-0.91,1.4,1.7,0.667,45,55,57,50.4,,,,,,,,,,,,,,,,,,,,,,,55,25,25,,25,剛爆發,False
CME,Financials,CME Group,2025-12-22,268.87,-1.23,2.86,1.67,1.24,0.667,68,45,56,58.7,,,,,,,,,,,,,,,,,,,,,,,56,25,25,,25,剛爆發,False
EG,Financials,Everest Group,2025-12-22,333.44,7.39,-3.32,0.22,1.13,0.667,24,62,59,42.4,,,,,,,,,,,,,,,,,,,,,,,57,25,25,,25,剛爆發,False
BX,Financials,Blackstone Inc.,2025-12-22,152.21,6.14,-10.57,4.39,1.09,0.667,33,71,48,47.4,,,,,,,,,,,,,,,,,,,,,,,58,25,25,,25,剛爆發,False
AON,Financials,Aon plc,2025-12-22,355.71,0.77,0.16,1.32,0.89,1.0,60,52,58,57.2,,,,,,,,,,,,,,,,,,,,,,,59,25,25,,25,剛爆發,False
AMP,Financials,Ameriprise Financial,2025-12-22,498.53,10.11,0.86,-4.33,0.58,0.667,16,50,64,35.8,,,,,,,,,,,,,,,,,,,,,,,60,25,25,,25,剛爆發,False
BRK-B,Financials,Berkshire Hathaway,2025-12-22,498.3,-3.02,-0.35,2.6,0.46,0.333,71,53,53,62.0,,,,,,,,,,,,,,,,,,,,,,,61,25,25,,25,剛爆發,False
CPAY,Financials,Corpay,2025-12-22,310.18,4.86,4.54,-5.16,-0.23,0.667,46,40,65,48.0,,,,,,,,,,,,,,,,,,,,,,,62,25,25,,25,剛爆發,False
KKR,Financials,KKR & Co.,2025-12-22,129.92,6.62,-2.54,-2.61,-0.28,0.333,29,60,63,45.1,,,,,,,,,,,,,,,,,,,,,,,63,25,25,,25,剛爆發,False
XYZ,Financials,"Block, Inc.",2025-12-22,66.27,-0.79,-10.04,-0.54,-2.98,0.0,66,69,60,65.7,,,,,,,,,,,,,,,,,,,,,,,64,25,25,,25,剛爆發,False
WRB,Financials,W. R. Berkley Corporation,2025-12-22,69.85,-7.71,-5.51,-0.7,-3.66,0.0,74,65,61,68.7,,,,,,,,,,,,,,,,,,,,,,,65,25,25,,25,剛爆發,False
ICE,Financials,Intercontinental Exchange,2025-12-22,162.39,4.26,-2.22,-9.51,-4.24,0.333,51,59,66,56.4,,,,,,,,,,,,,,,,,,,,,,,66,25,25,,25,剛爆發,False
FIS,Financials,Fidelity National Information Services,2025-12-22,65.87,2.78,5.23,-15.85,-5.92,0.667,55,37,69,52.4,,,,,,,,,,,,,,,,,,,,,,,67,25,25,,25,剛爆發,False
MRSH,Financials,Marsh McLennan,2025-12-22,184.06,1.94,-5.87,-13.05,-7.51,0.333,57,67,67,62.0,,,,,,,,,,,,,,,,,,,,,,,68,25,25,,25,剛爆發,False
PGR,Financials,Progressive Corporation,2025-12-22,213.36,-0.73,-6.68,-13.89,-8.8,0.0,64,68,68,66.0,,,,,,,,,,,,,,,,,,,,,,,69,25,25,,25,剛爆發,False
AJG,Financials,Arthur J. Gallagher & Co.,2025-12-22,259.82,5.88,-13.8,-17.31,-10.63,0.333,36,74,71,54.4,,,,,,,,,,,,,,,,,,,,,,,70,25,25,,25,剛爆發,False
ERIE,Financials,Erie Indemnity,2025-12-22,277.73,-4.43,-10.25,-16.36,-11.85,0.0,73,70,70,71.5,,,,,,,,,,,,,,,,,,,,,,,71,25,25,,25,剛爆發,False
PYPL,Financials,PayPal,2025-12-22,59.59,-4.34,-10.69,-18.38,-12.94,0.0,72,72,72,72.0,,,,,,,,,,,,,,,,,,,,,,,72,25,25,,25,剛爆發,False
FDS,Financials,FactSet,2025-12-22,289.22,5.36,1.24,-33.36,-15.03,0.667,41,49,75,50.2,,,,,,,,,,,,,,,,,,,,,,,73,25,25,,25,剛爆發,False
BRO,Financials,Brown & Brown,2025-12-22,80.36,0.44,-13.68,-26.01,-16.32,0.333,61,73,73,67.0,,,,,,,,,,,,,,,,,,,,,,,74,25,25,,25,剛爆發,False
COIN,Financials,Coinbase,2025-12-22,236.9,-13.17,-24.21,-32.97,-25.83,0.0,76,75,74,75.3,,,,,,,,,,,,,,,,,,,,,,,75,25,25,,25,剛爆發,False
FISV,Financials,Fiserv,2025-12-22,67.5,9.81,-47.9,-60.83,-39.94,0.333,19,76,76,47.5,,,,,,,,,,,,,,,,,,,,,,,76,25,25,,25,剛爆發,False
REGN,Health Care,Regeneron Pharmaceuticals,2025-12-22,782.86,0.61,39.38,51.08,35.54,1.0,21,2,1,11.3,22.66,52.72,False,True,692.99,7.64,1.273,False,790.64,-0.98,4.84,0.05,8.0,12.0,1059500.0,832000.0,0.667,321000.0,884840.0,915160.0,0.351,84.25,1,19,17,11.4,6,吃老本,True
LLY,Health Care,Lilly (Eli),2025-12-22,1074.11,0.21,48.97,39.49,32.04,1.0,24,1,7,13.7,19.15,12.89,False,True,972.07,8.0,1.054,False,1108.23,-3.08,1.97,-2.41,9.0,11.0,3295288.0,3127672.0,0.818,1014600.0,3203400.0,3178513.0,0.319,80.06,2,23,21,14.2,9,吃老本,True
VTRS,Health Care,Viatris,2025-12-22,12.13,15.25,30.91,39.89,31.49,1.0,2,8,6,4.6,8.52,11.55,False,True,10.63,9.0,0.647,False,12.29,-1.36,3.18,15.79,16.0,4.0,7563643.0,11685050.0,4.0,4137900.0,9520620.0,9182946.0,0.451,100.0,3,1,7,3.0,1,,True
CRL,Health Care,Charles River Laboratories,2025-12-22,203.66,14.33,37.09,35.76,30.74,1.0,3,3,10,4.4,3.86,22.45,False,True,182.24,6.33,1.049,False,204.47,-0.4,5.06,13.81,10.0,10.0,716530.0,683140.0,1.0,293300.0,614220.0,698300.0,0.42,93.67,4,11,9,7.8,4,吃老本,True
MRK,Health Care,Merck & Co.,2025-12-22,105.24,2.73,37.08,37.49,28.7,1.0,14,4,9,10.0,9.85,5.04,False,True,92.6,10.04,1.023,False,105.5,-0.25,6.05,2.93,13.0,7.0,14764746.0,14432071.0,1.857,6280700.0,16002330.0,15701740.0,0.4,99.94,5,4,12,6.0,2,,True
IQV,Health Care,IQVIA,2025-12-22,226.92,-1.34,26.38,44.1,28.31,0.667,29,11,3,18.4,0.81,1.43,False,True,220.21,3.27,0.62,False,234.3,-3.15,1.98,-2.11,10.0,10.0,1076270.0,1736680.0,1.0,426100.0,1370280.0,1353426.0,0.315,75.37,6,29,22,18.4,15,吃老本,True
INCY,Health Care,Incyte,2025-12-22,100.11,-4.16,21.05,46.42,27.43,0.667,39,18,2,25.3,38.04,6.59,False,True,98.97,10.0,1.266,False,109.28,-8.39,2.88,-5.24,8.0,12.0,2448875.0,1934041.0,0.667,626800.0,2082060.0,2214020.0,0.283,80.16,7,22,28,17.2,12,吃老本,True
TMO,Health Care,Thermo Fisher Scientific,2025-12-22,579.59,-1.63,25.19,42.48,27.13,0.667,31,14,4,20.5,5.32,2.55,False,True,570.27,4.65,0.882,False,607.61,-4.61,3.26,-2.04,8.0,12.0,1444987.0,1638633.0,0.667,466100.0,1645320.0,1577133.0,0.296,75.52,8,28,24,19.2,18,吃老本,True
BIIB,Health Care,Biogen,2025-12-22,177.08,-2.75,28.91,40.45,26.76,0.667,34,9,5,20.7,23.88,40.97,False,True,165.41,5.01,1.335,False,185.17,-4.37,4.22,-2.67,12.0,8.0,2660583.0,1992237.0,1.5,687400.0,3133380.0,2692926.0,0.255,95.96,9,8,31,13.0,7,,True
JNJ,Health Care,Johnson & Johnson,2025-12-22,205.35,0.34,16.27,38.1,23.2,1.0,22,21,8,18.9,1.49,3.21,False,True,196.19,5.7,0.895,False,212.83,-3.51,-0.33,0.03,8.0,12.0,7926750.0,8851933.0,0.667,2316700.0,8602920.0,8647893.0,0.268,75.56,10,27,30,20.8,21,吃老本,True
CAH,Health Care,Cardinal Health,2025-12-22,206.82,-1.87,35.95,25.38,21.21,0.667,32,5,16,20.7,17.6,2.36,False,True,192.74,6.68,0.759,False,213.41,-3.09,4.62,-2.28,11.0,9.0,1949245.0,2568633.0,1.222,591000.0,2175520.0,2021320.0,0.292,82.09,11,21,25,17.8,14,吃老本,True
BMY,Health Care,Bristol Myers Squibb,2025-12-22,52.85,11.06,25.55,21.08,19.69,1.0,4,12,18,9.2,7.55,32.6,False,True,46.9,5.61,1.601,False,59.0,-10.42,2.46,10.94,9.0,11.0,21329455.0,13326527.0,0.818,9573000.0,19304960.0,17235200.0,0.555,97.83,12,6,3,7.8,4,剛爆發,True
MRNA,Health Care,Moderna,2025-12-22,31.2,20.09,27.4,14.87,19.31,1.0,1,10,25,8.5,76.6,28.28,False,True,26.91,22.94,1.109,False,48.92,-36.22,0.81,24.75,14.0,6.0,10696685.0,9647450.0,2.333,6322800.0,11200820.0,11138700.0,0.568,100.0,13,1,2,6.0,2,剛爆發,True
AMGN,Health Care,Amgen,2025-12-22,328.16,-3.63,22.83,21.97,15.79,0.667,36,16,17,26.2,,,,,,,,,,,,,,,,,,,,,,,14,32,32,,32,吃老本,False
UHS,Health Care,Universal Health Services,2025-12-22,227.11,-6.49,13.43,28.08,15.77,0.667,49,29,13,35.8,14.91,7.95,False,True,224.08,4.2,1.068,False,245.55,-7.51,1.29,-6.7,8.0,12.0,731075.0,684558.0,0.667,247000.0,750290.0,712353.0,0.347,75.19,15,31,18,22.0,24,吃老本,True
ABBV,Health Care,AbbVie,2025-12-22,224.67,1.0,5.0,28.15,15.58,1.0,19,40,12,23.9,4.23,2.14,False,True,221.45,4.28,1.236,False,237.44,-5.38,3.21,1.02,10.0,10.0,5822680.0,4710160.0,1.0,1593900.0,5859700.0,5584133.0,0.285,88.53,16,14,27,17.4,13,,True
COO,Health Care,Cooper Companies (The),2025-12-22,82.62,6.02,22.31,16.14,15.15,1.0,8,17,24,13.9,3.29,3.04,False,True,75.59,4.87,1.507,False,100.24,-17.58,0.19,6.0,10.0,10.0,4019230.0,2666680.0,1.0,1237200.0,2387720.0,3248153.0,0.381,95.06,17,10,16,14.0,8,剛爆發,True
HCA,Health Care,HCA Healthcare,2025-12-22,475.47,-5.99,14.02,26.2,15.11,0.667,48,27,14,34.9,21.55,8.21,False,True,470.52,4.95,0.935,False,517.42,-8.11,2.27,-7.17,9.0,11.0,1255744.0,1343236.0,0.818,437800.0,1329060.0,1302726.0,0.336,75.24,18,30,19,23.0,26,吃老本,True
IDXX,Health Care,Idexx Laboratories,2025-12-22,688.48,-8.55,8.9,29.58,14.88,0.667,57,36,11,41.5,8.08,9.97,False,False,692.28,5.63,1.123,False,769.98,-10.58,-1.24,-8.93,9.0,11.0,569766.0,507536.0,0.818,206700.0,575010.0,526966.0,0.392,76.07,19,26,14,20.8,21,吃老本,True
DHR,Health Care,Danaher Corporation,2025-12-22,229.35,1.7,24.78,16.22,14.73,1.0,17,15,22,17.4,9.78,9.49,False,True,220.59,4.49,1.093,False,255.54,-10.25,2.8,0.95,10.0,10.0,3607140.0,3300660.0,1.0,1140700.0,3395730.0,3543186.0,0.322,85.82,20,17,20,18.8,16,,True
WST,Health Care,West Pharmaceutical Services,2025-12-22,273.66,-1.06,4.97,25.53,13.74,0.667,28,41,15,29.3,14.55,19.71,False,False,274.23,5.18,1.356,False,346.96,-21.13,2.1,-1.02,9.0,11.0,810144.0,597418.0,0.818,344500.0,764070.0,722133.0,0.477,86.23,21,16,5,15.8,11,,True
MTD,Health Care,Mettler Toledo,2025-12-22,1420.1,-3.83,17.91,19.89,13.46,0.667,37,20,19,28.3,,,,,,,,,,,,,,,,,,,,,,,22,32,32,,32,吃老本,False
ISRG,Health Care,Intuitive Surgical,2025-12-22,577.81,0.76,30.99,8.26,12.07,1.0,20,7,35,19.1,20.7,14.08,False,True,550.09,8.09,1.338,False,616.0,-6.2,2.83,0.62,9.0,11.0,1792033.0,1339690.0,0.818,494800.0,1790590.0,1644513.0,0.301,87.19,23,15,23,19.8,20,剛爆發,True
WAT,Health Care,Waters Corporation,2025-12-22,386.06,-4.3,32.34,9.55,11.78,0.667,40,6,33,28.4,5.46,0.26,False,True,375.86,5.49,1.245,False,423.56,-8.85,2.59,-5.18,7.0,13.0,630328.0,506176.0,0.538,231500.0,616510.0,588693.0,0.393,77.8,24,25,13,22.2,25,,True
GEHC,Health Care,GE HealthCare,2025-12-22,83.49,4.53,15.44,12.51,11.25,1.0,10,23,31,18.1,2.21,15.51,False,True,78.29,5.12,1.15,False,94.53,-11.68,1.32,3.7,12.0,8.0,3150716.0,2738737.0,1.5,1462500.0,2741810.0,2992106.0,0.489,95.38,25,9,4,14.4,10,剛爆發,True
CVS,Health Care,CVS Health,2025-12-22,77.79,-0.93,5.93,18.46,10.48,0.667,27,39,20,29.2,,,,,,,,,,,,,,,,,,,,,,,26,32,32,,32,吃老本,False
BDX,Health Care,Becton Dickinson,2025-12-22,152.29,1.74,6.93,16.16,10.25,1.0,16,38,23,24.0,,,,,,,,,,,,,,,,,,,,,,,27,32,32,,32,,False
GILD,Health Care,Gilead Sciences,2025-12-22,123.19,-0.25,11.97,14.21,10.04,0.667,26,32,29,28.4,,,,,,,,,,,,,,,,,,,,,,,28,32,32,,32,,False
VRTX,Health Care,Vertex Pharmaceuticals,2025-12-22,462.9,6.75,20.0,4.89,9.14,1.0,6,19,40,16.7,4.87,6.33,False,True,434.36,4.3,1.52,False,519.68,-10.93,3.47,7.11,10.0,10.0,1659460.0,1091990.0,1.0,388100.0,1456860.0,1343460.0,0.289,97.25,29,7,26,19.6,19,剛爆發,True
EW,Health Care,Edwards Lifesciences,2025-12-22,86.85,0.21,13.9,11.05,9.05,1.0,24,28,32,26.8,,,,,,,,,,,,,,,,,,,,,,,30,32,32,,32,,False
A,Health Care,Agilent Technologies,2025-12-22,137.56,-9.84,12.38,16.61,8.94,0.667,58,31,21,42.5,,,,,,,,,,,,,,,,,,,,,,,31,32,32,,32,,False
TECH,Health Care,Bio-Techne,2025-12-22,59.03,-8.2,14.37,14.56,8.82,0.667,56,26,26,41.0,,,,,,,,,,,,,,,,,,,,,,,32,32,32,,32,,False
COR,Health Care,Cencora,2025-12-22,339.68,-7.56,11.27,14.3,8.08,0.667,54,33,28,42.5,,,,,,,,,,,,,,,,,,,,,,,33,32,32,,32,,False
MCK,Health Care,McKesson Corporation,2025-12-22,826.66,-5.91,9.0,14.36,7.95,0.667,47,35,27,39.4,,,,,,,,,,,,,,,,,,,,,,,34,32,32,,32,,False
HSIC,Health Care,Henry Schein,2025-12-22,76.13,2.09,15.24,3.9,6.29,1.0,15,24,41,22.9,7.89,-7.61,False,True,71.26,3.33,1.353,False,82.49,-7.71,-1.16,1.17,11.0,9.0,1403018.0,1037266.0,1.222,812400.0,1209810.0,1224266.0,0.664,92.24,35,12,1,19.0,17,剛爆發,True
MDT,Health Care,Medtronic,2025-12-22,94.88,-7.69,3.19,13.89,5.82,0.667,55,42,30,46.1,,,,,,,,,,,,,,,,,,,,,,,36,32,32,,32,,False
HUM,Health Care,Humana,2025-12-22,256.92,5.67,1.87,7.75,5.76,1.0,9,44,36,24.9,14.64,6.86,False,True,256.5,7.55,0.894,False,310.86,-17.35,-0.37,5.58,10.0,10.0,1357280.0,1518840.0,1.0,557200.0,1336240.0,1346080.0,0.414,83.84,37,20,10,24.8,27,剛爆發,True
SOLV,Health Care,Solventum,2025-12-22,80.46,-5.63,12.74,6.63,5.09,0.667,46,30,39,39.8,,,,,,,,,,,,,,,,,,,,,,,38,32,32,,32,剛爆發,False
PFE,Health Care,Pfizer,2025-12-22,23.86,-2.53,7.46,7.37,4.92,0.667,33,37,37,35.0,,,,,,,,,,,,,,,,,,,,,,,39,32,32,,32,剛爆發,False
UNH,Health Care,UnitedHealth Group,2025-12-22,327.4,1.3,-2.91,8.75,3.97,0.667,18,48,34,30.2,,,,,,,,,,,,,,,,,,,,,,,40,32,32,,32,剛爆發,False
STE,Health Care,Steris,2025-12-22,254.02,-4.08,2.55,7.24,3.24,0.667,38,43,38,39.5,,,,,,,,,,,,,,,,,,,,,,,41,32,32,,32,剛爆發,False
RVTY,Health Care,Revvity,2025-12-22,96.56,-7.34,15.18,-0.95,1.49,0.333,53,25,44,42.8,,,,,,,,,,,,,,,,,,,,,,,42,32,32,,32,剛爆發,False
ALGN,Health Care,Align Technology,2025-12-22,158.37,7.6,25.5,-15.99,0.28,0.667,5,13,53,17.0,8.36,-3.26,False,True,145.41,7.51,0.943,False,237.23,-33.24,-1.9,7.57,13.0,7.0,1270638.0,1347900.0,1.857,503100.0,1198110.0,1243553.0,0.405,98.13,43,5,11,21.4,23,剛爆發,True
ELV,Health Care,Elevance Health,2025-12-22,346.33,3.97,10.38,-7.31,-0.07,0.667,11,34,48,25.3,22.01,-0.91,False,True,329.91,7.45,0.862,False,447.34,-22.58,1.53,3.89,8.0,12.0,1431662.0,1661716.0,0.667,624800.0,1546090.0,1610353.0,0.388,78.02,44,24,15,30.2,31,剛爆發,True
DGX,Health Care,Quest Diagnostics,2025-12-22,173.67,-7.0,-6.49,-0.17,-3.46,0.0,52,51,42,49.7,,,,,,,,,,,,,,,,,,,,,,,45,32,32,,32,剛爆發,False
ZBH,Health Care,Zimmer Biomet,2025-12-22,90.04,-6.92,-7.38,-0.51,-3.83,0.0,51,52,43,49.7,,,,,,,,,,,,,,,,,,,,,,,46,32,32,,32,剛爆發,False
LH,Health Care,Labcorp,2025-12-22,252.56,-5.54,-9.28,-2.06,-4.73,0.0,45,55,45,48.0,,,,,,,,,,,,,,,,,,,,,,,47,32,32,,32,剛爆發,False
RMD,Health Care,ResMed,2025-12-22,243.47,-4.33,-9.22,-3.65,-5.21,0.0,41,53,46,45.6,,,,,,,,,,,,,,,,,,,,,,,48,32,32,,32,剛爆發,False
ABT,Health Care,Abbott Laboratories,2025-12-22,122.56,-3.15,-6.11,-6.27,-5.45,0.0,35,50,47,41.9,,,,,,,,,,,,,,,,,,,,,,,49,32,32,,32,剛爆發,False
BSX,Health Care,Boston Scientific,2025-12-22,96.06,-5.43,-2.16,-9.83,-6.81,0.0,44,46,51,46.0,,,,,,,,,,,,,,,,,,,,,,,50,32,32,,32,剛爆發,False
SYK,Health Care,Stryker Corporation,2025-12-22,351.45,-4.57,-3.79,-9.6,-6.89,0.0,42,49,50,45.7,,,,,,,,,,,,,,,,,,,,,,,51,32,32,,32,剛爆發,False
CNC,Health Care,Centene Corporation,2025-12-22,40.51,2.97,16.21,-24.97,-7.69,0.667,13,22,58,24.7,404.28,-177.27,False,True,37.29,9.36,0.883,False,66.81,-39.37,3.29,2.66,10.0,9.0,5567270.0,6302944.0,1.111,2672900.0,5721750.0,6109260.0,0.438,85.04,52,18,8,29.6,29,剛爆發,True
CI,Health Care,Cigna,2025-12-22,273.41,0.28,-2.83,-14.36,-7.82,0.333,23,47,52,36.0,,,,,,,,,,,,,,,,,,,,,,,53,32,32,,32,剛爆發,False
DXCM,Health Care,Dexcom,2025-12-22,67.57,6.46,0.7,-21.73,-9.08,0.667,7,45,57,28.4,7.51,8.25,False,True,64.14,6.17,0.83,False,93.25,-27.54,2.52,8.06,16.0,4.0,4630762.0,5578825.0,4.0,1411800.0,4782290.0,5129933.0,0.275,100.0,54,1,29,27.8,28,剛爆發,True
PODD,Health Care,Insulet Corporation,2025-12-22,288.63,-11.79,-9.24,-7.81,-9.16,0.0,59,54,49,55.5,,,,,,,,,,,,,,,,,,,,,,,55,32,32,,32,剛爆發,False
ZTS,Health Care,Zoetis,2025-12-22,124.28,-1.52,-11.73,-18.62,-12.62,0.0,30,56,54,42.6,,,,,,,,,,,,,,,,,,,,,,,56,32,32,,32,剛爆發,False
DVA,Health Care,DaVita,2025-12-22,113.98,-4.76,-12.86,-19.55,-14.18,0.0,43,58,55,49.9,,,,,,,,,,,,,,,,,,,,,,,57,32,32,,32,剛爆發,False
VEEV,Health Care,Veeva Systems,2025-12-22,224.65,-6.51,-22.61,-20.73,-17.65,0.0,50,59,56,53.9,,,,,,,,,,,,,,,,,,,,,,,58,32,32,,32,剛爆發,False
BAX,Health Care,Baxter International,2025-12-22,19.36,3.42,-11.78,-35.75,-19.97,0.333,12,57,59,34.9,15.4,-3.28,False,False,19.4,6.11,0.949,False,37.21,-47.97,1.63,2.54,11.0,8.0,7971027.0,8403137.0,1.375,3814600.0,8066910.0,8356706.0,0.456,89.4,59,13,6,30.0,30,剛爆發,True
FIX,Industrials,Comfort Systems USA,2025-12-22,962.95,-1.34,19.9,80.39,44.84,0.667,63,12,1,35.3,31.26,35.05,False,True,941.31,15.32,1.989,False,1035.73,-7.03,4.93,-0.73,12.0,8.0,1011075.0,508325.0,1.5,170500.0,1212570.0,956006.0,0.178,100.0,1,1,25,5.8,5,,True
CHRW,Industrials,C.H. Robinson,2025-12-22,163.51,4.04,25.4,71.83,43.28,1.0,30,6,2,17.2,7.37,11.61,False,True,149.14,7.33,1.516,False,166.76,-1.95,-0.24,3.6,9.0,11.0,1866277.0,1230654.0,0.818,453800.0,1646990.0,1608953.0,0.282,90.88,2,20,21,13.0,11,吃老本,True
CMI,Industrials,Cummins,2025-12-22,515.76,4.25,24.72,60.88,37.68,1.0,26,8,3,16.0,-19.04,24.69,False,True,469.7,5.86,0.871,False,523.09,-1.4,3.7,4.43,11.0,9.0,800063.0,918244.0,1.222,247200.0,878720.0,904480.0,0.273,87.72,3,22,22,14.4,14,吃老本,False
JBHT,Industrials,J.B. Hunt,2025-12-22,197.52,13.98,47.85,37.21,34.06,1.0,4,1,8,3.9,20.66,0.52,False,True,176.58,4.33,1.346,False,203.64,-3.01,0.95,14.35,12.0,8.0,1377325.0,1023475.0,1.5,349700.0,973120.0,1099260.0,0.318,100.0,4,1,16,5.2,3,,True
HII,Industrials,Huntington Ingalls Industries,2025-12-22,348.53,11.96,26.51,48.51,33.87,1.0,5,3,5,4.4,8.31,12.53,False,True,310.54,12.31,1.18,False,357.53,-2.52,8.83,12.21,14.0,6.0,489264.0,414800.0,2.333,323000.0,544360.0,520826.0,0.62,100.0,5,1,1,2.6,1,,True
CAT,Industrials,Caterpillar Inc.,2025-12-22,579.46,1.26,25.53,52.53,32.96,1.0,49,5,4,26.8,9.43,-3.73,False,True,563.11,12.05,0.924,False,623.69,-7.09,3.03,1.62,12.0,8.0,2416441.0,2614887.0,1.5,954400.0,2819110.0,2634906.0,0.362,90.86,6,21,12,13.2,12,吃老本,True
DAL,Industrials,Delta Air Lines,2025-12-22,70.3,10.53,24.24,43.81,30.6,1.0,8,9,7,8.1,11.87,1.89,False,True,62.49,4.0,1.196,False,71.78,-2.06,1.0,10.24,12.0,8.0,8280291.0,6921775.0,1.5,2892400.0,7164540.0,7804986.0,0.371,99.98,7,13,10,10.0,8,吃老本,True
UAL,Industrials,United Airlines Holdings,2025-12-22,114.04,11.85,16.47,44.03,29.09,1.0,6,16,6,9.0,3.8,1.47,False,True,101.06,8.94,1.103,False,116.32,-1.96,1.05,12.26,13.0,7.0,5118192.0,4642100.0,1.857,2077400.0,4210630.0,4815686.0,0.431,100.0,8,1,5,4.6,2,剛爆發,True
LUV,Industrials,Southwest Airlines,2025-12-22,40.92,19.1,27.45,29.64,26.46,1.0,1,2,12,3.5,400.96,-16.17,False,True,34.66,6.92,1.973,False,42.98,-4.78,1.79,18.25,13.0,7.0,13618007.0,6901157.0,1.857,5291000.0,11497110.0,12764160.0,0.415,100.0,9,1,6,5.2,3,剛爆發,True
EXPD,Industrials,Expeditors International,2025-12-22,151.46,4.18,25.61,33.09,23.99,1.0,27,4,9,16.5,18.06,7.88,False,True,137.78,3.99,1.373,False,154.25,-1.81,1.01,3.86,11.0,9.0,1446518.0,1053644.0,1.222,459600.0,1271830.0,1320113.0,0.348,95.08,10,16,14,13.2,12,吃老本,True
FDX,Industrials,FedEx,2025-12-22,236.93,8.04,25.24,30.95,23.8,1.0,11,7,11,9.8,17.16,6.01,False,True,212.08,8.96,1.534,False,237.18,-0.1,3.21,7.98,13.0,7.0,2447233.0,1595624.0,1.857,869196.0,2687298.0,2277863.0,0.382,100.0,11,1,8,6.4,6,剛爆發,True
VRT,Industrials,Vertiv,2025-12-22,167.51,-6.76,20.94,31.87,19.48,0.667,73,11,10,41.8,25.02,13.89,False,False,175.38,16.31,0.654,False,202.28,-17.19,8.54,-2.58,12.0,8.0,5516800.0,8431100.0,1.5,2532800.0,7140880.0,7163200.0,0.354,85.82,12,24,13,17.0,17,吃老本,True
RTX,Industrials,RTX Corporation,2025-12-22,183.79,5.87,13.81,29.08,19.46,1.0,18,20,13,17.6,20.64,9.47,False,True,173.61,6.29,1.095,False,186.6,-1.51,3.86,6.92,14.0,6.0,4691064.0,4285683.0,2.333,1389000.0,4600660.0,4522046.0,0.307,100.0,13,1,18,9.2,7,剛爆發,True
PH,Industrials,Parker Hannifin,2025-12-22,884.43,3.06,18.55,27.35,19.08,1.0,34,14,15,24.2,9.01,8.57,False,True,826.48,5.24,0.911,False,904.62,-2.23,2.32,3.09,13.0,7.0,529438.0,580985.0,1.857,126300.0,571370.0,594833.0,0.212,96.58,14,15,24,16.4,15,,True
GEV,Industrials,GE Vernova,2025-12-22,662.23,10.62,9.68,27.78,18.96,1.0,7,25,14,13.8,-11.67,13.44,False,True,603.19,13.14,1.018,False,729.65,-9.24,3.76,12.5,13.0,7.0,3610376.0,3546028.0,1.857,1155300.0,3497130.0,3940280.0,0.293,100.0,15,1,20,10.4,9,剛爆發,False
ROK,Industrials,Rockwell Automation,2025-12-22,397.18,0.99,16.79,22.08,15.48,1.0,51,15,17,33.4,13.64,5.66,False,True,378.48,6.65,1.111,False,413.18,-3.87,2.09,1.47,12.0,8.0,819233.0,737150.0,1.5,236100.0,749020.0,764320.0,0.309,93.67,16,17,17,16.6,16,,True
GE,Industrials,GE Aerospace,2025-12-22,313.93,5.59,6.96,24.15,15.22,1.0,19,32,16,22.3,,,,,,,,,,,,,,,,,,,,,,,17,26,26,,26,吃老本,False
PCAR,Industrials,Paccar,2025-12-22,111.15,7.39,13.03,20.1,15.16,1.0,14,21,19,17.1,-2.72,4.31,False,True,101.52,3.41,1.073,False,112.47,-1.17,1.53,7.87,9.0,11.0,3538322.0,3297618.0,0.818,937100.0,3373430.0,3499033.0,0.268,86.39,18,23,23,21.0,21,,False
JCI,Industrials,Johnson Controls,2025-12-22,121.35,4.94,14.06,16.17,12.84,1.0,24,19,24,22.5,,,,,,,,,,,,,,,,,,,,,,,19,26,26,,26,吃老本,False
LHX,Industrials,L3Harris,2025-12-22,294.55,6.49,1.51,21.19,12.6,1.0,16,40,18,23.6,,,,,,,,,,,,,,,,,,,,,,,20,26,26,,26,吃老本,False
AME,Industrials,Ametek,2025-12-22,207.81,5.5,12.02,15.83,12.3,1.0,20,23,25,21.9,,,,,,,,,,,,,,,,,,,,,,,21,26,26,,26,,False
DOV,Industrials,Dover Corporation,2025-12-22,199.2,8.03,19.48,9.81,11.78,1.0,12,13,37,17.3,4.52,2.1,False,True,184.02,4.38,1.124,False,218.8,-8.96,2.08,7.8,12.0,8.0,1071908.0,953337.0,1.5,341900.0,1066280.0,1066146.0,0.321,97.69,22,14,15,17.4,18,剛爆發,True
GD,Industrials,General Dynamics,2025-12-22,337.75,0.17,4.05,18.82,10.46,1.0,58,37,21,44.3,,,,,,,,,,,,,,,,,,,,,,,23,26,26,,26,,False
HWM,Industrials,Howmet Aerospace,2025-12-22,211.01,3.24,9.42,14.38,10.35,1.0,33,26,28,29.9,,,,,,,,,,,,,,,,,,,,,,,24,26,26,,26,,False
TXT,Industrials,Textron,2025-12-22,90.18,8.51,8.09,12.35,10.33,1.0,9,27,33,19.2,6.43,7.18,False,True,83.15,6.3,1.275,False,91.18,-1.1,2.57,8.67,14.0,6.0,1543592.0,1210800.0,2.333,691800.0,1640940.0,1560286.0,0.443,100.0,25,1,3,11.0,10,剛爆發,True
NDSN,Industrials,Nordson Corporation,2025-12-22,242.55,3.02,7.86,14.23,9.84,1.0,35,29,29,32.0,,,,,,,,,,,,,,,,,,,,,,,26,26,26,,26,,False
SNA,Industrials,Snap-on,2025-12-22,349.37,4.1,4.3,15.43,9.82,1.0,29,36,26,30.5,,,,,,,,,,,,,,,,,,,,,,,27,26,26,,26,,False
LDOS,Industrials,Leidos,2025-12-22,184.75,-2.52,0.75,19.92,9.52,0.667,69,45,20,52.0,,,,,,,,,,,,,,,,,,,,,,,28,26,26,,26,,False
HUBB,Industrials,Hubbell Incorporated,2025-12-22,452.35,5.45,7.35,12.59,9.49,1.0,21,30,32,25.9,,,,,,,,,,,,,,,,,,,,,,,29,26,26,,26,,False
SWK,Industrials,Stanley Black & Decker,2025-12-22,73.76,6.63,3.27,14.01,9.48,1.0,15,39,30,25.2,20.02,159.66,False,True,68.13,8.82,0.869,False,85.21,-13.43,3.35,6.17,9.0,11.0,1474477.0,1697500.0,0.818,713800.0,1665030.0,1635973.0,0.436,82.52,30,25,4,22.8,23,,True
EME,Industrials,Emcor,2025-12-22,626.08,1.95,-2.07,18.28,9.11,0.667,42,50,22,40.4,,,,,,,,,,,,,,,,,,,,,,,31,26,26,,26,,False
CSX,Industrials,CSX Corporation,2025-12-22,36.39,3.56,8.07,12.13,8.97,1.0,32,28,34,31.2,,,,,,,,,,,,,,,,,,,,,,,32,26,26,,26,剛爆發,False
NOC,Industrials,Northrop Grumman,2025-12-22,573.0,1.3,-2.49,17.81,8.61,0.667,46,52,23,43.2,,,,,,,,,,,,,,,,,,,,,,,33,26,26,,26,剛爆發,False
UPS,Industrials,United Parcel Service,2025-12-22,97.51,4.96,22.18,3.0,8.29,1.0,23,10,48,24.1,33.94,-1.02,False,True,91.52,3.74,0.736,False,124.32,-21.56,-1.51,5.09,13.0,7.0,5214446.0,7081342.0,1.857,2856700.0,6013350.0,5897673.0,0.484,93.19,34,18,2,21.2,22,剛爆發,True
ODFL,Industrials,Old Dominion,2025-12-22,159.07,18.12,15.31,-2.18,7.27,0.667,2,17,58,17.7,5.24,-1.21,False,True,142.79,4.65,0.936,False,207.56,-23.36,0.59,18.45,13.0,7.0,2463338.0,2631142.0,1.857,702500.0,2125610.0,2390506.0,0.294,100.0,35,1,19,18.2,19,剛爆發,True
WAB,Industrials,Wabtec,2025-12-22,218.78,5.16,11.65,5.86,7.13,1.0,22,24,42,26.6,,,,,,,,,,,,,,,,,,,,,,,36,26,26,,26,剛爆發,False
NSC,Industrials,Norfolk Southern,2025-12-22,288.43,-0.39,-1.72,14.85,6.89,0.333,61,49,27,50.6,,,,,,,,,,,,,,,,,,,,,,,37,26,26,,26,剛爆發,False
PWR,Industrials,Quanta Services,2025-12-22,432.41,-6.93,6.74,13.54,6.72,0.667,76,33,31,54.1,,,,,,,,,,,,,,,,,,,,,,,38,26,26,,26,剛爆發,False
FTV,Industrials,Fortive,2025-12-22,55.57,4.13,14.88,3.45,6.48,1.0,28,18,45,28.4,,,,,,,,,,,,,,,,,,,,,,,39,26,26,,26,剛爆發,False
IEX,Industrials,IDEX Corporation,2025-12-22,178.44,3.67,12.24,3.1,5.53,1.0,31,22,46,31.3,,,,,,,,,,,,,,,,,,,,,,,40,26,26,,26,剛爆發,False
LMT,Industrials,Lockheed Martin,2025-12-22,477.37,6.3,-0.15,6.9,4.99,0.667,17,46,41,30.5,,,,,,,,,,,,,,,,,,,,,,,41,26,26,,26,剛爆發,False
ROL,Industrials,"Rollins, Inc.",2025-12-22,60.21,-1.43,4.04,8.53,4.92,0.667,65,38,39,51.7,,,,,,,,,,,,,,,,,,,,,,,42,26,26,,26,剛爆發,False
MMM,Industrials,3M,2025-12-22,160.53,-5.79,6.52,7.57,3.97,0.667,72,34,40,54.2,,,,,,,,,,,,,,,,,,,,,,,43,26,26,,26,剛爆發,False
GWW,Industrials,W. W. Grainger,2025-12-22,1020.28,7.97,6.98,0.04,3.76,1.0,13,31,55,26.8,2.58,-1.03,False,True,965.63,3.26,1.192,False,1124.64,-9.28,0.47,8.38,10.0,10.0,322440.0,270560.0,1.0,128400.0,328370.0,316433.0,0.406,91.07,44,19,7,26.6,24,剛爆發,True
BA,Industrials,Boeing,2025-12-22,216.44,14.52,-2.18,0.88,3.53,0.667,3,51,54,27.6,-214.44,2.35,False,True,202.46,8.37,0.858,False,242.69,-10.82,3.92,15.79,13.0,7.0,7941223.0,9254428.0,1.857,2801500.0,6335860.0,7414600.0,0.378,100.0,45,1,9,20.2,20,剛爆發,False
XYL,Industrials,Xylem Inc.,2025-12-22,137.79,-1.33,-2.68,8.85,3.42,0.333,62,55,38,55.1,,,,,,,,,,,,,,,,,,,,,,,46,26,26,,26,剛爆發,False
EMR,Industrials,Emerson Electric,2025-12-22,134.65,1.75,5.99,2.75,3.31,1.0,44,35,49,42.3,,,,,,,,,,,,,,,,,,,,,,,47,26,26,,26,剛爆發,False
ALLE,Industrials,Allegion,2025-12-22,159.53,-3.16,-8.13,11.75,3.05,0.333,70,65,35,61.5,,,,,,,,,,,,,,,,,,,,,,,48,26,26,,26,剛爆發,False
URI,Industrials,United Rentals,2025-12-22,824.38,1.57,-12.41,10.45,2.51,0.667,45,73,36,51.6,,,,,,,,,,,,,,,,,,,,,,,49,26,26,,26,剛爆發,False
UNP,Industrials,Union Pacific Corporation,2025-12-22,231.03,1.28,-0.17,2.1,1.33,0.667,47,47,51,47.8,,,,,,,,,,,,,,,,,,,,,,,50,26,26,,26,剛爆發,False
AOS,Industrials,A. O. Smith,2025-12-22,66.64,2.7,-5.97,4.27,1.32,0.667,38,61,44,46.1,,,,,,,,,,,,,,,,,,,,,,,51,26,26,,26,剛爆發,False
ITW,Industrials,Illinois Tool Works,2025-12-22,247.76,1.28,-2.69,3.03,1.16,0.667,47,56,47,49.7,,,,,,,,,,,,,,,,,,,,,,,52,26,26,,26,剛爆發,False
PNR,Industrials,Pentair,2025-12-22,104.64,0.42,-3.5,2.5,0.48,0.667,57,58,50,55.9,,,,,,,,,,,,,,,,,,,,,,,53,26,26,,26,剛爆發,False
J,Industrials,Jacobs Solutions,2025-12-22,134.5,0.59,-8.29,4.51,0.33,0.667,54,66,43,55.4,,,,,,,,,,,,,,,,,,,,,,,54,26,26,,26,剛爆發,False
VLTO,Industrials,Veralto,2025-12-22,101.32,0.52,-2.65,0.89,-0.09,0.667,55,54,53,54.3,,,,,,,,,,,,,,,,,,,,,,,55,26,26,,26,剛爆發,False
WM,Industrials,Waste Management,2025-12-22,219.27,1.87,1.49,-2.4,-0.36,0.667,43,41,59,45.6,,,,,,,,,,,,,,,,,,,,,,,56,26,26,,26,剛爆發,False
MAS,Industrials,Masco,2025-12-22,64.16,-0.2,-7.63,1.85,-1.03,0.333,60,64,52,59.6,,,,,,,,,,,,,,,,,,,,,,,57,26,26,,26,剛爆發,False
IR,Industrials,Ingersoll Rand,2025-12-22,81.24,1.17,-1.21,-3.5,-1.76,0.333,50,48,60,51.4,,,,,,,,,,,,,,,,,,,,,,,58,26,26,,26,剛爆發,False
BR,Industrials,Broadridge Financial Solutions,2025-12-22,225.41,0.47,-2.9,-3.92,-2.57,0.333,56,57,61,57.3,,,,,,,,,,,,,,,,,,,,,,,59,26,26,,26,剛爆發,False
HON,Industrials,Honeywell Technologies,2025-12-22,204.85,2.7,1.19,-7.47,-2.76,0.667,38,43,63,44.5,,,,,,,,,,,,,,,,,,,,,,,60,26,26,,26,剛爆發,False
FAST,Industrials,Fastenal,2025-12-22,40.89,2.87,-14.22,0.03,-2.82,0.667,36,76,56,52.0,,,,,,,,,,,,,,,,,,,,,,,61,26,26,,26,剛爆發,False
DE,Industrials,Deere & Company,2025-12-22,464.75,0.96,1.42,-8.04,-3.43,0.667,52,42,64,51.4,,,,,,,,,,,,,,,,,,,,,,,62,26,26,,26,剛爆發,False
TDG,Industrials,TransDigm Group,2025-12-22,1309.24,-3.74,1.04,-6.66,-4.01,0.333,71,44,62,61.1,,,,,,,,,,,,,,,,,,,,,,,63,26,26,,26,剛爆發,False
OTIS,Industrials,Otis Worldwide,2025-12-22,86.69,-1.38,-2.6,-9.37,-5.68,0.0,64,53,67,61.3,,,,,,,,,,,,,,,,,,,,,,,64,26,26,,26,剛爆發,False
GNRC,Industrials,Generac,2025-12-22,140.56,-7.3,-16.47,-1.3,-6.59,0.0,78,77,57,73.5,,,,,,,,,,,,,,,,,,,,,,,65,26,26,,26,剛爆發,False
LII,Industrials,Lennox International,2025-12-22,494.21,-0.14,-4.32,-11.8,-7.01,0.0,59,59,70,61.2,,,,,,,,,,,,,,,,,,,,,,,66,26,26,,26,剛爆發,False
CTAS,Industrials,Cintas,2025-12-22,190.18,2.75,-6.19,-13.03,-7.37,0.333,37,62,73,51.7,,,,,,,,,,,,,,,,,,,,,,,67,26,26,,26,剛爆發,False
TT,Industrials,Trane Technologies,2025-12-22,390.76,-6.85,-5.45,-8.98,-7.56,0.0,74,60,66,68.2,,,,,,,,,,,,,,,,,,,,,,,68,26,26,,26,剛爆發,False
RSG,Industrials,Republic Services,2025-12-22,211.52,-1.7,-6.24,-12.24,-8.1,0.0,66,63,71,66.1,,,,,,,,,,,,,,,,,,,,,,,69,26,26,,26,剛爆發,False
EFX,Industrials,Equifax,2025-12-22,220.7,4.56,-12.46,-12.93,-8.44,0.333,25,75,72,49.4,,,,,,,,,,,,,,,,,,,,,,,70,26,26,,26,剛爆發,False
ETN,Industrials,Eaton Corporation,2025-12-22,320.28,-6.86,-11.63,-8.27,-8.76,0.0,75,71,65,71.8,,,,,,,,,,,,,,,,,,,,,,,71,26,26,,26,剛爆發,False
ADP,Industrials,Automatic Data Processing,2025-12-22,254.79,2.04,-10.64,-13.7,-9.0,0.333,41,70,74,56.3,,,,,,,,,,,,,,,,,,,,,,,72,26,26,,26,剛爆發,False
BLDR,Industrials,Builders FirstSource,2025-12-22,103.99,-7.34,-12.02,-11.13,-10.4,0.0,79,72,68,74.7,,,,,,,,,,,,,,,,,,,,,,,73,26,26,,26,剛爆發,False
PAYX,Industrials,Paychex,2025-12-22,110.43,2.24,-10.07,-19.29,-11.61,0.333,40,68,76,55.6,,,,,,,,,,,,,,,,,,,,,,,74,26,26,,26,剛爆發,False
UBER,Industrials,Uber,2025-12-22,81.26,-7.17,-17.46,-11.22,-11.77,0.0,77,78,69,75.7,,,,,,,,,,,,,,,,,,,,,,,75,26,26,,26,剛爆發,False
CPRT,Industrials,Copart,2025-12-22,39.3,0.82,-12.41,-18.43,-12.11,0.333,53,73,75,63.4,,,,,,,,,,,,,,,,,,,,,,,76,26,26,,26,剛爆發,False
CARR,Industrials,Carrier Global,2025-12-22,52.98,-2.35,-8.57,-26.76,-16.11,0.0,68,67,77,69.5,,,,,,,,,,,,,,,,,,,,,,,77,26,26,,26,剛爆發,False
AXON,Industrials,Axon Enterprise,2025-12-22,583.84,8.09,-17.63,-28.68,-16.73,0.333,10,79,79,44.5,-24.08,45.01,False,False,603.7,13.41,1.142,False,885.92,-34.1,3.65,9.5,13.0,7.0,876084.0,766957.0,1.857,328400.0,977670.0,886493.0,0.37,100.0,78,1,11,33.8,25,剛爆發,False
VRSK,Industrials,Verisk Analytics,2025-12-22,219.19,-1.9,-10.63,-28.34,-17.3,0.0,67,69,78,69.8,,,,,,,,,,,,,,,,,,,,,,,79,26,26,,26,剛爆發,False
SNDK,Information Technology,Sandisk,2025-12-22,250.05,11.99,157.46,430.33,257.53,1.0,14,1,1,7.5,36.89,771.13,False,True,213.93,27.34,0.989,False,284.76,-12.19,13.94,16.28,11.0,9.0,8617945.0,8709788.0,1.222,5553700.0,7923340.0,7760440.0,0.716,100.0,1,1,1,1.0,1,,True
LITE,Information Technology,Lumentum,2025-12-22,390.77,20.18,143.09,312.42,197.03,1.0,3,2,2,2.5,7.04,8.86,False,True,271.1,25.93,0.862,False,401.6,-2.7,15.91,26.76,14.0,6.0,3698342.0,4288333.0,2.333,1585300.0,3689960.0,3795553.0,0.418,100.0,2,1,11,3.4,3,,True
CIEN,Information Technology,Ciena,2025-12-22,241.68,18.35,70.28,194.3,119.31,1.0,5,5,3,4.6,18.24,27.56,False,True,199.34,18.37,1.138,False,248.0,-2.55,14.7,20.67,13.0,7.0,3151046.0,2769971.0,1.857,946900.0,2642270.0,3216533.0,0.294,100.0,3,1,23,6.2,9,,True
WDC,Information Technology,Western Digital,2025-12-22,181.41,11.24,69.99,187.4,114.01,1.0,15,6,4,10.1,12.93,12.13,False,True,156.39,12.33,1.148,False,188.63,-3.83,3.73,15.18,13.0,7.0,8027184.0,6994542.0,1.857,3351600.0,9225150.0,8098920.0,0.414,100.0,4,1,13,4.6,4,,True
MU,Information Technology,Micron Technology,2025-12-22,284.51,20.43,81.2,128.63,89.72,1.0,2,3,5,2.9,20.58,5.94,False,True,234.56,26.86,1.222,False,290.59,-2.09,14.58,23.68,10.0,10.0,28870980.0,23633630.0,1.0,17878500.0,33347370.0,28868326.0,0.619,100.0,5,1,3,3.0,2,,True
COHR,Information Technology,Coherent Corp.,2025-12-22,191.72,16.72,79.19,119.79,83.87,1.0,6,4,7,5.6,11.27,8.7,False,True,155.17,14.8,0.994,False,200.19,-4.23,9.11,24.49,15.0,5.0,4366800.0,4391580.0,3.0,1707600.0,3861780.0,4221020.0,0.405,100.0,6,1,14,5.6,7,,True
TER,Information Technology,Teradyne,2025-12-22,198.74,9.35,47.11,120.53,74.38,1.0,19,7,6,12.8,7.45,4.94,False,True,176.49,10.35,0.92,False,204.84,-2.98,4.44,10.88,14.0,6.0,2852335.0,3099433.0,2.333,1247800.0,3137310.0,2837653.0,0.44,100.0,7,1,10,5.2,6,剛爆發,True
APP,Information Technology,AppLovin,2025-12-22,714.23,19.14,6.62,113.98,63.43,1.0,4,32,8,13.2,2.61,1.71,False,True,627.77,12.0,1.503,False,745.61,-4.21,2.86,21.81,13.0,7.0,4016115.0,2671214.0,1.857,1766900.0,3374510.0,3424366.0,0.516,100.0,8,1,5,4.6,4,剛爆發,True
STX,Information Technology,Seagate Technology,2025-12-22,285.52,3.72,32.35,103.53,60.78,1.0,34,10,9,21.8,8.76,6.01,False,True,263.31,10.72,1.376,False,307.37,-7.11,-1.72,5.4,11.0,9.0,4584763.0,3331411.0,1.222,1063800.0,5275160.0,4530026.0,0.235,94.97,9,22,25,17.4,20,吃老本,True
LRCX,Information Technology,Lam Research,2025-12-22,177.73,14.34,38.99,83.86,55.26,1.0,9,8,10,8.9,3.27,10.36,False,True,156.98,15.54,1.203,False,179.46,-0.96,8.12,14.97,14.0,6.0,10928221.0,9084266.0,2.333,5238900.0,12026270.0,11043593.0,0.474,100.0,10,1,7,5.8,8,剛爆發,True
FSLR,Information Technology,First Solar,2025-12-22,269.69,-1.18,22.58,77.26,43.98,0.667,53,13,11,32.6,0.51,21.26,False,True,256.32,13.97,0.896,False,285.99,-5.7,3.02,-0.93,11.0,9.0,1861190.0,2077811.0,1.222,822600.0,2135460.0,2082100.0,0.395,84.66,11,25,16,17.6,22,吃老本,True
GLW,Information Technology,Corning Inc.,2025-12-22,89.27,6.38,13.26,74.15,41.98,1.0,27,20,12,21.9,0.8,5.13,False,True,85.85,12.66,1.185,False,96.31,-7.32,3.1,7.14,13.0,7.0,6442000.0,5437842.0,1.857,2203200.0,5930920.0,6587973.0,0.334,100.0,12,1,19,9.0,11,剛爆發,True
AMD,Information Technology,Advanced Micro Devices,2025-12-22,214.99,-1.17,34.82,49.5,33.16,0.667,52,9,14,31.5,2.48,-0.55,False,False,229.18,11.89,1.03,False,267.08,-19.5,6.93,0.35,12.0,8.0,28550741.0,27714562.0,1.5,15792600.0,27649710.0,27991520.0,0.564,93.51,13,23,4,15.2,18,吃老本,True
AMAT,Information Technology,Applied Materials,2025-12-22,261.25,3.83,28.68,43.64,29.95,1.0,33,11,17,23.2,3.65,5.13,False,True,242.29,8.84,1.124,False,275.41,-5.14,3.31,4.77,14.0,6.0,6919464.0,6158600.0,2.333,1836000.0,7244030.0,6701346.0,0.274,100.0,14,1,24,10.8,13,剛爆發,True
KLAC,Information Technology,KLA Corporation,2025-12-22,127.63,8.86,20.43,44.35,29.5,1.0,21,14,15,17.7,2.24,9.67,False,True,118.64,9.49,0.998,False,128.35,-0.56,4.68,10.4,15.0,5.0,8197000.0,8211000.0,3.0,3374000.0,9017100.0,8623800.0,0.391,100.0,15,1,17,9.8,12,剛爆發,True
INTC,Information Technology,Intel,2025-12-22,36.2,-10.75,1.97,59.54,27.58,0.667,71,38,13,49.5,3162.41,-1169.52,False,False,38.01,13.85,1.467,False,44.02,-17.76,-0.22,-1.66,9.0,11.0,95258411.0,64953454.0,0.818,28779400.0,64052160.0,68964406.0,0.417,86.86,16,24,12,18.4,23,吃老本,True
PLTR,Information Technology,Palantir Technologies,2025-12-22,188.71,12.03,6.27,44.34,26.75,1.0,13,33,16,19.6,25.46,15.57,False,True,181.11,11.89,0.991,False,207.52,-9.06,1.63,13.84,13.0,7.0,34953853.0,35284242.0,1.857,26262000.0,38356850.0,37418886.0,0.702,100.0,17,1,2,7.6,10,剛爆發,True
APH,Information Technology,Amphenol,2025-12-22,136.95,-2.27,12.31,41.18,23.1,0.667,60,21,18,39.9,,,,,,,,,,,,,,,,,,,,,,,18,26,26,,26,吃老本,False
TEL,Information Technology,TE Connectivity,2025-12-22,230.89,2.8,7.12,39.82,22.39,1.0,36,29,19,30.5,,,,,,,,,,,,,,,,,,,,,,,19,26,26,,26,吃老本,False
HPE,Information Technology,Hewlett Packard Enterprise,2025-12-22,24.26,12.65,2.66,34.53,21.09,1.0,11,37,21,20.8,6.55,5.41,False,True,22.87,6.42,1.112,False,26.04,-6.82,3.0,14.43,13.0,7.0,27719746.0,24930500.0,1.857,11203600.0,25495560.0,28823433.0,0.389,100.0,20,1,18,12.0,14,剛爆發,True
AAPL,Information Technology,Apple Inc.,2025-12-22,272.89,-1.95,7.13,36.25,19.42,0.667,57,28,20,40.9,,,,,,,,,,,,,,,,,,,,,,,21,26,26,,26,,False
KEYS,Information Technology,Keysight Technologies,2025-12-22,206.04,4.09,18.86,25.37,18.42,1.0,32,15,26,25.7,3.01,2.89,False,True,187.98,8.65,0.931,False,214.58,-3.98,3.26,5.02,14.0,6.0,1103850.0,1185850.0,2.333,462900.0,1201320.0,1142826.0,0.405,100.0,22,1,14,12.0,14,剛爆發,True
FLEX,Information Technology,Flex Ltd.,2025-12-22,63.33,7.14,11.4,26.94,18.1,1.0,25,23,25,24.4,,,,,,,,,,,,,,,,,,,,,,,23,26,26,,26,,False
MPWR,Information Technology,Monolithic Power Systems,2025-12-22,941.4,1.96,6.81,29.07,16.73,1.0,40,31,24,34.1,,,,,,,,,,,,,,,,,,,,,,,24,26,26,,26,,False
CTSH,Information Technology,Cognizant,2025-12-22,84.54,10.11,28.31,11.05,15.13,1.0,17,12,33,18.7,6.73,3.99,False,True,74.87,6.03,1.305,False,88.3,-4.26,2.16,11.06,14.0,5.0,4836235.0,3705360.0,2.8,1612900.0,5763450.0,5144673.0,0.314,100.0,25,1,21,14.6,16,剛爆發,True
ANET,Information Technology,Arista Networks,2025-12-22,131.84,0.89,-7.48,32.65,14.68,0.667,43,56,22,42.7,,,,,,,,,,,,,,,,,,,,,,,26,26,26,,26,,False
NVDA,Information Technology,Nvidia,2025-12-22,190.3,7.65,6.93,20.79,14.04,1.0,24,30,27,26.4,,,,,,,,,,,,,,,,,,,,,,,27,26,26,,26,,False
AVGO,Information Technology,Broadcom,2025-12-22,350.84,-12.45,5.46,31.21,13.86,0.667,72,34,23,50.8,,,,,,,,,,,,,,,,,,,,,,,28,26,26,,26,,False
ADI,Information Technology,Analog Devices,2025-12-22,275.22,4.7,12.22,17.71,13.08,1.0,30,22,28,27.2,,,,,,,,,,,,,,,,,,,,,,,29,26,26,,26,,False
CSCO,Information Technology,Cisco,2025-12-22,77.04,1.59,16.98,15.23,12.26,1.0,41,16,29,31.1,,,,,,,,,,,,,,,,,,,,,,,30,26,26,,26,,False
JBL,Information Technology,Jabil,2025-12-22,235.98,12.05,9.43,8.7,9.72,1.0,12,26,34,20.6,4.36,11.69,False,True,214.02,13.43,0.963,False,236.92,-0.39,8.79,13.94,15.0,5.0,1398533.0,1452980.0,3.0,710200.0,1800270.0,1575620.0,0.451,100.0,31,1,9,14.6,16,剛爆發,True
AKAM,Information Technology,Akamai Technologies,2025-12-22,88.42,-1.23,16.27,11.08,9.3,0.667,54,17,32,38.5,,,,,,,,,,,,,,,,,,,,,,,32,26,26,,26,剛爆發,False
QCOM,Information Technology,Qualcomm,2025-12-22,173.06,4.53,3.84,11.46,7.82,1.0,31,36,31,32.5,,,,,,,,,,,,,,,,,,,,,,,33,26,26,,26,剛爆發,False
ON,Information Technology,ON Semiconductor,2025-12-22,54.93,9.34,9.51,3.78,6.6,1.0,20,24,42,25.6,,,,,,,,,,,,,,,,,,,,,,,34,26,26,,26,剛爆發,False
MRVL,Information Technology,Marvell Technology,2025-12-22,86.21,-3.42,3.88,12.06,6.15,0.667,66,35,30,49.5,,,,,,,,,,,,,,,,,,,,,,,35,26,26,,26,剛爆發,False
NXPI,Information Technology,NXP Semiconductors,2025-12-22,220.97,14.84,-0.96,3.62,5.28,0.667,8,43,43,25.5,-0.27,2.31,False,True,210.07,5.7,1.571,False,248.6,-11.11,0.36,15.54,11.0,9.0,3703190.0,2356755.0,1.222,1439700.0,3113020.0,2835293.0,0.508,100.0,36,1,6,16.0,19,剛爆發,False
CRM,Information Technology,Salesforce,2025-12-22,264.73,15.6,9.48,-2.36,5.09,0.667,7,25,47,20.4,13.55,4.7,False,True,247.48,6.22,1.123,False,362.86,-27.04,3.19,16.81,15.0,5.0,8895820.0,7922540.0,3.0,2456400.0,7002130.0,8093566.0,0.304,100.0,37,1,22,19.6,24,剛爆發,True
IBM,Information Technology,IBM,2025-12-22,301.14,-1.13,7.9,6.61,5.0,0.667,51,27,35,40.6,,,,,,,,,,,,,,,,,,,,,,,38,26,26,,26,剛爆發,False
MCHP,Information Technology,Microchip Technology,2025-12-22,64.24,21.2,1.72,-6.4,2.53,0.667,1,39,55,23.2,4.93,13.17,False,True,59.83,9.34,1.384,False,75.16,-14.53,1.37,23.53,12.0,7.0,10080291.0,7281271.0,1.714,3853600.0,7785340.0,8124153.0,0.474,100.0,39,1,7,17.4,20,剛爆發,True
TRMB,Information Technology,Trimble Inc.,2025-12-22,80.2,-1.5,-1.28,6.01,2.31,0.333,55,44,36,47.9,,,,,,,,,,,,,,,,,,,,,,,40,26,26,,26,剛爆發,False
ACN,Information Technology,Accenture,2025-12-22,265.62,8.44,13.44,-7.79,1.57,0.667,23,19,57,28.6,,,,,,,,,,,,,,,,,,,,,,,41,26,26,,26,剛爆發,False
DELL,Information Technology,Dell Technologies,2025-12-22,128.07,-3.08,-0.81,5.03,1.54,0.333,64,42,38,52.2,,,,,,,,,,,,,,,,,,,,,,,42,26,26,,26,剛爆發,False
FICO,Information Technology,Fair Isaac,2025-12-22,1753.19,-2.92,15.43,-3.47,1.39,0.333,63,18,48,46.5,,,,,,,,,,,,,,,,,,,,,,,43,26,26,,26,剛爆發,False
NTAP,Information Technology,NetApp,2025-12-22,109.08,-0.94,-7.42,5.5,0.66,0.333,50,55,37,48.9,,,,,,,,,,,,,,,,,,,,,,,44,26,26,,26,剛爆發,False
CDNS,Information Technology,Cadence Design Systems,2025-12-22,318.89,2.26,-8.92,4.49,0.58,0.667,39,57,40,44.6,,,,,,,,,,,,,,,,,,,,,,,45,26,26,,26,剛爆發,False
SNPS,Information Technology,Synopsys,2025-12-22,477.14,14.15,-2.18,-5.07,0.46,0.333,10,46,52,29.2,4.18,-9.48,False,True,437.64,6.75,1.189,False,651.73,-26.79,4.15,16.47,15.0,5.0,2441626.0,2053900.0,3.0,724100.0,2019360.0,2247186.0,0.322,100.0,46,1,20,22.8,25,剛爆發,True
PTC,Information Technology,PTC Inc.,2025-12-22,176.59,0.66,-12.99,4.31,-0.93,0.667,44,64,41,49.4,,,,,,,,,,,,,,,,,,,,,,,47,26,26,,26,剛爆發,False
TDY,Information Technology,Teledyne Technologies,2025-12-22,517.35,3.57,-10.36,1.5,-0.94,0.667,35,60,44,44.3,,,,,,,,,,,,,,,,,,,,,,,48,26,26,,26,剛爆發,False
DDOG,Information Technology,Datadog,2025-12-22,138.32,-13.56,-0.54,4.72,-1.17,0.333,73,41,39,56.6,,,,,,,,,,,,,,,,,,,,,,,49,26,26,,26,剛爆發,False
GEN,Information Technology,Gen Digital,2025-12-22,27.48,5.31,-3.12,-4.33,-1.62,0.333,28,48,51,38.6,,,,,,,,,,,,,,,,,,,,,,,50,26,26,,26,剛爆發,False
ADBE,Information Technology,Adobe Inc.,2025-12-22,353.8,10.52,-1.82,-8.3,-1.98,0.333,16,45,58,33.1,,,,,,,,,,,,,,,,,,,,,,,51,26,26,,26,剛爆發,False
MSFT,Information Technology,Microsoft,2025-12-22,485.55,-0.87,-4.47,-1.31,-1.99,0.0,47,52,45,48.1,,,,,,,,,,,,,,,,,,,,,,,52,26,26,,26,剛爆發,False
ADSK,Information Technology,Autodesk,2025-12-22,300.71,-0.87,-6.87,-1.45,-2.66,0.0,47,53,46,48.6,,,,,,,,,,,,,,,,,,,,,,,53,26,26,,26,剛爆發,False
CRWD,Information Technology,CrowdStrike,2025-12-22,120.3,-5.49,-0.05,-3.63,-3.2,0.0,69,40,49,56.3,,,,,,,,,,,,,,,,,,,,,,,54,26,26,,26,剛爆發,False
PANW,Information Technology,Palo Alto Networks,2025-12-22,188.45,-0.88,-6.88,-6.04,-4.96,0.0,49,54,54,51.5,,,,,,,,,,,,,,,,,,,,,,,55,26,26,,26,剛爆發,False
INTU,Information Technology,Intuit,2025-12-22,670.26,6.7,-2.93,-12.6,-5.36,0.333,26,47,62,39.5,,,,,,,,,,,,,,,,,,,,,,,56,26,26,,26,剛爆發,False
WDAY,Information Technology,"Workday, Inc.",2025-12-22,220.7,2.36,-10.53,-7.02,-5.55,0.333,37,61,56,48.0,,,,,,,,,,,,,,,,,,,,,,,57,26,26,,26,剛爆發,False
HPQ,Information Technology,HP Inc.,2025-12-22,22.61,-3.62,-11.88,-4.02,-5.89,0.0,67,62,50,62.1,,,,,,,,,,,,,,,,,,,,,,,58,26,26,,26,剛爆發,False
TXN,Information Technology,Texas Instruments,2025-12-22,173.95,5.12,-3.3,-13.2,-6.15,0.333,29,50,63,42.1,,,,,,,,,,,,,,,,,,,,,,,59,26,26,,26,剛爆發,False
FFIV,Information Technology,"F5, Inc.",2025-12-22,263.14,10.03,-19.0,-11.03,-7.76,0.333,18,71,60,42.3,,,,,,,,,,,,,,,,,,,,,,,60,26,26,,26,剛爆發,False
MSI,Information Technology,Motorola Solutions,2025-12-22,374.92,2.33,-17.14,-9.44,-8.42,0.333,38,67,59,50.9,,,,,,,,,,,,,,,,,,,,,,,61,26,26,,26,剛爆發,False
ORCL,Information Technology,Oracle Corporation,2025-12-22,196.1,-1.96,-30.03,-5.46,-10.73,0.0,58,72,53,61.2,,,,,,,,,,,,,,,,,,,,,,,62,26,26,,26,剛爆發,False
VRSN,Information Technology,Verisign,2025-12-22,244.76,-2.25,-13.13,-13.86,-10.78,0.0,59,65,64,61.8,,,,,,,,,,,,,,,,,,,,,,,63,26,26,,26,剛爆發,False
FTNT,Information Technology,Fortinet,2025-12-22,81.56,0.53,-3.27,-20.9,-11.14,0.333,45,49,69,51.0,,,,,,,,,,,,,,,,,,,,,,,64,26,26,,26,剛爆發,False
SWKS,Information Technology,Skyworks Solutions,2025-12-22,62.9,-2.64,-18.32,-12.37,-11.43,0.0,62,70,61,64.2,,,,,,,,,,,,,,,,,,,,,,,65,26,26,,26,剛爆發,False
ROP,Information Technology,Roper Technologies,2025-12-22,447.64,1.03,-9.56,-19.75,-12.0,0.333,42,58,65,51.4,,,,,,,,,,,,,,,,,,,,,,,66,26,26,,26,剛爆發,False
TYL,Information Technology,Tyler Technologies,2025-12-22,461.06,-1.82,-12.96,-20.66,-14.02,0.0,56,63,68,60.5,,,,,,,,,,,,,,,,,,,,,,,67,26,26,,26,剛爆發,False
CDW,Information Technology,CDW Corporation,2025-12-22,138.19,-3.13,-14.62,-20.6,-14.74,0.0,65,66,67,65.7,,,,,,,,,,,,,,,,,,,,,,,68,26,26,,26,剛爆發,False
ZBRA,Information Technology,Zebra Technologies,2025-12-22,246.27,-2.56,-17.85,-20.37,-15.29,0.0,61,69,66,64.4,,,,,,,,,,,,,,,,,,,,,,,69,26,26,,26,剛爆發,False
GDDY,Information Technology,GoDaddy,2025-12-22,127.07,-0.62,-10.13,-29.43,-17.4,0.0,46,59,71,54.9,,,,,,,,,,,,,,,,,,,,,,,70,26,26,,26,剛爆發,False
IT,Information Technology,Gartner,2025-12-22,252.61,8.54,-4.35,-37.28,-17.59,0.333,22,51,73,40.9,,,,,,,,,,,,,,,,,,,,,,,71,26,26,,26,剛爆發,False
NOW,Information Technology,ServiceNow,2025-12-22,153.89,-5.29,-17.79,-24.74,-18.14,0.0,68,68,70,68.4,,,,,,,,,,,,,,,,,,,,,,,72,26,26,,26,剛爆發,False
SMCI,Information Technology,Supermicro,2025-12-22,30.64,-9.48,-33.13,-35.6,-28.45,0.0,70,73,72,71.3,,,,,,,,,,,,,,,,,,,,,,,73,26,26,,26,剛爆發,False
ALB,Materials,Albemarle Corporation,2025-12-22,149.26,15.75,70.79,132.92,88.09,1.0,3,1,1,2.0,78.33,113.51,False,True,115.65,15.76,0.932,False,151.32,-1.36,6.78,18.56,12.0,8.0,2939208.0,3152475.0,1.5,1442200.0,2847730.0,2984266.0,0.483,100.0,1,1,11,3.0,2,,True
NEM,Materials,Newmont,2025-12-22,105.32,16.59,24.44,87.53,54.02,1.0,2,5,2,2.9,18.84,22.9,False,True,89.74,9.68,1.287,False,105.88,-0.53,6.48,16.86,12.0,8.0,9678283.0,7517687.0,1.5,3808200.0,9046110.0,9267506.0,0.411,100.0,2,1,16,4.4,4,,True
DD,Materials,DuPont,2025-12-22,122.8,3.75,30.11,44.66,30.79,1.0,12,3,3,7.5,11.16,5.54,False,True,113.86,4.03,0.844,False,124.55,-1.41,1.85,5.15,14.0,6.0,1538466.0,1822761.0,2.333,871533.0,1870436.0,1704044.0,0.511,100.0,3,1,7,3.0,2,,True
FCX,Materials,Freeport-McMoRan,2025-12-22,52.66,23.41,48.9,21.74,28.94,1.0,1,2,7,2.5,22.84,21.81,False,True,43.05,14.45,1.13,False,53.39,-1.36,10.68,25.84,16.0,4.0,15539637.0,13753825.0,4.0,14848300.0,14894590.0,15586553.0,0.953,100.0,4,1,1,2.2,1,,True
CRH,Materials,CRH plc,2025-12-22,128.02,7.49,13.43,40.89,25.67,1.0,5,8,4,5.7,0.93,0.89,False,True,118.02,5.13,0.34,False,128.36,-0.26,1.39,7.76,11.0,9.0,7514409.0,22072922.0,1.222,3257500.0,19991900.0,17410106.0,0.187,79.5,5,19,22,14.0,15,吃老本,True
STLD,Materials,Steel Dynamics,2025-12-22,174.01,4.55,26.11,34.72,25.03,1.0,8,4,5,6.2,4.16,-3.46,False,True,159.91,7.24,0.774,False,176.89,-1.63,0.5,5.31,12.0,8.0,1169266.0,1510887.0,1.5,472300.0,1478960.0,1350806.0,0.35,89.43,6,10,19,10.2,10,,True
NUE,Materials,Nucor,2025-12-22,164.82,4.3,20.92,27.62,20.11,1.0,9,6,6,7.5,21.26,0.32,False,True,150.97,7.63,0.921,False,166.52,-1.02,5.4,4.54,11.0,9.0,1456509.0,1582088.0,1.222,735400.0,1619630.0,1595080.0,0.461,89.33,7,11,13,9.8,9,,True
MLM,Materials,Martin Marietta Materials,2025-12-22,643.3,3.63,5.24,17.58,11.01,1.0,13,11,8,11.4,2.21,3.19,False,True,616.35,5.64,0.757,False,662.53,-2.9,2.81,3.75,12.0,8.0,348433.0,459987.0,1.5,244300.0,463560.0,431006.0,0.567,89.13,8,12,3,8.6,6,,True
AVY,Materials,Avery Dennison,2025-12-22,180.48,6.48,14.18,5.09,7.71,1.0,7,7,11,7.8,1.91,1.07,False,True,172.4,2.66,0.83,False,190.13,-5.08,-0.38,6.57,12.0,8.0,667700.0,804925.0,1.5,356800.0,667140.0,727266.0,0.491,90.81,9,9,10,9.2,7,,True
PKG,Materials,Packaging Corporation of America,2025-12-22,206.32,3.0,-2.67,11.62,5.89,0.667,14,18,10,14.4,-3.09,1.47,False,True,197.79,4.44,0.678,False,233.77,-11.74,2.39,3.29,11.0,9.0,700636.0,1033333.0,1.222,380800.0,909440.0,874026.0,0.436,83.13,10,16,15,13.4,13,吃老本,False
VMC,Materials,Vulcan Materials Company,2025-12-22,293.06,-1.02,-1.53,12.59,5.66,0.333,18,16,9,15.6,4.45,-2.82,False,True,290.1,6.7,0.806,False,310.0,-5.47,2.03,-0.3,14.0,6.0,850371.0,1054766.0,2.333,540600.0,1043230.0,978460.0,0.553,99.74,11,6,4,7.6,5,,True
BALL,Materials,Ball Corporation,2025-12-22,52.31,6.75,6.86,-5.91,0.45,0.667,6,10,14,8.8,-0.17,3.26,False,True,48.66,7.0,1.206,False,59.42,-11.97,0.4,6.54,13.0,7.0,2788738.0,2313242.0,1.857,965100.0,2964630.0,2874546.0,0.336,100.0,12,1,20,9.2,7,剛爆發,False
ECL,Materials,Ecolab,2025-12-22,264.32,-3.15,-1.66,-0.12,-1.26,0.0,23,17,12,19.0,-0.09,-0.29,False,True,262.57,3.58,0.928,False,283.02,-6.61,1.08,-3.09,11.0,9.0,1369454.0,1475577.0,1.222,670900.0,1364170.0,1410273.0,0.476,83.15,13,15,12,13.6,14,,True
IFF,Materials,International Flavors & Fragrances,2025-12-22,66.72,-2.3,12.54,-8.09,-1.48,0.333,20,9,17,16.1,3.32,2.53,False,True,64.29,7.97,1.262,False,85.12,-21.62,3.78,-2.72,10.0,10.0,2521650.0,1998850.0,1.0,1019300.0,2437910.0,2491633.0,0.409,86.96,14,14,17,14.6,17,,True
PPG,Materials,PPG Industries,2025-12-22,103.05,4.28,1.39,-7.32,-2.24,0.667,10,14,15,12.2,2.26,-0.01,False,True,98.55,3.2,0.724,False,120.05,-14.16,1.37,4.43,12.0,8.0,1572633.0,2170787.0,1.5,936800.0,1788390.0,1853066.0,0.506,88.39,15,13,8,12.8,12,,True
SW,Materials,Smurfit Westrock,2025-12-22,37.97,8.55,-8.05,-9.14,-4.44,0.333,4,21,19,12.1,-19.83,-13.89,False,True,36.53,4.72,1.069,False,53.46,-28.98,0.31,8.27,11.0,9.0,5259818.0,4921944.0,1.222,2171300.0,4884320.0,4966686.0,0.437,92.12,16,8,14,12.4,11,剛爆發,False
AMCR,Materials,Amcor,2025-12-22,40.39,-2.35,3.35,-9.47,-4.48,0.333,21,12,20,18.1,4.9,-7.21,False,True,40.23,3.25,1.036,False,50.02,-19.26,-0.24,-3.48,9.0,11.0,3601900.0,3476647.0,0.818,1978720.0,3614638.0,3600665.0,0.55,78.22,17,21,5,16.2,19,,True
CTVA,Materials,Corteva,2025-12-22,67.13,0.22,-0.69,-8.88,-4.56,0.333,16,15,18,16.1,50.61,17.09,False,True,64.45,3.8,0.593,False,76.67,-12.43,0.72,1.46,11.0,9.0,2827781.0,4771200.0,1.222,1199300.0,3328350.0,3895793.0,0.308,79.87,18,17,21,18.2,20,,True
SHW,Materials,Sherwin-Williams,2025-12-22,323.88,-5.31,-4.59,-5.44,-5.2,0.0,25,19,13,20.8,4.38,-11.19,False,False,332.54,4.85,0.69,False,376.95,-14.08,0.02,-5.23,9.0,11.0,1314166.0,1904572.0,0.818,884900.0,1737540.0,1767240.0,0.501,71.22,19,22,9,18.2,20,,True
DOW,Materials,Dow Inc.,2025-12-22,22.79,-2.35,2.94,-11.19,-5.45,0.333,21,13,21,18.6,36.84,-146.25,False,True,22.38,10.18,0.862,False,38.39,-40.65,1.09,-1.15,10.0,10.0,10285570.0,11932940.0,1.0,8930500.0,11614340.0,11453386.0,0.78,79.83,20,18,2,15.6,18,,True
LIN,Materials,Linde plc,2025-12-22,422.01,3.9,-10.13,-7.78,-5.45,0.333,11,23,16,15.6,0.75,1.36,False,True,417.16,4.71,1.183,False,479.92,-12.07,1.38,4.52,12.0,8.0,3397608.0,2872900.0,1.5,1328200.0,3383940.0,3570786.0,0.372,96.46,20,7,18,14.4,16,剛爆發,True
APD,Materials,Air Products,2025-12-22,242.59,-5.22,-6.64,-11.23,-8.58,0.0,24,20,22,22.4,,,,,,,,,,,,,,,,,,,,,,,22,23,23,,23,,False
IP,Materials,International Paper,2025-12-22,38.92,1.04,-10.89,-13.91,-9.42,0.333,15,24,24,19.5,-173.0,-51.08,False,True,38.86,4.83,0.805,False,56.38,-30.98,3.34,1.35,9.0,11.0,3956611.0,4915118.0,0.818,2502200.0,4459250.0,4613746.0,0.542,78.5,23,20,6,18.4,22,,False
CF,Materials,CF Industries,2025-12-22,76.73,-1.59,-15.43,-13.87,-11.19,0.0,19,25,23,21.6,,,,,,,,,,,,,,,,,,,,,,,24,23,23,,23,,False
LYB,Materials,LyondellBasell,2025-12-22,42.29,-9.18,-10.02,-22.35,-15.98,0.0,26,22,25,24.6,,,,,,,,,,,,,,,,,,,,,,,25,23,23,,23,,False
MOS,Materials,Mosaic Company (The),2025-12-22,23.86,0.18,-30.54,-30.07,-22.62,0.333,17,26,26,21.5,,,,,,,,,,,,,,,,,,,,,,,26,23,23,,23,,False
VTR,Real Estate,Ventas,2025-12-22,78.17,-1.25,16.2,28.49,17.98,0.667,19,1,1,10.0,141.94,10.44,False,True,75.33,4.63,0.736,False,80.4,-2.77,-0.36,-0.57,10.0,9.0,2834840.0,3849122.0,1.111,1101900.0,3318190.0,3303000.0,0.334,79.07,1,15,16,9.6,10,吃老本,True
PLD,Real Estate,Prologis,2025-12-22,126.76,0.92,13.59,23.91,15.58,1.0,10,2,3,6.2,8.84,-18.54,False,True,123.62,2.93,0.807,False,128.7,-1.51,0.82,1.21,11.0,8.0,2959318.0,3665175.0,1.375,1090300.0,3291620.0,3375153.0,0.323,85.81,2,9,17,7.8,5,吃老本,True
HST,Real Estate,Host Hotels & Resorts,2025-12-22,17.24,4.59,6.29,19.88,12.66,1.0,2,4,4,3.0,428.25,40.66,False,True,16.23,2.92,1.329,True,17.5,-1.5,-0.11,3.95,11.0,9.0,8292181.0,6238033.0,1.222,4171900.0,7165890.0,7723453.0,0.54,93.92,3,1,7,3.0,1,,True
WELL,Real Estate,Welltower,2025-12-22,186.56,-9.78,7.83,24.52,11.77,0.667,30,3,2,16.3,3.09,3.39,False,False,188.5,4.52,0.486,False,207.6,-10.14,0.2,-8.92,9.0,11.0,2364422.0,4864372.0,0.818,995100.0,4232930.0,4209520.0,0.236,65.51,4,22,22,14.8,16,吃老本,True
SPG,Real Estate,Simon Property Group,2025-12-22,183.55,1.99,2.5,19.8,11.02,1.0,6,8,5,6.4,-4.66,-15.48,False,True,176.15,4.0,0.717,False,184.87,-0.71,1.43,2.4,13.0,7.0,1266000.0,1766571.0,1.857,492000.0,1442920.0,1528280.0,0.322,92.41,5,2,18,6.4,4,,True
CBRE,Real Estate,CBRE Group,2025-12-22,164.71,1.78,4.25,18.17,10.59,1.0,7,5,6,6.2,10.57,11.16,False,True,157.62,4.64,1.474,False,171.0,-3.68,2.58,1.54,9.0,11.0,1722133.0,1168236.0,0.818,426400.0,1536700.0,1543940.0,0.276,90.03,6,5,21,8.6,6,,True
FRT,Real Estate,Federal Realty Investment Trust,2025-12-22,99.21,3.67,4.0,10.62,7.23,1.0,4,7,7,5.5,-11.3,138.29,False,True,95.39,3.86,0.878,False,104.93,-5.45,0.69,3.83,12.0,8.0,613683.0,699262.0,1.5,422400.0,675790.0,727366.0,0.581,90.43,7,4,6,5.6,2,,False
CPT,Real Estate,Camden Property Trust,2025-12-22,107.09,3.78,4.17,-1.11,1.43,0.667,3,6,12,5.7,,,,True,100.93,6.46,1.15,False,119.44,-10.34,1.05,4.08,11.0,9.0,1348590.0,1172344.0,1.222,701700.0,1661170.0,1439260.0,0.488,91.34,8,3,9,6.2,3,,False
REG,Real Estate,Regency Centers,2025-12-22,68.23,-1.16,-1.66,0.69,-0.36,0.333,18,13,10,14.9,4.6,4.35,False,True,67.89,4.17,1.414,False,73.66,-7.37,2.72,-1.3,7.0,11.0,1579042.0,1116781.0,0.636,479000.0,1424140.0,1365706.0,0.351,84.6,9,10,15,10.6,11,,True
O,Real Estate,Realty Income,2025-12-22,54.74,-1.6,-4.71,2.22,-0.47,0.333,21,18,9,17.7,-10.79,-45.1,False,False,55.44,4.05,0.659,False,58.26,-6.03,-0.14,-0.32,12.0,8.0,5208500.0,7908725.0,1.5,4445800.0,6710590.0,6687653.0,0.665,83.78,10,11,1,8.6,6,,True
BXP,Real Estate,"BXP, Inc.",2025-12-22,67.01,-4.17,-6.46,3.5,-0.9,0.333,28,23,8,22.5,-194.03,33.62,False,False,68.45,5.76,0.722,False,75.95,-11.77,0.22,-4.63,7.0,13.0,1015728.0,1407576.0,0.538,529300.0,1362500.0,1365053.0,0.388,68.01,11,21,13,15.4,17,吃老本,False
EQIX,Real Estate,Equinix,2025-12-22,755.43,1.33,-2.84,-1.59,-1.17,0.333,9,16,13,11.9,13.15,10.3,False,False,771.7,4.97,1.028,False,933.37,-19.06,2.58,1.72,9.0,11.0,614300.0,597818.0,0.818,164100.0,596530.0,578326.0,0.284,82.32,12,12,20,13.6,14,,True
KIM,Real Estate,Kimco Realty,2025-12-22,19.92,-0.18,-4.48,-0.37,-1.35,0.0,13,17,11,13.8,-2.59,2.94,False,False,20.03,3.41,0.794,False,22.18,-10.22,0.39,0.02,12.0,8.0,4079050.0,5138300.0,1.5,2874600.0,4951240.0,4704046.0,0.611,86.56,13,8,3,9.0,8,,False
MAA,Real Estate,Mid-America Apartment Communities,2025-12-22,133.06,1.41,-0.14,-4.78,-2.07,0.333,8,9,15,9.7,0.42,3.67,False,True,127.86,4.92,0.873,False,162.3,-18.01,1.09,1.69,9.0,11.0,942244.0,1079690.0,0.818,507500.0,1169730.0,1107813.0,0.458,79.0,14,16,10,14.0,15,,True
WY,Real Estate,Weyerhaeuser,2025-12-22,23.34,6.89,-2.34,-6.53,-2.13,0.333,1,15,18,8.6,177.36,31.84,False,True,22.28,4.33,1.208,False,30.12,-22.53,0.59,7.66,9.0,11.0,8152122.0,6749309.0,0.818,3510600.0,7759190.0,8138220.0,0.431,88.25,15,7,12,11.2,12,剛爆發,True
EQR,Real Estate,Equity Residential,2025-12-22,61.02,2.17,-2.23,-5.32,-2.67,0.333,5,14,16,9.9,-11.45,12.63,False,True,58.96,4.32,0.811,False,71.16,-14.26,1.61,2.45,12.0,8.0,2114708.0,2608962.0,1.5,1567600.0,2481060.0,2425253.0,0.646,88.8,16,6,2,9.2,9,剛爆發,False
ESS,Real Estate,Essex Property Trust,2025-12-22,254.57,-0.55,-1.15,-6.41,-3.63,0.0,14,12,17,14.0,-4.71,5.1,False,True,250.64,4.45,0.848,False,298.89,-14.83,0.42,0.02,9.0,11.0,455144.0,537009.0,0.818,265300.0,577880.0,540540.0,0.491,77.28,17,19,8,16.0,18,,False
UDR,Real Estate,"UDR, Inc.",2025-12-22,35.51,0.25,-0.62,-8.27,-4.23,0.333,12,11,22,13.7,-6.35,-49.38,False,True,34.38,3.86,0.853,False,43.73,-18.79,1.08,1.16,10.0,10.0,2458510.0,2882690.0,1.0,1618900.0,2801420.0,2737520.0,0.591,81.06,18,13,5,13.4,13,,True
AVB,Real Estate,AvalonBay Communities,2025-12-22,177.82,0.7,-5.12,-8.76,-5.49,0.333,11,20,23,16.1,-6.05,-9.17,False,True,174.81,4.57,0.701,False,217.72,-18.33,1.09,0.74,10.0,10.0,866820.0,1237410.0,1.0,353700.0,989440.0,1099620.0,0.322,78.14,19,18,18,18.4,20,,True
EXR,Real Estate,Extra Space Storage,2025-12-22,127.9,-0.59,-5.32,-8.23,-5.59,0.0,15,21,21,18.0,-34.22,-0.22,False,False,130.8,3.92,1.0,False,152.12,-15.92,-0.08,-0.68,9.0,11.0,1264588.0,1264027.0,0.818,532400.0,1388170.0,1397226.0,0.381,79.34,20,14,14,16.4,19,剛爆發,False
DLR,Real Estate,Digital Realty,2025-12-22,152.94,-2.42,-8.87,-8.17,-6.91,0.0,23,26,20,23.3,,,,,,,,,,,,,,,,,,,,,,,21,23,23,,23,,False
PSA,Real Estate,Public Storage,2025-12-22,255.66,-4.01,-7.95,-8.15,-7.06,0.0,26,24,19,24.0,,,,,,,,,,,,,,,,,,,,,,,22,23,23,,23,,False
CCI,Real Estate,Crown Castle,2025-12-22,86.18,-2.14,-6.28,-10.25,-7.23,0.0,22,22,25,22.6,,,,,,,,,,,,,,,,,,,,,,,23,23,23,,23,,False
SBAC,Real Estate,SBA Communications,2025-12-22,190.15,-0.86,-0.29,-15.67,-8.12,0.0,17,10,27,16.9,1.78,-7.52,False,False,190.94,4.2,0.87,False,238.37,-20.23,1.18,-1.12,9.0,10.0,714077.0,821200.0,0.9,348100.0,782050.0,769560.0,0.452,78.51,24,17,11,18.6,21,剛爆發,True
DOC,Real Estate,Healthpeak Properties,2025-12-22,15.5,-11.22,-13.43,-3.93,-8.13,0.0,31,28,14,26.7,-403.17,12.22,False,False,16.68,6.64,0.809,False,19.44,-20.27,-1.21,-11.03,9.0,11.0,6766544.0,8362872.0,0.818,4654000.0,7748700.0,7765133.0,0.599,69.33,25,20,4,18.8,22,,False
VICI,Real Estate,Vici Properties,2025-12-22,27.22,-0.82,-11.97,-10.21,-8.3,0.0,16,27,24,20.9,,,,,,,,,,,,,,,,,,,,,,,26,23,23,,23,,False
INVH,Real Estate,Invitation Homes,2025-12-22,26.84,-1.58,-4.89,-14.32,-8.78,0.0,20,19,26,20.9,,,,,,,,,,,,,,,,,,,,,,,27,23,23,,23,,False
AMT,Real Estate,American Tower,2025-12-22,171.35,-2.68,-8.39,-18.28,-11.91,0.0,25,25,29,25.8,,,,,,,,,,,,,,,,,,,,,,,28,23,23,,23,,False
CSGP,Real Estate,CoStar Group,2025-12-22,67.01,-2.6,-20.22,-17.03,-14.22,0.0,24,30,28,26.6,,,,,,,,,,,,,,,,,,,,,,,29,23,23,,23,剛爆發,False
IRM,Real Estate,Iron Mountain,2025-12-22,80.77,-4.05,-17.91,-18.35,-14.67,0.0,27,29,30,28.2,,,,,,,,,,,,,,,,,,,,,,,30,23,23,,23,剛爆發,False
ARE,Real Estate,Alexandria Real Estate Equities,2025-12-22,46.54,-9.45,-41.12,-31.48,-28.38,0.0,29,31,31,30.0,,,,,,,,,,,,,,,,,,,,,,,31,23,23,,23,剛爆發,False
AES,Utilities,AES Corporation,2025-12-22,13.57,0.07,7.62,34.72,19.28,1.0,4,3,1,3.1,-2.1,28.96,False,True,13.45,5.52,0.815,False,14.77,-8.13,2.85,1.15,10.0,10.0,5974770.0,7328400.0,1.0,3090600.0,6292760.0,6666486.0,0.464,81.1,1,5,7,3.8,1,,False
EIX,Utilities,Edison International,2025-12-22,57.27,1.05,9.84,20.44,12.95,1.0,2,1,2,1.7,7.28,10.12,False,True,55.67,4.67,0.851,False,73.65,-22.24,-1.1,0.68,12.0,8.0,2839300.0,3334475.0,1.5,1136100.0,3194090.0,3208486.0,0.354,87.37,2,1,13,3.8,1,,True
SRE,Utilities,Sempra,2025-12-22,87.37,-5.77,1.48,19.3,8.58,0.667,21,8,3,13.5,21.74,4.77,False,False,89.32,3.73,0.828,False,93.7,-6.75,1.56,-4.83,10.0,10.0,3146490.0,3802320.0,1.0,1087600.0,3390570.0,3512693.0,0.31,77.2,3,11,20,9.6,8,吃老本,True
CEG,Utilities,Constellation Energy,2025-12-22,359.42,-1.07,8.94,12.85,8.39,0.667,6,2,9,5.4,-2.57,4.24,False,False,360.82,13.03,0.724,False,411.04,-12.56,-0.16,0.38,12.0,8.0,1972583.0,2724037.0,1.5,758100.0,2688600.0,2454300.0,0.309,85.34,4,2,21,6.6,3,,False
NEE,Utilities,NextEra Energy,2025-12-22,79.28,-6.81,6.73,15.08,7.52,0.667,27,5,4,15.8,10.62,4.01,False,False,81.58,4.4,0.683,False,85.72,-7.51,-0.54,-6.0,7.0,12.0,7744485.0,11331766.0,0.583,3636400.0,9545400.0,10558720.0,0.344,66.89,5,22,14,13.6,14,吃老本,True
AEP,Utilities,American Electric Power,2025-12-22,113.94,-6.54,6.82,14.72,7.43,0.667,26,4,5,15.2,-0.28,12.83,False,False,116.54,2.22,0.777,False,122.93,-7.32,0.08,-5.74,10.0,10.0,2772480.0,3566290.0,1.0,1896100.0,3325570.0,3230280.0,0.587,75.19,6,13,3,8.2,5,吃老本,False
PCG,Utilities,PG&E Corporation,2025-12-22,15.63,-2.17,5.52,13.11,7.39,0.667,7,6,8,6.9,17.33,-1.86,False,False,15.79,6.71,0.943,False,20.15,-22.43,-0.32,-1.5,9.0,11.0,19851622.0,21055936.0,0.818,8385700.0,20401510.0,20720100.0,0.405,77.75,7,10,8,8.4,6,,True
ETR,Utilities,Entergy,2025-12-22,91.74,-4.79,1.32,14.08,6.17,0.667,15,9,7,11.6,6.7,15.11,False,False,93.38,3.6,0.801,False,96.76,-5.18,0.69,-3.83,11.0,9.0,2527427.0,3154144.0,1.222,1288800.0,2710500.0,2757833.0,0.467,80.33,8,6,6,6.8,4,,True
FE,Utilities,FirstEnergy,2025-12-22,43.97,-6.01,-0.31,14.68,5.76,0.333,23,12,6,16.3,7.46,6.88,False,False,44.79,2.4,0.649,False,46.8,-6.04,0.52,-5.3,9.0,10.0,3673344.0,5656890.0,0.9,1505800.0,4485340.0,4541766.0,0.332,71.89,9,20,17,15.0,17,吃老本,True
ATO,Utilities,Atmos Energy,2025-12-22,166.26,-4.67,0.38,11.47,4.66,0.667,14,11,10,12.3,6.85,1.25,False,False,170.43,3.59,0.893,False,177.62,-6.4,-0.76,-4.33,12.0,8.0,963808.0,1078725.0,1.5,345900.0,1089780.0,1056273.0,0.327,85.23,10,3,18,8.8,7,剛爆發,True
ES,Utilities,Eversource Energy,2025-12-22,65.76,1.21,-2.55,8.53,3.93,0.667,1,22,13,9.7,3.62,0.96,False,False,67.76,6.05,0.783,False,72.77,-9.64,-1.09,1.94,10.0,10.0,2156160.0,2752260.0,1.0,876300.0,2526060.0,2568446.0,0.341,79.44,11,7,15,10.2,9,,True
LNT,Utilities,Alliant Energy,2025-12-22,63.75,-6.09,-0.51,9.77,3.24,0.333,24,14,12,18.6,-5.8,6.0,False,False,65.33,2.66,0.684,False,68.0,-6.25,-0.69,-5.7,10.0,10.0,1509650.0,2208360.0,1.0,1004300.0,1779910.0,1803380.0,0.557,73.27,12,17,4,12.4,12,,False
D,Utilities,Dominion Energy,2025-12-22,58.0,-4.62,-0.77,8.39,2.85,0.333,13,15,15,14.0,11.84,10.69,False,False,58.44,7.82,0.681,False,60.9,-4.77,-1.5,-4.27,9.0,11.0,5886444.0,8643281.0,0.818,4342400.0,8704730.0,7830420.0,0.555,71.03,13,21,5,14.6,15,吃老本,True
EVRG,Utilities,Evergy,2025-12-22,71.56,-6.28,-0.85,8.52,2.48,0.333,25,17,14,20.4,-1.41,5.95,False,False,74.1,3.38,0.928,False,77.29,-7.41,-0.71,-5.63,9.0,11.0,1880155.0,2026845.0,0.818,1281300.0,1976790.0,2117846.0,0.605,74.85,14,15,2,12.0,11,,False
CNP,Utilities,CenterPoint Energy,2025-12-22,37.87,-4.23,-0.79,6.48,1.98,0.333,11,16,16,13.5,12.59,-4.56,False,False,38.44,3.34,0.711,False,39.84,-4.93,0.13,-4.16,10.0,10.0,3926310.0,5518570.0,1.0,3003500.0,5021730.0,4899500.0,0.613,75.01,15,14,1,11.8,10,,True
XEL,Utilities,Xcel Energy,2025-12-22,72.76,-9.37,-6.13,10.66,1.45,0.333,30,28,11,25.6,-5.94,16.29,False,False,76.95,4.89,0.865,False,81.16,-10.35,1.1,-8.41,9.0,11.0,5446422.0,6293572.0,0.818,2354300.0,7607410.0,6533120.0,0.36,72.81,16,18,12,16.0,19,,False
AEE,Utilities,Ameren,2025-12-22,98.44,-5.47,-1.54,6.23,1.36,0.333,20,19,17,19.1,,,,,,,,,,,,,,,,,,,,,,,17,24,24,,24,吃老本,False
ED,Utilities,Consolidated Edison,2025-12-22,97.71,-1.06,0.51,2.86,1.29,0.667,5,10,23,10.1,8.28,1.82,False,True,97.02,4.93,0.732,False,110.24,-11.37,-0.69,-0.84,10.0,10.0,1695010.0,2314510.0,1.0,611500.0,2053500.0,1964606.0,0.311,77.04,18,12,19,15.8,18,剛爆發,True
NI,Utilities,NiSource,2025-12-22,40.9,-5.46,-1.34,5.77,1.19,0.333,19,18,19,18.7,,,,,,,,,,,,,,,,,,,,,,,19,24,24,,24,,False
PPL,Utilities,PPL Corporation,2025-12-22,34.54,-4.16,-3.69,6.19,1.13,0.333,10,24,18,15.8,5.33,-17.18,False,False,35.09,4.58,0.651,False,37.38,-7.59,0.95,-3.66,11.0,9.0,5418745.0,8323988.0,1.222,2280800.0,6328320.0,6681440.0,0.341,77.91,20,9,15,14.6,15,剛爆發,True
PNW,Utilities,Pinnacle West Capital,2025-12-22,86.77,-2.71,2.95,1.87,1.0,0.667,8,7,25,11.1,9.67,-0.52,False,False,87.36,2.87,0.639,False,91.94,-5.62,-0.17,-2.42,11.0,9.0,893036.0,1396811.0,1.222,462400.0,1132130.0,1142100.0,0.405,78.0,21,8,8,13.2,13,剛爆發,True
EXC,Utilities,Exelon,2025-12-22,42.79,-7.56,-0.34,3.31,-0.32,0.333,29,13,21,22.6,10.54,6.11,False,False,44.64,3.63,0.642,False,47.24,-9.42,-1.63,-6.46,8.0,12.0,5552750.0,8649166.0,0.667,2595600.0,6694090.0,6757046.0,0.384,66.71,22,23,10,20.0,21,,True
CMS,Utilities,CMS Energy,2025-12-22,68.91,-7.26,-1.88,2.89,-0.84,0.333,28,21,22,24.7,,,,,,,,,,,,,,,,,,,,,,,23,24,24,,24,,False
WEC,Utilities,WEC Energy Group,2025-12-22,103.73,-5.86,-5.76,3.97,-0.92,0.333,22,27,20,23.1,,,,,,,,,,,,,,,,,,,,,,,24,24,24,,24,,False
DUK,Utilities,Duke Energy,2025-12-22,115.19,-5.45,-3.92,1.97,-1.36,0.333,18,25,24,21.3,,,,,,,,,,,,,,,,,,,,,,,25,24,24,,24,,False
PEG,Utilities,Public Service Enterprise Group,2025-12-22,79.06,-2.98,-1.54,-2.21,-2.23,0.0,9,19,28,15.8,11.57,10.25,False,False,79.72,3.49,0.811,False,88.34,-10.5,-0.33,-2.66,8.0,12.0,2693012.0,3322166.0,0.667,910300.0,3099740.0,3264126.0,0.279,72.45,26,19,23,22.6,23,剛爆發,True
NRG,Utilities,NRG Energy,2025-12-22,159.89,-5.08,-4.32,-0.58,-2.64,0.0,17,26,27,21.7,,,,,,,,,,,,,,,,,,,,,,,27,24,24,,24,,False
AWK,Utilities,American Water Works,2025-12-22,128.75,0.37,-3.65,-4.19,-2.91,0.333,3,23,30,14.4,2.99,-3.06,False,False,130.21,4.88,0.9,False,150.61,-14.51,-1.86,0.54,11.0,9.0,1860509.0,2068177.0,1.222,563400.0,1616340.0,1827300.0,0.308,83.66,28,4,22,17.2,20,剛爆發,True
DTE,Utilities,DTE Energy,2025-12-22,127.03,-4.97,-6.53,-0.27,-3.01,0.0,16,29,26,21.9,,,,,,,,,,,,,,,,,,,,,,,29,24,24,,24,,False
SO,Utilities,Southern Company,2025-12-22,85.78,-4.33,-7.03,-2.55,-4.11,0.0,12,30,29,20.8,6.04,4.65,False,False,88.57,3.91,0.687,False,98.42,-12.84,-0.06,-3.4,9.0,10.0,5243911.0,7635150.0,0.9,2308500.0,5754310.0,6209706.0,0.372,73.46,30,16,11,20.6,22,剛爆發,True
VST,Utilities,Vistra Corp.,2025-12-22,161.22,-9.48,-21.87,-16.9,-16.29,0.0,31,31,31,31.0,,,,,,,,,,,,,,,,,,,,,,,31,24,24,,24,剛爆發,False
