symbol,sector,name,as_of_date,t_price,cum_ret_4w,cum_ret_13w,cum_ret_26w,point,di,avg_vol_4w,avg_vol_13w,avg_vol_26w,vol_change_4w,vol_change_13w,vol_change_26w,pv_state_4w,pv_state_13w,pv_state_26w,pv_verdict,mom_12m_1m,weekly_vol_ann,spmo_score,cum_ret_4w_rank_in_sector,cum_ret_13w_rank_in_sector,cum_ret_26w_rank_in_sector,cms_a,surprise_l1,surprise_l2,pre_earnings_14d,above_50ma,ma50,amp_10d_pct,vp_ratio_stock,vcp,high_52w,high_52w_raw,pct_from_high,ret_5d,ret_20d,up_days_20,down_days_20,up_avg_vol,down_avg_vol,ud_ratio,vol_today,vol_10d_avg,vol_3w_avg,vol_ratio_stock_20d,vp_score_stock,rsi14,trend_state,trend_pattern,trend_signal,point_rank_in_sector,vp_score_rank_in_sector,vol_rank_in_sector,composite_in_sector,composite_rank_in_sector,stock_gap_alert,explosive_verdict,is_new_signal_3d,earnings_passed
ECHO,Communication Services,EchoStar,2025-09-03,63.91,136.79,250.96,110.16,152.02,1.0,6199685,4749170,3848283,110.11,61.13,126.66,P+V+,P+V+,P+V+,⭐⭐⭐ 完美多頭,44.17,139.94,0.316,1,1,1,1.0,-1.75,17.98,False,True,32.51,82.64,2.49,False,65.54,65.54,-2.49,25.63,139.09,13.0,7.0,7841846.0,3149957.0,1.857,4644900.0,10664370.0,7655193.0,0.607,100.0,85.69,收斂,頭頭低·底底高,多轉空預警 / 空轉多預警 / 多頭確認,1,1,18,4.4,4,,🔥 追高風險,True,False
RDDT,Communication Services,Reddit,2025-09-03,223.14,4.85,99.04,39.65,45.8,1.0,6405615,7502706,8280992,-15.97,-17.18,40.21,P+V-,P+V-,P+V+,⚠️ 頂部背離,231.65,86.04,2.692,15,2,3,8.7,138.36,870.87,False,True,181.16,15.46,0.896,False,253.14,253.14,-11.85,1.69,12.08,11.0,9.0,6086336.0,6795844.0,1.222,8426800.0,6165540.0,6581706.0,1.28,91.93,60.83,多頭,頭頭高·底底高,,2,13,6,7.2,6,吃老本,,False,True
APP,Communication Services,AppLovin,2025-09-03,487.35,24.78,21.26,52.06,37.54,1.0,6404985,5516209,7208471,44.19,-38.03,28.37,P+V+,P+V-,P+V+,➡️ 中性,306.95,97.97,3.133,3,6,2,3.7,1.71,15.78,False,True,393.29,25.0,1.49,False,525.15,525.15,-7.2,3.84,28.95,13.0,7.0,7238438.0,4857142.0,1.857,5052300.0,5160300.0,4967726.0,1.017,100.0,68.42,多頭,頭頭高·底底高,多頭確認,3,1,7,3.0,2,,,False,True
PSKY,Communication Services,Paramount Skydance Corporation,2025-09-03,14.81,36.41,26.66,35.13,33.33,1.0,28434290,15420375,11942328,147.71,82.18,32.5,P+V+,P+V+,P+V+,⭐⭐⭐ 完美多頭,14.23,49.03,0.29,2,5,6,3.7,27.42,52.63,False,True,12.99,21.91,1.75,False,17.24,17.53,-14.09,-4.92,28.17,7.0,13.0,39411742.0,22523353.0,0.538,8362700.0,12885380.0,21885360.0,0.382,100.0,58.34,擴散,頭頭高·底底低,,4,1,19,5.8,5,,,False,True
GOOGL,Communication Services,Alphabet Inc. (Class A),2025-09-03,229.86,17.63,36.63,37.21,32.17,1.0,33522405,38091181,39087255,-15.85,-4.97,45.98,P+V-,P+V-,P+V+,⚠️ 頂部背離,19.73,29.62,0.666,5,3,4,4.2,5.67,40.1,False,True,191.73,16.57,1.25,False,230.5,231.31,-0.28,11.35,18.49,13.0,7.0,36043338.0,28840671.0,1.857,103336100.0,39589980.0,35144753.0,2.94,100.0,82.83,多頭,頭頭高·底底高,多頭確認,5,1,2,2.8,1,,🔥 追高風險,True,True
GOOG,Communication Services,Alphabet Inc. (Class C),2025-09-03,230.29,17.36,35.81,36.09,31.34,1.0,21760405,25223909,25703204,-16.32,-3.66,40.35,P+V-,P+V-,P+V+,⚠️ 頂部背離,18.86,29.49,0.64,6,4,5,5.2,5.09,39.84,False,True,192.58,16.34,1.283,False,230.99,231.8,-0.3,11.13,18.32,13.0,7.0,23580407.0,18380400.0,1.857,72250300.0,25930140.0,22949313.0,3.148,100.0,82.95,多頭,頭頭高·底底高,多頭確認,6,1,1,3.0,2,,🔥 追高風險,True,True
TKO,Communication Services,TKO Group Holdings,2025-09-03,183.75,19.92,17.23,24.84,21.71,1.0,1060400,920320,1289314,44.21,-44.5,35.29,P+V+,P+V-,P+V+,➡️ 中性,38.94,39.08,0.997,4,8,8,6.0,7.47,24.4,False,True,173.21,5.53,1.214,False,191.78,194.76,-4.18,0.78,14.17,11.0,9.0,1151909.0,948555.0,1.222,694700.0,663430.0,747833.0,0.929,98.4,58.47,多頭,頭頭高·底底高,空轉多預警,7,8,12,8.4,9,,,False,True
NFLX,Communication Services,Netflix,2025-09-03,122.62,4.05,0.59,27.32,14.82,1.0,26901050,31424738,40365092,-32.62,-36.27,19.91,P+V-,P+V-,P+V+,⚠️ 頂部背離,63.67,31.22,2.039,16,21,7,15.7,2.24,16.82,False,False,122.9,4.53,0.99,False,134.12,134.12,-8.57,0.01,6.82,13.0,7.0,26806153.0,27077285.0,1.857,24715000.0,24006800.0,26173666.0,0.944,99.28,53.41,收斂,頭頭低·底底高,多轉空預警 / 空轉多預警,8,7,10,8.0,8,,,False,True
LYV,Communication Services,Live Nation Entertainment,2025-09-03,161.97,8.49,16.9,14.9,13.8,1.0,2110530,2341498,2535734,12.18,-14.23,16.9,P+V+,P+V-,P+V+,➡️ 中性,54.01,28.36,1.904,9,9,9,9.0,-59.8,-100.0,False,True,153.78,4.72,1.004,False,167.94,167.94,-3.55,-2.79,7.68,12.0,8.0,2113483.0,2106100.0,1.5,2671500.0,1553400.0,1837566.0,1.454,93.55,55.95,多頭,頭頭高·底底高,空轉多預警 / 多頭確認,9,11,5,9.0,10,,,False,True
TTWO,Communication Services,Take-Two Interactive,2025-09-03,238.86,5.13,4.95,14.72,9.88,1.0,1798150,1855212,2051420,3.27,-17.46,33.18,P+V+,P+V-,P+V+,➡️ 中性,39.71,24.08,1.649,14,15,10,13.5,90.25,-42929.19,False,True,232.61,7.2,0.851,False,245.08,245.08,-2.54,3.48,5.73,11.0,9.0,1666518.0,1959033.0,1.222,1208700.0,1293540.0,1393413.0,0.867,88.05,60.36,擴散,頭頭高·底底低,,10,15,14,12.8,13,,,False,True
FOXA,Communication Services,Fox Corporation (Class A),2025-09-03,59.52,11.36,9.46,7.51,8.96,1.0,3092135,3414760,3895536,-6.56,-21.97,12.86,P+V-,P+V-,P+V+,⚠️ 頂部背離,34.2,25.74,1.329,8,12,14,10.4,27.28,22.62,False,True,56.01,5.71,0.898,False,60.71,61.28,-1.96,2.18,9.96,13.0,7.0,2973730.0,3312028.0,1.857,2506900.0,2658190.0,2915046.0,0.86,100.0,62.37,擴散,頭頭高·底底低,,11,1,15,7.8,7,剛爆發,,False,True
T,Communication Services,AT&T,2025-09-03,27.73,5.64,5.01,10.19,7.76,1.0,29275045,31133464,36154088,-13.8,-24.39,1.62,P+V-,P+V-,P+V+,⚠️ 頂部背離,46.1,18.98,2.428,12,14,12,12.6,1.92,-0.9,False,True,26.82,4.96,0.883,False,28.31,29.65,-2.06,1.68,4.57,12.0,8.0,27797625.0,31491175.0,1.5,27245400.0,30872210.0,29064440.0,0.937,91.36,58.45,多頭,頭頭高·底底高,,12,14,11,12.6,12,,,False,True
FOX,Communication Services,Fox Corporation (Class B),2025-09-03,54.31,11.41,9.03,4.79,7.5,1.0,1079405,1121992,1254810,-2.26,-19.14,18.69,P+V-,P+V-,P+V+,⚠️ 頂部背離,31.9,25.18,1.267,7,13,16,10.6,22.12,26.44,False,True,51.24,5.58,0.76,False,55.24,55.81,-1.68,2.22,10.14,12.0,8.0,958283.0,1261087.0,1.5,1655600.0,1281540.0,1132940.0,1.461,92.77,62.56,擴散,頭頭高·底底低,,13,12,4,10.8,11,,,False,True
META,Communication Services,Meta Platforms,2025-09-03,734.64,-4.53,9.94,12.16,7.43,0.667,9755380,11837512,14667020,-28.0,-32.34,12.79,P-V-,P+V-,P+V+,➡️ 中性,46.95,34.77,1.35,22,11,11,16.5,20.96,23.11,False,True,734.5,4.98,0.973,False,793.65,796.25,-7.43,-2.26,-3.46,9.0,11.0,9610133.0,9874218.0,0.818,7699300.0,8775430.0,9790540.0,0.786,76.32,45.95,多頭,頭頭高·底底高,,14,17,17,15.8,17,,,False,True
WBD,Communication Services,Warner Bros. Discovery,2025-09-03,11.92,-6.8,19.2,8.36,7.28,0.667,47648200,60981307,52230546,-39.49,40.25,76.02,P-V-,P+V+,P+V+,➡️ 中性,62.24,56.34,1.105,23,7,13,16.2,376.26,-38.95,False,False,12.02,8.53,1.114,False,13.87,13.87,-14.06,1.02,-6.29,8.0,12.0,50752487.0,45578675.0,0.667,74541900.0,47645110.0,46417506.0,1.606,76.12,50.06,多頭,頭頭高·底底高,,15,18,3,13.8,15,,,False,True
DIS,Communication Services,Walt Disney Company (The),2025-09-03,115.7,1.92,4.37,5.9,4.52,1.0,7829200,8362990,9925608,3.69,-27.2,12.71,P+V+,P+V-,P+V+,➡️ 中性,32.05,30.44,1.053,18,16,15,16.8,11.3,19.79,False,False,117.35,3.61,0.799,False,122.91,124.69,-5.86,-0.23,-0.79,8.0,12.0,6803712.0,8512858.0,0.667,6288700.0,5934070.0,6243220.0,1.007,73.42,49.6,空頭,頭頭低·底底低,,16,19,9,15.8,17,,,False,True
OMC,Communication Services,Omnicom Group,2025-09-03,75.21,7.24,12.08,-2.58,3.54,0.667,3440470,4304063,3920873,-23.63,21.66,100.64,P+V-,P+V+,P-V+,➡️ 中性,-25.29,24.06,-1.051,10,10,21,12.2,0.83,2.28,False,True,71.6,3.85,1.039,False,100.22,107.0,-24.96,0.41,7.74,11.0,8.0,3433027.0,3304712.0,1.375,2740400.0,3501640.0,3211233.0,0.853,93.61,58.55,多頭,頭頭高·底底高,,17,10,16,14.0,16,剛爆發,,False,True
VZ,Communication Services,Verizon,2025-09-03,40.94,3.28,0.79,4.37,3.2,1.0,15976945,17783909,20679154,-20.69,-24.56,6.21,P+V-,P+V-,P+V+,⚠️ 頂部背離,8.99,18.57,0.484,17,20,17,17.9,,,,,,,,,,,,,,,,,,,,,,,,,,,,18,20,20,,20,,,False,False
NWSA,Communication Services,News Corp (Class A),2025-09-03,28.72,-1.66,3.06,3.52,2.11,0.667,3461025,3217963,3426142,29.86,-11.46,37.49,P-V+,P+V-,P+V+,⚠️ 中期出貨,4.17,17.29,0.241,20,18,18,19.0,,,,,,,,,,,,,,,,,,,,,,,,,,,,19,20,20,,20,,,False,False
NWS,Communication Services,News Corp (Class B),2025-09-03,32.67,-3.01,1.26,3.47,1.3,0.667,809465,737323,734320,29.24,0.82,-0.26,P-V+,P+V+,P+V-,➡️ 中性,14.79,17.98,0.822,21,19,19,20.0,,,,,,,,,,,,,,,,,,,,,,,,,,,,20,20,20,,20,,,False,False
TMUS,Communication Services,T-Mobile US,2025-09-03,247.43,5.99,4.32,-3.34,0.9,0.667,3948365,4392658,4442799,-8.86,-2.23,19.12,P+V-,P+V-,P-V+,➡️ 中性,21.52,25.99,0.828,11,17,22,15.0,6.07,4.51,False,True,235.86,4.8,0.997,False,268.83,276.49,-7.96,0.94,6.12,12.0,8.0,3943275.0,3956000.0,1.5,3822900.0,3989270.0,3792486.0,1.008,93.99,57.63,多頭,頭頭高·底底高,,21,9,8,13.6,14,剛爆發,,False,True
CMCSA,Communication Services,Comcast,2025-09-03,30.29,5.38,-0.38,-2.48,0.01,0.333,21597200,22095623,24745373,-7.94,-19.34,9.93,P+V-,P-V-,P-V+,➡️ 中性,-15.0,24.62,-0.609,13,22,20,17.1,5.87,9.89,False,False,30.44,3.96,0.991,False,39.44,42.46,-23.19,0.62,4.24,9.0,10.0,21715939.0,21912904.0,0.9,19108583.0,20806212.0,21477301.0,0.89,83.64,53.1,空頭,頭頭低·底底低,,22,16,13,17.8,19,剛爆發,,False,True
CHTR,Communication Services,Charter Communications,2025-09-03,261.22,-0.31,-33.83,-27.24,-22.16,0.0,1800580,1772523,1617777,-29.43,21.15,38.28,P-V-,P-V+,P-V+,➡️ 中性,-23.47,50.68,-0.463,19,24,24,21.5,,,,,,,,,,,,,,,,,,,,,,,,,,,,23,20,20,,20,,,False,False
TTD,Communication Services,Trade Desk (The),2025-09-03,53.77,-39.98,-28.09,-24.79,-29.41,0.0,19235075,13254126,12216388,23.51,18.57,175.51,P-V+,P-V+,P-V+,📉 主力出貨,-16.1,74.04,-0.217,24,23,23,23.5,,,,,,,,,,,,,,,,,,,,,,,,,,,,24,20,20,,20,,,False,False
RCL,Consumer Discretionary,Royal Caribbean Group,2025-09-03,349.03,13.05,35.91,50.0,37.24,1.0,1914870,2324341,2502490,-13.18,-13.29,24.26,P+V-,P+V-,P+V+,⚠️ 頂部背離,91.22,41.16,2.216,5,5,2,4.4,7.33,7.02,False,True,324.69,14.02,1.252,False,360.34,366.5,-3.14,0.36,14.02,13.0,7.0,2059746.0,1645814.0,1.857,1174900.0,1882810.0,2004160.0,0.586,100.0,63.68,多頭,頭頭高·底底高,,1,1,26,6.0,3,,,False,True
WYNN,Consumer Discretionary,Wynn Resorts,2025-09-03,124.36,17.35,43.29,43.02,36.67,1.0,2180055,2083195,2335230,26.41,-19.48,-13.24,P+V+,P+V-,P+V-,➡️ 中性,41.24,47.79,0.863,2,3,5,2.9,-8.79,-13.98,False,True,108.31,14.89,1.23,False,127.34,128.53,-2.34,5.41,16.79,11.0,9.0,2380427.0,1935155.0,1.222,1408000.0,2290190.0,2198693.0,0.64,100.0,74.99,空頭,頭頭低·底底低,多轉空預警 / 多頭確認,2,1,22,5.6,2,,,False,True
CVNA,Consumer Discretionary,Carvana,2025-09-03,72.46,2.09,9.32,62.32,34.01,1.0,12342350,15791430,20085023,-23.36,-35.22,24.67,P+V-,P+V-,P+V+,⚠️ 頂部背離,132.86,60.58,2.193,32,33,1,26.1,21.62,102.14,False,True,69.55,16.7,1.094,False,82.67,82.67,-12.34,-2.65,3.3,10.0,10.0,12895650.0,11789050.0,1.0,7353500.0,12000000.0,12457133.0,0.59,85.06,53.66,擴散,頭頭高·底底低,,3,19,25,13.8,11,吃老本,,False,True
DHI,Consumer Discretionary,D. R. Horton,2025-09-03,170.13,12.05,47.68,36.96,33.41,1.0,3677760,4028638,3840740,-28.39,10.29,34.92,P+V-,P+V+,P+V+,⚠️ 頂部背離,-17.27,33.2,-0.52,7,1,6,5.0,15.77,-2.65,False,True,146.61,9.26,1.154,False,195.3,199.85,-12.89,2.26,11.49,10.0,10.0,3940250.0,3415270.0,1.0,3183000.0,3544470.0,3896120.0,0.817,92.99,69.3,多頭,頭頭高·底底高,多頭確認,4,11,16,9.2,6,吃老本,,False,True
PHM,Consumer Discretionary,PulteGroup,2025-09-03,132.25,10.87,36.94,30.07,26.99,1.0,1951885,2073929,2134930,-17.82,-5.56,10.27,P+V-,P+V-,P+V+,⚠️ 頂部背離,-7.37,33.36,-0.221,9,4,8,7.3,2.14,6.0,False,True,117.5,9.01,0.978,False,147.38,149.47,-10.27,1.65,10.15,11.0,9.0,1932772.0,1975244.0,1.222,2042300.0,1932480.0,2011913.0,1.015,92.21,67.99,多頭,頭頭高·底底高,,5,13,9,9.0,5,吃老本,,False,True
CCL,Consumer Discretionary,Carnival Corporation,2025-09-03,30.83,7.15,33.09,33.32,26.72,1.0,15733705,21790178,24093976,-15.65,-17.45,1.78,P+V-,P+V-,P+V+,⚠️ 頂部背離,77.45,47.05,1.646,13,8,7,10.3,45.31,485.06,False,True,29.07,13.2,1.19,False,32.25,32.77,-4.39,-1.69,7.0,10.0,10.0,17099080.0,14368330.0,1.0,12020500.0,15957930.0,16079793.0,0.748,89.35,58.22,收斂,頭頭低·底底高,多轉空預警 / 空轉多預警 / 多頭確認,6,15,20,12.4,10,吃老本,,False,True
EBAY,Consumer Discretionary,eBay Inc.,2025-09-03,89.03,-2.27,21.35,43.69,26.62,0.667,5898335,5938267,5971250,-5.89,-1.1,30.2,P-V-,P+V-,P+V+,➡️ 中性,56.43,32.16,1.755,43,18,4,27.7,5.63,3.19,False,True,84.56,12.97,0.903,False,99.57,101.15,-10.59,-4.44,-0.92,10.0,10.0,5599090.0,6197580.0,1.0,4889700.0,6193750.0,6049140.0,0.808,78.49,45.33,多頭,頭頭高·底底高,,7,25,18,16.4,18,吃老本,,False,True
ULTA,Consumer Discretionary,Ulta Beauty,2025-09-03,531.07,2.88,11.64,45.19,26.23,1.0,898595,735709,890343,66.59,-29.6,-17.45,P+V+,P+V-,P+V-,➡️ 中性,44.59,37.27,1.196,26,28,3,22.0,14.65,15.5,False,True,501.28,10.07,0.842,False,539.0,539.0,-1.47,0.95,4.1,10.0,10.0,821260.0,975930.0,1.0,992900.0,1206630.0,992160.0,1.001,82.57,56.46,多頭,頭頭高·底底高,,8,22,10,14.0,12,吃老本,,False,True
LVS,Consumer Discretionary,Las Vegas Sands,2025-09-03,54.2,5.03,35.33,28.03,24.11,1.0,3977325,4667015,5501521,-22.71,-26.34,-5.23,P+V-,P+V-,P+V-,⚠️ 量能衰竭,36.73,39.7,0.925,19,6,10,13.3,48.88,3.78,False,True,50.04,8.73,0.904,False,56.82,58.05,-4.62,-1.46,6.07,11.0,9.0,3795272.0,4199833.0,1.222,5905800.0,4185250.0,4152206.0,1.422,87.21,59.1,多頭,頭頭高·底底高,空轉多預警 / 多頭確認,9,17,2,10.8,8,吃老本,,False,True
APTV,Consumer Discretionary,Aptiv,2025-09-03,79.63,22.28,21.94,21.91,22.01,1.0,2515775,2484404,2917496,-5.2,-25.85,-18.04,P+V-,P+V-,P+V-,⚠️ 量能衰竭,-9.44,41.75,-0.226,1,14,15,7.7,15.78,10.12,False,True,71.53,9.99,1.143,False,81.13,81.13,-1.85,-0.31,22.92,13.0,7.0,2630715.0,2302314.0,1.857,3122300.0,2432060.0,2440186.0,1.28,100.0,66.85,空頭,頭頭低·底底低,多轉空預警 / 多頭確認,10,1,4,5.2,1,剛爆發,,False,True
F,Consumer Discretionary,Ford Motor Company,2025-09-03,11.1,5.05,18.0,28.61,20.07,1.0,53682645,76640003,102475584,-22.78,-40.27,72.23,P+V-,P+V-,P+V+,⚠️ 頂部背離,4.96,27.42,0.181,18,19,9,16.5,11.11,556.97,False,True,10.77,6.76,0.952,False,11.46,11.99,-3.09,-1.86,6.47,12.0,6.0,53275291.0,55956466.0,2.0,47728700.0,48804780.0,49707713.0,0.96,99.8,55.61,多頭,頭頭高·底底高,空轉多預警 / 多頭確認,11,8,12,10.0,7,,,False,True
TPR,Consumer Discretionary,"Tapestry, Inc.",2025-09-03,102.71,-6.88,33.52,24.95,19.14,0.667,5102615,4115675,4881430,27.51,-27.12,15.19,P-V+,P+V-,P+V+,⚠️ 中期出貨,178.39,40.36,4.42,47,7,12,28.0,2.1,17.05,False,True,99.34,8.03,0.979,False,112.17,114.05,-8.43,3.7,-6.33,12.0,8.0,5058800.0,5168337.0,1.5,3190000.0,4508620.0,5365713.0,0.595,87.31,54.33,多頭,頭頭高·底底高,,12,16,24,16.0,16,,,False,True
GM,Consumer Discretionary,General Motors,2025-09-03,57.11,10.06,21.48,21.94,18.86,1.0,6414255,8972049,11787617,-37.85,-38.56,-0.22,P+V-,P+V-,P+V-,⚠️ 量能衰竭,6.74,30.66,0.22,10,17,14,12.9,2.15,4.28,False,True,53.22,7.13,0.93,False,60.08,61.24,-4.94,-1.79,9.83,10.0,10.0,6180850.0,6647660.0,1.0,6762600.0,6735200.0,6617833.0,1.022,86.46,62.56,多頭,頭頭高·底底高,多頭確認,13,18,8,14.0,12,,,False,True
HAS,Consumer Discretionary,Hasbro,2025-09-03,76.56,3.47,21.63,23.36,17.95,1.0,1599170,2148252,2152433,-35.54,-0.39,48.45,P+V-,P+V-,P+V+,⚠️ 頂部背離,16.66,35.71,0.466,22,16,13,18.4,68.56,54.3,False,True,74.51,4.57,1.525,False,79.62,82.19,-3.84,-3.15,3.58,12.0,8.0,1854608.0,1216012.0,1.5,1606400.0,1284000.0,1499946.0,1.071,100.0,51.53,空頭,頭頭低·底底低,多轉空預警 / 多頭確認,14,1,7,7.4,4,剛爆發,,False,True
DASH,Consumer Discretionary,DoorDash,2025-09-03,248.83,-3.58,16.94,27.06,16.87,0.667,3797605,3663775,4959853,37.31,-41.44,61.29,P-V+,P+V-,P+V+,⚠️ 中期出貨,98.34,32.26,3.048,44,22,11,30.8,49.52,14.56,False,True,246.0,8.53,1.07,False,278.15,278.15,-10.54,0.02,-2.53,10.0,10.0,3926770.0,3668440.0,1.0,3541400.0,2997780.0,3110580.0,1.139,82.22,51.47,多頭,頭頭高·底底高,,15,23,6,16.4,18,吃老本,,False,True
LEN,Consumer Discretionary,Lennar,2025-09-03,131.43,12.34,28.23,12.4,16.34,1.0,3076060,3207129,3083898,2.72,8.32,21.28,P+V+,P+V+,P+V+,⭐⭐⭐ 完美多頭,-30.8,31.5,-0.978,6,9,24,10.5,-1.96,24.86,False,True,117.3,7.61,1.133,False,181.09,187.61,-27.42,0.61,11.64,10.0,10.0,3267500.0,2884620.0,1.0,2574000.0,2870040.0,3280526.0,0.785,92.05,65.47,多頭,頭頭高·底底高,空轉多預警,16,14,19,15.8,15,,🚀 暴漲中,True,False
EXPE,Consumer Discretionary,Expedia Group,2025-09-03,210.97,15.02,27.38,10.51,15.86,1.0,2092215,1722633,2079491,45.01,-29.29,29.21,P+V+,P+V-,P+V+,➡️ 中性,31.32,41.63,0.752,4,10,26,10.2,2.62,11.49,False,True,188.48,5.94,1.517,False,214.62,216.6,-1.7,-0.32,17.1,12.0,8.0,2422391.0,1596950.0,1.5,1191300.0,1431330.0,1593646.0,0.748,100.0,65.75,多頭,頭頭高·底底高,,17,1,20,11.2,9,剛爆發,,False,True
NCLH,Consumer Discretionary,Norwegian Cruise Line Holdings,2025-09-03,25.34,2.14,43.41,6.83,14.8,1.0,12859875,14920255,15539834,-16.54,-7.67,45.02,P+V-,P+V-,P+V+,⚠️ 頂部背離,39.74,50.22,0.791,30,2,32,22.0,-1.09,-22.93,False,True,23.4,10.13,1.162,False,29.29,29.29,-13.49,2.34,1.36,8.0,12.0,14032312.0,12078250.0,0.667,16679500.0,13586070.0,12883340.0,1.295,82.08,58.8,多頭,頭頭高·底底高,,18,24,3,17.4,20,吃老本,,False,True
AZO,Consumer Discretionary,AutoZone,2025-09-03,4189.48,2.86,11.73,21.62,14.46,1.0,100500,125827,137287,-15.28,-15.41,13.81,P+V-,P+V-,P+V+,⚠️ 頂部背離,26.08,20.7,1.26,27,27,16,24.8,,,,,,,,,,,,,,,,,,,,,,,,,,,,19,28,28,,28,吃老本,,False,False
MGM,Consumer Discretionary,MGM Resorts,2025-09-03,38.11,8.61,22.27,9.92,12.68,1.0,3771140,4638421,5304613,-25.77,-22.31,19.22,P+V-,P+V-,P+V+,⚠️ 頂部背離,-6.97,37.37,-0.187,12,12,27,15.0,44.03,54.32,False,True,36.89,10.85,1.086,False,42.54,42.54,-10.41,-1.04,8.98,11.0,9.0,3909818.0,3601644.0,1.222,3656200.0,3826020.0,3738106.0,0.978,92.3,55.2,擴散,頭頭高·底底低,,20,12,11,15.0,14,剛爆發,,False,True
RL,Consumer Discretionary,Ralph Lauren Corporation,2025-09-03,310.02,3.43,13.95,16.56,12.63,1.0,727080,680136,873265,22.78,-36.22,25.41,P+V+,P+V-,P+V+,➡️ 中性,77.33,34.94,2.213,23,25,18,22.6,,,,,,,,,,,,,,,,,,,,,,,,,,,,21,28,28,,28,吃老本,,False,False
NVR,Consumer Discretionary,"NVR, Inc.",2025-09-03,8190.23,4.07,16.28,14.04,12.11,1.0,16445,19229,21289,-8.64,-17.65,-4.0,P+V-,P+V-,P+V-,⚠️ 量能衰竭,-13.8,22.93,-0.602,21,23,20,21.4,,,,,,,,,,,,,,,,,,,,,,,,,,,,22,28,28,,28,吃老本,,False,False
TSCO,Consumer Discretionary,Tractor Supply,2025-09-03,58.73,0.19,26.13,10.82,11.99,1.0,4077000,5496149,5508223,-33.2,-0.44,12.74,P+V-,P+V-,P+V+,⚠️ 頂部背離,13.11,29.27,0.448,38,11,25,27.3,0.95,-7.95,False,True,56.75,4.72,1.092,False,62.25,63.99,-5.66,-2.51,1.0,10.0,10.0,4257220.0,3896780.0,1.0,6107600.0,3872480.0,4119813.0,1.482,83.71,50.57,多頭,頭頭高·底底高,,23,21,1,17.8,22,,,False,True
ORLY,Consumer Discretionary,O'Reilly Automotive,2025-09-03,103.84,-0.57,13.64,15.08,10.81,0.667,4227805,4762249,5666182,-10.95,-27.52,14.34,P-V-,P+V-,P+V+,➡️ 中性,35.71,20.19,1.769,40,26,19,31.6,,,,,,,,,,,,,,,,,,,,,,,,,,,,24,28,28,,28,,,False,False
TJX,Consumer Discretionary,TJX Companies,2025-09-03,137.79,5.91,8.94,13.67,10.55,1.0,5574980,5117263,5598620,19.36,-15.83,15.27,P+V+,P+V-,P+V+,➡️ 中性,10.84,19.96,0.543,14,34,22,21.6,8.45,1.49,False,True,127.06,7.88,1.158,False,143.83,145.58,-4.2,2.04,8.65,11.0,9.0,5939354.0,5129633.0,1.222,4798900.0,6118110.0,5885800.0,0.815,94.6,72.32,擴散,頭頭高·底底低,,25,10,17,17.4,20,剛爆發,,False,True
LOW,Consumer Discretionary,Lowe's,2025-09-03,255.43,9.4,16.21,7.31,10.06,1.0,2999535,2774476,2792808,12.33,-1.3,20.69,P+V+,P+V-,P+V+,➡️ 中性,-2.59,24.18,-0.107,11,24,31,18.9,2.18,1.4,False,True,230.9,5.1,1.151,False,275.9,287.01,-7.42,0.91,9.78,12.0,8.0,3165333.0,2750837.0,1.5,2002400.0,2681320.0,3145660.0,0.637,98.87,68.45,多頭,頭頭高·底底高,空轉多預警,26,9,23,18.6,23,剛爆發,,False,True
TSLA,Consumer Discretionary,"Tesla, Inc.",2025-09-03,334.09,4.43,-2.51,18.49,9.73,0.667,76227710,97484483,110971266,-16.51,-21.67,31.04,P+V-,P-V-,P+V+,⚠️ 頂部背離,44.19,61.47,0.719,20,43,17,26.3,,,,,,,,,,,,,,,,,,,,,,,,,,,,27,28,28,,28,,,False,False
GPC,Consumer Discretionary,Genuine Parts Company,2025-09-03,130.54,2.11,7.11,12.91,8.76,1.0,921470,1106189,1309950,-33.49,-26.92,0.9,P+V-,P+V-,P+V+,⚠️ 頂部背離,-4.47,30.44,-0.147,31,35,23,30.6,,,,,,,,,,,,,,,,,,,,,,,,,,,,28,28,28,,28,,,False,False
GRMN,Consumer Discretionary,Garmin,2025-09-03,233.09,2.97,17.26,6.59,8.35,1.0,809630,862172,965636,-10.1,-19.36,12.67,P+V-,P+V-,P+V+,⚠️ 頂部背離,26.49,38.48,0.689,25,21,33,25.4,,,,,,,,,,,,,,,,,,,,,,,,,,,,29,28,28,,28,,,False,False
BKNG,Consumer Discretionary,Booking Holdings,2025-09-03,221.45,0.84,0.97,13.95,7.43,1.0,4392000,4953653,5899980,-10.72,-27.64,1.05,P+V-,P+V-,P+V+,⚠️ 頂部背離,40.7,27.41,1.485,37,40,21,34.7,,,,,,,,,,,,,,,,,,,,,,,,,,,,30,28,28,,28,,,False,False
ROST,Consumer Discretionary,Ross Stores,2025-09-03,149.37,2.85,6.14,9.88,7.19,1.0,3403065,3106876,3349740,41.02,-13.52,34.32,P+V+,P+V-,P+V+,➡️ 中性,-4.83,28.56,-0.169,28,36,28,30.4,,,,,,,,,,,,,,,,,,,,,,,,,,,,31,28,28,,28,,,False,False
HD,Consumer Discretionary,Home Depot (The),2025-09-03,394.25,5.41,11.49,5.79,7.12,1.0,3602075,3502186,3618911,11.9,-6.25,11.32,P+V+,P+V-,P+V+,➡️ 中性,6.46,23.22,0.278,16,29,35,23.7,,,,,,,,,,,,,,,,,,,,,,,,,,,,32,28,28,,28,,,False,False
HLT,Consumer Discretionary,Hilton Worldwide,2025-09-03,274.46,5.44,10.44,6.26,7.1,1.0,1453485,1809690,2122576,-23.34,-25.69,48.69,P+V-,P+V-,P+V+,⚠️ 頂部背離,18.65,25.69,0.726,15,31,34,23.6,7.62,7.02,False,True,269.07,4.46,1.099,False,279.18,279.73,-1.69,-0.07,5.77,9.0,11.0,1528922.0,1391763.0,0.818,1244700.0,1398360.0,1446786.0,0.86,84.93,57.3,擴散,頭頭高·底底低,,33,20,13,23.8,25,剛爆發,,False,True
AMZN,Consumer Discretionary,Amazon,2025-09-03,225.99,1.66,9.36,8.26,6.89,1.0,34703585,41114307,46014062,-25.01,-19.25,25.05,P+V-,P+V-,P+V+,⚠️ 頂部背離,19.75,28.89,0.684,33,32,30,32.1,,,,,,,,,,,,,,,,,,,,,,,,,,,,34,28,28,,28,剛爆發,,False,False
WSM,Consumer Discretionary,"Williams-Sonoma, Inc.",2025-09-03,189.46,-4.29,21.9,0.79,4.8,0.667,1505795,1465973,2082003,23.85,-45.67,16.83,P-V+,P+V-,P+V+,⚠️ 中期出貨,54.08,54.6,0.99,45,15,37,34.4,11.59,5.49,False,True,182.11,9.75,0.945,False,215.05,219.98,-11.9,-2.93,-5.72,8.0,12.0,1454937.0,1539700.0,0.667,920700.0,1698820.0,1609000.0,0.572,71.93,48.88,多頭,頭頭高·底底高,,35,27,27,30.2,27,剛爆發,,False,True
DRI,Consumer Discretionary,Darden Restaurants,2025-09-03,201.87,1.52,-3.28,8.37,3.74,0.667,875130,1220938,1343761,-23.91,-16.75,6.96,P+V-,P-V-,P+V+,⚠️ 頂部背離,33.16,26.97,1.23,34,44,29,36.0,,,,,,,,,,,,,,,,,,,,,,,,,,,,36,28,28,,28,剛爆發,,False,False
DECK,Consumer Discretionary,Deckers Brands,2025-09-03,123.67,16.98,17.77,-10.7,3.34,0.667,2572525,3291656,3428728,-43.76,-7.69,54.91,P+V-,P+V-,P-V+,➡️ 中性,-33.76,50.91,-0.663,3,20,43,16.1,36.6,65.07,False,True,106.55,20.03,1.07,False,223.98,223.98,-44.79,8.78,16.77,12.0,8.0,2641408.0,2469200.0,1.5,3034600.0,2754700.0,2617720.0,1.159,100.0,73.79,多頭,頭頭高·底底高,空轉多預警,37,1,5,16.2,17,剛爆發,,False,True
MCD,Consumer Discretionary,McDonald's,2025-09-03,308.46,3.42,1.76,3.84,3.21,1.0,3321285,3652510,3666905,-7.99,-0.78,13.79,P+V-,P+V-,P+V+,⚠️ 頂部背離,5.93,15.73,0.377,24,38,36,30.6,,,,,,,,,,,,,,,,,,,,,,,,,,,,38,28,28,,28,剛爆發,,False,False
NKE,Consumer Discretionary,"Nike, Inc.",2025-09-03,72.35,-0.47,22.02,-5.01,2.88,0.333,9254725,14607106,17163866,-22.16,-25.93,39.31,P-V-,P+V-,P-V+,➡️ 中性,-8.82,37.36,-0.236,39,13,40,31.4,13.48,94.87,False,True,71.79,7.61,1.094,False,85.82,90.62,-15.69,-4.48,1.01,8.0,12.0,9757725.0,8919391.0,0.667,8300100.0,10069000.0,9911646.0,0.837,77.96,46.81,多頭,頭頭高·底底高,,39,26,14,28.8,26,剛爆發,,False,True
DPZ,Consumer Discretionary,Domino's,2025-09-03,457.77,5.14,0.52,-2.48,0.17,0.667,635205,659083,655030,-18.16,1.25,8.59,P+V-,P+V+,P-V+,➡️ 中性,9.57,26.88,0.356,17,41,38,28.4,,,,,,,,,,,,,,,,,,,,,,,,,,,,40,28,28,,28,剛爆發,,False,False
BBY,Consumer Discretionary,Best Buy,2025-09-03,70.93,11.06,11.22,-13.23,-1.04,0.667,3774115,3589509,4016453,14.79,-19.22,39.65,P+V+,P+V-,P-V+,➡️ 中性,-30.1,37.13,-0.811,8,30,44,21.8,4.51,5.02,False,True,66.33,10.95,0.908,False,94.44,103.71,-24.89,1.66,11.81,13.0,7.0,3645407.0,4013142.0,1.857,3391100.0,4394150.0,4111720.0,0.825,100.0,59.92,空頭,頭頭低·底底低,多頭確認,41,1,15,19.8,24,剛爆發,,False,True
MAR,Consumer Discretionary,Marriott International,2025-09-03,262.88,1.16,1.74,-3.89,-1.22,0.667,1196980,1394903,1692800,-19.94,-29.93,21.63,P+V-,P+V-,P-V+,➡️ 中性,11.45,25.22,0.454,35,39,39,37.0,,,,,,,,,,,,,,,,,,,,,,,,,,,,42,28,28,,28,剛爆發,,False,False
YUM,Consumer Discretionary,Yum! Brands,2025-09-03,142.51,2.77,0.43,-5.04,-1.72,0.667,1927060,1953461,2106126,-1.75,-13.52,10.99,P+V-,P+V-,P-V+,➡️ 中性,4.9,23.93,0.205,29,42,41,35.3,,,,,,,,,,,,,,,,,,,,,,,,,,,,43,28,28,,28,剛爆發,,False,False
ABNB,Consumer Discretionary,Airbnb,2025-09-03,124.9,-4.29,-3.64,-10.43,-7.2,0.0,5597905,4648650,5275463,46.35,-21.24,15.0,P-V+,P-V-,P-V+,➡️ 中性,10.78,35.73,0.302,45,45,42,44.4,,,,,,,,,,,,,,,,,,,,,,,,,,,,44,28,28,,28,剛爆發,,False,False
SBUX,Consumer Discretionary,Starbucks,2025-09-03,85.08,-1.31,3.09,-22.75,-10.93,0.333,8276090,9344836,10536859,-27.73,-20.33,17.46,P-V-,P+V-,P-V+,➡️ 中性,-2.83,32.17,-0.088,41,37,46,40.8,,,,,,,,,,,,,,,,,,,,,,,,,,,,45,28,28,,28,剛爆發,,False,False
CMG,Consumer Discretionary,Chipotle Mexican Grill,2025-09-03,41.79,-2.11,-16.15,-20.76,-14.95,0.0,16222715,16380884,15033429,-20.95,19.69,48.87,P-V-,P-V+,P-V+,➡️ 中性,-23.98,31.86,-0.753,42,46,45,43.8,,,,,,,,,,,,,,,,,,,,,,,,,,,,46,28,28,,28,剛爆發,,False,False
LULU,Consumer Discretionary,Lululemon Athletica,2025-09-03,198.53,1.03,-38.53,-45.18,-31.97,0.333,3451670,3690809,3017658,9.41,57.42,53.8,P+V+,P-V+,P-V+,➡️ 中性,-24.82,50.14,-0.495,36,47,47,41.5,,,,,,,,,,,,,,,,,,,,,,,,,,,,47,28,28,,28,剛爆發,,False,False
DG,Consumer Staples,Dollar General,2025-09-03,107.51,-3.2,13.46,49.99,27.56,0.667,3055755,3216493,3811815,15.41,-27.02,-14.57,P-V+,P+V-,P+V-,➡️ 中性,37.18,48.48,0.767,23,6,1,13.5,18.47,19.57,False,False,109.51,9.17,1.227,False,119.73,125.42,-10.21,-0.73,-1.06,10.0,10.0,3367220.0,2744290.0,1.0,2686900.0,3405730.0,3211946.0,0.837,85.55,44.71,擴散,頭頭高·底底低,,1,10,20,8.4,6,吃老本,,False,True
ADM,Consumer Staples,Archer Daniels Midland,2025-09-03,59.97,9.73,29.42,34.98,27.28,1.0,3715995,3668553,4028353,22.61,-16.4,30.03,P+V+,P+V-,P+V+,➡️ 中性,-2.58,27.97,-0.092,1,2,3,1.7,16.82,4.46,False,True,54.9,7.59,1.09,False,62.55,64.38,-4.13,-1.75,8.03,10.0,10.0,3876460.0,3555530.0,1.0,3028500.0,3802320.0,3725626.0,0.813,88.2,63.43,多頭,頭頭高·底底高,,2,7,21,7.8,4,,,False,True
EL,Consumer Staples,Estée Lauder Companies (The),2025-09-03,90.64,2.37,38.46,27.73,24.07,1.0,4128060,4184198,4118353,10.92,3.25,-8.91,P+V+,P+V+,P+V-,🚀 健康多頭,0.66,52.78,0.012,7,1,4,4.6,1.07,108.8,False,True,87.1,10.33,0.871,False,100.12,103.44,-9.47,2.74,1.5,9.0,11.0,3816011.0,4383372.0,0.818,3137300.0,4576440.0,4653273.0,0.674,79.5,55.4,多頭,頭頭高·底底高,,3,17,23,12.6,12,吃老本,🎯 潛在暴漲,True,True
DLTR,Consumer Staples,Dollar Tree,2025-09-03,102.03,-12.32,11.83,39.46,19.61,0.667,3770180,3901615,4524215,18.0,-24.19,10.54,P-V+,P+V-,P+V+,⚠️ 中期出貨,36.89,53.79,0.686,32,7,2,18.5,87.65,4.51,False,False,110.1,15.97,0.767,False,118.06,118.06,-13.58,-8.89,-11.78,9.0,11.0,3231500.0,4210918.0,0.818,15866100.0,4534690.0,4180446.0,3.795,65.08,29.61,擴散,頭頭高·底底低,空頭確認,4,23,1,11.0,9,吃老本,,False,True
MO,Consumer Staples,Altria,2025-09-03,62.4,5.51,11.8,25.28,16.97,1.0,7394385,8616864,9440854,-24.81,-16.05,21.43,P+V-,P+V-,P+V+,⚠️ 頂部背離,25.17,16.47,1.529,4,8,5,5.4,3.99,3.52,False,True,58.15,4.45,1.055,False,64.24,68.6,-2.87,0.27,6.57,13.0,7.0,7532176.0,7138485.0,1.857,6722300.0,6905580.0,7423100.0,0.906,100.0,64.5,擴散,頭頭高·底底低,,5,1,14,5.2,1,,,False,True
CASY,Consumer Staples,Casey's,2025-09-03,497.87,-4.2,13.67,22.39,13.56,0.667,225030,337918,363856,-18.03,-13.31,48.11,P-V-,P+V-,P+V+,➡️ 中性,42.73,24.83,1.721,26,5,6,15.7,37.29,12.97,False,False,511.52,5.18,1.146,False,528.82,531.24,-5.85,0.57,-2.94,9.0,11.0,241933.0,211200.0,0.818,203800.0,246910.0,230546.0,0.884,80.78,42.06,多頭,頭頭高·底底高,空頭確認,6,15,16,11.6,10,吃老本,,False,True
MNST,Consumer Staples,Monster Beverage,2025-09-03,31.75,6.74,-0.5,22.32,12.72,0.667,12094080,11842430,12032835,2.52,-3.12,4.12,P+V+,P-V-,P+V+,➡️ 中性,25.27,24.24,1.043,2,17,7,7.5,4.1,-2.68,False,True,30.8,6.8,1.168,False,33.38,33.38,-4.85,2.24,7.57,12.0,8.0,12830566.0,10989350.0,1.5,9364600.0,9460560.0,9594426.0,0.976,98.37,56.89,擴散,頭頭高·底底低,,7,4,10,6.4,2,,,False,True
HSY,Consumer Staples,Hershey Company (The),2025-09-03,179.28,-1.32,15.27,8.9,7.94,0.667,1367955,1679115,1712968,-30.03,-3.88,-8.45,P-V-,P+V-,P+V-,➡️ 中性,0.34,29.06,0.012,20,3,10,12.9,20.42,8.03,False,True,171.81,4.78,0.864,False,197.04,208.03,-9.01,0.7,-1.5,10.0,10.0,1268150.0,1467760.0,1.0,1112100.0,1155080.0,1202093.0,0.925,79.5,57.5,收斂,頭頭低·底底高,多轉空預警 / 空轉多預警,8,17,13,12.6,12,吃老本,🎯 潛在暴漲,True,True
BG,Consumer Staples,Bunge Global,2025-09-03,79.2,1.2,4.56,12.83,7.86,1.0,2036880,1991433,1920621,6.28,7.66,15.53,P+V+,P+V+,P+V+,⭐⭐⭐ 完美多頭,-16.58,31.71,-0.523,9,10,8,9.1,20.91,38.3,False,True,77.4,9.84,1.15,False,95.89,101.81,-17.41,-4.36,-0.57,8.0,12.0,2209775.0,1921616.0,0.667,1945500.0,2211760.0,2042753.0,0.952,78.04,48.25,多頭,頭頭高·底底高,空轉多預警,9,19,12,13.6,17,吃老本,,False,True
SYY,Consumer Staples,Sysco,2025-09-03,78.8,-0.53,11.7,9.96,7.77,0.667,3009195,2933135,3169983,-1.51,-13.9,-4.34,P-V-,P+V-,P+V-,➡️ 中性,4.45,19.12,0.233,14,9,9,11.5,6.48,-6.25,False,True,76.62,4.14,1.129,False,80.36,82.64,-1.94,1.77,2.26,12.0,8.0,3152808.0,2793775.0,1.5,3985400.0,2624130.0,2742166.0,1.453,94.31,56.42,多頭,頭頭高·底底高,,10,5,3,6.6,3,,,False,True
PEP,Consumer Staples,PepsiCo,2025-09-03,141.47,5.57,14.79,-0.28,4.95,0.667,8441640,9668552,8965233,-12.53,17.03,45.7,P+V-,P+V+,P-V+,➡️ 中性,-16.4,19.04,-0.861,3,4,15,5.7,4.48,-0.77,False,True,134.97,8.06,0.928,False,166.02,179.73,-14.79,1.12,6.59,11.0,9.0,8157463.0,8788966.0,1.222,11259200.0,9495400.0,9043573.0,1.245,88.98,56.37,多頭,頭頭高·底底高,,11,6,7,8.2,5,,,False,True
SJM,Consumer Staples,J.M. Smucker Company (The),2025-09-03,107.62,3.79,1.04,4.69,3.56,1.0,2233445,2349480,1806096,12.56,86.07,65.24,P+V+,P+V+,P+V+,⭐⭐⭐ 完美多頭,-1.54,25.62,-0.06,5,13,13,9.0,-1.36,2.8,False,True,102.42,13.11,0.806,False,116.91,125.42,-7.95,1.33,3.25,11.0,9.0,2014654.0,2500855.0,1.222,2230900.0,3051810.0,2609253.0,0.855,84.92,56.74,多頭,頭頭高·底底高,,12,11,18,12.8,15,,,False,False
KR,Consumer Staples,Kroger,2025-09-03,66.69,-7.03,0.51,7.74,2.24,0.667,6707060,7143206,7570400,9.64,-10.68,56.35,P-V+,P+V-,P+V+,⚠️ 中期出貨,36.9,26.68,1.383,29,14,11,20.9,2.23,2.48,False,False,69.15,7.43,0.724,False,72.87,74.9,-8.48,-1.15,-4.46,11.0,9.0,5724981.0,7907377.0,1.222,7197300.0,6321150.0,6916893.0,1.041,77.87,41.85,空頭,頭頭低·底底低,多轉空預警 / 空頭確認,13,20,8,14.8,20,吃老本,,False,True
WMT,Consumer Staples,Walmart,2025-09-03,98.61,-3.57,-0.1,3.51,0.84,0.333,18922405,16390983,19539605,36.08,-27.76,19.09,P-V+,P-V-,P+V+,⚠️ 中期出貨,29.54,22.59,1.308,24,16,14,19.6,-7.97,5.64,False,True,97.16,7.41,0.73,False,103.64,105.3,-4.86,3.53,0.36,11.0,9.0,16219518.0,22225933.0,1.222,18995900.0,22651660.0,19935566.0,0.953,82.73,54.14,多頭,頭頭高·底底高,,14,12,11,12.6,12,,,False,False
PM,Consumer Staples,Philip Morris International,2025-09-03,157.52,-2.26,-10.01,7.71,0.79,0.333,5016255,5624681,6052337,-28.27,-13.2,11.13,P-V-,P-V-,P+V+,😴 弱勢縮量,38.36,28.56,1.343,22,28,12,21.8,2.8,4.79,False,False,165.29,8.37,0.936,False,178.82,186.69,-11.91,-2.08,-0.56,12.0,8.0,4881858.0,5217850.0,1.5,7329600.0,5613890.0,5091093.0,1.44,87.71,40.77,多頭,頭頭高·底底高,空轉多預警 / 空頭確認,15,8,4,10.0,8,剛爆發,,False,True
KO,Consumer Staples,Coca-Cola Company (The),2025-09-03,67.09,-0.75,-3.5,-1.24,-1.68,0.0,14544450,15588340,16837072,-8.82,-13.81,5.25,P-V-,P-V-,P-V+,😴 弱勢縮量,-1.93,15.97,-0.121,15,18,16,16.1,3.93,1.95,False,False,67.79,6.26,1.018,False,71.82,74.38,-6.59,0.38,-0.09,9.0,11.0,14687911.0,14427072.0,0.818,33581500.0,17169490.0,15540800.0,2.161,80.19,45.76,空頭,頭頭低·底底低,,16,16,2,13.2,16,,,False,True
TSN,Consumer Staples,Tyson Foods,2025-09-03,54.44,1.4,1.24,-5.16,-1.92,0.667,2575180,2634432,2768175,-7.58,-9.22,20.52,P+V-,P+V-,P-V+,➡️ 中性,-12.65,22.41,-0.564,8,12,18,11.2,16.17,12.24,False,True,53.09,3.93,0.845,False,62.45,66.88,-12.84,-0.65,3.77,10.0,10.0,2359100.0,2791260.0,1.0,3287100.0,2617030.0,2536746.0,1.296,81.79,53.86,多頭,頭頭高·底底高,空轉多預警,17,14,6,13.6,17,,,False,True
KHC,Consumer Staples,Kraft Heinz,2025-09-03,25.2,0.24,2.61,-8.33,-3.45,0.667,13337045,15287852,13338153,-26.3,34.24,48.11,P+V-,P+V+,P-V+,➡️ 中性,-20.53,20.45,-1.004,13,11,23,14.4,8.43,3.1,False,False,25.25,8.23,0.773,False,32.36,36.53,-22.11,-1.35,1.06,12.0,8.0,11937741.0,15436000.0,1.5,19076300.0,15924840.0,14075453.0,1.355,86.13,48.19,多頭,頭頭高·底底高,空頭確認,18,9,5,11.8,11,剛爆發,,False,True
PG,Consumer Staples,Procter & Gamble,2025-09-03,153.65,3.47,-5.08,-6.82,-3.81,0.333,6471705,7868656,8251173,-25.29,-8.86,19.31,P+V-,P-V-,P-V+,➡️ 中性,-10.04,18.17,-0.553,6,22,21,13.8,4.14,0.93,False,True,151.63,3.81,1.136,False,172.58,180.43,-10.97,1.41,5.09,14.0,6.0,6713407.0,5907733.0,2.333,6592500.0,5983780.0,6350546.0,1.038,100.0,56.66,擴散,頭頭高·底底低,,19,1,9,9.8,7,剛爆發,,False,True
MDLZ,Consumer Staples,Mondelez International,2025-09-03,59.24,-1.24,-8.56,-2.85,-3.87,0.0,7113525,7387366,8204088,-15.04,-18.11,0.26,P-V-,P-V-,P-V+,😴 弱勢縮量,-10.76,20.33,-0.529,19,26,17,20.7,,,,,,,,,,,,,,,,,,,,,,,,,,,,20,24,24,,24,,,False,False
CL,Consumer Staples,Colgate-Palmolive,2025-09-03,81.77,-0.95,-8.29,-6.0,-5.31,0.0,4577425,4968916,5296466,-6.62,-11.65,17.87,P-V-,P-V-,P-V+,😴 弱勢縮量,-20.26,18.15,-1.116,17,25,19,19.8,,,,,,,,,,,,,,,,,,,,,,,,,,,,21,24,24,,24,,,False,False
COST,Consumer Staples,Costco,2025-09-03,944.27,-1.94,-10.01,-6.79,-6.38,0.0,2171890,2130693,2304630,-2.64,-14.04,22.56,P-V-,P-V-,P-V+,😴 弱勢縮量,6.29,24.16,0.26,21,28,20,22.9,,,,,,,,,,,,,,,,,,,,,,,,,,,,22,24,24,,24,,,False,False
KMB,Consumer Staples,Kimberly-Clark,2025-09-03,120.58,-6.35,-8.81,-7.01,-7.3,0.0,2150100,2327546,2347241,-13.8,-1.66,13.5,P-V-,P-V-,P-V+,😴 弱勢縮量,-3.88,21.63,-0.179,27,27,22,26.0,,,,,,,,,,,,,,,,,,,,,,,,,,,,23,24,24,,24,,,False,False
MKC,Consumer Staples,McCormick & Company,2025-09-03,67.65,0.59,-4.33,-13.43,-7.65,0.333,2421800,2312210,2410379,20.93,-7.83,32.56,P+V+,P-V-,P-V+,➡️ 中性,-10.82,17.94,-0.603,12,19,28,17.3,5.7,-6.85,False,False,69.34,5.97,1.011,False,82.55,86.24,-18.05,-0.7,0.13,10.0,10.0,2435180.0,2408420.0,1.0,1825900.0,2603090.0,2566460.0,0.711,82.49,47.02,空頭,頭頭低·底底低,,24,13,22,19.2,21,剛爆發,,False,True
CHD,Consumer Staples,Church & Dwight,2025-09-03,92.09,1.17,-5.51,-14.17,-8.17,0.333,1948365,2199127,2180997,-16.38,1.68,46.89,P+V-,P-V+,P-V+,➡️ 中性,-9.77,19.65,-0.497,10,23,29,17.7,9.51,1.42,False,False,93.59,4.58,1.008,False,114.24,116.46,-19.39,0.97,2.68,14.0,6.0,1953021.0,1937500.0,2.333,1603400.0,1780580.0,1885006.0,0.851,100.0,48.14,收斂,頭頭低·底底高,空轉多預警,25,1,19,14.2,19,剛爆發,,False,True
GIS,Consumer Staples,General Mills,2025-09-03,46.84,0.89,-6.98,-15.18,-9.11,0.333,5686250,5805966,5869123,2.36,-2.13,44.64,P+V+,P-V-,P-V+,➡️ 中性,-29.19,15.93,-1.833,11,24,31,18.9,4.14,4.02,False,False,47.23,4.71,0.814,False,68.61,75.9,-31.74,1.02,1.22,8.0,11.0,5021100.0,6171336.0,0.727,5293700.0,5846290.0,5984873.0,0.885,76.29,50.44,空頭,頭頭低·底底低,,26,21,15,21.8,22,,,False,True
KVUE,Consumer Staples,Kenvue,2025-09-03,19.51,-3.7,-12.78,-10.0,-9.12,0.0,16122265,18458603,18119034,-18.89,3.82,26.57,P-V-,P-V+,P-V+,➡️ 中性,1.31,23.54,0.056,25,31,25,26.8,,,,,,,,,,,,,,,,,,,,,,,,,,,,27,24,24,,24,,,False,False
TAP,Consumer Staples,Molson Coors Beverage Company,2025-09-03,47.21,-0.8,-4.93,-18.32,-10.59,0.0,2338305,2498458,2556826,-7.39,-4.46,36.1,P-V-,P-V-,P-V+,😴 弱勢縮量,-6.6,27.82,-0.237,16,21,32,20.7,,,,,,,,,,,,,,,,,,,,,,,,,,,,28,24,24,,24,,,False,False
CLX,Consumer Staples,Clorox,2025-09-03,117.44,-1.06,-4.7,-18.88,-10.88,0.0,1776545,1844564,1740470,-5.12,12.72,42.17,P-V-,P-V+,P-V+,➡️ 中性,-18.88,17.66,-1.069,18,20,33,21.6,,,,,,,,,,,,,,,,,,,,,,,,,,,,29,24,24,,24,,,False,False
HRL,Consumer Staples,Hormel Foods,2025-09-03,24.09,-10.3,-17.04,-8.95,-11.31,0.0,4577435,3613520,3411816,32.64,12.57,35.17,P-V+,P-V+,P-V+,📉 主力出貨,-9.69,19.29,-0.502,30,34,24,30.0,,,,,,,,,,,,,,,,,,,,,,,,,,,,30,24,24,,24,剛爆發,,False,False
BF-B,Consumer Staples,Brown–Forman,2025-09-03,27.25,-6.85,-13.7,-12.8,-11.54,0.0,3526455,5052873,4013096,-10.6,69.94,52.23,P-V-,P-V+,P-V+,➡️ 中性,-31.81,36.18,-0.879,28,32,27,29.0,,,,,,,,,,,,,,,,,,,,,,,,,,,,31,24,24,,24,剛爆發,,False,False
KDP,Consumer Staples,Keurig Dr Pepper,2025-09-03,28.14,-12.93,-11.9,-12.25,-12.33,0.0,17440650,12615306,13852285,62.19,-16.4,44.2,P-V+,P-V-,P-V+,➡️ 中性,-6.48,23.77,-0.273,33,30,26,30.7,,,,,,,,,,,,,,,,,,,,,,,,,,,,32,24,24,,24,剛爆發,,False,False
TGT,Consumer Staples,Target Corporation,2025-09-03,88.76,-11.42,0.03,-22.92,-14.31,0.333,8537460,6604493,7684694,75.15,-24.65,37.93,P-V+,P+V-,P-V+,➡️ 中性,-31.49,37.16,-0.848,31,15,34,26.8,0.82,-21.27,False,False,97.11,10.01,0.835,False,149.45,161.5,-40.61,-3.91,-8.86,7.0,13.0,7565442.0,9060853.0,0.538,8485800.0,11077000.0,9676180.0,0.877,65.81,33.74,空頭,頭頭低·底底低,多轉空預警 / 空頭確認,33,22,17,25.4,23,剛爆發,,False,True
STZ,Consumer Staples,Constellation Brands,2025-09-03,142.33,-13.4,-15.4,-14.48,-14.44,0.0,2218080,2298736,2253698,19.63,4.08,24.54,P-V+,P-V+,P-V+,📉 主力出貨,-27.57,27.72,-0.994,34,33,30,32.9,,,,,,,,,,,,,,,,,,,,,,,,,,,,34,24,24,,24,剛爆發,,False,False
APA,Energy,APA Corporation,2025-09-03,21.92,25.58,32.65,14.43,21.77,1.0,7442420,7370118,8342419,22.13,-20.88,29.56,P+V+,P+V-,P+V+,➡️ 中性,-31.38,53.9,-0.582,1,1,3,1.4,79.46,29.18,False,True,19.13,17.58,1.224,False,27.08,29.47,-19.06,2.53,22.0,12.0,8.0,8030191.0,6560762.0,1.5,8313500.0,6122280.0,6165180.0,1.348,100.0,64.09,空頭,頭頭低·底底低,多頭確認,1,1,3,1.4,1,,,False,True
VLO,Energy,Valero Energy,2025-09-03,152.15,16.42,22.1,21.87,20.56,1.0,2218575,2949584,3261600,-29.6,-17.46,12.93,P+V-,P+V-,P+V+,⚠️ 頂部背離,-3.69,35.18,-0.105,2,2,2,2.0,29.09,117.31,False,True,138.61,14.41,0.946,False,155.95,159.26,-2.44,5.74,13.56,14.0,6.0,2180921.0,2306433.0,2.333,3080300.0,2399800.0,2229626.0,1.382,100.0,75.41,擴散,頭頭高·底底低,多頭確認,2,1,2,1.6,2,,,False,True
MPC,Energy,Marathon Petroleum,2025-09-03,176.06,10.81,13.38,22.32,17.21,1.0,1861845,2208516,2527008,-8.43,-22.39,-7.45,P+V-,P+V-,P+V-,⚠️ 量能衰竭,-2.98,36.56,-0.082,3,7,1,3.8,22.98,55.78,False,True,167.37,11.7,1.098,False,180.49,183.5,-2.45,3.16,6.56,14.0,6.0,1912864.0,1742800.0,2.333,1751400.0,1862000.0,1835960.0,0.954,100.0,68.05,擴散,頭頭高·底底低,,3,1,15,4.6,3,,,False,True
PSX,Energy,Phillips 66,2025-09-03,126.78,9.99,15.35,4.46,8.56,1.0,2018765,2822369,3181352,-23.75,-20.28,5.2,P+V-,P+V-,P+V+,⚠️ 頂部背離,-10.58,35.56,-0.298,4,5,5,4.5,38.89,-25.57,False,True,120.83,9.39,1.144,False,131.8,140.85,-3.81,0.49,7.99,12.0,8.0,2126083.0,1857787.0,1.5,2290900.0,2134740.0,2104280.0,1.089,97.52,60.96,空頭,頭頭低·底底低,多轉空預警 / 多頭確認,4,7,11,6.6,5,,,False,True
BKR,Energy,Baker Hughes,2025-09-03,44.31,3.61,21.22,4.46,8.44,1.0,4983530,7093526,7778433,-44.55,-16.19,16.41,P+V-,P+V-,P+V+,⚠️ 頂部背離,27.36,37.09,0.738,10,3,5,6.9,13.61,7.59,False,True,41.42,7.08,0.818,False,47.85,49.4,-7.4,1.24,2.69,10.0,10.0,4483920.0,5483140.0,1.0,6486600.0,5095530.0,5052860.0,1.284,81.42,61.84,多頭,頭頭高·底底高,,5,15,4,8.8,9,吃老本,,False,True
CVX,Energy,Chevron Corporation,2025-09-03,152.07,4.61,15.95,3.25,6.76,1.0,7859540,9975143,9876142,-37.45,2.03,30.53,P+V-,P+V+,P+V+,⚠️ 頂部背離,6.94,26.14,0.266,9,4,10,7.7,1.71,1.31,False,True,145.75,6.28,0.923,False,158.83,168.96,-4.26,0.44,4.43,13.0,7.0,7636538.0,8273685.0,1.857,9556100.0,8141740.0,8246360.0,1.159,96.85,57.97,多頭,頭頭高·底底高,多頭確認,6,8,9,7.4,6,,,False,True
XOM,Energy,ExxonMobil,2025-09-03,108.76,6.05,9.61,3.49,5.66,1.0,14888140,16702781,17158216,-2.65,-5.17,15.94,P+V-,P+V-,P+V+,⚠️ 頂部背離,-6.65,25.18,-0.264,8,11,9,9.1,4.93,1.16,False,True,106.37,6.75,0.941,False,118.5,126.34,-8.22,0.38,5.33,13.0,7.0,14567892.0,15482885.0,1.857,14920100.0,14680720.0,15124993.0,0.986,97.67,57.33,空頭,頭頭低·底底低,,7,6,14,8.0,8,,,False,True
DVN,Energy,Devon Energy,2025-09-03,34.19,8.1,13.45,-0.84,4.97,0.667,7290480,7695316,8613500,1.3,-19.27,-5.45,P+V+,P+V-,P-V-,✨ 反彈初期,-25.53,41.2,-0.62,6,6,12,7.2,-2.84,-1.46,False,True,32.65,9.24,0.983,False,42.81,45.34,-20.14,-0.43,8.57,14.0,6.0,7253928.0,7375766.0,2.333,6913500.0,6795070.0,6367946.0,1.086,100.0,56.05,收斂,頭頭低·底底高,空轉多預警 / 多頭確認,8,1,12,6.0,4,剛爆發,,False,False
EQT,Energy,EQT Corporation,2025-09-03,50.95,0.17,-8.74,11.22,3.47,0.667,6555575,8037878,8206091,-34.6,-4.02,11.42,P+V-,P-V-,P+V+,⚠️ 頂部背離,55.82,35.45,1.575,15,18,4,13.7,10.01,16.57,False,False,53.23,5.29,1.068,False,60.12,61.02,-15.26,-2.2,0.03,11.0,9.0,6748600.0,6319655.0,1.222,5245700.0,6416550.0,6947206.0,0.755,86.16,45.89,空頭,頭頭低·底底低,,9,11,19,11.8,13,,,False,True
OXY,Energy,Occidental Petroleum,2025-09-03,45.36,8.84,12.35,-3.81,3.39,0.667,9376040,11309544,12041576,-10.15,-11.46,2.71,P+V-,P+V-,P-V+,➡️ 中性,-22.91,36.53,-0.627,5,8,14,7.7,24.79,14.0,False,True,43.52,9.69,0.968,False,55.32,57.57,-18.0,0.56,7.47,13.0,7.0,9270430.0,9572171.0,1.857,9513100.0,8306660.0,8188700.0,1.162,99.52,56.05,收斂,頭頭低·底底高,多頭確認,10,5,8,7.6,7,,,False,True
COP,Energy,ConocoPhillips,2025-09-03,91.76,2.49,10.04,-1.16,2.56,0.667,6780595,7227976,8376185,20.47,-24.11,22.5,P+V+,P+V-,P-V+,➡️ 中性,-16.15,34.4,-0.469,13,9,13,11.8,4.71,1.98,False,True,90.84,6.02,0.859,False,109.12,116.08,-15.91,-2.47,2.39,10.0,10.0,6266300.0,7294890.0,1.0,9793500.0,6129730.0,6362973.0,1.539,80.48,47.5,收斂,頭頭低·底底高,多轉空預警,11,16,1,11.0,10,,,False,True
KMI,Energy,Kinder Morgan,2025-09-03,25.7,-0.07,-5.72,4.18,0.64,0.333,14602660,14547473,14146112,-11.33,5.84,2.37,P-V-,P-V+,P+V+,➡️ 中性,35.78,25.24,1.418,16,17,8,14.7,0.81,-4.83,False,False,26.28,3.55,0.926,False,29.31,31.48,-12.34,0.41,-4.67,9.0,10.0,14136444.0,15262020.0,0.9,10270700.0,12692550.0,12867033.0,0.798,77.07,46.22,空頭,頭頭低·底底低,多轉空預警,12,19,17,15.8,18,吃老本,,False,True
WMB,Energy,Williams Companies,2025-09-03,55.96,-1.55,-4.99,4.4,0.57,0.333,6207060,7591215,7619124,-11.28,-0.73,17.1,P-V-,P-V-,P+V+,😴 弱勢縮量,33.7,23.84,1.413,18,16,7,15.2,-5.99,8.45,False,False,56.7,2.82,0.955,False,61.5,63.45,-9.01,1.05,-2.15,10.0,9.0,6114510.0,6401277.0,1.111,6213300.0,5839940.0,6136800.0,1.012,82.51,49.18,擴散,頭頭高·底底低,,13,14,13,13.4,15,,,False,False
EOG,Energy,EOG Resources,2025-09-03,116.53,3.42,9.2,-6.06,0.12,0.667,2667045,3300346,3749160,-6.72,-21.38,24.73,P+V-,P+V-,P-V+,➡️ 中性,-5.63,29.29,-0.192,11,12,15,12.1,5.23,3.54,False,True,115.69,7.45,0.803,False,130.94,138.18,-11.0,-0.59,2.38,13.0,7.0,2455938.0,3059100.0,1.857,2658300.0,2266460.0,2398386.0,1.108,93.1,50.41,空頭,頭頭低·底底低,,14,9,10,11.2,11,,,False,True
FANG,Energy,Diamondback Energy,2025-09-03,138.94,-0.72,4.16,-6.6,-2.44,0.333,1826285,2180384,2442487,-7.45,-19.38,8.99,P-V-,P+V-,P-V+,➡️ 中性,-23.91,38.29,-0.624,17,14,16,15.9,-2.01,8.11,False,True,138.6,9.48,0.939,False,190.72,200.47,-27.15,-1.16,-1.62,10.0,10.0,1768970.0,1883600.0,1.0,1952800.0,1679000.0,1656040.0,1.179,80.0,48.16,多頭,頭頭高·底底高,空轉多預警,15,18,7,14.6,16,,,False,False
SLB,Energy,Schlumberger,2025-09-03,34.16,7.36,6.71,-13.04,-3.0,0.667,12630810,15722327,16796681,-34.08,-12.02,32.68,P+V-,P+V-,P-V+,➡️ 中性,-21.67,34.39,-0.63,7,13,17,10.8,1.68,-1.34,False,True,33.47,11.52,0.827,False,43.74,46.16,-21.9,-0.11,5.31,12.0,8.0,11653883.0,14096200.0,1.5,16567600.0,14235180.0,13294086.0,1.246,90.11,54.16,空頭,頭頭低·底底低,多轉空預警,16,10,6,11.6,12,剛爆發,,False,True
EXE,Energy,Expand Energy,2025-09-03,94.94,-3.02,-17.37,1.94,-4.13,0.333,3102205,3273495,3967080,-17.61,-29.76,52.47,P-V-,P-V-,P+V+,😴 弱勢縮量,37.96,31.83,1.193,20,20,11,18.2,-4.14,8.03,False,False,99.27,6.31,1.251,False,118.79,123.35,-20.08,0.83,-2.44,9.0,11.0,3487366.0,2787072.0,0.818,2610200.0,2656730.0,3282973.0,0.795,83.04,48.04,空頭,頭頭低·底底低,,17,13,18,15.6,17,,,False,False
HAL,Energy,Halliburton,2025-09-03,21.16,2.51,9.62,-15.36,-4.65,0.667,10388410,14076652,14331561,-34.5,-3.5,47.45,P+V-,P+V-,P-V+,➡️ 中性,-28.39,37.34,-0.76,12,10,18,12.6,-0.72,-0.43,False,True,21.04,9.37,0.865,False,31.03,32.57,-31.81,-0.58,0.34,11.0,9.0,9708872.0,11218955.0,1.222,12590100.0,10837620.0,9939706.0,1.267,83.45,49.28,多頭,頭頭高·底底高,,18,12,5,13.0,14,剛爆發,,False,False
TRGP,Energy,Targa Resources,2025-09-03,160.11,0.31,1.34,-15.38,-7.28,0.667,1471425,1580844,1924187,10.4,-30.28,15.29,P+V+,P+V-,P-V+,➡️ 中性,13.62,33.43,0.407,14,15,19,15.3,2.2,-7.56,False,False,163.17,5.74,1.027,False,210.67,218.51,-24.0,0.29,-0.05,9.0,11.0,1493000.0,1453772.0,0.818,1111500.0,1275660.0,1346313.0,0.826,80.33,46.99,擴散,頭頭高·底底低,,19,17,16,17.6,19,,,False,True
OKE,Energy,Oneok,2025-09-03,70.07,-1.81,-9.33,-21.62,-13.59,0.0,3398905,3709667,3899281,-3.06,-9.27,21.93,P-V-,P-V-,P-V+,😴 弱勢縮量,-14.17,28.87,-0.491,19,19,20,19.2,,,,,,,,,,,,,,,,,,,,,,,,,,,,20,20,20,,20,,,False,False
TPL,Energy,Texas Pacific Land Corporation,2025-09-03,301.31,-4.16,-17.93,-32.64,-21.85,0.0,438405,454458,425522,-7.2,14.59,-14.26,P-V-,P-V+,P-V-,➡️ 中性,10.89,52.32,0.208,21,21,21,21.0,,,,,,,,,,,,,,,,,,,,,,,,,,,,21,20,20,,20,,,False,False
HOOD,Financials,Robinhood Markets,2025-09-03,100.82,-4.57,48.31,106.68,64.28,0.667,36596785,44343264,45222490,-20.15,-3.81,117.65,P-V-,P+V-,P+V+,➡️ 中性,424.16,58.87,7.205,69,2,1,35.3,35.99,13.48,False,False,102.32,13.32,0.82,False,117.7,117.7,-14.34,-7.33,-4.4,12.0,8.0,33634000.0,41040962.0,1.5,24194800.0,33732050.0,36257753.0,0.667,81.27,43.4,多頭,頭頭高·底底高,,1,24,27,15.4,14,吃老本,🔥 追高風險,True,True
IVZ,Financials,Invesco,2025-09-03,21.03,3.86,52.39,29.06,28.59,1.0,4077045,5959423,5922509,-54.9,1.25,62.07,P+V-,P+V+,P+V+,⚠️ 頂部背離,28.46,42.46,0.67,25,1,4,13.6,-10.7,13.91,False,True,18.88,8.2,0.87,False,21.56,22.25,-2.47,-1.05,3.51,9.0,11.0,3768033.0,4329872.0,0.818,2928900.0,3640850.0,3751380.0,0.781,79.19,63.36,收斂,頭頭低·底底高,多轉空預警 / 多頭確認,2,26,20,15.2,13,吃老本,,False,False
COIN,Financials,Coinbase,2025-09-03,302.31,-0.42,22.53,45.08,28.07,0.667,9488255,13070950,11999079,-36.9,19.62,12.28,P-V-,P+V+,P+V+,➡️ 中性,62.52,82.35,0.759,57,11,2,32.2,245.59,-87.38,False,False,347.3,10.04,1.496,False,444.65,444.65,-32.01,-2.0,1.45,10.0,10.0,11374190.0,7602320.0,1.0,5220800.0,7424810.0,8403946.0,0.621,91.25,39.76,空頭,頭頭低·底底低,多轉空預警,3,15,28,12.8,7,吃老本,,False,True
SYF,Financials,Synchrony Financial,2025-09-03,74.25,8.7,30.43,28.65,24.11,1.0,2931915,3318887,4084362,-18.73,-31.57,15.49,P+V-,P+V-,P+V+,⚠️ 頂部背離,41.79,39.84,1.049,11,3,5,7.4,39.29,9.81,False,True,69.44,9.69,1.142,False,75.89,77.15,-2.15,0.2,7.86,11.0,9.0,3105936.0,2719222.0,1.222,1966700.0,2826330.0,2693073.0,0.73,93.12,65.24,擴散,頭頭高·底底低,多頭確認,4,10,24,10.4,3,吃老本,,False,True
BEN,Financials,Franklin Resources,2025-09-03,24.24,1.35,21.52,32.66,22.05,1.0,3224280,3860720,4496378,-23.89,-24.77,0.18,P+V-,P+V-,P+V+,⚠️ 頂部背離,32.61,29.73,1.097,44,12,3,26.2,-2.31,-0.62,False,True,23.51,5.69,0.979,False,24.76,26.08,-2.11,0.95,1.11,8.0,12.0,3184150.0,3251033.0,0.667,2685200.0,3243770.0,3183533.0,0.843,78.18,57.21,多頭,頭頭高·底底高,空轉多預警,5,28,19,17.0,19,吃老本,,False,False
IBKR,Financials,Interactive Brokers,2025-09-03,63.68,0.33,23.02,26.21,18.94,1.0,9788485,6852329,7725983,69.34,-20.32,58.34,P+V+,P+V-,P+V+,➡️ 中性,98.52,40.88,2.41,49,7,6,27.8,8.82,-2.73,False,True,61.19,7.07,0.243,False,67.7,68.07,-5.93,1.16,0.5,14.0,6.0,5058914.0,20824150.0,2.333,5778600.0,15601890.0,11962213.0,0.483,90.02,55.5,空頭,頭頭低·底底低,多轉空預警,6,17,29,15.0,12,吃老本,,False,True
RF,Financials,Regions Financial Corporation,2025-09-03,25.89,9.12,28.86,18.88,18.93,1.0,16123220,13398776,11332616,5.89,44.59,46.98,P+V+,P+V+,P+V+,⭐⭐⭐ 完美多頭,12.16,29.32,0.415,9,5,12,8.4,7.46,6.16,False,True,24.14,7.56,1.12,False,26.25,27.96,-1.37,0.45,8.03,12.0,8.0,16847391.0,15036962.0,1.5,18485900.0,17947830.0,17546586.0,1.054,97.11,66.34,多頭,頭頭高·底底高,多頭確認,7,6,9,7.0,1,,,False,True
C,Financials,Citigroup,2025-09-03,93.06,3.04,26.19,22.25,18.43,1.0,13148950,14287543,15658963,-21.6,-16.11,14.26,P+V-,P+V-,P+V+,⚠️ 頂部背離,50.59,31.34,1.614,32,6,8,19.4,28.26,5.93,False,True,89.46,7.15,1.085,False,95.47,97.49,-2.52,-0.72,3.84,9.0,11.0,13741333.0,12664272.0,0.818,14158800.0,13072980.0,12860606.0,1.101,83.27,55.47,收斂,頭頭低·底底高,多轉空預警,8,22,6,13.2,9,吃老本,,False,True
CFG,Financials,Citizens Financial Group,2025-09-03,50.16,10.1,30.1,16.69,18.4,1.0,3643805,4878881,5031846,-34.42,-5.9,17.13,P+V-,P+V-,P+V+,⚠️ 頂部背離,14.2,31.69,0.448,3,4,19,6.5,4.13,2.68,False,True,46.55,8.78,0.991,False,50.99,52.53,-1.63,0.7,9.24,12.0,8.0,3631200.0,3662712.0,1.5,3084100.0,3750150.0,3649420.0,0.845,95.67,66.93,擴散,頭頭高·底底低,多頭確認,9,8,18,10.4,3,,,False,True
GS,Financials,Goldman Sachs,2025-09-03,716.47,1.34,22.67,22.01,17.01,1.0,1590475,1987512,2471388,-22.56,-32.75,16.04,P+V-,P+V-,P+V+,⚠️ 頂部背離,43.4,32.11,1.352,45,10,9,27.3,13.39,14.88,False,True,701.35,6.47,1.008,False,734.87,753.33,-2.5,-1.93,1.88,10.0,10.0,1596840.0,1584110.0,1.0,1485600.0,1607110.0,1597666.0,0.93,83.0,52.99,多頭,頭頭高·底底高,,10,23,15,16.2,17,吃老本,,False,True
NTRS,Financials,Northern Trust,2025-09-03,126.23,3.21,22.87,20.64,16.84,1.0,971525,1771293,1651011,-37.11,15.72,36.83,P+V-,P+V+,P+V+,⚠️ 頂部背離,42.28,28.03,1.509,30,8,11,19.6,3.17,3.36,False,True,124.09,5.82,1.028,False,129.44,133.0,-2.48,-1.65,3.0,10.0,10.0,985100.0,957950.0,1.0,832400.0,861240.0,890573.0,0.935,84.14,55.05,收斂,頭頭低·底底高,多轉空預警,11,21,14,15.6,15,吃老本,,False,True
BNY,Financials,BNY Mellon,2025-09-03,102.89,2.34,18.27,21.87,16.09,1.0,3117280,3875621,4137879,-28.36,-11.92,6.16,P+V-,P+V-,P+V+,⚠️ 頂部背離,51.01,22.19,2.299,39,18,10,26.9,10.09,5.93,False,True,97.03,6.64,0.852,False,104.74,106.57,-1.77,0.09,3.99,13.0,7.0,2938315.0,3449642.0,1.857,2258200.0,2825710.0,3047686.0,0.741,95.19,62.56,多頭,頭頭高·底底高,多頭確認,12,9,23,13.0,8,,,False,True
KEY,Financials,KeyCorp,2025-09-03,18.2,9.51,21.22,15.69,15.53,1.0,24421765,23027998,19172860,-25.02,50.34,75.92,P+V-,P+V+,P+V+,⚠️ 頂部背離,8.24,32.53,0.253,6,14,21,11.4,1.9,4.05,False,True,17.31,8.05,1.073,False,18.53,20.04,-1.78,-0.76,7.54,11.0,9.0,25191645.0,23480800.0,1.222,27617100.0,26236900.0,25163646.0,1.097,91.33,64.08,擴散,頭頭高·底底低,多頭確認,13,14,7,12.2,5,,,False,True
XYZ,Financials,"Block, Inc.",2025-09-03,75.79,-0.45,22.72,17.91,14.52,0.667,7989630,10336778,10433274,-53.06,-1.83,43.3,P-V-,P+V-,P+V+,➡️ 中性,13.94,52.55,0.265,58,9,13,34.3,-8.01,-39.71,False,True,73.83,13.9,1.014,False,99.26,99.26,-23.64,-3.8,0.66,8.0,12.0,8056712.0,7944908.0,0.667,4975000.0,6480950.0,6554286.0,0.759,76.63,48.99,擴散,頭頭高·底底低,,14,29,22,21.6,24,吃老本,,False,True
SCHW,Financials,Charles Schwab Corporation,2025-09-03,95.01,-0.23,9.51,23.42,14.03,0.667,7824460,8100564,9216274,-14.79,-21.6,0.23,P-V-,P+V-,P+V+,➡️ 中性,49.62,26.06,1.904,53,35,7,38.4,3.81,3.17,False,True,93.47,3.63,0.88,False,98.17,99.59,-3.22,-1.05,0.05,13.0,7.0,7466584.0,8489085.0,1.857,7261500.0,7665840.0,8236326.0,0.882,92.86,51.73,空頭,頭頭低·底底低,多轉空預警,15,11,17,13.8,11,,,False,True
STT,Financials,State Street Corporation,2025-09-03,110.16,2.02,18.27,17.71,13.93,1.0,1577115,1924436,2085069,-33.17,-14.31,-0.7,P+V-,P+V-,P+V-,⚠️ 量能衰竭,30.48,27.13,1.123,41,18,14,28.7,7.06,1.7,False,True,107.51,5.34,1.199,False,113.45,116.37,-2.9,-2.43,2.67,11.0,9.0,1704627.0,1421266.0,1.222,1575200.0,1668380.0,1595340.0,0.987,89.95,53.34,多頭,頭頭高·底底高,,16,18,12,16.0,16,,,False,True
MS,Financials,Morgan Stanley,2025-09-03,145.24,5.12,16.48,16.65,13.73,1.0,4366080,5168506,6517129,-21.52,-34.29,5.56,P+V-,P+V-,P+V+,⚠️ 頂部背離,39.61,31.41,1.261,17,20,20,18.5,,,,,,,,,,,,,,,,,,,,,,,,,,,,17,30,30,,30,吃老本,,False,False
BAC,Financials,Bank of America,2025-09-03,48.74,10.22,14.24,14.85,13.54,1.0,34965030,38486253,43933658,-10.89,-22.06,24.01,P+V-,P+V-,P+V+,⚠️ 頂部背離,14.54,27.7,0.525,2,26,22,13.2,3.61,10.74,False,True,46.46,6.25,1.073,False,49.58,50.92,-1.69,-0.38,9.88,12.0,7.0,35878250.0,33435128.0,1.714,38344200.0,37887740.0,35506780.0,1.08,100.0,64.23,空頭,頭頭低·底底低,多轉空預警 / 多頭確認,18,1,8,9.2,2,剛爆發,,False,True
JPM,Financials,JPMorgan Chase,2025-09-03,293.89,2.8,13.71,16.89,12.57,1.0,6826415,8235720,9782121,-22.48,-27.3,9.83,P+V-,P+V-,P+V+,⚠️ 頂部背離,32.52,25.64,1.268,36,28,17,29.8,,,,,,,,,,,,,,,,,,,,,,,,,,,,19,30,30,,30,吃老本,,False,False
PNC,Financials,PNC Financial Services,2025-09-03,198.47,8.72,18.88,10.8,12.3,1.0,1564735,2080060,2334369,-33.12,-19.65,23.77,P+V-,P+V-,P+V+,⚠️ 頂部背離,5.8,25.52,0.227,10,17,29,15.9,8.01,3.67,False,True,187.74,7.71,1.069,False,203.75,216.26,-2.59,0.76,8.47,11.0,9.0,1611418.0,1507677.0,1.222,1827800.0,1746380.0,1627146.0,1.123,92.42,65.96,空頭,頭頭低·底底低,多轉空預警 / 多頭確認,20,12,4,13.6,10,剛爆發,,False,True
FITB,Financials,Fifth Third Bancorp,2025-09-03,44.08,10.5,20.77,8.03,11.83,1.0,3534770,4956821,4983145,-42.95,-1.05,17.91,P+V-,P+V-,P+V+,⚠️ 頂部背離,0.38,27.23,0.014,1,15,34,11.8,3.85,1.42,False,True,41.44,7.39,0.861,False,46.18,49.07,-4.55,1.29,10.26,13.0,7.0,3345853.0,3885614.0,1.857,3663800.0,3700620.0,3513640.0,1.043,99.6,69.38,多頭,頭頭高·底底高,多頭確認,21,4,11,12.2,5,剛爆發,,False,True
BLK,Financials,BlackRock,2025-09-03,1076.92,-1.88,13.01,17.62,11.59,0.667,462970,570429,717519,-31.48,-34.02,9.75,P-V-,P+V-,P+V+,➡️ 中性,25.73,24.33,1.058,62,29,15,42.7,11.47,11.59,False,False,1081.98,5.77,1.143,False,1147.84,1171.89,-6.18,-3.54,-0.91,9.0,11.0,497266.0,434909.0,0.818,412900.0,422260.0,453380.0,0.911,80.32,41.71,多頭,頭頭高·底底高,空頭確認,22,25,16,22.0,25,,,False,True
COF,Financials,Capital One,2025-09-03,217.94,4.25,15.92,13.03,11.56,1.0,3186060,3659856,4623041,-21.63,-34.48,61.83,P+V-,P+V-,P+V+,⚠️ 頂部背離,45.65,33.93,1.345,22,22,27,23.0,,,,,,,,,,,,,,,,,,,,,,,,,,,,23,30,30,,30,吃老本,,False,False
HBAN,Financials,Huntington Bancshares,2025-09-03,16.97,9.79,14.16,10.87,11.42,1.0,24211760,30967969,27164956,-39.46,32.56,76.79,P+V-,P+V+,P+V+,⚠️ 頂部背離,12.66,30.48,0.415,4,27,28,15.7,1.16,8.48,False,True,16.25,8.09,1.041,False,17.27,18.45,-1.73,0.69,8.7,10.0,9.0,24878900.0,23906055.0,1.111,24904500.0,25031300.0,23827773.0,1.045,90.38,63.09,空頭,頭頭低·底底低,多轉空預警 / 多頭確認,24,16,10,18.0,20,剛爆發,,False,True
NDAQ,Financials,"Nasdaq, Inc.",2025-09-03,92.6,-2.89,11.98,16.8,10.67,0.667,2458615,3164049,3405290,-31.83,-13.23,30.99,P-V-,P+V-,P+V+,➡️ 中性,35.37,21.08,1.677,64,31,18,44.9,,,,,,,,,,,,,,,,,,,,,,,,,,,,25,30,30,,30,,,False,False
GL,Financials,Globe Life,2025-09-03,139.44,-0.47,15.25,13.68,10.54,0.667,568325,621938,664412,-25.95,-12.02,-5.01,P-V-,P+V-,P+V-,➡️ 中性,33.97,23.82,1.426,59,24,25,41.7,,,,,,,,,,,,,,,,,,,,,,,,,,,,26,30,30,,30,,,False,False
AXP,Financials,American Express,2025-09-03,320.28,9.53,9.89,10.67,10.19,1.0,2433310,2590847,3030484,-6.04,-25.34,18.82,P+V-,P+V-,P+V+,⚠️ 頂部背離,15.93,26.33,0.605,5,34,30,18.7,5.09,4.96,False,True,308.28,8.79,0.866,False,328.56,332.07,-2.52,0.97,9.13,11.0,9.0,2274590.0,2627300.0,1.222,3439000.0,2437390.0,2408526.0,1.428,89.35,61.06,空頭,頭頭低·底底低,多轉空預警 / 多頭確認,27,19,2,18.8,21,剛爆發,,False,True
L,Financials,Loews Corporation,2025-09-03,96.66,3.04,8.11,13.08,9.33,1.0,752235,816307,799325,-5.25,4.34,11.18,P+V-,P+V+,P+V+,⚠️ 頂部背離,14.11,17.01,0.83,32,37,26,32.3,,,,,,,,,,,,,,,,,,,,,,,,,,,,28,30,30,,30,,,False,False
TFC,Financials,Truist Financial,2025-09-03,44.5,9.23,19.76,4.15,9.32,1.0,6804915,7386649,8829776,-15.84,-28.1,14.99,P+V-,P+V-,P+V+,⚠️ 頂部背離,1.22,29.24,0.042,7,16,44,17.1,-2.23,-0.38,False,True,42.41,7.37,1.24,False,45.35,49.06,-1.87,0.11,8.2,10.0,10.0,7533890.0,6075940.0,1.0,5456700.0,7440550.0,7082913.0,0.77,91.66,64.24,收斂,頭頭低·底底高,多轉空預警 / 空轉多預警 / 多頭確認,29,13,21,21.0,23,剛爆發,,False,False
USB,Financials,U.S. Bancorp,2025-09-03,46.68,9.23,12.51,7.31,9.09,1.0,8003560,10388876,10895340,-31.28,-8.88,34.51,P+V-,P+V-,P+V+,⚠️ 頂部背離,-1.37,27.0,-0.051,7,30,38,20.1,4.06,5.69,False,True,44.54,6.65,1.19,False,50.21,53.98,-7.03,-0.06,8.93,12.0,8.0,8549291.0,7184962.0,1.5,8335500.0,8959360.0,8446566.0,0.987,98.66,65.47,空頭,頭頭低·底底低,多轉空預警 / 多頭確認,30,5,12,16.4,18,剛爆發,,False,True
HIG,Financials,Hartford (The),2025-09-03,130.81,3.78,2.93,14.76,9.06,1.0,1257670,1479384,1612499,-25.32,-15.25,3.69,P+V-,P+V-,P+V+,⚠️ 頂部背離,11.73,20.14,0.583,26,47,23,31.7,,,,,,,,,,,,,,,,,,,,,,,,,,,,31,30,30,,30,,,False,False
RJF,Financials,Raymond James Financial,2025-09-03,164.32,-0.12,14.91,10.53,8.96,0.667,862580,1034987,1271306,-22.23,-31.35,6.33,P-V-,P+V-,P+V+,➡️ 中性,41.28,26.81,1.54,52,25,31,39.7,,,,,,,,,,,,,,,,,,,,,,,,,,,,32,30,30,,30,,,False,False
BX,Financials,Blackstone Inc.,2025-09-03,160.82,-1.19,21.29,7.72,8.89,0.667,3439845,3641960,4425768,-16.1,-30.09,34.92,P-V-,P+V-,P+V+,➡️ 中性,20.98,34.14,0.614,60,13,35,40.9,9.81,3.11,False,True,158.96,6.42,0.98,False,189.0,200.96,-14.91,-2.39,-0.2,9.0,11.0,3401277.0,3471400.0,0.818,2450700.0,3271490.0,3611640.0,0.679,78.34,47.61,空頭,頭頭低·底底低,多轉空預警,33,27,26,29.2,28,剛爆發,,False,True
WRB,Financials,W. R. Berkley Corporation,2025-09-03,70.33,2.45,-3.07,17.44,8.57,0.667,1660995,1903992,1900750,-29.68,0.34,10.29,P+V-,P-V+,P+V+,⚠️ 頂部背離,20.28,19.39,1.046,38,62,16,40.8,,,,,,,,,,,,,,,,,,,,,,,,,,,,34,30,30,,30,,,False,False
MTB,Financials,M&T Bank,2025-09-03,193.04,7.85,11.12,7.15,8.31,1.0,860605,1076160,1240770,-26.15,-23.43,10.3,P+V-,P+V-,P+V+,⚠️ 頂部背離,12.42,27.14,0.457,12,32,39,23.4,5.7,-2.26,False,True,187.99,6.25,1.066,False,213.33,225.7,-9.51,-0.05,6.39,10.0,10.0,888140.0,833070.0,1.0,954200.0,900990.0,860986.0,1.108,87.47,59.63,收斂,頭頭低·底底高,多轉空預警 / 多頭確認,35,20,5,23.0,26,剛爆發,,False,True
WFC,Financials,Wells Fargo,2025-09-03,78.79,4.35,8.38,6.27,6.32,1.0,13164910,16657327,17566963,-30.62,-9.85,4.18,P+V-,P+V-,P+V+,⚠️ 頂部背離,35.5,32.29,1.099,21,36,41,29.5,,,,,,,,,,,,,,,,,,,,,,,,,,,,36,30,30,,30,剛爆發,,False,False
TROW,Financials,T. Rowe Price,2025-09-03,100.13,-0.05,15.9,4.4,6.17,0.667,1143235,1475009,1826936,-40.26,-32.3,36.86,P-V-,P+V-,P+V+,➡️ 中性,4.7,25.37,0.185,51,23,43,41.0,,,,,,,,,,,,,,,,,,,,,,,,,,,,37,30,30,,30,剛爆發,,False,False
CBOE,Financials,Cboe Global Markets,2025-09-03,233.69,-5.11,1.86,13.84,6.11,0.667,899675,844523,918584,-12.12,-14.92,9.0,P-V-,P+V-,P+V+,➡️ 中性,22.18,21.91,1.013,70,51,24,55.1,,,,,,,,,,,,,,,,,,,,,,,,,,,,38,30,30,,30,剛爆發,,False,False
TRV,Financials,Travelers Companies (The),2025-09-03,272.22,3.35,0.49,9.43,5.68,1.0,1209145,1253358,1327591,-10.21,-10.59,6.42,P+V-,P+V-,P+V+,⚠️ 頂部背離,18.23,20.29,0.898,29,52,32,36.5,,,,,,,,,,,,,,,,,,,,,,,,,,,,39,30,30,,30,剛爆發,,False,False
MA,Financials,Mastercard,2025-09-03,589.61,4.24,2.21,5.35,4.29,1.0,2431290,2791018,2846383,-6.8,-3.82,14.89,P+V-,P+V-,P+V+,⚠️ 頂部背離,17.78,18.16,0.979,23,48,42,34.3,,,,,,,,,,,,,,,,,,,,,,,,,,,,40,30,30,,30,剛爆發,,False,False
CINF,Financials,Cincinnati Financial,2025-09-03,150.17,-0.34,1.88,7.49,4.13,0.667,481725,545992,657615,-20.95,-29.02,9.95,P-V-,P+V-,P+V+,➡️ 中性,12.4,21.21,0.585,56,50,36,50.2,,,,,,,,,,,,,,,,,,,,,,,,,,,,41,30,30,,30,剛爆發,,False,False
ARES,Financials,Ares Management,2025-09-03,170.52,-6.59,6.73,7.35,3.71,0.667,1318135,1405252,1764347,-5.52,-33.82,53.89,P-V-,P+V-,P+V+,➡️ 中性,31.78,31.29,1.015,72,38,37,54.8,,,,,,,,,,,,,,,,,,,,,,,,,,,,42,30,30,,30,剛爆發,,False,False
AIZ,Financials,Assurant,2025-09-03,211.81,2.69,6.03,2.61,3.48,1.0,483630,427080,507677,33.64,-27.4,37.36,P+V+,P+V-,P+V+,➡️ 中性,-2.39,25.34,-0.094,37,39,48,39.8,,,,,,,,,,,,,,,,,,,,,,,,,,,,43,30,30,,30,剛爆發,,False,False
AFL,Financials,Aflac,2025-09-03,104.55,4.9,3.39,0.45,2.3,1.0,2724435,2527215,2310053,22.39,20.75,11.47,P+V+,P+V+,P+V+,⭐⭐⭐ 完美多頭,-8.96,18.98,-0.472,18,45,53,33.1,,,,,,,,,,,,,,,,,,,,,,,,,,,,44,30,30,,30,剛爆發,,False,False
KKR,Financials,KKR & Co.,2025-09-03,133.86,-6.61,10.78,2.28,2.18,0.667,2907860,3334306,4851686,-19.08,-47.65,43.06,P-V-,P+V-,P+V+,➡️ 中性,15.74,38.32,0.411,73,33,49,56.2,,,,,,,,,,,,,,,,,,,,,,,,,,,,45,30,30,,30,剛爆發,,False,False
ALL,Financials,Allstate,2025-09-03,200.69,-1.64,-2.85,6.43,2.09,0.333,1182475,1554424,1671980,-30.4,-13.14,5.84,P-V-,P-V-,P+V+,😴 弱勢縮量,10.35,22.93,0.451,61,61,40,56.8,,,,,,,,,,,,,,,,,,,,,,,,,,,,46,30,30,,30,剛爆發,,False,False
EG,Financials,Everest Group,2025-09-03,344.31,6.1,-0.91,1.48,2.03,0.667,286365,344804,387630,-12.88,-19.9,-4.03,P+V-,P-V-,P+V-,⚠️ 量能背離,-14.55,19.03,-0.765,14,57,50,34.1,17.11,-16.7,False,True,332.23,4.43,1.114,False,395.74,407.3,-13.0,2.9,6.29,13.0,7.0,297007.0,266600.0,1.857,507900.0,308260.0,292206.0,1.738,100.0,61.44,擴散,頭頭高·底底低,,47,1,1,19.4,22,剛爆發,,False,True
SPGI,Financials,S&P Global,2025-09-03,505.66,-3.98,5.18,3.01,1.81,0.667,1133209,1185271,1324901,-5.26,-19.07,3.98,P-V-,P+V-,P+V+,➡️ 中性,10.29,20.81,0.495,67,40,47,54.9,,,,,,,,,,,,,,,,,,,,,,,,,,,,48,30,30,,30,剛爆發,,False,False
CME,Financials,CME Group,2025-09-03,259.26,-4.27,-6.92,8.83,1.62,0.333,1956025,2258281,2464377,-7.04,-15.44,27.62,P-V-,P-V-,P+V+,😴 弱勢縮量,37.87,16.96,2.233,68,66,33,60.4,,,,,,,,,,,,,,,,,,,,,,,,,,,,49,30,30,,30,剛爆發,,False,False
BRK-B,Financials,Berkshire Hathaway,2025-09-03,501.49,6.95,-0.26,-0.18,1.58,0.333,4489520,4696846,5108863,-6.3,-14.93,29.16,P+V-,P-V-,P-V+,➡️ 中性,-2.46,15.67,-0.157,13,53,54,33.2,2.71,-5.37,False,True,480.42,5.03,1.013,False,542.07,542.07,-7.49,1.89,8.04,14.0,6.0,4506978.0,4448783.0,2.333,3206200.0,4598360.0,4577840.0,0.7,100.0,68.43,空頭,頭頭低·底底低,多頭確認,50,1,25,25.4,27,剛爆發,,False,True
PRU,Financials,Prudential Financial,2025-09-03,102.03,4.54,5.03,-2.27,1.25,0.667,1604525,1600450,1782660,-4.47,-18.55,17.4,P+V-,P+V-,P-V+,➡️ 中性,-11.81,23.54,-0.502,19,41,60,33.8,,,,,,,,,,,,,,,,,,,,,,,,,,,,51,30,30,,30,剛爆發,,False,False
AIG,Financials,American International Group,2025-09-03,79.44,2.88,-4.65,3.1,1.11,0.667,3881305,4161938,4603994,-8.8,-17.52,14.67,P+V-,P-V-,P+V+,⚠️ 頂部背離,3.97,18.52,0.215,34,65,45,45.5,,,,,,,,,,,,,,,,,,,,,,,,,,,,52,30,30,,30,剛爆發,,False,False
MET,Financials,MetLife,2025-09-03,78.33,6.08,3.19,-2.69,0.97,0.667,3180575,2984729,3321416,4.32,-18.41,0.16,P+V+,P+V-,P-V+,➡️ 中性,-0.56,23.46,-0.024,16,46,61,34.0,,,,,,,,,,,,,,,,,,,,,,,,,,,,53,30,30,,30,剛爆發,,False,False
MCO,Financials,Moody's Corporation,2025-09-03,492.17,-3.89,3.63,1.11,0.49,0.667,560110,674138,781791,-34.75,-24.21,9.56,P-V-,P+V-,P+V+,➡️ 中性,6.36,21.92,0.29,66,43,51,56.1,,,,,,,,,,,,,,,,,,,,,,,,,,,,54,30,30,,30,剛爆發,,False,False
ACGL,Financials,Arch Capital Group,2025-09-03,92.9,3.5,-3.5,0.87,0.43,0.667,1906935,2180738,1927049,-33.35,30.32,6.17,P+V-,P-V+,P+V+,⚠️ 頂部背離,-17.55,21.88,-0.802,27,63,52,42.8,,,,,,,,,,,,,,,,,,,,,,,,,,,,55,30,30,,30,剛爆發,,False,False
WTW,Financials,Willis Towers Watson,2025-09-03,323.16,0.51,3.43,-1.85,0.06,0.667,554035,662360,667716,-22.51,-1.59,10.17,P+V-,P+V-,P-V+,➡️ 中性,12.38,21.36,0.58,48,44,59,49.0,,,,,,,,,,,,,,,,,,,,,,,,,,,,56,30,30,,30,剛爆發,,False,False
V,Financials,Visa Inc.,2025-09-03,348.09,3.46,-3.79,-1.03,-0.6,0.333,5580925,6437190,6731239,-11.49,-8.37,8.49,P+V-,P-V-,P-V+,➡️ 中性,22.74,19.19,1.185,28,64,57,44.6,,,,,,,,,,,,,,,,,,,,,,,,,,,,57,30,30,,30,剛爆發,,False,False
ICE,Financials,Intercontinental Exchange,2025-09-03,172.92,-6.87,-2.62,3.08,-0.83,0.333,2836390,2479852,2979570,14.44,-28.73,3.02,P-V+,P-V-,P+V+,⚠️ 中期出貨,17.31,19.8,0.874,74,60,46,64.2,,,,,,,,,,,,,,,,,,,,,,,,,,,,58,30,30,,30,剛爆發,,False,False
PYPL,Financials,PayPal,2025-09-03,68.87,0.32,-1.82,-1.54,-1.15,0.333,9371890,10484035,10813203,-28.04,-5.91,2.12,P+V-,P-V-,P-V+,➡️ 中性,-6.35,30.13,-0.211,50,58,58,54.0,,,,,,,,,,,,,,,,,,,,,,,,,,,,59,30,30,,30,剛爆發,,False,False
PFG,Financials,Principal Financial Group,2025-09-03,76.75,4.39,4.17,-6.65,-1.19,0.667,1159735,1197860,1365884,-12.32,-21.91,9.08,P+V-,P+V-,P-V+,➡️ 中性,-3.06,25.14,-0.122,20,42,65,35.6,,,,,,,,,,,,,,,,,,,,,,,,,,,,60,30,30,,30,剛爆發,,False,False
CB,Financials,Chubb Limited,2025-09-03,276.54,3.19,-6.93,-0.59,-1.23,0.333,1566825,1803373,1813716,-30.18,-1.13,15.05,P+V-,P-V-,P-V+,➡️ 中性,-4.58,18.24,-0.251,31,67,56,46.8,,,,,,,,,,,,,,,,,,,,,,,,,,,,61,30,30,,30,剛爆發,,False,False
AMP,Financials,Ameriprise Financial,2025-09-03,500.55,-0.24,-0.26,-2.96,-1.6,0.0,394300,435926,486996,-9.92,-18.98,3.53,P-V-,P-V-,P-V+,😴 弱勢縮量,13.75,25.1,0.548,54,53,62,55.3,,,,,,,,,,,,,,,,,,,,,,,,,,,,62,30,30,,30,剛爆發,,False,False
MSCI,Financials,MSCI,2025-09-03,543.8,0.92,-1.92,-4.5,-2.5,0.333,578585,673350,617010,-42.02,20.1,29.17,P+V-,P-V+,P-V+,➡️ 中性,-3.08,23.09,-0.133,46,59,63,53.3,,,,,,,,,,,,,,,,,,,,,,,,,,,,63,30,30,,30,剛爆發,,False,False
AON,Financials,Aon plc,2025-09-03,372.17,2.84,-0.37,-7.04,-2.9,0.333,1259160,1336344,1392079,-7.62,-7.7,42.91,P+V-,P-V-,P-V+,➡️ 中性,6.03,20.88,0.289,35,55,66,47.2,,,,,,,,,,,,,,,,,,,,,,,,,,,,64,30,30,,30,剛爆發,,False,False
GPN,Financials,Global Payments,2025-09-03,85.64,1.43,16.19,-15.47,-3.33,0.667,2548870,2534427,3047545,9.93,-28.82,51.3,P+V+,P+V-,P-V+,➡️ 中性,-28.63,36.3,-0.789,42,21,72,41.7,,,,,,,,,,,,,,,,,,,,,,,,,,,,65,30,30,,30,剛爆發,,False,False
FIS,Financials,Fidelity National Information Services,2025-09-03,66.05,-2.45,-13.36,-0.49,-4.19,0.0,3846460,3144247,3649456,40.15,-24.32,15.86,P-V+,P-V-,P-V+,➡️ 中性,-10.71,27.87,-0.384,63,72,55,64.1,,,,,,,,,,,,,,,,,,,,,,,,,,,,66,30,30,,30,剛爆發,,False,False
AJG,Financials,Arthur J. Gallagher & Co.,2025-09-03,300.32,6.09,-12.75,-8.49,-5.91,0.333,1482400,1491596,1491072,-2.03,0.07,2.84,P+V-,P-V+,P-V+,➡️ 中性,-1.55,24.03,-0.064,15,71,67,42.2,-1.21,2.52,False,False,300.69,3.86,1.105,False,346.63,351.23,-13.36,1.17,6.27,12.0,8.0,1541150.0,1394275.0,1.5,1842600.0,1449250.0,1390453.0,1.325,96.07,55.57,空頭,頭頭低·底底低,,67,7,3,30.2,29,剛爆發,,False,False
CPAY,Financials,Corpay,2025-09-03,319.37,1.36,-0.84,-12.37,-6.06,0.333,498960,487600,497052,7.05,-3.73,5.08,P+V+,P-V-,P-V+,➡️ 中性,0.96,29.94,0.032,43,56,71,52.5,,,,,,,,,,,,,,,,,,,,,,,,,,,,68,30,30,,30,剛爆發,,False,False
JKHY,Financials,Jack Henry & Associates,2025-09-03,158.6,-3.1,-10.41,-5.37,-6.06,0.0,867470,604024,659253,80.16,-15.46,16.79,P-V+,P-V-,P-V+,➡️ 中性,-2.82,18.62,-0.152,65,69,64,66.0,,,,,,,,,,,,,,,,,,,,,,,,,,,,68,30,30,,30,剛爆發,,False,False
APO,Financials,Apollo Global Management,2025-09-03,130.47,-8.74,1.99,-9.39,-6.38,0.333,3377815,2982964,3668628,19.57,-31.49,-11.92,P-V+,P+V-,P-V-,➡️ 中性,26.92,35.65,0.755,76,49,68,66.3,,,,,,,,,,,,,,,,,,,,,,,,,,,,70,30,30,,30,剛爆發,,False,False
MRSH,Financials,Marsh McLennan,2025-09-03,201.14,0.67,-12.19,-11.83,-8.8,0.333,2065870,2376550,2292243,-25.32,7.64,23.81,P+V-,P-V+,P-V+,➡️ 中性,-10.54,17.82,-0.591,47,70,70,58.5,,,,,,,,,,,,,,,,,,,,,,,,,,,,71,30,30,,30,剛爆發,,False,False
PGR,Financials,Progressive Corporation,2025-09-03,231.67,-0.32,-14.52,-11.43,-9.43,0.0,2770325,3534221,3395896,-25.09,8.49,41.37,P-V-,P-V+,P-V+,➡️ 中性,-1.71,21.63,-0.079,55,73,69,63.2,,,,,,,,,,,,,,,,,,,,,,,,,,,,72,30,30,,30,剛爆發,,False,False
BRO,Financials,Brown & Brown,2025-09-03,94.38,3.97,-15.84,-17.97,-11.95,0.333,2642490,3809749,2844673,-27.8,102.69,98.35,P+V-,P-V+,P-V+,➡️ 中性,-12.44,21.16,-0.588,24,75,74,49.3,,,,,,,,,,,,,,,,,,,,,,,,,,,,73,30,30,,30,剛爆發,,False,False
ERIE,Financials,Erie Indemnity,2025-09-03,321.36,-8.56,-8.4,-18.36,-13.42,0.0,138950,144023,145943,-3.45,-2.6,-21.88,P-V-,P-V-,P-V-,🧊 熊市縮量,-28.86,30.69,-0.94,75,68,75,72.9,,,,,,,,,,,,,,,,,,,,,,,,,,,,74,30,30,,30,剛爆發,,False,False
FDS,Financials,FactSet,2025-09-03,364.28,-5.11,-18.55,-17.83,-14.83,0.0,423715,390798,352972,18.86,24.01,26.43,P-V+,P-V+,P-V+,📉 主力出貨,-7.73,21.4,-0.361,70,76,73,72.4,,,,,,,,,,,,,,,,,,,,,,,,,,,,75,30,30,,30,剛爆發,,False,False
FISV,Financials,Fiserv,2025-09-03,136.77,2.04,-15.57,-40.94,-23.85,0.333,4170030,5038060,4881613,-38.61,6.62,83.05,P+V-,P-V+,P-V+,➡️ 中性,-23.09,32.31,-0.715,40,74,76,57.4,,,,,,,,,,,,,,,,,,,,,,,,,,,,76,30,30,,30,剛爆發,,False,False
IDXX,Health Care,Idexx Laboratories,2025-09-03,633.95,1.56,23.14,43.74,28.05,1.0,471825,565364,707540,-38.72,-33.46,19.26,P+V-,P+V-,P+V+,⚠️ 頂部背離,33.37,30.27,1.102,45,4,1,23.9,9.97,4.07,False,True,586.1,4.02,1.043,False,688.12,688.12,-7.87,-1.21,-1.24,9.0,11.0,482877.0,462781.0,0.818,373500.0,392330.0,417106.0,0.895,79.3,54.59,多頭,頭頭高·底底高,空轉多預警,1,28,17,15.0,12,吃老本,,False,True
HUM,Health Care,Humana,2025-09-03,307.54,21.57,35.33,20.17,24.31,1.0,1389055,1660661,1707123,-30.24,-5.3,-15.94,P+V-,P+V-,P+V-,⚠️ 量能衰竭,-27.25,44.11,-0.618,4,1,5,3.3,6.86,14.97,False,True,253.57,9.62,1.355,False,372.32,382.72,-17.4,4.39,22.6,15.0,5.0,1486466.0,1096820.0,3.0,1739400.0,1291230.0,1379486.0,1.261,100.0,80.59,擴散,頭頭高·底底低,多頭確認,2,1,5,2.2,1,,,False,True
PODD,Health Care,Insulet Corporation,2025-09-03,343.53,23.88,5.7,28.62,21.71,1.0,699600,700535,795394,33.08,-21.31,29.85,P+V+,P+V-,P+V+,➡️ 中性,38.58,37.81,1.02,2,25,2,8.9,26.81,29.7,False,True,305.64,6.95,1.028,False,350.0,350.0,-1.85,3.53,22.25,14.0,6.0,705264.0,686383.0,2.333,595500.0,546140.0,575920.0,1.034,100.0,73.14,擴散,頭頭高·底底低,多頭確認,3,1,10,3.6,3,,,False,True
INCY,Health Care,Incyte,2025-09-03,86.96,11.99,33.15,18.83,20.7,1.0,1751080,1848290,1936841,3.59,-8.74,2.57,P+V+,P+V-,P+V+,➡️ 中性,18.37,38.27,0.48,9,2,8,6.7,6.59,12.32,False,True,75.84,5.37,1.045,False,87.99,87.99,-1.17,3.52,11.89,14.0,6.0,1774050.0,1697483.0,2.333,1986900.0,1612070.0,1772706.0,1.121,100.0,68.61,多頭,頭頭高·底底高,,4,1,7,3.4,2,,,False,True
VTRS,Health Care,Viatris,2025-09-03,10.19,21.94,22.78,14.99,18.68,1.0,9688100,10056336,13493293,33.26,-40.6,61.06,P+V+,P+V-,P+V+,➡️ 中性,-22.95,38.47,-0.597,3,5,11,5.2,11.55,1.64,False,True,9.18,5.61,1.502,False,12.6,13.55,-19.12,1.34,18.82,12.0,8.0,11182966.0,7445800.0,1.5,6268100.0,7271520.0,7915420.0,0.792,100.0,67.62,擴散,頭頭高·底底低,,5,1,23,7.0,5,,,False,True
HCA,Health Care,HCA Healthcare,2025-09-03,404.86,11.32,6.87,27.54,18.32,1.0,1081705,1363109,1496919,-32.99,-16.41,5.04,P+V-,P+V-,P+V+,⚠️ 頂部背離,-7.3,28.02,-0.26,10,24,3,12.8,8.21,12.09,False,True,375.71,3.25,1.054,False,411.72,417.14,-1.67,1.41,12.04,15.0,5.0,1095786.0,1039460.0,3.0,651700.0,1017680.0,1084966.0,0.601,100.0,67.64,擴散,頭頭高·底底低,,6,1,28,8.4,6,,,False,True
CVS,Health Care,CVS Health,2025-09-03,71.06,15.43,16.54,16.13,16.06,1.0,6045425,7304435,8800669,-35.63,-29.06,-28.14,P+V-,P+V-,P+V-,⚠️ 量能衰竭,15.87,40.73,0.39,7,9,10,8.2,23.85,34.49,False,True,63.96,5.73,1.061,False,72.24,74.53,-1.62,2.47,15.61,15.0,5.0,6133120.0,5782340.0,3.0,6700600.0,5992590.0,6281120.0,1.067,100.0,73.83,空頭,頭頭低·底底低,多轉空預警 / 多頭確認,7,1,9,5.0,4,剛爆發,,False,True
WST,Health Care,West Pharmaceutical Services,2025-09-03,248.18,4.92,18.99,12.06,12.01,1.0,516260,683958,794573,-41.73,-24.44,18.94,P+V-,P+V-,P+V+,⚠️ 頂部背離,-23.6,47.32,-0.499,27,8,13,18.5,19.71,15.28,False,True,235.08,3.31,1.104,False,350.15,352.33,-29.12,1.82,4.22,8.0,11.0,531300.0,481254.0,0.727,660900.0,499390.0,519940.0,1.271,83.49,57.56,收斂,頭頭低·底底高,多轉空預警,8,23,4,13.2,9,吃老本,,False,True
COR,Health Care,Cencora,2025-09-03,292.91,4.2,1.24,18.98,10.85,1.0,1414600,1259621,1568492,43.57,-32.9,12.26,P+V+,P+V-,P+V+,➡️ 中性,22.82,21.4,1.066,30,34,6,26.4,4.24,7.92,False,True,290.45,6.46,0.76,False,305.85,309.35,-4.23,1.88,1.14,11.0,9.0,1238800.0,1629466.0,1.222,1225300.0,1348970.0,1286626.0,0.952,83.07,53.76,多頭,頭頭高·底底高,空轉多預警,9,24,13,15.8,14,吃老本,,False,True
JNJ,Health Care,Johnson & Johnson,2025-09-03,174.08,5.11,15.38,10.45,10.35,1.0,8077805,8272658,8892113,-12.45,-13.03,17.39,P+V-,P+V-,P+V+,⚠️ 頂部背離,5.5,17.52,0.314,26,11,16,19.5,3.21,7.38,False,True,162.25,2.94,1.041,True,175.88,181.16,-1.02,0.86,5.02,13.0,7.0,8191361.0,7866914.0,1.857,7111700.0,7826650.0,8028180.0,0.886,99.43,69.23,多頭,頭頭高·底底高,,10,11,19,12.2,8,,,False,True
RMD,Health Care,ResMed|,2025-09-03,266.39,-3.81,10.55,16.9,10.13,0.667,996895,945763,1013907,-11.41,-12.6,7.15,P-V-,P+V-,P+V+,➡️ 中性,17.08,24.0,0.712,55,20,9,35.3,2.77,0.41,False,False,268.19,10.06,0.694,False,290.73,293.81,-8.37,-5.6,-5.34,7.0,13.0,774785.0,1116492.0,0.538,1804400.0,1055480.0,994946.0,1.814,64.78,38.69,多頭,頭頭高·底底高,,11,30,2,16.8,16,吃老本,,False,True
VEEV,Health Care,Veeva Systems,2025-09-03,270.95,-4.14,-2.76,22.61,9.58,0.333,1359205,1381349,1425210,9.32,-5.97,38.12,P-V+,P-V-,P+V+,⚠️ 中期出貨,30.04,33.81,0.888,57,44,4,42.5,4.75,12.98,False,False,282.12,11.24,0.795,False,296.72,296.72,-8.68,-5.44,-3.73,11.0,9.0,1217963.0,1531833.0,1.222,1316300.0,1754170.0,1480660.0,0.889,77.83,41.53,多頭,頭頭高·底底高,空轉多預警 / 空頭確認,12,29,18,20.0,20,吃老本,,False,True
LH,Health Care,Labcorp,2025-09-03,271.1,5.25,10.77,11.12,9.57,1.0,482105,673809,740980,-45.02,-16.62,32.88,P+V-,P+V-,P+V+,⚠️ 頂部背離,15.62,22.87,0.683,25,19,15,21.2,4.47,2.82,False,True,260.02,3.03,1.192,False,279.91,283.47,-3.15,-1.4,4.2,12.0,8.0,515383.0,432187.0,1.5,383600.0,438610.0,470446.0,0.815,95.33,56.44,收斂,頭頭低·底底高,多轉空預警 / 空轉多預警,13,16,22,16.0,15,,,False,True
EW,Health Care,Edwards Lifesciences,2025-09-03,81.22,3.32,3.99,13.75,8.71,1.0,3785640,4105638,4491608,-26.79,-15.83,-16.5,P+V-,P+V-,P+V-,⚠️ 量能衰竭,13.26,23.04,0.576,38,28,12,29.8,7.64,7.46,False,True,78.53,3.99,0.909,False,83.0,83.0,-2.14,-0.06,2.5,12.0,8.0,3639083.0,4005475.0,1.5,3396300.0,4112730.0,3941166.0,0.862,89.87,58.72,收斂,頭頭低·底底高,多轉空預警,14,21,21,18.2,18,吃老本,,False,True
IQV,Health Care,IQVIA,2025-09-03,184.62,4.02,32.72,-1.01,8.68,0.667,1201390,1978390,2072300,-50.17,-8.67,47.12,P+V-,P+V-,P-V+,➡️ 中性,-26.88,37.95,-0.708,32,3,28,22.5,1.43,2.57,False,True,177.96,6.31,1.005,False,252.88,252.88,-26.99,-1.67,0.38,11.0,9.0,1203945.0,1198266.0,1.222,1194100.0,1182480.0,1192980.0,1.001,85.47,49.56,收斂,頭頭低·底底高,多轉空預警 / 空頭確認,15,22,11,17.0,17,吃老本,,False,True
ZBH,Health Care,Zimmer Biomet,2025-09-03,103.95,15.24,15.59,1.43,8.42,1.0,1553790,1752761,2052875,-13.32,-25.51,27.19,P+V-,P+V-,P+V+,⚠️ 頂部背離,-19.54,27.06,-0.722,8,10,23,11.6,4.75,2.27,False,True,96.56,4.3,1.309,False,114.44,116.71,-9.17,-2.32,14.11,12.0,8.0,1715991.0,1310487.0,1.5,1110600.0,1224930.0,1236326.0,0.898,100.0,59.93,擴散,頭頭高·底底低,,16,1,15,9.8,7,剛爆發,,False,True
ABBV,Health Care,AbbVie,2025-09-03,205.49,7.93,14.28,5.19,8.15,1.0,4416075,5435741,6741767,-17.54,-32.46,18.41,P+V-,P+V-,P+V+,⚠️ 頂部背離,4.76,31.86,0.149,18,13,20,16.9,2.14,2.62,False,True,189.75,3.78,1.154,False,208.34,218.66,-1.37,1.68,6.7,11.0,8.0,4754718.0,4121225.0,1.375,3973500.0,4367790.0,4424113.0,0.898,95.51,71.87,多頭,頭頭高·底底高,,17,14,15,15.4,13,,,False,True
CAH,Health Care,Cardinal Health,2025-09-03,149.01,-3.86,-2.73,18.91,7.81,0.333,2771655,2289406,2438696,62.1,-11.54,14.7,P-V+,P-V-,P+V+,⚠️ 中期出貨,42.59,23.03,1.85,56,43,7,42.3,2.36,9.36,False,False,155.19,5.18,0.811,False,166.71,168.44,-10.62,2.08,-4.85,11.0,9.0,2508545.0,3093233.0,1.222,1652600.0,2492790.0,2527060.0,0.654,80.45,46.78,收斂,頭頭低·底底高,多轉空預警 / 空轉多預警,18,27,27,23.4,23,吃老本,,False,True
STE,Health Care,Steris,2025-09-03,239.77,9.61,0.39,10.43,7.72,1.0,516185,577943,625268,-24.14,-14.07,21.94,P+V-,P+V-,P+V+,⚠️ 頂部背離,-6.22,22.96,-0.271,15,36,17,21.7,3.37,5.44,False,True,233.57,5.04,1.317,False,249.66,252.79,-3.96,-2.46,8.3,11.0,9.0,578909.0,439522.0,1.222,534100.0,471000.0,451713.0,1.182,95.38,51.38,擴散,頭頭高·底底低,,19,15,6,14.8,11,,,False,True
CRL,Health Care,Charles River Laboratories,2025-09-03,162.33,7.98,20.21,-1.55,6.27,0.667,917470,862289,1278033,8.19,-49.09,62.6,P+V+,P+V-,P-V+,➡️ 中性,-15.3,53.33,-0.287,17,7,31,16.8,22.45,12.78,False,True,159.69,6.67,1.067,False,230.02,230.02,-29.43,-0.84,-3.08,13.0,7.0,938153.0,879057.0,1.857,713700.0,678730.0,809526.0,0.882,94.35,53.65,擴散,頭頭高·底底低,,20,17,20,18.8,19,,,False,True
A,Health Care,Agilent Technologies,2025-09-03,124.22,10.59,13.0,-1.05,5.37,0.667,1497645,1733841,2038977,-18.48,-26.03,23.27,P+V-,P+V-,P-V+,➡️ 中性,-18.99,29.66,-0.64,13,14,29,16.5,0.17,3.62,False,True,117.63,7.63,1.214,False,151.97,153.84,-18.26,5.85,8.99,11.0,9.0,1626772.0,1339822.0,1.222,2497300.0,1912450.0,1640493.0,1.522,97.32,62.68,收斂,頭頭低·底底高,多轉空預警 / 空轉多預警 / 多頭確認,21,13,3,14.2,10,剛爆發,🎯 潛在暴漲,True,True
BSX,Health Care,Boston Scientific,2025-09-03,107.53,4.45,3.23,6.68,5.26,1.0,6144960,7181889,7790366,-18.73,-14.49,36.03,P+V-,P+V-,P+V+,⚠️ 頂部背離,28.17,20.12,1.4,28,30,18,26.6,,,,,,,,,,,,,,,,,,,,,,,,,,,,22,31,31,,31,吃老本,,False,False
MDT,Health Care,Medtronic,2025-09-03,89.34,3.23,11.08,3.32,5.24,1.0,7385215,7551715,7692501,7.52,-3.59,17.14,P+V+,P+V-,P+V+,➡️ 中性,4.59,20.29,0.226,40,18,21,29.6,,,,,,,,,,,,,,,,,,,,,,,,,,,,23,31,31,,31,吃老本,,False,False
BIIB,Health Care,Biogen,2025-09-03,141.62,9.49,7.99,1.24,4.99,1.0,1459890,1402941,1590512,0.46,-21.1,15.24,P+V+,P+V-,P+V+,➡️ 中性,-35.1,28.09,-1.25,16,22,24,19.4,,,,,,,,,,,,,,,,,,,,,,,,,,,,24,31,31,,31,吃老本,,False,False
DGX,Health Care,Quest Diagnostics,2025-09-03,176.41,3.76,3.4,5.63,4.61,1.0,820105,1001056,1177317,-42.04,-26.04,38.3,P+V-,P+V-,P+V+,⚠️ 頂部背離,12.53,17.97,0.697,34,29,19,29.5,,,,,,,,,,,,,,,,,,,,,,,,,,,,25,31,31,,31,吃老本,,False,False
MTD,Health Care,Mettler Toledo,2025-09-03,1268.6,3.83,11.17,1.22,4.36,1.0,140000,155150,182289,-19.04,-25.92,46.47,P+V-,P+V-,P+V+,⚠️ 頂部背離,-13.56,30.69,-0.442,33,17,25,26.6,,,,,,,,,,,,,,,,,,,,,,,,,,,,26,31,31,,31,,,False,False
MCK,Health Care,McKesson Corporation,2025-09-03,688.13,-1.72,-4.17,11.64,4.35,0.333,945565,771253,923749,51.33,-28.34,4.0,P-V+,P-V-,P+V+,⚠️ 中期出貨,26.86,28.16,0.954,52,48,14,43.2,1.39,2.98,False,False,697.75,5.24,0.844,False,734.12,737.89,-6.26,1.64,-2.51,11.0,9.0,872772.0,1034533.0,1.222,420200.0,871200.0,777333.0,0.541,82.24,51.05,空頭,頭頭低·底底低,,27,26,29,27.0,29,,,False,True
TMO,Health Care,Thermo Fisher Scientific,2025-09-03,482.79,7.93,22.34,-7.22,3.96,0.667,1756115,2594909,2544307,-46.94,4.06,50.93,P+V-,P+V+,P-V+,➡️ 中性,-23.92,26.8,-0.893,18,6,39,18.6,2.55,0.94,False,True,453.53,4.77,1.141,False,623.56,627.88,-22.58,-0.8,3.89,11.0,9.0,1859654.0,1629566.0,1.222,1219100.0,1433000.0,1706140.0,0.715,90.31,54.97,多頭,頭頭高·底底高,,28,19,26,24.0,24,剛爆發,,False,True
GILD,Health Care,Gilead Sciences,2025-09-03,110.12,2.46,4.48,2.32,2.9,1.0,6167460,6877536,8303368,11.28,-29.31,20.97,P+V+,P+V-,P+V+,➡️ 中性,46.95,25.97,1.808,42,27,22,33.5,,,,,,,,,,,,,,,,,,,,,,,,,,,,29,31,31,,31,,,False,False
PFE,Health Care,Pfizer,2025-09-03,23.17,3.59,7.49,-1.54,2.0,0.667,38231515,40322780,46849817,-14.71,-24.46,23.45,P+V-,P+V-,P-V+,➡️ 中性,-8.7,24.12,-0.361,36,23,30,30.9,,,,,,,,,,,,,,,,,,,,,,,,,,,,30,31,31,,31,,,False,False
CI,Health Care,Cigna,2025-09-03,293.97,11.31,-4.15,0.16,1.87,0.667,1667015,1854647,1829136,-14.1,2.83,3.34,P+V-,P-V+,P+V+,⚠️ 頂部背離,-23.83,28.97,-0.823,11,47,27,25.0,0.65,6.17,False,True,292.44,4.5,1.1,False,357.79,370.83,-17.84,0.05,10.98,12.0,8.0,1729941.0,1572625.0,1.5,1514100.0,1473150.0,1632926.0,0.927,98.36,55.75,空頭,頭頭低·底底低,多轉空預警,31,12,14,20.0,20,剛爆發,,False,True
MRK,Health Care,Merck & Co.,2025-09-03,81.46,5.97,11.51,-5.32,1.71,0.667,10984205,13964621,15201730,-14.52,-15.05,28.3,P+V-,P+V-,P-V+,➡️ 中性,-29.49,25.33,-1.164,23,16,35,23.3,,,,,,,,,,,,,,,,,,,,,,,,,,,,32,31,31,,31,,,False,False
SYK,Health Care,Stryker Corporation,2025-09-03,384.64,3.63,2.24,0.36,1.65,1.0,1131700,1197646,1421113,-13.05,-27.18,16.18,P+V-,P+V-,P+V+,⚠️ 頂部背離,6.63,20.15,0.329,35,32,26,32.3,,,,,,,,,,,,,,,,,,,,,,,,,,,,33,31,31,,31,,,False,False
UHS,Health Care,Universal Health Services,2025-09-03,180.78,11.19,-2.99,-2.09,1.0,0.333,719285,910200,920165,-31.03,-2.14,37.7,P+V-,P-V-,P-V+,➡️ 中性,-30.51,34.86,-0.875,12,45,33,26.1,7.95,11.11,False,True,174.13,3.22,0.887,False,241.16,243.25,-25.04,0.18,10.36,11.0,9.0,680454.0,766744.0,1.222,520800.0,712040.0,711886.0,0.732,90.15,58.81,空頭,頭頭低·底底低,,34,20,25,26.6,28,剛爆發,,False,True
DHR,Health Care,Danaher Corporation,2025-09-03,197.98,2.19,5.56,-2.75,0.56,0.667,3065315,3827555,4029659,-34.65,-9.55,23.64,P+V-,P+V-,P-V+,➡️ 中性,-25.7,27.1,-0.948,43,26,34,36.1,,,,,,,,,,,,,,,,,,,,,,,,,,,,35,31,31,,31,,,False,False
ABT,Health Care,Abbott Laboratories,2025-09-03,129.19,0.95,-0.6,-1.83,-0.82,0.333,5324270,6285432,6792180,-32.17,-13.89,27.03,P+V-,P-V-,P-V+,➡️ 中性,17.6,18.83,0.934,47,38,32,41.3,,,,,,,,,,,,,,,,,,,,,,,,,,,,36,31,31,,31,,,False,False
BDX,Health Care,Becton Dickinson,2025-09-03,145.49,9.98,12.61,-14.52,-1.61,0.667,3103559,3488139,3536886,-20.63,-2.72,63.9,P+V-,P+V-,P-V+,➡️ 中性,-25.6,30.17,-0.848,14,15,44,20.3,8.16,2.12,False,True,140.95,8.49,1.256,False,191.33,198.11,-23.96,-2.3,7.19,11.0,9.0,3417355.0,2720030.0,1.222,4609092.0,2365703.0,2530160.0,1.822,93.72,49.51,多頭,頭頭高·底底高,空轉多預警,37,18,1,22.2,22,剛爆發,,False,True
DVA,Health Care,DaVita,2025-09-03,135.97,6.38,1.16,-7.34,-1.78,0.667,871130,820467,851765,18.34,-7.09,7.65,P+V+,P+V-,P-V+,➡️ 中性,-6.89,35.18,-0.196,21,35,40,29.0,,,,,,,,,,,,,,,,,,,,,,,,,,,,38,31,31,,31,剛爆發,,False,False
TECH,Health Care,Bio-Techne,2025-09-03,53.04,7.12,9.89,-12.61,-2.05,0.667,2202945,2148255,2247835,4.16,-8.48,125.19,P+V+,P+V-,P-V+,➡️ 中性,-25.87,38.28,-0.676,20,21,42,24.7,,,,,,,,,,,,,,,,,,,,,,,,,,,,39,31,31,,31,剛爆發,,False,False
AMGN,Health Care,Amgen,2025-09-03,276.19,0.52,-0.8,-5.6,-2.87,0.333,2017580,2243220,2689036,6.55,-28.44,-7.79,P+V+,P-V-,P-V-,🌱 底部剛翻多,-7.85,25.14,-0.312,48,39,36,42.9,,,,,,,,,,,,,,,,,,,,,,,,,,,,40,31,31,,31,剛爆發,,False,False
HSIC,Health Care,Henry Schein,2025-09-03,67.13,1.22,-3.49,-6.92,-4.03,0.333,1830830,1769504,1779589,-6.12,-1.13,6.89,P+V-,P-V-,P-V+,➡️ 中性,-8.11,31.22,-0.26,46,46,37,44.2,,,,,,,,,,,,,,,,,,,,,,,,,,,,41,31,31,,31,剛爆發,,False,False
ZTS,Health Care,Zoetis,2025-09-03,149.56,4.05,-9.73,-6.99,-4.91,0.333,2666255,3063555,2987653,-27.95,5.21,20.24,P+V-,P-V+,P-V+,➡️ 中性,-19.4,23.93,-0.811,31,51,38,38.4,,,,,,,,,,,,,,,,,,,,,,,,,,,,42,31,31,,31,剛爆發,,False,False
REGN,Health Care,Regeneron Pharmaceuticals,2025-09-03,560.92,1.72,15.05,-19.54,-5.58,0.667,977295,1092181,1155635,0.84,-10.41,46.99,P+V+,P+V-,P-V+,➡️ 中性,-51.76,37.48,-1.381,44,12,50,35.6,52.72,-3.03,False,True,555.51,8.18,1.112,False,1199.88,1211.2,-53.25,-4.06,-0.92,10.0,10.0,1029330.0,925260.0,1.0,1118500.0,1015690.0,998366.0,1.12,82.29,46.85,多頭,頭頭高·底底高,,43,25,8,28.8,30,剛爆發,,False,True
DXCM,Health Care,Dexcom,2025-09-03,78.92,3.3,-7.71,-10.12,-6.16,0.333,4020020,3666187,4018046,13.79,-16.1,2.34,P+V+,P-V-,P-V+,➡️ 中性,8.83,40.72,0.217,39,50,41,42.7,,,,,,,,,,,,,,,,,,,,,,,,,,,,44,31,31,,31,剛爆發,,False,False
BMY,Health Care,Bristol Myers Squibb,2025-09-03,45.32,5.98,-1.36,-17.27,-7.48,0.333,9902785,12593895,13724918,-28.9,-15.23,26.37,P+V-,P-V-,P-V+,➡️ 中性,-3.89,26.46,-0.147,22,41,46,32.5,,,,,,,,,,,,,,,,,,,,,,,,,,,,45,31,31,,31,剛爆發,,False,False
GEHC,Health Care,GE HealthCare,2025-09-03,72.24,3.46,3.23,-18.96,-7.81,0.667,3003060,3598576,4295563,-28.66,-27.92,43.84,P+V-,P+V-,P-V+,➡️ 中性,-16.46,30.38,-0.542,37,30,49,37.3,,,,,,,,,,,,,,,,,,,,,,,,,,,,46,31,31,,31,剛爆發,,False,False
ELV,Health Care,Elevance Health,2025-09-03,314.97,16.39,-14.33,-17.44,-8.2,0.333,2131785,2341275,2064802,-34.85,30.92,28.15,P+V-,P-V+,P-V+,➡️ 中性,-49.58,32.73,-1.515,6,54,47,28.6,-0.91,4.3,False,True,309.89,6.46,1.288,False,546.95,567.26,-42.41,3.73,16.35,11.0,9.0,2369972.0,1840666.0,1.222,1645600.0,1914010.0,2155573.0,0.763,100.0,60.39,擴散,頭頭高·底底低,,47,1,24,24.0,24,剛爆發,,False,False
SOLV,Health Care,Solventum,2025-09-03,71.4,-1.61,-2.35,-14.43,-8.21,0.0,1367825,925175,1105224,132.86,-28.02,8.87,P-V+,P-V-,P-V+,➡️ 中性,12.98,29.13,0.446,51,42,43,46.7,,,,,,,,,,,,,,,,,,,,,,,,,,,,48,31,31,,31,剛爆發,,False,False
LLY,Health Care,Lilly (Eli),2025-09-03,733.21,-0.93,-1.03,-18.14,-9.56,0.0,6702585,4340530,4262426,87.1,3.73,21.34,P-V+,P-V+,P-V+,📉 主力出貨,-19.78,39.38,-0.502,49,40,48,46.1,,,,,,,,,,,,,,,,,,,,,,,,,,,,49,31,31,,31,剛爆發,,False,False
UNH,Health Care,UnitedHealth Group,2025-09-03,299.85,25.27,1.75,-33.54,-10.02,0.667,17858775,15986416,15028546,-2.93,13.62,255.44,P+V-,P+V+,P-V+,➡️ 中性,-56.67,48.01,-1.18,1,33,58,22.0,-8.23,-1.28,False,True,280.86,6.13,1.456,False,605.03,630.73,-50.44,2.48,22.66,10.0,10.0,21175350.0,14542200.0,1.0,9654600.0,12408320.0,19914813.0,0.485,100.0,61.17,收斂,頭頭低·底底高,多轉空預警 / 空轉多預警,50,1,30,26.4,26,剛爆發,,False,False
VRTX,Health Care,Vertex Pharmaceuticals,2025-09-03,396.62,2.84,-10.96,-16.41,-10.23,0.333,2060650,1633095,1685768,24.71,-6.06,24.77,P+V+,P-V-,P-V+,➡️ 中性,-24.38,36.26,-0.672,41,52,45,45.1,,,,,,,,,,,,,,,,,,,,,,,,,,,,51,31,31,,31,剛爆發,,False,False
COO,Health Care,Cooper Companies (The),2025-09-03,67.14,-1.44,0.21,-25.29,-12.95,0.333,2930715,2795024,2522191,32.2,24.26,89.2,P-V+,P+V+,P-V+,➡️ 中性,-34.21,35.42,-0.966,50,37,55,47.1,,,,,,,,,,,,,,,,,,,,,,,,,,,,52,31,31,,31,剛爆發,,False,False
WAT,Health Care,Waters Corporation,2025-09-03,290.06,4.44,-15.6,-22.25,-13.91,0.333,609365,755541,656978,-51.89,35.3,48.5,P+V-,P-V+,P-V+,➡️ 中性,-18.81,37.8,-0.498,29,55,52,41.4,,,,,,,,,,,,,,,,,,,,,,,,,,,,53,31,31,,31,剛爆發,,False,False
RVTY,Health Care,Revvity,2025-09-03,83.13,-2.96,-6.6,-24.42,-14.6,0.0,1175330,1247850,1268903,-24.94,-3.26,54.65,P-V-,P-V-,P-V+,😴 弱勢縮量,-27.44,27.26,-1.007,53,49,54,52.0,,,,,,,,,,,,,,,,,,,,,,,,,,,,54,31,31,,31,剛爆發,,False,False
MRNA,Health Care,Moderna,2025-09-03,24.05,-9.96,-11.09,-22.64,-16.58,0.0,9499350,9349864,10149377,13.41,-14.6,18.35,P-V+,P-V-,P-V+,➡️ 中性,-64.51,64.67,-0.997,59,53,53,56.0,,,,,,,,,,,,,,,,,,,,,,,,,,,,55,31,31,,31,剛爆發,,False,False
ISRG,Health Care,Intuitive Surgical,2025-09-03,441.18,-6.94,-20.26,-21.74,-17.67,0.0,1977825,1959500,2090152,-12.55,-11.77,50.99,P-V-,P-V-,P-V+,😴 弱勢縮量,-3.17,28.3,-0.112,58,57,51,56.3,,,,,,,,,,,,,,,,,,,,,,,,,,,,56,31,31,,31,剛爆發,,False,False
BAX,Health Care,Baxter International,2025-09-03,23.49,5.36,-19.78,-31.76,-19.48,0.333,7408810,6556198,5464541,-21.15,49.93,27.6,P+V-,P-V+,P-V+,➡️ 中性,-38.86,35.69,-1.089,24,56,57,40.2,,,,,,,,,,,,,,,,,,,,,,,,,,,,57,31,31,,31,剛爆發,,False,False
ALGN,Health Care,Align Technology,2025-09-03,132.35,-3.32,-25.86,-28.76,-21.67,0.0,1463370,1422435,1331156,-30.6,14.72,72.7,P-V-,P-V+,P-V+,➡️ 中性,-41.13,49.19,-0.836,54,58,56,55.6,,,,,,,,,,,,,,,,,,,,,,,,,,,,58,31,31,,31,剛爆發,,False,False
CNC,Health Care,Centene Corporation,2025-09-03,30.06,19.24,-45.26,-48.34,-30.68,0.333,12593925,14951070,9943699,-43.65,202.88,89.07,P+V-,P-V+,P-V+,➡️ 中性,-67.16,52.85,-1.271,5,59,59,32.0,-177.27,15.27,False,False,31.71,6.25,1.16,False,80.59,80.59,-62.7,4.88,16.11,13.0,7.0,13232146.0,11408657.0,1.857,11693700.0,10411220.0,12056146.0,0.97,100.0,53.79,空頭,頭頭低·底底低,多轉空預警,59,1,12,26.4,26,剛爆發,,False,False
FIX,Industrials,Comfort Systems USA,2025-09-03,699.26,1.56,46.98,97.05,60.66,1.0,371405,383675,440272,-15.47,-22.78,14.63,P+V-,P+V-,P+V+,⚠️ 頂部背離,96.18,55.87,1.721,29,1,1,15.0,35.05,28.12,False,True,624.56,10.97,0.753,False,731.3,733.25,-4.38,-0.95,1.41,10.0,10.0,319080.0,423730.0,1.0,320600.0,371900.0,390800.0,0.82,78.64,58.53,多頭,頭頭高·底底高,,1,23,19,13.4,12,吃老本,,False,True
GEV,Industrials,GE Vernova,2025-09-03,575.73,-13.17,18.99,77.07,39.99,0.667,2621530,2880949,3415907,-10.42,-27.08,9.32,P-V-,P+V-,P+V+,➡️ 中性,223.87,46.36,4.83,80,17,2,45.5,13.44,49.13,False,False,590.94,13.43,0.779,False,675.76,677.29,-14.8,-7.81,-11.19,10.0,10.0,2295090.0,2947970.0,1.0,3657500.0,2900000.0,2861073.0,1.278,68.79,39.08,多頭,頭頭高·底底高,空頭確認,2,29,2,12.8,9,吃老本,,False,True
URI,Industrials,United Rentals,2025-09-03,937.6,9.97,37.03,49.95,36.73,1.0,486285,546123,626280,-27.54,-22.69,15.53,P+V-,P+V-,P+V+,⚠️ 頂部背離,17.77,36.45,0.487,3,3,5,3.4,-0.62,0.53,False,True,846.46,8.36,1.081,False,957.18,965.0,-2.05,0.17,9.23,13.0,7.0,499361.0,462000.0,1.857,523600.0,538910.0,496813.0,1.054,100.0,64.63,多頭,頭頭高·底底高,多頭確認,3,1,6,2.8,1,,,False,False
EME,Industrials,Emcor,2025-09-03,626.04,0.81,33.65,55.94,36.58,1.0,295950,387426,462606,-24.49,-27.96,13.2,P+V-,P+V-,P+V+,⚠️ 頂部背離,59.35,40.37,1.47,39,5,4,21.8,17.42,16.97,False,True,586.41,7.28,1.155,False,666.32,667.64,-6.05,1.36,0.36,9.0,11.0,319588.0,276609.0,0.818,303200.0,310390.0,295446.0,1.026,83.26,60.77,空頭,頭頭低·底底低,多轉空預警,4,17,8,10.0,5,吃老本,,False,True
HII,Industrials,Huntington Ingalls Industries,2025-09-03,264.93,1.18,21.48,57.46,34.4,1.0,394540,471064,606462,-23.02,-36.5,12.1,P+V-,P+V-,P+V+,⚠️ 頂部背離,-2.19,37.54,-0.058,37,13,3,23.0,12.53,34.99,False,True,255.01,5.49,0.909,False,286.93,293.14,-7.67,-0.4,-0.1,9.0,11.0,373900.0,411427.0,0.818,456400.0,392520.0,386933.0,1.18,77.96,55.95,多頭,頭頭高·底底高,,5,26,3,13.0,10,吃老本,,False,True
CHRW,Industrials,C.H. Robinson,2025-09-03,126.24,9.39,34.86,31.45,26.79,1.0,1477945,1301161,1407841,-0.53,-14.09,17.97,P+V-,P+V-,P+V+,⚠️ 頂部背離,15.2,34.5,0.44,5,4,16,6.9,11.61,11.38,False,True,107.38,8.31,1.141,False,128.57,131.17,-1.81,1.49,10.72,14.0,6.0,1534878.0,1345100.0,2.333,1001500.0,1669870.0,1573880.0,0.636,100.0,75.84,多頭,頭頭高·底底高,多頭確認,6,1,27,8.2,4,,,False,True
LDOS,Industrials,Leidos,2025-09-03,175.86,1.85,25.79,37.83,25.83,1.0,774155,944586,1266754,-1.77,-40.55,3.89,P+V-,P+V-,P+V+,⚠️ 頂部背離,10.29,33.25,0.309,26,10,8,17.6,20.83,18.73,False,True,166.7,3.9,1.244,False,199.13,202.9,-11.68,-2.54,2.76,13.0,7.0,831153.0,668300.0,1.857,615500.0,613350.0,669353.0,0.92,100.0,55.8,擴散,頭頭高·底底低,,7,1,15,6.2,2,剛爆發,,False,True
FAST,Industrials,Fastenal,2025-09-03,48.47,5.86,21.62,35.03,24.38,1.0,5417060,6003823,6670663,-24.87,-18.18,23.27,P+V-,P+V-,P+V+,⚠️ 頂部背離,35.92,24.12,1.49,10,12,11,10.8,8.33,0.05,False,True,45.33,3.63,1.021,False,49.55,50.63,-2.19,-0.88,8.98,11.0,9.0,5467163.0,5355822.0,1.222,3729600.0,5117900.0,5241393.0,0.712,91.23,60.18,多頭,頭頭高·底底高,,8,10,23,11.8,7,,,False,True
FERG,Industrials,Ferguson Enterprises,2025-09-03,225.6,3.15,28.02,32.38,23.98,1.0,1138995,1436475,1735232,-6.98,-29.38,8.16,P+V-,P+V-,P+V+,⚠️ 頂部背離,11.9,34.15,0.348,20,8,15,15.4,23.98,-4.76,False,True,220.9,5.37,1.095,False,233.68,238.16,-3.46,-1.71,1.66,9.0,11.0,1196200.0,1092190.0,0.818,1141600.0,1127310.0,1167753.0,0.978,81.75,53.21,多頭,頭頭高·底底高,,9,20,9,13.4,12,吃老本,,False,True
PWR,Industrials,Quanta Services,2025-09-03,374.09,-3.38,8.39,44.51,23.51,0.667,889535,1094146,1294627,-28.92,-26.82,22.01,P-V-,P+V-,P+V+,➡️ 中性,41.61,35.83,1.161,68,37,6,46.3,1.43,6.92,False,False,386.95,5.66,1.041,False,424.58,424.94,-11.89,-2.48,-3.78,7.0,13.0,913114.0,876838.0,0.538,761100.0,801430.0,903000.0,0.843,73.04,41.49,多頭,頭頭高·底底高,,10,27,17,18.2,18,吃老本,,False,True
GNRC,Industrials,Generac,2025-09-03,175.14,-9.68,45.18,28.55,23.15,0.667,832100,1041529,951708,-34.47,20.84,17.59,P-V-,P+V+,P+V+,➡️ 中性,26.03,42.64,0.611,77,2,19,42.9,24.58,30.39,False,True,170.61,12.93,0.978,False,203.25,203.25,-13.83,-7.49,-11.22,7.0,13.0,820214.0,838500.0,0.538,793500.0,817550.0,840266.0,0.944,65.47,39.89,多頭,頭頭高·底底高,,11,30,13,19.0,19,吃老本,,False,True
ALLE,Industrials,Allegion,2025-09-03,166.37,1.95,20.73,32.66,22.0,1.0,772800,923069,996230,-32.39,-13.68,24.54,P+V-,P+V-,P+V+,⚠️ 頂部背離,20.88,21.51,0.971,25,15,14,19.8,2.67,11.19,False,True,157.94,3.68,1.096,False,171.59,172.95,-3.04,-2.24,1.38,8.0,12.0,815625.0,744250.0,0.667,635900.0,761410.0,767886.0,0.828,79.11,54.52,多頭,頭頭高·底底高,多頭確認,12,22,18,17.2,17,吃老本,,False,True
GE,Industrials,GE Aerospace,2025-09-03,274.54,1.34,11.66,37.44,21.97,1.0,4107460,6047901,6100960,-35.61,-1.72,26.15,P+V-,P+V-,P+V+,⚠️ 頂部背離,56.84,28.75,1.977,33,30,9,27.3,15.97,17.51,False,True,263.28,4.97,0.834,False,280.08,281.5,-1.98,0.73,1.4,13.0,7.0,3839915.0,4604328.0,1.857,4120400.0,4067800.0,4270966.0,0.965,93.58,60.77,多頭,頭頭高·底底高,,13,7,10,10.0,5,剛爆發,,False,True
LHX,Industrials,L3Harris,2025-09-03,267.47,-1.36,12.87,34.68,20.22,0.667,1150335,1272129,1429011,-14.3,-19.78,48.98,P-V-,P+V-,P+V+,➡️ 中性,19.95,20.35,0.98,56,28,12,38.8,11.34,4.0,False,True,261.56,2.72,0.872,False,274.73,280.52,-2.64,-1.64,-1.84,10.0,10.0,1071700.0,1228970.0,1.0,1119700.0,1017860.0,1063500.0,1.053,78.5,51.79,收斂,頭頭低·底底高,多轉空預警,14,24,7,16.6,14,吃老本,,False,True
BA,Industrials,Boeing,2025-09-03,232.38,3.26,9.89,33.68,20.13,1.0,5966595,7584723,8431220,-25.88,-18.25,-19.78,P+V-,P+V-,P+V-,⚠️ 量能衰竭,29.42,34.95,0.842,18,33,13,21.5,2.35,62.39,False,True,225.69,6.35,0.938,False,242.69,242.69,-4.25,-1.04,3.34,12.0,8.0,5812916.0,6197112.0,1.5,5999000.0,5807700.0,6258446.0,0.959,90.5,53.54,收斂,頭頭低·底底高,多轉空預警,15,11,11,12.6,8,,,False,True
UAL,Industrials,United Airlines Holdings,2025-09-03,106.16,19.46,30.69,15.18,20.13,1.0,4781035,6578098,8176140,-41.94,-32.7,22.81,P+V-,P+V-,P+V+,⚠️ 頂部背離,99.05,49.44,2.003,1,6,31,8.5,1.47,23.79,False,True,91.4,12.64,1.311,False,116.0,116.0,-8.48,1.95,21.1,12.0,8.0,5282841.0,4028325.0,1.5,5783900.0,4380630.0,4513046.0,1.282,100.0,69.56,空頭,頭頭低·底底低,多轉空預警 / 多頭確認,15,1,1,6.6,3,剛爆發,,False,True
GD,Industrials,General Dynamics,2025-09-03,317.21,2.48,17.68,29.67,19.87,1.0,860405,1111547,1314286,-33.58,-26.73,-9.57,P+V-,P+V-,P+V-,⚠️ 量能衰竭,7.01,20.18,0.347,22,19,18,20.3,,,,,,,,,,,,,,,,,,,,,,,,,,,,17,32,32,,32,吃老本,,False,False
VRT,Industrials,Vertiv,2025-09-03,125.45,-10.13,15.02,36.01,19.23,0.667,5915010,6995678,8566642,-33.76,-30.99,10.07,P-V-,P+V-,P+V+,➡️ 中性,67.35,62.09,1.085,79,23,10,48.4,13.89,3.92,False,False,130.85,11.99,0.798,False,155.55,155.84,-19.35,-1.83,-9.49,9.0,11.0,5190855.0,6507500.0,0.818,4081900.0,6001730.0,6325953.0,0.645,69.81,43.1,空頭,頭頭低·底底低,多轉空預警,18,28,26,23.6,23,吃老本,,False,True
NOC,Industrials,Northrop Grumman,2025-09-03,571.69,-1.02,20.67,27.99,18.91,0.667,660465,766675,971871,-22.91,-34.87,28.35,P-V-,P+V-,P+V+,➡️ 中性,14.74,25.63,0.575,49,16,20,33.3,,,,,,,,,,,,,,,,,,,,,,,,,,,,19,32,32,,32,吃老本,,False,False
UBER,Industrials,Uber,2025-09-03,92.94,4.17,11.12,25.24,16.44,1.0,17417230,18633441,19836994,5.17,-11.44,-9.43,P+V+,P+V-,P+V-,➡️ 中性,22.23,41.56,0.535,15,32,22,21.5,1.05,65.04,False,True,92.34,6.44,0.852,False,97.71,97.71,-4.89,-3.72,3.97,12.0,8.0,16283708.0,19117512.0,1.5,12052200.0,13937940.0,14950813.0,0.806,88.3,50.13,擴散,頭頭高·底底低,,20,12,21,17.0,16,剛爆發,,False,True
CAT,Industrials,Caterpillar Inc.,2025-09-03,411.42,-2.95,20.88,23.13,16.05,0.667,3003785,2764161,2849890,3.44,-5.84,26.25,P-V+,P+V-,P+V+,⚠️ 中期出貨,23.87,30.03,0.795,65,14,23,41.3,-3.73,-2.19,False,True,409.78,6.42,1.144,False,437.21,441.15,-5.9,-3.74,-4.4,9.0,11.0,3226755.0,2821354.0,0.818,1496700.0,2612230.0,2935833.0,0.51,78.15,46.57,收斂,頭頭低·底底高,多轉空預警,21,25,31,24.6,24,,,False,False
RTX,Industrials,RTX Corporation,2025-09-03,155.8,1.96,15.53,22.29,15.52,1.0,3654555,4978118,5291590,-26.55,-11.19,9.57,P+V-,P+V-,P+V+,⚠️ 頂部背離,28.72,17.71,1.622,24,22,24,23.4,,,,,,,,,,,,,,,,,,,,,,,,,,,,22,32,32,,32,吃老本,,False,False
HWM,Industrials,Howmet Aerospace,2025-09-03,174.13,-4.09,1.13,30.95,14.74,0.667,2238380,3052567,3063442,-24.01,-0.71,27.6,P-V-,P+V-,P+V+,➡️ 中性,85.91,30.74,2.795,70,54,17,54.6,,,,,,,,,,,,,,,,,,,,,,,,,,,,23,32,32,,32,吃老本,,False,False
JCI,Industrials,Johnson Controls,2025-09-03,104.73,0.64,5.31,26.05,14.51,1.0,5122455,4839100,4823963,5.59,0.63,23.72,P+V+,P+V+,P+V+,⭐⭐⭐ 完美多頭,46.47,27.92,1.664,41,43,21,37.6,,,,,,,,,,,,,,,,,,,,,,,,,,,,24,32,32,,32,吃老本,,False,False
AXON,Industrials,Axon Enterprise,2025-09-03,725.29,-16.02,-4.39,38.03,13.92,0.333,601860,626463,663896,-17.88,-10.68,-14.24,P-V-,P-V-,P+V-,⚠️ 主升段結束,137.59,50.66,2.716,81,59,7,59.6,45.01,10.25,False,False,769.94,10.68,0.756,False,885.92,885.92,-18.13,-5.69,-16.36,9.0,11.0,511066.0,676145.0,0.818,635200.0,448110.0,547586.0,1.16,63.41,39.81,多頭,頭頭高·底底高,空轉多預警 / 空頭確認,25,31,4,23.2,22,吃老本,,False,True
PH,Industrials,Parker Hannifin,2025-09-03,742.35,7.63,13.63,14.87,12.75,1.0,755165,635616,773590,39.57,-30.27,29.16,P+V+,P+V-,P+V+,➡️ 中性,20.01,29.05,0.689,7,26,33,17.9,8.57,3.26,False,True,718.31,5.78,0.986,False,765.1,773.3,-2.97,-1.48,4.96,10.0,10.0,749680.0,760650.0,1.0,389000.0,634240.0,653106.0,0.596,84.63,54.68,擴散,頭頭高·底底低,,26,15,29,22.2,20,剛爆發,,False,True
ROK,Industrials,Rockwell Automation,2025-09-03,334.19,3.44,7.15,20.07,12.68,1.0,1052320,905210,968911,25.16,-12.34,19.81,P+V+,P+V-,P+V+,➡️ 中性,28.89,34.0,0.85,17,41,25,25.8,,,,,,,,,,,,,,,,,,,,,,,,,,,,27,32,32,,32,,,False,False
HUBB,Industrials,Hubbell Incorporated,2025-09-03,423.63,1.54,12.78,17.27,12.22,1.0,424228,518006,615459,-33.07,-27.34,34.58,P+V-,P+V-,P+V+,⚠️ 頂部背離,7.99,29.78,0.268,30,29,28,29.3,,,,,,,,,,,,,,,,,,,,,,,,,,,,28,32,32,,32,,,False,False
DAL,Industrials,Delta Air Lines,2025-09-03,60.61,13.21,26.77,3.21,11.6,1.0,6973030,9236527,11108726,-37.58,-28.85,35.04,P+V-,P+V-,P+V+,⚠️ 頂部背離,25.91,43.37,0.597,2,9,46,12.9,1.89,19.14,False,True,54.79,10.4,1.487,False,68.61,69.98,-11.67,0.2,15.89,11.0,9.0,8178418.0,5499777.0,1.222,7237400.0,6335230.0,6588000.0,1.099,100.0,61.69,多頭,頭頭高·底底高,空轉多預警 / 多頭確認,29,1,5,13.0,10,剛爆發,,False,True
CMI,Industrials,Cummins,2025-09-03,386.48,3.26,24.24,8.85,11.3,1.0,795690,825038,884716,-21.08,-12.64,28.77,P+V-,P+V-,P+V+,⚠️ 頂部背離,21.15,27.53,0.768,18,11,37,19.7,24.69,22.97,False,True,359.31,4.15,1.139,False,400.45,408.38,-3.49,-1.59,5.6,12.0,8.0,836525.0,734437.0,1.5,680500.0,672540.0,713233.0,0.954,95.16,56.01,多頭,頭頭高·底底高,,30,6,12,16.8,15,剛爆發,,False,True
NSC,Industrials,Norfolk Southern,2025-09-03,273.37,-1.68,13.98,16.14,11.14,0.667,2074205,2090478,1718126,-33.71,55.34,43.78,P-V-,P+V+,P+V+,➡️ 中性,11.66,26.57,0.439,57,25,29,41.8,,,,,,,,,,,,,,,,,,,,,,,,,,,,31,32,32,,32,,,False,False
PNR,Industrials,Pentair,2025-09-03,105.55,4.18,8.71,15.53,10.99,1.0,1218075,1492924,1584456,-41.76,-10.92,18.91,P+V-,P+V-,P+V+,⚠️ 頂部背離,18.72,27.42,0.683,14,35,30,23.5,4.01,9.74,False,True,103.65,5.35,1.277,False,108.66,110.71,-2.86,-2.13,2.5,10.0,10.0,1366180.0,1069970.0,1.0,934800.0,1106590.0,1166286.0,0.802,87.99,52.87,多頭,頭頭高·底底高,,32,13,22,22.4,21,剛爆發,,False,True
J,Industrials,Jacobs Solutions,2025-09-03,141.86,-2.22,15.75,14.97,10.87,0.667,630460,668149,806982,-15.43,-29.36,-1.5,P-V-,P+V-,P+V-,➡️ 中性,17.18,24.19,0.71,59,21,32,42.2,,,,,,,,,,,,,,,,,,,,,,,,,,,,33,32,32,,32,,,False,False
ETN,Industrials,Eaton Corporation,2025-09-03,339.21,-3.96,7.88,19.31,10.64,0.667,2165950,2255558,2809741,-12.78,-32.95,19.15,P-V-,P+V-,P+V+,➡️ 中性,17.29,31.23,0.554,69,40,26,51.7,,,,,,,,,,,,,,,,,,,,,,,,,,,,34,32,32,,32,,,False,False
AOS,Industrials,A. O. Smith,2025-09-03,69.25,0.33,12.89,8.42,7.52,1.0,1012925,1433229,1540818,-40.52,-13.05,37.58,P+V-,P+V-,P+V+,⚠️ 頂部背離,-14.36,23.46,-0.612,43,27,39,37.4,,,,,,,,,,,,,,,,,,,,,,,,,,,,35,32,32,,32,,,False,False
BLDR,Industrials,Builders FirstSource,2025-09-03,136.33,4.28,29.06,-2.03,7.32,0.667,1974445,2215721,2039476,-11.16,18.92,38.57,P+V-,P+V+,P-V+,➡️ 中性,-23.59,42.81,-0.551,13,7,61,20.8,1.57,6.36,False,True,131.34,10.67,1.359,False,203.14,203.14,-32.89,-4.44,2.54,8.0,12.0,2345887.0,1726816.0,0.667,1385800.0,2007760.0,1999600.0,0.693,83.52,50.98,多頭,頭頭高·底底高,空轉多預警,36,16,24,25.6,25,剛爆發,,False,True
TT,Industrials,Trane Technologies,2025-09-03,404.52,-4.38,-4.92,19.19,7.27,0.333,1104565,1222978,1416366,-16.92,-24.03,15.46,P-V-,P-V-,P+V+,😴 弱勢縮量,19.68,27.45,0.717,71,62,27,59.5,,,,,,,,,,,,,,,,,,,,,,,,,,,,37,32,32,,32,,,False,False
TXT,Industrials,Textron,2025-09-03,79.63,2.88,8.42,8.86,7.26,1.0,1212540,1539436,1562974,-38.46,-2.97,37.93,P+V-,P+V-,P+V+,⚠️ 頂部背離,-14.15,27.24,-0.519,21,36,36,28.5,,,,,,,,,,,,,,,,,,,,,,,,,,,,38,32,32,,32,剛爆發,,False,False
XYL,Industrials,Xylem Inc.,2025-09-03,137.77,-2.46,11.45,9.13,6.81,0.667,1049855,1168975,1477649,-8.46,-34.56,13.46,P-V-,P+V-,P+V+,➡️ 中性,5.37,24.07,0.223,61,31,35,46.8,,,,,,,,,,,,,,,,,,,,,,,,,,,,39,32,32,,32,剛爆發,,False,False
EMR,Industrials,Emerson Electric,2025-09-03,127.5,-2.93,9.38,8.82,6.02,0.667,3406130,3156835,3236613,12.69,-4.81,12.68,P-V+,P+V-,P+V+,⚠️ 中期出貨,35.09,30.84,1.138,64,34,38,49.8,,,,,,,,,,,,,,,,,,,,,,,,,,,,40,32,32,,32,剛爆發,,False,False
NDSN,Industrials,Nordson Corporation,2025-09-03,219.09,5.13,5.0,6.74,5.9,1.0,383735,396155,390073,15.78,3.17,34.49,P+V+,P+V+,P+V+,⭐⭐⭐ 完美多頭,-15.66,29.43,-0.532,11,45,41,27.2,3.54,2.6,False,True,215.15,10.07,1.575,False,260.49,266.86,-15.89,-1.94,3.73,9.0,11.0,480177.0,304827.0,0.818,258000.0,505260.0,424013.0,0.608,91.31,53.78,擴散,頭頭高·底底低,,41,9,28,25.6,25,剛爆發,,False,True
LUV,Industrials,Southwest Airlines,2025-09-03,31.76,9.43,-1.24,7.35,5.72,0.667,6878305,10469107,12220617,-49.75,-25.07,53.29,P+V-,P-V-,P+V+,⚠️ 頂部背離,5.87,41.2,0.142,4,57,40,27.1,-16.17,32.18,False,False,32.14,9.51,1.204,False,37.09,37.96,-14.35,-2.66,8.66,8.0,12.0,7657912.0,6358566.0,0.667,4369700.0,6028810.0,6344873.0,0.689,85.21,52.57,擴散,頭頭高·底底低,,42,14,25,27.4,27,剛爆發,,False,False
MAS,Industrials,Masco,2025-09-03,71.01,4.8,18.47,-2.27,4.68,0.667,2070570,2236453,2344429,-15.95,-8.81,65.36,P+V-,P+V-,P-V+,➡️ 中性,-10.95,26.97,-0.406,12,18,62,23.8,20.71,-4.81,False,True,67.4,6.63,1.31,False,83.67,86.7,-15.13,-2.6,3.85,6.0,14.0,2482116.0,1894192.0,0.429,1149100.0,1904090.0,1979166.0,0.581,80.63,53.51,多頭,頭頭高·底底高,,43,21,30,31.6,30,剛爆發,,False,True
EXPD,Industrials,Expeditors International,2025-09-03,119.15,1.41,8.26,3.57,4.2,1.0,1156660,1197821,1414822,-14.83,-26.6,32.25,P+V-,P+V-,P+V+,⚠️ 頂部背離,-4.53,22.01,-0.206,32,39,45,36.7,,,,,,,,,,,,,,,,,,,,,,,,,,,,44,32,32,,32,剛爆發,,False,False
VLTO,Industrials,Veralto,2025-09-03,104.51,-2.24,4.89,6.2,3.76,0.667,922830,1136986,1305263,-32.38,-22.84,-9.61,P-V-,P+V-,P+V-,➡️ 中性,-4.83,18.76,-0.257,60,46,42,52.2,,,,,,,,,,,,,,,,,,,,,,,,,,,,45,32,32,,32,剛爆發,,False,False
ROL,Industrials,"Rollins, Inc.",2025-09-03,55.49,-3.21,-3.62,10.16,3.37,0.333,1340020,1581404,1870741,-22.4,-26.79,17.33,P-V-,P-V-,P+V+,😴 弱勢縮量,16.91,17.99,0.94,67,58,34,57.7,,,,,,,,,,,,,,,,,,,,,,,,,,,,46,32,32,,32,剛爆發,,False,False
ITW,Industrials,Illinois Tool Works,2025-09-03,254.81,1.45,8.32,1.26,3.07,1.0,906945,943270,1107913,-10.5,-25.88,27.26,P+V-,P+V-,P+V+,⚠️ 頂部背離,3.56,18.7,0.19,31,38,52,37.3,,,,,,,,,,,,,,,,,,,,,,,,,,,,47,32,32,,32,剛爆發,,False,False
DD,Industrials,DuPont,2025-09-03,93.22,7.3,14.97,-5.08,3.03,0.667,2052647,2166173,2410398,-15.14,-18.4,44.43,P+V-,P+V-,P-V+,➡️ 中性,-12.48,29.73,-0.42,8,24,65,24.2,5.54,8.14,False,True,90.39,6.37,0.845,False,108.8,113.05,-14.32,-1.72,4.64,10.0,10.0,1879838.0,2225456.0,1.0,1651570.0,1874317.0,1807780.0,0.914,81.88,56.2,收斂,頭頭低·底底高,多轉空預警 / 空轉多預警,48,19,16,30.0,29,剛爆發,🎯 潛在暴漲,True,True
MMM,Industrials,3M,2025-09-03,149.24,1.25,4.3,1.95,2.36,1.0,2934280,3336143,3734698,-31.19,-19.29,5.23,P+V-,P+V-,P+V+,⚠️ 頂部背離,13.13,23.52,0.558,35,48,50,41.9,,,,,,,,,,,,,,,,,,,,,,,,,,,,49,32,32,,32,剛爆發,,False,False
BR,Industrials,Broadridge Financial Solutions,2025-09-03,243.29,-6.4,3.44,6.02,2.27,0.667,722335,668526,634602,-17.34,11.3,30.56,P-V-,P+V+,P+V+,➡️ 中性,26.6,17.79,1.495,73,51,43,60.4,,,,,,,,,,,,,,,,,,,,,,,,,,,,50,32,32,,32,剛爆發,,False,False
WAB,Industrials,Wabtec,2025-09-03,190.36,1.67,-5.07,5.82,2.06,0.667,960255,1053933,1045529,-27.2,1.62,-1.62,P+V-,P-V+,P+V-,⚠️ 量能背離,11.79,26.34,0.448,27,64,44,41.5,,,,,,,,,,,,,,,,,,,,,,,,,,,,51,32,32,,32,剛爆發,,False,False
LMT,Industrials,Lockheed Martin,2025-09-03,437.75,4.02,-5.53,2.77,1.01,0.667,1497930,1769012,1685656,-31.97,10.4,35.78,P+V-,P-V+,P+V+,⚠️ 頂部背離,-22.63,23.49,-0.963,16,66,47,37.2,,,,,,,,,,,,,,,,,,,,,,,,,,,,52,32,32,,32,剛爆發,,False,False
GWW,Industrials,W. W. Grainger,2025-09-03,1010.39,6.34,-4.96,1.23,0.96,0.667,304295,303104,288386,-23.44,10.76,20.82,P+V-,P-V+,P+V+,⚠️ 頂部背離,-4.44,23.25,-0.191,9,63,54,34.2,-1.03,3.69,False,True,1003.57,3.49,1.006,False,1209.66,1227.66,-16.47,0.67,9.14,11.0,9.0,305118.0,303288.0,1.222,250300.0,313000.0,305866.0,0.818,91.69,56.25,空頭,頭頭低·底底低,,53,8,20,28.4,28,剛爆發,,False,False
AME,Industrials,Ametek,2025-09-03,183.2,-0.6,4.73,-1.24,0.41,0.333,1080560,1325746,1372844,-29.58,-6.63,14.11,P-V-,P+V-,P-V+,➡️ 中性,8.85,23.28,0.38,46,47,56,48.3,,,,,,,,,,,,,,,,,,,,,,,,,,,,54,32,32,,32,剛爆發,,False,False
SWK,Industrials,Stanley Black & Decker,2025-09-03,70.46,7.91,16.7,-11.97,0.17,0.667,1911115,2128230,2569506,-15.57,-29.31,65.41,P+V-,P+V-,P-V+,➡️ 中性,-29.48,39.94,-0.738,6,20,76,24.2,159.66,13.85,False,True,68.4,7.83,1.03,False,102.72,110.88,-31.4,-2.02,6.22,9.0,11.0,1942233.0,1885654.0,0.818,1933900.0,2161370.0,2100306.0,0.921,83.22,51.74,擴散,頭頭高·底底低,,55,18,14,32.0,31,剛爆發,,False,True
HON,Industrials,Honeywell Technologies,2025-09-03,207.47,-1.88,-4.61,2.4,-0.42,0.333,3094172,3292639,3990556,-18.06,-29.77,3.63,P-V-,P-V-,P+V+,😴 弱勢縮量,7.97,23.93,0.333,58,61,48,56.9,,,,,,,,,,,,,,,,,,,,,,,,,,,,56,32,32,,32,剛爆發,,False,False
CSX,Industrials,CSX Corporation,2025-09-03,31.87,-10.0,3.74,2.08,-0.52,0.667,24568000,19534575,17882936,16.08,20.35,47.33,P-V+,P+V+,P+V+,⚠️ 中期出貨,5.23,26.6,0.197,78,50,49,63.8,,,,,,,,,,,,,,,,,,,,,,,,,,,,57,32,32,,32,剛爆發,,False,False
SNA,Industrials,Snap-on,2025-09-03,313.36,0.25,2.37,-3.21,-0.95,0.667,222250,314621,367756,-40.24,-25.25,0.44,P+V-,P+V-,P-V+,➡️ 中性,15.67,21.45,0.731,44,52,64,50.4,,,,,,,,,,,,,,,,,,,,,,,,,,,,58,32,32,,32,剛爆發,,False,False
TDG,Industrials,TransDigm Group,2025-09-03,1278.48,-2.49,-6.01,1.25,-1.5,0.333,381050,305987,302470,32.77,2.35,22.23,P-V+,P-V+,P+V+,⚠️ 中期出貨,8.94,24.57,0.364,63,67,53,62.2,,,,,,,,,,,,,,,,,,,,,,,,,,,,59,32,32,,32,剛爆發,,False,False
JBHT,Industrials,J.B. Hunt,2025-09-03,144.2,1.62,6.72,-7.93,-1.88,0.667,1030865,1028996,1176180,-13.04,-22.24,38.05,P+V-,P+V-,P-V+,➡️ 中性,-16.63,27.86,-0.597,28,42,70,40.6,,,,,,,,,,,,,,,,,,,,,,,,,,,,60,32,32,,32,剛爆發,,False,False
RSG,Industrials,Republic Services,2025-09-03,229.84,-1.29,-9.7,0.39,-2.55,0.333,1061110,1294543,1349030,-27.97,-7.76,40.41,P-V-,P-V-,P+V+,😴 弱勢縮量,12.64,15.69,0.806,55,76,55,61.3,,,,,,,,,,,,,,,,,,,,,,,,,,,,61,32,32,,32,剛爆發,,False,False
PCAR,Industrials,Paccar,2025-09-03,93.9,-0.86,5.19,-8.18,-3.01,0.333,2090390,2731980,2982160,-42.71,-15.48,24.46,P-V-,P+V-,P-V+,➡️ 中性,5.99,26.02,0.23,47,44,71,50.9,,,,,,,,,,,,,,,,,,,,,,,,,,,,62,32,32,,32,剛爆發,,False,False
WM,Industrials,Waste Management,2025-09-03,220.87,-3.1,-6.99,-1.56,-3.3,0.0,1710370,1645640,1737462,4.99,-10.04,14.23,P-V+,P-V-,P-V+,➡️ 中性,9.91,16.48,0.601,66,68,57,64.8,,,,,,,,,,,,,,,,,,,,,,,,,,,,63,32,32,,32,剛爆發,,False,False
EFX,Industrials,Equifax,2025-09-03,234.81,-1.08,-8.97,-1.73,-3.38,0.0,975490,993624,1040792,-12.52,-8.67,4.98,P-V-,P-V-,P-V+,😴 弱勢縮量,-21.31,28.55,-0.746,53,73,59,60.2,,,,,,,,,,,,,,,,,,,,,,,,,,,,64,32,32,,32,剛爆發,,False,False
CTAS,Industrials,Cintas,2025-09-03,203.56,-8.14,-9.11,1.49,-3.57,0.333,1811665,1554856,1713576,26.09,-16.95,5.29,P-V+,P-V-,P+V+,⚠️ 中期出貨,11.33,21.72,0.522,75,74,51,69.9,,,,,,,,,,,,,,,,,,,,,,,,,,,,65,32,32,,32,剛爆發,,False,False
ADP,Industrials,Automatic Data Processing,2025-09-03,290.78,-0.92,-7.81,-3.0,-3.68,0.0,1424485,1578370,1754081,-2.64,-18.21,8.25,P-V-,P-V-,P-V+,😴 弱勢縮量,10.78,15.53,0.694,48,71,63,57.9,,,,,,,,,,,,,,,,,,,,,,,,,,,,66,32,32,,32,剛爆發,,False,False
UNP,Industrials,Union Pacific Corporation,2025-09-03,217.18,-1.03,1.94,-7.89,-3.72,0.333,4252330,4128981,3633995,-19.41,31.54,42.13,P-V-,P+V+,P-V+,➡️ 中性,-11.42,21.28,-0.536,51,53,69,55.2,,,,,,,,,,,,,,,,,,,,,,,,,,,,67,32,32,,32,剛爆發,,False,False
IR,Industrials,Ingersoll Rand,2025-09-03,77.3,1.2,-4.52,-6.8,-4.23,0.333,2447140,2698044,3037013,-30.06,-20.08,36.99,P+V-,P-V-,P-V+,➡️ 中性,-15.03,27.91,-0.539,36,60,66,49.2,,,,,,,,,,,,,,,,,,,,,,,,,,,,68,32,32,,32,剛爆發,,False,False
DE,Industrials,Deere & Company,2025-09-03,463.71,-7.87,-7.25,-1.64,-4.6,0.0,1502020,1254110,1332927,31.27,-11.17,4.19,P-V+,P-V-,P-V+,➡️ 中性,33.7,25.53,1.32,74,70,58,69.6,,,,,,,,,,,,,,,,,,,,,,,,,,,,69,32,32,,32,剛爆發,,False,False
FDX,Industrials,FedEx,2025-09-03,178.11,-0.49,4.09,-11.8,-5.0,0.333,2068492,2603425,2543864,-13.31,4.79,18.85,P-V-,P+V+,P-V+,➡️ 中性,-23.92,28.37,-0.843,45,49,74,52.0,,,,,,,,,,,,,,,,,,,,,,,,,,,,70,32,32,,32,剛爆發,,False,False
CARR,Industrials,Carrier Global,2025-09-03,61.52,-5.51,-10.93,-1.91,-5.06,0.0,5150450,4844569,5130348,0.05,-10.55,11.04,P-V+,P-V-,P-V+,➡️ 中性,-7.68,36.08,-0.213,72,78,60,71.4,,,,,,,,,,,,,,,,,,,,,,,,,,,,71,32,32,,32,剛爆發,,False,False
DOV,Industrials,Dover Corporation,2025-09-03,172.96,0.53,-0.48,-10.34,-5.16,0.333,872680,1000838,1106462,-30.0,-17.43,32.99,P+V-,P-V-,P-V+,➡️ 中性,-3.99,24.04,-0.166,42,55,73,52.1,,,,,,,,,,,,,,,,,,,,,,,,,,,,72,32,32,,32,剛爆發,,False,False
LII,Industrials,Lennox International,2025-09-03,539.37,-8.39,-0.99,-9.1,-6.89,0.0,351965,367810,408778,-10.85,-18.22,20.0,P-V-,P-V-,P-V+,😴 弱勢縮量,3.01,30.53,0.099,76,56,72,69.2,,,,,,,,,,,,,,,,,,,,,,,,,,,,73,32,32,,32,剛爆發,,False,False
VRSK,Industrials,Verisk Analytics,2025-09-03,266.02,1.31,-15.19,-7.19,-7.07,0.333,1020335,995649,959831,-8.52,7.75,40.01,P+V-,P-V+,P-V+,➡️ 中性,-2.4,18.22,-0.132,34,81,67,54.7,,,,,,,,,,,,,,,,,,,,,,,,,,,,74,32,32,,32,剛爆發,,False,False
CPRT,Industrials,Copart,2025-09-03,48.12,2.14,-5.28,-12.87,-7.22,0.333,5636700,6757018,6289043,-24.22,16.08,53.69,P+V-,P-V+,P-V+,➡️ 中性,-12.1,31.29,-0.387,23,65,77,46.4,,,,,,,,,,,,,,,,,,,,,,,,,,,,75,32,32,,32,剛爆發,,False,False
PAYX,Industrials,Paychex,2025-09-03,129.91,-2.48,-13.23,-7.48,-7.67,0.0,2075725,2330069,2263976,-1.09,6.01,29.72,P-V-,P-V+,P-V+,➡️ 中性,9.08,18.86,0.481,62,80,68,68.6,,,,,,,,,,,,,,,,,,,,,,,,,,,,76,32,32,,32,剛爆發,,False,False
OTIS,Industrials,Otis Worldwide,2025-09-03,83.86,-1.02,-8.63,-11.86,-8.34,0.0,3698710,3057423,3015663,3.61,2.81,48.99,P-V+,P-V+,P-V+,📉 主力出貨,-7.76,24.6,-0.316,49,72,75,61.1,,,,,,,,,,,,,,,,,,,,,,,,,,,,77,32,32,,32,剛爆發,,False,False
ODFL,Industrials,Old Dominion,2025-09-03,147.2,-1.03,-7.1,-14.81,-9.44,0.0,1864395,1828200,1893042,-0.73,-6.62,29.56,P-V-,P-V-,P-V+,😴 弱勢縮量,-23.23,37.13,-0.626,51,69,78,61.8,,,,,,,,,,,,,,,,,,,,,,,,,,,,78,32,32,,32,剛爆發,,False,False
IEX,Industrials,IDEX Corporation,2025-09-03,158.96,1.0,-9.62,-16.1,-10.2,0.333,743695,753546,721693,-11.27,9.23,30.33,P+V-,P-V+,P-V+,➡️ 中性,-20.51,28.31,-0.724,38,75,79,57.3,,,,,,,,,,,,,,,,,,,,,,,,,,,,79,32,32,,32,剛爆發,,False,False
FTV,Industrials,Fortive,2025-09-03,46.77,-1.18,-11.17,-21.43,-13.8,0.0,4220440,4235912,4271369,-1.95,-1.65,27.23,P-V-,P-V-,P-V+,😴 弱勢縮量,-13.31,24.48,-0.544,54,79,80,66.7,,,,,,,,,,,,,,,,,,,,,,,,,,,,80,32,32,,32,剛爆發,,False,False
UPS,Industrials,United Parcel Service,2025-09-03,80.03,0.75,-10.74,-24.91,-14.95,0.333,8026705,6789283,6516870,2.29,8.72,35.76,P+V+,P-V+,P-V+,➡️ 中性,-29.54,31.14,-0.949,40,77,81,59.3,,,,,,,,,,,,,,,,,,,,,,,,,,,,81,32,32,,32,剛爆發,,False,False
LITE,Information Technology,Lumentum,2025-09-03,134.12,21.92,76.8,92.65,71.0,1.0,3727075,2634713,2706126,74.4,-5.14,44.02,P+V+,P+V-,P+V+,➡️ 中性,87.73,64.63,1.357,2,1,1,1.5,8.86,13.66,False,True,107.87,20.53,1.045,False,137.1,137.1,-2.17,7.62,24.01,14.0,6.0,3775650.0,3613733.0,2.333,5219000.0,3416420.0,3869866.0,1.349,100.0,74.07,多頭,頭頭高·底底高,多頭確認,1,1,6,2.0,2,,,False,True
WDC,Information Technology,Western Digital,2025-09-03,85.77,16.56,65.09,78.76,59.79,1.0,6219795,6669678,7435599,-15.96,-18.68,1.4,P+V-,P+V-,P+V+,⚠️ 頂部背離,53.26,47.46,1.122,5,2,3,3.7,12.13,22.73,False,True,71.51,16.48,1.181,False,86.05,86.28,-0.32,7.89,13.4,13.0,7.0,6572500.0,5564771.0,1.857,12194800.0,6468690.0,5988533.0,2.036,100.0,76.25,多頭,頭頭高·底底高,空轉多預警 / 多頭確認,2,1,2,1.6,1,,,False,True
STX,Information Technology,Seagate Technology,2025-09-03,174.88,19.73,48.77,77.52,55.88,1.0,2617770,3777513,4046621,-38.36,-12.47,60.05,P+V-,P+V-,P+V+,⚠️ 頂部背離,56.69,45.93,1.234,3,5,4,3.8,6.01,9.21,False,True,151.32,14.49,1.05,False,175.04,176.49,-0.1,6.71,16.2,14.0,6.0,2655914.0,2528766.0,2.333,3790400.0,2771730.0,2538913.0,1.493,100.0,71.42,多頭,頭頭高·底底高,空轉多預警 / 多頭確認,3,1,4,2.4,3,,,False,True
PLTR,Information Technology,Palantir Technologies,2025-09-03,154.9,-13.72,17.31,82.73,42.26,0.667,80194935,74967258,90230960,34.06,-28.94,14.98,P-V+,P+V-,P+V+,⚠️ 中期出貨,450.41,68.04,6.62,67,28,2,42.3,15.57,1.11,False,False,156.22,13.27,0.911,False,190.0,190.0,-18.47,-3.71,-10.6,9.0,11.0,76100288.0,83545100.0,0.818,66052300.0,90159130.0,84636146.0,0.78,70.37,42.66,擴散,頭頭高·底底低,,4,28,23,17.4,16,吃老本,,False,True
AMD,Information Technology,Advanced Micro Devices,2025-09-03,162.13,-0.61,41.44,62.93,41.67,0.667,57901415,55957987,48442363,-4.04,36.73,29.51,P-V-,P+V+,P+V+,➡️ 中性,17.33,50.68,0.342,42,7,6,24.3,-0.55,2.83,False,True,160.48,8.71,1.117,False,186.65,186.65,-13.14,-2.69,-6.99,8.0,12.0,61789625.0,55309275.0,0.667,30752800.0,41062750.0,49145133.0,0.626,74.28,45.8,多頭,頭頭高·底底高,,5,25,27,17.4,16,吃老本,,False,False
APH,Information Technology,Amphenol,2025-09-03,54.97,1.09,22.72,69.83,40.87,1.0,13355820,16616898,17028961,-28.31,-4.73,25.09,P+V-,P+V-,P+V+,⚠️ 頂部背離,61.49,33.24,1.85,36,18,5,24.4,21.66,20.96,False,True,52.01,6.7,0.921,False,55.79,56.17,-1.48,0.72,2.56,13.0,7.0,12966800.0,14078285.0,1.857,13652600.0,13560980.0,13902520.0,0.982,95.8,58.38,多頭,頭頭高·底底高,,6,17,10,11.2,8,吃老本,,False,True
ANET,Information Technology,Arista Networks,2025-09-03,137.38,-1.01,53.02,50.03,38.02,0.667,8580110,9265675,10269426,-8.38,-17.81,29.04,P-V-,P+V-,P+V+,➡️ 中性,33.7,48.52,0.695,46,3,8,25.5,12.38,9.98,False,True,119.87,7.69,1.127,False,141.99,141.99,-3.25,2.32,16.31,11.0,9.0,9038627.0,8019700.0,1.222,6840100.0,7212790.0,7291753.0,0.938,98.77,64.63,多頭,頭頭高·底底高,,7,13,13,10.6,6,吃老本,,False,True
GLW,Information Technology,Corning Inc.,2025-09-03,68.74,8.82,39.13,43.71,33.84,1.0,5712200,5000072,5716417,3.69,-22.27,22.4,P+V+,P+V-,P+V+,➡️ 中性,53.58,31.09,1.724,18,8,9,13.2,5.13,5.43,False,True,58.76,9.99,1.243,False,69.19,69.79,-0.64,3.3,10.22,14.0,6.0,6068500.0,4880833.0,2.333,13308900.0,6366530.0,5568260.0,2.39,100.0,74.26,多頭,頭頭高·底底高,多頭確認,8,1,1,3.8,4,剛爆發,,False,True
AVGO,Information Technology,Broadcom,2025-09-03,300.19,0.24,21.87,53.7,32.38,1.0,17758930,20467552,25095066,2.84,-31.14,-10.86,P+V+,P+V-,P+V-,➡️ 中性,81.96,50.5,1.623,41,19,7,27.6,0.59,6.11,False,True,287.08,9.8,0.938,False,315.04,317.35,-4.71,1.47,3.23,12.0,8.0,17297691.0,18450787.0,1.5,18529400.0,18823240.0,18600160.0,0.996,91.43,55.3,多頭,頭頭高·底底高,,9,18,9,12.6,10,吃老本,,False,True
FSLR,Information Technology,First Solar,2025-09-03,201.49,8.91,34.64,42.72,32.25,1.0,3317865,3830469,4173223,21.79,-15.18,69.15,P+V+,P+V-,P+V+,➡️ 中性,-17.83,55.21,-0.323,17,9,10,13.2,21.26,-21.01,False,True,181.06,12.82,1.683,False,262.72,262.72,-23.31,2.42,7.84,9.0,11.0,4271555.0,2537572.0,0.818,2546800.0,2686390.0,3814973.0,0.668,97.41,57.26,多頭,頭頭高·底底高,空轉多預警,10,14,25,14.6,12,,,False,True
FLEX,Information Technology,Flex Ltd.,2025-09-03,53.68,7.66,26.66,42.05,29.61,1.0,3583185,4303835,4263917,-14.77,1.89,7.88,P+V-,P+V+,P+V+,⚠️ 頂部背離,55.56,38.65,1.437,20,15,11,16.7,12.34,5.23,False,True,51.16,13.3,0.905,False,54.83,54.83,-2.1,0.37,6.21,11.0,8.0,3344154.0,3694612.0,1.375,3550800.0,3458670.0,3624306.0,0.98,90.34,61.19,多頭,頭頭高·底底高,空轉多預警,11,19,11,14.2,11,吃老本,,False,True
TEL,Information Technology,TE Connectivity,2025-09-03,203.76,3.33,29.3,36.81,26.56,1.0,1582985,1822332,1896473,-30.84,-7.52,20.7,P+V-,P+V-,P+V+,⚠️ 頂部背離,32.9,30.49,1.079,26,12,14,19.4,9.25,6.94,False,True,189.47,5.95,0.956,False,209.73,212.76,-2.84,-0.45,2.57,11.0,9.0,1550663.0,1622488.0,1.222,1511400.0,1722090.0,1633686.0,0.925,86.42,60.73,空頭,頭頭低·底底低,多轉空預警,12,21,16,16.4,13,吃老本,,False,True
NVDA,Information Technology,Nvidia,2025-09-03,170.39,-4.9,24.2,42.03,25.84,0.667,174768490,175732033,230773920,5.93,-38.52,-10.4,P-V+,P+V-,P+V-,➡️ 中性,49.38,50.96,0.969,58,16,12,36.2,4.1,8.02,False,False,171.36,9.76,0.745,False,184.23,184.48,-7.51,-6.13,-4.29,9.0,11.0,147111722.0,197396754.0,0.818,164424900.0,201582840.0,186606233.0,0.881,70.29,41.03,多頭,頭頭高·底底高,,13,29,17,20.2,21,吃老本,,False,True
SNDK,Information Technology,Sandisk,2025-09-03,53.01,25.91,42.0,17.38,25.67,1.0,2717375,2752489,3098175,46.63,-20.08,,P+V+,P+V-,,資料不足,,,,1,6,26,7.5,771.13,22.38,False,True,45.05,20.61,0.774,False,58.36,58.36,-9.17,11.95,26.42,13.0,7.0,2465669.0,3184828.0,1.857,1689700.0,2243890.0,2718033.0,0.622,100.0,70.31,擴散,頭頭高·底底低,多頭確認,14,1,28,11.6,9,剛爆發,,False,True
MPWR,Information Technology,Monolithic Power Systems,2025-09-03,821.81,2.69,24.03,36.46,24.91,1.0,511715,569689,759562,-21.35,-40.0,-7.43,P+V-,P+V-,P+V-,⚠️ 量能衰竭,-13.4,55.1,-0.243,29,17,15,22.6,2.25,0.89,False,True,770.87,8.83,0.903,False,945.15,959.64,-13.05,-2.71,3.09,9.0,11.0,483266.0,534990.0,0.818,432600.0,470050.0,501600.0,0.862,78.85,53.54,多頭,頭頭高·底底高,,15,23,20,19.2,19,吃老本,,False,True
CDNS,Information Technology,Cadence Design Systems,2025-09-03,347.32,-3.57,18.73,39.73,23.66,0.667,1335980,1676350,2007296,-32.05,-28.31,9.18,P-V-,P+V-,P+V+,➡️ 中性,34.05,38.52,0.884,53,25,13,36.6,6.0,4.75,False,True,335.72,4.57,0.877,False,376.45,376.45,-7.74,0.96,-3.66,8.0,12.0,1231912.0,1405358.0,0.667,1141100.0,1255580.0,1324913.0,0.861,73.53,51.7,多頭,頭頭高·底底高,,16,26,21,21.0,23,吃老本,,False,True
ORCL,Information Technology,Oracle Corporation,2025-09-03,220.93,-12.86,34.43,36.4,23.59,0.667,10261820,13338720,11873486,-1.14,28.16,25.9,P-V-,P+V+,P+V+,➡️ 中性,82.85,42.64,1.943,66,10,16,39.2,3.37,-1.35,False,False,235.15,9.96,0.789,False,257.93,260.87,-14.34,-4.59,-12.6,11.0,9.0,9162054.0,11605977.0,1.222,8900800.0,9642730.0,10401880.0,0.856,72.75,36.59,多頭,頭頭高·底底高,空頭確認,17,27,22,22.0,24,吃老本,,False,True
MU,Information Technology,Micron Technology,2025-09-03,118.53,9.14,21.03,29.59,22.34,1.0,17495885,21519316,22532874,-18.59,-8.61,-1.0,P+V-,P+V-,P+V-,⚠️ 量能衰竭,13.85,59.81,0.232,15,21,20,17.8,19.75,9.49,False,True,117.83,7.89,1.225,False,129.52,129.85,-8.49,1.91,8.86,11.0,9.0,19071736.0,15569844.0,1.222,14101300.0,15455930.0,15194673.0,0.928,95.85,51.65,多頭,頭頭高·底底高,空轉多預警,18,16,15,16.6,14,,,False,True
PTC,Information Technology,PTC Inc.,2025-09-03,212.24,-1.61,27.28,30.41,21.62,0.667,792100,1082138,1035316,-51.91,9.47,21.9,P-V-,P+V+,P+V+,➡️ 中性,19.93,34.49,0.578,47,13,18,31.0,35.26,27.58,False,True,199.74,4.44,0.861,False,219.69,219.69,-3.39,-0.16,-1.19,9.0,11.0,727733.0,844763.0,0.818,506900.0,761390.0,782513.0,0.648,76.57,57.03,多頭,頭頭高·底底高,,19,24,26,22.4,25,,,False,True
TER,Information Technology,Teradyne,2025-09-03,119.28,14.06,50.5,10.11,21.2,1.0,3341065,3859213,3734909,-33.01,6.89,64.3,P+V-,P+V+,P+V+,⚠️ 頂部背離,-21.43,44.84,-0.478,7,4,38,12.3,4.94,21.74,False,True,101.71,13.6,1.168,False,143.37,144.16,-16.8,0.86,11.88,12.0,8.0,3544783.0,3035487.0,1.5,3212700.0,3397690.0,3334753.0,0.963,100.0,68.82,多頭,頭頭高·底底高,多頭確認,20,1,12,10.8,7,剛爆發,,False,True
SNPS,Information Technology,Synopsys,2025-09-03,592.12,-5.39,27.02,30.22,20.52,0.667,1044980,1563675,1489032,-57.91,10.55,35.94,P-V-,P+V+,P+V+,➡️ 中性,20.96,35.03,0.598,59,14,19,37.5,7.99,8.57,False,True,586.44,5.1,0.83,False,651.73,651.73,-9.15,-0.65,-5.79,7.0,13.0,922157.0,1111115.0,0.538,973700.0,1086100.0,1041980.0,0.934,68.87,45.41,多頭,頭頭高·底底高,,21,30,14,23.2,27,吃老本,,False,True
HPE,Information Technology,Hewlett Packard Enterprise,2025-09-03,22.35,13.36,32.57,16.8,19.88,1.0,18326545,18694283,20376483,14.75,-15.25,37.2,P+V+,P+V-,P+V+,➡️ 中性,5.57,47.03,0.118,8,11,29,13.1,5.41,16.33,False,True,20.48,12.79,1.356,False,23.79,24.66,-6.03,1.42,14.85,13.0,7.0,20179453.0,14885428.0,1.857,34179900.0,22053710.0,18890753.0,1.809,100.0,64.61,多頭,頭頭高·底底高,空轉多預警 / 多頭確認,22,1,3,9.8,5,剛爆發,,False,True
LRCX,Information Technology,Lam Research,2025-09-03,97.2,1.88,18.8,29.03,19.68,1.0,11353155,10868540,11757945,1.88,-14.06,-4.89,P+V+,P+V-,P+V-,➡️ 中性,19.13,43.93,0.435,32,24,22,27.6,,,,,,,,,,,,,,,,,,,,,,,,,,,,23,31,31,,31,吃老本,,False,False
JBL,Information Technology,Jabil,2025-09-03,202.97,-7.89,20.98,31.96,19.25,0.667,1424465,1528746,1460807,16.2,9.76,6.96,P-V+,P+V+,P+V+,⚠️ 中期出貨,101.28,38.51,2.63,62,22,17,41.0,,,,,,,,,,,,,,,,,,,,,,,,,,,,24,31,31,,31,吃老本,,False,False
MSFT,Information Technology,Microsoft,2025-09-03,501.23,-3.57,9.57,29.19,16.09,0.667,20793170,19807670,22102652,5.47,-18.81,6.66,P-V+,P+V-,P+V+,⚠️ 中期出貨,27.26,23.22,1.174,53,40,21,42.7,,,,,,,,,,,,,,,,,,,,,,,,,,,,25,31,31,,31,吃老本,,False,False
CIEN,Information Technology,Ciena,2025-09-03,94.82,0.54,15.99,21.52,14.89,1.0,1957000,2286666,2226226,5.5,5.58,2.92,P+V+,P+V+,P+V+,⭐⭐⭐ 完美多頭,58.7,49.66,1.182,40,30,23,33.6,,,,,,,,,,,,,,,,,,,,,,,,,,,,26,31,31,,31,,,False,False
SWKS,Information Technology,Skyworks Solutions,2025-09-03,71.25,9.96,7.68,16.97,12.9,1.0,2452080,2638147,3393938,8.53,-36.43,34.2,P+V+,P+V-,P+V+,➡️ 中性,-36.5,40.32,-0.905,14,43,28,25.5,7.01,3.09,False,True,70.7,7.8,1.01,False,103.3,110.76,-31.02,-2.79,9.78,10.0,10.0,2464420.0,2439740.0,1.0,2419800.0,2110340.0,2080346.0,1.163,87.43,51.17,擴散,頭頭高·底底低,,27,20,7,20.2,21,剛爆發,,False,True
KLAC,Information Technology,KLA Corporation,2025-09-03,83.94,-4.79,10.92,21.26,12.16,0.667,9291850,10594892,11431207,-7.61,-13.63,5.73,P-V-,P+V-,P+V+,➡️ 中性,8.61,40.51,0.213,57,38,24,44.7,,,,,,,,,,,,,,,,,,,,,,,,,,,,28,31,31,,31,,,False,False
ADI,Information Technology,Analog Devices,2025-09-03,241.53,11.25,14.47,10.66,11.76,1.0,3951940,3559252,4017436,15.75,-20.47,25.37,P+V+,P+V-,P+V+,➡️ 中性,-4.42,37.48,-0.118,11,33,37,22.8,5.33,9.14,False,True,233.78,11.96,1.34,False,253.94,258.13,-4.89,-3.96,11.25,11.0,9.0,4461500.0,3329144.0,1.222,3024500.0,4579050.0,4162186.0,0.727,96.96,55.95,多頭,頭頭高·底底高,,29,15,24,22.4,25,剛爆發,,False,True
INTC,Information Technology,Intel,2025-09-03,24.0,17.59,21.58,3.94,11.76,1.0,134634545,102180112,98992685,66.56,6.65,19.21,P+V+,P+V+,P+V+,⭐⭐⭐ 完美多頭,-8.39,52.71,-0.159,4,20,46,17.2,-1169.52,2769.76,False,True,22.59,12.75,1.369,False,27.55,27.55,-12.89,-1.44,18.87,11.0,9.0,153211081.0,111929888.0,1.222,47822900.0,101470690.0,140607980.0,0.34,100.0,55.21,擴散,頭頭高·底底低,,29,1,30,18.0,18,剛爆發,,False,False
DELL,Information Technology,Dell Technologies,2025-09-03,122.46,-3.22,15.22,16.23,11.11,0.667,6148385,5529775,6835540,29.51,-32.08,-23.48,P-V+,P+V-,P+V-,➡️ 中性,14.98,51.29,0.292,51,32,31,41.3,,,,,,,,,,,,,,,,,,,,,,,,,,,,31,31,31,,31,,,False,False
DDOG,Information Technology,Datadog,2025-09-03,132.6,-3.18,12.62,16.8,10.76,0.667,6027440,7042929,6002646,16.35,41.93,39.77,P-V+,P+V+,P+V+,⚠️ 中期出貨,14.35,40.47,0.355,50,35,29,41.3,,,,,,,,,,,,,,,,,,,,,,,,,,,,32,31,31,,31,,,False,False
MSI,Information Technology,Motorola Solutions,2025-09-03,468.87,7.25,13.42,10.97,10.65,1.0,1079875,937447,951269,28.21,-2.86,22.7,P+V+,P+V-,P+V+,➡️ 中性,-0.84,19.99,-0.042,21,34,36,27.9,,,,,,,,,,,,,,,,,,,,,,,,,,,,33,31,31,,31,,,False,False
NXPI,Information Technology,NXP Semiconductors,2025-09-03,224.21,10.82,18.91,6.24,10.55,1.0,2585790,2566120,2995925,-5.65,-25.09,18.65,P+V-,P+V-,P+V+,⚠️ 頂部背離,-17.16,39.47,-0.435,12,23,43,21.5,2.31,1.39,False,True,220.47,7.89,0.976,False,248.61,257.61,-9.81,-4.05,9.46,9.0,11.0,2551277.0,2614027.0,0.818,2826000.0,2256060.0,2465200.0,1.146,83.41,50.87,空頭,頭頭低·底底低,多轉空預警,34,22,8,24.0,28,剛爆發,,False,True
ADSK,Information Technology,Autodesk,2025-09-03,317.51,4.04,7.54,12.45,9.12,1.0,1840920,1617475,1696091,5.6,-8.86,19.18,P+V+,P+V-,P+V+,➡️ 中性,15.79,24.41,0.647,24,44,32,31.6,,,,,,,,,,,,,,,,,,,,,,,,,,,,35,31,31,,31,,,False,False
VRSN,Information Technology,Verisign,2025-09-03,270.74,0.62,-0.24,17.28,8.74,0.667,796185,831570,891386,-24.36,-12.58,32.63,P+V-,P-V-,P+V+,⚠️ 頂部背離,46.25,22.51,2.055,39,53,27,40.8,,,,,,,,,,,,,,,,,,,,,,,,,,,,36,31,31,,31,,,False,False
COHR,Information Technology,Coherent Corp.,2025-09-03,88.47,-17.43,15.23,18.09,8.49,0.667,5755555,3648149,3841301,122.17,-9.58,35.55,P-V+,P+V-,P+V+,⚠️ 中期出貨,35.47,61.82,0.574,71,31,25,49.8,,,,,,,,,,,,,,,,,,,,,,,,,,,,37,31,31,,31,剛爆發,,False,False
AAPL,Information Technology,Apple Inc.,2025-09-03,237.59,11.95,18.36,0.74,7.95,1.0,55244180,53983498,57886159,7.39,-12.63,18.44,P+V+,P+V-,P+V+,➡️ 中性,-11.08,28.68,-0.386,10,27,51,23.3,10.12,1.69,False,True,215.91,6.56,1.546,False,258.23,260.1,-7.99,3.99,17.65,10.0,10.0,67088150.0,43400210.0,1.0,66427800.0,42017710.0,44992626.0,1.476,100.0,70.09,多頭,頭頭高·底底高,多頭確認,38,1,5,16.6,14,剛爆發,,False,True
NTAP,Information Technology,NetApp,2025-09-03,114.47,12.72,18.49,-0.37,7.62,0.667,2071510,1940696,2224084,40.77,-22.6,35.04,P+V+,P+V-,P-V+,➡️ 中性,-13.79,36.55,-0.377,9,26,54,23.1,0.74,1.76,False,True,105.25,11.04,0.931,False,131.04,135.45,-12.65,6.45,14.18,14.0,6.0,2026428.0,2176700.0,2.333,1982300.0,2603810.0,2286766.0,0.867,100.0,65.3,擴散,頭頭高·底底低,多頭確認,39,1,19,19.8,20,剛爆發,,False,True
GEN,Information Technology,Gen Digital,2025-09-03,29.08,3.79,5.0,9.63,7.02,1.0,4481005,4085949,4409280,48.83,-13.66,35.61,P+V+,P+V-,P+V+,➡️ 中性,9.43,27.89,0.338,25,49,39,35.0,,,,,,,,,,,,,,,,,,,,,,,,,,,,40,31,31,,31,剛爆發,,False,False
MCHP,Information Technology,Microchip Technology,2025-09-03,61.66,-3.7,6.2,12.42,6.83,0.667,9190375,9022673,10544043,8.52,-25.22,37.68,P-V+,P+V-,P+V+,⚠️ 中期出貨,-16.47,53.91,-0.306,55,48,33,48.5,,,,,,,,,,,,,,,,,,,,,,,,,,,,41,31,31,,31,剛爆發,,False,False
TDY,Information Technology,Teledyne Technologies,2025-09-03,544.64,-0.79,10.2,8.74,6.72,0.667,261900,371300,346312,-47.9,15.55,49.11,P-V-,P+V+,P+V+,➡️ 中性,27.58,19.88,1.387,43,39,40,41.2,,,,,,,,,,,,,,,,,,,,,,,,,,,,42,31,31,,31,剛爆發,,False,False
TRMB,Information Technology,Trimble Inc.,2025-09-03,78.6,-6.57,10.95,11.21,6.7,0.667,1731455,1623429,1635927,-5.69,-1.52,27.25,P-V-,P+V-,P+V+,➡️ 中性,45.88,31.86,1.44,60,37,35,48.1,,,,,,,,,,,,,,,,,,,,,,,,,,,,43,31,31,,31,剛爆發,,False,False
QCOM,Information Technology,Qualcomm,2025-09-03,153.2,7.84,7.91,3.0,5.44,1.0,6906455,7874412,8465806,-18.5,-13.06,5.26,P+V-,P+V-,P+V+,⚠️ 頂部背離,-14.47,31.04,-0.466,19,42,48,31.7,,,,,,,,,,,,,,,,,,,,,,,,,,,,44,31,31,,31,剛爆發,,False,False
TXN,Information Technology,Texas Instruments,2025-09-03,190.8,5.29,7.03,3.94,5.05,1.0,5780240,6393303,7376352,-26.08,-23.52,26.65,P+V-,P+V-,P+V+,⚠️ 頂部背離,-10.9,35.99,-0.303,22,45,46,33.7,,,,,,,,,,,,,,,,,,,,,,,,,,,,45,31,31,,31,剛爆發,,False,False
CSCO,Information Technology,Cisco,2025-09-03,66.3,-2.23,6.62,7.4,4.8,0.667,22385745,20133286,21788672,36.94,-14.12,18.01,P-V+,P+V-,P+V+,⚠️ 中期出貨,37.26,20.03,1.861,48,47,42,46.5,,,,,,,,,,,,,,,,,,,,,,,,,,,,46,31,31,,31,剛爆發,,False,False
FFIV,Information Technology,"F5, Inc.",2025-09-03,309.03,-3.8,8.04,6.21,4.17,0.667,433355,475150,518892,-23.29,-15.55,-11.48,P-V-,P+V-,P+V-,➡️ 中性,56.92,25.93,2.195,56,41,44,49.1,,,,,,,,,,,,,,,,,,,,,,,,,,,,47,31,31,,31,剛爆發,,False,False
KEYS,Information Technology,Keysight Technologies,2025-09-03,165.32,2.84,4.4,4.49,4.06,1.0,1061940,881610,981616,34.6,-18.49,-12.45,P+V+,P+V-,P+V-,➡️ 中性,4.67,32.79,0.142,28,50,45,38.0,,,,,,,,,,,,,,,,,,,,,,,,,,,,48,31,31,,31,剛爆發,,False,False
ON,Information Technology,ON Semiconductor,2025-09-03,47.79,1.72,12.34,0.87,3.95,1.0,7894185,9605175,9953688,-25.29,-6.77,40.08,P+V-,P+V-,P+V+,⚠️ 頂部背離,-39.33,54.29,-0.725,34,36,50,37.8,,,,,,,,,,,,,,,,,,,,,,,,,,,,49,31,31,,31,剛爆發,,False,False
PANW,Information Technology,Palo Alto Networks,2025-09-03,191.53,10.78,-1.71,2.15,3.34,0.667,10229960,7569233,6550320,11.32,36.84,19.72,P+V+,P-V+,P+V+,➡️ 中性,-6.77,30.89,-0.219,13,55,49,32.8,7.31,3.59,False,True,188.94,6.82,1.101,False,210.39,210.39,-8.96,3.96,13.27,11.0,8.0,10814518.0,9821575.0,1.375,5482600.0,7256790.0,9905240.0,0.554,99.44,60.01,空頭,頭頭低·底底低,多轉空預警 / 多頭確認,50,12,29,30.6,30,剛爆發,,False,True
HPQ,Information Technology,HP Inc.,2025-09-03,27.3,14.75,16.53,-11.49,2.08,0.667,9124350,8614036,9094730,29.07,-10.04,26.31,P+V+,P+V-,P-V+,➡️ 中性,-28.07,35.27,-0.796,6,29,63,24.3,-0.04,-11.63,False,True,24.65,10.47,1.232,False,36.75,39.8,-25.71,6.26,14.57,12.0,8.0,9867750.0,8009250.0,1.5,8245400.0,10663500.0,9498353.0,0.868,100.0,67.07,空頭,頭頭低·底底低,多頭確認,51,1,18,24.4,29,剛爆發,,False,True
AKAM,Information Technology,Akamai Technologies,2025-09-03,77.56,4.14,1.82,-0.4,1.29,0.667,2207390,2013567,2321016,51.88,-23.39,24.48,P+V+,P+V-,P-V+,➡️ 中性,-27.68,36.56,-0.757,23,51,55,37.8,,,,,,,,,,,,,,,,,,,,,,,,,,,,52,31,31,,31,剛爆發,,False,False
ZBRA,Information Technology,Zebra Technologies,2025-09-03,305.71,-0.84,6.91,-1.7,0.67,0.333,545610,517058,591150,-1.79,-22.28,43.67,P-V-,P+V-,P-V+,➡️ 中性,-12.39,39.67,-0.312,44,46,56,47.0,,,,,,,,,,,,,,,,,,,,,,,,,,,,53,31,31,,31,剛爆發,,False,False
INTU,Information Technology,Intuit,2025-09-03,661.25,-14.21,-12.47,11.71,-0.81,0.333,2218560,1725356,1804726,52.28,-8.43,12.94,P-V+,P-V-,P+V+,⚠️ 中期出貨,22.84,27.21,0.84,68,65,34,60.3,,,,,,,,,,,,,,,,,,,,,,,,,,,,54,31,31,,31,剛爆發,,False,False
CRWD,Information Technology,CrowdStrike,2025-09-03,103.3,-8.52,-13.77,8.67,-1.24,0.333,14210400,13753483,15407169,34.91,-19.39,2.55,P-V+,P-V-,P+V+,⚠️ 中期出貨,59.32,37.4,1.586,63,68,41,60.1,,,,,,,,,,,,,,,,,,,,,,,,,,,,55,31,31,,31,剛爆發,,False,False
NOW,Information Technology,ServiceNow,2025-09-03,183.88,0.77,-9.16,-0.17,-2.18,0.333,9552300,7627269,8634246,17.21,-20.89,29.89,P+V+,P-V-,P-V+,➡️ 中性,5.86,37.09,0.158,38,63,53,48.5,,,,,,,,,,,,,,,,,,,,,,,,,,,,56,31,31,,31,剛爆發,,False,False
AMAT,Information Technology,Applied Materials,2025-09-03,155.39,-12.04,-0.36,0.32,-2.94,0.333,8454370,7113432,7596951,40.06,-11.97,14.75,P-V+,P-V-,P+V+,⚠️ 中期出貨,-8.5,39.52,-0.215,65,54,52,59.1,,,,,,,,,,,,,,,,,,,,,,,,,,,,57,31,31,,31,剛爆發,,False,False
IBM,Information Technology,IBM,2025-09-03,237.91,-2.59,-6.88,-2.31,-3.52,0.0,4539770,4538927,4663136,-20.39,-5.19,10.77,P-V-,P-V-,P-V+,😴 弱勢縮量,26.66,30.04,0.887,49,61,57,54.2,,,,,,,,,,,,,,,,,,,,,,,,,,,,58,31,31,,31,剛爆發,,False,False
CDW,Information Technology,CDW Corporation,2025-09-03,160.11,-0.92,-6.17,-8.08,-5.81,0.0,1252105,1122576,1305757,33.32,-24.61,10.58,P-V+,P-V-,P-V+,➡️ 中性,-26.01,30.4,-0.856,45,60,59,52.3,,,,,,,,,,,,,,,,,,,,,,,,,,,,59,31,31,,31,剛爆發,,False,False
CRM,Information Technology,Salesforce,2025-09-03,254.3,2.92,-1.82,-12.76,-6.11,0.333,9007055,7714367,7553807,53.69,4.34,23.19,P+V+,P-V+,P-V+,➡️ 中性,-1.56,32.84,-0.048,27,56,64,43.1,,,,,,,,,,,,,,,,,,,,,,,,,,,,60,31,31,,31,剛爆發,,False,False
WDAY,Information Technology,"Workday, Inc.",2025-09-03,233.43,1.9,-5.78,-10.42,-6.18,0.333,4039900,2811975,2562961,61.02,21.52,-6.55,P+V+,P-V+,P-V-,✨ 反彈初期,-14.52,34.24,-0.424,31,59,62,45.6,,,,,,,,,,,,,,,,,,,,,,,,,,,,61,31,31,,31,剛爆發,,False,False
ROP,Information Technology,Roper Technologies,2025-09-03,519.56,-3.27,-7.38,-8.18,-6.75,0.0,753000,628801,626563,14.77,0.72,18.92,P-V+,P-V+,P-V+,📉 主力出貨,-2.4,18.39,-0.131,52,62,60,56.6,,,,,,,,,,,,,,,,,,,,,,,,,,,,62,31,31,,31,剛爆發,,False,False
TYL,Information Technology,Tyler Technologies,2025-09-03,553.83,-9.47,-1.93,-8.52,-7.11,0.0,299930,318227,307563,-22.06,7.18,23.47,P-V-,P-V+,P-V+,➡️ 中性,3.54,23.54,0.15,64,57,61,61.3,,,,,,,,,,,,,,,,,,,,,,,,,,,,63,31,31,,31,剛爆發,,False,False
SMCI,Information Technology,Supermicro,2025-09-03,40.1,-14.3,-2.67,-6.64,-7.56,0.0,31589070,37264546,47575482,-20.52,-35.62,-40.12,P-V-,P-V-,P-V-,🧊 熊市縮量,30.82,122.58,0.251,69,58,58,63.5,,,,,,,,,,,,,,,,,,,,,,,,,,,,64,31,31,,31,剛爆發,,False,False
CTSH,Information Technology,Cognizant,2025-09-03,70.24,1.76,-10.13,-13.78,-8.98,0.333,3753305,3703209,3925173,-7.27,-10.7,24.65,P+V-,P-V-,P-V+,➡️ 中性,-9.11,23.41,-0.389,33,64,65,48.7,,,,,,,,,,,,,,,,,,,,,,,,,,,,65,31,31,,31,剛爆發,,False,False
FICO,Information Technology,Fair Isaac,2025-09-03,1520.75,9.12,-13.01,-17.18,-9.56,0.333,344760,333315,287942,-12.79,37.41,70.06,P+V-,P-V+,P-V+,➡️ 中性,-22.38,39.89,-0.561,16,66,66,41.0,,,,,,,,,,,,,,,,,,,,,,,,,,,,66,31,31,,31,剛爆發,,False,False
ADBE,Information Technology,Adobe Inc.,2025-09-03,348.5,0.83,-13.61,-20.29,-13.34,0.333,3428015,3844189,3824170,-0.34,1.05,14.21,P+V-,P-V+,P-V+,➡️ 中性,-41.03,34.83,-1.178,37,67,68,52.2,,,,,,,,,,,,,,,,,,,,,,,,,,,,67,31,31,,31,剛爆發,,False,False
GDDY,Information Technology,GoDaddy,2025-09-03,143.49,-7.32,-21.19,-17.98,-16.12,0.0,2334740,1724435,1658612,47.94,8.27,35.44,P-V+,P-V+,P-V+,📉 主力出貨,-8.35,29.05,-0.287,61,70,67,64.9,,,,,,,,,,,,,,,,,,,,,,,,,,,,68,31,31,,31,剛爆發,,False,False
ACN,Information Technology,Accenture,2025-09-03,249.02,2.67,-18.78,-28.07,-18.06,0.333,4198945,3918547,3779010,-0.79,7.67,53.57,P+V-,P-V+,P-V+,➡️ 中性,-26.42,26.59,-0.994,30,69,69,49.5,,,,,,,,,,,,,,,,,,,,,,,,,,,,69,31,31,,31,剛爆發,,False,False
MRVL,Information Technology,Marvell Technology,2025-09-03,62.18,-17.27,1.45,-28.77,-18.34,0.333,20545750,20624230,20620400,21.43,0.04,60.85,P-V+,P+V+,P-V+,➡️ 中性,0.84,59.65,0.014,70,52,71,64.8,,,,,,,,,,,,,,,,,,,,,,,,,,,,70,31,31,,31,剛爆發,,False,False
FTNT,Information Technology,Fortinet,2025-09-03,76.58,-20.71,-25.27,-28.49,-25.74,0.0,11765100,6399350,5850839,201.26,20.69,30.18,P-V+,P-V+,P-V+,📉 主力出貨,25.42,41.11,0.618,72,71,70,71.3,,,,,,,,,,,,,,,,,,,,,,,,,,,,71,31,31,,31,剛爆發,,False,False
IT,Information Technology,Gartner,2025-09-03,247.58,1.59,-42.4,-49.62,-35.01,0.333,1641335,1187173,942780,43.06,69.99,150.79,P+V+,P-V+,P-V+,➡️ 中性,-50.42,36.3,-1.389,35,72,72,53.5,,,,,,,,,,,,,,,,,,,,,,,,,,,,72,31,31,,31,剛爆發,,False,False
NEM,Materials,Newmont,2025-09-03,74.47,11.04,35.7,80.97,52.17,1.0,8488730,11293607,12241913,-34.21,-14.38,25.84,P+V-,P+V-,P+V+,⚠️ 頂部背離,28.66,39.67,0.722,7,2,1,4.3,22.9,37.08,False,True,63.73,12.19,1.071,False,75.56,76.52,-1.44,4.13,12.17,12.0,8.0,8720150.0,8141600.0,1.5,8905900.0,8989360.0,8536800.0,1.043,100.0,76.8,多頭,頭頭高·底底高,空轉多預警 / 多頭確認,1,1,7,2.2,2,,,False,True
FCX,Materials,Freeport-McMoRan,2025-09-03,45.72,15.93,15.47,24.45,20.08,1.0,10165720,14141823,15756102,-46.58,-18.59,29.03,P+V-,P+V-,P+V+,⚠️ 頂部背離,-8.27,39.35,-0.21,2,5,4,3.3,21.81,4.59,False,True,42.93,12.19,1.151,False,51.29,52.61,-10.87,4.19,15.44,13.0,7.0,10655600.0,9255942.0,1.857,12237800.0,9918180.0,9938453.0,1.231,100.0,68.24,收斂,頭頭低·底底高,空轉多預警 / 多頭確認,2,1,2,1.6,1,,,False,True
ALB,Materials,Albemarle Corporation,2025-09-03,79.04,19.03,46.37,2.68,17.69,1.0,4121845,4245284,3843946,-22.78,23.32,62.54,P+V-,P+V+,P+V+,⚠️ 頂部背離,-22.8,54.21,-0.421,1,1,13,3.4,113.51,73.52,False,True,73.42,14.77,1.348,False,110.6,113.91,-28.54,-1.74,17.38,11.0,8.0,4765700.0,3534412.0,1.375,1926000.0,3087890.0,3292933.0,0.585,100.0,52.48,多頭,頭頭高·底底高,,3,1,21,5.8,3,,,False,True
MLM,Materials,Martin Marietta Materials,2025-09-03,607.78,2.34,13.0,27.28,17.47,1.0,437755,400963,479669,16.94,-28.19,6.95,P+V+,P+V-,P+V+,➡️ 中性,14.4,23.84,0.604,16,6,3,10.4,3.19,1.06,False,True,578.75,4.19,1.188,False,626.08,633.23,-2.92,-0.81,0.74,9.0,11.0,479500.0,403600.0,0.818,415500.0,419400.0,393366.0,1.056,83.19,57.34,多頭,頭頭高·底底高,,4,15,6,8.8,7,吃老本,,False,True
CRH,Materials,CRH plc,2025-09-03,110.67,14.66,22.99,11.12,14.97,1.0,4668840,4122793,5841986,23.34,-45.47,51.14,P+V+,P+V-,P+V+,➡️ 中性,9.14,30.85,0.296,3,3,7,3.8,0.89,-38.03,False,True,100.11,4.93,1.527,False,113.13,114.4,-2.18,-2.07,14.25,9.0,11.0,5763522.0,3773190.0,0.818,2375800.0,3710310.0,3948566.0,0.602,96.73,61.46,多頭,頭頭高·底底高,,5,5,20,8.0,4,,,False,True
MOS,Materials,Mosaic Company (The),2025-09-03,31.58,5.69,-10.61,32.28,14.91,0.667,5317610,5177520,5672516,27.32,-16.05,31.76,P+V+,P-V-,P+V+,➡️ 中性,28.79,40.53,0.71,10,23,2,12.3,-28.86,10.06,False,False,33.6,6.17,0.804,False,36.94,38.23,-14.49,-1.83,-8.38,11.0,9.0,4792554.0,5959344.0,1.222,3390600.0,3923200.0,4033486.0,0.841,76.65,43.27,空頭,頭頭低·底底低,多轉空預警,6,20,17,13.8,15,吃老本,,False,False
VMC,Materials,Vulcan Materials Company,2025-09-03,285.91,2.46,9.55,18.18,12.09,1.0,814715,930964,1119324,-22.8,-28.81,32.47,P+V-,P+V-,P+V+,⚠️ 頂部背離,16.14,24.78,0.651,15,9,5,11.2,-2.82,31.63,False,True,274.29,3.91,1.028,False,294.42,298.31,-2.89,-1.08,1.89,10.0,9.0,836160.0,813644.0,1.111,875100.0,706700.0,785606.0,1.114,85.35,54.25,多頭,頭頭高·底底高,,7,12,4,8.4,5,,,False,False
NUE,Materials,Nucor,2025-09-03,143.29,4.83,21.11,8.66,10.81,1.0,1210805,1957404,2280665,-33.29,-24.83,6.49,P+V-,P+V-,P+V+,⚠️ 頂部背離,-6.62,40.5,-0.163,12,4,8,8.8,0.32,16.87,False,True,139.25,5.95,1.133,False,166.01,170.52,-13.69,-1.85,4.13,8.0,12.0,1302750.0,1149508.0,0.667,1125000.0,1140570.0,1239066.0,0.908,81.57,52.34,擴散,頭頭高·底底低,,8,16,13,12.2,12,吃老本,,False,True
CTVA,Materials,Corteva,2025-09-03,71.72,1.96,2.28,16.11,9.11,1.0,4207680,4161620,3888612,8.0,15.1,18.21,P+V+,P+V+,P+V+,⭐⭐⭐ 完美多頭,27.57,23.39,1.179,17,14,6,13.9,17.09,28.24,False,False,72.49,4.11,0.943,False,76.5,77.41,-6.26,-1.86,0.35,10.0,10.0,4084790.0,4330570.0,1.0,3244900.0,3911680.0,3682986.0,0.881,80.98,46.75,空頭,頭頭低·底底低,,9,18,15,13.8,15,吃老本,,False,True
PKG,Materials,Packaging Corporation of America,2025-09-03,207.8,10.77,11.47,2.36,6.74,1.0,794385,748004,835117,14.76,-18.89,21.16,P+V+,P+V-,P+V+,➡️ 中性,-5.36,24.28,-0.221,8,7,14,8.9,1.47,4.34,False,True,196.4,10.6,1.292,False,240.28,250.82,-13.52,0.62,10.04,11.0,9.0,884290.0,684500.0,1.222,623000.0,1044110.0,890946.0,0.699,97.21,61.5,收斂,頭頭低·底底高,多轉空預警 / 空轉多預警 / 多頭確認,10,4,19,9.4,8,剛爆發,🎯 潛在暴漲,True,True
SHW,Materials,Sherwin-Williams,2025-09-03,359.62,3.73,2.36,2.78,2.91,1.0,1894970,1792689,1812690,-1.56,-2.18,9.38,P+V-,P+V-,P+V+,⚠️ 頂部背離,-4.08,23.82,-0.171,14,13,11,13.1,-11.19,4.13,False,True,347.41,5.58,1.278,False,394.07,400.42,-8.74,-0.94,3.33,8.0,12.0,2178962.0,1705641.0,0.667,2528600.0,1606530.0,1835540.0,1.378,83.98,54.79,擴散,頭頭高·底底低,,11,14,1,10.2,10,,,False,False
ECL,Materials,Ecolab,2025-09-03,270.35,1.65,3.3,2.78,2.63,1.0,1111490,1195487,1321727,-4.82,-17.44,26.06,P+V-,P+V-,P+V+,⚠️ 頂部背離,6.3,18.46,0.341,18,11,11,14.5,-0.29,0.05,False,True,268.95,5.09,0.985,False,283.02,286.04,-4.48,-2.15,2.53,12.0,8.0,1104691.0,1121687.0,1.5,1428900.0,1139900.0,1175293.0,1.216,90.4,45.67,擴散,頭頭高·底底低,,12,8,3,8.6,6,,,False,False
LIN,Materials,Linde plc,2025-09-03,463.99,0.06,1.88,3.17,2.07,1.0,1529155,1668446,2000284,-2.89,-28.46,3.59,P+V-,P+V-,P+V+,⚠️ 頂部背離,-0.52,15.83,-0.033,21,16,10,17.3,1.36,0.67,False,True,463.75,3.42,1.062,False,478.34,487.49,-3.0,-2.1,0.41,11.0,9.0,1570209.0,1478977.0,1.222,1617900.0,1683560.0,1657373.0,0.976,86.32,44.88,擴散,頭頭高·底底低,,13,10,10,11.2,11,,,False,True
SW,Materials,Smurfit Westrock,2025-09-03,45.6,11.23,11.26,-7.41,1.92,0.667,4219255,3834843,3881106,25.27,-2.36,1.61,P+V+,P+V-,P-V+,➡️ 中性,-4.66,38.63,-0.121,6,8,19,9.2,-13.89,24.18,False,True,43.78,12.82,1.052,False,53.86,56.99,-15.35,1.4,7.35,11.0,9.0,4315227.0,4101955.0,1.222,4490500.0,4611930.0,4332260.0,1.037,91.72,59.64,空頭,頭頭低·底底低,多轉空預警 / 多頭確認,14,7,8,10.0,9,剛爆發,,False,False
CF,Materials,CF Industries,2025-09-03,83.05,-5.15,-8.28,7.78,0.53,0.333,2992895,2867655,2792603,42.22,5.52,45.65,P-V+,P-V+,P+V+,⚠️ 中期出貨,13.6,31.08,0.438,24,22,9,20.4,-4.49,22.9,False,False,88.16,5.43,0.826,False,101.73,104.45,-18.36,-2.15,-8.03,10.0,10.0,2707580.0,3278210.0,1.0,2138300.0,2180130.0,2404573.0,0.889,73.77,42.38,空頭,頭頭低·底底低,,15,21,14,17.2,19,吃老本,,False,False
PPG,Materials,PPG Industries,2025-09-03,106.41,4.01,-0.39,-2.7,-0.45,0.333,1441795,1768012,2012773,-31.03,-21.68,17.42,P+V-,P-V-,P-V+,➡️ 中性,-16.84,24.14,-0.697,13,17,17,15.0,-0.01,6.05,False,False,109.19,6.17,1.069,False,130.56,137.24,-18.5,-3.0,3.68,8.0,12.0,1499887.0,1403066.0,0.667,1161000.0,1255810.0,1331166.0,0.872,79.71,44.19,空頭,頭頭低·底底低,,16,19,16,17.2,19,,,False,False
STLD,Materials,Steel Dynamics,2025-09-03,128.06,6.02,-4.14,-2.03,-0.55,0.333,1231815,1361055,1548572,-2.74,-21.6,3.41,P+V-,P-V-,P-V+,➡️ 中性,4.99,36.9,0.135,9,19,15,13.2,-3.46,4.0,False,True,127.75,7.32,1.35,False,151.9,155.56,-15.7,-1.62,4.91,9.0,11.0,1436844.0,1064063.0,0.818,1149100.0,1214200.0,1227733.0,0.936,88.2,51.6,空頭,頭頭低·底底低,,17,9,11,12.6,13,剛爆發,,False,False
APD,Materials,Air Products,2025-09-03,283.72,0.77,5.18,-5.6,-1.31,0.667,785285,1015853,1149900,-19.18,-20.88,-18.93,P+V-,P+V-,P-V-,➡️ 中性,7.49,24.24,0.309,19,10,18,16.1,3.23,-4.86,False,True,283.21,4.03,1.106,False,328.17,341.14,-13.55,-0.92,-0.41,9.0,11.0,828888.0,749609.0,0.818,606700.0,621200.0,728380.0,0.833,81.01,49.09,擴散,頭頭高·底底低,,18,17,18,17.6,21,,,False,True
BALL,Materials,Ball Corporation,2025-09-03,49.46,-4.2,-3.47,-2.57,-3.2,0.0,2450950,2407443,2592444,11.37,-13.32,28.01,P-V+,P-V-,P-V+,➡️ 中性,-13.71,25.76,-0.532,23,18,16,20.1,,,,,,,,,,,,,,,,,,,,,,,,,,,,19,22,22,,22,,,False,False
IP,Materials,International Paper,2025-09-03,45.9,4.99,3.05,-12.69,-4.34,0.667,3716360,4181556,4924802,-30.43,-26.23,-19.63,P+V-,P+V-,P-V-,➡️ 中性,-2.25,38.39,-0.059,11,12,21,13.3,-51.08,-38.04,False,False,46.82,5.88,1.177,False,55.94,60.36,-17.96,-1.25,5.49,11.0,9.0,3986172.0,3386588.0,1.222,3312200.0,3583070.0,3622780.0,0.914,91.73,47.95,收斂,頭頭低·底底高,多轉空預警 / 空轉多預警,20,6,12,12.8,14,剛爆發,🎯 潛在暴漲,True,False
AVY,Materials,Avery Dennison,2025-09-03,163.07,0.07,-4.29,-8.66,-5.38,0.333,592925,669173,735040,-3.77,-16.45,25.87,P+V-,P-V-,P-V+,➡️ 中性,-22.79,19.63,-1.161,20,20,20,20.0,,,,,,,,,,,,,,,,,,,,,,,,,,,,21,22,22,,22,,,False,False
LYB,Materials,LyondellBasell,2025-09-03,50.98,11.97,1.92,-23.85,-8.45,0.667,4445670,4526738,4299336,-9.97,11.17,73.03,P+V-,P+V+,P-V+,➡️ 中性,-44.18,36.24,-1.219,5,15,24,11.8,-20.83,-24.02,False,False,53.54,9.18,1.047,False,85.83,99.02,-40.61,-4.26,6.74,10.0,10.0,4547810.0,4343530.0,1.0,4359000.0,4248440.0,4055713.0,1.075,85.66,47.04,空頭,頭頭低·底底低,多轉空預警,22,11,5,14.2,17,剛爆發,,False,True
IFF,Materials,International Flavors & Fragrances,2025-09-03,64.16,-0.68,-12.74,-18.07,-12.39,0.0,2477345,1877426,1893831,46.76,-1.72,36.26,P-V+,P-V-,P-V+,➡️ 中性,-30.79,25.98,-1.185,22,25,23,23.1,,,,,,,,,,,,,,,,,,,,,,,,,,,,23,22,22,,22,,,False,False
AMCR,Materials,Amcor,2025-09-03,39.96,-11.26,-7.53,-15.82,-12.61,0.0,5668903,5065133,6307649,48.58,-32.91,137.26,P-V+,P-V-,P-V+,➡️ 中性,-13.79,25.1,-0.549,25,21,22,23.2,,,,,,,,,,,,,,,,,,,,,,,,,,,,24,22,22,,22,,,False,False
DOW,Materials,Dow Inc.,2025-09-03,22.8,13.97,-10.75,-34.06,-16.22,0.333,12760410,14393044,11829693,-29.57,55.33,85.71,P+V-,P-V+,P-V+,➡️ 中性,-55.7,40.97,-1.359,4,24,25,14.2,-146.25,249.81,False,False,24.03,7.46,1.075,False,49.31,55.67,-53.75,-1.88,8.47,8.0,11.0,13430287.0,12492518.0,0.727,11528200.0,11522750.0,11678960.0,0.987,84.05,48.71,空頭,頭頭低·底底低,,25,13,9,17.0,18,剛爆發,,False,False
CBRE,Real Estate,CBRE Group,2025-09-03,159.13,2.08,27.75,13.84,14.38,1.0,1529600,1550696,1796182,-10.55,-24.05,-0.19,P+V-,P+V-,P+V-,⚠️ 量能衰竭,35.9,31.85,1.127,14,1,2,7.7,11.16,12.71,False,True,150.24,5.71,0.841,False,165.41,165.41,-3.8,-2.63,1.7,9.0,11.0,1385911.0,1647163.0,0.818,2054400.0,1755820.0,1599953.0,1.284,76.97,55.24,多頭,頭頭高·底底高,,1,17,3,7.8,3,吃老本,,False,True
CSGP,Real Estate,CoStar Group,2025-09-03,87.86,-8.75,19.91,18.15,11.87,0.667,2644895,2827715,3208172,-11.22,-21.2,20.61,P-V-,P+V-,P+V+,➡️ 中性,24.92,30.87,0.807,29,2,1,15.3,23.4,43.86,False,False,88.26,4.65,0.86,False,97.43,97.43,-9.82,-1.69,-9.01,7.0,13.0,2391285.0,2781453.0,0.538,2066200.0,2174700.0,2526526.0,0.818,67.04,43.98,收斂,頭頭低·底底高,多轉空預警,2,22,18,13.2,13,吃老本,,False,True
HST,Real Estate,Host Hotels & Resorts,2025-09-03,15.88,12.35,12.77,10.37,11.46,1.0,8833845,9400652,10236806,-13.28,-15.1,33.83,P+V-,P+V-,P+V+,⚠️ 頂部背離,-8.08,26.32,-0.307,1,4,4,2.5,40.66,25.0,False,True,14.92,8.75,0.888,False,17.12,19.36,-7.22,1.54,11.62,10.0,10.0,8307830.0,9359860.0,1.0,5925300.0,8653440.0,8424200.0,0.703,88.12,66.29,擴散,頭頭高·底底低,多頭確認,3,7,22,8.4,5,,,False,True
BXP,Real Estate,"BXP, Inc.",2025-09-03,70.63,11.75,10.74,8.44,9.84,1.0,1392245,1658207,1612004,-19.41,5.9,38.1,P+V-,P+V+,P+V+,⚠️ 頂部背離,-7.2,29.65,-0.243,2,6,5,3.8,33.62,22.55,False,True,65.32,11.78,0.877,False,82.7,90.11,-14.59,6.19,11.62,10.0,10.0,1301240.0,1483250.0,1.0,1364000.0,1342710.0,1274366.0,1.07,89.8,70.67,擴散,頭頭高·底底低,多頭確認,4,5,7,5.0,1,,,False,True
WELL,Real Estate,Welltower,2025-09-03,165.0,-0.47,8.34,11.5,7.72,0.667,2293065,2726816,2977461,-3.55,-15.53,9.01,P-V-,P+V-,P+V+,➡️ 中性,42.6,19.45,2.19,21,7,3,13.2,3.39,5.27,False,True,158.46,3.3,0.925,False,167.87,171.09,-1.71,0.96,-0.9,9.0,10.0,2189733.0,2366910.0,0.9,2090900.0,2253290.0,2207860.0,0.947,79.54,59.16,多頭,頭頭高·底底高,,5,15,9,9.8,7,吃老本,,False,True
KIM,Real Estate,Kimco Realty,2025-09-03,21.22,5.39,7.48,6.53,6.48,1.0,3730335,4121720,4861594,-11.11,-26.42,19.48,P+V-,P+V-,P+V+,⚠️ 頂部背離,-4.35,18.65,-0.233,7,8,7,7.3,2.89,5.07,False,True,20.32,4.69,0.938,False,23.57,25.83,-9.98,1.67,5.59,10.0,9.0,3666420.0,3909988.0,1.111,3267300.0,3555680.0,3509220.0,0.931,87.1,62.55,多頭,頭頭高·底底高,空轉多預警 / 多頭確認,6,8,12,8.0,4,,,False,True
SPG,Real Estate,Simon Property Group,2025-09-03,171.7,7.36,11.85,1.04,5.33,1.0,1545495,1511280,1722533,8.06,-21.85,23.78,P+V+,P+V-,P+V+,➡️ 中性,6.3,19.98,0.315,5,5,11,6.2,-15.48,1.13,False,True,159.97,4.81,1.056,False,176.96,190.14,-2.97,1.71,6.23,11.0,9.0,1583409.0,1499155.0,1.222,1590500.0,1589690.0,1608213.0,0.989,91.24,68.14,多頭,頭頭高·底底高,空轉多預警 / 多頭確認,7,4,8,6.0,2,,,False,False
VICI,Real Estate,Vici Properties,2025-09-03,31.37,1.18,6.56,6.13,5.0,1.0,7844845,6549823,7047425,24.58,-13.19,33.51,P+V+,P+V-,P+V+,➡️ 中性,5.67,18.34,0.309,17,9,8,12.8,17.89,-24.88,False,True,31.03,4.12,1.309,False,31.94,34.29,-1.79,-0.15,-0.36,9.0,10.0,9023700.0,6895750.0,0.9,7174400.0,8984870.0,8449566.0,0.849,86.13,54.04,擴散,頭頭高·底底低,,8,9,17,10.2,8,,,False,True
O,Real Estate,Realty Income,2025-09-03,54.95,2.3,3.87,5.86,4.47,1.0,5199670,5399266,5713334,-4.81,-10.42,19.02,P+V-,P+V-,P+V+,⚠️ 頂部背離,-2.65,18.34,-0.144,13,12,9,11.9,-45.1,-14.99,False,True,54.23,4.21,0.933,False,58.42,64.88,-5.94,0.15,1.78,10.0,10.0,5019420.0,5379920.0,1.0,4102200.0,5841430.0,5496580.0,0.746,82.45,51.76,擴散,頭頭高·底底低,,9,14,20,13.2,13,,,False,False
FRT,Real Estate,Federal Realty Investment Trust,2025-09-03,95.92,7.39,6.08,-1.55,2.59,0.667,831365,757812,804908,5.96,-11.06,17.29,P+V+,P+V-,P-V+,➡️ 中性,-15.27,18.85,-0.81,4,10,14,7.8,138.29,2.23,False,True,90.99,4.93,0.95,False,109.53,118.34,-12.43,1.33,7.15,9.0,11.0,808022.0,850463.0,0.818,547300.0,635560.0,748593.0,0.731,83.72,63.69,空頭,頭頭低·底底低,多頭確認,10,13,21,13.4,15,,,False,True
CCI,Real Estate,Crown Castle,2025-09-03,92.61,-7.81,-1.78,6.75,0.98,0.333,3105610,3202875,3358247,-6.02,-8.84,22.3,P-V-,P-V-,P+V+,😴 弱勢縮量,-0.88,27.75,-0.032,28,16,6,20.0,19.56,1485.34,False,False,99.0,7.65,0.86,False,110.49,120.92,-16.18,-4.26,-7.5,7.0,13.0,2808314.0,3265692.0,0.538,3401800.0,3282040.0,3143493.0,1.082,66.92,34.31,收斂,頭頭低·底底高,多轉空預警 / 空頭確認,11,23,5,14.6,17,吃老本,,False,True
VTR,Real Estate,Ventas,2025-09-03,65.77,-1.53,6.05,-0.31,0.97,0.333,2449735,3011058,3169725,-13.04,-9.53,17.77,P-V-,P+V-,P-V+,➡️ 中性,13.96,20.89,0.668,24,11,12,17.7,10.44,35.81,False,True,64.61,3.98,1.167,False,69.05,71.36,-4.75,-0.22,-1.86,6.0,13.0,2695916.0,2311030.0,0.462,2045800.0,2537960.0,2532880.0,0.808,76.13,49.58,多頭,頭頭高·底底高,,12,19,19,16.2,20,吃老本,,False,True
DLR,Real Estate,Digital Realty,2025-09-03,156.97,-4.71,-5.85,4.28,-0.5,0.333,1439730,1615850,1965943,-4.79,-30.23,-2.14,P-V-,P-V-,P+V-,⚠️ 主升段結束,16.96,28.57,0.594,26,20,10,21.0,26.35,59.04,False,False,166.48,6.79,1.246,False,188.28,198.0,-16.63,-3.82,-6.2,7.0,13.0,1651842.0,1325515.0,0.538,1669600.0,1566770.0,1557160.0,1.072,74.64,34.98,擴散,頭頭高·底底低,空頭確認,13,21,6,14.8,18,吃老本,,False,True
ARE,Real Estate,Alexandria Real Estate Equities,2025-09-03,76.88,10.44,19.33,-16.57,-0.84,0.667,1385595,1592124,1642588,-14.66,-5.96,29.99,P+V-,P+V-,P-V+,➡️ 中性,-30.85,30.37,-1.016,3,3,30,8.4,-24.02,-15.52,False,True,73.07,7.67,1.043,False,111.92,125.63,-31.31,0.9,4.38,12.0,8.0,1409000.0,1350487.0,1.5,1026700.0,1040170.0,1188226.0,0.864,93.75,60.43,多頭,頭頭高·底底高,,14,1,16,9.2,6,剛爆發,,False,False
REG,Real Estate,Regency Centers,2025-09-03,69.39,-1.33,1.37,-2.54,-1.26,0.333,1190245,1148744,1153097,2.96,-0.75,13.83,P-V+,P+V-,P-V+,➡️ 中性,5.45,14.95,0.365,23,15,16,19.2,4.35,3.98,False,True,68.35,2.64,1.088,True,73.66,78.18,-5.8,0.22,-2.14,7.0,13.0,1256585.0,1154523.0,0.538,771200.0,1149850.0,1142026.0,0.675,75.93,53.52,收斂,頭頭低·底底高,多轉空預警 / 空轉多預警,15,20,23,18.6,23,,🎯 潛在暴漲,True,True
PSA,Real Estate,Public Storage,2025-09-03,280.13,3.67,-4.86,-2.63,-1.61,0.333,626760,818766,828868,-36.46,-2.41,16.94,P+V-,P-V-,P-V+,➡️ 中性,-14.85,21.36,-0.696,10,18,17,13.8,0.95,1.25,False,True,275.95,4.23,1.023,False,344.96,369.99,-18.79,1.0,3.53,10.0,10.0,634000.0,619520.0,1.0,569100.0,608610.0,605306.0,0.94,85.42,55.21,多頭,頭頭高·底底高,空轉多預警,16,10,10,12.4,11,剛爆發,,False,True
PLD,Real Estate,Prologis,2025-09-03,107.47,4.94,3.0,-7.95,-1.99,0.667,2947025,3867233,4578636,-38.04,-26.9,20.91,P+V-,P+V-,P-V+,➡️ 中性,-13.32,26.84,-0.496,8,14,21,12.4,-18.54,-1.33,False,True,104.66,5.7,0.993,False,124.06,132.57,-13.37,-0.36,3.65,8.0,12.0,2935500.0,2954708.0,0.667,3333700.0,3225680.0,3009946.0,1.108,79.43,54.59,空頭,頭頭低·底底低,多轉空預警 / 多頭確認,17,16,4,14.0,16,,,False,False
DOC,Real Estate,Healthpeak Properties,2025-09-03,16.58,5.85,3.62,-9.59,-2.43,0.667,6563985,6872873,6456444,-16.31,13.79,29.7,P+V-,P+V+,P-V+,➡️ 中性,-18.74,21.53,-0.87,6,13,22,11.3,12.22,40.67,False,True,16.44,5.66,1.027,False,20.63,23.26,-19.62,1.14,3.75,10.0,8.0,6430480.0,6262775.0,1.25,5895100.0,6672710.0,6493666.0,0.908,89.43,55.2,擴散,頭頭高·底底低,,18,6,13,12.2,10,剛爆發,,False,True
IRM,Real Estate,Iron Mountain,2025-09-03,86.85,-0.26,-9.01,-0.42,-2.52,0.0,1534355,1470093,1704110,40.53,-24.15,0.31,P-V+,P-V-,P-V+,➡️ 中性,-13.12,32.18,-0.408,20,27,13,20.7,-4.22,6.99,False,False,92.87,7.87,0.885,False,123.05,130.24,-29.42,-1.77,-6.01,10.0,10.0,1440670.0,1628040.0,1.0,2038800.0,1191940.0,1237820.0,1.647,76.17,40.09,空頭,頭頭低·底底低,,19,18,1,15.0,19,,,False,False
EXR,Real Estate,Extra Space Storage,2025-09-03,136.83,3.73,-5.37,-4.59,-2.71,0.333,1022175,1147338,1156795,-24.1,-1.62,10.54,P+V-,P-V-,P-V+,➡️ 中性,-18.36,24.52,-0.749,9,19,18,13.8,-0.22,24.62,False,False,137.86,4.26,0.949,False,171.0,184.87,-19.98,1.88,3.31,12.0,8.0,1000775.0,1054275.0,1.5,925800.0,931420.0,1019846.0,0.908,91.85,53.72,空頭,頭頭低·底底低,,20,3,13,11.8,9,剛爆發,,False,False
AMT,Real Estate,American Tower,2025-09-03,188.96,-6.05,-7.62,-2.22,-4.53,0.0,2405440,2188424,2696680,14.98,-31.72,17.58,P-V+,P-V-,P-V+,➡️ 中性,-3.19,28.11,-0.114,27,26,15,24.3,-53.01,-33.66,False,False,206.83,9.53,0.841,False,227.09,243.56,-16.79,-5.39,-6.57,7.0,13.0,2142500.0,2547023.0,0.538,3630500.0,2573290.0,2575006.0,1.41,66.7,31.01,空頭,頭頭低·底底低,多轉空預警 / 空頭確認,21,24,2,18.4,22,,,False,False
CPT,Real Estate,Camden Property Trust,2025-09-03,105.13,2.76,-6.28,-9.61,-5.69,0.333,850085,937432,1000938,-6.88,-11.93,11.72,P+V-,P-V-,P-V+,➡️ 中性,-10.94,22.17,-0.494,11,21,23,16.4,-6.86,29.53,False,False,106.43,4.33,1.083,False,119.44,127.69,-11.98,0.19,1.62,12.0,8.0,876891.0,809875.0,1.5,774700.0,814060.0,867433.0,0.893,92.49,50.11,擴散,頭頭高·底底低,,22,2,15,12.6,12,剛爆發,,False,False
INVH,Real Estate,Invitation Homes,2025-09-03,28.95,-0.1,-9.42,-7.69,-6.22,0.0,3473920,3521923,3473705,-3.95,2.82,5.69,P-V-,P-V+,P-V+,➡️ 中性,-14.45,18.94,-0.763,19,28,20,21.9,,,,,,,,,,,,,,,,,,,,,,,,,,,,23,25,25,,25,,,False,False
VMRK,Real Estate,Vivmark Residential,2025-09-03,61.88,2.0,-6.58,-10.47,-6.38,0.333,2004885,2046340,2039690,-6.12,0.65,32.25,P+V-,P-V+,P-V+,➡️ 中性,-12.03,22.07,-0.545,15,23,24,19.2,,,False,False,62.73,3.99,0.826,False,72.78,78.83,-14.97,0.29,1.99,11.0,9.0,1830845.0,2217600.0,1.222,1370000.0,1889780.0,2039513.0,0.672,84.09,49.14,空頭,頭頭低·底底低,,24,12,24,19.2,24,剛爆發,,False,False
UDR,Real Estate,"UDR, Inc.",2025-09-03,36.75,0.16,-6.3,-11.57,-7.32,0.333,2028705,2249972,2297726,-17.47,-4.07,13.36,P+V-,P-V-,P-V+,➡️ 中性,-9.75,21.83,-0.447,18,22,25,20.6,,,,,,,,,,,,,,,,,,,,,,,,,,,,25,25,25,,25,,,False,False
ESS,Real Estate,Essex Property Trust,2025-09-03,251.48,2.75,-7.3,-12.43,-7.35,0.333,440810,506923,490190,-27.05,7.07,23.84,P+V-,P-V+,P-V+,➡️ 中性,-11.73,27.13,-0.433,12,25,27,18.9,5.1,2.57,False,False,262.53,4.22,0.896,False,298.89,317.73,-15.86,-1.23,1.61,11.0,9.0,418881.0,467611.0,1.222,385500.0,383820.0,410546.0,0.939,84.48,44.7,擴散,頭頭高·底底低,,26,11,11,17.0,21,剛爆發,,False,True
MAA,Real Estate,Mid-America Apartment Communities,2025-09-03,136.91,1.99,-6.94,-12.37,-7.42,0.333,801935,944455,938568,-13.49,1.26,34.11,P+V-,P-V+,P-V+,➡️ 中性,-9.16,20.84,-0.44,16,24,26,20.4,,,,,,,,,,,,,,,,,,,,,,,,,,,,27,25,25,,25,,,False,False
WY,Real Estate,Weyerhaeuser,2025-09-03,23.95,-2.06,-2.52,-15.49,-8.89,0.0,3831620,4362378,4224615,-22.66,6.74,16.64,P-V-,P-V+,P-V+,➡️ 中性,-13.56,23.78,-0.57,25,17,29,23.4,,,,,,,,,,,,,,,,,,,,,,,,,,,,28,25,25,,25,,,False,False
SBAC,Real Estate,SBA Communications,2025-09-03,194.35,-8.86,-13.31,-7.28,-9.18,0.0,936020,791693,899603,15.92,-21.42,7.35,P-V+,P-V-,P-V+,➡️ 中性,-1.9,26.54,-0.072,30,29,19,27.5,,,,,,,,,,,,,,,,,,,,,,,,,,,,29,25,25,,25,,,False,False
EQIX,Real Estate,Equinix,2025-09-03,746.25,-0.79,-13.88,-15.31,-11.32,0.0,390850,610280,638401,-31.66,-8.44,32.05,P-V-,P-V-,P-V+,😴 弱勢縮量,-5.2,23.8,-0.219,22,30,28,25.6,,,,,,,,,,,,,,,,,,,,,,,,,,,,30,25,25,,25,,,False,False
AES,Utilities,AES Corporation,2025-09-03,12.6,3.04,31.72,31.5,24.44,1.0,7588260,13730652,15350036,-55.06,-19.09,25.11,P+V-,P+V-,P+V+,⚠️ 頂部背離,-21.29,51.09,-0.417,2,1,3,1.9,28.96,-17.83,False,True,12.07,5.77,1.095,False,18.26,20.3,-30.97,-0.82,3.93,11.0,8.0,7944672.0,7254275.0,1.375,6474600.0,6969310.0,7838660.0,0.826,91.82,52.37,多頭,頭頭高·底底高,,1,2,11,3.4,1,,,False,True
VST,Utilities,Vistra Corp.,2025-09-03,187.14,-6.34,12.47,45.13,24.1,0.667,4022870,4779460,6296803,-20.63,-38.84,-13.88,P-V-,P+V-,P+V-,➡️ 中性,147.07,65.25,2.254,30,2,1,15.8,-9.77,-251.65,False,False,194.39,10.08,1.045,False,215.72,216.85,-13.25,-3.59,-10.25,7.0,13.0,4137728.0,3961023.0,0.538,2815300.0,3494630.0,3489166.0,0.807,68.77,43.0,空頭,頭頭低·底底低,多轉空預警,2,21,13,11.8,11,吃老本,,False,True
NRG,Utilities,NRG Energy,2025-09-03,145.12,-1.11,-7.06,40.7,18.31,0.333,2681210,2950958,3180124,-4.38,-13.44,16.66,P-V-,P-V-,P+V+,😴 弱勢縮量,105.44,50.99,2.068,11,30,2,14.9,5.05,58.83,False,False,151.84,7.13,0.838,False,173.81,175.96,-16.51,0.47,-14.57,7.0,13.0,2381757.0,2842453.0,0.538,1457700.0,1964480.0,2096246.0,0.695,64.19,43.97,多頭,頭頭高·底底高,空轉多預警,3,22,20,14.0,14,吃老本,,False,True
SRE,Utilities,Sempra,2025-09-03,79.92,1.33,6.31,16.42,10.12,1.0,3409675,3586444,4246273,2.29,-26.9,19.02,P+V+,P+V-,P+V+,➡️ 中性,3.5,27.77,0.126,5,6,5,5.3,4.77,9.33,False,True,77.0,2.92,1.122,True,90.82,95.77,-12.0,0.55,-0.17,9.0,11.0,3625955.0,3232718.0,0.818,3238900.0,3205430.0,3154100.0,1.027,82.02,54.77,收斂,頭頭低·底底高,多轉空預警,4,7,4,5.2,2,,🎯 潛在暴漲,True,True
CEG,Utilities,Constellation Energy,2025-09-03,306.77,-8.75,-1.46,24.07,9.48,0.333,2061350,2551049,3251754,-16.81,-35.46,-10.48,P-V-,P-V-,P+V-,⚠️ 主升段結束,75.51,61.08,1.236,31,27,4,24.4,4.24,-3.1,False,False,320.17,8.64,0.741,False,354.59,357.0,-13.49,-2.56,-10.11,6.0,14.0,1656166.0,2235000.0,0.429,1374400.0,1842660.0,1931140.0,0.712,62.31,40.4,多頭,頭頭高·底底高,空轉多預警,5,23,18,14.8,17,吃老本,,False,True
FE,Utilities,FirstEnergy,2025-09-03,41.72,0.94,5.66,14.96,9.13,1.0,3481215,4343643,5084810,-13.88,-25.44,63.8,P+V-,P+V-,P+V+,⚠️ 頂部背離,2.24,16.6,0.135,6,8,6,6.6,6.88,13.09,False,True,40.12,3.07,0.916,False,42.69,44.97,-2.25,-0.44,0.76,8.0,11.0,3317850.0,3620363.0,0.727,2305100.0,3458750.0,3488133.0,0.661,77.23,56.9,多頭,頭頭高·底底高,,6,11,22,11.2,8,,,False,True
ATO,Utilities,Atmos Energy,2025-09-03,161.48,5.77,7.4,11.6,9.09,1.0,988940,829341,990303,46.69,-27.96,19.05,P+V+,P+V-,P+V+,➡️ 中性,21.88,16.61,1.317,1,5,8,3.6,1.25,5.3,False,True,154.84,2.22,1.432,True,164.18,168.86,-1.65,-0.48,6.03,13.0,7.0,1105669.0,772157.0,1.857,655300.0,857170.0,839993.0,0.78,100.0,59.03,多頭,頭頭高·底底高,空轉多預警,7,1,15,6.2,4,剛爆發,🎯 潛在暴漲,False,True
CNP,Utilities,CenterPoint Energy,2025-09-03,36.78,-1.98,1.03,12.82,6.17,0.667,4257815,5107489,5493235,-27.47,-13.12,8.16,P-V-,P+V-,P+V+,➡️ 中性,45.36,16.87,2.688,17,20,7,15.9,-4.56,-0.8,False,True,36.48,3.06,0.942,False,38.29,39.39,-3.94,-0.21,-2.81,8.0,11.0,4120525.0,4376227.0,0.727,4851900.0,4513640.0,4205380.0,1.154,75.62,47.65,擴散,頭頭高·底底低,,8,15,3,9.8,6,吃老本,,False,False
EIX,Utilities,Edison International,2025-09-03,52.46,0.8,1.45,11.22,6.17,1.0,2894835,3859487,3734797,-26.38,6.91,13.65,P+V-,P+V+,P+V+,⚠️ 頂部背離,-33.17,35.78,-0.927,7,19,9,11.0,10.12,13.27,False,True,50.31,7.66,1.014,False,80.59,88.77,-34.9,0.78,0.13,10.0,10.0,2915250.0,2874420.0,1.0,3353400.0,2722640.0,2495620.0,1.344,83.14,53.65,多頭,頭頭高·底底高,,8,5,2,5.6,3,,,False,True
EVRG,Utilities,Evergy,2025-09-03,68.98,-1.63,8.35,7.26,5.31,0.667,2053760,2336056,2455813,-17.81,-9.3,34.53,P-V-,P+V-,P+V+,➡️ 中性,27.37,16.05,1.705,13,3,10,9.4,5.95,-19.57,False,True,67.61,2.82,0.905,False,70.82,73.97,-2.59,-0.52,-1.35,10.0,9.0,1946660.0,2150877.0,1.111,3180000.0,1802520.0,1880240.0,1.691,81.49,52.93,多頭,頭頭高·底底高,,10,8,1,7.4,5,,,False,True
PPL,Utilities,PPL Corporation,2025-09-03,35.11,0.19,5.17,6.85,4.76,1.0,6961990,5913721,5911950,0.36,0.06,29.63,P+V+,P+V+,P+V+,⭐⭐⭐ 完美多頭,15.77,15.92,0.99,8,10,11,9.2,-17.18,11.02,False,True,34.55,3.82,0.744,False,36.23,37.38,-3.1,-0.82,1.23,9.0,11.0,5854488.0,7868127.0,0.818,5387900.0,4978160.0,5629466.0,0.957,75.7,48.56,多頭,頭頭高·底底高,空轉多預警,11,14,8,11.6,10,,,False,False
AEP,Utilities,American Electric Power,2025-09-03,106.72,-2.25,7.52,6.43,4.53,0.667,2947150,3004741,3616350,-17.23,-28.93,25.28,P-V-,P+V-,P+V+,➡️ 中性,16.12,17.52,0.92,19,4,14,13.5,12.83,9.86,False,True,105.3,5.55,1.152,False,111.62,115.36,-4.39,-2.31,-2.03,7.0,13.0,3222857.0,2798692.0,0.538,2429800.0,2984140.0,2995153.0,0.811,76.09,45.05,收斂,頭頭低·底底高,多轉空預警 / 空轉多預警 / 空頭確認,12,12,12,12.0,12,,🎯 潛在暴漲,True,True
NI,Utilities,NiSource,2025-09-03,40.71,-0.1,6.28,5.7,4.4,0.667,3433010,3987801,4545148,-18.08,-21.85,23.77,P-V-,P+V-,P+V+,➡️ 中性,33.56,15.17,2.212,9,7,17,10.0,7.11,8.74,False,True,40.18,3.26,0.916,False,42.38,43.51,-3.93,-1.37,-2.56,8.0,12.0,3253612.0,3552608.0,0.667,2807700.0,2780620.0,2951413.0,0.951,73.94,47.54,收斂,頭頭低·底底高,多轉空預警 / 空轉多預警,13,18,9,14.2,15,,🎯 潛在暴漲,True,True
NEE,Utilities,NextEra Energy,2025-09-03,69.63,2.33,2.9,5.75,4.18,1.0,9585075,10331296,11859530,8.33,-22.83,16.34,P+V+,P+V-,P+V+,➡️ 中性,-9.54,25.76,-0.37,3,16,16,9.5,4.01,1.19,False,False,70.64,7.41,1.321,False,81.17,86.1,-14.22,-3.55,1.41,8.0,12.0,11220675.0,8494675.0,0.667,7722300.0,9497850.0,10259726.0,0.753,82.54,42.87,收斂,頭頭低·底底高,多轉空預警,14,6,17,11.4,9,剛爆發,,False,True
DUK,Utilities,Duke Energy,2025-09-03,117.38,-2.12,4.54,6.71,3.96,0.667,2851320,2924072,3592423,-7.73,-31.37,8.48,P-V-,P+V-,P+V+,➡️ 中性,11.88,19.18,0.62,18,13,13,15.5,6.42,10.84,False,True,115.93,4.33,0.982,False,122.46,127.85,-4.15,-1.44,-1.17,10.0,10.0,2825990.0,2876650.0,1.0,2152100.0,2508930.0,2777773.0,0.775,80.91,47.14,收斂,頭頭低·底底高,多轉空預警,15,9,16,12.8,13,剛爆發,,False,True
D,Utilities,Dominion Energy,2025-09-03,55.86,-3.36,3.79,6.85,3.53,0.667,4423475,5197998,5479131,-7.08,-9.76,28.02,P-V-,P+V-,P+V+,➡️ 中性,13.18,19.72,0.668,26,14,11,19.4,10.69,23.16,False,False,55.88,6.49,0.837,False,59.22,62.46,-5.67,-1.5,-3.54,8.0,12.0,3959912.0,4732516.0,0.667,4454500.0,4591930.0,4409273.0,1.01,71.92,42.51,多頭,頭頭高·底底高,空轉多預警,16,20,6,15.6,19,,,False,True
XEL,Utilities,Xcel Energy,2025-09-03,70.26,-1.19,4.74,4.08,2.93,0.667,3359790,3212766,3688911,2.13,-22.86,4.53,P-V+,P+V-,P+V+,⚠️ 中期出貨,24.52,18.78,1.306,12,12,20,13.6,16.29,-8.64,False,True,69.07,3.91,0.956,False,72.34,74.57,-2.87,-0.15,-1.76,8.0,12.0,3270212.0,3419508.0,0.667,3044900.0,3094560.0,3452266.0,0.882,75.62,50.56,收斂,頭頭低·底底高,多轉空預警,17,15,10,14.8,17,,,False,True
AWK,Utilities,American Water Works,2025-09-03,136.96,-0.29,-0.64,6.22,2.88,0.333,1247710,1259830,1441296,-16.83,-22.37,24.91,P-V-,P-V-,P+V+,😴 弱勢縮量,0.65,19.56,0.033,10,25,15,15.5,-3.06,-1.5,False,False,138.11,5.6,1.125,False,149.61,155.5,-8.45,-2.26,0.0,12.0,8.0,1305858.0,1160487.0,1.5,1054800.0,1071140.0,1090486.0,0.967,91.29,42.91,多頭,頭頭高·底底高,,18,3,7,9.8,6,剛爆發,,False,False
SO,Utilities,Southern Company,2025-09-03,88.73,-2.42,2.72,5.52,2.83,0.667,4242890,5069941,5086705,-22.87,-0.66,13.36,P-V-,P+V-,P+V+,➡️ 中性,12.02,14.81,0.812,20,17,18,18.7,,,,,,,,,,,,,,,,,,,,,,,,,,,,19,24,24,,24,,,False,False
ETR,Utilities,Entergy,2025-09-03,85.08,-2.77,5.58,3.69,2.55,0.667,2349855,2633875,3360293,-18.34,-35.55,-7.35,P-V-,P+V-,P+V-,➡️ 中性,53.23,19.74,2.697,22,9,22,18.1,15.11,19.63,False,True,84.28,4.1,1.068,False,89.56,92.4,-5.0,-2.67,-2.9,7.0,13.0,2451671.0,2295030.0,0.538,1626600.0,2316790.0,2416300.0,0.673,73.96,43.79,多頭,頭頭高·底底高,空轉多預警 / 空頭確認,20,17,21,19.0,23,,,False,True
LNT,Utilities,Alliant Energy,2025-09-03,62.57,-1.9,4.76,2.69,2.06,0.667,1989000,1893715,2059139,10.05,-14.87,37.11,P-V+,P+V-,P+V+,⚠️ 中期出貨,17.17,17.4,0.987,16,11,24,16.1,6.0,16.9,False,True,61.84,4.48,0.963,False,65.09,67.11,-3.86,-1.81,-2.35,7.0,13.0,1940328.0,2015207.0,0.538,1600800.0,1802100.0,2008020.0,0.797,72.79,46.45,多頭,頭頭高·底底高,,21,19,14,18.8,22,,,False,True
DTE,Utilities,DTE Energy,2025-09-03,131.12,-2.61,0.45,4.45,1.68,0.667,1031410,1312510,1430549,-28.08,-15.24,19.79,P-V-,P+V-,P+V+,➡️ 中性,15.42,17.79,0.867,21,22,19,20.9,,,,,,,,,,,,,,,,,,,,,,,,,,,,22,24,24,,24,,,False,False
AEE,Utilities,Ameren,2025-09-03,97.15,-1.67,3.62,1.93,1.45,0.667,1370090,1566658,1715237,-12.11,-15.94,17.48,P-V-,P+V-,P+V+,➡️ 中性,27.39,14.97,1.83,14,15,26,16.7,1.71,2.75,False,True,96.4,4.47,0.862,False,100.72,104.1,-3.54,-0.91,-2.05,9.0,11.0,1259455.0,1460609.0,0.818,979100.0,1298710.0,1381820.0,0.709,75.77,47.08,收斂,頭頭低·底底高,多轉空預警,23,13,19,18.2,20,剛爆發,,False,True
WEC,Utilities,WEC Energy Group,2025-09-03,103.36,-1.79,0.5,2.94,1.15,0.667,2075425,2069955,2209461,2.8,-11.88,11.69,P-V+,P+V-,P+V+,⚠️ 中期出貨,21.34,14.07,1.517,15,21,23,18.4,7.6,4.33,False,True,103.07,4.44,1.088,False,107.32,111.9,-3.69,-0.25,-2.03,9.0,11.0,2172144.0,1996290.0,0.818,2145600.0,1840560.0,2090446.0,1.026,79.99,47.43,空頭,頭頭低·底底低,多轉空預警,24,10,5,14.6,16,剛爆發,,False,True
ES,Utilities,Eversource Energy,2025-09-03,60.53,-3.26,-2.5,3.93,0.53,0.333,2253025,2296401,2549944,10.04,-18.09,8.14,P-V+,P-V-,P+V+,⚠️ 中期出貨,2.29,22.77,0.101,25,28,21,25.1,,,,,,,,,,,,,,,,,,,,,,,,,,,,25,24,24,,24,,,False,False
CMS,Utilities,CMS Energy,2025-09-03,69.35,-2.79,2.6,0.34,0.12,0.667,2176210,2307898,2519895,2.08,-15.52,17.3,P-V+,P+V-,P+V+,⚠️ 中期出貨,11.82,14.37,0.822,23,18,28,22.5,,,,,,,,,,,,,,,,,,,,,,,,,,,,26,24,24,,24,,,False,False
PEG,Utilities,Public Service Enterprise Group,2025-09-03,78.75,-5.26,0.11,2.42,-0.08,0.667,2670420,2676046,3017393,7.12,-20.33,22.57,P-V+,P+V-,P+V+,⚠️ 中期出貨,12.54,21.49,0.584,28,23,25,25.9,,,,,,,,,,,,,,,,,,,,,,,,,,,,27,24,24,,24,,,False,False
EXC,Utilities,Exelon,2025-09-03,41.84,-2.87,-0.05,0.84,-0.31,0.333,5782450,5863701,7260095,-0.15,-32.26,7.93,P-V-,P-V-,P+V+,😴 弱勢縮量,20.68,17.18,1.204,24,24,27,24.6,,,,,,,,,,,,,,,,,,,,,,,,,,,,28,24,24,,24,,,False,False
PNW,Utilities,Pinnacle West Capital,2025-09-03,85.42,-4.14,-1.35,-0.43,-1.58,0.0,1016145,1154812,1192285,-11.1,-6.09,5.75,P-V-,P-V-,P-V+,😴 弱勢縮量,9.84,16.55,0.595,27,26,30,27.3,,,,,,,,,,,,,,,,,,,,,,,,,,,,29,24,24,,24,,,False,False
ED,Utilities,Consolidated Edison,2025-09-03,94.71,-5.27,-5.01,-0.42,-2.78,0.0,2968015,2614169,2858551,46.14,-15.75,35.97,P-V+,P-V-,P-V+,➡️ 中性,5.28,18.37,0.288,29,29,29,29.0,,,,,,,,,,,,,,,,,,,,,,,,,,,,30,24,24,,24,剛爆發,,False,False
PCG,Utilities,PG&E Corporation,2025-09-03,15.19,1.45,-7.64,-3.02,-3.06,0.333,22510035,28251161,22387601,-16.4,70.97,22.24,P+V-,P-V+,P-V+,➡️ 中性,-22.61,32.59,-0.694,4,31,31,17.5,-1.86,-3.04,False,True,14.21,9.72,0.913,False,21.4,21.72,-29.01,1.99,1.19,11.0,9.0,21585327.0,23640233.0,1.222,11555200.0,20459920.0,22116473.0,0.522,85.82,58.13,多頭,頭頭高·底底高,,31,4,23,18.6,21,剛爆發,,False,True
