symbol,sector,name,as_of_date,t_price,cum_ret_4w,cum_ret_13w,cum_ret_26w,point,di,avg_vol_4w,avg_vol_13w,avg_vol_26w,vol_change_4w,vol_change_13w,vol_change_26w,pv_state_4w,pv_state_13w,pv_state_26w,pv_verdict,mom_12m_1m,weekly_vol_ann,spmo_score,cum_ret_4w_rank_in_sector,cum_ret_13w_rank_in_sector,cum_ret_26w_rank_in_sector,cms_a,surprise_l1,surprise_l2,pre_earnings_14d,above_50ma,ma50,amp_10d_pct,vp_ratio_stock,vcp,high_52w,high_52w_raw,pct_from_high,ret_5d,ret_20d,up_days_20,down_days_20,up_avg_vol,down_avg_vol,ud_ratio,vol_today,vol_10d_avg,vol_3w_avg,vol_ratio_stock_20d,vp_score_stock,rsi14,trend_state,trend_pattern,trend_signal,point_rank_in_sector,vp_score_rank_in_sector,vol_rank_in_sector,composite_in_sector,composite_rank_in_sector,stock_gap_alert,explosive_verdict,is_new_signal_3d,earnings_passed
NWSA,Communication Services,News Corp (Class A),2026-09-17,30.18,2.13,16.78,27.77,18.61,1.0,3590740,4567144,4582776,-9.02,-0.68,14.24,P+V-,P+V-,P+V+,⚠️ 頂部背離,-2.17,27.77,-0.078,6,3,1,4.1,51.24,5.46,False,True,29.01,6.27,0.903,False,31.55,31.66,-4.35,2.72,2.82,10.0,10.0,3407140.0,3774340.0,1.0,2631800.0,3478770.0,3870026.0,0.68,83.58,54.94,多頭,頭頭高·底底高,,1,8,22,8.0,4,吃老本,,False,True
NWS,Communication Services,News Corp (Class B),2026-09-17,33.37,-0.92,13.27,25.08,15.63,0.667,1081100,1420150,1456350,-4.14,-4.85,14.05,P-V-,P+V-,P+V+,➡️ 中性,1.52,28.14,0.054,12,5,2,7.9,51.24,5.46,False,True,32.79,6.92,0.884,False,35.65,35.76,-6.4,1.8,-0.18,9.0,11.0,1008222.0,1140727.0,0.818,796400.0,1003340.0,1139126.0,0.699,78.35,49.53,多頭,頭頭高·底底高,,2,14,21,10.6,11,吃老本,,False,True
META,Communication Services,Meta Platforms,2026-09-17,682.31,25.0,13.68,11.38,15.36,1.0,17992245,18257475,17697740,3.86,6.53,9.95,P+V+,P+V+,P+V+,⭐⭐⭐ 完美多頭,-29.38,43.88,-0.67,1,4,8,3.3,-14.42,56.79,False,True,606.69,12.5,1.113,False,788.22,790.8,-13.44,5.89,24.96,15.0,5.0,18461726.0,16583800.0,3.0,15928000.0,20095150.0,18529913.0,0.86,100.0,73.97,收斂,頭頭低·底底高,多轉空預警 / 空轉多預警 / 多頭確認,3,1,15,4.6,2,,🚀 暴漲中,True,False
FOXA,Communication Services,Fox Corporation (Class A),2026-09-17,64.98,-3.96,24.7,13.73,12.05,0.667,4807565,6424858,5064982,-3.1,73.41,34.91,P-V-,P+V+,P+V+,➡️ 中性,15.32,40.23,0.381,17,1,6,10.0,29.29,36.35,False,True,62.5,8.8,0.848,False,75.68,76.39,-14.14,-0.31,-3.96,9.0,10.0,4347200.0,5124220.0,0.9,4197300.0,4579170.0,4706526.0,0.892,75.85,48.41,多頭,頭頭高·底底高,,4,17,14,11.2,13,吃老本,,False,True
FOX,Communication Services,Fox Corporation (Class B),2026-09-17,58.43,-2.86,22.46,12.86,11.33,0.667,1042795,1612390,1529559,-4.97,11.45,-12.5,P-V-,P+V+,P+V-,➡️ 中性,13.34,38.42,0.347,16,2,7,10.0,31.62,22.22,False,True,55.81,8.82,0.857,False,67.48,68.18,-13.41,0.64,-2.77,10.0,10.0,962710.0,1122880.0,1.0,828900.0,984970.0,1132333.0,0.732,78.6,49.87,多頭,頭頭高·底底高,,5,13,20,11.2,13,吃老本,,False,True
PSKY,Communication Services,Paramount Skydance Corporation,2026-09-17,10.62,3.68,3.58,10.86,7.25,1.0,11659780,11152527,10838637,-7.66,5.96,7.41,P+V-,P+V+,P+V+,⚠️ 頂部背離,-40.03,61.08,-0.655,5,10,9,7.3,-2.33,51.38,False,True,9.64,10.79,0.754,False,20.48,20.86,-48.14,2.78,0.65,13.0,6.0,10588753.0,14047250.0,2.167,28630800.0,13568980.0,12511813.0,2.288,97.2,53.97,多頭,頭頭高·底底高,空轉多預警,6,2,1,3.4,1,,,False,False
GOOGL,Communication Services,Alphabet Inc. (Class A),2026-09-17,347.33,2.02,-6.88,15.05,6.31,0.667,23961820,29523847,29482379,-19.57,0.28,-16.38,P+V-,P-V+,P+V-,⚠️ 量能背離,38.42,33.07,1.162,7,17,4,9.4,214.23,91.59,False,True,345.58,6.51,1.031,False,408.1,408.61,-14.89,4.43,0.82,9.0,11.0,24361566.0,23634754.0,0.818,19238400.0,24425080.0,24827200.0,0.775,82.58,53.46,多頭,頭頭高·底底高,空轉多預警,7,9,17,9.8,8,,,False,True
GOOG,Communication Services,Alphabet Inc. (Class C),2026-09-17,343.68,1.69,-7.33,14.15,5.66,0.667,15990265,19620827,20013559,-19.93,-3.85,-10.98,P+V-,P-V-,P+V-,⚠️ 量能背離,37.03,32.14,1.152,8,18,5,10.4,212.9,94.3,False,True,343.53,6.17,0.997,False,403.96,404.47,-14.92,4.02,0.64,10.0,10.0,15970060.0,16010470.0,1.0,15315700.0,15530640.0,16239713.0,0.943,84.45,53.02,多頭,頭頭高·底底高,空轉多預警,8,7,12,8.4,5,,,False,True
RDDT,Communication Services,Reddit,2026-09-17,152.83,1.68,-12.86,15.47,4.94,0.667,4356090,5702903,5326593,-51.13,15.2,-1.53,P+V-,P-V+,P+V-,⚠️ 量能背離,-43.07,68.76,-0.626,9,21,3,11.4,29.56,79.12,False,False,164.78,13.78,1.147,False,271.99,271.99,-43.81,-1.62,0.74,6.0,14.0,4784983.0,4172278.0,0.429,5741800.0,4397580.0,4220920.0,1.36,76.3,46.54,空頭,頭頭低·底底低,,9,16,5,11.0,12,吃老本,,False,True
DIS,Communication Services,Walt Disney Company (The),2026-09-17,105.35,-1.84,4.82,6.92,4.2,0.667,7793835,10245581,9742323,-30.53,10.89,-8.32,P-V-,P+V+,P+V-,➡️ 中性,-6.56,22.49,-0.292,14,9,11,11.9,11.09,4.98,False,True,102.58,6.06,1.038,False,115.42,117.09,-8.72,-0.44,-1.48,10.0,10.0,7937920.0,7649750.0,1.0,7814300.0,7565120.0,7542286.0,1.036,82.1,49.31,多頭,頭頭高·底底高,空轉多預警,10,10,8,9.6,7,,,False,True
WBD,Communication Services,Warner Bros. Discovery,2026-09-17,28.24,0.04,6.17,4.05,3.58,1.0,17361515,21106409,21402374,-22.17,-2.73,-51.0,P+V-,P+V-,P+V-,⚠️ 量能衰竭,58.59,63.31,0.925,11,7,12,10.0,153.87,-1161.59,False,True,27.35,2.7,1.441,True,30.0,30.0,-5.87,0.14,-1.02,9.0,11.0,20875455.0,14486472.0,0.818,24731300.0,17104320.0,17105053.0,1.446,86.94,55.78,擴散,頭頭高·底底低,,11,6,3,7.4,3,,,False,True
LYV,Communication Services,Live Nation Entertainment,2026-09-17,168.34,-7.52,-3.31,9.33,1.96,0.333,1783730,2146703,2432550,-16.31,-21.03,-17.75,P-V-,P-V-,P+V-,⚠️ 主升段結束,8.75,29.96,0.292,19,13,10,15.4,82.89,-485.68,False,False,179.51,8.27,0.888,False,189.25,189.25,-11.05,-1.02,-8.61,8.0,12.0,1658662.0,1867108.0,0.667,1447800.0,1932230.0,1851886.0,0.782,69.97,34.95,收斂,頭頭低·底底高,多轉空預警 / 空頭確認,12,18,16,15.2,16,吃老本,,False,True
T,Communication Services,AT&T,2026-09-17,25.39,0.95,11.1,-6.21,-0.09,0.667,33443800,58929733,49918774,-35.32,44.05,10.07,P+V-,P+V+,P-V+,➡️ 中性,-10.95,26.45,-0.414,10,6,17,10.2,10.49,3.42,False,True,24.28,8.23,0.87,False,28.75,29.44,-11.69,-0.63,1.07,12.0,8.0,31551758.0,36281862.0,1.5,37771700.0,37903010.0,35454520.0,1.065,88.11,50.31,多頭,頭頭高·底底高,,13,5,6,8.4,5,剛爆發,,False,True
VZ,Communication Services,Verizon,2026-09-17,48.33,-1.75,5.19,-2.89,-0.59,0.333,18821675,25839633,25155170,-20.11,5.59,-11.84,P-V-,P+V+,P-V-,➡️ 中性,19.28,27.21,0.708,13,8,16,12.1,2.71,5.81,False,True,47.54,6.67,0.905,False,51.67,51.68,-6.46,-3.28,-2.09,11.0,9.0,17972172.0,19859955.0,1.222,28685200.0,19480690.0,19150133.0,1.498,81.61,43.46,多頭,頭頭高·底底高,空頭確認,14,11,2,10.4,9,,,False,True
OMC,Communication Services,Omnicom Group,2026-09-17,78.6,-9.73,1.59,2.11,-0.98,0.667,2371075,3437395,3856471,-21.25,-19.6,-16.76,P-V-,P+V-,P+V-,➡️ 中性,17.66,36.77,0.48,21,11,13,16.4,-0.39,3.13,False,False,83.16,9.64,0.943,False,89.57,89.57,-12.25,-1.07,-10.1,6.0,13.0,2265500.0,2403200.0,0.462,1915500.0,2579820.0,2536973.0,0.755,66.93,39.17,多頭,頭頭高·底底高,,15,20,18,17.6,20,,,False,False
TKO,Communication Services,TKO Group Holdings,2026-09-17,189.3,-2.75,-4.98,-1.53,-2.7,0.0,1025350,1257475,1329512,-8.39,-10.28,13.53,P-V-,P-V-,P-V+,😴 弱勢縮量,1.33,28.52,0.047,15,15,15,15.0,23.27,-32.11,False,True,187.49,9.22,1.263,False,224.23,226.94,-15.58,0.23,-5.76,7.0,13.0,1185714.0,939000.0,0.538,725300.0,1090260.0,969640.0,0.748,76.81,49.63,收斂,頭頭低·底底高,多轉空預警 / 空轉多預警,16,15,19,16.2,18,,,False,True
TTWO,Communication Services,Take-Two Interactive,2026-09-17,210.62,-12.3,-8.41,0.98,-4.69,0.333,2674560,2550506,2298596,20.44,24.62,23.11,P-V+,P-V+,P+V+,⚠️ 中期出貨,-5.38,36.92,-0.146,23,19,14,20.0,13.9,38.21,False,False,233.78,7.7,0.915,False,265.94,265.94,-20.8,-2.92,-11.15,6.0,14.0,2510850.0,2744721.0,0.429,2635900.0,2289180.0,2863740.0,0.92,64.58,36.03,擴散,頭頭高·底底低,,17,21,13,17.8,22,,,False,True
ECHO,Communication Services,EchoStar,2026-09-17,94.08,8.24,-22.23,-13.16,-10.08,0.333,2626075,5618264,6790249,-44.76,-29.44,34.64,P+V-,P-V-,P-V+,➡️ 中性,23.16,51.95,0.446,2,22,18,11.2,-94.85,42.09,False,True,89.95,9.39,1.121,False,147.25,147.25,-36.11,2.43,6.38,12.0,8.0,2744133.0,2448987.0,1.5,2579400.0,2865240.0,2576853.0,1.001,96.91,58.88,收斂,頭頭低·底底高,空轉多預警,18,3,10,10.4,9,剛爆發,,False,False
NFLX,Communication Services,Netflix,2026-09-17,75.31,-6.03,-4.33,-20.98,-13.08,0.0,26510485,40184258,38935565,-24.72,6.63,-13.36,P-V-,P-V+,P-V-,➡️ 中性,-34.7,39.61,-0.876,18,14,19,17.0,1.45,-1.4,False,False,75.79,11.03,0.963,False,124.86,124.86,-39.68,-0.92,-6.12,6.0,14.0,25816783.0,26807785.0,0.429,28167600.0,27564470.0,27059686.0,1.041,69.24,43.14,多頭,頭頭高·底底高,空轉多預警,19,19,7,16.6,19,,,False,True
CMCSA,Communication Services,Comcast,2026-09-17,22.91,-13.29,-1.85,-22.11,-14.84,0.0,23699310,32437313,32727016,-19.98,-1.75,-2.23,P-V-,P-V-,P-V-,🧊 熊市縮量,-8.28,27.66,-0.299,24,12,20,19.6,7.62,8.29,False,False,25.0,17.13,0.714,False,32.05,32.86,-28.51,-8.98,-13.84,8.0,12.0,19104387.0,26762591.0,0.667,36297100.0,27875680.0,25439860.0,1.427,60.6,30.5,擴散,頭頭高·底底低,,20,22,4,17.6,20,,,False,True
TMUS,Communication Services,T-Mobile US,2026-09-17,166.45,-7.62,-9.19,-22.57,-15.49,0.0,4086995,4980304,5308526,-19.33,-11.65,-1.84,P-V-,P-V-,P-V-,🧊 熊市縮量,-22.68,28.01,-0.81,20,20,21,20.2,,,,,,,,,,,,,,,,,,,,,,,,,,,,21,23,23,,23,,,False,False
APP,Communication Services,AppLovin,2026-09-17,321.6,4.16,-37.58,-29.88,-23.3,0.333,4496725,5876949,5251244,-38.83,27.05,-16.45,P+V-,P-V+,P-V-,➡️ 中性,-48.77,80.07,-0.609,4,24,22,13.6,0.43,3.39,False,False,361.44,11.94,0.996,False,745.61,745.61,-56.87,2.26,3.48,8.0,12.0,4485850.0,4503975.0,0.667,4537400.0,4432520.0,4521780.0,1.003,80.42,45.15,收斂,頭頭低·底底高,空轉多預警,22,12,9,15.4,17,剛爆發,,False,True
CHTR,Communication Services,Charter Communications,2026-09-17,133.37,-9.74,-5.93,-38.87,-23.35,0.0,2556645,3199413,3011334,-25.76,13.32,53.29,P-V-,P-V+,P-V+,➡️ 中性,-43.11,47.55,-0.907,22,16,23,20.4,,,,,,,,,,,,,,,,,,,,,,,,,,,,23,23,23,,23,,,False,False
TTD,Communication Services,Trade Desk (The),2026-09-17,14.26,7.06,-24.79,-47.84,-28.35,0.333,17198620,21236849,20669010,-45.04,5.65,32.48,P+V-,P-V+,P-V+,➡️ 中性,-70.16,57.81,-1.214,3,23,24,13.2,-14.62,-12.39,False,False,15.86,11.04,1.092,False,56.39,56.39,-74.71,2.08,5.32,11.0,9.0,17874845.0,16372122.0,1.222,18370300.0,18131860.0,18470933.0,0.995,91.46,46.14,空頭,頭頭低·底底低,,24,4,11,13.4,15,剛爆發,,False,False
BBY,Consumer Discretionary,Best Buy,2026-09-17,94.56,11.46,28.11,57.05,38.42,1.0,4356745,3807870,4013651,35.05,-9.75,-4.25,P+V+,P+V-,P+V-,➡️ 中性,26.39,38.4,0.687,1,1,1,1.0,6.53,4.32,False,True,85.35,11.08,0.914,False,95.85,95.85,-1.35,8.47,7.11,11.0,9.0,4179918.0,4572866.0,1.222,3816300.0,3607490.0,4536493.0,0.841,91.98,64.84,空頭,頭頭低·底底低,多轉空預警 / 多頭確認,1,2,21,5.4,2,,,False,True
GPC,Consumer Discretionary,Genuine Parts Company,2026-09-17,130.88,-0.77,22.96,26.1,18.6,0.667,1038290,1559166,1692766,-11.59,-14.63,33.01,P-V-,P+V-,P+V+,➡️ 中性,-0.64,36.28,-0.018,7,2,3,4.7,3.47,1.26,False,True,130.05,6.59,0.928,False,147.43,151.57,-11.22,-2.44,-1.96,10.0,10.0,999780.0,1076800.0,1.0,843700.0,917090.0,939146.0,0.898,79.09,45.63,多頭,頭頭高·底底高,,2,7,15,6.6,4,,,False,True
ABNB,Consumer Discretionary,Airbnb,2026-09-17,165.93,-10.31,17.51,31.38,17.49,0.667,4347735,4361096,4009143,-16.62,19.25,-17.46,P-V-,P+V+,P+V-,➡️ 中性,51.29,38.4,1.336,33,4,2,18.1,9.48,-14.13,False,False,166.62,12.99,0.928,False,193.45,193.45,-14.23,-1.03,-10.98,8.0,12.0,4153262.0,4477383.0,0.667,3176500.0,3870300.0,4242746.0,0.749,69.24,39.86,擴散,頭頭高·底底低,,3,22,23,14.6,16,吃老本,,False,True
EBAY,Consumer Discretionary,eBay Inc.,2026-09-17,112.9,8.25,3.59,24.32,15.12,1.0,4411905,4080858,4804062,-4.22,-26.17,-7.92,P+V-,P+V-,P+V-,⚠️ 量能衰竭,15.2,35.65,0.426,2,11,5,5.3,6.24,5.03,False,True,108.29,12.59,1.102,False,118.62,119.31,-4.82,7.49,10.33,11.0,9.0,4603227.0,4178066.0,1.222,6291200.0,4762040.0,4693893.0,1.34,96.81,62.57,擴散,頭頭高·底底低,多頭確認,4,1,3,2.6,1,,,False,True
EXPE,Consumer Discretionary,Expedia Group,2026-09-17,284.55,-12.1,17.0,25.04,13.75,0.667,1702430,1651389,1665783,3.43,-1.71,-27.85,P-V+,P+V-,P+V-,➡️ 中性,45.76,47.07,0.972,40,6,4,22.6,9.65,42.34,False,False,297.29,18.44,0.888,False,341.51,342.0,-16.68,2.77,-12.66,7.0,13.0,1573385.0,1771915.0,0.538,1661500.0,2016190.0,1868533.0,0.889,67.13,42.41,多頭,頭頭高·底底高,,5,24,16,14.8,17,吃老本,,False,True
GRMN,Consumer Discretionary,Garmin,2026-09-17,275.35,-5.69,17.64,18.89,12.44,0.667,819285,939910,845892,-21.61,25.01,-14.33,P-V-,P+V+,P+V-,➡️ 中性,27.85,43.57,0.639,17,3,11,11.6,22.52,13.14,False,False,277.45,5.62,0.782,False,313.07,314.28,-12.05,1.55,-6.51,7.0,13.0,693342.0,887100.0,0.538,1130900.0,721460.0,781920.0,1.446,68.47,43.86,多頭,頭頭高·底底高,,6,23,1,11.8,9,吃老本,,False,True
GM,Consumer Discretionary,General Motors,2026-09-17,86.62,0.75,5.2,20.16,11.57,1.0,6246270,6930907,7125925,4.97,-5.33,-20.48,P+V+,P+V-,P+V-,➡️ 中性,45.61,32.22,1.416,5,10,9,7.3,12.0,40.19,False,True,84.59,5.82,0.997,False,91.66,91.85,-5.5,0.58,2.16,10.0,10.0,6237780.0,6254760.0,1.0,8831900.0,6529530.0,6649353.0,1.328,83.98,52.94,空頭,頭頭低·底底低,多轉空預警,7,5,4,5.6,3,,,False,True
DASH,Consumer Discretionary,DoorDash,2026-09-17,194.56,-12.5,14.43,20.58,10.77,0.667,3629870,4253826,4422825,-18.53,-7.36,-8.94,P-V-,P+V-,P+V-,➡️ 中性,-15.05,51.69,-0.291,41,7,8,24.2,-2.43,15.4,False,False,205.37,19.85,1.029,False,285.5,285.5,-31.85,-3.22,-11.65,10.0,10.0,3682200.0,3577540.0,1.0,2763500.0,3326870.0,3331446.0,0.83,74.73,36.12,多頭,頭頭高·底底高,,8,14,22,13.2,13,吃老本,,False,False
AMZN,Consumer Discretionary,Amazon,2026-09-17,251.19,-3.43,2.11,20.96,10.15,0.667,31669175,46326052,45412400,-35.23,4.11,-5.62,P-V-,P+V+,P+V-,➡️ 中性,14.77,34.38,0.43,10,13,7,10.3,215.02,68.18,False,False,255.71,6.64,0.968,False,287.2,287.2,-12.54,-0.28,-5.51,6.0,14.0,30947600.0,31978421.0,0.429,30438800.0,30685930.0,32942486.0,0.924,69.95,45.39,多頭,頭頭高·底底高,空轉多預警,9,21,12,14.4,15,吃老本,,False,True
WSM,Consumer Discretionary,"Williams-Sonoma, Inc.",2026-09-17,218.92,-7.12,-3.31,22.52,8.65,0.333,1260930,1110401,1182410,45.56,-11.48,5.59,P-V+,P-V-,P+V+,⚠️ 中期出貨,24.98,35.94,0.695,24,18,6,18.6,37.87,7.34,False,False,231.9,6.34,0.993,False,254.89,254.89,-14.11,-2.15,-9.65,10.0,10.0,1256560.0,1265300.0,1.0,1145600.0,1160930.0,1241266.0,0.923,75.73,37.23,多頭,頭頭高·底底高,,10,13,13,11.8,9,,,False,True
F,Consumer Discretionary,Ford Motor Company,2026-09-17,13.61,-2.72,-4.53,19.37,7.88,0.333,44530420,49331609,53448332,-12.77,-14.3,-30.43,P-V-,P-V-,P+V-,⚠️ 主升段結束,30.15,39.43,0.765,9,20,10,12.5,21.27,256.64,False,False,14.04,10.75,0.938,False,17.59,17.78,-22.62,-1.95,-6.14,10.0,10.0,43106190.0,45954650.0,1.0,46084000.0,45961680.0,45795000.0,1.006,76.95,45.38,空頭,頭頭低·底底低,,11,11,8,10.4,6,,,False,True
ULTA,Consumer Discretionary,Ulta Beauty,2026-09-17,543.73,5.55,17.26,1.5,6.45,1.0,686290,661804,746056,19.37,-20.29,23.23,P+V+,P+V-,P+V+,➡️ 中性,-0.18,35.42,-0.005,4,5,19,7.3,5.61,12.0,False,True,518.96,7.22,0.775,False,714.97,714.97,-23.95,1.51,3.01,11.0,9.0,607045.0,783144.0,1.222,433800.0,542610.0,720200.0,0.602,84.31,53.39,多頭,頭頭高·底底高,空轉多預警,12,4,25,11.4,8,剛爆發,,False,True
ROST,Consumer Discretionary,Ross Stores,2026-09-17,229.48,0.41,-1.95,11.68,5.46,0.667,2531905,2664013,2722999,10.35,-4.24,6.66,P+V+,P-V-,P+V+,➡️ 中性,61.04,25.85,2.361,6,15,12,9.9,36.74,17.42,False,False,236.47,4.75,1.058,False,256.5,257.0,-10.54,1.77,-2.03,8.0,12.0,2618650.0,2474075.0,0.667,2335200.0,1808140.0,1983226.0,1.177,78.01,46.24,收斂,頭頭低·底底高,多轉空預警 / 空轉多預警,13,9,6,10.0,5,,🎯 潛在暴漲,True,True
CVNA,Consumer Discretionary,Carvana,2026-09-17,65.84,-7.94,-6.0,9.68,1.35,0.333,6935920,9628709,11132101,-36.73,-23.8,-42.17,P-V-,P-V-,P+V-,⚠️ 主升段結束,-6.84,56.28,-0.122,26,22,13,22.2,10.09,11.71,False,False,69.25,16.46,1.027,False,97.38,97.38,-32.39,-6.32,-6.53,9.0,11.0,7035988.0,6854045.0,0.818,6450600.0,6308310.0,6045306.0,1.067,73.79,40.11,收斂,頭頭低·底底高,多轉空預警 / 空頭確認,14,15,7,13.0,12,,,False,True
CMG,Consumer Discretionary,Chipotle Mexican Grill,2026-09-17,33.51,-5.04,2.76,3.04,0.95,0.667,12471770,17225376,17389410,-35.68,-1.87,-14.92,P-V-,P+V-,P+V-,➡️ 中性,-12.63,49.33,-0.256,14,12,18,14.2,3.96,1.4,False,False,35.11,15.24,1.168,False,42.82,42.82,-21.74,-7.25,-3.32,8.0,10.0,13399412.0,11475640.0,0.8,9599100.0,10846560.0,11327266.0,0.847,77.54,38.57,收斂,頭頭低·底底高,多轉空預警,15,10,19,13.8,14,,,False,True
DRI,Consumer Discretionary,Darden Restaurants,2026-09-17,206.74,-5.14,-0.31,3.78,0.53,0.333,988845,1299561,1282951,-16.01,2.62,-12.03,P-V-,P-V+,P+V-,➡️ 中性,9.65,28.1,0.343,16,14,17,15.6,0.64,0.29,True,False,210.43,8.25,1.057,False,229.76,229.76,-10.02,-0.38,-6.83,7.0,13.0,1024657.0,969561.0,0.538,893200.0,1071680.0,1056666.0,0.845,72.32,43.2,收斂,頭頭低·底底高,多轉空預警 / 空轉多預警 / 空頭確認,16,18,20,17.6,20,,,False,True
HAS,Consumer Discretionary,Hasbro,2026-09-17,88.76,-5.13,5.26,-3.47,-1.7,0.333,1361510,1924112,1900133,-25.26,2.56,4.4,P-V-,P+V+,P-V+,➡️ 中性,30.33,25.3,1.199,15,9,25,15.2,12.8,29.52,False,False,90.34,7.14,0.973,False,104.6,106.98,-15.14,-1.55,-4.9,7.0,13.0,1337271.0,1374561.0,0.538,1109000.0,1349380.0,1278873.0,0.867,71.54,39.37,擴散,頭頭高·底底低,,17,20,17,18.2,21,,,False,True
MAR,Consumer Discretionary,Marriott International,2026-09-17,334.0,-6.34,-16.14,6.86,-2.19,0.333,1481085,1608344,1525327,-16.7,11.51,-3.98,P-V-,P-V+,P+V-,➡️ 中性,38.22,27.0,1.416,19,35,14,22.8,3.63,6.49,False,False,354.96,6.4,1.097,False,410.15,410.98,-18.57,1.5,-7.02,7.0,13.0,1571228.0,1432546.0,0.538,1000900.0,1548450.0,1489440.0,0.672,73.66,39.4,空頭,頭頭低·底底低,多轉空預警,18,16,24,18.4,22,,,False,True
PHM,Consumer Discretionary,PulteGroup,2026-09-17,118.84,-6.71,-4.54,0.35,-2.64,0.333,1306310,1660329,1742833,-17.25,-9.04,-11.61,P-V-,P-V-,P+V-,⚠️ 主升段結束,-1.93,32.31,-0.06,21,21,23,21.4,,,,,,,,,,,,,,,,,,,,,,,,,,,,19,26,26,,26,吃老本,,False,False
NVR,Consumer Discretionary,"NVR, Inc.",2026-09-17,6242.23,-0.92,-3.03,-3.47,-2.72,0.0,35285,32844,29515,5.09,25.43,23.59,P-V+,P-V+,P-V+,📉 主力出貨,-21.12,27.83,-0.759,8,17,25,14.1,-6.69,-14.44,False,False,6333.89,6.51,0.84,False,8200.01,8200.01,-23.88,2.53,-2.75,10.0,10.0,32220.0,38350.0,1.0,32100.0,37250.0,37146.0,0.864,79.06,48.0,擴散,頭頭高·底底低,,20,8,18,14.8,17,剛爆發,,False,True
DHI,Consumer Discretionary,D. R. Horton,2026-09-17,140.38,-4.72,-9.94,0.52,-3.4,0.333,2179115,2359210,2442907,-6.53,-6.63,-22.74,P-V-,P-V-,P+V-,⚠️ 主升段結束,-9.59,36.7,-0.261,13,28,22,19.3,7.09,4.73,False,False,145.92,8.68,0.859,False,174.13,176.22,-19.38,3.55,-7.56,11.0,9.0,2028654.0,2363011.0,1.222,3303100.0,2613210.0,2375840.0,1.39,80.24,45.32,擴散,頭頭高·底底低,,21,6,2,11.2,7,剛爆發,,False,True
HLT,Consumer Discretionary,Hilton Worldwide,2026-09-17,302.54,-8.17,-13.57,3.87,-3.5,0.333,1579610,2134570,1867965,-27.88,33.3,1.89,P-V-,P-V+,P+V+,➡️ 中性,25.83,21.59,1.197,27,33,16,26.6,,,,,,,,,,,,,,,,,,,,,,,,,,,,22,26,26,,26,,,False,False
SBUX,Consumer Discretionary,Starbucks,2026-09-17,96.67,-7.04,-4.38,-1.37,-3.54,0.0,6107645,6947741,7342751,-20.48,-10.21,-23.65,P-V-,P-V-,P-V-,🧊 熊市縮量,29.37,28.62,1.026,23,19,24,22.0,,,,,,,,,,,,,,,,,,,,,,,,,,,,23,26,26,,26,,,False,False
TSLA,Consumer Discretionary,"Tesla, Inc.",2026-09-17,366.2,6.1,-9.5,-6.39,-4.05,0.333,39426800,39973060,49362998,-0.2,-31.96,-35.91,P+V-,P-V-,P-V-,➡️ 中性,-17.55,45.72,-0.384,3,26,27,14.7,-39.15,17.15,False,True,351.09,9.0,1.204,False,498.83,498.83,-26.59,0.73,4.29,10.0,10.0,43079540.0,35774060.0,1.0,38924100.0,40597890.0,40064360.0,0.972,88.94,54.81,空頭,頭頭低·底底低,,24,3,10,12.8,11,剛爆發,,False,False
BKNG,Consumer Discretionary,Booking Holdings,2026-09-17,170.52,-18.55,-2.72,1.01,-4.82,0.333,6332240,6778486,7154475,4.4,-9.99,-10.46,P-V+,P-V-,P+V-,➡️ 中性,-3.47,37.38,-0.093,47,16,21,32.5,,,,,,,,,,,,,,,,,,,,,,,,,,,,25,26,26,,26,,,False,False
MGM,Consumer Discretionary,MGM Resorts,2026-09-17,38.31,-11.26,-20.15,4.44,-5.63,0.333,2011795,2513316,3776010,-19.0,-50.12,-21.63,P-V-,P-V-,P+V-,⚠️ 主升段結束,22.47,38.33,0.586,38,41,15,34.3,1.95,-7.83,False,False,43.68,8.8,0.896,False,51.59,51.59,-25.74,-5.94,-11.36,5.0,15.0,1851420.0,2065253.0,0.333,1943100.0,2165090.0,2083740.0,0.933,61.5,19.46,空頭,頭頭低·底底低,空頭確認,26,25,11,22.6,23,,,False,True
ORLY,Consumer Discretionary,O'Reilly Automotive,2026-09-17,84.89,-4.7,-6.39,-7.26,-6.4,0.0,5532250,7134513,6577745,-10.59,18.49,17.43,P-V-,P-V+,P-V+,➡️ 中性,-12.77,21.96,-0.581,12,23,29,18.7,0.17,3.35,False,False,88.48,5.7,0.9,False,108.72,108.72,-21.92,-0.73,-6.92,10.0,10.0,5242560.0,5821940.0,1.0,7574800.0,5792700.0,5733226.0,1.321,76.32,40.27,多頭,頭頭高·底底高,空轉多預警 / 空頭確認,27,12,5,16.6,19,剛爆發,,False,True
RL,Consumer Discretionary,Ralph Lauren Corporation,2026-09-17,333.08,-10.59,-17.91,1.23,-6.51,0.333,667420,639627,656614,11.35,-5.04,4.76,P-V+,P-V-,P+V+,⚠️ 中期出貨,24.8,33.88,0.732,36,37,20,33.1,,,,,,,,,,,,,,,,,,,,,,,,,,,,28,26,26,,26,,,False,False
HD,Consumer Discretionary,Home Depot (The),2026-09-17,302.51,-8.89,-9.6,-9.44,-9.34,0.0,3718635,4174635,4344189,-7.53,-7.51,6.54,P-V-,P-V-,P-V+,😴 弱勢縮量,-15.72,24.7,-0.636,29,27,31,28.8,,,,,,,,,,,,,,,,,,,,,,,,,,,,29,26,26,,26,,,False,False
RCL,Consumer Discretionary,Royal Caribbean Group,2026-09-17,249.74,-12.65,-19.7,-7.34,-11.76,0.0,1866715,2170064,2440291,-12.21,-19.94,5.22,P-V-,P-V-,P-V+,😴 弱勢縮量,-5.38,46.29,-0.116,43,39,30,39.2,,,,,,,,,,,,,,,,,,,,,,,,,,,,30,26,26,,26,,,False,False
LEN,Consumer Discretionary,Lennar,2026-09-17,79.7,-6.7,-10.7,-15.12,-11.91,0.0,3411520,2795304,2887799,43.63,-6.21,-37.02,P-V+,P-V-,P-V-,➡️ 中性,-33.02,36.5,-0.905,20,29,33,25.3,,,,,,,,,,,,,,,,,,,,,,,,,,,,31,26,26,,26,,,False,False
YUM,Consumer Discretionary,Yum! Brands,2026-09-17,135.75,-10.43,-13.47,-14.52,-13.24,0.0,2242015,2521598,2177786,-6.53,37.49,7.65,P-V-,P-V+,P-V+,➡️ 中性,-0.16,25.62,-0.006,34,32,32,33.0,,,,,,,,,,,,,,,,,,,,,,,,,,,,32,26,26,,26,剛爆發,,False,False
AZO,Consumer Discretionary,AutoZone,2026-09-17,2844.31,-3.97,-9.06,-20.17,-13.34,0.0,310410,322375,285739,79.58,29.41,89.19,P-V+,P-V+,P-V+,📉 主力出貨,-27.3,24.25,-1.126,11,25,38,20.6,5.26,1.24,True,False,2999.96,5.5,1.1,False,4332.68,4332.68,-34.35,-1.29,-7.56,7.0,13.0,329957.0,299884.0,0.538,291000.0,325180.0,319133.0,0.912,72.28,38.62,空頭,頭頭低·底底低,空頭確認,33,19,14,23.6,25,剛爆發,,False,True
CCL,Consumer Discretionary,Carnival Corporation,2026-09-17,22.17,-12.61,-27.88,-6.53,-13.39,0.0,20290000,20100769,24043498,12.8,-28.18,7.53,P-V+,P-V-,P-V+,➡️ 中性,-13.05,43.1,-0.303,42,45,28,40.1,,,,,,,,,,,,,,,,,,,,,,,,,,,,34,26,26,,26,剛爆發,,False,False
TSCO,Consumer Discretionary,Tractor Supply,2026-09-17,32.82,-5.72,9.39,-29.48,-13.82,0.333,8356070,10952295,10797905,-34.49,2.9,82.54,P-V-,P+V+,P-V+,➡️ 中性,-39.01,34.88,-1.118,18,8,44,20.2,-15.89,-8.95,False,False,33.01,9.68,1.004,False,58.74,60.15,-44.12,-2.09,-6.75,8.0,12.0,8373725.0,8344300.0,0.667,8485000.0,8754950.0,8537773.0,0.994,72.67,41.79,多頭,頭頭高·底底高,空轉多預警,35,17,9,22.6,23,剛爆發,,False,False
LOW,Consumer Discretionary,Lowe's,2026-09-17,194.19,-10.65,-12.78,-17.37,-14.54,0.0,3117400,3049280,2918976,8.3,9.35,1.17,P-V+,P-V+,P-V+,📉 主力出貨,-16.21,27.53,-0.589,37,30,35,34.5,,,,,,,,,,,,,,,,,,,,,,,,,,,,36,26,26,,26,剛爆發,,False,False
MCD,Consumer Discretionary,McDonald's,2026-09-17,248.48,-7.02,-13.09,-22.83,-16.44,0.0,4480635,4631475,4200918,-3.29,22.84,31.36,P-V-,P-V+,P-V+,➡️ 中性,-10.68,17.41,-0.614,22,31,40,28.3,,,,,,,,,,,,,,,,,,,,,,,,,,,,37,26,26,,26,剛爆發,,False,False
DPZ,Consumer Discretionary,Domino's,2026-09-17,297.65,-10.43,-6.56,-24.97,-16.73,0.0,834190,919709,924080,7.77,-0.94,30.19,P-V+,P-V-,P-V+,➡️ 中性,-22.03,31.84,-0.692,34,24,43,32.8,,,,,,,,,,,,,,,,,,,,,,,,,,,,38,26,26,,26,剛爆發,,False,False
TPR,Consumer Discretionary,"Tapestry, Inc.",2026-09-17,116.04,-10.28,-22.03,-17.8,-16.97,0.0,3319875,2981435,2595222,13.45,34.97,-7.12,P-V+,P-V+,P-V-,➡️ 中性,20.96,39.41,0.532,31,42,36,35.3,,,,,,,,,,,,,,,,,,,,,,,,,,,,39,26,26,,26,剛爆發,,False,False
TJX,Consumer Discretionary,TJX Companies,2026-09-17,126.55,-10.05,-23.67,-18.06,-17.46,0.0,8748045,6628146,5895183,60.11,28.4,13.85,P-V+,P-V+,P-V+,📉 主力出貨,4.44,22.61,0.197,30,43,37,35.3,,,,,,,,,,,,,,,,,,,,,,,,,,,,40,26,26,,26,剛爆發,,False,False
WYNN,Consumer Discretionary,Wynn Resorts,2026-09-17,82.96,-16.71,-19.78,-16.98,-17.61,0.0,1739755,1580664,1534427,5.9,6.21,-6.87,P-V+,P-V+,P-V-,➡️ 中性,-18.04,30.3,-0.595,46,40,34,41.8,,,,,,,,,,,,,,,,,,,,,,,,,,,,41,26,26,,26,剛爆發,,False,False
LVS,Consumer Discretionary,Las Vegas Sands,2026-09-17,40.67,-11.53,-16.37,-23.31,-18.63,0.0,5115470,5057063,4618181,-5.43,21.0,-17.59,P-V-,P-V+,P-V-,➡️ 中性,-9.72,35.27,-0.275,39,36,41,38.5,,,,,,,,,,,,,,,,,,,,,,,,,,,,42,26,26,,26,剛爆發,,False,False
DECK,Consumer Discretionary,Deckers Brands,2026-09-17,79.71,-10.3,-27.65,-20.91,-19.94,0.0,3085740,2575424,2283434,21.82,29.32,-31.19,P-V+,P-V+,P-V-,➡️ 中性,-22.84,42.22,-0.541,32,44,39,37.0,,,,,,,,,,,,,,,,,,,,,,,,,,,,43,26,26,,26,剛爆發,,False,False
NKE,Consumer Discretionary,"Nike, Inc.",2026-09-17,36.36,-8.62,-18.42,-31.32,-22.42,0.0,28576305,26600309,24549690,15.67,18.23,46.07,P-V+,P-V+,P-V+,📉 主力出貨,-41.97,37.05,-1.133,28,38,45,34.4,,,,,,,,,,,,,,,,,,,,,,,,,,,,44,26,26,,26,剛爆發,,False,False
NCLH,Consumer Discretionary,Norwegian Cruise Line Holdings,2026-09-17,14.39,-14.09,-29.22,-23.74,-22.7,0.0,15575275,15556401,18873853,-1.02,-29.9,0.86,P-V-,P-V-,P-V+,😴 弱勢縮量,-31.68,49.98,-0.634,44,46,42,44.2,,,,,,,,,,,,,,,,,,,,,,,,,,,,45,26,26,,26,剛爆發,,False,False
LULU,Consumer Discretionary,Lululemon Athletica,2026-09-17,99.39,-14.09,-13.95,-37.01,-25.51,0.0,7666895,4373493,3949430,199.3,24.06,-5.59,P-V+,P-V+,P-V-,➡️ 中性,-26.93,44.69,-0.603,44,34,46,41.4,,,,,,,,,,,,,,,,,,,,,,,,,,,,46,26,26,,26,剛爆發,,False,False
APTV,Consumer Discretionary,Aptiv,2026-09-17,43.62,-7.25,-33.59,-38.13,-29.27,0.0,4781955,3837832,3629409,8.64,12.18,66.15,P-V+,P-V+,P-V+,📉 主力出貨,-40.97,45.98,-0.891,25,47,47,36.0,,,,,,,,,,,,,,,,,,,,,,,,,,,,47,26,26,,26,剛爆發,,False,False
TGT,Consumer Staples,Target Corporation,2026-09-17,159.83,1.0,20.73,38.55,24.71,1.0,4027775,4235858,4817158,-2.69,-21.54,-34.2,P+V-,P+V-,P+V-,⚠️ 量能衰竭,86.03,30.8,2.793,8,1,1,4.5,75.83,17.31,False,True,150.68,7.62,0.968,False,170.75,170.75,-6.4,2.63,0.52,11.0,9.0,3968700.0,4099977.0,1.222,4094500.0,3050580.0,3306293.0,1.238,86.64,54.65,多頭,頭頭高·底底高,空頭確認,1,9,2,4.4,1,吃老本,,False,True
ADM,Consumer Staples,Archer Daniels Midland,2026-09-17,88.09,7.82,13.62,23.97,17.35,1.0,3694130,3736416,3824155,-8.46,-4.49,7.84,P+V-,P+V-,P+V+,⚠️ 頂部背離,36.06,30.34,1.188,2,2,2,2.0,28.02,7.8,False,True,82.09,6.68,0.932,False,88.75,88.75,-0.74,1.36,9.08,11.0,9.0,3577290.0,3836933.0,1.222,3673200.0,3701100.0,3750733.0,0.979,90.64,65.28,多頭,頭頭高·底底高,,2,5,13,5.4,3,,,False,True
SJM,Consumer Staples,J.M. Smucker Company (The),2026-09-17,123.75,0.57,7.69,19.06,11.59,1.0,1437165,1407067,1668686,19.72,-27.11,-10.61,P+V+,P+V-,P+V-,➡️ 中性,21.59,29.11,0.742,9,6,3,6.9,46.18,5.01,False,True,120.28,8.49,1.057,False,135.89,135.89,-8.93,2.21,0.74,13.0,7.0,1464584.0,1386242.0,1.857,1196000.0,1283360.0,1368766.0,0.874,97.68,51.03,多頭,頭頭高·底底高,,3,2,15,5.0,2,,,False,True
KO,Consumer Staples,Coca-Cola Company (The),2026-09-17,88.06,-2.12,10.35,15.28,9.7,0.667,15024355,17100815,16102316,-5.48,13.22,-7.23,P-V-,P+V+,P+V-,➡️ 中性,37.53,19.12,1.963,14,4,6,9.4,4.05,5.88,False,True,86.45,3.34,0.926,False,91.94,92.49,-4.22,0.86,-1.95,11.0,9.0,14501790.0,15663044.0,1.222,16563600.0,14568010.0,15073440.0,1.099,83.71,52.08,多頭,頭頭高·底底高,,4,11,7,7.4,4,吃老本,,False,True
KDP,Consumer Staples,Keurig Dr Pepper,2026-09-17,31.43,-0.73,-1.08,16.5,7.8,0.333,9055030,12975298,12231850,-31.15,12.94,-18.83,P-V-,P-V+,P+V-,➡️ 中性,17.78,26.84,0.662,11,17,4,11.4,6.18,4.25,False,True,31.16,6.48,0.935,False,33.82,33.82,-7.07,-0.1,1.19,10.0,10.0,8749090.0,9360970.0,1.0,10777600.0,9628450.0,9289753.0,1.16,82.03,47.9,多頭,頭頭高·底底高,空轉多預警 / 空頭確認,5,12,5,7.8,5,吃老本,,False,True
KHC,Consumer Staples,Kraft Heinz,2026-09-17,24.73,-1.74,5.57,13.29,7.6,0.667,23013105,16851264,15758800,51.92,14.9,-0.1,P-V+,P+V+,P+V-,➡️ 中性,4.96,25.41,0.195,12,9,9,10.5,5.6,15.38,False,False,25.1,7.86,1.447,False,27.65,28.09,-10.55,1.39,-2.16,9.0,9.0,28565888.0,19738155.0,1.0,11655500.0,30076450.0,25926473.0,0.45,89.59,48.38,空頭,頭頭低·底底低,多轉空預警,6,6,23,9.4,7,,,False,True
MDLZ,Consumer Staples,Mondelez International,2026-09-17,62.04,-3.27,0.66,14.96,6.83,0.667,7237975,8817675,8638394,-18.2,4.24,-12.78,P-V-,P+V+,P+V-,➡️ 中性,5.66,23.37,0.242,17,13,7,13.8,7.4,10.22,False,True,61.92,5.41,1.001,False,66.65,66.65,-6.92,-0.69,-3.3,8.0,12.0,7242025.0,7235275.0,0.667,7804100.0,7318690.0,7350333.0,1.062,75.26,48.09,空頭,頭頭低·底底低,多轉空預警,7,15,8,10.4,10,吃老本,,False,True
PM,Consumer Staples,Philip Morris International,2026-09-17,190.48,-0.54,4.35,10.94,6.42,0.667,3903515,4851915,4789470,-21.84,2.64,-20.71,P-V-,P+V+,P+V-,➡️ 中性,18.35,28.91,0.635,10,10,10,10.0,7.31,7.07,False,True,189.09,7.66,1.162,False,207.76,207.76,-8.32,0.37,0.29,11.0,9.0,4165063.0,3583844.0,1.222,3010600.0,3774810.0,3775126.0,0.797,88.99,51.84,空頭,頭頭低·底底低,多轉空預警,8,8,18,10.0,8,,,False,True
BF-B,Consumer Staples,Brown–Forman,2026-09-17,26.5,-5.93,0.43,14.77,6.01,0.667,2344220,2492418,3632193,8.65,-47.77,-21.97,P-V+,P+V-,P+V-,➡️ 中性,6.34,42.3,0.15,22,15,8,17.1,3.1,-62.65,False,False,27.01,7.8,1.182,False,30.85,31.92,-14.1,-0.34,-6.0,7.0,13.0,2604385.0,2204130.0,0.538,2782600.0,2443300.0,2482280.0,1.121,75.02,46.96,收斂,頭頭低·底底高,多轉空預警 / 空頭確認,9,17,6,11.6,13,吃老本,,False,True
MO,Consumer Staples,Altria,2026-09-17,69.7,5.79,0.89,7.64,5.49,1.0,8144765,8623398,8934936,-19.89,-6.74,-2.94,P+V-,P+V-,P+V-,⚠️ 量能衰竭,5.92,30.46,0.194,3,12,11,7.3,-1.17,5.92,False,True,68.25,6.38,0.947,False,75.85,77.06,-8.11,2.94,7.24,9.0,11.0,7900722.0,8344436.0,0.818,9826900.0,7919540.0,8062920.0,1.219,84.36,59.0,收斂,頭頭低·底底高,多轉空預警 / 空轉多預警,10,10,4,8.8,6,,,False,False
EL,Consumer Staples,Estée Lauder Companies (The),2026-09-17,93.86,-2.05,7.53,7.58,5.16,0.667,3298470,3071221,3738082,11.36,-30.28,0.26,P-V+,P+V-,P+V+,⚠️ 中期出貨,12.36,50.23,0.246,13,7,12,11.0,22.12,40.2,False,True,90.71,11.52,1.298,False,120.38,121.64,-22.03,-2.71,-3.91,9.0,11.0,3775111.0,2908490.0,0.818,2292900.0,2609910.0,2954300.0,0.776,81.56,45.06,多頭,頭頭高·底底高,,11,13,20,13.6,15,,,False,True
MNST,Consumer Staples,Monster Beverage,2026-09-17,44.51,-6.28,-4.23,15.45,5.1,0.333,9163600,10992515,10723311,-18.29,5.15,-7.22,P-V-,P-V+,P+V-,➡️ 中性,42.6,27.3,1.56,23,23,5,19.4,1.84,10.16,False,False,46.66,6.5,1.007,False,50.17,50.17,-11.28,3.3,-6.16,8.0,12.0,9202337.0,9137775.0,0.667,9154800.0,9404750.0,9113860.0,1.004,75.25,43.78,空頭,頭頭低·底底低,,12,16,12,13.6,15,,,False,True
DG,Consumer Staples,Dollar General,2026-09-17,124.95,3.62,10.41,-4.29,1.36,0.667,2718110,2539484,3060800,38.07,-29.11,-7.98,P+V+,P+V-,P-V-,✨ 反彈初期,17.57,38.54,0.456,4,3,21,7.1,23.53,6.22,False,True,124.21,9.09,1.207,False,156.68,158.23,-20.25,1.59,2.16,11.0,9.0,2945863.0,2439744.0,1.222,2259400.0,2298680.0,2902286.0,0.778,91.4,49.68,多頭,頭頭高·底底高,,13,4,19,10.6,11,剛爆發,,False,True
DLTR,Consumer Staples,Dollar Tree,2026-09-17,114.4,-10.94,3.31,6.46,1.32,0.667,2899530,2924409,3302968,44.48,-20.57,-11.72,P-V+,P+V-,P+V-,➡️ 中性,34.83,43.68,0.797,31,11,13,21.4,136.13,12.89,False,False,126.46,18.49,0.655,False,142.4,142.4,-19.66,-3.59,-13.23,9.0,11.0,2249155.0,3431654.0,0.818,3147500.0,2987360.0,2990413.0,1.053,64.37,34.69,收斂,頭頭低·底底高,多轉空預警 / 空頭確認,14,22,10,16.4,19,吃老本,,False,True
KVUE,Consumer Staples,Kenvue,2026-09-17,17.87,-5.6,-1.96,4.56,0.39,0.333,26350705,22819424,21086528,19.7,17.91,-50.85,P-V+,P-V+,P+V-,➡️ 中性,9.33,29.13,0.32,21,18,14,18.7,-2.82,23.03,False,False,18.84,8.76,1.457,False,19.91,20.13,-10.24,0.45,-6.59,7.0,13.0,33096885.0,22718146.0,0.538,23452600.0,33867050.0,28920946.0,0.811,79.8,35.63,收斂,頭頭低·底底高,空頭確認,15,14,16,14.8,18,,,False,False
PG,Consumer Staples,Procter & Gamble,2026-09-17,147.55,3.2,-2.52,-0.58,-0.12,0.333,8733525,9062752,9225059,-4.41,-3.46,-4.97,P+V-,P-V-,P-V-,➡️ 中性,-7.3,20.66,-0.353,5,19,17,11.6,1.55,2.22,False,True,145.89,4.37,0.99,False,164.77,167.25,-10.45,3.2,2.2,12.0,8.0,8699608.0,8784400.0,1.5,6737800.0,8293570.0,8310306.0,0.811,92.43,56.74,擴散,頭頭高·底底低,,16,3,16,10.8,12,剛爆發,,False,True
BG,Consumer Staples,Bunge Global,2026-09-17,119.31,2.35,0.54,-3.16,-0.86,0.667,1725620,1552221,1632824,26.97,-9.41,-3.74,P+V+,P+V-,P-V-,✨ 反彈初期,45.41,40.84,1.112,7,14,19,11.5,2.89,109.39,False,True,115.26,11.11,1.13,False,134.02,134.87,-10.98,-4.24,4.66,11.0,9.0,1819627.0,1610722.0,1.222,2208200.0,1778270.0,1783320.0,1.238,89.2,52.74,多頭,頭頭高·底底高,空轉多預警,17,7,2,10.0,8,剛爆發,🎯 潛在暴漲,True,True
CL,Consumer Staples,Colgate-Palmolive,2026-09-17,87.73,-2.2,-2.68,-0.07,-1.25,0.0,4506645,4722004,5171785,-1.12,-16.0,-21.5,P-V-,P-V-,P-V-,🧊 熊市縮量,13.28,23.26,0.571,15,21,16,17.0,4.53,2.7,False,False,90.86,4.83,1.048,False,98.15,99.33,-10.62,-0.19,-3.46,7.0,13.0,4644714.0,4432300.0,0.538,6226900.0,4945290.0,4692486.0,1.327,74.26,41.22,空頭,頭頭低·底底低,空頭確認,18,18,1,14.6,17,,,False,True
GIS,Consumer Staples,General Mills,2026-09-17,36.66,-7.45,8.41,-3.7,-1.61,0.333,8585360,9656044,9736284,-2.66,-1.63,38.33,P-V-,P+V-,P-V+,➡️ 中性,-13.63,31.79,-0.429,25,5,20,18.0,19.21,-12.14,True,False,37.81,11.9,0.96,False,48.32,51.33,-24.14,1.95,-8.33,8.0,12.0,8376825.0,8724383.0,0.667,5402900.0,8967660.0,8933733.0,0.605,72.59,41.32,擴散,頭頭高·底底低,,19,19,22,19.6,20,,,False,True
KMB,Consumer Staples,Kimberly-Clark,2026-09-17,98.19,-8.58,-4.71,1.92,-2.36,0.333,4373330,4193575,4446849,25.29,-10.78,-14.72,P-V+,P-V-,P+V-,➡️ 中性,-9.12,24.17,-0.377,26,25,15,23.5,5.68,2.24,False,False,106.63,11.46,0.807,False,120.39,126.55,-18.44,-0.29,-9.57,5.0,15.0,3707980.0,4595113.0,0.333,3428000.0,5565240.0,4899366.0,0.7,63.26,31.59,空頭,頭頭低·底底低,空頭確認,20,23,21,21.4,22,,,False,True
CHD,Consumer Staples,Church & Dwight,2026-09-17,95.05,-2.42,-3.13,-2.15,-2.46,0.0,1842735,1895492,1962029,-3.11,-6.56,-16.59,P-V-,P-V-,P-V-,🧊 熊市縮量,9.01,22.99,0.392,16,22,18,18.2,,,,,,,,,,,,,,,,,,,,,,,,,,,,21,24,24,,24,,,False,False
SYY,Consumer Staples,Sysco,2026-09-17,79.11,-4.76,0.24,-6.15,-4.2,0.333,3488270,3510870,4068443,-2.67,-24.11,20.29,P-V-,P+V-,P-V+,➡️ 中性,2.84,23.98,0.118,19,16,23,18.9,,,,,,,,,,,,,,,,,,,,,,,,,,,,22,24,24,,24,,,False,False
TAP,Consumer Staples,Molson Coors Beverage Company,2026-09-17,39.08,-7.22,-2.62,-8.26,-6.59,0.0,2858255,3044883,3098574,-2.43,-3.41,0.84,P-V-,P-V-,P-V+,😴 弱勢縮量,-6.33,28.05,-0.226,24,20,25,23.0,,,,,,,,,,,,,,,,,,,,,,,,,,,,23,24,24,,24,,,False,False
MKC,Consumer Staples,McCormick & Company,2026-09-17,49.7,-10.0,6.27,-13.2,-7.53,0.333,2670230,3621630,3968490,-7.98,-16.08,28.08,P-V-,P+V-,P-V+,➡️ 中性,-12.73,34.18,-0.372,29,8,28,22.5,14.8,10.66,True,False,52.66,7.97,0.931,False,71.13,72.41,-30.12,-2.74,-12.0,7.0,13.0,2548300.0,2735884.0,0.538,2754800.0,2916740.0,2726013.0,1.011,66.08,33.49,擴散,頭頭高·底底低,,24,21,11,20.2,21,,,False,True
KR,Consumer Staples,Kroger,2026-09-17,60.75,7.87,-4.62,-18.67,-8.52,0.333,6916615,7629829,6842531,9.79,26.0,-1.87,P+V+,P-V+,P-V-,✨ 反彈初期,-14.06,27.98,-0.502,1,24,32,14.1,3.56,-0.83,False,True,57.78,11.67,1.007,False,75.66,76.58,-19.71,6.67,7.96,13.0,7.0,6933261.0,6885700.0,1.857,7604800.0,7873030.0,7172606.0,1.06,100.0,60.16,收斂,頭頭低·底底高,多頭確認,25,1,9,12.2,14,剛爆發,,False,True
COST,Consumer Staples,Costco,2026-09-17,893.93,-4.24,-9.26,-11.08,-8.92,0.0,2011785,2182503,2085329,12.3,9.78,-17.08,P-V+,P-V+,P-V-,➡️ 中性,-0.05,20.65,-0.002,18,29,26,22.9,,,,,,,,,,,,,,,,,,,,,,,,,,,,26,24,24,,24,,,False,False
WMT,Consumer Staples,Walmart,2026-09-17,106.79,3.09,-11.55,-15.06,-9.65,0.333,27291980,24007987,22231388,24.48,17.37,-6.4,P+V+,P-V+,P-V-,✨ 反彈初期,10.28,30.93,0.332,6,30,30,18.0,9.27,0.19,False,False,109.85,4.27,0.888,False,134.84,135.16,-20.8,1.0,-6.35,8.0,12.0,25371175.0,28572516.0,0.667,19216200.0,19601160.0,21779606.0,0.882,72.13,46.2,空頭,頭頭低·底底低,多轉空預警,27,20,14,21.6,23,剛爆發,,False,True
HRL,Consumer Staples,Hormel Foods,2026-09-17,20.76,-13.79,-14.77,-5.88,-10.08,0.0,5585865,4400869,4891291,58.22,-18.23,2.41,P-V+,P-V-,P-V+,➡️ 中性,3.22,32.45,0.099,32,33,22,30.3,,,,,,,,,,,,,,,,,,,,,,,,,,,,28,24,24,,24,,,False,False
TSN,Consumer Staples,Tyson Foods,2026-09-17,52.26,-9.68,-7.85,-11.82,-10.29,0.0,3412250,3254335,3167763,2.81,5.62,5.19,P-V+,P-V+,P-V+,📉 主力出貨,10.95,29.0,0.378,28,28,27,27.8,,,,,,,,,,,,,,,,,,,,,,,,,,,,29,24,24,,24,,,False,False
PEP,Consumer Staples,PepsiCo,2026-09-17,133.66,-4.92,-7.55,-14.62,-10.43,0.0,7704695,8343786,7617973,8.55,21.06,-1.96,P-V+,P-V+,P-V-,➡️ 中性,3.94,23.06,0.171,20,27,29,23.9,,,,,,,,,,,,,,,,,,,,,,,,,,,,30,24,24,,24,剛爆發,,False,False
STZ,Consumer Staples,Constellation Brands,2026-09-17,122.45,-8.71,-14.36,-17.25,-14.39,0.0,2081300,2156964,2110166,15.47,4.54,-18.79,P-V+,P-V+,P-V-,➡️ 中性,3.29,27.6,0.119,27,32,31,29.3,,,,,,,,,,,,,,,,,,,,,,,,,,,,31,24,24,,24,剛爆發,,False,False
HSY,Consumer Staples,Hershey Company (The),2026-09-17,168.33,-10.61,-7.05,-21.25,-15.04,0.0,1218725,1696649,1825532,-21.05,-13.19,3.57,P-V-,P-V-,P-V+,😴 弱勢縮量,1.78,30.55,0.058,30,26,33,29.4,,,,,,,,,,,,,,,,,,,,,,,,,,,,32,24,24,,24,剛爆發,,False,False
CASY,Consumer Staples,Casey's,2026-09-17,607.45,-26.67,-29.74,-7.95,-18.08,0.0,615700,478667,550860,109.81,-23.17,50.98,P-V+,P-V-,P-V+,➡️ 中性,51.1,37.77,1.353,34,34,24,32.0,,,,,,,,,,,,,,,,,,,,,,,,,,,,33,24,24,,24,剛爆發,,False,False
CLX,Consumer Staples,Clorox,2026-09-17,85.0,-19.84,-11.81,-21.33,-18.58,0.0,3153885,2744890,2771497,16.45,-1.9,30.03,P-V+,P-V-,P-V+,➡️ 中性,-9.95,33.44,-0.297,33,31,34,32.6,,,,,,,,,,,,,,,,,,,,,,,,,,,,34,24,24,,24,剛爆發,,False,False
MPC,Energy,Marathon Petroleum,2026-09-17,421.96,17.79,68.93,87.78,65.57,1.0,2484770,2397615,2423917,4.53,-2.15,10.12,P+V+,P+V-,P+V+,➡️ 中性,98.6,39.79,2.478,2,2,1,1.8,27.08,120.63,False,True,343.73,11.17,0.967,False,423.83,423.83,-0.44,7.53,16.97,17.0,3.0,2472158.0,2556233.0,5.667,2694600.0,2476360.0,2540193.0,1.061,100.0,82.59,多頭,頭頭高·底底高,多頭確認,1,1,11,3.0,2,,🔥 追高風險,True,True
VLO,Energy,Valero Energy,2026-09-17,412.53,20.8,69.63,80.45,62.83,1.0,2789325,2902795,3170710,7.77,-15.58,3.35,P+V+,P+V-,P+V+,➡️ 中性,116.05,34.9,3.325,1,1,2,1.2,23.84,33.47,False,True,334.65,13.68,1.068,False,413.44,413.44,-0.22,7.03,19.14,14.0,6.0,2843614.0,2662650.0,2.333,3263800.0,3276850.0,3046253.0,1.071,100.0,79.92,空頭,頭頭低·底底低,多轉空預警 / 多頭確認,2,1,10,3.2,3,,,False,True
PSX,Energy,Phillips 66,2026-09-17,274.21,14.25,60.27,60.74,49.0,1.0,2745905,2809133,2818414,-0.12,-0.66,9.09,P+V-,P+V-,P+V+,⚠️ 頂部背離,87.37,33.32,2.622,3,3,3,3.0,25.45,225.68,False,True,227.47,10.05,1.008,False,274.21,274.21,0.0,6.07,13.17,12.0,8.0,2754150.0,2733537.0,1.5,3574700.0,2787050.0,2829473.0,1.263,100.0,79.65,多頭,頭頭高·底底高,空轉多預警 / 多頭確認,3,1,3,2.2,1,,,False,True
APA,Energy,APA Corporation,2026-09-17,45.46,2.41,33.63,33.7,25.86,1.0,5236885,5621260,6605675,-12.12,-25.94,-5.35,P+V-,P+V-,P+V-,⚠️ 量能衰竭,86.12,45.65,1.887,5,4,4,4.5,1.01,20.9,False,True,39.71,10.53,0.867,False,47.44,47.44,-4.17,2.09,4.63,12.0,8.0,4933600.0,5691812.0,1.5,5075100.0,5550180.0,5098726.0,0.995,91.28,60.14,多頭,頭頭高·底底高,多頭確認,4,4,13,5.8,4,,,False,True
TRGP,Energy,Targa Resources,2026-09-17,285.07,-5.68,10.29,19.91,11.11,0.667,1103155,1224143,1246022,-10.56,-3.45,-17.54,P-V-,P+V-,P+V-,➡️ 中性,82.25,31.18,2.638,16,11,5,12.3,14.25,7.4,False,True,280.68,5.9,1.168,False,307.94,307.94,-7.43,-2.34,-4.05,8.0,12.0,1207262.0,1033750.0,0.667,870000.0,857160.0,968520.0,0.898,77.07,48.45,收斂,頭頭低·底底高,多轉空預警,5,15,16,11.2,10,吃老本,,False,True
COP,Energy,ConocoPhillips,2026-09-17,133.19,-1.26,20.42,10.82,10.2,0.667,6525435,6976563,7773567,-3.37,-18.6,0.21,P-V-,P+V-,P+V+,➡️ 中性,43.57,30.85,1.412,9,5,8,7.6,10.58,9.59,False,True,124.64,7.83,0.977,False,141.62,141.62,-5.95,-2.81,2.0,11.0,9.0,6456790.0,6609333.0,1.222,7329300.0,6184400.0,6296773.0,1.164,85.5,52.82,多頭,頭頭高·底底高,,6,7,7,6.6,5,,,False,True
CVX,Energy,Chevron Corporation,2026-09-17,211.57,2.82,18.49,9.43,10.04,1.0,7842385,8407112,9822689,-2.9,-25.19,3.58,P+V-,P+V-,P+V+,⚠️ 頂部背離,33.59,24.8,1.355,4,6,10,5.8,8.84,45.56,False,True,197.1,5.02,1.051,False,217.78,217.78,-2.85,-0.56,2.82,11.0,9.0,8016609.0,7629444.0,1.222,7387300.0,7876670.0,8026280.0,0.92,88.19,59.0,多頭,頭頭高·底底高,多頭確認,7,5,14,7.6,6,,,False,True
SLB,Energy,Schlumberger,2026-09-17,52.08,-2.24,-1.36,17.68,7.94,0.333,13903260,13832501,14643630,21.34,-10.5,-16.68,P-V+,P-V-,P+V-,➡️ 中性,56.87,35.21,1.615,12,17,6,12.3,6.3,1.13,False,True,51.95,14.1,0.992,False,60.15,60.46,-13.41,-7.02,-2.24,10.0,9.0,14135190.0,14252444.0,1.111,12239100.0,12844880.0,15300153.0,0.8,79.87,41.94,多頭,頭頭高·底底高,,8,12,18,11.6,11,,,False,True
OKE,Energy,Oneok,2026-09-17,93.22,-1.46,9.29,11.83,7.88,0.667,3306525,3693590,4043713,-15.89,-15.94,-6.42,P-V-,P+V-,P+V-,➡️ 中性,38.93,24.92,1.562,10,12,7,10.0,5.64,-5.66,False,True,92.43,7.91,1.083,False,99.85,99.85,-6.64,-2.61,-2.91,8.0,12.0,3466300.0,3200008.0,0.667,3504700.0,3252990.0,3388726.0,1.034,76.17,46.62,多頭,頭頭高·底底高,空頭確認,9,16,12,12.4,14,吃老本,,False,True
EOG,Energy,EOG Resources,2026-09-17,145.47,-4.42,10.98,10.54,6.91,0.667,3072710,3348101,3699529,7.74,-17.35,-16.22,P-V+,P+V-,P+V-,➡️ 中性,29.07,29.31,0.992,15,9,9,12.0,2.1,6.22,False,True,143.91,7.74,1.097,False,154.16,154.16,-5.64,-1.35,-2.68,11.0,9.0,3200509.0,2916511.0,1.222,2960300.0,3203680.0,3239326.0,0.914,85.39,49.01,收斂,頭頭低·底底高,多轉空預警,10,8,15,10.2,8,,,False,True
DVN,Energy,Devon Energy,2026-09-17,48.72,-0.54,14.33,6.78,6.84,0.667,10391750,11803870,13650480,-6.96,-23.83,45.13,P-V-,P+V-,P+V+,➡️ 中性,38.66,36.13,1.07,7,8,12,8.3,11.26,-4.91,False,True,45.81,9.0,1.106,False,52.0,52.71,-6.31,-1.97,1.75,11.0,9.0,10858890.0,9820800.0,1.222,12154100.0,12058410.0,11147280.0,1.09,87.95,54.45,多頭,頭頭高·底底高,,11,6,9,8.6,7,,,False,True
XOM,Energy,ExxonMobil,2026-09-17,163.27,-1.73,15.84,5.97,6.51,0.667,13617665,15086749,17496214,-4.58,-24.21,1.15,P-V-,P+V-,P+V+,➡️ 中性,47.06,26.91,1.749,11,7,13,10.2,13.26,15.14,False,True,156.73,6.65,0.976,False,174.09,176.41,-6.22,-1.19,-0.91,9.0,11.0,13437711.0,13764900.0,0.818,10976500.0,13435650.0,13401986.0,0.819,78.34,53.45,多頭,頭頭高·底底高,,12,13,17,13.4,15,,,False,True
FANG,Energy,Diamondback Energy,2026-09-17,196.94,-6.67,5.27,9.18,4.24,0.667,2783425,2291312,2586000,51.35,-20.46,19.47,P-V+,P+V-,P+V+,⚠️ 中期出貨,52.04,33.21,1.567,19,13,11,15.6,8.32,12.78,False,False,198.63,11.06,0.713,False,216.9,216.9,-9.2,-4.11,-5.57,11.0,9.0,2356554.0,3305155.0,1.222,4921100.0,3516950.0,3089166.0,1.593,75.82,45.35,收斂,頭頭低·底底高,多轉空預警,13,17,1,12.2,13,,,False,True
OXY,Energy,Occidental Petroleum,2026-09-17,59.29,-3.18,10.98,3.38,3.64,0.667,7608110,8636110,11446656,-9.95,-39.43,-3.27,P-V-,P+V-,P+V-,➡️ 中性,29.28,35.78,0.818,13,9,15,12.2,28.99,80.35,False,True,57.69,8.65,1.111,False,66.83,67.45,-11.29,-3.06,-0.88,10.0,10.0,8009040.0,7207180.0,1.0,8791200.0,8481720.0,7786146.0,1.129,82.7,48.81,多頭,頭頭高·底底高,,14,9,8,10.8,9,,,False,True
WMB,Energy,Williams Companies,2026-09-17,71.81,0.91,1.19,-0.65,0.2,0.667,7856665,7380107,6814606,24.23,18.1,-5.78,P+V+,P+V+,P-V-,✨ 反彈初期,26.95,22.65,1.19,6,14,17,10.6,0.25,16.43,False,False,72.63,8.86,1.177,False,78.92,80.08,-9.01,-0.67,-1.24,9.0,11.0,8564100.0,7277854.0,0.818,5923200.0,7378770.0,8155173.0,0.726,81.85,46.41,多頭,頭頭高·底底高,空轉多預警,15,10,19,13.8,16,,🎯 潛在暴漲,True,True
BKR,Energy,Baker Hughes,2026-09-17,56.57,-9.89,-7.71,4.99,-1.9,0.333,7281080,8462172,8522173,-11.43,-1.4,4.78,P-V-,P-V-,P+V+,😴 弱勢縮量,40.9,37.11,1.102,21,20,14,19.3,31.47,17.94,False,False,60.51,17.76,0.972,False,69.92,70.41,-19.09,-4.76,-12.27,8.0,12.0,7155787.0,7364608.0,0.667,9393700.0,8167950.0,7892986.0,1.19,67.74,30.17,多頭,頭頭高·底底高,空頭確認,16,19,5,15.0,19,,,False,True
HAL,Energy,Halliburton,2026-09-17,34.03,-4.21,-8.1,1.91,-2.12,0.333,11364880,11663461,12778775,8.28,-16.05,-2.43,P-V+,P-V-,P+V-,➡️ 中性,59.84,40.39,1.481,14,21,16,16.5,2.28,10.42,False,False,34.27,11.8,1.087,False,43.2,43.59,-21.24,-5.66,-2.38,8.0,12.0,11940150.0,10981366.0,0.667,13477100.0,10558950.0,11082526.0,1.216,75.34,42.41,多頭,頭頭高·底底高,空轉多預警,17,18,4,14.8,18,,,False,True
KMI,Energy,Kinder Morgan,2026-09-17,31.31,-0.95,0.52,-4.48,-2.35,0.333,11941470,10738612,11213786,11.88,-8.13,-18.21,P-V+,P+V-,P-V-,➡️ 中性,21.04,20.19,1.042,8,16,18,12.4,18.28,22.1,False,False,31.68,6.15,1.306,False,34.49,34.81,-9.21,1.16,-2.4,7.0,13.0,14084642.0,10787453.0,0.538,15105300.0,12482570.0,11521500.0,1.311,79.95,48.48,空頭,頭頭低·底底低,,18,11,2,12.0,12,剛爆發,,False,True
EXE,Energy,Expand Energy,2026-09-17,88.33,-8.06,0.57,-16.47,-10.11,0.333,2721240,3413483,3468102,-11.87,-3.1,-1.09,P-V-,P+V-,P-V-,➡️ 中性,-1.49,28.09,-0.053,20,15,19,18.3,19.09,5.37,False,False,93.27,12.96,1.076,False,124.43,126.62,-29.01,-8.82,-8.02,10.0,9.0,2850550.0,2648244.0,1.111,3048700.0,2771800.0,2568966.0,1.187,77.17,30.98,多頭,頭頭高·底底高,空轉多預警 / 空頭確認,19,14,6,14.4,17,,,False,True
EQT,Energy,EQT Corporation,2026-09-17,50.35,-6.57,-1.68,-21.31,-12.72,0.0,6338510,7227520,7338299,-0.59,-2.97,-18.27,P-V-,P-V-,P-V-,🧊 熊市縮量,8.57,30.93,0.277,18,18,20,18.4,,,,,,,,,,,,,,,,,,,,,,,,,,,,20,20,20,,20,,,False,False
TPL,Energy,Texas Pacific Land Corporation,2026-09-17,347.2,-5.9,-2.41,-34.42,-19.29,0.0,350770,374049,415915,-5.26,-18.29,-7.52,P-V-,P-V-,P-V-,🧊 熊市縮量,23.18,51.73,0.448,17,19,21,18.4,,,,,,,,,,,,,,,,,,,,,,,,,,,,21,20,20,,20,,,False,False
HOOD,Financials,Robinhood Markets,2026-09-17,109.81,15.47,13.55,49.63,32.07,1.0,23978665,23554643,26742769,33.83,-21.3,-15.28,P+V+,P+V-,P+V-,➡️ 中性,-19.28,76.88,-0.251,1,8,2,3.3,43.71,-1.98,False,True,103.08,20.57,1.196,False,153.86,153.86,-28.63,-3.11,14.66,8.0,12.0,26587625.0,22239358.0,0.667,21913200.0,25779790.0,22910340.0,0.956,88.48,52.19,多頭,頭頭高·底底高,空轉多預警,1,7,20,7.2,4,吃老本,,False,True
STT,Financials,State Street Corporation,2026-09-17,183.07,0.0,7.41,52.64,28.17,0.667,1429380,2020040,2034041,-9.17,-1.37,-0.27,P-V-,P+V-,P+V-,➡️ 中性,70.63,21.85,3.233,19,22,1,16.3,9.21,7.46,False,False,186.99,7.88,0.929,False,195.93,195.93,-6.56,-4.3,-1.47,10.0,10.0,1376930.0,1481830.0,1.0,1464500.0,1597420.0,1447700.0,1.012,78.66,40.2,收斂,頭頭低·底底高,多轉空預警 / 空頭確認,2,18,15,11.0,6,吃老本,,False,True
MET,Financials,MetLife,2026-09-17,97.35,4.16,12.07,45.22,26.67,1.0,2911370,3540676,3502663,-24.77,2.19,-5.5,P+V-,P+V+,P+V-,⚠️ 量能背離,24.33,23.1,1.053,4,14,3,6.8,6.16,6.65,False,True,95.52,4.49,1.056,False,100.93,100.93,-3.55,0.59,2.36,12.0,8.0,2974416.0,2816800.0,1.5,2760900.0,2829650.0,2796413.0,0.987,92.63,54.33,空頭,頭頭低·底底低,多轉空預警,3,5,16,6.4,2,,,False,True
PFG,Financials,Principal Financial Group,2026-09-17,115.94,5.68,5.08,37.19,21.29,1.0,1294400,1432823,1383773,-8.54,7.35,-2.16,P+V-,P+V+,P+V-,⚠️ 量能背離,41.75,22.04,1.894,2,27,5,10.1,7.07,2.94,False,True,112.51,6.86,1.043,False,121.18,121.18,-4.32,0.85,4.64,9.0,11.0,1324444.0,1269818.0,0.818,1521700.0,1590550.0,1479366.0,1.029,83.65,56.19,擴散,頭頭高·底底低,,4,14,13,9.8,5,吃老本,,False,True
FDS,Financials,FactSet,2026-09-17,278.85,-6.72,17.82,36.77,21.16,0.667,929730,930803,943043,8.57,-2.56,5.63,P-V+,P+V-,P+V+,⚠️ 中期出貨,-10.04,51.31,-0.196,60,6,6,33.0,1.76,1.89,True,True,277.03,22.95,0.727,False,320.48,320.48,-12.99,6.05,-6.11,10.0,10.0,782950.0,1076510.0,1.0,522400.0,946860.0,906406.0,0.576,76.49,47.25,多頭,頭頭高·底底高,空頭確認,5,22,36,18.0,14,吃老本,,False,True
TRV,Financials,Travelers Companies (The),2026-09-17,379.49,4.47,23.83,26.41,20.28,1.0,1410425,1907410,1674137,-27.88,32.38,17.21,P+V-,P+V+,P+V+,⚠️ 頂部背離,33.26,21.43,1.552,3,2,18,5.7,86.12,8.93,False,True,368.09,6.8,1.03,False,397.34,398.7,-4.49,3.25,5.13,12.0,8.0,1427208.0,1385250.0,1.5,1368000.0,1385980.0,1388433.0,0.985,94.9,62.21,收斂,頭頭低·底底高,多轉空預警 / 多頭確認,6,2,17,6.6,3,,,False,True
BEN,Financials,Franklin Resources,2026-09-17,33.07,-2.65,0.67,40.45,19.73,0.667,3048470,4092173,4490713,-30.1,-16.3,-5.71,P-V-,P+V-,P+V-,➡️ 中性,47.83,25.84,1.851,35,49,4,33.0,8.28,28.64,False,False,33.69,8.99,1.263,False,36.28,36.28,-8.85,-1.75,-2.68,6.0,14.0,3567816.0,2825892.0,0.429,2325600.0,2989880.0,2974013.0,0.782,76.22,43.07,空頭,頭頭低·底底低,多轉空預警,7,24,31,18.6,15,吃老本,,False,True
AIZ,Financials,Assurant,2026-09-17,283.81,0.95,9.26,30.72,17.91,1.0,321815,365789,385796,-19.38,-9.86,10.65,P+V-,P+V-,P+V+,⚠️ 頂部背離,34.36,22.8,1.507,13,19,12,14.6,23.73,11.71,False,True,281.42,3.67,1.203,False,303.0,303.94,-6.33,1.01,2.29,12.0,8.0,345091.0,286900.0,1.5,449100.0,333750.0,302620.0,1.484,95.33,52.09,收斂,頭頭低·底底高,多轉空預警,8,1,3,4.2,1,剛爆發,,False,True
PRU,Financials,Prudential Financial,2026-09-17,117.93,-1.08,9.28,31.43,17.77,0.667,1593640,1780430,1966180,-16.02,-17.26,4.58,P-V-,P+V-,P+V+,➡️ 中性,23.51,23.99,0.98,23,18,11,19.1,15.98,16.48,False,False,119.32,6.91,0.855,False,126.26,127.72,-6.6,-0.46,-2.4,10.0,10.0,1468940.0,1718340.0,1.0,1211100.0,1494910.0,1530080.0,0.792,78.34,46.0,空頭,頭頭低·底底低,,9,19,30,17.2,10,吃老本,,False,True
BNY,Financials,BNY Mellon,2026-09-17,153.02,-2.68,6.35,32.77,17.3,0.667,3026950,3497510,3589892,18.94,-5.02,1.55,P-V+,P+V-,P+V+,⚠️ 中期出貨,52.02,18.62,2.794,36,23,10,26.9,10.7,16.54,False,False,159.07,8.7,0.683,False,165.84,165.84,-7.73,-5.89,-4.22,9.0,11.0,2412211.0,3529918.0,0.818,5979800.0,3296200.0,3332540.0,1.794,69.35,33.62,多頭,頭頭高·底底高,空頭確認,10,34,1,17.8,13,吃老本,,False,True
GPN,Financials,Global Payments,2026-09-17,85.4,-7.19,25.04,25.19,17.06,0.667,2451620,3135958,3327511,-22.92,-10.89,13.81,P-V-,P+V-,P+V+,➡️ 中性,8.58,42.81,0.201,64,1,20,36.3,0.63,5.43,False,False,86.6,10.74,1.131,False,95.61,95.88,-10.68,-3.28,-6.65,7.0,13.0,2650971.0,2344276.0,0.538,1840000.0,2232660.0,2237786.0,0.822,72.56,41.72,多頭,頭頭高·底底高,,11,29,28,21.6,22,吃老本,,False,True
IVZ,Financials,Invesco,2026-09-17,30.22,-3.64,4.19,33.3,16.79,0.667,3487195,4671809,5017574,-29.71,-12.89,-6.94,P-V-,P+V-,P+V-,➡️ 中性,49.9,29.75,1.677,44,30,8,32.6,7.18,-1.21,False,False,31.05,11.92,0.864,False,33.66,33.66,-10.22,-5.36,-6.18,9.0,11.0,3210188.0,3713836.0,0.818,4208100.0,3519660.0,3522606.0,1.195,71.55,39.13,多頭,頭頭高·底底高,空頭確認,12,32,8,19.2,16,吃老本,,False,True
CPAY,Financials,Corpay,2026-09-17,404.26,-1.88,12.18,27.31,16.23,0.667,409495,574143,569090,-29.0,1.79,-6.35,P-V-,P+V+,P+V-,➡️ 中性,31.05,31.67,0.98,27,12,16,20.3,6.3,6.03,False,True,394.48,6.79,0.935,False,427.46,427.46,-5.43,-1.03,-0.69,9.0,11.0,394300.0,421927.0,0.818,301800.0,397970.0,390906.0,0.772,77.8,49.66,多頭,頭頭高·底底高,,13,20,32,19.6,17,吃老本,,False,True
AMP,Financials,Ameriprise Financial,2026-09-17,545.7,-0.25,16.14,24.28,16.11,0.667,464460,582816,623577,-0.17,-12.27,-0.39,P-V-,P+V-,P+V-,➡️ 中性,16.67,23.83,0.699,20,7,24,16.9,2.37,10.25,False,False,546.69,6.44,0.977,False,572.56,572.56,-4.69,-1.41,-2.52,11.0,9.0,459636.0,470355.0,1.222,525100.0,547680.0,499820.0,1.051,83.36,46.07,收斂,頭頭低·底底高,多轉空預警,14,15,11,13.8,8,,,False,True
IBKR,Financials,Interactive Brokers,2026-09-17,88.38,-1.55,-4.98,33.78,15.26,0.333,3868450,4374966,4652640,-15.86,-11.26,-0.09,P-V-,P-V-,P+V-,⚠️ 主升段結束,45.72,34.34,1.331,25,65,7,33.4,7.98,0.1,False,False,91.6,9.23,1.27,False,98.66,98.75,-10.42,-1.16,-2.3,6.0,14.0,4545100.0,3578457.0,0.429,4359600.0,3510070.0,3704660.0,1.177,76.81,44.15,多頭,頭頭高·底底高,空轉多預警 / 空頭確認,15,21,9,16.2,9,吃老本,,False,True
ALL,Financials,Allstate,2026-09-17,252.21,-0.5,13.52,23.49,15.0,0.667,1530015,1736343,1625408,-9.9,14.65,2.86,P-V-,P+V+,P+V+,➡️ 中性,33.67,23.85,1.412,21,9,25,18.2,48.03,47.01,False,False,257.35,6.3,0.755,False,276.07,277.22,-8.64,0.17,-2.49,9.0,11.0,1298122.0,1719745.0,0.818,1482400.0,1581540.0,1504940.0,0.985,74.05,44.69,空頭,頭頭低·底底低,,16,26,17,20.2,18,吃老本,,False,True
NTRS,Financials,Northern Trust,2026-09-17,176.94,-2.59,1.68,30.44,14.99,0.667,947985,1040700,1071768,-10.98,-5.63,-1.44,P-V-,P+V-,P+V-,➡️ 中性,45.56,20.23,2.252,33,43,13,32.0,-8.35,16.14,False,False,183.97,8.06,0.914,False,194.86,195.78,-9.2,-5.48,-4.11,10.0,10.0,905390.0,990580.0,1.0,852800.0,944440.0,905886.0,0.941,76.34,37.73,收斂,頭頭低·底底高,多轉空預警 / 空頭確認,17,23,21,20.2,18,吃老本,,False,False
EG,Financials,Everest Group,2026-09-17,380.12,3.75,13.16,20.01,14.23,1.0,325770,368961,364240,-2.33,2.63,-6.45,P+V-,P+V+,P+V-,⚠️ 量能背離,10.41,22.6,0.461,6,10,32,12.4,2.18,15.23,False,True,373.18,6.45,0.914,False,398.9,401.07,-4.71,2.45,5.02,11.0,9.0,312527.0,341955.0,1.222,438200.0,361830.0,356386.0,1.23,88.32,57.09,收斂,頭頭低·底底高,多轉空預警 / 空轉多預警,18,8,7,11.8,7,剛爆發,,False,True
MS,Financials,Morgan Stanley,2026-09-17,203.52,-1.89,-7.33,32.85,14.12,0.333,4473305,5303564,5692873,-5.68,-12.8,-9.99,P-V-,P-V-,P+V-,⚠️ 主升段結束,39.18,24.92,1.572,28,71,9,37.1,17.94,13.66,False,False,214.34,8.64,0.8,False,230.98,232.25,-11.89,-4.3,-5.0,8.0,12.0,3889450.0,4862541.0,0.667,4804100.0,5017320.0,4611820.0,1.042,69.28,36.6,收斂,頭頭低·底底高,空轉多預警 / 空頭確認,19,35,12,24.0,23,吃老本,,False,True
V,Financials,Visa Inc.,2026-09-17,369.93,1.15,11.26,20.92,13.56,1.0,5598810,7501210,7447383,-21.89,1.46,7.31,P+V-,P+V+,P+V+,⚠️ 頂部背離,6.43,18.85,0.341,10,16,29,15.6,2.76,6.79,False,True,366.37,4.49,1.033,False,385.57,385.57,-4.06,0.74,1.2,10.0,10.0,5689100.0,5508520.0,1.0,4710000.0,4834080.0,5188493.0,0.908,84.09,49.16,多頭,頭頭高·底底高,,20,12,23,17.4,11,剛爆發,,False,True
JPM,Financials,JPMorgan Chase,2026-09-17,349.31,-0.64,5.96,24.43,13.55,0.667,6355220,8053330,8515901,-0.57,-10.3,-11.99,P-V-,P+V-,P+V-,➡️ 中性,16.79,18.49,0.908,22,24,23,22.8,,,,,,,,,,,,,,,,,,,,,,,,,,,,21,37,37,,37,吃老本,,False,False
XYZ,Financials,"Block, Inc.",2026-09-17,76.47,-4.51,2.4,27.9,13.42,0.667,3948335,4878546,5367667,-19.69,-16.7,-29.93,P-V-,P+V-,P+V-,➡️ 中性,6.89,49.16,0.14,48,40,14,38.8,16.71,25.55,False,False,80.49,11.05,1.112,False,86.92,86.92,-12.02,-3.29,-5.51,8.0,12.0,4203200.0,3778425.0,0.667,2819700.0,3261970.0,3938646.0,0.716,74.85,39.54,擴散,頭頭高·底底低,空頭確認,22,25,33,25.4,25,,,False,True
GL,Financials,Globe Life,2026-09-17,172.26,1.04,2.01,24.93,13.23,1.0,390815,592809,560610,-43.22,12.19,5.05,P+V-,P+V+,P+V+,⚠️ 頂部背離,21.04,21.77,0.967,11,42,21,22.3,-1.96,-1.35,False,False,177.41,5.41,1.034,False,191.55,191.55,-10.07,0.85,0.47,10.0,10.0,397290.0,384340.0,1.0,292900.0,337640.0,363120.0,0.807,83.71,45.16,空頭,頭頭低·底底低,,23,13,29,20.2,18,剛爆發,,False,False
C,Financials,Citigroup,2026-09-17,132.7,2.34,-6.72,26.79,12.3,0.667,8933400,11224835,11785536,-5.31,-9.08,-15.22,P+V-,P-V-,P+V-,⚠️ 量能背離,33.35,26.94,1.238,8,69,17,28.1,15.62,17.91,False,False,134.33,8.03,0.875,False,147.21,147.96,-9.86,-4.19,-0.14,11.0,9.0,8391518.0,9595700.0,1.222,11699800.0,9309980.0,9266286.0,1.263,81.88,43.33,收斂,頭頭低·底底高,多轉空預警,24,17,6,17.6,12,剛爆發,,False,True
BAC,Financials,Bank of America,2026-09-17,58.18,-5.47,2.88,25.81,12.26,0.667,35160735,33420184,35008293,28.64,-8.68,-8.34,P-V+,P+V-,P+V-,➡️ 中性,24.88,20.8,1.196,55,35,19,41.8,,,,,,,,,,,,,,,,,,,,,,,,,,,,25,37,37,,37,吃老本,,False,False
FITB,Financials,Fifth Third Bancorp,2026-09-17,53.27,-2.26,0.39,24.73,11.9,0.667,4932550,5971452,6742550,-8.93,-20.53,-27.68,P-V-,P+V-,P+V-,➡️ 中性,23.77,26.04,0.913,30,50,22,34.4,,,,,,,,,,,,,,,,,,,,,,,,,,,,26,37,37,,37,吃老本,,False,False
PYPL,Financials,PayPal,2026-09-17,52.94,-14.81,21.58,18.59,10.99,0.667,12372310,14973709,15216039,8.62,-3.14,-21.93,P-V+,P+V-,P+V-,➡️ 中性,-9.97,46.46,-0.215,75,3,35,45.4,8.03,5.59,False,False,56.29,11.2,0.833,False,78.34,79.21,-32.42,-0.69,-13.35,9.0,11.0,11141911.0,13379000.0,0.818,8489400.0,10300340.0,12908180.0,0.658,68.56,41.19,擴散,頭頭高·底底低,,27,36,35,32.2,33,吃老本,,False,True
WFC,Financials,Wells Fargo,2026-09-17,86.89,3.81,2.75,18.61,10.94,1.0,13259130,14577453,15626737,7.39,-12.58,0.37,P+V+,P+V-,P+V+,➡️ 中性,6.47,26.79,0.241,5,38,34,20.7,16.38,-2.67,False,False,87.0,6.97,0.965,False,96.18,97.76,-9.66,-2.86,1.11,11.0,9.0,13048981.0,13515977.0,1.222,12615700.0,12939980.0,14087913.0,0.895,84.75,47.42,擴散,頭頭高·底底低,,28,11,24,20.4,21,剛爆發,,False,True
CFG,Financials,Citizens Financial Group,2026-09-17,67.39,-3.33,0.83,22.78,10.77,0.667,3253990,4036538,4232660,-3.38,-8.86,-14.75,P-V-,P+V-,P+V-,➡️ 中性,39.45,25.53,1.545,41,46,26,39.5,,,,,,,,,,,,,,,,,,,,,,,,,,,,29,37,37,,37,吃老本,,False,False
USB,Financials,U.S. Bancorp,2026-09-17,60.25,-2.48,3.18,20.38,10.37,0.667,7014430,7905800,8569786,7.19,-14.38,-13.48,P-V+,P+V-,P+V-,➡️ 中性,31.68,22.05,1.437,31,34,31,31.9,,,,,,,,,,,,,,,,,,,,,,,,,,,,30,37,37,,37,吃老本,,False,False
MA,Financials,Mastercard,2026-09-17,565.73,-1.42,13.03,13.99,9.9,0.667,2490550,3147343,3371389,-18.8,-12.46,4.83,P-V-,P+V-,P+V+,➡️ 中性,-3.56,20.86,-0.171,24,11,43,23.9,5.53,4.23,False,True,565.42,5.21,0.934,False,601.23,601.23,-5.9,0.06,-1.39,7.0,13.0,2380942.0,2549569.0,0.538,2070600.0,2156230.0,2359593.0,0.878,73.61,44.63,多頭,頭頭高·底底高,,31,28,25,28.6,28,,,False,True
ARES,Financials,Ares Management,2026-09-17,125.32,-9.69,-6.18,27.42,9.74,0.333,1827005,2220110,2717010,-26.25,-30.92,-11.98,P-V-,P-V-,P+V-,⚠️ 主升段結束,-17.57,46.68,-0.376,73,66,15,59.3,1.44,-6.57,False,False,132.22,15.5,1.083,False,179.43,186.85,-30.16,-3.05,-11.5,8.0,12.0,1915000.0,1768341.0,0.667,1551500.0,1880580.0,1788353.0,0.868,70.83,35.7,收斂,頭頭低·底底高,多轉空預警 / 空頭確認,32,33,26,31.2,32,,,False,True
AJG,Financials,Arthur J. Gallagher & Co.,2026-09-17,241.41,-6.76,12.11,16.8,9.74,0.667,1354245,1519764,1713400,0.82,-20.31,-11.64,P-V+,P+V-,P+V-,➡️ 中性,-11.23,34.2,-0.328,61,13,39,42.2,0.94,0.98,False,False,253.72,12.22,1.114,False,309.9,313.55,-22.1,-0.78,-5.98,7.0,13.0,1450828.0,1302238.0,0.538,943500.0,1238140.0,1325280.0,0.712,73.67,41.02,擴散,頭頭高·底底低,,32,27,34,30.4,31,,,False,True
SCHW,Financials,Charles Schwab Corporation,2026-09-17,104.63,-4.7,12.03,13.17,8.41,0.667,7800685,8747196,9801513,13.43,-19.42,-0.59,P-V+,P+V-,P+V-,➡️ 中性,21.94,20.05,1.094,50,15,45,38.5,4.55,2.48,False,False,106.56,6.73,1.031,False,114.53,114.53,-8.64,-2.52,-5.64,7.0,13.0,7954800.0,7717700.0,0.538,7424800.0,7074730.0,7677566.0,0.967,71.73,40.12,多頭,頭頭高·底底高,空頭確認,34,30,19,29.4,30,,,False,True
APO,Financials,Apollo Global Management,2026-09-17,126.0,-3.06,-8.63,21.66,7.91,0.333,2466255,3882064,4071752,-35.98,-8.9,1.59,P-V-,P-V-,P+V+,😴 弱勢縮量,-2.15,38.94,-0.055,39,73,28,47.0,,,,,,,,,,,,,,,,,,,,,,,,,,,,35,37,37,,37,,,False,False
SYF,Financials,Synchrony Financial,2026-09-17,74.41,-3.0,-0.74,17.65,7.89,0.333,3184855,3494704,3633123,1.74,-7.34,-8.06,P-V+,P-V-,P+V-,➡️ 中性,8.19,29.21,0.28,37,58,36,43.1,,,,,,,,,,,,,,,,,,,,,,,,,,,,36,37,37,,37,,,False,False
PNC,Financials,PNC Financial Services,2026-09-17,232.01,-3.98,-0.35,17.17,7.5,0.333,1614810,1842715,1984911,19.79,-13.37,-11.12,P-V+,P-V-,P+V-,➡️ 中性,24.93,22.85,1.091,45,54,37,46.1,,,,,,,,,,,,,,,,,,,,,,,,,,,,37,37,37,,37,,,False,False
TROW,Financials,T. Rowe Price,2026-09-17,102.84,-7.19,-4.43,20.71,7.45,0.333,1347025,1876621,2076131,-28.88,-17.53,13.39,P-V-,P-V-,P+V+,😴 弱勢縮量,11.27,23.31,0.484,64,64,30,57.2,,,,,,,,,,,,,,,,,,,,,,,,,,,,38,37,37,,37,,,False,False
MTB,Financials,M&T Bank,2026-09-17,226.36,-4.38,-0.23,16.89,7.29,0.333,1067935,1096741,1072683,11.09,4.59,-7.3,P-V+,P-V+,P+V-,➡️ 中性,25.85,22.09,1.17,47,53,38,47.0,,,,,,,,,,,,,,,,,,,,,,,,,,,,39,37,37,,37,,,False,False
GS,Financials,Goldman Sachs,2026-09-17,951.47,-4.57,-12.34,22.77,7.16,0.333,1956050,2027701,2064425,1.09,-3.5,-6.8,P-V+,P-V-,P+V-,➡️ 中性,30.53,27.07,1.128,49,76,27,52.7,,,,,,,,,,,,,,,,,,,,,,,,,,,,40,37,37,,37,,,False,False
WTW,Financials,Willis Towers Watson,2026-09-17,310.99,-8.84,20.21,8.16,6.92,0.667,428245,558226,634694,-28.57,-21.51,-10.17,P-V-,P+V-,P+V-,➡️ 中性,2.2,31.14,0.071,69,5,50,46.0,7.78,1.8,False,False,322.28,10.94,0.814,False,351.51,352.79,-11.53,-1.4,-7.29,9.0,11.0,380388.0,467400.0,0.818,354600.0,422180.0,414946.0,0.855,71.58,38.48,多頭,頭頭高·底底高,空頭確認,41,31,27,34.2,36,剛爆發,,False,True
BX,Financials,Blackstone Inc.,2026-09-17,125.41,-11.28,-0.92,19.74,6.82,0.333,3217880,4479053,5681420,-37.28,-34.93,7.55,P-V-,P-V-,P+V+,😴 弱勢縮量,-17.78,37.38,-0.476,74,60,33,61.6,,,,,,,,,,,,,,,,,,,,,,,,,,,,42,37,37,,37,,,False,False
RF,Financials,Regions Financial Corporation,2026-09-17,28.48,-4.8,-0.8,16.17,6.69,0.333,7260305,9006433,10275548,-6.73,-21.99,-46.45,P-V-,P-V-,P+V-,⚠️ 主升段結束,17.0,24.14,0.704,51,59,40,51.2,,,,,,,,,,,,,,,,,,,,,,,,,,,,43,37,37,,37,剛爆發,,False,False
RJF,Financials,Raymond James Financial,2026-09-17,163.77,-4.98,3.82,13.02,6.22,0.667,1191800,1283993,1328860,15.74,-6.53,1.55,P-V+,P+V-,P+V+,⚠️ 中期出貨,6.05,22.34,0.271,53,32,46,45.3,,,,,,,,,,,,,,,,,,,,,,,,,,,,44,37,37,,37,剛爆發,,False,False
BLK,Financials,BlackRock,2026-09-17,1053.96,-7.06,0.68,15.28,6.05,0.667,567640,716020,720886,-6.84,-1.34,2.06,P-V-,P+V-,P+V+,➡️ 中性,4.05,25.88,0.157,63,48,41,54.1,,,,,,,,,,,,,,,,,,,,,,,,,,,,45,37,37,,37,剛爆發,,False,False
COF,Financials,Capital One,2026-09-17,202.04,-4.91,1.06,13.26,5.67,0.667,3227375,3877053,4285378,-7.06,-17.4,-3.66,P-V-,P+V-,P+V-,➡️ 中性,-0.64,29.87,-0.022,52,45,44,48.3,,,,,,,,,,,,,,,,,,,,,,,,,,,,46,37,37,,37,剛爆發,,False,False
TFC,Financials,Truist Financial,2026-09-17,48.45,-3.54,-0.41,12.82,5.42,0.333,6330465,7789992,8375269,-1.48,-13.06,-4.07,P-V-,P-V-,P+V-,⚠️ 主升段結束,17.13,22.84,0.75,43,55,48,47.6,,,,,,,,,,,,,,,,,,,,,,,,,,,,47,37,37,,37,剛爆發,,False,False
KKR,Financials,KKR & Co.,2026-09-17,98.19,-8.25,-0.6,14.71,5.14,0.333,3395535,4373475,4776713,-35.19,-15.57,-16.23,P-V-,P-V-,P+V-,⚠️ 主升段結束,-22.95,39.18,-0.586,68,57,42,59.5,,,,,,,,,,,,,,,,,,,,,,,,,,,,48,37,37,,37,剛爆發,,False,False
AFL,Financials,Aflac,2026-09-17,116.6,0.37,-0.19,8.36,4.22,0.667,2109665,2207270,2316940,5.25,-9.04,1.23,P+V+,P-V-,P+V+,➡️ 中性,8.89,16.34,0.544,17,51,49,33.6,,,,,,,,,,,,,,,,,,,,,,,,,,,,49,37,37,,37,剛爆發,,False,False
KEY,Financials,KeyCorp,2026-09-17,20.95,-3.2,-7.03,13.02,3.95,0.333,12569275,11121526,12123480,37.02,-15.27,-37.6,P-V+,P-V-,P+V-,➡️ 中性,21.81,23.71,0.92,40,70,46,50.2,,,,,,,,,,,,,,,,,,,,,,,,,,,,50,37,37,,37,剛爆發,,False,False
PGR,Financials,Progressive Corporation,2026-09-17,216.29,-1.84,5.73,5.52,3.73,0.667,1927765,2847646,2887117,-22.94,-2.7,-15.19,P-V-,P+V-,P+V-,➡️ 中性,-5.02,23.62,-0.212,26,25,54,31.3,,,,,,,,,,,,,,,,,,,,,,,,,,,,51,37,37,,37,剛爆發,,False,False
CB,Financials,Chubb Limited,2026-09-17,341.9,0.02,4.27,4.57,3.36,1.0,1584180,1757872,1702608,-6.11,6.71,-5.49,P+V-,P+V+,P+V-,⚠️ 量能背離,25.98,18.88,1.376,18,29,56,28.9,,,,,,,,,,,,,,,,,,,,,,,,,,,,52,37,37,,37,剛爆發,,False,False
BRK-B,Financials,Berkshire Hathaway,2026-09-17,509.2,2.48,2.88,3.91,3.3,1.0,4141570,4441270,4660663,-4.03,-8.99,-1.73,P+V-,P+V-,P+V-,⚠️ 量能衰竭,1.48,14.12,0.105,7,35,58,25.6,17.4,4.17,False,True,504.8,4.51,0.805,False,537.74,537.74,-5.31,0.43,1.92,11.0,8.0,3811481.0,4734037.0,1.375,5993400.0,4124840.0,4377800.0,1.369,86.04,51.61,多頭,頭頭高·底底高,,53,10,5,26.2,26,剛爆發,,False,True
NDAQ,Financials,"Nasdaq, Inc.",2026-09-17,91.31,-6.08,2.61,7.84,3.05,0.667,2942825,3814027,3475473,-5.76,21.59,-12.83,P-V-,P+V+,P+V-,➡️ 中性,4.5,29.43,0.153,58,39,52,51.1,,,,,,,,,,,,,,,,,,,,,,,,,,,,54,37,37,,37,剛爆發,,False,False
WRB,Financials,W. R. Berkley Corporation,2026-09-17,70.1,1.33,3.45,2.87,2.63,1.0,2429770,2102089,2153961,47.48,-4.7,-18.53,P+V+,P+V-,P+V-,➡️ 中性,-2.15,21.35,-0.101,9,33,60,26.4,17.34,14.13,False,False,70.93,4.63,1.147,False,77.45,78.96,-9.49,0.07,0.7,12.0,8.0,2560841.0,2233162.0,1.5,4017700.0,3240620.0,2725120.0,1.474,93.02,51.17,空頭,頭頭低·底底低,多轉空預警,55,4,4,24.4,24,剛爆發,,False,True
CINF,Financials,Cincinnati Financial,2026-09-17,169.9,1.02,-0.56,4.9,2.56,0.667,495305,739718,731410,-23.42,2.3,20.16,P+V-,P-V+,P+V+,⚠️ 頂部背離,11.51,22.44,0.513,12,56,55,33.8,-21.26,8.24,False,False,174.66,4.47,0.807,False,194.81,194.81,-12.79,0.18,0.84,12.0,8.0,451941.0,560350.0,1.5,899200.0,526470.0,520280.0,1.728,87.19,44.21,收斂,頭頭低·底底高,空轉多預警,56,9,2,26.4,27,剛爆發,,False,False
ACGL,Financials,Arch Capital Group,2026-09-17,96.7,-2.63,4.45,3.46,2.18,0.667,3227030,2305103,2281988,82.39,2.05,6.66,P-V+,P+V+,P+V+,⚠️ 中期出貨,12.8,20.67,0.619,34,28,59,37.2,,,,,,,,,,,,,,,,,,,,,,,,,,,,57,37,37,,37,剛爆發,,False,False
MCO,Financials,Moody's Corporation,2026-09-17,461.88,-7.4,-1.19,7.9,1.8,0.333,668145,855776,955273,-14.68,-18.87,-8.29,P-V-,P-V-,P+V-,⚠️ 主升段結束,-2.04,29.55,-0.069,66,62,51,61.8,,,,,,,,,,,,,,,,,,,,,,,,,,,,58,37,37,,37,剛爆發,,False,False
AIG,Financials,American International Group,2026-09-17,75.68,0.57,1.29,0.52,0.73,1.0,3935780,3813818,3978216,31.15,-7.94,-15.73,P+V+,P+V-,P+V-,➡️ 中性,0.33,24.84,0.013,15,44,65,33.7,3.74,11.96,False,False,77.02,4.67,1.257,False,85.64,87.29,-11.63,1.53,0.64,11.0,8.0,4224045.0,3360250.0,1.375,4080200.0,4691370.0,4367166.0,0.934,93.62,48.5,空頭,頭頭低·底底低,,59,3,22,29.2,29,剛爆發,,False,True
JKHY,Financials,Jack Henry & Associates,2026-09-17,156.21,-5.03,21.26,-6.69,0.71,0.333,972950,1196350,1229861,3.64,-5.3,25.68,P-V+,P+V-,P-V+,➡️ 中性,3.23,29.67,0.109,54,4,70,42.2,6.4,10.37,False,False,157.39,11.62,1.201,False,191.13,193.39,-18.27,-3.23,-3.85,10.0,10.0,1061820.0,884080.0,1.0,1040500.0,1005960.0,949946.0,1.095,82.42,44.77,多頭,頭頭高·底底高,,60,16,10,32.4,34,剛爆發,,False,True
HBAN,Financials,Huntington Bancshares,2026-09-17,15.88,-5.72,-6.57,7.47,0.66,0.333,25052630,24048449,23618072,-5.24,3.71,-25.82,P-V-,P-V+,P+V-,➡️ 中性,0.66,27.44,0.024,56,67,53,58.7,,,,,,,,,,,,,,,,,,,,,,,,,,,,61,37,37,,37,剛爆發,,False,False
ERIE,Financials,Erie Indemnity,2026-09-17,244.39,-6.82,8.93,0.12,0.59,0.667,292380,283238,251628,9.41,28.73,48.69,P-V+,P+V+,P+V+,⚠️ 中期出貨,-14.77,32.23,-0.458,62,20,67,50.4,,,,,,,,,,,,,,,,,,,,,,,,,,,,62,37,37,,37,剛爆發,,False,False
MRSH,Financials,Marsh McLennan,2026-09-17,174.58,-8.22,5.27,2.51,0.52,0.667,2267665,2413063,2696690,0.08,-19.03,-5.26,P-V+,P+V-,P+V-,➡️ 中性,-2.19,23.37,-0.094,67,26,61,53.5,,,,,,,,,,,,,,,,,,,,,,,,,,,,63,37,37,,37,剛爆發,,False,False
HIG,Financials,Hartford (The),2026-09-17,133.14,-2.48,2.06,1.07,0.43,0.667,1372995,1573747,1588769,-13.33,-1.87,3.01,P-V-,P+V-,P+V+,➡️ 中性,6.68,19.4,0.345,31,41,63,40.4,,,,,,,,,,,,,,,,,,,,,,,,,,,,64,37,37,,37,剛爆發,,False,False
ICE,Financials,Intercontinental Exchange,2026-09-17,153.3,-3.03,8.87,-2.71,0.1,0.333,3248055,4099130,3823153,-21.26,15.56,1.1,P-V-,P+V+,P-V+,➡️ 中性,-7.8,28.83,-0.271,38,21,68,38.9,,,,,,,,,,,,,,,,,,,,,,,,,,,,65,37,37,,37,剛爆發,,False,False
L,Financials,Loews Corporation,2026-09-17,108.36,-2.11,-0.21,0.43,-0.37,0.333,796150,804218,787920,14.64,4.22,1.26,P-V+,P-V+,P+V+,⚠️ 中期出貨,15.14,16.38,0.924,29,52,66,43.3,,,,,,,,,,,,,,,,,,,,,,,,,,,,66,37,37,,37,剛爆發,,False,False
SPGI,Financials,S&P Global,2026-09-17,404.11,-6.28,-1.19,1.56,-1.08,0.333,1845310,2160830,2123313,-13.23,3.6,-1.43,P-V-,P-V+,P+V-,➡️ 中性,-16.56,33.18,-0.499,59,62,62,60.5,,,,,,,,,,,,,,,,,,,,,,,,,,,,67,37,37,,37,剛爆發,,False,False
AXP,Financials,American Express,2026-09-17,311.17,-6.03,-8.43,4.35,-1.44,0.333,2569930,2881820,3016910,-8.88,-8.57,0.62,P-V-,P-V-,P+V+,😴 弱勢縮量,2.24,25.02,0.09,57,72,57,61.5,,,,,,,,,,,,,,,,,,,,,,,,,,,,68,37,37,,37,剛爆發,,False,False
BRO,Financials,Brown & Brown,2026-09-17,65.12,-9.66,9.33,-4.1,-2.13,0.333,1705085,2428798,2846253,-29.32,-25.58,-4.38,P-V-,P+V-,P-V-,➡️ 中性,-21.72,31.67,-0.686,72,17,69,54.9,,,,,,,,,,,,,,,,,,,,,,,,,,,,69,37,37,,37,剛爆發,,False,False
MSCI,Financials,MSCI,2026-09-17,549.47,-3.39,-9.33,1.01,-2.67,0.333,477435,677230,633785,-36.03,14.72,-3.91,P-V-,P-V+,P+V-,➡️ 中性,-0.91,28.72,-0.032,42,74,64,56.0,,,,,,,,,,,,,,,,,,,,,,,,,,,,70,37,37,,37,剛爆發,,False,False
COIN,Financials,Coinbase,2026-09-17,173.97,0.94,2.78,-11.03,-4.58,0.667,10820250,8744320,9448973,36.07,-13.88,-10.17,P+V+,P+V-,P-V-,✨ 反彈初期,-50.02,72.45,-0.691,14,37,73,32.7,-487.47,-3458.88,False,True,165.94,19.47,1.402,False,402.16,402.16,-56.74,0.98,8.6,9.0,11.0,12847344.0,9161718.0,0.818,9987500.0,10240210.0,9737560.0,1.026,92.36,50.38,多頭,頭頭高·底底高,空轉多預警,71,6,14,33.6,35,剛爆發,,False,True
CME,Financials,CME Group,2026-09-17,271.15,0.57,4.14,-12.06,-4.85,0.667,1850210,2688153,2680986,-8.88,0.54,32.25,P+V-,P+V+,P-V+,➡️ 中性,5.18,27.14,0.191,15,31,74,31.6,,,,,,,,,,,,,,,,,,,,,,,,,,,,72,37,37,,37,剛爆發,,False,False
CBOE,Financials,Cboe Global Markets,2026-09-17,266.67,-9.08,0.82,-7.56,-5.85,0.333,1031370,1255089,1171756,5.64,15.31,44.3,P-V+,P+V+,P-V+,➡️ 中性,19.02,37.89,0.502,70,47,72,63.5,,,,,,,,,,,,,,,,,,,,,,,,,,,,73,37,37,,37,剛爆發,,False,False
FISV,Financials,Fiserv,2026-09-17,49.3,-4.05,-1.06,-13.11,-7.83,0.0,6452255,7743673,7233473,-23.44,15.18,-23.18,P-V-,P-V+,P-V-,➡️ 中性,-60.77,57.88,-1.05,46,61,75,56.3,,,,,,,,,,,,,,,,,,,,,,,,,,,,74,37,37,,37,剛爆發,,False,False
AON,Financials,Aon plc,2026-09-17,296.05,-15.88,-10.48,-7.44,-10.31,0.0,1734005,1536896,1473076,43.18,9.06,15.24,P-V+,P-V+,P-V+,📉 主力出貨,-2.19,22.73,-0.097,76,75,71,74.7,,,,,,,,,,,,,,,,,,,,,,,,,,,,75,37,37,,37,剛爆發,,False,False
FIS,Financials,Fidelity National Information Services,2026-09-17,36.43,-9.19,-6.71,-25.01,-16.48,0.0,5815940,6012346,6340951,-11.14,-9.85,50.16,P-V-,P-V-,P-V+,😴 弱勢縮量,-37.85,34.51,-1.097,71,68,76,71.1,,,,,,,,,,,,,,,,,,,,,,,,,,,,76,37,37,,37,剛爆發,,False,False
MRNA,Health Care,Moderna,2026-09-17,158.07,18.56,185.32,200.74,151.34,1.0,25965070,16158155,11348844,71.47,147.08,-1.55,P+V+,P+V+,P+V-,🚀 健康多頭,597.52,130.83,4.567,1,1,1,1.0,4.33,12.37,False,True,96.62,21.85,1.077,False,176.66,176.66,-10.52,15.7,-9.35,9.0,11.0,27021900.0,25100390.0,0.818,19175000.0,11788360.0,15310866.0,1.252,81.78,65.96,多頭,頭頭高·底底高,,1,22,10,11.2,9,吃老本,🔥 追高風險,True,True
HUM,Health Care,Humana,2026-09-17,384.52,1.0,4.31,134.17,68.41,1.0,948790,1295058,1495793,-32.19,-23.66,-21.36,P+V-,P+V-,P+V-,⚠️ 量能衰竭,42.35,53.09,0.798,22,42,2,24.0,8.79,1.05,False,False,388.88,9.9,1.095,False,428.88,428.88,-10.34,-4.05,1.72,11.0,9.0,987527.0,901444.0,1.222,850200.0,833420.0,879846.0,0.966,86.92,44.86,收斂,頭頭低·底底高,多轉空預警,2,11,19,9.0,5,吃老本,🔥 追高風險,True,True
CRL,Health Care,Charles River Laboratories,2026-09-17,281.67,-3.36,52.43,81.18,52.86,0.667,871810,912643,885316,-9.25,6.37,-8.69,P-V-,P+V+,P+V-,➡️ 中性,89.89,50.74,1.771,41,3,4,22.2,10.31,5.42,False,True,262.62,10.2,0.918,False,303.31,303.31,-7.13,3.18,-2.87,9.0,11.0,831022.0,905181.0,0.818,809800.0,862920.0,839246.0,0.965,77.89,54.51,擴散,頭頭高·底底低,,3,25,20,15.2,14,吃老本,,False,True
RVTY,Health Care,Revvity,2026-09-17,146.73,18.21,45.05,71.72,51.67,1.0,1962155,1630873,1455022,30.22,27.49,5.53,P+V+,P+V+,P+V+,⭐⭐⭐ 完美多頭,40.27,36.44,1.105,2,5,5,3.5,15.93,4.47,False,True,119.61,21.71,1.255,False,149.52,149.52,-1.87,21.32,22.84,11.0,9.0,2159845.0,1720533.0,1.222,2753800.0,2061320.0,2060806.0,1.336,100.0,75.04,多頭,頭頭高·底底高,多頭確認,4,1,7,3.4,1,,🚀 暴漲中,True,True
CNC,Health Care,Centene Corporation,2026-09-17,67.1,4.61,9.3,94.78,50.87,1.0,4144730,4694572,5436771,-17.33,-24.02,-37.57,P+V-,P+V-,P+V-,⚠️ 量能衰竭,102.06,52.17,1.956,13,35,3,17.6,132.64,57.91,False,True,65.55,11.75,0.965,False,69.63,69.63,-3.63,2.6,3.71,10.0,10.0,4069890.0,4219570.0,1.0,5133500.0,4068680.0,4336253.0,1.184,85.14,53.46,擴散,頭頭高·底底低,,5,15,12,10.4,7,吃老本,,False,True
IQV,Health Care,IQVIA,2026-09-17,269.44,5.23,50.38,63.57,45.69,1.0,1383180,1446033,1528681,-9.42,-10.26,-12.08,P+V-,P+V-,P+V-,⚠️ 量能衰竭,33.53,43.84,0.765,8,4,6,6.4,3.94,2.96,False,True,240.19,8.06,1.069,False,273.88,273.88,-1.62,4.72,8.09,12.0,8.0,1419600.0,1328550.0,1.5,1714600.0,1453540.0,1418766.0,1.209,97.94,65.73,多頭,頭頭高·底底高,,6,4,11,6.2,3,,,False,True
VEEV,Health Care,Veeva Systems,2026-09-17,263.75,5.28,61.43,47.45,40.4,1.0,1725490,1939860,2457766,-1.01,-34.81,45.7,P+V-,P+V-,P+V+,⚠️ 頂部背離,-8.59,51.3,-0.167,7,2,9,5.9,5.77,4.91,False,True,232.71,11.38,1.372,False,310.5,310.5,-15.06,1.06,5.08,9.0,11.0,2027611.0,1478300.0,0.818,1120600.0,1186540.0,1831326.0,0.612,89.75,56.79,多頭,頭頭高·底底高,空轉多預警,7,10,27,12.2,10,,,False,True
TMO,Health Care,Thermo Fisher Scientific,2026-09-17,658.32,4.98,39.4,42.02,32.1,1.0,1936180,2063620,2160941,-8.56,-8.62,1.71,P+V-,P+V-,P+V+,⚠️ 頂部背離,30.17,32.78,0.92,10,6,12,9.2,5.6,3.79,False,True,587.94,11.14,1.44,False,663.57,663.57,-0.79,9.23,7.38,11.0,9.0,2244872.0,1558888.0,1.222,4199600.0,2239750.0,1954140.0,2.149,100.0,72.06,多頭,頭頭高·底底高,多頭確認,8,1,1,3.8,2,剛爆發,,False,True
WST,Health Care,West Pharmaceutical Services,2026-09-17,366.6,3.63,11.31,55.91,31.69,1.0,511730,690026,768677,-29.67,-18.56,-4.96,P+V-,P+V-,P+V-,⚠️ 量能衰竭,37.89,29.81,1.271,15,32,7,18.5,13.86,27.07,False,True,349.08,11.06,1.139,False,385.75,386.0,-4.96,6.49,3.91,11.0,9.0,541409.0,475455.0,1.222,474000.0,555360.0,522526.0,0.907,93.21,66.63,擴散,頭頭高·底底低,多頭確認,9,7,22,10.8,8,,,False,True
WAT,Health Care,Waters Corporation,2026-09-17,429.72,6.18,19.19,49.95,31.32,1.0,634125,821849,923026,-29.62,-19.76,13.45,P+V-,P+V-,P+V+,⚠️ 頂部背離,36.93,37.33,0.989,4,20,8,9.6,1.41,16.99,False,True,397.61,9.43,1.157,False,431.78,431.78,-0.48,6.99,3.34,12.0,8.0,670525.0,579525.0,1.5,688800.0,597860.0,598206.0,1.151,97.55,66.18,多頭,頭頭高·底底高,空轉多預警 / 多頭確認,10,5,14,8.8,4,,,False,True
TECH,Health Care,Bio-Techne,2026-09-17,72.41,0.29,29.38,42.82,28.83,1.0,2547885,4640084,3656823,-27.28,73.55,62.63,P+V-,P+V+,P+V+,⚠️ 頂部背離,41.32,48.09,0.859,26,7,11,17.3,0.13,-0.82,False,True,72.02,0.69,0.994,False,72.58,72.62,-0.23,0.46,0.01,10.0,10.0,2540690.0,2555080.0,1.0,3784600.0,2809940.0,2544900.0,1.487,82.59,62.51,空頭,頭頭低·底底低,多轉空預警,11,21,5,13.8,12,吃老本,,False,True
INCY,Health Care,Incyte,2026-09-17,127.62,0.31,27.94,37.91,26.02,1.0,1275010,1680884,1634941,-31.68,5.78,-20.09,P+V-,P+V+,P+V-,⚠️ 量能背離,51.5,32.69,1.575,25,10,14,18.3,43.95,35.12,False,True,122.17,8.05,1.16,False,132.6,132.6,-3.76,3.52,-0.66,9.0,11.0,1379811.0,1189263.0,0.818,1468800.0,1324930.0,1344266.0,1.093,83.59,57.66,收斂,頭頭低·底底高,,12,18,16,15.2,14,吃老本,,False,True
A,Health Care,Agilent Technologies,2026-09-17,156.34,0.03,22.05,40.79,25.92,1.0,2473935,2200649,2208393,47.39,-0.7,9.25,P+V+,P+V-,P+V+,➡️ 中性,23.62,32.29,0.732,27,16,13,20.9,9.01,5.8,False,True,144.97,10.5,1.085,False,163.75,163.75,-4.53,9.24,0.6,11.0,9.0,2564045.0,2363800.0,1.222,2892300.0,1956390.0,2289620.0,1.263,91.37,62.55,多頭,頭頭高·底底高,,13,8,9,10.2,6,,,False,True
ELV,Health Care,Elevance Health,2026-09-17,414.26,4.99,4.59,43.25,24.02,1.0,1060775,1326638,1514559,4.17,-22.08,-17.06,P+V+,P+V-,P+V-,➡️ 中性,31.16,33.64,0.926,9,41,10,18.8,19.99,16.36,False,True,395.9,9.1,1.106,False,434.35,436.24,-4.63,-0.55,4.42,10.0,10.0,1113950.0,1007600.0,1.0,1189800.0,1290450.0,1147220.0,1.037,86.78,56.85,收斂,頭頭低·底底高,多轉空預警 / 空轉多預警 / 多頭確認,14,13,17,14.2,13,,🎯 潛在暴漲,True,True
DXCM,Health Care,Dexcom,2026-09-17,87.93,-2.54,20.19,36.88,22.85,0.667,3556880,4632121,5027696,-36.93,-14.59,-12.41,P-V-,P+V-,P+V-,➡️ 中性,17.58,44.67,0.394,37,17,15,26.6,15.11,18.99,False,True,83.52,10.13,0.906,False,92.59,92.59,-5.03,4.05,-2.17,11.0,9.0,3398000.0,3751066.0,1.222,2824000.0,3747050.0,3340813.0,0.845,84.5,54.9,空頭,頭頭低·底底低,多轉空預警,15,17,24,17.6,19,,,False,True
MRK,Health Care,Merck & Co.,2026-09-17,147.15,-0.65,28.52,29.91,21.92,0.667,9861660,10181126,10031828,2.23,3.02,-23.17,P-V+,P+V+,P+V-,➡️ 中性,91.95,29.41,3.126,30,9,19,21.5,49.43,13.15,False,True,136.68,6.56,1.046,False,156.0,156.92,-5.67,2.29,-2.75,8.0,12.0,10126800.0,9684900.0,0.667,11060600.0,8083850.0,8492506.0,1.302,77.56,57.64,收斂,頭頭低·底底高,多轉空預警,16,26,8,18.4,21,吃老本,,False,True
DGX,Health Care,Quest Diagnostics,2026-09-17,247.45,2.55,23.59,24.96,19.01,1.0,964570,964978,932149,-4.43,7.3,-6.97,P+V-,P+V+,P+V-,⚠️ 量能背離,34.98,23.55,1.486,16,12,21,15.8,10.51,5.61,False,True,231.87,8.41,1.127,False,248.7,248.7,-0.5,7.06,2.35,8.0,11.0,1032737.0,916436.0,0.727,989500.0,973570.0,968733.0,1.021,84.86,65.04,擴散,頭頭高·底底低,多頭確認,17,16,18,16.8,18,,,False,True
SOLV,Health Care,Solventum,2026-09-17,87.53,-1.22,14.33,31.11,18.83,0.667,891480,1151147,1428119,-31.98,-32.49,29.86,P-V-,P+V-,P+V+,➡️ 中性,18.55,32.68,0.568,32,25,18,27.1,,,,,,,,,,,,,,,,,,,,,,,,,,,,18,28,28,,28,吃老本,,False,False
VTRS,Health Care,Viatris,2026-09-17,17.13,7.06,7.6,28.68,18.01,1.0,7381330,9475720,10059737,-31.55,-10.97,4.2,P+V-,P+V-,P+V+,⚠️ 頂部背離,73.61,30.88,2.383,3,38,20,16.9,15.04,17.54,False,True,16.72,6.93,1.223,False,18.25,18.39,-6.15,4.58,6.21,12.0,8.0,7962575.0,6509462.0,1.5,7018400.0,7539330.0,7673540.0,0.915,99.46,59.78,收斂,頭頭低·底底高,多轉空預警 / 空轉多預警,19,3,21,13.0,11,剛爆發,,False,True
LH,Health Care,Labcorp,2026-09-17,322.73,-2.82,22.16,22.94,16.3,0.667,694940,700704,662066,-6.37,12.4,-9.32,P-V-,P+V+,P+V-,➡️ 中性,20.65,23.22,0.889,40,15,22,28.9,4.65,3.26,False,True,312.12,9.44,1.003,False,341.07,341.8,-5.38,5.14,-2.12,9.0,11.0,696177.0,693927.0,0.818,559900.0,731280.0,700626.0,0.799,80.61,51.85,多頭,頭頭高·底底高,,20,24,25,22.6,24,,,False,True
BAX,Health Care,Baxter International,2026-09-17,23.02,-12.8,12.56,32.42,16.15,0.667,5083345,6403149,7062659,-36.67,-17.08,-16.86,P-V-,P+V-,P+V-,➡️ 中性,15.0,52.53,0.286,56,29,17,40.1,,,,,,,,,,,,,,,,,,,,,,,,,,,,21,28,28,,28,吃老本,,False,False
ABBV,Health Care,AbbVie,2026-09-17,264.02,0.84,19.52,22.04,16.11,1.0,4182195,6294640,6344319,-21.75,-1.55,0.68,P+V-,P+V-,P+V+,⚠️ 頂部背離,24.19,22.41,1.08,23,18,23,21.5,,,,,,,,,,,,,,,,,,,,,,,,,,,,22,28,28,,28,吃老本,,False,False
MTD,Health Care,Mettler Toledo,2026-09-17,1410.44,1.24,22.48,20.17,16.01,1.0,203260,191464,187504,22.86,4.32,28.26,P+V+,P+V+,P+V+,⭐⭐⭐ 完美多頭,11.86,31.4,0.378,20,14,27,19.6,6.09,2.33,False,True,1367.52,11.8,1.145,False,1525.17,1525.17,-7.52,10.14,-1.03,9.0,11.0,218444.0,190836.0,0.818,288000.0,196000.0,191780.0,1.502,85.74,60.43,多頭,頭頭高·底底高,,23,14,4,15.6,17,剛爆發,,False,True
UNH,Health Care,UnitedHealth Group,2026-09-17,375.21,-1.9,-7.39,34.59,14.97,0.333,4744855,5241496,6682466,9.86,-35.48,-28.41,P-V+,P-V-,P+V-,➡️ 中性,16.07,37.33,0.431,36,52,16,36.8,,,,,,,,,,,,,,,,,,,,,,,,,,,,24,28,28,,28,,,False,False
BIIB,Health Care,Biogen,2026-09-17,219.05,2.19,11.98,20.66,13.87,1.0,719600,1090552,1126140,-25.72,-6.13,-34.62,P+V-,P+V-,P+V-,⚠️ 量能衰竭,52.94,31.57,1.677,18,31,25,23.3,,,,,,,,,,,,,,,,,,,,,,,,,,,,25,28,28,,28,,,False,False
BDX,Health Care,Becton Dickinson,2026-09-17,181.38,-2.76,25.69,15.3,13.38,0.667,1670640,2085881,2415385,-11.04,-24.01,-9.55,P-V-,P+V-,P+V-,➡️ 中性,29.64,27.53,1.076,39,11,29,28.6,2.93,4.51,False,True,173.32,7.25,1.049,False,191.94,193.07,-5.5,2.81,-2.75,10.0,10.0,1710950.0,1630330.0,1.0,1839800.0,1656300.0,1666280.0,1.104,82.84,51.53,多頭,頭頭高·底底高,空轉多預警,26,20,15,21.4,23,剛爆發,,False,True
DHR,Health Care,Danaher Corporation,2026-09-17,212.5,-1.58,17.42,13.92,10.92,0.667,3389060,4599915,4563364,-28.14,1.61,13.46,P-V-,P+V+,P+V+,➡️ 中性,10.43,32.67,0.319,33,22,30,29.1,,,,,,,,,,,,,,,,,,,,,,,,,,,,27,28,28,,28,,,False,False
JNJ,Health Care,Johnson & Johnson,2026-09-17,270.22,1.56,15.47,13.08,10.8,1.0,6024840,7543480,7610954,-14.9,-1.76,-13.39,P+V-,P+V-,P+V-,⚠️ 量能衰竭,57.0,20.43,2.79,19,23,31,22.6,,,,,,,,,,,,,,,,,,,,,,,,,,,,28,28,28,,28,,,False,False
REGN,Health Care,Regeneron Pharmaceuticals,2026-09-17,789.45,-4.5,28.57,6.14,9.09,0.667,607500,799292,835238,-27.58,-8.25,-12.24,P-V-,P+V-,P+V-,➡️ 中性,44.35,34.92,1.27,47,8,38,33.5,39.99,6.38,False,True,760.76,11.23,1.159,False,859.34,859.34,-8.13,-0.48,-6.11,8.0,12.0,661887.0,571241.0,0.667,702800.0,542350.0,600273.0,1.171,76.42,49.27,多頭,頭頭高·底底高,空轉多預警,29,27,13,25.0,25,,,False,True
GILD,Health Care,Gilead Sciences,2026-09-17,150.89,5.79,19.26,5.34,8.93,1.0,5400850,6779540,6689099,-19.35,2.74,-9.1,P+V-,P+V+,P+V-,⚠️ 量能背離,33.98,23.68,1.435,6,19,39,16.5,6.86,6.24,False,True,138.52,5.68,1.042,False,154.51,157.29,-2.34,4.79,2.8,10.0,10.0,5512280.0,5289420.0,1.0,7842200.0,5404590.0,5292906.0,1.482,86.83,64.67,多頭,頭頭高·底底高,,30,12,6,18.0,20,剛爆發,,False,True
DVA,Health Care,DaVita,2026-09-17,183.09,4.48,-12.39,21.48,8.76,0.667,661680,825412,837961,-34.84,-2.95,-12.93,P+V-,P-V-,P+V-,⚠️ 量能背離,38.49,59.34,0.649,14,57,24,28.9,3.55,23.18,False,False,201.49,10.24,0.953,False,247.49,247.49,-26.02,0.97,3.28,13.0,7.0,650476.0,682485.0,1.857,1411000.0,719010.0,660093.0,2.138,96.89,45.41,擴散,頭頭高·底底低,,31,6,2,15.2,14,剛爆發,,False,True
MDT,Health Care,Medtronic,2026-09-17,92.77,0.51,15.11,8.3,8.05,1.0,8411850,8185915,8954454,20.89,-15.81,19.04,P+V+,P+V-,P+V+,➡️ 中性,2.76,24.07,0.115,24,24,35,26.2,,,,,,,,,,,,,,,,,,,,,,,,,,,,32,28,28,,28,,,False,False
LLY,Health Care,Lilly (Eli),2026-09-17,1152.44,-7.39,2.81,17.36,7.54,0.667,2278080,2689078,2947540,-18.45,-16.12,-15.02,P-V-,P+V-,P+V-,➡️ 中性,69.5,35.17,1.976,51,43,28,44.0,,,,,,,,,,,,,,,,,,,,,,,,,,,,33,28,28,,28,,,False,False
VRTX,Health Care,Vertex Pharmaceuticals,2026-09-17,516.34,-4.43,13.94,10.01,7.39,0.667,924280,1436987,1346393,-32.31,14.43,-8.59,P-V-,P+V+,P+V-,➡️ 中性,42.6,25.19,1.691,46,26,33,37.4,,,,,,,,,,,,,,,,,,,,,,,,,,,,34,28,28,,28,剛爆發,,False,False
CVS,Health Care,CVS Health,2026-09-17,90.27,-3.61,-9.82,20.35,6.82,0.333,5825075,7411616,7775320,-28.18,-8.94,-3.22,P-V-,P-V-,P+V-,⚠️ 主升段結束,30.57,29.16,1.048,42,55,26,42.7,,,,,,,,,,,,,,,,,,,,,,,,,,,,35,28,28,,28,剛爆發,,False,False
BMY,Health Care,Bristol Myers Squibb,2026-09-17,62.84,-4.02,13.64,8.67,6.74,0.667,7773415,11127289,11317255,-38.01,-3.3,-24.26,P-V-,P+V-,P+V-,➡️ 中性,53.53,23.69,2.26,45,27,34,37.4,,,,,,,,,,,,,,,,,,,,,,,,,,,,36,28,28,,28,剛爆發,,False,False
HSIC,Health Care,Henry Schein,2026-09-17,85.04,-3.87,4.72,12.53,6.48,0.667,930415,1213341,1294839,-31.71,-11.84,-10.03,P-V-,P+V-,P+V-,➡️ 中性,32.54,26.4,1.232,44,40,32,40.4,,,,,,,,,,,,,,,,,,,,,,,,,,,,37,28,28,,28,剛爆發,,False,False
PFE,Health Care,Pfizer,2026-09-17,27.64,-0.54,8.0,7.55,5.64,0.667,31655690,41224958,38863670,-22.3,12.94,-32.19,P-V-,P+V+,P+V-,➡️ 中性,25.66,25.22,1.017,29,37,37,33.0,,,,,,,,,,,,,,,,,,,,,,,,,,,,38,28,28,,28,剛爆發,,False,False
RMD,Health Care,ResMed|,2026-09-17,228.42,-0.01,18.12,-0.47,4.29,0.333,1318625,1475466,1387155,-9.24,13.6,32.79,P-V-,P+V+,P-V+,➡️ 中性,-14.46,29.27,-0.494,28,21,44,29.1,,,,,,,,,,,,,,,,,,,,,,,,,,,,39,28,28,,28,剛爆發,,False,False
UHS,Health Care,Universal Health Services,2026-09-17,180.75,4.68,23.19,-5.82,4.05,0.667,659050,839436,887162,-32.1,-10.21,23.64,P+V-,P+V-,P-V+,➡️ 中性,-7.74,31.18,-0.248,12,13,47,19.3,-0.45,2.95,False,True,166.77,9.42,0.985,False,245.26,246.33,-26.3,4.65,5.01,11.0,9.0,654590.0,664500.0,1.222,1050100.0,714130.0,690700.0,1.52,90.44,63.77,多頭,頭頭高·底底高,多頭確認,40,9,3,20.2,22,剛爆發,,False,False
EW,Health Care,Edwards Lifesciences,2026-09-17,88.25,-1.76,-0.37,7.87,3.4,0.333,3009750,4140081,4578433,-28.54,-17.48,5.82,P-V-,P-V-,P+V+,😴 弱勢縮量,22.71,26.03,0.873,35,46,36,38.5,,,,,,,,,,,,,,,,,,,,,,,,,,,,41,28,28,,28,剛爆發,,False,False
CAH,Health Care,Cardinal Health,2026-09-17,226.34,-0.93,-0.39,4.75,2.04,0.333,1484980,2036660,2051491,-26.53,-1.44,-3.88,P-V-,P-V-,P+V-,⚠️ 主升段結束,59.6,32.19,1.852,31,47,41,37.8,,,,,,,,,,,,,,,,,,,,,,,,,,,,42,28,28,,28,剛爆發,,False,False
AMGN,Health Care,Amgen,2026-09-17,379.78,-11.93,9.82,5.1,2.02,0.667,2613325,2663489,2682543,-6.39,-1.41,-2.07,P-V-,P+V-,P+V-,➡️ 中性,64.53,29.03,2.223,55,34,40,45.7,,,,,,,,,,,,,,,,,,,,,,,,,,,,43,28,28,,28,剛爆發,,False,False
CI,Health Care,Cigna,2026-09-17,276.0,1.14,-4.92,4.47,1.29,0.667,1442385,1654936,1640053,-19.84,1.83,-9.3,P+V-,P-V+,P+V-,⚠️ 量能背離,-4.86,31.08,-0.156,21,49,42,33.6,,,,,,,,,,,,,,,,,,,,,,,,,,,,44,28,28,,28,剛爆發,,False,False
MCK,Health Care,McKesson Corporation,2026-09-17,879.57,4.98,12.1,-6.32,1.11,0.667,891425,1028716,1021246,-12.76,1.47,40.51,P+V-,P+V+,P-V+,➡️ 中性,23.68,32.49,0.729,10,30,48,23.6,4.14,1.06,False,True,864.34,6.22,0.949,False,996.84,999.0,-11.76,-0.15,3.14,9.0,11.0,866077.0,912163.0,0.818,577200.0,840760.0,876593.0,0.658,80.71,49.06,多頭,頭頭高·底底高,,45,23,26,32.4,27,剛爆發,,False,True
ZBH,Health Care,Zimmer Biomet,2026-09-17,94.25,-4.77,5.79,1.67,1.09,0.667,1701770,2228213,2244380,-33.48,-1.43,11.97,P-V-,P+V-,P+V+,➡️ 中性,1.88,31.15,0.06,48,39,43,44.3,,,,,,,,,,,,,,,,,,,,,,,,,,,,46,28,28,,28,剛爆發,,False,False
ABT,Health Care,Abbott Laboratories,2026-09-17,102.23,-10.43,13.62,-4.1,-1.25,0.333,7683465,10637101,11801250,-11.95,-17.96,52.42,P-V-,P+V-,P-V+,➡️ 中性,-12.74,25.69,-0.496,52,28,46,43.6,,,,,,,,,,,,,,,,,,,,,,,,,,,,47,28,28,,28,剛爆發,,False,False
COR,Health Care,Cencora,2026-09-17,309.41,-1.68,10.14,-11.21,-3.49,0.333,1126390,1437400,1604037,-24.57,-18.82,15.32,P-V-,P+V-,P-V+,➡️ 中性,10.53,27.64,0.381,34,33,51,37.1,,,,,,,,,,,,,,,,,,,,,,,,,,,,48,28,28,,28,剛爆發,,False,False
STE,Health Care,Steris,2026-09-17,208.04,-11.48,1.05,-2.46,-3.84,0.333,602550,738380,754057,-20.59,-4.07,7.16,P-V-,P+V-,P-V+,➡️ 中性,-4.25,26.42,-0.161,53,45,45,49.0,,,,,,,,,,,,,,,,,,,,,,,,,,,,49,28,28,,28,剛爆發,,False,False
HCA,Health Care,HCA Healthcare,2026-09-17,429.04,5.8,8.29,-19.07,-6.01,0.667,1336110,1481549,1416127,-5.77,9.69,13.02,P+V-,P+V+,P-V+,➡️ 中性,2.43,26.12,0.093,5,36,55,24.3,1.23,0.29,False,True,405.21,9.17,1.304,False,553.56,556.52,-22.49,2.05,5.6,6.0,14.0,1596950.0,1224321.0,0.429,1188000.0,1409420.0,1344573.0,0.884,83.43,60.15,擴散,頭頭高·底底低,,50,19,23,32.2,26,剛爆發,,False,True
GEHC,Health Care,GE HealthCare,2026-09-17,64.44,-12.98,1.98,-8.84,-7.17,0.333,2915965,4369509,4582638,-38.17,-8.89,30.34,P-V-,P+V-,P-V+,➡️ 中性,-2.44,34.89,-0.07,57,44,49,51.5,,,,,,,,,,,,,,,,,,,,,,,,,,,,51,28,28,,28,剛爆發,,False,False
ALGN,Health Care,Align Technology,2026-09-17,149.71,-5.81,-16.61,-8.84,-10.02,0.0,849375,950420,1015410,-10.68,-12.03,-21.41,P-V-,P-V-,P-V-,🧊 熊市縮量,25.96,31.89,0.814,49,58,49,51.7,,,,,,,,,,,,,,,,,,,,,,,,,,,,52,28,28,,28,剛爆發,,False,False
IDXX,Health Care,Idexx Laboratories,2026-09-17,506.48,-7.21,-11.61,-11.74,-10.57,0.0,479945,611347,594686,-24.57,5.76,15.61,P-V-,P-V+,P-V+,➡️ 中性,-12.27,27.24,-0.451,50,56,52,52.2,,,,,,,,,,,,,,,,,,,,,,,,,,,,53,28,28,,28,剛爆發,,False,False
ISRG,Health Care,Intuitive Surgical,2026-09-17,383.54,2.42,-8.04,-18.77,-10.79,0.333,2272635,3022760,2599192,-27.61,38.94,24.25,P+V-,P-V+,P-V+,➡️ 中性,-8.29,40.03,-0.207,17,53,54,35.2,,,,,,,,,,,,,,,,,,,,,,,,,,,,54,28,28,,28,剛爆發,,False,False
SYK,Health Care,Stryker Corporation,2026-09-17,280.13,-14.52,-9.56,-16.37,-14.21,0.0,2902475,2642001,2568724,20.43,5.87,47.04,P-V+,P-V+,P-V+,📉 主力出貨,-8.87,30.6,-0.29,58,54,53,55.8,,,,,,,,,,,,,,,,,,,,,,,,,,,,55,28,28,,28,剛爆發,,False,False
PODD,Health Care,Insulet Corporation,2026-09-17,141.55,-3.62,-4.16,-35.61,-19.75,0.0,1747885,1656266,1494871,0.17,24.21,89.76,P-V+,P-V+,P-V+,📉 主力出貨,-52.98,37.36,-1.418,43,48,57,47.3,,,,,,,,,,,,,,,,,,,,,,,,,,,,56,28,28,,28,剛爆發,,False,False
ZTS,Health Care,Zoetis,2026-09-17,73.02,-2.67,-7.31,-36.13,-20.56,0.0,4498800,6096044,6090663,-34.97,0.18,38.37,P-V-,P-V+,P-V+,➡️ 中性,-46.81,42.58,-1.099,38,51,58,45.9,,,,,,,,,,,,,,,,,,,,,,,,,,,,57,28,28,,28,剛爆發,,False,False
BSX,Health Care,Boston Scientific,2026-09-17,43.55,-11.79,-7.18,-37.0,-23.24,0.0,22158460,20488076,19746430,9.92,7.8,65.79,P-V+,P-V+,P-V+,📉 主力出貨,-47.2,36.22,-1.303,54,50,59,53.8,,,,,,,,,,,,,,,,,,,,,,,,,,,,58,28,28,,28,剛爆發,,False,False
COO,Health Care,Cooper Companies (The),2026-09-17,53.78,-29.39,-20.15,-23.08,-23.93,0.0,3844545,2825220,2678080,105.45,11.63,5.09,P-V+,P-V+,P-V+,📉 主力出貨,19.29,38.21,0.505,59,59,56,58.4,,,,,,,,,,,,,,,,,,,,,,,,,,,,59,28,28,,28,剛爆發,,False,False
ADP,Industrials,Automatic Data Processing,2026-09-17,272.24,-1.87,23.42,32.39,21.58,0.667,1988850,2453483,2811275,-18.84,-22.58,8.45,P-V-,P+V-,P+V+,➡️ 中性,-1.83,27.99,-0.066,10,1,4,6.1,1.58,2.26,False,True,266.28,8.32,1.098,False,286.17,294.46,-4.87,2.49,-1.17,9.0,11.0,2091822.0,1904600.0,0.818,1829800.0,2085510.0,1970880.0,0.928,81.79,50.49,擴散,頭頭高·底底低,,1,9,19,7.8,3,吃老本,,False,True
EXPD,Industrials,Expeditors International,2026-09-17,189.08,1.44,15.28,33.32,20.84,1.0,806470,1089876,1116090,-25.11,-4.59,-23.78,P+V-,P+V-,P+V-,⚠️ 量能衰竭,50.77,34.44,1.474,4,6,3,4.4,19.93,27.77,False,True,182.42,5.43,0.873,False,194.59,194.59,-2.83,-0.13,1.42,14.0,6.0,772792.0,885050.0,2.333,943900.0,850630.0,844160.0,1.118,100.0,54.63,多頭,頭頭高·底底高,,2,1,10,3.2,1,,,False,True
PAYX,Industrials,Paychex,2026-09-17,116.51,-5.21,17.39,28.75,17.42,0.667,2284840,3021783,3293872,-21.3,-15.26,-4.71,P-V-,P+V-,P+V-,➡️ 中性,-3.45,26.47,-0.13,32,3,6,18.1,0.91,2.31,True,False,118.18,10.12,0.942,False,127.98,131.96,-8.96,1.15,-4.89,10.0,10.0,2216630.0,2353050.0,1.0,2596600.0,2498300.0,2378713.0,1.092,79.01,42.98,擴散,頭頭高·底底低,,3,13,11,8.6,4,吃老本,,False,True
DE,Industrials,Deere & Company,2026-09-17,685.63,10.42,17.45,19.38,16.66,1.0,1412295,1217436,1259263,32.84,-6.43,-16.56,P+V+,P+V-,P+V-,➡️ 中性,25.32,29.38,0.862,1,2,9,2.9,8.3,14.07,False,True,628.28,5.93,1.455,False,705.88,705.88,-2.87,1.13,18.08,12.0,8.0,1614300.0,1109287.0,1.5,1232200.0,1182420.0,1292420.0,0.953,100.0,61.39,擴散,頭頭高·底底低,,4,1,18,5.6,2,,,False,True
DAL,Industrials,Delta Air Lines,2026-09-17,79.43,-2.01,-4.23,35.82,16.35,0.333,5377345,6324021,8063360,7.02,-35.49,-9.6,P-V+,P-V-,P+V-,➡️ 中性,43.15,34.05,1.267,11,40,2,17.9,4.54,11.35,False,False,84.55,4.44,0.894,False,95.44,95.68,-16.78,1.52,-4.63,8.0,12.0,5021875.0,5614325.0,0.667,6084600.0,5470940.0,5385733.0,1.13,73.48,43.87,空頭,頭頭低·底底低,多轉空預警,5,26,9,14.2,10,吃老本,,False,True
URI,Industrials,United Rentals,2026-09-17,1002.53,-8.47,-6.13,36.5,14.6,0.333,430465,465058,506886,-11.39,-15.25,-19.95,P-V-,P-V-,P+V-,⚠️ 主升段結束,20.96,40.54,0.517,60,45,1,43.7,10.11,8.63,False,False,1070.75,8.6,0.904,False,1177.15,1179.18,-14.83,1.36,-10.25,10.0,10.0,408670.0,452260.0,1.0,571900.0,421330.0,430253.0,1.329,75.21,41.25,空頭,頭頭低·底底低,多轉空預警,6,21,4,11.6,5,吃老本,,False,True
SWK,Industrials,Stanley Black & Decker,2026-09-17,89.12,-9.06,6.23,29.52,14.05,0.667,1575690,1790867,1834520,-29.2,-4.65,-2.36,P-V-,P+V-,P+V-,➡️ 中性,31.98,37.43,0.855,67,13,5,38.4,29.86,34.6,False,False,94.26,11.57,0.981,False,103.78,104.68,-14.12,-0.12,-9.92,7.0,13.0,1555885.0,1586353.0,0.538,1590500.0,1711670.0,1640566.0,0.969,69.24,35.66,收斂,頭頭低·底底高,多轉空預警 / 空頭確認,7,31,16,18.4,17,吃老本,,False,True
CSX,Industrials,CSX Corporation,2026-09-17,47.9,-5.77,2.41,22.59,10.46,0.667,9279070,11505301,12079845,-25.41,-9.08,-12.15,P-V-,P+V-,P+V-,➡️ 中性,56.21,20.89,2.691,38,20,8,26.6,4.19,10.6,False,False,50.08,4.41,0.936,False,53.45,53.6,-10.39,-2.32,-5.23,7.0,12.0,8869085.0,9475716.0,0.583,9789200.0,8955550.0,9414566.0,1.04,71.06,35.27,擴散,頭頭高·底底低,,8,29,14,17.6,15,吃老本,,False,True
J,Industrials,Jacobs Solutions,2026-09-17,144.16,-2.32,15.78,13.2,9.97,0.667,759895,950556,1061086,-16.1,-18.87,6.7,P-V-,P+V-,P+V+,➡️ 中性,0.87,30.76,0.028,13,4,21,11.9,0.8,7.09,False,True,140.8,7.24,0.82,False,166.66,168.44,-13.5,2.58,-1.94,11.0,9.0,691636.0,843322.0,1.222,549800.0,641590.0,724813.0,0.759,82.56,50.2,擴散,頭頭高·底底低,,9,8,30,12.8,8,,,False,True
UAL,Industrials,United Airlines Holdings,2026-09-17,107.64,-3.64,-9.17,24.3,8.94,0.333,3516190,4166492,5569649,4.97,-40.25,-8.65,P-V+,P-V-,P+V-,➡️ 中性,9.73,40.48,0.24,18,52,7,26.0,7.58,9.98,False,False,117.58,6.46,1.046,False,138.77,138.77,-22.43,1.08,-7.03,8.0,12.0,3610675.0,3453200.0,0.667,3238700.0,3622480.0,3566626.0,0.908,74.51,41.72,空頭,頭頭低·底底低,多轉空預警,10,23,21,17.4,14,吃老本,,False,True
NDSN,Industrials,Nordson Corporation,2026-09-17,311.74,-6.58,7.05,17.55,8.89,0.667,410595,390656,379696,23.26,5.95,-1.96,P-V+,P+V+,P+V-,➡️ 中性,39.89,18.46,2.161,43,12,15,28.1,5.03,1.48,False,True,306.78,4.52,1.272,False,338.1,339.12,-7.8,1.4,0.89,9.0,11.0,465255.0,365872.0,0.818,274300.0,335230.0,341233.0,0.804,85.62,48.69,多頭,頭頭高·底底高,,11,6,28,12.4,6,,,False,True
UNP,Industrials,Union Pacific Corporation,2026-09-17,282.48,-6.64,6.11,17.66,8.7,0.667,2257665,2668370,2816017,-22.81,-9.96,-20.42,P-V-,P+V-,P+V-,➡️ 中性,41.24,23.0,1.793,44,14,14,29.0,5.17,2.42,False,False,293.69,4.77,1.062,False,314.53,315.99,-10.19,-1.15,-5.97,8.0,12.0,2339212.0,2203300.0,0.667,2166500.0,1894320.0,2096400.0,1.033,74.54,36.01,收斂,頭頭低·底底高,多轉空預警 / 空轉多預警 / 空頭確認,12,22,15,16.6,13,吃老本,,False,True
WAB,Industrials,Wabtec,2026-09-17,278.82,-4.61,2.57,18.03,8.5,0.667,726095,912450,932355,-30.92,-4.18,2.94,P-V-,P+V-,P+V+,➡️ 中性,58.14,23.97,2.426,23,19,13,19.8,5.94,7.55,False,False,285.8,4.68,1.011,False,306.32,306.64,-8.98,-0.52,-4.59,10.0,10.0,730130.0,722060.0,1.0,769600.0,676050.0,718813.0,1.071,79.74,41.66,空頭,頭頭低·底底低,,13,12,12,12.4,6,,,False,True
IEX,Industrials,IDEX Corporation,2026-09-17,221.89,-5.07,-0.53,18.72,7.96,0.333,531185,658093,708587,-23.96,-13.3,0.3,P-V-,P-V-,P+V+,😴 弱勢縮量,49.09,20.91,2.348,30,26,10,24.8,9.93,12.8,False,False,228.6,3.55,0.976,False,243.8,243.8,-8.99,0.19,-5.36,8.0,12.0,523537.0,536283.0,0.667,402400.0,482430.0,505660.0,0.796,73.95,40.45,多頭,頭頭高·底底高,,14,25,29,21.4,25,吃老本,,False,True
ETN,Industrials,Eaton Corporation,2026-09-17,409.46,-1.4,0.68,15.81,7.72,0.667,1910650,2201380,2393362,-18.89,-14.85,-12.88,P-V-,P+V-,P+V-,➡️ 中性,18.18,33.89,0.536,7,25,16,14.2,2.39,2.9,False,False,415.06,11.17,0.904,False,478.0,478.0,-14.34,0.08,-3.58,10.0,10.0,1814030.0,2007270.0,1.0,2602500.0,2062760.0,1992773.0,1.306,78.7,49.26,收斂,頭頭低·底底高,多轉空預警 / 空轉多預警,15,14,6,12.8,8,,🎯 潛在暴漲,True,True
GWW,Industrials,W. W. Grainger,2026-09-17,1262.61,-2.9,-4.14,18.04,7.26,0.333,232245,293509,275806,-18.29,13.72,-4.85,P-V-,P-V+,P+V-,➡️ 中性,32.05,22.34,1.435,16,39,12,22.1,6.26,14.08,False,False,1325.52,6.24,0.935,False,1417.14,1419.91,-10.9,-0.7,-3.39,8.0,12.0,222875.0,238491.0,0.667,236100.0,245850.0,245926.0,0.96,74.04,39.11,空頭,頭頭低·底底低,,16,24,17,19.4,19,吃老本,,False,True
FAST,Industrials,Fastenal,2026-09-17,49.18,-2.92,7.38,9.36,5.79,0.667,5814450,7616078,7427837,-26.6,5.2,-1.87,P-V-,P+V+,P+V-,➡️ 中性,11.54,22.23,0.519,17,11,28,17.4,1.25,0.84,False,True,48.87,5.26,1.014,False,52.92,52.92,-7.07,0.35,-4.39,9.0,11.0,5857888.0,5778909.0,0.818,5071500.0,6094400.0,6188240.0,0.82,77.51,47.78,多頭,頭頭高·底底高,空轉多預警,17,16,27,18.6,18,,,False,True
ALLE,Industrials,Allegion,2026-09-17,153.63,-4.67,14.31,6.51,5.67,0.667,1343890,1327893,1155232,-0.73,35.14,32.12,P-V-,P+V+,P+V+,➡️ 中性,-7.11,27.58,-0.258,24,8,31,20.6,8.29,-5.09,False,False,154.48,5.11,0.701,False,181.03,183.11,-15.13,1.92,-5.27,8.0,12.0,1070462.0,1526175.0,0.667,1006900.0,962340.0,1444433.0,0.697,69.88,46.29,多頭,頭頭高·底底高,,18,30,31,25.4,28,吃老本,,False,True
VLTO,Industrials,Veralto,2026-09-17,95.25,-4.23,13.59,5.91,5.3,0.667,1486255,1847872,1985132,-6.25,-12.93,14.29,P-V-,P+V-,P+V+,➡️ 中性,-5.72,21.05,-0.272,20,9,33,19.3,10.34,6.41,False,False,95.83,6.63,1.129,False,107.44,108.0,-11.35,1.93,-4.85,8.0,12.0,1595412.0,1413483.0,0.667,1816800.0,1368260.0,1477806.0,1.229,77.62,46.21,空頭,頭頭低·底底低,多轉空預警,19,15,8,15.2,12,,,False,True
GEV,Industrials,GE Vernova,2026-09-17,924.93,-4.25,-5.85,15.02,4.99,0.333,2176950,2590320,2606645,-8.81,-1.24,-14.05,P-V-,P-V-,P+V-,⚠️ 主升段結束,60.98,38.15,1.598,21,43,19,27.2,,,,,,,,,,,,,,,,,,,,,,,,,,,,20,32,32,,32,吃老本,,False,False
EMR,Industrials,Emerson Electric,2026-09-17,147.4,-4.73,-0.61,12.29,4.81,0.333,2132735,2675078,2777680,-32.97,-7.12,-6.67,P-V-,P-V-,P+V-,⚠️ 主升段結束,22.19,28.26,0.785,25,27,22,25.0,,,,,,,,,,,,,,,,,,,,,,,,,,,,21,32,32,,32,吃老本,,False,False
AME,Industrials,Ametek,2026-09-17,234.32,-1.85,1.19,9.74,4.71,0.667,1391170,1260536,1246315,5.88,2.31,-9.29,P-V+,P+V+,P+V-,➡️ 中性,31.2,20.75,1.504,9,23,27,16.8,4.81,3.7,False,False,240.94,5.38,0.975,False,260.78,261.16,-10.15,0.18,-3.52,10.0,10.0,1373450.0,1408890.0,1.0,1869700.0,1381870.0,1422726.0,1.314,80.02,44.74,多頭,頭頭高·底底高,,22,11,5,14.2,10,剛爆發,,False,True
NSC,Industrials,Norfolk Southern,2026-09-17,318.97,-7.98,3.03,11.14,4.34,0.667,1118375,1171389,1199389,-17.14,-4.56,-11.35,P-V-,P+V-,P+V-,➡️ 中性,26.55,19.63,1.353,57,18,24,38.7,,,,,,,,,,,,,,,,,,,,,,,,,,,,23,32,32,,32,吃老本,,False,False
MMM,Industrials,3M,2026-09-17,164.71,-7.11,2.35,10.15,3.89,0.667,2754040,3273833,3557124,-14.33,-14.75,5.13,P-V-,P+V-,P+V+,➡️ 中性,18.07,27.06,0.668,50,21,26,36.5,,,,,,,,,,,,,,,,,,,,,,,,,,,,24,32,32,,32,吃老本,,False,False
CTAS,Industrials,Cintas,2026-09-17,197.96,-2.73,12.32,2.44,3.61,0.667,1753550,2126846,2190316,-17.71,-5.63,5.34,P-V-,P+V-,P+V+,➡️ 中性,2.57,26.41,0.097,15,10,39,18.3,2.35,0.4,True,False,200.82,4.26,0.909,False,218.6,219.17,-9.44,-0.24,-2.52,9.0,11.0,1662177.0,1828309.0,0.818,1555900.0,1748640.0,1702280.0,0.914,76.57,44.39,多頭,頭頭高·底底高,空轉多預警,25,19,20,21.6,26,剛爆發,,False,True
JCI,Industrials,Johnson Controls,2026-09-17,141.06,-1.47,-2.83,9.01,3.43,0.333,3115115,3833573,3718619,-15.14,6.38,-24.23,P-V-,P-V+,P+V-,➡️ 中性,35.73,24.97,1.431,8,33,29,19.7,9.01,6.46,False,False,144.64,7.9,1.156,False,157.06,157.06,-10.19,-1.23,-2.68,9.0,10.0,3387755.0,2931040.0,0.9,2775900.0,3635100.0,3314033.0,0.838,81.63,46.19,收斂,頭頭低·底底高,多轉空預警,26,10,25,19.4,19,剛爆發,,False,True
CAT,Industrials,Caterpillar Inc.,2026-09-17,798.57,-2.06,-15.38,15.5,3.39,0.333,2291800,3083747,2799223,-26.51,22.63,-1.73,P-V-,P-V+,P+V-,➡️ 中性,82.73,33.21,2.491,12,67,17,29.5,31.83,19.3,False,False,842.49,7.18,0.919,False,1071.47,1073.46,-25.47,-0.8,-2.15,9.0,11.0,2186144.0,2378245.0,0.818,2429600.0,2224460.0,2292873.0,1.06,76.75,44.62,空頭,頭頭低·底底低,多轉空預警,27,18,13,20.6,22,剛爆發,,False,True
ROK,Industrials,Rockwell Automation,2026-09-17,410.05,-4.96,-11.79,14.31,2.97,0.333,702925,829493,798796,-21.19,7.99,-12.4,P-V-,P-V+,P+V-,➡️ 中性,27.39,28.04,0.977,28,58,20,35.4,,,,,,,,,,,,,,,,,,,,,,,,,,,,28,32,32,,32,,,False,False
MAS,Industrials,Masco,2026-09-17,68.23,-6.55,-8.38,11.93,2.23,0.333,1952665,2377523,2613256,-33.37,-16.55,5.47,P-V-,P-V-,P+V+,😴 弱勢縮量,5.31,35.45,0.15,42,50,23,40.6,,,,,,,,,,,,,,,,,,,,,,,,,,,,29,32,32,,32,,,False,False
JBHT,Industrials,J.B. Hunt,2026-09-17,236.8,-13.72,-15.23,18.67,2.1,0.333,1036425,1024538,991330,17.33,6.93,-19.82,P-V+,P-V+,P+V-,➡️ 中性,104.17,37.06,2.811,76,66,11,60.0,9.55,3.09,False,False,272.92,15.66,0.661,False,299.26,299.76,-20.87,-11.59,-13.08,13.0,7.0,878861.0,1329042.0,1.857,1791000.0,1352610.0,1142200.0,1.568,76.95,31.13,空頭,頭頭低·底底低,空頭確認,30,17,3,19.4,19,剛爆發,,False,True
FIX,Industrials,Comfort Systems USA,2026-09-17,1573.96,-5.92,-17.72,15.38,1.78,0.333,336810,459393,439280,-31.1,9.6,-11.71,P-V-,P-V+,P+V-,➡️ 中性,122.77,42.61,2.881,40,69,18,44.3,,,,,,,,,,,,,,,,,,,,,,,,,,,,31,32,32,,32,,,False,False
FDX,Industrials,FedEx,2026-09-17,305.88,-5.81,-8.19,8.77,0.88,0.333,1431330,1732593,1952888,-5.14,-20.27,-15.48,P-V-,P-V-,P+V-,⚠️ 主升段結束,82.84,29.63,2.796,39,49,30,40.2,,,,,,,,,,,,,,,,,,,,,,,,,,,,32,32,32,,32,,,False,False
UPS,Industrials,United Parcel Service,2026-09-17,100.17,-2.35,-7.5,6.45,0.76,0.333,3914070,4785416,5397657,-29.11,-20.37,-22.32,P-V-,P-V-,P+V-,⚠️ 主升段結束,30.22,31.4,0.962,14,48,32,27.8,5.75,4.84,False,False,105.35,6.17,1.089,False,116.86,122.41,-14.28,0.2,-2.62,10.0,10.0,4081320.0,3746820.0,1.0,3196000.0,3781060.0,3652073.0,0.875,82.57,42.55,擴散,頭頭高·底底低,空頭確認,33,7,23,20.6,22,剛爆發,,False,True
RSG,Industrials,Republic Services,2026-09-17,218.93,-0.26,5.04,-1.82,0.28,0.333,1574310,1503950,1596656,11.11,-10.98,11.9,P-V+,P+V-,P-V+,➡️ 中性,-1.19,19.12,-0.062,6,15,48,17.1,1.7,3.77,False,True,218.39,4.3,0.863,False,232.08,233.42,-5.67,-0.97,-0.95,9.0,11.0,1447933.0,1677709.0,0.818,2119000.0,1614030.0,1658186.0,1.278,76.41,47.25,多頭,頭頭高·底底高,空轉多預警 / 空頭確認,34,20,7,23.0,27,剛爆發,,False,True
PH,Industrials,Parker Hannifin,2026-09-17,925.29,-7.3,-1.21,4.43,0.09,0.333,605875,624404,695994,-9.91,-18.65,7.93,P-V-,P-V-,P+V+,😴 弱勢縮量,39.43,28.75,1.371,52,28,36,41.6,,,,,,,,,,,,,,,,,,,,,,,,,,,,35,32,32,,32,,,False,False
PWR,Industrials,Quanta Services,2026-09-17,616.54,-6.93,-14.27,10.33,-0.14,0.333,962100,1181947,1159576,-20.7,3.93,11.12,P-V-,P-V+,P+V+,➡️ 中性,80.31,31.92,2.516,47,63,25,47.4,,,,,,,,,,,,,,,,,,,,,,,,,,,,36,32,32,,32,,,False,False
ITW,Industrials,Illinois Tool Works,2026-09-17,267.51,-5.39,1.26,1.44,-0.31,0.667,1083755,1311416,1312322,-18.18,-0.14,4.12,P-V-,P+V-,P+V+,➡️ 中性,11.03,21.98,0.502,35,22,44,32.9,,,,,,,,,,,,,,,,,,,,,,,,,,,,37,32,32,,32,,,False,False
LUV,Industrials,Southwest Airlines,2026-09-17,40.34,1.6,-14.55,5.05,-0.71,0.667,5029480,5584027,6408126,-1.66,-22.79,-35.86,P+V-,P-V-,P+V-,⚠️ 量能背離,30.64,42.22,0.726,3,64,34,27.5,80.17,-5.03,False,False,43.43,8.37,1.182,False,54.38,55.11,-25.82,4.26,-2.15,11.0,9.0,5403700.0,4572100.0,1.222,7973000.0,5575660.0,5075000.0,1.571,89.43,47.98,空頭,頭頭低·底底低,,38,5,2,17.6,15,剛爆發,,False,True
SNA,Industrials,Snap-on,2026-09-17,371.62,-5.02,-3.97,2.44,-1.03,0.333,251960,337278,356172,-29.86,-10.07,7.35,P-V-,P-V-,P+V+,😴 弱勢縮量,22.1,17.54,1.26,29,38,39,33.7,,,,,,,,,,,,,,,,,,,,,,,,,,,,39,32,32,,32,剛爆發,,False,False
BR,Industrials,Broadridge Financial Solutions,2026-09-17,164.31,-7.38,14.9,-6.15,-1.19,0.333,1027655,1288846,1427727,-22.62,-17.73,58.38,P-V-,P+V-,P-V+,➡️ 中性,-26.99,30.24,-0.893,53,7,57,40.0,1.68,4.45,False,False,164.5,11.01,0.911,False,238.38,243.83,-31.07,-2.34,-6.08,8.0,12.0,970987.0,1065433.0,0.667,860000.0,962100.0,975640.0,0.881,71.36,41.8,多頭,頭頭高·底底高,空頭確認,40,28,22,31.6,30,剛爆發,,False,True
GD,Industrials,General Dynamics,2026-09-17,355.95,-7.8,-1.81,2.18,-1.31,0.333,1035760,1143075,1232726,-1.84,-13.56,0.77,P-V-,P-V-,P+V+,😴 弱勢縮量,22.74,23.24,0.979,56,30,42,45.4,,,,,,,,,,,,,,,,,,,,,,,,,,,,41,32,32,,32,剛爆發,,False,False
PCAR,Industrials,Paccar,2026-09-17,117.36,-8.98,-2.78,2.34,-1.77,0.333,2339455,3169581,2986830,-37.35,13.03,-7.32,P-V-,P-V+,P+V-,➡️ 中性,29.5,24.97,1.182,65,32,41,50.3,,,,,,,,,,,,,,,,,,,,,,,,,,,,42,32,32,,32,剛爆發,,False,False
GE,Industrials,GE Aerospace,2026-09-17,313.47,-9.04,-10.77,4.73,-2.59,0.333,3888495,4172390,4993509,11.52,-28.24,6.09,P-V+,P-V-,P+V+,⚠️ 中期出貨,23.67,30.77,0.769,66,56,35,56.8,,,,,,,,,,,,,,,,,,,,,,,,,,,,43,32,32,,32,剛爆發,,False,False
FTV,Industrials,Fortive,2026-09-17,55.07,-7.18,-10.16,1.7,-3.48,0.333,2251575,2567190,2850843,-19.19,-18.1,-19.08,P-V-,P-V-,P+V-,⚠️ 主升段結束,23.03,25.25,0.912,51,53,43,50.0,,,,,,,,,,,,,,,,,,,,,,,,,,,,44,32,32,,32,剛爆發,,False,False
RTX,Industrials,RTX Corporation,2026-09-17,193.54,-8.83,3.97,-4.66,-3.55,0.333,3763525,4646786,4974990,-30.17,-12.38,-7.14,P-V-,P+V-,P-V-,➡️ 中性,41.25,27.58,1.496,63,17,55,47.6,,,,,,,,,,,,,,,,,,,,,,,,,,,,45,32,32,,32,剛爆發,,False,False
EME,Industrials,Emcor,2026-09-17,729.26,-7.38,-12.59,2.83,-3.58,0.333,347830,431929,396949,-18.17,19.33,-21.47,P-V-,P-V+,P+V-,➡️ 中性,30.91,31.37,0.986,53,59,38,51.8,,,,,,,,,,,,,,,,,,,,,,,,,,,,46,32,32,,32,剛爆發,,False,False
GNRC,Industrials,Generac,2026-09-17,207.23,0.23,-21.99,3.34,-3.77,0.667,1337720,1155955,1028515,9.58,28.29,-10.5,P+V+,P-V+,P+V-,➡️ 中性,16.28,55.1,0.296,5,74,37,32.1,44.65,35.49,False,True,203.97,31.7,1.7,False,296.44,296.44,-30.09,14.07,-1.7,8.0,12.0,1776512.0,1045191.0,0.667,8047500.0,1566970.0,1549873.0,5.192,94.35,57.58,空頭,頭頭低·底底低,多頭確認,47,4,1,20.6,22,剛爆發,,False,True
TT,Industrials,Trane Technologies,2026-09-17,423.33,-5.93,-10.73,0.69,-3.82,0.333,1002740,1155966,1258866,-13.67,-15.11,-11.83,P-V-,P-V-,P+V-,⚠️ 主升段結束,14.7,26.24,0.56,41,55,45,46.0,,,,,,,,,,,,,,,,,,,,,,,,,,,,48,32,32,,32,剛爆發,,False,False
UBER,Industrials,Uber,2026-09-17,70.87,-9.78,-3.25,-3.35,-4.93,0.0,17430575,19377315,18488923,-18.15,10.1,-4.85,P-V-,P-V+,P-V-,➡️ 中性,-16.04,29.99,-0.535,70,34,51,55.4,,,,,,,,,,,,,,,,,,,,,,,,,,,,49,32,32,,32,剛爆發,,False,False
FERG,Industrials,Ferguson Enterprises,2026-09-17,214.26,-10.18,-8.41,-2.78,-6.04,0.0,1326760,2262533,1830522,-70.22,61.78,11.85,P-V-,P-V+,P-V+,➡️ 中性,10.0,34.91,0.286,71,51,49,60.6,,,,,,,,,,,,,,,,,,,,,,,,,,,,50,32,32,,32,剛爆發,,False,False
DD,Industrials,DuPont,2026-09-17,128.46,-6.81,-10.47,-3.83,-6.24,0.0,1190380,1469206,1338510,-32.0,21.64,-35.01,P-V-,P-V+,P-V-,➡️ 中性,46.84,32.36,1.447,46,54,52,49.6,,,,,,,,,,,,,,,,,,,,,,,,,,,,51,32,32,,32,剛爆發,,False,False
HUBB,Industrials,Hubbell Incorporated,2026-09-17,443.23,-5.36,-11.55,-4.59,-6.52,0.0,455093,546299,586068,-28.23,-12.71,11.08,P-V-,P-V-,P-V+,😴 弱勢縮量,10.78,26.66,0.404,34,57,54,44.9,,,,,,,,,,,,,,,,,,,,,,,,,,,,52,32,32,,32,剛爆發,,False,False
WM,Industrials,Waste Management,2026-09-17,213.33,-4.73,-1.98,-9.78,-6.57,0.0,2158680,2103466,2076972,8.0,2.58,1.87,P-V+,P-V+,P-V+,📉 主力出貨,5.64,20.54,0.275,25,31,63,34.4,,,,,,,,,,,,,,,,,,,,,,,,,,,,53,32,32,,32,剛爆發,,False,False
XYL,Industrials,Xylem Inc.,2026-09-17,107.6,-4.79,-3.59,-9.55,-6.87,0.0,2396995,2078404,2110323,29.64,-2.98,43.3,P-V+,P-V-,P-V+,➡️ 中性,-16.74,23.96,-0.699,27,37,62,37.0,,,,,,,,,,,,,,,,,,,,,,,,,,,,54,32,32,,32,剛爆發,,False,False
CHRW,Industrials,C.H. Robinson,2026-09-17,153.82,7.41,-18.44,-8.49,-7.0,0.333,1291370,1744489,1749430,-45.5,-0.56,-9.8,P+V-,P-V-,P-V-,➡️ 中性,8.15,53.71,0.152,2,70,60,34.0,5.61,9.64,False,False,162.11,9.64,1.079,False,209.43,210.33,-26.55,0.92,6.89,12.0,8.0,1330208.0,1233112.0,1.5,1102800.0,1351530.0,1308093.0,0.843,95.88,51.38,收斂,頭頭低·底底高,多轉空預警 / 空轉多預警 / 多頭確認,55,3,24,28.0,29,剛爆發,,False,True
VRSK,Industrials,Verisk Analytics,2026-09-17,176.48,-5.72,-1.48,-11.82,-7.71,0.0,1096880,1944558,1944027,-33.55,0.05,16.84,P-V-,P-V+,P-V+,➡️ 中性,-24.78,33.89,-0.731,37,29,67,40.6,,,,,,,,,,,,,,,,,,,,,,,,,,,,56,32,32,,32,剛爆發,,False,False
DOV,Industrials,Dover Corporation,2026-09-17,189.24,-5.07,-14.77,-6.73,-8.33,0.0,1234265,1190896,1073195,-1.5,24.64,-11.31,P-V-,P-V+,P-V-,➡️ 中性,18.93,24.5,0.773,30,65,59,46.3,,,,,,,,,,,,,,,,,,,,,,,,,,,,57,32,32,,32,剛爆發,,False,False
BA,Industrials,Boeing,2026-09-17,197.0,-8.41,-13.4,-6.14,-8.53,0.0,5805625,5663549,6263991,0.53,-17.49,-22.06,P-V+,P-V-,P-V-,➡️ 中性,3.53,34.37,0.103,58,60,56,58.2,,,,,,,,,,,,,,,,,,,,,,,,,,,,58,32,32,,32,剛爆發,,False,False
LMT,Industrials,Lockheed Martin,2026-09-17,538.09,-5.26,1.02,-15.64,-8.88,0.333,1088365,1200203,1299880,-11.12,-14.24,-15.83,P-V-,P+V-,P-V-,➡️ 中性,26.96,32.27,0.835,33,24,72,38.1,,,,,,,,,,,,,,,,,,,,,,,,,,,,59,32,32,,32,剛爆發,,False,False
CARR,Industrials,Carrier Global,2026-09-17,54.39,-9.58,-23.28,-1.56,-9.0,0.0,6029945,6143076,6491957,-12.21,-10.2,-7.93,P-V-,P-V-,P-V-,🧊 熊市縮量,2.34,33.38,0.07,69,75,47,66.4,,,,,,,,,,,,,,,,,,,,,,,,,,,,60,32,32,,32,剛爆發,,False,False
IR,Industrials,Ingersoll Rand,2026-09-17,72.65,-8.42,-7.45,-11.5,-9.72,0.0,3721510,4121383,3928710,-10.87,10.31,13.02,P-V-,P-V+,P-V+,➡️ 中性,2.81,31.84,0.088,59,47,66,56.8,,,,,,,,,,,,,,,,,,,,,,,,,,,,61,32,32,,32,剛爆發,,False,False
AXON,Industrials,Axon Enterprise,2026-09-17,453.5,-26.17,4.16,-8.6,-9.8,0.333,959285,1005283,1062086,0.14,-10.15,22.18,P-V+,P+V-,P-V+,➡️ 中性,-14.11,75.68,-0.186,81,16,61,57.5,,,,,,,,,,,,,,,,,,,,,,,,,,,,62,32,32,,32,剛爆發,,False,False
CMI,Industrials,Cummins,2026-09-17,523.88,-11.36,-24.88,-1.54,-9.83,0.0,1085045,1054860,965141,10.89,20.5,2.66,P-V+,P-V+,P-V+,📉 主力出貨,49.35,29.36,1.681,72,77,46,68.3,,,,,,,,,,,,,,,,,,,,,,,,,,,,63,32,32,,32,剛爆發,,False,False
LDOS,Industrials,Leidos,2026-09-17,130.96,-7.06,15.68,-23.98,-9.83,0.333,1150025,1596798,1394178,-28.58,34.01,50.77,P-V-,P+V+,P-V+,➡️ 中性,-19.74,35.55,-0.555,49,5,74,40.8,12.11,7.56,False,True,126.52,7.76,0.913,False,203.41,205.77,-35.62,1.42,-10.2,9.0,11.0,1092866.0,1196790.0,0.818,1000000.0,1248040.0,1196966.0,0.835,72.7,48.8,多頭,頭頭高·底底高,空轉多預警,63,27,26,41.2,31,剛爆發,,False,True
TXT,Industrials,Textron,2026-09-17,80.91,-4.08,-13.66,-11.1,-9.98,0.0,1700765,1680429,1527626,-4.58,22.23,-2.45,P-V-,P-V+,P-V-,➡️ 中性,4.4,25.15,0.175,19,61,64,40.6,,,,,,,,,,,,,,,,,,,,,,,,,,,,65,32,32,,32,剛爆發,,False,False
AOS,Industrials,A. O. Smith,2026-09-17,56.93,-8.81,-4.92,-13.82,-10.34,0.0,1300335,1614584,1621480,-20.09,-0.85,27.17,P-V-,P-V-,P-V+,😴 弱勢縮量,-10.8,24.82,-0.435,62,42,70,57.6,,,,,,,,,,,,,,,,,,,,,,,,,,,,66,32,32,,32,剛爆發,,False,False
VRT,Industrials,Vertiv,2026-09-17,241.49,-8.72,-19.38,-6.65,-10.35,0.0,5206380,5934050,6543540,-19.14,-17.04,-7.11,P-V-,P-V-,P-V-,🧊 熊市縮量,90.9,65.91,1.379,61,73,58,64.0,,,,,,,,,,,,,,,,,,,,,,,,,,,,67,32,32,,32,剛爆發,,False,False
OTIS,Industrials,Otis Worldwide,2026-09-17,68.7,-4.28,-5.98,-16.41,-10.77,0.0,3852555,3798956,3775727,15.4,1.24,26.81,P-V+,P-V+,P-V+,📉 主力出貨,-18.0,19.3,-0.933,22,44,73,38.8,,,,,,,,,,,,,,,,,,,,,,,,,,,,68,32,32,,32,剛爆發,,False,False
CPRT,Industrials,Copart,2026-09-17,29.66,-13.6,-3.51,-13.0,-10.78,0.0,9222440,11818969,10340946,-24.93,33.35,18.23,P-V-,P-V+,P-V+,➡️ 中性,-27.39,31.26,-0.876,75,36,69,62.1,,,,,,,,,,,,,,,,,,,,,,,,,,,,69,32,32,,32,剛爆發,,False,False
EFX,Industrials,Equifax,2026-09-17,161.17,-15.99,-3.29,-11.99,-10.81,0.0,1194600,1546393,1629056,-11.56,-9.66,6.28,P-V-,P-V-,P-V+,😴 弱勢縮量,-26.15,35.42,-0.738,78,35,68,63.1,,,,,,,,,,,,,,,,,,,,,,,,,,,,70,32,32,,32,剛爆發,,False,False
ODFL,Industrials,Old Dominion,2026-09-17,175.09,-14.26,-24.29,-2.86,-11.07,0.0,1707125,1737923,1892523,-2.43,-15.1,-15.54,P-V-,P-V-,P-V-,🧊 熊市縮量,45.31,39.54,1.146,77,76,50,71.3,,,,,,,,,,,,,,,,,,,,,,,,,,,,71,32,32,,32,剛爆發,,False,False
HWM,Industrials,Howmet Aerospace,2026-09-17,225.76,-17.5,-18.58,-4.55,-11.3,0.0,3887175,3079469,2736496,74.64,28.66,17.81,P-V+,P-V+,P-V+,📉 主力出貨,53.23,35.66,1.492,79,71,53,71.4,,,,,,,,,,,,,,,,,,,,,,,,,,,,72,32,32,,32,剛爆發,,False,False
TDG,Industrials,TransDigm Group,2026-09-17,1076.01,-8.84,-17.31,-11.41,-12.24,0.0,380365,402247,401070,-10.69,0.59,18.51,P-V-,P-V+,P-V+,➡️ 中性,-4.16,25.22,-0.165,64,68,65,65.4,,,,,,,,,,,,,,,,,,,,,,,,,,,,73,32,32,,32,剛爆發,,False,False
HON,Industrials,Honeywell Technologies,2026-09-17,206.49,-5.42,-13.95,-15.32,-12.5,0.0,2925935,3834397,3946149,-12.65,-5.51,-7.11,P-V-,P-V-,P-V-,🧊 熊市縮量,8.05,27.46,0.293,36,62,71,50.8,,,,,,,,,,,,,,,,,,,,,,,,,,,,74,32,32,,32,剛爆發,,False,False
NOC,Industrials,Northrop Grumman,2026-09-17,524.0,-6.65,-4.5,-27.94,-16.76,0.0,773000,870850,859823,13.22,2.6,2.17,P-V+,P-V+,P-V+,📉 主力出貨,2.18,28.13,0.077,45,41,76,50.0,,,,,,,,,,,,,,,,,,,,,,,,,,,,75,32,32,,32,剛爆發,,False,False
HII,Industrials,Huntington Ingalls Industries,2026-09-17,277.14,-7.62,-6.73,-32.73,-19.95,0.0,384370,478890,499453,-32.65,-7.91,-1.29,P-V-,P-V-,P-V-,🧊 熊市縮量,15.79,41.25,0.383,55,46,78,56.9,,,,,,,,,,,,,,,,,,,,,,,,,,,,76,32,32,,32,剛爆發,,False,False
LHX,Industrials,L3Harris,2026-09-17,250.46,-6.94,-18.94,-29.61,-21.27,0.0,1649655,1610615,1462270,-3.26,22.58,15.47,P-V-,P-V+,P-V+,➡️ 中性,-0.53,27.44,-0.019,48,72,77,61.0,,,,,,,,,,,,,,,,,,,,,,,,,,,,77,32,32,,32,剛爆發,,False,False
LII,Industrials,Lennox International,2026-09-17,359.08,-11.57,-31.87,-24.94,-23.33,0.0,483365,509160,474674,-23.97,15.67,1.46,P-V-,P-V+,P-V+,➡️ 中性,-22.38,38.64,-0.579,73,81,75,75.8,,,,,,,,,,,,,,,,,,,,,,,,,,,,78,32,32,,32,剛爆發,,False,False
PNR,Industrials,Pentair,2026-09-17,55.72,-12.64,-25.58,-36.42,-27.76,0.0,3875800,3290264,2614676,32.5,69.68,82.43,P-V+,P-V+,P-V+,📉 主力出貨,-39.35,31.77,-1.238,74,78,80,76.4,,,,,,,,,,,,,,,,,,,,,,,,,,,,79,32,32,,32,剛爆發,,False,False
BLDR,Industrials,Builders FirstSource,2026-09-17,57.68,-17.97,-26.75,-34.52,-28.44,0.0,2362345,2300675,2414926,6.04,-9.03,13.64,P-V+,P-V-,P-V+,➡️ 中性,-43.88,49.14,-0.893,80,79,79,79.5,,,,,,,,,,,,,,,,,,,,,,,,,,,,80,32,32,,32,剛爆發,,False,False
ROL,Industrials,"Rollins, Inc.",2026-09-17,33.0,-9.29,-29.13,-39.64,-29.43,0.0,4750060,5287141,4345506,-25.27,55.33,65.03,P-V-,P-V+,P-V+,➡️ 中性,-34.47,29.9,-1.153,68,80,81,74.2,,,,,,,,,,,,,,,,,,,,,,,,,,,,81,32,32,,32,剛爆發,,False,False
DELL,Information Technology,Dell Technologies,2026-09-17,588.4,35.33,45.86,289.92,165.26,1.0,9810570,7822527,8417523,65.98,-13.2,12.11,P+V+,P+V-,P+V+,➡️ 中性,239.98,72.44,3.313,1,4,1,1.9,43.14,63.99,False,True,460.27,21.37,1.547,False,593.98,593.98,-0.94,16.14,34.48,13.0,7.0,11196930.0,7235900.0,1.857,9350700.0,10724540.0,11746506.0,0.796,100.0,66.44,多頭,頭頭高·底底高,空轉多預警 / 多頭確認,1,1,25,5.8,4,,🔥 追高風險,True,True
HPE,Information Technology,Hewlett Packard Enterprise,2026-09-17,61.04,15.7,26.49,186.23,103.66,1.0,25686425,21490535,22719833,53.69,-10.27,-10.04,P+V+,P+V-,P+V-,➡️ 中性,119.32,66.7,1.789,9,14,2,9.1,18.41,48.03,False,True,52.11,29.23,1.497,False,63.9,64.25,-4.48,10.82,15.18,11.0,9.0,30201436.0,20168077.0,1.222,25822300.0,32326130.0,30840240.0,0.837,100.0,60.02,空頭,頭頭低·底底低,多轉空預警 / 多頭確認,2,1,23,5.8,4,,🔥 追高風險,True,True
AMD,Information Technology,Advanced Micro Devices,2026-09-17,545.09,16.11,7.45,181.86,96.82,1.0,18226435,25221406,31325525,-34.41,-32.62,-33.33,P+V-,P+V-,P+V-,⚠️ 量能衰竭,193.05,73.14,2.639,8,34,3,14.8,3.21,5.82,False,True,495.59,22.03,1.171,False,584.73,584.73,-6.78,8.24,16.87,12.0,8.0,19356291.0,16531650.0,1.5,28464700.0,21262390.0,19003613.0,1.498,100.0,62.78,空頭,頭頭低·底底低,多頭確認,3,1,4,2.4,1,,🔥 追高風險,True,True
MRVL,Information Technology,Marvell Technology,2026-09-17,240.76,-4.08,-13.58,174.23,82.7,0.333,22515040,30070958,32501174,-2.94,-13.91,76.78,P-V-,P-V-,P+V+,😴 弱勢縮量,234.99,76.07,3.089,50,49,4,40.5,0.99,0.64,False,True,215.93,20.64,0.755,False,329.8,329.88,-27.0,6.08,1.47,11.0,9.0,19651272.0,26015200.0,1.222,20969900.0,18714790.0,22553486.0,0.93,84.87,56.78,收斂,頭頭低·底底高,空轉多預警,4,24,15,14.2,14,吃老本,🔥 追高風險,True,True
CRWD,Information Technology,CrowdStrike,2026-09-17,245.7,29.08,44.64,122.46,79.66,1.0,12179130,10138156,12080835,64.29,-27.71,-1.42,P+V+,P+V-,P+V-,➡️ 中性,81.04,60.51,1.339,3,5,9,4.8,6.38,3.05,False,True,206.3,20.91,1.584,False,250.32,250.32,-1.85,17.64,21.86,9.0,11.0,15277600.0,9644018.0,0.818,12331300.0,11514550.0,13151146.0,0.938,100.0,65.41,多頭,頭頭高·底底高,空轉多預警 / 多頭確認,5,1,14,5.2,3,,🔥 追高風險,True,True
PANW,Information Technology,Palo Alto Networks,2026-09-17,375.06,7.29,34.0,124.56,72.6,1.0,6577730,6579798,7452940,15.14,-20.97,-1.99,P+V+,P+V-,P+V-,➡️ 中性,77.12,56.94,1.354,17,9,8,12.8,4.35,6.62,False,True,352.27,17.6,1.08,False,398.88,398.88,-5.97,10.8,4.25,10.0,10.0,6832100.0,6323360.0,1.0,6290400.0,6245820.0,7126813.0,0.883,90.78,57.93,多頭,頭頭高·底底高,空轉多預警,6,17,19,13.0,10,吃老本,🔥 追高風險,True,True
INTC,Information Technology,Intel,2026-09-17,108.8,18.09,-7.05,137.71,71.62,0.667,93449895,110102655,119258906,-23.19,-14.26,12.19,P+V-,P-V-,P+V+,⚠️ 頂部背離,272.69,82.87,3.291,6,43,6,17.1,94.59,2108.68,False,True,97.17,23.51,1.082,False,142.35,142.35,-23.57,8.45,17.24,12.0,8.0,96357408.0,89088625.0,1.5,149726000.0,104972890.0,95810873.0,1.563,100.0,62.01,收斂,頭頭低·底底高,空轉多預警 / 多頭確認,7,1,3,3.8,2,剛爆發,🔥 追高風險,True,True
SNDK,Information Technology,Sandisk,2026-09-17,1614.39,0.86,-18.94,144.01,67.48,0.667,10430130,13619749,14441949,-40.76,-10.77,6.1,P+V-,P-V-,P+V+,⚠️ 頂部背離,1569.54,112.84,13.909,36,55,5,35.5,13.72,59.67,False,True,1505.53,18.55,1.22,False,2354.39,2354.39,-31.43,-4.62,2.9,9.0,11.0,11576588.0,9492118.0,0.818,8480500.0,9648930.0,10502213.0,0.807,83.51,52.85,收斂,頭頭低·底底高,多轉空預警 / 空轉多預警,8,26,24,18.4,19,吃老本,🔥 追高風險,True,True
MU,Information Technology,Micron Technology,2026-09-17,977.5,0.33,-4.22,129.52,63.79,0.667,24306405,39731284,45325561,-40.61,-21.97,50.46,P+V-,P-V-,P+V+,⚠️ 頂部背離,486.67,84.5,5.759,38,39,7,32.1,21.39,33.21,True,True,926.77,14.4,0.92,False,1254.81,1255.0,-22.1,0.01,4.31,10.0,10.0,23287080.0,25325730.0,1.0,22091600.0,24769420.0,24746333.0,0.893,83.68,53.81,多頭,頭頭高·底底高,空轉多預警,9,25,17,17.0,18,吃老本,🔥 追高風險,True,True
FTNT,Information Technology,Fortinet,2026-09-17,172.58,14.45,17.39,106.83,61.37,1.0,4323980,5245380,5732021,-19.19,-15.65,-5.6,P+V-,P+V-,P+V-,⚠️ 量能衰竭,90.37,46.1,1.961,11,21,11,14.0,20.53,32.63,False,True,160.04,14.79,1.109,False,176.1,176.1,-2.0,8.64,12.91,11.0,9.0,4524018.0,4079488.0,1.222,5474600.0,3813430.0,4492980.0,1.218,98.94,61.35,多頭,頭頭高·底底高,空轉多預警,10,11,6,9.6,7,,🔥 追高風險,True,True
HPQ,Information Technology,HP Inc.,2026-09-17,34.66,18.75,44.08,87.13,59.27,1.0,16809870,15685475,17711635,16.01,-20.53,19.11,P+V+,P+V-,P+V+,➡️ 中性,11.7,40.22,0.291,4,6,14,6.6,19.99,20.26,False,True,28.7,17.05,0.883,False,36.23,36.23,-4.33,5.9,16.89,11.0,9.0,15867127.0,17962111.0,1.222,15144000.0,16069010.0,17786886.0,0.851,96.28,63.51,多頭,頭頭高·底底高,多頭確認,11,14,22,14.4,15,,,False,True
NTAP,Information Technology,NetApp,2026-09-17,196.92,2.13,22.48,101.23,56.77,1.0,2415565,2671353,2766237,-1.9,-6.63,27.67,P+V-,P+V-,P+V+,⚠️ 頂部背離,59.69,43.06,1.386,27,17,12,21.0,21.54,7.22,False,True,183.8,20.39,1.136,False,209.06,209.06,-5.81,7.25,1.25,9.0,11.0,2586311.0,2275863.0,0.818,1898600.0,2576370.0,2586786.0,0.734,85.81,57.82,多頭,頭頭高·底底高,,12,23,28,19.6,22,吃老本,🔥 追高風險,True,True
SWKS,Information Technology,Skyworks Solutions,2026-09-17,91.32,34.41,27.86,68.27,49.71,1.0,7344710,6194441,5195356,26.23,47.62,59.08,P+V+,P+V+,P+V+,⭐⭐⭐ 完美多頭,-5.09,48.18,-0.106,2,12,17,8.0,4.79,10.1,False,True,68.04,27.0,1.41,False,92.3,92.3,-1.06,8.68,33.35,12.0,8.0,8311091.0,5895137.0,1.5,7349500.0,8253220.0,8324180.0,0.883,100.0,68.46,收斂,頭頭低·底底高,空轉多預警 / 多頭確認,13,1,19,9.4,6,剛爆發,🚀 暴漲中,True,True
STX,Information Technology,Seagate Technology,2026-09-17,803.13,-5.54,-22.07,109.82,48.01,0.333,3420710,4771416,4366354,-37.24,20.45,0.48,P-V-,P-V+,P+V+,➡️ 中性,293.44,76.7,3.826,54,61,10,47.3,12.09,16.76,False,False,843.96,20.15,1.121,False,1144.18,1145.0,-29.81,-6.87,-3.53,8.0,12.0,3657637.0,3262758.0,0.667,5308400.0,3820400.0,3629413.0,1.463,74.75,45.46,擴散,頭頭高·底底低,,14,30,5,18.6,20,吃老本,🔥 追高風險,True,True
ZBRA,Information Technology,Zebra Technologies,2026-09-17,347.81,-3.53,46.51,71.57,46.53,0.667,534850,733616,834293,-39.72,-21.54,20.27,P-V-,P+V-,P+V+,➡️ 中性,11.76,52.54,0.224,48,3,16,28.1,45.1,11.88,False,True,328.25,8.18,0.97,False,386.23,386.23,-9.95,1.1,-1.93,9.0,11.0,525766.0,542281.0,0.818,535500.0,500310.0,516773.0,1.036,78.52,51.11,多頭,頭頭高·底底高,,15,29,9,19.4,21,吃老本,,False,True
DDOG,Information Technology,Datadog,2026-09-17,236.0,1.48,2.12,89.53,45.66,1.0,3569425,4448893,5081166,-33.31,-22.13,1.47,P+V-,P+V-,P+V+,⚠️ 頂部背離,73.97,75.58,0.979,32,36,13,29.4,11.45,18.25,False,False,244.41,16.03,1.14,False,292.72,292.72,-19.38,6.44,1.06,10.0,10.0,3803410.0,3335440.0,1.0,2803400.0,3458720.0,3699913.0,0.758,88.17,52.58,空頭,頭頭低·底底低,多轉空預警,16,20,27,19.8,23,,,False,True
WDAY,Information Technology,"Workday, Inc.",2026-09-17,199.28,0.99,57.2,49.73,39.41,1.0,3527455,4572612,4842159,-33.75,-10.55,28.82,P+V-,P+V-,P+V+,⚠️ 頂部背離,-15.52,59.35,-0.262,35,1,20,21.8,5.27,5.68,False,True,174.98,14.75,1.482,False,249.85,249.85,-20.24,7.67,0.43,9.0,11.0,4296033.0,2898618.0,0.818,4250900.0,2632240.0,3611806.0,1.177,91.54,57.97,空頭,頭頭低·底底低,多轉空預警,17,16,7,14.6,16,,,False,True
FFIV,Information Technology,"F5, Inc.",2026-09-17,434.62,15.04,11.77,50.23,31.82,1.0,485295,610149,677141,-34.38,-18.01,-29.8,P+V-,P+V-,P+V-,⚠️ 量能衰竭,18.16,38.21,0.475,10,30,19,17.8,18.25,12.86,False,True,404.58,13.29,1.273,False,439.48,439.48,-1.11,9.07,13.59,10.0,10.0,543550.0,427040.0,1.0,520100.0,504650.0,507280.0,1.025,99.05,63.32,收斂,頭頭低·底底高,空轉多預警 / 多頭確認,18,10,10,13.2,11,剛爆發,,False,True
ANET,Information Technology,Arista Networks,2026-09-17,199.53,8.59,18.76,49.38,31.53,1.0,4879540,7165249,8104253,-38.96,-20.77,-1.79,P+V-,P+V-,P+V-,⚠️ 量能衰竭,30.53,58.33,0.523,15,20,21,17.7,15.18,7.73,False,True,187.24,12.19,1.274,False,214.89,214.89,-7.15,5.58,7.02,11.0,9.0,5402709.0,4240111.0,1.222,7162400.0,4639340.0,4526920.0,1.582,97.07,55.92,空頭,頭頭低·底底低,,19,13,2,13.2,11,剛爆發,,False,True
GEN,Information Technology,Gen Digital,2026-09-17,30.21,7.2,23.5,47.51,31.43,1.0,5826570,5562773,6700760,20.24,-29.03,36.3,P+V+,P+V-,P+V+,➡️ 中性,-1.99,40.09,-0.05,18,16,22,18.2,,,,,,,,,,,,,,,,,,,,,,,,,,,,20,31,31,,31,吃老本,,False,False
CRM,Information Technology,Salesforce,2026-09-17,242.85,18.42,50.44,26.8,30.62,1.0,16259465,14971603,14466237,25.8,7.24,44.53,P+V+,P+V+,P+V+,⭐⭐⭐ 完美多頭,-14.34,49.33,-0.291,5,2,32,9.5,80.36,24.07,False,True,205.07,10.54,1.784,False,267.8,269.11,-9.32,0.11,18.04,8.0,12.0,22083112.0,12377033.0,0.667,16611300.0,12682780.0,17964713.0,0.925,100.0,56.92,多頭,頭頭高·底底高,空轉多預警,21,1,16,12.0,8,剛爆發,🚀 暴漲中,True,True
FLEX,Information Technology,Flex Ltd.,2026-09-17,109.02,-1.18,-25.8,71.82,29.17,0.333,2907270,5506655,5239369,-37.28,10.75,19.18,P-V-,P-V+,P+V+,➡️ 中性,100.19,76.55,1.309,40,67,15,43.1,8.9,6.07,False,False,117.47,14.01,1.16,False,166.86,166.86,-34.66,0.94,-3.55,9.0,11.0,3145311.0,2712509.0,0.818,3291800.0,3119050.0,2954426.0,1.114,80.81,45.19,空頭,頭頭低·底底低,,22,28,8,21.6,24,吃老本,,False,True
SMCI,Information Technology,Supermicro,2026-09-17,40.35,10.55,38.09,31.22,27.77,1.0,37940750,49242300,49403523,-33.66,-0.65,70.39,P+V-,P+V-,P+V+,⚠️ 頂部背離,-18.53,97.63,-0.19,13,7,28,14.2,77.55,34.51,False,True,33.34,16.08,1.214,False,58.78,58.78,-31.35,7.95,10.31,11.0,9.0,41207972.0,33947477.0,1.222,62517100.0,39545740.0,36619273.0,1.707,98.94,58.81,多頭,頭頭高·底底高,,23,11,1,13.8,13,剛爆發,,False,True
QCOM,Information Technology,Qualcomm,2026-09-17,188.71,18.04,-11.37,46.69,25.02,0.667,11734695,14268643,17389364,2.68,-30.43,78.16,P+V+,P-V-,P+V+,➡️ 中性,-0.53,64.39,-0.008,7,46,23,21.9,-0.49,3.34,False,True,168.07,15.12,1.371,False,257.56,259.92,-26.73,6.69,17.19,13.0,7.0,12963138.0,9453300.0,1.857,12318000.0,13327290.0,12350060.0,0.997,100.0,68.65,收斂,頭頭低·底底高,空轉多預警 / 多頭確認,24,1,11,12.2,9,剛爆發,,False,False
AAPL,Information Technology,Apple Inc.,2026-09-17,337.0,8.26,12.72,34.98,22.73,1.0,41201805,53068647,49798625,-22.33,14.06,1.43,P+V-,P+V+,P+V+,⚠️ 頂部背離,33.06,25.46,1.298,16,28,27,21.8,,,,,,,,,,,,,,,,,,,,,,,,,,,,25,31,31,,31,吃老本,,False,False
LITE,Information Technology,Lumentum,2026-09-17,893.61,1.63,2.08,43.55,22.7,1.0,4116690,4773547,5590056,-23.05,-25.49,22.24,P+V-,P+V-,P+V+,⚠️ 頂部背離,406.67,82.71,4.917,30,37,24,30.9,,,,,,,,,,,,,,,,,,,,,,,,,,,,26,31,31,,31,,,False,False
CDW,Information Technology,CDW Corporation,2026-09-17,149.2,12.26,15.24,29.82,21.79,1.0,1644785,1866327,1914366,-11.68,-4.9,15.98,P+V-,P+V-,P+V+,⚠️ 頂部背離,-16.71,52.27,-0.32,12,23,29,18.7,3.97,-0.26,False,True,141.34,11.47,1.134,False,163.67,167.0,-8.84,4.63,9.27,8.0,12.0,1770387.0,1561050.0,0.667,1259200.0,1482020.0,1590500.0,0.792,87.26,54.1,多頭,頭頭高·底底高,,27,21,26,24.4,28,剛爆發,,False,True
NOW,Information Technology,ServiceNow,2026-09-17,138.47,6.72,36.65,21.87,21.78,1.0,15549225,20706783,23852467,-35.16,-23.3,93.87,P+V-,P+V-,P+V+,⚠️ 頂部背離,-33.08,62.25,-0.531,19,8,38,19.5,5.05,0.36,False,True,122.13,12.46,1.591,False,194.73,194.73,-28.89,5.57,8.86,8.0,12.0,20009087.0,12575983.0,0.667,9857700.0,13246850.0,16458393.0,0.599,95.39,56.18,多頭,頭頭高·底底高,,28,15,30,23.2,26,剛爆發,,False,True
MSFT,Information Technology,Microsoft,2026-09-17,497.75,3.45,26.62,26.35,20.69,1.0,20073780,34473549,34715708,-46.37,-1.39,25.46,P+V-,P+V-,P+V+,⚠️ 頂部背離,-4.44,35.27,-0.126,23,13,33,22.0,11.81,4.9,False,True,462.0,5.96,1.138,False,549.2,553.72,-9.37,1.08,2.97,11.0,9.0,21229481.0,18661255.0,1.222,17841600.0,17994730.0,20095686.0,0.888,90.45,55.71,多頭,頭頭高·底底高,,29,18,18,22.4,25,剛爆發,,False,True
CSCO,Information Technology,Cisco,2026-09-17,110.24,0.59,-7.46,42.03,19.3,0.667,13821680,20783393,22255545,-40.4,-12.41,3.2,P+V-,P-V-,P+V+,⚠️ 頂部背離,66.63,33.82,1.97,37,44,25,36.7,,,,,,,,,,,,,,,,,,,,,,,,,,,,30,31,31,,31,,,False,False
VRSN,Information Technology,Verisign,2026-09-17,302.05,9.08,10.61,27.3,18.57,1.0,652610,789852,815197,-25.28,-6.03,-3.06,P+V-,P+V-,P+V-,⚠️ 量能衰竭,-3.94,29.94,-0.132,14,32,30,22.6,1.11,4.2,False,True,284.17,8.31,0.9,False,311.57,312.48,-3.05,4.57,10.63,14.0,6.0,631478.0,701916.0,2.333,656900.0,651410.0,673040.0,0.976,100.0,63.06,收斂,頭頭低·底底高,多頭確認,31,1,12,15.2,17,剛爆發,,False,True
PLTR,Information Technology,Palantir Technologies,2026-09-17,176.24,1.31,32.26,16.75,16.77,1.0,28238685,39353958,41703702,-39.64,-10.67,-17.62,P+V-,P+V-,P+V-,⚠️ 量能衰竭,4.08,60.09,0.068,33,10,46,28.7,18.51,18.08,False,True,157.29,12.33,1.042,False,207.52,207.52,-15.07,6.26,0.6,10.0,10.0,28816910.0,27660460.0,1.0,23776100.0,25289900.0,27272060.0,0.872,86.09,55.93,多頭,頭頭高·底底高,空轉多預警,32,22,21,25.8,29,剛爆發,,False,True
GDDY,Information Technology,GoDaddy,2026-09-17,98.15,-0.04,24.54,20.84,16.55,0.667,1772970,2098601,2255133,-21.03,-12.98,29.79,P-V-,P+V-,P+V+,➡️ 中性,-32.79,39.29,-0.835,39,15,40,32.0,8.01,5.44,False,True,95.31,14.55,0.923,False,148.19,148.19,-33.77,1.85,1.35,12.0,8.0,1715675.0,1858912.0,1.5,1765000.0,1842180.0,1848780.0,0.955,90.2,50.93,擴散,頭頭高·底底低,,33,19,13,23.4,27,剛爆發,,False,True
WDC,Information Technology,Western Digital,2026-09-17,423.87,-9.6,-37.75,55.76,16.04,0.333,5801245,8261652,8028511,-32.36,5.98,-15.65,P-V-,P-V+,P+V-,➡️ 中性,358.49,76.22,4.703,63,72,18,56.7,,,,,,,,,,,,,,,,,,,,,,,,,,,,34,31,31,,31,,,False,False
TXN,Information Technology,Texas Instruments,2026-09-17,258.14,-2.81,-15.13,36.69,13.86,0.333,5226825,7573938,7572693,-29.74,0.03,-2.81,P-V-,P-V+,P+V-,➡️ 中性,52.18,35.4,1.474,46,52,26,43.8,,,,,,,,,,,,,,,,,,,,,,,,,,,,35,31,31,,31,,,False,False
IT,Information Technology,Gartner,2026-09-17,187.8,-3.04,32.03,12.63,13.56,0.667,1089165,1398012,1484406,-33.34,-11.0,9.38,P-V-,P+V-,P+V+,➡️ 中性,-24.06,50.55,-0.476,47,11,50,36.8,17.06,13.64,False,True,171.64,20.02,0.972,False,265.85,265.85,-29.36,10.07,-2.6,9.0,11.0,1071877.0,1103309.0,0.818,754300.0,1114050.0,1027306.0,0.734,81.74,52.7,擴散,頭頭高·底底低,,36,27,28,30.8,30,剛爆發,,False,True
NVDA,Information Technology,Nvidia,2026-09-17,219.34,1.26,5.87,21.96,12.77,1.0,129808870,130012293,147536142,9.75,-21.23,-19.49,P+V+,P+V-,P+V-,➡️ 中性,27.92,36.64,0.762,34,35,36,34.7,,,,,,,,,,,,,,,,,,,,,,,,,,,,37,31,31,,31,剛爆發,,False,False
KEYS,Information Technology,Keysight Technologies,2026-09-17,331.44,4.72,-5.38,18.46,9.07,0.667,1160300,1380341,1410670,-14.58,-4.21,9.89,P+V-,P-V-,P+V+,⚠️ 頂部背離,84.75,44.24,1.916,22,42,43,32.2,,,,,,,,,,,,,,,,,,,,,,,,,,,,38,31,31,,31,剛爆發,,False,False
APH,Information Technology,Amphenol,2026-09-17,78.37,2.37,-1.15,17.45,9.03,0.667,10929245,13497041,16583879,-19.67,-31.39,-9.56,P+V-,P-V-,P+V-,⚠️ 量能背離,32.49,43.48,0.747,26,38,45,33.4,,,,,,,,,,,,,,,,,,,,,,,,,,,,39,31,31,,31,剛爆發,,False,False
CTSH,Information Technology,Cognizant,2026-09-17,61.88,1.58,21.93,3.83,7.79,1.0,5576400,9884509,8569166,-42.41,36.27,57.33,P+V-,P+V+,P+V+,⚠️ 頂部背離,-11.03,45.52,-0.242,31,18,56,32.1,,,,,,,,,,,,,,,,,,,,,,,,,,,,40,31,31,,31,剛爆發,,False,False
TER,Information Technology,Teradyne,2026-09-17,353.13,-7.8,-13.7,23.38,6.32,0.333,2402410,3760895,3666951,-33.92,5.26,3.43,P-V-,P-V+,P+V+,➡️ 中性,232.61,68.35,3.403,59,50,34,51.3,,,,,,,,,,,,,,,,,,,,,,,,,,,,41,31,31,,31,剛爆發,,False,False
ADI,Information Technology,Analog Devices,2026-09-17,362.65,-1.75,-12.56,19.17,6.01,0.333,3413780,4184516,4075817,-14.43,5.48,8.8,P-V-,P-V+,P+V+,➡️ 中性,52.96,32.0,1.655,41,48,42,43.3,,,,,,,,,,,,,,,,,,,,,,,,,,,,42,31,31,,31,剛爆發,,False,False
COHR,Information Technology,Coherent Corp.,2026-09-17,295.98,2.05,-22.68,21.92,5.8,0.667,5865635,6115309,6570132,-22.95,-12.95,34.16,P+V-,P-V-,P+V+,⚠️ 頂部背離,177.99,75.44,2.359,28,62,37,40.0,,,,,,,,,,,,,,,,,,,,,,,,,,,,43,31,31,,31,剛爆發,,False,False
NXPI,Information Technology,NXP Semiconductors,2026-09-17,227.95,2.69,-24.15,21.0,5.14,0.667,3107885,3957026,3775485,-32.08,10.1,36.18,P+V-,P-V+,P+V+,⚠️ 頂部背離,3.2,46.67,0.068,25,65,39,39.8,,,,,,,,,,,,,,,,,,,,,,,,,,,,44,31,31,,31,剛爆發,,False,False
ACN,Information Technology,Accenture,2026-09-17,190.29,4.93,16.35,-1.24,4.7,0.667,4502115,8230096,7161376,-34.23,35.08,40.55,P+V-,P+V+,P-V+,➡️ 中性,-22.51,41.53,-0.542,21,22,61,29.3,,,,,,,,,,,,,,,,,,,,,,,,,,,,45,31,31,,31,剛爆發,,False,False
ADBE,Information Technology,Adobe Inc.,2026-09-17,252.67,-7.18,21.87,1.34,4.35,0.667,5110520,5735860,5902573,-0.27,-5.49,22.61,P-V-,P+V-,P+V+,➡️ 中性,-24.75,43.32,-0.571,58,19,59,46.5,,,,,,,,,,,,,,,,,,,,,,,,,,,,46,31,31,,31,剛爆發,,False,False
ROP,Information Technology,Roper Technologies,2026-09-17,374.76,-8.7,11.37,7.31,4.32,0.667,653085,902840,1042525,-22.91,-23.63,-19.3,P-V-,P+V-,P+V-,➡️ 中性,-19.38,28.31,-0.685,61,31,54,50.6,,,,,,,,,,,,,,,,,,,,,,,,,,,,47,31,31,,31,剛爆發,,False,False
LRCX,Information Technology,Lam Research,2026-09-17,269.31,-13.27,-27.03,27.0,3.42,0.333,7833390,10817420,10386184,-27.56,8.66,-10.17,P-V-,P-V+,P+V-,➡️ 中性,153.38,59.52,2.577,70,69,31,61.9,,,,,,,,,,,,,,,,,,,,,,,,,,,,48,31,31,,31,剛爆發,,False,False
GLW,Information Technology,Corning Inc.,2026-09-17,147.8,-2.23,-16.54,14.86,2.74,0.333,8774760,13111100,12937945,-36.2,2.71,47.11,P-V-,P-V+,P+V+,➡️ 中性,99.66,67.19,1.483,43,53,49,47.2,,,,,,,,,,,,,,,,,,,,,,,,,,,,49,31,31,,31,剛爆發,,False,False
JBL,Information Technology,Jabil,2026-09-17,295.94,-6.54,-21.17,18.12,2.13,0.333,885695,1196707,1201210,-17.19,-0.75,-5.27,P-V-,P-V-,P+V-,⚠️ 主升段結束,51.26,42.94,1.194,57,59,44,55.0,,,,,,,,,,,,,,,,,,,,,,,,,,,,50,31,31,,31,剛爆發,,False,False
TYL,Information Technology,Tyler Technologies,2026-09-17,341.57,-1.89,14.52,-2.35,1.98,0.333,954455,877489,763990,10.11,34.9,52.68,P-V+,P+V+,P-V+,➡️ 中性,-35.33,42.37,-0.834,42,24,66,41.4,,,,,,,,,,,,,,,,,,,,,,,,,,,,51,31,31,,31,剛爆發,,False,False
TEL,Information Technology,TE Connectivity,2026-09-17,206.6,3.42,-4.42,4.41,1.96,0.667,2030855,2331276,2449494,-10.03,-9.21,21.14,P+V-,P-V-,P+V+,⚠️ 頂部背離,-4.14,34.4,-0.12,24,40,55,35.0,,,,,,,,,,,,,,,,,,,,,,,,,,,,52,31,31,,31,剛爆發,,False,False
MSI,Information Technology,Motorola Solutions,2026-09-17,459.68,-2.69,14.16,-2.04,1.85,0.333,958940,998947,1044614,-0.78,-8.38,-12.23,P-V-,P+V-,P-V-,➡️ 中性,1.53,26.0,0.059,44,25,62,41.9,,,,,,,,,,,,,,,,,,,,,,,,,,,,53,31,31,,31,剛爆發,,False,False
AVGO,Information Technology,Broadcom,2026-09-17,347.3,-4.6,-7.66,8.2,1.04,0.333,25618595,23806158,24769547,30.91,-7.49,-11.32,P-V+,P-V-,P+V-,➡️ 中性,5.48,48.81,0.112,52,45,52,49.9,,,,,,,,,,,,,,,,,,,,,,,,,,,,54,31,31,,31,剛爆發,,False,False
AMAT,Information Technology,Applied Materials,2026-09-17,417.4,-15.88,-26.47,22.5,0.66,0.333,6097365,8771841,8019776,-23.8,20.7,1.03,P-V-,P-V+,P+V+,➡️ 中性,179.79,51.25,3.508,72,68,35,63.4,,,,,,,,,,,,,,,,,,,,,,,,,,,,55,31,31,,31,剛爆發,,False,False
KLAC,Information Technology,KLA Corporation,2026-09-17,168.98,-9.08,-28.72,19.4,0.25,0.333,8890465,11922886,11170026,-25.18,14.45,6.88,P-V-,P-V+,P+V+,➡️ 中性,90.21,57.93,1.557,62,71,41,60.5,,,,,,,,,,,,,,,,,,,,,,,,,,,,56,31,31,,31,剛爆發,,False,False
MCHP,Information Technology,Microchip Technology,2026-09-17,70.82,-6.02,-25.5,15.6,-0.08,0.333,7701355,10487820,10468115,-32.04,0.38,22.47,P-V-,P-V+,P+V+,➡️ 中性,19.53,47.99,0.407,55,66,48,56.9,,,,,,,,,,,,,,,,,,,,,,,,,,,,57,31,31,,31,剛爆發,,False,False
MPWR,Information Technology,Monolithic Power Systems,2026-09-17,1169.58,-10.76,-21.84,11.51,-2.4,0.333,605175,889436,764247,-29.1,39.18,20.04,P-V-,P-V+,P+V+,➡️ 中性,49.17,45.34,1.085,65,60,51,60.7,,,,,,,,,,,,,,,,,,,,,,,,,,,,58,31,31,,31,剛爆發,,False,False
IBM,Information Technology,IBM,2026-09-17,237.75,1.74,-11.58,-2.06,-3.49,0.333,4880365,8693206,8291881,-35.07,10.17,54.78,P+V-,P-V+,P-V+,➡️ 中性,-6.08,56.0,-0.109,29,47,63,41.2,,,,,,,,,,,,,,,,,,,,,,,,,,,,59,31,31,,31,剛爆發,,False,False
ON,Information Technology,ON Semiconductor,2026-09-17,68.3,-8.58,-42.24,16.65,-4.38,0.333,9126940,10898729,10904534,-9.73,-0.11,22.2,P-V-,P-V-,P+V+,😴 弱勢縮量,53.78,55.91,0.962,60,73,47,61.3,,,,,,,,,,,,,,,,,,,,,,,,,,,,60,31,31,,31,剛爆發,,False,False
ORCL,Information Technology,Oracle Corporation,2026-09-17,150.59,6.0,-19.76,-2.24,-4.56,0.333,29103935,32636863,29590307,-6.75,22.95,2.92,P+V-,P-V+,P-V+,➡️ 中性,-51.74,69.49,-0.745,20,57,65,40.1,,,,,,,,,,,,,,,,,,,,,,,,,,,,61,31,31,,31,剛爆發,,False,False
TRMB,Information Technology,Trimble Inc.,2026-09-17,57.33,-3.94,12.9,-13.75,-4.64,0.333,3636405,3191578,2725701,27.39,41.23,70.23,P-V+,P+V+,P-V+,➡️ 中性,-25.6,33.72,-0.759,49,27,70,46.6,,,,,,,,,,,,,,,,,,,,,,,,,,,,62,31,31,,31,剛爆發,,False,False
Q,Information Technology,Qnity Electronics,2026-09-17,117.13,-12.22,-23.01,7.54,-5.04,0.333,1736350,1937166,1863778,-7.15,8.2,,P-V-,P-V+,,資料不足,,,,66,63,53,62.5,,,,,,,,,,,,,,,,,,,,,,,,,,,,63,31,31,,31,剛爆發,,False,False
TDY,Information Technology,Teledyne Technologies,2026-09-17,601.98,-5.04,-4.46,-5.78,-5.27,0.0,247335,340629,330914,-25.79,6.05,-3.69,P-V-,P-V+,P-V-,➡️ 中性,17.75,24.62,0.721,53,41,67,52.2,,,,,,,,,,,,,,,,,,,,,,,,,,,,64,31,31,,31,剛爆發,,False,False
AKAM,Information Technology,Akamai Technologies,2026-09-17,107.08,-2.73,-19.07,-0.55,-5.72,0.0,2998940,3550467,4571926,-17.45,-36.52,44.82,P-V-,P-V-,P-V+,😴 弱勢縮量,48.79,64.93,0.751,45,56,60,51.3,,,,,,,,,,,,,,,,,,,,,,,,,,,,65,31,31,,31,剛爆發,,False,False
FSLR,Information Technology,First Solar,2026-09-17,201.16,-6.03,-23.91,2.6,-6.19,0.333,1969830,2140481,2282825,-26.03,-11.74,-1.22,P-V-,P-V-,P+V-,⚠️ 主升段結束,5.55,51.9,0.107,56,64,57,58.6,,,,,,,,,,,,,,,,,,,,,,,,,,,,66,31,31,,31,剛爆發,,False,False
PTC,Information Technology,PTC Inc.,2026-09-17,134.44,-12.43,13.76,-13.76,-6.55,0.333,1396225,1633398,1537730,-7.02,13.27,61.04,P-V-,P+V+,P-V+,➡️ 中性,-25.27,41.32,-0.611,68,26,71,56.0,,,,,,,,,,,,,,,,,,,,,,,,,,,,67,31,31,,31,剛爆發,,False,False
CIEN,Information Technology,Ciena,2026-09-17,344.25,-12.29,-20.0,2.04,-7.05,0.333,2474285,2507070,2681583,10.83,-12.22,-13.73,P-V+,P-V-,P+V-,➡️ 中性,192.91,69.11,2.791,67,58,58,62.5,,,,,,,,,,,,,,,,,,,,,,,,,,,,68,31,31,,31,剛爆發,,False,False
ADSK,Information Technology,Autodesk,2026-09-17,218.64,-12.9,8.57,-12.95,-7.56,0.333,2297600,2439935,2323175,13.7,10.58,33.48,P-V+,P+V+,P-V+,➡️ 中性,-21.29,39.5,-0.539,69,33,69,58.2,,,,,,,,,,,,,,,,,,,,,,,,,,,,69,31,31,,31,剛爆發,,False,False
SNPS,Information Technology,Synopsys,2026-09-17,381.17,-4.21,-14.99,-7.62,-8.61,0.0,1976545,1911992,1869783,19.94,4.62,-30.06,P-V+,P-V+,P-V-,➡️ 中性,-5.68,58.06,-0.098,51,51,68,54.4,,,,,,,,,,,,,,,,,,,,,,,,,,,,70,31,31,,31,剛爆發,,False,False
CDNS,Information Technology,Cadence Design Systems,2026-09-17,280.76,-10.47,-27.61,-2.18,-10.61,0.0,2457240,2393410,2375372,3.77,1.53,13.49,P-V+,P-V+,P-V+,📉 主力出貨,-9.3,39.52,-0.235,64,70,64,65.8,,,,,,,,,,,,,,,,,,,,,,,,,,,,71,31,31,,31,剛爆發,,False,False
INTU,Information Technology,Intuit,2026-09-17,313.13,-13.47,11.93,-28.29,-14.53,0.333,3928755,4322232,4318266,6.39,0.18,58.68,P-V+,P+V+,P-V+,➡️ 中性,-44.69,52.41,-0.853,71,29,73,58.8,,,,,,,,,,,,,,,,,,,,,,,,,,,,72,31,31,,31,剛爆發,,False,False
FICO,Information Technology,Fair Isaac,2026-09-17,966.3,-15.96,-18.54,-14.58,-15.91,0.0,351725,337320,353520,-11.48,-8.76,21.89,P-V-,P-V-,P-V+,😴 弱勢縮量,-25.15,49.65,-0.506,73,54,72,67.1,,,,,,,,,,,,,,,,,,,,,,,,,,,,73,31,31,,31,剛爆發,,False,False
NUE,Materials,Nucor,2026-09-17,265.14,10.25,2.59,63.14,34.78,1.0,1205700,1490696,1487169,-22.91,0.48,-10.82,P+V-,P+V+,P+V-,⚠️ 量能背離,76.52,33.7,2.271,2,13,1,5.1,6.94,14.67,False,True,253.75,6.35,1.049,False,280.11,280.11,-5.34,3.79,6.59,11.0,9.0,1231345.0,1174355.0,1.222,969400.0,991840.0,1038553.0,0.933,92.15,58.38,收斂,頭頭低·底底高,多轉空預警,1,3,10,3.6,1,,,False,True
STLD,Materials,Steel Dynamics,2026-09-17,245.35,12.03,-10.35,44.59,22.72,0.667,1125195,1224264,1189379,0.52,6.04,-7.73,P+V+,P-V+,P+V-,➡️ 中性,70.82,37.72,1.878,1,19,2,6.6,0.56,-0.19,False,True,243.53,7.52,1.132,False,288.09,288.74,-14.83,3.49,6.21,10.0,10.0,1194640.0,1055750.0,1.0,844800.0,941990.0,910046.0,0.928,89.92,53.8,收斂,頭頭低·底底高,空轉多預警,2,4,11,4.6,2,,🎯 潛在暴漲,True,True
IFF,Materials,International Flavors & Fragrances,2026-09-17,84.91,1.82,9.65,23.35,14.54,1.0,1493225,1738858,1793400,-14.76,-5.9,-15.97,P+V-,P+V-,P+V-,⚠️ 量能衰竭,34.74,34.0,1.022,6,4,4,5.0,-26.57,16.51,False,True,82.17,6.07,0.892,False,89.32,89.32,-4.94,1.02,1.9,9.0,11.0,1400255.0,1569290.0,0.818,1443900.0,1575110.0,1534113.0,0.941,79.43,53.04,收斂,頭頭低·底底高,多轉空預警,3,9,9,6.6,5,吃老本,,False,False
FCX,Materials,Freeport-McMoRan,2026-09-17,70.85,-0.52,1.24,26.25,13.3,0.667,14670090,14410575,14950192,15.01,-6.97,-23.28,P-V+,P+V-,P+V-,➡️ 中性,54.87,55.95,0.981,7,14,3,8.3,18.5,21.95,False,True,68.18,16.17,1.096,False,80.24,80.24,-11.7,-0.51,2.55,9.0,11.0,15409666.0,14064981.0,0.818,11729100.0,11972830.0,12778320.0,0.918,82.77,48.75,多頭,頭頭高·底底高,,4,6,12,6.4,4,,,False,True
CF,Materials,CF Industries,2026-09-17,133.82,6.46,27.39,4.24,10.58,1.0,2637985,2547980,3286973,17.49,-36.71,18.37,P+V+,P+V-,P+V+,➡️ 中性,44.3,38.38,1.154,4,1,10,4.3,-15.07,45.68,False,True,124.66,8.67,1.344,False,141.66,141.96,-5.53,-0.95,12.43,11.0,9.0,2981209.0,2218488.0,1.222,1508700.0,2409910.0,2627833.0,0.574,98.93,56.16,多頭,頭頭高·底底高,空轉多預警,5,1,19,6.2,3,,,False,False
NEM,Materials,Newmont,2026-09-17,124.39,-2.34,14.95,14.02,10.16,0.667,7837315,7974050,8472372,7.36,-11.11,-19.43,P-V+,P+V-,P+V-,➡️ 中性,60.11,49.9,1.205,8,3,6,6.1,5.68,33.45,False,True,111.8,8.5,0.824,False,135.01,135.29,-7.87,-1.39,-0.34,11.0,9.0,7148045.0,8679755.0,1.222,5362400.0,6626310.0,7502640.0,0.715,81.98,53.51,多頭,頭頭高·底底高,,6,7,16,8.4,8,,,False,True
SW,Materials,Smurfit Westrock,2026-09-17,45.48,-5.62,4.19,16.78,8.03,0.667,4349605,5129373,5253471,-16.07,-4.62,-5.25,P-V-,P+V-,P+V-,➡️ 中性,13.89,42.99,0.323,15,8,5,10.9,-16.91,-17.35,False,False,46.19,10.35,0.78,False,51.52,52.65,-11.72,7.75,-6.63,9.0,11.0,3764644.0,4828209.0,0.818,4501600.0,3851970.0,4419486.0,1.019,75.04,49.3,空頭,頭頭低·底底低,多轉空預警,7,13,4,8.8,9,吃老本,,False,True
PKG,Materials,Packaging Corporation of America,2026-09-17,235.57,-4.99,3.29,11.26,5.21,0.667,582920,621130,749091,-10.83,-29.18,-12.93,P-V-,P+V-,P+V-,➡️ 中性,21.49,22.94,0.937,14,11,7,11.7,1.62,12.54,False,False,240.25,5.5,1.175,False,258.31,259.98,-8.8,2.02,-6.25,9.0,11.0,634966.0,540336.0,0.818,586700.0,614520.0,599793.0,0.978,79.89,48.0,多頭,頭頭高·底底高,,8,8,8,8.0,7,,,False,True
CTVA,Materials,Corteva,2026-09-17,81.53,2.82,6.29,3.39,3.97,1.0,5049970,4616036,4218402,4.9,20.81,-0.85,P+V+,P+V+,P+V-,🚀 健康多頭,12.03,27.54,0.437,5,5,11,6.2,2.93,27.11,False,False,83.0,12.2,1.194,False,90.87,90.97,-10.28,-3.5,3.99,10.0,10.0,5495530.0,4604410.0,1.0,4905300.0,4795140.0,5008700.0,0.979,86.88,44.95,空頭,頭頭低·底底低,多轉空預警,9,5,7,7.0,6,,,False,True
AMCR,Materials,Amcor,2026-09-17,42.38,-10.08,3.79,7.73,2.29,0.667,3412505,3590647,4286736,-14.99,-27.94,-14.13,P-V-,P+V-,P+V-,➡️ 中性,19.86,30.12,0.659,23,9,8,15.8,4.24,0.55,False,False,44.66,10.56,1.013,False,48.76,50.94,-13.08,-1.44,-9.4,6.0,14.0,3443666.0,3399150.0,0.429,3237500.0,3302250.0,3262400.0,0.992,67.94,36.55,多頭,頭頭高·底底高,空頭確認,10,18,5,12.2,12,吃老本,,False,True
MOS,Materials,Mosaic Company (The),2026-09-17,25.39,9.66,18.05,-11.75,1.05,0.667,8315410,8394063,9054601,9.08,-13.6,32.93,P+V+,P+V-,P-V+,➡️ 中性,-33.1,43.0,-0.77,3,2,21,6.3,-5.88,-77.32,False,True,23.21,9.37,1.271,False,35.68,36.99,-28.84,-0.04,15.18,10.0,10.0,9307260.0,7323560.0,1.0,4707700.0,8077500.0,7839386.0,0.601,96.33,58.63,擴散,頭頭高·底底低,,11,2,18,8.8,9,剛爆發,,False,True
AVY,Materials,Avery Dennison,2026-09-17,171.09,-5.8,6.28,1.42,0.83,0.667,1092610,888804,780818,23.17,32.1,12.06,P-V+,P+V+,P+V+,⚠️ 中期出貨,12.93,27.35,0.473,17,6,12,12.7,17.0,1.81,False,True,170.4,5.11,0.607,False,196.15,199.54,-12.78,1.37,-6.05,8.0,12.0,786525.0,1296666.0,0.667,788200.0,827580.0,1245413.0,0.633,67.54,46.44,多頭,頭頭高·底底高,空轉多預警,12,19,17,15.8,19,吃老本,,False,True
APD,Materials,Air Products,2026-09-17,286.12,-4.73,2.64,0.6,-0.22,0.667,1056060,1217493,1191628,6.39,4.44,-18.21,P-V+,P+V+,P+V-,➡️ 中性,7.11,27.67,0.257,13,12,14,12.9,3.8,4.54,False,False,299.28,9.61,1.058,False,314.87,314.87,-9.13,-2.56,-5.64,7.0,13.0,1094871.0,1035161.0,0.538,1483700.0,1003600.0,1025320.0,1.447,72.18,35.25,多頭,頭頭高·底底高,空轉多預警 / 空頭確認,13,16,1,11.8,11,,,False,True
BALL,Materials,Ball Corporation,2026-09-17,60.75,-2.66,4.73,-1.64,-0.3,0.333,1742610,2150413,2422521,-10.17,-20.2,-4.62,P-V-,P+V-,P-V-,➡️ 中性,29.06,31.65,0.918,9,7,16,9.8,4.27,11.31,False,False,62.51,7.32,1.105,False,67.62,68.29,-10.16,1.69,-2.68,8.0,12.0,1848100.0,1672283.0,0.667,1505400.0,1928350.0,1869966.0,0.805,78.41,42.22,空頭,頭頭低·底底低,多轉空預警,14,10,15,12.6,14,,,False,True
ECL,Materials,Ecolab,2026-09-17,271.68,-3.23,-0.54,-0.11,-1.0,0.0,1338850,1390856,1509422,-1.27,-14.57,7.26,P-V-,P-V-,P-V+,😴 弱勢縮量,8.52,21.9,0.389,10,16,15,12.8,0.48,0.17,False,False,277.12,5.26,1.167,False,306.79,309.27,-11.44,0.3,-4.63,7.0,13.0,1475885.0,1265061.0,0.538,985300.0,1123420.0,1174786.0,0.839,75.83,39.96,擴散,頭頭高·底底低,,15,12,14,13.6,15,,,False,True
SHW,Materials,Sherwin-Williams,2026-09-17,320.94,-7.27,-0.24,0.86,-1.45,0.333,1558045,2078470,2024668,-23.31,5.46,8.0,P-V-,P-V+,P+V+,➡️ 中性,1.69,28.86,0.058,20,15,13,17.1,5.13,3.56,False,False,339.0,6.37,0.994,False,375.09,377.77,-14.44,1.1,-9.02,7.0,13.0,1552214.0,1561184.0,0.538,1508300.0,1515930.0,1536613.0,0.982,70.5,36.85,多頭,頭頭高·底底高,,16,17,6,14.4,17,,,False,True
PPG,Materials,PPG Industries,2026-09-17,105.45,-6.22,-12.05,4.82,-2.16,0.333,1438680,1772040,1888319,-24.65,-11.6,-8.67,P-V-,P-V-,P+V-,⚠️ 主升段結束,8.14,29.83,0.273,18,21,9,17.1,-1.04,3.65,False,False,113.0,9.16,0.836,False,130.99,133.43,-19.5,0.38,-7.44,9.0,11.0,1298555.0,1553327.0,0.818,1389000.0,1627840.0,1513026.0,0.918,72.59,35.62,收斂,頭頭低·底底高,空轉多預警 / 空頭確認,17,15,12,15.2,18,,,False,False
IP,Materials,International Paper,2026-09-17,35.55,-11.92,-0.54,-2.04,-4.13,0.0,4666420,5109761,6040443,-6.26,-26.7,9.02,P-V-,P-V-,P-V+,😴 弱勢縮量,-8.19,45.67,-0.179,24,16,17,20.2,,,,,,,,,,,,,,,,,,,,,,,,,,,,18,20,20,,20,,,False,False
LYB,Materials,LyondellBasell,2026-09-17,64.25,-4.68,3.71,-9.28,-4.88,0.333,3361850,4529046,5609595,-27.68,-32.3,-8.07,P-V-,P+V-,P-V-,➡️ 中性,29.87,45.55,0.656,12,10,20,13.0,25.6,76.13,False,True,61.91,7.47,0.923,False,82.22,83.94,-21.86,-0.08,-1.74,9.0,11.0,3214777.0,3482181.0,0.818,4353800.0,3559460.0,3379546.0,1.288,77.36,52.04,收斂,頭頭低·底底高,多轉空預警,19,11,2,12.4,13,剛爆發,,False,True
LIN,Materials,Linde plc,2026-09-17,458.48,-4.43,-11.23,-6.58,-7.2,0.0,1844285,2134412,2208853,-17.35,-6.52,-13.74,P-V-,P-V-,P-V-,🧊 熊市縮量,1.29,18.74,0.069,11,20,18,15.1,0.31,1.4,False,False,489.7,7.77,0.92,False,546.4,548.2,-16.09,-0.68,-4.39,8.0,12.0,1752837.0,1905250.0,0.667,2189000.0,1916750.0,1814200.0,1.207,73.19,30.13,空頭,頭頭低·底底低,空頭確認,20,14,3,14.2,16,剛爆發,,False,True
VMC,Materials,Vulcan Materials Company,2026-09-17,244.5,-9.67,-18.57,-7.53,-10.82,0.0,983395,1061420,1123269,-5.64,-10.44,9.5,P-V-,P-V-,P-V+,😴 弱勢縮量,-4.75,24.66,-0.193,22,23,19,21.7,,,,,,,,,,,,,,,,,,,,,,,,,,,,21,20,20,,20,,,False,False
MLM,Materials,Martin Marietta Materials,2026-09-17,494.44,-5.72,-17.95,-15.04,-13.44,0.0,713075,652681,582125,12.83,27.58,34.42,P-V+,P-V+,P-V+,📉 主力出貨,-11.81,21.5,-0.55,16,22,23,19.2,,,,,,,,,,,,,,,,,,,,,,,,,,,,22,20,20,,20,,,False,False
DOW,Materials,Dow Inc.,2026-09-17,29.49,-9.32,-9.49,-17.71,-13.56,0.0,8877865,10137736,11652593,-5.01,-23.01,-12.98,P-V-,P-V-,P-V-,🧊 熊市縮量,34.21,46.22,0.74,21,18,24,20.7,,,,,,,,,,,,,,,,,,,,,,,,,,,,23,20,20,,20,,,False,False
CRH,Materials,CRH plc,2026-09-17,86.7,-6.86,-22.86,-12.48,-13.67,0.0,4497920,4531741,4754834,-4.3,-8.96,-19.22,P-V-,P-V-,P-V-,🧊 熊市縮量,-13.89,29.76,-0.467,19,24,22,21.1,,,,,,,,,,,,,,,,,,,,,,,,,,,,24,20,20,,20,,,False,False
ALB,Materials,Albemarle Corporation,2026-09-17,115.05,-13.97,-30.51,-26.85,-24.55,0.0,2339680,2339532,2225316,3.24,10.82,-34.38,P-V+,P-V+,P-V-,➡️ 中性,68.87,55.59,1.239,25,25,25,25.0,,,,,,,,,,,,,,,,,,,,,,,,,,,,25,20,20,,20,,,False,False
ARE,Real Estate,Alexandria Real Estate Equities,2026-09-17,56.34,6.42,10.28,19.77,14.06,1.0,1927755,1855007,2080060,-3.98,-19.53,-19.1,P+V-,P+V-,P+V-,⚠️ 量能衰竭,-37.01,49.02,-0.755,1,1,4,1.6,26.17,1359.96,False,True,50.76,14.24,1.489,False,83.17,88.24,-32.26,13.68,11.45,11.0,9.0,2261809.0,1519466.0,1.222,3356400.0,1694700.0,1680193.0,1.998,100.0,66.88,空頭,頭頭低·底底低,多頭確認,1,1,1,1.0,1,,,False,True
DOC,Real Estate,Healthpeak Properties,2026-09-17,20.5,-2.81,3.53,25.23,12.79,0.667,4353640,5651455,7396787,-23.88,-38.18,-12.7,P-V-,P+V-,P+V-,➡️ 中性,21.88,31.19,0.701,6,4,2,4.6,198.62,364.73,False,False,21.16,5.6,1.28,False,22.72,22.95,-9.78,1.15,-0.75,8.0,10.0,4952337.0,3869680.0,0.8,6693400.0,4172190.0,4265433.0,1.569,84.4,45.66,空頭,頭頭低·底底低,多轉空預警,2,4,2,2.8,2,,,False,True
BXP,Real Estate,"BXP, Inc.",2026-09-17,63.93,-5.68,-1.71,25.92,11.11,0.333,1203525,1362916,1562535,-18.66,-22.66,-26.51,P-V-,P-V-,P+V-,⚠️ 主升段結束,-8.13,28.03,-0.29,17,6,1,10.5,14.75,97.57,False,False,68.06,8.47,1.025,False,74.94,78.23,-14.69,0.33,-4.89,7.0,13.0,1222557.0,1193276.0,0.538,1407900.0,1187060.0,1158326.0,1.215,73.2,37.76,空頭,頭頭低·底底低,多轉空預警 / 空頭確認,3,14,4,7.6,3,吃老本,,False,True
HST,Real Estate,Host Hotels & Resorts,2026-09-17,21.9,-5.15,-8.68,24.16,8.62,0.333,7717370,9300446,8940371,-25.02,8.39,7.59,P-V-,P-V+,P+V+,➡️ 中性,43.01,24.87,1.729,13,22,3,13.7,4.39,116.0,False,False,23.24,4.58,0.992,False,25.71,25.71,-14.82,-1.08,-5.4,8.0,12.0,7678300.0,7743416.0,0.667,6886500.0,7591080.0,7268340.0,0.947,73.68,38.79,空頭,頭頭低·底底低,多轉空預警,4,11,17,9.4,6,吃老本,,False,True
WELL,Real Estate,Welltower,2026-09-17,232.26,-2.17,9.2,12.57,8.04,0.667,2427545,3017929,3132386,-23.74,-7.05,-6.46,P-V-,P+V-,P+V-,➡️ 中性,44.17,24.42,1.809,5,2,5,4.1,-16.88,9.38,False,False,237.19,5.45,1.039,False,254.24,255.2,-8.65,-1.46,-1.47,9.0,11.0,2479188.0,2385290.0,0.818,2065100.0,2153420.0,2460006.0,0.839,78.99,42.65,收斂,頭頭低·底底高,多轉空預警 / 空轉多預警 / 空頭確認,5,7,19,8.6,5,,🎯 潛在暴漲,True,False
SPG,Real Estate,Simon Property Group,2026-09-17,204.47,-6.02,-3.98,11.84,3.42,0.333,1206650,1705795,1654303,-9.6,6.43,6.98,P-V-,P-V+,P+V+,➡️ 中性,27.25,19.52,1.396,20,10,6,14.2,10.11,-17.98,False,False,217.42,4.99,0.991,False,235.97,238.5,-13.35,-0.1,-7.4,7.0,13.0,1199457.0,1210523.0,0.538,1358500.0,1241230.0,1273406.0,1.067,70.94,34.77,多頭,頭頭高·底底高,空頭確認,6,16,12,11.2,9,吃老本,,False,True
ESS,Real Estate,Essex Property Trust,2026-09-17,270.8,-5.88,-2.63,10.48,3.11,0.333,513160,477303,478167,18.32,-0.36,-4.77,P-V+,P-V-,P+V-,➡️ 中性,12.24,16.19,0.756,19,8,8,13.5,-35.97,15.55,False,False,285.82,3.81,0.686,False,303.35,303.35,-10.73,-0.21,-5.76,8.0,12.0,402412.0,586991.0,0.667,605500.0,466940.0,538653.0,1.124,68.46,35.56,多頭,頭頭高·底底高,空轉多預警 / 空頭確認,7,21,9,13.0,13,吃老本,,False,False
VMRK,Real Estate,Vivmark Residential,2026-09-17,63.01,-3.27,-4.12,7.41,1.86,0.333,5939660,4321149,3576828,29.99,52.56,44.31,P-V+,P-V+,P+V+,⚠️ 中期出貨,4.06,15.68,0.259,8,11,11,9.5,,,False,False,66.57,5.62,0.986,False,71.5,71.5,-11.87,-3.09,-2.08,12.0,8.0,5905483.0,5990925.0,1.5,5047000.0,6501510.0,6019333.0,0.838,87.26,37.15,收斂,頭頭低·底底高,空轉多預警 / 空頭確認,8,3,20,8.4,4,,,False,False
INVH,Real Estate,Invitation Homes,2026-09-17,27.15,-10.31,-5.42,11.09,1.61,0.333,4417030,4610601,5251095,10.74,-21.74,-9.65,P-V+,P-V-,P+V-,➡️ 中性,6.4,19.75,0.324,29,14,7,20.1,9.76,-14.31,False,False,29.48,6.87,0.943,False,30.89,30.89,-12.12,-1.49,-10.1,5.0,15.0,4225200.0,4480973.0,0.333,5742900.0,5068510.0,4986113.0,1.152,64.85,22.1,收斂,頭頭低·底底高,多轉空預警 / 空頭確認,9,22,7,13.8,16,吃老本,,False,True
FRT,Real Estate,Federal Realty Investment Trust,2026-09-17,111.76,-4.68,-8.58,9.11,1.24,0.333,672880,814975,871063,-25.91,-12.1,24.92,P-V-,P-V-,P+V+,😴 弱勢縮量,23.53,17.26,1.363,12,21,10,14.3,35.3,165.2,False,False,119.6,6.46,1.104,False,128.21,128.21,-12.83,-2.68,-4.93,6.0,14.0,720250.0,652578.0,0.429,916000.0,714490.0,707180.0,1.295,71.71,24.31,空頭,頭頭低·底底低,空頭確認,10,15,3,10.6,7,,,False,True
VTR,Real Estate,Ventas,2026-09-17,87.71,-5.36,5.17,2.58,1.24,0.667,2890410,3520847,3817353,-20.12,-14.41,30.27,P-V-,P+V-,P+V+,➡️ 中性,39.89,21.01,1.899,15,3,17,11.8,51.73,-1.4,False,False,92.54,6.15,0.9,False,101.6,101.6,-13.67,-3.02,-4.51,7.0,13.0,2695642.0,2995284.0,0.538,3024800.0,3188530.0,3048733.0,0.992,69.91,35.08,空頭,頭頭低·底底低,多轉空預警,10,19,16,14.8,18,吃老本,,False,True
CBRE,Real Estate,CBRE Group,2026-09-17,139.32,-8.22,2.84,4.13,0.72,0.667,1570180,1733236,1980310,-7.91,-22.19,11.36,P-V-,P+V-,P+V+,➡️ 中性,-5.63,33.95,-0.166,24,5,14,16.3,5.77,42.05,False,False,144.92,9.09,1.017,False,174.27,174.27,-20.06,0.96,-10.16,6.0,14.0,1588983.0,1562121.0,0.429,1843400.0,1660450.0,1721246.0,1.071,68.52,42.1,擴散,頭頭高·底底低,,12,20,11,15.0,19,吃老本,,False,True
EQIX,Real Estate,Equinix,2026-09-17,1025.94,-5.23,-5.83,6.81,0.64,0.333,513345,590763,572674,-18.25,6.52,-0.55,P-V-,P-V+,P+V-,➡️ 中性,41.26,26.8,1.54,14,15,12,13.9,6.33,-3.8,False,False,1041.23,6.44,0.921,False,1118.65,1128.68,-8.29,0.21,-4.75,11.0,9.0,494227.0,536711.0,1.222,370400.0,475880.0,515406.0,0.719,81.68,46.45,收斂,頭頭低·底底高,多轉空預警,13,6,22,12.0,10,剛爆發,,False,True
IRM,Real Estate,Iron Mountain,2026-09-17,114.0,-6.55,-10.39,9.15,0.34,0.333,1578615,1828450,1659096,-11.55,22.74,-13.21,P-V-,P-V+,P+V-,➡️ 中性,25.87,37.34,0.693,22,27,9,20.9,7.51,15.76,False,False,120.26,8.25,0.918,False,133.64,134.68,-14.7,1.76,-5.89,8.0,12.0,1498025.0,1632341.0,0.667,1812800.0,1561230.0,1698966.0,1.067,73.23,44.13,空頭,頭頭低·底底低,,14,13,12,13.2,14,,,False,True
DLR,Real Estate,Digital Realty,2026-09-17,184.26,-4.52,-2.59,3.98,0.21,0.333,1993320,2871718,2461546,-25.77,39.99,28.77,P-V-,P-V+,P+V+,➡️ 中性,14.82,26.97,0.549,11,7,16,10.8,-15.0,2.71,False,False,186.32,8.31,1.302,False,206.06,208.14,-10.58,0.08,-3.55,12.0,8.0,2197375.0,1687237.0,1.5,1695600.0,1811200.0,2107253.0,0.805,93.19,47.63,空頭,頭頭低·底底低,,15,2,21,11.0,8,剛爆發,,False,False
PLD,Real Estate,Prologis,2026-09-17,135.18,-3.15,-6.75,5.01,0.03,0.333,3116405,4140069,3803089,-38.82,19.44,8.81,P-V-,P-V+,P+V+,➡️ 中性,26.95,24.47,1.102,7,18,13,11.5,48.33,41.3,False,False,140.38,4.29,0.961,False,152.14,153.35,-11.15,1.37,-3.57,7.0,13.0,3035671.0,3159876.0,0.538,3162200.0,3115610.0,3087213.0,1.024,73.29,42.7,收斂,頭頭低·底底高,多轉空預警 / 空轉多預警 / 空頭確認,16,12,14,14.0,17,,,False,True
PSA,Real Estate,Public Storage,2026-09-17,300.76,-5.85,-5.1,4.05,-0.71,0.333,791045,983012,1031966,-22.93,-9.06,-5.04,P-V-,P-V-,P+V-,⚠️ 主升段結束,17.96,26.04,0.69,18,13,15,15.9,-2.93,2.19,False,False,313.04,5.98,0.927,False,332.14,335.55,-9.45,3.14,-6.55,6.0,13.0,745883.0,804784.0,0.462,723900.0,774680.0,843240.0,0.858,70.47,44.94,收斂,頭頭低·底底高,空頭確認,17,17,18,17.2,21,,,False,False
EXR,Real Estate,Extra Space Storage,2026-09-17,139.03,-4.48,-3.92,1.75,-1.22,0.333,1174175,1186812,1178366,-2.5,1.44,-3.77,P-V-,P-V+,P+V-,➡️ 中性,6.93,25.98,0.267,10,9,19,11.5,8.6,3.4,False,False,143.34,4.82,1.574,False,157.03,158.88,-11.46,3.09,-4.9,6.0,14.0,1576400.0,1001792.0,0.429,1345300.0,1402630.0,1319900.0,1.019,82.26,46.48,擴散,頭頭高·底底低,,18,5,15,12.2,11,剛爆發,,False,True
AMT,Real Estate,American Tower,2026-09-17,175.58,-0.08,-4.82,-2.92,-2.68,0.0,2112790,2833053,3007014,-26.98,-10.94,-4.45,P-V-,P-V-,P-V-,🧊 熊市縮量,-8.11,23.66,-0.343,3,12,25,10.1,20.65,17.04,False,True,172.64,4.57,0.804,False,194.23,197.41,-9.6,1.5,0.62,9.0,11.0,1863466.0,2316781.0,0.818,2668100.0,2197730.0,2240373.0,1.191,77.32,50.99,多頭,頭頭高·底底高,空轉多預警,19,9,5,12.2,11,剛爆發,,False,True
CPT,Real Estate,Camden Property Trust,2026-09-17,100.93,-6.48,-9.35,2.35,-2.78,0.333,914965,976615,1092804,-0.37,-19.22,-12.02,P-V-,P-V-,P+V-,⚠️ 主升段結束,5.96,19.78,0.301,21,24,18,21.3,,,,,,,,,,,,,,,,,,,,,,,,,,,,20,23,23,,23,,,False,False
SBAC,Real Estate,SBA Communications,2026-09-17,181.13,0.33,-6.82,-2.42,-2.84,0.333,855900,991443,1067530,-24.82,-13.31,5.46,P+V-,P-V-,P-V+,➡️ 中性,-6.81,37.44,-0.182,2,19,23,11.3,-1.22,-0.28,False,False,182.81,7.95,0.912,False,221.58,224.46,-18.26,-0.16,-0.03,9.0,11.0,812811.0,891154.0,0.818,1010600.0,962790.0,896093.0,1.128,78.15,44.74,多頭,頭頭高·底底高,,21,8,8,13.2,14,剛爆發,,False,False
KIM,Real Estate,Kimco Realty,2026-09-17,22.57,-5.47,-9.01,0.77,-3.24,0.333,5469820,4801269,4878960,21.5,-3.13,-4.37,P-V+,P-V-,P+V-,➡️ 中性,14.73,19.39,0.76,16,23,20,18.9,,,,,,,,,,,,,,,,,,,,,,,,,,,,22,23,23,,23,,,False,False
REG,Real Estate,Regency Centers,2026-09-17,73.12,-3.46,-6.39,-2.64,-3.78,0.0,1189445,1343683,1409821,-16.2,-8.96,16.25,P-V-,P-V-,P-V+,😴 弱勢縮量,12.89,15.6,0.826,9,16,24,14.1,3.59,9.38,False,False,77.09,4.42,0.856,False,82.82,83.66,-11.71,-1.92,-3.32,7.0,13.0,1071957.0,1252707.0,0.538,1424800.0,1353170.0,1289340.0,1.105,70.29,31.56,空頭,頭頭低·底底低,多轉空預警 / 空頭確認,23,18,10,18.4,22,,,False,True
UDR,Real Estate,"UDR, Inc.",2026-09-17,34.21,-8.86,-10.37,-1.04,-5.33,0.0,3483640,3460801,3846452,-0.25,-18.23,14.41,P-V-,P-V-,P-V+,😴 弱勢縮量,5.01,20.03,0.25,26,26,21,25.0,,,,,,,,,,,,,,,,,,,,,,,,,,,,24,23,23,,23,,,False,False
MAA,Real Estate,Mid-America Apartment Communities,2026-09-17,121.17,-8.25,-10.16,-1.78,-5.49,0.0,922160,1010575,986616,-11.36,4.98,1.38,P-V-,P-V+,P-V+,➡️ 中性,-1.32,17.43,-0.076,25,25,22,24.4,,,,,,,,,,,,,,,,,,,,,,,,,,,,25,23,23,,23,,,False,False
O,Real Estate,Realty Income,2026-09-17,57.32,-8.86,-6.6,-8.7,-8.22,0.0,5830180,5795453,5819113,5.3,-0.81,-5.77,P-V+,P-V-,P-V-,➡️ 中性,10.7,16.63,0.643,26,17,27,23.5,,,,,,,,,,,,,,,,,,,,,,,,,,,,26,23,23,,23,,,False,False
WY,Real Estate,Weyerhaeuser,2026-09-17,21.66,-11.21,-11.82,-6.02,-8.77,0.0,5347690,5489449,5296643,-3.75,7.56,-16.55,P-V-,P-V+,P-V-,➡️ 中性,3.25,29.88,0.109,30,29,26,28.9,,,,,,,,,,,,,,,,,,,,,,,,,,,,27,23,23,,23,,,False,False
VICI,Real Estate,Vici Properties,2026-09-17,24.11,-7.52,-10.8,-10.66,-9.91,0.0,9558645,10045530,9174279,-4.28,20.99,-14.49,P-V-,P-V+,P-V-,➡️ 中性,-13.87,17.05,-0.814,23,28,28,25.5,,,,,,,,,,,,,,,,,,,,,,,,,,,,28,23,23,,23,,,False,False
CCI,Real Estate,Crown Castle,2026-09-17,73.74,-0.77,-15.11,-13.47,-10.71,0.0,2923410,3839483,3648162,-28.82,11.07,12.11,P-V-,P-V+,P-V+,➡️ 中性,-18.39,29.53,-0.623,4,30,29,16.8,36.09,6.18,False,False,74.9,7.12,0.884,False,95.58,100.5,-22.85,1.28,0.22,8.0,11.0,2662337.0,3012863.0,0.727,3720700.0,3375270.0,3158766.0,1.178,77.01,46.97,空頭,頭頭低·底底低,,29,10,6,16.8,20,剛爆發,,False,True
CSGP,Real Estate,CoStar Group,2026-09-17,29.3,-9.18,-8.35,-32.84,-20.8,0.0,6756450,7132412,7159975,-8.14,-0.77,43.57,P-V-,P-V-,P-V+,😴 弱勢縮量,-61.61,45.86,-1.343,28,20,30,26.0,,,,,,,,,,,,,,,,,,,,,,,,,,,,30,23,23,,23,剛爆發,,False,False
AES,Utilities,AES Corporation,2026-09-17,14.85,0.54,2.65,7.21,4.4,1.0,7885040,7646140,9308874,22.34,-30.31,-12.49,P+V+,P+V-,P+V-,➡️ 中性,23.36,25.18,0.928,3,2,1,2.3,-6.05,108.27,False,True,14.71,0.68,0.829,False,17.23,17.65,-13.81,0.34,1.02,10.0,7.0,6841300.0,8254400.0,1.429,7222000.0,7154030.0,7260573.0,0.995,86.68,67.2,多頭,頭頭高·底底高,,1,1,10,2.8,1,,,False,False
AWK,Utilities,American Water Works,2026-09-17,138.24,0.75,8.32,0.33,2.43,1.0,1907685,2230901,2086800,-24.67,14.84,21.66,P+V-,P+V+,P+V+,⚠️ 頂部背離,4.71,17.98,0.262,2,1,3,1.9,3.97,-7.4,False,True,135.62,4.37,1.08,False,142.37,145.64,-2.9,-1.14,-0.34,6.0,14.0,2012483.0,1862771.0,0.429,1961200.0,1810130.0,1922813.0,1.02,74.67,52.19,多頭,頭頭高·底底高,,2,12,9,7.4,5,吃老本,,False,True
D,Utilities,Dominion Energy,2026-09-17,64.29,-3.75,-5.2,3.76,-0.35,0.333,4410145,4628103,5466199,28.73,-26.59,-4.13,P-V+,P-V-,P+V-,➡️ 中性,18.28,19.73,0.927,13,11,2,10.2,17.2,4.37,False,False,67.45,5.24,1.081,False,72.26,72.99,-11.03,-1.17,-4.91,8.0,12.0,4617912.0,4271633.0,0.667,2641000.0,4572850.0,4643640.0,0.569,75.51,38.45,空頭,頭頭低·底底低,空頭確認,3,10,21,9.4,9,吃老本,,False,True
EVRG,Utilities,Evergy,2026-09-17,80.84,-2.79,-2.92,-0.52,-1.69,0.0,2156435,2080716,1992969,15.87,9.21,-6.67,P-V+,P-V+,P-V-,➡️ 中性,20.53,14.1,1.456,6,6,4,5.6,9.85,13.81,False,False,82.86,3.37,1.018,False,87.89,88.62,-8.02,-0.64,-3.28,11.0,9.0,2173472.0,2135611.0,1.222,2356000.0,2178370.0,2279153.0,1.034,83.92,44.32,空頭,頭頭低·底底低,,4,4,8,4.8,2,,,False,True
ED,Utilities,Consolidated Edison,2026-09-17,107.08,-1.14,-0.38,-5.24,-3.0,0.0,1956375,2231495,2211398,-19.95,1.83,5.23,P-V-,P-V+,P-V+,➡️ 中性,15.75,15.32,1.028,4,3,7,4.3,7.37,-3.83,False,False,108.33,3.64,0.998,False,114.33,116.23,-6.34,0.33,-0.85,9.0,11.0,1953877.0,1958418.0,0.818,1773600.0,1808040.0,1916413.0,0.925,79.35,49.17,空頭,頭頭低·底底低,,5,6,13,7.0,4,,,False,True
ETR,Utilities,Entergy,2026-09-17,103.31,-3.75,-7.53,-1.03,-3.34,0.0,2486585,2738661,3105909,0.12,-21.15,16.12,P-V+,P-V-,P-V+,➡️ 中性,25.48,20.55,1.24,13,18,5,12.9,2.39,2.26,False,False,108.39,7.01,0.897,False,117.75,118.45,-12.26,-2.29,-4.31,8.0,12.0,2326037.0,2593616.0,0.667,2605300.0,2944080.0,2762380.0,0.943,72.19,37.96,空頭,頭頭低·底底低,空頭確認,6,20,12,12.8,13,吃老本,,False,True
ES,Utilities,Eversource Energy,2026-09-17,68.99,-4.38,-1.15,-4.5,-3.63,0.0,1968330,2261484,2416064,-15.08,-12.03,-13.01,P-V-,P-V-,P-V-,🧊 熊市縮量,18.94,23.0,0.823,21,4,6,12.9,-0.33,6.21,False,False,72.05,7.32,0.958,False,76.57,76.57,-9.9,0.0,-4.17,8.0,12.0,1918012.0,2001875.0,0.667,2591000.0,2044600.0,2015033.0,1.286,74.27,42.36,空頭,頭頭低·底底低,多轉空預警 / 空頭確認,7,13,3,8.6,6,吃老本,,False,False
AEE,Utilities,Ameren,2026-09-17,103.9,-3.82,-5.29,-5.95,-5.25,0.0,1388240,1614409,1649278,-9.15,-4.14,-4.59,P-V-,P-V-,P-V-,🧊 熊市縮量,12.76,14.86,0.859,17,12,9,13.9,4.18,9.09,False,False,108.0,4.56,1.029,False,117.49,118.32,-11.56,-1.0,-4.25,8.0,12.0,1412025.0,1372383.0,0.667,1736800.0,1538250.0,1418393.0,1.224,75.06,38.43,空頭,頭頭低·底底低,空頭確認,8,11,5,8.6,6,,,False,True
PNW,Utilities,Pinnacle West Capital,2026-09-17,95.59,-3.81,-7.12,-5.44,-5.45,0.0,894075,1125347,1145257,-28.76,-3.42,-9.39,P-V-,P-V-,P-V-,🧊 熊市縮量,19.94,16.04,1.243,16,16,8,14.4,-2.66,814.01,False,False,100.72,4.42,1.12,False,110.16,111.16,-13.22,-1.04,-3.86,7.0,12.0,955742.0,853525.0,0.583,751900.0,805250.0,825633.0,0.911,75.61,34.39,空頭,頭頭低·底底低,空頭確認,9,8,14,9.6,10,,,False,False
FE,Utilities,FirstEnergy,2026-09-17,45.73,-3.07,-3.18,-8.8,-5.96,0.0,4040040,4252640,4635601,-11.27,-15.26,0.45,P-V-,P-V-,P-V+,😴 弱勢縮量,13.14,17.41,0.755,7,7,13,8.2,-0.48,0.63,False,False,47.22,4.62,0.945,False,51.3,52.34,-10.85,-1.12,-3.22,9.0,11.0,3914877.0,4142445.0,0.818,2907200.0,4219150.0,4126873.0,0.704,76.43,41.11,空頭,頭頭低·底底低,,10,7,20,10.8,11,,,False,False
AEP,Utilities,American Electric Power,2026-09-17,121.62,-3.25,-5.55,-7.61,-6.01,0.0,3432785,4320360,4133576,-8.72,9.47,19.15,P-V-,P-V+,P-V+,➡️ 中性,21.08,17.32,1.217,8,13,11,10.1,-8.2,4.61,False,False,126.56,5.09,1.103,False,139.52,140.58,-12.83,-1.5,-3.68,10.0,10.0,3600600.0,3264970.0,1.0,4842500.0,3391060.0,3279933.0,1.476,81.49,39.75,空頭,頭頭低·底底低,,11,5,2,6.8,3,剛爆發,,False,False
VST,Utilities,Vistra Corp.,2026-09-17,143.56,3.33,-9.36,-9.43,-6.23,0.333,4344620,4425833,4505902,-7.01,-3.49,-10.77,P+V-,P-V-,P-V-,➡️ 中性,-31.14,47.49,-0.656,1,22,16,10.3,-54.2,53.35,False,False,147.8,10.48,1.074,False,218.91,219.82,-34.42,-2.37,0.6,11.0,9.0,4484054.0,4174200.0,1.222,3952100.0,4615980.0,4360093.0,0.906,86.54,48.76,擴散,頭頭高·底底低,,12,2,15,8.6,6,剛爆發,,False,False
LNT,Utilities,Alliant Energy,2026-09-17,66.64,-4.06,-9.06,-7.06,-6.81,0.0,1949900,2408558,2321726,-26.95,7.77,3.07,P-V-,P-V+,P-V+,➡️ 中性,13.27,14.81,0.896,19,21,10,17.8,12.23,2.85,False,False,70.36,4.82,1.04,False,78.22,78.81,-14.8,-0.91,-5.0,7.0,13.0,2000228.0,1922800.0,0.538,2221700.0,1931140.0,2024353.0,1.097,72.92,36.06,空頭,頭頭低·底底低,多轉空預警 / 空頭確認,13,17,7,13.4,15,,,False,True
DUK,Utilities,Duke Energy,2026-09-17,118.54,-3.38,-5.14,-9.41,-6.84,0.0,3539055,4059427,3754052,-24.82,17.71,3.25,P-V-,P-V+,P-V+,➡️ 中性,5.65,13.2,0.428,9,10,15,10.5,9.61,7.24,False,False,122.85,3.78,0.908,False,132.18,134.49,-10.32,-0.7,-4.09,8.0,12.0,3336412.0,3674150.0,0.667,4144500.0,3655160.0,3556013.0,1.165,73.16,39.31,空頭,頭頭低·底底低,空頭確認,14,16,6,13.2,14,,,False,True
XEL,Utilities,Xcel Energy,2026-09-17,73.63,-5.7,-6.02,-8.7,-7.28,0.0,5727310,5358764,5258818,21.15,3.87,1.5,P-V+,P-V+,P-V+,📉 主力出貨,12.73,18.45,0.69,27,14,12,20.1,18.44,0.23,False,False,77.17,5.58,1.038,False,82.56,84.23,-10.81,-1.57,-6.53,8.0,12.0,5854712.0,5642375.0,0.667,5315500.0,5961580.0,5898846.0,0.901,73.61,39.05,空頭,頭頭低·底底低,空頭確認,15,14,16,14.8,16,,,False,True
WEC,Utilities,WEC Energy Group,2026-09-17,104.73,-3.48,-7.87,-9.21,-7.44,0.0,2204290,2252078,2111983,-11.89,14.21,-4.29,P-V-,P-V+,P-V-,➡️ 中性,3.5,13.75,0.254,10,20,14,13.8,12.32,5.33,False,False,108.78,4.43,1.063,False,118.87,119.91,-11.9,-0.59,-4.22,6.0,14.0,2299966.0,2163285.0,0.429,2156000.0,2365510.0,2209360.0,0.976,72.27,41.23,空頭,頭頭低·底底低,空頭確認,16,19,11,16.2,18,,,False,True
CEG,Utilities,Constellation Energy,2026-09-17,262.8,-3.71,-1.79,-12.64,-7.7,0.0,2587465,3005963,3197920,-8.05,-11.33,3.7,P-V-,P-V-,P-V+,😴 弱勢縮量,-14.18,48.88,-0.29,12,5,24,12.3,11.73,5.3,False,False,270.85,18.28,1.085,False,410.41,412.7,-35.97,-8.1,-4.15,9.0,11.0,2704077.0,2492054.0,0.818,3418600.0,2900250.0,2697346.0,1.267,75.53,40.76,多頭,頭頭高·底底高,空頭確認,17,9,4,11.2,12,剛爆發,,False,True
NEE,Utilities,NextEra Energy,2026-09-17,81.28,-3.69,-5.03,-11.09,-7.73,0.0,10623605,11023418,10725697,-3.0,5.71,8.07,P-V-,P-V+,P-V+,➡️ 中性,24.76,19.08,1.297,11,9,18,11.8,3.8,5.67,False,False,85.14,5.37,0.896,False,97.3,98.75,-16.46,-1.41,-4.68,8.0,11.0,10200387.0,11380481.0,0.727,9161000.0,10379790.0,10954433.0,0.836,73.22,37.14,空頭,頭頭低·底底低,,18,15,18,16.8,19,,,False,True
SO,Utilities,Southern Company,2026-09-17,86.76,-5.11,-7.25,-10.01,-8.09,0.0,5867325,5753690,5513685,9.09,9.1,-6.96,P-V+,P-V+,P-V-,➡️ 中性,3.93,14.46,0.272,24,17,17,20.5,,,,,,,,,,,,,,,,,,,,,,,,,,,,19,22,22,,22,,,False,False
PPL,Utilities,PPL Corporation,2026-09-17,33.6,-3.75,-6.87,-11.32,-8.31,0.0,6943525,8418909,8276659,-20.55,3.5,16.21,P-V-,P-V+,P-V+,➡️ 中性,2.04,17.59,0.116,13,15,19,14.8,-4.0,2.08,False,False,34.91,6.12,0.979,False,39.46,40.11,-14.85,-1.78,-4.54,7.0,12.0,6675871.0,6822508.0,0.583,5824700.0,6798200.0,7032053.0,0.828,72.44,38.96,空頭,頭頭低·底底低,空頭確認,20,18,19,19.0,21,,,False,False
ATO,Utilities,Atmos Energy,2026-09-17,162.03,-4.41,-3.9,-13.07,-8.61,0.0,912230,1075495,1172768,-12.06,-15.32,4.73,P-V-,P-V-,P-V+,😴 弱勢縮量,6.6,15.15,0.435,22,8,26,18.6,5.6,1.84,False,False,170.43,4.94,0.952,False,190.28,192.51,-14.85,-1.69,-4.85,7.0,13.0,883528.0,927684.0,0.538,1414900.0,938830.0,902540.0,1.568,71.16,33.13,空頭,頭頭低·底底低,空頭確認,21,21,1,17.0,20,,,False,True
CNP,Utilities,CenterPoint Energy,2026-09-17,38.56,-4.08,-10.52,-11.38,-9.34,0.0,6276405,6619949,5744646,1.83,35.95,10.28,P-V+,P-V+,P-V+,📉 主力出貨,7.95,15.06,0.528,20,25,20,21.5,,,,,,,,,,,,,,,,,,,,,,,,,,,,22,22,22,,22,,,False,False
EXC,Utilities,Exelon,2026-09-17,42.64,-4.47,-7.61,-12.78,-9.41,0.0,7087975,8122178,8134800,-3.2,-0.31,5.7,P-V-,P-V-,P-V+,😴 弱勢縮量,7.61,18.76,0.406,23,19,25,22.2,,,,,,,,,,,,,,,,,,,,,,,,,,,,23,22,22,,22,,,False,False
DTE,Utilities,DTE Energy,2026-09-17,130.44,-5.58,-11.67,-11.41,-10.02,0.0,1378620,1357036,1364806,-0.35,-1.13,-4.54,P-V-,P-V-,P-V-,🧊 熊市縮量,5.59,14.09,0.397,26,27,21,25.3,,,,,,,,,,,,,,,,,,,,,,,,,,,,24,22,22,,22,,,False,False
SRE,Utilities,Sempra,2026-09-17,82.18,-5.95,-9.81,-12.37,-10.13,0.0,4042280,3868444,3681286,7.84,10.71,-5.68,P-V+,P-V+,P-V-,➡️ 中性,6.55,20.97,0.313,28,23,22,25.3,,,,,,,,,,,,,,,,,,,,,,,,,,,,25,22,22,,22,,,False,False
NI,Utilities,NiSource,2026-09-17,40.91,-1.75,-13.7,-12.55,-10.14,0.0,4844460,5268224,4688878,-17.99,28.2,13.2,P-V-,P-V+,P-V+,➡️ 中性,7.91,16.7,0.474,5,28,23,15.5,1.48,1.36,False,False,43.07,4.14,1.281,False,48.88,49.21,-16.31,-1.23,-1.73,10.0,10.0,5441780.0,4247140.0,1.0,4170800.0,4386190.0,4644173.0,0.898,85.89,40.09,空頭,頭頭低·底底低,,26,3,17,15.0,17,剛爆發,,False,True
CMS,Utilities,CMS Energy,2026-09-17,66.2,-5.2,-9.86,-13.59,-10.56,0.0,2945650,3426052,3206737,-25.87,14.68,19.99,P-V-,P-V+,P-V+,➡️ 中性,3.46,13.54,0.256,25,24,27,25.1,,,,,,,,,,,,,,,,,,,,,,,,,,,,27,22,22,,22,,,False,False
PEG,Utilities,Public Service Enterprise Group,2026-09-17,70.98,-4.01,-11.44,-13.71,-10.72,0.0,2824550,2939478,2864437,-1.55,5.38,1.24,P-V-,P-V+,P-V+,➡️ 中性,-4.01,17.22,-0.233,18,26,28,22.4,,,,,,,,,,,,,,,,,,,,,,,,,,,,28,22,22,,22,剛爆發,,False,False
NRG,Utilities,NRG Energy,2026-09-17,106.23,-7.91,-19.3,-30.05,-21.83,0.0,2754810,2843118,2718543,-14.02,9.61,18.03,P-V-,P-V+,P-V+,➡️ 中性,-25.83,42.91,-0.602,29,29,31,29.4,,,,,,,,,,,,,,,,,,,,,,,,,,,,29,22,22,,22,剛爆發,,False,False
EIX,Utilities,Edison International,2026-09-17,55.5,-25.66,-22.07,-20.76,-22.31,0.0,7026810,4157427,3482050,102.79,48.13,5.64,P-V+,P-V+,P-V+,📉 主力出貨,39.47,37.11,1.064,31,31,29,30.6,,,,,,,,,,,,,,,,,,,,,,,,,,,,30,22,22,,22,剛爆發,,False,False
PCG,Utilities,PG&E Corporation,2026-09-17,13.38,-25.5,-19.84,-25.81,-24.24,0.0,55539405,31827343,26455340,112.16,50.96,14.29,P-V+,P-V+,P-V+,📉 主力出貨,18.2,32.57,0.559,30,30,30,30.0,,,,,,,,,,,,,,,,,,,,,,,,,,,,31,22,22,,22,剛爆發,,False,False
