symbol,sector,name,as_of_date,t_price,cum_ret_4w,cum_ret_13w,cum_ret_26w,point,di,avg_vol_4w,avg_vol_13w,avg_vol_26w,vol_change_4w,vol_change_13w,vol_change_26w,pv_state_4w,pv_state_13w,pv_state_26w,pv_verdict,cum_ret_4w_rank_in_sector,cum_ret_13w_rank_in_sector,cum_ret_26w_rank_in_sector,cms_a,surprise_l1,surprise_l2,pre_earnings_14d,above_50ma,ma50,amp_10d_pct,vp_ratio_stock,vcp,high_52w,high_52w_raw,pct_from_high,ret_5d,ret_20d,up_days_20,down_days_20,up_avg_vol,down_avg_vol,ud_ratio,vol_today,vol_10d_avg,vol_3w_avg,vol_ratio_stock_20d,vp_score_stock,rsi14,trend_state,trend_pattern,trend_signal,point_rank_in_sector,vp_score_rank_in_sector,vol_rank_in_sector,composite_in_sector,composite_rank_in_sector,stock_gap_alert,explosive_verdict,is_new_signal_3d,earnings_passed
NWS,Communication Services,News Corp (Class B),2026-09-02,34.41,1.59,14.02,28.97,18.39,1.0,1137365,1485249,1483523,1.51,0.23,21.53,P+V+,P+V+,P+V+,⭐⭐⭐ 完美多頭,13,2,1,7.3,51.24,5.46,False,True,32.02,7.87,0.956,False,35.76,35.76,-3.78,-2.36,3.86,15.0,5.0,1124453.0,1176100.0,3.0,1271000.0,1158860.0,1144746.0,1.11,100.0,59.16,多頭,頭頭高·底底高,空轉多預警,1,1,7,2.2,1,,,False,True
NWSA,Communication Services,News Corp (Class A),2026-09-02,30.65,3.3,16.05,26.71,18.19,1.0,3767165,4760023,4595628,8.44,7.42,16.43,P+V+,P+V+,P+V+,⭐⭐⭐ 完美多頭,11,1,2,6.2,51.24,5.46,False,True,28.24,8.28,0.86,False,31.66,31.66,-3.19,-1.0,5.47,14.0,6.0,3591671.0,4176650.0,2.333,3704600.0,3702710.0,3529586.0,1.05,100.0,63.59,多頭,頭頭高·底底高,空轉多預警,2,1,10,3.2,2,,,False,True
FOXA,Communication Services,Fox Corporation (Class A),2026-09-02,67.52,9.76,3.24,20.96,13.73,1.0,5446090,6613566,5013630,16.13,93.74,37.16,P+V+,P+V+,P+V+,⭐⭐⭐ 完美多頭,3,12,3,5.7,29.29,36.35,False,True,59.76,6.72,1.014,False,75.68,76.39,-10.79,-2.56,15.57,11.0,8.0,5459645.0,5385175.0,1.375,4715200.0,5035960.0,5328613.0,0.885,96.69,58.75,多頭,頭頭高·底底高,,3,8,18,8.0,8,,,False,True
FOX,Communication Services,Fox Corporation (Class B),2026-09-02,60.27,9.39,3.27,17.71,12.02,1.0,1034855,1708827,1586306,-14.91,16.74,-7.54,P+V-,P+V+,P+V-,⚠️ 量能背離,5,11,4,6.6,31.62,22.22,False,True,53.45,6.79,0.837,False,67.48,68.18,-10.68,-2.67,16.03,12.0,8.0,960133.0,1146937.0,1.5,1390700.0,1100620.0,1027580.0,1.353,95.7,59.08,多頭,頭頭高·底底高,,4,12,3,7.0,5,吃老本,,False,True
LYV,Communication Services,Live Nation Entertainment,2026-09-02,179.59,-1.2,7.13,10.76,6.86,0.667,1677245,2214400,2572020,-19.89,-24.41,-7.93,P-V-,P+V-,P+V-,➡️ 中性,19,7,5,12.6,82.89,-485.68,False,False,181.48,6.51,1.059,False,189.25,189.25,-5.1,-1.67,-2.14,9.0,11.0,1730266.0,1633863.0,0.818,1810900.0,1635230.0,1682406.0,1.076,78.85,46.94,收斂,頭頭低·底底高,多轉空預警 / 空頭確認,5,16,8,10.0,10,吃老本,,False,True
VZ,Communication Services,Verizon,2026-09-02,50.22,6.87,6.7,3.4,5.09,1.0,17350215,26550386,25663255,-36.77,7.16,-7.66,P+V-,P+V+,P+V-,⚠️ 量能背離,7,9,9,8.0,2.71,5.81,False,True,46.07,3.63,1.089,False,50.93,51.68,-1.39,0.06,8.07,12.0,8.0,17935058.0,16472950.0,1.5,18674600.0,18162660.0,17417646.0,1.072,96.42,65.99,多頭,頭頭高·底底高,空轉多預警 / 多頭確認,6,9,9,7.8,7,,,False,True
DIS,Communication Services,Walt Disney Company (The),2026-09-02,107.98,3.15,7.29,2.61,3.92,1.0,8222065,10403904,10019035,-30.37,7.99,-2.0,P+V-,P+V+,P+V-,⚠️ 量能背離,12,6,10,9.8,11.09,4.98,False,True,100.88,5.29,1.044,False,118.07,119.78,-8.55,-1.51,6.11,13.0,7.0,8343876.0,7995842.0,1.857,7555300.0,8022550.0,7822226.0,0.966,99.18,57.95,擴散,頭頭高·底底低,,7,6,14,8.0,8,,,False,True
RDDT,Communication Services,Reddit,2026-09-02,158.1,4.79,-6.52,8.43,3.78,0.667,6994340,5739989,5385656,15.48,14.09,-0.61,P+V+,P-V+,P+V-,➡️ 中性,9,18,6,11.1,29.56,79.12,False,False,170.18,14.65,1.137,False,282.95,282.95,-44.12,1.76,1.83,6.0,14.0,7637050.0,6718892.0,0.429,6230000.0,4314600.0,8183673.0,0.761,78.12,49.33,收斂,頭頭低·底底高,空轉多預警,8,17,21,14.2,15,吃老本,,False,True
WBD,Communication Services,Warner Bros. Discovery,2026-09-02,28.39,7.54,4.45,0.78,3.39,1.0,18852225,22166884,22493824,-25.67,-2.87,-50.2,P+V-,P+V-,P+V-,⚠️ 量能衰竭,6,10,12,8.4,153.87,-1161.59,False,True,27.05,2.83,1.297,True,30.0,30.0,-5.37,-1.25,9.32,14.0,6.0,20243914.0,15604950.0,2.333,21713000.0,17618710.0,18318873.0,1.185,100.0,59.82,擴散,頭頭高·底底低,多頭確認,9,1,5,5.0,3,剛爆發,,False,True
T,Communication Services,AT&T,2026-09-02,25.95,9.45,6.73,-5.13,1.48,0.667,32321225,60911293,50355403,-58.34,53.05,13.54,P+V-,P+V+,P-V+,➡️ 中性,4,8,14,7.2,10.49,3.42,False,True,23.33,5.45,0.96,False,28.75,29.79,-9.74,0.31,12.53,15.0,5.0,31987000.0,33323900.0,3.0,33805800.0,28984590.0,30220293.0,1.119,100.0,67.07,多頭,頭頭高·底底高,空轉多預警 / 多頭確認,10,1,6,5.6,4,剛爆發,,False,True
OMC,Communication Services,Omnicom Group,2026-09-02,81.76,-0.91,9.86,-2.15,1.16,0.333,2130730,3523576,4019596,-35.72,-21.97,-11.41,P-V-,P+V-,P-V-,➡️ 中性,18,4,13,12.8,-0.39,3.13,False,False,82.3,10.37,0.983,False,89.57,89.57,-8.72,-6.97,0.06,9.0,10.0,2087577.0,2123950.0,0.9,4838600.0,2162330.0,2087166.0,2.318,77.95,40.47,多頭,頭頭高·底底高,,11,18,1,11.8,11,吃老本,,False,False
GOOGL,Communication Services,Alphabet Inc. (Class A),2026-09-02,337.12,-5.77,-6.78,8.28,1.0,0.333,22305760,31384383,29968134,-31.21,9.92,-17.01,P-V-,P-V+,P+V-,➡️ 中性,21,19,7,17.6,214.23,91.59,False,False,348.73,5.49,0.932,False,408.37,408.61,-17.45,-1.43,-6.98,8.0,12.0,21369700.0,22929800.0,0.667,22582300.0,23498560.0,21862280.0,1.033,71.55,43.14,擴散,頭頭高·底底低,,12,19,12,14.8,16,吃老本,,False,True
GOOG,Communication Services,Alphabet Inc. (Class C),2026-09-02,333.78,-6.4,-6.81,7.32,0.35,0.333,15424150,21246975,20348650,-27.57,9.24,-11.86,P-V-,P-V+,P+V-,➡️ 中性,22,20,8,18.6,212.9,94.3,False,False,346.79,5.54,0.942,False,404.23,404.47,-17.43,-1.57,-7.32,7.0,13.0,14828585.0,15744838.0,0.538,12995900.0,16449890.0,15377626.0,0.845,69.54,41.86,擴散,頭頭高·底底低,,13,20,19,17.0,20,吃老本,,False,True
TTWO,Communication Services,Take-Two Interactive,2026-09-02,216.14,-7.02,-2.81,2.2,-1.36,0.333,2782745,2506746,2274153,54.31,22.79,25.52,P-V+,P-V+,P+V+,⚠️ 中期出貨,23,17,11,18.8,13.9,38.21,False,False,240.58,13.71,0.971,False,265.94,265.94,-18.73,-7.41,-7.99,7.0,13.0,2729842.0,2811230.0,0.538,2483600.0,3059940.0,2641040.0,0.94,67.31,31.69,擴散,頭頭高·底底低,空頭確認,14,21,15,17.0,20,吃老本,,False,True
CMCSA,Communication Services,Comcast,2026-09-02,26.81,6.52,9.36,-11.2,-1.63,0.667,20695715,32828526,32699579,-39.05,0.79,-0.97,P+V-,P+V+,P-V-,➡️ 中性,8,5,16,8.7,7.62,8.29,False,True,24.66,4.11,1.01,False,32.05,32.86,-16.34,-1.43,8.32,12.0,7.0,20810166.0,20597400.0,1.714,18888400.0,19522940.0,20304220.0,0.93,97.82,58.96,擴散,頭頭高·底底低,,15,7,16,12.0,12,剛爆發,,False,True
PSKY,Communication Services,Paramount Skydance Corporation,2026-09-02,10.97,21.08,2.25,-17.99,-3.16,0.667,10344065,10289526,11656576,-16.8,-20.99,26.83,P+V-,P+V-,P-V+,➡️ 中性,1,13,20,8.4,-2.33,51.38,False,True,9.51,10.14,1.048,False,20.57,20.86,-46.68,2.14,25.23,17.0,2.0,10346058.0,9870000.0,8.5,11984000.0,9750580.0,10020760.0,1.196,100.0,68.53,空頭,頭頭低·底底低,多頭確認,16,1,4,7.6,6,剛爆發,,False,False
NFLX,Communication Services,Netflix,2026-09-02,82.73,12.27,-0.72,-14.04,-4.13,0.333,27521010,41663284,41775383,-43.52,-0.54,-0.22,P+V-,P-V-,P-V-,➡️ 中性,2,16,18,9.4,1.45,-1.4,False,True,75.08,5.06,1.115,False,126.71,126.71,-34.71,1.56,11.5,9.0,11.0,29173633.0,26168863.0,0.818,22077800.0,25456500.0,28075666.0,0.786,89.3,63.89,擴散,頭頭高·底底低,多頭確認,17,14,20,16.4,18,,,False,True
META,Communication Services,Meta Platforms,2026-09-02,592.85,0.5,-0.71,-8.37,-4.24,0.333,15373535,18181212,17067632,-20.99,13.96,7.67,P+V-,P-V+,P-V+,➡️ 中性,16,15,15,15.5,-14.42,56.79,False,False,592.95,10.73,0.943,False,788.22,790.8,-24.79,2.9,0.69,13.0,7.0,15055992.0,15963257.0,1.857,16552700.0,15889340.0,16007186.0,1.034,95.94,55.18,收斂,頭頭低·底底高,多轉空預警 / 空轉多預警,18,10,11,13.4,13,剛爆發,,False,False
TMUS,Communication Services,T-Mobile US,2026-09-02,187.3,4.67,-0.24,-12.75,-5.27,0.333,3940835,5187241,5381773,-21.15,-6.98,1.29,P+V-,P-V-,P-V+,➡️ 中性,10,14,17,12.6,14.86,31.07,False,True,180.32,7.1,1.083,False,251.38,256.69,-25.49,4.88,8.6,9.0,11.0,4114600.0,3798663.0,0.818,6034800.0,3957710.0,3954046.0,1.526,88.34,59.79,收斂,頭頭低·底底高,多轉空預警 / 空轉多預警,19,15,2,14.0,14,,,False,True
TKO,Communication Services,TKO Group Holdings,2026-09-02,189.79,1.33,-6.87,-14.55,-8.66,0.333,976320,1281389,1351321,-16.51,-9.84,21.01,P+V-,P-V-,P-V+,➡️ 中性,14,21,19,17.1,23.27,-32.11,False,False,190.3,11.57,1.324,False,225.15,226.94,-15.71,1.01,3.67,10.0,10.0,1112560.0,840080.0,1.0,868800.0,960440.0,964846.0,0.9,90.78,50.31,空頭,頭頭低·底底低,多轉空預警,20,13,17,16.6,19,剛爆發,,False,True
CHTR,Communication Services,Charter Communications,2026-09-02,158.97,0.97,13.33,-32.25,-12.55,0.667,2577990,3250932,2934376,-18.64,24.18,48.26,P+V-,P+V+,P-V+,➡️ 中性,15,3,23,13.0,5.94,-9.07,False,True,142.42,9.92,1.362,False,285.82,285.82,-44.38,3.3,3.79,11.0,9.0,2927872.0,2150355.0,1.222,2903300.0,2491830.0,2868660.0,1.012,95.75,58.28,空頭,頭頭低·底底低,多轉空預警,21,11,13,15.4,17,剛爆發,,False,True
ECHO,Communication Services,EchoStar,2026-09-02,86.69,-0.39,-29.83,-24.96,-20.04,0.0,2838755,7301504,6994843,-48.75,9.17,28.1,P-V-,P-V+,P-V+,➡️ 中性,17,22,21,19.3,,,,,,,,,,,,,,,,,,,,,,,,,,,,22,22,22,,22,,,False,False
APP,Communication Services,AppLovin,2026-09-02,319.05,-4.95,-47.32,-26.62,-26.38,0.0,6028050,5928503,5357332,-7.63,23.87,-14.06,P-V-,P-V+,P-V-,➡️ 中性,20,24,22,21.6,,,,,,,,,,,,,,,,,,,,,,,,,,,,23,22,22,,22,,,False,False
TTD,Communication Services,Trade Desk (The),2026-09-02,14.55,-17.66,-31.04,-38.92,-31.63,0.0,30537255,21760796,21237050,110.3,5.06,48.45,P-V+,P-V+,P-V+,📉 主力出貨,24,23,24,23.7,,,,,,,,,,,,,,,,,,,,,,,,,,,,24,22,22,,22,,,False,False
ABNB,Consumer Discretionary,Airbnb,2026-09-02,183.26,20.85,36.4,35.64,32.13,1.0,5813495,4328624,4049497,65.65,14.81,-16.54,P+V+,P+V+,P+V-,🚀 健康多頭,1,3,3,2.0,9.48,-14.13,False,True,161.34,7.13,1.277,False,193.45,193.45,-5.27,-2.56,20.18,11.0,9.0,6442709.0,5044455.0,1.222,3412100.0,4825170.0,4687653.0,0.728,100.0,59.11,擴散,頭頭高·底底低,,1,1,22,5.2,2,,,False,True
EXPE,Consumer Discretionary,Expedia Group,2026-09-02,308.06,0.63,36.28,43.65,31.05,1.0,1444575,1569986,1753163,-11.77,-18.92,-19.38,P+V-,P+V-,P+V-,⚠️ 量能衰竭,14,4,2,8.6,9.65,42.34,False,True,292.59,11.98,0.821,False,341.51,342.0,-9.79,-7.48,-3.49,11.0,9.0,1315890.0,1601855.0,1.222,1523700.0,1388670.0,1368826.0,1.113,77.62,48.32,多頭,頭頭高·底底高,,2,17,6,8.8,6,吃老本,,False,True
BBY,Consumer Discretionary,Best Buy,2026-09-02,87.0,8.72,21.13,44.42,29.68,1.0,4184525,3869169,4255399,23.01,-16.64,5.72,P+V+,P+V-,P+V+,➡️ 中性,4,6,1,4.0,6.53,4.32,False,True,83.56,14.36,0.834,False,91.27,91.27,-4.68,-0.5,2.96,12.0,8.0,3875458.0,4648125.0,1.5,7453200.0,5106000.0,4447466.0,1.676,88.66,55.03,收斂,頭頭低·底底高,多轉空預警,3,8,1,4.6,1,,,False,True
DASH,Consumer Discretionary,DoorDash,2026-09-02,226.24,6.09,44.15,28.2,26.66,1.0,4484345,4456684,4467121,26.44,-0.47,-6.08,P+V+,P+V-,P+V-,➡️ 中性,6,1,4,4.1,-2.43,15.4,False,True,202.05,9.93,1.052,False,285.5,285.5,-20.76,-4.51,9.15,15.0,5.0,4540226.0,4316700.0,3.0,3389500.0,3932870.0,4040273.0,0.839,100.0,59.45,多頭,頭頭高·底底高,空轉多預警 / 多頭確認,4,1,17,5.4,3,,,False,False
GPC,Consumer Discretionary,Genuine Parts Company,2026-09-02,137.15,3.28,39.55,17.32,19.37,1.0,1111725,1644501,1758070,-36.2,-12.14,43.22,P+V-,P+V-,P+V+,⚠️ 頂部背離,9,2,8,6.7,3.47,1.26,False,True,128.25,7.7,0.893,False,148.58,151.57,-7.69,-1.68,4.44,11.0,9.0,1054990.0,1181066.0,1.222,745200.0,1159490.0,1074206.0,0.694,85.96,59.42,多頭,頭頭高·底底高,,5,9,24,10.4,8,,,False,True
CMG,Consumer Discretionary,Chipotle Mexican Grill,2026-09-02,38.52,14.27,31.65,3.49,13.23,1.0,15416160,19176070,17840470,-22.2,16.18,-12.01,P+V-,P+V+,P+V-,⚠️ 量能背離,2,5,17,5.9,3.96,1.4,False,True,34.66,13.12,1.165,False,42.82,42.82,-10.04,3.16,11.65,9.0,10.0,16572688.0,14223080.0,0.9,11655300.0,14096980.0,14936406.0,0.78,92.15,64.8,多頭,頭頭高·底底高,,6,6,19,8.6,5,,,False,True
BKNG,Consumer Discretionary,Booking Holdings,2026-09-02,199.6,-3.76,19.67,18.27,13.11,0.667,4835955,6693367,7490697,-21.69,-19.24,1.52,P-V-,P+V-,P+V+,➡️ 中性,26,7,7,16.5,4.49,5.67,False,True,193.65,10.77,1.123,False,224.59,226.1,-11.13,-4.45,-3.58,9.0,11.0,5146588.0,4581800.0,0.818,4845800.0,4701870.0,4696273.0,1.032,78.0,47.59,多頭,頭頭高·底底高,空頭確認,7,16,9,11.0,9,吃老本,,False,True
CVNA,Consumer Discretionary,Carvana,2026-09-02,74.16,8.52,13.05,10.96,10.87,1.0,8403340,10201827,11736777,-16.27,-23.13,-38.16,P+V-,P+V-,P+V-,⚠️ 量能衰竭,5,11,11,8.0,10.09,11.71,False,True,68.49,10.61,1.045,False,97.38,97.38,-23.84,0.28,6.74,11.0,9.0,8569263.0,8200544.0,1.222,7097600.0,7563530.0,8384726.0,0.846,90.78,55.96,多頭,頭頭高·底底高,空轉多預警,8,7,16,9.2,7,,,False,True
AMZN,Consumer Discretionary,Amazon,2026-09-02,254.98,-6.35,-0.6,21.42,8.97,0.333,33043965,48306240,46761993,-34.34,6.83,-0.33,P-V-,P-V+,P+V-,➡️ 中性,30,24,5,23.2,215.02,68.18,False,True,252.83,6.02,1.064,False,287.2,287.2,-11.22,-2.04,-6.48,6.0,14.0,34497816.0,32420885.0,0.429,24013300.0,32652420.0,33251753.0,0.722,70.35,46.38,多頭,頭頭高·底底高,空轉多預警,9,21,23,16.6,18,吃老本,,False,True
SBUX,Consumer Discretionary,Starbucks,2026-09-02,106.72,2.07,12.38,10.14,8.68,1.0,5656315,7264227,7533056,-29.33,-6.89,-21.43,P+V-,P+V-,P+V-,⚠️ 量能衰竭,13,12,12,12.5,30.79,14.51,False,True,104.94,5.41,0.941,False,109.88,110.51,-2.87,-1.63,1.26,10.0,10.0,5485760.0,5826870.0,1.0,5204200.0,6004290.0,5788920.0,0.899,81.58,52.71,多頭,頭頭高·底底高,空轉多預警,10,12,15,11.8,10,,,False,True
EBAY,Consumer Discretionary,eBay Inc.,2026-09-02,106.7,-2.83,-1.7,18.51,8.12,0.333,4450785,3917064,4800975,11.54,-31.1,-9.74,P-V+,P-V-,P+V-,➡️ 中性,21,25,6,19.2,6.24,5.03,False,False,109.19,7.17,1.04,False,118.62,119.31,-10.05,2.71,-3.71,9.0,11.0,4547400.0,4371736.0,0.818,4229400.0,4061770.0,4266820.0,0.991,79.33,51.01,空頭,頭頭低·底底低,,11,14,10,12.0,11,,,False,True
GRMN,Consumer Discretionary,Garmin,2026-09-02,276.04,-8.56,15.03,10.08,6.66,0.667,831495,917770,868414,-23.55,12.05,-11.59,P-V-,P+V+,P+V-,➡️ 中性,36,9,13,23.3,22.52,13.14,False,True,270.93,10.61,0.778,False,314.28,314.28,-12.17,-4.49,-8.76,8.0,12.0,709975.0,912508.0,0.667,972300.0,917110.0,882246.0,1.102,66.56,40.15,多頭,頭頭高·底底高,空轉多預警,12,24,8,16.0,16,吃老本,,False,True
DRI,Consumer Discretionary,Darden Restaurants,2026-09-02,220.03,4.31,11.87,4.52,6.31,1.0,979245,1302216,1303373,-28.85,-0.18,-7.87,P+V-,P+V-,P+V-,⚠️ 量能衰竭,7,14,16,10.9,0.64,0.29,False,True,209.08,7.53,1.096,False,229.76,229.76,-4.23,0.56,5.35,13.0,7.0,1010261.0,921642.0,1.857,1257200.0,906010.0,944340.0,1.331,100.0,55.37,擴散,頭頭高·底底低,,13,1,3,6.2,4,剛爆發,,False,True
ROST,Consumer Discretionary,Ross Stores,2026-09-02,230.85,-9.22,3.34,12.72,4.89,0.667,2797755,2842300,2865353,26.11,-1.6,12.71,P-V+,P+V-,P+V+,⚠️ 中期出貨,38,19,9,26.5,36.74,17.42,False,False,234.14,8.29,1.026,False,257.0,257.0,-10.18,-2.29,-8.83,8.0,12.0,2841500.0,2768591.0,0.667,2287900.0,3255670.0,3079220.0,0.743,71.74,41.97,多頭,頭頭高·底底高,空轉多預警,14,20,21,17.8,20,吃老本,,False,True
GM,Consumer Discretionary,General Motors,2026-09-02,84.87,-2.38,4.07,8.32,4.58,0.667,5119105,7198020,7297787,-29.28,-2.7,-17.02,P-V-,P+V-,P+V-,➡️ 中性,18,18,15,17.4,12.0,40.19,False,True,82.97,5.37,1.019,False,91.85,91.85,-7.6,-1.69,-4.81,10.0,10.0,5167760.0,5070450.0,1.0,5887800.0,5963010.0,5323720.0,1.106,79.27,47.58,收斂,頭頭低·底底高,多轉空預警,15,15,7,13.4,13,,,False,True
WSM,Consumer Discretionary,"Williams-Sonoma, Inc.",2026-09-02,221.72,-10.19,9.13,8.61,4.04,0.667,1096230,1095624,1189069,20.15,-14.57,2.91,P-V+,P+V-,P+V+,⚠️ 中期出貨,40,16,14,27.6,37.87,7.34,False,False,233.05,12.13,1.137,False,254.89,254.89,-13.01,-6.62,-10.68,7.0,13.0,1189428.0,1046046.0,0.538,1366600.0,1360930.0,1168880.0,1.169,68.92,34.34,多頭,頭頭高·底底高,,16,23,4,16.4,17,吃老本,,False,True
HAS,Consumer Discretionary,Hasbro,2026-09-02,93.5,2.74,12.31,-4.64,1.44,0.667,1448320,1969412,1918546,-41.29,5.45,6.78,P+V-,P+V+,P-V+,➡️ 中性,11,13,21,13.6,12.8,29.52,False,True,88.36,6.55,1.037,False,104.6,106.98,-10.61,-2.9,3.34,10.0,9.0,1482560.0,1430222.0,1.111,1220900.0,1373640.0,1319493.0,0.925,85.65,53.12,多頭,頭頭高·底底高,,17,10,13,13.4,13,剛爆發,,False,True
MGM,Consumer Discretionary,MGM Resorts,2026-09-02,41.44,-7.29,-14.31,12.43,0.81,0.333,1948295,2858069,4010027,-22.34,-44.63,-15.15,P-V-,P-V-,P+V-,⚠️ 主升段結束,33,44,10,31.7,1.95,-7.83,False,False,45.19,8.68,0.97,False,51.59,51.59,-19.67,-4.65,-6.9,7.0,13.0,1910357.0,1968723.0,0.538,1739600.0,1858500.0,1842246.0,0.944,69.06,32.76,空頭,頭頭低·底底低,空頭確認,18,22,12,18.4,21,,,False,True
F,Consumer Discretionary,Ford Motor Company,2026-09-02,14.14,3.65,-11.5,2.72,-0.6,0.667,41177185,50273141,55449601,-24.98,-17.08,-26.01,P+V-,P-V-,P+V-,⚠️ 量能背離,8,37,18,18.7,21.27,256.64,False,True,13.99,5.86,1.032,False,17.59,17.78,-19.61,1.73,1.15,10.0,10.0,41824810.0,40529560.0,1.0,58216800.0,43099160.0,41002600.0,1.42,84.44,51.84,收斂,頭頭低·底底高,,19,11,2,12.4,12,剛爆發,,False,True
HLT,Consumer Discretionary,Hilton Worldwide,2026-09-02,311.51,-3.21,-6.37,0.01,-2.39,0.333,1791075,2095313,1915848,-19.67,20.67,8.1,P-V-,P-V+,P+V+,➡️ 中性,22,31,19,24.1,,,,,,,,,,,,,,,,,,,,,,,,,,,,20,25,25,,25,,,False,False
DPZ,Consumer Discretionary,Domino's,2026-09-02,346.68,-3.28,13.43,-12.9,-3.91,0.333,819075,931703,947463,-20.78,-3.27,38.67,P-V-,P+V-,P-V+,➡️ 中性,23,10,28,20.1,-2.38,-3.32,False,True,331.39,7.35,0.88,False,458.98,467.83,-24.47,0.62,-5.44,8.0,12.0,756912.0,860516.0,0.667,692300.0,1001120.0,872680.0,0.793,72.38,52.92,收斂,頭頭低·底底高,多轉空預警,21,19,18,19.6,22,,,False,True
YUM,Consumer Discretionary,Yum! Brands,2026-09-02,151.27,-0.66,3.2,-9.6,-4.17,0.333,2334025,2521395,2143928,-19.77,42.74,6.17,P-V-,P+V+,P-V+,➡️ 中性,16,20,25,19.0,,,,,,,,,,,,,,,,,,,,,,,,,,,,22,25,25,,25,,,False,False
PHM,Consumer Discretionary,PulteGroup,2026-09-02,123.7,-4.52,5.26,-9.46,-4.54,0.333,1231535,1639673,1766168,-35.29,-13.37,-11.2,P-V-,P+V-,P-V-,➡️ 中性,28,17,24,23.9,,,,,,,,,,,,,,,,,,,,,,,,,,,,23,25,25,,25,,,False,False
ORLY,Consumer Discretionary,O'Reilly Automotive,2026-09-02,86.97,-6.85,0.86,-7.36,-5.18,0.333,4644785,7408644,6589583,-42.56,28.39,21.7,P-V-,P+V+,P-V+,➡️ 中性,31,23,23,27.0,,,,,,,,,,,,,,,,,,,,,,,,,,,,24,25,25,,25,,,False,False
MAR,Consumer Discretionary,Marriott International,2026-09-02,333.14,-7.19,-10.69,-2.12,-5.53,0.0,1476755,1584646,1533690,-10.32,6.87,-1.1,P-V-,P-V+,P-V-,➡️ 中性,32,35,20,30.5,,,,,,,,,,,,,,,,,,,,,,,,,,,,25,25,25,,25,,,False,False
ULTA,Consumer Discretionary,Ulta Beauty,2026-09-02,551.74,2.4,11.49,-19.43,-6.24,0.667,712520,747532,753213,27.48,-1.5,15.28,P+V+,P+V-,P-V+,➡️ 中性,12,15,34,17.3,5.61,12.0,False,True,502.53,10.6,0.948,False,714.97,714.97,-22.83,1.57,2.27,9.0,11.0,691633.0,729609.0,0.818,597200.0,829970.0,778206.0,0.767,80.86,59.82,多頭,頭頭高·底底高,空轉多預警,26,13,20,19.6,22,剛爆發,,False,True
TSLA,Consumer Discretionary,"Tesla, Inc.",2026-09-02,357.01,11.73,-15.75,-11.3,-6.66,0.333,34802175,41346678,50922337,-12.29,-31.66,-34.71,P+V-,P-V-,P-V-,➡️ 中性,3,45,27,20.4,-39.15,17.15,False,False,358.35,8.47,1.242,False,498.83,498.83,-28.43,3.24,11.03,11.0,9.0,38143927.0,30717811.0,1.222,33951900.0,38255710.0,36897966.0,0.92,97.98,53.45,空頭,頭頭低·底底低,,27,4,14,15.2,15,剛爆發,,False,False
DHI,Consumer Discretionary,D. R. Horton,2026-09-02,142.26,-2.57,-3.53,-10.77,-6.91,0.0,1886360,2255580,2439090,-29.06,-13.99,-24.6,P-V-,P-V-,P-V-,🧊 熊市縮量,19,28,26,23.1,,,,,,,,,,,,,,,,,,,,,,,,,,,,28,25,25,,25,,,False,False
NVR,Consumer Discretionary,"NVR, Inc.",2026-09-02,6326.95,0.35,2.36,-15.84,-7.24,0.667,32580,31575,28646,-4.26,22.77,23.73,P+V-,P+V+,P-V+,➡️ 中性,15,22,32,20.5,-6.69,-14.44,False,False,6434.72,3.62,0.856,False,8618.28,8618.28,-26.59,-0.65,-0.61,9.0,11.0,29822.0,34836.0,0.818,36600.0,33320.0,31713.0,1.154,76.63,48.61,多頭,頭頭高·底底高,,29,18,5,19.8,24,剛爆發,,False,True
RL,Consumer Discretionary,Ralph Lauren Corporation,2026-09-02,336.5,-14.99,-7.2,-6.72,-8.91,0.0,630485,645021,653368,9.13,-2.52,5.16,P-V+,P-V-,P-V+,➡️ 中性,42,32,22,35.0,,,,,,,,,,,,,,,,,,,,,,,,,,,,30,25,25,,25,,,False,False
HD,Consumer Discretionary,Home Depot (The),2026-09-02,318.51,-8.87,3.01,-15.15,-9.04,0.333,3672665,4248333,4362902,-3.66,-5.12,8.62,P-V-,P+V-,P-V+,➡️ 中性,37,21,31,31.0,,,,,,,,,,,,,,,,,,,,,,,,,,,,31,25,25,,25,剛爆發,,False,False
TSCO,Consumer Discretionary,Tractor Supply,2026-09-02,34.86,2.97,16.96,-31.74,-10.89,0.667,10616640,11607080,10627173,0.7,20.31,85.79,P+V+,P+V+,P-V+,🚀 健康多頭,10,8,43,16.0,-15.89,-8.95,False,True,32.39,5.09,1.4,False,59.44,60.87,-41.35,-0.43,5.06,11.0,9.0,12182972.0,8702233.0,1.222,8052200.0,7957190.0,8516420.0,0.945,95.7,57.13,多頭,頭頭高·底底高,空轉多預警,32,5,11,17.0,19,剛爆發,,False,False
AZO,Consumer Discretionary,AutoZone,2026-09-02,2934.52,-4.4,-3.13,-21.86,-12.81,0.0,247900,321035,273850,54.37,41.63,88.49,P-V+,P-V+,P-V+,📉 主力出貨,27,27,37,29.0,,,,,,,,,,,,,,,,,,,,,,,,,,,,33,25,25,,25,剛爆發,,False,False
WYNN,Consumer Discretionary,Wynn Resorts,2026-09-02,91.52,-9.61,-12.31,-14.98,-12.97,0.0,1497785,1522098,1587990,-4.35,-7.97,-2.45,P-V-,P-V-,P-V-,🧊 熊市縮量,39,39,30,37.2,,,,,,,,,,,,,,,,,,,,,,,,,,,,34,25,25,,25,剛爆發,,False,False
RCL,Consumer Discretionary,Royal Caribbean Group,2026-09-02,265.6,-17.14,-8.19,-13.69,-13.18,0.0,1560530,2225750,2529276,-34.99,-21.43,14.56,P-V-,P-V-,P-V+,😴 弱勢縮量,44,34,29,38.0,,,,,,,,,,,,,,,,,,,,,,,,,,,,35,25,25,,25,剛爆發,,False,False
MCD,Consumer Discretionary,McDonald's,2026-09-02,260.95,-4.87,-4.9,-21.99,-13.44,0.0,4203655,4596120,4090020,-8.91,28.24,28.86,P-V-,P-V+,P-V+,➡️ 中性,29,29,38,30.8,,,,,,,,,,,,,,,,,,,,,,,,,,,,36,25,25,,25,剛爆發,,False,False
LVS,Consumer Discretionary,Las Vegas Sands,2026-09-02,44.54,-3.4,-12.47,-20.51,-14.22,0.0,4489525,4819069,4528826,-21.15,13.7,-19.47,P-V-,P-V+,P-V-,➡️ 中性,24,40,36,31.2,,,,,,,,,,,,,,,,,,,,,,,,,,,,37,25,25,,25,剛爆發,,False,False
LOW,Consumer Discretionary,Lowe's,2026-09-02,199.84,-8.5,-2.69,-23.63,-14.62,0.0,3003725,3057176,2902072,-4.52,11.29,1.3,P-V-,P-V+,P-V+,➡️ 中性,35,26,39,33.1,,,,,,,,,,,,,,,,,,,,,,,,,,,,38,25,25,,25,剛爆發,,False,False
LEN,Consumer Discretionary,Lennar,2026-09-02,83.58,-1.46,-7.5,-26.09,-15.29,0.0,2321790,2588778,2782485,-3.74,-13.02,-39.07,P-V-,P-V-,P-V-,🧊 熊市縮量,17,33,41,26.6,,,,,,,,,,,,,,,,,,,,,,,,,,,,39,25,25,,25,剛爆發,,False,False
TJX,Consumer Discretionary,TJX Companies,2026-09-02,131.31,-18.72,-14.29,-18.25,-17.38,0.0,7269730,6167732,5612334,44.71,21.97,8.42,P-V+,P-V+,P-V+,📉 主力出貨,45,43,33,42.0,,,,,,,,,,,,,,,,,,,,,,,,,,,,40,25,25,,25,剛爆發,,False,False
TPR,Consumer Discretionary,"Tapestry, Inc.",2026-09-02,123.14,-23.99,-10.93,-20.36,-18.91,0.0,3805980,2939616,2538590,80.63,37.52,-14.19,P-V+,P-V+,P-V-,➡️ 中性,47,36,35,41.3,,,,,,,,,,,,,,,,,,,,,,,,,,,,41,25,25,,25,剛爆發,,False,False
CCL,Consumer Discretionary,Carnival Corporation,2026-09-02,23.74,-17.11,-13.66,-23.9,-19.64,0.0,17996665,20812172,25141642,-3.53,-29.38,19.71,P-V-,P-V-,P-V+,😴 弱勢縮量,43,41,40,41.8,,,,,,,,,,,,,,,,,,,,,,,,,,,,42,25,25,,25,剛爆發,,False,False
LULU,Consumer Discretionary,Lululemon Athletica,2026-09-02,120.07,-3.74,-5.06,-35.16,-19.78,0.0,3567310,3571003,3307484,47.87,17.31,-23.7,P-V+,P-V+,P-V-,➡️ 中性,25,30,44,30.3,,,,,,,,,,,,,,,,,,,,,,,,,,,,43,25,25,,25,剛爆發,,False,False
NKE,Consumer Discretionary,"Nike, Inc.",2026-09-02,38.24,-7.99,-11.63,-36.88,-23.34,0.0,27277450,24697081,23537688,47.67,10.36,44.84,P-V+,P-V+,P-V+,📉 主力出貨,34,38,45,37.4,,,,,,,,,,,,,,,,,,,,,,,,,,,,44,25,25,,25,剛爆發,,False,False
DECK,Consumer Discretionary,Deckers Brands,2026-09-02,83.76,-14.42,-24.4,-28.58,-23.99,0.0,2532165,2319007,2199246,7.9,11.52,-34.49,P-V+,P-V+,P-V-,➡️ 中性,41,46,42,42.7,,,,,,,,,,,,,,,,,,,,,,,,,,,,45,25,25,,25,剛爆發,,False,False
NCLH,Consumer Discretionary,Norwegian Cruise Line Holdings,2026-09-02,15.57,-19.62,-14.12,-37.19,-27.03,0.0,13718180,16220623,19849214,-7.91,-30.91,13.12,P-V-,P-V-,P-V+,😴 弱勢縮量,46,42,46,44.8,,,,,,,,,,,,,,,,,,,,,,,,,,,,46,25,25,,25,剛爆發,,False,False
APTV,Consumer Discretionary,Aptiv,2026-09-02,45.03,-2.74,-39.03,-38.77,-29.83,0.0,4946535,3933601,3544656,44.74,24.65,63.09,P-V+,P-V+,P-V+,📉 主力出貨,20,47,47,33.5,,,,,,,,,,,,,,,,,,,,,,,,,,,,47,25,25,,25,剛爆發,,False,False
TGT,Consumer Staples,Target Corporation,2026-09-02,163.36,11.92,33.64,46.03,34.41,1.0,4903605,4430924,5136775,35.9,-24.16,-30.67,P+V+,P+V-,P+V-,➡️ 中性,4,1,1,2.5,75.83,17.31,False,True,145.36,9.92,1.137,False,170.75,170.75,-4.33,-0.41,11.45,12.0,8.0,5151283.0,4532087.0,1.5,2804600.0,5004970.0,5246240.0,0.535,99.1,62.37,多頭,頭頭高·底底高,,1,5,21,6.6,4,,,False,True
SJM,Consumer Staples,J.M. Smucker Company (The),2026-09-02,131.44,11.68,32.05,15.69,18.78,1.0,1294455,1536356,1802702,-10.47,-25.75,-3.22,P+V-,P+V-,P+V-,⚠️ 量能衰竭,5,2,3,3.7,46.18,5.01,False,True,118.1,11.0,1.123,False,135.89,135.89,-3.27,0.41,11.29,14.0,6.0,1338571.0,1191516.0,2.333,1149700.0,1590970.0,1398686.0,0.822,100.0,69.6,多頭,頭頭高·底底高,多頭確認,2,1,16,4.4,1,,,False,True
ADM,Consumer Staples,Archer Daniels Midland,2026-09-02,85.38,10.85,4.2,25.27,16.4,1.0,3672500,3666852,3846806,-1.7,-8.94,9.37,P+V-,P+V-,P+V+,⚠️ 頂部背離,6,19,2,9.1,28.02,7.8,False,True,80.23,12.63,0.902,False,87.9,88.46,-2.87,6.61,10.75,11.0,9.0,3500881.0,3882255.0,1.222,3482500.0,3687160.0,3474440.0,1.002,93.21,63.89,收斂,頭頭低·底底高,多轉空預警 / 多頭確認,3,7,11,6.2,2,,,False,True
KHC,Consumer Staples,Kraft Heinz,2026-09-02,26.26,5.21,14.6,10.46,10.18,1.0,14938895,14309592,14807383,8.46,-6.5,-5.53,P+V+,P+V-,P+V-,➡️ 中性,8,8,4,7.2,5.6,15.38,False,True,25.35,8.57,0.788,False,28.09,28.09,-6.51,5.93,2.06,11.0,9.0,13321900.0,16915222.0,1.222,16591600.0,15949760.0,14285140.0,1.161,85.72,58.2,擴散,頭頭高·底底低,,4,12,7,7.8,7,吃老本,,False,True
KO,Consumer Staples,Coca-Cola Company (The),2026-09-02,88.24,1.6,13.26,9.64,8.53,1.0,14092985,17520284,16451319,-19.92,13.9,-4.37,P+V-,P+V+,P+V-,⚠️ 量能背離,14,10,6,11.2,4.05,5.88,False,True,85.75,5.3,0.862,False,92.49,92.49,-4.6,-2.04,1.62,12.0,8.0,13246583.0,15362587.0,1.5,18492800.0,15480700.0,14312586.0,1.292,87.75,51.39,多頭,頭頭高·底底高,,5,11,4,7.2,5,吃老本,,False,True
KDP,Consumer Staples,Keurig Dr Pepper,2026-09-02,32.59,7.31,8.11,9.35,8.53,1.0,10771540,13571563,12238293,-11.71,24.45,-26.53,P+V-,P+V+,P+V-,⚠️ 量能背離,7,15,7,9.4,6.18,4.25,False,True,31.25,6.55,0.873,False,33.82,33.82,-3.64,1.18,5.98,12.0,8.0,10179083.0,11660225.0,1.5,8434900.0,8481610.0,9404733.0,0.897,91.84,60.17,空頭,頭頭低·底底低,,5,8,14,8.0,9,,,False,True
DLTR,Consumer Staples,Dollar Tree,2026-09-02,131.91,1.72,20.59,4.29,7.72,1.0,2297785,2862540,3287699,-6.01,-22.9,-16.0,P+V-,P+V-,P+V-,⚠️ 量能衰竭,13,6,8,9.9,136.13,12.89,False,True,126.81,14.49,0.633,False,142.4,142.4,-7.37,-0.2,2.45,12.0,8.0,1864541.0,2947650.0,1.5,1250300.0,2811700.0,2483980.0,0.503,84.96,55.16,多頭,頭頭高·底底高,,7,13,22,12.4,11,吃老本,,False,True
EL,Consumer Staples,Estée Lauder Companies (The),2026-09-02,101.15,18.72,21.68,-6.93,6.64,0.667,3848890,3255584,3896247,83.67,-28.24,6.5,P+V+,P+V-,P-V+,➡️ 中性,1,5,17,5.4,22.12,40.2,False,True,87.42,13.6,1.658,False,120.38,121.64,-15.98,-3.39,16.71,9.0,11.0,4923633.0,2969554.0,0.818,3500800.0,3987030.0,4255840.0,0.823,99.96,63.83,多頭,頭頭高·底底高,多頭確認,8,4,15,7.8,7,,,False,True
GIS,Consumer Staples,General Mills,2026-09-02,40.58,12.5,24.83,-7.19,5.74,0.667,8142820,9846053,9679377,-14.43,3.5,41.53,P+V-,P+V+,P-V+,➡️ 中性,3,3,18,6.0,19.21,-12.14,False,True,37.52,7.28,0.954,False,48.32,51.33,-16.02,1.25,12.94,14.0,6.0,8026171.0,8415000.0,2.333,6584600.0,8203060.0,8050606.0,0.818,100.0,60.08,空頭,頭頭低·底底低,多轉空預警 / 多頭確認,9,1,17,7.4,6,剛爆發,,False,True
KVUE,Consumer Staples,Kenvue,2026-09-02,19.13,0.85,11.68,2.39,4.33,1.0,19721990,20667956,20797336,-5.19,-1.24,-50.0,P+V-,P+V-,P+V-,⚠️ 量能衰竭,16,11,12,13.7,-2.82,23.03,False,True,19.04,4.45,0.933,False,19.91,20.69,-3.91,-0.47,-1.66,8.0,11.0,19403350.0,20804663.0,0.727,19692100.0,18834360.0,20361800.0,0.967,76.05,52.08,收斂,頭頭低·底底高,,10,20,12,14.4,14,吃老本,,False,False
KMB,Consumer Staples,Kimberly-Clark,2026-09-02,109.29,0.58,13.64,0.65,3.88,1.0,2925420,4043670,4402689,-26.72,-15.08,-11.64,P+V-,P+V-,P+V-,⚠️ 量能衰竭,17,9,14,14.0,5.68,2.24,False,False,109.76,5.13,0.859,False,126.63,131.53,-13.69,-0.95,-2.74,8.0,12.0,2663362.0,3100125.0,0.667,3946600.0,3181420.0,2962526.0,1.332,73.01,50.28,空頭,頭頭低·底底低,,11,21,2,13.2,12,吃老本,,False,True
BG,Consumer Staples,Bunge Global,2026-09-02,122.86,13.43,-4.26,3.09,3.84,0.667,1367265,1550767,1656944,0.03,-12.04,-2.53,P+V+,P-V-,P+V-,➡️ 中性,2,28,11,11.6,2.89,109.39,False,True,112.73,15.04,1.008,False,134.02,134.87,-8.33,8.49,15.96,13.0,7.0,1371023.0,1360285.0,1.857,1764300.0,1672970.0,1402153.0,1.258,100.0,66.38,收斂,頭頭低·底底高,空轉多預警 / 多頭確認,12,1,5,6.2,2,剛爆發,🎯 潛在暴漲,True,True
PM,Consumer Staples,Philip Morris International,2026-09-02,187.94,-0.06,9.12,2.33,3.43,0.667,4323975,4924438,4940374,-18.13,-0.64,-18.37,P-V-,P+V-,P+V-,➡️ 中性,19,14,13,16.3,7.31,7.07,False,True,187.68,6.26,1.012,False,207.76,207.76,-9.54,-3.17,-0.52,12.0,8.0,4344650.0,4292962.0,1.5,2937400.0,4032220.0,4397866.0,0.668,88.63,48.18,收斂,頭頭低·底底高,多轉空預警,13,10,20,13.2,12,,,False,True
MO,Consumer Staples,Altria,2026-09-02,69.56,2.67,1.96,3.97,3.15,1.0,9310345,8646036,9048512,8.74,-8.52,0.59,P+V+,P+V-,P+V+,➡️ 中性,11,23,9,14.2,-1.17,5.92,False,False,69.97,6.97,0.96,False,77.06,77.06,-9.73,0.64,1.64,10.0,10.0,9121960.0,9498730.0,1.0,9242500.0,8369990.0,9133740.0,1.012,83.04,54.96,擴散,頭頭高·底底低,,14,17,10,14.4,14,,,False,False
CASY,Consumer Staples,Casey's,2026-09-02,753.59,-9.47,-0.01,10.08,2.67,0.333,314630,455718,540143,0.52,-27.03,65.89,P-V+,P-V-,P+V+,⚠️ 中期出貨,31,25,5,24.0,32.11,16.87,True,False,827.83,15.11,0.962,False,927.15,927.85,-18.72,-6.63,-11.64,8.0,12.0,307387.0,319458.0,0.667,376600.0,346930.0,322786.0,1.167,67.2,34.31,收斂,頭頭低·底底高,空頭確認,15,22,6,16.0,19,吃老本,,False,True
MDLZ,Consumer Staples,Mondelez International,2026-09-02,62.45,-0.48,3.12,3.15,2.23,0.667,6637420,8879910,8861871,-33.1,0.41,-8.15,P-V-,P+V+,P+V-,➡️ 中性,20,21,10,18.3,7.4,10.22,False,True,61.49,6.76,0.88,False,66.65,66.65,-6.3,-0.89,-0.24,11.0,9.0,6253263.0,7106944.0,1.222,6049600.0,7157260.0,6720553.0,0.9,83.23,49.99,收斂,頭頭低·底底高,多轉空預警 / 空轉多預警,16,15,13,15.0,17,,🎯 潛在暴漲,False,True
BF-B,Consumer Staples,Brown–Forman,2026-09-02,27.38,-3.15,10.74,-3.42,0.19,0.333,1987910,2592398,4133777,-21.58,-54.32,-3.43,P-V-,P+V-,P-V-,➡️ 中性,26,13,15,19.9,3.1,-62.65,False,True,27.25,11.1,1.235,False,31.11,31.92,-11.99,-2.46,-3.52,7.0,13.0,2268228.0,1836969.0,0.538,4039100.0,2245140.0,2128760.0,1.897,76.59,48.4,收斂,頭頭低·底底高,多轉空預警,17,19,1,14.6,16,,,False,True
DG,Consumer Staples,Dollar General,2026-09-02,130.89,2.7,23.8,-15.4,-1.08,0.667,2551260,2781175,3174378,11.37,-22.04,-3.78,P+V+,P+V-,P-V-,✨ 反彈初期,10,4,27,11.6,23.53,6.22,False,True,122.16,13.27,1.233,False,156.68,158.23,-16.46,6.61,3.11,11.0,9.0,2788427.0,2261388.0,1.222,2764300.0,3137540.0,2726353.0,1.014,94.42,62.18,多頭,頭頭高·底底高,,18,6,9,11.4,10,剛爆發,,False,True
CHD,Consumer Staples,Church & Dwight,2026-09-02,99.32,-3.62,3.62,-4.68,-2.34,0.333,1666295,1882963,1966720,-11.82,-8.17,-15.65,P-V-,P+V-,P-V-,➡️ 中性,28,20,16,23.2,,,,,,,,,,,,,,,,,,,,,,,,,,,,19,23,23,,23,,,False,False
SYY,Consumer Staples,Sysco,2026-09-02,81.76,-3.07,11.07,-9.04,-2.52,0.333,2521575,3256790,3968960,-29.93,-30.43,19.6,P-V-,P+V-,P-V+,➡️ 中性,24,12,21,19.8,1.24,-0.39,False,False,83.04,5.69,1.13,False,90.56,91.85,-9.72,-1.81,-2.91,8.0,12.0,2708425.0,2397008.0,0.667,2932500.0,2197920.0,2239213.0,1.31,77.3,44.21,收斂,頭頭低·底底高,,20,18,3,15.8,18,,,False,True
PG,Consumer Staples,Procter & Gamble,2026-09-02,147.64,0.46,5.63,-10.37,-3.66,0.667,9094410,9072806,9346569,8.24,-5.69,-0.58,P+V+,P+V-,P-V-,✨ 反彈初期,18,17,22,18.5,,,,,,,,,,,,,,,,,,,,,,,,,,,,21,23,23,,23,,,False,False
CL,Consumer Staples,Colgate-Palmolive,2026-09-02,90.1,-3.12,2.66,-8.03,-4.13,0.333,3923415,4782616,5318209,-18.25,-18.3,-17.47,P-V-,P+V-,P-V-,➡️ 中性,25,22,20,23.1,,,,,,,,,,,,,,,,,,,,,,,,,,,,22,23,23,,23,,,False,False
COST,Consumer Staples,Costco,2026-09-02,928.48,-2.18,-2.55,-7.86,-5.11,0.0,1740640,2186938,2094297,-21.9,9.26,-16.82,P-V-,P-V+,P-V-,➡️ 中性,21,26,19,22.1,,,,,,,,,,,,,,,,,,,,,,,,,,,,23,23,23,,23,,,False,False
MKC,Consumer Staples,McCormick & Company,2026-09-02,53.8,2.91,17.63,-22.9,-6.32,0.667,2306870,3734578,3969509,-33.74,-11.18,29.38,P+V-,P+V-,P-V+,➡️ 中性,9,7,31,12.8,14.8,10.66,False,True,52.62,5.96,0.926,False,71.13,72.41,-24.36,-2.36,2.4,12.0,8.0,2235658.0,2413687.0,1.5,1855800.0,2423720.0,2433486.0,0.763,89.2,50.14,擴散,頭頭高·底底低,,24,9,19,17.0,20,剛爆發,,False,True
TAP,Consumer Staples,Molson Coors Beverage Company,2026-09-02,40.54,-3.3,5.4,-14.41,-6.68,0.333,2597220,3051607,3076500,-14.08,-1.61,2.34,P-V-,P+V-,P-V+,➡️ 中性,27,18,26,24.1,,,,,,,,,,,,,,,,,,,,,,,,,,,,25,23,23,,23,,,False,False
PEP,Consumer Staples,PepsiCo,2026-09-02,140.52,1.5,-0.0,-15.6,-7.42,0.333,6408260,8401601,7466240,-25.43,28.64,-6.19,P+V-,P-V+,P-V-,➡️ 中性,15,24,28,20.3,-0.37,3.75,False,True,139.73,4.66,0.828,False,168.19,171.48,-16.45,-1.17,1.25,11.0,9.0,5860672.0,7077533.0,1.222,7054500.0,6759170.0,6516033.0,1.083,83.11,49.9,多頭,頭頭高·底底高,空轉多預警,26,16,8,18.4,21,剛爆發,,False,False
KR,Consumer Staples,Kroger,2026-09-02,58.22,2.27,-4.78,-13.65,-7.45,0.333,5875810,7594001,6876097,-18.43,23.32,0.72,P+V-,P-V+,P-V+,➡️ 中性,12,31,25,20.3,-0.83,6.47,True,True,57.4,7.17,0.997,False,75.66,76.58,-23.05,-0.5,3.42,10.0,10.0,5865540.0,5886080.0,1.0,4485900.0,5960200.0,5775806.0,0.777,84.29,54.08,收斂,頭頭低·底底高,,27,14,18,20.0,22,剛爆發,,False,False
TSN,Consumer Staples,Tyson Foods,2026-09-02,55.81,-3.77,-5.47,-12.59,-8.61,0.0,2668755,3285480,3112099,-17.48,11.8,5.95,P-V-,P-V+,P-V+,➡️ 中性,29,32,24,28.9,,,,,,,,,,,,,,,,,,,,,,,,,,,,28,23,23,,23,,,False,False
HRL,Consumer Staples,Hormel Foods,2026-09-02,22.05,-12.12,-4.44,-11.59,-9.93,0.0,5262305,4429993,4906149,48.95,-17.69,0.24,P-V+,P-V-,P-V+,➡️ 中性,33,29,23,29.8,,,,,,,,,,,,,,,,,,,,,,,,,,,,29,23,23,,23,剛爆發,,False,False
STZ,Consumer Staples,Constellation Brands,2026-09-02,129.35,-2.39,-4.67,-16.86,-10.2,0.0,1740190,2121267,2064107,-11.48,5.7,-23.35,P-V-,P-V+,P-V-,➡️ 中性,23,30,30,26.5,,,,,,,,,,,,,,,,,,,,,,,,,,,,30,23,23,,23,剛爆發,,False,False
WMT,Consumer Staples,Walmart,2026-09-02,106.09,-5.11,-5.94,-16.56,-11.04,0.0,27724490,24739463,22319506,29.56,24.32,-6.51,P-V+,P-V+,P-V-,➡️ 中性,30,33,29,30.7,,,,,,,,,,,,,,,,,,,,,,,,,,,,31,23,23,,23,剛爆發,,False,False
CLX,Consumer Staples,Clorox,2026-09-02,94.27,-9.69,6.41,-24.05,-12.85,0.333,2856705,2653758,2695600,6.78,-3.06,26.98,P-V+,P+V-,P-V+,➡️ 中性,32,16,33,27.4,,,,,,,,,,,,,,,,,,,,,,,,,,,,32,23,23,,23,剛爆發,,False,False
HSY,Consumer Staples,Hershey Company (The),2026-09-02,177.43,-2.29,-2.86,-23.73,-13.16,0.0,1130540,1789820,1839166,-36.46,-5.23,6.31,P-V-,P-V-,P-V+,😴 弱勢縮量,22,27,32,25.5,,,,,,,,,,,,,,,,,,,,,,,,,,,,33,23,23,,23,剛爆發,,False,False
MNST,Consumer Staples,Monster Beverage,2026-09-02,44.42,-52.97,-50.15,-48.74,-50.15,0.0,9486200,7277229,6417986,45.1,30.91,15.9,P-V+,P-V+,P-V+,📉 主力出貨,34,34,34,34.0,,,,,,,,,,,,,,,,,,,,,,,,,,,,34,23,23,,23,剛爆發,,False,False
MPC,Energy,Marathon Petroleum,2026-09-02,387.0,29.68,47.52,96.53,67.56,1.0,2566235,2375975,2499908,22.28,-9.45,20.33,P+V+,P+V-,P+V+,➡️ 中性,1,1,1,1.0,27.08,120.63,False,True,315.8,12.06,1.094,False,391.98,391.98,-1.27,6.83,30.33,15.0,5.0,2622460.0,2397560.0,3.0,2398000.0,2493180.0,2455246.0,0.977,100.0,77.65,多頭,頭頭高·底底高,多頭確認,1,1,8,2.4,2,,,False,True
VLO,Energy,Valero Energy,2026-09-02,366.09,20.83,42.3,80.44,56.0,1.0,2403015,2829010,3285954,-14.52,-24.42,13.73,P+V-,P+V-,P+V+,⚠️ 頂部背離,4,2,2,3.0,23.84,33.47,False,True,309.55,10.0,1.096,False,370.11,370.11,-1.09,5.19,21.07,13.0,7.0,2478938.0,2262014.0,1.857,2848600.0,2301800.0,2223580.0,1.281,100.0,73.57,空頭,頭頭低·底底低,多轉空預警 / 多頭確認,2,1,2,1.6,1,,,False,True
PSX,Energy,Phillips 66,2026-09-02,256.09,25.27,41.02,68.03,50.59,1.0,2802415,2689824,2907182,8.62,-13.91,18.88,P+V+,P+V-,P+V+,➡️ 中性,2,3,3,2.5,25.45,225.68,False,True,210.11,10.21,1.081,False,258.48,258.48,-0.92,5.72,27.1,14.0,6.0,2866728.0,2652350.0,2.333,2887400.0,2704760.0,2801420.0,1.031,100.0,77.05,多頭,頭頭高·底底高,空轉多預警 / 多頭確認,3,1,5,2.6,3,,,False,True
APA,Energy,APA Corporation,2026-09-02,44.7,22.37,19.05,49.21,34.96,1.0,5535445,5513107,6924757,5.35,-33.87,3.12,P+V+,P+V-,P+V+,➡️ 中性,3,4,4,3.5,1.01,20.9,False,True,37.34,10.85,0.934,False,45.13,45.66,-0.95,8.52,28.97,14.0,6.0,5420935.0,5802633.0,2.333,4267800.0,4923590.0,5129280.0,0.832,100.0,68.73,多頭,頭頭高·底底高,,4,1,14,4.8,5,,,False,True
COP,Energy,ConocoPhillips,2026-09-02,137.2,18.29,18.18,22.63,20.43,1.0,6872760,7070675,8278807,9.53,-25.47,14.29,P+V+,P+V-,P+V+,➡️ 中性,5,5,6,5.2,10.82,11.52,False,True,118.48,7.04,1.022,False,137.37,137.37,-0.12,5.05,20.06,14.0,6.0,6916485.0,6770733.0,2.333,6019800.0,6866470.0,6779160.0,0.888,100.0,71.23,多頭,頭頭高·底底高,空轉多預警 / 多頭確認,5,1,11,4.6,4,,,False,True
TRGP,Energy,Targa Resources,2026-09-02,293.46,9.41,11.98,25.66,18.18,1.0,1292100,1241043,1321460,12.51,-11.47,-9.69,P+V+,P+V-,P+V-,➡️ 中性,10,8,5,8.4,14.25,7.4,False,True,276.22,8.15,1.151,False,307.94,307.94,-4.7,-0.19,12.82,10.0,10.0,1382570.0,1201630.0,1.0,1081500.0,1349150.0,1336380.0,0.809,92.75,57.87,多頭,頭頭高·底底高,,6,16,17,12.2,15,吃老本,,False,True
EOG,Energy,EOG Resources,2026-09-02,148.96,9.37,8.29,21.88,15.35,1.0,2850375,3346372,3977915,-5.44,-27.4,-2.0,P+V-,P+V-,P+V-,⚠️ 量能衰竭,11,11,7,10.2,2.1,6.22,False,True,140.75,7.39,1.079,False,153.67,153.67,-3.07,2.84,10.97,12.0,8.0,2936791.0,2720750.0,1.5,3574500.0,2941740.0,2717213.0,1.316,99.11,57.56,多頭,頭頭高·底底高,空轉多預警,7,14,1,8.6,11,吃老本,,False,True
OKE,Energy,Oneok,2026-09-02,96.01,9.19,12.03,18.79,14.7,1.0,3486945,3661303,4176535,-6.52,-21.96,-0.53,P+V-,P+V-,P+V-,⚠️ 量能衰竭,12,7,9,9.9,5.64,-5.66,False,True,90.82,9.23,1.205,False,99.85,99.85,-3.85,1.17,10.05,12.0,8.0,3742050.0,3104287.0,1.5,3563900.0,3360060.0,3462326.0,1.029,100.0,60.92,多頭,頭頭高·底底高,空轉多預警,8,1,6,4.8,5,剛爆發,,False,True
CVX,Energy,Chevron Corporation,2026-09-02,211.78,12.89,13.9,15.43,14.42,1.0,7900695,8407543,10340284,5.72,-31.5,15.15,P+V+,P+V-,P+V+,➡️ 中性,9,6,11,8.5,8.84,45.56,False,True,188.38,7.32,1.112,False,212.79,214.71,-0.47,5.78,14.6,14.0,6.0,8146200.0,7327850.0,2.333,7595300.0,7808100.0,7776646.0,0.977,100.0,72.25,多頭,頭頭高·底底高,空轉多預警 / 多頭確認,9,1,8,5.6,7,剛爆發,,False,True
DVN,Energy,Devon Energy,2026-09-02,49.03,13.73,6.83,14.03,12.16,1.0,10215960,12157430,13992766,3.66,-23.19,62.13,P+V+,P+V-,P+V+,➡️ 中性,7,12,13,9.7,11.26,-4.91,False,True,44.58,7.39,1.338,False,52.34,52.71,-6.32,4.7,16.49,12.0,8.0,11363016.0,8495375.0,1.5,8496300.0,8725090.0,10193933.0,0.833,100.0,63.93,多頭,頭頭高·底底高,,10,1,13,7.0,9,剛爆發,,False,True
FANG,Energy,Diamondback Energy,2026-09-02,203.42,7.86,1.06,18.85,11.66,1.0,1740090,2212592,2692153,-11.77,-30.24,40.44,P+V-,P+V-,P+V+,⚠️ 頂部背離,16,18,8,15.0,8.32,12.78,False,True,193.7,9.96,1.095,False,216.9,216.9,-6.21,1.79,9.87,11.0,9.0,1810954.0,1653477.0,1.222,1592900.0,2049900.0,1842653.0,0.864,94.14,54.6,多頭,頭頭高·底底高,,11,15,12,12.8,16,,,False,True
SLB,Energy,Schlumberger,2026-09-02,58.13,13.37,3.85,14.41,11.51,1.0,11666820,13707946,15171149,-7.87,-17.59,-11.66,P+V-,P+V-,P+V-,⚠️ 量能衰竭,8,14,12,10.6,6.3,1.13,False,True,50.12,15.24,1.282,False,60.15,60.46,-3.35,9.01,17.07,13.0,6.0,12719092.0,9924483.0,2.167,14004200.0,14961640.0,12461820.0,1.124,100.0,65.55,多頭,頭頭高·底底高,多頭確認,12,1,4,6.0,8,剛爆發,,False,True
OXY,Energy,Occidental Petroleum,2026-09-02,60.91,8.69,3.56,15.83,10.98,1.0,7688325,8824709,12727440,-8.3,-46.94,20.8,P+V-,P+V-,P+V+,⚠️ 頂部背離,13,15,10,13.0,28.99,80.35,False,True,55.75,7.68,1.238,False,67.14,67.45,-9.28,3.91,13.19,12.0,8.0,8329566.0,6726462.0,1.5,5280500.0,6734500.0,7012613.0,0.753,100.0,61.86,多頭,頭頭高·底底高,,13,1,18,9.2,12,剛爆發,,False,True
XOM,Energy,ExxonMobil,2026-09-02,164.15,6.7,10.47,9.07,8.83,1.0,14064525,15457880,18265313,-1.61,-26.65,10.18,P+V-,P+V-,P+V+,⚠️ 頂部背離,17,9,14,14.0,13.26,15.14,False,True,151.31,8.24,1.024,False,174.09,176.41,-5.71,3.77,8.96,10.0,10.0,14232810.0,13896240.0,1.0,11287000.0,13799680.0,13615373.0,0.829,89.81,61.48,多頭,頭頭高·底底高,空轉多預警,14,17,15,15.4,18,,,False,True
HAL,Energy,Halliburton,2026-09-02,37.63,16.29,-5.39,5.97,5.71,0.667,10595915,11787316,13239906,-13.27,-19.77,4.62,P+V-,P-V-,P+V+,⚠️ 頂部背離,6,21,15,12.3,2.28,10.42,False,True,33.82,13.94,1.185,False,43.2,43.59,-12.9,9.77,18.81,12.0,8.0,11302208.0,9536475.0,1.5,11081500.0,12170810.0,11024640.0,1.005,100.0,68.05,收斂,頭頭低·底底高,空轉多預警 / 多頭確認,15,1,7,7.8,10,剛爆發,,False,True
WMB,Energy,Williams Companies,2026-09-02,75.16,4.74,6.18,2.06,3.76,1.0,6824410,7108975,6794768,-1.09,9.7,-4.69,P+V-,P+V+,P+V-,⚠️ 量能背離,18,13,16,16.1,0.25,16.43,False,True,73.48,9.18,1.123,False,79.49,80.08,-5.45,1.01,4.67,10.0,10.0,7219920.0,6428900.0,1.0,8804200.0,8334560.0,7448773.0,1.182,87.86,57.31,收斂,頭頭低·底底高,空轉多預警,16,18,3,14.2,17,,,False,True
EXE,Energy,Expand Energy,2026-09-02,99.32,8.65,9.15,-6.35,1.28,0.667,2497635,3514844,3522027,-38.06,-0.41,2.28,P+V-,P+V-,P-V+,➡️ 中性,14,10,19,13.8,19.09,5.37,False,True,92.06,6.57,1.204,False,124.43,126.62,-20.18,2.85,10.02,14.0,5.0,2636900.0,2190200.0,2.8,2057200.0,2670680.0,2494886.0,0.825,100.0,64.74,多頭,頭頭高·底底高,空轉多預警 / 多頭確認,17,1,16,10.4,13,剛爆發,,False,True
BKR,Energy,Baker Hughes,2026-09-02,64.63,3.37,0.51,-0.27,0.84,0.667,6307665,8203310,8755730,-30.86,-11.87,13.89,P+V-,P+V-,P-V+,➡️ 中性,20,19,17,19.1,,,,,,,,,,,,,,,,,,,,,,,,,,,,18,19,19,,19,,,False,False
KMI,Energy,Kinder Morgan,2026-09-02,31.97,2.21,2.64,-2.11,0.15,0.667,10421210,10118346,11339181,4.99,-19.44,-16.49,P+V+,P+V-,P-V-,✨ 反彈初期,21,16,18,18.9,,,,,,,,,,,,,,,,,,,,,,,,,,,,19,19,19,,19,,,False,False
EQT,Energy,EQT Corporation,2026-09-02,55.75,8.04,2.28,-8.69,-1.77,0.667,6206190,7145306,7572195,-17.83,-10.67,-13.43,P+V-,P+V-,P-V-,➡️ 中性,15,17,20,16.6,-3.31,11.22,False,True,52.42,7.16,0.99,False,67.84,68.24,-17.82,1.75,8.82,14.0,6.0,6187764.0,6249183.0,2.333,6188900.0,6325680.0,6369546.0,0.972,100.0,64.94,多頭,頭頭高·底底高,,20,1,10,10.4,13,剛爆發,,False,False
TPL,Energy,Texas Pacific Land Corporation,2026-09-02,367.32,3.45,-0.78,-29.64,-14.15,0.333,405640,384109,432139,44.62,-20.01,-1.39,P+V+,P-V-,P-V-,🌱 底部剛翻多,19,20,21,19.7,,,,,,,,,,,,,,,,,,,,,,,,,,,,21,19,19,,19,,,False,False
HOOD,Financials,Robinhood Markets,2026-09-02,106.99,17.95,21.36,41.05,30.35,1.0,18378625,24475741,26895180,-12.49,-16.51,-15.5,P+V-,P+V-,P+V-,⚠️ 量能衰竭,2,13,3,5.5,43.71,-1.98,False,True,101.33,17.79,1.162,False,153.86,153.86,-30.46,-1.43,15.29,11.0,9.0,19605754.0,16878800.0,1.222,16848800.0,22177540.0,20180846.0,0.835,97.26,56.53,空頭,頭頭低·底底低,多轉空預警,1,2,24,6.0,2,,,False,True
STT,Financials,State Street Corporation,2026-09-02,190.04,2.77,19.53,49.48,30.32,1.0,1312995,2077466,2106570,-43.88,-2.73,7.04,P+V-,P+V-,P+V+,⚠️ 頂部背離,17,18,1,14.1,9.21,7.46,False,True,183.38,6.81,0.961,False,195.93,195.93,-3.01,-1.85,1.6,10.0,10.0,1287000.0,1338990.0,1.0,1126400.0,1261340.0,1291193.0,0.872,82.04,54.29,多頭,頭頭高·底底高,,2,20,23,13.4,9,吃老本,,False,True
FDS,Financials,FactSet,2026-09-02,306.07,11.89,20.09,42.39,29.19,1.0,812260,930072,942018,-9.88,-2.5,10.63,P+V-,P+V-,P+V+,⚠️ 頂部背離,3,16,2,6.7,1.76,1.89,False,True,268.04,8.52,0.91,False,370.44,377.07,-17.38,3.98,10.5,10.0,10.0,774020.0,850500.0,1.0,524100.0,912600.0,854000.0,0.614,88.82,62.39,多頭,頭頭高·底底高,多頭確認,3,8,33,11.0,5,,,False,True
BNY,Financials,BNY Mellon,2026-09-02,162.04,2.03,15.15,37.14,22.86,1.0,2496440,3489827,3591306,-34.1,-5.5,2.75,P+V-,P+V-,P+V+,⚠️ 頂部背離,23,29,4,21.0,10.7,16.54,False,True,156.31,4.33,0.826,False,165.69,165.69,-2.2,-0.64,2.08,11.0,9.0,2279945.0,2761044.0,1.222,3170800.0,2757700.0,2541293.0,1.248,83.78,56.1,多頭,頭頭高·底底高,,4,14,5,8.2,4,吃老本,,False,True
MET,Financials,MetLife,2026-09-02,96.42,-3.53,17.14,35.65,21.23,0.667,2905730,3644241,3662782,-27.8,-1.01,3.54,P-V-,P+V-,P+V+,➡️ 中性,53,24,5,34.7,6.16,6.65,False,True,93.47,4.26,1.023,False,100.93,100.93,-4.47,-0.1,0.17,9.0,11.0,2942544.0,2875609.0,0.818,2885100.0,2993090.0,2806226.0,1.028,80.24,54.73,擴散,頭頭高·底底低,,5,24,15,14.6,10,吃老本,,False,True
CPAY,Financials,Corpay,2026-09-02,416.4,4.55,15.72,28.08,19.11,1.0,461865,591496,593768,-16.42,-0.76,2.69,P+V-,P+V-,P+V+,⚠️ 頂部背離,10,28,9,15.2,6.3,6.03,False,True,381.11,4.62,1.079,False,425.95,425.95,-2.24,2.33,5.54,11.0,9.0,477590.0,442644.0,1.222,494500.0,421020.0,421480.0,1.173,91.47,61.91,多頭,頭頭高·底底高,空轉多預警,6,5,7,5.8,1,,,False,True
GPN,Financials,Global Payments,2026-09-02,92.81,5.84,25.85,22.25,19.05,1.0,2872350,3543060,3454449,-10.43,5.27,24.16,P+V-,P+V+,P+V+,⚠️ 頂部背離,6,5,21,8.7,0.63,5.43,False,True,83.66,6.65,1.159,False,95.88,95.88,-3.2,-0.16,6.09,9.0,11.0,3106144.0,2681063.0,0.818,1968200.0,2670580.0,2632406.0,0.748,86.14,60.17,多頭,頭頭高·底底高,,7,11,30,13.2,8,,,False,True
XYZ,Financials,"Block, Inc.",2026-09-02,82.46,4.35,11.21,29.45,18.62,1.0,4786540,5248695,6150495,-0.06,-25.57,-13.47,P+V-,P+V-,P+V-,⚠️ 量能衰竭,11,39,7,18.6,16.71,25.55,False,True,80.01,12.14,0.938,False,86.92,86.92,-5.13,-0.77,-2.07,8.0,12.0,4603600.0,4908500.0,0.667,5975700.0,4634700.0,4400313.0,1.358,74.86,53.09,多頭,頭頭高·底底高,,8,31,3,16.2,13,吃老本,,False,True
BAC,Financials,Bank of America,2026-09-02,62.6,-0.63,19.9,26.99,18.31,0.667,28586585,33348893,35945233,-13.96,-13.47,-3.55,P-V-,P+V-,P+V-,➡️ 中性,36,17,12,25.5,7.74,8.78,False,True,61.42,3.95,0.811,False,65.23,65.23,-4.03,0.59,-1.03,11.0,9.0,25877872.0,31897233.0,1.222,28433700.0,32158750.0,30063186.0,0.946,82.15,52.86,多頭,頭頭高·底底高,空轉多預警,9,19,19,15.0,11,吃老本,,False,True
BX,Financials,Blackstone Inc.,2026-09-02,136.82,2.53,20.28,23.05,17.22,1.0,3656305,4776276,6217900,-28.06,-37.64,31.84,P+V-,P+V-,P+V+,⚠️ 頂部背離,18,15,18,17.1,13.71,1.69,False,True,130.99,6.87,1.045,False,182.68,190.09,-25.1,-4.46,0.58,11.0,9.0,3727945.0,3568744.0,1.222,2405100.0,3012380.0,3229233.0,0.745,85.18,47.38,多頭,頭頭高·底底高,空頭確認,10,13,31,15.4,12,,,False,True
NTRS,Financials,Northern Trust,2026-09-02,183.98,-0.09,8.86,29.9,17.14,0.667,1007570,1064910,1089768,-10.07,-4.46,2.17,P-V-,P+V-,P+V+,➡️ 中性,33,49,6,32.4,-8.35,16.14,False,True,183.34,3.8,1.071,False,195.78,195.78,-6.03,-1.96,-0.22,11.0,9.0,1038627.0,969611.0,1.222,909200.0,951530.0,907993.0,1.001,86.16,47.52,多頭,頭頭高·底底高,,11,10,16,11.6,6,,,False,False
PRU,Financials,Prudential Financial,2026-09-02,119.84,-0.23,18.01,24.9,16.9,0.667,1600900,1833664,2049848,-20.08,-19.08,13.81,P-V-,P+V-,P+V+,➡️ 中性,34,23,15,26.9,15.98,16.48,False,True,117.29,4.21,0.976,False,126.26,127.72,-5.09,-0.33,0.89,11.0,9.0,1583445.0,1622233.0,1.222,1525800.0,1692370.0,1543120.0,0.989,85.81,51.86,收斂,頭頭低·底底高,多轉空預警,12,12,17,13.0,7,,,False,True
AJG,Financials,Arthur J. Gallagher & Co.,2026-09-02,264.46,5.05,28.95,16.63,16.82,1.0,1356260,1611667,1803203,-1.28,-19.2,-3.22,P+V-,P+V-,P+V-,⚠️ 量能衰竭,9,2,34,11.9,0.94,0.98,False,True,251.87,6.68,1.1,False,310.73,313.55,-14.89,-0.22,5.35,11.0,9.0,1414336.0,1285277.0,1.222,1847900.0,1470350.0,1353673.0,1.365,90.71,56.97,擴散,頭頭高·底底低,,13,6,2,8.0,3,剛爆發,,False,True
ALL,Financials,Allstate,2026-09-02,259.34,-5.34,23.74,22.65,15.93,0.667,1678330,1724064,1613893,6.52,14.65,3.26,P-V+,P+V+,P+V+,⚠️ 中期出貨,70,9,19,41.5,48.03,47.01,False,True,254.56,3.89,0.706,False,276.07,277.22,-6.06,-0.53,-1.58,10.0,10.0,1388850.0,1967810.0,1.0,1085600.0,1478490.0,1448540.0,0.749,76.19,52.36,空頭,頭頭低·底底低,,14,29,29,23.0,19,吃老本,,False,True
APO,Financials,Apollo Global Management,2026-09-02,132.29,3.8,3.18,27.54,15.51,1.0,3162230,4001421,4427631,-22.53,-17.56,18.84,P+V-,P+V-,P+V+,⚠️ 頂部背離,12,68,10,28.4,-2.21,2.92,False,True,126.09,5.96,0.804,False,151.39,153.29,-12.61,-1.03,2.4,10.0,10.0,2819060.0,3505400.0,1.0,2116300.0,2508890.0,2779840.0,0.761,80.1,51.38,多頭,頭頭高·底底高,,15,25,28,21.6,18,吃老本,,False,False
IVZ,Financials,Invesco,2026-09-02,31.72,0.76,15.78,22.55,15.41,1.0,3898615,4905056,5210231,-25.52,-11.07,0.17,P+V-,P+V-,P+V+,⚠️ 頂部背離,29,27,20,26.6,,,,,,,,,,,,,,,,,,,,,,,,,,,,16,36,36,,36,吃老本,,False,False
ARES,Financials,Ares Management,2026-09-02,138.06,-0.08,8.71,26.19,15.25,0.667,1916805,2276246,2917425,-16.03,-36.04,2.55,P-V-,P+V-,P+V+,➡️ 中性,32,50,13,33.6,1.44,-6.57,False,True,129.93,5.96,1.313,False,181.32,186.85,-23.86,-2.76,-1.22,9.0,11.0,2205966.0,1680218.0,0.818,1534700.0,1773430.0,1893780.0,0.81,83.41,50.12,多頭,頭頭高·底底高,,17,15,25,17.8,14,,,False,True
AIZ,Financials,Assurant,2026-09-02,284.07,-3.86,15.07,24.54,15.07,0.667,339515,383156,387513,-9.2,-2.22,9.46,P-V-,P+V-,P+V+,➡️ 中性,60,30,16,42.2,,,,,,,,,,,,,,,,,,,,,,,,,,,,18,36,36,,36,吃老本,,False,False
TRV,Financials,Travelers Companies (The),2026-09-02,366.18,-5.13,25.99,19.57,15.0,0.667,1556925,1932176,1684497,-28.7,34.48,19.77,P-V-,P+V+,P+V+,➡️ 中性,68,4,25,40.2,86.12,8.93,False,True,361.05,3.99,0.865,False,398.7,398.7,-8.16,-1.34,-4.25,8.0,12.0,1423675.0,1645758.0,0.667,1187600.0,1434870.0,1530293.0,0.776,72.05,49.33,收斂,頭頭低·底底高,多轉空預警,19,33,27,26.2,26,吃老本,,False,True
KKR,Financials,KKR & Co.,2026-09-02,106.43,3.18,12.9,21.85,14.95,1.0,4595195,4493978,5327555,14.9,-27.06,4.63,P+V+,P+V-,P+V+,➡️ 中性,15,33,22,21.8,14.23,10.28,False,True,101.81,5.69,0.943,False,151.01,152.1,-29.52,-1.91,0.93,10.0,10.0,4461190.0,4729200.0,1.0,4368500.0,3100560.0,3994620.0,1.094,81.3,50.21,多頭,頭頭高·底底高,,20,22,11,19.0,15,,,False,True
AMP,Financials,Ameriprise Financial,2026-09-02,551.85,-1.42,24.29,18.18,14.81,0.667,379550,583438,629329,-34.38,-13.59,3.52,P-V-,P+V-,P+V+,➡️ 中性,42,7,31,29.3,2.37,10.25,False,True,530.34,4.18,0.928,False,572.56,572.56,-3.62,-1.5,-1.64,10.0,10.0,365280.0,393820.0,1.0,495300.0,381240.0,372620.0,1.329,79.65,52.1,多頭,頭頭高·底底高,,21,26,4,19.6,16,,,False,True
BEN,Financials,Franklin Resources,2026-09-02,33.01,-2.91,7.14,27.46,14.79,0.667,3084460,4298540,4672547,-38.9,-14.82,1.41,P-V-,P+V-,P+V+,➡️ 中性,52,56,11,45.0,8.28,28.64,False,False,33.63,7.47,0.993,False,36.28,36.28,-9.01,-5.71,-5.47,6.0,13.0,3078683.0,3099069.0,0.462,3445000.0,3107060.0,2952873.0,1.167,68.74,40.36,多頭,頭頭高·底底高,空轉多預警 / 空頭確認,22,35,8,24.4,22,吃老本,,False,True
V,Financials,Visa Inc.,2026-09-02,378.4,2.33,19.47,18.66,14.78,1.0,6701855,7823609,7629925,-7.21,5.21,12.37,P+V-,P+V+,P+V+,⚠️ 頂部背離,20,19,28,21.3,,,,,,,,,,,,,,,,,,,,,,,,,,,,23,36,36,,36,吃老本,,False,False
JPM,Financials,JPMorgan Chase,2026-09-02,356.22,-0.02,18.89,19.77,14.6,0.667,5461535,8283601,8870117,-36.95,-12.4,-4.6,P-V-,P+V-,P+V-,➡️ 中性,31,20,24,26.3,,,,,,,,,,,,,,,,,,,,,,,,,,,,24,36,36,,36,吃老本,,False,False
MS,Financials,Morgan Stanley,2026-09-02,211.82,-0.9,-0.93,28.6,13.84,0.333,3878725,5431395,5908399,-36.75,-14.94,-2.23,P-V-,P-V-,P+V-,⚠️ 主升段結束,39,73,8,43.0,17.94,13.66,False,False,215.09,4.7,1.018,False,230.98,232.25,-8.29,-1.06,-2.96,8.0,12.0,3919962.0,3851233.0,0.667,3615800.0,3929290.0,3826366.0,0.945,75.62,46.09,收斂,頭頭低·底底高,多轉空預警 / 空轉多預警,25,30,20,26.0,25,,,False,True
IBKR,Financials,Interactive Brokers,2026-09-02,89.12,3.7,0.54,25.43,13.77,1.0,4248935,4574921,4767873,-2.83,-7.78,-12.86,P+V-,P+V-,P+V-,⚠️ 量能衰竭,14,71,14,31.1,7.98,0.1,False,False,91.91,10.77,1.217,False,98.66,98.75,-9.67,-8.06,0.52,8.0,12.0,4757825.0,3909675.0,0.667,4383100.0,4226830.0,3834760.0,1.143,78.38,43.82,擴散,頭頭高·底底低,,26,27,9,23.0,19,,,False,True
WTW,Financials,Willis Towers Watson,2026-09-02,337.73,-0.67,32.19,11.44,13.6,0.667,481415,598570,655543,-17.38,-15.99,-4.61,P-V-,P+V-,P+V-,➡️ 中性,37,1,43,27.4,7.78,1.8,False,True,312.8,5.33,0.755,False,351.51,352.79,-3.92,-1.57,-0.1,9.0,11.0,408666.0,540936.0,0.818,270100.0,434310.0,489526.0,0.552,74.8,55.94,多頭,頭頭高·底底高,,27,32,34,30.4,33,,,False,True
MA,Financials,Mastercard,2026-09-02,588.14,2.12,23.33,14.1,13.41,1.0,2846210,3428260,3474270,-5.78,-2.61,11.17,P+V-,P+V-,P+V+,⚠️ 頂部背離,22,10,40,22.0,5.53,4.23,False,True,553.91,4.99,0.849,False,601.23,601.62,-2.18,-1.73,3.1,10.0,10.0,2613560.0,3078860.0,1.0,2290400.0,2824870.0,2845626.0,0.805,81.02,59.57,多頭,頭頭高·底底高,,28,23,26,25.6,24,,,False,True
SCHW,Financials,Charles Schwab Corporation,2026-09-02,108.24,0.83,23.91,14.44,13.4,1.0,7305500,9315647,9980893,-12.4,-12.5,2.78,P+V-,P+V-,P+V+,⚠️ 頂部背離,28,8,37,23.8,4.55,2.48,False,True,104.08,7.43,1.003,False,114.53,114.53,-5.49,-1.05,0.5,8.0,12.0,7319087.0,7296441.0,0.667,7159300.0,8526640.0,7749813.0,0.924,77.43,51.11,多頭,頭頭高·底底高,,29,28,21,27.0,27,,,False,True
PYPL,Financials,PayPal,2026-09-02,54.67,-8.55,23.18,19.06,13.19,0.667,12006130,15919318,15791435,-36.49,1.63,-16.11,P-V-,P+V+,P+V-,➡️ 中性,76,11,26,46.5,8.03,5.59,False,True,54.49,18.5,0.799,False,78.53,79.21,-30.39,-11.55,-5.63,9.0,10.0,10849566.0,13576940.0,0.9,15056400.0,14444280.0,13223586.0,1.139,69.49,41.48,多頭,頭頭高·底底高,空頭確認,30,34,10,27.6,29,,,False,True
RJF,Financials,Raymond James Financial,2026-09-02,175.95,-1.88,20.33,15.78,12.5,0.667,1054700,1292389,1348143,-15.67,-7.94,6.76,P-V-,P+V-,P+V+,➡️ 中性,44,14,36,33.4,7.84,0.54,False,True,171.19,6.12,1.351,False,182.73,182.73,-3.71,-0.42,-2.55,8.0,12.0,1249300.0,924966.0,0.667,1568500.0,1262820.0,1137746.0,1.379,81.94,51.15,多頭,頭頭高·底底高,,31,21,1,21.0,17,剛爆發,,False,True
C,Financials,Citigroup,2026-09-02,134.34,0.39,2.87,23.12,12.37,1.0,8278295,11679838,12422383,-34.92,-11.28,-8.32,P+V-,P+V-,P+V-,⚠️ 量能衰竭,30,69,17,39.1,,,,,,,,,,,,,,,,,,,,,,,,,,,,32,36,36,,36,,,False,False
EG,Financials,Everest Group,2026-09-02,378.28,2.14,18.63,14.14,12.26,1.0,276600,387633,364856,-26.9,13.32,-5.21,P+V-,P+V+,P+V-,⚠️ 量能背離,21,21,39,24.6,,,,,,,,,,,,,,,,,,,,,,,,,,,,33,36,36,,36,,,False,False
USB,Financials,U.S. Bancorp,2026-09-02,62.77,-1.63,15.95,17.02,12.09,0.667,5906430,8179244,8839326,-30.51,-13.9,-9.24,P-V-,P+V-,P+V-,➡️ 中性,43,26,33,35.9,,,,,,,,,,,,,,,,,,,,,,,,,,,,34,36,36,,36,,,False,False
GL,Financials,Globe Life,2026-09-02,173.34,-6.82,14.97,19.83,11.95,0.667,490225,622355,574097,-28.82,18.35,8.5,P-V-,P+V+,P+V+,➡️ 中性,73,31,23,50.4,,,,,,,,,,,,,,,,,,,,,,,,,,,,35,36,36,,36,,,False,False
CFG,Financials,Citizens Financial Group,2026-09-02,69.78,-3.66,12.72,17.53,11.03,0.667,3005345,4198324,4450400,-32.91,-10.72,-6.45,P-V-,P+V-,P+V-,➡️ 中性,55,34,32,44.1,,,,,,,,,,,,,,,,,,,,,,,,,,,,36,36,36,,36,,,False,False
PFG,Financials,Principal Financial Group,2026-09-02,111.31,-3.55,7.74,18.64,10.37,0.667,984060,1353472,1399089,-41.86,-6.32,2.77,P-V-,P+V-,P+V+,➡️ 中性,54,54,29,49.0,,,,,,,,,,,,,,,,,,,,,,,,,,,,37,36,36,,36,,,False,False
COF,Financials,Capital One,2026-09-02,216.6,-1.2,18.24,11.58,10.05,0.667,2974145,4176315,4517050,-32.43,-14.03,7.42,P-V-,P+V-,P+V+,➡️ 中性,41,22,42,35.5,,,,,,,,,,,,,,,,,,,,,,,,,,,,38,36,36,,36,,,False,False
TROW,Financials,T. Rowe Price,2026-09-02,109.38,-3.73,6.12,18.72,9.95,0.667,1372895,1955176,2143948,-36.33,-16.18,20.96,P-V-,P+V-,P+V+,➡️ 中性,59,60,27,52.9,,,,,,,,,,,,,,,,,,,,,,,,,,,,39,36,36,,36,,,False,False
SYF,Financials,Synchrony Financial,2026-09-02,78.39,-0.36,10.93,14.38,9.83,0.667,3170000,3590916,3762091,-19.89,-8.7,-1.92,P-V-,P+V-,P+V-,➡️ 中性,35,40,38,37.1,,,,,,,,,,,,,,,,,,,,,,,,,,,,40,36,36,,36,,,False,False
PNC,Financials,PNC Financial Services,2026-09-02,242.46,-4.08,10.59,15.97,9.61,0.667,1431680,1950827,2092856,-26.6,-12.71,-2.04,P-V-,P+V-,P+V-,➡️ 中性,62,41,35,50.3,,,,,,,,,,,,,,,,,,,,,,,,,,,,41,36,36,,36,,,False,False
WFC,Financials,Wells Fargo,2026-09-02,89.27,2.5,13.02,10.86,9.31,1.0,12372105,14815256,16258506,-26.99,-16.31,9.13,P+V-,P+V-,P+V+,⚠️ 頂部背離,19,32,44,27.9,,,,,,,,,,,,,,,,,,,,,,,,,,,,42,36,36,,36,剛爆發,,False,False
JKHY,Financials,Jack Henry & Associates,2026-09-02,167.03,6.43,22.79,3.65,9.13,1.0,976005,1274223,1232091,-7.85,7.08,28.97,P+V-,P+V+,P+V+,⚠️ 頂部背離,5,12,56,17.3,6.4,10.37,False,True,153.61,7.34,1.347,False,191.83,193.39,-12.93,-3.11,8.22,10.0,10.0,1120150.0,831860.0,1.0,889600.0,939940.0,1016526.0,0.875,92.25,59.99,多頭,頭頭高·底底高,,43,4,22,23.2,21,剛爆發,,False,True
BRO,Financials,Brown & Brown,2026-09-02,72.04,1.44,27.6,0.83,7.68,1.0,1682285,2589318,2924561,-42.1,-20.57,0.0,P+V-,P+V-,P+V+,⚠️ 頂部背離,26,3,60,25.9,-0.39,2.3,False,True,69.5,5.41,0.977,False,95.63,96.55,-24.66,-1.02,1.77,10.0,10.0,1662700.0,1701870.0,1.0,1715200.0,1529460.0,1635760.0,1.049,82.75,53.61,收斂,頭頭低·底底高,多轉空預警,44,18,13,27.4,28,剛爆發,,False,False
NDAQ,Financials,"Nasdaq, Inc.",2026-09-02,95.72,1.08,9.27,10.03,7.6,1.0,2666330,3879450,3573495,-33.17,18.73,-7.08,P+V-,P+V+,P+V-,⚠️ 量能背離,27,43,47,35.8,,,,,,,,,,,,,,,,,,,,,,,,,,,,45,36,36,,36,剛爆發,,False,False
GS,Financials,Goldman Sachs,2026-09-02,1004.42,-2.25,-5.19,18.56,7.42,0.333,1814885,2090330,2143366,-12.29,-4.83,2.0,P-V-,P-V-,P+V+,😴 弱勢縮量,47,74,30,51.7,,,,,,,,,,,,,,,,,,,,,,,,,,,,46,36,36,,36,剛爆發,,False,False
FITB,Financials,Fifth Third Bancorp,2026-09-02,54.4,-4.49,8.9,11.75,6.97,0.667,4889260,6407246,7217310,-20.53,-20.18,-17.52,P-V-,P+V-,P+V-,➡️ 中性,65,48,41,55.1,,,,,,,,,,,,,,,,,,,,,,,,,,,,47,36,36,,36,剛爆發,,False,False
RF,Financials,Regions Financial Corporation,2026-09-02,29.93,-3.68,7.86,10.73,6.41,0.667,7150495,9553570,10977936,-31.67,-22.97,-43.23,P-V-,P+V-,P+V-,➡️ 中性,56,53,46,53.1,,,,,,,,,,,,,,,,,,,,,,,,,,,,48,36,36,,36,剛爆發,,False,False
MTB,Financials,M&T Bank,2026-09-02,235.48,-5.25,9.07,10.76,6.33,0.667,899350,1094729,1092135,-26.76,0.48,-2.53,P-V-,P+V+,P+V-,➡️ 中性,69,46,45,57.3,,,,,,,,,,,,,,,,,,,,,,,,,,,,49,36,36,,36,剛爆發,,False,False
SPGI,Financials,S&P Global,2026-09-02,431.71,6.77,9.55,3.74,5.95,1.0,1801805,2202128,2184001,-9.72,1.67,6.91,P+V-,P+V+,P+V+,⚠️ 頂部背離,4,42,54,25.4,-2.94,3.18,False,True,422.78,7.35,1.113,False,518.88,522.47,-16.8,-1.1,5.52,11.0,9.0,1887772.0,1696733.0,1.222,2025000.0,1916290.0,1877900.0,1.078,90.68,53.54,多頭,頭頭高·底底高,空轉多預警,50,7,12,25.2,23,剛爆發,,False,False
PGR,Financials,Progressive Corporation,2026-09-02,221.38,2.8,12.53,3.71,5.69,1.0,2225810,2953530,2968508,-23.8,-1.0,-11.73,P+V-,P+V-,P+V-,⚠️ 量能衰竭,16,35,55,29.5,,,,,,,,,,,,,,,,,,,,,,,,,,,,51,36,36,,36,剛爆發,,False,False
ERIE,Financials,Erie Indemnity,2026-09-02,258.41,1.71,25.22,-2.99,5.24,0.667,317075,283061,255731,1.98,23.93,57.51,P+V+,P+V+,P-V+,🚀 健康多頭,25,6,70,28.3,2.92,-5.26,False,True,245.24,7.99,0.493,False,334.62,341.71,-22.78,0.44,3.04,12.0,8.0,224733.0,455587.0,1.5,218200.0,411380.0,346973.0,0.629,83.13,54.61,擴散,頭頭高·底底低,,52,16,32,33.6,34,剛爆發,,False,True
COIN,Financials,Coinbase,2026-09-02,174.96,20.32,0.56,-0.51,4.97,0.667,9564585,8561458,9666763,25.68,-20.52,-3.97,P+V+,P+V-,P-V-,✨ 反彈初期,1,70,63,34.1,-487.47,-3458.88,False,True,161.45,15.25,1.53,False,402.16,402.16,-56.49,-3.75,16.73,10.0,10.0,11568710.0,7560460.0,1.0,5264100.0,11400290.0,10546893.0,0.499,100.0,53.31,收斂,頭頭低·底底高,多轉空預警 / 空轉多預警 / 多頭確認,53,1,35,28.6,31,剛爆發,,False,True
MCO,Financials,Moody's Corporation,2026-09-02,490.0,3.78,8.25,3.28,4.65,1.0,710405,891076,1036843,-18.25,-24.65,8.34,P+V-,P+V-,P+V+,⚠️ 頂部背離,13,52,57,33.5,10.0,2.58,False,True,486.32,7.17,0.933,False,543.25,546.88,-9.8,-4.77,1.46,12.0,8.0,690508.0,740250.0,1.5,661700.0,708100.0,689606.0,0.96,87.79,47.65,多頭,頭頭高·底底高,空轉多預警,54,9,18,28.8,32,剛爆發,,False,True
BLK,Financials,BlackRock,2026-09-02,1107.08,-1.97,9.26,5.29,4.47,0.667,571520,747612,768106,-29.73,-5.2,17.72,P-V-,P+V-,P+V+,➡️ 中性,45,44,51,45.9,,,,,,,,,,,,,,,,,,,,,,,,,,,,55,36,36,,36,剛爆發,,False,False
AXP,Financials,American Express,2026-09-02,329.98,-3.68,6.4,7.46,4.41,0.667,2303075,2879130,3199458,-25.13,-18.2,14.6,P-V-,P+V-,P+V+,➡️ 中性,56,59,49,55.5,,,,,,,,,,,,,,,,,,,,,,,,,,,,56,36,36,,36,剛爆發,,False,False
MRSH,Financials,Marsh McLennan,2026-09-02,187.84,-2.82,17.05,1.68,4.4,0.667,1919810,2474806,2731861,-30.47,-17.2,-1.99,P-V-,P+V-,P+V-,➡️ 中性,50,25,59,44.3,,,,,,,,,,,,,,,,,,,,,,,,,,,,57,36,36,,36,剛爆發,,False,False
KEY,Financials,KeyCorp,2026-09-02,21.8,-2.87,3.91,8.23,4.37,0.667,9054575,10873810,12272294,-15.91,-20.46,-38.93,P-V-,P+V-,P+V-,➡️ 中性,51,64,48,54.3,,,,,,,,,,,,,,,,,,,,,,,,,,,,58,36,36,,36,剛爆發,,False,False
CINF,Financials,Cincinnati Financial,2026-09-02,171.69,-4.11,9.26,5.9,4.24,0.667,441620,767920,758265,-53.43,2.58,32.52,P-V-,P+V+,P+V+,➡️ 中性,63,44,50,54.7,,,,,,,,,,,,,,,,,,,,,,,,,,,,59,36,36,,36,剛爆發,,False,False
TFC,Financials,Truist Financial,2026-09-02,50.81,-2.43,6.64,5.16,3.63,0.667,5766645,8376950,8604190,-28.18,-5.15,0.7,P-V-,P+V-,P+V+,➡️ 中性,48,58,52,51.8,,,,,,,,,,,,,,,,,,,,,,,,,,,,60,36,36,,36,剛爆發,,False,False
ICE,Financials,Intercontinental Exchange,2026-09-02,157.85,5.41,11.28,-3.16,2.59,0.667,3215065,4381695,3874255,-23.64,30.14,5.82,P+V-,P+V+,P-V+,➡️ 中性,7,38,71,29.1,3.36,3.86,False,True,146.52,4.46,1.065,False,174.83,176.59,-9.71,-2.51,5.35,12.0,8.0,3295316.0,3094687.0,1.5,3192900.0,3208010.0,3072966.0,1.039,93.34,56.99,收斂,頭頭低·底底高,空轉多預警,61,3,14,28.4,30,剛爆發,🎯 潛在暴漲,False,True
ACGL,Financials,Arch Capital Group,2026-09-02,98.21,-1.09,12.09,-1.94,1.78,0.333,1852175,2011606,2085893,-0.7,-6.88,-2.77,P-V-,P+V-,P-V-,➡️ 中性,40,36,69,44.6,,,,,,,,,,,,,,,,,,,,,,,,,,,,62,36,36,,36,剛爆發,,False,False
HBAN,Financials,Huntington Bancshares,2026-09-02,16.88,-2.76,4.94,2.41,1.75,0.667,21238695,23427235,23843600,-19.25,-3.43,-24.02,P-V-,P+V-,P+V-,➡️ 中性,49,62,58,54.7,,,,,,,,,,,,,,,,,,,,,,,,,,,,63,36,36,,36,剛爆發,,False,False
AFL,Financials,Aflac,2026-09-02,117.24,-6.97,3.7,4.88,1.62,0.667,2177660,2314856,2355745,10.64,-3.41,1.77,P-V+,P+V-,P+V+,⚠️ 中期出貨,74,67,53,67.7,,,,,,,,,,,,,,,,,,,,,,,,,,,,64,36,36,,36,剛爆發,,False,False
CBOE,Financials,Cboe Global Markets,2026-09-02,294.12,1.99,7.02,-1.39,1.56,0.667,973435,1410669,1186110,-12.11,46.71,48.11,P+V-,P+V+,P-V+,➡️ 中性,24,57,68,42.7,,,,,,,,,,,,,,,,,,,,,,,,,,,,65,36,36,,36,剛爆發,,False,False
CB,Financials,Chubb Limited,2026-09-02,339.42,-4.13,9.03,0.18,1.32,0.667,1608740,1789878,1733794,-21.2,6.69,-1.9,P-V-,P+V+,P+V-,➡️ 中性,64,47,61,58.3,,,,,,,,,,,,,,,,,,,,,,,,,,,,66,36,36,,36,剛爆發,,False,False
BRK-B,Financials,Berkshire Hathaway,2026-09-02,505.24,-3.69,7.15,0.06,0.89,0.667,4270455,4679223,4810942,4.22,-5.33,4.25,P-V+,P+V-,P+V+,⚠️ 中期出貨,58,55,62,57.9,,,,,,,,,,,,,,,,,,,,,,,,,,,,67,36,36,,36,剛爆發,,False,False
HIG,Financials,Hartford (The),2026-09-02,137.21,-4.64,8.37,-1.26,0.3,0.333,1293245,1655576,1619544,-24.31,4.55,7.89,P-V-,P+V+,P-V+,➡️ 中性,66,51,67,61.7,,,,,,,,,,,,,,,,,,,,,,,,,,,,68,36,36,,36,剛爆發,,False,False
L,Financials,Loews Corporation,2026-09-02,108.94,-6.02,3.88,-0.87,-0.97,0.333,662635,798453,773940,-14.39,6.54,-0.98,P-V-,P+V+,P-V-,➡️ 中性,72,65,64,68.3,,,,,,,,,,,,,,,,,,,,,,,,,,,,69,36,36,,36,剛爆發,,False,False
CME,Financials,CME Group,2026-09-02,277.77,5.09,11.45,-10.52,-1.13,0.667,1893130,3053490,2746433,-26.13,25.18,38.35,P+V-,P+V+,P-V+,➡️ 中性,8,37,74,29.9,2.75,-0.25,False,True,256.31,8.39,0.875,False,319.82,329.16,-13.15,-1.14,4.91,10.0,10.0,1766490.0,2019770.0,1.0,2466200.0,2029080.0,2015480.0,1.224,82.79,58.01,收斂,頭頭低·底底高,空轉多預警 / 多頭確認,70,17,6,36.0,35,剛爆發,🎯 潛在暴漲,False,True
AON,Financials,Aon plc,2026-09-02,330.88,-8.28,4.33,-0.88,-1.43,0.333,964270,1414146,1418670,-33.16,-0.64,14.72,P-V-,P+V-,P-V+,➡️ 中性,75,63,65,69.4,,,,,,,,,,,,,,,,,,,,,,,,,,,,71,36,36,,36,剛爆發,,False,False
WRB,Financials,W. R. Berkley Corporation,2026-09-02,68.12,-5.56,5.45,-4.14,-2.09,0.333,1557585,1924481,2066549,-25.44,-12.86,-20.23,P-V-,P+V-,P-V-,➡️ 中性,71,61,72,68.2,,,,,,,,,,,,,,,,,,,,,,,,,,,,72,36,36,,36,剛爆發,,False,False
AIG,Financials,American International Group,2026-09-02,76.13,-4.8,3.84,-4.23,-2.35,0.333,3108255,3731192,3986246,-4.26,-12.03,-14.19,P-V-,P+V-,P-V-,➡️ 中性,67,66,73,67.9,,,,,,,,,,,,,,,,,,,,,,,,,,,,73,36,36,,36,剛爆發,,False,False
MSCI,Financials,MSCI,2026-09-02,560.63,-0.81,-10.73,-1.25,-3.51,0.0,568375,676043,641874,-24.14,11.25,-1.66,P-V-,P-V+,P-V-,➡️ 中性,38,76,66,55.0,,,,,,,,,,,,,,,,,,,,,,,,,,,,74,36,36,,36,剛爆發,,False,False
FIS,Financials,Fidelity National Information Services,2026-09-02,41.87,-2.2,-0.4,-16.18,-8.74,0.0,5191365,6134586,6324455,-22.18,-5.83,56.87,P-V-,P-V-,P-V+,😴 弱勢縮量,46,72,75,59.6,,,,,,,,,,,,,,,,,,,,,,,,,,,,75,36,36,,36,剛爆發,,False,False
FISV,Financials,Fiserv,2026-09-02,51.98,-3.94,-7.93,-16.55,-11.24,0.0,7070755,7870727,7152713,-0.61,22.32,-22.52,P-V-,P-V+,P-V-,➡️ 中性,61,75,76,68.2,,,,,,,,,,,,,,,,,,,,,,,,,,,,76,36,36,,36,剛爆發,,False,False
MRNA,Health Care,Moderna,2026-09-02,150.81,180.0,230.43,181.52,193.37,1.0,32681950,15211158,11299906,521.15,105.87,-1.96,P+V+,P+V+,P+V-,🚀 健康多頭,1,1,1,1.0,4.33,12.37,False,True,82.01,22.56,1.687,False,176.66,176.66,-14.63,0.77,168.08,10.0,10.0,41035950.0,24327950.0,1.0,16563200.0,40141780.0,41454353.0,0.4,100.0,65.83,多頭,頭頭高·底底高,,1,1,26,6.0,2,,🔥 追高風險,False,True
HUM,Health Care,Humana,2026-09-02,400.97,9.18,25.25,112.01,64.61,1.0,1035720,1367658,1554711,-34.07,-21.48,-17.35,P+V-,P+V-,P+V-,⚠️ 量能衰竭,13,23,2,13.8,8.79,1.05,False,True,386.9,8.76,1.296,False,428.88,428.88,-6.51,2.53,10.21,12.0,8.0,1139858.0,879512.0,1.5,1138200.0,1064160.0,986393.0,1.154,100.0,60.65,收斂,頭頭低·底底高,多轉空預警 / 多頭確認,2,1,7,2.6,1,,🔥 追高風險,False,True
CRL,Health Care,Charles River Laboratories,2026-09-02,291.76,9.89,66.92,63.46,50.93,1.0,922600,881372,893040,3.08,-2.58,-5.88,P+V+,P+V-,P+V-,➡️ 中性,12,2,3,7.2,10.31,5.42,False,True,251.28,7.65,1.072,False,303.31,303.31,-3.81,-1.13,11.91,12.0,8.0,948058.0,884412.0,1.5,606500.0,880700.0,877346.0,0.691,97.95,64.07,擴散,頭頭高·底底低,多頭確認,3,10,24,10.0,9,吃老本,,False,True
VEEV,Health Care,Veeva Systems,2026-09-02,280.72,28.89,53.45,54.23,47.7,1.0,2048645,2169384,2560790,34.33,-26.52,57.12,P+V+,P+V-,P+V+,➡️ 中性,2,3,4,2.7,5.77,4.91,False,True,215.2,21.68,1.473,False,310.5,310.5,-9.59,14.62,31.48,12.0,8.0,2350691.0,1595575.0,1.5,1490300.0,2264440.0,2066140.0,0.721,100.0,72.41,多頭,頭頭高·底底高,空轉多預警 / 多頭確認,4,1,21,6.2,3,,,False,True
IQV,Health Care,IQVIA,2026-09-02,263.84,13.51,46.06,47.55,38.67,1.0,1201530,1445683,1575607,-20.52,-15.24,-5.87,P+V-,P+V-,P+V-,⚠️ 量能衰竭,7,4,6,5.9,3.94,2.96,False,True,226.78,7.38,1.117,False,266.08,266.08,-0.84,0.89,11.77,11.0,9.0,1261090.0,1128733.0,1.222,1127700.0,1312820.0,1240680.0,0.909,95.31,70.81,多頭,頭頭高·底底高,多頭確認,5,12,15,9.8,8,吃老本,,False,True
CNC,Health Care,Centene Corporation,2026-09-02,67.34,4.89,12.25,50.04,29.31,1.0,3813010,4890458,5650094,-27.05,-23.7,-37.57,P+V-,P+V-,P+V-,⚠️ 量能衰竭,29,40,5,27.5,132.64,57.91,False,True,65.39,6.85,0.884,False,69.36,69.36,-2.91,2.86,0.52,10.0,10.0,3579290.0,4046730.0,1.0,4826500.0,4220780.0,3857333.0,1.251,81.93,57.68,收斂,頭頭低·底底高,多轉空預警 / 空轉多預警,6,23,4,12.4,12,吃老本,,False,True
RVTY,Health Care,Revvity,2026-09-02,130.94,14.62,30.51,33.38,27.97,1.0,1506475,1492236,1387124,-2.96,16.4,0.23,P+V-,P+V+,P+V+,⚠️ 頂部背離,5,13,9,8.2,15.93,4.47,False,True,115.54,11.67,1.144,False,131.75,131.75,-0.61,3.63,13.84,10.0,10.0,1607760.0,1405190.0,1.0,2101500.0,1862990.0,1605473.0,1.309,94.78,69.43,多頭,頭頭高·底底高,多頭確認,7,13,3,8.6,6,吃老本,,False,True
INCY,Health Care,Incyte,2026-09-02,128.83,8.83,39.67,27.21,25.73,1.0,1305275,1835255,1660633,-32.33,23.5,-18.86,P+V-,P+V+,P+V-,⚠️ 量能背離,14,7,12,11.5,43.95,35.12,False,True,120.03,7.24,1.283,False,132.6,132.6,-2.84,0.55,7.54,9.0,11.0,1485266.0,1158009.0,0.818,2324100.0,1225090.0,1245806.0,1.866,89.46,61.45,收斂,頭頭低·底底高,多轉空預警,8,19,1,11.0,10,吃老本,,False,True
MRK,Health Care,Merck & Co.,2026-09-02,151.64,18.13,32.06,24.26,24.68,1.0,11044640,10787056,10223316,24.52,11.67,-22.46,P+V+,P+V+,P+V-,🚀 健康多頭,3,10,15,7.5,49.43,13.15,False,True,133.46,7.4,1.082,False,156.92,156.92,-3.36,-0.95,18.16,12.0,8.0,11390650.0,10525625.0,1.5,8969200.0,11639470.0,12246446.0,0.732,100.0,65.67,多頭,頭頭高·底底高,,9,1,20,8.0,4,剛爆發,🚀 暴漲中,False,True
TECH,Health Care,Bio-Techne,2026-09-02,72.3,0.67,45.43,22.91,22.98,1.0,2585210,4682052,3630198,-28.81,81.59,63.17,P+V-,P+V+,P+V+,⚠️ 頂部背離,42,5,18,26.1,0.13,-0.82,False,True,71.47,0.5,1.044,True,72.54,72.62,-0.33,-0.11,0.53,10.0,10.0,2641400.0,2529020.0,1.0,1655800.0,2285830.0,2323413.0,0.713,83.55,63.94,多頭,頭頭高·底底高,,10,22,22,17.2,19,吃老本,,False,True
BAX,Health Care,Baxter International,2026-09-02,25.7,-4.81,37.63,26.28,21.35,0.667,5516170,6546658,7598618,-24.48,-24.32,-5.49,P-V-,P+V-,P+V-,➡️ 中性,55,8,13,32.5,52.53,15.93,False,True,24.53,6.12,1.116,False,29.99,30.0,-14.3,-2.98,-5.93,9.0,11.0,5851622.0,5241709.0,0.818,4167800.0,4318840.0,4830046.0,0.863,77.06,49.74,多頭,頭頭高·底底高,空頭確認,11,25,17,17.8,21,吃老本,,False,True
UNH,Health Care,UnitedHealth Group,2026-09-02,399.66,-1.07,6.36,38.12,20.38,0.667,3982390,5541913,6859166,-28.16,-32.22,-28.66,P-V-,P+V-,P+V-,➡️ 中性,47,49,7,39.6,29.8,9.52,False,False,412.2,5.68,0.918,False,461.62,461.62,-13.42,-0.34,-3.17,9.0,11.0,3797077.0,4134009.0,0.818,3265300.0,3912590.0,4062746.0,0.804,76.31,48.8,空頭,頭頭低·底底低,多轉空預警,12,26,18,18.8,23,吃老本,,False,True
SOLV,Health Care,Solventum,2026-09-02,91.9,10.78,20.24,23.85,19.68,1.0,1096310,1287796,1469974,-1.62,-22.05,38.91,P+V-,P+V-,P+V+,⚠️ 頂部背離,8,28,16,15.6,33.78,9.33,False,True,83.4,7.85,0.868,False,94.16,94.16,-2.4,0.4,5.06,13.0,7.0,1040761.0,1199471.0,1.857,826100.0,917370.0,1030573.0,0.802,96.24,66.84,多頭,頭頭高·底底高,多頭確認,13,11,19,13.4,13,,,False,True
WST,Health Care,West Pharmaceutical Services,2026-09-02,342.63,-1.71,9.83,34.9,19.48,0.667,464370,703824,793343,-43.03,-20.28,1.72,P-V-,P+V-,P+V+,➡️ 中性,51,43,8,40.0,13.86,27.07,False,False,350.09,7.15,1.041,False,385.75,386.0,-11.18,-2.08,-2.39,9.0,11.0,474733.0,455890.0,0.818,323700.0,468100.0,461566.0,0.701,78.23,45.75,多頭,頭頭高·底底高,空轉多預警 / 空頭確認,14,24,23,19.8,24,吃老本,,False,True
AMGN,Health Care,Amgen,2026-09-02,442.84,10.02,35.69,15.62,19.24,1.0,2284110,2679044,2649642,-14.16,2.24,-1.36,P+V-,P+V+,P+V-,⚠️ 量能背離,11,9,23,12.8,11.97,8.04,False,True,391.69,4.8,1.068,False,447.03,447.03,-0.94,0.57,9.22,11.0,9.0,2351072.0,2202266.0,1.222,2285500.0,2236620.0,2346453.0,0.974,92.77,68.68,多頭,頭頭高·底底高,,15,18,12,15.6,16,,,False,True
DXCM,Health Care,Dexcom,2026-09-02,89.69,8.03,22.11,22.14,18.61,1.0,4299820,4883918,5053414,-16.45,-6.49,-12.81,P+V-,P+V-,P+V-,⚠️ 量能衰竭,15,27,19,19.4,15.11,18.99,False,True,80.44,5.63,1.363,False,92.59,92.59,-3.13,0.82,8.5,13.0,7.0,4741484.0,3479585.0,1.857,1918200.0,3366710.0,3886140.0,0.494,100.0,59.22,多頭,頭頭高·底底高,,16,1,25,11.8,11,剛爆發,,False,True
WAT,Health Care,Waters Corporation,2026-09-02,412.2,3.13,10.83,29.06,18.02,1.0,711730,850340,975366,-19.1,-22.72,28.53,P+V-,P+V-,P+V+,⚠️ 頂部背離,34,41,10,31.3,1.41,16.99,False,True,390.17,7.33,1.154,False,426.22,426.22,-3.29,-0.48,3.05,10.0,10.0,762570.0,660890.0,1.0,621500.0,670390.0,681360.0,0.912,86.83,56.16,空頭,頭頭低·底底低,多轉空預警 / 多頭確認,17,20,14,17.6,20,,,False,True
REGN,Health Care,Regeneron Pharmaceuticals,2026-09-02,852.03,10.48,41.48,9.29,17.64,1.0,714095,865800,841392,-7.98,5.98,-14.2,P+V-,P+V+,P+V-,⚠️ 量能背離,10,6,33,13.4,39.99,6.38,False,True,728.69,9.18,1.181,False,854.49,854.49,-0.29,4.57,10.99,13.0,7.0,754538.0,638985.0,1.857,749400.0,672650.0,662166.0,1.132,100.0,70.17,擴散,頭頭高·底底低,多頭確認,18,1,8,9.2,7,剛爆發,,False,True
VRTX,Health Care,Vertex Pharmaceuticals,2026-09-02,556.75,15.02,30.97,12.06,17.53,1.0,1137685,1495372,1398635,-18.39,14.86,-4.99,P+V-,P+V+,P+V-,⚠️ 量能背離,4,11,28,10.9,-0.32,3.81,False,True,505.79,4.77,1.328,False,558.36,558.36,-0.29,1.73,14.83,12.0,8.0,1262250.0,950837.0,1.5,1734500.0,991220.0,1063446.0,1.631,100.0,67.08,多頭,頭頭高·底底高,多頭確認,19,1,2,8.4,5,剛爆發,,False,False
A,Health Care,Agilent Technologies,2026-09-02,151.39,7.11,12.31,25.25,17.48,1.0,2234895,2240543,2272220,5.66,-2.75,15.69,P+V+,P+V-,P+V+,➡️ 中性,20,39,14,24.5,9.01,5.8,False,True,141.63,10.45,1.035,False,163.75,163.75,-7.55,-2.38,7.29,12.0,8.0,2265916.0,2188362.0,1.5,3130600.0,2991480.0,2512906.0,1.246,94.04,55.26,多頭,頭頭高·底底高,空轉多預警 / 多頭確認,20,15,5,15.0,14,,,False,True
TMO,Health Care,Thermo Fisher Scientific,2026-09-02,608.54,4.92,26.36,17.01,16.32,1.0,1646220,2034501,2151054,-26.16,-10.28,4.16,P+V-,P+V-,P+V+,⚠️ 頂部背離,28,18,21,23.6,,,,,,,,,,,,,,,,,,,,,,,,,,,,21,27,27,,27,吃老本,,False,False
ELV,Health Care,Elevance Health,2026-09-02,405.84,3.69,4.75,28.13,16.17,1.0,853500,1398846,1673744,-43.07,-28.21,-2.7,P+V-,P+V-,P+V-,⚠️ 量能衰竭,31,50,11,32.7,19.99,16.36,False,True,395.27,4.88,1.104,False,436.24,436.24,-6.97,0.82,3.73,12.0,8.0,886866.0,803450.0,1.5,980900.0,831100.0,844573.0,1.161,94.38,57.52,空頭,頭頭低·底底低,多轉空預警,22,14,6,15.6,16,剛爆發,,False,True
LH,Health Care,Labcorp,2026-09-02,331.66,5.0,28.98,15.28,16.13,1.0,577745,672181,645972,-28.9,8.46,-10.38,P+V-,P+V+,P+V-,⚠️ 量能背離,26,14,24,22.0,4.65,3.26,False,True,303.4,4.5,0.988,False,341.07,341.8,-2.76,-1.0,5.86,12.0,8.0,574950.0,581937.0,1.5,643900.0,658600.0,617893.0,1.042,92.91,62.63,多頭,頭頭高·底底高,多頭確認,23,17,11,18.2,22,剛爆發,,False,True
ABBV,Health Care,AbbVie,2026-09-02,261.72,7.32,22.37,14.52,14.68,1.0,4368735,6445293,6561853,-24.54,-3.49,7.93,P+V-,P+V-,P+V+,⚠️ 頂部背離,18,26,27,22.2,,,,,,,,,,,,,,,,,,,,,,,,,,,,24,27,27,,27,,,False,False
BIIB,Health Care,Biogen,2026-09-02,222.67,7.95,17.92,16.08,14.51,1.0,750020,1124755,1138817,-46.61,-2.44,-35.67,P+V-,P+V-,P+V-,⚠️ 量能衰竭,16,33,22,22.3,,,,,,,,,,,,,,,,,,,,,,,,,,,,25,27,27,,27,,,False,False
CVS,Health Care,CVS Health,2026-09-02,97.23,1.05,9.31,23.52,14.35,1.0,7368155,7981035,8028517,-12.01,-1.18,2.38,P+V-,P+V-,P+V+,⚠️ 頂部背離,40,46,17,37.2,,,,,,,,,,,,,,,,,,,,,,,,,,,,26,27,27,,27,,,False,False
JNJ,Health Care,Johnson & Johnson,2026-09-02,275.21,7.62,24.08,11.97,13.91,1.0,6443660,7816720,7827059,-20.18,-0.26,-10.41,P+V-,P+V-,P+V-,⚠️ 量能衰竭,17,25,29,21.8,,,,,,,,,,,,,,,,,,,,,,,,,,,,27,27,27,,27,,,False,False
DGX,Health Care,Quest Diagnostics,2026-09-02,240.8,0.96,25.17,14.59,13.83,1.0,824245,941689,917595,-26.46,5.39,-8.6,P+V-,P+V+,P+V-,⚠️ 量能背離,41,24,26,32.9,,,,,,,,,,,,,,,,,,,,,,,,,,,,28,27,27,,27,,,False,False
BMY,Health Care,Bristol Myers Squibb,2026-09-02,67.66,5.47,25.64,10.84,13.2,1.0,8412915,11604343,11701728,-36.11,-1.65,-20.45,P+V-,P+V-,P+V-,⚠️ 量能衰竭,25,22,30,25.1,,,,,,,,,,,,,,,,,,,,,,,,,,,,29,27,27,,27,,,False,False
BDX,Health Care,Becton Dickinson,2026-09-02,187.52,5.9,30.75,7.69,13.01,1.0,1754390,2136883,2510450,-1.1,-25.91,-4.11,P+V-,P+V-,P+V-,⚠️ 量能衰竭,23,12,35,22.1,2.93,4.51,False,True,168.54,4.08,1.133,False,193.07,193.07,-2.87,-1.41,9.88,11.0,9.0,1852027.0,1635055.0,1.222,1474500.0,1684980.0,1673700.0,0.881,93.52,64.74,多頭,頭頭高·底底高,空轉多預警,30,16,16,21.6,25,剛爆發,,False,True
VTRS,Health Care,Viatris,2026-09-02,17.09,5.7,9.74,17.17,12.44,1.0,9641875,9647589,10474978,4.03,-14.64,13.59,P+V+,P+V-,P+V+,➡️ 中性,24,44,20,29.2,,,,,,,,,,,,,,,,,,,,,,,,,,,,31,27,27,,27,,,False,False
CAH,Health Care,Cardinal Health,2026-09-02,245.49,3.29,26.24,7.59,11.18,1.0,1721860,2153166,2088611,-22.92,6.38,-3.74,P+V-,P+V+,P+V-,⚠️ 量能背離,33,19,36,29.4,,,,,,,,,,,,,,,,,,,,,,,,,,,,32,27,27,,27,,,False,False
PFE,Health Care,Pfizer,2026-09-02,29.02,10.76,15.57,8.55,10.86,1.0,36984280,42176240,39806396,-7.27,12.66,-30.23,P+V-,P+V+,P+V-,⚠️ 量能背離,9,37,34,22.4,12.87,3.93,False,True,25.61,5.13,1.386,False,29.09,29.09,-0.24,2.54,12.44,12.0,8.0,41617800.0,30034000.0,1.5,39277900.0,34328970.0,35036346.0,1.121,100.0,72.36,多頭,頭頭高·底底高,多頭確認,33,1,9,15.4,15,剛爆發,,False,True
HSIC,Health Care,Henry Schein,2026-09-02,90.39,2.45,18.87,9.71,10.18,1.0,944650,1270286,1324137,-35.36,-7.82,-8.18,P+V-,P+V-,P+V-,⚠️ 量能衰竭,36,31,32,33.7,,,,,,,,,,,,,,,,,,,,,,,,,,,,34,27,27,,27,剛爆發,,False,False
GILD,Health Care,Gilead Sciences,2026-09-02,149.61,14.33,18.05,1.68,8.93,1.0,5708050,7372447,6787001,-13.8,18.88,-5.9,P+V-,P+V+,P+V-,⚠️ 量能背離,6,32,38,20.2,6.86,6.24,False,True,135.54,6.36,0.881,False,155.38,157.29,-3.71,1.03,13.55,14.0,6.0,5485464.0,6227416.0,2.333,4923200.0,5397110.0,5247546.0,0.938,100.0,66.25,收斂,頭頭低·底底高,多轉空預警 / 空轉多預警 / 多頭確認,35,1,13,17.0,18,剛爆發,,False,True
LLY,Health Care,Lilly (Eli),2026-09-02,1160.08,-2.53,9.17,10.62,6.97,0.667,2578730,2876773,2997140,-2.0,-7.72,-15.17,P-V-,P+V-,P+V-,➡️ 中性,53,47,31,46.8,,,,,,,,,,,,,,,,,,,,,,,,,,,,36,27,27,,27,剛爆發,,False,False
MDT,Health Care,Medtronic,2026-09-02,92.18,7.29,26.12,-3.98,6.36,0.667,7688595,8784016,9001249,6.42,-4.71,23.39,P+V+,P+V-,P-V+,➡️ 中性,19,20,44,24.3,,,,,,,,,,,,,,,,,,,,,,,,,,,,37,27,27,,27,剛爆發,,False,False
ZBH,Health Care,Zimmer Biomet,2026-09-02,99.5,2.38,19.12,1.62,6.18,1.0,1820300,2206329,2261020,-28.06,-4.72,18.03,P+V-,P+V-,P+V+,⚠️ 頂部背離,37,30,39,35.3,,,,,,,,,,,,,,,,,,,,,,,,,,,,38,27,27,,27,剛爆發,,False,False
DHR,Health Care,Danaher Corporation,2026-09-02,209.91,4.97,19.44,0.07,6.14,1.0,3153855,4677278,4603611,-53.89,3.25,16.97,P+V-,P+V+,P+V+,⚠️ 頂部背離,27,29,41,30.4,,,,,,,,,,,,,,,,,,,,,,,,,,,,39,27,27,,27,剛爆發,,False,False
DVA,Health Care,DaVita,2026-09-02,179.39,-0.71,-4.52,14.77,6.08,0.333,738640,831010,853580,-18.91,-5.15,-9.88,P-V-,P-V-,P+V-,⚠️ 主升段結束,46,57,25,45.1,,,,,,,,,,,,,,,,,,,,,,,,,,,,40,27,27,,27,剛爆發,,False,False
ABT,Health Care,Abbott Laboratories,2026-09-02,110.47,2.32,27.93,-3.78,5.67,0.667,7674195,11415370,11933658,-37.17,-8.32,61.19,P+V-,P+V-,P-V+,➡️ 中性,38,15,43,32.1,2.61,0.33,False,True,103.52,7.65,0.972,False,134.38,137.49,-17.8,-3.18,4.5,11.0,9.0,7574800.0,7795677.0,1.222,8458800.0,7836910.0,7874320.0,1.074,86.77,53.17,多頭,頭頭高·底底高,,41,21,10,26.8,26,剛爆發,,False,True
MCK,Health Care,McKesson Corporation,2026-09-02,924.78,6.24,25.65,-6.06,4.94,0.667,980135,1024464,1014406,3.97,2.0,38.31,P+V+,P+V+,P-V+,🚀 健康多頭,22,21,45,26.3,,,,,,,,,,,,,,,,,,,,,,,,,,,,42,27,27,,27,剛爆發,,False,False
EW,Health Care,Edwards Lifesciences,2026-09-02,90.82,1.68,3.6,5.03,3.84,1.0,2836720,4353136,4721384,-46.38,-14.47,11.59,P+V-,P+V-,P+V+,⚠️ 頂部背離,39,53,37,42.8,,,,,,,,,,,,,,,,,,,,,,,,,,,,43,27,27,,27,剛爆發,,False,False
MTD,Health Care,Mettler Toledo,2026-09-02,1367.74,-3.76,16.9,0.08,3.32,0.667,169305,191589,188573,-1.0,3.25,34.97,P-V-,P+V+,P+V+,➡️ 中性,54,36,40,45.8,,,,,,,,,,,,,,,,,,,,,,,,,,,,44,27,27,,27,剛爆發,,False,False
COR,Health Care,Cencora,2026-09-02,336.36,3.69,27.25,-9.23,3.12,0.667,1354695,1454892,1597046,-0.92,-16.35,13.04,P+V-,P+V-,P-V+,➡️ 中性,31,16,47,29.7,,,,,,,,,,,,,,,,,,,,,,,,,,,,45,27,27,,27,剛爆發,,False,False
RMD,Health Care,ResMed|,2026-09-02,230.87,3.71,26.65,-9.38,2.9,0.667,1527150,1493949,1372637,17.43,19.39,30.72,P+V+,P+V+,P-V+,🚀 健康多頭,30,17,48,29.7,,,,,,,,,,,,,,,,,,,,,,,,,,,,46,27,27,,27,剛爆發,,False,False
CI,Health Care,Cigna,2026-09-02,282.84,2.76,4.31,-1.3,1.12,0.667,1513725,1676616,1681456,-19.37,-0.57,-5.2,P+V-,P+V-,P-V-,➡️ 中性,35,51,42,41.2,,,,,,,,,,,,,,,,,,,,,,,,,,,,47,27,27,,27,剛爆發,,False,False
STE,Health Care,Steris,2026-09-02,230.35,-0.62,10.14,-8.45,-1.84,0.333,650700,760436,782800,-13.86,-5.55,18.35,P-V-,P+V-,P-V+,➡️ 中性,45,42,46,44.3,,,,,,,,,,,,,,,,,,,,,,,,,,,,48,27,27,,27,剛爆發,,False,False
GEHC,Health Care,GE HealthCare,2026-09-02,70.56,0.36,13.89,-16.18,-4.53,0.667,2626070,4462692,4588498,-56.06,-5.34,32.75,P+V-,P+V-,P-V+,➡️ 中性,43,38,49,42.7,,,,,,,,,,,,,,,,,,,,,,,,,,,,49,27,27,,27,剛爆發,,False,False
UHS,Health Care,Universal Health Services,2026-09-02,167.49,-1.2,17.8,-18.45,-5.07,0.333,628510,892996,905753,-38.12,-2.78,29.68,P-V-,P+V-,P-V+,➡️ 中性,48,34,53,44.8,,,,,,,,,,,,,,,,,,,,,,,,,,,,50,27,27,,27,剛爆發,,False,False
COO,Health Care,Cooper Companies (The),2026-09-02,69.73,-4.9,17.21,-16.66,-5.25,0.333,1619465,2535273,2404903,-17.59,11.46,-10.17,P-V-,P+V+,P-V-,➡️ 中性,56,35,51,48.7,,,,,,,,,,,,,,,,,,,,,,,,,,,,51,27,27,,27,剛爆發,,False,False
SYK,Health Care,Stryker Corporation,2026-09-02,312.19,-7.48,6.72,-18.99,-9.69,0.333,2165260,2445927,2452749,-13.96,-0.55,48.03,P-V-,P+V-,P-V+,➡️ 中性,58,48,54,54.2,,,,,,,,,,,,,,,,,,,,,,,,,,,,52,27,27,,27,剛爆發,,False,False
HCA,Health Care,HCA Healthcare,2026-09-02,402.06,-1.67,9.67,-23.83,-9.92,0.333,1196280,1554724,1396266,-32.93,25.6,12.3,P-V-,P+V+,P-V+,➡️ 中性,50,45,55,49.5,,,,,,,,,,,,,,,,,,,,,,,,,,,,53,27,27,,27,剛爆發,,False,False
ALGN,Health Care,Align Technology,2026-09-02,159.15,-5.87,-4.52,-16.28,-10.74,0.0,795770,962875,1058125,-17.27,-16.52,-17.27,P-V-,P-V-,P-V-,🧊 熊市縮量,57,57,50,55.6,,,,,,,,,,,,,,,,,,,,,,,,,,,,54,27,27,,27,剛爆發,,False,False
IDXX,Health Care,Idexx Laboratories,2026-09-02,538.99,-8.65,-2.15,-17.93,-11.66,0.0,513845,624672,601003,-23.82,8.2,20.2,P-V-,P-V+,P-V+,➡️ 中性,59,56,52,56.7,,,,,,,,,,,,,,,,,,,,,,,,,,,,55,27,27,,27,剛爆發,,False,False
ISRG,Health Care,Intuitive Surgical,2026-09-02,371.88,-0.49,-7.56,-26.14,-15.08,0.0,2345185,3015027,2535987,-44.43,46.58,17.67,P-V-,P-V+,P-V+,➡️ 中性,44,59,56,50.9,,,,,,,,,,,,,,,,,,,,,,,,,,,,56,27,27,,27,剛爆發,,False,False
PODD,Health Care,Insulet Corporation,2026-09-02,148.14,6.35,4.01,-39.93,-17.38,0.667,1732960,1623603,1443681,6.83,28.47,91.7,P+V+,P+V+,P-V+,🚀 健康多頭,21,52,58,37.7,,,,,,,,,,,,,,,,,,,,,,,,,,,,57,27,27,,27,剛爆發,,False,False
BSX,Health Care,Boston Scientific,2026-09-02,48.37,-1.89,1.45,-37.06,-18.64,0.333,18918300,19997713,19047111,-4.06,10.51,68.26,P-V-,P+V+,P-V+,➡️ 中性,52,54,57,53.6,,,,,,,,,,,,,,,,,,,,,,,,,,,,58,27,27,,27,剛爆發,,False,False
ZTS,Health Care,Zoetis,2026-09-02,76.17,-1.42,0.41,-41.24,-20.87,0.333,6181280,6433855,6042800,5.83,13.84,41.83,P-V+,P+V+,P-V+,➡️ 中性,49,55,59,52.8,,,,,,,,,,,,,,,,,,,,,,,,,,,,59,27,27,,27,剛爆發,,False,False
PAYX,Industrials,Paychex,2026-09-02,124.0,3.22,24.31,35.51,24.64,1.0,2198430,3078187,3417397,-32.44,-18.06,3.83,P+V-,P+V-,P+V+,⚠️ 頂部背離,8,1,1,4.5,0.91,2.31,False,True,114.79,4.98,1.138,False,132.36,138.19,-6.32,-0.7,4.84,12.0,8.0,2310841.0,2029812.0,1.5,3246900.0,2071380.0,2174160.0,1.493,95.05,57.14,多頭,頭頭高·底底高,,1,4,1,2.2,1,,,False,True
ADP,Industrials,Automatic Data Processing,2026-09-02,281.16,2.8,22.54,33.25,22.96,1.0,2055790,2512558,2959500,-17.67,-26.24,23.45,P+V-,P+V-,P+V+,⚠️ 頂部背離,9,3,2,5.8,1.58,2.26,False,True,259.5,3.91,1.189,False,294.5,302.68,-4.53,-0.08,4.1,10.0,10.0,2233350.0,1878230.0,1.0,1829200.0,1892190.0,2018646.0,0.906,88.24,59.67,多頭,頭頭高·底底高,多頭確認,2,9,15,7.4,4,吃老本,,False,True
EXPD,Industrials,Expeditors International,2026-09-02,186.16,4.26,17.92,29.02,20.05,1.0,788965,1192666,1179410,-45.4,2.27,-17.18,P+V-,P+V+,P+V-,⚠️ 量能背離,7,8,3,6.5,19.93,27.77,False,True,177.22,3.85,0.903,False,192.28,192.28,-3.18,-2.11,2.62,12.0,8.0,756491.0,837675.0,1.5,719300.0,762310.0,746246.0,0.964,89.03,55.95,多頭,頭頭高·底底高,,3,7,13,6.6,3,,,False,True
DE,Industrials,Deere & Company,2026-09-02,698.37,13.59,20.88,11.52,14.37,1.0,1305935,1261576,1271576,24.72,-1.56,-15.29,P+V+,P+V-,P+V-,➡️ 中性,1,5,10,4.0,8.3,14.07,False,True,615.56,17.66,1.402,False,700.64,700.64,-0.32,10.06,14.11,12.0,8.0,1475075.0,1052225.0,1.5,2027900.0,1642170.0,1453480.0,1.395,100.0,70.24,擴散,頭頭高·底底低,多頭確認,4,1,2,2.4,2,,,False,True
SWK,Industrials,Stanley Black & Decker,2026-09-02,96.89,-4.11,23.74,14.48,12.15,0.667,1587790,1747341,1853885,-19.28,-10.87,-2.04,P-V-,P+V-,P+V-,➡️ 中性,29,2,7,16.5,29.86,34.6,False,True,94.95,7.38,1.198,False,104.68,104.68,-7.44,-2.88,-6.18,6.0,14.0,1795233.0,1498885.0,0.429,1457000.0,1439710.0,1425260.0,1.022,72.53,48.78,收斂,頭頭低·底底高,多轉空預警 / 空頭確認,5,22,11,13.0,11,吃老本,,False,True
J,Industrials,Jacobs Solutions,2026-09-02,147.08,2.37,20.91,7.29,9.46,1.0,844180,1040466,1070700,-9.21,-5.49,8.75,P+V-,P+V-,P+V+,⚠️ 頂部背離,11,4,16,9.9,0.8,7.09,False,True,137.24,5.4,0.85,False,166.66,168.44,-11.75,-2.93,1.91,11.0,9.0,782027.0,920144.0,1.222,659400.0,878200.0,876000.0,0.753,83.18,55.92,多頭,頭頭高·底底高,,6,11,24,11.6,10,,,False,True
CSX,Industrials,CSX Corporation,2026-09-02,48.65,-3.78,5.73,14.62,7.8,0.667,9283850,11864327,12439499,-34.04,-8.84,-16.6,P-V-,P+V-,P+V-,➡️ 中性,27,26,6,22.5,4.19,10.6,False,False,49.91,8.24,0.893,False,53.45,53.6,-8.99,-5.75,-4.57,9.0,11.0,8708277.0,9754772.0,0.818,9864400.0,9602590.0,9230213.0,1.069,72.85,36.13,多頭,頭頭高·底底高,空頭確認,7,21,10,13.2,12,吃老本,,False,True
NDSN,Industrials,Nordson Corporation,2026-09-02,316.63,2.48,10.36,8.54,7.48,1.0,425165,398012,380996,29.95,9.35,-3.8,P+V+,P+V+,P+V-,🚀 健康多頭,10,15,13,12.1,5.03,1.48,False,True,304.16,9.37,1.306,False,339.12,339.12,-6.63,-5.36,1.92,8.0,12.0,494812.0,378733.0,0.667,322300.0,485960.0,473266.0,0.681,81.87,51.59,多頭,頭頭高·底底高,,8,13,28,14.0,14,,🎯 潛在暴漲,False,True
UNP,Industrials,Union Pacific Corporation,2026-09-02,289.73,-1.46,9.97,10.42,7.34,0.667,2400375,2762852,2898442,-26.28,-8.94,-21.02,P-V-,P+V-,P+V-,➡️ 中性,19,16,11,16.5,5.17,2.42,False,False,291.29,8.92,1.126,False,314.53,315.99,-7.88,-6.29,-1.51,9.0,11.0,2558066.0,2271354.0,0.818,1892600.0,2621010.0,2526253.0,0.749,78.56,40.85,收斂,頭頭低·底底高,多轉空預警 / 空轉多預警,9,16,25,15.0,16,吃老本,🎯 潛在暴漲,True,True
GWW,Industrials,W. W. Grainger,2026-09-02,1284.85,0.37,1.5,12.69,6.81,1.0,223055,294346,276575,-25.85,13.73,-5.77,P+V-,P+V+,P+V-,⚠️ 量能背離,13,40,8,20.1,6.26,14.08,False,False,1339.34,4.12,1.059,False,1417.14,1419.91,-9.34,-3.78,0.18,9.0,11.0,230066.0,217318.0,0.818,292200.0,218640.0,211806.0,1.38,79.39,40.46,空頭,頭頭低·底底低,,10,15,3,10.6,6,,,False,True
DAL,Industrials,Delta Air Lines,2026-09-02,78.14,-15.05,-2.11,19.54,5.48,0.333,4667565,6467707,8951329,-28.54,-43.44,10.48,P-V-,P-V-,P+V+,😴 弱勢縮量,78,48,4,54.2,4.54,11.35,False,False,87.01,11.16,0.911,False,95.44,95.68,-18.13,-5.95,-16.1,6.0,14.0,4367316.0,4796242.0,0.429,4896400.0,5283750.0,4992313.0,0.981,60.32,35.34,收斂,頭頭低·底底高,多轉空預警 / 空頭確認,11,29,12,18.4,18,吃老本,,False,True
IEX,Industrials,IDEX Corporation,2026-09-02,224.61,-3.89,6.23,7.96,4.56,0.667,552310,677507,721360,-27.12,-11.46,1.44,P-V-,P+V-,P+V+,➡️ 中性,28,23,15,23.9,9.93,12.8,False,False,228.72,6.52,1.22,False,243.8,243.8,-7.87,-4.38,-5.22,8.0,12.0,619437.0,507558.0,0.667,599600.0,579940.0,553406.0,1.083,76.47,40.13,多頭,頭頭高·底底高,,12,19,9,14.2,15,吃老本,,False,True
UBER,Industrials,Uber,2026-09-02,76.45,8.49,6.74,1.37,4.49,1.0,17259620,19230700,18395274,-4.72,9.52,-3.14,P+V-,P+V+,P+V-,⚠️ 量能背離,3,22,29,13.9,40.22,-81.74,False,True,73.98,9.95,1.124,False,101.99,101.99,-25.04,-2.6,12.13,13.0,7.0,17952292.0,15973228.0,1.857,13014700.0,13896990.0,14363013.0,0.906,100.0,51.95,多頭,頭頭高·底底高,空轉多預警,13,1,15,8.6,5,剛爆發,,False,True
BR,Industrials,Broadridge Financial Solutions,2026-09-02,178.06,8.08,15.78,-3.02,4.45,0.667,1276190,1343329,1464705,23.1,-15.31,73.86,P+V+,P+V-,P-V+,➡️ 中性,4,9,42,13.1,1.68,4.45,False,True,159.53,7.0,1.252,False,251.57,255.74,-29.22,-1.95,8.97,11.0,9.0,1403236.0,1120911.0,1.222,1003600.0,1093210.0,1178320.0,0.852,94.84,58.66,多頭,頭頭高·底底高,空轉多預警,14,5,19,11.4,9,剛爆發,,False,True
VLTO,Industrials,Veralto,2026-09-02,97.21,-0.83,18.1,0.07,4.36,0.667,1424570,1929861,2011118,-19.08,-7.77,20.45,P-V-,P+V-,P+V+,➡️ 中性,15,7,32,16.0,10.34,6.41,False,True,94.75,4.42,1.171,False,109.28,109.86,-11.04,-1.5,0.05,10.0,10.0,1536850.0,1312290.0,1.0,1762900.0,1604250.0,1461506.0,1.206,84.93,51.25,收斂,頭頭低·底底高,多轉空預警,15,10,5,11.0,8,,,False,True
URI,Industrials,United Rentals,2026-09-02,979.82,-15.58,-1.34,17.09,4.31,0.333,423625,487187,532130,-16.73,-15.58,-13.7,P-V-,P-V-,P+V-,⚠️ 主升段結束,79,45,5,54.0,10.11,8.63,False,False,1090.77,13.63,0.894,False,1177.15,1179.18,-16.76,-7.36,-15.54,9.0,11.0,397577.0,444936.0,0.818,380500.0,439600.0,431820.0,0.881,65.64,30.24,多頭,頭頭高·底底高,空轉多預警 / 空頭確認,16,28,18,21.2,20,吃老本,,False,True
NSC,Industrials,Norfolk Southern,2026-09-02,330.06,-3.24,7.74,5.74,4.0,0.667,1216860,1146129,1230506,4.64,-12.83,-13.01,P-V+,P+V-,P+V-,➡️ 中性,24,20,19,21.8,,,,,,,,,,,,,,,,,,,,,,,,,,,,17,30,30,,30,吃老本,,False,False
JBHT,Industrials,J.B. Hunt,2026-09-02,260.22,-2.47,-5.42,11.88,3.97,0.333,755860,956584,958604,-31.99,-0.42,-23.65,P-V-,P-V-,P+V-,⚠️ 主升段結束,21,56,9,29.1,9.55,3.09,False,False,276.11,9.55,1.175,False,299.26,299.76,-13.04,-1.3,-4.4,10.0,10.0,816720.0,695000.0,1.0,831400.0,720240.0,759486.0,1.095,82.41,41.81,空頭,頭頭低·底底低,多轉空預警,18,12,8,13.6,13,剛爆發,,False,True
WAB,Industrials,Wabtec,2026-09-02,279.81,-5.13,5.89,6.25,3.32,0.667,901190,920080,956740,-13.76,-7.38,6.65,P-V-,P+V-,P+V+,➡️ 中性,32,24,18,26.8,,,,,,,,,,,,,,,,,,,,,,,,,,,,19,30,30,,30,吃老本,,False,False
FAST,Industrials,Fastenal,2026-09-02,47.93,-5.65,7.74,5.23,3.14,0.667,6559630,7680716,7601805,-28.98,2.1,3.87,P-V-,P+V+,P+V+,➡️ 中性,34,20,21,27.2,,,,,,,,,,,,,,,,,,,,,,,,,,,,20,30,30,,30,吃老本,,False,False
RSG,Industrials,Republic Services,2026-09-02,222.52,6.17,10.66,-2.27,3.07,0.667,1463650,1503493,1560776,9.08,-7.08,10.76,P+V+,P+V-,P-V+,➡️ 中性,5,14,38,14.3,1.7,3.77,False,True,217.06,2.7,0.957,False,232.5,235.18,-4.29,0.15,7.49,13.0,7.0,1441015.0,1505685.0,1.857,1713500.0,1534590.0,1464606.0,1.17,99.16,58.38,擴散,頭頭高·底底低,,21,3,6,10.8,7,剛爆發,,False,True
CTAS,Industrials,Cintas,2026-09-02,198.09,-1.75,14.59,-0.99,2.72,0.333,1716850,2212287,2245976,-36.15,-2.96,9.26,P-V-,P+V-,P-V+,➡️ 中性,20,11,36,20.5,2.35,0.4,False,True,195.69,4.89,0.971,False,218.6,219.17,-9.38,-3.74,-1.39,10.0,10.0,1691950.0,1741750.0,1.0,2173200.0,1758460.0,1746693.0,1.244,79.67,44.42,擴散,頭頭高·底底低,,22,14,4,15.2,17,剛爆發,,False,True
MMM,Industrials,3M,2026-09-02,168.75,-6.21,10.85,3.05,2.69,0.667,2606635,3436989,3701724,-33.48,-13.35,15.01,P-V-,P+V-,P+V+,➡️ 中性,37,13,24,27.2,6.84,7.88,False,False,170.92,7.45,0.886,False,184.09,184.9,-8.33,-6.25,-6.92,8.0,11.0,2424812.0,2735418.0,0.727,2174500.0,2577470.0,2681986.0,0.811,69.77,35.47,多頭,頭頭高·底底高,,23,25,21,23.4,22,,,False,True
GD,Industrials,General Dynamics,2026-09-02,364.07,-5.91,8.31,2.89,2.05,0.667,837035,1153675,1247952,-30.29,-14.05,5.24,P-V-,P+V-,P+V+,➡️ 中性,35,19,25,28.2,,,,,,,,,,,,,,,,,,,,,,,,,,,,24,30,30,,30,吃老本,,False,False
ALLE,Industrials,Allegion,2026-09-02,155.07,-8.08,19.91,-3.01,1.45,0.333,1395755,1340321,1154609,-3.44,38.33,34.34,P-V-,P+V+,P-V+,➡️ 中性,47,6,41,33.5,8.29,-5.09,False,True,151.88,9.32,0.724,False,181.67,183.11,-14.64,-3.25,-8.01,8.0,12.0,1135912.0,1568983.0,0.667,1204900.0,1725440.0,1543753.0,0.781,66.56,45.14,多頭,頭頭高·底底高,空頭確認,25,27,22,25.2,24,,,False,True
RTX,Industrials,RTX Corporation,2026-09-02,200.78,-9.77,15.6,-0.16,1.38,0.333,4236470,4933618,5293893,-17.4,-12.74,5.24,P-V-,P+V-,P-V+,➡️ 中性,56,10,34,37.8,13.71,16.95,False,False,206.56,9.65,1.051,False,226.41,226.88,-11.32,-5.29,-9.38,7.0,13.0,4375242.0,4161746.0,0.538,4691800.0,4014840.0,4242753.0,1.106,68.73,34.11,多頭,頭頭高·底底高,,26,26,7,22.2,21,,,False,True
FDX,Industrials,FedEx,2026-09-02,316.54,0.21,-3.43,2.3,0.35,0.667,1500870,1823415,2016985,-2.0,-17.51,-11.76,P+V-,P-V-,P+V-,⚠️ 量能背離,14,51,26,27.5,6.53,25.52,False,False,319.43,7.6,1.131,False,344.08,345.37,-8.0,-5.79,1.87,7.0,12.0,1630742.0,1442216.0,0.583,1279700.0,1396450.0,1440886.0,0.888,77.35,41.63,收斂,頭頭低·底底高,多轉空預警 / 空轉多預警 / 空頭確認,27,17,17,21.0,19,剛爆發,,False,True
EMR,Industrials,Emerson Electric,2026-09-02,148.98,-4.73,5.25,-0.44,-0.09,0.333,2385210,2706892,2838489,-18.99,-8.86,-4.55,P-V-,P+V-,P-V-,➡️ 中性,31,29,35,31.2,,,,,,,,,,,,,,,,,,,,,,,,,,,,28,30,30,,30,,,False,False
ROK,Industrials,Rockwell Automation,2026-09-02,425.36,-3.42,-7.93,5.04,-0.32,0.333,711990,807735,826321,-15.54,-4.4,-7.12,P-V-,P-V-,P+V-,⚠️ 主升段結束,25,61,22,35.2,,,,,,,,,,,,,,,,,,,,,,,,,,,,29,30,30,,30,,,False,False
GEV,Industrials,GE Vernova,2026-09-02,921.94,-7.83,-4.87,5.65,-0.35,0.333,2085460,2745233,2639720,-26.19,8.33,-13.69,P-V-,P-V+,P+V-,➡️ 中性,46,55,20,43.5,,,,,,,,,,,,,,,,,,,,,,,,,,,,30,30,30,,30,,,False,False
MAS,Industrials,Masco,2026-09-02,70.94,-5.59,3.26,-0.04,-0.6,0.333,1898815,2375372,2623821,-32.96,-17.3,7.71,P-V-,P+V-,P-V+,➡️ 中性,33,37,33,34.2,,,,,,,,,,,,,,,,,,,,,,,,,,,,31,30,30,,30,,,False,False
PCAR,Industrials,Paccar,2026-09-02,122.13,-7.27,8.47,-2.58,-0.99,0.333,2506530,3300163,3057357,-35.01,17.25,-2.73,P-V-,P+V+,P-V-,➡️ 中性,41,18,39,33.7,,,,,,,,,,,,,,,,,,,,,,,,,,,,32,30,30,,30,,,False,False
SNA,Industrials,Snap-on,2026-09-02,380.59,-7.65,2.82,0.09,-1.16,0.667,266615,338880,365382,-32.8,-13.53,14.58,P-V-,P+V-,P+V+,➡️ 中性,45,38,31,40.1,,,,,,,,,,,,,,,,,,,,,,,,,,,,33,30,30,,30,,,False,False
PWR,Industrials,Quanta Services,2026-09-02,610.78,-8.54,-13.48,8.51,-1.25,0.333,1066710,1226967,1187120,-7.72,6.95,16.79,P-V-,P-V+,P+V+,➡️ 中性,50,69,14,48.5,28.11,31.8,False,False,655.68,13.81,0.952,False,788.63,788.75,-22.55,-0.96,-10.57,9.0,11.0,1037700.0,1090445.0,0.818,807200.0,1148330.0,1138926.0,0.709,72.2,41.12,空頭,頭頭低·底底低,,34,23,26,28.0,27,剛爆發,,False,True
CAT,Industrials,Caterpillar Inc.,2026-09-02,792.28,-7.55,-12.76,7.06,-1.55,0.333,2477175,3177992,2868124,-22.05,24.22,2.77,P-V-,P-V+,P+V+,➡️ 中性,44,66,17,45.2,,,,,,,,,,,,,,,,,,,,,,,,,,,,35,30,30,,30,,,False,False
FIX,Industrials,Comfort Systems USA,2026-09-02,1560.13,-8.91,-17.12,9.3,-1.85,0.333,380455,485890,452475,-29.2,15.95,-7.69,P-V-,P-V+,P+V-,➡️ 中性,53,74,12,51.1,19.85,54.44,False,False,1725.92,12.92,1.016,False,2072.1,2073.99,-24.71,-3.44,-10.14,8.0,12.0,384025.0,378075.0,0.667,328700.0,384760.0,392926.0,0.837,70.32,41.02,擴散,頭頭高·底底低,,36,24,20,28.0,27,剛爆發,,False,True
PH,Industrials,Parker Hannifin,2026-09-02,949.38,-11.08,13.75,-5.52,-2.09,0.333,653785,661020,723784,9.3,-15.96,16.64,P-V+,P+V-,P-V+,➡️ 中性,63,12,48,44.7,12.15,4.36,False,False,989.82,10.5,1.191,False,1097.73,1099.94,-13.51,-8.48,-4.57,8.0,12.0,723225.0,607491.0,0.667,570900.0,647660.0,623793.0,0.915,74.7,35.87,多頭,頭頭高·底底高,,37,20,14,25.6,25,剛爆發,,False,True
ETN,Industrials,Eaton Corporation,2026-09-02,390.85,-12.58,-6.18,4.84,-2.27,0.333,1719965,2250147,2449776,-31.41,-15.07,-8.29,P-V-,P-V-,P+V-,⚠️ 主升段結束,69,59,23,56.8,,,,,,,,,,,,,,,,,,,,,,,,,,,,38,30,30,,30,剛爆發,,False,False
AME,Industrials,Ametek,2026-09-02,233.19,-7.24,2.55,-2.22,-2.28,0.333,1328215,1229904,1278451,16.15,-7.32,-2.9,P-V+,P+V-,P-V-,➡️ 中性,40,39,37,39.1,,,,,,,,,,,,,,,,,,,,,,,,,,,,39,30,30,,30,剛爆發,,False,False
EFX,Industrials,Equifax,2026-09-02,185.48,5.82,5.62,-10.43,-2.36,0.667,1034115,1596426,1618961,-42.18,-2.75,8.18,P+V-,P+V-,P-V+,➡️ 中性,6,27,58,22.7,2.28,9.7,False,True,176.57,7.56,1.4,False,268.77,271.84,-30.99,-2.38,4.87,9.0,11.0,1226966.0,876327.0,0.818,701700.0,952680.0,1001820.0,0.7,88.75,51.87,多頭,頭頭高·底底高,,40,8,27,24.6,23,剛爆發,,False,True
ITW,Industrials,Illinois Tool Works,2026-09-02,269.09,-8.69,8.91,-6.26,-3.08,0.333,970460,1326250,1335403,-37.76,-1.36,9.89,P-V-,P+V-,P-V+,➡️ 中性,52,17,49,40.9,,,,,,,,,,,,,,,,,,,,,,,,,,,,41,30,30,,30,剛爆發,,False,False
AXON,Industrials,Axon Enterprise,2026-09-02,506.98,-2.96,3.44,-6.53,-3.15,0.333,932680,993606,1047207,20.12,-9.74,26.15,P-V+,P+V-,P-V+,➡️ 中性,23,36,50,32.3,,,,,,,,,,,,,,,,,,,,,,,,,,,,42,30,30,,30,剛爆發,,False,False
UAL,Industrials,United Airlines Holdings,2026-09-02,108.35,-16.09,-0.43,1.93,-3.17,0.333,3021805,4407956,6137309,-31.34,-43.97,9.74,P-V-,P-V-,P+V+,😴 弱勢縮量,80,43,27,58.3,,,,,,,,,,,,,,,,,,,,,,,,,,,,43,30,30,,30,剛爆發,,False,False
VRSK,Industrials,Verisk Analytics,2026-09-02,188.16,-0.84,5.35,-8.87,-3.31,0.333,1254450,2101703,2024166,-27.91,7.97,28.98,P-V-,P+V+,P-V+,➡️ 中性,16,28,55,27.4,,,,,,,,,,,,,,,,,,,,,,,,,,,,44,30,30,,30,剛爆發,,False,False
GE,Industrials,GE Aerospace,2026-09-02,329.5,-12.03,3.84,-3.47,-3.78,0.333,3548560,4195113,5069290,-8.34,-29.42,9.48,P-V-,P+V-,P-V+,➡️ 中性,67,34,43,52.3,,,,,,,,,,,,,,,,,,,,,,,,,,,,45,30,30,,30,剛爆發,,False,False
CPRT,Industrials,Copart,2026-09-02,32.16,10.86,4.21,-15.57,-4.02,0.667,9950655,11846241,10323501,-15.84,34.6,22.37,P+V-,P+V+,P-V+,➡️ 中性,2,32,62,23.0,5.71,-8.12,True,True,29.95,8.28,1.221,False,50.11,50.11,-35.82,-1.56,11.24,10.0,9.0,10896210.0,8925322.0,1.111,6512200.0,8203340.0,10572553.0,0.616,94.15,55.03,多頭,頭頭高·底底高,空轉多預警,46,6,29,26.6,26,剛爆發,,False,True
WM,Industrials,Waste Management,2026-09-02,219.04,-4.35,3.8,-8.29,-4.28,0.333,1992715,2113121,2118882,6.11,-0.54,9.31,P-V+,P+V-,P-V+,➡️ 中性,30,35,54,36.3,,,,,,,,,,,,,,,,,,,,,,,,,,,,47,30,30,,30,剛爆發,,False,False
JCI,Industrials,Johnson Controls,2026-09-02,139.25,-9.9,-1.66,-2.93,-4.36,0.0,2860855,3955360,3796113,-20.73,8.76,-22.23,P-V-,P-V+,P-V-,➡️ 中性,59,46,40,51.3,,,,,,,,,,,,,,,,,,,,,,,,,,,,48,30,30,,30,剛爆發,,False,False
EME,Industrials,Emcor,2026-09-02,734.26,-9.17,-11.2,1.43,-4.38,0.333,351195,436575,404800,-30.49,17.04,-18.6,P-V-,P-V+,P+V-,➡️ 中性,54,65,28,52.1,,,,,,,,,,,,,,,,,,,,,,,,,,,,49,30,30,,30,剛爆發,,False,False
HWM,Industrials,Howmet Aerospace,2026-09-02,252.96,-12.65,0.94,-3.56,-4.7,0.333,2740465,2766544,2582273,38.55,15.37,11.61,P-V+,P+V+,P-V+,➡️ 中性,70,42,44,56.4,,,,,,,,,,,,,,,,,,,,,,,,,,,,50,30,30,,30,剛爆發,,False,False
UPS,Industrials,United Parcel Service,2026-09-02,103.01,1.41,-3.93,-8.23,-4.74,0.333,4515260,4999309,5688478,-16.14,-21.61,-18.27,P+V-,P-V-,P-V-,➡️ 中性,12,52,53,32.2,5.75,4.84,False,False,106.65,5.33,1.013,False,116.86,122.41,-11.85,-2.5,-2.83,9.0,11.0,4547822.0,4488618.0,0.818,3131200.0,4047080.0,4095113.0,0.765,77.31,44.75,擴散,頭頭高·底底低,,51,18,23,32.2,29,剛爆發,,False,True
FTV,Industrials,Fortive,2026-09-02,56.6,-7.01,-5.82,-4.19,-5.31,0.0,2103575,2735527,2965714,-29.4,-14.41,-15.45,P-V-,P-V-,P-V-,🧊 熊市縮量,39,57,45,45.6,,,,,,,,,,,,,,,,,,,,,,,,,,,,52,30,30,,30,剛爆發,,False,False
TT,Industrials,Trane Technologies,2026-09-02,439.02,-8.28,-4.12,-4.59,-5.4,0.0,885645,1219027,1283535,-34.54,-9.57,-9.89,P-V-,P-V-,P-V-,🧊 熊市縮量,49,54,46,49.9,,,,,,,,,,,,,,,,,,,,,,,,,,,,53,30,30,,30,剛爆發,,False,False
VRT,Industrials,Vertiv,2026-09-02,256.7,-6.71,-23.24,0.76,-7.11,0.333,4064775,5886187,6696121,-35.95,-21.58,-2.0,P-V-,P-V-,P+V-,⚠️ 主升段結束,38,79,30,48.7,,,,,,,,,,,,,,,,,,,,,,,,,,,,54,30,30,,30,剛爆發,,False,False
BA,Industrials,Boeing,2026-09-02,208.87,-10.04,-4.06,-8.2,-7.63,0.0,4919945,5763506,6391280,-20.23,-17.89,-18.98,P-V-,P-V-,P-V-,🧊 熊市縮量,61,53,52,56.8,,,,,,,,,,,,,,,,,,,,,,,,,,,,55,30,30,,30,剛爆發,,False,False
DD,Industrials,DuPont,2026-09-02,132.93,-7.31,-8.54,-10.35,-9.14,0.0,1194200,1422643,1353663,-28.98,10.74,-35.3,P-V-,P-V+,P-V-,➡️ 中性,42,63,57,51.3,,,,,,,,,,,,,,,,,,,,,,,,,,,,56,30,30,,30,剛爆發,,False,False
TDG,Industrials,TransDigm Group,2026-09-02,1153.75,-8.58,-7.48,-11.44,-9.73,0.0,382680,393672,398091,-6.84,-2.2,18.29,P-V-,P-V-,P-V+,😴 弱勢縮量,51,60,59,55.3,,,,,,,,,,,,,,,,,,,,,,,,,,,,57,30,30,,30,剛爆發,,False,False
LMT,Industrials,Lockheed Martin,2026-09-02,531.55,-8.24,4.17,-17.76,-9.9,0.333,987210,1185650,1367741,-19.92,-23.5,-8.98,P-V-,P+V-,P-V-,➡️ 中性,48,33,65,46.9,,,,,,,,,,,,,,,,,,,,,,,,,,,,58,30,30,,30,剛爆發,,False,False
HUBB,Industrials,Hubbell Incorporated,2026-09-02,450.08,-11.08,-6.03,-11.49,-10.02,0.0,429319,576912,593278,-30.57,-5.37,15.24,P-V-,P-V-,P-V+,😴 弱勢縮量,63,58,60,60.9,,,,,,,,,,,,,,,,,,,,,,,,,,,,59,30,30,,30,剛爆發,,False,False
LDOS,Industrials,Leidos,2026-09-02,133.78,-1.09,5.86,-23.14,-10.38,0.333,1325845,1602336,1394950,-12.85,34.93,59.02,P-V-,P+V+,P-V+,➡️ 中性,18,25,74,31.3,,,,,,,,,,,,,,,,,,,,,,,,,,,,60,30,30,,30,剛爆發,,False,False
CMI,Industrials,Cummins,2026-09-02,550.9,-14.14,-17.8,-5.0,-10.48,0.0,864085,1020133,954850,-15.94,14.68,4.57,P-V-,P-V+,P-V+,➡️ 中性,72,75,47,67.9,,,,,,,,,,,,,,,,,,,,,,,,,,,,61,30,30,,30,剛爆發,,False,False
CARR,Industrials,Carrier Global,2026-09-02,57.58,-9.97,-13.0,-9.95,-10.72,0.0,5127070,6150992,6491063,-29.85,-9.96,-7.66,P-V-,P-V-,P-V-,🧊 熊市縮量,60,67,56,61.3,,,,,,,,,,,,,,,,,,,,,,,,,,,,62,30,30,,30,剛爆發,,False,False
FERG,Industrials,Ferguson Enterprises,2026-09-02,221.23,-12.36,-2.44,-14.2,-10.8,0.0,1669705,2291429,1847992,-58.99,63.14,14.1,P-V-,P-V+,P-V+,➡️ 中性,68,49,61,60.9,,,,,,,,,,,,,,,,,,,,,,,,,,,,63,30,30,,30,剛爆發,,False,False
ODFL,Industrials,Old Dominion,2026-09-02,187.61,-11.12,-17.87,-7.21,-10.85,0.0,1490840,1754723,1935703,-15.69,-17.1,-12.18,P-V-,P-V-,P-V-,🧊 熊市縮量,65,76,51,65.5,,,,,,,,,,,,,,,,,,,,,,,,,,,,64,30,30,,30,剛爆發,,False,False
AOS,Industrials,A. O. Smith,2026-09-02,59.26,-5.92,5.04,-23.13,-11.79,0.333,1250140,1675326,1638240,-33.89,4.63,32.62,P-V-,P+V+,P-V+,➡️ 中性,36,30,73,41.6,,,,,,,,,,,,,,,,,,,,,,,,,,,,65,30,30,,30,剛爆發,,False,False
OTIS,Industrials,Otis Worldwide,2026-09-02,70.83,-3.48,1.32,-22.55,-11.81,0.333,3248380,3637887,3717517,-17.84,-4.19,25.9,P-V-,P+V-,P-V+,➡️ 中性,26,41,72,39.7,,,,,,,,,,,,,,,,,,,,,,,,,,,,66,30,30,,30,剛爆發,,False,False
XYL,Industrials,Xylem Inc.,2026-09-02,106.74,-11.27,-2.85,-16.98,-12.02,0.0,1631110,1874570,2033554,-19.59,-14.5,45.42,P-V-,P-V-,P-V+,😴 弱勢縮量,66,50,64,60.8,,,,,,,,,,,,,,,,,,,,,,,,,,,,67,30,30,,30,剛爆發,,False,False
IR,Industrials,Ingersoll Rand,2026-09-02,75.0,-14.98,4.74,-20.27,-12.7,0.333,3502150,4078483,3831290,-20.74,13.79,11.77,P-V-,P+V+,P-V+,➡️ 中性,77,31,69,61.6,,,,,,,,,,,,,,,,,,,,,,,,,,,,68,30,30,,30,剛爆發,,False,False
DOV,Industrials,Dover Corporation,2026-09-02,188.9,-10.17,-10.59,-15.8,-13.09,0.0,1005345,1119050,1071892,-19.87,9.2,-8.37,P-V-,P-V+,P-V-,➡️ 中性,62,64,63,62.8,,,,,,,,,,,,,,,,,,,,,,,,,,,,69,30,30,,30,剛爆發,,False,False
CHRW,Industrials,C.H. Robinson,2026-09-02,145.2,-1.0,-18.39,-21.08,-15.39,0.0,1336795,1722160,1782712,-46.94,-6.57,-7.66,P-V-,P-V-,P-V-,🧊 熊市縮量,17,77,71,45.8,,,,,,,,,,,,,,,,,,,,,,,,,,,,70,30,30,,30,剛爆發,,False,False
TXT,Industrials,Textron,2026-09-02,79.24,-9.84,-13.26,-19.64,-15.6,0.0,1366145,1591460,1494367,-24.23,13.9,-2.7,P-V-,P-V+,P-V-,➡️ 中性,57,68,67,62.3,,,,,,,,,,,,,,,,,,,,,,,,,,,,71,30,30,,30,剛爆發,,False,False
NOC,Industrials,Northrop Grumman,2026-09-02,523.82,-7.32,-1.94,-27.04,-15.83,0.0,640005,896246,867435,-29.99,6.87,6.48,P-V-,P-V+,P-V+,➡️ 中性,43,47,75,50.6,,,,,,,,,,,,,,,,,,,,,,,,,,,,72,30,30,,30,剛爆發,,False,False
HON,Industrials,Honeywell Technologies,2026-09-02,206.07,-14.14,-16.22,-18.65,-16.92,0.0,3002510,4185387,4033859,-7.54,7.81,-3.23,P-V-,P-V+,P-V-,➡️ 中性,72,72,66,70.8,,,,,,,,,,,,,,,,,,,,,,,,,,,,73,30,30,,30,剛爆發,,False,False
LUV,Industrials,Southwest Airlines,2026-09-02,38.61,-17.75,-8.41,-20.94,-17.01,0.0,4192595,5589976,6846603,-25.97,-31.02,-28.87,P-V-,P-V-,P-V-,🧊 熊市縮量,81,62,70,73.1,,,,,,,,,,,,,,,,,,,,,,,,,,,,74,30,30,,30,剛爆發,,False,False
HII,Industrials,Huntington Ingalls Industries,2026-09-02,288.72,-9.85,-1.22,-34.46,-20.0,0.0,401015,492515,503752,-29.19,-4.36,0.26,P-V-,P-V-,P-V+,😴 弱勢縮量,58,44,78,57.8,,,,,,,,,,,,,,,,,,,,,,,,,,,,75,30,30,,30,剛爆發,,False,False
LHX,Industrials,L3Harris,2026-09-02,261.31,-9.75,-14.85,-27.78,-20.04,0.0,1559375,1513289,1465954,1.48,6.67,20.14,P-V+,P-V+,P-V+,📉 主力出貨,55,70,76,63.7,,,,,,,,,,,,,,,,,,,,,,,,,,,,76,30,30,,30,剛爆發,,False,False
GNRC,Industrials,Generac,2026-09-02,180.76,-14.4,-36.48,-19.79,-22.62,0.0,969355,1058109,979757,-19.92,17.38,-13.8,P-V-,P-V+,P-V-,➡️ 中性,76,81,68,75.9,,,,,,,,,,,,,,,,,,,,,,,,,,,,77,30,30,,30,剛爆發,,False,False
ROL,Industrials,"Rollins, Inc.",2026-09-02,35.71,-2.57,-20.33,-40.87,-26.16,0.0,4539290,5202147,4162559,-27.1,66.58,65.79,P-V-,P-V+,P-V+,➡️ 中性,22,78,81,50.6,,,,,,,,,,,,,,,,,,,,,,,,,,,,78,30,30,,30,剛爆發,,False,False
BLDR,Industrials,Builders FirstSource,2026-09-02,63.09,-12.99,-16.29,-39.51,-27.07,0.0,1914780,2237678,2443897,-17.43,-15.56,19.54,P-V-,P-V-,P-V+,😴 弱勢縮量,71,73,80,73.4,,,,,,,,,,,,,,,,,,,,,,,,,,,,79,30,30,,30,剛爆發,,False,False
PNR,Industrials,Pentair,2026-09-02,59.84,-14.39,-15.66,-39.22,-27.12,0.0,3873875,3224761,2551123,-2.28,71.76,83.63,P-V-,P-V+,P-V+,➡️ 中性,75,71,79,74.6,,,,,,,,,,,,,,,,,,,,,,,,,,,,80,30,30,,30,剛爆發,,False,False
LII,Industrials,Lennox International,2026-09-02,374.0,-14.17,-27.4,-34.03,-27.41,0.0,465225,481886,471720,-21.22,4.4,2.19,P-V-,P-V+,P-V+,➡️ 中性,74,80,77,76.4,,,,,,,,,,,,,,,,,,,,,,,,,,,,81,30,30,,30,剛爆發,,False,False
DELL,Information Technology,Dell Technologies,2026-09-02,492.2,12.46,13.26,233.97,123.41,1.0,7312205,7754529,8450923,12.69,-15.23,16.81,P+V+,P+V-,P+V+,➡️ 中性,9,10,1,7.7,43.14,63.99,False,True,435.26,16.81,1.393,False,514.0,514.0,-4.24,6.12,6.38,9.0,11.0,8656511.0,6212318.0,0.818,36720200.0,8896600.0,7927646.0,4.632,92.93,58.87,多頭,頭頭高·底底高,空轉多預警,1,15,1,6.6,1,吃老本,🔥 追高風險,False,True
SNDK,Information Technology,Sandisk,2026-09-02,1553.4,23.42,-9.49,144.49,75.73,0.667,13681515,13864533,15052470,-17.65,-14.63,20.44,P+V-,P-V-,P+V+,⚠️ 頂部背離,3,38,3,13.5,13.72,59.67,False,False,1569.34,14.04,1.059,False,2354.39,2354.39,-34.02,3.6,15.02,11.0,9.0,14032609.0,13252400.0,1.222,8939600.0,11211330.0,13878433.0,0.644,97.32,52.5,多頭,頭頭高·底底高,空轉多預警,2,10,27,10.2,3,吃老本,🔥 追高風險,False,True
HPE,Information Technology,Hewlett Packard Enterprise,2026-09-02,51.83,-1.14,-7.42,143.67,69.7,0.333,17841250,23499846,21925949,1.54,15.47,-14.38,P-V+,P-V+,P+V-,➡️ 中性,36,36,4,29.6,18.41,48.03,False,True,49.79,11.31,1.343,False,64.06,64.25,-19.09,-6.16,-2.61,8.0,12.0,21070600.0,15688350.0,0.667,60701300.0,19046720.0,18418093.0,3.296,79.47,48.47,多頭,頭頭高·底底高,,3,21,2,10.0,2,吃老本,🔥 追高風險,False,True
MRVL,Information Technology,Marvell Technology,2026-09-02,206.48,-1.93,-28.98,152.95,68.75,0.333,24293090,39450827,33364276,1.34,44.63,82.18,P-V+,P-V+,P+V+,⚠️ 中期出貨,40,63,2,39.3,0.99,0.64,False,False,223.16,23.58,0.948,False,329.8,329.88,-37.39,-15.76,-2.15,9.0,11.0,23587577.0,24870327.0,0.818,15224800.0,26315290.0,25858813.0,0.589,71.28,43.82,擴散,頭頭高·底底低,,4,28,28,18.4,20,吃老本,🔥 追高風險,False,True
MU,Information Technology,Micron Technology,2026-09-02,956.08,8.46,-10.14,131.98,65.57,0.667,28253625,44359143,45927780,-38.22,-6.61,59.74,P+V-,P-V-,P+V+,⚠️ 頂部背離,14,39,5,19.7,21.39,33.21,False,True,944.0,10.84,0.924,False,1254.81,1255.0,-23.81,1.88,7.04,10.0,10.0,27136660.0,29370590.0,1.0,21440500.0,23843390.0,26710540.0,0.803,86.15,53.23,多頭,頭頭高·底底高,空轉多預警,5,18,19,13.0,8,吃老本,🔥 追高風險,False,True
PANW,Information Technology,Palo Alto Networks,2026-09-02,328.48,-8.63,10.53,120.57,60.76,0.667,6060975,7128689,7614646,-3.62,-12.0,2.06,P-V-,P+V-,P+V+,➡️ 中性,56,14,7,33.6,4.35,6.62,False,False,347.57,18.5,0.983,False,398.88,398.88,-17.65,-3.19,-9.42,7.0,13.0,5995242.0,6096369.0,0.538,13214800.0,6909640.0,6224280.0,2.123,68.36,41.84,擴散,頭頭高·底底低,,6,30,3,15.0,12,吃老本,🔥 追高風險,False,True
CRWD,Information Technology,CrowdStrike,2026-09-02,203.42,-1.91,5.82,118.74,60.35,0.667,9964755,10835413,12670365,19.3,-25.3,4.77,P-V+,P+V-,P+V+,⚠️ 中期出貨,39,22,8,27.7,6.38,3.05,False,True,199.01,25.76,1.325,False,233.88,233.88,-13.02,7.53,-3.07,7.0,13.0,11852971.0,8948023.0,0.538,12386000.0,12843710.0,11004053.0,1.126,82.43,49.26,多頭,頭頭高·底底高,空轉多預警,7,19,9,12.2,6,吃老本,🔥 追高風險,False,True
AMD,Information Technology,Advanced Micro Devices,2026-09-02,457.06,-6.59,-12.36,128.29,59.41,0.333,18342950,26811030,32259380,-38.54,-28.9,-31.88,P-V-,P-V-,P+V-,⚠️ 主升段結束,52,42,6,39.8,3.21,5.82,False,False,501.65,8.56,0.974,False,584.73,584.73,-21.83,-4.96,-5.18,10.0,10.0,18102660.0,18583240.0,1.0,11938800.0,15190480.0,17281833.0,0.691,76.95,42.98,空頭,頭頭低·底底低,,8,24,24,17.6,18,吃老本,🔥 追高風險,False,True
FTNT,Information Technology,Fortinet,2026-09-02,154.54,-3.48,3.82,95.55,47.86,0.667,4536365,5657184,5905511,-17.78,-8.07,-3.02,P-V-,P+V-,P+V-,➡️ 中性,42,24,11,30.4,20.53,32.63,False,False,158.43,16.09,1.083,False,173.89,173.89,-11.13,-1.9,-5.84,8.0,12.0,4756000.0,4389941.0,0.667,5173700.0,4834530.0,4478073.0,1.155,74.69,46.34,多頭,頭頭高·底底高,空轉多預警,9,25,8,15.2,13,吃老本,,False,True
STX,Information Technology,Seagate Technology,2026-09-02,808.54,-5.21,-12.68,98.74,44.9,0.333,3923435,4682193,4330726,-29.58,17.66,0.09,P-V-,P-V+,P+V+,➡️ 中性,45,43,9,37.2,12.09,16.76,False,False,860.94,12.27,1.065,False,1144.18,1145.0,-29.33,-4.47,-3.48,10.0,10.0,4046490.0,3800380.0,1.0,2659200.0,3021020.0,3663460.0,0.726,79.76,44.56,多頭,頭頭高·底底高,,10,20,22,16.4,14,吃老本,,False,True
HPQ,Information Technology,HP Inc.,2026-09-02,31.99,13.52,18.65,73.27,44.68,1.0,15293230,15979983,17861015,1.47,-19.06,24.52,P+V+,P+V-,P+V+,➡️ 中性,7,6,14,8.1,19.99,20.26,False,True,26.84,19.32,0.987,False,32.55,32.55,-1.72,4.82,12.17,10.0,10.0,15193240.0,15393220.0,1.0,15201500.0,17550730.0,15860020.0,0.958,91.5,64.27,多頭,頭頭高·底底高,,11,16,12,13.2,9,,,False,True
INTC,Information Technology,Intel,2026-09-02,90.05,-9.78,-16.57,97.43,42.13,0.333,96743070,114432332,117332689,-16.19,-4.82,9.48,P-V-,P-V-,P+V+,😴 弱勢縮量,60,50,10,47.0,94.59,2108.68,False,False,102.15,9.56,1.056,False,142.35,142.35,-36.74,2.05,-10.89,10.0,10.0,99363140.0,94123000.0,1.0,61554500.0,81926900.0,90156600.0,0.683,77.76,42.77,收斂,頭頭低·底底高,多轉空預警 / 空轉多預警,12,23,26,19.2,21,吃老本,,False,True
NTAP,Information Technology,NetApp,2026-09-02,180.77,-5.59,3.23,84.03,41.43,0.667,2384455,2742623,2752241,-8.84,-0.7,26.28,P-V-,P+V-,P+V+,➡️ 中性,48,25,13,34.1,21.54,7.22,False,True,177.38,9.81,1.079,False,209.06,209.06,-13.53,-6.75,-3.12,8.0,12.0,2493812.0,2311550.0,0.667,3973500.0,2254760.0,2371326.0,1.676,74.31,43.33,多頭,頭頭高·底底高,,13,26,4,16.4,14,吃老本,,False,True
WDAY,Information Technology,"Workday, Inc.",2026-09-02,200.87,17.99,34.92,50.17,38.31,1.0,5039500,4875500,5076521,12.13,-7.62,38.7,P+V+,P+V-,P+V+,➡️ 中性,5,2,18,6.7,5.27,5.68,False,True,162.37,10.01,1.498,False,249.85,249.85,-19.6,5.31,17.72,9.0,11.0,6166333.0,4117545.0,0.818,2779200.0,4422670.0,5463080.0,0.509,100.0,62.12,多頭,頭頭高·底底高,,14,1,31,12.2,6,剛爆發,,False,True
ZBRA,Information Technology,Zebra Technologies,2026-09-02,351.11,-3.6,37.99,56.77,36.98,0.667,622785,797541,860643,-28.33,-13.66,29.85,P-V-,P+V-,P+V+,➡️ 中性,43,1,17,25.2,45.1,11.88,False,True,310.26,8.19,0.961,False,386.23,386.23,-9.09,-2.43,-4.85,8.0,12.0,608062.0,632600.0,0.667,517200.0,569390.0,606380.0,0.853,72.94,54.8,多頭,頭頭高·底底高,,15,27,17,20.2,25,吃老本,,False,True
DDOG,Information Technology,Datadog,2026-09-02,209.23,-8.75,-22.26,86.88,35.69,0.333,4981525,4869546,5177996,16.57,-11.24,3.52,P-V+,P-V-,P+V+,⚠️ 中期出貨,57,55,12,47.4,11.45,18.25,False,False,249.55,19.08,1.044,False,292.72,292.72,-28.52,-8.1,-26.11,8.0,12.0,5110225.0,4895725.0,0.667,6173900.0,3680130.0,3779653.0,1.633,59.36,36.26,擴散,頭頭高·底底低,空頭確認,16,31,5,19.8,23,吃老本,,False,True
CRM,Information Technology,Salesforce,2026-09-02,256.93,37.56,28.26,32.57,32.74,1.0,16340840,15208587,14549885,28.78,9.48,48.98,P+V+,P+V+,P+V+,⭐⭐⭐ 完美多頭,1,3,23,6.0,80.36,24.07,False,True,187.24,28.33,1.707,False,267.75,269.11,-4.04,24.95,33.14,10.0,10.0,20608920.0,12072760.0,1.0,14393700.0,19836150.0,17897353.0,0.804,100.0,80.05,收斂,頭頭低·底底高,多轉空預警 / 空轉多預警 / 多頭確認,17,1,18,10.8,4,剛爆發,🔥 追高風險,False,True
WDC,Information Technology,Western Digital,2026-09-02,448.9,-0.58,-20.26,60.61,25.1,0.333,7309655,8395190,8178433,-2.75,5.45,-13.51,P-V-,P-V+,P+V-,➡️ 中性,34,54,16,36.4,,,,,,,,,,,,,,,,,,,,,,,,,,,,18,32,32,,32,吃老本,,False,False
GEN,Information Technology,Gen Digital,2026-09-02,30.65,9.56,11.82,37.13,23.91,1.0,5901470,5691358,6691080,49.44,-26.0,38.95,P+V+,P+V-,P+V+,➡️ 中性,12,12,22,14.0,2.99,3.4,False,True,27.35,14.35,1.276,False,31.29,31.29,-2.05,3.41,10.14,13.0,7.0,6385015.0,5003457.0,1.857,4738600.0,6225640.0,5544540.0,0.855,100.0,64.51,多頭,頭頭高·底底高,空轉多預警 / 多頭確認,19,1,16,11.2,5,剛爆發,,False,True
FLEX,Information Technology,Flex Ltd.,2026-09-02,105.95,-13.62,-33.54,68.12,22.27,0.333,2826835,5827486,5275896,-43.06,23.35,20.23,P-V-,P-V+,P+V+,➡️ 中性,70,67,15,58.1,8.9,6.07,False,False,124.93,10.93,1.045,False,166.86,166.86,-36.5,-5.25,-13.07,9.0,11.0,2895144.0,2770945.0,0.818,2798800.0,2695490.0,2684780.0,1.042,70.62,38.14,收斂,頭頭低·底底高,空轉多預警,20,29,10,21.6,27,吃老本,,False,True
ANET,Information Technology,Arista Networks,2026-09-02,186.1,-3.23,6.14,39.4,20.43,0.667,6041350,7611309,8250555,-25.55,-14.38,-0.54,P-V-,P+V-,P+V-,➡️ 中性,41,21,20,30.8,,,,,,,,,,,,,,,,,,,,,,,,,,,,21,32,32,,32,吃老本,,False,False
FFIV,Information Technology,"F5, Inc.",2026-09-02,391.08,-5.32,-4.41,44.12,19.63,0.333,496770,609361,684556,-31.53,-19.79,-28.04,P-V-,P-V-,P+V-,⚠️ 主升段結束,46,33,19,36.7,,,,,,,,,,,,,,,,,,,,,,,,,,,,22,32,32,,32,吃老本,,False,False
NOW,Information Technology,ServiceNow,2026-09-02,136.72,16.51,7.11,26.58,19.19,1.0,18152015,23104007,24345851,-26.49,-9.71,113.31,P+V-,P+V-,P+V+,⚠️ 頂部背離,6,17,27,13.5,5.05,0.36,False,True,114.95,20.54,1.528,False,194.73,194.73,-29.79,8.68,16.64,11.0,9.0,21495509.0,14065522.0,1.222,14617700.0,17851600.0,18448080.0,0.792,100.0,59.86,收斂,頭頭低·底底高,多轉空預警 / 多頭確認,23,1,20,13.6,11,剛爆發,,False,True
ROP,Information Technology,Roper Technologies,2026-09-02,415.79,4.71,23.87,19.49,16.89,1.0,669580,957163,1099516,-23.75,-22.93,-11.37,P+V-,P+V-,P+V-,⚠️ 量能衰竭,21,4,36,18.9,1.78,3.49,False,True,380.6,5.94,1.09,False,525.38,530.0,-20.86,0.61,5.39,12.0,8.0,692375.0,635387.0,1.5,646500.0,645990.0,682146.0,0.948,95.05,61.13,多頭,頭頭高·底底高,多頭確認,24,12,13,17.0,16,剛爆發,,False,True
PLTR,Information Technology,Palantir Technologies,2026-09-02,169.46,8.68,11.36,23.52,16.77,1.0,35818705,41067901,44133366,-17.33,-12.99,-14.96,P+V-,P+V-,P+V-,⚠️ 量能衰竭,13,13,29,16.2,18.51,18.08,False,True,147.17,12.67,1.294,False,207.52,207.52,-18.34,-4.53,6.96,9.0,11.0,40929722.0,31636963.0,0.818,39874000.0,31187470.0,30750486.0,1.297,87.28,52.2,空頭,頭頭低·底底低,多頭確認,25,17,6,18.0,19,剛爆發,,False,True
MSFT,Information Technology,Microsoft,2026-09-02,496.82,-0.42,12.79,27.01,16.6,0.667,24150765,37121926,35989873,-38.56,6.5,35.5,P-V-,P+V+,P+V+,➡️ 中性,33,11,25,24.8,11.81,4.9,False,True,437.7,7.91,1.107,False,549.2,553.72,-9.54,0.09,2.11,12.0,8.0,25124825.0,22689675.0,1.5,15336100.0,22152830.0,22298013.0,0.688,93.18,61.15,多頭,頭頭高·底底高,,26,14,25,21.0,26,剛爆發,,False,True
GDDY,Information Technology,GoDaddy,2026-09-02,101.87,12.75,15.04,16.88,15.39,1.0,1805760,2217940,2307993,-10.02,-7.51,38.56,P+V-,P+V-,P+V+,⚠️ 頂部背離,8,9,39,14.5,8.01,5.44,False,True,92.57,9.02,0.979,False,150.47,150.47,-32.3,6.63,11.01,13.0,7.0,1792369.0,1830628.0,1.857,1777600.0,1703760.0,1782480.0,0.997,100.0,59.82,收斂,頭頭低·底底高,多轉空預警 / 空轉多預警,27,1,11,13.4,10,剛爆發,,False,True
CDW,Information Technology,CDW Corporation,2026-09-02,148.67,5.22,6.91,22.53,14.3,1.0,1734745,1959684,1918985,-17.63,4.33,18.57,P+V-,P+V+,P+V+,⚠️ 頂部背離,20,19,32,22.1,,,,,,,,,,,,,,,,,,,,,,,,,,,,28,32,32,,32,,,False,False
NVDA,Information Technology,Nvidia,2026-09-02,224.41,2.47,0.83,26.8,14.23,1.0,126398900,138669927,153996713,-2.97,-18.1,-16.03,P+V-,P+V-,P+V-,⚠️ 量能衰竭,24,30,26,26.2,,,,,,,,,,,,,,,,,,,,,,,,,,,,29,32,32,,32,,,False,False
CSCO,Information Technology,Cisco,2026-09-02,109.46,-9.45,-14.16,39.02,13.61,0.333,19718455,22445561,22918113,-5.94,-4.04,8.71,P-V-,P-V-,P+V+,😴 弱勢縮量,59,46,21,47.5,,,,,,,,,,,,,,,,,,,,,,,,,,,,30,32,32,,32,,,False,False
AAPL,Information Technology,Apple Inc.,2026-09-02,324.96,4.11,3.19,23.23,13.44,1.0,39843060,54469760,49620087,-29.38,21.66,0.97,P+V-,P+V+,P+V+,⚠️ 頂部背離,22,26,31,25.0,,,,,,,,,,,,,,,,,,,,,,,,,,,,31,32,32,,32,,,False,False
TYL,Information Technology,Tyler Technologies,2026-09-02,374.88,22.38,19.56,5.69,13.33,1.0,970190,910836,757703,17.17,50.66,59.05,P+V+,P+V+,P+V+,⭐⭐⭐ 完美多頭,4,5,50,13.5,0.36,2.73,False,True,321.74,11.13,0.591,False,566.58,566.58,-33.83,6.3,22.28,13.0,7.0,780746.0,1322014.0,1.857,823600.0,1222930.0,1070686.0,0.769,100.0,68.79,多頭,頭頭高·底底高,多頭確認,32,1,21,17.4,17,剛爆發,,False,True
VRSN,Information Technology,Verisign,2026-09-02,289.96,-0.59,-2.22,27.92,13.26,0.333,690655,798633,823011,-19.06,-5.75,-1.25,P-V-,P-V-,P+V-,⚠️ 主升段結束,35,32,24,31.9,,,,,,,,,,,,,,,,,,,,,,,,,,,,33,32,32,,32,,,False,False
IT,Information Technology,Gartner,2026-09-02,186.75,1.04,9.45,18.8,12.02,1.0,1282910,1414447,1520625,-15.54,-13.05,13.97,P+V-,P+V-,P+V+,⚠️ 頂部背離,27,15,37,25.4,17.06,13.64,False,True,161.41,8.51,0.89,False,265.85,265.85,-29.75,-3.22,0.18,10.0,10.0,1207890.0,1357930.0,1.0,690700.0,1064280.0,1250720.0,0.552,79.39,53.96,多頭,頭頭高·底底高,空轉多預警,34,22,30,28.4,31,剛爆發,,False,True
SWKS,Information Technology,Skyworks Solutions,2026-09-02,71.67,7.23,-9.42,21.34,10.12,0.667,5433915,5670289,4816880,-7.88,43.06,51.9,P+V-,P-V+,P+V+,⚠️ 頂部背離,16,37,34,25.9,,,,,,,,,,,,,,,,,,,,,,,,,,,,35,32,32,,32,,,False,False
LITE,Information Technology,Lumentum,2026-09-02,870.58,3.88,-15.41,24.21,9.22,0.667,4778410,5019826,5782515,5.55,-23.31,33.43,P+V+,P-V-,P+V+,➡️ 中性,23,47,28,31.2,,,,,,,,,,,,,,,,,,,,,,,,,,,,36,32,32,,32,,,False,False
SMCI,Information Technology,Supermicro,2026-09-02,37.0,25.94,-26.25,14.23,7.04,0.667,53398675,56390564,48265830,21.91,40.48,67.32,P+V+,P-V+,P+V+,➡️ 中性,2,60,41,27.2,77.55,34.51,False,True,31.44,14.49,1.672,False,58.78,58.78,-37.05,-1.04,22.03,11.0,9.0,65194700.0,38981311.0,1.222,33258800.0,36335760.0,46087833.0,0.722,100.0,56.28,多頭,頭頭高·底底高,,37,1,23,19.8,23,剛爆發,,False,True
LRCX,Information Technology,Lam Research,2026-09-02,288.32,-5.71,-13.72,23.51,6.9,0.333,7397480,11202578,10523576,-36.5,13.79,-8.34,P-V-,P-V+,P+V-,➡️ 中性,50,45,30,44.5,,,,,,,,,,,,,,,,,,,,,,,,,,,,38,32,32,,32,剛爆發,,False,False
ADBE,Information Technology,Adobe Inc.,2026-09-02,279.79,7.51,6.75,6.62,6.88,1.0,4282800,6177690,5853580,-21.0,11.72,26.05,P+V-,P+V+,P+V+,⚠️ 頂部背離,15,20,49,23.3,2.5,3.18,True,True,245.6,10.49,1.285,False,370.86,370.86,-24.56,2.31,7.89,11.0,9.0,4758009.0,3701988.0,1.222,3855000.0,4101840.0,4218886.0,0.914,96.49,58.43,多頭,頭頭高·底底高,多頭確認,39,11,15,23.0,28,剛爆發,,False,True
CTSH,Information Technology,Cognizant,2026-09-02,63.4,12.1,15.65,-0.32,6.78,0.667,7174590,10330101,8678355,-25.2,47.01,67.44,P+V-,P+V+,P-V+,➡️ 中性,10,7,61,19.3,-0.66,4.98,False,True,51.32,8.36,1.056,False,85.48,87.03,-25.83,2.11,14.33,14.0,6.0,7290685.0,6903700.0,2.333,5852000.0,5827860.0,6200480.0,0.944,100.0,68.79,收斂,頭頭低·底底高,空轉多預警 / 多頭確認,40,1,14,19.2,21,剛爆發,,False,False
APH,Information Technology,Amphenol,2026-09-02,80.04,-6.17,8.03,9.98,5.46,0.667,11230169,14925980,17254779,-20.35,-23.78,-2.69,P-V-,P+V-,P+V-,➡️ 中性,51,16,44,39.1,,,,,,,,,,,,,,,,,,,,,,,,,,,,41,32,32,,32,剛爆發,,False,False
QCOM,Information Technology,Qualcomm,2026-09-02,169.96,5.97,-29.17,20.6,4.5,0.667,9167825,15124666,17125797,-30.82,-20.92,79.44,P+V-,P-V-,P+V+,⚠️ 頂部背離,19,66,35,36.3,,,,,,,,,,,,,,,,,,,,,,,,,,,,42,32,32,,32,剛爆發,,False,False
TXN,Information Technology,Texas Instruments,2026-09-02,254.8,-8.48,-16.88,21.35,4.34,0.333,5581255,8092275,7720550,-31.12,10.12,0.09,P-V-,P-V+,P+V+,➡️ 中性,55,51,33,49.4,,,,,,,,,,,,,,,,,,,,,,,,,,,,43,32,32,,32,剛爆發,,False,False
MSI,Information Technology,Motorola Solutions,2026-09-02,478.92,1.02,15.63,-0.13,4.1,0.667,1012550,1010335,1054464,14.56,-8.03,-11.06,P+V+,P+V-,P-V-,✨ 反彈初期,28,8,60,28.4,14.45,3.83,False,True,441.77,4.82,1.178,False,494.85,494.85,-3.22,-1.72,9.31,11.0,9.0,1086563.0,922088.0,1.222,1281900.0,1013060.0,1012360.0,1.266,93.85,58.72,多頭,頭頭高·底底高,空轉多預警,44,13,7,24.2,29,剛爆發,🎯 潛在暴漲,True,True
AMAT,Information Technology,Applied Materials,2026-09-02,438.46,-16.79,-10.43,18.04,2.22,0.333,7276935,9472095,8111727,-8.9,40.3,2.36,P-V-,P-V+,P+V+,➡️ 中性,71,40,38,55.1,,,,,,,,,,,,,,,,,,,,,,,,,,,,45,32,32,,32,剛爆發,,False,False
KLAC,Information Technology,KLA Corporation,2026-09-02,172.26,-10.75,-15.68,13.26,0.03,0.333,9162410,12569824,11219050,-24.27,27.38,8.81,P-V-,P-V+,P+V+,➡️ 中性,62,48,42,53.8,,,,,,,,,,,,,,,,,,,,,,,,,,,,46,32,32,,32,剛爆發,,False,False
ADSK,Information Technology,Autodesk,2026-09-02,241.73,-0.31,2.14,-1.68,-0.38,0.333,1869875,2487880,2318143,-14.26,15.8,34.76,P-V-,P+V+,P-V+,➡️ 中性,32,28,63,37.0,,,,,,,,,,,,,,,,,,,,,,,,,,,,47,32,32,,32,剛爆發,,False,False
KEYS,Information Technology,Keysight Technologies,2026-09-02,321.58,-4.56,-7.21,4.64,-0.63,0.333,1436505,1441503,1477760,15.91,-4.79,21.4,P-V+,P-V-,P+V+,⚠️ 中期出貨,44,35,51,42.7,,,,,,,,,,,,,,,,,,,,,,,,,,,,48,32,32,,32,剛爆發,,False,False
PTC,Information Technology,PTC Inc.,2026-09-02,149.13,1.0,4.77,-4.76,-0.94,0.667,1149390,1679555,1490028,-28.32,29.15,60.4,P+V-,P+V+,P-V+,➡️ 中性,29,23,66,34.6,,,,,,,,,,,,,,,,,,,,,,,,,,,,49,32,32,,32,剛爆發,,False,False
ACN,Information Technology,Accenture,2026-09-02,187.68,9.68,2.0,-8.23,-1.19,0.667,4998815,8237336,7322241,-36.31,28.56,51.48,P+V-,P+V+,P-V+,➡️ 中性,11,29,68,27.8,2.46,3.26,False,True,158.89,6.37,0.969,False,285.21,291.09,-34.2,3.47,9.93,13.0,7.0,4943253.0,5102000.0,1.857,2876300.0,4526620.0,5172713.0,0.556,100.0,63.7,收斂,頭頭低·底底高,空轉多預警 / 多頭確認,50,1,29,26.2,30,剛爆發,,False,True
AVGO,Information Technology,Broadcom,2026-09-02,367.24,-12.68,-23.62,15.35,-1.4,0.333,20232050,25781876,24870374,2.37,7.61,-8.0,P-V+,P-V+,P+V-,➡️ 中性,68,56,40,58.8,,,,,,,,,,,,,,,,,,,,,,,,,,,,51,32,32,,32,剛爆發,,False,False
JBL,Information Technology,Jabil,2026-09-02,299.39,-13.12,-19.75,13.03,-1.7,0.333,952975,1229983,1227089,-10.41,0.47,-4.05,P-V-,P-V+,P+V-,➡️ 中性,69,53,43,59.0,,,,,,,,,,,,,,,,,,,,,,,,,,,,52,32,32,,32,剛爆發,,False,False
TER,Information Technology,Teradyne,2026-09-02,341.62,-11.24,-12.99,6.79,-2.66,0.333,2450870,3972853,3761358,-34.83,11.92,7.29,P-V-,P-V+,P+V+,➡️ 中性,63,44,48,54.3,,,,,,,,,,,,,,,,,,,,,,,,,,,,53,32,32,,32,剛爆發,,False,False
SNPS,Information Technology,Synopsys,2026-09-02,415.97,2.46,-18.17,0.48,-3.69,0.667,1664980,1910690,1923674,-16.21,-1.34,-24.62,P+V-,P-V-,P+V-,⚠️ 量能背離,25,52,59,39.9,,,,,,,,,,,,,,,,,,,,,,,,,,,,54,32,32,,32,剛爆發,,False,False
INTU,Information Technology,Intuit,2026-09-02,342.94,6.53,6.93,-15.53,-4.4,0.667,3981580,4740475,4472040,-2.63,12.77,77.74,P+V-,P+V+,P-V+,➡️ 中性,18,18,72,28.8,,,,,,,,,,,,,,,,,,,,,,,,,,,,55,32,32,,32,剛爆發,,False,False
ADI,Information Technology,Analog Devices,2026-09-02,355.71,-5.44,-15.69,0.87,-4.85,0.333,3553615,4435829,4182102,-9.49,12.92,12.73,P-V-,P-V+,P+V+,➡️ 中性,47,49,58,49.8,,,,,,,,,,,,,,,,,,,,,,,,,,,,56,32,32,,32,剛爆發,,False,False
TRMB,Information Technology,Trimble Inc.,2026-09-02,59.11,0.96,2.37,-11.6,-4.97,0.667,4004140,3302536,2706095,59.03,56.54,73.01,P+V+,P+V+,P-V+,🚀 健康多頭,30,27,71,37.3,,,,,,,,,,,,,,,,,,,,,,,,,,,,57,32,32,,32,剛爆發,,False,False
MPWR,Information Technology,Monolithic Power Systems,2026-09-02,1219.36,-10.28,-24.85,7.08,-5.24,0.333,580280,910913,760525,-39.42,49.3,21.92,P-V-,P-V+,P+V+,➡️ 中性,61,59,46,57.4,,,,,,,,,,,,,,,,,,,,,,,,,,,,58,32,32,,32,剛爆發,,False,False
NXPI,Information Technology,NXP Semiconductors,2026-09-02,228.5,-1.42,-29.15,1.52,-6.88,0.333,2967130,4079872,3717499,-35.14,21.6,36.68,P-V-,P-V+,P+V+,➡️ 中性,37,65,56,49.2,,,,,,,,,,,,,,,,,,,,,,,,,,,,59,32,32,,32,剛爆發,,False,False
MCHP,Information Technology,Microchip Technology,2026-09-02,72.76,-1.56,-24.51,-1.44,-7.24,0.0,9153515,11281795,10617519,-15.86,13.35,25.07,P-V-,P-V+,P-V+,➡️ 中性,38,58,62,48.8,,,,,,,,,,,,,,,,,,,,,,,,,,,,60,32,32,,32,剛爆發,,False,False
AKAM,Information Technology,Akamai Technologies,2026-09-02,105.09,-11.35,-34.45,6.81,-8.05,0.333,3388945,3659044,4612319,2.3,-34.26,53.99,P-V+,P-V-,P+V+,⚠️ 中期出貨,64,68,47,61.8,,,,,,,,,,,,,,,,,,,,,,,,,,,,61,32,32,,32,剛爆發,,False,False
CDNS,Information Technology,Cadence Design Systems,2026-09-02,306.67,-9.38,-26.35,1.75,-8.06,0.333,2107425,2358890,2371783,-11.8,-1.08,19.91,P-V-,P-V-,P+V+,😴 弱勢縮量,58,61,54,58.1,,,,,,,,,,,,,,,,,,,,,,,,,,,,62,32,32,,32,剛爆發,,False,False
IBM,Information Technology,IBM,2026-09-02,231.7,-0.03,-29.12,-2.14,-8.35,0.0,4902175,9331198,8361810,-65.56,26.23,62.32,P-V-,P-V+,P-V+,➡️ 中性,31,64,64,47.5,,,,,,,,,,,,,,,,,,,,,,,,,,,,63,32,32,,32,剛爆發,,False,False
ON,Information Technology,ON Semiconductor,2026-09-02,72.34,-7.65,-43.77,8.81,-8.45,0.333,7144535,10962498,10587196,-31.8,7.35,19.5,P-V-,P-V+,P+V+,➡️ 中性,53,73,45,57.4,,,,,,,,,,,,,,,,,,,,,,,,,,,,64,32,32,,32,剛爆發,,False,False
TEL,Information Technology,TE Connectivity,2026-09-02,202.21,-5.62,-5.46,-11.46,-8.5,0.0,1942820,2427201,2505436,-32.59,-6.06,28.76,P-V-,P-V-,P-V+,😴 弱勢縮量,49,34,70,48.7,,,,,,,,,,,,,,,,,,,,,,,,,,,,65,32,32,,32,剛爆發,,False,False
TDY,Information Technology,Teledyne Technologies,2026-09-02,606.36,-11.8,-2.01,-10.97,-8.94,0.0,251600,345435,336023,-45.31,5.76,-0.58,P-V-,P-V+,P-V-,➡️ 中性,66,31,69,56.1,,,,,,,,,,,,,,,,,,,,,,,,,,,,66,32,32,,32,剛爆發,,False,False
ORCL,Information Technology,Oracle Corporation,2026-09-02,145.75,1.59,-40.2,0.94,-9.18,0.667,22440300,31344943,29374307,-41.79,14.38,10.01,P+V-,P-V+,P+V+,⚠️ 頂部背離,26,71,57,45.7,,,,,,,,,,,,,,,,,,,,,,,,,,,,67,32,32,,32,剛爆發,,False,False
GLW,Information Technology,Corning Inc.,2026-09-02,144.13,-8.13,-27.94,-3.83,-10.93,0.0,8986985,13613113,13371586,-36.13,3.68,64.02,P-V-,P-V+,P-V+,➡️ 中性,54,62,65,58.6,,,,,,,,,,,,,,,,,,,,,,,,,,,,68,32,32,,32,剛爆發,,False,False
FSLR,Information Technology,First Solar,2026-09-02,202.6,-17.01,-34.86,2.74,-11.6,0.333,2155985,2198653,2265223,-2.97,-5.71,-3.68,P-V-,P-V-,P+V-,⚠️ 主升段結束,72,69,53,67.3,,,,,,,,,,,,,,,,,,,,,,,,,,,,69,32,32,,32,剛爆發,,False,False
COHR,Information Technology,Coherent Corp.,2026-09-02,268.64,-19.62,-37.07,3.75,-12.3,0.333,7330445,6101456,6782663,46.36,-18.25,50.89,P-V+,P-V-,P+V+,⚠️ 中期出貨,73,70,52,67.9,,,,,,,,,,,,,,,,,,,,,,,,,,,,70,32,32,,32,剛爆發,,False,False
FICO,Information Technology,Fair Isaac,2026-09-02,1099.45,6.55,-12.16,-21.99,-12.4,0.333,265530,308983,345262,-25.28,-19.02,19.84,P+V-,P-V-,P-V+,➡️ 中性,17,41,73,35.4,,,,,,,,,,,,,,,,,,,,,,,,,,,,71,32,32,,32,剛爆發,,False,False
Q,Information Technology,Qnity Electronics,2026-09-02,117.69,-11.7,-24.38,-7.05,-12.54,0.0,1695605,1968640,1951809,-13.52,1.74,,P-V-,P-V+,,資料不足,65,57,67,63.0,,,,,,,,,,,,,,,,,,,,,,,,,,,,72,32,32,,32,剛爆發,,False,False
CIEN,Information Technology,Ciena,2026-09-02,354.16,-12.28,-43.52,1.57,-13.17,0.333,1993245,2676592,2687246,-0.54,-0.79,-13.3,P-V-,P-V-,P+V-,⚠️ 主升段結束,67,72,55,66.1,,,,,,,,,,,,,,,,,,,,,,,,,,,,73,32,32,,32,剛爆發,,False,False
CF,Materials,CF Industries,2026-09-02,139.27,19.92,23.36,41.21,31.43,1.0,2650720,2590755,3652200,22.6,-45.04,51.79,P+V+,P+V-,P+V+,➡️ 中性,1,1,2,1.2,-15.07,45.68,False,True,119.5,15.28,1.329,False,141.27,141.96,-1.42,10.8,19.94,12.0,8.0,2942091.0,2213662.0,1.5,4506500.0,2866060.0,2588086.0,1.741,100.0,72.29,多頭,頭頭高·底底高,空轉多預警 / 多頭確認,1,1,2,1.2,1,,,False,False
NUE,Materials,Nucor,2026-09-02,263.97,-2.95,2.38,50.11,24.91,0.667,1404055,1561829,1528264,0.01,4.49,-6.67,P-V+,P+V+,P+V-,➡️ 中性,17,16,1,13.5,6.94,14.67,False,True,247.83,10.04,0.815,False,280.11,280.11,-5.76,4.42,-3.92,10.0,10.0,1260690.0,1547420.0,1.0,1155500.0,1419560.0,1524960.0,0.758,78.67,58.53,多頭,頭頭高·底底高,空轉多預警,2,13,19,9.8,8,吃老本,,False,True
CTVA,Materials,Corteva,2026-09-02,89.97,17.31,16.23,13.05,14.91,1.0,4596605,4476550,4161720,4.05,16.37,-1.93,P+V+,P+V+,P+V-,🚀 健康多頭,3,5,6,4.2,2.93,27.11,False,True,82.89,14.49,1.148,False,90.78,90.97,-0.89,8.79,14.61,12.0,8.0,4846241.0,4222150.0,1.5,8787900.0,5304800.0,4616726.0,1.903,100.0,72.87,擴散,頭頭高·底底低,,3,1,1,1.8,2,,,False,True
LYB,Materials,LyondellBasell,2026-09-02,66.57,9.47,-0.08,19.59,12.14,0.667,3793390,4781333,6234560,-19.15,-37.81,12.72,P+V-,P-V-,P+V+,⚠️ 頂部背離,6,17,4,8.9,25.6,76.13,False,True,59.81,10.71,1.002,False,82.22,83.94,-19.04,6.31,13.94,14.0,6.0,3795957.0,3787400.0,2.333,3052500.0,3164240.0,3618080.0,0.844,100.0,62.24,多頭,頭頭高·底底高,,4,1,15,5.0,3,,,False,True
STLD,Materials,Steel Dynamics,2026-09-02,247.64,-5.29,-8.55,28.91,11.0,0.333,1177785,1242147,1202985,-1.25,6.73,-7.05,P-V-,P-V+,P+V-,➡️ 中性,21,21,3,17.4,0.56,-0.19,False,True,242.01,13.04,1.155,False,288.09,288.74,-14.04,4.98,-6.89,9.0,11.0,1271700.0,1100945.0,0.818,1192400.0,1308400.0,1253086.0,0.952,80.34,54.07,收斂,頭頭低·底底高,多轉空預警 / 空轉多預警,5,11,10,8.4,6,吃老本,,False,True
APD,Materials,Air Products,2026-09-02,309.45,3.18,11.49,13.66,10.5,1.0,921060,1237392,1238544,-20.7,-0.19,-10.31,P+V-,P+V-,P+V-,⚠️ 量能衰竭,9,9,5,8.2,3.8,4.54,False,True,299.07,5.25,0.904,False,314.87,314.87,-1.72,0.91,4.87,13.0,7.0,888069.0,982328.0,1.857,882800.0,1108520.0,981766.0,0.899,96.96,58.02,多頭,頭頭高·底底高,空轉多預警,6,6,11,7.0,4,,,False,True
IFF,Materials,International Flavors & Fragrances,2026-09-02,86.94,2.83,19.33,6.91,9.0,1.0,1432405,1799604,1825663,-20.03,-2.81,-13.99,P+V-,P+V-,P+V-,⚠️ 量能衰竭,10,3,8,7.5,-26.57,16.51,False,True,81.06,8.34,0.782,False,89.32,89.32,-2.66,-0.21,-1.28,10.0,10.0,1257380.0,1607430.0,1.0,1288800.0,1411340.0,1303400.0,0.989,77.84,60.2,多頭,頭頭高·底底高,空轉多預警,7,15,8,10.4,11,吃老本,,False,False
FCX,Materials,Freeport-McMoRan,2026-09-02,73.93,8.43,3.33,9.1,7.49,1.0,14202165,14875033,15613100,-2.28,-9.03,-16.46,P+V-,P+V-,P+V-,⚠️ 量能衰竭,7,15,7,9.4,18.5,21.95,False,True,65.98,16.44,1.17,False,80.24,80.24,-7.86,-6.42,6.54,10.0,10.0,15316130.0,13088200.0,1.0,11960300.0,17367350.0,15212760.0,0.786,86.84,56.07,多頭,頭頭高·底底高,,8,9,17,10.2,10,,,False,True
NEM,Materials,Newmont,2026-09-02,125.16,18.71,14.3,-3.3,6.6,0.667,8395385,8256267,8747900,16.92,-10.64,-16.06,P+V+,P+V-,P-V-,✨ 反彈初期,2,6,13,5.4,5.68,33.45,False,True,105.77,10.64,0.876,False,135.29,135.29,-7.49,-4.89,20.01,13.0,7.0,7999353.0,9130871.0,1.857,6341800.0,9048320.0,8369226.0,0.758,100.0,59.02,多頭,頭頭高·底底高,空轉多預警,9,1,19,7.8,5,剛爆發,,False,True
AMCR,Materials,Amcor,2026-09-02,46.68,-0.81,21.53,-2.01,4.18,0.333,3682825,3597044,4459465,0.43,-32.41,-8.97,P-V+,P+V-,P-V-,➡️ 中性,14,2,12,10.0,4.24,0.55,False,True,45.2,7.36,0.988,False,49.46,50.94,-5.61,-1.0,-2.24,8.0,12.0,3655112.0,3701300.0,0.667,3134800.0,3522760.0,3593706.0,0.872,75.54,52.92,多頭,頭頭高·底底高,,10,16,14,13.2,14,吃老本,,False,True
BALL,Materials,Ball Corporation,2026-09-02,63.3,0.59,18.14,-4.77,2.3,0.667,1617510,2319226,2421603,-16.8,-8.11,-5.81,P+V-,P+V-,P-V-,➡️ 中性,12,4,15,10.2,4.27,11.31,False,True,62.65,4.96,1.069,False,67.62,68.29,-6.39,-0.86,0.02,8.0,12.0,1682250.0,1574350.0,0.667,1998000.0,1556870.0,1566053.0,1.276,78.37,53.34,收斂,頭頭低·底底高,多轉空預警,11,14,5,11.0,13,,,False,True
MOS,Materials,Mosaic Company (The),2026-09-02,25.78,9.89,10.64,-5.67,2.3,0.667,7762010,8636820,9322252,1.21,-13.7,49.64,P+V+,P+V-,P-V+,➡️ 中性,4,10,16,8.2,-5.88,-77.32,False,True,22.55,15.23,1.329,False,35.98,36.99,-28.35,6.71,10.12,9.0,11.0,8985811.0,6760718.0,0.818,9837500.0,8553320.0,8220533.0,1.197,94.29,68.07,擴散,頭頭高·底底低,多頭確認,11,8,7,9.0,7,,,False,True
DOW,Materials,Dow Inc.,2026-09-02,31.28,4.43,-8.86,4.02,0.9,0.667,8085405,10556692,12382912,-20.29,-25.7,-3.64,P+V-,P-V-,P+V-,⚠️ 量能背離,8,22,9,12.4,12.62,51.7,False,True,29.66,11.79,1.033,False,41.82,42.74,-25.21,4.33,6.65,11.0,8.0,8284000.0,8018875.0,1.375,7906700.0,8808110.0,8118660.0,0.974,94.43,55.83,多頭,頭頭高·底底高,,13,7,9,9.8,8,剛爆發,,False,True
SW,Materials,Smurfit Westrock,2026-09-02,45.36,-2.46,8.37,-1.52,0.72,0.333,4505670,5430575,5449070,-13.74,-0.68,1.33,P-V-,P+V-,P-V+,➡️ 中性,16,13,11,14.1,-16.91,-17.35,False,False,46.45,11.21,0.916,False,51.52,52.65,-11.96,-8.47,-5.56,7.0,13.0,4252042.0,4642238.0,0.538,3695200.0,4847240.0,4645553.0,0.795,67.38,41.5,收斂,頭頭低·底底高,多轉空預警 / 空頭確認,14,19,16,16.4,18,,,False,True
PKG,Materials,Packaging Corporation of America,2026-09-02,233.54,-7.6,4.56,1.86,0.17,0.667,497445,626627,773453,-33.46,-31.91,-11.12,P-V-,P+V-,P+V-,➡️ 中性,23,14,10,17.7,1.62,12.54,False,False,242.44,11.53,1.02,False,259.98,259.98,-10.17,-5.33,-8.78,7.0,13.0,503757.0,494046.0,0.538,669500.0,551320.0,503073.0,1.331,68.52,37.25,多頭,頭頭高·底底高,,15,18,3,13.8,15,,,False,True
AVY,Materials,Avery Dennison,2026-09-02,174.42,0.83,12.43,-9.63,-1.5,0.667,1046745,880960,769650,21.85,33.82,11.85,P+V+,P+V+,P-V+,🚀 健康多頭,11,8,20,11.9,17.0,1.81,False,True,168.71,7.65,0.525,False,196.15,199.54,-11.08,-3.78,-0.08,9.0,11.0,698733.0,1331481.0,0.818,904200.0,1357640.0,1155353.0,0.783,69.89,50.0,擴散,頭頭高·底底低,,16,17,18,16.8,19,,,False,True
LIN,Materials,Linde plc,2026-09-02,487.45,-0.54,-1.4,-3.43,-2.2,0.0,1880760,2238098,2282296,-13.73,-3.8,-7.72,P-V-,P-V-,P-V-,🧊 熊市縮量,13,18,14,14.7,0.66,1.4,False,False,503.08,3.1,1.021,False,548.2,548.2,-11.08,-0.59,-0.73,11.0,9.0,1898409.0,1859188.0,1.222,1154200.0,1771820.0,1884986.0,0.612,85.53,46.56,空頭,頭頭低·底底低,,17,10,21,15.0,17,剛爆發,,False,True
ECL,Materials,Ecolab,2026-09-02,279.9,-1.26,9.52,-8.74,-2.3,0.333,1420705,1501718,1551983,16.06,-6.27,13.36,P-V+,P+V-,P-V+,➡️ 中性,15,11,19,14.6,0.48,0.17,False,True,278.79,5.93,1.106,False,307.6,309.27,-9.01,-3.68,-1.95,9.0,11.0,1499922.0,1355890.0,0.818,1383300.0,1554280.0,1547433.0,0.894,78.99,47.99,多頭,頭頭高·底底高,,18,12,12,14.4,16,剛爆發,,False,True
SHW,Materials,Sherwin-Williams,2026-09-02,331.25,-8.64,13.32,-7.99,-2.83,0.333,1588330,2197286,2038316,-24.74,16.92,9.06,P-V-,P+V+,P-V+,➡️ 中性,24,7,17,17.5,5.13,3.56,False,False,342.48,7.76,0.892,False,375.09,377.77,-11.69,-4.99,-10.19,7.0,13.0,1472914.0,1650476.0,0.538,1401400.0,1600160.0,1586406.0,0.883,65.58,39.34,多頭,頭頭高·底底高,空頭確認,19,20,13,18.2,21,,,False,True
PPG,Materials,PPG Industries,2026-09-02,111.31,-4.4,-1.44,-8.55,-5.74,0.0,1261900,1783672,1956263,-36.25,-16.21,-0.96,P-V-,P-V-,P-V-,🧊 熊市縮量,19,19,18,18.8,,,,,,,,,,,,,,,,,,,,,,,,,,,,20,22,22,,22,,,False,False
IP,Materials,International Paper,2026-09-02,36.3,-9.42,8.52,-14.44,-7.44,0.333,3745740,5276969,6059610,-37.02,-22.88,12.17,P-V-,P+V-,P-V+,➡️ 中性,25,12,22,20.5,205.43,5.41,False,False,39.24,15.39,0.854,False,48.47,50.25,-25.11,-12.3,-13.1,5.0,15.0,3320220.0,3887580.0,0.333,4995900.0,4059300.0,3782560.0,1.321,57.16,33.87,收斂,頭頭低·底底高,多轉空預警 / 空頭確認,21,21,4,17.6,20,,,False,True
VMC,Materials,Vulcan Materials Company,2026-09-02,263.93,-6.11,-6.18,-14.37,-10.26,0.0,877575,1097973,1168406,-19.76,-11.37,21.95,P-V-,P-V-,P-V+,😴 弱勢縮量,22,20,21,21.2,,,,,,,,,,,,,,,,,,,,,,,,,,,,22,22,22,,22,,,False,False
ALB,Materials,Albemarle Corporation,2026-09-02,137.75,9.83,-19.6,-22.51,-13.7,0.333,2065035,2287726,2182650,-4.91,10.12,-36.99,P+V-,P-V+,P-V-,➡️ 中性,5,25,24,14.8,15.71,124.6,False,True,128.59,9.55,1.206,False,220.44,221.0,-37.51,2.41,15.91,12.0,8.0,2216250.0,1838212.0,1.5,2394900.0,1939110.0,1909186.0,1.254,100.0,57.15,收斂,頭頭低·底底高,空轉多預警,23,1,6,10.8,12,剛爆發,,False,True
MLM,Materials,Martin Marietta Materials,2026-09-02,517.07,-3.78,-10.23,-23.25,-15.13,0.0,587375,608260,571480,-0.66,13.76,37.34,P-V-,P-V+,P-V+,➡️ 中性,18,23,25,20.9,,,,,,,,,,,,,,,,,,,,,,,,,,,,24,22,22,,22,,,False,False
CRH,Materials,CRH plc,2026-09-02,92.67,-4.73,-12.65,-21.9,-15.29,0.0,4467960,4443101,4890659,7.8,-16.77,-13.89,P-V+,P-V-,P-V-,➡️ 中性,20,24,23,21.8,,,,,,,,,,,,,,,,,,,,,,,,,,,,25,22,22,,22,,,False,False
WELL,Real Estate,Welltower,2026-09-02,238.59,1.48,22.6,16.02,14.03,1.0,2777555,3218281,3227261,-7.28,-0.55,-1.06,P+V-,P+V-,P+V-,⚠️ 量能衰竭,4,1,4,3.1,-16.88,9.38,False,True,235.86,3.98,0.947,False,254.24,255.2,-6.16,-1.23,0.94,12.0,8.0,2717158.0,2868150.0,1.5,2516700.0,2701670.0,2676166.0,0.94,89.15,53.21,空頭,頭頭低·底底低,多轉空預警,1,3,20,5.6,1,,,False,False
DOC,Real Estate,Healthpeak Properties,2026-09-02,21.03,0.16,9.69,22.76,13.84,1.0,4542930,6083760,7579856,-28.01,-32.97,-10.25,P+V-,P+V-,P+V-,⚠️ 量能衰竭,7,5,1,5.2,198.62,364.73,False,False,21.44,5.56,0.923,False,22.84,22.95,-7.91,-2.55,-3.01,9.0,10.0,4354144.0,4716750.0,0.9,5637300.0,4535090.0,4256260.0,1.324,76.83,47.69,空頭,頭頭低·底底低,多轉空預警,2,10,6,6.0,2,吃老本,,False,True
BXP,Real Estate,"BXP, Inc.",2026-09-02,67.1,-2.49,10.78,19.38,11.76,0.667,1150935,1414184,1821290,-22.86,-36.54,-3.54,P-V-,P+V-,P+V-,➡️ 中性,14,4,2,8.6,14.75,97.57,False,False,68.45,8.27,0.934,False,75.95,79.33,-11.65,-4.55,-4.16,8.0,12.0,1103787.0,1182366.0,0.667,1147000.0,1219990.0,1185886.0,0.967,72.02,44.49,空頭,頭頭低·底底低,多轉空預警,3,16,17,11.0,7,吃老本,,False,True
VTR,Real Estate,Ventas,2026-09-02,92.06,-0.22,15.56,8.16,7.92,0.667,2882460,3604030,3789133,-15.43,-9.32,30.69,P-V-,P+V-,P+V+,➡️ 中性,9,2,8,6.7,51.73,-1.4,False,False,92.63,4.54,1.027,False,101.6,101.6,-9.39,-1.54,-0.51,11.0,9.0,2916400.0,2840977.0,1.222,2792000.0,2592290.0,2855166.0,0.978,85.38,49.24,空頭,頭頭低·底底低,多轉空預警,4,6,15,7.0,3,,,False,True
HST,Real Estate,Host Hotels & Resorts,2026-09-02,22.11,-5.43,-2.93,18.44,7.13,0.333,9343330,9657403,9139854,3.8,12.0,11.53,P-V+,P-V+,P+V+,⚠️ 中期出貨,26,22,3,20.2,4.39,116.0,False,False,23.54,8.39,0.897,False,25.71,25.71,-14.0,-1.43,-12.02,6.0,14.0,8649883.0,9640521.0,0.429,7455200.0,7843660.0,7910380.0,0.942,64.35,37.67,空頭,頭頭低·底底低,多轉空預警 / 空頭確認,5,25,19,15.8,18,吃老本,,False,True
FRT,Real Estate,Federal Realty Investment Trust,2026-09-02,117.94,0.03,-0.24,10.61,5.25,0.667,778710,871087,875533,-4.2,-1.01,27.83,P+V-,P-V-,P+V+,⚠️ 頂部背離,8,17,7,10.5,35.3,165.2,False,False,121.08,2.3,1.296,False,128.21,128.21,-8.01,0.31,-3.19,8.0,12.0,902437.0,696225.0,0.667,769700.0,631270.0,642726.0,1.198,80.89,45.74,收斂,頭頭低·底底高,多轉空預警 / 空轉多預警,6,8,9,7.4,4,,,False,True
INVH,Real Estate,Invitation Homes,2026-09-02,28.84,-5.04,0.92,11.96,4.95,0.667,3556740,4740256,5425014,-14.08,-22.42,-1.56,P-V-,P+V-,P+V-,➡️ 中性,24,11,5,16.3,9.76,-14.31,False,False,29.94,6.02,0.792,False,30.89,30.89,-6.65,-3.51,-5.44,6.0,13.0,3042466.0,3840769.0,0.462,3081300.0,3765550.0,3480586.0,0.885,66.11,35.56,收斂,頭頭低·底底高,多轉空預警 / 空頭確認,7,23,22,16.4,20,吃老本,,False,True
ESS,Real Estate,Essex Property Trust,2026-09-02,277.29,-2.75,0.78,10.84,4.93,0.667,437810,474886,481655,-12.56,-2.77,-1.88,P-V-,P+V-,P+V-,➡️ 中性,17,13,6,13.6,-35.97,15.55,False,False,289.3,6.91,0.751,False,303.35,303.35,-8.59,-3.78,-3.73,9.0,11.0,370422.0,492945.0,0.818,835600.0,559380.0,496080.0,1.684,71.67,38.78,多頭,頭頭高·底底高,空轉多預警 / 空頭確認,8,18,2,10.8,6,吃老本,,False,False
ARE,Real Estate,Alexandria Real Estate Equities,2026-09-02,52.72,8.75,1.27,0.4,2.7,1.0,2019985,1972918,2186018,13.01,-17.76,-9.41,P+V+,P+V-,P+V-,➡️ 中性,1,10,15,6.5,26.17,1359.96,False,True,50.69,8.67,1.301,False,83.17,88.24,-36.61,-0.47,5.23,9.0,11.0,2314655.0,1778890.0,0.818,1641200.0,2160810.0,2153733.0,0.762,87.99,56.6,空頭,頭頭低·底底低,,9,4,24,10.0,5,,,False,True
KIM,Real Estate,Kimco Realty,2026-09-02,24.08,-1.43,2.67,4.53,2.57,0.667,4133695,4858073,4926452,-9.23,-2.74,1.65,P-V-,P+V-,P+V+,➡️ 中性,11,8,14,10.7,13.48,7.45,False,False,24.98,3.38,0.76,False,26.65,26.65,-9.64,0.21,-3.18,7.0,13.0,3428585.0,4513369.0,0.538,4675000.0,4785110.0,4146473.0,1.127,69.55,42.88,空頭,頭頭低·底底低,多轉空預警,10,20,11,14.2,14,吃老本,,False,True
SPG,Real Estate,Simon Property Group,2026-09-02,210.2,-5.24,4.41,5.45,2.52,0.667,1203145,1813933,1692113,-20.13,15.52,9.61,P-V-,P+V+,P+V+,➡️ 中性,25,6,10,16.3,10.11,-17.98,False,False,223.1,6.35,0.967,False,238.5,238.5,-11.87,-3.18,-6.5,6.0,14.0,1174800.0,1215292.0,0.429,919300.0,1172070.0,1109946.0,0.828,68.17,31.26,多頭,頭頭高·底底高,空頭確認,11,21,23,17.4,22,吃老本,,False,True
VMRK,Real Estate,Vivmark Residential,2026-09-02,64.91,-2.68,-0.95,5.01,1.6,0.333,5522740,3802818,3256134,86.58,40.35,33.39,P-V+,P-V+,P+V+,⚠️ 中期出貨,15,19,12,15.6,,,False,False,67.23,6.61,0.926,False,71.5,71.5,-9.22,-2.87,-4.18,9.0,10.0,5208244.0,5625780.0,0.9,4378700.0,5377810.0,6347713.0,0.69,76.05,43.24,空頭,頭頭低·底底低,,12,11,26,14.4,15,,,False,False
DLR,Real Estate,Digital Realty,2026-09-02,183.76,-4.57,-1.21,5.1,1.11,0.333,2092515,2961690,2495995,-30.0,45.87,34.47,P-V-,P-V+,P+V+,➡️ 中性,22,20,11,19.2,-15.0,2.71,False,False,186.94,9.05,1.366,False,207.47,208.14,-11.43,-5.0,-5.73,9.0,11.0,2454055.0,1796709.0,0.818,2045200.0,2175440.0,2090286.0,0.978,80.74,41.31,收斂,頭頭低·底底高,多轉空預警 / 空轉多預警 / 空頭確認,13,9,15,11.8,8,,,False,False
EQIX,Real Estate,Equinix,2026-09-02,1019.24,-2.73,-4.45,5.64,1.02,0.333,573920,600276,591306,3.95,3.08,7.25,P-V+,P-V+,P+V+,⚠️ 中期出貨,16,25,9,17.3,6.33,-3.8,False,False,1043.92,9.31,0.899,False,1118.65,1128.68,-8.89,-5.59,-3.04,8.0,12.0,537775.0,598016.0,0.667,747700.0,550810.0,529693.0,1.412,71.68,40.24,多頭,頭頭高·底底高,,14,17,5,13.4,11,,,False,True
CBRE,Real Estate,CBRE Group,2026-09-02,142.06,-3.66,11.11,-3.79,-0.03,0.333,1407325,1788627,2048117,-18.64,-22.49,19.42,P-V-,P+V-,P-V+,➡️ 中性,19,3,22,14.8,5.77,42.05,False,False,144.22,8.52,0.883,False,174.27,174.27,-18.48,-5.52,-6.02,7.0,13.0,1295528.0,1467523.0,0.538,2174100.0,1479910.0,1398306.0,1.555,67.71,42.08,多頭,頭頭高·底底高,空頭確認,15,22,3,15.4,17,吃老本,,False,True
UDR,Real Estate,"UDR, Inc.",2026-09-02,36.59,-3.7,0.06,-0.47,-1.14,0.333,2585885,3476984,3765117,-25.97,-14.22,13.97,P-V-,P+V-,P-V+,➡️ 中性,20,16,17,18.2,,,,,,,,,,,,,,,,,,,,,,,,,,,,16,27,27,,27,吃老本,,False,False
REG,Real Estate,Regency Centers,2026-09-02,75.81,-1.49,0.65,-2.19,-1.3,0.333,1160430,1398543,1412598,-16.0,-1.97,18.31,P-V-,P+V-,P-V+,➡️ 中性,12,14,20,14.2,3.59,9.38,False,False,78.92,3.34,0.988,False,83.66,83.66,-9.38,-0.75,-4.12,8.0,12.0,1152225.0,1165900.0,0.667,1031600.0,1025720.0,1051440.0,0.981,74.52,40.9,擴散,頭頭高·底底低,,17,13,14,14.8,16,,,False,True
CPT,Real Estate,Camden Property Trust,2026-09-02,105.54,-4.7,0.38,-0.62,-1.39,0.333,804250,1035232,1092998,-23.69,-10.04,-11.16,P-V-,P+V-,P-V-,➡️ 中性,23,15,18,19.6,-33.95,-196.43,False,False,111.42,4.17,0.97,False,119.81,119.81,-11.91,-1.92,-5.69,7.0,13.0,788342.0,812815.0,0.538,785900.0,888160.0,827020.0,0.95,70.87,37.26,空頭,頭頭低·底底低,多轉空預警 / 空頭確認,18,19,18,18.4,23,,,False,True
PSA,Real Estate,Public Storage,2026-09-02,301.33,-7.85,1.67,0.05,-1.52,0.667,776445,1016576,1059268,-40.39,-7.75,1.2,P-V-,P+V-,P+V+,➡️ 中性,28,9,16,19.9,-2.93,2.19,False,False,321.05,9.35,0.901,False,335.55,335.55,-10.2,-5.05,-7.95,5.0,15.0,717360.0,796140.0,0.333,872300.0,807410.0,749560.0,1.164,63.98,30.17,收斂,頭頭低·底底高,空頭確認,19,26,10,20.0,25,吃老本,,False,False
MAA,Real Estate,Mid-America Apartment Communities,2026-09-02,128.61,-3.76,0.88,-1.62,-1.53,0.333,794615,1020121,974811,-32.22,9.75,1.56,P-V-,P+V+,P-V+,➡️ 中性,21,12,19,17.9,33.8,26.45,False,False,133.63,4.78,1.049,False,142.76,146.41,-9.91,-2.2,-4.42,8.0,12.0,817587.0,779300.0,0.667,712900.0,792790.0,779406.0,0.915,74.83,40.28,空頭,頭頭低·底底低,空頭確認,20,12,21,17.0,21,剛爆發,,False,True
O,Real Estate,Realty Income,2026-09-02,61.5,-0.95,3.99,-5.79,-2.13,0.333,5391355,5672647,5831613,7.13,-5.31,-3.69,P-V+,P+V-,P-V-,➡️ 中性,10,7,26,12.3,-12.71,-17.72,False,False,62.85,3.86,1.207,False,66.58,67.94,-7.62,-0.79,-1.48,9.0,10.0,5992544.0,4965950.0,0.9,5400900.0,4662000.0,4960026.0,1.089,83.41,41.92,收斂,頭頭低·底底高,多轉空預警,21,7,13,13.8,12,剛爆發,,False,True
PLD,Real Estate,Prologis,2026-09-02,136.59,-1.83,-2.01,-2.72,-2.32,0.0,3227545,4254675,3872026,-41.29,21.93,12.91,P-V-,P-V+,P-V+,➡️ 中性,13,21,21,17.0,48.33,41.3,False,False,142.19,5.29,1.031,False,153.35,153.35,-10.93,-4.21,-2.96,7.0,13.0,3291828.0,3192930.0,0.538,3618500.0,3117200.0,2938986.0,1.231,72.66,34.55,收斂,頭頭低·底底高,多轉空預警 / 空轉多預警 / 空頭確認,22,14,8,16.0,19,剛爆發,,False,True
IRM,Real Estate,Iron Mountain,2026-09-02,111.84,-8.3,-12.34,4.79,-2.76,0.333,1548180,1784760,1658570,-25.5,16.47,-11.99,P-V-,P-V+,P+V-,➡️ 中性,29,29,13,25.8,7.51,15.76,False,False,123.05,12.29,0.764,False,134.68,134.68,-16.96,-7.9,-12.03,9.0,11.0,1323288.0,1732181.0,0.818,2664700.0,1596000.0,1461380.0,1.823,65.27,31.0,收斂,頭頭低·底底高,空轉多預警 / 空頭確認,23,24,1,19.0,24,,,False,True
SBAC,Real Estate,SBA Communications,2026-09-02,186.42,2.8,-4.33,-5.48,-3.13,0.333,754105,1002398,1085752,-35.45,-14.26,7.15,P+V-,P-V-,P-V+,➡️ 中性,3,24,25,13.7,-1.22,-0.28,False,True,181.89,6.11,0.832,False,221.58,224.46,-15.87,0.24,5.22,11.0,9.0,691327.0,830833.0,1.222,805500.0,749010.0,728080.0,1.106,86.12,53.24,收斂,頭頭低·底底高,空轉多預警,24,5,12,14.0,13,剛爆發,🎯 潛在暴漲,False,False
EXR,Real Estate,Extra Space Storage,2026-09-02,139.93,-6.43,-0.59,-5.26,-4.38,0.0,858625,1146001,1157419,-36.27,-1.95,-4.5,P-V-,P-V-,P-V-,🧊 熊市縮量,27,18,24,23.7,,,,,,,,,,,,,,,,,,,,,,,,,,,,25,27,27,,27,,,False,False
WY,Real Estate,Weyerhaeuser,2026-09-02,23.19,-8.88,-4.1,-3.83,-5.16,0.0,4910475,5351301,5366397,-5.43,-0.56,-12.14,P-V-,P-V-,P-V-,🧊 熊市縮量,30,23,23,26.5,,,,,,,,,,,,,,,,,,,,,,,,,,,,26,27,27,,27,,,False,False
AMT,Real Estate,American Tower,2026-09-02,172.92,1.0,-5.91,-8.1,-5.28,0.333,1955515,3005753,3069485,-39.17,-4.07,-1.73,P+V-,P-V-,P-V-,➡️ 中性,5,27,27,16.0,20.65,17.04,False,True,170.91,5.26,0.758,False,194.23,199.4,-10.97,-1.6,2.89,14.0,6.0,1784764.0,2353933.0,2.333,2579000.0,2027850.0,1964753.0,1.313,99.36,48.07,擴散,頭頭高·底底低,,27,1,7,12.6,9,剛爆發,,False,True
VICI,Real Estate,Vici Properties,2026-09-02,25.61,-3.5,-5.45,-12.4,-8.44,0.0,8430685,9679301,9091086,-9.69,13.84,-14.57,P-V-,P-V+,P-V-,➡️ 中性,18,26,28,22.4,,,,,,,,,,,,,,,,,,,,,,,,,,,,28,27,27,,27,,,False,False
CCI,Real Estate,Crown Castle,2026-09-02,75.38,0.61,-15.19,-13.77,-10.53,0.333,2504045,4034309,3646888,-46.25,23.77,12.28,P+V-,P-V+,P-V+,➡️ 中性,6,30,29,17.8,36.09,6.18,False,False,76.58,3.63,1.105,False,96.97,100.5,-22.26,-0.21,2.09,11.0,8.0,2524690.0,2285162.0,1.375,3367000.0,2471550.0,2380460.0,1.414,91.13,46.98,空頭,頭頭低·底底低,,29,2,4,13.2,10,剛爆發,,False,True
CSGP,Real Estate,CoStar Group,2026-09-02,31.26,5.68,-7.13,-29.96,-15.34,0.333,6885645,7406703,7170856,-14.57,6.8,52.09,P+V-,P-V+,P-V+,➡️ 中性,2,28,30,15.4,11.88,24.8,False,True,30.21,7.57,0.721,False,91.89,91.89,-65.98,-2.74,3.48,7.0,12.0,5624500.0,7799158.0,0.583,5169500.0,8065280.0,7281060.0,0.71,72.36,49.23,擴散,頭頭高·底底低,,30,15,25,23.0,26,剛爆發,,False,True
AWK,Utilities,American Water Works,2026-09-02,139.49,4.15,13.53,3.96,6.4,1.0,2100005,2291356,2100195,-7.11,20.03,27.66,P+V-,P+V+,P+V+,⚠️ 頂部背離,2,1,2,1.7,3.97,-7.4,False,True,134.08,5.25,1.091,False,142.27,145.64,-1.95,1.45,4.66,10.0,10.0,2191160.0,2008850.0,1.0,2386700.0,2005240.0,2147826.0,1.111,87.47,59.0,收斂,頭頭低·底底高,多轉空預警,1,6,11,5.0,3,,,False,True
D,Utilities,Dominion Energy,2026-09-02,66.05,-1.12,-0.63,5.66,2.39,0.333,3893615,5015923,5542393,8.2,-17.35,-1.84,P-V+,P-V-,P+V-,➡️ 中性,11,14,1,9.9,17.2,4.37,False,False,68.87,5.77,1.065,False,72.99,72.99,-9.51,-1.29,-3.25,8.0,11.0,4057537.0,3810036.0,0.727,5869000.0,4247440.0,3704966.0,1.584,77.08,37.49,空頭,頭頭低·底底低,,2,16,3,7.8,5,吃老本,,False,True
ETR,Utilities,Entergy,2026-09-02,106.75,0.84,-0.2,0.81,0.56,0.667,2028155,2811483,3075417,-28.58,-15.81,15.45,P+V-,P-V-,P+V+,⚠️ 頂部背離,4,12,3,6.2,2.39,2.26,False,False,110.15,4.26,0.987,False,117.75,118.45,-9.34,-0.45,0.49,10.0,10.0,2014570.0,2041740.0,1.0,3705200.0,2029090.0,1962806.0,1.888,82.38,46.17,空頭,頭頭低·底底低,多轉空預警,3,8,2,4.8,2,,,False,True
ED,Utilities,Consolidated Edison,2026-09-02,107.67,-0.36,4.59,-2.72,-0.3,0.333,2237160,2296475,2265549,3.28,2.77,5.48,P-V+,P+V+,P-V+,➡️ 中性,7,3,6,5.6,7.37,-3.83,False,False,109.14,3.31,0.952,False,114.33,116.23,-5.82,-0.35,0.22,12.0,8.0,2192700.0,2303850.0,1.5,2146900.0,2104710.0,2167686.0,0.99,89.14,48.96,空頭,頭頭低·底底低,,4,4,14,6.0,4,,,False,True
EVRG,Utilities,Evergy,2026-09-02,80.77,-1.9,0.12,-1.01,-0.95,0.333,1988665,2049841,2004376,-0.39,4.64,-5.1,P-V-,P+V+,P-V-,➡️ 中性,15,8,4,10.7,9.85,13.81,False,False,83.81,5.67,0.841,False,87.89,88.62,-8.1,-1.78,-1.95,10.0,10.0,1816330.0,2161000.0,1.0,2360000.0,2134500.0,1978800.0,1.193,77.83,40.31,空頭,頭頭低·底底低,空頭確認,5,13,8,8.8,6,吃老本,,False,True
CEG,Utilities,Constellation Energy,2026-09-02,290.04,11.25,6.54,-11.69,-1.39,0.667,2523115,3226526,3223212,-7.71,0.21,8.52,P+V-,P+V+,P-V+,➡️ 中性,1,2,23,5.7,11.73,5.3,False,True,265.17,8.2,0.889,False,410.41,412.7,-29.33,3.76,9.57,12.0,8.0,2402541.0,2703975.0,1.5,2929000.0,2274680.0,2361080.0,1.241,95.3,64.03,多頭,頭頭高·底底高,多頭確認,6,1,6,4.0,1,,,False,True
PNW,Utilities,Pinnacle West Capital,2026-09-02,97.38,-3.41,-0.56,-1.16,-1.57,0.0,993275,1203650,1199870,-21.31,0.63,-1.26,P-V-,P-V+,P-V-,➡️ 中性,25,13,5,17.4,-2.66,814.01,False,False,102.74,3.78,0.96,False,110.16,111.16,-11.6,-1.33,-4.06,8.0,11.0,972075.0,1012718.0,0.727,748100.0,982900.0,978746.0,0.764,74.74,35.05,收斂,頭頭低·底底高,多轉空預警 / 空轉多預警 / 空頭確認,7,19,22,14.8,15,吃老本,,False,False
ES,Utilities,Eversource Energy,2026-09-02,70.44,-2.25,2.82,-5.49,-2.6,0.333,1910800,2421629,2429711,-17.17,-0.66,-13.55,P-V-,P+V-,P-V-,➡️ 中性,19,5,9,12.8,-0.33,6.21,False,False,72.8,4.44,0.83,False,76.57,76.57,-8.01,-1.72,-2.8,9.0,11.0,1717755.0,2068745.0,0.818,1869200.0,1892060.0,1853873.0,1.008,74.44,41.65,空頭,頭頭低·底底低,多轉空預警 / 空頭確認,8,22,13,14.6,14,吃老本,,False,False
AEE,Utilities,Ameren,2026-09-02,105.89,-2.2,-0.13,-5.23,-3.2,0.0,1356640,1614958,1670386,-10.7,-6.42,-1.14,P-V-,P-V-,P-V-,🧊 熊市縮量,18,11,8,13.9,4.18,9.09,False,False,110.49,4.89,0.98,False,118.32,118.32,-10.51,-1.73,-2.81,9.0,11.0,1341888.0,1368709.0,0.818,1203100.0,1238230.0,1295453.0,0.929,77.05,38.1,收斂,頭頭低·底底高,多轉空預警 / 空轉多預警 / 空頭確認,9,17,17,13.8,13,吃老本,,False,True
FE,Utilities,FirstEnergy,2026-09-02,46.29,-1.31,3.15,-7.68,-3.38,0.333,3729015,4345692,4620897,-21.53,-11.24,1.22,P-V-,P+V-,P-V+,➡️ 中性,13,4,13,10.3,-0.48,0.63,False,False,47.5,5.31,0.908,False,51.3,52.34,-9.76,-0.94,-2.18,10.0,10.0,3549450.0,3908580.0,1.0,3358700.0,3860930.0,3697960.0,0.908,79.21,42.93,空頭,頭頭低·底底低,多轉空預警 / 空頭確認,10,12,18,12.4,12,,,False,False
DUK,Utilities,Duke Energy,2026-09-02,120.56,-1.84,0.44,-6.25,-3.48,0.333,4258725,3997061,3874691,8.8,6.52,13.16,P-V+,P+V+,P-V+,➡️ 中性,14,7,10,11.1,9.61,7.24,False,False,124.19,4.33,0.941,False,132.18,134.49,-8.79,-1.09,-1.39,10.0,10.0,4129630.0,4387820.0,1.0,3419100.0,3422950.0,3568326.0,0.958,80.2,42.2,空頭,頭頭低·底底低,多轉空預警 / 空頭確認,11,10,16,11.6,10,,,False,True
AEP,Utilities,American Electric Power,2026-09-02,123.57,-0.6,-2.04,-6.28,-3.8,0.0,3249935,4545441,4161968,-21.71,20.3,21.41,P-V-,P-V+,P-V+,➡️ 中性,8,18,11,11.6,-8.2,4.61,False,False,129.09,6.09,0.921,False,139.52,140.58,-11.43,0.17,-1.55,12.0,8.0,3142700.0,3410787.0,1.5,2835300.0,3474510.0,3192353.0,0.888,87.76,43.38,空頭,頭頭低·底底低,,12,5,20,10.8,8,剛爆發,,False,False
LNT,Utilities,Alliant Energy,2026-09-02,67.74,-2.56,-3.81,-4.94,-4.06,0.0,2301700,2479201,2382704,-8.59,8.44,9.3,P-V-,P-V+,P-V+,➡️ 中性,22,21,7,18.7,12.23,2.85,False,False,72.13,4.93,1.201,False,78.22,78.81,-13.39,-1.71,-3.5,6.0,14.0,2607250.0,2170750.0,0.429,2293100.0,1968660.0,2037640.0,1.125,74.66,35.32,空頭,頭頭低·底底低,多轉空預警,13,20,10,15.2,16,吃老本,,False,True
DTE,Utilities,DTE Energy,2026-09-02,136.05,-2.8,-3.87,-6.77,-5.05,0.0,1231405,1353120,1359623,-8.26,-0.95,-2.07,P-V-,P-V-,P-V-,🧊 熊市縮量,23,22,12,20.5,16.26,-4.14,False,False,144.13,4.06,1.09,False,155.75,155.75,-12.65,-1.21,-2.58,10.0,10.0,1284230.0,1178580.0,1.0,1169200.0,1179090.0,1193246.0,0.98,82.04,37.64,空頭,頭頭低·底底低,多轉空預警,14,9,15,12.2,11,,,False,True
PPL,Utilities,PPL Corporation,2026-09-02,34.54,-0.23,-0.04,-10.01,-5.07,0.0,8156500,8932018,8423322,13.94,12.85,23.3,P-V+,P-V+,P-V+,📉 主力出貨,6,10,20,10.0,-4.0,2.08,False,False,35.62,5.57,0.939,False,39.79,40.11,-13.19,-1.37,-1.17,9.0,11.0,7876455.0,8385627.0,0.818,5382000.0,7088850.0,7533020.0,0.714,77.46,42.79,空頭,頭頭低·底底低,多轉空預警,15,14,23,16.2,20,,,False,False
ATO,Utilities,Atmos Energy,2026-09-02,167.68,-1.91,-0.03,-9.18,-5.08,0.0,993065,1202455,1207663,-2.2,-0.86,11.79,P-V-,P-V-,P-V+,😴 弱勢縮量,17,9,18,14.8,5.6,1.84,False,False,172.18,4.46,0.921,False,190.28,192.51,-11.88,-1.05,-2.04,8.0,12.0,944750.0,1025275.0,0.667,874800.0,885630.0,983186.0,0.89,74.48,44.18,收斂,頭頭低·底底高,空轉多預警,16,21,19,18.6,22,,,False,True
XEL,Utilities,Xcel Energy,2026-09-02,75.51,-1.9,-2.3,-8.06,-5.08,0.0,4839380,5422890,5136705,-4.32,11.8,0.62,P-V-,P-V+,P-V+,➡️ 中性,15,19,16,16.4,,,,,,,,,,,,,,,,,,,,,,,,,,,,16,24,24,,24,吃老本,,False,False
WEC,Utilities,WEC Energy Group,2026-09-02,105.73,-1.22,-3.25,-8.03,-5.13,0.0,2465175,2227541,2102292,27.94,12.67,-3.51,P-V+,P-V+,P-V-,➡️ 中性,12,20,15,15.0,12.32,5.33,False,False,110.96,4.66,1.213,False,118.87,119.91,-11.06,-1.66,-1.49,8.0,12.0,2755100.0,2271891.0,0.667,1778000.0,2043070.0,2240133.0,0.794,79.66,38.88,空頭,頭頭低·底底低,多轉空預警,18,11,21,15.8,19,剛爆發,,False,True
SO,Utilities,Southern Company,2026-09-02,88.31,-4.16,-1.63,-7.81,-5.35,0.0,5352185,5832427,5541343,6.45,11.09,-3.11,P-V+,P-V+,P-V-,➡️ 中性,27,17,14,21.4,11.82,8.87,False,False,93.11,6.19,0.874,False,98.45,100.84,-10.3,-1.62,-4.36,8.0,12.0,4925000.0,5636975.0,0.667,5873900.0,6162920.0,5475126.0,1.073,72.03,33.3,空頭,頭頭低·底底低,空頭確認,19,23,12,19.2,23,,,False,True
AES,Utilities,AES Corporation,2026-09-02,14.8,0.68,2.03,-12.26,-5.45,0.667,7299745,7853740,10786415,-6.77,-42.75,17.14,P+V-,P+V-,P-V+,➡️ 中性,5,6,26,9.5,-6.05,108.27,False,True,14.65,0.81,1.014,True,17.23,17.65,-14.1,0.48,0.68,9.0,6.0,6730322.0,6638150.0,1.5,9768500.0,8616050.0,7364166.0,1.326,90.84,65.17,收斂,頭頭低·底底高,多轉空預警 / 多頭確認,20,2,5,9.8,7,剛爆發,,False,False
NEE,Utilities,NextEra Energy,2026-09-02,83.1,-1.03,-1.57,-10.06,-5.68,0.0,10617180,11037970,10798975,3.25,4.53,10.06,P-V+,P-V+,P-V+,📉 主力出貨,10,16,21,14.0,3.8,5.67,False,False,86.11,5.53,0.675,False,97.3,98.75,-14.59,-0.59,-2.54,12.0,6.0,9371566.0,13874066.0,2.0,12714000.0,10867420.0,10682073.0,1.19,90.06,39.74,收斂,頭頭低·底底高,空轉多預警 / 空頭確認,21,3,9,11.4,9,剛爆發,,False,True
CNP,Utilities,CenterPoint Energy,2026-09-02,39.51,-2.27,-4.75,-8.13,-5.82,0.0,5772895,6332843,5638543,-13.0,28.09,8.39,P-V-,P-V+,P-V+,➡️ 中性,20,24,17,20.6,,,,,,,,,,,,,,,,,,,,,,,,,,,,22,24,24,,24,,,False,False
EXC,Utilities,Exelon,2026-09-02,43.97,-2.98,-1.37,-9.51,-5.84,0.0,6068820,8152581,8392460,-32.45,-5.56,15.19,P-V-,P-V-,P-V+,😴 弱勢縮量,24,15,19,20.3,-3.93,2.6,False,False,45.9,6.07,1.026,False,50.18,50.65,-12.37,-1.06,-3.91,9.0,11.0,6153955.0,5999163.0,0.818,11922000.0,6592130.0,6054793.0,1.969,77.45,39.16,空頭,頭頭低·底底低,空頭確認,23,15,1,15.4,17,剛爆發,,False,False
SRE,Utilities,Sempra,2026-09-02,83.79,-0.66,-5.76,-11.73,-7.47,0.0,4488465,3940635,3709656,46.89,13.28,-4.44,P-V+,P-V+,P-V-,➡️ 中性,9,26,24,17.1,9.65,-0.29,False,False,89.11,10.14,0.839,False,100.32,101.04,-16.48,-1.75,-1.03,9.0,11.0,4059677.0,4839290.0,0.818,6581500.0,4900780.0,4382940.0,1.502,75.64,43.08,空頭,頭頭低·底底低,多轉空預警,24,18,4,17.6,21,剛爆發,,False,True
CMS,Utilities,CMS Energy,2026-09-02,68.06,-3.64,-4.51,-11.44,-7.76,0.0,3418170,3644030,3213377,-7.85,30.95,24.13,P-V-,P-V+,P-V+,➡️ 中性,26,23,22,24.3,,,,,,,,,,,,,,,,,,,,,,,,,,,,25,24,24,,24,,,False,False
PEG,Utilities,Public Service Enterprise Group,2026-09-02,73.32,-2.29,-5.57,-13.38,-8.66,0.0,2551545,2907003,2877386,-17.94,2.08,2.41,P-V-,P-V+,P-V+,➡️ 中性,21,25,27,23.4,,,,,,,,,,,,,,,,,,,,,,,,,,,,26,24,24,,24,,,False,False
NI,Utilities,NiSource,2026-09-02,41.15,-5.14,-9.67,-11.87,-9.64,0.0,5891300,5099004,4658753,15.19,20.87,12.25,P-V+,P-V+,P-V+,📉 主力出貨,28,28,25,27.4,,,,,,,,,,,,,,,,,,,,,,,,,,,,27,24,24,,24,,,False,False
VST,Utilities,Vistra Corp.,2026-09-02,143.46,1.47,-9.06,-17.27,-10.53,0.333,4160625,4358920,4542528,-10.39,-7.77,-7.45,P+V-,P-V-,P-V-,➡️ 中性,3,27,28,15.2,-54.2,53.35,False,False,150.38,6.96,0.922,False,218.91,219.82,-34.47,2.45,2.05,11.0,9.0,4008800.0,4346188.0,1.222,4766100.0,4073260.0,3952206.0,1.206,86.68,49.87,空頭,頭頭低·底底低,多轉空預警,28,7,7,15.4,17,剛爆發,,False,False
EIX,Utilities,Edison International,2026-09-02,55.19,-17.91,-21.26,-24.38,-21.98,0.0,6043825,3674924,3386084,112.12,18.65,5.73,P-V+,P-V+,P-V+,📉 主力出貨,30,31,29,30.1,,,,,,,,,,,,,,,,,,,,,,,,,,,,29,24,24,,24,,,False,False
NRG,Utilities,NRG Energy,2026-09-02,111.09,-6.69,-16.5,-37.51,-24.55,0.0,2506360,2756581,2853611,-17.55,-6.58,36.2,P-V-,P-V-,P-V+,😴 弱勢縮量,29,29,31,29.4,,,,,,,,,,,,,,,,,,,,,,,,,,,,30,24,24,,24,剛爆發,,False,False
PCG,Utilities,PG&E Corporation,2026-09-02,13.33,-21.59,-19.32,-29.44,-24.95,0.0,45224600,28062181,24978493,100.74,28.17,9.04,P-V+,P-V+,P-V+,📉 主力出貨,31,30,30,30.5,,,,,,,,,,,,,,,,,,,,,,,,,,,,31,24,24,,24,剛爆發,,False,False
