symbol,sector,name,as_of_date,t_price,cum_ret_4w,cum_ret_13w,cum_ret_26w,point,di,avg_vol_4w,avg_vol_13w,avg_vol_26w,vol_change_4w,vol_change_13w,vol_change_26w,pv_state_4w,pv_state_13w,pv_state_26w,pv_verdict,mom_12m_1m,weekly_vol_ann,spmo_score,cum_ret_4w_rank_in_sector,cum_ret_13w_rank_in_sector,cum_ret_26w_rank_in_sector,cms_a,surprise_l1,surprise_l2,pre_earnings_14d,above_50ma,ma50,amp_10d_pct,vp_ratio_stock,vcp,high_52w,high_52w_raw,pct_from_high,ret_5d,ret_20d,up_days_20,down_days_20,up_avg_vol,down_avg_vol,ud_ratio,vol_today,vol_10d_avg,vol_3w_avg,vol_ratio_stock_20d,vp_score_stock,rsi14,trend_state,trend_pattern,trend_signal,point_rank_in_sector,vp_score_rank_in_sector,vol_rank_in_sector,composite_in_sector,composite_rank_in_sector,stock_gap_alert,explosive_verdict,is_new_signal_3d,earnings_passed
NWSA,Communication Services,News Corp (Class A),2026-09-10,29.38,1.86,8.38,20.24,12.68,1.0,3596535,4731386,4600761,-7.8,5.84,15.03,P+V-,P+V+,P+V+,⚠️ 頂部背離,0.07,27.35,0.003,5,4,1,3.9,51.24,5.46,False,True,28.63,8.18,0.82,False,31.55,31.66,-6.89,-3.82,2.82,12.0,8.0,3305908.0,4032475.0,1.5,3371100.0,4224960.0,3734266.0,0.903,87.01,47.35,多頭,頭頭高·底底高,空轉多預警,1,7,20,7.2,4,吃老本,,False,True
NWS,Communication Services,News Corp (Class B),2026-09-10,32.78,-0.16,5.86,19.13,10.99,0.667,1124110,1476444,1464034,3.72,1.71,16.01,P-V+,P+V+,P+V+,⚠️ 中期出貨,3.93,27.63,0.142,12,9,2,9.1,51.24,5.46,False,True,32.43,9.3,0.904,False,35.65,35.76,-8.06,-4.45,0.61,12.0,8.0,1078416.0,1192650.0,1.5,782800.0,1236450.0,1126640.0,0.695,86.91,43.95,多頭,頭頭高·底底高,空轉多預警,2,9,23,9.0,9,吃老本,,False,True
META,Communication Services,Meta Platforms,2026-09-10,644.38,8.3,10.33,0.1,4.71,1.0,17607670,18176601,17453103,5.52,8.65,9.06,P+V+,P+V+,P+V+,⭐⭐⭐ 完美多頭,-22.77,43.41,-0.525,1,3,13,4.0,-14.42,56.79,False,True,600.2,17.81,1.06,False,788.22,790.8,-18.25,8.69,11.32,12.0,8.0,18012991.0,16999687.0,1.5,21531900.0,18904280.0,18062600.0,1.192,100.0,66.38,收斂,頭頭低·底底高,多轉空預警 / 空轉多預警 / 多頭確認,3,1,6,2.8,1,,🎯 潛在暴漲,True,False
DIS,Communication Services,Walt Disney Company (The),2026-09-10,105.82,0.97,7.35,5.01,4.59,1.0,7585975,10279109,9797660,-35.15,10.34,-6.56,P+V-,P+V+,P+V-,⚠️ 量能背離,-9.57,22.48,-0.425,7,5,9,6.8,11.09,4.98,False,True,101.64,5.84,1.024,False,115.42,117.09,-8.32,-2.0,2.52,11.0,9.0,7665409.0,7488888.0,1.222,7607600.0,7186920.0,7640773.0,0.996,86.96,52.05,擴散,頭頭高·底底低,,4,8,14,7.6,5,,,False,True
VZ,Communication Services,Verizon,2026-09-10,49.97,3.63,11.01,0.91,4.12,1.0,17488425,26097315,25264389,-31.85,6.82,-10.67,P+V-,P+V+,P+V-,⚠️ 量能背離,15.4,27.21,0.566,4,2,11,4.8,2.71,5.81,False,True,46.67,4.21,0.997,False,50.93,51.68,-1.88,-0.5,6.36,12.0,8.0,17464558.0,17524225.0,1.5,18475800.0,18094890.0,18008693.0,1.026,93.56,59.3,多頭,頭頭高·底底高,空轉多預警,5,4,11,5.8,2,,,False,True
FOXA,Communication Services,Fox Corporation (Class A),2026-09-10,65.18,0.03,-4.17,9.51,3.72,0.667,5239575,6793138,5039126,13.05,106.79,35.42,P+V+,P-V+,P+V+,➡️ 中性,10.79,40.27,0.268,11,15,6,11.2,29.29,36.35,False,True,61.31,9.6,0.898,False,75.68,76.39,-13.88,-3.47,3.84,10.0,9.0,4944680.0,5506711.0,1.111,4643000.0,4966850.0,5014793.0,0.926,83.3,50.6,多頭,頭頭高·底底高,,6,10,19,10.2,10,,,False,True
LYV,Communication Services,Live Nation Entertainment,2026-09-10,170.08,-8.59,4.56,8.93,3.46,0.667,1797640,2200180,2509810,-12.83,-21.96,-12.88,P-V-,P+V-,P+V-,➡️ 中性,8.44,29.71,0.284,21,10,7,14.9,82.89,-485.68,False,False,180.88,8.3,0.93,False,189.25,189.25,-10.13,-5.3,-8.23,8.0,12.0,1719837.0,1849508.0,0.667,1753700.0,1917270.0,1804600.0,0.972,69.22,35.33,收斂,頭頭低·底底高,多轉空預警 / 空頭確認,7,22,18,15.2,18,吃老本,,False,True
FOX,Communication Services,Fox Corporation (Class B),2026-09-10,58.06,0.42,-4.19,7.43,2.77,0.667,1049165,1721769,1557967,-8.93,23.5,-10.56,P+V-,P-V+,P+V-,⚠️ 量能背離,8.63,38.38,0.225,9,16,8,10.9,31.62,22.22,False,True,54.76,9.24,0.784,False,67.48,68.18,-13.96,-3.67,4.25,11.0,9.0,933736.0,1190244.0,1.222,1401900.0,1270490.0,1105053.0,1.269,83.14,50.17,多頭,頭頭高·底底高,,8,11,4,8.4,8,,,False,True
GOOGL,Communication Services,Alphabet Inc. (Class A),2026-09-10,332.6,-3.91,-8.63,11.63,2.68,0.333,22573770,29972353,29532172,-31.74,3.03,-18.85,P-V-,P-V+,P+V-,➡️ 中性,43.92,34.57,1.271,18,19,3,15.3,214.23,91.59,False,False,347.43,6.27,0.94,False,408.1,408.61,-18.5,-1.28,-3.12,9.0,11.0,21805633.0,23202245.0,0.818,23557600.0,25169840.0,23901786.0,0.986,76.34,41.4,擴散,頭頭高·底底低,,9,18,17,14.2,14,吃老本,,False,True
WBD,Communication Services,Warner Bros. Discovery,2026-09-10,28.2,1.62,6.17,0.89,2.4,1.0,17840625,21378661,21569925,-27.27,-1.76,-52.07,P+V-,P+V-,P+V-,⚠️ 量能衰竭,120.49,63.25,1.905,6,7,12,7.5,153.87,-1161.59,False,True,27.17,3.81,1.487,False,30.0,30.0,-6.0,-0.67,1.99,10.0,10.0,21334970.0,14346280.0,1.0,32196300.0,16756200.0,17214433.0,1.87,91.95,55.13,擴散,頭頭高·底底低,,10,5,1,6.2,3,,,False,True
GOOG,Communication Services,Alphabet Inc. (Class C),2026-09-10,330.39,-3.88,-8.75,10.97,2.33,0.333,15305965,19983569,20019347,-29.27,-0.36,-13.85,P-V-,P-V-,P+V-,⚠️ 主升段結束,43.2,33.61,1.285,17,20,5,15.5,212.9,94.3,False,False,345.42,5.85,0.957,False,403.96,404.47,-18.21,-0.95,-3.44,9.0,11.0,14937566.0,15607381.0,0.818,16418900.0,16374420.0,15996920.0,1.026,76.58,41.12,擴散,頭頭高·底底低,,11,16,11,13.0,12,,,False,True
RDDT,Communication Services,Reddit,2026-09-10,155.34,-1.76,-12.78,11.44,2.09,0.333,7262940,5715529,5374112,19.67,13.57,-0.48,P-V+,P-V+,P+V-,➡️ 中性,-40.76,69.08,-0.59,13,21,4,13.6,29.56,79.12,False,False,168.74,12.53,1.121,False,282.95,282.95,-45.1,-1.75,1.23,6.0,14.0,7854350.0,7009478.0,0.429,5813400.0,4184170.0,4376646.0,1.328,76.08,48.85,空頭,頭頭低·底底低,,12,19,2,12.8,11,吃老本,,False,True
T,Communication Services,AT&T,2026-09-10,25.55,3.95,14.01,-8.65,0.17,0.667,31885085,59450824,50015546,-56.02,46.5,11.52,P+V-,P+V+,P-V+,➡️ 中性,-13.04,26.55,-0.491,3,1,16,5.0,10.49,3.42,False,True,23.72,6.37,0.827,False,28.75,29.79,-11.13,-1.54,5.36,13.0,7.0,29710200.0,35924157.0,1.857,34185700.0,33718500.0,31616213.0,1.081,94.93,56.85,多頭,頭頭高·底底高,空轉多預警,13,3,8,8.0,7,剛爆發,,False,True
TTWO,Communication Services,Take-Two Interactive,2026-09-10,216.96,-10.31,2.32,2.58,-0.71,0.667,2581195,2517881,2280740,19.67,23.21,23.4,P-V+,P+V+,P+V+,⚠️ 中期出貨,-0.43,36.98,-0.012,24,12,10,17.6,13.9,38.21,False,False,237.78,14.61,0.827,False,265.94,265.94,-18.42,0.38,-10.72,7.0,13.0,2271314.0,2748053.0,0.538,2474100.0,3207260.0,2840513.0,0.871,66.26,37.42,擴散,頭頭高·底底低,空頭確認,14,23,21,19.0,22,吃老本,,False,True
OMC,Communication Services,Omnicom Group,2026-09-10,79.45,-10.08,6.17,-4.51,-3.23,0.333,2331480,3536260,3957390,-26.43,-19.24,-13.15,P-V-,P+V-,P-V-,➡️ 中性,15.99,36.18,0.442,22,7,14,15.9,-0.39,3.13,False,False,83.08,14.53,0.886,False,89.57,89.57,-11.3,-2.83,-7.09,8.0,11.0,2157725.0,2434627.0,0.727,2437300.0,2757850.0,2463026.0,0.99,71.04,39.24,多頭,頭頭高·底底高,,15,21,16,17.6,21,吃老本,,False,False
PSKY,Communication Services,Paramount Skydance Corporation,2026-09-10,10.38,4.11,1.85,-12.56,-4.79,0.667,10426830,10529073,10774508,-17.13,-4.45,10.13,P+V-,P+V-,P-V+,➡️ 中性,-36.09,61.0,-0.592,2,13,17,8.3,-2.33,51.38,False,True,9.61,9.68,0.909,False,20.57,20.86,-49.55,-5.38,9.26,14.0,5.0,10116114.0,11130540.0,2.8,13039800.0,11021260.0,10382066.0,1.256,100.0,52.68,擴散,頭頭高·底底低,,16,1,5,7.8,6,剛爆發,,False,False
TKO,Communication Services,TKO Group Holdings,2026-09-10,189.64,-5.03,-6.88,-5.69,-5.82,0.0,1034510,1290813,1357350,-3.6,-9.35,19.66,P-V-,P-V-,P-V+,😴 弱勢縮量,1.56,28.59,0.055,20,18,15,18.4,23.27,-32.11,False,True,188.61,8.45,1.406,False,225.15,226.94,-15.77,-0.08,-2.82,7.0,13.0,1273442.0,905853.0,0.538,1045600.0,985950.0,1054793.0,0.991,80.96,49.81,空頭,頭頭低·底底低,多轉空預警,17,13,15,15.0,15,,,False,True
CMCSA,Communication Services,Comcast,2026-09-10,25.17,-3.86,6.97,-19.12,-8.78,0.333,22086300,32275807,32698636,-32.69,-2.55,-1.71,P-V-,P+V-,P-V-,➡️ 中性,-14.9,27.17,-0.548,16,6,19,13.6,7.62,8.29,False,True,24.93,11.43,0.848,False,32.05,32.86,-21.46,-6.12,-1.18,10.0,9.0,20457590.0,24126622.0,1.111,23801600.0,24000380.0,22159473.0,1.074,78.35,44.5,擴散,頭頭高·底底低,,18,15,9,15.0,15,,,False,True
TMUS,Communication Services,T-Mobile US,2026-09-10,177.16,-2.83,-0.71,-19.15,-10.46,0.0,3959320,5047930,5295639,-22.5,-8.94,-1.71,P-V-,P-V-,P-V-,🧊 熊市縮量,-25.19,27.95,-0.901,14,14,20,15.2,14.86,31.07,False,False,180.8,8.39,1.039,False,239.19,244.24,-25.93,-5.41,0.59,8.0,12.0,4050100.0,3898800.0,0.667,4544300.0,4072710.0,3963520.0,1.147,76.37,44.72,收斂,頭頭低·底底高,多轉空預警,19,17,7,15.8,19,,,False,True
ECHO,Communication Services,EchoStar,2026-09-10,91.85,0.19,-21.34,-13.54,-12.06,0.333,2596540,6960704,6908280,-52.36,1.53,35.24,P+V-,P-V+,P-V+,➡️ 中性,15.78,54.71,0.288,10,22,18,15.2,-94.85,42.09,False,True,90.52,11.53,1.147,False,147.25,147.25,-37.62,5.95,-0.7,10.0,10.0,2774350.0,2418730.0,1.0,2705300.0,2573030.0,2639933.0,1.025,87.03,55.43,收斂,頭頭低·底底高,空轉多預警,20,6,13,13.0,12,剛爆發,,False,False
NFLX,Communication Services,Netflix,2026-09-10,76.01,-2.85,-6.63,-23.24,-13.99,0.0,28101275,40822653,39429627,-38.88,7.32,-11.2,P-V-,P-V+,P-V-,➡️ 中性,-40.52,39.23,-1.033,15,17,21,16.8,1.45,-1.4,False,True,75.64,10.77,1.114,False,124.86,124.86,-39.12,-8.12,2.43,7.0,13.0,30111971.0,27018592.0,0.538,20049000.0,27114110.0,26363700.0,0.76,75.79,43.6,擴散,頭頭高·底底低,,21,20,22,20.8,23,,,False,True
CHTR,Communication Services,Charter Communications,2026-09-10,140.56,-10.2,3.83,-39.48,-21.33,0.333,2911020,3235258,2990422,-5.75,17.83,51.24,P-V-,P+V+,P-V+,➡️ 中性,-42.88,47.46,-0.904,23,11,23,19.4,5.94,-9.07,False,False,143.23,18.45,1.288,False,285.82,285.82,-50.82,-11.58,-6.43,10.0,10.0,3277460.0,2544580.0,1.0,3507900.0,2718820.0,2673920.0,1.312,79.05,44.93,空頭,頭頭低·底底低,多轉空預警,22,14,3,15.0,15,剛爆發,,False,True
APP,Communication Services,AppLovin,2026-09-10,314.49,0.58,-39.62,-37.37,-28.44,0.333,4740745,5932727,5285420,-35.62,27.91,-15.88,P+V-,P-V+,P-V-,➡️ 中性,-46.44,80.01,-0.58,8,24,22,15.6,0.43,3.39,False,False,382.4,11.26,1.072,False,745.61,745.61,-57.82,-1.43,3.53,9.0,11.0,4923177.0,4591481.0,0.818,4729200.0,4435360.0,4430760.0,1.067,82.58,41.45,空頭,頭頭低·底底低,,23,12,10,16.0,20,剛爆發,,False,True
TTD,Communication Services,Trade Desk (The),2026-09-10,13.97,-4.05,-29.76,-52.29,-34.6,0.0,18428555,21683150,20674568,-35.83,10.26,35.09,P-V-,P-V+,P-V+,➡️ 中性,-70.76,57.87,-1.223,19,23,24,21.2,,,,,,,,,,,,,,,,,,,,,,,,,,,,24,24,24,,24,,,False,False
BBY,Consumer Discretionary,Best Buy,2026-09-10,88.09,3.21,18.83,35.9,23.46,1.0,4169140,3782056,4060544,31.13,-12.84,-3.31,P+V+,P+V-,P+V-,➡️ 中性,14.38,38.5,0.374,4,6,1,4.0,6.53,4.32,False,True,84.71,16.44,0.884,False,91.27,91.27,-3.48,1.25,6.13,12.0,8.0,3961800.0,4480150.0,1.5,2731500.0,4864330.0,4515386.0,0.605,92.16,55.37,空頭,頭頭低·底底低,多轉空預警,1,3,23,6.2,2,,,False,True
GPC,Consumer Discretionary,Genuine Parts Company,2026-09-10,134.16,-0.11,36.01,18.31,18.13,0.667,1034380,1608796,1744797,-33.06,-14.46,41.13,P-V-,P+V-,P+V+,➡️ 中性,-1.21,36.21,-0.033,7,1,4,4.6,3.47,1.26,False,True,129.41,4.33,0.915,False,147.43,151.57,-9.0,-1.42,0.89,11.0,9.0,992981.0,1084977.0,1.222,944200.0,949080.0,1077960.0,0.876,84.32,52.8,多頭,頭頭高·底底高,,2,6,13,5.8,1,,,False,True
ABNB,Consumer Discretionary,Airbnb,2026-09-10,167.65,-9.44,27.64,25.84,17.47,0.667,4729370,4422824,4042740,-4.29,20.75,-17.51,P-V-,P+V+,P+V-,➡️ 中性,45.93,37.79,1.215,29,3,2,15.8,9.48,-14.13,False,True,164.48,14.24,0.973,False,193.45,193.45,-13.34,-8.52,-6.91,9.0,11.0,4657711.0,4788000.0,0.818,3954400.0,4921080.0,4834953.0,0.818,71.74,41.0,擴散,頭頭高·底底低,,3,17,17,11.4,9,吃老本,,False,True
DASH,Consumer Discretionary,DoorDash,2026-09-10,201.03,-7.04,29.14,12.2,11.62,0.667,4023760,4406444,4461320,-3.1,-2.43,-7.29,P-V-,P+V-,P+V-,➡️ 中性,-17.46,50.88,-0.343,20,2,11,12.8,-2.43,15.4,False,False,204.56,21.55,1.049,False,285.5,285.5,-29.59,-11.14,-5.39,12.0,8.0,4100458.0,3908712.0,1.5,3362900.0,3657410.0,3946653.0,0.852,83.17,39.87,多頭,頭頭高·底底高,空轉多預警,4,8,14,7.6,5,,,False,False
WSM,Consumer Discretionary,"Williams-Sonoma, Inc.",2026-09-10,223.74,-7.71,5.31,20.84,9.82,0.667,1164630,1118512,1189101,29.08,-11.21,6.09,P-V+,P+V-,P+V+,⚠️ 中期出貨,22.66,36.66,0.618,25,12,3,16.7,37.87,7.34,False,False,231.95,12.95,1.068,False,254.89,254.89,-12.22,0.91,-8.73,9.0,11.0,1207111.0,1129872.0,0.818,961500.0,1276910.0,1291246.0,0.745,76.09,38.95,多頭,頭頭高·底底高,,5,12,21,11.0,8,吃老本,,False,True
CMG,Consumer Discretionary,Chipotle Mexican Grill,2026-09-10,36.13,10.79,20.92,2.15,9.0,1.0,13612615,17797616,17645233,-30.83,1.74,-13.22,P+V-,P+V+,P+V-,⚠️ 量能背離,-15.68,49.3,-0.318,1,4,17,5.1,3.96,1.4,False,True,35.05,8.66,1.37,False,42.82,42.82,-15.62,-6.2,10.69,9.0,9.0,15720733.0,11475777.0,1.0,9981400.0,10964960.0,12611733.0,0.791,92.91,50.68,多頭,頭頭高·底底高,,6,2,20,7.2,4,,,False,True
AMZN,Consumer Discretionary,Amazon,2026-09-10,251.89,-4.99,3.15,18.14,8.61,0.667,32217800,47187123,45864274,-34.84,5.94,-4.18,P-V-,P+V+,P+V-,➡️ 中性,16.04,34.36,0.467,13,14,5,11.7,215.02,68.18,False,False,254.95,6.99,1.027,False,287.2,287.2,-12.29,-1.21,-5.76,5.0,15.0,32857020.0,32004726.0,0.333,25484800.0,33285770.0,31473593.0,0.81,69.03,43.62,多頭,頭頭高·底底高,空轉多預警,7,21,19,15.0,14,吃老本,,False,True
GM,Consumer Discretionary,General Motors,2026-09-10,86.12,-0.11,3.03,14.99,8.23,0.667,5533240,7003750,7159976,-23.04,-4.27,-19.52,P-V-,P+V-,P+V-,➡️ 中性,52.3,32.13,1.628,7,15,7,9.4,12.0,40.19,False,True,83.62,6.09,1.032,False,91.66,91.85,-6.04,1.68,-0.53,10.0,10.0,5621200.0,5445280.0,1.0,6140900.0,6525400.0,6029273.0,1.019,83.42,51.85,收斂,頭頭低·底底高,多轉空預警,8,7,9,7.8,6,,,False,True
F,Consumer Discretionary,Ford Motor Company,2026-09-10,13.88,-0.07,-6.15,16.93,6.91,0.333,42924180,49700969,54001189,-19.51,-14.75,-29.3,P-V-,P-V-,P+V-,⚠️ 主升段結束,26.75,39.26,0.681,6,26,6,12.0,21.27,256.64,False,False,14.01,10.63,1.001,False,17.59,17.78,-21.09,-1.84,0.36,11.0,9.0,42937800.0,42907533.0,1.222,47988700.0,47075280.0,44962413.0,1.067,85.33,47.81,收斂,頭頭低·底底高,,9,4,7,6.6,3,,,False,True
GRMN,Consumer Discretionary,Garmin,2026-09-10,272.2,-12.74,14.95,12.72,6.91,0.667,823710,924869,848055,-25.84,19.92,-15.29,P-V-,P+V+,P+V-,➡️ 中性,33.52,43.57,0.769,37,7,10,22.6,22.52,13.14,False,False,274.83,8.48,0.726,False,314.28,314.28,-13.39,-1.39,-12.19,7.0,13.0,661714.0,910938.0,0.538,495200.0,775470.0,827440.0,0.598,62.92,37.0,多頭,頭頭高·底底高,,9,23,24,17.6,22,吃老本,,False,True
EXPE,Consumer Discretionary,Expedia Group,2026-09-10,276.88,-15.54,20.0,11.32,6.77,0.667,1596065,1629824,1690062,-5.27,-6.88,-25.35,P-V-,P+V-,P+V-,➡️ 中性,51.99,46.33,1.122,41,5,12,24.4,9.65,42.34,False,False,295.19,23.96,0.71,False,341.51,342.0,-18.92,-10.12,-14.83,8.0,12.0,1281562.0,1805733.0,0.667,1801900.0,1925500.0,1685040.0,1.069,59.47,36.82,多頭,頭頭高·底底高,,11,24,5,15.0,14,吃老本,,False,True
EBAY,Consumer Discretionary,eBay Inc.,2026-09-10,105.03,0.74,-3.05,13.95,6.4,0.667,4461595,4013489,4798613,-1.29,-28.12,-9.17,P+V-,P-V-,P+V-,⚠️ 量能背離,13.16,35.62,0.369,5,20,9,10.3,6.24,5.03,False,False,108.71,9.38,1.066,False,118.62,119.31,-11.46,-1.57,2.97,10.0,10.0,4603180.0,4320010.0,1.0,3565400.0,4801760.0,4389820.0,0.812,84.8,48.66,收斂,頭頭低·底底高,空轉多預警,12,5,18,10.4,7,剛爆發,,False,True
CVNA,Consumer Discretionary,Carvana,2026-09-10,70.28,-4.64,0.96,10.61,4.38,0.667,7701800,9908441,11336343,-26.78,-22.37,-40.65,P-V-,P+V-,P+V-,➡️ 中性,-0.74,56.0,-0.013,12,17,13,13.7,10.09,11.71,False,True,69.3,8.79,0.99,False,97.38,97.38,-27.83,-5.23,-3.04,10.0,10.0,7664500.0,7739100.0,1.0,6814100.0,5586160.0,6926693.0,0.984,78.42,46.91,多頭,頭頭高·底底高,空頭確認,13,10,11,11.4,9,,,False,True
MGM,Consumer Discretionary,MGM Resorts,2026-09-10,40.73,-7.58,-13.62,14.51,1.95,0.333,1920390,2627758,3902120,-23.11,-49.24,-17.94,P-V-,P-V-,P+V-,⚠️ 主升段結束,22.34,38.97,0.573,23,34,8,23.3,1.95,-7.83,False,False,44.46,8.66,0.901,False,51.59,51.59,-21.05,-1.71,-7.39,7.0,13.0,1792671.0,1989161.0,0.538,2192500.0,2037930.0,1957273.0,1.12,68.73,30.17,空頭,頭頭低·底底低,空頭確認,14,22,3,15.0,14,吃老本,,False,True
ROST,Consumer Discretionary,Ross Stores,2026-09-10,225.48,-7.77,-1.54,7.13,1.23,0.333,2743195,2734443,2749080,28.6,-1.06,7.48,P-V+,P-V-,P+V+,⚠️ 中期出貨,67.4,25.83,2.61,26,19,14,21.5,36.74,17.42,False,False,234.99,5.36,1.074,False,256.5,257.0,-12.1,-2.14,-9.0,8.0,12.0,2861575.0,2664275.0,0.667,1356700.0,2034260.0,2748820.0,0.494,72.54,36.8,多頭,頭頭高·底底高,空轉多預警,15,16,25,17.4,20,,,False,True
DRI,Consumer Discretionary,Darden Restaurants,2026-09-10,207.53,-7.15,4.13,3.76,1.13,0.667,940650,1296430,1289923,-25.82,1.01,-10.02,P-V-,P+V+,P+V-,➡️ 中性,11.09,27.86,0.398,22,13,15,17.9,0.64,0.29,True,False,209.52,7.63,1.042,False,229.76,229.76,-9.68,-5.68,-8.85,8.0,12.0,964200.0,924950.0,0.667,1018100.0,978110.0,913866.0,1.114,70.66,41.81,多頭,頭頭高·底底高,空轉多預警 / 空頭確認,16,19,4,14.8,12,,,False,True
SBUX,Consumer Discretionary,Starbucks,2026-09-10,99.22,-8.07,2.44,1.4,-0.71,0.667,5740955,7071040,7459280,-27.53,-9.89,-21.97,P-V-,P+V-,P+V-,➡️ 中性,33.47,27.89,1.2,27,16,19,22.1,,,,,,,,,,,,,,,,,,,,,,,,,,,,17,26,26,,26,吃老本,,False,False
HAS,Consumer Discretionary,Hasbro,2026-09-10,90.16,-6.06,7.81,-3.08,-1.1,0.333,1361570,1949403,1914778,-45.83,3.68,5.84,P-V-,P+V+,P-V+,➡️ 中性,25.19,25.37,0.993,15,10,21,14.7,12.8,29.52,False,True,89.12,8.73,0.964,False,104.6,106.98,-13.8,-3.57,-4.27,7.0,12.0,1334771.0,1384933.0,0.583,1490900.0,1312830.0,1411693.0,1.056,71.62,42.85,多頭,頭頭高·底底高,空頭確認,18,18,8,16.0,18,,,False,True
HLT,Consumer Discretionary,Hilton Worldwide,2026-09-10,306.24,-4.5,-10.56,2.64,-2.45,0.333,1742440,2109626,1892533,-19.77,25.91,4.75,P-V-,P-V+,P+V+,➡️ 中性,18.28,21.46,0.852,10,33,16,18.1,0.78,1.78,False,False,323.23,10.27,1.059,False,357.84,358.0,-14.42,-1.69,-5.01,7.0,13.0,1808114.0,1707076.0,0.538,1460100.0,1557030.0,1558993.0,0.937,72.93,36.93,空頭,頭頭低·底底低,空頭確認,19,15,12,16.0,18,,,False,True
TSLA,Consumer Discretionary,"Tesla, Inc.",2026-09-10,363.56,6.94,-8.35,-8.36,-4.53,0.333,39769950,41512224,50515433,2.35,-30.25,-34.69,P+V+,P-V-,P-V-,🌱 底部剛翻多,-5.83,45.61,-0.128,2,29,25,14.7,-39.15,17.15,False,True,355.7,10.75,1.279,False,498.83,498.83,-27.12,1.83,11.01,10.0,10.0,44642170.0,34897730.0,1.0,29667200.0,43691600.0,41632440.0,0.713,94.72,53.74,空頭,頭頭低·底底低,,20,1,22,12.8,11,剛爆發,,False,False
ULTA,Consumer Discretionary,Ulta Beauty,2026-09-10,535.63,3.89,12.08,-17.13,-4.57,0.667,729935,679183,756607,28.57,-18.57,17.78,P+V+,P+V-,P-V+,➡️ 中性,3.19,35.5,0.09,3,9,33,10.8,5.61,12.0,False,True,510.23,12.02,0.881,False,714.97,714.97,-25.08,-2.92,0.7,10.0,10.0,683940.0,775930.0,1.0,625300.0,830250.0,748353.0,0.836,79.68,51.43,多頭,頭頭高·底底高,空轉多預警,21,9,15,15.0,14,剛爆發,,False,True
MAR,Consumer Discretionary,Marriott International,2026-09-10,329.07,-6.47,-16.23,2.04,-4.66,0.333,1431005,1612013,1531632,-19.77,11.08,-2.51,P-V-,P-V+,P+V-,➡️ 中性,35.97,27.11,1.327,17,37,18,23.2,,,,,,,,,,,,,,,,,,,,,,,,,,,,22,26,26,,26,,,False,False
BKNG,Consumer Discretionary,Booking Holdings,2026-09-10,174.33,-18.29,6.31,-3.98,-4.99,0.333,5676655,6816424,7219651,-8.37,-10.58,-7.78,P-V-,P+V-,P-V-,➡️ 中性,-2.42,35.91,-0.067,44,11,22,29.7,4.49,5.67,False,False,193.97,19.61,0.775,False,223.49,225.0,-22.0,-12.66,-17.87,8.0,12.0,4833500.0,6238758.0,0.667,6423700.0,6730140.0,6007180.0,1.069,57.77,30.27,多頭,頭頭高·底底高,空頭確認,23,25,5,20.2,23,,,False,True
RL,Consumer Discretionary,Ralph Lauren Corporation,2026-09-10,336.67,-13.09,-13.72,0.02,-6.69,0.333,635245,658006,655607,3.49,0.73,4.46,P-V+,P-V+,P+V+,⚠️ 中期出貨,28.17,34.13,0.825,38,35,20,33.5,,,,,,,,,,,,,,,,,,,,,,,,,,,,24,26,26,,26,,,False,False
YUM,Consumer Discretionary,Yum! Brands,2026-09-10,143.89,-4.13,-4.63,-9.17,-6.78,0.0,2292725,2520986,2154157,-13.39,41.05,6.49,P-V-,P-V+,P-V+,➡️ 中性,4.43,24.52,0.181,9,23,27,16.8,3.71,7.98,False,False,151.78,7.99,1.298,False,169.29,170.14,-15.0,-4.4,-3.81,7.0,13.0,2694728.0,2076261.0,0.538,2731400.0,1913820.0,2267406.0,1.205,76.75,38.85,空頭,頭頭低·底底低,,25,11,2,14.8,12,剛爆發,,False,True
ORLY,Consumer Discretionary,O'Reilly Automotive,2026-09-10,85.51,-7.64,-4.45,-9.61,-7.83,0.0,5031750,7206487,6541556,-29.59,22.63,18.37,P-V-,P-V+,P-V+,➡️ 中性,-12.43,21.94,-0.566,24,22,28,24.2,,,,,,,,,,,,,,,,,,,,,,,,,,,,26,26,26,,26,,,False,False
PHM,Consumer Discretionary,PulteGroup,2026-09-10,116.41,-10.83,-4.99,-8.55,-8.23,0.0,1288065,1670487,1768929,-30.44,-10.54,-9.64,P-V-,P-V-,P-V-,🧊 熊市縮量,-3.86,32.74,-0.118,35,25,26,30.2,,,,,,,,,,,,,,,,,,,,,,,,,,,,27,26,26,,26,,,False,False
DHI,Consumer Discretionary,D. R. Horton,2026-09-10,135.57,-9.55,-9.99,-7.38,-8.58,0.0,1930580,2312270,2432526,-28.68,-9.42,-23.4,P-V-,P-V-,P-V-,🧊 熊市縮量,-16.22,37.32,-0.434,30,32,24,29.4,,,,,,,,,,,,,,,,,,,,,,,,,,,,28,26,26,,26,,,False,False
NVR,Consumer Discretionary,"NVR, Inc.",2026-09-10,6088.28,-4.5,-4.97,-12.51,-8.62,0.0,33860,32404,29356,-9.48,23.18,25.86,P-V-,P-V+,P-V+,➡️ 中性,-24.5,28.29,-0.866,10,24,30,18.2,-6.69,-14.44,False,False,6375.18,6.45,0.87,False,8544.39,8544.39,-28.75,-3.77,-3.27,9.0,11.0,31288.0,35963.0,0.818,50000.0,38620.0,35646.0,1.403,74.03,39.52,多頭,頭頭高·底底高,空頭確認,29,14,1,17.4,20,剛爆發,,False,True
RCL,Consumer Discretionary,Royal Caribbean Group,2026-09-10,259.01,-16.42,-8.24,-6.37,-9.35,0.0,1751350,2206300,2493763,-21.57,-20.67,10.9,P-V-,P-V-,P-V+,😴 弱勢縮量,-8.27,46.38,-0.178,42,28,23,34.0,,,,,,,,,,,,,,,,,,,,,,,,,,,,30,26,26,,26,,,False,False
HD,Consumer Discretionary,Home Depot (The),2026-09-10,305.69,-9.88,-4.17,-12.74,-9.88,0.0,3850285,4215640,4339836,1.12,-5.56,7.04,P-V+,P-V-,P-V+,➡️ 中性,-15.16,24.87,-0.61,32,21,32,28.7,,,,,,,,,,,,,,,,,,,,,,,,,,,,31,26,26,,26,,,False,False
DPZ,Consumer Discretionary,Domino's,2026-09-10,317.3,-9.57,0.49,-21.43,-12.99,0.333,811565,923786,939940,-19.27,-3.38,37.25,P-V-,P+V-,P-V+,➡️ 中性,-19.98,30.52,-0.655,31,18,39,28.7,,,,,,,,,,,,,,,,,,,,,,,,,,,,32,26,26,,26,剛爆發,,False,False
AZO,Consumer Discretionary,AutoZone,2026-09-10,2881.47,-5.23,-8.17,-20.87,-13.78,0.0,294025,313890,278228,101.28,29.4,85.92,P-V+,P-V+,P-V+,📉 主力出貨,-28.38,24.15,-1.175,14,27,37,22.5,5.26,1.24,True,False,3021.65,4.46,1.057,False,4363.29,4363.29,-33.96,-1.81,-5.4,8.0,12.0,303925.0,287425.0,0.667,256900.0,319350.0,307646.0,0.835,74.54,38.21,空頭,頭頭低·底底低,空頭確認,33,13,16,21.6,24,剛爆發,,False,True
WYNN,Consumer Discretionary,Wynn Resorts,2026-09-10,88.42,-13.42,-17.5,-12.54,-14.0,0.0,1586230,1564520,1563798,-0.81,0.09,-3.4,P-V-,P-V+,P-V-,➡️ 中性,-15.64,30.35,-0.515,39,40,31,37.7,,,,,,,,,,,,,,,,,,,,,,,,,,,,34,26,26,,26,剛爆發,,False,False
TSCO,Consumer Discretionary,Tractor Supply,2026-09-10,33.52,-6.69,12.66,-32.17,-14.59,0.333,8780210,11284826,10728249,-32.08,10.94,83.19,P-V-,P+V+,P-V+,➡️ 中性,-36.61,34.78,-1.053,18,8,44,20.2,-15.89,-8.95,False,True,32.76,7.42,0.905,False,59.43,60.86,-43.6,-3.84,-7.35,8.0,12.0,8258475.0,9128033.0,0.667,8611700.0,8837500.0,8495320.0,1.014,69.88,44.78,多頭,頭頭高·底底高,空轉多預警,35,20,10,24.0,25,剛爆發,,False,False
MCD,Consumer Discretionary,McDonald's,2026-09-10,253.05,-6.39,-9.71,-21.79,-14.92,0.0,4230130,4592178,4115216,-8.93,26.22,28.28,P-V-,P-V+,P-V+,➡️ 中性,-8.22,17.31,-0.475,16,31,40,25.3,,,,,,,,,,,,,,,,,,,,,,,,,,,,36,26,26,,26,剛爆發,,False,False
LOW,Consumer Discretionary,Lowe's,2026-09-10,196.59,-9.91,-9.0,-21.09,-15.28,0.0,3140705,3039580,2903227,5.31,9.86,1.44,P-V+,P-V+,P-V+,📉 主力出貨,-17.31,27.96,-0.619,33,30,38,33.1,,,,,,,,,,,,,,,,,,,,,,,,,,,,37,26,26,,26,剛爆發,,False,False
LVS,Consumer Discretionary,Las Vegas Sands,2026-09-10,42.6,-6.93,-17.0,-19.55,-15.76,0.0,4821095,5010707,4576065,-16.9,20.99,-18.75,P-V-,P-V+,P-V-,➡️ 中性,-14.37,35.74,-0.402,19,38,35,27.9,,,,,,,,,,,,,,,,,,,,,,,,,,,,38,26,26,,26,剛爆發,,False,False
CCL,Consumer Discretionary,Carnival Corporation,2026-09-10,22.47,-20.94,-18.54,-11.88,-15.81,0.0,18912265,20945900,24757295,2.08,-26.68,15.64,P-V+,P-V-,P-V+,➡️ 中性,-10.35,43.09,-0.24,46,41,29,41.1,,,,,,,,,,,,,,,,,,,,,,,,,,,,39,26,26,,26,剛爆發,,False,False
TPR,Consumer Discretionary,"Tapestry, Inc.",2026-09-10,115.87,-9.41,-20.13,-19.08,-16.93,0.0,3977295,2991340,2583497,75.71,37.49,-8.78,P-V+,P-V+,P-V-,➡️ 中性,47.32,39.28,1.205,28,42,34,33.4,,,,,,,,,,,,,,,,,,,,,,,,,,,,40,26,26,,26,剛爆發,,False,False
LEN,Consumer Discretionary,Lennar,2026-09-10,77.9,-11.01,-15.34,-22.13,-17.65,0.0,2705685,2691726,2828197,15.7,-9.21,-37.79,P-V+,P-V-,P-V-,➡️ 中性,-36.36,36.94,-0.984,36,36,41,37.0,,,,,,,,,,,,,,,,,,,,,,,,,,,,41,26,26,,26,剛爆發,,False,False
TJX,Consumer Discretionary,TJX Companies,2026-09-10,126.42,-17.81,-23.08,-20.14,-20.29,0.0,8118295,6354360,5708337,64.11,25.52,10.32,P-V+,P-V+,P-V+,📉 主力出貨,10.1,22.18,0.455,43,44,36,41.9,,,,,,,,,,,,,,,,,,,,,,,,,,,,42,26,26,,26,剛爆發,,False,False
DECK,Consumer Discretionary,Deckers Brands,2026-09-10,79.88,-14.38,-28.98,-23.38,-22.53,0.0,2740170,2423600,2229153,11.28,19.11,-33.32,P-V+,P-V+,P-V-,➡️ 中性,-20.09,42.16,-0.477,40,46,42,42.2,,,,,,,,,,,,,,,,,,,,,,,,,,,,43,26,26,,26,剛爆發,,False,False
NKE,Consumer Discretionary,"Nike, Inc.",2026-09-10,36.62,-10.24,-17.11,-34.5,-24.09,0.0,29117235,25492716,24031140,45.05,12.95,45.16,P-V+,P-V+,P-V+,📉 主力出貨,-44.23,37.01,-1.195,34,39,45,37.7,,,,,,,,,,,,,,,,,,,,,,,,,,,,44,26,26,,26,剛爆發,,False,False
NCLH,Consumer Discretionary,Norwegian Cruise Line Holdings,2026-09-10,14.57,-25.47,-23.44,-27.33,-25.89,0.0,14812685,15845749,19208112,0.19,-29.79,5.02,P-V+,P-V-,P-V+,➡️ 中性,-25.6,49.84,-0.514,47,45,43,45.6,,,,,,,,,,,,,,,,,,,,,,,,,,,,45,26,26,,26,剛爆發,,False,False
APTV,Consumer Discretionary,Aptiv,2026-09-10,45.69,-7.08,-33.28,-37.15,-28.67,0.0,4720060,3786093,3592233,16.13,11.41,64.85,P-V+,P-V+,P-V+,📉 主力出貨,-40.6,45.97,-0.883,21,47,46,33.8,,,,,,,,,,,,,,,,,,,,,,,,,,,,46,26,26,,26,剛爆發,,False,False
LULU,Consumer Discretionary,Lululemon Athletica,2026-09-10,96.88,-18.97,-20.17,-43.06,-31.31,0.0,7106815,4254709,3854166,193.58,23.2,-10.63,P-V+,P-V+,P-V-,➡️ 中性,-26.25,44.47,-0.59,45,43,47,44.8,,,,,,,,,,,,,,,,,,,,,,,,,,,,47,26,26,,26,剛爆發,,False,False
TGT,Consumer Staples,Target Corporation,2026-09-10,155.73,0.14,23.94,31.14,21.59,1.0,4640410,4363101,4898912,29.42,-19.72,-33.84,P+V+,P+V-,P+V-,➡️ 中性,76.51,30.57,2.503,11,1,1,6.0,75.83,17.31,False,True,147.84,7.68,1.157,False,170.75,170.75,-8.8,-4.67,1.12,10.0,10.0,4979060.0,4301760.0,1.0,3209200.0,3320320.0,4277620.0,0.75,84.06,48.09,多頭,頭頭高·底底高,空頭確認,1,13,22,10.0,8,吃老本,,False,True
ADM,Consumer Staples,Archer Daniels Midland,2026-09-10,86.91,9.12,9.16,30.54,19.84,1.0,3557040,3689046,3867045,-13.8,-8.8,10.92,P+V-,P+V-,P+V+,⚠️ 頂部背離,32.78,30.27,1.083,3,4,2,3.1,28.02,7.8,False,True,81.18,11.66,0.888,False,88.75,88.75,-2.07,1.79,9.7,13.0,7.0,3406169.0,3837228.0,1.857,3721000.0,3827420.0,3726386.0,0.999,99.93,66.14,收斂,頭頭低·底底高,多轉空預警 / 多頭確認,2,1,13,3.8,1,,,False,True
KO,Consumer Staples,Coca-Cola Company (The),2026-09-10,87.83,0.47,8.68,15.53,10.05,1.0,14476340,17357852,16170476,-16.91,15.85,-7.91,P+V-,P+V+,P+V-,⚠️ 量能背離,31.47,19.12,1.646,8,6,3,6.4,4.05,5.88,False,True,86.41,2.97,0.905,False,92.49,92.49,-5.04,-0.46,1.29,12.0,8.0,13893891.0,15350012.0,1.5,12019900.0,15525950.0,15309666.0,0.785,88.93,49.09,多頭,頭頭高·底底高,,3,9,20,8.8,6,吃老本,,False,True
PM,Consumer Staples,Philip Morris International,2026-09-10,189.77,0.46,7.2,13.57,8.7,1.0,4266470,4932412,4871783,-18.24,2.52,-19.83,P+V-,P+V+,P+V-,⚠️ 量能背離,16.71,28.98,0.577,9,8,5,7.9,7.31,7.07,False,True,188.24,6.74,1.106,False,207.76,207.76,-8.66,0.97,1.92,13.0,7.0,4415100.0,3990442.0,1.857,4661600.0,3824020.0,3978906.0,1.172,98.76,52.7,收斂,頭頭低·底底高,多轉空預警,4,2,8,4.0,2,,,False,True
EL,Consumer Staples,Estée Lauder Companies (The),2026-09-10,96.47,10.85,11.83,4.8,8.07,1.0,3947060,3167295,3828535,72.77,-29.46,4.37,P+V+,P+V-,P+V+,➡️ 中性,1.37,50.14,0.027,2,3,12,4.3,22.12,40.2,False,True,89.41,11.59,1.794,False,120.38,121.64,-19.86,-4.63,10.4,8.0,12.0,5374687.0,2995308.0,0.667,2266300.0,3331900.0,3664926.0,0.618,95.79,50.65,多頭,頭頭高·底底高,,5,4,23,8.2,5,,,False,True
SJM,Consumer Staples,J.M. Smucker Company (The),2026-09-10,121.07,1.31,8.73,11.11,8.06,1.0,1373220,1498513,1683597,1.45,-19.81,-11.22,P+V+,P+V-,P+V-,➡️ 中性,11.36,28.88,0.393,5,5,7,5.4,46.18,5.01,False,True,119.31,11.72,1.038,False,135.89,135.89,-10.91,-7.89,2.87,12.0,8.0,1393400.0,1342950.0,1.5,1365900.0,1418200.0,1492920.0,0.915,89.23,43.76,多頭,頭頭高·底底高,,6,8,16,8.8,6,,,False,True
KDP,Consumer Staples,Keurig Dr Pepper,2026-09-10,31.46,1.09,0.65,13.15,7.01,1.0,9252260,13463850,12182883,-27.4,23.5,-23.04,P+V-,P+V+,P+V-,⚠️ 量能背離,11.35,26.5,0.428,6,15,6,8.7,6.18,4.25,False,True,31.22,5.37,1.089,False,33.82,33.82,-6.98,-3.47,6.43,12.0,8.0,9564800.0,8783450.0,1.5,10454300.0,8703600.0,8586020.0,1.218,94.03,48.15,收斂,頭頭低·底底高,空轉多預警 / 空頭確認,7,5,6,6.0,3,,,False,True
BG,Consumer Staples,Bunge Global,2026-09-10,124.59,11.22,-1.03,8.11,6.6,0.667,1529125,1551415,1676006,8.93,-13.84,0.56,P+V+,P-V-,P+V+,➡️ 中性,38.33,40.85,0.938,1,20,9,8.3,2.89,109.39,False,True,114.08,14.73,1.022,False,134.02,134.87,-7.04,1.41,12.19,12.0,8.0,1542325.0,1509325.0,1.5,1801300.0,1851730.0,1751993.0,1.028,98.26,64.73,收斂,頭頭低·底底高,空轉多預警 / 多頭確認,8,3,10,6.4,4,,🎯 潛在暴漲,True,True
MO,Consumer Staples,Altria,2026-09-10,68.79,5.7,-2.43,6.73,4.18,0.667,8684470,8661867,8941453,-8.06,-6.06,-1.92,P+V-,P-V-,P+V-,⚠️ 量能背離,3.8,30.44,0.125,4,21,11,10.5,-1.17,5.92,False,False,69.53,4.56,1.033,False,77.06,77.06,-10.73,-1.11,6.85,10.0,10.0,8824890.0,8544050.0,1.0,6520000.0,7843170.0,8025546.0,0.812,86.74,51.73,空頭,頭頭低·底底低,多轉空預警,9,10,19,11.4,9,,,False,False
MDLZ,Consumer Staples,Mondelez International,2026-09-10,62.47,-1.67,0.1,8.8,4.01,0.667,7111540,8973264,8767236,-26.33,4.81,-10.62,P-V-,P+V+,P+V-,➡️ 中性,3.32,23.33,0.143,14,17,8,13.7,7.4,10.22,False,True,61.68,4.22,0.897,False,66.65,66.65,-6.27,0.03,0.47,11.0,9.0,6762172.0,7538544.0,1.222,7098700.0,7849060.0,7533006.0,0.942,84.32,51.25,收斂,頭頭低·底底高,多轉空預警 / 空轉多預警,10,12,14,11.6,10,,🎯 潛在暴漲,True,True
MNST,Consumer Staples,Monster Beverage,2026-09-10,43.09,-7.69,-4.4,13.98,3.97,0.333,9817985,11201046,10896930,-16.94,5.74,-4.39,P-V-,P-V+,P+V-,➡️ 中性,46.36,27.2,1.704,27,26,4,22.1,1.84,10.16,False,False,47.07,11.12,1.124,False,50.17,50.17,-14.11,-2.99,-6.29,9.0,11.0,10451477.0,9299672.0,0.818,9466500.0,9391620.0,9365353.0,1.011,76.97,32.02,空頭,頭頭低·底底低,空頭確認,11,16,12,13.2,14,,,False,True
BF-B,Consumer Staples,Brown–Forman,2026-09-10,26.59,-4.33,1.2,8.07,3.25,0.667,2180920,2490804,3772639,-4.07,-50.72,-17.76,P-V-,P+V-,P+V-,➡️ 中性,5.05,42.02,0.12,17,13,10,14.4,3.1,-62.65,False,False,26.96,6.2,1.052,False,30.85,31.92,-13.8,-2.06,-3.95,8.0,12.0,2248037.0,2136175.0,0.667,1926500.0,2448820.0,2275893.0,0.846,75.22,45.42,收斂,頭頭低·底底高,多轉空預警 / 空頭確認,12,18,18,15.6,17,吃老本,,False,True
KHC,Consumer Staples,Kraft Heinz,2026-09-10,24.39,-2.36,5.76,2.81,2.25,0.667,16122710,14725104,14994021,3.99,-3.52,-5.76,P-V+,P+V-,P+V-,➡️ 中性,-3.2,25.35,-0.126,16,12,13,14.2,5.6,15.38,False,False,25.11,7.21,0.743,False,27.65,28.09,-11.78,-5.64,1.02,11.0,9.0,13951954.0,18775855.0,1.222,23857700.0,19630970.0,17844980.0,1.337,79.69,43.67,空頭,頭頭低·底底低,多轉空預警,13,15,3,11.8,11,,,False,True
DLTR,Consumer Staples,Dollar Tree,2026-09-10,118.66,-8.39,5.8,2.48,0.59,0.667,2466440,2824464,3279974,4.77,-24.39,-15.98,P-V+,P+V-,P+V-,➡️ 中性,30.11,43.75,0.688,28,11,14,20.1,136.13,12.89,False,False,127.18,13.55,0.629,False,142.4,142.4,-16.67,-10.04,-7.74,11.0,9.0,1948781.0,3099133.0,1.222,2514600.0,2705170.0,2679073.0,0.939,70.68,36.1,收斂,頭頭低·底底高,多轉空預警,14,21,15,17.0,19,吃老本,,False,True
SYY,Consumer Staples,Sysco,2026-09-10,82.31,-1.48,6.84,-2.05,0.31,0.333,2540175,3285018,3954769,-30.59,-28.97,17.78,P-V-,P+V-,P-V+,➡️ 中性,8.61,24.11,0.357,13,9,16,12.4,1.24,-0.39,False,False,82.97,5.48,1.399,False,90.56,91.85,-9.11,0.67,-2.81,7.0,13.0,3118100.0,2228984.0,0.538,4294900.0,2863860.0,2612966.0,1.644,81.14,50.48,收斂,頭頭低·底底高,,15,14,2,12.0,12,,,False,True
KVUE,Consumer Staples,Kenvue,2026-09-10,17.79,-7.34,0.38,-1.01,-2.24,0.333,22797160,21018358,20592375,13.06,4.22,-51.54,P-V+,P+V+,P-V-,➡️ 中性,7.71,30.01,0.257,24,16,15,19.8,-2.82,23.03,False,False,18.99,9.21,1.304,False,19.91,20.13,-10.64,-7.0,-6.27,7.0,12.0,27500014.0,21090116.0,0.583,64381400.0,24565990.0,22590653.0,2.85,75.01,32.55,收斂,頭頭低·底底高,空頭確認,16,19,1,14.2,15,,,False,False
CL,Consumer Staples,Colgate-Palmolive,2026-09-10,87.9,-5.41,0.69,-4.92,-3.64,0.333,4083345,4676764,5237503,-12.4,-19.34,-19.54,P-V-,P+V-,P-V-,➡️ 中性,13.74,23.0,0.597,18,14,18,16.8,4.53,2.7,False,False,91.47,4.87,0.964,False,98.15,99.33,-10.45,-2.44,-4.79,6.0,14.0,3979516.0,4127842.0,0.429,3587200.0,4289330.0,4175926.0,0.859,69.45,37.25,空頭,頭頭低·底底低,空頭確認,17,22,17,19.0,21,,,False,True
PG,Consumer Staples,Procter & Gamble,2026-09-10,142.97,-0.89,-3.12,-5.54,-3.77,0.0,9162595,8994432,9248616,11.05,-5.35,-3.61,P-V+,P-V-,P-V-,➡️ 中性,-5.74,20.83,-0.276,12,23,20,16.9,1.55,2.22,False,False,146.11,4.48,1.053,False,164.77,167.25,-13.23,-3.16,-0.77,11.0,9.0,9373563.0,8904744.0,1.222,10925000.0,8193300.0,8796593.0,1.242,85.03,42.71,多頭,頭頭高·底底高,,18,11,5,12.6,13,剛爆發,,False,True
DG,Consumer Staples,Dollar General,2026-09-10,122.99,0.75,13.02,-15.11,-4.11,0.667,2578560,2592416,3138274,18.83,-29.63,-5.15,P+V+,P+V-,P-V-,✨ 反彈初期,14.61,38.22,0.382,7,2,28,9.7,23.53,6.22,False,False,123.24,10.01,1.152,False,156.68,158.23,-21.5,-6.04,2.83,12.0,8.0,2722616.0,2362475.0,1.5,2111900.0,3122340.0,2803420.0,0.753,91.95,46.4,多頭,頭頭高·底底高,,19,6,21,14.2,15,剛爆發,,False,True
KMB,Consumer Staples,Kimberly-Clark,2026-09-10,98.48,-9.97,-0.85,-3.39,-4.4,0.0,3595760,4041836,4417589,1.17,-15.68,-13.47,P-V+,P-V-,P-V-,➡️ 中性,-11.61,22.97,-0.505,31,19,17,24.6,,,,,,,,,,,,,,,,,,,,,,,,,,,,20,24,24,,24,,,False,False
CHD,Consumer Staples,Church & Dwight,2026-09-10,93.94,-7.0,-2.89,-6.12,-5.53,0.0,1747980,1868392,1969208,-7.57,-9.74,-15.53,P-V-,P-V-,P-V-,🧊 熊市縮量,9.93,22.85,0.435,23,22,21,22.3,,,,,,,,,,,,,,,,,,,,,,,,,,,,21,24,24,,24,,,False,False
PEP,Consumer Staples,PepsiCo,2026-09-10,136.65,-1.79,-3.27,-12.46,-7.49,0.0,6955150,8357812,7487825,-7.96,26.29,-5.85,P-V-,P-V+,P-V-,➡️ 中性,0.09,23.01,0.004,15,24,24,19.5,-0.37,3.75,False,False,138.21,2.81,0.888,False,166.41,171.48,-17.89,-1.72,-0.43,9.0,11.0,6502566.0,7325445.0,0.818,7445600.0,7220850.0,7263613.0,1.025,76.87,43.32,多頭,頭頭高·底底高,空轉多預警 / 空頭確認,22,17,11,17.8,20,,,False,False
GIS,Consumer Staples,General Mills,2026-09-10,35.96,-7.58,8.49,-16.01,-7.78,0.333,8569885,9695998,9798483,-4.71,-2.07,42.29,P-V-,P+V-,P-V+,➡️ 中性,-18.91,31.01,-0.61,25,7,30,20.6,19.21,-12.14,True,False,37.8,16.41,0.849,False,48.32,51.33,-25.58,-11.38,-5.81,9.0,11.0,7807677.0,9193509.0,0.818,9666600.0,9496800.0,8844613.0,1.093,69.09,35.75,擴散,頭頭高·底底低,,23,23,9,20.2,23,,,False,True
COST,Consumer Staples,Costco,2026-09-10,902.38,-6.18,-6.69,-9.32,-7.88,0.0,1852780,2164783,2079173,-4.88,8.59,-17.07,P-V-,P-V+,P-V-,➡️ 中性,-0.12,20.63,-0.006,22,28,22,23.8,,,,,,,,,,,,,,,,,,,,,,,,,,,,24,24,24,,24,,,False,False
TSN,Consumer Staples,Tyson Foods,2026-09-10,52.46,-6.1,-6.23,-13.08,-9.62,0.0,3348000,3285626,3174880,5.08,7.23,6.46,P-V+,P-V+,P-V+,📉 主力出貨,3.28,28.92,0.113,20,27,25,23.1,,,,,,,,,,,,,,,,,,,,,,,,,,,,25,24,24,,24,,,False,False
MKC,Consumer Staples,McCormick & Company,2026-09-10,51.1,-6.15,6.03,-19.78,-9.92,0.333,2478925,3650560,3962880,-19.52,-14.61,28.99,P-V-,P+V-,P-V+,➡️ 中性,-20.27,34.18,-0.593,21,10,31,19.7,14.8,10.66,False,False,52.85,9.11,0.895,False,71.13,72.41,-28.16,-5.02,-3.53,9.0,11.0,2329077.0,2601527.0,0.818,2933800.0,2479900.0,2487560.0,1.179,73.81,38.04,擴散,頭頭高·底底低,,26,20,7,19.8,22,剛爆發,,False,True
TAP,Consumer Staples,Molson Coors Beverage Company,2026-09-10,38.44,-7.67,-4.03,-15.62,-10.74,0.0,2655520,3048238,3082193,-12.01,-2.18,1.26,P-V-,P-V-,P-V+,😴 弱勢縮量,-12.45,27.84,-0.447,26,25,29,26.3,,,,,,,,,,,,,,,,,,,,,,,,,,,,27,24,24,,24,,,False,False
WMT,Consumer Staples,Walmart,2026-09-10,105.73,-8.41,-10.85,-14.05,-11.84,0.0,27782255,24156580,22270013,24.28,18.51,-5.78,P-V+,P-V+,P-V-,➡️ 中性,16.23,31.2,0.52,29,31,26,29.0,,,,,,,,,,,,,,,,,,,,,,,,,,,,28,24,24,,24,,,False,False
HSY,Consumer Staples,Hershey Company (The),2026-09-10,174.34,-5.59,-0.07,-21.3,-12.07,0.0,1153040,1760710,1833234,-28.51,-7.61,5.06,P-V-,P-V-,P-V+,😴 弱勢縮量,1.46,30.68,0.048,19,18,33,21.5,,,,,,,,,,,,,,,,,,,,,,,,,,,,29,24,24,,24,,,False,False
STZ,Consumer Staples,Constellation Brands,2026-09-10,123.81,-9.2,-10.92,-14.24,-12.15,0.0,2032945,2170420,2094192,11.68,7.55,-21.52,P-V+,P-V+,P-V-,➡️ 中性,-3.52,27.93,-0.126,30,32,27,30.0,,,,,,,,,,,,,,,,,,,,,,,,,,,,30,24,24,,24,剛爆發,,False,False
HRL,Consumer Staples,Hormel Foods,2026-09-10,20.84,-14.73,-12.05,-12.41,-12.9,0.0,5633480,4405970,4913176,70.53,-18.71,-0.36,P-V+,P-V-,P-V-,➡️ 中性,2.8,32.12,0.087,32,33,23,30.5,,,,,,,,,,,,,,,,,,,,,,,,,,,,31,24,24,,24,剛爆發,,False,False
KR,Consumer Staples,Kroger,2026-09-10,56.95,0.19,-8.97,-22.22,-13.3,0.333,5876305,7479847,6800333,-7.23,22.2,-1.32,P+V-,P-V+,P-V-,➡️ 中性,-15.05,27.99,-0.538,10,30,34,20.8,3.56,-0.83,False,False,57.48,4.79,0.973,False,75.66,76.58,-24.73,-2.18,2.28,12.0,8.0,5810600.0,5974862.0,1.5,7739300.0,5974780.0,6032733.0,1.283,90.02,46.58,收斂,頭頭低·底底高,,32,7,4,16.4,18,剛爆發,,False,True
CASY,Consumer Staples,Casey's,2026-09-10,627.64,-26.49,-17.48,-5.42,-13.7,0.0,513145,502938,549608,76.76,-15.65,57.57,P-V+,P-V-,P-V+,➡️ 中性,56.35,32.09,1.756,34,34,19,31.0,,,,,,,,,,,,,,,,,,,,,,,,,,,,33,24,24,,24,剛爆發,,False,False
CLX,Consumer Staples,Clorox,2026-09-10,88.77,-16.68,-8.81,-20.69,-16.72,0.0,2886780,2638161,2711026,11.8,-5.23,26.64,P-V+,P-V-,P-V+,➡️ 中性,-10.25,33.8,-0.303,33,29,32,31.6,,,,,,,,,,,,,,,,,,,,,,,,,,,,34,24,24,,24,剛爆發,,False,False
MPC,Energy,Marathon Petroleum,2026-09-10,392.42,10.42,52.43,78.51,54.96,1.0,2361230,2370021,2437853,2.76,-5.41,13.57,P+V+,P+V-,P+V+,➡️ 中性,94.34,39.81,2.37,6,2,1,3.8,27.08,120.63,False,True,329.82,12.68,0.951,False,405.13,405.13,-3.14,1.4,12.99,15.0,5.0,2331286.0,2451060.0,3.0,2567800.0,2373520.0,2355180.0,1.09,100.0,73.42,多頭,頭頭高·底底高,多頭確認,1,1,9,2.6,3,,,False,True
VLO,Energy,Valero Energy,2026-09-10,385.43,12.4,52.46,73.07,52.75,1.0,2391575,2854689,3210892,-13.67,-19.97,7.43,P+V-,P+V-,P+V+,⚠️ 頂部背離,112.75,34.77,3.242,2,1,2,1.7,23.84,33.47,False,True,321.95,14.19,1.138,False,393.54,393.54,-2.06,5.28,16.72,13.0,7.0,2497523.0,2194814.0,1.857,3157800.0,2740310.0,2499720.0,1.263,100.0,77.1,空頭,頭頭低·底底低,多轉空預警 / 多頭確認,2,1,5,2.2,1,,,False,True
PSX,Energy,Phillips 66,2026-09-10,258.51,11.72,45.19,57.73,43.09,1.0,2732865,2751415,2871435,5.22,-8.02,15.4,P+V+,P+V-,P+V+,➡️ 中性,75.8,33.41,2.269,3,3,3,3.0,25.45,225.68,False,True,218.86,10.54,1.038,False,263.76,263.76,-1.99,0.94,15.21,13.0,7.0,2768623.0,2666457.0,1.857,2942400.0,2720760.0,2645573.0,1.112,100.0,74.02,多頭,頭頭高·底底高,空轉多預警 / 多頭確認,3,1,8,3.2,4,,,False,True
APA,Energy,APA Corporation,2026-09-10,44.53,11.32,22.49,38.14,27.52,1.0,5031235,5562821,6713734,-10.86,-29.27,-2.53,P+V-,P+V-,P+V-,⚠️ 量能衰竭,77.6,45.72,1.697,4,4,4,4.0,1.01,20.9,False,True,38.45,12.22,0.951,False,46.1,46.1,-3.41,-0.38,11.41,13.0,7.0,4942584.0,5195871.0,1.857,6550400.0,4466460.0,4861426.0,1.347,100.0,62.93,多頭,頭頭高·底底高,,4,1,2,2.4,2,,,False,True
TRGP,Energy,Targa Resources,2026-09-10,291.91,9.38,11.02,24.26,17.23,1.0,1206830,1234238,1277720,2.41,-6.58,-14.07,P+V+,P+V-,P+V-,➡️ 中性,67.95,31.36,2.167,8,9,5,7.7,14.25,7.4,False,True,278.53,5.09,1.191,False,307.94,307.94,-5.21,-0.53,8.65,10.0,10.0,1311900.0,1101760.0,1.0,883800.0,1004710.0,1172160.0,0.754,90.82,55.38,收斂,頭頭低·底底高,多轉空預警,5,12,17,10.2,11,吃老本,,False,True
COP,Energy,ConocoPhillips,2026-09-10,137.04,10.79,18.12,18.71,16.58,1.0,6424535,7040456,7976765,-0.61,-21.01,6.2,P+V-,P+V-,P+V+,⚠️ 頂部背離,38.3,31.54,1.214,5,5,7,5.4,10.82,11.52,False,True,121.57,8.1,1.009,False,138.89,138.89,-1.33,-0.12,8.37,12.0,8.0,6448750.0,6388212.0,1.5,5596700.0,5941090.0,6364533.0,0.879,95.14,67.36,多頭,頭頭高·底底高,多頭確認,6,8,15,8.6,7,,,False,True
DVN,Energy,Devon Energy,2026-09-10,50.02,12.68,14.31,13.85,13.67,1.0,10487875,12113586,13873494,2.0,-22.51,55.63,P+V+,P+V-,P+V+,➡️ 中性,29.58,36.29,0.815,1,7,12,5.0,11.26,-4.91,False,True,45.25,7.69,1.397,False,52.34,52.71,-4.43,2.02,11.5,12.0,8.0,11832775.0,8470525.0,1.5,16676800.0,10347360.0,9606626.0,1.736,100.0,65.98,多頭,頭頭高·底底高,多頭確認,7,1,1,3.4,5,剛爆發,,False,True
CVX,Energy,Chevron Corporation,2026-09-10,212.76,8.56,14.92,14.03,12.88,1.0,7724505,8495540,10120053,-1.64,-27.66,10.33,P+V-,P+V-,P+V+,⚠️ 頂部背離,28.39,25.17,1.128,9,6,10,8.3,8.84,45.56,False,True,192.67,9.38,1.085,False,217.4,217.4,-2.13,0.46,9.16,13.0,7.0,7941246.0,7321985.0,1.857,9625200.0,7946790.0,7728093.0,1.245,100.0,68.12,多頭,頭頭高·底底高,多頭確認,8,1,6,4.8,6,剛爆發,,False,True
SLB,Energy,Schlumberger,2026-09-10,56.01,8.15,0.81,20.67,12.57,1.0,12505595,13793526,14888152,-1.9,-13.7,-14.64,P+V-,P+V-,P+V-,⚠️ 量能衰竭,48.28,35.1,1.375,10,17,6,11.3,6.3,1.13,False,True,51.16,12.84,1.056,False,60.15,60.46,-6.88,-3.65,7.02,11.0,8.0,13009445.0,12320837.0,1.375,14067700.0,16423810.0,14186733.0,0.992,91.85,56.01,多頭,頭頭高·底底高,,9,10,11,9.8,10,,,False,True
OXY,Energy,Occidental Petroleum,2026-09-10,61.16,6.48,9.15,14.44,11.13,1.0,7121020,8725046,12224127,-15.53,-44.51,11.27,P+V-,P+V-,P+V+,⚠️ 頂部背離,28.36,36.0,0.788,11,12,9,10.9,28.99,80.35,False,True,56.57,7.27,1.111,False,66.83,67.45,-8.49,0.87,4.94,11.0,9.0,7455100.0,6712700.0,1.222,9151900.0,6920620.0,6971746.0,1.313,91.08,62.53,多頭,頭頭高·底底高,,10,11,4,9.2,9,,,False,True
EOG,Energy,EOG Resources,2026-09-10,147.46,4.28,8.17,13.92,10.08,1.0,2761275,3365016,3813906,-9.97,-21.06,-10.16,P+V-,P+V-,P+V-,⚠️ 量能衰竭,23.16,29.87,0.775,14,13,11,13.1,2.1,6.22,False,True,142.23,4.36,1.042,False,153.67,153.67,-4.04,-1.01,3.02,12.0,8.0,2806783.0,2693012.0,1.5,3888100.0,3102040.0,2925646.0,1.329,92.15,54.69,收斂,頭頭低·底底高,多轉空預警,11,9,3,8.6,7,,,False,True
FANG,Energy,Diamondback Energy,2026-09-10,205.39,2.95,6.32,15.02,9.83,1.0,1844590,2101444,2603580,-2.79,-32.34,29.91,P+V-,P+V-,P+V+,⚠️ 頂部背離,46.48,34.16,1.361,16,14,8,13.8,8.32,12.78,False,True,195.96,5.22,1.088,False,216.9,216.9,-5.31,0.97,2.83,11.0,9.0,1914590.0,1759033.0,1.222,1971900.0,2042000.0,1983400.0,0.994,89.47,56.95,收斂,頭頭低·底底高,多轉空預警 / 多頭確認,12,13,10,12.0,12,,,False,True
OKE,Energy,Oneok,2026-09-10,95.72,3.32,10.33,12.76,9.79,1.0,3364660,3678036,4094306,-13.1,-18.46,-3.9,P+V-,P+V-,P+V-,⚠️ 量能衰竭,32.91,25.43,1.294,15,10,13,13.1,5.64,-5.66,False,True,91.7,7.26,1.163,False,99.85,99.85,-4.14,-0.3,3.51,9.0,11.0,3645011.0,3135281.0,0.818,2344700.0,3365930.0,3263926.0,0.718,84.61,56.76,多頭,頭頭高·底底高,空轉多預警,13,17,18,15.6,16,,,False,True
XOM,Energy,ExxonMobil,2026-09-10,165.23,4.85,11.68,10.73,9.49,1.0,13826955,15538169,17846907,-4.92,-22.91,4.85,P+V-,P+V-,P+V+,⚠️ 頂部背離,45.18,27.26,1.657,13,8,14,11.7,13.26,15.14,False,True,153.96,7.46,1.015,False,174.09,176.41,-5.09,0.66,4.1,10.0,10.0,13928990.0,13724920.0,1.0,16615300.0,13898180.0,14020353.0,1.185,85.48,60.85,多頭,頭頭高·底底高,,14,16,7,13.4,14,,,False,True
HAL,Energy,Halliburton,2026-09-10,36.07,10.35,-8.54,6.88,3.89,0.667,10723560,11793126,13029828,-14.94,-17.34,1.54,P+V-,P-V-,P+V+,⚠️ 頂部背離,49.59,40.16,1.235,7,21,15,12.8,2.28,10.42,False,True,34.11,11.15,1.144,False,43.2,43.59,-16.51,-4.15,8.85,10.0,10.0,11445420.0,10001700.0,1.0,8623800.0,10975000.0,11387313.0,0.757,88.68,54.74,收斂,頭頭低·底底高,空轉多預警,15,14,16,14.8,15,,,False,True
WMB,Energy,Williams Companies,2026-09-10,72.82,-0.3,2.47,-0.48,0.3,0.333,7281180,7172327,6765442,10.33,12.8,-6.02,P-V+,P+V+,P-V-,➡️ 中性,29.4,22.69,1.296,19,16,17,17.7,,,,,,,,,,,,,,,,,,,,,,,,,,,,16,19,19,,19,,,False,False
EXE,Energy,Expand Energy,2026-09-10,96.87,2.31,9.77,-8.24,-1.1,0.667,2377075,3412238,3469412,-33.17,-3.24,0.25,P+V-,P+V-,P-V+,➡️ 中性,1.44,27.8,0.052,17,11,19,15.6,19.09,5.37,False,True,93.0,5.44,1.263,False,124.43,126.62,-22.15,-2.47,1.22,12.0,7.0,2591233.0,2051657.0,1.714,2254600.0,2093470.0,2455000.0,0.918,97.56,53.4,多頭,頭頭高·底底高,空轉多預警,17,7,13,12.2,13,剛爆發,,False,True
BKR,Energy,Baker Hughes,2026-09-10,59.4,-6.37,-6.19,0.01,-3.13,0.333,6499550,8250083,8624270,-27.54,-8.32,9.02,P-V-,P-V-,P+V+,😴 弱勢縮量,39.14,36.23,1.08,21,20,16,19.7,,,,,,,,,,,,,,,,,,,,,,,,,,,,18,19,19,,19,,,False,False
EQT,Energy,EQT Corporation,2026-09-10,54.96,1.63,4.64,-10.77,-3.82,0.667,6218235,7185427,7438104,-12.79,-6.57,-16.05,P+V-,P+V-,P-V-,➡️ 中性,6.89,30.83,0.224,18,15,20,17.5,-3.31,11.22,False,True,52.73,5.03,1.008,False,67.84,68.24,-18.98,-1.42,1.66,11.0,9.0,6240554.0,6190955.0,1.222,6023700.0,5899410.0,6138553.0,0.981,86.41,56.98,多頭,頭頭高·底底高,,19,15,12,16.0,17,,,False,False
KMI,Energy,Kinder Morgan,2026-09-10,30.95,-3.52,-0.32,-6.11,-4.02,0.0,11436895,10403416,11197744,14.82,-13.25,-18.1,P-V+,P-V-,P-V-,➡️ 中性,20.55,20.09,1.023,20,18,18,19.0,,,,,,,,,,,,,,,,,,,,,,,,,,,,20,19,19,,19,,,False,False
TPL,Energy,Texas Pacific Land Corporation,2026-09-10,366.1,5.66,-4.04,-30.05,-14.62,0.333,342960,377504,420162,-3.47,-18.43,-5.76,P+V-,P-V-,P-V-,➡️ 中性,10.17,51.89,0.196,12,19,21,15.9,2.14,2.47,False,False,384.76,9.47,0.935,False,544.86,547.2,-32.81,-0.33,6.98,9.0,11.0,330266.0,353345.0,0.818,309600.0,290800.0,347606.0,0.891,82.68,46.59,空頭,頭頭低·底底低,,21,18,14,18.4,18,,,False,True
HOOD,Financials,Robinhood Markets,2026-09-10,113.33,14.05,35.29,47.01,35.84,1.0,21970035,24459212,26749078,14.72,-15.77,-15.72,P+V+,P+V-,P+V-,➡️ 中性,-19.2,76.18,-0.252,1,2,2,1.5,43.71,-1.98,False,True,103.36,21.9,1.301,False,153.86,153.86,-26.34,5.93,19.41,9.0,11.0,25177455.0,19345781.0,0.818,16570000.0,22254520.0,23897560.0,0.693,99.06,56.6,收斂,頭頭低·底底高,多轉空預警 / 空轉多預警 / 多頭確認,1,3,31,7.8,3,,,False,True
STT,Financials,State Street Corporation,2026-09-10,191.3,0.76,17.77,59.89,34.58,1.0,1306665,2061512,2067280,-35.74,-0.56,4.0,P+V-,P+V-,P+V+,⚠️ 頂部背離,76.05,22.03,3.452,9,9,1,7.4,9.21,7.46,False,True,185.81,4.8,1.045,False,195.93,195.93,-2.36,0.66,0.63,10.0,10.0,1335390.0,1277940.0,1.0,1169100.0,1250670.0,1291920.0,0.905,83.93,54.34,多頭,頭頭高·底底高,,2,7,18,7.2,1,,,False,True
BNY,Financials,BNY Mellon,2026-09-10,162.59,0.21,13.95,42.22,24.65,1.0,2561995,3427663,3562492,-21.34,-7.29,1.37,P+V-,P+V-,P+V+,⚠️ 頂部背離,59.53,18.8,3.167,13,18,3,12.5,10.7,16.54,False,True,158.29,3.96,0.86,False,165.84,165.84,-1.96,0.34,-0.21,10.0,10.0,2369330.0,2754660.0,1.0,2678100.0,3014660.0,2713166.0,0.987,80.06,55.12,多頭,頭頭高·底底高,,3,19,11,11.0,7,吃老本,,False,True
IVZ,Financials,Invesco,2026-09-10,31.93,-0.67,15.17,36.86,22.05,0.667,3461165,4707156,5105470,-33.99,-14.47,-3.43,P-V-,P+V-,P+V-,➡️ 中性,45.88,29.69,1.545,21,14,4,15.5,7.18,-1.21,False,True,30.66,6.43,0.945,False,33.66,33.66,-5.14,0.66,1.91,10.0,10.0,3362540.0,3559790.0,1.0,3383700.0,3276140.0,3311080.0,1.022,82.94,50.82,多頭,頭頭高·底底高,,4,10,9,7.4,2,吃老本,,False,True
MET,Financials,MetLife,2026-09-10,96.78,-0.71,13.8,36.61,21.58,0.667,2819650,3613127,3561798,-32.41,2.92,-2.27,P-V-,P+V+,P+V-,➡️ 中性,25.48,23.05,1.106,22,19,5,17.7,6.16,6.65,False,True,94.7,5.54,1.03,False,100.93,100.93,-4.11,0.37,0.12,11.0,9.0,2856927.0,2774088.0,1.222,2225600.0,2794930.0,2948700.0,0.755,86.58,53.54,擴散,頭頭高·底底低,,5,6,27,9.8,5,,,False,True
NTRS,Financials,Northern Trust,2026-09-10,187.19,-1.26,10.24,36.33,20.41,0.667,907565,1058304,1073348,-26.47,-2.76,-1.05,P-V-,P+V-,P+V-,➡️ 中性,53.05,20.46,2.592,23,30,6,21.7,-8.35,16.14,False,True,183.71,3.93,1.0,False,194.86,195.78,-3.94,2.22,-1.7,10.0,10.0,907540.0,907590.0,1.0,1044400.0,867530.0,936446.0,1.115,82.37,55.74,收斂,頭頭低·底底高,多轉空預警,6,13,6,8.8,4,吃老本,,False,False
BAC,Financials,Bank of America,2026-09-10,62.56,-1.89,15.54,29.95,18.39,0.667,30059465,32410501,35232866,-2.01,-14.83,-6.45,P-V-,P+V-,P+V-,➡️ 中性,31.37,20.84,1.505,30,13,11,21.1,7.74,8.78,False,True,61.63,3.92,0.896,False,64.9,65.23,-3.6,0.45,-2.98,9.0,11.0,28256977.0,31534227.0,0.818,29359100.0,33014110.0,31455266.0,0.933,76.34,53.95,收斂,頭頭低·底底高,多轉空預警,7,29,15,17.4,13,吃老本,,False,True
IBKR,Financials,Interactive Brokers,2026-09-10,89.42,-2.1,3.67,34.32,17.55,0.667,3651115,4382616,4674504,-26.87,-11.75,-1.34,P-V-,P+V-,P+V-,➡️ 中性,47.12,34.61,1.362,31,57,7,34.0,7.98,0.1,False,False,92.04,10.02,1.342,False,98.66,98.75,-9.37,0.34,-2.36,6.0,14.0,4443783.0,3311400.0,0.429,2876400.0,3597010.0,3851280.0,0.747,78.63,44.61,多頭,頭頭高·底底高,空轉多預警,8,23,28,18.0,16,吃老本,,False,True
CPAY,Financials,Corpay,2026-09-10,408.47,-3.94,14.15,29.92,17.51,0.667,422680,583953,584293,-27.95,-0.12,-0.82,P-V-,P+V-,P+V-,➡️ 中性,34.41,31.66,1.087,42,17,12,28.5,6.3,6.03,False,True,388.84,6.33,0.989,False,427.46,427.46,-4.44,-1.9,-0.3,9.0,11.0,420222.0,424690.0,0.818,452400.0,401530.0,422773.0,1.07,78.65,53.87,多頭,頭頭高·底底高,,9,22,8,14.0,9,吃老本,,False,True
BEN,Financials,Franklin Resources,2026-09-10,33.66,-0.59,6.91,31.46,17.31,0.667,3071655,4172660,4578963,-34.27,-16.3,-2.62,P-V-,P+V-,P+V-,➡️ 中性,45.54,26.01,1.751,19,38,9,22.7,8.28,28.64,False,False,33.77,7.52,1.196,False,36.28,36.28,-7.22,1.97,0.21,7.0,12.0,3433857.0,2872241.0,0.583,2565900.0,3185140.0,3214040.0,0.798,80.58,47.08,空頭,頭頭低·底底低,多轉空預警,10,18,25,16.2,11,吃老本,,False,True
MS,Financials,Morgan Stanley,2026-09-10,212.66,-2.62,1.7,34.14,16.84,0.667,3821055,5261173,5734048,-30.79,-15.24,-7.62,P-V-,P+V-,P+V-,➡️ 中性,44.42,24.93,1.782,33,64,8,37.3,17.94,13.66,False,False,215.32,4.48,0.937,False,230.98,232.25,-7.93,0.4,-2.29,8.0,12.0,3673975.0,3919108.0,0.667,4546800.0,3802970.0,3887900.0,1.169,75.19,46.64,收斂,頭頭低·底底高,多轉空預警 / 空轉多預警,11,31,3,17.4,13,吃老本,🎯 潛在暴漲,True,True
AIZ,Financials,Assurant,2026-09-10,280.97,0.33,12.29,26.87,16.59,1.0,305175,361884,382958,-21.32,-10.43,7.89,P+V-,P+V-,P+V+,⚠️ 頂部背離,35.78,22.98,1.557,12,27,14,16.9,23.73,11.71,False,True,280.77,3.68,1.1,False,303.0,303.94,-7.27,-1.09,0.26,9.0,11.0,321177.0,292081.0,0.818,242100.0,251030.0,293820.0,0.824,81.23,48.4,收斂,頭頭低·底底高,多轉空預警,12,17,24,16.4,12,,,False,True
GPN,Financials,Global Payments,2026-09-10,88.55,-6.62,39.3,16.73,16.54,0.667,2556095,3288466,3400328,-25.46,-6.37,19.3,P-V-,P+V-,P+V+,➡️ 中性,5.42,42.65,0.127,63,1,31,38.0,0.63,5.43,False,True,85.67,9.91,1.146,False,95.88,95.88,-7.64,-4.59,0.02,8.0,12.0,2767362.0,2415250.0,0.667,1762600.0,2287600.0,2556106.0,0.69,78.23,48.26,多頭,頭頭高·底底高,,13,24,32,21.2,22,吃老本,,False,True
C,Financials,Citigroup,2026-09-10,138.5,-0.17,3.32,31.29,16.43,0.667,8342610,11344572,12007355,-19.87,-10.46,-12.56,P-V-,P+V-,P+V-,➡️ 中性,44.58,27.04,1.649,15,58,10,26.9,15.62,17.91,False,True,134.76,6.39,1.029,False,147.21,147.96,-5.92,3.1,0.67,12.0,8.0,8437408.0,8200412.0,1.5,7124000.0,8442890.0,8273506.0,0.861,92.15,59.18,收斂,頭頭低·底底高,多轉空預警,14,5,21,11.8,8,剛爆發,,False,True
TRV,Financials,Travelers Companies (The),2026-09-10,367.56,-0.32,23.35,21.35,16.43,0.667,1488330,1929667,1675687,-33.03,35.73,18.26,P-V-,P+V+,P+V+,➡️ 中性,37.53,21.46,1.749,18,6,22,15.2,86.12,8.93,False,True,364.14,4.54,0.925,False,397.34,398.7,-7.5,0.72,-0.36,10.0,10.0,1429960.0,1546700.0,1.0,1244600.0,1377890.0,1410726.0,0.882,81.25,51.6,收斂,頭頭低·底底高,多轉空預警,14,16,19,15.8,10,,,False,True
PFG,Financials,Principal Financial Group,2026-09-10,114.96,0.79,8.6,27.69,16.19,1.0,1155360,1414266,1398898,-30.38,2.22,0.15,P+V-,P+V+,P+V+,⚠️ 頂部背離,45.88,21.85,2.1,8,32,13,16.2,7.07,2.94,False,True,111.86,11.82,1.171,False,121.18,121.18,-5.13,4.06,1.81,8.0,12.0,1266562.0,1081225.0,0.667,1466300.0,1555540.0,1283526.0,1.142,83.21,56.85,空頭,頭頭低·底底低,多轉空預警,16,8,5,10.6,6,剛爆發,,False,True
PRU,Financials,Prudential Financial,2026-09-10,118.48,-3.93,15.57,25.08,15.45,0.667,1559370,1819527,2011526,-22.93,-17.43,9.49,P-V-,P+V-,P+V+,➡️ 中性,20.91,23.93,0.874,41,12,16,27.3,15.98,16.48,False,False,118.66,5.82,0.958,False,126.26,127.72,-6.16,-1.13,-2.36,9.0,11.0,1522444.0,1589581.0,0.818,1532300.0,1604270.0,1664286.0,0.921,77.17,47.12,空頭,頭頭低·底底低,多轉空預警,17,26,16,20.4,21,吃老本,,False,True
AMP,Financials,Ameriprise Financial,2026-09-10,553.53,-3.01,23.61,19.88,15.09,0.667,415900,580606,625744,-20.9,-13.46,1.2,P-V-,P+V-,P+V+,➡️ 中性,16.38,24.45,0.67,37,5,24,24.8,2.37,10.25,False,True,540.79,4.69,0.918,False,572.56,572.56,-3.32,0.3,-2.04,9.0,11.0,396444.0,431818.0,0.818,552300.0,474920.0,436073.0,1.267,77.24,51.51,多頭,頭頭高·底底高,,18,25,2,17.6,15,吃老本,,False,True
JPM,Financials,JPMorgan Chase,2026-09-10,353.56,-2.63,13.58,23.31,14.39,0.667,5549755,8050223,8625697,-22.72,-12.51,-9.07,P-V-,P+V-,P+V-,➡️ 中性,23.83,18.57,1.284,34,20,17,26.4,,,,,,,,,,,,,,,,,,,,,,,,,,,,19,35,35,,35,吃老本,,False,False
ALL,Financials,Allstate,2026-09-10,251.79,-2.93,16.42,19.71,13.23,0.667,1525220,1731543,1619312,-11.77,14.89,2.91,P-V-,P+V+,P+V+,➡️ 中性,29.83,23.5,1.27,36,10,26,26.2,48.03,47.01,False,False,256.61,6.27,0.765,False,276.07,277.22,-8.8,-2.91,-1.17,10.0,10.0,1322340.0,1728100.0,1.0,2883300.0,1553500.0,1570746.0,1.836,76.52,43.87,空頭,頭頭低·底底低,空頭確認,20,28,1,19.4,19,吃老本,,False,True
USB,Financials,U.S. Bancorp,2026-09-10,62.41,-4.24,12.36,21.43,12.75,0.667,6061440,8008369,8634363,-23.68,-13.52,-12.0,P-V-,P+V-,P+V-,➡️ 中性,37.42,21.98,1.703,46,26,21,35.0,,,,,,,,,,,,,,,,,,,,,,,,,,,,21,35,35,,35,吃老本,,False,False
XYZ,Financials,"Block, Inc.",2026-09-10,79.07,-4.84,15.79,19.21,12.34,0.667,4120265,5080029,5566889,-16.95,-16.08,-26.27,P-V-,P+V-,P+V-,➡️ 中性,6.14,49.46,0.124,51,11,27,34.2,16.71,25.55,False,False,80.47,12.21,1.198,False,86.92,86.92,-9.03,-4.11,1.01,8.0,12.0,4574037.0,3817750.0,0.667,3229700.0,4286060.0,4183173.0,0.772,79.93,45.4,擴散,頭頭高·底底低,,22,20,26,22.0,24,,,False,True
GS,Financials,Goldman Sachs,2026-09-10,1019.77,-1.71,-0.7,25.31,12.05,0.333,1784085,2023546,2070620,-9.08,-4.45,-4.89,P-V-,P-V-,P+V-,⚠️ 主升段結束,36.76,27.09,1.357,27,69,15,37.2,44.27,8.09,False,False,1039.99,4.92,1.103,False,1148.37,1153.99,-11.2,1.53,-1.2,8.0,12.0,1890450.0,1713175.0,0.667,1896900.0,1609040.0,1770886.0,1.071,79.2,46.68,空頭,頭頭低·底底低,,23,21,7,19.0,18,,,False,True
V,Financials,Visa Inc.,2026-09-10,367.21,0.48,13.18,16.16,11.5,1.0,6491930,7560001,7504051,-2.83,1.5,9.57,P+V-,P+V+,P+V+,⚠️ 頂部背離,7.15,18.81,0.38,10,22,32,18.0,2.76,6.79,False,True,364.46,4.84,0.943,False,385.57,385.57,-4.76,-2.96,2.17,10.0,10.0,6301540.0,6682320.0,1.0,3800200.0,5121020.0,5690600.0,0.668,81.62,46.96,多頭,頭頭高·底底高,,24,14,33,21.8,23,剛爆發,,False,True
SCHW,Financials,Charles Schwab Corporation,2026-09-10,107.33,-2.2,21.26,13.44,11.49,0.667,7526865,9051978,9836115,-6.76,-14.77,-0.0,P-V-,P+V-,P+V-,➡️ 中性,19.7,20.58,0.958,32,7,38,25.7,4.55,2.48,False,True,105.83,4.44,0.975,False,114.53,114.53,-6.29,-0.84,-1.55,8.0,12.0,7412487.0,7603116.0,0.667,6687300.0,7870630.0,7970433.0,0.839,75.79,48.14,多頭,頭頭高·底底高,,25,30,22,26.4,27,,,False,True
PYPL,Financials,PayPal,2026-09-10,53.31,-11.8,28.9,14.15,11.35,0.667,12859920,15553890,15503060,-7.96,0.66,-19.46,P-V-,P+V+,P+V-,➡️ 中性,-9.03,46.24,-0.195,70,3,36,43.1,8.03,5.59,False,False,55.43,20.85,0.875,False,78.34,79.21,-31.95,-2.25,-9.73,9.0,11.0,11923344.0,13626209.0,0.818,11350100.0,14946390.0,13552493.0,0.837,70.85,41.5,擴散,頭頭高·底底低,,26,33,23,28.2,29,吃老本,,False,True
CFG,Financials,Citizens Financial Group,2026-09-10,69.63,-6.05,6.72,21.62,10.98,0.667,3059060,4100130,4316315,-24.98,-9.54,-11.44,P-V-,P+V-,P+V-,➡️ 中性,46.95,25.55,1.838,61,39,19,46.0,,,,,,,,,,,,,,,,,,,,,,,,,,,,27,35,35,,35,吃老本,,False,False
TROW,Financials,T. Rowe Price,2026-09-10,107.55,-3.37,2.77,22.19,10.95,0.667,1238045,1910976,2099785,-38.13,-16.5,15.7,P-V-,P+V-,P+V+,➡️ 中性,9.95,22.9,0.434,39,60,18,41.1,,,,,,,,,,,,,,,,,,,,,,,,,,,,28,35,35,,35,吃老本,,False,False
GL,Financials,Globe Life,2026-09-10,170.8,-5.46,7.4,20.63,10.8,0.667,436045,607352,567730,-38.12,15.01,7.11,P-V-,P+V+,P+V+,➡️ 中性,29.01,21.5,1.35,54,36,23,42.4,,,,,,,,,,,,,,,,,,,,,,,,,,,,29,35,35,,35,吃老本,,False,False
EG,Financials,Everest Group,2026-09-10,371.03,1.91,13.09,13.02,10.26,1.0,300235,370084,363485,-18.74,3.7,-6.71,P+V-,P+V+,P+V-,⚠️ 量能背離,8.26,22.31,0.37,6,23,39,17.7,2.18,15.23,False,False,372.18,6.47,0.891,False,398.9,401.07,-6.99,-1.38,2.58,10.0,10.0,282950.0,317520.0,1.0,360300.0,354450.0,314273.0,1.146,81.59,49.35,擴散,頭頭高·底底低,,30,15,4,18.8,17,剛爆發,,False,True
RJF,Financials,Raymond James Financial,2026-09-10,173.53,-4.12,15.05,14.96,10.21,0.667,1135930,1292883,1339370,-2.57,-6.71,4.08,P-V-,P+V-,P+V+,➡️ 中性,10.17,21.99,0.463,45,15,35,34.0,7.84,0.54,False,False,173.81,5.11,1.357,False,182.73,182.73,-5.03,-1.38,-4.22,6.0,14.0,1392333.0,1026042.0,0.429,1145700.0,1242000.0,1218706.0,0.94,77.09,46.01,多頭,頭頭高·底底高,,31,27,14,26.0,26,,,False,True
PNC,Financials,PNC Financial Services,2026-09-10,242.98,-4.79,5.49,19.74,10.04,0.667,1432455,1918112,2025494,-11.84,-10.07,-7.57,P-V-,P+V-,P+V-,➡️ 中性,30.7,22.86,1.343,50,47,25,44.1,,,,,,,,,,,,,,,,,,,,,,,,,,,,32,35,35,,35,,,False,False
WFC,Financials,Wells Fargo,2026-09-10,89.45,1.52,9.71,12.51,9.06,1.0,12358130,14475361,15871094,-14.1,-16.17,4.05,P+V-,P+V-,P+V+,⚠️ 頂部背離,13.16,27.08,0.486,7,31,41,21.0,16.38,-2.67,False,True,86.73,7.52,0.998,False,96.18,97.76,-6.99,0.2,0.58,10.0,10.0,12345830.0,12370430.0,1.0,13089100.0,14055360.0,12961166.0,1.01,82.9,59.09,擴散,頭頭高·底底低,,33,11,10,19.6,20,剛爆發,,False,True
FDS,Financials,FactSet,2026-09-10,262.93,-8.1,7.25,17.42,8.5,0.667,907555,941895,946299,2.33,-0.93,8.59,P-V+,P+V-,P+V+,⚠️ 中期出貨,-22.07,48.38,-0.456,67,37,29,50.4,,,,,,,,,,,,,,,,,,,,,,,,,,,,34,35,35,,35,,,False,False
MTB,Financials,M&T Bank,2026-09-10,239.02,-5.01,6.71,15.1,7.98,0.667,962095,1092803,1081528,-10.87,2.11,-4.71,P-V-,P+V+,P+V-,➡️ 中性,30.77,22.08,1.393,53,40,34,45.3,,,,,,,,,,,,,,,,,,,,,,,,,,,,35,35,35,,35,,,False,False
FITB,Financials,Fifth Third Bancorp,2026-09-10,54.43,-6.06,4.0,16.94,7.95,0.667,4905135,6123615,6975886,-13.88,-21.77,-22.48,P-V-,P+V-,P+V-,➡️ 中性,31.79,26.03,1.221,62,55,30,53.5,,,,,,,,,,,,,,,,,,,,,,,,,,,,36,35,35,,35,,,False,False
ARES,Financials,Ares Management,2026-09-10,130.63,-12.59,1.02,21.57,7.89,0.667,1970545,2244556,2860417,-15.27,-35.43,-2.31,P-V-,P+V-,P+V-,➡️ 中性,-17.51,46.19,-0.379,73,65,20,60.0,,,,,,,,,,,,,,,,,,,,,,,,,,,,37,35,35,,35,,,False,False
MA,Financials,Mastercard,2026-09-10,565.37,-0.29,14.35,8.61,7.82,0.667,2655370,3256326,3399202,-12.76,-8.07,6.87,P-V-,P+V-,P+V+,➡️ 中性,-2.79,20.69,-0.135,16,16,47,22.2,,,,,,,,,,,,,,,,,,,,,,,,,,,,38,35,35,,35,,,False,False
COF,Financials,Capital One,2026-09-10,207.11,-7.14,13.36,11.2,7.15,0.667,3123505,4036370,4394496,-22.5,-15.07,1.75,P-V-,P+V-,P+V+,➡️ 中性,0.75,29.44,0.025,65,21,44,47.6,,,,,,,,,,,,,,,,,,,,,,,,,,,,39,35,35,,35,,,False,False
RF,Financials,Regions Financial Corporation,2026-09-10,29.95,-4.44,5.78,12.95,6.81,0.667,7051025,9264855,10658430,-27.6,-23.13,-44.43,P-V-,P+V-,P+V-,➡️ 中性,20.37,24.1,0.845,47,43,40,44.4,,,,,,,,,,,,,,,,,,,,,,,,,,,,40,35,35,,35,,,False,False
SYF,Financials,Synchrony Financial,2026-09-10,75.44,-5.79,4.75,14.1,6.79,0.667,3254910,3545844,3691845,-9.67,-7.61,-5.07,P-V-,P+V-,P+V-,➡️ 中性,8.02,28.8,0.278,57,51,37,51.2,,,,,,,,,,,,,,,,,,,,,,,,,,,,41,35,35,,35,剛爆發,,False,False
WTW,Financials,Willis Towers Watson,2026-09-10,315.41,-5.56,21.21,4.84,6.33,0.667,471665,576975,641809,-17.52,-18.35,-8.41,P-V-,P+V-,P+V-,➡️ 中性,4.34,30.1,0.144,55,8,50,39.9,7.78,1.8,False,False,319.28,10.0,0.718,False,351.51,352.79,-10.27,-6.61,-7.31,9.0,11.0,387877.0,540218.0,0.818,309000.0,409280.0,428900.0,0.72,67.81,39.44,多頭,頭頭高·底底高,空頭確認,42,34,29,36.2,33,剛爆發,,False,True
APO,Financials,Apollo Global Management,2026-09-10,127.91,-10.54,-3.2,18.67,5.9,0.333,2661560,3904444,4196021,-35.78,-12.99,6.84,P-V-,P-V-,P+V+,😴 弱勢縮量,4.99,38.88,0.128,69,73,28,62.0,,,,,,,,,,,,,,,,,,,,,,,,,,,,43,35,35,,35,剛爆發,,False,False
AJG,Financials,Arthur J. Gallagher & Co.,2026-09-10,243.31,-3.76,12.4,7.3,5.81,0.667,1310730,1570844,1753600,-3.74,-18.88,-7.86,P-V-,P+V-,P+V-,➡️ 中性,-12.08,32.81,-0.368,40,25,48,37.1,,,,,,,,,,,,,,,,,,,,,,,,,,,,44,35,35,,35,剛爆發,,False,False
BX,Financials,Blackstone Inc.,2026-09-10,125.41,-16.01,5.32,15.82,5.24,0.667,3311515,4591240,5953443,-37.97,-37.24,19.43,P-V-,P+V-,P+V+,➡️ 中性,-14.52,36.82,-0.394,76,49,33,59.3,,,,,,,,,,,,,,,,,,,,,,,,,,,,45,35,35,,35,剛爆發,,False,False
BLK,Financials,BlackRock,2026-09-10,1062.4,-9.72,5.52,12.39,5.15,0.667,550515,725195,755758,-22.89,-7.77,13.25,P-V-,P+V-,P+V+,➡️ 中性,6.96,25.72,0.271,68,45,42,55.9,,,,,,,,,,,,,,,,,,,,,,,,,,,,46,35,35,,35,剛爆發,,False,False
JKHY,Financials,Jack Henry & Associates,2026-09-10,161.42,3.94,27.21,-5.29,5.14,0.667,947995,1223575,1222056,5.77,0.25,26.75,P+V+,P+V+,P-V+,🚀 健康多頭,-3.17,29.38,-0.108,3,4,68,16.3,6.4,10.37,False,True,156.04,9.43,1.262,False,191.13,193.39,-15.55,-3.01,6.37,11.0,9.0,1045618.0,828677.0,1.222,796400.0,790160.0,874093.0,0.911,93.03,50.54,多頭,頭頭高·底底高,,47,4,17,23.8,25,剛爆發,🎯 潛在暴漲,True,True
TFC,Financials,Truist Financial,2026-09-10,50.33,-4.08,2.83,10.49,4.93,0.667,5756725,8118286,8554513,-24.77,-9.7,0.38,P-V-,P+V-,P+V+,➡️ 中性,20.54,22.7,0.905,43,59,46,48.4,,,,,,,,,,,,,,,,,,,,,,,,,,,,48,35,35,,35,剛爆發,,False,False
KEY,Financials,KeyCorp,2026-09-10,21.73,-4.58,-0.73,11.56,4.45,0.333,10257235,10838873,12123634,1.02,-19.16,-38.24,P-V+,P-V-,P+V-,➡️ 中性,22.75,23.7,0.96,49,70,43,54.1,,,,,,,,,,,,,,,,,,,,,,,,,,,,49,35,35,,35,剛爆發,,False,False
PGR,Financials,Progressive Corporation,2026-09-10,216.19,3.5,8.07,2.75,4.27,1.0,2235000,2886229,2919643,-12.46,-2.26,-13.59,P+V-,P+V-,P+V-,⚠️ 量能衰竭,-10.38,23.47,-0.442,4,33,56,23.1,0.33,1.61,False,False,217.18,5.87,1.319,False,239.38,249.71,-9.69,-2.34,4.25,13.0,7.0,2441915.0,1850728.0,1.857,1303200.0,1746940.0,1853206.0,0.703,100.0,49.02,多頭,頭頭高·底底高,空轉多預警,50,1,30,26.4,27,剛爆發,,False,True
KKR,Financials,KKR & Co.,2026-09-10,100.87,-12.52,5.45,10.87,3.67,0.667,3997080,4408950,4995544,-15.53,-21.02,-8.59,P-V-,P+V-,P+V-,➡️ 中性,-19.8,38.53,-0.514,72,48,45,59.4,,,,,,,,,,,,,,,,,,,,,,,,,,,,51,35,35,,35,剛爆發,,False,False
CB,Financials,Chubb Limited,2026-09-10,338.67,-1.69,4.49,3.88,2.64,0.667,1702760,1769887,1722453,-11.47,5.66,-3.44,P-V-,P+V+,P+V-,➡️ 中性,24.5,18.65,1.313,26,52,54,39.4,,,,,,,,,,,,,,,,,,,,,,,,,,,,52,35,35,,35,剛爆發,,False,False
CINF,Financials,Cincinnati Financial,2026-09-10,169.59,-1.78,4.08,3.71,2.43,0.667,427715,749633,739593,-45.72,2.75,25.52,P-V-,P+V+,P+V+,➡️ 中性,15.77,22.21,0.71,28,54,55,41.2,,,,,,,,,,,,,,,,,,,,,,,,,,,,53,35,35,,35,剛爆發,,False,False
NDAQ,Financials,"Nasdaq, Inc.",2026-09-10,92.01,-5.72,5.51,4.75,2.32,0.667,2685395,3772863,3519820,-25.82,15.49,-10.1,P-V-,P+V+,P+V-,➡️ 中性,2.33,28.51,0.082,56,46,51,52.0,,,,,,,,,,,,,,,,,,,,,,,,,,,,54,35,35,,35,剛爆發,,False,False
AXP,Financials,American Express,2026-09-10,320.71,-6.68,1.01,7.18,2.17,0.667,2350120,2847169,3057069,-18.33,-12.85,3.68,P-V-,P+V-,P+V+,➡️ 中性,7.55,24.97,0.302,64,66,49,61.6,,,,,,,,,,,,,,,,,,,,,,,,,,,,55,35,35,,35,剛爆發,,False,False
BRK-B,Financials,Berkshire Hathaway,2026-09-10,507.0,0.01,3.94,1.61,1.79,1.0,4034310,4501627,4664143,-7.0,-6.73,-1.23,P+V-,P+V-,P+V-,⚠️ 量能衰竭,4.06,14.12,0.288,14,56,57,35.2,17.4,4.17,False,True,503.64,2.25,0.808,False,537.74,537.74,-5.72,0.35,-0.59,8.0,11.0,3592437.0,4446718.0,0.727,3805200.0,4310610.0,4018033.0,0.947,74.83,53.09,多頭,頭頭高·底底高,,56,32,13,37.8,34,剛爆發,,False,True
WRB,Financials,W. R. Berkley Corporation,2026-09-10,70.05,-0.6,5.15,1.09,1.68,0.667,1905350,1982473,2083783,-5.05,-9.27,-20.93,P-V-,P+V-,P+V-,➡️ 中性,-0.68,21.36,-0.032,20,50,58,36.6,,,,,,,,,,,,,,,,,,,,,,,,,,,,57,35,35,,35,剛爆發,,False,False
HIG,Financials,Hartford (The),2026-09-10,136.8,-0.3,6.54,-0.86,1.13,0.333,1296950,1584320,1590439,-23.78,-0.77,3.92,P-V-,P+V-,P-V+,➡️ 中性,6.14,19.2,0.32,17,41,61,33.0,,,,,,,,,,,,,,,,,,,,,,,,,,,,58,35,35,,35,剛爆發,,False,False
HBAN,Financials,Huntington Bancshares,2026-09-10,16.73,-5.85,0.36,4.55,0.9,0.667,20076575,23278389,23586780,-28.77,-2.58,-24.97,P-V-,P+V-,P+V-,➡️ 中性,4.93,27.43,0.18,58,67,52,59.5,,,,,,,,,,,,,,,,,,,,,,,,,,,,59,35,35,,35,剛爆發,,False,False
ACGL,Financials,Arch Capital Group,2026-09-10,96.2,-1.87,6.4,-1.04,0.61,0.333,2564825,2176376,2195893,35.79,-1.76,2.72,P-V+,P+V-,P-V+,➡️ 中性,7.38,20.28,0.364,29,42,62,39.5,,,,,,,,,,,,,,,,,,,,,,,,,,,,60,35,35,,35,剛爆發,,False,False
AFL,Financials,Aflac,2026-09-10,114.47,-5.0,-0.49,3.91,0.58,0.333,2104595,2256696,2334505,-0.68,-6.45,1.83,P-V-,P-V-,P+V+,😴 弱勢縮量,14.37,16.09,0.893,52,68,53,57.0,,,,,,,,,,,,,,,,,,,,,,,,,,,,61,35,35,,35,剛爆發,,False,False
ICE,Financials,Intercontinental Exchange,2026-09-10,155.81,0.37,10.48,-5.59,-0.09,0.667,3299325,4188133,3873860,-21.7,17.66,4.04,P+V-,P+V+,P-V+,➡️ 中性,-11.01,28.53,-0.386,11,29,69,28.0,3.36,3.86,False,True,149.95,5.87,1.099,False,174.83,176.59,-10.88,-1.29,2.96,9.0,11.0,3471888.0,3158136.0,0.818,3298700.0,3602390.0,3464806.0,0.952,82.77,48.83,收斂,頭頭低·底底高,空轉多預警,62,12,12,32.0,30,剛爆發,🎯 潛在暴漲,True,True
MCO,Financials,Moody's Corporation,2026-09-10,467.36,-4.11,4.09,-0.53,-0.27,0.333,660505,868863,990828,-27.22,-21.92,-1.19,P-V-,P+V-,P-V-,➡️ 中性,-4.96,29.02,-0.171,44,53,60,49.9,,,,,,,,,,,,,,,,,,,,,,,,,,,,63,35,35,,35,剛爆發,,False,False
L,Financials,Loews Corporation,2026-09-10,109.08,-3.17,2.05,-0.42,-0.49,0.333,695725,785904,773774,-5.24,3.19,-0.37,P-V-,P+V+,P-V-,➡️ 中性,17.9,16.32,1.097,38,63,59,49.7,,,,,,,,,,,,,,,,,,,,,,,,,,,,64,35,35,,35,剛爆發,,False,False
COIN,Financials,Coinbase,2026-09-10,172.28,11.94,10.79,-12.65,-0.64,0.667,9850245,8345809,9359079,27.92,-19.54,-9.66,P+V+,P+V-,P-V-,✨ 反彈初期,-52.74,71.97,-0.733,2,28,74,24.2,-487.47,-3458.88,False,True,164.73,14.05,1.705,False,402.16,402.16,-57.16,-1.53,15.59,9.0,11.0,12750400.0,7477390.0,0.818,4848700.0,8246280.0,10186960.0,0.476,100.0,49.99,收斂,頭頭低·底底高,多轉空預警 / 空轉多預警 / 多頭確認,65,1,34,33.2,31,剛爆發,,False,True
MRSH,Financials,Marsh McLennan,2026-09-10,177.29,-6.04,7.72,-2.11,-0.64,0.333,2029370,2393621,2715029,-21.63,-21.17,-3.72,P-V-,P+V-,P-V-,➡️ 中性,-3.04,22.59,-0.134,60,34,63,52.8,,,,,,,,,,,,,,,,,,,,,,,,,,,,65,35,35,,35,剛爆發,,False,False
AIG,Financials,American International Group,2026-09-10,75.03,-1.32,2.18,-3.49,-1.53,0.333,3346555,3775947,3987058,-3.45,-10.06,-14.98,P-V-,P+V-,P-V-,➡️ 中性,-0.05,24.94,-0.002,24,62,65,43.6,,,,,,,,,,,,,,,,,,,,,,,,,,,,67,35,35,,35,剛爆發,,False,False
SPGI,Financials,S&P Global,2026-09-10,410.42,-2.68,2.35,-3.66,-1.91,0.333,1874345,2181742,2142314,-8.72,3.75,1.54,P-V-,P+V+,P-V+,➡️ 中性,-19.18,32.03,-0.599,35,61,66,49.0,,,,,,,,,,,,,,,,,,,,,,,,,,,,68,35,35,,35,剛爆發,,False,False
CME,Financials,CME Group,2026-09-10,274.07,3.05,7.59,-10.63,-2.65,0.667,1927705,2803493,2713796,-17.83,6.84,35.01,P+V-,P+V+,P-V+,➡️ 中性,4.29,27.13,0.158,5,35,73,27.6,2.75,-0.25,False,True,260.6,5.71,0.879,False,318.32,329.16,-13.9,-0.87,5.03,10.0,10.0,1803860.0,2051550.0,1.0,1670300.0,2078630.0,1907513.0,0.876,83.06,52.71,多頭,頭頭高·底底高,空轉多預警,69,9,20,35.2,32,剛爆發,,False,True
CBOE,Financials,Cboe Global Markets,2026-09-10,287.49,-1.63,-0.8,-4.11,-2.66,0.0,1006735,1295110,1181470,-4.57,21.28,46.86,P-V-,P-V+,P-V+,➡️ 中性,24.65,37.36,0.66,25,71,67,47.2,,,,,,,,,,,,,,,,,,,,,,,,,,,,70,35,35,,35,剛爆發,,False,False
ERIE,Financials,Erie Indemnity,2026-09-10,240.4,-6.03,5.75,-6.42,-3.28,0.333,308405,284372,255697,4.35,25.26,55.13,P-V+,P+V+,P-V+,➡️ 中性,-20.11,32.15,-0.625,59,44,70,56.7,,,,,,,,,,,,,,,,,,,,,,,,,,,,71,35,35,,35,剛爆發,,False,False
BRO,Financials,Brown & Brown,2026-09-10,66.33,-7.37,12.47,-9.28,-3.37,0.333,1663750,2491883,2874266,-41.59,-23.48,-2.43,P-V-,P+V-,P-V-,➡️ 中性,-22.44,30.55,-0.734,66,24,72,54.6,,,,,,,,,,,,,,,,,,,,,,,,,,,,72,35,35,,35,剛爆發,,False,False
MSCI,Financials,MSCI,2026-09-10,547.6,-4.46,-9.54,-3.11,-5.06,0.0,494555,661055,633882,-40.43,8.96,-4.16,P-V-,P-V+,P-V-,➡️ 中性,1.04,28.59,0.036,48,76,64,59.6,,,,,,,,,,,,,,,,,,,,,,,,,,,,73,35,35,,35,剛爆發,,False,False
AON,Financials,Aon plc,2026-09-10,307.77,-13.81,-6.97,-9.19,-9.79,0.0,1252875,1452844,1427770,-7.81,3.58,13.58,P-V-,P-V+,P-V+,➡️ 中性,-2.28,21.56,-0.106,75,74,71,73.9,,,,,,,,,,,,,,,,,,,,,,,,,,,,74,35,35,,35,剛爆發,,False,False
FIS,Financials,Fidelity National Information Services,2026-09-10,38.52,-12.71,-2.55,-23.68,-15.66,0.0,5491100,6078606,6340469,-16.67,-7.93,53.67,P-V-,P-V-,P-V+,😴 弱勢縮量,-35.17,33.57,-1.048,74,72,76,73.8,,,,,,,,,,,,,,,,,,,,,,,,,,,,75,35,35,,35,剛爆發,,False,False
FISV,Financials,Fiserv,2026-09-10,48.93,-11.84,-9.44,-22.46,-16.55,0.0,6459800,7994976,7247072,-22.88,23.02,-22.29,P-V-,P-V+,P-V-,➡️ 中性,-62.2,57.87,-1.075,71,75,75,73.0,,,,,,,,,,,,,,,,,,,,,,,,,,,,76,35,35,,35,剛爆發,,False,False
MRNA,Health Care,Moderna,2026-09-10,136.62,114.64,186.24,160.13,155.28,1.0,33845240,15606183,11225130,540.4,128.02,-2.94,P+V+,P+V+,P+V-,🚀 健康多頭,161.91,130.59,1.24,1,1,1,1.0,4.33,12.37,False,True,89.61,18.17,2.556,False,176.66,176.66,-22.67,-9.41,114.58,7.0,13.0,56007085.0,21911938.0,0.538,7873500.0,16686890.0,30433820.0,0.259,100.0,58.51,多頭,頭頭高·底底高,,1,1,27,6.2,3,,🔥 追高風險,True,True
HUM,Health Care,Humana,2026-09-10,400.73,4.09,10.6,125.35,66.35,1.0,949940,1327793,1521648,-37.98,-22.6,-19.98,P+V-,P+V-,P+V-,⚠️ 量能衰竭,44.18,53.15,0.831,6,29,2,12.1,8.79,1.05,False,True,389.03,9.54,1.111,False,428.88,428.88,-6.56,-0.06,3.06,11.0,9.0,994527.0,895444.0,1.222,922200.0,906640.0,989633.0,0.932,89.58,58.16,收斂,頭頭低·底底高,多轉空預警 / 多頭確認,2,4,17,5.8,2,,🔥 追高風險,True,True
CRL,Health Care,Charles River Laboratories,2026-09-10,273.0,-2.94,43.8,56.48,38.46,0.667,841420,886952,885010,-11.1,0.44,-7.77,P-V-,P+V+,P+V-,➡️ 中性,85.54,50.32,1.7,38,3,3,20.5,10.31,5.42,False,True,257.91,10.91,1.0,False,303.31,303.31,-9.99,-6.43,-4.0,8.0,12.0,841400.0,841433.0,0.667,764700.0,762770.0,831680.0,0.919,72.53,46.99,擴散,頭頭高·底底低,,3,26,19,15.4,12,吃老本,,False,True
IQV,Health Care,IQVIA,2026-09-10,257.3,6.53,38.15,47.46,34.9,1.0,1280600,1439563,1533534,-15.31,-11.55,-10.92,P+V-,P+V-,P+V-,⚠️ 量能衰竭,31.46,43.63,0.721,3,4,5,3.7,3.94,2.96,False,True,234.05,7.35,1.188,False,271.8,271.8,-5.33,-2.48,6.45,10.0,10.0,1390420.0,1170780.0,1.0,1319900.0,1374790.0,1342000.0,0.984,88.66,57.07,多頭,頭頭高·底底高,多頭確認,4,7,14,7.2,4,,,False,True
VEEV,Health Care,Veeva Systems,2026-09-10,260.98,3.3,55.64,33.5,31.49,1.0,1852370,2010181,2486557,12.3,-32.16,46.75,P+V+,P+V-,P+V+,➡️ 中性,-12.05,50.65,-0.238,8,2,11,6.8,5.77,4.91,False,True,225.24,13.83,1.528,False,310.5,310.5,-15.95,-7.03,8.06,9.0,11.0,2287344.0,1496481.0,0.818,853300.0,2165980.0,1913313.0,0.446,91.05,56.13,多頭,頭頭高·底底高,空轉多預警,5,3,26,8.4,5,,,False,True
TECH,Health Care,Bio-Techne,2026-09-10,72.08,-0.01,32.62,34.15,25.23,0.667,2356100,4623087,3644397,-35.86,73.43,63.18,P-V-,P+V+,P+V+,➡️ 中性,42.38,48.08,0.882,26,5,10,16.5,0.13,-0.82,False,True,71.87,0.69,0.907,False,72.58,72.62,-0.69,-0.3,-0.1,8.0,12.0,2219537.0,2447141.0,0.667,3817800.0,2234490.0,2341940.0,1.63,75.69,55.74,多頭,頭頭高·底底高,空頭確認,6,24,2,12.4,9,吃老本,,False,True
CNC,Health Care,Centene Corporation,2026-09-10,65.4,-0.97,-1.22,49.83,24.37,0.333,3891395,4820090,5648206,-26.3,-25.57,-35.89,P-V-,P-V-,P+V-,⚠️ 主升段結束,114.49,51.98,2.202,29,45,4,28.8,132.64,57.91,False,False,65.52,10.7,0.924,False,69.36,69.36,-5.71,-2.88,-2.49,9.0,11.0,3723888.0,4028445.0,0.818,4627900.0,4432490.0,4145046.0,1.116,75.8,50.26,收斂,頭頭低·底底高,多轉空預警 / 空轉多預警,7,23,9,13.8,11,吃老本,,False,True
ELV,Health Care,Elevance Health,2026-09-10,416.54,5.06,-1.03,45.92,23.97,0.667,965655,1368429,1573859,-23.39,-23.09,-12.62,P+V-,P-V-,P+V-,⚠️ 量能背離,32.13,33.64,0.955,4,44,6,16.4,19.99,16.36,False,True,395.51,8.16,1.138,False,434.35,436.24,-4.1,3.08,4.81,10.0,10.0,1027810.0,903500.0,1.0,1904000.0,1094830.0,997033.0,1.91,89.03,60.98,收斂,頭頭低·底底高,多轉空預警 / 空轉多預警 / 多頭確認,8,5,1,5.4,1,,,False,True
RVTY,Health Care,Revvity,2026-09-10,120.94,2.93,16.22,32.59,21.08,1.0,1589840,1524952,1399908,0.62,19.62,1.05,P+V+,P+V+,P+V+,⭐⭐⭐ 完美多頭,43.28,36.18,1.196,10,13,13,11.5,15.93,4.47,False,True,117.11,9.47,1.215,False,133.0,133.0,-9.07,-7.64,2.6,7.0,13.0,1796800.0,1478400.0,0.538,1344000.0,1801360.0,1756306.0,0.765,77.85,47.26,多頭,頭頭高·底底高,多頭確認,9,20,24,16.4,16,吃老本,,False,True
BAX,Health Care,Baxter International,2026-09-10,24.18,-10.58,20.77,36.81,20.95,0.667,4876140,6495236,7233993,-38.36,-18.53,-13.31,P-V-,P+V-,P+V-,➡️ 中性,12.56,52.01,0.241,53,9,9,31.0,52.53,15.93,False,False,24.87,10.39,1.026,False,29.99,30.0,-19.37,-5.91,-10.24,8.0,12.0,4951262.0,4826058.0,0.667,5751300.0,4696620.0,4550700.0,1.264,69.44,37.68,多頭,頭頭高·底底高,空頭確認,10,27,6,16.0,15,吃老本,,False,True
WST,Health Care,West Pharmaceutical Services,2026-09-10,344.25,-0.55,2.93,40.22,20.7,0.667,461860,690140,780663,-41.66,-20.78,-1.73,P-V-,P+V-,P+V-,➡️ 中性,38.46,29.85,1.289,28,40,7,27.4,13.86,27.07,False,False,349.12,5.89,1.039,False,385.75,386.0,-10.76,0.47,-2.28,9.0,11.0,471566.0,453918.0,0.818,653100.0,459800.0,466313.0,1.401,79.27,49.62,多頭,頭頭高·底底高,空轉多預警,11,18,3,12.2,8,吃老本,,False,True
MRK,Health Care,Merck & Co.,2026-09-10,144.71,6.76,21.87,26.81,20.56,1.0,11093270,10439653,10057292,26.77,7.9,-23.71,P+V+,P+V+,P+V-,🚀 健康多頭,63.47,28.59,2.22,2,8,15,6.4,49.43,13.15,False,True,135.67,5.84,1.253,False,156.92,156.92,-7.78,-4.57,8.87,9.0,11.0,12481355.0,9957563.0,0.818,7542000.0,8471780.0,10304226.0,0.732,87.7,51.76,多頭,頭頭高·底底高,空頭確認,12,9,25,13.4,10,,🎯 潛在暴漲,True,True
INCY,Health Care,Incyte,2026-09-10,123.28,2.29,19.42,28.5,19.68,1.0,1233765,1747566,1640608,-36.16,13.95,-20.05,P+V-,P+V+,P+V-,⚠️ 量能背離,40.02,32.24,1.242,14,10,14,12.8,43.95,35.12,False,True,121.45,6.67,1.369,False,132.6,132.6,-7.03,-4.31,2.08,8.0,12.0,1471975.0,1074958.0,0.667,1462900.0,1290290.0,1215940.0,1.203,83.49,48.27,收斂,頭頭低·底底高,多轉空預警,13,12,7,11.4,6,,,False,True
WAT,Health Care,Waters Corporation,2026-09-10,401.64,-2.87,8.22,32.76,17.71,0.667,637910,827767,936506,-32.21,-20.81,17.34,P-V-,P+V-,P+V+,➡️ 中性,42.02,37.34,1.125,36,33,12,30.3,1.41,16.99,False,True,393.53,8.11,1.21,False,426.22,426.22,-5.77,-2.56,-3.49,8.0,12.0,712162.0,588408.0,0.667,572700.0,553230.0,616113.0,0.93,78.06,47.76,擴散,頭頭高·底底低,,14,19,18,16.8,18,,,False,True
UNH,Health Care,UnitedHealth Group,2026-09-10,388.28,-2.7,-5.45,37.37,16.65,0.333,4556000,5372212,6798159,-12.76,-34.68,-27.83,P-V-,P-V-,P+V-,⚠️ 主升段結束,20.09,37.0,0.543,35,50,8,34.1,29.8,9.52,False,False,410.12,7.2,0.985,False,461.62,461.62,-15.89,-2.85,-4.27,8.0,12.0,4514587.0,4583608.0,0.667,4339900.0,4903200.0,4620313.0,0.939,73.54,40.84,收斂,頭頭低·底底高,多轉空預警 / 空轉多預警,15,25,15,19.0,19,吃老本,,False,True
TMO,Health Care,Thermo Fisher Scientific,2026-09-10,603.18,1.22,22.21,20.4,16.06,1.0,1659270,2028569,2135523,-27.14,-9.54,1.72,P+V-,P+V-,P+V+,⚠️ 頂部背離,27.0,32.72,0.825,21,7,20,16.6,5.6,3.79,False,True,576.56,6.91,1.357,False,647.0,647.0,-6.77,-0.88,0.03,8.0,12.0,1970275.0,1451933.0,0.667,1545800.0,1615190.0,1704226.0,0.907,83.41,51.48,多頭,頭頭高·底底高,,16,13,20,15.6,13,,,False,True
SOLV,Health Care,Solventum,2026-09-10,87.65,1.38,6.29,26.28,15.06,1.0,971880,1188526,1446000,-22.47,-30.23,33.85,P+V-,P+V-,P+V+,⚠️ 頂部背離,19.76,32.12,0.615,20,37,16,24.3,,,,,,,,,,,,,,,,,,,,,,,,,,,,17,28,28,,28,吃老本,,False,False
A,Health Care,Agilent Technologies,2026-09-10,143.12,-4.13,5.84,24.9,12.88,0.667,2337650,2194958,2218477,18.94,-2.1,9.13,P-V+,P+V-,P+V+,⚠️ 中期出貨,20.39,32.31,0.631,41,38,17,35.3,,,,,,,,,,,,,,,,,,,,,,,,,,,,18,28,28,,28,吃老本,,False,False
DXCM,Health Care,Dexcom,2026-09-10,84.51,-7.62,8.08,24.1,12.16,0.667,3913630,4781993,5045770,-29.41,-9.94,-12.7,P-V-,P+V-,P+V-,➡️ 中性,19.47,44.5,0.438,47,35,19,37.8,,,,,,,,,,,,,,,,,,,,,,,,,,,,19,28,28,,28,吃老本,,False,False
CVS,Health Care,CVS Health,2026-09-10,95.29,0.32,-1.22,24.13,11.84,0.667,6221900,7705749,7815651,-26.99,-2.77,-2.58,P+V-,P-V-,P+V-,⚠️ 量能背離,32.12,29.01,1.107,25,45,18,29.6,,,,,,,,,,,,,,,,,,,,,,,,,,,,20,28,28,,28,吃老本,,False,False
DGX,Health Care,Quest Diagnostics,2026-09-10,231.14,-2.08,13.47,17.01,11.35,0.667,866540,953263,922053,-21.79,7.01,-7.77,P-V-,P+V+,P+V-,➡️ 中性,34.31,23.49,1.461,33,20,23,27.1,,,,,,,,,,,,,,,,,,,,,,,,,,,,21,28,28,,28,吃老本,,False,False
BIIB,Health Care,Biogen,2026-09-10,215.43,2.27,8.2,16.53,10.88,1.0,704985,1101884,1125546,-33.63,-4.12,-36.11,P+V-,P+V-,P+V-,⚠️ 量能衰竭,46.46,31.68,1.467,15,34,24,22.5,77.38,20.93,False,True,209.33,7.74,1.14,False,225.8,225.8,-4.59,-3.25,3.14,11.0,9.0,746218.0,654588.0,1.222,936600.0,716400.0,699153.0,1.34,88.87,51.36,多頭,頭頭高·底底高,空轉多預警,22,6,4,12.0,7,剛爆發,,False,True
VTRS,Health Care,Viatris,2026-09-10,16.38,2.89,1.87,18.4,10.39,1.0,7644580,9523070,10176140,-30.1,-12.06,7.22,P+V-,P+V-,P+V+,⚠️ 頂部背離,61.59,30.66,2.009,12,41,22,22.7,15.04,17.54,False,False,16.69,6.96,0.953,False,18.25,18.39,-10.26,-4.15,2.5,10.0,9.0,7456590.0,7826377.0,1.111,9014800.0,7339420.0,7061180.0,1.277,83.18,45.71,擴散,頭頭高·底底低,,23,14,5,15.8,14,剛爆發,,False,True
ABBV,Health Care,AbbVie,2026-09-10,255.0,1.67,13.93,12.53,10.16,1.0,4341930,6321666,6443264,-21.53,-3.7,3.87,P+V-,P+V-,P+V+,⚠️ 頂部背離,21.19,22.41,0.945,18,19,28,20.3,,,,,,,,,,,,,,,,,,,,,,,,,,,,24,28,28,,28,,,False,False
VRTX,Health Care,Vertex Pharmaceuticals,2026-09-10,514.56,-0.36,15.43,12.67,10.1,0.667,1022505,1460684,1387243,-26.19,11.18,-4.63,P-V-,P+V+,P+V-,➡️ 中性,35.31,23.73,1.488,27,15,27,23.4,-0.32,3.81,False,True,510.3,8.49,1.213,False,560.25,560.25,-8.16,-7.58,-2.12,10.0,10.0,1120770.0,924240.0,1.0,815000.0,989690.0,960706.0,0.848,81.92,43.5,多頭,頭頭高·底底高,,25,16,22,20.8,20,剛爆發,,False,False
JNJ,Health Care,Johnson & Johnson,2026-09-10,266.35,2.13,12.94,11.98,9.76,1.0,6262410,7729850,7693260,-20.19,0.96,-12.49,P+V-,P+V+,P+V-,⚠️ 量能背離,50.99,19.64,2.596,16,22,30,20.6,,,,,,,,,,,,,,,,,,,,,,,,,,,,26,28,28,,28,,,False,False
LH,Health Care,Labcorp,2026-09-10,306.96,-4.64,13.41,14.39,9.39,0.667,653195,689920,656634,-17.18,10.68,-9.33,P-V-,P+V+,P+V-,➡️ 中性,19.46,22.3,0.872,42,21,25,32.3,,,,,,,,,,,,,,,,,,,,,,,,,,,,27,28,28,,28,,,False,False
REGN,Health Care,Regeneron Pharmaceuticals,2026-09-10,793.26,-1.46,28.89,4.67,9.19,0.667,634730,827323,836057,-25.22,-2.07,-13.34,P-V-,P+V-,P+V-,➡️ 中性,44.14,33.97,1.299,31,6,38,24.9,39.99,6.38,False,True,747.77,9.84,1.242,False,859.34,859.34,-7.69,-6.9,-0.48,9.0,11.0,710966.0,572354.0,0.818,526900.0,634270.0,632573.0,0.833,80.97,49.19,多頭,頭頭高·底底高,空轉多預警,28,17,23,22.6,22,剛爆發,,False,True
DVA,Health Care,DaVita,2026-09-10,181.33,1.21,-8.51,20.28,8.31,0.667,581615,822015,845183,-44.03,-5.34,-11.36,P+V-,P-V-,P+V-,⚠️ 量能背離,37.23,59.34,0.627,22,51,21,30.5,,,,,,,,,,,,,,,,,,,,,,,,,,,,29,28,28,,28,,,False,False
CAH,Health Care,Cardinal Health,2026-09-10,236.02,2.07,11.22,8.87,7.76,1.0,1532380,2127226,2057937,-25.99,6.97,-4.41,P+V-,P+V+,P+V-,⚠️ 量能背離,58.48,31.47,1.858,17,28,31,23.1,,,,,,,,,,,,,,,,,,,,,,,,,,,,30,28,28,,28,,,False,False
HSIC,Health Care,Henry Schein,2026-09-10,87.3,-3.13,9.08,12.5,7.74,0.667,915065,1241235,1306106,-35.45,-9.46,-8.98,P-V-,P+V-,P+V-,➡️ 中性,34.61,26.18,1.322,39,32,29,34.9,,,,,,,,,,,,,,,,,,,,,,,,,,,,31,28,28,,28,,,False,False
BDX,Health Care,Becton Dickinson,2026-09-10,176.42,-2.48,16.72,7.62,7.37,0.667,1639455,2092812,2462994,-12.14,-26.13,-7.02,P-V-,P+V-,P+V-,➡️ 中性,26.28,27.03,0.972,34,12,33,27.2,2.93,4.51,False,True,170.5,8.14,1.028,False,191.94,193.07,-8.08,-5.36,-3.33,9.0,11.0,1664155.0,1619245.0,0.818,1704900.0,1611480.0,1635560.0,1.042,76.11,44.07,多頭,頭頭高·底底高,空轉多預警,32,21,12,23.6,23,剛爆發,,False,True
BMY,Health Care,Bristol Myers Squibb,2026-09-10,63.75,-1.39,14.15,8.04,7.21,0.667,7925145,11200964,11361281,-36.42,-2.78,-23.79,P-V-,P+V-,P+V-,➡️ 中性,41.59,22.47,1.85,30,17,32,26.5,,,,,,,,,,,,,,,,,,,,,,,,,,,,33,28,28,,28,,,False,False
GILD,Health Care,Gilead Sciences,2026-09-10,144.81,4.83,16.14,1.85,6.17,1.0,5303705,6974703,6697585,-24.91,8.63,-8.41,P+V-,P+V+,P+V-,⚠️ 量能背離,20.96,23.05,0.909,5,14,42,15.1,6.86,6.24,False,True,137.74,6.33,0.935,False,155.38,157.29,-6.8,-3.21,6.58,12.0,8.0,5159575.0,5519900.0,1.5,6019300.0,5270860.0,5422133.0,1.11,91.52,52.86,多頭,頭頭高·底底高,,34,2,10,16.4,16,剛爆發,,False,True
PFE,Health Care,Pfizer,2026-09-10,27.65,3.17,9.47,5.72,6.02,1.0,33287960,41752269,39388891,-19.51,12.77,-31.09,P+V-,P+V+,P+V-,⚠️ 量能背離,14.59,24.86,0.587,9,31,36,21.0,12.87,3.93,False,True,26.06,6.41,1.403,False,29.21,29.21,-5.34,-4.72,5.09,9.0,11.0,39534244.0,28177363.0,0.818,28805300.0,32626580.0,32233580.0,0.894,87.99,52.58,多頭,頭頭高·底底高,多頭確認,35,8,21,21.4,21,剛爆發,,False,True
MDT,Health Care,Medtronic,2026-09-10,91.62,1.15,12.77,2.53,4.74,1.0,8000740,8127856,9004759,13.62,-17.75,22.18,P+V+,P+V-,P+V+,➡️ 中性,1.51,23.96,0.063,23,23,41,26.6,,,,,,,,,,,,,,,,,,,,,,,,,,,,36,28,28,,28,剛爆發,,False,False
LLY,Health Care,Lilly (Eli),2026-09-10,1123.0,-6.98,-1.75,13.75,4.69,0.333,2469875,2776298,2960286,-9.61,-11.7,-15.15,P-V-,P-V-,P+V-,⚠️ 主升段結束,62.49,34.87,1.792,44,47,26,41.3,,,,,,,,,,,,,,,,,,,,,,,,,,,,37,28,28,,28,剛爆發,,False,False
AMGN,Health Care,Amgen,2026-09-10,382.47,-7.93,11.65,4.89,3.38,0.667,2593265,2740187,2671046,-4.97,5.31,-2.11,P-V-,P+V+,P+V-,➡️ 中性,52.68,24.14,2.182,48,27,37,39.5,,,,,,,,,,,,,,,,,,,,,,,,,,,,38,28,28,,28,剛爆發,,False,False
MTD,Health Care,Mettler Toledo,2026-09-10,1280.58,-10.5,10.13,5.86,2.84,0.667,176430,188041,185535,1.49,2.74,28.51,P-V+,P+V+,P+V+,⚠️ 中期出貨,14.82,31.07,0.477,52,30,35,42.0,,,,,,,,,,,,,,,,,,,,,,,,,,,,39,28,28,,28,剛爆發,,False,False
DHR,Health Care,Danaher Corporation,2026-09-10,200.53,-1.65,6.65,3.0,2.75,0.667,3108170,4590258,4554409,-53.62,1.59,14.36,P-V-,P+V+,P+V+,➡️ 中性,7.64,32.33,0.236,32,36,40,34.8,,,,,,,,,,,,,,,,,,,,,,,,,,,,40,28,28,,28,剛爆發,,False,False
MCK,Health Care,McKesson Corporation,2026-09-10,880.86,2.93,12.44,-3.97,1.86,0.667,899565,1023210,1015056,-13.66,1.62,39.44,P+V-,P+V+,P-V+,➡️ 中性,24.78,32.1,0.772,10,25,44,21.3,4.14,1.06,False,True,854.37,6.05,0.878,False,996.84,999.0,-11.63,-4.75,0.35,9.0,11.0,835511.0,951972.0,0.818,853000.0,901050.0,912673.0,0.935,75.94,50.59,多頭,頭頭高·底底高,,41,22,16,28.4,26,剛爆發,,False,True
CI,Health Care,Cigna,2026-09-10,280.91,1.61,-4.25,4.59,1.64,0.667,1391825,1662516,1668723,-33.11,-0.74,-6.94,P+V-,P-V-,P+V-,⚠️ 量能背離,-6.72,31.16,-0.215,19,49,39,32.0,,,,,,,,,,,,,,,,,,,,,,,,,,,,42,28,28,,28,剛爆發,,False,False
EW,Health Care,Edwards Lifesciences,2026-09-10,86.77,-6.26,-0.88,6.28,1.36,0.333,2741180,4157253,4619457,-42.39,-18.19,8.51,P-V-,P-V-,P+V+,😴 弱勢縮量,18.87,25.25,0.747,43,43,34,41.2,,,,,,,,,,,,,,,,,,,,,,,,,,,,43,28,28,,28,剛爆發,,False,False
UHS,Health Care,Universal Health Services,2026-09-10,172.72,1.0,17.96,-10.12,-0.32,0.667,645405,846618,892653,-32.35,-9.81,26.07,P+V-,P+V-,P-V+,➡️ 中性,-7.02,31.42,-0.223,24,11,48,24.9,-0.45,2.95,False,True,164.7,6.95,1.028,False,245.26,246.33,-29.58,3.12,0.27,10.0,10.0,654400.0,636410.0,1.0,665200.0,649620.0,621113.0,1.071,84.41,54.54,多頭,頭頭高·底底高,,44,10,11,23.8,24,剛爆發,,False,False
COR,Health Care,Cencora,2026-09-10,320.95,3.73,15.02,-10.08,-0.35,0.667,1197405,1456347,1603293,-23.37,-16.79,14.41,P+V-,P+V-,P-V+,➡️ 中性,6.63,27.18,0.244,7,16,47,17.7,3.04,0.65,False,True,314.1,6.01,0.898,False,375.33,377.54,-14.49,-4.58,2.36,11.0,9.0,1139227.0,1268511.0,1.222,1346300.0,1288320.0,1178746.0,1.142,83.63,49.82,多頭,頭頭高·底底高,,45,11,8,24.0,25,剛爆發,,False,True
ABT,Health Care,Abbott Laboratories,2026-09-10,103.36,-7.11,14.08,-4.39,-0.45,0.333,7807715,11075558,11916547,-30.21,-13.18,58.23,P-V-,P+V-,P-V+,➡️ 中性,-12.28,25.02,-0.491,45,18,45,36.9,,,,,,,,,,,,,,,,,,,,,,,,,,,,46,28,28,,28,剛爆發,,False,False
ZBH,Health Care,Zimmer Biomet,2026-09-10,92.44,-7.16,3.41,-1.25,-1.56,0.333,1582405,2196843,2250726,-40.0,-4.68,15.63,P-V-,P+V-,P-V+,➡️ 中性,-3.3,30.67,-0.108,46,39,43,43.3,,,,,,,,,,,,,,,,,,,,,,,,,,,,47,28,28,,28,剛爆發,,False,False
RMD,Health Care,ResMed|,2026-09-10,219.58,-2.88,11.82,-12.66,-4.09,0.333,1349910,1476218,1385184,-4.13,14.07,31.44,P-V-,P+V+,P-V+,➡️ 中性,-15.8,28.93,-0.546,37,26,49,36.1,,,,,,,,,,,,,,,,,,,,,,,,,,,,48,28,28,,28,剛爆發,,False,False
STE,Health Care,Steris,2026-09-10,212.45,-9.73,0.1,-7.28,-6.05,0.333,588725,739506,772320,-22.64,-8.15,13.97,P-V-,P+V-,P-V+,➡️ 中性,-2.43,25.54,-0.095,50,42,46,46.8,,,,,,,,,,,,,,,,,,,,,,,,,,,,49,28,28,,28,剛爆發,,False,False
HCA,Health Care,HCA Healthcare,2026-09-10,421.21,2.3,12.58,-20.67,-6.62,0.667,1309500,1520158,1409497,-11.58,17.04,12.69,P+V-,P+V+,P-V+,➡️ 中性,5.84,25.97,0.225,13,24,53,24.3,1.23,0.29,False,True,404.31,7.47,1.295,False,554.58,556.52,-24.05,4.76,1.6,6.0,14.0,1557733.0,1203114.0,0.429,1408100.0,1372770.0,1352086.0,1.041,81.95,56.58,多頭,頭頭高·底底高,空轉多預警,50,15,13,28.6,27,剛爆發,,False,True
GEHC,Health Care,GE HealthCare,2026-09-10,64.24,-12.94,-2.63,-13.41,-10.6,0.0,2640795,4375647,4578230,-50.43,-8.47,30.99,P-V-,P-V-,P-V+,😴 弱勢縮量,-4.7,34.0,-0.138,55,48,51,52.1,,,,,,,,,,,,,,,,,,,,,,,,,,,,51,28,28,,28,剛爆發,,False,False
ALGN,Health Care,Align Technology,2026-09-10,150.72,-14.46,-15.37,-13.38,-14.15,0.0,848645,962560,1049377,-12.46,-15.28,-17.59,P-V-,P-V-,P-V-,🧊 熊市縮量,30.9,31.35,0.986,56,56,50,54.8,,,,,,,,,,,,,,,,,,,,,,,,,,,,52,28,28,,28,剛爆發,,False,False
IDXX,Health Care,Idexx Laboratories,2026-09-10,506.53,-10.65,-12.5,-16.75,-14.16,0.0,505445,618032,597885,-18.39,6.97,17.72,P-V-,P-V+,P-V+,➡️ 中性,-10.56,26.89,-0.393,54,54,52,53.6,,,,,,,,,,,,,,,,,,,,,,,,,,,,53,28,28,,28,剛爆發,,False,False
ISRG,Health Care,Intuitive Surgical,2026-09-10,360.46,-10.17,-15.51,-26.46,-19.65,0.0,2208415,2997578,2571005,-47.7,39.78,20.34,P-V-,P-V+,P-V+,➡️ 中性,-10.82,40.05,-0.27,51,57,55,53.6,,,,,,,,,,,,,,,,,,,,,,,,,,,,54,28,28,,28,剛爆發,,False,False
SYK,Health Care,Stryker Corporation,2026-09-10,270.01,-20.84,-13.78,-25.54,-21.42,0.0,2731560,2582712,2542379,19.56,3.22,50.63,P-V+,P-V+,P-V+,📉 主力出貨,-8.41,28.86,-0.292,58,55,54,56.3,,,,,,,,,,,,,,,,,,,,,,,,,,,,55,28,28,,28,剛爆發,,False,False
ZTS,Health Care,Zoetis,2026-09-10,72.86,-3.93,-10.74,-39.32,-23.33,0.0,4793460,6279546,6062643,-31.93,7.42,40.0,P-V-,P-V+,P-V+,➡️ 中性,-49.84,42.45,-1.174,40,52,57,47.0,,,,,,,,,,,,,,,,,,,,,,,,,,,,56,28,28,,28,剛爆發,,False,False
BSX,Health Care,Boston Scientific,2026-09-10,43.1,-16.62,-11.97,-39.59,-26.94,0.0,19866005,20000101,19256925,-2.64,8.03,64.9,P-V-,P-V+,P-V+,➡️ 中性,-51.14,35.66,-1.434,57,53,58,56.0,,,,,,,,,,,,,,,,,,,,,,,,,,,,57,28,28,,28,剛爆發,,False,False
COO,Health Care,Cooper Companies (The),2026-09-10,54.17,-29.28,-21.06,-29.24,-27.2,0.0,2853760,2641658,2599397,43.04,3.31,-1.83,P-V+,P-V+,P-V-,➡️ 中性,13.41,30.15,0.445,59,59,56,58.4,,,,,,,,,,,,,,,,,,,,,,,,,,,,58,28,28,,28,剛爆發,,False,False
PODD,Health Care,Insulet Corporation,2026-09-10,134.68,-8.03,-15.62,-43.18,-27.5,0.0,1693325,1636287,1469333,-3.03,25.64,90.15,P-V-,P-V+,P-V+,➡️ 中性,-57.03,36.05,-1.582,49,58,59,53.7,,,,,,,,,,,,,,,,,,,,,,,,,,,,59,28,28,,28,剛爆發,,False,False
EXPD,Industrials,Expeditors International,2026-09-10,189.32,1.21,13.82,29.58,18.55,1.0,750245,1133204,1149183,-42.3,-2.74,-19.82,P+V-,P+V-,P+V-,⚠️ 量能衰竭,53.62,34.41,1.558,5,5,2,4.4,19.93,27.77,False,True,179.86,4.24,0.877,False,192.28,192.28,-1.54,1.7,2.63,13.0,7.0,715261.0,815214.0,1.857,925800.0,796730.0,762286.0,1.215,95.47,60.02,多頭,頭頭高·底底高,,1,1,6,2.0,1,,,False,True
DE,Industrials,Deere & Company,2026-09-10,677.94,10.71,17.73,15.58,14.9,1.0,1382205,1214798,1264214,33.71,-7.52,-16.5,P+V+,P+V-,P+V-,➡️ 中性,33.14,29.52,1.122,1,1,14,3.6,8.3,14.07,False,True,622.05,13.22,1.579,False,705.88,705.88,-3.96,-2.93,9.39,9.0,11.0,1731466.0,1096445.0,0.818,1175900.0,1340400.0,1484240.0,0.792,94.37,61.82,擴散,頭頭高·底底低,多頭確認,2,2,21,5.8,2,,,False,True
ADP,Industrials,Automatic Data Processing,2026-09-10,267.33,-3.22,16.52,20.04,13.35,0.667,2003395,2460086,2865487,-20.85,-24.79,14.16,P-V-,P+V-,P+V+,➡️ 中性,-5.33,27.7,-0.192,11,2,8,7.7,1.58,2.26,False,True,264.56,8.31,1.204,False,290.33,296.86,-7.92,-4.92,-0.74,10.0,10.0,2188990.0,1817800.0,1.0,1661100.0,1849630.0,1914006.0,0.868,83.66,44.02,多頭,頭頭高·底底高,,3,8,18,8.0,4,,,False,True
CSX,Industrials,CSX Corporation,2026-09-10,49.04,-1.93,4.01,23.47,12.25,0.667,9152180,11673409,12246754,-35.22,-8.94,-11.25,P-V-,P+V-,P+V-,➡️ 中性,57.83,20.88,2.769,9,21,5,11.8,4.19,10.6,False,False,50.09,8.03,0.894,False,53.45,53.6,-8.26,0.8,-1.81,11.0,9.0,8686763.0,9721022.0,1.222,10386300.0,9625340.0,9374420.0,1.108,83.21,43.27,擴散,頭頭高·底底低,,4,9,10,7.2,3,,,False,True
DAL,Industrials,Delta Air Lines,2026-09-10,78.24,-14.31,-3.37,33.27,12.21,0.333,5010305,6471460,8640768,-5.95,-40.13,3.34,P-V-,P-V-,P+V+,😴 弱勢縮量,48.09,34.1,1.41,74,41,1,49.5,4.54,11.35,False,False,85.68,8.9,0.907,False,95.44,95.68,-18.03,0.13,-13.0,7.0,13.0,4696285.0,5179392.0,0.538,5913100.0,5139800.0,5210593.0,1.135,66.2,37.62,空頭,頭頭低·底底低,多轉空預警,5,27,9,14.6,11,吃老本,,False,True
SWK,Industrials,Stanley Black & Decker,2026-09-10,89.23,-11.94,12.34,20.9,10.55,0.667,1507275,1792350,1841586,-31.8,-5.21,-2.02,P-V-,P+V-,P+V-,➡️ 中性,38.22,36.99,1.033,65,7,7,36.0,29.86,34.6,False,False,94.31,12.7,1.005,False,103.78,104.68,-14.02,-7.1,-12.53,5.0,15.0,1513220.0,1505293.0,0.333,2398000.0,1625840.0,1544246.0,1.553,62.23,34.77,收斂,頭頭低·底底高,多轉空預警 / 空頭確認,6,29,2,14.4,10,吃老本,,False,True
PAYX,Industrials,Paychex,2026-09-10,115.18,-8.15,16.05,16.88,10.42,0.667,2273630,3072658,3357129,-28.24,-15.62,-0.36,P-V-,P+V-,P+V-,➡️ 中性,-5.56,25.5,-0.218,35,3,12,20.8,0.91,2.31,True,False,116.94,11.0,1.023,False,130.23,135.97,-11.56,-7.11,-4.31,11.0,9.0,2297109.0,2244933.0,1.222,2135700.0,2355790.0,2238266.0,0.954,80.81,38.88,多頭,頭頭高·底底高,空頭確認,7,11,16,10.4,6,,,False,True
JBHT,Industrials,J.B. Hunt,2026-09-10,267.83,-5.13,-6.58,25.96,10.05,0.333,803015,954038,963480,-22.46,-1.94,-21.74,P-V-,P-V-,P+V-,⚠️ 主升段結束,103.17,37.09,2.782,21,55,3,27.6,9.55,3.09,False,False,275.14,8.44,1.14,False,299.26,299.76,-10.5,2.92,-2.95,12.0,8.0,844391.0,740950.0,1.5,631900.0,827490.0,791360.0,0.798,91.85,48.36,空頭,頭頭低·底底低,多轉空預警,8,3,20,8.4,5,,,False,True
NDSN,Industrials,Nordson Corporation,2026-09-10,307.45,-0.52,6.59,13.69,8.36,0.667,431245,397444,378276,39.71,10.68,-1.51,P-V+,P+V+,P+V-,➡️ 中性,40.96,18.42,2.224,6,12,19,10.4,5.03,1.48,False,True,304.63,9.33,1.33,False,338.1,339.12,-9.07,-2.61,-0.93,8.0,12.0,506725.0,380925.0,0.667,297800.0,329210.0,425700.0,0.7,81.68,42.77,多頭,頭頭高·底底高,空頭確認,9,10,25,12.6,9,,,False,True
ETN,Industrials,Eaton Corporation,2026-09-10,409.15,-9.75,2.1,18.64,7.41,0.667,1736610,2218632,2425405,-30.35,-15.71,-10.18,P-V-,P+V-,P+V-,➡️ 中性,28.39,33.27,0.853,47,28,10,33.9,2.39,2.9,False,False,414.99,11.21,0.977,False,478.0,478.0,-14.4,4.68,-11.05,8.0,12.0,1712725.0,1752533.0,0.667,1529300.0,1797010.0,1752766.0,0.873,72.35,47.25,擴散,頭頭高·底底低,,10,23,17,16.6,15,吃老本,,False,True
UNP,Industrials,Union Pacific Corporation,2026-09-10,285.78,-3.59,5.83,13.57,7.35,0.667,2370865,2710390,2855403,-25.34,-9.67,-21.06,P-V-,P+V-,P+V-,➡️ 中性,38.73,22.9,1.691,12,13,20,13.9,5.17,2.42,False,False,293.35,8.33,1.143,False,314.53,315.99,-9.14,-1.36,-2.26,9.0,11.0,2545600.0,2227900.0,0.818,2507800.0,2202630.0,2382240.0,1.053,80.37,37.59,收斂,頭頭低·底底高,多轉空預警 / 空轉多預警,11,13,12,12.0,8,,,False,True
WAB,Industrials,Wabtec,2026-09-10,280.27,-5.85,5.56,14.8,7.33,0.667,830070,925158,942738,-26.1,-3.66,4.07,P-V-,P+V-,P+V+,➡️ 中性,56.45,24.04,2.348,26,16,15,20.8,5.94,7.55,False,False,283.99,8.65,1.074,False,306.32,306.64,-8.51,0.16,-5.07,11.0,9.0,856609.0,797633.0,1.222,730400.0,749490.0,748973.0,0.975,84.15,40.5,收斂,頭頭低·底底高,空頭確認,12,7,15,10.6,7,,,False,True
FIX,Industrials,Comfort Systems USA,2026-09-10,1590.81,-7.92,-13.1,24.49,6.99,0.333,363375,473321,444300,-31.15,13.98,-10.15,P-V-,P-V+,P+V-,➡️ 中性,131.55,42.59,3.089,32,68,4,37.2,19.85,54.44,False,False,1691.78,10.4,0.993,False,2072.1,2073.99,-23.23,1.97,-8.46,9.0,11.0,361888.0,364590.0,0.818,212700.0,326720.0,348080.0,0.611,75.35,44.66,多頭,頭頭高·底底高,空轉多預警,13,19,29,18.6,17,吃老本,,False,True
URI,Industrials,United Rentals,2026-09-10,989.08,-11.73,-9.45,22.63,6.02,0.333,431385,477526,521896,-16.67,-15.67,-15.97,P-V-,P-V-,P+V-,⚠️ 主升段結束,20.5,40.57,0.505,64,59,6,50.9,10.11,8.63,False,False,1079.69,9.01,0.932,False,1177.15,1179.18,-15.98,0.95,-12.42,10.0,10.0,416210.0,446560.0,1.0,449700.0,439090.0,436426.0,1.03,74.24,36.54,多頭,頭頭高·底底高,空轉多預警 / 空頭確認,14,20,14,16.4,14,吃老本,,False,True
GEV,Industrials,GE Vernova,2026-09-10,923.91,-11.96,0.46,17.2,5.72,0.667,2019215,2687229,2594924,-26.14,7.38,-15.47,P-V-,P+V+,P+V-,➡️ 中性,61.95,39.28,1.577,66,31,11,44.5,-22.44,771.56,False,False,1005.87,11.74,0.85,False,1195.94,1195.94,-22.75,0.21,-11.15,9.0,10.0,1832444.0,2155850.0,0.9,1462200.0,1966000.0,2014366.0,0.726,71.77,42.38,空頭,頭頭低·底底低,,15,24,23,20.2,20,吃老本,,False,False
GWW,Industrials,W. W. Grainger,2026-09-10,1271.49,-3.78,-4.2,14.72,5.36,0.333,215370,292895,273786,-29.68,15.01,-6.53,P-V-,P-V+,P+V-,➡️ 中性,32.35,22.28,1.452,14,46,16,24.0,6.26,14.08,False,False,1333.45,5.52,0.99,False,1417.14,1419.91,-10.28,-1.04,-2.56,8.0,12.0,214050.0,216250.0,0.667,229900.0,236070.0,221113.0,1.04,75.37,39.86,空頭,頭頭低·底底低,,16,18,13,16.2,13,,,False,True
CAT,Industrials,Caterpillar Inc.,2026-09-10,805.0,-5.8,-11.83,18.67,4.93,0.333,2381775,3130509,2828670,-25.47,23.89,0.56,P-V-,P-V+,P+V+,➡️ 中性,104.13,33.46,3.112,25,66,9,34.1,31.83,19.3,False,False,859.22,7.66,0.844,False,1071.47,1073.46,-24.87,1.61,-5.91,9.0,11.0,2161844.0,2561718.0,0.818,1781900.0,2280400.0,2283126.0,0.78,74.13,43.4,擴散,頭頭高·底底低,,17,21,22,19.6,19,,,False,True
IEX,Industrials,IDEX Corporation,2026-09-10,221.46,-7.39,0.02,12.67,4.49,0.667,544240,667861,717613,-29.32,-12.97,1.65,P-V-,P+V-,P+V+,➡️ 中性,52.4,20.92,2.504,30,33,21,29.1,,,,,,,,,,,,,,,,,,,,,,,,,,,,18,31,31,,31,吃老本,,False,False
J,Industrials,Jacobs Solutions,2026-09-10,140.53,-2.11,12.3,3.31,4.2,0.667,836445,1019624,1068895,-3.99,-8.81,8.47,P-V-,P+V-,P+V+,➡️ 中性,1.28,30.52,0.042,10,8,32,13.8,0.8,7.09,False,True,139.23,8.76,0.884,False,166.66,168.44,-15.68,-4.45,-3.09,9.0,11.0,780366.0,882327.0,0.818,573300.0,804520.0,824726.0,0.695,74.11,41.46,多頭,頭頭高·底底高,空頭確認,19,22,27,21.8,22,,,False,True
ROK,Industrials,Rockwell Automation,2026-09-10,421.37,-5.13,-8.21,14.64,3.99,0.333,646545,809589,807806,-29.9,0.44,-10.2,P-V-,P-V+,P+V-,➡️ 中性,34.37,28.23,1.217,21,57,17,31.0,,,,,,,,,,,,,,,,,,,,,,,,,,,,20,31,31,,31,吃老本,,False,False
NSC,Industrials,Norfolk Southern,2026-09-10,323.3,-4.31,3.93,7.64,3.73,0.667,1139085,1141158,1211675,-11.52,-11.0,-11.24,P-V-,P+V-,P+V-,➡️ 中性,25.32,19.44,1.303,17,23,25,20.4,,,,,,,,,,,,,,,,,,,,,,,,,,,,21,31,31,,31,吃老本,,False,False
FAST,Industrials,Fastenal,2026-09-10,49.01,-4.54,5.79,6.63,3.63,0.667,5947600,7633526,7495807,-29.75,3.74,0.59,P-V-,P+V+,P+V+,➡️ 中性,11.22,22.69,0.495,19,15,28,19.6,1.25,0.84,False,True,48.68,7.85,1.009,False,52.92,52.92,-7.39,2.25,-6.15,9.0,11.0,5976166.0,5924227.0,0.818,7282700.0,6341330.0,5791913.0,1.257,77.14,46.54,多頭,頭頭高·底底高,空轉多預警,22,16,4,16.0,12,剛爆發,,False,True
UAL,Industrials,United Airlines Holdings,2026-09-10,106.49,-15.72,-2.86,15.66,3.19,0.333,3171085,4333115,5888697,-18.43,-41.79,1.39,P-V-,P-V-,P+V+,😴 弱勢縮量,16.38,40.49,0.405,76,38,13,52.0,7.58,9.98,False,False,119.89,9.84,1.021,False,138.77,138.77,-23.26,-1.72,-14.89,7.0,13.0,3213271.0,3148369.0,0.538,3771700.0,3265420.0,3298573.0,1.143,66.32,37.44,空頭,頭頭低·底底低,多轉空預警,23,26,8,21.2,21,,,False,True
EMR,Industrials,Emerson Electric,2026-09-10,148.37,-9.34,4.53,8.03,2.81,0.667,2130945,2706258,2801999,-33.8,-6.61,-5.82,P-V-,P+V-,P+V-,➡️ 中性,24.04,28.31,0.849,45,20,24,33.3,,,,,,,,,,,,,,,,,,,,,,,,,,,,24,31,31,,31,吃老本,,False,False
PWR,Industrials,Quanta Services,2026-09-10,618.73,-8.03,-10.57,14.58,2.64,0.333,1026180,1204121,1170663,-11.34,5.88,13.82,P-V-,P-V+,P+V+,➡️ 中性,73.92,32.02,2.308,33,64,18,39.3,,,,,,,,,,,,,,,,,,,,,,,,,,,,25,31,31,,31,吃老本,,False,False
ALLE,Industrials,Allegion,2026-09-10,151.27,-9.11,15.91,1.4,2.4,0.667,1367280,1329744,1151282,-3.43,36.69,32.85,P-V-,P+V+,P+V+,➡️ 中性,-1.76,27.56,-0.064,40,4,38,28.8,8.29,-5.09,False,False,153.5,6.58,0.759,False,181.67,183.11,-16.73,-2.45,-8.93,7.0,13.0,1133257.0,1493292.0,0.538,812500.0,1623240.0,1429580.0,0.568,65.02,39.34,多頭,頭頭高·底底高,空頭確認,26,28,30,27.6,27,,,False,True
MMM,Industrials,3M,2026-09-10,162.86,-10.44,4.59,7.18,2.13,0.667,2689385,3418830,3638280,-29.14,-11.38,10.18,P-V-,P+V-,P+V+,➡️ 中性,21.35,27.01,0.79,53,19,27,37.6,,,,,,,,,,,,,,,,,,,,,,,,,,,,27,31,31,,31,,,False,False
JCI,Industrials,Johnson Controls,2026-09-10,142.81,-5.7,-3.08,8.49,2.05,0.333,2781590,3822353,3714926,-21.71,5.96,-24.04,P-V-,P-V+,P+V-,➡️ 中性,42.56,25.06,1.699,24,40,23,28.6,,,,,,,,,,,,,,,,,,,,,,,,,,,,28,31,31,,31,,,False,False
CTAS,Industrials,Cintas,2026-09-10,198.44,-0.87,10.61,-2.02,1.43,0.333,1739030,2157715,2233500,-28.69,-6.56,9.15,P-V-,P+V-,P-V+,➡️ 中性,1.8,26.48,0.068,7,9,43,14.8,2.35,0.4,True,False,198.72,4.24,0.897,False,218.6,219.17,-9.22,0.18,-2.24,9.0,11.0,1635533.0,1823709.0,0.818,2122600.0,1662800.0,1744320.0,1.217,76.69,44.96,擴散,頭頭高·底底低,,29,17,5,19.4,18,剛爆發,,False,True
AME,Industrials,Ametek,2026-09-10,234.24,-8.58,2.08,5.85,1.3,0.667,1378345,1245883,1248456,12.44,-0.41,-7.44,P-V+,P+V-,P+V-,➡️ 中性,38.81,20.56,1.888,36,29,30,32.7,,,,,,,,,,,,,,,,,,,,,,,,,,,,30,31,31,,31,,,False,False
FDX,Industrials,FedEx,2026-09-10,311.8,-8.12,-5.66,8.6,0.85,0.333,1507975,1777146,1990500,-1.08,-19.36,-13.7,P-V-,P-V-,P+V-,⚠️ 主升段結束,82.01,29.32,2.797,34,50,22,36.4,,,,,,,,,,,,,,,,,,,,,,,,,,,,31,31,31,,31,,,False,False
VLTO,Industrials,Veralto,2026-09-10,93.45,-4.19,8.62,-0.64,0.79,0.333,1480335,1879666,1999209,-14.41,-11.28,16.96,P-V-,P+V-,P-V+,➡️ 中性,-8.32,20.72,-0.402,15,11,41,19.0,10.34,6.41,False,False,95.49,6.73,1.222,False,109.28,109.86,-14.48,-3.87,-3.33,8.0,12.0,1661525.0,1359541.0,0.667,1100700.0,1616860.0,1581773.0,0.696,77.84,37.34,收斂,頭頭低·底底高,多轉空預警 / 空頭確認,32,15,26,24.0,24,剛爆發,,False,True
PCAR,Industrials,Paccar,2026-09-10,122.57,-6.23,2.68,2.36,0.29,0.667,2391275,3203475,2997458,-39.79,14.76,-6.38,P-V-,P+V+,P+V-,➡️ 中性,36.11,24.98,1.446,27,27,35,28.6,,,,,,,,,,,,,,,,,,,,,,,,,,,,33,31,31,,31,,,False,False
RSG,Industrials,Republic Services,2026-09-10,221.08,2.72,5.49,-3.76,0.17,0.667,1494815,1492624,1576475,5.19,-10.1,11.29,P+V+,P+V-,P-V+,➡️ 中性,-5.16,19.14,-0.269,3,17,49,16.4,1.7,3.77,False,True,217.96,3.1,0.927,False,232.08,233.42,-4.74,-0.65,3.18,11.0,9.0,1443754.0,1557222.0,1.222,1672200.0,1665970.0,1551540.0,1.078,86.21,53.04,擴散,頭頭高·底底低,,34,6,11,18.2,16,剛爆發,,False,True
MAS,Industrials,Masco,2026-09-10,67.64,-8.91,-6.1,7.23,-0.14,0.333,1813305,2356153,2610386,-38.35,-17.75,6.64,P-V-,P-V-,P+V+,😴 弱勢縮量,3.45,35.38,0.098,38,53,26,40.1,,,,,,,,,,,,,,,,,,,,,,,,,,,,35,31,31,,31,,,False,False
PH,Industrials,Parker Hannifin,2026-09-10,934.34,-11.58,3.39,1.58,-1.26,0.667,619545,634229,713346,-6.66,-19.97,13.31,P-V-,P+V-,P+V+,➡️ 中性,40.64,28.71,1.415,62,24,37,45.6,,,,,,,,,,,,,,,,,,,,,,,,,,,,36,31,31,,31,,,False,False
TT,Industrials,Trane Technologies,2026-09-10,439.83,-7.71,-6.35,4.43,-1.3,0.333,900545,1187469,1267726,-31.47,-11.91,-11.5,P-V-,P-V-,P+V-,⚠️ 主升段結束,15.21,26.36,0.577,31,54,31,37.9,,,,,,,,,,,,,,,,,,,,,,,,,,,,37,31,31,,31,剛爆發,,False,False
SNA,Industrials,Snap-on,2026-09-10,374.83,-6.79,-2.61,2.04,-1.33,0.333,254950,339261,361688,-36.18,-11.68,11.45,P-V-,P-V-,P+V+,😴 弱勢縮量,28.62,17.33,1.651,29,37,36,32.8,,,,,,,,,,,,,,,,,,,,,,,,,,,,38,31,31,,31,剛爆發,,False,False
EME,Industrials,Emcor,2026-09-10,748.33,-9.97,-9.55,6.13,-1.81,0.333,339780,430496,396475,-31.89,18.77,-21.48,P-V-,P-V+,P+V-,➡️ 中性,31.63,31.03,1.019,50,60,29,48.8,,,,,,,,,,,,,,,,,,,,,,,,,,,,39,31,31,,31,剛爆發,,False,False
UPS,Industrials,United Parcel Service,2026-09-10,99.97,-3.77,-5.85,0.89,-1.96,0.333,3959210,4864029,5524361,-32.25,-21.35,-21.12,P-V-,P-V-,P+V-,⚠️ 主升段結束,29.99,31.34,0.957,13,52,39,29.9,5.75,4.84,False,False,106.14,7.39,1.135,False,116.86,122.41,-14.45,-2.95,-2.26,9.0,11.0,4236311.0,3732490.0,0.818,2681600.0,3472800.0,3881886.0,0.691,79.6,37.97,擴散,頭頭高·底底低,空頭確認,40,14,28,27.2,26,剛爆發,,False,True
UBER,Industrials,Uber,2026-09-10,72.56,-4.38,3.1,-3.42,-2.03,0.333,16371890,19588263,18442816,-23.38,13.24,-4.36,P-V-,P+V+,P-V-,➡️ 中性,-20.01,29.91,-0.669,18,25,47,25.9,,,,,,,,,,,,,,,,,,,,,,,,,,,,41,31,31,,31,剛爆發,,False,False
RTX,Industrials,RTX Corporation,2026-09-10,198.12,-9.84,9.48,-4.84,-2.51,0.333,3987305,4787753,5077738,-24.41,-10.8,-2.95,P-V-,P+V-,P-V-,➡️ 中性,45.37,27.55,1.646,48,10,51,37.2,13.71,16.95,False,False,207.83,8.27,0.99,False,226.41,226.88,-12.5,-1.32,-10.77,7.0,13.0,3961414.0,4001246.0,0.538,2651000.0,3400500.0,3750213.0,0.707,68.41,33.05,多頭,頭頭高·底底高,,42,25,24,31.6,29,剛爆發,,False,True
GD,Industrials,General Dynamics,2026-09-10,354.25,-9.85,2.93,-1.66,-2.56,0.333,919290,1155376,1233735,-18.11,-11.94,2.04,P-V-,P+V-,P-V+,➡️ 中性,24.18,23.06,1.049,49,26,42,40.7,,,,,,,,,,,,,,,,,,,,,,,,,,,,43,31,31,,31,剛爆發,,False,False
GE,Industrials,GE Aerospace,2026-09-10,324.15,-10.12,-1.78,0.59,-2.68,0.333,3702075,4139855,5000337,1.19,-29.36,7.02,P-V+,P-V-,P+V+,⚠️ 中期出貨,29.56,30.59,0.966,52,35,40,44.5,,,,,,,,,,,,,,,,,,,,,,,,,,,,44,31,31,,31,剛爆發,,False,False
ITW,Industrials,Illinois Tool Works,2026-09-10,265.2,-8.86,4.0,-3.13,-2.78,0.333,1057050,1329515,1320206,-28.99,1.42,6.46,P-V-,P+V+,P-V+,➡️ 中性,14.23,21.93,0.649,37,22,45,34.1,,,,,,,,,,,,,,,,,,,,,,,,,,,,45,31,31,,31,剛爆發,,False,False
BR,Industrials,Broadridge Financial Solutions,2026-09-10,168.24,-1.72,13.59,-12.96,-3.51,0.333,1162255,1311936,1462540,-5.05,-18.67,69.98,P-V-,P+V-,P-V+,➡️ 中性,-30.93,29.74,-1.04,8,6,62,18.2,1.68,4.45,False,True,162.04,10.73,1.015,False,250.03,255.74,-32.71,-4.93,0.0,10.0,10.0,1170740.0,1153770.0,1.0,888700.0,1058390.0,1100160.0,0.808,80.79,45.63,多頭,頭頭高·底底高,空轉多預警,46,12,19,27.0,25,剛爆發,,False,True
VRT,Industrials,Vertiv,2026-09-10,248.13,-13.56,-14.28,2.67,-5.62,0.333,4694260,5962552,6721950,-26.88,-20.3,-1.89,P-V-,P-V-,P+V-,⚠️ 主升段結束,111.11,66.3,1.676,73,69,34,64.0,,,,,,,,,,,,,,,,,,,,,,,,,,,,47,31,31,,31,剛爆發,,False,False
FERG,Industrials,Ferguson Enterprises,2026-09-10,220.97,-10.61,-5.8,-3.3,-5.75,0.0,1367450,2276624,1834634,-68.33,63.47,12.25,P-V-,P-V+,P-V+,➡️ 中性,11.07,34.95,0.317,56,51,46,52.5,,,,,,,,,,,,,,,,,,,,,,,,,,,,48,31,31,,31,剛爆發,,False,False
HUBB,Industrials,Hubbell Incorporated,2026-09-10,452.41,-10.51,-6.71,-3.47,-6.04,0.0,459016,566713,590935,-27.11,-7.87,13.16,P-V-,P-V-,P-V+,😴 弱勢縮量,17.01,26.74,0.636,54,56,48,53.4,,,,,,,,,,,,,,,,,,,,,,,,,,,,49,31,31,,31,剛爆發,,False,False
CMI,Industrials,Cummins,2026-09-10,550.03,-12.59,-17.51,2.7,-6.17,0.333,958215,1031515,954933,-6.63,17.44,2.76,P-V-,P-V+,P+V+,➡️ 中性,59.1,29.35,2.013,67,72,33,61.7,,,,,,,,,,,,,,,,,,,,,,,,,,,,50,31,31,,31,剛爆發,,False,False
WM,Industrials,Waste Management,2026-09-10,214.77,-4.21,-2.95,-11.99,-7.78,0.0,2103095,2118895,2099500,6.97,1.86,5.14,P-V+,P-V+,P-V+,📉 主力出貨,5.63,20.36,0.277,16,39,59,31.5,,,,,,,,,,,,,,,,,,,,,,,,,,,,51,31,31,,31,剛爆發,,False,False
DD,Industrials,DuPont,2026-09-10,127.32,-11.26,-9.42,-5.44,-7.89,0.0,1185625,1466655,1357089,-33.21,17.57,-34.75,P-V-,P-V+,P-V-,➡️ 中性,53.12,32.12,1.654,61,58,52,58.3,,,,,,,,,,,,,,,,,,,,,,,,,,,,52,31,31,,31,剛爆發,,False,False
FTV,Industrials,Fortive,2026-09-10,54.51,-11.7,-12.98,-4.7,-8.52,0.0,2167910,2639306,2927516,-25.19,-17.93,-16.16,P-V-,P-V-,P-V-,🧊 熊市縮量,29.45,24.68,1.193,63,67,50,61.6,,,,,,,,,,,,,,,,,,,,,,,,,,,,53,31,31,,31,剛爆發,,False,False
CPRT,Industrials,Copart,2026-09-10,30.75,4.63,-1.79,-18.52,-8.55,0.333,10181855,11751763,10289680,-9.03,33.13,19.46,P+V-,P-V+,P-V+,➡️ 中性,-40.25,29.53,-1.363,2,36,70,25.8,-8.52,5.71,False,True,30.25,11.96,1.159,False,48.96,48.96,-37.19,-4.38,6.07,10.0,9.0,10913850.0,9419500.0,1.111,15203700.0,8132420.0,8472146.0,1.795,88.83,43.35,多頭,頭頭高·底底高,空轉多預警,54,4,1,23.4,23,剛爆發,,False,False
LUV,Industrials,Southwest Airlines,2026-09-10,38.69,-13.37,-9.56,-5.66,-8.56,0.0,4325850,5562069,6598636,-20.7,-27.15,-32.56,P-V-,P-V-,P-V-,🧊 熊市縮量,46.48,42.5,1.094,71,61,53,64.4,,,,,,,,,,,,,,,,,,,,,,,,,,,,55,31,31,,31,剛爆發,,False,False
CARR,Industrials,Carrier Global,2026-09-10,56.64,-10.59,-20.21,-2.23,-8.82,0.0,5144965,6061287,6490300,-30.03,-12.4,-6.87,P-V-,P-V-,P-V-,🧊 熊市縮量,2.48,33.28,0.075,55,75,44,58.8,,,,,,,,,,,,,,,,,,,,,,,,,,,,56,31,31,,31,剛爆發,,False,False
BA,Industrials,Boeing,2026-09-10,204.8,-11.08,-4.53,-11.38,-9.59,0.0,5077170,5623092,6350808,-18.94,-20.56,-19.31,P-V-,P-V-,P-V-,🧊 熊市縮量,1.62,34.48,0.047,59,47,58,55.2,,,,,,,,,,,,,,,,,,,,,,,,,,,,57,31,31,,31,剛爆發,,False,False
XYL,Industrials,Xylem Inc.,2026-09-10,106.55,-11.11,-3.53,-12.81,-10.06,0.0,2171765,2012055,2085842,8.41,-6.83,44.49,P-V+,P-V-,P-V+,➡️ 中性,-10.57,24.03,-0.44,60,43,60,54.9,,,,,,,,,,,,,,,,,,,,,,,,,,,,58,31,31,,31,剛爆發,,False,False
DOV,Industrials,Dover Corporation,2026-09-10,187.37,-9.09,-14.98,-9.64,-10.84,0.0,1128480,1166036,1072953,-10.63,19.0,-9.74,P-V-,P-V+,P-V-,➡️ 中性,19.36,24.55,0.788,39,70,56,51.7,,,,,,,,,,,,,,,,,,,,,,,,,,,,59,31,31,,31,剛爆發,,False,False
VRSK,Industrials,Verisk Analytics,2026-09-10,175.86,-5.42,-3.4,-17.71,-11.06,0.0,1099150,2034003,1967331,-38.46,7.02,20.42,P-V-,P-V+,P-V+,➡️ 中性,-30.73,33.22,-0.925,23,42,68,37.7,,,,,,,,,,,,,,,,,,,,,,,,,,,,60,31,31,,31,剛爆發,,False,False
IR,Industrials,Ingersoll Rand,2026-09-10,73.09,-13.28,-1.09,-15.39,-11.29,0.0,3172025,4020218,3838702,-33.39,9.93,11.34,P-V-,P-V+,P-V+,➡️ 中性,5.71,31.69,0.18,69,34,64,57.5,,,,,,,,,,,,,,,,,,,,,,,,,,,,61,31,31,,31,剛爆發,,False,False
TDG,Industrials,TransDigm Group,2026-09-10,1126.88,-9.58,-10.37,-12.95,-11.46,0.0,343740,391012,396869,-21.6,-2.91,16.73,P-V-,P-V-,P-V+,😴 弱勢縮量,-4.03,25.33,-0.159,46,63,61,54.1,,,,,,,,,,,,,,,,,,,,,,,,,,,,62,31,31,,31,剛爆發,,False,False
EFX,Industrials,Equifax,2026-09-10,168.04,-9.19,0.09,-18.41,-11.48,0.333,1141310,1604152,1632547,-36.29,-3.42,7.87,P-V-,P+V-,P-V+,➡️ 中性,-25.88,34.03,-0.761,42,32,69,44.4,,,,,,,,,,,,,,,,,,,,,,,,,,,,63,31,31,,31,剛爆發,,False,False
CHRW,Industrials,C.H. Robinson,2026-09-10,152.42,2.5,-20.13,-14.49,-11.66,0.333,1298015,1735260,1759372,-49.44,-2.7,-9.23,P+V-,P-V-,P-V-,➡️ 中性,16.18,53.62,0.302,4,74,63,36.8,5.61,9.64,False,False,165.54,7.22,1.141,False,209.43,210.33,-27.22,5.43,4.35,9.0,11.0,1392666.0,1220572.0,0.818,1695300.0,1313720.0,1289546.0,1.315,87.02,50.45,空頭,頭頭低·底底低,多轉空預警,64,5,3,28.2,28,剛爆發,,False,True
HWM,Industrials,Howmet Aerospace,2026-09-10,227.91,-19.42,-11.33,-8.8,-12.09,0.0,3597635,3018229,2700354,70.22,26.68,16.96,P-V+,P-V+,P-V+,📉 主力出貨,53.55,33.27,1.609,79,65,55,70.0,,,,,,,,,,,,,,,,,,,,,,,,,,,,65,31,31,,31,剛爆發,,False,False
AXON,Industrials,Axon Enterprise,2026-09-10,478.85,-22.21,5.82,-16.58,-12.39,0.333,748425,954706,1033601,-22.29,-14.18,20.17,P-V-,P+V-,P-V+,➡️ 中性,-19.77,75.2,-0.263,81,14,66,57.9,1.96,0.8,False,False,565.59,26.25,0.891,False,792.16,792.16,-39.55,-5.55,-20.16,7.0,13.0,693328.0,778092.0,0.538,938500.0,857010.0,775813.0,1.21,59.35,35.81,收斂,頭頭低·底底高,多轉空預警 / 空頭確認,66,30,7,39.8,30,剛爆發,,False,True
LMT,Industrials,Lockheed Martin,2026-09-10,530.12,-10.8,0.62,-20.08,-12.59,0.333,1060480,1206813,1327290,-16.53,-16.64,-13.49,P-V-,P+V-,P-V-,➡️ 中性,33.35,32.26,1.034,57,30,72,51.9,,,,,,,,,,,,,,,,,,,,,,,,,,,,67,31,31,,31,剛爆發,,False,False
AOS,Industrials,A. O. Smith,2026-09-10,56.71,-9.26,-3.67,-19.2,-12.83,0.0,1240815,1650723,1628168,-31.22,2.81,28.94,P-V-,P-V+,P-V+,➡️ 中性,-11.73,24.53,-0.478,43,44,71,48.9,,,,,,,,,,,,,,,,,,,,,,,,,,,,68,31,31,,31,剛爆發,,False,False
OTIS,Industrials,Otis Worldwide,2026-09-10,67.89,-6.47,-4.17,-22.98,-14.15,0.0,3403425,3666813,3708444,-12.19,-2.22,26.38,P-V-,P-V-,P-V+,😴 弱勢縮量,-14.29,19.09,-0.748,28,45,73,42.1,,,,,,,,,,,,,,,,,,,,,,,,,,,,69,31,31,,31,剛爆發,,False,False
ODFL,Industrials,Old Dominion,2026-09-10,180.55,-16.18,-27.3,-6.66,-14.2,0.0,1613145,1759480,1916946,-9.24,-15.18,-14.06,P-V-,P-V-,P-V-,🧊 熊市縮量,45.95,39.36,1.167,78,79,54,73.5,,,,,,,,,,,,,,,,,,,,,,,,,,,,70,31,31,,31,剛爆發,,False,False
LDOS,Industrials,Leidos,2026-09-10,129.55,-9.16,5.25,-26.74,-14.34,0.333,1168110,1604773,1387360,-30.45,37.17,52.27,P-V-,P+V+,P-V+,➡️ 中性,-21.35,35.49,-0.602,41,18,74,40.7,,,,,,,,,,,,,,,,,,,,,,,,,,,,71,31,31,,31,剛爆發,,False,False
TXT,Industrials,Textron,2026-09-10,79.2,-10.04,-15.09,-16.56,-14.56,0.0,1546540,1646269,1517408,-16.07,18.56,-2.5,P-V-,P-V+,P-V-,➡️ 中性,9.81,25.1,0.391,51,71,65,59.8,,,,,,,,,,,,,,,,,,,,,,,,,,,,72,31,31,,31,剛爆發,,False,False
HON,Industrials,Honeywell Technologies,2026-09-10,202.18,-13.34,-10.36,-17.37,-14.61,0.0,2647160,3977805,3954581,-25.22,1.18,-6.4,P-V-,P-V+,P-V-,➡️ 中性,14.32,27.53,0.52,70,62,67,67.0,,,,,,,,,,,,,,,,,,,,,,,,,,,,73,31,31,,31,剛爆發,,False,False
GNRC,Industrials,Generac,2026-09-10,181.67,-16.15,-30.39,-10.95,-17.11,0.0,938045,1044427,969230,-22.56,16.82,-15.4,P-V-,P-V+,P-V-,➡️ 中性,19.94,55.17,0.361,77,81,57,74.2,,,,,,,,,,,,,,,,,,,,,,,,,,,,74,31,31,,31,剛爆發,,False,False
NOC,Industrials,Northrop Grumman,2026-09-10,518.95,-9.3,-4.99,-30.75,-18.95,0.0,733975,880170,858410,-15.66,5.2,3.03,P-V-,P-V+,P-V+,➡️ 中性,0.73,28.09,0.026,44,49,76,51.9,,,,,,,,,,,,,,,,,,,,,,,,,,,,75,31,31,,31,剛爆發,,False,False
HII,Industrials,Huntington Ingalls Industries,2026-09-10,281.67,-13.13,-4.89,-33.77,-21.39,0.0,390125,479075,498576,-33.59,-7.53,-1.67,P-V-,P-V-,P-V-,🧊 熊市縮量,21.61,41.06,0.526,68,48,78,64.0,,,,,,,,,,,,,,,,,,,,,,,,,,,,76,31,31,,31,剛爆發,,False,False
LII,Industrials,Lennox International,2026-09-10,372.62,-10.92,-29.4,-27.61,-23.88,0.0,469475,492855,470260,-22.68,10.09,1.12,P-V-,P-V+,P-V+,➡️ 中性,-23.88,38.57,-0.619,58,80,75,68.0,,,,,,,,,,,,,,,,,,,,,,,,,,,,77,31,31,,31,剛爆發,,False,False
LHX,Industrials,L3Harris,2026-09-10,248.37,-13.49,-19.02,-31.65,-23.95,0.0,1603570,1553356,1454437,-1.63,14.6,16.36,P-V-,P-V+,P-V+,➡️ 中性,6.72,26.82,0.25,72,73,77,73.3,,,,,,,,,,,,,,,,,,,,,,,,,,,,78,31,31,,31,剛爆發,,False,False
ROL,Industrials,"Rollins, Inc.",2026-09-10,34.56,-4.58,-26.93,-40.21,-27.98,0.0,4388870,5119255,4244743,-34.17,51.9,65.12,P-V-,P-V+,P-V+,➡️ 中性,-34.27,29.86,-1.148,20,78,81,49.6,,,,,,,,,,,,,,,,,,,,,,,,,,,,79,31,31,,31,剛爆發,,False,False
PNR,Industrials,Pentair,2026-09-10,56.73,-15.16,-23.6,-37.99,-28.69,0.0,3799550,3218249,2576084,10.38,66.41,82.14,P-V+,P-V+,P-V+,📉 主力出貨,-39.07,31.52,-1.239,75,76,80,76.3,,,,,,,,,,,,,,,,,,,,,,,,,,,,80,31,31,,31,剛爆發,,False,False
BLDR,Industrials,Builders FirstSource,2026-09-10,58.97,-19.83,-23.95,-36.67,-29.28,0.0,2055205,2271936,2435170,-14.58,-12.56,18.29,P-V-,P-V-,P-V+,😴 弱勢縮量,-48.37,49.58,-0.976,80,77,79,78.9,,,,,,,,,,,,,,,,,,,,,,,,,,,,81,31,31,,31,剛爆發,,False,False
DELL,Information Technology,Dell Technologies,2026-09-10,506.62,2.45,32.92,247.51,132.6,1.0,8511170,7588401,8254674,42.79,-14.94,7.44,P+V+,P+V-,P+V+,➡️ 中性,294.27,72.88,4.038,12,4,1,7.4,43.14,63.99,False,True,445.88,28.69,1.687,False,562.99,562.99,-10.01,2.93,4.57,10.0,10.0,10686120.0,6336220.0,1.0,5917200.0,12026090.0,9351646.0,0.633,98.43,57.68,多頭,頭頭高·底底高,空轉多預警,1,5,29,8.2,4,,🔥 追高風險,True,True
SNDK,Information Technology,Sandisk,2026-09-10,1692.59,10.76,2.8,220.97,113.88,1.0,13146705,13922730,14802070,-20.5,-11.22,13.06,P+V-,P+V-,P+V+,⚠️ 頂部背離,1718.57,116.1,14.803,3,34,2,12.1,13.72,59.67,False,True,1525.85,23.07,1.21,False,2354.39,2354.39,-28.11,8.96,25.91,11.0,9.0,14258281.0,11788111.0,1.222,8737100.0,11580150.0,11124726.0,0.785,100.0,57.34,多頭,頭頭高·底底高,空轉多預警,2,1,18,4.8,1,,🔥 追高風險,True,True
MU,Information Technology,Micron Technology,2026-09-10,977.41,2.9,4.45,164.1,83.89,1.0,26836540,42234952,45741270,-39.36,-14.24,55.21,P+V-,P+V-,P+V+,⚠️ 頂部背離,551.97,84.5,6.532,11,31,3,15.4,21.39,33.21,False,True,929.74,13.97,0.95,False,1254.81,1255.0,-22.11,2.23,7.26,11.0,9.0,26214618.0,27596666.0,1.222,26230400.0,25957350.0,24967106.0,1.051,90.2,53.29,多頭,頭頭高·底底高,空轉多預警,3,12,6,7.2,2,吃老本,🔥 追高風險,True,True
HPE,Information Technology,Hewlett Packard Enterprise,2026-09-10,55.22,-7.69,14.73,163.79,83.66,0.667,22806230,21442923,22631066,37.95,-9.98,-11.41,P-V+,P+V-,P+V-,➡️ 中性,145.56,65.6,2.219,47,16,4,29.1,18.41,48.03,False,True,50.75,24.56,1.758,False,64.06,64.25,-13.8,6.54,-6.07,8.0,12.0,30767875.0,17498466.0,0.667,19803400.0,31919550.0,24688026.0,0.802,89.74,53.95,收斂,頭頭低·底底高,多轉空預警,4,14,16,10.4,6,吃老本,🔥 追高風險,True,True
AMD,Information Technology,Advanced Micro Devices,2026-09-10,503.6,4.26,5.91,161.71,83.4,1.0,18004935,25980223,31649685,-38.44,-30.38,-32.87,P+V-,P+V-,P+V-,⚠️ 量能衰竭,202.7,73.57,2.755,8,28,5,13.4,3.21,5.82,False,True,497.04,18.0,1.113,False,584.73,584.73,-13.87,10.18,4.28,10.0,10.0,18966810.0,17043060.0,1.0,16005500.0,17330150.0,16851733.0,0.95,91.12,55.09,空頭,頭頭低·底底低,多頭確認,5,10,11,8.2,4,,🔥 追高風險,True,True
MRVL,Information Technology,Marvell Technology,2026-09-10,226.96,2.15,-14.94,153.58,73.59,0.667,24271645,33357078,33279232,3.75,0.47,77.94,P+V+,P-V+,P+V+,➡️ 中性,224.21,78.29,2.864,13,58,6,25.1,0.99,0.64,False,True,217.56,24.47,0.924,False,329.8,329.88,-31.18,9.92,4.55,10.0,10.0,23314440.0,25228850.0,1.0,16467600.0,24870510.0,24046906.0,0.685,87.87,51.92,收斂,頭頭低·底底高,多轉空預警 / 空轉多預警,6,17,25,14.2,14,吃老本,🔥 追高風險,True,True
STX,Information Technology,Seagate Technology,2026-09-10,862.33,-6.41,2.0,145.03,71.41,0.667,3620605,4733996,4305716,-36.31,22.09,-1.88,P-V-,P+V+,P+V-,➡️ 中性,358.69,76.91,4.664,40,36,7,32.2,12.09,16.76,False,True,849.91,19.21,1.126,False,1144.18,1145.0,-24.63,6.65,-1.81,9.0,11.0,3858555.0,3425918.0,0.818,3235500.0,3369740.0,3178026.0,1.018,83.56,51.34,收斂,頭頭低·底底高,多轉空預警,7,21,8,12.8,9,吃老本,🔥 追高風險,True,True
INTC,Information Technology,Intel,2026-09-10,100.32,-4.06,-7.04,131.05,62.75,0.333,93198945,113307036,118200143,-22.6,-7.95,12.11,P-V-,P-V-,P+V+,😴 弱勢縮量,307.55,82.53,3.727,31,46,8,30.9,94.59,2108.68,False,True,98.83,22.11,0.957,False,142.35,142.35,-29.53,11.4,-0.62,11.0,9.0,91373027.0,95430622.0,1.222,96887100.0,89906410.0,88726593.0,1.092,89.28,54.8,收斂,頭頭低·底底高,多轉空預警 / 空轉多預警,8,16,5,10.6,7,吃老本,🔥 追高風險,True,True
PANW,Information Technology,Palo Alto Networks,2026-09-10,338.49,-14.52,29.93,105.08,56.39,0.667,6055325,6630290,7468096,-0.99,-20.17,-1.1,P-V-,P+V-,P+V-,➡️ 中性,96.12,56.92,1.689,67,6,9,37.1,4.35,6.62,False,False,349.97,18.82,1.025,False,398.88,398.88,-15.14,3.05,-12.54,8.0,12.0,6146000.0,5994875.0,0.667,4669200.0,7218630.0,6455913.0,0.723,71.64,45.68,多頭,頭頭高·底底高,空轉多預警,9,31,23,20.6,20,吃老本,🔥 追高風險,True,True
CRWD,Information Technology,CrowdStrike,2026-09-10,208.86,-7.39,29.54,94.75,52.91,0.667,10342915,9911812,12040832,33.36,-30.05,-3.67,P-V+,P+V-,P+V-,➡️ 中性,108.8,60.69,1.793,45,7,10,26.6,6.38,3.05,False,True,202.31,15.47,1.385,False,233.88,233.88,-10.7,2.67,-5.83,7.0,13.0,12625885.0,9113623.0,0.538,7400800.0,12391920.0,11348973.0,0.652,79.9,51.1,多頭,頭頭高·底底高,空轉多預警,10,24,27,19.0,18,吃老本,,False,True
FTNT,Information Technology,Fortinet,2026-09-10,158.85,-3.98,14.78,89.85,47.63,0.667,4150995,5391655,5780536,-25.8,-12.61,-4.69,P-V-,P+V-,P+V-,➡️ 中性,102.37,46.11,2.22,30,15,11,21.7,20.53,32.63,False,False,159.04,13.7,1.038,False,173.89,173.89,-8.65,2.79,-1.24,10.0,10.0,4228850.0,4073140.0,1.0,3268400.0,4510920.0,4279606.0,0.764,83.54,50.36,多頭,頭頭高·底底高,空轉多預警,11,22,20,17.2,17,吃老本,,False,True
HPQ,Information Technology,HP Inc.,2026-09-10,32.73,5.58,34.12,74.68,47.27,1.0,15515755,15527510,17756289,5.49,-22.3,21.18,P+V+,P+V-,P+V+,➡️ 中性,7.42,38.55,0.193,7,3,16,7.6,19.99,20.26,False,True,27.53,21.47,0.939,False,33.17,33.17,-1.33,3.31,12.87,11.0,9.0,15078072.0,16050700.0,1.222,14196100.0,17852800.0,16528140.0,0.859,93.82,64.19,多頭,頭頭高·底底高,多頭確認,12,8,13,10.6,7,,,False,True
NTAP,Information Technology,NetApp,2026-09-10,183.6,-10.43,11.61,83.16,41.87,0.667,2523330,2706356,2757142,8.29,-3.62,25.34,P-V+,P+V-,P+V+,⚠️ 中期出貨,66.43,42.57,1.56,54,21,13,35.9,21.54,7.22,False,True,180.54,17.71,1.218,False,209.06,209.06,-12.18,1.57,-9.13,8.0,12.0,2827187.0,2320758.0,0.667,1878500.0,2793480.0,2496286.0,0.753,76.47,46.78,多頭,頭頭高·底底高,,13,28,21,20.6,20,吃老本,,False,True
WDC,Information Technology,Western Digital,2026-09-10,460.93,-5.38,-10.94,88.05,39.95,0.333,6267525,8267092,8047361,-25.28,5.61,-15.69,P-V-,P-V+,P+V-,➡️ 中性,378.64,76.68,4.938,39,54,12,38.1,7.87,13.57,False,False,497.7,16.25,1.103,False,799.61,799.87,-42.36,2.71,1.54,9.0,11.0,6606722.0,5990000.0,0.818,4518300.0,5360350.0,5398580.0,0.837,83.58,46.77,收斂,頭頭低·底底高,空轉多預警,14,20,14,16.4,16,吃老本,,False,True
LITE,Information Technology,Lumentum,2026-09-10,935.7,6.28,13.87,67.56,38.81,1.0,4222345,4861276,5667856,-18.45,-24.92,25.39,P+V-,P+V-,P+V+,⚠️ 頂部背離,465.54,82.77,5.625,6,18,17,11.8,8.79,4.62,False,True,823.92,22.75,1.04,False,1085.68,1085.68,-13.81,7.48,0.35,11.0,9.0,4296245.0,4132022.0,1.222,3962400.0,4014680.0,3982573.0,0.995,89.73,54.71,收斂,頭頭低·底底高,多轉空預警 / 空轉多預警,15,15,9,13.8,12,,,False,True
ZBRA,Information Technology,Zebra Technologies,2026-09-10,344.01,-9.38,46.89,56.62,37.68,0.667,570180,757949,844532,-35.55,-18.6,24.26,P-V-,P+V-,P+V+,➡️ 中性,23.57,52.57,0.448,50,1,18,28.9,45.1,11.88,False,True,320.26,9.24,0.93,False,386.23,386.23,-10.93,-2.02,-9.08,7.0,13.0,543600.0,584492.0,0.538,500900.0,505640.0,533453.0,0.939,68.1,48.77,多頭,頭頭高·底底高,空頭確認,16,32,12,21.6,22,吃老本,,False,True
SWKS,Information Technology,Skyworks Solutions,2026-09-10,84.03,20.46,14.23,54.64,35.99,1.0,5949325,5740515,4935183,0.68,39.0,53.26,P+V+,P+V+,P+V+,⭐⭐⭐ 完美多頭,-2.26,41.97,-0.054,2,17,19,9.9,4.79,10.1,False,True,65.53,29.72,1.556,False,88.05,90.9,-4.56,17.25,20.59,11.0,9.0,7089336.0,4555977.0,1.222,11329600.0,7408670.0,6407880.0,1.768,100.0,80.3,收斂,頭頭低·底底高,空轉多預警 / 多頭確認,17,1,1,7.4,3,剛爆發,🔥 追高風險,True,True
DDOG,Information Technology,Datadog,2026-09-10,221.72,-12.1,-2.47,76.32,34.52,0.333,3844975,4606907,5123873,-27.1,-18.33,1.39,P-V-,P-V-,P+V+,😴 弱勢縮量,73.15,75.72,0.966,58,40,15,44.0,11.45,18.25,False,False,247.41,21.81,1.161,False,292.72,292.72,-24.26,5.97,-7.97,8.0,12.0,4194412.0,3612016.0,0.667,2515800.0,4111620.0,3800400.0,0.662,77.93,44.53,空頭,頭頭低·底底低,多轉空預警 / 空頭確認,18,27,26,23.2,27,吃老本,,False,True
FLEX,Information Technology,Flex Ltd.,2026-09-10,108.01,-13.11,-26.63,80.29,30.21,0.333,2865105,5635680,5272959,-41.79,14.77,20.3,P-V-,P-V+,P+V+,➡️ 中性,114.52,76.35,1.5,61,71,14,54.6,8.9,6.07,False,False,120.37,12.65,1.096,False,166.86,166.86,-35.27,1.94,-13.27,9.0,11.0,3010066.0,2746500.0,0.818,3779300.0,3015630.0,2932353.0,1.289,74.27,42.29,收斂,頭頭低·底底高,空轉多預警,19,29,4,20.0,19,吃老本,,False,True
ANET,Information Technology,Arista Networks,2026-09-10,188.99,-7.18,24.2,42.22,25.36,0.667,5183145,7257050,8113776,-34.66,-19.1,-2.66,P-V-,P+V-,P+V-,➡️ 中性,39.66,58.37,0.68,42,9,21,27.9,15.18,7.73,False,True,184.64,12.88,1.103,False,214.89,214.89,-12.05,1.55,-10.22,8.0,12.0,5491637.0,4977483.0,0.667,2810900.0,4104940.0,4715760.0,0.596,73.8,48.84,收斂,頭頭低·底底高,多轉空預警 / 空轉多預警,20,30,32,26.4,29,吃老本,,False,True
CRM,Information Technology,Salesforce,2026-09-10,243.0,20.67,38.94,20.84,25.32,1.0,16752410,15122458,14547233,34.5,8.23,45.03,P+V+,P+V+,P+V+,⭐⭐⭐ 完美多頭,-19.63,48.9,-0.401,1,2,39,8.9,80.36,24.07,False,True,196.92,15.04,1.833,False,268.27,269.11,-9.42,-5.42,25.7,9.0,11.0,22335344.0,12184554.0,0.818,10732600.0,20923080.0,17663293.0,0.608,100.0,62.64,收斂,頭頭低·底底高,多轉空預警 / 空轉多預警 / 多頭確認,21,1,31,15.0,15,剛爆發,🚀 暴漲中,True,True
GEN,Information Technology,Gen Digital,2026-09-10,29.97,1.8,20.55,33.85,22.51,1.0,5437360,5548161,6657453,12.97,-28.57,36.04,P+V+,P+V-,P+V+,➡️ 中性,-0.57,40.0,-0.014,15,12,27,16.5,2.99,3.4,False,True,27.96,7.02,1.202,False,31.65,31.65,-5.31,-2.22,5.11,12.0,8.0,5829233.0,4849550.0,1.5,5612200.0,5620410.0,5855700.0,0.958,95.71,55.85,多頭,頭頭高·底底高,空轉多預警 / 多頭確認,22,6,10,13.2,10,剛爆發,,False,True
LRCX,Information Technology,Lam Research,2026-09-10,298.01,-11.57,-8.85,49.61,19.7,0.333,7585740,11054318,10416630,-31.09,13.04,-9.86,P-V-,P-V+,P+V-,➡️ 中性,205.43,59.62,3.445,56,49,20,46.7,,,,,,,,,,,,,,,,,,,,,,,,,,,,23,33,33,,33,吃老本,,False,False
FFIV,Information Technology,"F5, Inc.",2026-09-10,398.48,-4.21,0.82,39.22,18.76,0.667,456485,599724,673716,-39.06,-19.79,-30.15,P-V-,P+V-,P+V-,➡️ 中性,29.47,37.97,0.776,33,37,23,32.2,,,,,,,,,,,,,,,,,,,,,,,,,,,,24,33,33,,33,吃老本,,False,False
AAPL,Information Technology,Apple Inc.,2026-09-10,326.57,6.98,12.49,27.07,18.4,1.0,42014940,53923015,49664216,-24.31,18.76,0.24,P+V-,P+V+,P+V+,⚠️ 頂部背離,33.77,25.57,1.32,5,19,31,14.4,6.74,3.46,False,True,317.07,6.67,1.052,False,344.27,344.57,-5.14,0.5,8.05,11.0,9.0,42970963.0,40846466.0,1.222,70011900.0,44721680.0,41974713.0,1.668,91.77,58.99,空頭,頭頭低·底底低,多轉空預警 / 多頭確認,25,9,2,14.0,13,剛爆發,,False,True
WDAY,Information Technology,"Workday, Inc.",2026-09-10,185.09,-10.35,31.99,22.54,16.68,0.667,4768280,4754675,4931196,7.21,-6.91,33.51,P-V+,P+V-,P+V+,⚠️ 中期出貨,-22.6,58.43,-0.387,52,5,36,34.7,5.27,5.68,False,True,169.53,14.47,1.712,False,249.85,249.85,-25.92,-7.86,5.59,8.0,12.0,6353700.0,3711333.0,0.667,2411900.0,4127410.0,3843073.0,0.628,90.17,48.97,多頭,頭頭高·底底高,空頭確認,26,13,30,21.6,22,剛爆發,,False,True
MSFT,Information Technology,Microsoft,2026-09-10,492.44,-0.71,22.3,20.9,15.85,0.667,21225430,35894175,35145164,-45.98,4.36,29.05,P-V-,P+V+,P+V+,➡️ 中性,-0.96,35.27,-0.027,20,11,38,20.9,11.81,4.9,False,True,450.87,6.34,1.119,False,549.2,553.72,-10.34,-0.88,0.19,11.0,9.0,22288072.0,19926644.0,1.222,16038800.0,21152640.0,20771113.0,0.772,87.67,55.22,多頭,頭頭高·底底高,,27,18,19,21.8,24,剛爆發,,False,True
GLW,Information Technology,Corning Inc.,2026-09-10,163.12,3.08,-6.04,32.76,15.64,0.667,8895750,13236127,13136027,-37.58,1.54,53.43,P+V-,P-V+,P+V+,⚠️ 頂部背離,124.99,66.1,1.891,9,45,28,23.6,3.48,1.21,False,True,160.3,20.85,1.018,False,271.27,271.78,-39.87,13.18,-2.4,9.0,11.0,8983166.0,8824227.0,0.818,5488100.0,8747990.0,8531053.0,0.643,83.92,54.92,收斂,頭頭低·底底高,空轉多預警 / 多頭確認,28,19,28,24.4,28,剛爆發,,False,True
TER,Information Technology,Teradyne,2026-09-10,370.19,-9.79,0.3,35.68,15.47,0.667,2341355,3850215,3710694,-37.6,7.81,5.57,P-V-,P+V+,P+V+,➡️ 中性,242.36,67.65,3.583,51,38,25,41.9,,,,,,,,,,,,,,,,,,,,,,,,,,,,29,33,33,,33,,,False,False
CSCO,Information Technology,Cisco,2026-09-10,107.44,-5.31,-10.4,37.88,15.01,0.333,17713660,21313716,22555488,-14.06,-10.44,5.92,P-V-,P-V-,P+V+,😴 弱勢縮量,85.59,34.1,2.51,37,52,24,38.9,,,,,,,,,,,,,,,,,,,,,,,,,,,,30,33,33,,33,,,False,False
QCOM,Information Technology,Qualcomm,2026-09-10,176.88,7.92,-13.42,31.55,14.4,0.667,10756715,14794226,17294915,-13.88,-25.27,78.48,P+V-,P-V-,P+V+,⚠️ 頂部背離,4.16,63.95,0.065,4,55,30,24.5,-0.49,3.34,False,True,167.78,13.25,1.309,False,257.56,259.92,-31.33,4.64,9.06,13.0,7.0,11725184.0,8958128.0,1.857,15597700.0,12403030.0,11564886.0,1.349,100.0,62.76,收斂,頭頭低·底底高,空轉多預警 / 多頭確認,31,1,3,13.4,11,剛爆發,,False,False
AMAT,Information Technology,Applied Materials,2026-09-10,454.01,-14.97,-8.96,40.13,14.08,0.333,7120475,9153884,8053124,-3.14,31.67,1.29,P-V-,P-V+,P+V+,➡️ 中性,236.92,51.33,4.616,68,50,22,53.4,,,,,,,,,,,,,,,,,,,,,,,,,,,,32,33,33,,33,,,False,False
TXN,Information Technology,Texas Instruments,2026-09-10,258.82,-5.34,-9.87,35.31,13.85,0.333,5430180,7762321,7628139,-31.7,3.58,-2.32,P-V-,P-V+,P+V-,➡️ 中性,54.21,36.1,1.501,38,51,26,39.5,,,,,,,,,,,,,,,,,,,,,,,,,,,,33,33,33,,33,,,False,False
NVDA,Information Technology,Nvidia,2026-09-10,218.36,-2.97,5.0,23.09,12.05,0.667,128209390,134060738,150199643,2.58,-19.4,-18.77,P-V+,P+V-,P+V-,➡️ 中性,26.54,37.17,0.714,27,29,35,29.2,,,,,,,,,,,,,,,,,,,,,,,,,,,,34,33,33,,33,,,False,False
APH,Information Technology,Amphenol,2026-09-10,80.25,-3.17,4.33,22.14,11.36,0.667,11317585,14517610,16811237,-17.38,-24.01,-7.84,P-V-,P+V-,P+V-,➡️ 中性,43.69,43.53,1.004,28,32,37,31.0,,,,,,,,,,,,,,,,,,,,,,,,,,,,35,33,33,,33,,,False,False
CDW,Information Technology,CDW Corporation,2026-09-10,142.6,0.87,7.46,16.78,10.47,1.0,1681930,1910286,1917516,-18.58,-0.75,17.19,P+V-,P+V-,P+V+,⚠️ 頂部背離,-18.73,52.32,-0.358,17,25,43,24.6,,,,,,,,,,,,,,,,,,,,,,,,,,,,36,33,33,,33,,,False,False
VRSN,Information Technology,Verisign,2026-09-10,288.85,0.89,2.05,19.15,10.31,1.0,664320,801283,816142,-26.89,-3.58,-2.9,P+V-,P+V-,P+V-,⚠️ 量能衰竭,0.76,30.07,0.025,16,35,42,26.9,,,,,,,,,,,,,,,,,,,,,,,,,,,,37,33,33,,33,,,False,False
NOW,Information Technology,ServiceNow,2026-09-10,131.17,3.08,22.62,5.49,9.17,1.0,17327005,21793195,24148521,-30.86,-17.77,103.27,P+V-,P+V-,P+V+,⚠️ 頂部背離,-32.36,61.62,-0.525,9,10,55,18.5,5.05,0.36,False,True,119.0,13.88,1.569,False,194.73,194.73,-32.64,-4.06,4.99,9.0,11.0,21645677.0,13793545.0,0.818,13852200.0,18422630.0,16555660.0,0.837,91.1,51.57,多頭,頭頭高·底底高,,38,11,14,22.4,26,剛爆發,,False,True
KLAC,Information Technology,KLA Corporation,2026-09-10,177.18,-15.28,-17.09,32.09,7.96,0.333,9118470,12453090,11231614,-25.39,24.4,7.71,P-V-,P-V+,P+V+,➡️ 中性,124.24,57.86,2.147,69,61,29,58.6,,,,,,,,,,,,,,,,,,,,,,,,,,,,39,33,33,,33,剛爆發,,False,False
KEYS,Information Technology,Keysight Technologies,2026-09-10,325.65,-7.97,-1.74,19.54,7.34,0.333,1412465,1385121,1426660,25.07,-5.66,13.36,P-V+,P-V-,P+V+,⚠️ 中期出貨,108.27,44.1,2.455,48,39,40,43.7,,,,,,,,,,,,,,,,,,,,,,,,,,,,40,33,33,,33,剛爆發,,False,False
PLTR,Information Technology,Palantir Technologies,2026-09-10,165.86,-7.35,25.58,5.54,7.33,0.667,29679905,40175729,42764194,-36.81,-11.41,-15.9,P-V-,P+V-,P+V-,➡️ 中性,2.58,59.51,0.043,44,8,54,35.2,18.51,18.08,False,True,153.1,13.45,1.264,False,207.52,207.52,-20.08,-2.12,-3.03,8.0,12.0,33936612.0,26842100.0,0.667,21330700.0,28852270.0,29614366.0,0.72,79.46,48.09,擴散,頭頭高·底底低,,41,26,24,31.6,31,剛爆發,,False,True
ROP,Information Technology,Roper Technologies,2026-09-10,388.58,-2.24,16.16,6.27,6.61,0.667,660735,933116,1067460,-23.51,-22.36,-15.68,P-V-,P+V-,P+V-,➡️ 中性,-22.31,27.25,-0.819,25,14,53,27.3,1.78,3.49,False,True,387.26,10.22,1.088,False,517.59,521.28,-24.93,-6.54,-1.68,10.0,10.0,688440.0,633030.0,1.0,501300.0,629920.0,629493.0,0.796,80.4,41.54,多頭,頭頭高·底底高,,42,23,17,29.4,30,剛爆發,,False,True
SMCI,Information Technology,Supermicro,2026-09-10,37.38,-4.55,-8.02,19.39,6.55,0.333,43987810,55911856,48631468,-21.68,35.21,66.62,P-V-,P-V+,P+V+,➡️ 中性,-14.35,97.9,-0.147,35,48,41,40.1,,,,,,,,,,,,,,,,,,,,,,,,,,,,43,33,33,,33,剛爆發,,False,False
COHR,Information Technology,Coherent Corp.,2026-09-10,293.17,-10.41,-17.63,24.37,5.18,0.333,6456675,6041409,6595916,2.02,-15.51,38.29,P-V+,P-V-,P+V+,⚠️ 中期出貨,243.65,74.29,3.28,53,62,33,51.7,,,,,,,,,,,,,,,,,,,,,,,,,,,,44,33,33,,33,剛爆發,,False,False
GDDY,Information Technology,GoDaddy,2026-09-10,96.37,-4.11,18.14,2.58,4.8,0.667,1813225,2153126,2269965,-16.22,-9.79,32.06,P-V-,P+V-,P+V+,➡️ 中性,-36.66,39.01,-0.94,32,13,56,31.1,8.01,5.44,False,True,94.01,14.65,0.933,False,148.58,148.58,-35.14,-5.4,4.96,13.0,7.0,1768953.0,1895442.0,1.857,1820300.0,1883720.0,1770993.0,1.028,95.0,50.21,收斂,頭頭低·底底高,多轉空預警 / 空轉多預警,45,7,7,22.2,25,剛爆發,,False,True
JBL,Information Technology,Jabil,2026-09-10,302.8,-18.22,-16.42,25.65,4.16,0.333,895450,1208567,1212361,-18.51,-0.62,-5.14,P-V-,P-V-,P+V-,⚠️ 主升段結束,69.9,42.84,1.632,72,60,32,60.4,,,,,,,,,,,,,,,,,,,,,,,,,,,,46,33,33,,33,剛爆發,,False,False
ADI,Information Technology,Analog Devices,2026-09-10,361.25,-4.94,-10.45,15.05,3.68,0.333,3626685,4272621,4124310,-6.67,7.46,11.21,P-V-,P-V+,P+V+,➡️ 中性,56.97,31.71,1.797,36,53,45,42.9,,,,,,,,,,,,,,,,,,,,,,,,,,,,47,33,33,,33,剛爆發,,False,False
MSI,Information Technology,Motorola Solutions,2026-09-10,463.88,-0.25,12.37,1.25,3.65,0.667,982745,1007250,1050275,3.38,-7.87,-11.55,P-V+,P+V-,P+V-,➡️ 中性,-1.38,26.03,-0.053,18,20,57,26.4,,,,,,,,,,,,,,,,,,,,,,,,,,,,48,33,33,,33,剛爆發,,False,False
IT,Information Technology,Gartner,2026-09-10,170.62,-6.92,8.4,0.96,0.85,0.667,1219630,1408116,1504274,-19.38,-12.02,12.76,P-V-,P+V-,P+V+,➡️ 中性,-22.84,49.92,-0.458,41,24,58,39.3,,,,,,,,,,,,,,,,,,,,,,,,,,,,49,33,33,,33,剛爆發,,False,False
NXPI,Information Technology,NXP Semiconductors,2026-09-10,226.47,-2.35,-23.59,13.22,0.13,0.333,3073505,3982570,3749936,-31.84,13.23,36.4,P-V-,P-V+,P+V+,➡️ 中性,8.34,46.71,0.178,26,68,47,42.8,,,,,,,,,,,,,,,,,,,,,,,,,,,,50,33,33,,33,剛爆發,,False,False
AVGO,Information Technology,Broadcom,2026-09-10,360.83,-13.64,-7.84,9.59,-0.58,0.333,25346125,24486887,24963553,38.48,-3.75,-9.6,P-V+,P-V-,P+V-,➡️ 中性,13.4,49.49,0.271,64,47,50,56.1,,,,,,,,,,,,,,,,,,,,,,,,,,,,51,33,33,,33,剛爆發,,False,False
MPWR,Information Technology,Monolithic Power Systems,2026-09-10,1186.08,-12.95,-22.46,16.33,-0.69,0.333,588825,893701,758592,-34.91,43.34,19.92,P-V-,P-V+,P+V+,➡️ 中性,67.8,45.33,1.496,60,67,44,58.9,,,,,,,,,,,,,,,,,,,,,,,,,,,,52,33,33,,33,剛爆發,,False,False
Q,Information Technology,Qnity Electronics,2026-09-10,123.32,-13.46,-14.72,12.1,-1.0,0.333,1705935,1944929,1893036,-11.27,5.64,,P-V-,P-V+,,資料不足,,,,62,57,48,57.7,,,,,,,,,,,,,,,,,,,,,,,,,,,,53,33,33,,33,剛爆發,,False,False
MCHP,Information Technology,Microchip Technology,2026-09-10,71.58,-7.31,-21.27,11.74,-1.28,0.333,7898000,10787253,10562707,-31.83,4.34,24.27,P-V-,P-V+,P+V+,➡️ 中性,25.17,47.98,0.525,43,64,49,50.5,,,,,,,,,,,,,,,,,,,,,,,,,,,,54,33,33,,33,剛爆發,,False,False
TEL,Information Technology,TE Connectivity,2026-09-10,204.63,-4.34,-2.6,0.18,-1.64,0.333,1995075,2377067,2441784,-28.22,-5.16,21.28,P-V-,P-V-,P+V+,😴 弱勢縮量,2.54,34.38,0.074,34,41,60,41.3,,,,,,,,,,,,,,,,,,,,,,,,,,,,55,33,33,,33,剛爆發,,False,False
ON,Information Technology,ON Semiconductor,2026-09-10,70.17,-13.97,-40.03,23.39,-1.8,0.333,7373465,10738975,10652732,-28.05,1.63,19.49,P-V-,P-V+,P+V+,➡️ 中性,73.11,56.04,1.305,65,73,34,61.2,,,,,,,,,,,,,,,,,,,,,,,,,,,,56,33,33,,33,剛爆發,,False,False
FSLR,Information Technology,First Solar,2026-09-10,207.17,-7.39,-20.98,9.49,-2.35,0.333,1929470,2158136,2267841,-26.71,-9.23,-2.19,P-V-,P-V-,P+V-,⚠️ 主升段結束,11.28,52.04,0.217,45,63,51,51.6,,,,,,,,,,,,,,,,,,,,,,,,,,,,57,33,33,,33,剛爆發,,False,False
TYL,Information Technology,Tyler Technologies,2026-09-10,335.48,1.99,8.6,-10.44,-2.57,0.667,987825,917106,758160,14.08,53.05,53.84,P+V+,P+V+,P-V+,🚀 健康多頭,-41.81,41.01,-1.02,14,23,65,26.9,0.36,2.73,False,True,328.23,16.04,0.706,False,553.19,553.19,-39.36,-10.51,5.62,11.0,9.0,831718.0,1178622.0,1.222,771500.0,1277830.0,1061700.0,0.727,79.85,44.86,多頭,頭頭高·底底高,,58,25,22,37.6,32,剛爆發,,False,True
CTSH,Information Technology,Cognizant,2026-09-10,58.32,-1.06,10.81,-10.84,-2.98,0.333,5900870,10064969,8571439,-40.52,42.2,60.21,P-V-,P+V+,P-V+,➡️ 中性,-14.45,44.94,-0.322,21,22,66,30.3,,,,,,,,,,,,,,,,,,,,,,,,,,,,59,33,33,,33,剛爆發,,False,False
CIEN,Information Technology,Ciena,2026-09-10,334.56,-24.44,-23.85,13.73,-5.21,0.333,2376885,2609478,2681706,9.49,-5.25,-15.82,P-V+,P-V-,P+V-,➡️ 中性,232.7,70.73,3.29,73,69,46,66.4,,,,,,,,,,,,,,,,,,,,,,,,,,,,60,33,33,,33,剛爆發,,False,False
AKAM,Information Technology,Akamai Technologies,2026-09-10,107.13,-14.49,-22.26,7.25,-5.57,0.333,2927625,3585507,4582986,-22.59,-35.75,48.62,P-V-,P-V-,P+V+,😴 弱勢縮量,59.97,64.93,0.924,66,66,52,63.2,,,,,,,,,,,,,,,,,,,,,,,,,,,,61,33,33,,33,剛爆發,,False,False
ORCL,Information Technology,Oracle Corporation,2026-09-10,152.94,-2.1,-25.43,0.69,-6.54,0.333,23991880,32166246,29781385,-30.51,17.41,9.01,P-V-,P-V+,P+V+,➡️ 中性,-52.78,69.51,-0.759,24,70,59,44.8,,,,,,,,,,,,,,,,,,,,,,,,,,,,62,33,33,,33,剛爆發,,False,False
ACN,Information Technology,Accenture,2026-09-10,177.91,-0.32,3.79,-15.55,-6.91,0.333,5107805,8274110,7249673,-28.2,32.91,45.64,P-V-,P+V+,P-V+,➡️ 中性,-24.37,41.29,-0.59,19,33,68,33.0,,,,,,,,,,,,,,,,,,,,,,,,,,,,63,33,33,,33,剛爆發,,False,False
ADBE,Information Technology,Adobe Inc.,2026-09-10,248.83,-8.01,4.6,-12.27,-6.98,0.333,4675340,6250480,5894198,-13.28,12.87,24.68,P-V-,P+V+,P-V+,➡️ 中性,-26.11,41.75,-0.625,49,30,67,46.9,,,,,,,,,,,,,,,,,,,,,,,,,,,,64,33,33,,33,剛爆發,,False,False
TDY,Information Technology,Teledyne Technologies,2026-09-10,596.5,-11.45,-3.68,-7.9,-7.73,0.0,233235,341236,332501,-47.45,5.4,-2.7,P-V-,P-V+,P-V-,➡️ 中性,25.97,24.62,1.055,55,42,62,52.5,,,,,,,,,,,,,,,,,,,,,,,,,,,,65,33,33,,33,剛爆發,,False,False
TRMB,Information Technology,Trimble Inc.,2026-09-10,56.84,-1.22,7.35,-18.89,-7.91,0.333,3955420,3276613,2715916,49.17,52.03,71.36,P-V+,P+V+,P-V+,➡️ 中性,-29.7,33.55,-0.885,22,26,69,32.6,,,,,,,,,,,,,,,,,,,,,,,,,,,,66,33,33,,33,剛爆發,,False,False
IBM,Information Technology,IBM,2026-09-10,234.02,-1.32,-15.06,-8.27,-8.23,0.0,4830450,8793467,8279429,-50.38,13.24,56.72,P-V-,P-V+,P-V+,➡️ 中性,-5.75,55.91,-0.103,23,59,63,41.8,,,,,,,,,,,,,,,,,,,,,,,,,,,,67,33,33,,33,剛爆發,,False,False
SNPS,Information Technology,Synopsys,2026-09-10,397.17,-3.54,-14.64,-9.2,-9.14,0.0,1848995,1914029,1872135,-5.72,4.58,-29.09,P-V-,P-V+,P-V-,➡️ 中性,6.33,57.93,0.109,29,56,64,44.1,,,,,,,,,,,,,,,,,,,,,,,,,,,,68,33,33,,33,剛爆發,,False,False
CDNS,Information Technology,Cadence Design Systems,2026-09-10,284.95,-11.99,-27.1,-4.04,-11.79,0.0,2381815,2356916,2372943,-5.81,-1.34,15.99,P-V-,P-V-,P-V+,😴 弱勢縮量,-4.55,39.21,-0.116,57,72,61,62.3,,,,,,,,,,,,,,,,,,,,,,,,,,,,69,33,33,,33,剛爆發,,False,False
ADSK,Information Technology,Autodesk,2026-09-10,211.61,-17.97,-5.56,-18.92,-15.34,0.0,2153075,2524958,2307804,-1.29,20.77,29.29,P-V-,P-V+,P-V+,➡️ 中性,-22.94,40.57,-0.565,71,43,70,62.4,,,,,,,,,,,,,,,,,,,,,,,,,,,,70,33,33,,33,剛爆發,,False,False
PTC,Information Technology,PTC Inc.,2026-09-10,128.72,-16.36,-6.02,-20.89,-16.04,0.0,1289850,1709287,1512122,-20.85,29.99,59.24,P-V-,P-V+,P-V+,➡️ 中性,-27.63,39.41,-0.701,70,44,71,62.4,,,,,,,,,,,,,,,,,,,,,,,,,,,,71,33,33,,33,剛爆發,,False,False
INTU,Information Technology,Intuit,2026-09-10,312.77,-12.7,6.94,-34.51,-18.7,0.333,4119755,4506729,4360218,11.33,6.95,65.78,P-V+,P+V+,P-V+,➡️ 中性,-48.42,52.14,-0.929,59,27,72,52.0,,,,,,,,,,,,,,,,,,,,,,,,,,,,72,33,33,,33,剛爆發,,False,False
FICO,Information Technology,Fair Isaac,2026-09-10,960.67,-13.51,-21.59,-34.91,-26.23,0.0,346675,339564,363691,-10.19,-12.44,27.68,P-V-,P-V-,P-V+,😴 弱勢縮量,-31.77,48.31,-0.658,63,65,73,65.6,,,,,,,,,,,,,,,,,,,,,,,,,,,,73,33,33,,33,剛爆發,,False,False
NUE,Materials,Nucor,2026-09-10,255.46,-6.18,0.69,52.27,24.77,0.667,1398705,1526586,1503476,-1.01,3.12,-9.22,P-V-,P+V+,P+V-,➡️ 中性,94.14,33.75,2.79,15,17,1,12.8,6.94,14.67,False,True,250.14,8.77,0.854,False,280.11,280.11,-8.8,-3.22,-6.02,9.0,11.0,1278288.0,1497227.0,0.818,912000.0,1075960.0,1286353.0,0.709,72.32,49.78,多頭,頭頭高·底底高,空轉多預警,1,13,18,9.2,8,吃老本,,False,True
CF,Materials,CF Industries,2026-09-10,135.11,16.02,25.07,17.78,19.16,1.0,2610630,2627229,3561113,10.75,-41.55,41.24,P+V+,P+V-,P+V+,➡️ 中性,40.24,38.35,1.049,2,2,4,2.4,-15.07,45.68,False,True,122.57,14.58,1.282,False,141.66,141.96,-4.62,-2.99,13.16,11.0,9.0,2897290.0,2260266.0,1.222,2840200.0,2870970.0,2803460.0,1.013,97.47,60.5,多頭,頭頭高·底底高,空轉多預警 / 多頭確認,2,2,8,3.2,1,,,False,False
FCX,Materials,Freeport-McMoRan,2026-09-10,71.21,6.55,11.1,20.52,14.67,1.0,14796090,14758789,15354506,5.81,-7.47,-19.46,P+V+,P+V-,P+V-,➡️ 中性,55.89,55.95,0.999,5,7,3,5.2,18.5,21.95,False,True,67.15,14.72,1.19,False,80.24,80.24,-11.25,-3.68,2.87,9.0,11.0,16217566.0,13633063.0,0.818,22181400.0,13967690.0,16093593.0,1.378,83.34,48.46,多頭,頭頭高·底底高,,3,6,3,4.2,2,,,False,True
NEM,Materials,Newmont,2026-09-10,126.14,10.69,28.28,8.95,14.22,1.0,8094800,8238972,8577886,3.87,-7.6,-18.6,P+V+,P+V-,P+V-,➡️ 中性,51.34,49.85,1.03,4,1,8,3.9,5.68,33.45,False,True,108.91,9.52,0.877,False,135.01,135.29,-6.57,0.99,7.27,11.0,9.0,7612263.0,8684566.0,1.222,6279500.0,8263410.0,8456053.0,0.743,88.43,56.88,多頭,頭頭高·底底高,,4,5,15,6.6,4,,,False,True
CTVA,Materials,Corteva,2026-09-10,84.49,11.72,12.88,10.27,11.28,1.0,4574240,4545510,4157569,-4.57,20.58,-2.25,P+V-,P+V+,P+V-,⚠️ 量能背離,5.99,27.07,0.221,3,4,6,3.9,2.93,27.11,False,True,83.29,11.3,1.163,False,90.87,90.97,-7.02,-6.09,12.1,12.0,8.0,4846241.0,4166237.0,1.5,3589500.0,4941300.0,5018793.0,0.715,97.68,53.28,擴散,頭頭高·底底低,,5,1,17,5.8,3,,,False,True
IFF,Materials,International Flavors & Fragrances,2026-09-10,84.05,-0.01,11.5,15.21,10.48,0.667,1384060,1769276,1818318,-23.52,-5.25,-14.24,P-V-,P+V-,P+V-,➡️ 中性,33.19,33.84,0.981,7,6,5,6.3,-26.57,16.51,False,True,81.93,7.02,0.825,False,89.32,89.32,-5.9,-3.32,0.24,9.0,11.0,1239211.0,1502572.0,0.818,1855700.0,1539080.0,1482906.0,1.251,75.52,48.92,收斂,頭頭低·底底高,多轉空預警 / 空轉多預警,6,10,4,7.2,6,,🎯 潛在暴漲,True,False
STLD,Materials,Steel Dynamics,2026-09-10,237.08,-9.0,-11.93,31.24,10.39,0.333,1179075,1234724,1193476,-0.3,7.16,-7.29,P-V-,P-V+,P+V-,➡️ 中性,100.67,37.52,2.683,19,22,2,16.5,0.56,-0.19,False,False,242.14,9.55,1.11,False,288.09,288.74,-17.71,-4.26,-9.92,8.0,12.0,1253625.0,1129375.0,0.667,674600.0,901600.0,1191280.0,0.566,71.77,45.41,收斂,頭頭低·底底高,多轉空預警 / 空轉多預警,7,14,20,12.4,13,吃老本,,False,True
MOS,Materials,Mosaic Company (The),2026-09-10,25.4,17.61,20.37,-0.82,9.08,0.667,8237895,8759789,9304832,11.36,-11.07,45.63,P+V+,P+V-,P-V+,➡️ 中性,-30.46,43.2,-0.705,1,3,13,4.0,-5.88,-77.32,False,True,22.78,14.46,1.323,False,35.68,36.99,-28.81,-0.64,13.34,9.0,11.0,9516244.0,7191972.0,0.818,7802800.0,7826570.0,8465540.0,0.922,93.18,61.29,擴散,頭頭高·底底低,多頭確認,8,4,10,6.8,5,,,False,True
APD,Materials,Air Products,2026-09-10,293.65,-3.89,4.42,9.24,4.75,0.667,948525,1219849,1209920,-12.34,1.65,-14.67,P-V-,P+V+,P+V-,➡️ 中性,8.58,27.38,0.313,12,10,7,10.4,3.8,4.54,False,False,301.06,7.08,0.985,False,314.87,314.87,-6.74,-5.11,-3.43,9.0,11.0,940455.0,955127.0,0.818,828900.0,958780.0,1021946.0,0.811,75.41,39.91,多頭,頭頭高·底底高,空轉多預警 / 空頭確認,9,11,14,10.8,10,,,False,True
AMCR,Materials,Amcor,2026-09-10,43.0,-5.96,12.33,2.46,2.82,0.667,3482265,3588086,4389616,-12.33,-30.88,-10.71,P-V-,P+V-,P+V-,➡️ 中性,18.33,29.38,0.624,14,5,10,10.5,4.24,0.55,False,False,44.76,8.93,1.008,False,48.76,50.94,-11.81,-6.56,-6.32,6.0,14.0,3502250.0,3473700.0,0.429,3176900.0,3165320.0,3397820.0,0.935,67.66,36.48,多頭,頭頭高·底底高,空頭確認,10,16,9,12.2,12,吃老本,,False,True
PKG,Materials,Packaging Corporation of America,2026-09-10,232.41,-9.59,2.91,5.75,1.21,0.667,534595,640143,767934,-27.66,-28.53,-9.69,P-V-,P+V-,P+V-,➡️ 中性,23.28,22.98,1.013,20,13,9,15.7,1.62,12.54,False,False,241.78,8.89,1.133,False,259.98,259.98,-10.6,-0.48,-9.32,8.0,12.0,575100.0,507591.0,0.667,983500.0,599750.0,577266.0,1.704,74.04,40.84,多頭,頭頭高·底底高,,11,12,1,9.4,9,,,False,True
LYB,Materials,LyondellBasell,2026-09-10,64.3,4.11,2.08,-2.19,0.45,0.667,3403555,4634433,5956740,-25.09,-36.33,3.69,P+V-,P+V-,P-V+,➡️ 中性,21.46,45.54,0.471,6,15,14,10.3,25.6,76.13,False,True,60.82,8.68,1.143,False,82.22,83.94,-21.8,-3.41,3.45,12.0,8.0,3583283.0,3133962.0,1.5,3303600.0,2889850.0,3029486.0,1.09,93.21,53.19,收斂,頭頭低·底底高,多轉空預警,12,3,7,7.4,7,剛爆發,,False,True
BALL,Materials,Ball Corporation,2026-09-10,59.74,-3.23,10.61,-3.81,-0.06,0.333,1641820,2251850,2415756,-16.75,-12.71,-5.72,P-V-,P+V-,P-V-,➡️ 中性,25.44,31.27,0.814,11,8,17,11.3,4.27,11.31,False,False,62.64,7.96,1.018,False,67.62,68.29,-11.66,-5.62,-3.56,6.0,14.0,1661850.0,1633235.0,0.429,1499500.0,1811160.0,1660953.0,0.903,69.85,33.36,收斂,頭頭低·底底高,多轉空預警 / 空頭確認,13,15,11,13.4,16,,,False,True
ECL,Materials,Ecolab,2026-09-10,271.6,-1.69,2.99,-3.4,-1.38,0.333,1445815,1451190,1535223,14.35,-10.38,11.01,P-V+,P+V-,P-V+,➡️ 中性,4.57,21.97,0.208,9,11,16,11.0,0.48,0.17,False,False,278.43,7.68,1.172,False,307.6,309.27,-11.7,-2.97,-2.45,8.0,12.0,1585625.0,1352608.0,0.667,1175300.0,1209240.0,1416506.0,0.83,77.86,37.35,多頭,頭頭高·底底高,空頭確認,14,8,13,11.4,11,剛爆發,,False,True
AVY,Materials,Avery Dennison,2026-09-10,168.77,-5.7,6.53,-4.9,-2.24,0.333,1073510,894055,777858,21.19,35.12,12.72,P-V+,P+V+,P-V+,➡️ 中性,11.76,27.29,0.431,13,9,19,13.0,17.0,1.81,False,False,169.57,7.91,0.575,False,196.15,199.54,-13.96,-3.24,-6.23,6.0,14.0,707383.0,1230421.0,0.429,871300.0,1454530.0,1181086.0,0.738,61.46,41.55,擴散,頭頭高·底底低,,15,19,16,16.8,19,,,False,True
SW,Materials,Smurfit Westrock,2026-09-10,42.21,-14.84,2.99,0.54,-2.69,0.667,4257395,5363861,5337070,-17.96,1.01,-1.77,P-V-,P+V+,P+V-,➡️ 中性,11.01,42.74,0.258,24,11,11,17.5,-16.91,-17.35,False,False,46.23,17.28,0.793,False,51.52,52.65,-18.07,-6.94,-13.51,7.0,13.0,3639985.0,4589846.0,0.538,2759900.0,4323720.0,4262466.0,0.647,61.07,32.64,收斂,頭頭低·底底高,多轉空預警 / 空頭確認,16,20,19,18.2,20,,,False,True
SHW,Materials,Sherwin-Williams,2026-09-10,317.44,-12.0,2.45,-3.3,-4.03,0.333,1529545,2134444,2025830,-26.58,11.33,8.12,P-V-,P+V+,P-V+,➡️ 中性,1.49,28.8,0.052,23,14,15,18.7,5.13,3.56,False,False,341.07,10.05,0.923,False,375.09,377.77,-15.37,-4.17,-11.67,7.0,13.0,1451271.0,1571692.0,0.538,1772900.0,1468470.0,1519760.0,1.167,65.57,31.84,多頭,頭頭高·底底高,空頭確認,17,18,5,15.0,18,,,False,True
PPG,Materials,PPG Industries,2026-09-10,105.05,-8.44,-9.16,-0.29,-4.54,0.0,1350820,1793049,1935762,-29.72,-13.73,-3.86,P-V-,P-V-,P-V-,🧊 熊市縮量,8.11,29.45,0.275,18,18,12,16.8,-1.04,3.65,False,False,114.53,10.89,0.778,False,130.99,133.43,-19.81,-5.62,-8.33,8.0,12.0,1153000.0,1482700.0,0.667,2294500.0,1503610.0,1407620.0,1.63,66.36,33.17,收斂,頭頭低·底底高,空轉多預警 / 空頭確認,18,17,2,14.4,17,,,False,False
LIN,Materials,Linde plc,2026-09-10,461.62,-3.15,-10.17,-3.83,-5.25,0.0,1960150,2205193,2236986,-10.7,-2.8,-11.92,P-V-,P-V-,P-V-,🧊 熊市縮量,2.46,18.58,0.133,10,21,18,14.9,0.31,1.4,False,False,496.97,6.64,0.941,False,546.4,548.2,-15.52,-4.99,-3.4,10.0,10.0,1900490.0,2019810.0,1.0,2149000.0,1897370.0,1909760.0,1.125,77.43,29.51,空頭,頭頭低·底底低,空頭確認,19,9,6,12.4,13,剛爆發,,False,True
DOW,Materials,Dow Inc.,2026-09-10,29.64,-1.24,-9.74,-8.99,-7.24,0.0,8223600,10503427,12112027,-16.81,-23.45,-6.84,P-V-,P-V-,P-V-,🧊 熊市縮量,33.07,45.94,0.72,8,19,21,13.9,12.62,51.7,False,False,29.8,9.09,0.99,False,41.82,42.74,-29.13,-5.24,-1.92,10.0,9.0,8279420.0,8360522.0,1.111,7354700.0,8020560.0,8718213.0,0.844,80.75,45.61,多頭,頭頭高·底底高,空頭確認,20,7,12,13.2,15,剛爆發,,False,True
IP,Materials,International Paper,2026-09-10,34.29,-15.66,1.64,-10.96,-8.98,0.333,3946610,5232990,6044944,-27.22,-23.68,11.15,P-V-,P+V-,P-V+,➡️ 中性,-8.13,45.34,-0.179,25,16,22,21.7,,,,,,,,,,,,,,,,,,,,,,,,,,,,21,21,21,,21,,,False,False
VMC,Materials,Vulcan Materials Company,2026-09-10,250.6,-9.7,-10.01,-8.35,-9.1,0.0,915805,1083566,1153648,-15.09,-11.45,16.63,P-V-,P-V-,P-V+,😴 弱勢縮量,-4.24,24.55,-0.173,21,20,20,20.5,,,,,,,,,,,,,,,,,,,,,,,,,,,,22,21,21,,21,,,False,False
MLM,Materials,Martin Marietta Materials,2026-09-10,502.47,-7.61,-12.05,-17.37,-13.6,0.0,676990,631618,578772,14.32,20.1,37.03,P-V+,P-V+,P-V+,📉 主力出貨,-11.46,21.6,-0.53,17,23,24,20.2,,,,,,,,,,,,,,,,,,,,,,,,,,,,23,21,21,,21,,,False,False
CRH,Materials,CRH plc,2026-09-10,87.66,-9.92,-15.13,-16.99,-14.76,0.0,4332210,4524169,4817368,-5.03,-11.47,-16.77,P-V-,P-V-,P-V-,🧊 熊市縮量,-11.3,29.55,-0.382,22,24,23,22.8,,,,,,,,,,,,,,,,,,,,,,,,,,,,24,21,21,,21,,,False,False
ALB,Materials,Albemarle Corporation,2026-09-10,122.11,-6.41,-19.88,-24.38,-18.76,0.0,2215185,2360180,2210487,-8.08,14.53,-35.6,P-V-,P-V+,P-V-,➡️ 中性,77.41,54.5,1.42,16,25,25,20.5,,,,,,,,,,,,,,,,,,,,,,,,,,,,25,21,21,,21,,,False,False
WELL,Real Estate,Welltower,2026-09-10,235.71,0.54,14.43,16.21,11.85,1.0,2583385,3122595,3164850,-18.45,-2.64,-4.72,P+V-,P+V-,P+V-,⚠️ 量能衰竭,39.01,24.23,1.61,2,1,4,2.1,-16.88,9.38,False,False,237.12,3.97,0.983,False,254.24,255.2,-7.29,-1.21,2.36,12.0,8.0,2565466.0,2610262.0,1.5,2288200.0,2689110.0,2569460.0,0.891,90.63,47.91,收斂,頭頭低·底底高,多轉空預警 / 空轉多預警,1,1,17,4.2,1,,,False,False
DOC,Real Estate,Healthpeak Properties,2026-09-10,20.37,-1.63,0.81,21.66,10.62,0.667,4127355,5828953,7432170,-34.7,-35.49,-12.19,P-V-,P+V-,P+V-,➡️ 中性,22.44,31.04,0.723,6,5,2,4.9,198.62,364.73,False,False,21.38,6.45,1.139,False,22.84,22.95,-10.8,-3.14,-0.92,7.0,11.0,4429428.0,3889436.0,0.636,3859300.0,4096280.0,4270273.0,0.904,77.67,37.53,空頭,頭頭低·底底低,多轉空預警 / 空頭確認,2,10,15,7.8,4,吃老本,,False,True
BXP,Real Estate,"BXP, Inc.",2026-09-10,63.72,-7.89,-3.33,23.3,8.84,0.333,1180245,1390101,1628754,-22.29,-25.56,-21.38,P-V-,P-V-,P+V-,⚠️ 主升段結束,-3.92,28.52,-0.137,23,10,1,14.7,14.75,97.57,False,False,68.49,11.22,0.966,False,75.95,79.33,-16.1,-5.04,-6.23,7.0,13.0,1153528.0,1194630.0,0.538,1217800.0,1132090.0,1201100.0,1.014,69.22,35.2,空頭,頭頭低·底底低,多轉空預警 / 空頭確認,3,18,11,10.6,9,吃老本,,False,True
HST,Real Estate,Host Hotels & Resorts,2026-09-10,22.14,-2.68,-6.05,20.82,8.23,0.333,7763365,9558895,9005729,-23.56,13.09,9.33,P-V-,P-V+,P+V+,➡️ 中性,40.29,24.87,1.62,10,14,3,9.8,4.39,116.0,False,False,23.35,4.67,1.12,False,25.71,25.71,-13.89,0.14,-2.89,8.0,12.0,8296925.0,7407658.0,0.667,6408100.0,6972590.0,7669880.0,0.835,77.92,39.73,空頭,頭頭低·底底低,多轉空預警,4,9,19,9.0,5,,,False,True
VTR,Real Estate,Ventas,2026-09-10,90.44,0.17,10.31,7.87,6.56,1.0,2963825,3574518,3793056,-15.22,-10.9,29.88,P+V-,P+V-,P+V+,⚠️ 頂部背離,31.83,20.79,1.531,3,2,10,4.1,51.73,-1.4,False,False,92.89,5.79,1.018,False,101.6,101.6,-10.98,-1.76,1.61,11.0,9.0,2987563.0,2934811.0,1.222,2826700.0,3029470.0,2824793.0,1.001,86.41,44.69,空頭,頭頭低·底底低,多轉空預警,5,3,12,5.6,2,,,False,True
EQIX,Real Estate,Equinix,2026-09-10,1023.81,-4.2,-2.94,10.31,3.37,0.333,509805,594773,580025,-18.51,5.22,2.62,P-V-,P-V+,P+V+,➡️ 中性,39.23,26.88,1.46,13,8,5,9.9,6.33,-3.8,False,False,1040.1,9.46,0.869,False,1118.65,1128.68,-8.48,0.45,-3.79,9.0,11.0,470911.0,541627.0,0.818,467000.0,522300.0,517253.0,0.903,75.4,42.55,多頭,頭頭高·底底高,,6,12,16,10.4,7,吃老本,,False,True
SPG,Real Estate,Simon Property Group,2026-09-10,204.67,-6.59,-2.37,8.58,2.05,0.333,1163350,1775164,1683050,-19.97,11.58,8.76,P-V-,P-V+,P+V+,➡️ 中性,27.39,19.39,1.413,19,7,8,13.2,10.11,-17.98,False,False,219.16,4.88,0.992,False,235.97,238.5,-13.26,-1.59,-6.21,7.0,13.0,1157485.0,1166507.0,0.538,1479900.0,1330660.0,1222566.0,1.21,71.08,32.0,多頭,頭頭高·底底高,空頭確認,7,16,6,10.4,7,吃老本,,False,True
DLR,Real Estate,Digital Realty,2026-09-10,185.37,-6.18,0.91,6.63,2.0,0.667,1974910,2923909,2472496,-29.98,44.67,31.63,P-V-,P+V+,P+V+,➡️ 中性,16.6,27.21,0.61,18,4,12,12.6,-15.0,2.71,False,False,186.77,9.14,1.303,False,207.47,208.14,-10.65,0.88,-5.93,10.0,10.0,2234380.0,1715440.0,1.0,1534200.0,2164070.0,1993220.0,0.77,84.59,44.04,空頭,頭頭低·底底低,多轉空預警,8,5,21,9.4,6,,,False,False
FRT,Real Estate,Federal Realty Investment Trust,2026-09-10,114.84,-3.41,-6.86,8.92,1.89,0.333,675450,861435,869672,-31.21,-1.88,24.59,P-V-,P-V-,P+V+,😴 弱勢縮量,21.74,17.21,1.263,12,17,7,12.5,35.3,165.2,False,False,120.36,3.94,1.239,False,128.21,128.21,-10.43,-2.63,-2.02,7.0,13.0,772414.0,623238.0,0.538,574200.0,733090.0,678720.0,0.846,77.5,33.19,空頭,頭頭低·底底低,多轉空預警 / 空頭確認,9,11,18,11.6,12,,,False,True
ESS,Real Estate,Essex Property Trust,2026-09-10,271.37,-5.57,-3.87,8.46,1.87,0.333,495010,476232,481313,10.14,-2.09,-3.1,P-V+,P-V-,P+V-,➡️ 中性,10.94,16.03,0.682,16,11,9,13.1,-35.97,15.55,False,False,288.11,6.12,0.73,False,303.35,303.35,-10.54,-2.13,-3.52,9.0,11.0,411355.0,563454.0,0.818,515700.0,586940.0,536853.0,0.961,72.08,33.04,多頭,頭頭高·底底高,空轉多預警 / 空頭確認,10,15,13,12.6,13,,,False,False
VMRK,Real Estate,Vivmark Residential,2026-09-10,65.02,-1.44,-3.19,6.01,1.85,0.333,6363880,4081323,3410527,104.69,48.97,39.46,P-V+,P-V+,P+V+,⚠️ 中期出貨,2.23,15.83,0.141,5,9,13,7.8,,,False,False,67.04,4.61,0.806,False,71.5,71.5,-9.06,0.17,0.93,12.0,7.0,5799991.0,7193557.0,1.714,8285600.0,5733680.0,5722666.0,1.448,90.45,44.85,收斂,頭頭低·底底高,空轉多預警,11,2,4,6.0,3,剛爆發,,False,False
INVH,Real Estate,Invitation Homes,2026-09-10,27.56,-9.04,-6.57,7.52,-0.14,0.333,3763625,4684932,5314005,-9.22,-21.17,-6.37,P-V-,P-V-,P+V-,⚠️ 主升段結束,3.63,19.62,0.185,25,16,11,19.5,9.76,-14.31,False,False,29.75,7.86,0.747,False,30.89,30.89,-10.79,-4.44,-7.45,6.0,14.0,3042466.0,4072692.0,0.429,7640100.0,4717030.0,4047946.0,1.887,63.25,23.79,收斂,頭頭低·底底高,多轉空預警 / 空頭確認,12,22,1,13.8,15,吃老本,,False,True
ARE,Real Estate,Alexandria Real Estate Equities,2026-09-10,49.56,2.35,-5.17,0.54,-0.44,0.667,1911780,1850353,2072552,5.14,-19.37,-18.07,P+V+,P-V-,P+V-,➡️ 中性,-39.3,49.14,-0.8,1,13,17,7.8,26.17,1359.96,False,False,50.5,9.47,1.464,False,83.17,88.24,-40.41,-5.99,3.12,8.0,12.0,2360725.0,1612483.0,0.667,1376700.0,1418550.0,1835846.0,0.75,85.1,43.62,空頭,頭頭低·底底低,,13,4,22,11.2,11,剛爆發,,False,True
IRM,Real Estate,Iron Mountain,2026-09-10,112.9,-10.84,-9.88,8.95,-0.7,0.333,1468360,1789590,1644881,-23.98,19.29,-14.18,P-V-,P-V+,P+V-,➡️ 中性,31.99,37.34,0.857,30,23,6,23.1,7.51,15.76,False,False,121.56,12.64,0.807,False,134.68,134.68,-16.17,0.95,-9.22,8.0,12.0,1284375.0,1591016.0,0.667,1235600.0,1731870.0,1560433.0,0.792,68.98,36.64,空頭,頭頭低·底底低,,14,19,20,17.2,22,,,False,True
KIM,Real Estate,Kimco Realty,2026-09-10,23.29,-3.38,-6.45,2.34,-1.29,0.333,4435615,4967630,4843007,-5.81,5.28,-3.55,P-V-,P-V+,P+V-,➡️ 中性,12.28,19.44,0.632,11,15,14,12.8,13.48,7.45,False,False,24.51,3.77,0.82,False,26.34,26.65,-11.57,-2.14,-2.54,6.0,14.0,3843766.0,4689264.0,0.429,5601800.0,5761510.0,4957753.0,1.13,68.4,35.19,空頭,頭頭低·底底低,多轉空預警 / 空頭確認,15,20,8,15.6,18,,,False,True
CBRE,Real Estate,CBRE Group,2026-09-10,137.99,-9.15,1.39,0.85,-1.52,0.667,1450820,1731178,2015215,-16.98,-24.71,15.76,P-V-,P+V-,P+V+,➡️ 中性,-9.36,33.54,-0.279,26,3,16,17.1,5.77,42.05,False,False,145.02,10.1,0.931,False,174.27,174.27,-20.82,-2.86,-6.38,6.0,14.0,1379566.0,1481357.0,0.429,1570400.0,1725600.0,1522726.0,1.031,67.75,39.04,多頭,頭頭高·底底高,空頭確認,16,21,10,16.8,21,,,False,True
PLD,Real Estate,Prologis,2026-09-10,134.41,-4.82,-8.23,1.44,-2.54,0.333,2958510,4175338,3846310,-47.66,18.71,11.78,P-V-,P-V+,P+V+,➡️ 中性,30.91,24.35,1.269,14,20,15,16.0,48.33,41.3,False,False,141.96,6.18,1.024,False,153.35,153.35,-12.35,-1.6,-4.49,6.0,14.0,3007700.0,2937428.0,0.429,2866000.0,3023750.0,3083826.0,0.929,71.01,33.92,收斂,頭頭低·底底高,多轉空預警 / 空轉多預警 / 空頭確認,17,17,14,16.4,20,,,False,True
REG,Real Estate,Regency Centers,2026-09-10,75.31,-2.02,-4.44,-2.41,-2.82,0.0,1115470,1383215,1402607,-24.39,-2.73,15.96,P-V-,P-V-,P-V+,😴 弱勢縮量,9.37,15.69,0.597,8,12,19,11.4,3.59,9.38,False,False,78.41,2.52,1.03,False,83.66,83.66,-9.98,-0.66,-0.57,9.0,11.0,1133844.0,1100436.0,0.818,1729600.0,1234620.0,1119666.0,1.545,79.7,39.99,擴散,頭頭高·底底低,,18,7,3,10.6,9,剛爆發,,False,True
O,Real Estate,Realty Income,2026-09-10,59.57,-4.95,-1.48,-5.94,-4.58,0.0,5084315,5626003,5721141,-4.77,-3.27,-6.57,P-V-,P-V-,P-V-,🧊 熊市縮量,10.54,16.33,0.646,15,6,25,14.3,-12.71,-17.72,False,False,62.75,4.07,1.0,False,66.58,67.94,-10.52,-3.14,-4.41,8.0,12.0,5084825.0,5083975.0,0.667,5951700.0,5383260.0,4927060.0,1.208,73.6,29.51,收斂,頭頭低·底底高,多轉空預警 / 空頭確認,19,13,7,14.2,16,剛爆發,,False,True
CPT,Real Estate,Camden Property Trust,2026-09-10,102.5,-7.21,-10.36,-1.84,-5.31,0.0,870740,1002906,1095898,-14.45,-15.64,-11.12,P-V-,P-V-,P-V-,🧊 熊市縮量,3.62,19.64,0.185,21,27,18,22.2,,,,,,,,,,,,,,,,,,,,,,,,,,,,20,23,23,,23,,,False,False
AMT,Real Estate,American Tower,2026-09-10,172.98,-0.69,-8.49,-6.48,-5.53,0.0,1991790,2886306,3021494,-35.68,-8.57,-4.43,P-V-,P-V-,P-V-,🧊 熊市縮量,-8.64,23.74,-0.364,4,21,26,13.5,20.65,17.04,False,True,171.44,4.37,0.755,False,194.23,199.13,-10.94,0.03,1.5,11.0,9.0,1737436.0,2302666.0,1.222,2283600.0,2199280.0,2042866.0,1.118,82.45,47.21,多頭,頭頭高·底底高,空轉多預警,21,6,9,12.6,13,剛爆發,,False,True
PSA,Real Estate,Public Storage,2026-09-10,294.6,-10.38,-7.91,-2.52,-5.83,0.0,747555,1015027,1045150,-41.59,-5.6,-2.19,P-V-,P-V-,P-V-,🧊 熊市縮量,16.74,25.91,0.646,27,19,20,23.2,,,,,,,,,,,,,,,,,,,,,,,,,,,,22,23,23,,23,,,False,False
SBAC,Real Estate,SBA Communications,2026-09-10,181.42,-1.89,-10.8,-5.88,-6.11,0.0,801315,1007496,1072464,-29.72,-11.42,3.71,P-V-,P-V-,P-V+,😴 弱勢縮量,-3.67,37.53,-0.098,7,28,24,16.7,-1.22,-0.28,False,False,182.65,7.82,0.807,False,221.58,224.46,-18.13,-2.68,-0.22,8.0,12.0,700600.0,868458.0,0.667,1444400.0,891860.0,839680.0,1.72,72.91,44.11,收斂,頭頭低·底底高,空轉多預警,23,14,2,15.2,17,剛爆發,,False,False
MAA,Real Estate,Mid-America Apartment Communities,2026-09-10,124.48,-7.24,-9.35,-4.01,-6.15,0.0,827425,1002403,978656,-25.2,4.97,1.92,P-V-,P-V+,P-V+,➡️ 中性,-2.01,17.22,-0.117,22,22,22,22.0,,,,,,,,,,,,,,,,,,,,,,,,,,,,24,23,23,,23,,,False,False
UDR,Real Estate,"UDR, Inc.",2026-09-10,35.14,-7.02,-10.08,-3.77,-6.16,0.0,3110830,3445584,3812066,-9.74,-17.54,13.93,P-V-,P-V-,P-V+,😴 弱勢縮量,1.44,19.73,0.073,20,25,21,21.7,,,,,,,,,,,,,,,,,,,,,,,,,,,,25,23,23,,23,,,False,False
EXR,Real Estate,Extra Space Storage,2026-09-10,136.45,-8.67,-6.95,-4.83,-6.32,0.0,962240,1163590,1161273,-26.55,0.4,-4.78,P-V-,P-V+,P-V-,➡️ 中性,5.93,26.09,0.227,24,18,23,22.0,,,,,,,,,,,,,,,,,,,,,,,,,,,,26,23,23,,23,,,False,False
WY,Real Estate,Weyerhaeuser,2026-09-10,21.99,-10.59,-9.97,-7.85,-9.06,0.0,4786510,5435406,5302033,-13.25,5.16,-14.75,P-V-,P-V+,P-V-,➡️ 中性,1.31,29.75,0.044,28,24,27,26.6,,,,,,,,,,,,,,,,,,,,,,,,,,,,27,23,23,,23,,,False,False
VICI,Real Estate,Vici Properties,2026-09-10,24.73,-6.11,-10.26,-13.87,-11.03,0.0,9255615,9981707,9169484,-0.45,19.44,-13.74,P-V-,P-V+,P-V-,➡️ 中性,-16.24,16.82,-0.966,17,26,28,21.9,,,,,,,,,,,,,,,,,,,,,,,,,,,,28,23,23,,23,,,False,False
CCI,Real Estate,Crown Castle,2026-09-10,73.87,-2.46,-19.27,-16.33,-13.59,0.0,2469935,3882146,3598358,-44.45,17.12,9.37,P-V-,P-V+,P-V+,➡️ 中性,-17.55,29.51,-0.595,9,30,29,19.3,36.09,6.18,False,False,76.17,5.75,0.976,False,96.97,100.5,-23.82,-2.0,-0.14,9.0,10.0,2356977.0,2415790.0,0.9,3229500.0,2732060.0,2560486.0,1.261,79.69,41.47,空頭,頭頭低·底底低,,29,8,5,15.8,19,剛爆發,,False,True
CSGP,Real Estate,CoStar Group,2026-09-10,29.49,-10.77,-13.09,-39.05,-25.49,0.0,6772410,7183983,7140310,-10.26,1.23,46.78,P-V-,P-V+,P-V+,➡️ 中性,-64.66,45.83,-1.411,29,29,30,29.2,,,,,,,,,,,,,,,,,,,,,,,,,,,,30,23,23,,23,剛爆發,,False,False
AWK,Utilities,American Water Works,2026-09-10,139.84,2.48,12.14,3.12,5.21,1.0,2116645,2274952,2103032,-11.85,17.81,25.43,P+V-,P+V+,P+V+,⚠️ 頂部背離,0.07,17.83,0.004,2,2,3,2.2,3.97,-7.4,False,True,135.09,5.1,1.23,False,142.37,145.64,-1.78,0.25,3.65,7.0,13.0,2409642.0,1958876.0,0.538,2015600.0,2085640.0,2011193.0,1.002,81.89,58.12,收斂,頭頭低·底底高,多轉空預警,1,8,15,6.6,5,吃老本,,False,True
AES,Utilities,AES Corporation,2026-09-10,14.8,0.48,2.17,7.15,4.24,1.0,7223635,7670807,9506782,4.67,-32.37,-9.41,P+V+,P+V-,P+V-,➡️ 中性,21.31,25.59,0.833,3,3,1,2.6,-6.05,108.27,False,True,14.68,0.95,0.838,False,17.23,17.65,-14.1,0.0,0.61,9.0,8.0,6439833.0,7680525.0,1.125,9452900.0,7137850.0,8011380.0,1.18,81.92,60.45,收斂,頭頭低·底底高,多轉空預警 / 多頭確認,2,7,6,4.8,2,,,False,False
D,Utilities,Dominion Energy,2026-09-10,65.05,-4.13,-0.82,4.94,1.23,0.333,3993035,4887373,5450364,9.77,-18.72,-4.73,P-V+,P-V-,P+V-,➡️ 中性,18.21,19.59,0.929,24,9,2,15.1,17.2,4.37,False,False,67.9,4.21,1.14,False,72.26,72.99,-9.98,-0.52,-3.43,8.0,11.0,4325775.0,3795718.0,0.727,6076600.0,4821230.0,4450706.0,1.365,78.59,38.27,空頭,頭頭低·底底低,,3,11,4,6.4,4,吃老本,,False,True
ETR,Utilities,Entergy,2026-09-10,105.73,-1.1,-3.01,2.14,0.04,0.333,2164475,2722484,3079526,-21.95,-20.78,14.53,P-V-,P-V-,P+V+,😴 弱勢縮量,24.24,20.38,1.19,6,17,4,8.9,2.39,2.26,False,False,109.4,3.91,1.0,False,117.75,118.45,-10.21,-0.96,-1.38,9.0,11.0,2164088.0,2164790.0,0.818,2047600.0,2584230.0,2275886.0,0.9,78.56,42.91,空頭,頭頭低·底底低,多轉空預警,4,12,21,10.6,10,吃老本,,False,True
EVRG,Utilities,Evergy,2026-09-10,81.36,-1.74,-0.28,0.08,-0.47,0.333,2032275,2060456,1991413,5.08,7.18,-6.99,P-V+,P-V+,P+V-,➡️ 中性,19.41,14.09,1.378,10,7,5,8.1,9.85,13.81,False,False,83.39,3.42,0.973,False,87.89,88.62,-7.43,0.73,-1.54,11.0,9.0,2007627.0,2062400.0,1.222,3012900.0,2336710.0,2153900.0,1.399,84.74,45.38,空頭,頭頭低·底底低,,5,2,3,3.4,1,,,False,True
CEG,Utilities,Constellation Energy,2026-09-10,285.97,2.79,13.81,-9.97,-0.84,0.667,2493795,3089366,3205895,-12.22,-7.01,5.53,P+V-,P+V-,P-V+,➡️ 中性,-12.56,49.22,-0.255,1,1,25,5.8,11.73,5.3,False,True,268.3,13.18,1.035,False,410.41,412.7,-30.32,-1.4,2.77,10.0,10.0,2537130.0,2450460.0,1.0,2351200.0,2591740.0,2480433.0,0.948,84.22,54.8,多頭,頭頭高·底底高,,6,6,19,8.6,7,,,False,True
ED,Utilities,Consolidated Edison,2026-09-10,106.73,-0.72,1.13,-3.36,-1.58,0.333,2114810,2267741,2219856,-9.99,4.41,3.15,P-V-,P+V+,P-V+,➡️ 中性,13.77,15.13,0.91,5,5,6,5.2,7.37,-3.83,False,False,108.88,2.6,0.96,False,114.33,116.23,-6.64,-0.87,-0.16,11.0,9.0,2075990.0,2162255.0,1.222,1970600.0,2044670.0,2055200.0,0.959,84.69,45.1,空頭,頭頭低·底底低,,7,3,17,7.4,6,,,False,True
VST,Utilities,Vistra Corp.,2026-09-10,147.05,0.44,0.71,-7.06,-3.24,0.667,4182875,4450829,4523016,-13.17,-3.14,-9.5,P+V-,P+V-,P-V-,➡️ 中性,-29.52,47.56,-0.621,4,6,12,6.2,-54.2,53.35,False,False,148.95,13.9,1.108,False,218.91,219.82,-32.83,2.5,0.25,10.0,10.0,4396690.0,3969060.0,1.0,4544300.0,4361600.0,4340466.0,1.047,85.54,52.73,空頭,頭頭低·底底低,多轉空預警,8,1,13,6.2,3,剛爆發,,False,False
AEE,Utilities,Ameren,2026-09-10,104.95,-3.14,-2.13,-3.91,-3.27,0.0,1375215,1607555,1659995,-10.56,-6.12,-3.13,P-V-,P-V-,P-V-,🧊 熊市縮量,11.92,14.84,0.803,14,12,7,12.0,4.18,9.09,False,False,108.9,3.17,1.125,False,117.49,118.32,-10.67,-0.18,-2.87,9.0,11.0,1464877.0,1301854.0,0.818,1447900.0,1396590.0,1363653.0,1.062,80.17,39.48,空頭,頭頭低·底底低,多轉空預警,9,10,12,10.0,9,,,False,True
FE,Utilities,FirstEnergy,2026-09-10,46.25,-1.26,1.74,-7.18,-3.47,0.333,4005805,4309675,4648379,-13.76,-13.58,1.38,P-V-,P+V-,P-V+,➡️ 中性,13.09,17.28,0.758,7,4,13,7.3,-0.48,0.63,False,False,47.4,4.15,0.932,False,51.3,52.34,-9.84,-0.09,-1.62,9.0,11.0,3850577.0,4132809.0,0.818,4505700.0,4435830.0,4217066.0,1.068,77.57,43.7,空頭,頭頭低·底底低,多轉空預警,10,14,11,11.8,12,,,False,False
AEP,Utilities,American Electric Power,2026-09-10,123.47,-1.52,-2.62,-4.97,-3.52,0.0,3217645,4443646,4132666,-19.61,16.27,19.27,P-V-,P-V+,P-V+,➡️ 中性,18.62,17.65,1.055,8,14,10,10.2,-8.2,4.61,False,False,127.94,3.91,0.955,False,139.52,140.58,-11.5,-0.08,-0.95,11.0,9.0,3150200.0,3300077.0,1.222,3339000.0,3175600.0,3414180.0,0.978,84.44,43.64,空頭,頭頭低·底底低,,11,5,16,9.6,8,剛爆發,,False,False
PNW,Utilities,Pinnacle West Capital,2026-09-10,96.59,-4.1,-5.05,-4.01,-4.29,0.0,935680,1153895,1170627,-29.24,-2.82,-5.64,P-V-,P-V-,P-V-,🧊 熊市縮量,19.02,15.89,1.197,23,20,8,19.1,-2.66,814.01,False,False,101.87,2.56,1.111,False,110.16,111.16,-12.32,-0.81,-3.79,7.0,12.0,997942.0,898250.0,0.583,729000.0,836440.0,924093.0,0.789,75.59,34.69,空頭,頭頭低·底底低,多轉空預警,12,16,22,15.6,17,,,False,False
ES,Utilities,Eversource Energy,2026-09-10,68.99,-4.47,-0.61,-6.22,-4.38,0.0,1882410,2351524,2411400,-19.42,-4.85,-13.1,P-V-,P-V-,P-V-,🧊 熊市縮量,16.9,22.61,0.747,26,8,11,17.6,-0.33,6.21,False,False,72.6,4.53,0.867,False,76.57,76.57,-9.9,-2.06,-3.58,9.0,11.0,1736000.0,2002200.0,0.818,2110400.0,1961960.0,1917380.0,1.101,74.48,36.44,空頭,頭頭低·底底低,多轉空預警 / 空頭確認,13,19,8,14.4,14,吃老本,,False,False
LNT,Utilities,Alliant Energy,2026-09-10,67.25,-4.2,-6.37,-4.59,-4.94,0.0,2024515,2433724,2336317,-27.09,8.7,4.65,P-V-,P-V+,P-V+,➡️ 中性,13.18,14.78,0.892,25,23,9,21.2,12.23,2.85,False,False,71.33,2.77,0.922,False,78.22,78.81,-14.02,-0.72,-4.26,6.0,14.0,1911250.0,2073057.0,0.429,1863100.0,2097960.0,1974153.0,0.944,69.72,35.49,空頭,頭頭低·底底低,多轉空預警 / 空頭確認,14,23,20,18.8,22,吃老本,,False,True
XEL,Utilities,Xcel Energy,2026-09-10,75.41,-4.52,-2.43,-7.25,-5.36,0.0,5114825,5360163,5175089,3.91,7.42,0.18,P-V+,P-V+,P-V+,📉 主力出貨,12.05,18.4,0.655,27,13,14,20.2,18.44,0.23,False,False,78.43,3.67,0.877,False,83.22,84.23,-9.39,-0.13,-4.06,9.0,11.0,4747577.0,5415300.0,0.818,7818700.0,5631140.0,5491660.0,1.424,75.13,39.86,空頭,頭頭低·底底低,,15,18,2,13.6,13,,,False,True
NEE,Utilities,NextEra Energy,2026-09-10,82.44,-3.43,-2.09,-8.08,-5.42,0.0,10635705,11007146,10679113,1.54,6.34,6.94,P-V+,P-V+,P-V+,📉 主力出貨,23.29,19.03,1.224,17,11,17,15.2,3.8,5.67,False,False,85.7,4.38,0.801,False,97.3,98.75,-15.27,-0.79,-3.17,10.0,8.0,9810950.0,12245525.0,1.25,13594700.0,11300160.0,10743813.0,1.265,80.55,38.72,空頭,頭頭低·底底低,,16,9,5,11.0,11,剛爆發,,False,True
DUK,Utilities,Duke Energy,2026-09-10,119.37,-3.27,-2.75,-8.33,-5.67,0.0,3545165,4005212,3840155,-25.44,8.98,9.81,P-V-,P-V+,P-V+,➡️ 中性,4.42,13.17,0.335,15,16,18,15.9,9.61,7.24,False,False,123.62,2.44,0.994,False,132.18,134.49,-9.69,-0.99,-2.49,8.0,12.0,3532750.0,3553441.0,0.667,3270700.0,3416700.0,3440526.0,0.951,75.51,39.95,空頭,頭頭低·底底低,多轉空預警,17,17,18,17.2,18,,,False,True
ATO,Utilities,Atmos Energy,2026-09-10,164.81,-2.45,-1.08,-9.89,-5.83,0.0,923710,1116398,1172715,-8.88,-9.16,5.95,P-V-,P-V-,P-V+,😴 弱勢縮量,5.23,14.72,0.355,11,10,24,13.3,5.6,1.84,False,False,171.63,2.97,0.882,False,190.28,192.51,-13.39,-1.71,-2.23,8.0,12.0,855037.0,969491.0,0.667,903000.0,787620.0,838846.0,1.076,73.41,37.73,空頭,頭頭低·底底低,,18,21,10,17.6,19,,,False,True
PPL,Utilities,PPL Corporation,2026-09-10,34.21,-3.32,-2.74,-9.12,-6.08,0.0,7735365,8733193,8404755,-4.53,8.13,19.86,P-V-,P-V+,P-V+,➡️ 中性,1.44,17.54,0.082,16,15,21,16.7,-4.0,2.08,False,False,35.14,5.26,0.847,False,39.46,40.11,-13.31,-0.13,-2.72,7.0,12.0,6821400.0,8057350.0,0.583,8227900.0,7921080.0,7506700.0,1.096,71.88,42.72,空頭,頭頭低·底底低,多轉空預警,19,22,9,18.2,21,,,False,False
WEC,Utilities,WEC Energy Group,2026-09-10,105.35,-3.64,-6.04,-7.42,-6.13,0.0,2259005,2226372,2095082,-1.75,13.37,-5.19,P-V-,P-V+,P-V-,➡️ 中性,2.26,13.75,0.165,18,21,15,18.3,12.32,5.33,False,False,109.95,2.51,1.154,False,118.87,119.91,-11.38,-0.36,-2.6,8.0,12.0,2455575.0,2127958.0,0.667,2413800.0,2106340.0,2133920.0,1.131,78.49,40.13,空頭,頭頭低·底底低,多轉空預警,20,13,7,14.6,15,剛爆發,,False,True
SRE,Utilities,Sempra,2026-09-10,84.0,-2.87,-6.9,-8.03,-6.46,0.0,4069625,3911672,3695397,13.27,12.43,-5.13,P-V+,P-V+,P-V-,➡️ 中性,7.8,20.91,0.373,13,24,16,16.9,9.65,-0.29,False,False,88.24,9.03,0.97,False,100.32,101.04,-16.27,0.25,-2.23,8.0,12.0,3995075.0,4119325.0,0.667,2538900.0,4564710.0,4310413.0,0.589,75.73,44.56,空頭,頭頭低·底底低,多轉空預警,21,15,23,19.0,23,剛爆發,,False,True
SO,Utilities,Southern Company,2026-09-10,87.75,-4.65,-4.81,-8.49,-6.61,0.0,5556460,5843309,5533960,1.25,11.84,-5.03,P-V+,P-V+,P-V-,➡️ 中性,3.53,14.35,0.246,28,19,19,23.5,,,,,,,,,,,,,,,,,,,,,,,,,,,,22,24,24,,24,,,False,False
EXC,Utilities,Exelon,2026-09-10,43.39,-3.94,-3.37,-10.42,-7.04,0.0,7008050,8264310,8291967,-16.61,-0.66,9.85,P-V-,P-V-,P-V+,😴 弱勢縮量,7.2,18.64,0.386,21,18,26,21.1,,,,,,,,,,,,,,,,,,,,,,,,,,,,23,24,24,,24,,,False,False
CNP,Utilities,CenterPoint Energy,2026-09-10,39.12,-2.78,-7.16,-9.27,-7.12,0.0,5545220,6403829,5642819,-17.35,31.18,7.7,P-V-,P-V+,P-V+,➡️ 中性,9.04,14.88,0.607,12,26,22,18.2,7.4,1.1,False,False,41.42,3.87,1.007,False,44.99,45.26,-13.05,-0.99,-2.9,7.0,13.0,5568757.0,5532546.0,0.538,8735300.0,6032350.0,6001880.0,1.455,73.56,39.12,空頭,頭頭低·底底低,多轉空預警,24,20,1,17.8,20,,,False,True
DTE,Utilities,DTE Energy,2026-09-10,134.34,-3.72,-7.22,-9.1,-7.28,0.0,1195555,1306604,1336314,-12.9,-4.35,-5.85,P-V-,P-V-,P-V-,🧊 熊市縮量,5.65,13.67,0.413,20,27,20,22.1,,,,,,,,,,,,,,,,,,,,,,,,,,,,25,24,24,,24,,,False,False
NI,Utilities,NiSource,2026-09-10,41.42,-1.57,-10.0,-9.69,-7.74,0.0,5170820,5208207,4686863,-13.63,25.03,11.98,P-V-,P-V+,P-V+,➡️ 中性,5.85,17.28,0.339,9,28,23,17.5,1.48,1.36,False,False,43.67,5.07,1.156,False,48.88,49.21,-15.27,0.66,-1.36,10.0,10.0,5545560.0,4796080.0,1.0,5298000.0,5005020.0,5151786.0,1.028,84.68,42.74,空頭,頭頭低·底底低,,26,4,14,14.8,16,剛爆發,,False,True
CMS,Utilities,CMS Energy,2026-09-10,67.68,-4.01,-6.06,-10.89,-7.97,0.0,3130480,3516003,3201050,-23.29,21.83,21.51,P-V-,P-V+,P-V+,➡️ 中性,1.39,13.38,0.104,22,22,28,23.2,,,,,,,,,,,,,,,,,,,,,,,,,,,,27,24,24,,24,,,False,False
PEG,Utilities,Public Service Enterprise Group,2026-09-10,72.48,-3.67,-6.93,-10.78,-8.04,0.0,2649545,2894395,2845200,-10.02,3.52,1.14,P-V-,P-V+,P-V+,➡️ 中性,-4.84,17.28,-0.28,19,25,27,22.4,,,,,,,,,,,,,,,,,,,,,,,,,,,,28,24,24,,24,,,False,False
NRG,Utilities,NRG Energy,2026-09-10,111.65,-6.76,-13.78,-27.17,-18.72,0.0,2567595,2825040,2743388,-22.27,6.14,22.37,P-V-,P-V+,P-V+,➡️ 中性,-24.23,42.87,-0.565,29,29,31,29.4,,,,,,,,,,,,,,,,,,,,,,,,,,,,29,24,24,,24,,,False,False
EIX,Utilities,Edison International,2026-09-10,56.75,-19.71,-19.42,-19.01,-19.29,0.0,6666630,3939450,3461666,104.57,32.02,6.37,P-V+,P-V+,P-V+,📉 主力出貨,31.77,37.11,0.856,31,31,29,30.6,,,,,,,,,,,,,,,,,,,,,,,,,,,,30,24,24,,24,剛爆發,,False,False
PCG,Utilities,PG&E Corporation,2026-09-10,14.03,-19.64,-15.13,-22.38,-19.89,0.0,53958205,30690740,26159397,120.59,41.9,14.06,P-V+,P-V+,P-V+,📉 主力出貨,15.1,32.56,0.464,30,30,30,30.0,,,,,,,,,,,,,,,,,,,,,,,,,,,,31,24,24,,24,剛爆發,,False,False
