symbol,sector,name,as_of_date,t_price,cum_ret_4w,cum_ret_13w,cum_ret_26w,point,di,cum_ret_4w_rank_in_sector,cum_ret_13w_rank_in_sector,cum_ret_26w_rank_in_sector,cms_a,surprise_l1,surprise_l2,pre_earnings_14d,above_50ma,ma50,amp_10d_pct,vp_ratio_stock,vcp,high_52w,high_52w_raw,pct_from_high,ret_5d,ret_20d,up_days_20,down_days_20,up_avg_vol,down_avg_vol,ud_ratio,vol_today,vol_10d_avg,vol_3w_avg,vol_ratio_stock_20d,vp_score_stock,trend_state,trend_pattern,trend_signal,point_rank_in_sector,vp_score_rank_in_sector,vol_rank_in_sector,composite_in_sector,composite_rank_in_sector,stock_gap_alert,earnings_passed
NWSA,Communication Services,News Corp (Class A),2026-08-21,30.38,11.32,17.89,31.55,23.08,1.0,10,2,2,6.0,51.24,5.46,False,True,27.39,7.58,1.048,False,31.48,31.61,-3.49,4.18,13.53,15.0,5.0,3890713.0,3713460.0,3.0,3285200.0,3189130.0,3991180.0,0.823,100.0,多頭,頭頭高·底底高,空轉多預警,1,1,6,2.0,1,,True
OMC,Communication Services,Omnicom Group,2026-08-21,87.54,6.22,23.09,31.45,23.05,1.0,11,1,3,6.4,-0.39,3.13,False,True,80.35,6.29,0.84,False,88.55,88.55,-1.14,-0.03,9.89,11.0,9.0,2659872.0,3166877.0,1.222,1784000.0,1921590.0,2241240.0,0.796,88.95,多頭,頭頭高·底底高,,2,16,8,8.8,9,吃老本,False
NWS,Communication Services,News Corp (Class B),2026-08-21,34.55,11.74,16.33,31.75,22.89,1.0,8,3,1,5.1,51.24,5.46,False,True,31.1,7.65,1.312,False,35.31,35.31,-2.15,4.16,14.44,16.0,4.0,1171581.0,893025.0,4.0,856800.0,1006700.0,1145826.0,0.748,100.0,多頭,頭頭高·底底高,空轉多預警,3,1,13,4.2,3,,True
FOXA,Communication Services,Fox Corporation (Class A),2026-08-21,68.54,21.01,6.88,22.06,18.0,1.0,2,6,5,3.8,29.29,36.35,False,True,57.97,14.4,1.026,False,76.02,76.39,-9.84,-0.72,23.92,12.0,7.0,5213108.0,5081257.0,1.714,5731700.0,5481500.0,5788260.0,0.99,100.0,多頭,頭頭高·底底高,多頭確認,4,1,1,2.2,2,,True
FOX,Communication Services,Fox Corporation (Class B),2026-08-21,61.05,20.15,6.4,18.95,16.11,1.0,3,7,6,4.8,31.62,22.22,False,True,51.98,14.23,0.992,False,67.81,68.18,-9.97,-0.59,23.56,13.0,7.0,1015138.0,1023042.0,1.857,564500.0,825370.0,1015726.0,0.556,100.0,多頭,頭頭高·底底高,多頭確認,5,1,18,6.0,4,,True
TTWO,Communication Services,Take-Two Interactive,2026-08-21,239.62,-1.77,1.27,23.6,11.67,0.667,20,15,4,15.3,13.9,38.21,False,False,240.56,10.28,1.055,False,265.94,265.94,-9.9,-2.97,3.44,9.0,11.0,2349611.0,2227381.0,0.818,1618900.0,2114740.0,2330400.0,0.695,81.61,擴散,頭頭高·底底低,,6,18,14,12.4,17,吃老本,True
LYV,Communication Services,Live Nation Entertainment,2026-08-21,181.82,1.35,10.57,15.42,10.69,1.0,18,4,7,11.6,82.89,-485.68,False,True,179.96,5.28,0.991,False,189.25,189.25,-3.93,-3.52,2.58,10.0,10.0,2126760.0,2145970.0,1.0,1588000.0,1729070.0,1861220.0,0.853,82.48,多頭,頭頭高·底底高,,7,17,4,10.4,12,吃老本,True
PSKY,Communication Services,Paramount Skydance Corporation,2026-08-21,10.35,28.89,2.66,-3.48,6.15,0.667,1,14,15,7.7,-2.33,51.38,False,True,9.42,16.47,0.892,False,20.57,20.86,-49.7,2.07,26.07,16.0,4.0,12403193.0,13905700.0,4.0,7448700.0,10354300.0,11788180.0,0.632,100.0,空頭,頭頭低·底底低,,8,1,16,6.8,5,剛爆發,False
GOOGL,Communication Services,Alphabet Inc. (Class A),2026-08-21,344.82,5.59,-11.28,14.32,5.74,0.667,13,21,8,14.4,214.23,91.59,False,False,351.77,5.51,1.074,False,408.37,408.61,-15.56,-0.31,7.84,11.0,9.0,27549854.0,25661577.0,1.222,20849800.0,20545400.0,24790100.0,0.841,91.7,擴散,頭頭高·底底低,,9,14,5,10.2,11,,True
DIS,Communication Services,Walt Disney Company (The),2026-08-21,107.78,11.52,4.35,3.0,5.47,1.0,9,10,13,10.1,11.09,4.98,False,True,99.68,6.34,0.957,False,118.07,119.78,-8.72,0.87,13.63,15.0,5.0,10553733.0,11033380.0,3.0,6840800.0,7405120.0,9874280.0,0.693,100.0,空頭,頭頭低·底底低,多頭確認,10,1,15,7.4,6,剛爆發,True
GOOG,Communication Services,Alphabet Inc. (Class C),2026-08-21,341.75,4.65,-11.16,13.0,4.87,0.667,14,20,9,14.8,212.9,94.3,False,False,350.16,5.76,1.202,False,404.23,404.47,-15.46,-0.52,7.1,10.0,10.0,19682430.0,16376980.0,1.0,15363900.0,14250560.0,16674713.0,0.921,90.08,擴散,頭頭高·底底低,,11,15,2,10.8,13,,True
VZ,Communication Services,Verizon,2026-08-21,49.45,4.5,5.17,4.33,4.58,1.0,15,8,11,12.1,2.71,5.81,False,True,45.38,7.5,0.924,False,50.06,51.68,-1.22,2.0,6.62,12.0,8.0,20817325.0,22532350.0,1.5,15078100.0,14816010.0,18622613.0,0.81,93.44,多頭,頭頭高·底底高,空轉多預警 / 多頭確認,12,13,7,11.4,15,,True
WBD,Communication Services,Warner Bros. Discovery,2026-08-21,28.55,12.94,4.12,-0.7,3.92,0.667,7,11,14,9.6,153.87,-1161.59,False,True,26.74,7.45,0.938,False,30.0,30.0,-4.83,2.0,10.79,14.0,6.0,20959371.0,22338016.0,2.333,15115600.0,19494570.0,20052066.0,0.754,100.0,擴散,頭頭高·底底低,多頭確認,13,1,12,8.0,8,剛爆發,True
RDDT,Communication Services,Reddit,2026-08-21,153.29,-14.47,4.48,10.1,2.55,0.667,22,9,10,15.7,29.56,79.12,False,False,173.01,25.42,0.889,False,282.95,282.95,-45.82,-13.93,-9.15,8.0,12.0,8518262.0,9579516.0,0.667,4545500.0,10098230.0,8662093.0,0.525,64.5,空頭,頭頭低·底底低,多轉空預警,14,19,19,17.0,19,,True
NFLX,Communication Services,Netflix,2026-08-21,79.59,13.05,-9.65,3.36,2.53,0.667,6,19,12,11.1,1.45,-1.4,False,True,74.52,9.79,1.176,False,126.71,126.71,-37.19,1.83,13.55,11.0,9.0,36054827.0,30667888.0,1.222,23773800.0,29303570.0,30167800.0,0.788,97.77,空頭,頭頭低·底底低,多頭確認,15,11,9,12.2,16,,True
CMCSA,Communication Services,Comcast,2026-08-21,26.85,17.76,9.39,-12.73,0.42,0.667,4,5,18,7.1,7.62,8.29,False,True,24.04,8.68,1.232,False,32.05,32.86,-16.21,2.56,20.4,13.0,6.0,28554853.0,23177866.0,2.167,20308000.0,21119490.0,23773680.0,0.854,100.0,空頭,頭頭低·底底低,多轉空預警 / 多頭確認,16,1,3,7.4,6,剛爆發,True
TKO,Communication Services,TKO Group Holdings,2026-08-21,193.14,5.62,-0.2,-7.36,-2.32,0.333,12,16,16,14.0,23.27,-32.11,False,True,192.53,8.9,1.293,False,225.15,226.94,-14.22,-4.04,6.93,12.0,8.0,1213900.0,939112.0,1.5,724800.0,1020010.0,1174353.0,0.617,97.66,擴散,頭頭高·底底低,,17,12,17,15.0,18,,True
T,Communication Services,AT&T,2026-08-21,25.29,3.56,2.8,-9.7,-3.26,0.667,16,13,17,15.3,10.49,3.42,False,True,22.79,8.41,0.788,False,28.75,29.79,-12.04,1.61,4.81,14.0,6.0,41902214.0,53142783.0,2.333,30363300.0,32959690.0,39241020.0,0.774,100.0,多頭,頭頭高·底底高,空轉多預警,18,1,10,9.6,10,剛爆發,True
TMUS,Communication Services,T-Mobile US,2026-08-21,183.04,3.29,-3.22,-15.8,-7.88,0.333,17,17,20,17.6,,,,,,,,,,,,,,,,,,,,,,,,,,,19,20,20,,20,,False
META,Communication Services,Meta Platforms,2026-08-21,549.9,-7.4,-9.03,-13.83,-11.02,0.0,21,18,19,19.7,,,,,,,,,,,,,,,,,,,,,,,,,,,20,20,20,,20,,False
CHTR,Communication Services,Charter Communications,2026-08-21,150.17,14.1,3.84,-36.64,-13.83,0.667,5,12,23,10.7,5.94,-9.07,False,True,139.77,10.11,1.372,False,285.82,285.82,-47.46,-2.66,21.78,13.0,7.0,3241107.0,2363157.0,1.857,2028600.0,2838250.0,2683853.0,0.756,100.0,擴散,頭頭高·底底低,,21,1,11,11.0,14,剛爆發,True
ECHO,Communication Services,EchoStar,2026-08-21,86.81,0.14,-38.78,-23.18,-21.25,0.333,19,24,22,21.1,,,,,,,,,,,,,,,,,,,,,,,,,,,22,20,20,,20,,False
APP,Communication Services,AppLovin,2026-08-21,305.77,-25.92,-36.6,-18.76,-25.01,0.0,23,22,21,22.3,,,,,,,,,,,,,,,,,,,,,,,,,,,23,20,20,,20,,False
TTD,Communication Services,Trade Desk (The),2026-08-21,13.18,-26.29,-37.3,-47.82,-39.81,0.0,24,23,24,23.7,,,,,,,,,,,,,,,,,,,,,,,,,,,24,20,20,,20,,False
EXPE,Consumer Discretionary,Expedia Group,2026-08-21,321.63,15.54,48.13,61.17,46.5,1.0,5,1,1,3.0,9.65,42.34,False,True,279.07,9.52,0.934,False,335.0,335.0,-3.99,-3.32,23.73,15.0,5.0,1610173.0,1723840.0,3.0,1361700.0,1334580.0,1646340.0,0.827,100.0,多頭,頭頭高·底底高,,1,1,15,3.8,1,,True
ABNB,Consumer Discretionary,Airbnb,2026-08-21,187.3,27.54,38.18,50.77,41.81,1.0,1,5,2,2.4,9.48,-14.13,False,True,153.6,6.4,1.584,False,189.2,189.2,-1.0,1.76,32.74,10.0,10.0,6635230.0,4188080.0,1.0,4245300.0,5590420.0,5941200.0,0.715,100.0,擴散,頭頭高·底底低,多頭確認,2,1,23,5.8,3,,True
DASH,Consumer Discretionary,DoorDash,2026-08-21,223.49,21.22,39.05,37.67,33.9,1.0,3,4,3,3.3,-2.43,15.4,False,True,191.54,9.11,0.984,False,285.5,285.5,-21.72,2.98,29.25,16.0,4.0,4491787.0,4565175.0,4.0,3761400.0,4513330.0,4822833.0,0.78,100.0,多頭,頭頭高·底底高,空轉多預警 / 多頭確認,3,1,20,5.6,2,,False
GRMN,Consumer Discretionary,Garmin,2026-08-21,294.85,21.6,24.71,37.01,30.09,1.0,2,8,4,4.2,22.52,13.14,False,True,263.08,7.67,1.283,False,314.28,314.28,-6.18,-4.95,21.32,10.0,10.0,1195040.0,931160.0,1.0,706800.0,743470.0,822640.0,0.859,98.27,多頭,頭頭高·底底高,空轉多預警,4,10,13,8.2,5,吃老本,True
BBY,Consumer Discretionary,Best Buy,2026-08-21,85.89,-2.89,42.72,33.67,26.79,0.667,35,2,5,19.1,4.32,5.83,False,True,82.09,10.06,0.951,False,91.27,91.27,-5.89,-0.61,0.54,12.0,8.0,3166308.0,3329262.0,1.5,2574300.0,2811470.0,3241946.0,0.794,89.22,多頭,頭頭高·底底高,,5,16,17,11.8,12,吃老本,True
BKNG,Consumer Discretionary,Booking Holdings,2026-08-21,209.62,12.22,33.89,27.19,25.12,1.0,6,6,9,6.6,4.49,5.67,False,True,188.06,5.88,1.406,False,229.86,231.8,-8.8,-1.15,18.12,10.0,10.0,7010860.0,4987030.0,1.0,4502800.0,4398100.0,5675806.0,0.793,100.0,多頭,頭頭高·底底高,,6,1,19,6.6,4,,True
MGM,Consumer Discretionary,MGM Resorts,2026-08-21,43.74,-5.53,19.8,27.63,17.39,0.667,40,9,8,24.3,1.95,-7.83,False,False,46.0,4.21,0.934,False,51.59,51.59,-15.22,-0.82,-3.95,7.0,13.0,2322300.0,2486669.0,0.538,1951300.0,1828870.0,2281453.0,0.855,71.72,空頭,頭頭低·底底低,,7,24,14,15.2,17,吃老本,True
AMZN,Consumer Discretionary,Amazon,2026-08-21,258.63,11.77,-2.41,28.58,16.63,0.667,7,34,7,15.1,215.02,68.18,False,True,249.73,8.71,1.872,False,287.2,287.2,-9.95,-1.53,11.43,6.0,14.0,71180083.0,38031642.0,0.429,35723000.0,33391790.0,40276686.0,0.887,95.42,多頭,頭頭高·底底高,空轉多預警,8,12,12,10.4,8,,True
GPC,Consumer Discretionary,Genuine Parts Company,2026-08-21,133.96,4.9,42.59,8.68,16.22,1.0,13,3,14,10.2,3.47,1.26,False,True,123.23,5.79,1.041,False,148.58,151.57,-9.84,-0.79,7.85,11.0,9.0,1209081.0,1161133.0,1.222,1245900.0,1164720.0,1130806.0,1.102,90.95,多頭,頭頭高·底底高,,9,14,6,10.4,8,,True
WSM,Consumer Discretionary,"Williams-Sonoma, Inc.",2026-08-21,237.58,1.36,32.25,12.98,14.89,1.0,20,7,12,14.5,7.34,4.46,False,True,231.68,8.88,1.106,False,254.89,254.89,-6.79,-1.66,4.78,8.0,12.0,927950.0,839091.0,0.667,884200.0,805610.0,897546.0,0.985,81.56,多頭,頭頭高·底底高,,10,21,9,14.2,16,吃老本,True
ROST,Consumer Discretionary,Ross Stores,2026-08-21,239.04,-1.77,9.97,21.09,12.6,0.667,33,18,10,23.9,36.74,17.42,False,True,234.47,11.74,1.004,False,257.0,257.0,-6.99,-2.58,0.06,11.0,9.0,2787581.0,2776500.0,1.222,6967600.0,3397180.0,2871966.0,2.426,84.91,擴散,頭頭高·底底低,,11,19,1,12.2,13,吃老本,True
EBAY,Consumer Discretionary,eBay Inc.,2026-08-21,104.13,-8.02,-12.22,31.04,10.46,0.333,43,45,6,36.2,6.24,5.03,False,False,110.02,10.11,1.082,False,118.98,119.31,-12.48,0.96,-4.81,10.0,10.0,4870350.0,4500000.0,1.0,3901400.0,4513410.0,5083873.0,0.767,81.44,收斂,頭頭低·底底高,空頭確認,12,22,21,17.8,20,吃老本,True
GM,Consumer Discretionary,General Motors,2026-08-21,87.93,1.02,15.73,8.75,8.57,1.0,21,10,13,16.1,12.0,40.19,False,True,82.14,7.12,1.175,False,91.85,91.85,-4.27,1.34,6.4,12.0,8.0,6066308.0,5161187.0,1.5,5270500.0,4348570.0,4662960.0,1.13,97.44,多頭,頭頭高·底底高,,13,11,5,10.6,10,,True
SBUX,Consumer Discretionary,Starbucks,2026-08-21,107.08,3.9,1.12,13.56,8.04,1.0,15,28,11,18.1,30.79,14.51,False,True,103.93,6.5,1.189,False,109.88,110.51,-2.55,-0.57,4.31,11.0,9.0,8260063.0,6944888.0,1.222,5550000.0,5380880.0,6162320.0,0.901,91.5,擴散,頭頭高·底底低,,14,13,11,13.0,15,,True
DRI,Consumer Discretionary,Darden Restaurants,2026-08-21,221.6,8.57,13.24,2.95,6.93,1.0,11,13,16,12.6,0.64,0.29,False,True,207.74,7.79,0.94,False,229.76,229.76,-3.55,-1.62,12.88,14.0,6.0,1132764.0,1204883.0,2.333,759900.0,1015410.0,1028700.0,0.739,100.0,擴散,頭頭高·底底低,,15,1,22,10.8,11,剛爆發,True
F,Consumer Discretionary,Ford Motor Company,2026-08-21,14.41,-0.78,10.18,4.39,4.54,0.667,28,17,15,22.1,21.27,256.64,False,True,14.03,6.66,1.201,False,17.59,17.78,-18.08,0.28,1.36,9.0,11.0,53168211.0,44257900.0,0.818,45121000.0,38432840.0,41099420.0,1.098,84.23,收斂,頭頭低·底底高,多轉空預警,16,20,7,15.8,18,,True
CMG,Consumer Discretionary,Chipotle Mexican Grill,2026-08-21,36.9,11.14,11.95,-2.59,4.48,0.667,8,14,21,12.4,3.96,1.4,False,True,33.71,15.61,0.935,False,44.27,44.27,-16.65,10.15,16.07,12.0,8.0,19171833.0,20495562.0,1.5,20415600.0,16925100.0,19873786.0,1.027,100.0,多頭,頭頭高·底底高,,17,1,8,8.8,7,剛爆發,True
CVNA,Consumer Discretionary,Carvana,2026-08-21,69.91,9.17,7.7,-0.4,4.02,0.667,10,21,19,15.1,10.09,11.71,False,True,67.33,15.82,0.702,False,97.38,97.38,-28.21,-7.51,15.63,14.0,6.0,10015214.0,14263183.0,2.333,12496700.0,9722840.0,9472166.0,1.319,100.0,擴散,頭頭高·底底低,,18,1,3,8.2,5,剛爆發,True
RL,Consumer Discretionary,Ralph Lauren Corporation,2026-08-21,372.59,-1.93,13.44,1.09,3.42,0.667,34,12,18,24.2,6.19,10.08,False,False,389.84,10.91,1.242,False,420.57,421.6,-11.41,-4.2,-0.27,7.0,13.0,702400.0,565476.0,0.538,533900.0,529860.0,652433.0,0.818,77.98,收斂,頭頭低·底底高,多轉空預警,19,23,16,20.0,22,,True
HLT,Consumer Discretionary,Hilton Worldwide,2026-08-21,326.63,-1.23,0.95,2.92,1.39,0.667,31,29,17,27.6,,,,,,,,,,,,,,,,,,,,,,,,,,,20,25,25,,25,,False
HAS,Consumer Discretionary,Hasbro,2026-08-21,93.54,4.01,7.24,-6.42,-0.4,0.667,14,23,24,18.7,12.8,29.52,False,True,86.57,5.69,1.144,False,104.6,106.98,-10.57,-2.54,6.14,9.0,10.0,1940922.0,1695870.0,0.9,1977500.0,1595660.0,1604386.0,1.233,86.2,多頭,頭頭高·底底高,空轉多預警,21,17,4,16.0,19,,True
YUM,Consumer Discretionary,Yum! Brands,2026-08-21,152.99,3.51,0.67,-4.18,-1.05,0.667,16,30,23,21.6,,,,,,,,,,,,,,,,,,,,,,,,,,,22,25,25,,25,,False
RCL,Consumer Discretionary,Royal Caribbean Group,2026-08-21,292.0,-4.27,15.61,-8.85,-1.59,0.333,38,11,27,27.7,5.74,12.59,False,False,303.6,10.84,1.294,False,360.34,366.5,-18.97,-4.26,-0.52,10.0,10.0,2125560.0,1642580.0,1.0,1488100.0,1591670.0,1554580.0,0.957,85.63,多頭,頭頭高·底底高,,23,18,10,18.4,21,,True
DPZ,Consumer Discretionary,Domino's,2026-08-21,341.85,-0.49,8.86,-7.44,-1.63,0.333,27,20,25,24.5,,,,,,,,,,,,,,,,,,,,,,,,,,,24,25,25,,25,,False
PHM,Consumer Discretionary,PulteGroup,2026-08-21,129.0,-1.22,11.19,-8.5,-1.75,0.333,30,16,26,25.0,,,,,,,,,,,,,,,,,,,,,,,,,,,25,25,25,,25,,False
MAR,Consumer Discretionary,Marriott International,2026-08-21,356.39,-6.77,-3.23,-0.4,-2.7,0.0,42,36,19,35.6,,,,,,,,,,,,,,,,,,,,,,,,,,,26,25,25,,25,,False
ORLY,Consumer Discretionary,O'Reilly Automotive,2026-08-21,89.11,-1.63,-3.37,-3.77,-3.14,0.0,32,38,22,31.8,,,,,,,,,,,,,,,,,,,,,,,,,,,27,25,25,,25,,False
HD,Consumer Discretionary,Home Depot (The),2026-08-21,335.61,-0.14,8.87,-11.14,-3.39,0.333,26,19,30,24.7,,,,,,,,,,,,,,,,,,,,,,,,,,,28,25,25,,25,,False
DHI,Consumer Discretionary,D. R. Horton,2026-08-21,148.35,0.77,4.96,-10.25,-3.69,0.667,23,26,29,25.1,,,,,,,,,,,,,,,,,,,,,,,,,,,29,25,25,,25,,False
TSLA,Consumer Discretionary,"Tesla, Inc.",2026-08-21,362.86,17.35,-13.04,-11.63,-4.74,0.333,4,46,31,22.0,-39.15,17.15,False,False,365.86,12.57,1.151,False,498.83,498.83,-27.26,6.02,15.92,11.0,9.0,37289254.0,32394588.0,1.222,59224000.0,33795070.0,33526486.0,1.766,100.0,空頭,頭頭低·底底低,,30,1,2,12.8,14,剛爆發,False
WYNN,Consumer Discretionary,Wynn Resorts,2026-08-21,100.28,0.83,2.51,-11.71,-5.02,0.667,22,27,32,25.5,,,,,,,,,,,,,,,,,,,,,,,,,,,31,25,25,,25,剛爆發,False
NVR,Consumer Discretionary,"NVR, Inc.",2026-08-21,6358.51,0.74,6.15,-14.32,-5.44,0.667,24,24,33,25.8,,,,,,,,,,,,,,,,,,,,,,,,,,,32,25,25,,25,剛爆發,False
MCD,Consumer Discretionary,McDonald's,2026-08-21,270.95,0.1,-2.67,-16.27,-8.78,0.333,25,35,35,30.0,,,,,,,,,,,,,,,,,,,,,,,,,,,33,25,25,,25,剛爆發,False
ULTA,Consumer Discretionary,Ulta Beauty,2026-08-21,521.46,8.52,5.75,-26.22,-9.54,0.667,12,25,41,21.7,12.0,-0.21,True,True,490.52,13.09,1.098,False,714.97,714.97,-27.07,2.1,9.7,10.0,10.0,596630.0,543300.0,1.0,468400.0,599150.0,589840.0,0.794,90.88,擴散,頭頭高·底底低,,34,15,17,23.0,24,剛爆發,True
LVS,Consumer Discretionary,Las Vegas Sands,2026-08-21,47.03,-0.9,-4.61,-17.24,-10.0,0.0,29,40,36,33.7,,,,,,,,,,,,,,,,,,,,,,,,,,,35,25,25,,25,剛爆發,False
TJX,Consumer Discretionary,TJX Companies,2026-08-21,140.53,-9.85,-11.45,-9.9,-10.27,0.0,44,43,28,40.5,,,,,,,,,,,,,,,,,,,,,,,,,,,36,25,25,,25,剛爆發,False
LOW,Consumer Discretionary,Lowe's,2026-08-21,216.09,2.15,-1.64,-22.3,-11.02,0.333,19,33,40,27.4,,,,,,,,,,,,,,,,,,,,,,,,,,,37,25,25,,25,剛爆發,False
TSCO,Consumer Discretionary,Tractor Supply,2026-08-21,34.74,10.0,11.28,-32.77,-11.07,0.667,9,15,45,18.0,-15.89,-8.95,False,True,31.61,8.83,1.335,False,61.41,62.89,-43.43,-2.37,12.77,12.0,8.0,12945675.0,9696537.0,1.5,8636800.0,12393630.0,12090026.0,0.714,100.0,多頭,頭頭高·底底高,空轉多預警,38,1,24,20.4,23,剛爆發,False
TPR,Consumer Discretionary,"Tapestry, Inc.",2026-08-21,130.17,-11.71,-3.86,-14.92,-11.35,0.0,45,39,34,41.0,,,,,,,,,,,,,,,,,,,,,,,,,,,39,25,25,,25,剛爆發,False
CCL,Consumer Discretionary,Carnival Corporation,2026-08-21,25.73,-4.63,-0.63,-20.37,-11.5,0.0,39,32,37,36.5,,,,,,,,,,,,,,,,,,,,,,,,,,,40,25,25,,25,剛爆發,False
LEN,Consumer Discretionary,Lennar,2026-08-21,87.02,2.33,0.26,-27.53,-13.12,0.667,18,31,42,26.7,,,,,,,,,,,,,,,,,,,,,,,,,,,41,25,25,,25,剛爆發,False
DECK,Consumer Discretionary,Deckers Brands,2026-08-21,91.68,-6.19,-6.68,-21.87,-14.15,0.0,41,41,39,40.6,,,,,,,,,,,,,,,,,,,,,,,,,,,42,25,25,,25,剛爆發,False
AZO,Consumer Discretionary,AutoZone,2026-08-21,2957.95,-3.81,-13.49,-20.95,-14.8,0.0,37,47,38,40.2,,,,,,,,,,,,,,,,,,,,,,,,,,,43,25,25,,25,剛爆發,False
NCLH,Consumer Discretionary,Norwegian Cruise Line Holdings,2026-08-21,17.24,-13.93,7.55,-28.46,-15.83,0.333,46,22,43,38.2,,,,,,,,,,,,,,,,,,,,,,,,,,,44,25,25,,25,剛爆發,False
LULU,Consumer Discretionary,Lululemon Athletica,2026-08-21,121.07,2.75,-3.29,-31.88,-16.07,0.333,17,37,44,28.4,,,,,,,,,,,,,,,,,,,,,,,,,,,45,25,25,,25,剛爆發,False
NKE,Consumer Discretionary,"Nike, Inc.",2026-08-21,40.76,-3.27,-6.94,-36.13,-20.62,0.0,36,42,46,39.8,,,,,,,,,,,,,,,,,,,,,,,,,,,46,25,25,,25,剛爆發,False
APTV,Consumer Discretionary,Aptiv,2026-08-21,48.28,-15.96,-11.53,-41.67,-27.71,0.0,47,44,47,46.1,,,,,,,,,,,,,,,,,,,,,,,,,,,47,25,25,,25,剛爆發,False
TGT,Consumer Staples,Target Corporation,2026-08-21,165.44,18.79,36.28,44.4,35.97,1.0,2,2,1,1.8,75.83,17.31,False,True,140.05,12.41,1.216,False,165.48,165.48,-0.02,7.09,21.88,12.0,8.0,4810991.0,3956287.0,1.5,6232700.0,5496570.0,4838886.0,1.288,100.0,多頭,頭頭高·底底高,多頭確認,1,1,3,1.4,1,,True
SJM,Consumer Staples,J.M. Smucker Company (The),2026-08-21,124.32,3.66,24.89,19.45,16.86,1.0,14,4,3,8.8,5.01,5.18,False,True,115.25,8.38,1.021,False,126.46,127.65,-1.7,2.41,6.06,13.0,7.0,1197084.0,1172800.0,1.857,1430700.0,1060690.0,1028046.0,1.392,100.0,多頭,頭頭高·底底高,,2,1,2,1.6,2,,True
KO,Consumer Staples,Coca-Cola Company (The),2026-08-21,91.1,8.36,12.43,16.04,13.22,1.0,6,12,5,7.6,4.05,5.88,False,True,84.29,7.03,0.98,False,91.87,91.87,-0.84,3.87,10.76,13.0,7.0,16022469.0,16344285.0,1.857,15595800.0,13278630.0,14248526.0,1.095,100.0,多頭,頭頭高·底底高,多頭確認,3,1,8,3.2,3,,True
DLTR,Consumer Staples,Dollar Tree,2026-08-21,131.48,4.73,40.65,2.3,12.5,1.0,10,1,14,8.1,12.89,1.13,False,True,123.79,6.52,1.1,False,142.4,142.4,-7.67,1.62,9.16,13.0,7.0,1988807.0,1807542.0,1.857,1880700.0,1962960.0,1930373.0,0.974,100.0,收斂,頭頭低·底底高,多轉空預警,4,1,12,4.4,5,,True
CASY,Consumer Staples,Casey's,2026-08-21,835.74,-1.99,-1.89,26.52,12.29,0.333,24,25,2,19.9,32.11,16.87,False,False,840.29,7.66,1.043,False,927.15,927.85,-9.86,-1.27,-2.93,11.0,9.0,300718.0,288266.0,1.222,349300.0,288540.0,294413.0,1.186,84.32,收斂,頭頭低·底底高,多轉空預警,5,20,5,11.0,10,吃老本,True
KDP,Consumer Staples,Keurig Dr Pepper,2026-08-21,32.04,6.37,12.47,11.75,10.59,1.0,7,11,6,8.0,6.18,4.25,False,True,31.08,11.39,1.001,False,34.77,35.94,-7.85,1.91,7.95,12.0,8.0,13051525.0,13041400.0,1.5,9190300.0,12049190.0,12598193.0,0.729,95.55,空頭,頭頭低·底底低,多轉空預警,6,12,20,11.2,11,吃老本,True
ADM,Consumer Staples,Archer Daniels Midland,2026-08-21,80.3,-2.86,4.2,18.63,9.65,0.667,27,18,4,19.7,28.02,7.8,False,True,79.57,10.07,0.802,False,87.9,88.46,-8.65,0.45,-5.95,8.0,12.0,3620725.0,4516683.0,0.667,3959300.0,3645620.0,3924566.0,1.009,70.64,多頭,頭頭高·底底高,空轉多預警,7,26,11,15.4,13,吃老本,True
EL,Consumer Staples,Estée Lauder Companies (The),2026-08-21,101.94,22.52,30.86,-8.46,9.12,0.667,1,3,24,6.2,22.12,40.2,False,True,84.97,20.09,1.597,False,120.79,121.64,-15.61,18.4,26.96,9.0,11.0,4164533.0,2607881.0,0.818,6020900.0,4458360.0,3682166.0,1.635,100.0,多頭,頭頭高·底底高,空轉多預警 / 多頭確認,8,1,1,3.8,4,剛爆發,True
KHC,Consumer Staples,Kraft Heinz,2026-08-21,25.58,-2.44,10.68,11.36,7.74,0.667,25,16,7,18.7,5.6,15.38,False,True,25.0,7.2,0.852,False,28.09,28.1,-8.94,0.27,-0.35,11.0,9.0,13715590.0,16096733.0,1.222,8354300.0,12045890.0,14189333.0,0.589,83.14,擴散,頭頭高·底底低,,9,21,25,17.0,16,吃老本,True
MDLZ,Consumer Staples,Mondelez International,2026-08-21,64.45,6.23,5.09,9.51,7.59,1.0,8,17,8,10.7,7.4,10.22,False,True,61.21,6.22,1.131,False,66.65,66.65,-3.3,1.32,6.49,13.0,7.0,8861676.0,7836271.0,1.857,5800000.0,6229690.0,6949260.0,0.835,100.0,多頭,頭頭高·底底高,空轉多預警,10,1,17,7.8,6,剛爆發,True
KVUE,Consumer Staples,Kenvue,2026-08-21,19.06,-1.07,11.27,5.95,5.52,0.667,22,15,9,17.3,-2.82,23.03,False,True,18.85,3.48,0.974,False,20.84,21.84,-8.55,-0.73,-0.04,11.0,8.0,22142127.0,22723712.0,1.375,13572600.0,19772080.0,21929740.0,0.619,87.36,收斂,頭頭低·底底高,,11,16,23,15.4,13,,False
KMB,Consumer Staples,Kimberly-Clark,2026-08-21,109.31,-1.91,13.59,4.33,5.09,0.667,23,10,11,16.7,5.68,2.24,False,True,108.63,3.6,0.976,False,129.81,136.17,-15.8,-0.98,-0.36,11.0,9.0,3411945.0,3494133.0,1.222,2102600.0,2462750.0,3461473.0,0.607,84.82,空頭,頭頭低·底底低,,12,19,24,17.2,18,吃老本,True
HRL,Consumer Staples,Hormel Foods,2026-08-21,23.88,-8.33,16.41,4.57,4.3,0.667,32,8,10,20.4,12.87,6.12,False,False,24.8,5.43,0.961,False,27.89,29.35,-14.37,-2.69,-5.65,9.0,11.0,3532244.0,3674327.0,0.818,3524200.0,3560250.0,3290153.0,1.071,74.63,擴散,頭頭高·底底低,空頭確認,13,25,9,17.0,16,吃老本,True
GIS,Consumer Staples,General Mills,2026-08-21,39.97,9.18,20.95,-8.03,3.51,0.667,5,5,23,8.6,19.21,-12.14,False,True,36.34,9.56,0.914,False,48.32,51.33,-17.29,1.96,10.94,15.0,5.0,8011426.0,8762560.0,3.0,5186000.0,7685340.0,7932080.0,0.654,100.0,空頭,頭頭低·底底低,多轉空預警 / 多頭確認,14,1,21,10.2,7,剛爆發,True
BF-B,Consumer Staples,Brown–Forman,2026-08-21,28.44,3.8,11.89,-1.05,3.4,0.667,13,14,16,13.9,-62.65,24.68,True,True,27.14,5.63,1.413,False,31.11,31.92,-8.59,0.07,9.05,9.0,11.0,2671755.0,1890681.0,0.818,2256000.0,1790490.0,1847846.0,1.221,92.46,多頭,頭頭高·底底高,,15,13,4,12.0,12,,False
PM,Consumer Staples,Philip Morris International,2026-08-21,188.23,-3.8,0.62,4.27,1.34,0.667,30,23,12,24.3,7.31,7.07,False,True,185.77,5.45,1.062,False,207.76,207.76,-9.4,-1.13,-2.47,10.0,10.0,5070440.0,4775590.0,1.0,4091200.0,4526540.0,4702206.0,0.87,81.64,多頭,頭頭高·底底高,,16,23,16,18.8,22,吃老本,True
CLX,Consumer Staples,Clorox,2026-08-21,106.69,10.81,14.51,-11.11,0.77,0.667,3,9,27,9.6,0.86,6.16,False,True,98.04,5.64,1.399,False,125.83,128.9,-15.21,0.94,12.96,11.0,9.0,3136900.0,2242588.0,1.222,2151200.0,2529950.0,2794380.0,0.77,100.0,多頭,頭頭高·底底高,,17,1,18,10.8,9,剛爆發,True
CHD,Consumer Staples,Church & Dwight,2026-08-21,98.8,0.41,3.1,-0.47,0.64,0.667,17,19,15,17.2,-0.95,2.23,False,True,98.3,7.07,0.959,False,105.37,106.04,-6.24,-2.47,1.5,10.0,10.0,1903590.0,1985980.0,1.0,1623100.0,1612790.0,1759180.0,0.923,81.68,多頭,頭頭高·底底高,,18,22,13,18.6,21,,False
SYY,Consumer Staples,Sysco,2026-08-21,84.1,0.01,12.19,-4.91,0.6,0.667,19,13,18,17.0,1.24,-0.39,False,True,82.42,4.42,0.704,False,90.56,91.85,-7.14,1.34,1.19,12.0,8.0,3102383.0,4408050.0,1.5,2171400.0,2684410.0,3805793.0,0.571,86.07,收斂,頭頭低·底底高,多轉空預警,19,17,26,19.6,24,,True
CL,Consumer Staples,Colgate-Palmolive,2026-08-21,91.08,-0.98,1.39,-3.64,-1.72,0.333,21,22,17,20.5,,,,,,,,,,,,,,,,,,,,,,,,,,,20,27,27,,27,吃老本,False
MKC,Consumer Staples,McCormick & Company,2026-08-21,55.41,9.48,19.73,-18.47,-1.93,0.667,4,6,32,10.2,14.8,10.66,False,True,51.38,8.89,0.979,False,71.13,72.58,-22.1,1.35,10.91,14.0,6.0,2833742.0,2895183.0,2.333,2626500.0,2392900.0,2374926.0,1.106,100.0,擴散,頭頭高·底底低,多頭確認,21,1,7,10.2,7,剛爆發,True
MO,Consumer Staples,Altria,2026-08-21,66.09,-9.33,-8.53,2.5,-3.21,0.333,33,28,13,27.5,-1.17,5.92,False,False,70.18,6.82,0.898,False,77.06,77.06,-14.24,0.59,-9.45,10.0,10.0,9995970.0,11125840.0,1.0,9332800.0,10209790.0,10211933.0,0.914,75.29,擴散,頭頭高·底底低,空頭確認,22,24,15,21.4,26,,False
DG,Consumer Staples,Dollar General,2026-08-21,123.41,0.15,18.57,-16.74,-3.69,0.667,18,7,31,17.3,6.22,17.85,False,True,120.08,6.8,1.016,False,156.68,158.23,-21.24,0.11,5.27,10.0,10.0,1962460.0,1930880.0,1.0,1770100.0,2030430.0,1928500.0,0.918,85.99,多頭,頭頭高·底底高,,23,18,14,19.2,23,,True
PG,Consumer Staples,Procter & Gamble,2026-08-21,144.68,-2.66,2.33,-7.96,-4.06,0.333,26,20,22,23.4,,,,,,,,,,,,,,,,,,,,,,,,,,,24,27,27,,27,,False
PEP,Consumer Staples,PepsiCo,2026-08-21,143.48,2.64,-2.88,-9.66,-4.89,0.333,15,26,25,20.3,-0.37,3.75,False,True,140.05,4.92,0.886,False,168.19,171.48,-14.69,1.91,5.01,12.0,8.0,6572800.0,7416950.0,1.5,6627600.0,5930680.0,6265280.0,1.058,91.78,收斂,頭頭低·底底高,多轉空預警 / 空轉多預警,25,14,10,17.6,19,剛爆發,False
BG,Consumer Staples,Bunge Global,2026-08-21,113.11,-3.13,-4.54,-6.05,-4.94,0.0,28,27,20,26.1,,,,,,,,,,,,,,,,,,,,,,,,,,,26,27,27,,27,,False
TAP,Consumer Staples,Molson Coors Beverage Company,2026-08-21,42.94,4.4,1.62,-13.75,-5.37,0.667,11,21,29,17.6,4.39,70.58,False,True,40.89,5.82,1.203,False,53.62,54.82,-19.92,0.4,4.86,14.0,6.0,3077228.0,2557783.0,2.333,1714400.0,2307900.0,2667366.0,0.643,100.0,多頭,頭頭高·底底高,空轉多預警,27,1,22,15.6,15,剛爆發,True
STZ,Consumer Staples,Constellation Brands,2026-08-21,135.66,5.41,-9.56,-9.86,-5.97,0.333,9,29,26,18.4,7.13,10.79,False,True,134.8,7.32,0.974,False,166.17,171.0,-18.36,-2.53,5.05,12.0,8.0,1787916.0,1835775.0,1.5,1903400.0,1648100.0,1661720.0,1.145,91.56,空頭,頭頭低·底底低,,28,15,6,18.4,20,剛爆發,True
COST,Consumer Staples,Costco,2026-08-21,947.74,-0.4,-11.62,-6.07,-6.04,0.0,20,31,21,23.5,,,,,,,,,,,,,,,,,,,,,,,,,,,29,27,27,,27,,False
HSY,Consumer Staples,Hershey Company (The),2026-08-21,186.46,4.29,-1.53,-13.69,-6.15,0.333,12,24,28,18.8,33.09,14.93,False,True,177.32,6.87,1.11,False,235.8,239.48,-20.92,1.22,7.82,12.0,8.0,1502008.0,1352625.0,1.5,927400.0,1135260.0,1216140.0,0.763,97.11,多頭,頭頭高·底底高,,30,11,19,20.2,25,剛爆發,True
TSN,Consumer Staples,Tyson Foods,2026-08-21,58.48,-3.67,-11.35,-5.49,-6.5,0.0,29,30,19,27.3,,,,,,,,,,,,,,,,,,,,,,,,,,,31,27,27,,27,,False
KR,Consumer Staples,Kroger,2026-08-21,57.9,0.55,-15.12,-15.87,-11.58,0.333,16,32,30,23.6,,,,,,,,,,,,,,,,,,,,,,,,,,,32,27,27,,27,,False
WMT,Consumer Staples,Walmart,2026-08-21,103.7,-6.97,-20.56,-19.01,-16.39,0.0,31,33,33,32.0,,,,,,,,,,,,,,,,,,,,,,,,,,,33,27,27,,27,剛爆發,False
MNST,Consumer Staples,Monster Beverage,2026-08-21,47.79,-48.88,-44.66,-41.35,-44.06,0.0,34,34,34,34.0,,,,,,,,,,,,,,,,,,,,,,,,,,,34,27,27,,27,剛爆發,False
MPC,Energy,Marathon Petroleum,2026-08-21,360.72,15.8,40.0,81.96,54.93,1.0,4,1,1,2.5,27.08,120.63,False,True,296.77,18.85,1.041,False,367.6,367.6,-1.87,1.77,16.97,13.0,7.0,2452376.0,2355985.0,1.857,2233200.0,2724500.0,2594206.0,0.861,100.0,多頭,頭頭高·底底高,空轉多預警 / 多頭確認,1,1,10,2.8,1,,True
VLO,Energy,Valero Energy,2026-08-21,348.86,14.85,38.66,78.31,52.53,1.0,5,2,2,3.5,23.84,33.47,False,True,292.38,15.16,0.905,False,352.7,352.7,-1.09,2.1,15.77,13.0,7.0,2470507.0,2730328.0,1.857,1907500.0,2290920.0,2622400.0,0.727,100.0,空頭,頭頭低·底底低,多轉空預警 / 多頭確認,2,1,16,4.4,5,,True
PSX,Energy,Phillips 66,2026-08-21,242.87,17.49,36.14,56.77,41.79,1.0,2,3,4,2.7,25.45,225.68,False,True,198.27,17.6,0.919,False,246.95,246.95,-1.65,4.52,18.08,13.0,7.0,2680730.0,2917842.0,1.857,2653800.0,2930770.0,2938686.0,0.903,100.0,空頭,頭頭低·底底低,多轉空預警 / 多頭確認,3,1,7,3.0,3,,True
APA,Energy,APA Corporation,2026-08-21,43.39,24.9,11.13,60.89,39.45,1.0,1,4,3,2.3,1.01,20.9,False,True,36.01,16.39,1.043,False,45.05,45.66,-3.68,7.22,20.03,12.0,8.0,6182766.0,5927787.0,1.5,6578400.0,6059770.0,6058540.0,1.086,100.0,收斂,頭頭低·底底高,空轉多預警 / 多頭確認,4,1,4,2.8,1,,True
TRGP,Energy,Targa Resources,2026-08-21,299.1,12.28,11.01,34.65,23.15,1.0,7,5,6,6.2,14.25,7.4,False,True,271.65,17.9,0.965,False,307.94,307.94,-2.87,8.45,6.81,10.0,10.0,1323900.0,1371500.0,1.0,2010500.0,1339650.0,1376233.0,1.461,89.36,多頭,頭頭高·底底高,多頭確認,5,11,2,6.8,6,吃老本,True
OXY,Energy,Occidental Petroleum,2026-08-21,61.3,11.6,4.61,34.69,21.4,1.0,8,10,5,8.0,28.99,80.35,False,True,54.79,9.34,1.108,False,67.14,67.45,-8.7,5.04,6.98,10.0,10.0,8788490.0,7932610.0,1.0,6451000.0,7792250.0,8542813.0,0.755,90.59,收斂,頭頭低·底底高,空轉多預警 / 多頭確認,6,9,15,9.0,9,,True
COP,Energy,ConocoPhillips,2026-08-21,134.87,17.47,10.96,26.72,20.47,1.0,3,6,9,5.1,10.82,11.52,False,True,115.02,13.66,0.915,False,135.88,135.88,-0.74,7.09,12.9,13.0,7.0,6861384.0,7497257.0,1.857,8696600.0,7033120.0,7228080.0,1.203,100.0,多頭,頭頭高·底底高,空轉多預警 / 多頭確認,7,1,3,3.8,4,剛爆發,True
EOG,Energy,EOG Resources,2026-08-21,153.05,9.08,8.87,29.76,19.36,1.0,10,7,7,8.5,2.1,6.22,False,True,138.52,11.68,0.899,False,153.67,153.67,-0.4,7.32,4.55,11.0,9.0,2736000.0,3042177.0,1.222,3129100.0,2565830.0,2970580.0,1.053,89.73,多頭,頭頭高·底底高,空轉多預警 / 多頭確認,8,10,5,8.2,8,,True
FANG,Energy,Diamondback Energy,2026-08-21,210.72,8.21,3.7,27.12,16.54,1.0,12,11,8,10.9,8.32,12.78,False,True,191.46,13.26,0.796,False,216.9,216.9,-2.85,4.07,3.52,10.0,10.0,1597330.0,2006200.0,1.0,1414200.0,1495770.0,1779140.0,0.795,82.67,收斂,頭頭低·底底高,多轉空預警 / 空轉多預警 / 多頭確認,9,14,13,11.8,13,,True
CVX,Energy,Chevron Corporation,2026-08-21,205.27,8.98,8.22,15.73,12.17,1.0,11,8,10,9.9,8.84,45.56,False,True,184.17,10.87,1.027,False,210.92,214.71,-2.68,3.53,6.3,12.0,8.0,8197733.0,7982587.0,1.5,7359100.0,8121170.0,8183546.0,0.899,95.66,多頭,頭頭高·底底高,空轉多預警 / 多頭確認,10,6,8,8.0,7,,True
XOM,Energy,ExxonMobil,2026-08-21,165.11,7.37,6.33,14.44,10.65,1.0,13,9,11,11.4,13.26,15.14,False,True,148.11,9.4,0.998,False,174.09,176.41,-5.16,3.8,5.89,9.0,11.0,14264411.0,14296254.0,0.818,14314300.0,14107670.0,14167946.0,1.01,84.78,多頭,頭頭高·底底高,空轉多預警 / 多頭確認,11,13,6,10.8,11,,True
DVN,Energy,Devon Energy,2026-08-21,49.1,13.76,2.04,12.87,10.39,1.0,6,13,12,9.3,11.26,-4.91,False,True,43.86,12.97,1.077,False,52.34,52.71,-6.19,7.09,9.01,10.0,10.0,11402150.0,10585790.0,1.0,9005500.0,11361620.0,11348546.0,0.794,92.09,收斂,頭頭低·底底高,空轉多預警 / 多頭確認,12,8,14,10.8,11,,True
OKE,Energy,Oneok,2026-08-21,93.33,5.57,2.49,11.64,7.83,1.0,15,12,13,13.7,5.64,-5.66,False,True,89.49,11.28,0.992,False,97.9,97.9,-4.67,-1.75,1.38,10.0,10.0,3831440.0,3860850.0,1.0,3108000.0,3403800.0,3843653.0,0.809,82.49,擴散,頭頭高·底底低,,13,15,11,13.4,15,,True
SLB,Energy,Schlumberger,2026-08-21,53.87,4.54,-5.46,8.65,4.1,0.667,16,16,14,15.6,6.3,1.13,False,True,49.66,7.33,0.842,False,58.51,58.82,-7.94,0.19,2.77,9.0,10.0,9338722.0,11087590.0,0.9,7094100.0,7942920.0,8880786.0,0.799,79.97,多頭,頭頭高·底底高,多頭確認,14,16,12,14.4,16,,True
BKR,Energy,Baker Hughes,2026-08-21,62.34,3.27,-6.32,4.88,1.67,0.667,18,17,16,17.3,,,,,,,,,,,,,,,,,,,,,,,,,,,15,18,18,,18,,False
HAL,Energy,Halliburton,2026-08-21,35.34,9.99,-16.1,5.79,1.37,0.667,9,21,15,13.8,2.28,10.42,False,True,34.18,11.21,1.013,False,43.41,43.59,-18.58,2.67,5.94,10.0,10.0,10255510.0,10119280.0,1.0,8775800.0,9002300.0,9859453.0,0.89,87.37,空頭,頭頭低·底底低,,16,12,9,13.0,14,,True
EXE,Energy,Expand Energy,2026-08-21,96.09,6.8,-2.21,-4.83,-1.27,0.333,14,14,19,15.0,19.09,5.37,False,True,90.43,5.91,0.995,False,124.43,126.62,-22.78,1.38,5.62,12.0,8.0,3077158.0,3091675.0,1.5,4723500.0,2622850.0,2637020.0,1.791,93.85,擴散,頭頭高·底底低,,17,7,1,9.8,10,剛爆發,True
WMB,Energy,Williams Companies,2026-08-21,70.49,-0.42,-8.82,-0.61,-2.62,0.0,19,20,17,18.9,,,,,,,,,,,,,,,,,,,,,,,,,,,18,18,18,,18,,False
KMI,Energy,Kinder Morgan,2026-08-21,30.98,-1.51,-6.91,-1.78,-2.99,0.0,20,19,18,19.3,,,,,,,,,,,,,,,,,,,,,,,,,,,19,18,18,,18,,False
EQT,Energy,EQT Corporation,2026-08-21,53.72,3.63,-6.82,-6.42,-4.01,0.333,17,18,20,17.9,,,,,,,,,,,,,,,,,,,,,,,,,,,20,18,18,,18,,False
TPL,Energy,Texas Pacific Land Corporation,2026-08-21,383.64,-3.27,-4.55,-9.79,-6.85,0.0,21,15,21,19.2,2.14,2.47,False,False,387.65,17.06,0.718,False,545.74,547.2,-29.7,7.01,-8.54,11.0,9.0,357772.0,498144.0,1.222,330400.0,451130.0,460313.0,0.718,78.58,空頭,頭頭低·底底低,多轉空預警,21,17,17,18.6,17,,True
FDS,Financials,FactSet,2026-08-21,299.91,12.79,34.73,59.39,41.57,1.0,4,4,2,3.6,1.76,1.89,False,True,257.03,10.42,1.156,False,381.24,387.75,-21.33,5.79,17.91,11.0,9.0,912990.0,789855.0,1.222,499300.0,678420.0,708553.0,0.705,100.0,多頭,頭頭高·底底高,多頭確認,1,1,23,5.4,2,,True
PYPL,Financials,PayPal,2026-08-21,61.55,9.77,39.16,51.78,38.12,1.0,9,2,3,5.7,8.03,5.59,False,True,52.02,7.99,1.198,False,78.53,79.21,-21.63,-0.18,9.62,10.0,9.0,12497460.0,10436255.0,1.111,11479100.0,10001050.0,9821853.0,1.169,93.32,多頭,頭頭高·底底高,多頭確認,2,19,13,11.0,5,吃老本,True
HOOD,Financials,Robinhood Markets,2026-08-21,108.13,13.05,42.73,43.33,35.61,1.0,2,1,5,2.3,43.71,-1.98,False,True,100.31,18.92,1.069,False,153.86,153.86,-29.72,13.15,13.93,10.0,10.0,20306260.0,18997830.0,1.0,50460200.0,19414690.0,18604366.0,2.712,97.32,擴散,頭頭高·底底低,,3,12,1,6.2,3,吃老本,True
XYZ,Financials,"Block, Inc.",2026-08-21,82.16,1.13,15.9,61.7,35.11,1.0,35,25,1,25.2,16.71,25.55,False,True,78.46,8.06,0.853,False,86.75,86.75,-5.29,-0.87,6.49,9.0,11.0,4526666.0,5305118.0,0.818,6718200.0,4131210.0,5097733.0,1.318,80.75,多頭,頭頭高·底底高,,4,29,8,14.8,10,吃老本,True
STT,Financials,State Street Corporation,2026-08-21,187.13,1.34,22.06,47.9,29.8,1.0,34,10,4,20.8,9.21,7.46,False,True,179.74,6.48,0.992,False,195.18,195.18,-4.12,-2.4,0.93,10.0,10.0,1529130.0,1542220.0,1.0,1592100.0,1328580.0,1411360.0,1.128,81.95,多頭,頭頭高·底底高,,5,28,14,16.0,12,吃老本,True
GPN,Financials,Global Payments,2026-08-21,93.49,11.22,32.59,34.95,28.43,1.0,6,5,6,5.7,0.63,5.43,False,True,79.5,12.55,1.11,False,95.58,95.58,-2.19,0.47,15.53,12.0,8.0,3333808.0,3003887.0,1.5,4132100.0,2654950.0,3217480.0,1.284,100.0,多頭,頭頭高·底底高,,6,1,10,4.8,1,,True
BNY,Financials,BNY Mellon,2026-08-21,158.49,0.46,16.01,34.47,21.35,1.0,39,24,7,28.1,10.7,16.54,False,True,153.4,5.3,0.942,False,165.69,165.69,-4.35,-2.91,0.13,11.0,9.0,2425990.0,2576166.0,1.222,2498200.0,2151600.0,2390746.0,1.045,83.73,多頭,頭頭高·底底高,,7,26,16,16.4,13,吃老本,True
AJG,Financials,Arthur J. Gallagher & Co.,2026-08-21,263.81,4.12,30.0,24.06,20.56,1.0,25,6,13,16.9,0.94,0.98,False,True,243.96,7.42,1.039,False,310.73,313.55,-15.1,5.02,6.47,13.0,7.0,1355407.0,1304914.0,1.857,1154600.0,1250070.0,1258313.0,0.918,100.0,擴散,頭頭高·底底低,,8,1,22,8.0,4,剛爆發,True
WTW,Financials,Willis Towers Watson,2026-08-21,341.99,13.0,35.11,16.54,20.3,1.0,3,3,30,8.4,7.78,1.8,False,True,299.28,5.9,0.918,False,349.38,352.79,-2.12,3.14,15.89,10.0,10.0,579200.0,631160.0,1.0,499400.0,537740.0,538166.0,0.928,91.85,多頭,頭頭高·底底高,,9,20,21,15.8,11,吃老本,True
SCHW,Financials,Charles Schwab Corporation,2026-08-21,112.3,8.11,24.99,21.43,18.99,1.0,14,8,21,13.6,4.55,2.48,False,True,101.16,5.42,1.112,False,112.4,112.4,-0.09,1.09,10.45,12.0,8.0,7172783.0,6451500.0,1.5,6938600.0,6091030.0,6627066.0,1.047,98.66,多頭,頭頭高·底底高,多頭確認,10,10,15,11.0,5,,True
IVZ,Financials,Invesco,2026-08-21,32.02,7.05,19.47,23.05,18.16,1.0,17,14,15,15.7,7.18,-1.21,False,True,29.33,5.97,0.996,False,32.8,32.8,-2.38,-1.63,7.7,12.0,8.0,4987300.0,5006125.0,1.5,3094600.0,4116000.0,4565466.0,0.678,93.9,多頭,頭頭高·底底高,,11,18,27,17.0,14,吃老本,True
CPAY,Financials,Corpay,2026-08-21,417.13,9.85,19.02,21.79,18.11,1.0,8,16,19,12.6,6.3,6.03,False,True,371.82,8.57,1.028,False,425.95,425.95,-2.07,-0.11,12.56,13.0,7.0,585638.0,569714.0,1.857,335000.0,455000.0,537700.0,0.623,100.0,多頭,頭頭高·底底高,空轉多預警,12,1,29,11.0,5,剛爆發,True
AIZ,Financials,Assurant,2026-08-21,284.04,2.59,11.23,28.94,17.92,1.0,30,40,8,28.6,23.73,11.71,False,True,275.87,5.73,1.296,False,303.94,303.94,-6.55,0.59,2.56,7.0,13.0,498728.0,384946.0,0.538,587400.0,374930.0,419413.0,1.401,82.52,多頭,頭頭高·底底高,,13,27,5,17.0,14,吃老本,True
IBKR,Financials,Interactive Brokers,2026-08-21,93.87,1.73,12.14,28.35,17.64,1.0,32,36,9,28.6,7.98,0.1,False,True,91.8,7.22,1.094,False,97.84,97.84,-4.06,1.97,2.32,10.0,10.0,4852690.0,4437650.0,1.0,5760300.0,3686930.0,4446220.0,1.296,86.32,空頭,頭頭低·底底低,多轉空預警,14,24,9,17.0,14,吃老本,True
BEN,Financials,Franklin Resources,2026-08-21,34.31,3.28,11.07,27.9,17.54,1.0,29,42,10,29.1,8.28,28.64,False,True,33.37,4.34,1.448,False,36.28,36.28,-5.43,1.33,5.6,10.0,9.0,5415660.0,3739300.0,1.111,6235000.0,3190840.0,3829280.0,1.628,95.9,多頭,頭頭高·底底高,空轉多預警,15,16,3,13.0,9,,True
NTRS,Financials,Northern Trust,2026-08-21,183.9,0.76,11.32,26.19,16.12,1.0,37,39,12,32.6,-8.35,16.14,False,True,181.44,7.1,1.026,False,195.78,195.78,-6.07,-3.92,1.87,11.0,9.0,1062636.0,1035311.0,1.222,1318500.0,1115680.0,1064366.0,1.239,85.85,多頭,頭頭高·底底高,,16,25,12,18.8,19,吃老本,False
AMP,Financials,Ameriprise Financial,2026-08-21,555.59,3.59,21.88,19.32,16.03,1.0,28,11,24,22.1,2.37,10.25,False,True,515.58,4.62,1.133,False,572.56,572.56,-2.96,-2.45,5.37,13.0,7.0,460823.0,406842.0,1.857,571600.0,383920.0,409573.0,1.396,99.92,多頭,頭頭高·底底高,,17,8,7,11.4,8,剛爆發,True
MS,Financials,Morgan Stanley,2026-08-21,214.2,0.38,8.9,26.23,15.44,1.0,40,50,11,37.2,17.94,13.66,False,False,216.02,6.81,1.134,False,230.98,232.25,-7.26,-1.45,0.42,11.0,9.0,5029418.0,4435888.0,1.222,4573000.0,3891600.0,4399286.0,1.039,87.84,空頭,頭頭低·底底低,多轉空預警,18,22,17,19.4,20,,True
NDAQ,Financials,"Nasdaq, Inc.",2026-08-21,98.22,4.56,9.51,23.24,15.14,1.0,24,49,14,29.5,8.79,2.84,False,True,90.02,5.48,1.033,False,101.11,101.79,-2.85,1.24,6.66,10.0,10.0,3042690.0,2944460.0,1.0,3932000.0,2427190.0,2724166.0,1.443,87.57,多頭,頭頭高·底底高,空轉多預警 / 多頭確認,19,23,4,17.6,17,,True
MET,Financials,MetLife,2026-08-21,94.34,-0.28,15.05,21.73,14.55,0.667,43,28,20,33.9,,,,,,,,,,,,,,,,,,,,,,,,,,,20,30,30,,30,吃老本,False
TRV,Financials,Travelers Companies (The),2026-08-21,363.58,-6.86,18.94,22.46,14.25,0.667,72,18,16,44.6,,,,,,,,,,,,,,,,,,,,,,,,,,,21,30,30,,30,吃老本,False
BAC,Financials,Bank of America,2026-08-21,61.69,-0.71,21.04,18.24,14.21,0.667,47,12,26,32.3,7.74,8.78,False,True,60.52,5.83,0.892,False,65.23,65.23,-5.43,-4.34,-0.58,13.0,7.0,26709807.0,29936357.0,1.857,33434800.0,27145500.0,26738680.0,1.25,91.39,多頭,頭頭高·底底高,空轉多預警,22,21,11,19.4,20,,True
MCO,Financials,Moody's Corporation,2026-08-21,503.32,3.79,13.53,19.72,14.19,1.0,27,32,23,27.7,,,,,,,,,,,,,,,,,,,,,,,,,,,23,30,30,,30,吃老本,False
PRU,Financials,Prudential Financial,2026-08-21,119.77,-0.61,18.97,18.91,14.05,0.667,46,17,25,33.1,,,,,,,,,,,,,,,,,,,,,,,,,,,24,30,30,,30,吃老本,False
BX,Financials,Blackstone Inc.,2026-08-21,143.38,9.23,23.98,11.26,13.93,1.0,10,9,37,15.1,13.71,1.69,False,True,127.89,9.3,1.138,False,182.68,190.09,-21.51,-0.38,11.42,11.0,9.0,4983636.0,4379211.0,1.222,2971900.0,4124180.0,4284806.0,0.694,94.95,多頭,頭頭高·底底高,,25,17,25,21.8,22,剛爆發,True
ALL,Financials,Allstate,2026-08-21,253.83,-2.85,14.95,20.79,13.42,0.667,60,30,22,43.4,,,,,,,,,,,,,,,,,,,,,,,,,,,26,30,30,,30,,False
PFG,Financials,Principal Financial Group,2026-08-21,110.75,-0.49,8.58,22.46,13.25,0.667,44,53,16,41.1,,,,,,,,,,,,,,,,,,,,,,,,,,,27,30,30,,30,,False
ARES,Financials,Ares Management,2026-08-21,141.25,10.56,16.84,10.89,12.3,1.0,7,21,38,17.4,1.44,-6.57,False,True,128.1,10.86,1.43,False,184.56,191.38,-23.47,-1.92,11.65,10.0,10.0,2901060.0,2029040.0,1.0,1422700.0,2139770.0,2242740.0,0.634,96.24,多頭,頭頭高·底底高,空轉多預警,28,14,28,22.4,24,剛爆發,True
TROW,Financials,T. Rowe Price,2026-08-21,111.51,-6.46,10.82,22.09,12.13,0.667,71,45,18,52.6,,,,,,,,,,,,,,,,,,,,,,,,,,,29,30,30,,30,,False
V,Financials,Visa Inc.,2026-08-21,371.04,2.54,12.39,16.59,12.03,1.0,31,35,29,31.8,,,,,,,,,,,,,,,,,,,,,,,,,,,30,30,30,,30,,False
JPM,Financials,JPMorgan Chase,2026-08-21,351.58,-1.3,16.95,15.58,11.7,0.667,53,20,31,38.7,,,,,,,,,,,,,,,,,,,,,,,,,,,31,30,30,,30,,False
MA,Financials,Mastercard,2026-08-21,580.63,5.24,16.78,11.62,11.32,1.0,21,23,35,24.4,,,,,,,,,,,,,,,,,,,,,,,,,,,32,30,30,,30,,False
BRO,Financials,Brown & Brown,2026-08-21,72.92,4.86,27.27,6.5,11.28,1.0,22,7,51,23.3,-0.39,2.3,False,True,67.36,6.63,1.002,False,97.36,98.3,-25.1,3.37,8.02,12.0,8.0,2310991.0,2306750.0,1.5,1311300.0,1767530.0,1868840.0,0.702,96.2,多頭,頭頭高·底底高,,33,15,24,24.0,27,剛爆發,False
GL,Financials,Globe Life,2026-08-21,171.08,-1.89,10.96,17.74,11.14,0.667,54,43,27,45.3,,,,,,,,,,,,,,,,,,,,,,,,,,,34,30,30,,30,,False
MRSH,Financials,Marsh McLennan,2026-08-21,192.01,4.75,18.19,10.38,10.93,1.0,23,19,40,25.2,,,,,,,,,,,,,,,,,,,,,,,,,,,35,30,30,,30,,False
RJF,Financials,Raymond James Financial,2026-08-21,175.2,0.92,15.62,11.68,9.97,1.0,36,26,34,32.6,,,,,,,,,,,,,,,,,,,,,,,,,,,36,30,30,,30,剛爆發,False
JKHY,Financials,Jack Henry & Associates,2026-08-21,166.2,8.64,19.4,5.65,9.84,1.0,12,15,55,21.5,6.4,10.37,False,True,146.69,12.87,1.11,False,191.83,193.39,-13.36,8.41,10.37,11.0,9.0,995900.0,896944.0,1.222,999400.0,1017260.0,972666.0,1.027,97.35,多頭,頭頭高·底底高,空轉多預警 / 多頭確認,37,11,18,22.8,25,剛爆發,True
C,Financials,Citigroup,2026-08-21,131.65,-0.59,6.01,16.84,9.78,0.667,45,58,28,45.5,,,,,,,,,,,,,,,,,,,,,,,,,,,38,30,30,,30,剛爆發,False
SYF,Financials,Synchrony Financial,2026-08-21,79.47,5.98,10.77,10.82,9.6,1.0,19,46,39,31.1,,,,,,,,,,,,,,,,,,,,,,,,,,,39,30,30,,30,剛爆發,False
BLK,Financials,BlackRock,2026-08-21,1156.55,8.89,10.6,9.03,9.39,1.0,11,47,43,28.2,9.62,9.35,False,True,1067.65,5.26,0.905,False,1200.54,1219.94,-3.66,-1.46,9.56,13.0,7.0,584907.0,646485.0,1.857,380600.0,483980.0,550860.0,0.691,98.84,擴散,頭頭高·底底低,,40,9,26,24.8,28,剛爆發,True
COF,Financials,Capital One,2026-08-21,217.91,5.62,16.8,6.64,8.92,1.0,20,22,50,26.6,,,,,,,,,,,,,,,,,,,,,,,,,,,41,30,30,,30,剛爆發,False
GS,Financials,Goldman Sachs,2026-08-21,1039.28,-0.85,6.29,14.55,8.63,0.667,49,56,32,47.7,,,,,,,,,,,,,,,,,,,,,,,,,,,42,30,30,,30,剛爆發,False
KKR,Financials,KKR & Co.,2026-08-21,108.48,6.94,15.21,6.19,8.63,1.0,18,27,53,27.7,,,,,,,,,,,,,,,,,,,,,,,,,,,42,30,30,,30,剛爆發,False
COIN,Financials,Coinbase,2026-08-21,186.49,11.34,-2.51,12.33,8.37,0.667,5,72,33,30.7,-487.47,-3458.88,False,True,158.51,28.98,1.21,False,402.16,402.16,-53.63,25.61,17.82,12.0,8.0,10121066.0,8364612.0,1.5,22736000.0,10299710.0,9390133.0,2.421,100.0,空頭,頭頭低·底底低,多轉空預警 / 多頭確認,44,1,2,18.4,18,剛爆發,True
SPGI,Financials,S&P Global,2026-08-21,430.32,-1.94,9.57,11.58,7.7,0.667,55,48,36,49.1,,,,,,,,,,,,,,,,,,,,,,,,,,,45,30,30,,30,剛爆發,False
CFG,Financials,Citizens Financial Group,2026-08-21,69.86,-1.11,11.91,9.99,7.69,0.667,52,37,41,45.3,,,,,,,,,,,,,,,,,,,,,,,,,,,46,30,30,,30,剛爆發,False
USB,Financials,U.S. Bancorp,2026-08-21,62.05,-2.27,14.83,8.69,7.49,0.667,56,31,45,46.3,,,,,,,,,,,,,,,,,,,,,,,,,,,47,30,30,,30,剛爆發,False
ICE,Financials,Intercontinental Exchange,2026-08-21,161.25,8.42,6.7,5.82,6.69,1.0,13,55,54,33.8,3.36,3.86,False,True,142.6,8.16,1.027,False,180.55,182.86,-10.69,4.21,10.6,14.0,6.0,4224257.0,4112733.0,2.333,3665400.0,3204370.0,3629613.0,1.01,100.0,收斂,頭頭低·底底高,空轉多預警 / 多頭確認,48,1,20,23.6,26,剛爆發,True
AON,Financials,Aon plc,2026-08-21,355.11,-3.06,10.83,9.48,6.68,0.667,62,44,42,52.6,,,,,,,,,,,,,,,,,,,,,,,,,,,49,30,30,,30,剛爆發,False
MTB,Financials,M&T Bank,2026-08-21,240.34,-3.2,15.02,6.72,6.31,0.667,63,29,49,50.0,,,,,,,,,,,,,,,,,,,,,,,,,,,50,30,30,,30,剛爆發,False
ERIE,Financials,Erie Indemnity,2026-08-21,264.85,16.03,19.95,-5.62,6.19,0.667,1,13,73,19.0,2.92,-5.26,False,True,239.12,9.11,1.025,False,363.74,371.45,-27.19,3.46,18.47,13.0,7.0,275838.0,269171.0,1.857,341500.0,235580.0,243673.0,1.401,100.0,擴散,頭頭高·底底低,多頭確認,51,1,5,21.8,22,剛爆發,True
PNC,Financials,PNC Financial Services,2026-08-21,243.13,-2.61,13.02,6.79,6.0,0.667,58,33,48,48.5,,,,,,,,,,,,,,,,,,,,,,,,,,,52,30,30,,30,剛爆發,False
APO,Financials,Apollo Global Management,2026-08-21,132.69,7.25,0.76,7.36,5.68,1.0,16,66,47,37.2,,,,,,,,,,,,,,,,,,,,,,,,,,,53,30,30,,30,剛爆發,False
PGR,Financials,Progressive Corporation,2026-08-21,219.28,1.63,8.28,5.58,5.27,1.0,33,54,56,43.9,,,,,,,,,,,,,,,,,,,,,,,,,,,54,30,30,,30,剛爆發,False
FITB,Financials,Fifth Third Bancorp,2026-08-21,54.82,-3.82,12.99,4.99,4.79,0.667,65,34,57,54.1,,,,,,,,,,,,,,,,,,,,,,,,,,,55,30,30,,30,剛爆發,False
RF,Financials,Regions Financial Corporation,2026-08-21,30.41,-1.07,11.52,4.08,4.65,0.667,51,38,58,48.5,,,,,,,,,,,,,,,,,,,,,,,,,,,56,30,30,,30,剛爆發,False
EG,Financials,Everest Group,2026-08-21,370.06,-4.95,3.87,8.26,3.86,0.667,69,60,46,61.7,,,,,,,,,,,,,,,,,,,,,,,,,,,57,30,30,,30,剛爆發,False
MSCI,Financials,MSCI,2026-08-21,563.49,-0.97,-2.83,8.87,3.48,0.333,50,73,44,55.7,,,,,,,,,,,,,,,,,,,,,,,,,,,58,30,30,,30,剛爆發,False
HBAN,Financials,Huntington Bancshares,2026-08-21,17.03,-0.76,8.62,-0.64,1.65,0.333,48,52,65,52.6,,,,,,,,,,,,,,,,,,,,,,,,,,,59,30,30,,30,剛爆發,False
KEY,Financials,KeyCorp,2026-08-21,21.87,-2.84,3.16,2.84,1.5,0.667,59,61,60,59.8,,,,,,,,,,,,,,,,,,,,,,,,,,,60,30,30,,30,剛爆發,False
CB,Financials,Chubb Limited,2026-08-21,340.99,-4.99,4.16,3.37,1.48,0.667,70,59,59,64.5,,,,,,,,,,,,,,,,,,,,,,,,,,,61,30,30,,30,剛爆發,False
AXP,Financials,American Express,2026-08-21,336.0,0.18,8.75,-1.9,1.28,0.667,41,51,68,49.4,,,,,,,,,,,,,,,,,,,,,,,,,,,62,30,30,,30,剛爆發,False
WFC,Financials,Wells Fargo,2026-08-21,83.84,-3.38,11.23,-2.97,0.48,0.333,64,40,71,58.2,,,,,,,,,,,,,,,,,,,,,,,,,,,63,30,30,,30,剛爆發,False
TFC,Financials,Truist Financial,2026-08-21,50.42,-2.3,6.08,-1.42,0.23,0.333,57,57,66,58.8,,,,,,,,,,,,,,,,,,,,,,,,,,,64,30,30,,30,剛爆發,False
CBOE,Financials,Cboe Global Markets,2026-08-21,300.74,4.11,-16.5,6.3,0.05,0.667,26,76,52,46.2,,,,,,,,,,,,,,,,,,,,,,,,,,,65,30,30,,30,剛爆發,False
BRK-B,Financials,Berkshire Hathaway,2026-08-21,495.82,-0.27,3.1,-1.51,-0.05,0.333,42,62,67,53.0,,,,,,,,,,,,,,,,,,,,,,,,,,,66,30,30,,30,剛爆發,False
ACGL,Financials,Arch Capital Group,2026-08-21,99.39,-4.32,2.63,0.52,-0.16,0.667,68,63,63,65.5,,,,,,,,,,,,,,,,,,,,,,,,,,,67,30,30,,30,剛爆發,False
CINF,Financials,Cincinnati Financial,2026-08-21,168.29,-8.65,0.4,2.49,-0.82,0.667,75,67,61,69.8,,,,,,,,,,,,,,,,,,,,,,,,,,,68,30,30,,30,剛爆發,False
AFL,Financials,Aflac,2026-08-21,116.07,-7.83,-0.48,2.13,-1.01,0.333,74,69,62,70.1,,,,,,,,,,,,,,,,,,,,,,,,,,,69,30,30,,30,剛爆發,False
L,Financials,Loews Corporation,2026-08-21,109.83,-7.3,1.08,-0.43,-1.77,0.333,73,65,64,68.8,,,,,,,,,,,,,,,,,,,,,,,,,,,70,30,30,,30,剛爆發,False
CME,Financials,CME Group,2026-08-21,274.98,7.68,-4.73,-6.67,-2.59,0.333,15,74,74,44.5,2.75,-0.25,False,True,252.15,6.98,1.093,False,319.82,329.16,-14.02,1.92,7.7,12.0,8.0,2034408.0,1861700.0,1.5,1815100.0,1786200.0,1774493.0,1.023,97.01,收斂,頭頭低·底底高,空轉多預警 / 多頭確認,71,13,19,37.4,29,剛爆發,True
AIG,Financials,American International Group,2026-08-21,76.12,-3.84,-1.8,-2.92,-2.87,0.0,66,70,70,68.0,,,,,,,,,,,,,,,,,,,,,,,,,,,72,30,30,,30,剛爆發,False
HIG,Financials,Hartford (The),2026-08-21,136.1,-2.88,0.04,-4.32,-2.87,0.333,61,68,72,65.3,,,,,,,,,,,,,,,,,,,,,,,,,,,72,30,30,,30,剛爆發,False
WRB,Financials,W. R. Berkley Corporation,2026-08-21,68.6,-9.38,1.43,-2.44,-3.21,0.333,76,64,69,71.0,,,,,,,,,,,,,,,,,,,,,,,,,,,74,30,30,,30,剛爆發,False
FIS,Financials,Fidelity National Information Services,2026-08-21,41.34,-4.22,-2.06,-11.26,-7.2,0.0,67,71,75,69.8,,,,,,,,,,,,,,,,,,,,,,,,,,,75,30,30,,30,剛爆發,False
FISV,Financials,Fiserv,2026-08-21,52.58,0.52,-6.79,-17.13,-10.13,0.333,38,75,76,56.7,,,,,,,,,,,,,,,,,,,,,,,,,,,76,30,30,,30,剛爆發,False
MRNA,Health Care,Moderna,2026-08-21,145.13,160.88,201.6,230.37,205.8,1.0,1,1,1,1.0,4.33,12.37,False,True,67.6,132.68,1.628,False,176.66,176.66,-17.85,129.2,168.41,12.0,8.0,28413191.0,17447737.0,1.5,87316100.0,42657630.0,30225153.0,2.889,100.0,多頭,頭頭高·底底高,多頭確認,1,1,1,1.0,1,,True
CRL,Health Care,Charles River Laboratories,2026-08-21,295.19,31.6,89.19,86.2,73.3,1.0,2,2,3,2.2,10.31,5.42,False,True,234.14,11.88,1.396,False,299.32,299.32,-1.38,5.41,30.28,12.0,8.0,1105800.0,792350.0,1.5,887500.0,967190.0,1008586.0,0.88,100.0,擴散,頭頭高·底底低,多頭確認,2,1,19,5.0,4,,True
HUM,Health Care,Humana,2026-08-21,378.88,-0.6,24.88,106.34,59.24,0.667,51,23,2,32.8,8.79,1.05,False,False,383.08,6.04,1.074,False,428.88,428.88,-11.66,-2.61,-2.68,10.0,10.0,1477200.0,1374970.0,1.0,1143600.0,975650.0,1131560.0,1.011,81.15,收斂,頭頭低·底底高,多轉空預警,3,25,14,14.0,18,吃老本,True
IQV,Health Care,IQVIA,2026-08-21,259.82,21.86,51.5,58.0,47.34,1.0,7,4,4,5.5,3.94,2.96,False,True,212.96,10.86,1.499,False,260.4,260.4,-0.22,9.79,24.88,11.0,9.0,1834709.0,1223666.0,1.222,1307300.0,1167720.0,1244733.0,1.05,100.0,多頭,頭頭高·底底高,多頭確認,4,1,12,4.4,3,,True
VEEV,Health Care,Veeva Systems,2026-08-21,247.9,27.48,50.28,40.2,39.54,1.0,3,5,7,4.4,4.91,6.45,False,True,197.66,10.3,1.535,False,310.5,310.5,-20.16,1.7,33.11,15.0,5.0,1926033.0,1254620.0,3.0,1091600.0,1595970.0,1757286.0,0.621,100.0,多頭,頭頭高·底底高,空轉多預警 / 多頭確認,5,1,26,7.6,8,,True
CNC,Health Care,Centene Corporation,2026-08-21,65.02,1.47,11.56,57.7,32.11,1.0,45,40,5,35.5,132.64,57.91,False,True,64.96,6.7,0.834,False,69.36,69.36,-6.26,-3.63,2.54,11.0,9.0,4548427.0,5455344.0,1.222,3151600.0,3147380.0,4026513.0,0.783,82.99,空頭,頭頭低·底底低,多轉空預警,6,24,21,16.2,20,吃老本,True
DXCM,Health Care,Dexcom,2026-08-21,92.34,25.86,29.26,31.11,29.33,1.0,4,16,10,8.8,15.11,18.99,False,True,77.63,8.92,1.163,False,92.56,92.56,-0.24,2.89,29.07,15.0,5.0,5975560.0,5137400.0,3.0,3481300.0,5247750.0,5486720.0,0.634,100.0,多頭,頭頭高·底底高,多頭確認,7,1,24,8.0,9,剛爆發,True
A,Health Care,Agilent Technologies,2026-08-21,159.0,15.31,40.01,28.9,28.28,1.0,12,7,11,10.3,5.8,-0.6,False,True,137.46,9.96,1.193,False,160.51,160.51,-0.94,7.05,14.74,11.0,9.0,1869927.0,1567600.0,1.222,2730300.0,1765810.0,1668613.0,1.636,100.0,多頭,頭頭高·底底高,空轉多預警 / 多頭確認,8,1,2,4.0,2,剛爆發,True
WST,Health Care,West Pharmaceutical Services,2026-08-21,353.08,6.66,15.65,45.39,28.27,1.0,35,35,6,29.2,13.86,27.07,False,True,347.66,4.8,1.485,False,385.75,386.0,-8.47,1.05,7.65,13.0,7.0,696900.0,469442.0,1.857,511100.0,472510.0,488693.0,1.046,100.0,收斂,頭頭低·底底高,多轉空預警 / 空轉多預警,9,1,13,6.6,7,剛爆發,True
RVTY,Health Care,Revvity,2026-08-21,124.75,15.43,31.68,31.43,27.49,1.0,11,12,9,10.9,15.93,4.47,False,True,111.15,10.4,1.485,False,124.97,124.97,-0.18,6.77,12.93,11.0,9.0,1884836.0,1269433.0,1.222,2289700.0,1384160.0,1563980.0,1.464,100.0,多頭,頭頭高·底底高,多頭確認,10,1,3,5.0,4,剛爆發,True
BAX,Health Care,Baxter International,2026-08-21,26.34,12.85,40.4,27.13,26.88,1.0,16,6,14,12.6,52.53,15.93,False,True,23.6,8.49,1.397,False,30.0,30.0,-12.2,-1.46,17.59,11.0,9.0,9111900.0,6520677.0,1.222,4360800.0,5991650.0,6998826.0,0.623,100.0,多頭,頭頭高·底底高,,11,1,25,9.8,12,剛爆發,True
MRK,Health Care,Merck & Co.,2026-08-21,152.55,16.66,35.97,27.32,26.82,1.0,10,9,13,10.3,49.43,13.15,False,True,127.96,18.88,1.171,False,154.49,154.49,-1.26,12.3,16.39,13.0,7.0,11089669.0,9466471.0,1.857,15976200.0,12227980.0,11343440.0,1.408,100.0,多頭,頭頭高·底底高,多頭確認,12,1,4,6.0,6,剛爆發,True
TECH,Health Care,Bio-Techne,2026-08-21,72.24,0.98,54.86,23.85,25.89,1.0,48,3,17,28.3,0.13,-0.82,False,True,68.79,0.86,1.252,True,72.54,72.62,-0.41,-0.11,1.01,10.0,9.0,3858770.0,3083255.0,1.111,3958000.0,2845160.0,2963260.0,1.336,89.13,多頭,頭頭高·底底高,,13,23,6,15.6,19,吃老本,True
TMO,Health Care,Thermo Fisher Scientific,2026-08-21,629.27,12.46,39.42,25.7,25.82,1.0,17,8,16,14.1,5.6,3.79,False,True,541.66,9.06,1.35,False,642.71,643.99,-2.09,6.97,10.74,12.0,8.0,2114850.0,1566300.0,1.5,1556000.0,1697840.0,1732526.0,0.898,100.0,多頭,頭頭高·底底高,空轉多預警 / 多頭確認,14,1,17,9.4,11,剛爆發,True
INCY,Health Care,Incyte,2026-08-21,127.81,7.52,31.65,26.34,22.97,1.0,33,13,15,23.4,43.95,35.12,False,True,116.2,10.01,1.46,False,132.6,132.6,-3.61,6.37,8.62,8.0,12.0,2327150.0,1593458.0,0.667,1367400.0,1249830.0,1448086.0,0.944,93.27,多頭,頭頭高·底底高,,15,21,15,17.4,21,吃老本,True
AMGN,Health Care,Amgen,2026-08-21,439.33,17.44,33.27,19.25,22.31,1.0,9,10,23,12.1,11.97,8.04,False,True,376.81,8.67,1.117,False,440.62,443.2,-0.29,6.43,17.51,12.0,7.0,2870283.0,2570171.0,1.714,2114300.0,2391410.0,2744073.0,0.77,100.0,多頭,頭頭高·底底高,多頭確認,16,1,23,11.4,14,剛爆發,True
LH,Health Care,Labcorp,2026-08-21,336.34,11.68,31.02,22.21,21.78,1.0,19,15,18,17.6,4.65,3.26,False,True,292.26,7.03,0.933,False,338.19,338.19,-0.55,5.72,13.33,14.0,6.0,682635.0,731500.0,2.333,792700.0,562400.0,564760.0,1.404,100.0,多頭,頭頭高·底底高,多頭確認,17,1,5,8.2,10,剛爆發,True
WAT,Health Care,Waters Corporation,2026-08-21,410.7,10.64,20.33,27.77,21.63,1.0,26,29,12,24.1,1.41,16.99,False,True,381.24,6.26,1.237,False,421.74,421.74,-2.62,-0.36,9.61,10.0,10.0,983740.0,795510.0,1.0,816900.0,780050.0,923206.0,0.885,92.27,空頭,頭頭低·底底低,多轉空預警 / 多頭確認,18,22,18,19.6,23,,True
DGX,Health Care,Quest Diagnostics,2026-08-21,244.39,5.41,26.65,19.93,17.98,1.0,38,21,22,29.7,,,,,,,,,,,,,,,,,,,,,,,,,,,19,27,27,,27,吃老本,False
SOLV,Health Care,Solventum,2026-08-21,89.57,11.31,17.65,21.48,17.98,1.0,22,32,20,24.6,,,,,,,,,,,,,,,,,,,,,,,,,,,19,27,27,,27,吃老本,False
BDX,Health Care,Becton Dickinson,2026-08-21,192.0,20.82,31.58,9.7,17.95,1.0,8,14,33,14.8,2.93,4.51,False,True,161.4,9.06,1.093,False,192.3,192.3,-0.16,4.69,22.79,14.0,6.0,2018064.0,1846650.0,2.333,2524400.0,1758570.0,1940360.0,1.301,100.0,多頭,頭頭高·底底高,空轉多預警 / 多頭確認,21,1,7,10.2,13,剛爆發,True
LLY,Health Care,Lilly (Eli),2026-08-21,1255.4,4.98,23.39,21.55,17.87,1.0,39,25,19,30.8,,,,,,,,,,,,,,,,,,,,,,,,,,,22,27,27,,27,,False
VRTX,Health Care,Vertex Pharmaceuticals,2026-08-21,548.05,14.42,27.32,14.82,17.84,1.0,13,20,27,17.9,-0.32,3.81,False,True,490.86,10.03,1.32,False,555.32,555.32,-1.31,8.36,14.81,11.0,9.0,1509154.0,1142922.0,1.222,1074900.0,1297130.0,1326566.0,0.81,100.0,多頭,頭頭高·底底高,多頭確認,23,1,20,13.6,17,剛爆發,False
UNH,Health Care,UnitedHealth Group,2026-08-21,390.11,-6.59,2.36,36.77,17.33,0.667,55,48,8,43.5,29.8,9.52,False,False,413.7,7.36,0.907,False,461.62,461.62,-15.49,-2.89,-7.28,9.0,11.0,4124966.0,4546200.0,0.818,4879600.0,4109040.0,4251573.0,1.148,72.63,擴散,頭頭高·底底低,空頭確認,24,26,9,21.8,26,,True
REGN,Health Care,Regeneron Pharmaceuticals,2026-08-21,834.04,25.16,28.51,5.51,16.17,1.0,5,18,37,15.3,39.99,6.38,False,True,695.54,8.87,1.205,False,847.0,847.0,-1.53,3.92,27.29,16.0,4.0,844956.0,700925.0,4.0,786800.0,731710.0,742060.0,1.06,100.0,擴散,頭頭高·底底低,多頭確認,25,1,11,12.6,15,剛爆發,True
ABBV,Health Care,AbbVie,2026-08-21,264.96,3.13,25.69,15.55,14.98,1.0,42,22,26,32.8,,,,,,,,,,,,,,,,,,,,,,,,,,,26,27,27,,27,,False
ABT,Health Care,Abbott Laboratories,2026-08-21,116.64,11.63,32.92,5.3,13.79,1.0,20,11,38,20.9,2.61,0.33,False,True,99.65,8.3,1.164,False,134.38,137.49,-13.2,4.84,13.18,14.0,6.0,8869792.0,7622633.0,2.333,9931500.0,7442330.0,7714053.0,1.287,100.0,多頭,頭頭高·底底高,多頭確認,27,1,8,12.8,16,剛爆發,True
HSIC,Health Care,Henry Schein,2026-08-21,88.5,4.6,20.85,14.62,13.67,1.0,40,26,28,33.4,,,,,,,,,,,,,,,,,,,,,,,,,,,28,27,27,,27,,False
DHR,Health Care,Danaher Corporation,2026-08-21,218.85,11.37,28.16,6.5,13.13,1.0,21,19,34,23.0,,,,,,,,,,,,,,,,,,,,,,,,,,,29,27,27,,27,,False
BMY,Health Care,Bristol Myers Squibb,2026-08-21,67.01,7.11,15.76,13.45,12.44,1.0,34,34,30,33.2,,,,,,,,,,,,,,,,,,,,,,,,,,,30,27,27,,27,,False
BIIB,Health Care,Biogen,2026-08-21,216.78,8.31,15.43,10.82,11.34,1.0,31,37,32,33.0,,,,,,,,,,,,,,,,,,,,,,,,,,,31,27,27,,27,,False
EW,Health Care,Edwards Lifesciences,2026-08-21,89.79,8.13,8.22,14.46,11.31,1.0,32,45,29,35.3,,,,,,,,,,,,,,,,,,,,,,,,,,,32,27,27,,27,,False
JNJ,Health Care,Johnson & Johnson,2026-08-21,268.91,1.61,18.52,12.29,11.18,1.0,44,31,31,37.5,,,,,,,,,,,,,,,,,,,,,,,,,,,33,27,27,,27,剛爆發,False
ELV,Health Care,Elevance Health,2026-08-21,400.54,5.86,1.5,17.36,10.52,1.0,37,49,24,38.0,,,,,,,,,,,,,,,,,,,,,,,,,,,34,27,27,,27,剛爆發,False
MTD,Health Care,Mettler Toledo,2026-08-21,1395.25,4.41,28.87,3.1,9.87,1.0,41,17,40,33.6,,,,,,,,,,,,,,,,,,,,,,,,,,,35,27,27,,27,剛爆發,False
ZBH,Health Care,Zimmer Biomet,2026-08-21,100.98,9.68,18.59,4.5,9.32,1.0,28,30,39,30.8,,,,,,,,,,,,,,,,,,,,,,,,,,,36,27,27,,27,剛爆發,False
PFE,Health Care,Pfizer,2026-08-21,28.07,13.78,10.74,6.07,9.17,1.0,15,41,36,27.0,12.87,3.93,False,True,25.11,8.32,1.346,False,28.44,28.75,-1.3,4.78,14.38,14.0,6.0,44504857.0,33059283.0,2.333,37109600.0,36898390.0,40846406.0,0.909,100.0,多頭,頭頭高·底底高,多頭確認,37,1,16,18.4,22,剛爆發,True
CVS,Health Care,CVS Health,2026-08-21,93.02,-13.12,0.34,20.74,7.17,0.667,58,51,21,48.5,,,,,,,,,,,,,,,,,,,,,,,,,,,38,27,27,,27,剛爆發,False
MDT,Health Care,Medtronic,2026-08-21,93.35,10.84,20.53,-1.5,7.09,0.667,24,27,42,28.5,,,,,,,,,,,,,,,,,,,,,,,,,,,39,27,27,,27,剛爆發,False
GEHC,Health Care,GE HealthCare,2026-08-21,74.82,22.41,16.5,-8.22,5.62,0.667,6,33,47,22.3,9.09,-5.71,False,True,66.63,6.32,1.441,False,89.64,89.77,-16.53,1.53,23.51,12.0,8.0,4869458.0,3378187.0,1.5,2247400.0,2548070.0,2890520.0,0.778,100.0,擴散,頭頭高·底底低,多頭確認,40,1,22,20.8,25,剛爆發,True
CAH,Health Care,Cardinal Health,2026-08-21,229.51,0.07,15.45,2.21,4.99,1.0,50,36,41,44.0,,,,,,,,,,,,,,,,,,,,,,,,,,,41,27,27,,27,剛爆發,False
COO,Health Care,Cooper Companies (The),2026-08-21,76.22,8.44,23.43,-6.98,4.48,0.667,30,24,46,31.4,,,,,,,,,,,,,,,,,,,,,,,,,,,42,27,27,,27,剛爆發,False
GILD,Health Care,Gilead Sciences,2026-08-21,146.12,11.95,12.54,-4.74,3.76,0.667,18,39,45,29.7,,,,,,,,,,,,,,,,,,,,,,,,,,,43,27,27,,27,剛爆發,False
STE,Health Care,Steris,2026-08-21,237.93,8.94,10.5,-2.76,3.48,0.667,29,43,43,36.0,,,,,,,,,,,,,,,,,,,,,,,,,,,44,27,27,,27,剛爆發,False
RMD,Health Care,ResMed|,2026-08-21,231.52,14.33,10.64,-8.97,1.76,0.667,14,42,48,29.2,1.98,2.15,False,True,206.37,10.75,0.819,False,290.73,293.81,-20.37,3.44,18.9,13.0,7.0,1394992.0,1702314.0,1.857,1725300.0,1368950.0,1616066.0,1.068,100.0,多頭,頭頭高·底底高,多頭確認,45,1,10,20.4,24,剛爆發,True
VTRS,Health Care,Viatris,2026-08-21,16.32,-6.79,-0.16,6.13,1.33,0.333,56,52,35,50.6,,,,,,,,,,,,,,,,,,,,,,,,,,,46,27,27,,27,剛爆發,False
COR,Health Care,Cencora,2026-08-21,318.04,2.41,20.36,-11.27,0.06,0.667,43,28,52,40.3,,,,,,,,,,,,,,,,,,,,,,,,,,,47,27,27,,27,剛爆發,False
MCK,Health Care,McKesson Corporation,2026-08-21,858.9,1.04,13.94,-9.08,-0.79,0.667,47,38,49,44.7,,,,,,,,,,,,,,,,,,,,,,,,,,,48,27,27,,27,剛爆發,False
DVA,Health Care,DaVita,2026-08-21,173.82,-26.44,-11.71,15.56,-1.76,0.333,59,58,25,51.9,,,,,,,,,,,,,,,,,,,,,,,,,,,49,27,27,,27,剛爆發,False
CI,Health Care,Cigna,2026-08-21,277.51,-4.64,-1.41,-3.46,-3.24,0.0,54,54,44,52.0,,,,,,,,,,,,,,,,,,,,,,,,,,,50,27,27,,27,剛爆發,False
SYK,Health Care,Stryker Corporation,2026-08-21,329.45,-2.16,2.75,-10.28,-4.99,0.333,52,47,50,50.1,,,,,,,,,,,,,,,,,,,,,,,,,,,51,27,27,,27,剛爆發,False
HCA,Health Care,HCA Healthcare,2026-08-21,429.19,10.16,8.42,-19.46,-5.09,0.667,27,44,54,37.5,,,,,,,,,,,,,,,,,,,,,,,,,,,52,27,27,,27,剛爆發,False
IDXX,Health Care,Idexx Laboratories,2026-08-21,556.93,0.13,0.61,-11.06,-5.34,0.667,49,50,51,49.7,,,,,,,,,,,,,,,,,,,,,,,,,,,53,27,27,,27,剛爆發,False
UHS,Health Care,Universal Health Services,2026-08-21,177.26,11.27,8.02,-24.43,-7.39,0.667,23,46,56,36.5,,,,,,,,,,,,,,,,,,,,,,,,,,,54,27,27,,27,剛爆發,False
ALGN,Health Care,Align Technology,2026-08-21,162.55,-3.27,-0.51,-13.18,-7.53,0.0,53,53,53,53.0,,,,,,,,,,,,,,,,,,,,,,,,,,,55,27,27,,27,剛爆發,False
ISRG,Health Care,Intuitive Surgical,2026-08-21,378.81,6.16,-15.64,-23.22,-13.98,0.333,36,59,55,46.7,,,,,,,,,,,,,,,,,,,,,,,,,,,56,27,27,,27,剛爆發,False
BSX,Health Care,Boston Scientific,2026-08-21,50.37,10.68,-11.12,-33.98,-17.1,0.333,25,57,57,41.0,,,,,,,,,,,,,,,,,,,,,,,,,,,57,27,27,,27,剛爆發,False
ZTS,Health Care,Zoetis,2026-08-21,77.73,1.05,-1.8,-37.39,-18.88,0.333,46,55,58,51.1,,,,,,,,,,,,,,,,,,,,,,,,,,,58,27,27,,27,剛爆發,False
PODD,Health Care,Insulet Corporation,2026-08-21,148.16,-10.21,-5.38,-39.86,-23.83,0.0,57,56,59,57.1,,,,,,,,,,,,,,,,,,,,,,,,,,,59,27,27,,27,剛爆發,False
AXON,Industrials,Axon Enterprise,2026-08-21,627.75,19.46,57.55,45.33,41.92,1.0,2,1,1,1.5,1.96,0.8,False,True,540.46,13.72,1.019,False,794.29,794.29,-20.97,2.43,24.97,13.0,7.0,971138.0,952857.0,1.857,603600.0,859140.0,1036260.0,0.582,100.0,多頭,頭頭高·底底高,,1,1,30,6.8,5,,True
PAYX,Industrials,Paychex,2026-08-21,124.48,8.92,32.51,36.59,28.65,1.0,10,4,2,6.6,0.91,2.31,False,True,110.31,6.09,1.269,False,135.23,141.19,-7.95,2.02,10.77,14.0,6.0,3027092.0,2384683.0,2.333,2074700.0,2241150.0,2410313.0,0.861,100.0,多頭,頭頭高·底底高,空轉多預警,2,1,21,5.4,3,,True
ADP,Industrials,Automatic Data Processing,2026-08-21,280.81,10.13,28.21,33.88,26.53,1.0,8,5,3,6.1,1.58,2.26,False,True,249.45,5.98,1.245,False,301.7,310.08,-6.92,2.88,12.28,13.0,7.0,2659600.0,2136957.0,1.857,2609500.0,2162120.0,2274013.0,1.148,100.0,多頭,頭頭高·底底高,多頭確認,3,1,4,2.4,1,,True
EXPD,Industrials,Expeditors International,2026-08-21,187.81,9.61,19.16,28.28,21.33,1.0,9,12,4,8.9,19.93,27.77,False,True,173.11,7.14,1.261,False,189.99,189.99,-1.15,0.91,7.14,11.0,9.0,1186300.0,940933.0,1.222,872300.0,783710.0,1087886.0,0.802,95.04,多頭,頭頭高·底底高,多頭確認,4,14,24,12.0,10,吃老本,True
URI,Industrials,United Rentals,2026-08-21,1098.51,-2.44,17.53,27.73,17.64,0.667,46,16,5,28.8,10.11,8.63,False,True,1096.64,8.13,0.828,False,1177.15,1179.18,-6.68,-4.79,-3.61,12.0,8.0,417108.0,503862.0,1.5,472100.0,426450.0,435040.0,1.085,82.9,多頭,頭頭高·底底高,空轉多預警,5,19,8,11.2,8,吃老本,True
SWK,Industrials,Stanley Black & Decker,2026-08-21,100.02,6.21,34.82,12.44,16.48,1.0,13,2,20,11.1,29.86,34.6,False,True,92.83,7.55,1.266,False,104.68,104.68,-4.45,-2.01,9.6,10.0,10.0,2472340.0,1952790.0,1.0,1514300.0,1498620.0,1862940.0,0.813,92.11,多頭,頭頭高·底底高,,6,15,23,13.0,11,吃老本,True
J,Industrials,Jacobs Solutions,2026-08-21,150.08,11.25,32.6,10.88,16.4,1.0,7,3,23,9.0,0.8,7.09,False,True,132.93,5.62,1.058,False,166.66,168.44,-9.95,4.0,11.81,13.0,7.0,950092.0,897600.0,1.857,890600.0,832270.0,911753.0,0.977,100.0,多頭,頭頭高·底底高,,7,1,12,5.6,4,剛爆發,True
CSX,Industrials,CSX Corporation,2026-08-21,51.59,-0.41,12.64,26.54,16.33,0.667,36,31,6,28.5,4.19,10.6,False,True,49.39,4.06,0.893,False,53.6,53.6,-3.75,2.85,-3.08,10.0,10.0,10663250.0,11936740.0,1.0,12904800.0,9160680.0,9831546.0,1.313,79.92,收斂,頭頭低·底底高,多轉空預警,8,24,2,13.2,12,吃老本,True
NDSN,Industrials,Nordson Corporation,2026-08-21,332.24,11.72,20.63,12.55,14.36,1.0,6,9,19,9.5,5.03,1.48,False,True,298.5,11.34,1.018,False,338.55,338.55,-1.86,7.62,12.33,12.0,8.0,413533.0,406100.0,1.5,700300.0,505700.0,440113.0,1.591,100.0,多頭,頭頭高·底底高,多頭確認,9,1,1,4.2,2,剛爆發,True
UNP,Industrials,Union Pacific Corporation,2026-08-21,308.05,2.92,16.5,18.44,14.08,1.0,25,19,10,20.2,5.17,2.42,False,True,286.22,6.02,1.013,False,315.99,315.99,-2.51,4.89,0.24,9.0,11.0,2728633.0,2692536.0,0.818,2684600.0,2416780.0,2399673.0,1.119,82.11,多頭,頭頭高·底底高,空轉多預警,10,21,6,13.6,13,吃老本,True
BR,Industrials,Broadridge Financial Solutions,2026-08-21,182.18,19.24,22.93,5.91,13.5,1.0,3,7,37,11.0,1.68,4.45,False,True,152.84,9.95,1.275,False,260.02,265.37,-29.94,6.53,22.33,13.0,7.0,1481730.0,1161814.0,1.857,1142600.0,1318040.0,1481820.0,0.771,100.0,多頭,頭頭高·底底高,空轉多預警 / 多頭確認,11,1,25,9.8,6,剛爆發,True
FAST,Industrials,Fastenal,2026-08-21,51.26,8.19,18.0,13.41,13.25,1.0,12,14,16,13.4,,,,True,47.77,4.93,1.086,False,52.92,52.92,-3.14,0.47,9.62,14.0,6.0,7940650.0,7314050.0,2.333,4752400.0,6559370.0,7290293.0,0.652,100.0,擴散,頭頭高·底底低,,12,1,27,10.6,7,剛爆發,False
JBHT,Industrials,J.B. Hunt,2026-08-21,275.45,-1.8,4.96,23.68,12.63,0.667,44,44,8,36.8,9.55,3.09,False,False,278.64,9.69,1.015,False,299.26,299.76,-7.95,-1.52,-4.3,8.0,12.0,874387.0,861366.0,0.667,708300.0,812990.0,771140.0,0.919,74.58,擴散,頭頭高·底底低,,13,28,16,19.6,20,吃老本,True
UBER,Industrials,Uber,2026-08-21,78.8,15.58,5.63,11.73,11.16,1.0,4,42,22,19.0,40.22,-81.74,False,True,72.92,8.13,0.911,False,101.99,101.99,-22.74,3.75,19.5,14.0,6.0,19651657.0,21580383.0,2.333,12754300.0,17197290.0,21312253.0,0.598,100.0,擴散,頭頭高·底底低,,14,1,29,11.8,9,剛爆發,True
WAB,Industrials,Wabtec,2026-08-21,297.57,-1.0,15.09,14.84,10.94,0.667,38,23,14,28.7,5.94,7.55,False,True,279.6,4.85,1.065,False,306.32,306.64,-2.86,-0.38,-1.53,11.0,9.0,1006527.0,944744.0,1.222,1048000.0,977180.0,952573.0,1.1,85.91,多頭,頭頭高·底底高,空轉多預警,15,18,7,14.6,15,,True
IEX,Industrials,IDEX Corporation,2026-08-21,234.39,4.72,13.36,12.8,10.92,1.0,17,28,18,20.5,,,,,,,,,,,,,,,,,,,,,,,,,,,16,32,32,,32,吃老本,False
DAL,Industrials,Delta Air Lines,2026-08-21,82.41,-4.92,11.46,17.23,10.25,0.667,57,33,11,40.6,4.54,11.35,False,False,87.54,13.26,1.156,False,95.44,95.68,-13.66,-7.77,-3.12,9.0,11.0,5304888.0,4588072.0,0.818,5075800.0,4313860.0,4497160.0,1.129,77.53,收斂,頭頭低·底底高,多轉空預警,17,26,5,18.2,18,吃老本,True
NSC,Industrials,Norfolk Southern,2026-08-21,350.72,2.55,12.91,11.87,9.8,1.0,27,30,21,26.7,,,,,,,,,,,,,,,,,,,,,,,,,,,18,32,32,,32,吃老本,False
GD,Industrials,General Dynamics,2026-08-21,384.29,-1.25,13.61,13.21,9.7,0.667,40,27,17,31.5,,,,,,,,,,,,,,,,,,,,,,,,,,,19,32,32,,32,吃老本,False
EMR,Industrials,Emerson Electric,2026-08-21,157.26,5.69,18.77,6.44,9.33,1.0,14,13,34,17.7,1.96,0.44,False,True,147.48,7.31,1.359,False,165.79,166.35,-5.14,-3.62,6.66,12.0,8.0,3327708.0,2448112.0,1.5,2081300.0,2303000.0,2913620.0,0.714,98.84,擴散,頭頭高·底底低,,20,12,26,18.0,17,剛爆發,True
PWR,Industrials,Quanta Services,2026-08-21,639.34,3.07,-9.93,21.79,9.18,0.667,24,73,9,35.7,28.11,31.8,False,False,671.73,13.19,1.19,False,788.63,788.75,-18.93,-6.77,2.16,9.0,11.0,1368166.0,1149527.0,0.818,1215600.0,1066770.0,1035813.0,1.174,81.69,空頭,頭頭低·底底低,,21,22,3,17.8,16,,True
DE,Industrials,Deere & Company,2026-08-21,647.47,3.59,15.82,8.36,9.03,1.0,22,21,25,22.3,,,,,,,,,,,,,,,,,,,,,,,,,,,22,32,32,,32,吃老本,False
MMM,Industrials,3M,2026-08-21,178.18,0.41,20.1,7.32,8.79,1.0,34,10,31,26.2,6.84,7.88,False,True,168.38,3.74,0.978,False,184.09,184.9,-3.21,-2.02,3.67,11.0,8.0,3071127.0,3139425.0,1.375,2587900.0,2746840.0,2726926.0,0.949,89.14,多頭,頭頭高·底底高,,23,16,13,18.2,18,剛爆發,True
VLTO,Industrials,Veralto,2026-08-21,98.77,4.76,14.76,7.45,8.6,1.0,16,24,30,21.2,,,,,,,,,,,,,,,,,,,,,,,,,,,24,32,32,,32,吃老本,False
FIX,Industrials,Comfort Systems USA,2026-08-21,1655.61,-4.27,-9.75,23.94,8.46,0.333,54,72,7,50.0,19.85,54.44,False,False,1783.35,14.62,0.978,False,2072.1,2073.99,-20.1,-6.68,-4.45,8.0,12.0,446062.0,455883.0,0.667,370000.0,375840.0,391846.0,0.944,71.78,空頭,頭頭低·底底低,多轉空預警,25,29,14,24.4,27,,True
GWW,Industrials,W. W. Grainger,2026-08-21,1312.24,-6.02,5.69,16.36,8.1,0.667,65,41,13,47.4,6.26,14.08,False,False,1341.17,4.35,0.709,False,1417.14,1419.91,-7.4,-0.79,-4.9,8.0,12.0,228037.0,321541.0,0.667,233900.0,214380.0,276920.0,0.845,69.15,空頭,頭頭低·底底低,多轉空預警,26,31,22,27.2,29,,True
ETN,Industrials,Eaton Corporation,2026-08-21,419.2,5.42,10.68,7.97,8.01,1.0,15,34,27,23.1,2.39,2.9,False,True,415.52,14.24,1.157,False,478.0,478.0,-12.3,-7.16,4.0,11.0,9.0,2511209.0,2170066.0,1.222,1749400.0,1677230.0,1939306.0,0.902,88.12,擴散,頭頭高·底底低,,27,17,18,21.2,22,剛爆發,True
ALLE,Industrials,Allegion,2026-08-21,162.31,2.64,26.1,0.57,7.47,1.0,26,6,44,23.6,8.29,-5.09,False,True,147.8,5.86,1.149,False,181.67,183.11,-10.66,-1.5,5.84,12.0,8.0,1227033.0,1067987.0,1.5,936200.0,1034880.0,1077406.0,0.869,95.51,多頭,頭頭高·底底高,,28,13,20,20.4,21,剛爆發,True
EFX,Industrials,Equifax,2026-08-21,192.62,8.63,17.24,0.57,6.76,1.0,11,17,44,19.4,2.28,9.7,False,True,172.0,10.88,1.22,False,269.54,271.84,-28.54,6.51,11.64,13.0,7.0,1367230.0,1120742.0,1.857,1169300.0,1049720.0,1124140.0,1.04,100.0,多頭,頭頭高·底底高,空轉多預警 / 多頭確認,29,1,10,14.0,14,剛爆發,True
CTAS,Industrials,Cintas,2026-08-21,203.79,-3.16,19.23,5.11,6.57,0.667,49,11,38,35.4,2.35,0.4,False,True,190.85,4.9,0.996,False,219.16,221.36,-7.01,2.14,-0.77,10.0,10.0,2091620.0,2100500.0,1.0,1731600.0,1726240.0,1847973.0,0.937,82.82,收斂,頭頭低·底底高,多轉空預警 / 空轉多預警,30,20,15,23.0,23,剛爆發,True
GE,Industrials,GE Aerospace,2026-08-21,348.37,-3.66,16.2,6.8,6.53,0.667,52,20,33,38.6,,,,,,,,,,,,,,,,,,,,,,,,,,,31,32,32,,32,,False
FDX,Industrials,FedEx,2026-08-21,325.08,4.6,4.68,8.33,6.49,1.0,18,46,26,28.0,,,,,,,,,,,,,,,,,,,,,,,,,,,32,32,32,,32,,False
RTX,Industrials,RTX Corporation,2026-08-21,209.91,-3.58,20.95,4.27,6.48,0.667,51,8,40,35.9,13.71,16.95,False,True,202.77,7.52,1.046,False,226.41,226.88,-7.29,-5.86,-1.03,10.0,10.0,5196540.0,4968240.0,1.0,4795800.0,4335950.0,4585766.0,1.046,80.35,多頭,頭頭高·底底高,,33,23,9,24.2,26,剛爆發,True
PCAR,Industrials,Paccar,2026-08-21,131.03,-1.55,17.68,4.16,6.11,0.667,42,15,41,33.7,5.39,-0.87,False,True,126.15,5.75,0.95,False,138.87,139.24,-5.65,0.18,-0.65,9.0,11.0,3449022.0,3631581.0,0.818,3007000.0,2656200.0,3308640.0,0.909,78.57,多頭,頭頭高·底底高,,34,25,17,27.0,28,剛爆發,True
GEV,Industrials,GE Vernova,2026-08-21,956.85,-3.99,-6.56,16.94,5.83,0.333,53,68,12,49.3,-22.44,771.56,False,False,1035.02,15.5,0.747,False,1195.94,1195.94,-19.99,-10.01,-5.71,10.0,10.0,1969990.0,2636970.0,1.0,1714000.0,1925820.0,1960173.0,0.874,70.65,空頭,頭頭低·底底低,,35,30,19,29.8,30,,False
ROK,Industrials,Rockwell Automation,2026-08-21,437.08,-5.92,0.5,13.6,5.45,0.667,64,57,15,52.1,3.15,14.55,False,False,459.91,6.01,0.895,False,495.83,497.36,-11.85,-2.44,-5.14,10.0,10.0,836120.0,933830.0,1.0,558100.0,653570.0,927126.0,0.602,76.61,空頭,頭頭低·底底低,多轉空預警,36,27,28,30.8,31,剛爆發,True
PH,Industrials,Parker Hannifin,2026-08-21,1001.74,1.46,16.56,-0.59,4.21,0.667,31,18,48,30.5,,,,,,,,,,,,,,,,,,,,,,,,,,,37,32,32,,32,,False
SNA,Industrials,Snap-on,2026-08-21,393.39,-2.84,8.95,5.08,4.07,0.667,48,37,39,42.9,,,,,,,,,,,,,,,,,,,,,,,,,,,38,32,32,,32,剛爆發,False
HWM,Industrials,Howmet Aerospace,2026-08-21,271.68,-5.6,4.06,7.67,3.45,0.667,60,49,28,50.3,,,,,,,,,,,,,,,,,,,,,,,,,,,39,32,32,,32,剛爆發,False
VRSK,Industrials,Verisk Analytics,2026-08-21,187.5,-9.27,10.17,6.31,3.38,0.667,72,36,35,53.8,,,,,,,,,,,,,,,,,,,,,,,,,,,40,32,32,,32,剛爆發,False
LDOS,Industrials,Leidos,2026-08-21,141.39,23.0,14.07,-11.94,3.3,0.667,1,26,64,21.1,12.11,7.56,False,True,117.64,7.41,1.088,False,204.08,205.77,-30.72,-1.7,26.08,14.0,6.0,1634992.0,1503216.0,2.333,954900.0,1414980.0,1684080.0,0.567,100.0,收斂,頭頭低·底底高,空轉多預警 / 多頭確認,41,1,31,23.0,23,剛爆發,True
AME,Industrials,Ametek,2026-08-21,239.55,-1.47,6.76,2.98,2.82,0.667,41,40,42,40.9,,,,,,,,,,,,,,,,,,,,,,,,,,,42,32,32,,32,剛爆發,False
FTV,Industrials,Fortive,2026-08-21,60.08,-4.51,1.88,5.98,2.33,0.667,55,53,36,50.6,,,,,,,,,,,,,,,,,,,,,,,,,,,43,32,32,,32,剛爆發,False
UAL,Industrials,United Airlines Holdings,2026-08-21,113.17,-6.14,15.46,-0.75,1.96,0.333,66,22,49,49.4,,,,,,,,,,,,,,,,,,,,,,,,,,,44,32,32,,32,剛爆發,False
CAT,Industrials,Caterpillar Inc.,2026-08-21,827.9,-5.2,-4.94,8.66,1.8,0.333,59,66,24,54.1,,,,,,,,,,,,,,,,,,,,,,,,,,,45,32,32,,32,剛爆發,False
RSG,Industrials,Republic Services,2026-08-21,220.67,1.74,4.3,0.34,1.68,1.0,29,47,46,37.8,,,,,,,,,,,,,,,,,,,,,,,,,,,46,32,32,,32,剛爆發,False
JCI,Industrials,Johnson Controls,2026-08-21,143.05,-0.24,4.13,1.18,1.56,0.667,35,48,43,40.5,,,,,,,,,,,,,,,,,,,,,,,,,,,47,32,32,,32,剛爆發,False
ITW,Industrials,Illinois Tool Works,2026-08-21,282.29,-0.89,13.25,-3.91,1.14,0.333,37,29,53,37.8,,,,,,,,,,,,,,,,,,,,,,,,,,,48,32,32,,32,剛爆發,False
ODFL,Industrials,Old Dominion,2026-08-21,206.47,-8.95,-1.48,7.09,0.94,0.333,71,61,32,60.2,,,,,,,,,,,,,,,,,,,,,,,,,,,49,32,32,,32,剛爆發,False
FERG,Industrials,Ferguson Enterprises,2026-08-21,242.24,3.86,7.74,-5.65,0.07,0.667,21,39,55,33.2,,,,,,,,,,,,,,,,,,,,,,,,,,,50,32,32,,32,剛爆發,False
CPRT,Industrials,Copart,2026-08-21,33.8,13.46,2.3,-9.91,-1.02,0.667,5,51,61,30.0,5.71,-8.12,True,True,29.53,18.94,1.302,False,50.11,50.11,-32.55,6.93,20.97,12.0,8.0,13527416.0,10386975.0,1.5,11079600.0,12404720.0,11266780.0,0.983,100.0,多頭,頭頭高·底底高,空轉多預警 / 多頭確認,51,1,11,23.0,23,剛爆發,True
MAS,Industrials,Masco,2026-08-21,72.97,-9.7,10.44,-2.91,-1.27,0.333,73,35,51,57.2,,,,,,,,,,,,,,,,,,,,,,,,,,,52,32,32,,32,剛爆發,False
EME,Industrials,Emcor,2026-08-21,776.62,4.56,-8.92,-2.52,-2.35,0.333,19,71,50,40.8,,,,,,,,,,,,,,,,,,,,,,,,,,,53,32,32,,32,剛爆發,False
VRT,Industrials,Vertiv,2026-08-21,261.95,-8.92,-17.0,7.61,-2.67,0.333,70,78,29,64.2,,,,,,,,,,,,,,,,,,,,,,,,,,,54,32,32,,32,剛爆發,False
WM,Industrials,Waste Management,2026-08-21,224.06,-5.82,2.48,-3.95,-2.81,0.333,63,50,54,57.3,,,,,,,,,,,,,,,,,,,,,,,,,,,55,32,32,,32,剛爆發,False
TT,Industrials,Trane Technologies,2026-08-21,453.43,-6.19,0.61,-3.16,-2.97,0.333,67,56,52,60.7,,,,,,,,,,,,,,,,,,,,,,,,,,,56,32,32,,32,剛爆發,False
LMT,Industrials,Lockheed Martin,2026-08-21,563.57,-2.83,8.55,-12.21,-4.68,0.333,47,38,65,47.9,,,,,,,,,,,,,,,,,,,,,,,,,,,57,32,32,,32,剛爆發,False
DD,Industrials,DuPont,2026-08-21,138.33,-1.16,-2.41,-8.63,-5.21,0.0,39,62,58,49.7,,,,,,,,,,,,,,,,,,,,,,,,,,,58,32,32,,32,剛爆發,False
UPS,Industrials,United Parcel Service,2026-08-21,102.01,-8.25,4.82,-8.77,-5.24,0.333,69,45,59,59.8,,,,,,,,,,,,,,,,,,,,,,,,,,,59,32,32,,32,剛爆發,False
TDG,Industrials,TransDigm Group,2026-08-21,1200.35,-6.68,0.19,-7.82,-5.53,0.333,68,59,56,62.9,,,,,,,,,,,,,,,,,,,,,,,,,,,60,32,32,,32,剛爆發,False
XYL,Industrials,Xylem Inc.,2026-08-21,113.42,-5.61,5.22,-10.87,-5.53,0.333,61,43,62,55.8,,,,,,,,,,,,,,,,,,,,,,,,,,,60,32,32,,32,剛爆發,False
CMI,Industrials,Cummins,2026-08-21,587.68,-10.87,-11.67,-0.33,-5.8,0.0,74,74,47,68.6,,,,,,,,,,,,,,,,,,,,,,,,,,,62,32,32,,32,剛爆發,False
HUBB,Industrials,Hubbell Incorporated,2026-08-21,470.03,-5.61,1.75,-9.83,-5.88,0.333,61,54,60,58.7,,,,,,,,,,,,,,,,,,,,,,,,,,,63,32,32,,32,剛爆發,False
AOS,Industrials,A. O. Smith,2026-08-21,63.08,1.64,11.97,-19.69,-6.44,0.667,30,32,72,39.0,,,,,,,,,,,,,,,,,,,,,,,,,,,64,32,32,,32,剛爆發,False
BA,Industrials,Boeing,2026-08-21,214.2,1.28,-3.6,-12.23,-6.69,0.333,32,63,66,48.1,,,,,,,,,,,,,,,,,,,,,,,,,,,65,32,32,,32,剛爆發,False
IR,Industrials,Ingersoll Rand,2026-08-21,80.51,-4.88,14.44,-18.42,-6.82,0.333,56,25,70,49.5,,,,,,,,,,,,,,,,,,,,,,,,,,,66,32,32,,32,剛爆發,False
DOV,Industrials,Dover Corporation,2026-08-21,201.92,-1.91,-4.06,-13.02,-8.0,0.0,45,64,67,55.1,,,,,,,,,,,,,,,,,,,,,,,,,,,67,32,32,,32,剛爆發,False
CARR,Industrials,Carrier Global,2026-08-21,60.37,-12.92,-4.72,-8.47,-8.65,0.0,78,65,57,69.9,,,,,,,,,,,,,,,,,,,,,,,,,,,68,32,32,,32,剛爆發,False
GNRC,Industrials,Generac,2026-08-21,205.98,4.27,-15.99,-11.77,-8.82,0.333,20,77,63,45.7,,,,,,,,,,,,,,,,,,,,,,,,,,,69,32,32,,32,剛爆發,False
NOC,Industrials,Northrop Grumman,2026-08-21,551.03,0.63,0.23,-20.81,-10.19,0.667,33,58,73,48.5,,,,,,,,,,,,,,,,,,,,,,,,,,,70,32,32,,32,剛爆發,False
OTIS,Industrials,Otis Worldwide,2026-08-21,71.49,-1.73,0.92,-21.72,-11.07,0.333,43,55,74,52.8,,,,,,,,,,,,,,,,,,,,,,,,,,,71,32,32,,32,剛爆發,False
HON,Industrials,Honeywell Technologies,2026-08-21,215.9,-11.88,-5.02,-14.01,-11.23,0.0,76,67,68,71.7,,,,,,,,,,,,,,,,,,,,,,,,,,,72,32,32,,32,剛爆發,False
TXT,Industrials,Textron,2026-08-21,82.95,-13.71,-7.32,-16.76,-13.64,0.0,79,70,69,74.3,,,,,,,,,,,,,,,,,,,,,,,,,,,73,32,32,,32,剛爆發,False
LUV,Industrials,Southwest Airlines,2026-08-21,40.38,-11.02,2.16,-24.93,-14.68,0.333,75,52,76,68.3,,,,,,,,,,,,,,,,,,,,,,,,,,,74,32,32,,32,剛爆發,False
HII,Industrials,Huntington Ingalls Industries,2026-08-21,298.2,3.45,-6.97,-28.1,-14.93,0.333,23,69,77,47.6,,,,,,,,,,,,,,,,,,,,,,,,,,,75,32,32,,32,剛爆發,False
LHX,Industrials,L3Harris,2026-08-21,266.73,-12.11,-13.37,-22.46,-17.6,0.0,77,76,75,76.3,,,,,,,,,,,,,,,,,,,,,,,,,,,76,32,32,,32,剛爆發,False
CHRW,Industrials,C.H. Robinson,2026-08-21,141.63,-18.82,-21.33,-19.61,-19.84,0.0,80,80,71,78.2,,,,,,,,,,,,,,,,,,,,,,,,,,,77,32,32,,32,剛爆發,False
PNR,Industrials,Pentair,2026-08-21,64.4,1.93,-12.82,-34.97,-20.2,0.333,28,75,79,52.3,,,,,,,,,,,,,,,,,,,,,,,,,,,78,32,32,,32,剛爆發,False
BLDR,Industrials,Builders FirstSource,2026-08-21,70.21,-3.45,-1.43,-38.75,-20.6,0.0,50,60,81,59.2,,,,,,,,,,,,,,,,,,,,,,,,,,,79,32,32,,32,剛爆發,False
LII,Industrials,Lennox International,2026-08-21,402.87,-26.4,-18.14,-28.38,-25.32,0.0,81,79,78,79.8,,,,,,,,,,,,,,,,,,,,,,,,,,,80,32,32,,32,剛爆發,False
ROL,Industrials,"Rollins, Inc.",2026-08-21,36.91,-5.07,-30.37,-37.87,-27.79,0.0,58,81,80,69.3,,,,,,,,,,,,,,,,,,,,,,,,,,,81,32,32,,32,剛爆發,False
DELL,Information Technology,Dell Technologies,2026-08-21,442.08,3.55,82.28,282.62,162.77,1.0,42,1,1,21.5,63.99,10.74,True,True,427.66,18.67,0.984,False,514.0,514.0,-13.99,-9.93,1.05,9.0,11.0,5739966.0,5831872.0,0.818,3687700.0,5329600.0,5600300.0,0.658,76.15,擴散,頭頭高·底底低,,1,28,24,16.4,16,吃老本,True
MRVL,Information Technology,Marvell Technology,2026-08-21,237.04,25.31,26.93,200.24,113.18,1.0,6,14,2,7.6,0.64,1.05,True,True,233.82,20.41,1.185,False,329.8,329.88,-28.13,6.77,22.04,11.0,9.0,25951872.0,21894166.0,1.222,25526600.0,24099440.0,23285720.0,1.096,100.0,擴散,頭頭高·底底低,,2,1,1,1.4,1,,True
SNDK,Information Technology,Sandisk,2026-08-21,1596.08,24.87,14.61,170.25,95.0,1.0,8,25,3,12.1,13.72,59.67,False,False,1654.17,41.71,0.856,False,2354.39,2354.39,-32.21,-2.74,11.1,10.0,10.0,15877360.0,18556310.0,1.0,7576500.0,14743770.0,15091166.0,0.502,85.54,空頭,頭頭低·底底低,多頭確認,3,23,30,16.4,16,吃老本,True
HPE,Information Technology,Hewlett Packard Enterprise,2026-08-21,53.45,10.92,58.6,145.57,90.16,1.0,25,3,4,14.2,48.03,10.75,True,True,49.03,21.19,1.221,False,64.06,64.25,-16.57,-8.96,12.08,11.0,9.0,17963690.0,14711611.0,1.222,7894600.0,15392850.0,16364320.0,0.482,93.36,多頭,頭頭高·底底高,空轉多預警,4,18,32,15.2,13,吃老本,True
MU,Information Technology,Micron Technology,2026-08-21,966.78,7.4,32.1,141.97,80.86,1.0,33,9,5,20.2,21.39,33.21,False,True,964.54,20.39,0.88,False,1254.81,1255.0,-22.95,-0.5,4.98,10.0,10.0,36735300.0,41721760.0,1.0,21823400.0,30332160.0,32565346.0,0.67,83.19,空頭,頭頭低·底底低,多轉空預警,5,25,23,16.6,18,吃老本,True
PANW,Information Technology,Palo Alto Networks,2026-08-21,357.87,12.78,45.09,118.88,73.91,1.0,20,6,7,13.2,6.62,9.88,True,True,335.84,14.89,1.121,False,398.88,398.88,-10.28,-6.87,10.53,10.0,10.0,5974900.0,5330210.0,1.0,5136100.0,5149990.0,5539766.0,0.927,88.18,擴散,頭頭高·底底低,,6,21,7,12.2,6,吃老本,True
AMD,Information Technology,Advanced Micro Devices,2026-08-21,473.25,-4.38,5.74,133.04,66.86,0.667,60,34,6,41.4,3.21,5.82,False,False,510.23,11.83,0.857,False,584.73,584.73,-19.07,-8.0,-9.33,10.0,10.0,24503660.0,28591510.0,1.0,14343900.0,19318290.0,24465246.0,0.586,71.2,收斂,頭頭低·底底高,空轉多預警,7,31,29,21.0,25,吃老本,True
NTAP,Information Technology,NetApp,2026-08-21,192.27,13.23,62.1,91.79,64.73,1.0,19,2,11,12.3,7.22,2.78,True,True,172.91,8.49,1.045,False,209.06,209.06,-8.03,-7.15,14.62,12.0,8.0,2547275.0,2437025.0,1.5,1612300.0,2453090.0,2531340.0,0.637,96.71,多頭,頭頭高·底底高,,8,16,26,14.8,12,吃老本,True
STX,Information Technology,Seagate Technology,2026-08-21,850.0,4.04,13.25,104.86,56.75,1.0,41,26,8,29.9,12.09,16.76,False,False,891.32,25.83,1.031,False,1144.18,1145.0,-25.71,-12.68,-0.2,11.0,9.0,5336536.0,5177911.0,1.222,2843500.0,4280880.0,4595620.0,0.619,81.18,收斂,頭頭低·底底高,空轉多預警,9,26,27,19.4,23,吃老本,True
CRWD,Information Technology,CrowdStrike,2026-08-21,191.95,6.57,18.1,85.33,48.83,1.0,35,19,13,25.8,3.05,1.56,False,False,193.14,19.08,1.088,False,227.5,227.5,-15.63,-11.52,4.73,9.0,11.0,8006977.0,7357718.0,0.818,8201000.0,7516810.0,7596226.0,1.08,79.55,擴散,頭頭高·底底低,,10,27,2,15.2,13,吃老本,True
FTNT,Information Technology,Fortinet,2026-08-21,153.51,0.74,18.08,87.92,48.67,1.0,46,20,12,31.4,20.53,32.63,False,False,156.05,11.96,1.468,False,172.09,172.09,-10.8,-4.06,0.75,10.0,10.0,6473270.0,4409140.0,1.0,4054200.0,4177080.0,4568446.0,0.887,89.52,擴散,頭頭高·底底低,,11,20,8,14.0,7,吃老本,True
DDOG,Information Technology,Datadog,2026-08-21,235.62,-6.45,11.02,92.25,47.27,0.667,67,28,10,43.9,11.45,18.25,False,False,249.42,14.64,0.937,False,292.72,292.72,-19.51,-7.77,-4.55,10.0,10.0,5220290.0,5573910.0,1.0,2804100.0,4523540.0,5624966.0,0.499,75.55,擴散,頭頭高·底底低,,12,29,31,22.6,27,吃老本,True
HPQ,Information Technology,HP Inc.,2026-08-21,29.71,11.9,42.72,65.28,46.29,1.0,23,7,15,16.6,20.26,5.61,False,True,25.85,13.02,1.327,False,32.19,32.19,-7.7,-1.33,15.38,10.0,10.0,16364320.0,12335450.0,1.0,10134000.0,11821600.0,12785046.0,0.793,96.91,多頭,頭頭高·底底高,,13,15,14,14.0,7,,True
ZBRA,Information Technology,Zebra Technologies,2026-08-21,368.51,39.28,51.36,41.32,43.32,1.0,1,5,20,6.0,45.1,11.88,False,True,290.88,9.65,1.173,False,386.23,386.23,-4.59,-2.0,41.78,12.0,8.0,953758.0,813200.0,1.5,718600.0,653490.0,886940.0,0.81,100.0,多頭,頭頭高·底底高,空轉多預警,14,1,12,8.4,2,剛爆發,True
WDAY,Information Technology,"Workday, Inc.",2026-08-21,200.01,35.56,57.97,39.75,43.26,1.0,3,4,21,6.9,5.68,6.41,True,True,150.48,28.24,1.335,False,249.85,249.85,-19.95,0.67,47.78,11.0,9.0,5926027.0,4439966.0,1.222,3430900.0,5624560.0,4848246.0,0.708,100.0,多頭,頭頭高·底底高,空轉多預警,15,1,20,10.4,3,剛爆發,True
INTC,Information Technology,Intel,2026-08-21,90.07,-1.75,-24.29,95.04,41.01,0.333,53,70,9,49.3,94.59,2108.68,False,False,108.18,18.21,1.046,False,142.35,142.35,-36.73,-12.13,-2.44,9.0,11.0,117269444.0,112110909.0,0.818,91670100.0,113806850.0,106619620.0,0.86,74.26,空頭,頭頭低·底底低,多轉空預警,16,30,10,20.4,24,吃老本,True
PLTR,Information Technology,Palantir Technologies,2026-08-21,179.94,36.81,31.2,35.27,34.64,1.0,2,10,23,8.6,18.51,18.08,False,True,138.93,8.07,1.795,False,207.52,207.52,-13.29,3.39,46.39,9.0,11.0,62979277.0,35092190.0,0.818,41076200.0,35326270.0,52561833.0,0.781,100.0,空頭,頭頭低·底底低,多頭確認,17,1,16,10.4,3,剛爆發,True
FLEX,Information Technology,Flex Ltd.,2026-08-21,110.45,-4.84,-16.02,71.45,30.51,0.333,62,62,14,52.4,8.9,6.07,False,False,131.34,19.58,0.856,False,166.86,166.86,-33.81,-12.45,-6.8,10.0,10.0,4167160.0,4869820.0,1.0,2772600.0,2849800.0,3188713.0,0.87,70.91,空頭,頭頭低·底底低,,18,32,9,21.8,26,吃老本,True
WDC,Information Technology,Western Digital,2026-08-21,459.44,-7.73,-0.01,61.83,28.98,0.333,68,45,16,50.7,,,,,,,,,,,,,,,,,,,,,,,,,,,19,33,33,,33,吃老本,False
LITE,Information Technology,Lumentum,2026-08-21,866.71,21.74,-0.16,44.35,27.57,0.667,12,46,18,23.4,8.79,4.62,False,True,814.41,24.2,1.163,False,1085.68,1085.68,-20.17,-6.42,13.59,11.0,9.0,5693854.0,4897877.0,1.222,3660700.0,5654440.0,5384440.0,0.68,94.27,空頭,頭頭低·底底低,,20,17,22,19.2,22,,True
ANET,Information Technology,Arista Networks,2026-08-21,188.65,10.48,34.28,32.31,27.35,1.0,26,8,26,20.6,15.18,7.73,False,True,177.36,14.63,1.357,False,214.89,214.89,-12.21,-5.12,8.43,10.0,10.0,9394460.0,6920710.0,1.0,8123600.0,6697740.0,8308040.0,0.978,91.76,擴散,頭頭高·底底低,,21,19,6,17.2,19,,True
IT,Information Technology,Gartner,2026-08-21,195.9,32.86,23.63,25.34,26.79,1.0,4,16,33,13.4,17.06,13.64,False,True,152.15,12.92,0.956,False,265.85,265.85,-26.31,8.18,39.43,13.0,7.0,1582861.0,1655185.0,1.857,1059800.0,1408840.0,1629206.0,0.651,100.0,多頭,頭頭高·底底高,空轉多預警 / 多頭確認,22,1,25,14.2,9,剛爆發,True
ROP,Information Technology,Roper Technologies,2026-08-21,411.79,9.8,27.76,31.17,24.98,1.0,27,13,29,23.2,1.78,3.49,False,True,366.52,6.42,1.093,False,540.19,544.94,-23.77,3.12,12.1,16.0,4.0,800462.0,732500.0,4.0,588200.0,680610.0,702353.0,0.837,100.0,多頭,頭頭高·底底高,多頭確認,23,1,11,11.8,5,剛爆發,True
NOW,Information Technology,ServiceNow,2026-08-21,128.48,21.71,24.38,21.31,22.18,1.0,13,15,38,18.6,5.05,0.36,False,True,108.92,10.84,1.316,False,194.73,194.73,-34.02,3.61,30.07,14.0,6.0,23192235.0,17624833.0,2.333,12504600.0,17099380.0,18232946.0,0.686,100.0,收斂,頭頭低·底底高,多轉空預警 / 多頭確認,24,1,21,14.2,9,剛爆發,True
AMAT,Information Technology,Applied Materials,2026-08-21,492.32,-4.65,15.6,37.58,21.53,0.667,61,23,22,41.8,,,,,,,,,,,,,,,,,,,,,,,,,,,25,33,33,,33,吃老本,False
CSCO,Information Technology,Cisco,2026-08-21,111.04,-3.08,-2.53,45.82,21.5,0.333,57,47,17,46.0,,,,,,,,,,,,,,,,,,,,,,,,,,,26,33,33,,33,吃老本,False
MSFT,Information Technology,Microsoft,2026-08-21,483.24,24.43,15.23,22.54,21.18,1.0,9,24,36,18.9,11.81,4.9,False,True,419.09,7.45,1.45,False,549.2,553.72,-12.01,-2.27,26.84,13.0,7.0,41118546.0,28360485.0,1.857,22510800.0,23873090.0,30308340.0,0.743,100.0,多頭,頭頭高·底底高,,27,1,17,14.6,11,剛爆發,True
SMCI,Information Technology,Supermicro,2026-08-21,37.24,24.92,11.3,23.68,20.9,1.0,7,27,34,18.4,77.55,34.51,False,True,30.48,31.15,1.603,False,58.78,58.78,-36.65,-6.53,23.72,11.0,9.0,65919581.0,41115244.0,1.222,36474300.0,73329810.0,60559820.0,0.602,100.0,多頭,頭頭高·底底高,空轉多預警,28,1,28,17.2,19,剛爆發,True
LRCX,Information Technology,Lam Research,2026-08-21,314.0,7.68,7.58,33.54,20.58,1.0,32,33,25,30.9,,,,,,,,,,,,,,,,,,,,,,,,,,,29,33,33,,33,,False
GEN,Information Technology,Gen Digital,2026-08-21,28.93,8.67,16.23,28.07,20.26,1.0,30,22,31,27.8,,,,,,,,,,,,,,,,,,,,,,,,,,,30,33,33,,33,,False
FFIV,Information Technology,"F5, Inc.",2026-08-21,384.63,-5.72,0.58,42.15,19.79,0.667,65,44,19,49.5,,,,,,,,,,,,,,,,,,,,,,,,,,,31,33,33,,33,,False
TER,Information Technology,Teradyne,2026-08-21,375.74,12.24,9.16,23.03,16.86,1.0,22,30,35,27.0,,,,,,,,,,,,,,,,,,,,,,,,,,,32,33,33,,33,,False
CRM,Information Technology,Salesforce,2026-08-21,209.17,20.49,16.44,14.08,16.27,1.0,15,21,44,22.6,24.07,24.85,False,True,174.59,10.61,1.103,False,267.75,269.11,-21.88,6.61,27.81,13.0,7.0,13232923.0,11995057.0,1.857,9685400.0,12493260.0,12097560.0,0.801,100.0,收斂,頭頭低·底底高,多轉空預警 / 空轉多預警 / 多頭確認,33,1,13,16.2,15,剛爆發,True
KEYS,Information Technology,Keysight Technologies,2026-08-21,316.13,0.78,-7.59,34.87,15.74,0.667,45,53,24,43.2,,,,,,,,,,,,,,,,,,,,,,,,,,,34,33,33,,33,,False
VRSN,Information Technology,Verisign,2026-08-21,281.8,2.84,-6.72,31.53,14.79,0.667,43,52,28,42.7,,,,,,,,,,,,,,,,,,,,,,,,,,,35,33,33,,33,,False
CDW,Information Technology,CDW Corporation,2026-08-21,136.6,-0.57,29.99,10.88,12.79,0.667,50,11,52,38.7,3.97,-0.26,False,True,135.71,7.82,0.882,False,168.13,171.55,-18.75,-1.56,2.56,11.0,9.0,1853981.0,2101844.0,1.222,2065600.0,1580780.0,2109006.0,0.979,84.68,空頭,頭頭低·底底低,多轉空預警,36,24,5,25.0,30,剛爆發,True
COHR,Information Technology,Coherent Corp.,2026-08-21,289.52,6.71,-19.24,31.62,12.68,0.667,34,65,27,41.9,,,,,,,,,,,,,,,,,,,,,,,,,,,37,33,33,,33,,False
CTSH,Information Technology,Cognizant,2026-08-21,61.87,32.27,21.31,-3.36,11.72,0.667,5,18,64,20.7,-0.66,4.98,False,True,48.75,12.0,1.244,False,85.48,87.03,-27.62,5.86,36.93,13.0,7.0,10226046.0,8218085.0,1.857,6859000.0,7542300.0,8676646.0,0.791,100.0,收斂,頭頭低·底底高,空轉多預警 / 多頭確認,38,1,15,18.6,21,剛爆發,False
MSI,Information Technology,Motorola Solutions,2026-08-21,480.47,13.37,21.72,5.55,11.55,1.0,18,17,57,25.5,,,,,,,,,,,,,,,,,,,,,,,,,,,39,33,33,,33,剛爆發,False
TYL,Information Technology,Tyler Technologies,2026-08-21,350.73,11.03,10.55,12.24,11.52,1.0,24,29,49,30.5,,,,,,,,,,,,,,,,,,,,,,,,,,,40,33,33,,33,剛爆發,False
APH,Information Technology,Amphenol,2026-08-21,157.01,5.18,27.79,6.05,11.27,1.0,37,12,55,33.1,13.19,11.96,False,False,160.89,12.24,1.27,False,178.52,178.52,-12.05,-6.04,2.84,10.0,10.0,7599890.0,5982710.0,1.0,6281000.0,5501490.0,5861180.0,1.072,86.52,空頭,頭頭低·底底低,多轉空預警,41,22,3,25.8,31,剛爆發,True
KLAC,Information Technology,KLA Corporation,2026-08-21,183.99,-9.42,0.68,25.45,10.54,0.667,71,43,32,54.8,,,,,,,,,,,,,,,,,,,,,,,,,,,42,33,33,,33,剛爆發,False
ADSK,Information Technology,Autodesk,2026-08-21,253.83,12.36,4.19,12.65,10.46,1.0,21,39,46,31.4,,,,,,,,,,,,,,,,,,,,,,,,,,,43,33,33,,33,剛爆發,False
CIEN,Information Technology,Ciena,2026-08-21,395.79,4.91,-28.66,30.91,9.52,0.667,38,72,30,46.6,,,,,,,,,,,,,,,,,,,,,,,,,,,44,33,33,,33,剛爆發,False
NVDA,Information Technology,Nvidia,2026-08-21,214.72,9.27,-3.8,16.23,9.48,0.667,29,48,41,37.1,,,,,,,,,,,,,,,,,,,,,,,,,,,45,33,33,,33,剛爆發,False
ADBE,Information Technology,Adobe Inc.,2026-08-21,275.3,15.79,8.66,5.7,8.96,1.0,17,31,56,29.0,,,,,,,,,,,,,,,,,,,,,,,,,,,46,33,33,,33,剛爆發,False
JBL,Information Technology,Jabil,2026-08-21,313.21,0.57,-9.23,21.74,8.7,0.667,48,56,37,48.2,,,,,,,,,,,,,,,,,,,,,,,,,,,47,33,33,,33,剛爆發,False
PTC,Information Technology,PTC Inc.,2026-08-21,154.68,23.54,4.54,1.05,7.55,1.0,10,38,60,28.4,0.98,27.86,False,True,129.06,7.08,1.464,False,217.64,217.64,-28.93,3.29,30.51,15.0,5.0,1562793.0,1067580.0,3.0,857400.0,1032260.0,1184173.0,0.724,100.0,收斂,頭頭低·底底高,空轉多預警 / 多頭確認,48,1,18,23.2,28,剛爆發,True
AAPL,Information Technology,Apple Inc.,2026-08-21,309.35,-8.1,2.44,17.44,7.3,0.667,69,41,40,54.8,,,,,,,,,,,,,,,,,,,,,,,,,,,49,33,33,,33,剛爆發,False
TXN,Information Technology,Texas Instruments,2026-08-21,264.36,-4.9,-12.85,18.33,4.73,0.333,63,59,39,57.0,,,,,,,,,,,,,,,,,,,,,,,,,,,50,33,33,,33,剛爆發,False
GDDY,Information Technology,GoDaddy,2026-08-21,97.07,0.68,5.24,6.44,4.7,1.0,47,36,54,45.1,,,,,,,,,,,,,,,,,,,,,,,,,,,51,33,33,,33,剛爆發,False
GLW,Information Technology,Corning Inc.,2026-08-21,149.84,4.52,-16.95,15.19,4.49,0.667,39,63,43,47.0,,,,,,,,,,,,,,,,,,,,,,,,,,,52,33,33,,33,剛爆發,False
SWKS,Information Technology,Skyworks Solutions,2026-08-21,67.14,5.83,-8.91,10.26,4.36,0.667,36,54,53,44.8,,,,,,,,,,,,,,,,,,,,,,,,,,,53,33,33,,33,剛爆發,False
ADI,Information Technology,Analog Devices,2026-08-21,373.09,0.32,-6.01,11.19,4.17,0.667,49,51,51,50.0,,,,,,,,,,,,,,,,,,,,,,,,,,,54,33,33,,33,剛爆發,False
INTU,Information Technology,Intuit,2026-08-21,367.0,20.76,-3.99,-2.48,2.95,0.333,14,49,62,34.1,1.84,12.69,False,True,298.9,14.35,1.152,False,713.52,721.54,-48.57,6.17,23.85,14.0,6.0,3886042.0,3372350.0,2.333,3448600.0,3415700.0,3417966.0,1.009,100.0,空頭,頭頭低·底底低,多頭確認,55,1,4,23.2,28,剛爆發,True
Q,Information Technology,Qnity Electronics,2026-08-21,128.88,-3.08,-15.74,15.26,2.93,0.333,57,61,42,55.2,,,,,,,,,,,,,,,,,,,,,,,,,,,56,33,33,,33,剛爆發,False
CDNS,Information Technology,Cadence Design Systems,2026-08-21,319.02,-5.79,-9.08,12.54,2.56,0.333,66,55,48,59.1,,,,,,,,,,,,,,,,,,,,,,,,,,,57,33,33,,33,剛爆發,False
MPWR,Information Technology,Monolithic Power Systems,2026-08-21,1316.28,-1.7,-15.13,12.59,2.09,0.333,52,60,47,53.4,,,,,,,,,,,,,,,,,,,,,,,,,,,58,33,33,,33,剛爆發,False
AVGO,Information Technology,Broadcom,2026-08-21,368.45,-3.85,-11.66,11.21,1.72,0.333,59,58,50,56.9,,,,,,,,,,,,,,,,,,,,,,,,,,,59,33,33,,33,剛爆發,False
QCOM,Information Technology,Qualcomm,2026-08-21,160.75,-5.46,-20.33,13.85,0.48,0.333,64,67,45,61.1,,,,,,,,,,,,,,,,,,,,,,,,,,,60,33,33,,33,剛爆發,False
IBM,Information Technology,IBM,2026-08-21,235.68,9.75,5.5,-7.43,0.1,0.667,28,35,69,38.3,,,,,,,,,,,,,,,,,,,,,,,,,,,61,33,33,,33,剛爆發,False
TRMB,Information Technology,Trimble Inc.,2026-08-21,60.25,8.03,7.65,-8.2,-0.18,0.667,31,32,70,39.1,,,,,,,,,,,,,,,,,,,,,,,,,,,62,33,33,,33,剛爆發,False
TDY,Information Technology,Teledyne Technologies,2026-08-21,636.15,-2.38,3.57,-2.03,-0.72,0.333,56,40,61,52.2,,,,,,,,,,,,,,,,,,,,,,,,,,,63,33,33,,33,剛爆發,False
ACN,Information Technology,Accenture,2026-08-21,185.28,20.26,4.62,-14.0,-0.78,0.667,16,37,73,33.7,,,,,,,,,,,,,,,,,,,,,,,,,,,64,33,33,,33,剛爆發,False
ORCL,Information Technology,Oracle Corporation,2026-08-21,146.47,22.16,-21.89,-4.21,-2.03,0.333,11,68,65,38.9,7.52,5.69,False,True,145.21,14.77,1.484,False,341.82,345.72,-57.15,-2.69,27.38,12.0,8.0,33450483.0,22543900.0,1.5,19635000.0,24542430.0,27221073.0,0.721,100.0,擴散,頭頭高·底底低,,65,1,19,30.2,32,剛爆發,True
FSLR,Information Technology,First Solar,2026-08-21,214.28,4.11,-9.91,-5.21,-4.06,0.333,40,57,66,50.3,,,,,,,,,,,,,,,,,,,,,,,,,,,66,33,33,,33,剛爆發,False
AKAM,Information Technology,Akamai Technologies,2026-08-21,110.42,-2.15,-23.08,1.84,-5.39,0.333,54,69,59,59.5,,,,,,,,,,,,,,,,,,,,,,,,,,,67,33,33,,33,剛爆發,False
TEL,Information Technology,TE Connectivity,2026-08-21,203.52,-1.57,1.84,-12.79,-6.33,0.333,51,42,71,52.3,,,,,,,,,,,,,,,,,,,,,,,,,,,68,33,33,,33,剛爆發,False
MCHP,Information Technology,Microchip Technology,2026-08-21,75.62,-2.34,-18.67,-2.57,-6.54,0.0,55,64,63,59.3,,,,,,,,,,,,,,,,,,,,,,,,,,,69,33,33,,33,剛爆發,False
SNPS,Information Technology,Synopsys,2026-08-21,397.87,2.28,-20.26,-5.71,-7.35,0.333,44,66,67,55.2,,,,,,,,,,,,,,,,,,,,,,,,,,,70,33,33,,33,剛爆發,False
FICO,Information Technology,Fair Isaac,2026-08-21,1172.67,-8.43,-4.68,-13.24,-9.9,0.0,70,50,72,64.4,,,,,,,,,,,,,,,,,,,,,,,,,,,71,33,33,,33,剛爆發,False
ON,Information Technology,ON Semiconductor,2026-08-21,74.21,-16.66,-32.66,3.13,-10.77,0.333,73,73,58,70.0,,,,,,,,,,,,,,,,,,,,,,,,,,,72,33,33,,33,剛爆發,False
NXPI,Information Technology,NXP Semiconductors,2026-08-21,225.56,-15.73,-27.03,-7.18,-14.28,0.0,72,71,68,70.9,,,,,,,,,,,,,,,,,,,,,,,,,,,73,33,33,,33,剛爆發,False
FCX,Materials,Freeport-McMoRan,2026-08-21,76.66,22.23,26.25,26.07,25.15,1.0,3,4,3,3.3,18.5,21.95,False,True,64.61,16.96,1.143,False,77.33,77.33,-0.87,15.3,22.46,12.0,8.0,14232491.0,12452712.0,1.5,28518300.0,13261050.0,13260613.0,2.151,100.0,多頭,頭頭高·底底高,多頭確認,1,1,1,1.0,1,,True
CF,Materials,CF Industries,2026-08-21,129.6,8.76,5.65,39.46,23.33,1.0,9,16,1,9.5,-15.07,45.68,False,True,115.5,15.34,1.176,False,140.66,141.96,-7.86,9.55,4.16,9.0,11.0,2663155.0,2265418.0,0.818,3900700.0,2634630.0,2564953.0,1.521,89.16,收斂,頭頭低·底底高,空轉多預警,2,13,6,7.2,3,吃老本,False
NEM,Materials,Newmont,2026-08-21,131.58,40.77,22.81,8.05,19.92,1.0,1,5,8,3.6,5.68,33.45,False,True,101.54,15.97,1.243,False,134.29,134.88,-2.02,11.74,41.2,14.0,6.0,7950150.0,6398066.0,2.333,10513100.0,7897790.0,7843353.0,1.34,100.0,收斂,頭頭低·底底高,空轉多預警 / 多頭確認,3,1,9,3.4,2,,True
NUE,Materials,Nucor,2026-08-21,243.63,-1.71,8.22,33.45,18.35,0.667,18,14,2,13.6,6.94,14.67,False,False,248.0,14.83,0.899,False,280.11,280.11,-13.02,-9.4,-1.59,12.0,8.0,1595533.0,1775100.0,1.5,2704800.0,1656760.0,1623446.0,1.666,83.52,擴散,頭頭高·底底低,,4,16,3,8.6,5,吃老本,True
LYB,Materials,LyondellBasell,2026-08-21,66.84,15.2,-4.3,23.37,14.41,0.667,4,22,4,9.4,25.6,76.13,False,True,59.27,14.0,1.034,False,82.22,83.94,-18.71,5.91,11.95,11.0,9.0,4606154.0,4455188.0,1.222,2838800.0,4139900.0,4386226.0,0.647,95.96,收斂,頭頭低·底底高,多頭確認,5,7,22,9.2,6,,True
AMCR,Materials,Amcor,2026-08-21,48.59,7.4,29.69,0.98,9.77,1.0,10,3,13,8.5,4.24,0.55,False,True,44.24,8.45,0.859,False,49.46,50.94,-1.75,5.56,9.09,11.0,9.0,3767718.0,4386522.0,1.222,3057900.0,4091790.0,3756133.0,0.814,91.05,多頭,頭頭高·底底高,多頭確認,6,11,17,10.2,8,,True
APD,Materials,Air Products,2026-08-21,305.1,4.28,6.16,11.25,8.23,1.0,12,15,6,11.7,3.8,4.54,False,True,294.71,4.48,0.8,False,314.87,314.87,-3.1,-1.25,2.43,13.0,7.0,956084.0,1194785.0,1.857,1356000.0,887460.0,925880.0,1.465,92.82,擴散,頭頭高·底底低,,7,9,7,7.8,4,,True
PKG,Materials,Packaging Corporation of America,2026-08-21,252.79,0.17,19.35,6.48,8.12,1.0,14,6,9,10.6,1.62,12.54,False,True,240.67,4.96,1.003,False,259.98,259.98,-2.77,-1.05,-0.63,9.0,11.0,573055.0,571090.0,0.818,461100.0,454570.0,483613.0,0.953,79.03,多頭,頭頭高·底底高,,8,19,14,13.6,15,吃老本,True
SW,Materials,Smurfit Westrock,2026-08-21,49.39,-0.5,34.23,-0.81,8.03,0.333,15,2,14,10.9,-16.91,-17.35,False,True,45.78,6.19,1.23,False,51.52,52.65,-4.13,0.28,2.64,9.0,11.0,5568133.0,4527736.0,0.818,3810100.0,4384440.0,4284253.0,0.889,85.49,多頭,頭頭高·底底高,,9,14,15,12.2,14,,True
STLD,Materials,Steel Dynamics,2026-08-21,228.68,-8.63,0.39,19.79,7.84,0.667,25,19,5,19.2,0.56,-0.19,False,False,246.76,21.21,1.055,False,288.09,288.74,-20.62,-10.59,-7.46,10.0,10.0,1261880.0,1196650.0,1.0,1999800.0,1282540.0,1234980.0,1.619,74.74,空頭,頭頭低·底底低,多轉空預警,10,22,4,13.6,15,吃老本,True
IFF,Materials,International Flavors & Fragrances,2026-08-21,84.28,10.31,13.83,3.0,7.54,1.0,7,8,11,8.1,-26.57,16.51,False,True,79.44,6.35,0.99,False,89.32,89.32,-5.64,0.12,10.98,12.0,8.0,1602850.0,1619712.0,1.5,1092300.0,1288070.0,1586846.0,0.688,96.45,擴散,頭頭高·底底低,,11,6,20,10.8,9,,False
AVY,Materials,Avery Dennison,2026-08-21,183.71,12.68,16.78,-4.42,5.16,0.667,5,7,16,7.8,17.0,1.81,False,True,166.67,7.42,0.961,False,197.29,199.54,-6.88,2.67,14.18,13.0,7.0,848784.0,883385.0,1.857,478100.0,694100.0,733186.0,0.652,100.0,擴散,頭頭高·底底低,,12,1,21,9.4,7,剛爆發,True
CTVA,Materials,Corteva,2026-08-21,81.79,-6.61,4.03,8.75,3.73,0.667,23,18,7,18.3,2.93,27.11,False,False,81.86,9.31,0.834,False,90.97,90.97,-10.09,6.66,-8.36,10.0,10.0,4556470.0,5463960.0,1.0,4674900.0,3870810.0,4654040.0,1.004,77.24,擴散,頭頭高·底底低,,13,21,11,15.8,18,吃老本,True
DOW,Materials,Dow Inc.,2026-08-21,32.35,12.52,-9.9,5.24,3.27,0.667,6,24,10,12.2,12.62,51.7,False,True,30.26,12.3,1.038,False,42.31,42.74,-23.54,4.12,8.41,11.0,9.0,9323581.0,8984955.0,1.222,9183700.0,7885810.0,8399913.0,1.093,93.19,收斂,頭頭低·底底高,空轉多預警,14,8,10,10.8,9,剛爆發,True
IP,Materials,International Paper,2026-08-21,41.49,-1.06,37.92,-12.31,3.06,0.333,16,1,21,12.5,205.43,5.41,False,True,38.71,4.37,1.172,False,48.47,50.25,-14.4,1.84,-0.47,9.0,11.0,4847755.0,4135754.0,0.818,3123600.0,3312900.0,3619000.0,0.863,83.24,多頭,頭頭高·底底高,,15,17,16,16.0,19,,True
SHW,Materials,Sherwin-Williams,2026-08-21,346.59,6.15,13.19,-5.13,2.27,0.667,11,10,17,11.9,5.13,3.56,False,True,338.67,7.83,1.162,False,376.08,379.65,-7.84,-3.26,9.41,10.0,10.0,2132460.0,1835740.0,1.0,1686400.0,1582990.0,1727946.0,0.976,89.67,多頭,頭頭高·底底高,空轉多預警,16,12,12,13.6,15,,True
ECL,Materials,Ecolab,2026-08-21,281.63,3.78,13.58,-6.8,0.94,0.667,13,9,18,12.8,0.48,0.17,False,True,276.04,4.73,1.15,False,307.61,309.27,-8.44,2.0,4.79,11.0,9.0,1540863.0,1339733.0,1.222,2403400.0,1480760.0,1417860.0,1.695,92.14,多頭,頭頭高·底底高,,17,10,2,11.2,12,剛爆發,True
BALL,Materials,Ball Corporation,2026-08-21,63.59,-1.67,12.35,-3.81,0.76,0.333,17,12,15,15.1,4.27,11.31,False,True,61.93,4.41,1.001,False,67.84,68.29,-6.26,2.86,-0.39,8.0,12.0,1915625.0,1913583.0,0.667,1386500.0,1625620.0,1856420.0,0.747,78.43,多頭,頭頭高·底底高,,18,20,18,18.8,22,,True
LIN,Materials,Linde plc,2026-08-21,487.57,-3.84,-3.46,1.77,-0.94,0.333,21,21,12,19.2,0.66,1.4,False,False,507.67,4.75,1.0,False,548.2,548.2,-11.06,1.0,-4.82,10.0,10.0,2268070.0,2267490.0,1.0,2048400.0,1996310.0,2116486.0,0.968,80.01,空頭,頭頭低·底底低,多轉空預警,19,18,13,17.4,20,,True
MOS,Materials,Mosaic Company (The),2026-08-21,24.41,9.27,12.8,-14.49,-1.73,0.667,8,11,22,11.7,-5.88,-77.32,False,True,22.2,17.52,1.289,False,35.98,36.99,-32.16,12.96,9.46,10.0,10.0,9350950.0,7256260.0,1.0,13529800.0,8182330.0,8461546.0,1.599,98.41,多頭,頭頭高·底底高,多頭確認,20,5,5,11.0,11,剛爆發,True
VMC,Materials,Vulcan Materials Company,2026-08-21,276.04,-2.79,5.26,-8.14,-3.45,0.333,19,17,19,18.4,,,,,,,,,,,,,,,,,,,,,,,,,,,21,23,23,,23,,False
PPG,Materials,PPG Industries,2026-08-21,113.63,-3.49,9.53,-10.4,-3.69,0.333,20,13,20,17.9,-1.04,3.65,False,False,116.6,6.76,0.981,False,130.99,133.43,-13.26,-0.42,-1.43,11.0,9.0,1786100.0,1820933.0,1.222,1010000.0,1267600.0,1364313.0,0.74,84.47,空頭,頭頭低·底底低,,22,15,19,18.6,21,剛爆發,False
ALB,Materials,Albemarle Corporation,2026-08-21,143.25,23.3,-15.62,-14.77,-5.47,0.333,2,25,23,13.1,15.71,124.6,False,True,132.73,12.61,1.177,False,220.44,221.0,-35.02,5.21,24.73,12.0,8.0,2488583.0,2115212.0,1.5,3302100.0,1999650.0,2264280.0,1.458,100.0,空頭,頭頭低·底底低,,23,1,8,11.2,12,剛爆發,True
MLM,Materials,Martin Marietta Materials,2026-08-21,534.92,-6.49,-1.16,-19.53,-11.68,0.0,22,20,24,21.8,,,,,,,,,,,,,,,,,,,,,,,,,,,24,23,23,,23,,False
CRH,Materials,CRH plc,2026-08-21,95.07,-7.2,-5.91,-21.21,-13.89,0.0,24,23,25,23.9,,,,,,,,,,,,,,,,,,,,,,,,,,,25,23,23,,23,,False
DOC,Real Estate,Healthpeak Properties,2026-08-21,21.4,-4.5,10.43,28.26,15.61,0.667,23,4,1,12.9,198.62,364.73,False,True,21.23,5.11,0.96,False,22.84,22.95,-6.29,3.44,-3.43,9.0,11.0,5452566.0,5681063.0,0.818,5746100.0,4377060.0,5337766.0,1.076,78.39,多頭,頭頭高·底底高,,1,16,5,7.8,5,吃老本,True
HST,Real Estate,Host Hotels & Resorts,2026-08-21,23.21,-7.05,8.07,21.72,11.12,0.667,27,7,2,16.0,4.39,116.0,False,False,23.78,4.99,0.845,False,25.71,25.71,-9.72,1.35,-5.27,10.0,10.0,9495410.0,11235710.0,1.0,10556200.0,9781970.0,10554080.0,1.0,77.17,擴散,頭頭高·底底低,,2,18,8,9.6,6,吃老本,True
BXP,Real Estate,"BXP, Inc.",2026-08-21,67.67,-2.23,14.16,14.28,10.12,0.667,16,2,4,9.4,14.75,97.57,False,False,67.69,5.59,1.166,False,75.95,79.33,-10.9,-1.14,-2.08,10.0,10.0,1555960.0,1334560.0,1.0,1670500.0,1160890.0,1157053.0,1.444,83.7,多頭,頭頭高·底底高,,3,11,2,6.0,1,吃老本,True
ESS,Real Estate,Essex Property Trust,2026-08-21,289.0,-0.58,6.01,16.32,9.52,0.667,11,10,3,9.1,-35.97,15.55,False,True,287.96,3.95,1.216,False,303.35,303.35,-4.73,0.51,-1.52,13.0,7.0,441200.0,362700.0,1.857,254800.0,326130.0,340960.0,0.747,98.44,收斂,頭頭低·底底高,空轉多預警,4,3,18,6.4,3,,False
CBRE,Real Estate,CBRE Group,2026-08-21,152.1,5.71,16.0,7.69,9.27,1.0,3,1,13,4.4,5.77,42.05,False,True,141.74,8.78,1.194,False,174.27,174.27,-12.72,-0.5,9.06,13.0,7.0,1798707.0,1507028.0,1.857,1040300.0,1309760.0,1395226.0,0.746,100.0,多頭,頭頭高·底底高,,5,1,19,6.2,2,,True
INVH,Real Estate,Invitation Homes,2026-08-21,30.11,1.62,4.28,13.45,8.2,1.0,9,13,7,9.8,9.76,-14.31,False,True,29.81,3.37,0.979,False,30.89,31.38,-2.53,-0.59,1.11,9.0,10.0,3825955.0,3909780.0,0.9,2279100.0,2885340.0,3484506.0,0.654,81.05,多頭,頭頭高·底底高,,6,15,24,13.2,12,吃老本,True
WELL,Real Estate,Welltower,2026-08-21,239.22,-3.31,9.84,12.21,7.74,0.667,18,5,8,12.1,-16.88,9.38,False,True,231.29,7.0,0.875,False,254.24,255.2,-5.91,1.57,-4.74,9.0,11.0,2935911.0,3356309.0,0.818,3140500.0,2781500.0,3094793.0,1.015,75.37,擴散,頭頭高·底底低,,7,22,7,13.0,10,吃老本,False
EQIX,Real Estate,Equinix,2026-08-21,1065.39,2.26,0.51,13.62,7.5,1.0,6,22,6,10.8,6.33,-3.8,False,True,1048.06,7.29,0.967,False,1118.65,1128.68,-4.76,-2.87,-1.27,9.0,11.0,603144.0,623563.0,0.818,554600.0,544130.0,586506.0,0.946,77.29,多頭,頭頭高·底底高,,8,17,10,12.0,8,吃老本,True
PSA,Real Estate,Public Storage,2026-08-21,322.49,-0.47,7.47,8.87,6.19,0.667,10,8,11,9.6,-2.93,2.19,False,True,322.2,3.05,1.151,False,335.55,335.55,-3.89,-1.06,0.0,9.0,11.0,999233.0,868445.0,0.818,539100.0,653390.0,722460.0,0.746,81.99,收斂,頭頭低·底底高,多轉空預警,9,12,19,12.2,9,,False
SPG,Real Estate,Simon Property Group,2026-08-21,218.29,-5.78,8.13,10.51,5.84,0.667,25,6,10,16.3,10.11,-17.98,False,False,223.03,2.89,0.893,False,238.5,238.5,-8.47,-0.59,-5.0,7.0,13.0,1235400.0,1383746.0,0.538,1040100.0,1181360.0,1334593.0,0.779,70.47,多頭,頭頭高·底底高,,10,25,16,17.2,18,吃老本,True
IRM,Real Estate,Iron Mountain,2026-08-21,122.02,-3.91,-2.35,13.85,5.36,0.333,21,25,5,19.0,7.51,15.76,False,False,124.62,7.89,1.028,False,134.68,134.68,-9.4,-5.73,-4.9,11.0,9.0,1742945.0,1695911.0,1.222,827400.0,1283630.0,1621586.0,0.51,81.09,收斂,頭頭低·底底高,空轉多預警,11,14,26,15.2,15,,True
ARE,Real Estate,Alexandria Real Estate Equities,2026-08-21,53.49,4.09,13.28,1.17,4.93,1.0,5,3,21,7.6,26.17,1359.96,False,True,50.44,16.77,1.255,False,83.17,88.24,-35.69,11.11,5.01,9.0,11.0,2463966.0,1964081.0,0.818,2997300.0,2109950.0,2272686.0,1.319,91.68,空頭,頭頭低·底底低,多轉空預警,12,5,4,7.6,4,剛爆發,True
FRT,Real Estate,Federal Realty Investment Trust,2026-08-21,116.74,-8.17,1.52,12.12,4.4,0.667,29,19,9,22.0,35.3,165.2,False,False,121.85,3.56,1.356,False,128.21,128.21,-8.95,-1.39,-7.41,5.0,14.0,1063620.0,784121.0,0.357,543500.0,657450.0,857700.0,0.634,74.09,空頭,頭頭低·底底低,多轉空預警,13,23,25,19.4,25,吃老本,True
VMRK,Real Estate,Vivmark Residential,2026-08-21,66.79,-0.67,1.82,7.59,4.08,0.667,12,18,14,14.2,,,False,False,67.06,5.6,0.807,False,71.5,71.5,-6.59,1.24,-1.58,11.0,8.0,4074545.0,5047900.0,1.375,7163100.0,6413270.0,5027380.0,1.425,84.3,收斂,頭頭低·底底高,多轉空預警 / 空轉多預警 / 空頭確認,14,9,3,9.8,7,,False
VTR,Real Estate,Ventas,2026-08-21,93.06,-7.04,5.65,8.42,3.86,0.667,26,11,12,18.7,51.73,-1.4,False,True,91.1,8.12,0.769,False,101.6,101.6,-8.41,1.68,-7.43,10.0,9.0,3143510.0,4090155.0,1.111,2753000.0,3209640.0,3181193.0,0.865,76.33,擴散,頭頭高·底底低,,15,20,11,16.2,16,,True
DLR,Real Estate,Digital Realty,2026-08-21,190.62,-2.63,0.65,7.4,3.21,0.667,17,20,15,17.5,-15.0,2.71,False,True,186.96,6.73,1.019,False,207.47,208.14,-8.12,-4.76,-4.25,9.0,11.0,2156477.0,2115727.0,0.818,1633500.0,1817790.0,1968273.0,0.83,75.66,收斂,頭頭低·底底高,多轉空預警 / 空轉多預警,16,21,13,17.4,19,,False
EXR,Real Estate,Extra Space Storage,2026-08-21,146.81,-1.0,4.33,1.55,1.61,0.667,14,12,18,14.2,8.6,3.4,False,False,147.34,3.22,1.324,False,158.88,158.88,-7.6,-0.74,-0.61,10.0,9.0,1297800.0,980466.0,1.111,644300.0,718680.0,854740.0,0.754,89.17,多頭,頭頭高·底底高,,17,7,17,13.0,10,剛爆發,True
KIM,Real Estate,Kimco Realty,2026-08-21,24.02,-8.95,1.99,6.07,1.29,0.667,30,15,16,22.7,13.48,7.45,False,False,25.16,3.3,0.692,False,26.65,26.65,-9.87,-1.6,-7.97,6.0,14.0,3342333.0,4833121.0,0.429,2793000.0,3240720.0,4050380.0,0.69,63.11,擴散,頭頭高·底底低,,18,26,21,21.8,26,吃老本,True
MAA,Real Estate,Mid-America Apartment Communities,2026-08-21,131.31,-1.61,1.97,0.04,0.11,0.667,15,16,23,16.9,33.8,26.45,False,False,134.2,4.23,0.921,False,142.76,146.41,-8.02,-1.63,-1.92,9.0,11.0,977088.0,1060500.0,0.818,797100.0,769190.0,834486.0,0.955,76.59,收斂,頭頭低·底底高,多轉空預警,19,19,9,17.0,17,,True
CPT,Real Estate,Camden Property Trust,2026-08-21,107.59,-4.65,2.15,1.29,0.02,0.667,24,14,20,20.2,-33.95,-196.43,False,False,112.03,3.93,0.901,False,119.81,119.81,-10.2,-2.51,-5.4,8.0,12.0,898837.0,997691.0,0.667,1246200.0,812390.0,832106.0,1.498,71.52,空頭,頭頭低·底底低,多轉空預警 / 空頭確認,20,24,1,17.8,20,,True
UDR,Real Estate,"UDR, Inc.",2026-08-21,37.77,-3.45,0.58,1.39,-0.02,0.667,19,21,19,19.6,,,,,,,,,,,,,,,,,,,,,,,,,,,21,27,27,,27,吃老本,False
PLD,Real Estate,Prologis,2026-08-21,141.8,-3.71,-1.28,1.56,-0.47,0.333,20,24,17,20.6,,,,,,,,,,,,,,,,,,,,,,,,,,,22,27,27,,27,,False
WY,Real Estate,Weyerhaeuser,2026-08-21,24.43,2.17,6.02,-7.54,-1.72,0.667,7,9,26,11.4,66.58,119.91,False,True,24.35,8.06,1.265,False,27.28,27.75,-10.44,-0.53,2.05,8.0,11.0,6357875.0,5025345.0,0.727,3577300.0,4787950.0,5362240.0,0.667,84.07,多頭,頭頭高·底底高,空轉多預警,23,10,23,17.8,20,剛爆發,True
REG,Real Estate,Regency Centers,2026-08-21,76.06,-7.63,-1.24,0.44,-2.0,0.333,28,23,22,25.3,,,,,,,,,,,,,,,,,,,,,,,,,,,24,27,27,,27,,False
O,Real Estate,Realty Income,2026-08-21,62.6,-4.02,1.89,-3.4,-2.23,0.333,22,17,24,20.9,,,,,,,,,,,,,,,,,,,,,,,,,,,25,27,27,,27,,False
AMT,Real Estate,American Tower,2026-08-21,175.8,5.43,-3.55,-7.17,-3.11,0.333,4,26,25,14.8,20.65,17.04,False,True,171.91,5.5,0.724,False,206.8,214.79,-14.99,0.13,5.48,14.0,6.0,2448400.0,3379883.0,2.333,1746100.0,1802560.0,2218200.0,0.787,100.0,擴散,頭頭高·底底低,,26,1,15,13.8,13,剛爆發,True
SBAC,Real Estate,SBA Communications,2026-08-21,182.59,6.51,-10.97,-8.32,-5.27,0.333,2,29,28,15.3,-1.22,-0.28,False,False,182.76,4.63,0.772,False,221.58,225.33,-17.6,-0.73,5.92,10.0,10.0,977130.0,1264990.0,1.0,891500.0,755770.0,1030720.0,0.865,81.78,空頭,頭頭低·底底低,,27,13,11,18.2,23,剛爆發,False
VICI,Real Estate,Vici Properties,2026-08-21,26.51,-0.9,-5.09,-8.26,-5.62,0.0,13,27,27,20.0,-31.75,15.01,False,False,26.61,3.87,1.147,False,31.85,33.92,-16.77,0.57,-0.82,13.0,7.0,10739469.0,9363471.0,1.857,10591900.0,8714230.0,10019386.0,1.057,97.66,多頭,頭頭高·底底高,空轉多預警,28,4,6,14.0,14,剛爆發,False
CCI,Real Estate,Crown Castle,2026-08-21,75.51,1.86,-17.54,-15.8,-11.82,0.333,8,30,29,18.8,36.09,6.18,False,False,78.33,4.3,0.721,False,99.81,104.61,-24.35,-0.62,0.81,13.0,7.0,3283207.0,4554071.0,1.857,2198300.0,2228350.0,3245840.0,0.677,90.71,空頭,頭頭低·底底低,,29,6,22,18.4,24,剛爆發,True
CSGP,Real Estate,CoStar Group,2026-08-21,32.26,10.59,-5.15,-29.47,-13.37,0.333,1,28,30,14.9,11.88,24.8,False,True,30.07,11.83,0.894,False,91.89,91.89,-64.89,-0.37,16.63,9.0,10.0,6921733.0,7742170.0,0.9,4751500.0,5441550.0,5793246.0,0.82,88.98,空頭,頭頭低·底底低,多頭確認,30,8,14,18.0,22,剛爆發,True
AWK,Utilities,American Water Works,2026-08-21,135.39,1.29,11.38,2.81,4.57,1.0,1,1,2,1.2,3.97,-7.4,False,True,132.01,6.13,1.051,False,143.94,147.87,-5.94,-0.59,1.21,11.0,9.0,2595363.0,2468277.0,1.222,1942400.0,2288030.0,2245746.0,0.865,87.22,多頭,頭頭高·底底高,,1,2,18,4.8,2,,True
PCG,Utilities,PG&E Corporation,2026-08-21,17.6,0.0,8.22,-1.77,1.17,0.333,4,2,9,4.4,11.64,8.83,False,True,17.27,8.37,1.378,False,19.05,19.16,-7.61,-1.35,-1.4,11.0,9.0,30119445.0,21859722.0,1.222,26601600.0,24139940.0,26603300.0,1.0,91.07,多頭,頭頭高·底底高,,2,1,12,3.6,1,,True
D,Utilities,Dominion Energy,2026-08-21,66.6,-5.22,-0.68,3.55,0.3,0.333,8,8,1,6.6,17.2,4.37,False,False,69.13,4.64,0.934,False,72.99,72.99,-8.75,-3.16,-6.33,6.0,13.0,3218883.0,3446600.0,0.462,3884000.0,2886280.0,3397566.0,1.143,68.21,空頭,頭頭低·底底低,多轉空預警,3,17,5,9.0,7,吃老本,True
EIX,Utilities,Edison International,2026-08-21,71.59,-8.96,3.87,2.65,0.05,0.667,26,3,3,14.5,26.99,7.42,False,False,73.84,11.77,0.742,False,81.62,81.62,-12.29,0.25,-10.23,8.0,12.0,2970725.0,4003666.0,0.667,3946100.0,3339330.0,3745240.0,1.054,66.95,擴散,頭頭高·底底低,,4,18,9,10.6,10,吃老本,True
EVRG,Utilities,Evergy,2026-08-21,80.92,-4.94,-1.06,1.79,-0.6,0.333,7,9,4,7.0,9.85,13.81,False,False,84.04,4.67,0.896,False,87.89,88.62,-7.93,-2.9,-6.41,7.0,13.0,1755671.0,1959576.0,0.538,1706100.0,1874390.0,1879580.0,0.908,68.75,空頭,頭頭低·底底低,空頭確認,5,15,16,11.2,11,吃老本,True
ES,Utilities,Eversource Energy,2026-08-21,70.21,-6.0,1.68,-1.69,-1.93,0.333,13,5,7,9.4,-0.33,6.21,False,False,72.58,4.0,0.804,False,76.57,76.57,-8.31,-2.97,-6.27,9.0,11.0,2063633.0,2566636.0,0.818,2091000.0,1893120.0,2070026.0,1.01,71.39,擴散,頭頭高·底底低,空頭確認,6,9,10,8.0,5,,False
PNW,Utilities,Pinnacle West Capital,2026-08-21,97.36,-6.77,-3.61,0.23,-2.48,0.333,17,16,6,14.5,-2.66,814.01,False,False,103.42,4.68,0.798,False,110.16,111.16,-11.62,-4.06,-7.37,7.0,13.0,1044928.0,1308746.0,0.538,1591900.0,1024630.0,1125026.0,1.415,66.0,收斂,頭頭低·底底高,多轉空預警 / 空轉多預警 / 空頭確認,7,21,3,11.8,12,吃老本,False
ETR,Utilities,Entergy,2026-08-21,104.62,-7.49,-5.97,1.32,-2.7,0.333,21,26,5,19.3,2.39,2.26,False,False,110.86,5.4,1.039,False,117.75,118.45,-11.15,-2.99,-9.23,8.0,12.0,2516175.0,2422108.0,0.667,2118400.0,1996880.0,2146526.0,0.987,71.45,多頭,頭頭高·底底高,空轉多預警 / 空頭確認,8,8,14,9.2,8,,True
ED,Utilities,Consolidated Edison,2026-08-21,106.35,-3.84,0.87,-4.35,-2.91,0.333,5,7,14,7.4,7.37,-3.83,False,False,109.01,4.43,0.962,False,114.33,116.23,-6.98,-1.45,-5.12,11.0,9.0,2341890.0,2433288.0,1.222,2310700.0,2317320.0,2333086.0,0.99,81.52,空頭,頭頭低·底底低,,9,4,13,7.8,4,,True
AEE,Utilities,Ameren,2026-08-21,106.13,-5.33,-1.67,-2.66,-3.08,0.0,9,11,10,9.8,4.18,9.09,False,False,110.96,4.5,0.975,False,118.32,118.32,-10.3,-3.29,-6.72,8.0,12.0,1570975.0,1611166.0,0.667,1587100.0,1478950.0,1581586.0,1.003,71.71,多頭,頭頭高·底底高,空轉多預警 / 空頭確認,10,6,11,8.6,6,,True
AES,Utilities,AES Corporation,2026-08-21,14.77,0.79,1.47,-7.68,-3.27,0.667,3,6,23,7.9,-6.05,108.27,False,True,14.6,0.68,1.111,True,17.23,17.65,-14.27,0.27,0.72,8.0,7.0,6591937.0,5934385.0,1.143,10768600.0,6362430.0,6746893.0,1.596,87.12,多頭,頭頭高·底底高,空轉多預警,11,3,1,5.8,3,剛爆發,False
FE,Utilities,FirstEnergy,2026-08-21,45.96,-5.89,2.15,-4.98,-3.42,0.333,12,4,15,10.2,-0.48,0.63,False,False,47.53,4.98,0.807,False,51.3,52.34,-10.4,-3.06,-7.02,7.0,13.0,3997342.0,4952946.0,0.538,4443500.0,3393290.0,4014340.0,1.107,66.77,擴散,頭頭高·底底低,空頭確認,12,20,6,14.0,15,吃老本,False
SO,Utilities,Southern Company,2026-08-21,88.94,-7.05,-4.21,-1.72,-3.68,0.0,18,18,8,16.0,11.82,8.87,False,False,93.74,5.0,0.918,False,98.45,100.84,-9.66,-3.37,-7.79,8.0,12.0,5281725.0,5756583.0,0.667,6656700.0,4682010.0,5596166.0,1.19,70.04,空頭,頭頭低·底底低,多轉空預警 / 空頭確認,13,11,4,10.4,9,,True
DUK,Utilities,Duke Energy,2026-08-21,119.85,-6.15,-2.35,-3.76,-4.0,0.0,15,13,12,13.8,9.61,7.24,False,False,124.6,4.88,0.933,False,132.18,134.49,-9.33,-3.28,-7.37,7.0,13.0,4606242.0,4935392.0,0.538,4844700.0,5014880.0,5137713.0,0.943,68.68,擴散,頭頭高·底底低,空頭確認,14,16,15,15.0,17,,True
XEL,Utilities,Xcel Energy,2026-08-21,76.3,-5.46,-3.74,-4.09,-4.35,0.0,10,17,13,12.7,18.44,0.23,False,False,79.29,5.88,0.698,False,83.22,84.23,-8.32,-3.63,-6.58,8.0,12.0,3896775.0,5581841.0,0.667,6760600.0,4340330.0,4645920.0,1.455,66.82,空頭,頭頭低·底底低,多轉空預警,15,19,2,14.0,15,,True
LNT,Utilities,Alliant Energy,2026-08-21,67.86,-7.51,-5.69,-3.11,-4.86,0.0,22,25,11,20.7,12.23,2.85,False,False,72.86,5.64,1.219,False,78.22,78.81,-13.24,-3.88,-8.76,5.0,15.0,3083400.0,2529613.0,0.333,1956200.0,2591660.0,2619873.0,0.747,69.52,擴散,頭頭高·底底低,,16,14,20,16.0,20,,True
CEG,Utilities,Constellation Energy,2026-08-21,272.88,1.22,-2.83,-9.54,-5.17,0.333,2,14,26,10.4,11.73,5.3,False,True,262.75,7.9,0.867,False,410.41,412.7,-33.51,-3.26,-0.38,8.0,12.0,2528900.0,2917850.0,0.667,2034000.0,2445910.0,2748506.0,0.74,73.63,多頭,頭頭高·底底高,,17,5,21,13.0,14,剛爆發,True
PPL,Utilities,PPL Corporation,2026-08-21,34.38,-4.53,-2.21,-7.06,-5.22,0.0,6,12,20,10.6,-4.0,2.08,False,False,35.81,6.3,1.054,False,39.79,40.11,-13.6,-4.55,-5.08,6.0,14.0,8705016.0,8256371.0,0.429,6252900.0,8524840.0,8216660.0,0.761,70.01,擴散,頭頭高·底底低,空頭確認,18,12,19,15.8,19,剛爆發,False
WEC,Utilities,WEC Energy Group,2026-08-21,106.01,-6.05,-3.36,-6.58,-5.64,0.0,14,15,19,15.3,12.32,5.33,False,False,111.9,6.75,1.299,False,118.87,119.91,-10.82,-4.08,-7.63,5.0,15.0,3104820.0,2389906.0,0.333,2929900.0,2785700.0,2667780.0,1.098,71.52,擴散,頭頭高·底底低,,19,7,7,11.8,12,剛爆發,True
DTE,Utilities,DTE Energy,2026-08-21,135.22,-8.16,-4.53,-5.06,-5.7,0.0,23,19,16,20.4,,,,,,,,,,,,,,,,,,,,,,,,,,,20,22,22,,22,,False
EXC,Utilities,Exelon,2026-08-21,43.78,-7.15,-1.51,-7.22,-5.78,0.0,19,10,21,16.7,-3.93,2.6,False,False,46.21,5.94,0.939,False,50.18,50.65,-12.75,-4.54,-7.89,8.0,12.0,6876775.0,7322100.0,0.667,5324800.0,5206200.0,5967320.0,0.892,69.89,空頭,頭頭低·底底低,多轉空預警 / 空頭確認,21,13,17,17.0,21,剛爆發,False
ATO,Utilities,Atmos Energy,2026-08-21,165.85,-6.38,-4.66,-6.39,-5.95,0.0,16,21,18,17.9,,,,,,,,,,,,,,,,,,,,,,,,,,,22,22,22,,22,,False
AEP,Utilities,American Electric Power,2026-08-21,120.94,-8.78,-5.44,-5.75,-6.43,0.0,25,23,17,22.8,,,,,,,,,,,,,,,,,,,,,,,,,,,23,22,22,,22,,False
NEE,Utilities,NextEra Energy,2026-08-21,83.65,-5.83,-4.54,-8.49,-6.84,0.0,11,20,24,16.3,3.8,5.67,False,False,87.15,4.65,0.718,False,98.03,98.75,-14.67,-2.95,-6.83,9.0,10.0,9317588.0,12981030.0,0.9,11887200.0,10286820.0,11061033.0,1.075,70.79,收斂,頭頭低·底底高,多轉空預警 / 空轉多預警,24,10,8,15.2,18,剛爆發,True
CMS,Utilities,CMS Energy,2026-08-21,68.27,-7.34,-5.66,-8.79,-7.64,0.0,20,24,25,22.2,,,,,,,,,,,,,,,,,,,,,,,,,,,25,22,22,,22,,False
CNP,Utilities,CenterPoint Energy,2026-08-21,38.77,-11.38,-7.16,-7.55,-8.41,0.0,29,28,22,27.3,,,,,,,,,,,,,,,,,,,,,,,,,,,26,22,22,,22,,False
SRE,Utilities,Sempra,2026-08-21,82.89,-9.16,-8.72,-9.55,-9.25,0.0,27,29,27,27.6,,,,,,,,,,,,,,,,,,,,,,,,,,,27,22,22,,22,,False
PEG,Utilities,Public Service Enterprise Group,2026-08-21,72.61,-8.33,-6.17,-15.09,-11.17,0.0,24,27,29,25.9,,,,,,,,,,,,,,,,,,,,,,,,,,,28,22,22,,22,剛爆發,False
NI,Utilities,NiSource,2026-08-21,40.62,-10.74,-13.03,-11.91,-11.9,0.0,28,30,28,28.6,,,,,,,,,,,,,,,,,,,,,,,,,,,29,22,22,,22,剛爆發,False
VST,Utilities,Vistra Corp.,2026-08-21,136.21,-13.29,-5.28,-21.36,-15.32,0.0,30,22,30,27.6,,,,,,,,,,,,,,,,,,,,,,,,,,,30,22,22,,22,剛爆發,False
NRG,Utilities,NRG Energy,2026-08-21,113.11,-16.84,-15.28,-34.36,-25.21,0.0,31,31,31,31.0,,,,,,,,,,,,,,,,,,,,,,,,,,,31,22,22,,22,剛爆發,False
