symbol,sector,name,as_of_date,t_price,cum_ret_4w,cum_ret_13w,cum_ret_26w,point,di,cum_ret_4w_rank_in_sector,cum_ret_13w_rank_in_sector,cum_ret_26w_rank_in_sector,cms_a,surprise_l1,surprise_l2,pre_earnings_14d,above_50ma,ma50,amp_10d_pct,vp_ratio_stock,vcp,high_52w,pct_from_high,ret_5d,ret_20d,up_days_20,down_days_20,up_avg_vol,down_avg_vol,ud_ratio,vol_today,vol_10d_avg,vol_3w_avg,vol_ratio_stock_20d,vp_score_stock,point_rank_in_sector,vp_score_rank_in_sector,vol_rank_in_sector,composite_in_sector,composite_rank_in_sector,stock_gap_alert,earnings_passed
LYV,Communication Services,Live Nation Entertainment,2026-06-22,179.46,6.56,23.16,23.08,18.97,1.0,1,2,1,1.3,-485.68,-1.22,False,True,164.6,8.54,0.901,False,180.92,-0.81,4.8,7.44,10.0,10.0,2582240.0,2865820.0,1.0,3577000.0,2969160.0,2744840.0,1.303,87.15,1,4,9,3.8,1,,False
VZ,Communication Services,Verizon,2026-06-22,45.76,-2.66,-6.1,18.72,7.17,0.333,9,14,2,9.1,5.81,3.28,False,False,46.17,6.6,0.764,False,50.06,-8.59,2.58,-3.06,9.0,11.0,23078811.0,30194818.0,0.818,38132700.0,28995950.0,27264173.0,1.399,74.84,2,9,8,6.0,5,吃老本,True
GOOGL,Communication Services,Alphabet Inc. (Class A),2026-06-22,337.39,-11.24,23.06,7.76,6.83,0.667,17,3,3,10.0,91.59,7.01,False,False,369.12,12.88,0.724,False,408.37,-17.38,-8.33,-13.47,7.0,13.0,32986728.0,45559515.0,0.538,114706300.0,43733940.0,40012233.0,2.867,59.34,3,18,2,8.8,7,吃老本,True
GOOG,Communication Services,Alphabet Inc. (Class C),2026-06-22,334.69,-11.03,22.33,6.4,6.03,0.667,16,4,4,10.0,94.3,6.78,False,False,366.47,11.27,0.755,False,404.23,-17.2,-8.92,-13.27,7.0,13.0,23875600.0,31609646.0,0.538,82484600.0,28484380.0,26367886.0,3.128,59.77,4,17,1,8.6,6,吃老本,True
TKO,Communication Services,TKO Group Holdings,2026-06-22,215.88,5.63,14.55,0.07,5.08,1.0,3,5,6,4.2,-32.11,-113.67,False,True,193.54,12.12,0.99,False,225.15,-4.12,8.6,8.07,12.0,8.0,1577891.0,1594175.0,1.5,1709200.0,2087940.0,1721906.0,0.993,98.1,5,2,14,5.6,4,,True
TTWO,Communication Services,Take-Two Interactive,2026-06-22,238.53,6.41,25.75,-6.86,4.61,0.667,2,1,11,3.5,38.21,-87.12,False,True,223.45,18.2,1.277,False,264.79,-9.92,-0.31,9.48,10.0,10.0,3565940.0,2791890.0,1.0,6491700.0,3754570.0,3176786.0,2.043,92.92,6,3,3,4.2,2,,True
EA,Communication Services,Electronic Arts,2026-06-22,205.25,1.75,1.7,0.41,1.07,1.0,4,11,5,6.3,39.62,-76.4,False,True,202.17,1.91,1.031,True,205.69,-0.21,1.53,2.04,13.0,6.0,2283361.0,2215083.0,2.167,3121700.0,2485950.0,2220213.0,1.406,100.0,7,1,7,4.6,3,剛爆發,True
NWSA,Communication Services,News Corp (Class A),2026-06-22,25.41,-2.64,4.83,-2.68,-0.8,0.333,8,8,7,7.8,5.46,6.92,False,False,26.18,9.46,0.75,False,31.48,-19.28,0.51,-4.19,10.0,10.0,5640090.0,7518730.0,1.0,6568600.0,8850860.0,7211820.0,0.911,75.82,8,7,15,9.0,8,,True
NWS,Communication Services,News Corp (Class B),2026-06-22,28.73,-3.66,3.38,-3.46,-1.8,0.333,11,10,8,10.1,5.46,6.92,False,False,30.03,8.53,0.67,False,35.34,-18.7,-0.07,-5.31,9.0,11.0,1598000.0,2384727.0,0.818,1682200.0,2738590.0,2208673.0,0.762,70.79,9,13,18,12.4,14,,True
OMC,Communication Services,Omnicom Group,2026-06-22,73.09,1.6,0.07,-6.77,-2.97,0.667,5,12,10,8.1,3.13,-11.8,False,False,74.63,10.5,0.578,False,85.4,-14.41,2.44,-0.3,9.0,11.0,3521833.0,6095809.0,0.818,10033000.0,6403720.0,5334266.0,1.881,73.18,10,11,4,9.2,9,,True
WBD,Communication Services,Warner Bros. Discovery,2026-06-22,26.74,-1.0,-1.22,-7.15,-4.13,0.0,6,13,12,9.3,-1104.45,-2790.17,False,False,26.99,4.33,1.002,False,30.0,-10.87,2.06,-1.11,7.0,12.0,25582157.0,25529975.0,0.583,22151200.0,25869120.0,26764100.0,0.828,76.44,11,6,16,10.0,11,,True
DIS,Communication Services,Walt Disney Company (The),2026-06-22,98.04,-2.99,6.89,-13.01,-5.53,0.333,10,7,15,10.1,4.98,3.44,False,False,101.93,6.55,1.165,False,122.91,-20.24,-4.91,-4.76,8.0,12.0,12148600.0,10430383.0,0.667,13921400.0,13337420.0,11690473.0,1.191,75.56,12,8,11,10.2,12,,True
TMUS,Communication Services,T-Mobile US,2026-06-22,182.68,-2.59,-12.88,-8.18,-7.96,0.0,7,15,14,10.8,31.07,-8.92,False,False,187.97,6.86,1.096,False,256.72,-28.84,0.56,-2.82,11.0,9.0,6413918.0,5852077.0,1.222,7824900.0,6608460.0,6323953.0,1.237,86.04,13,5,10,9.2,9,剛爆發,True
T,Communication Services,AT&T,2026-06-22,22.42,-8.39,-21.11,-5.77,-10.26,0.0,14,22,9,15.4,3.42,11.58,False,False,24.2,7.14,0.978,False,28.75,-22.02,3.23,-8.68,8.0,12.0,56824350.0,58112250.0,0.667,85148700.0,61331220.0,57162840.0,1.49,73.19,14,10,5,10.6,13,,True
META,Communication Services,Meta Platforms,2026-06-22,550.25,-12.92,4.76,-16.89,-10.49,0.333,18,9,17,15.1,56.79,8.0,False,False,612.43,11.55,1.076,False,793.65,-30.67,-4.67,-13.31,6.0,14.0,20196550.0,18765457.0,0.429,18867700.0,17093570.0,18147273.0,1.04,65.41,15,16,13,15.0,16,,True
CMCSA,Communication Services,Comcast,2026-06-22,22.86,-6.84,-17.26,-14.69,-13.37,0.0,12,20,16,15.2,8.29,10.76,False,False,25.08,10.83,0.778,False,32.54,-29.75,3.3,-7.91,8.0,11.0,31357575.0,40321963.0,0.727,42040300.0,39096930.0,35638860.0,1.18,71.09,16,12,12,13.6,15,,True
PSKY,Communication Services,Paramount Skydance Corporation,2026-06-22,9.64,-8.71,10.2,-28.36,-13.81,0.333,15,6,19,13.1,51.38,-732.18,False,False,10.51,16.27,0.743,False,20.57,-53.15,-3.02,-10.4,8.0,12.0,7231762.0,9728800.0,0.667,7282800.0,9652590.0,9418693.0,0.773,65.56,17,15,17,16.2,18,,True
ECHO,Communication Services,EchoStar,2026-06-22,97.3,-24.68,-15.55,-7.86,-13.99,0.0,23,19,13,19.8,42.09,42.58,False,False,122.32,33.94,1.153,False,147.25,-33.92,-10.87,-25.76,7.0,13.0,15234042.0,13210992.0,0.538,24495300.0,19397290.0,16506660.0,1.484,58.45,18,19,6,16.0,17,,True
NFLX,Communication Services,Netflix,2026-06-22,73.81,-14.19,-21.0,-21.87,-19.73,0.0,19,21,18,19.4,,,,,,,,,,,,,,,,,,,,,,,19,20,20,,20,,False
FOX,Communication Services,Fox Corporation (Class B),2026-06-22,45.91,-20.0,-13.99,-29.45,-23.22,0.0,21,17,20,19.6,,,,,,,,,,,,,,,,,,,,,,,20,20,20,,20,,False
FOXA,Communication Services,Fox Corporation (Class A),2026-06-22,50.1,-21.62,-15.24,-32.24,-25.34,0.0,22,18,21,20.6,,,,,,,,,,,,,,,,,,,,,,,21,20,20,,20,,False
CHTR,Communication Services,Charter Communications,2026-06-22,133.64,-7.23,-39.02,-35.49,-29.31,0.0,13,23,22,17.8,-9.07,4.09,False,False,157.06,17.74,0.645,False,422.29,-68.35,5.87,-9.25,9.0,11.0,2842922.0,4406436.0,0.818,2605400.0,4353700.0,3728740.0,0.699,70.36,22,14,19,18.2,19,剛爆發,False
TTD,Communication Services,Trade Desk (The),2026-06-22,18.37,-14.8,-13.67,-52.05,-33.14,0.0,20,16,23,19.4,,,,,,,,,,,,,,,,,,,,,,,23,20,20,,20,,False
WSM,Consumer Discretionary,"Williams-Sonoma, Inc.",2026-06-22,238.39,17.5,37.0,27.74,27.49,1.0,2,1,2,1.7,7.34,4.46,False,True,198.19,11.34,0.988,False,243.84,-2.23,5.41,16.34,11.0,9.0,1291390.0,1306933.0,1.222,1735300.0,1568720.0,1396373.0,1.243,97.59,1,11,22,9.2,6,吃老本,True
MGM,Consumer Discretionary,MGM Resorts,2026-06-22,49.19,12.64,35.44,30.55,27.29,1.0,9,2,1,5.3,1.31,189.62,False,True,42.15,7.7,1.573,False,51.59,-4.65,5.02,14.58,8.0,12.0,6878200.0,4373108.0,0.667,5227300.0,3863630.0,3565873.0,1.466,98.28,2,9,14,7.2,3,吃老本,True
EBAY,Consumer Discretionary,eBay Inc.,2026-06-22,107.87,-1.28,22.95,27.37,19.1,0.667,33,8,3,19.5,5.03,4.44,False,False,108.33,6.45,0.981,False,118.98,-9.34,-0.34,-3.53,10.0,10.0,4126470.0,4207290.0,1.0,5497200.0,4009710.0,3817926.0,1.44,79.91,3,22,16,13.2,10,吃老本,True
SBUX,Consumer Discretionary,Starbucks,2026-06-22,104.6,5.49,21.2,24.46,18.9,1.0,17,10,4,12.3,14.51,-4.59,False,True,101.38,6.11,1.198,False,108.25,-3.37,3.92,3.82,11.0,9.0,8967427.0,7482966.0,1.222,17150800.0,7926860.0,8265166.0,2.075,93.17,4,15,5,8.6,4,吃老本,True
RL,Consumer Discretionary,Ralph Lauren Corporation,2026-06-22,411.16,13.26,25.73,15.41,17.45,1.0,7,4,8,6.3,10.07,7.1,False,True,371.31,6.22,1.244,False,420.57,-2.24,-0.2,11.16,10.0,10.0,837510.0,673160.0,1.0,1392900.0,824700.0,779993.0,1.786,93.39,5,14,7,9.0,5,吃老本,True
PHM,Consumer Discretionary,PulteGroup,2026-06-22,137.61,16.69,20.3,15.94,17.22,1.0,3,12,7,6.5,-1.15,-9.5,False,True,120.93,14.44,1.55,False,143.89,-4.36,8.39,16.86,12.0,8.0,2168916.0,1399637.0,1.5,3188000.0,2340870.0,2013160.0,1.584,100.0,6,1,9,4.6,1,,True
DHI,Consumer Discretionary,D. R. Horton,2026-06-22,166.29,13.05,24.3,14.32,16.5,1.0,8,7,11,8.3,4.73,5.86,False,True,149.99,11.86,1.193,False,182.9,-9.08,5.37,13.18,11.0,9.0,2632936.0,2206233.0,1.222,2848100.0,2590670.0,2375733.0,1.199,99.28,7,7,24,10.4,7,,True
MAR,Consumer Discretionary,Marriott International,2026-06-22,377.31,0.46,19.06,20.03,14.89,1.0,27,13,5,18.4,6.49,-1.51,False,True,372.41,9.78,0.952,False,410.98,-8.19,-4.77,-2.19,9.0,11.0,1605966.0,1686790.0,0.818,2426300.0,1797650.0,1726280.0,1.406,75.71,8,24,17,16.2,18,吃老本,True
RCL,Consumer Discretionary,Royal Caribbean Group,2026-06-22,318.13,12.35,22.15,12.54,14.89,1.0,10,9,14,10.5,12.59,0.13,False,True,277.45,17.38,1.052,False,360.34,-11.71,1.8,13.68,12.0,8.0,2908066.0,2765137.0,1.5,7234400.0,3040850.0,2826526.0,2.559,99.83,8,6,4,6.4,2,,True
BBY,Consumer Discretionary,Best Buy,2026-06-22,77.71,1.02,25.03,14.84,13.93,1.0,25,5,10,16.0,4.32,5.83,False,True,65.85,8.63,0.985,False,81.54,-4.7,3.99,5.36,11.0,9.0,4527227.0,4595655.0,1.222,3805600.0,4082040.0,3983866.0,0.955,90.38,10,17,27,16.2,18,吃老本,True
DRI,Consumer Discretionary,Darden Restaurants,2026-06-22,212.01,4.81,11.88,15.18,11.77,1.0,18,20,9,16.8,0.64,0.29,False,True,199.58,5.75,0.922,False,219.71,-3.51,0.13,4.52,10.0,9.0,1421900.0,1542877.0,1.111,2289200.0,1806060.0,1562373.0,1.465,85.56,11,20,15,15.4,16,吃老本,True
HLT,Consumer Discretionary,Hilton Worldwide,2026-06-22,332.86,1.59,13.25,13.52,10.47,1.0,24,18,13,20.0,1.78,3.16,False,True,330.73,7.8,0.472,False,358.0,-7.02,-4.58,-1.39,10.0,10.0,1543560.0,3271140.0,1.0,13389700.0,3202310.0,2581560.0,5.187,70.59,12,27,1,15.8,17,吃老本,True
ABNB,Consumer Discretionary,Airbnb,2026-06-22,145.56,9.19,18.47,6.39,10.11,1.0,13,14,17,14.1,-14.13,-15.65,False,True,137.47,13.35,1.195,False,147.58,-1.37,2.21,8.22,10.0,10.0,4384340.0,3668930.0,1.0,6089000.0,4269070.0,4076360.0,1.494,91.73,13,16,12,14.0,13,,True
TPR,Consumer Discretionary,"Tapestry, Inc.",2026-06-22,146.0,0.66,5.46,11.81,7.43,1.0,26,27,15,24.1,27.77,20.67,False,True,142.03,9.29,1.0,False,161.08,-9.36,1.74,0.71,11.0,8.0,2852590.0,2853200.0,1.375,6371000.0,3307270.0,3141700.0,2.028,89.24,14,18,6,14.0,13,,True
ROST,Consumer Discretionary,Ross Stores,2026-06-22,213.26,-7.79,0.94,18.21,7.39,0.667,39,34,6,30.9,17.42,4.91,False,False,225.92,13.9,1.012,False,242.81,-12.17,-8.39,-5.95,8.0,12.0,4013512.0,3965658.0,0.667,13176700.0,4109350.0,3804353.0,3.464,70.78,15,26,3,17.0,21,吃老本,True
GRMN,Consumer Discretionary,Garmin,2026-06-22,232.51,-0.16,1.47,14.07,7.36,0.667,29,33,12,26.8,13.14,16.63,False,False,240.9,9.26,1.086,False,272.11,-14.55,-0.72,-1.19,10.0,10.0,972760.0,895850.0,1.0,1630800.0,1160850.0,951380.0,1.714,83.0,16,21,8,16.4,20,,True
F,Consumer Discretionary,Ford Motor Company,2026-06-22,14.13,-18.98,25.84,8.66,6.05,0.667,47,3,16,27.6,256.64,-32.87,False,True,13.71,12.44,1.181,False,17.78,-20.53,0.5,-15.14,8.0,12.0,69228625.0,58598183.0,0.667,59551900.0,57509030.0,54864480.0,1.085,71.79,17,25,26,22.0,26,吃老本,True
HD,Consumer Discretionary,Home Depot (The),2026-06-22,348.86,10.83,9.27,1.16,5.6,1.0,12,23,21,17.1,0.69,7.8,False,True,321.06,8.61,1.099,False,418.06,-16.55,4.36,9.42,12.0,8.0,5610600.0,5107337.0,1.5,7771700.0,6079770.0,5565433.0,1.396,99.12,18,8,18,14.0,13,剛爆發,True
GPC,Consumer Discretionary,Genuine Parts Company,2026-06-22,116.02,18.83,11.68,-5.99,4.63,0.667,1,21,27,12.2,1.26,-14.76,False,True,102.52,14.04,0.953,False,148.58,-21.91,6.73,18.16,13.0,7.0,1828784.0,1919885.0,1.857,2841500.0,2195580.0,1918793.0,1.481,100.0,19,1,13,10.6,8,剛爆發,True
NCLH,Consumer Discretionary,Norwegian Cruise Line Holdings,2026-06-22,21.24,15.81,14.87,-6.88,4.23,0.667,5,17,28,13.2,61.25,5.51,False,True,18.3,14.87,1.221,False,27.18,-21.85,3.91,16.19,13.0,7.0,21524561.0,17629728.0,1.857,26202900.0,20272200.0,19910780.0,1.316,100.0,20,1,21,12.6,9,剛爆發,True
EXPE,Consumer Discretionary,Expedia Group,2026-06-22,262.8,16.39,16.63,-8.22,4.15,0.667,4,16,31,13.0,42.34,12.21,False,True,236.84,20.46,1.157,False,302.5,-13.12,9.09,15.49,12.0,8.0,1838425.0,1589000.0,1.5,2154200.0,1914230.0,1779653.0,1.21,100.0,21,1,23,13.4,11,剛爆發,True
CCL,Consumer Discretionary,Carnival Corporation,2026-06-22,29.07,3.6,20.91,-4.29,3.98,0.667,22,11,25,19.3,21.08,8.94,False,True,27.2,15.52,1.171,False,33.67,-13.65,-5.83,4.04,11.0,9.0,29140954.0,24878666.0,1.222,32186400.0,31330010.0,28654373.0,1.123,88.93,22,19,25,21.4,24,,True
YUM,Consumer Discretionary,Yum! Brands,2026-06-22,156.41,5.72,2.09,3.04,3.47,1.0,16,32,19,21.4,,,,,,,,,,,,,,,,,,,,,,,23,28,28,,28,,False
HAS,Consumer Discretionary,Hasbro,2026-06-22,85.33,-0.16,-2.89,4.92,1.7,0.333,29,37,18,29.2,,,,,,,,,,,,,,,,,,,,,,,24,28,28,,28,,False
DECK,Consumer Discretionary,Deckers Brands,2026-06-22,104.56,-8.16,11.17,1.43,1.47,0.667,40,22,20,30.6,,,,,,,,,,,,,,,,,,,,,,,25,28,28,,28,,False
AMZN,Consumer Discretionary,Amazon,2026-06-22,232.69,-14.02,16.73,0.07,0.71,0.667,45,15,22,31.4,68.18,0.22,False,False,256.13,10.1,1.635,False,278.56,-16.47,-4.79,-15.08,7.0,13.0,81918357.0,50099961.0,0.538,248372100.0,77370070.0,65837266.0,3.773,75.73,26,23,2,20.0,22,,True
NVR,Consumer Discretionary,"NVR, Inc.",2026-06-22,6828.62,11.86,5.86,-7.5,0.68,0.667,11,26,29,19.1,-14.44,14.76,False,True,6260.02,10.74,1.163,False,8618.28,-20.77,5.2,10.84,13.0,7.0,35176.0,30242.0,1.857,47700.0,31850.0,31353.0,1.521,100.0,27,1,11,13.4,11,剛爆發,False
TJX,Consumer Discretionary,TJX Companies,2026-06-22,155.43,0.44,0.53,-0.46,0.01,0.667,28,35,23,29.1,,,,,,,,,,,,,,,,,,,,,,,28,28,28,,28,,False
ORLY,Consumer Discretionary,O’Reilly Automotive,2026-06-22,89.55,3.07,-0.62,-2.93,-0.85,0.333,23,36,24,27.1,,,,,,,,,,,,,,,,,,,,,,,29,28,28,,28,,False
DASH,Consumer Discretionary,DoorDash,2026-06-22,183.09,14.94,24.89,-21.74,-0.91,0.667,6,6,41,13.0,15.4,-17.73,False,True,165.78,23.23,1.186,False,285.5,-35.87,5.55,16.84,10.0,10.0,5779200.0,4874090.0,1.0,7399200.0,6055820.0,5584966.0,1.325,98.08,30,10,20,20.0,22,剛爆發,True
GM,Consumer Discretionary,General Motors,2026-06-22,78.1,-5.97,7.25,-5.54,-2.45,0.333,37,25,26,31.2,,,,,,,,,,,,,,,,,,,,,,,31,28,28,,28,,False
CMG,Consumer Discretionary,Chipotle Mexican Grill,2026-06-22,33.34,4.65,8.04,-11.82,-2.74,0.667,19,24,34,23.5,,,,,,,,,,,,,,,,,,,,,,,32,28,28,,28,,False
LEN,Consumer Discretionary,Lennar,2026-06-22,92.97,4.17,4.17,-9.98,-2.9,0.667,20,30,33,25.6,,,,,,,,,,,,,,,,,,,,,,,33,28,28,,28,,False
BKNG,Consumer Discretionary,Booking Holdings,2026-06-22,181.46,8.65,11.96,-16.21,-2.95,0.667,14,19,36,19.9,5.67,0.27,False,True,168.82,13.37,1.276,False,231.62,-21.66,5.64,7.12,11.0,9.0,9744736.0,7635466.0,1.222,12746700.0,10265380.0,9341646.0,1.365,97.2,34,12,19,22.2,27,剛爆發,True
LOW,Consumer Discretionary,Lowe's,2026-06-22,221.11,3.79,-2.94,-8.15,-3.86,0.333,21,38,30,27.9,,,,,,,,,,,,,,,,,,,,,,,35,28,28,,28,剛爆發,False
AZO,Consumer Discretionary,AutoZone,2026-06-22,3128.7,6.59,-5.67,-9.28,-4.41,0.333,15,40,32,25.9,5.26,1.24,False,False,3299.78,7.27,1.103,False,4388.11,-28.7,2.1,4.04,12.0,8.0,557591.0,505700.0,1.5,900500.0,697860.0,586560.0,1.535,95.06,36,13,10,21.6,25,剛爆發,True
WYNN,Consumer Discretionary,Wynn Resorts,2026-06-22,100.44,-0.77,4.26,-18.85,-8.55,0.333,31,29,37,31.6,,,,,,,,,,,,,,,,,,,,,,,37,28,28,,28,剛爆發,False
MCD,Consumer Discretionary,McDonald's,2026-06-22,269.76,-2.73,-11.22,-12.09,-9.53,0.0,34,43,35,36.9,,,,,,,,,,,,,,,,,,,,,,,38,28,28,,28,剛爆發,False
ULTA,Consumer Discretionary,Ulta Beauty,2026-06-22,488.45,-4.01,-4.29,-19.6,-11.87,0.0,36,39,38,37.3,,,,,,,,,,,,,,,,,,,,,,,39,28,28,,28,剛爆發,False
TSLA,Consumer Discretionary,"Tesla, Inc.",2026-06-22,379.71,-12.87,4.94,-20.09,-12.03,0.333,44,28,39,38.2,,,,,,,,,,,,,,,,,,,,,,,40,28,28,,28,剛爆發,False
APTV,Consumer Discretionary,Aptiv,2026-06-22,60.32,-11.22,-10.02,-21.57,-16.1,0.0,43,42,40,42.1,,,,,,,,,,,,,,,,,,,,,,,41,28,28,,28,剛爆發,False
CVNA,Consumer Discretionary,Carvana,2026-06-22,62.35,-14.59,3.21,-28.9,-17.29,0.333,46,31,43,40.9,,,,,,,,,,,,,,,,,,,,,,,42,28,28,,28,剛爆發,False
LVS,Consumer Discretionary,Las Vegas Sands,2026-06-22,47.12,-6.82,-8.31,-28.03,-17.8,0.0,38,41,42,39.7,,,,,,,,,,,,,,,,,,,,,,,43,28,28,,28,剛爆發,False
DPZ,Consumer Discretionary,Domino's,2026-06-22,298.18,-3.4,-13.82,-29.14,-18.88,0.0,35,44,44,39.5,,,,,,,,,,,,,,,,,,,,,,,44,28,28,,28,剛爆發,False
NKE,Consumer Discretionary,"Nike, Inc.",2026-06-22,40.75,-11.07,-19.96,-32.07,-23.79,0.0,42,46,45,43.8,,,,,,,,,,,,,,,,,,,,,,,45,28,28,,28,剛爆發,False
TSCO,Consumer Discretionary,Tractor Supply,2026-06-22,31.21,-1.01,-29.88,-38.5,-26.97,0.0,32,47,46,39.3,,,,,,,,,,,,,,,,,,,,,,,46,28,28,,28,剛爆發,False
LULU,Consumer Discretionary,Lululemon Athletica,2026-06-22,117.57,-10.38,-19.39,-43.74,-29.31,0.0,41,45,47,43.4,,,,,,,,,,,,,,,,,,,,,,,47,28,28,,28,剛爆發,False
TGT,Consumer Staples,Target Corporation,2026-06-22,140.39,10.48,18.25,43.8,29.09,1.0,6,5,1,4.7,17.31,12.97,False,True,127.56,11.27,0.998,False,142.82,-1.7,7.38,9.13,11.0,9.0,4736645.0,4748122.0,1.222,6802500.0,5242800.0,4815300.0,1.413,94.22,1,11,15,7.8,7,吃老本,True
MNST,Consumer Staples,Monster Beverage,2026-06-22,96.38,9.42,34.18,24.67,23.23,1.0,8,1,6,5.5,10.16,-4.5,False,True,85.45,7.39,0.951,False,97.87,-1.52,5.52,9.54,14.0,6.0,6270650.0,6590833.0,2.333,13420600.0,6494380.0,6333880.0,2.119,100.0,2,1,4,2.0,1,,True
CASY,Consumer Staples,Casey's,2026-06-22,778.05,1.5,9.09,37.11,21.2,1.0,23,15,2,16.4,32.11,16.87,False,False,818.03,19.7,1.225,False,927.15,-16.08,-7.55,-0.3,7.0,13.0,824142.0,672684.0,0.538,1426500.0,653490.0,760026.0,1.877,76.32,3,21,5,10.6,8,吃老本,True
MO,Consumer Staples,Altria,2026-06-22,73.79,7.64,12.66,32.2,21.17,1.0,13,8,4,9.7,5.92,-1.33,False,True,69.53,8.25,1.051,False,73.92,-0.18,6.76,4.06,14.0,6.0,9175957.0,8732566.0,2.333,15697700.0,9976420.0,9286526.0,1.69,100.0,4,1,7,3.4,3,,True
KDP,Consumer Staples,Keurig Dr Pepper,2026-06-22,33.4,12.01,28.24,21.77,20.95,1.0,4,2,7,4.0,4.25,2.01,False,True,29.41,12.86,0.834,False,34.77,-3.94,9.36,11.98,14.0,5.0,15917571.0,19076140.0,2.8,54796000.0,20163930.0,18370053.0,2.983,100.0,5,1,1,2.6,2,,True
ADM,Consumer Staples,Archer Daniels Midland,2026-06-22,76.79,-3.75,7.01,34.48,18.06,0.667,30,16,3,20.4,7.8,9.17,False,False,76.91,11.21,0.82,False,85.37,-10.05,2.25,-4.06,7.0,13.0,3347385.0,4084584.0,0.538,4072300.0,4068660.0,3817533.0,1.067,70.88,6,23,21,15.8,16,吃老本,True
SJM,Consumer Staples,J.M. Smucker Company (The),2026-06-22,115.64,12.05,22.77,18.48,17.95,1.0,3,3,9,4.2,5.01,5.18,False,True,102.63,9.42,1.348,False,118.08,-2.07,4.31,10.89,9.0,11.0,2124433.0,1576154.0,0.818,1910900.0,1504430.0,1925373.0,0.992,94.12,7,12,24,12.4,11,,True
HRL,Consumer Staples,Hormel Foods,2026-06-22,26.2,14.12,16.55,12.25,13.79,1.0,1,6,16,5.5,12.87,6.12,False,True,22.02,10.71,0.464,False,29.98,-12.63,9.73,12.38,13.0,6.0,4711592.0,10147033.0,2.167,7638700.0,4557460.0,4457593.0,1.714,100.0,8,1,6,4.8,4,剛爆發,True
KO,Consumer Staples,Coca-Cola Company (The),2026-06-22,82.63,5.26,9.84,19.84,13.7,1.0,17,13,8,14.0,5.88,2.69,False,True,78.91,5.05,1.047,False,83.5,-1.04,4.08,3.42,10.0,10.0,21878110.0,20896760.0,1.0,53357500.0,24136270.0,22375753.0,2.385,87.01,9,16,3,10.6,8,吃老本,True
KVUE,Consumer Staples,Kenvue,2026-06-22,19.13,10.71,10.51,13.92,12.26,1.0,5,11,13,8.4,23.03,21.24,False,True,17.55,7.2,0.828,False,21.85,-12.46,5.57,8.45,14.0,6.0,21682300.0,26186016.0,2.333,31070900.0,23560330.0,21687260.0,1.433,100.0,10,1,14,7.2,6,剛爆發,True
KMB,Consumer Staples,Kimberly-Clark,2026-06-22,109.37,13.6,12.38,11.13,12.06,1.0,2,9,17,7.1,2.24,2.66,False,True,98.25,9.11,1.106,False,131.04,-16.54,6.64,10.72,12.0,8.0,5645675.0,5105825.0,1.5,12507600.0,5727100.0,5187626.0,2.411,100.0,11,1,2,5.2,5,剛爆發,True
CL,Consumer Staples,Colgate-Palmolive,2026-06-22,91.55,2.15,9.91,16.91,11.47,1.0,22,12,11,16.8,2.7,4.19,False,True,87.37,4.97,0.947,False,98.15,-6.73,2.89,0.45,10.0,10.0,5793140.0,6115250.0,1.0,8777200.0,6202190.0,5919300.0,1.483,83.0,12,19,11,14.6,13,吃老本,True
CHD,Consumer Staples,Church & Dwight,2026-06-22,99.58,4.13,5.51,17.36,11.09,1.0,19,17,10,16.6,2.23,3.02,False,True,95.62,6.62,0.787,False,105.69,-5.79,4.13,2.0,11.0,9.0,1973472.0,2506633.0,1.222,2545900.0,2317670.0,2103226.0,1.21,84.96,13,17,19,15.8,16,,True
PM,Consumer Staples,Philip Morris International,2026-06-22,180.77,2.76,11.45,14.19,10.64,1.0,21,10,12,15.9,7.07,0.0,False,True,174.49,7.73,0.774,False,191.46,-5.58,2.17,2.07,11.0,9.0,4466400.0,5771855.0,1.222,7839200.0,5827640.0,5375880.0,1.458,83.99,14,18,12,15.2,15,,True
SYY,Consumer Staples,Sysco,2026-06-22,82.27,9.25,2.01,13.24,9.44,1.0,9,22,15,14.1,-0.39,1.39,False,True,75.35,6.24,0.947,False,90.56,-9.15,5.24,9.09,12.0,8.0,3570775.0,3769587.0,1.5,5704700.0,4023920.0,3698700.0,1.542,96.62,15,8,9,11.0,10,剛爆發,False
MDLZ,Consumer Staples,Mondelez International,2026-06-22,60.28,-0.62,5.23,13.25,7.78,0.667,27,18,14,21.7,10.22,3.34,False,True,60.25,6.67,0.842,False,68.76,-12.33,1.11,-2.56,8.0,12.0,8737325.0,10377025.0,0.667,15231000.0,11761060.0,10464586.0,1.455,73.64,16,22,13,17.8,19,吃老本,True
BF-B,Consumer Staples,Brown–Forman,2026-06-22,27.96,9.66,3.73,8.68,7.69,1.0,7,20,19,13.3,-62.65,24.68,False,True,26.52,10.09,1.206,False,31.11,-10.13,4.95,8.64,11.0,9.0,3594654.0,2980255.0,1.222,4889300.0,3469600.0,3258686.0,1.5,96.61,17,9,10,12.4,11,剛爆發,False
BG,Consumer Staples,Bunge Global,2026-06-22,110.54,-10.35,-13.61,25.55,6.79,0.333,34,32,5,27.6,109.39,9.62,False,False,122.67,19.17,0.921,False,134.87,-18.04,-1.81,-10.64,6.0,14.0,1809266.0,1963814.0,0.429,1556000.0,1900220.0,1810153.0,0.86,65.44,18,25,25,22.2,24,吃老本,True
DLTR,Consumer Staples,Dollar Tree,2026-06-22,123.87,6.38,15.77,-0.06,5.5,0.667,15,7,27,15.0,12.89,1.13,False,True,103.1,17.0,1.253,False,142.4,-13.01,10.94,9.62,8.0,12.0,4028637.0,3215966.0,0.667,5073600.0,3628550.0,3186426.0,1.592,92.07,19,14,8,14.8,14,,True
PG,Consumer Staples,Procter & Gamble,2026-06-22,147.92,3.8,5.21,4.47,4.49,1.0,20,19,21,19.9,,,,,,,,,,,,,,,,,,,,,,,20,26,26,,26,吃老本,False
STZ,Consumer Staples,Constellation Brands,2026-06-22,145.16,5.39,-2.72,6.33,3.83,0.667,16,24,20,19.2,,,,,,,,,,,,,,,,,,,,,,,21,26,26,,26,,False
COST,Consumer Staples,Costco,2026-06-22,951.03,-0.4,-3.04,9.37,3.83,0.333,26,26,18,24.4,,,,,,,,,,,,,,,,,,,,,,,21,26,26,,26,,False
KHC,Consumer Staples,Kraft Heinz,2026-06-22,23.7,0.5,9.48,1.68,3.33,1.0,24,14,23,20.8,15.38,9.12,False,True,22.82,10.33,0.823,False,27.35,-13.36,3.86,-1.39,10.0,10.0,13256110.0,16098180.0,1.0,14931600.0,14215350.0,13836140.0,1.079,80.12,23,20,20,21.2,23,,True
CLX,Consumer Staples,Clorox,2026-06-22,97.54,8.35,-3.21,1.35,1.96,0.667,10,27,25,18.1,6.16,-3.04,False,True,94.22,9.18,1.021,False,127.3,-23.38,1.82,1.39,11.0,9.0,2779909.0,2723666.0,1.222,2724900.0,2634250.0,2654160.0,1.027,87.76,24,15,22,20.0,21,剛爆發,True
WMT,Consumer Staples,Walmart,2026-06-22,115.69,-0.05,-5.68,3.95,0.54,0.333,25,29,22,25.6,,,,,,,,,,,,,,,,,,,,,,,25,26,26,,26,,False
PEP,Consumer Staples,PepsiCo,2026-06-22,141.39,-0.91,-6.64,0.26,-1.76,0.333,28,30,26,28.2,,,,,,,,,,,,,,,,,,,,,,,26,26,26,,26,,False
TSN,Consumer Staples,Tyson Foods,2026-06-22,58.55,-3.24,-7.63,1.64,-1.9,0.333,29,31,24,28.6,,,,,,,,,,,,,,,,,,,,,,,27,26,26,,26,,False
DG,Consumer Staples,Dollar General,2026-06-22,118.9,8.05,2.49,-12.52,-3.62,0.667,11,21,31,18.0,6.22,17.85,False,True,111.66,11.32,0.771,False,156.68,-24.11,5.34,8.74,12.0,8.0,3532708.0,4583112.0,1.5,3385400.0,3393270.0,3310620.0,1.023,93.37,28,13,23,21.0,22,剛爆發,True
TAP,Consumer Staples,Molson Coors Beverage Company,2026-06-22,41.48,4.93,-3.28,-8.64,-3.91,0.333,18,28,30,23.4,,,,,,,,,,,,,,,,,,,,,,,29,26,26,,26,,False
HSY,Consumer Staples,Hershey Company (The),2026-06-22,179.11,-7.69,-15.55,-1.37,-6.5,0.0,32,33,28,31.5,,,,,,,,,,,,,,,,,,,,,,,30,26,26,,26,,False
GIS,Consumer Staples,General Mills,2026-06-22,35.4,6.51,0.46,-21.08,-8.8,0.667,14,23,32,20.3,-12.14,7.09,False,True,33.58,9.86,0.99,False,50.4,-29.77,7.75,6.26,11.0,8.0,10945027.0,11060987.0,1.375,13184300.0,10404160.0,10271513.0,1.284,94.79,31,10,17,19.8,20,剛爆發,False
EL,Consumer Staples,Estée Lauder Companies (The),2026-06-22,80.54,-9.45,20.26,-24.66,-9.63,0.333,33,4,33,24.3,40.2,6.6,False,False,82.31,14.46,0.869,False,120.79,-33.32,-5.03,-11.03,8.0,12.0,3676212.0,4229983.0,0.667,5107900.0,3872060.0,3715466.0,1.375,66.58,32,24,16,25.6,25,剛爆發,True
KR,Consumer Staples,Kroger,2026-06-22,57.73,-7.11,-20.74,-7.79,-10.86,0.0,31,34,29,31.5,,,,,,,,,,,,,,,,,,,,,,,33,26,26,,26,剛爆發,False
MKC,Consumer Staples,McCormick & Company,2026-06-22,50.59,7.77,-2.95,-24.76,-11.17,0.333,12,25,34,20.3,14.8,10.66,False,True,48.01,11.42,1.644,False,75.26,-32.78,9.46,9.01,12.0,8.0,6513250.0,3961562.0,1.5,7237700.0,6849830.0,5790506.0,1.25,100.0,34,1,18,17.6,18,剛爆發,True
VLO,Energy,Valero Energy,2026-06-22,258.37,5.94,2.47,59.87,32.04,1.0,5,3,1,3.6,33.47,16.95,False,True,245.07,11.99,0.965,False,264.59,-2.35,9.76,5.93,9.0,11.0,3312677.0,3432754.0,0.818,8402800.0,3977380.0,3590493.0,2.34,86.62,1,3,2,2.0,1,,True
TRGP,Energy,Targa Resources,2026-06-22,271.34,6.88,9.49,50.54,29.36,1.0,2,1,3,1.9,7.4,12.12,False,True,257.68,8.08,0.701,False,278.7,-2.64,5.43,4.0,11.0,9.0,1045809.0,1491522.0,1.222,2130700.0,1431350.0,1235940.0,1.724,85.17,2,5,4,3.6,3,,True
MPC,Energy,Marathon Petroleum,2026-06-22,254.06,2.13,1.24,56.58,29.13,1.0,6,4,2,4.6,120.63,50.13,False,True,247.34,11.81,0.901,False,272.46,-6.75,4.59,1.09,10.0,10.0,2488290.0,2762430.0,1.0,6961300.0,2901990.0,2694060.0,2.584,83.25,3,6,1,3.8,4,,True
WMB,Energy,Williams Companies,2026-06-22,77.92,9.95,6.68,32.83,20.57,1.0,1,2,7,2.5,16.43,-1.37,False,True,73.38,12.11,1.32,False,79.49,-1.98,6.56,7.34,11.0,8.0,8266718.0,6263175.0,1.375,13012500.0,8387680.0,7273946.0,1.789,100.0,4,1,3,2.6,2,,True
PSX,Energy,Phillips 66,2026-06-22,171.65,-2.41,-8.17,36.45,15.58,0.333,9,7,6,7.8,225.68,14.7,False,False,172.6,10.4,0.833,False,189.24,-9.29,3.32,-2.86,9.0,11.0,2401311.0,2883309.0,0.818,3027200.0,3376860.0,2912180.0,1.039,76.46,5,9,17,9.0,8,,True
TPL,Energy,Texas Pacific Land Corporation,2026-06-22,395.79,0.86,-22.54,38.02,13.59,0.667,7,19,5,10.2,2.47,-50.22,False,False,399.91,14.81,0.972,False,545.74,-27.48,11.46,-1.23,10.0,10.0,481570.0,495540.0,1.0,520900.0,474020.0,436340.0,1.194,85.85,6,4,13,6.6,6,,True
KMI,Energy,Kinder Morgan,2026-06-22,33.19,6.79,-1.57,24.39,13.5,0.667,3,5,13,5.6,22.1,6.82,False,True,32.08,7.62,0.966,False,34.81,-4.65,5.06,4.01,11.0,9.0,10161154.0,10523577.0,1.222,15126700.0,11487150.0,10353193.0,1.461,89.66,7,2,7,5.0,5,,True
OKE,Energy,Oneok,2026-06-22,89.22,6.29,-3.91,25.64,13.41,0.667,4,6,12,6.2,-5.66,3.85,False,True,88.1,9.71,0.759,False,96.07,-7.13,4.93,2.53,9.0,11.0,3381588.0,4455709.0,0.818,5990400.0,4462760.0,3910433.0,1.532,79.04,8,7,6,7.2,7,,False
EOG,Energy,EOG Resources,2026-06-22,131.62,-0.58,-10.65,30.34,12.36,0.333,8,10,8,8.6,6.22,3.38,False,False,134.98,7.33,0.716,False,149.59,-12.01,2.02,-1.47,10.0,10.0,3687470.0,5150860.0,1.0,5518100.0,5428600.0,4638173.0,1.19,77.45,9,8,14,9.6,9,,True
APA,Energy,APA Corporation,2026-06-22,32.78,-9.39,-25.14,38.74,10.74,0.333,17,21,4,15.6,20.9,41.73,False,False,37.0,15.12,0.797,False,45.04,-27.22,-0.06,-9.64,9.0,11.0,5062122.0,6348618.0,0.818,7577100.0,6793280.0,6080920.0,1.246,70.42,10,15,11,12.2,10,,True
FANG,Energy,Diamondback Energy,2026-06-22,179.91,-6.04,-10.37,24.38,8.09,0.333,14,9,14,12.5,12.78,-13.16,False,False,195.07,8.64,0.707,False,213.34,-15.67,-1.96,-7.33,8.0,12.0,2317575.0,3276791.0,0.667,3402100.0,2680040.0,2776086.0,1.226,67.2,11,18,12,14.0,13,吃老本,True
BKR,Energy,Baker Hughes,2026-06-22,56.56,-11.46,-10.24,25.89,7.52,0.333,19,8,10,13.9,17.94,16.74,False,False,63.78,13.89,0.862,False,70.18,-19.4,-3.17,-12.59,6.0,14.0,7298183.0,8463271.0,0.429,8969100.0,9175290.0,8265846.0,1.085,62.7,12,19,16,15.6,17,吃老本,True
SLB,Energy,Schlumberger,2026-06-22,47.0,-13.39,-11.69,25.76,6.61,0.333,21,11,11,16.0,1.13,4.96,False,False,54.17,22.08,0.615,False,58.51,-19.68,-2.27,-14.28,8.0,12.0,13090062.0,21276116.0,0.667,16848700.0,22270760.0,18832160.0,0.895,61.29,13,20,19,17.0,20,吃老本,True
HAL,Energy,Halliburton,2026-06-22,34.21,-11.57,-15.0,23.47,5.09,0.333,20,12,15,16.6,10.42,26.32,False,False,39.39,18.37,0.798,False,43.41,-21.18,-2.06,-12.65,9.0,11.0,11620644.0,14555345.0,0.818,12232600.0,14661520.0,13793113.0,0.887,67.83,14,17,20,16.4,19,,True
OXY,Energy,Occidental Petroleum,2026-06-22,49.99,-11.32,-23.12,26.62,4.7,0.333,18,20,9,16.8,80.35,83.77,False,False,56.32,14.2,0.888,False,67.14,-25.54,-3.53,-12.39,9.0,11.0,9486177.0,10682654.0,0.818,12790900.0,10016950.0,9954393.0,1.285,68.97,15,16,9,14.2,14,,True
DVN,Energy,Devon Energy,2026-06-22,42.21,-4.45,-18.36,19.8,4.2,0.333,11,14,16,12.9,-4.91,-0.81,False,False,45.95,8.6,1.021,False,52.34,-19.35,0.21,-3.63,7.0,13.0,16202785.0,15873176.0,0.538,14975800.0,16750660.0,16198706.0,0.925,73.85,16,11,18,14.4,15,,False
CVX,Energy,Chevron Corporation,2026-06-22,171.06,-6.25,-18.24,16.19,1.97,0.333,15,13,18,15.0,45.56,5.2,False,False,184.68,10.84,0.811,False,212.76,-19.6,-1.48,-6.54,9.0,11.0,8206733.0,10115081.0,0.818,13102200.0,10248310.0,9512853.0,1.377,71.96,17,13,8,13.6,12,,True
COP,Energy,ConocoPhillips,2026-06-22,105.96,-7.04,-20.22,17.52,1.95,0.333,16,16,17,16.2,,,,,,,,,,,,,,,,,,,,,,,18,21,21,,21,,False
XOM,Energy,ExxonMobil,2026-06-22,136.54,-6.0,-19.61,16.18,1.69,0.333,13,15,19,14.8,15.14,1.12,False,False,148.44,9.99,0.682,False,175.22,-22.08,-0.92,-7.09,10.0,10.0,14944490.0,21904770.0,1.0,22684200.0,20666510.0,19144386.0,1.185,72.32,19,12,15,15.4,16,剛爆發,True
EQT,Energy,EQT Corporation,2026-06-22,52.7,-4.06,-21.76,-1.73,-7.32,0.0,10,18,20,14.4,11.22,17.66,False,False,55.6,6.5,1.043,False,68.05,-22.55,3.9,-4.79,7.0,13.0,7899585.0,7572238.0,0.538,12647700.0,9207660.0,8145946.0,1.553,75.02,20,10,5,13.0,11,剛爆發,True
EXE,Energy,Expand Energy,2026-06-22,88.47,-4.85,-21.58,-18.27,-15.74,0.0,12,17,21,15.3,5.37,5.85,False,False,93.89,5.23,0.95,False,125.18,-29.32,1.71,-5.47,6.0,14.0,3695116.0,3890992.0,0.429,4916300.0,4045130.0,3840266.0,1.28,70.45,21,14,10,16.0,18,剛爆發,True
BEN,Financials,Franklin Resources,2026-06-22,32.88,7.06,48.11,41.21,34.4,1.0,31,2,1,16.3,28.64,27.53,False,True,30.54,7.81,0.911,False,34.08,-3.52,0.48,6.41,12.0,8.0,4544841.0,4987637.0,1.5,4388100.0,4969770.0,4625900.0,0.949,92.48,1,20,28,14.0,15,吃老本,True
IBKR,Financials,Interactive Brokers,2026-06-22,89.82,3.38,40.05,36.05,28.88,1.0,47,3,2,24.8,0.1,11.05,False,True,85.27,8.86,1.068,False,97.84,-8.2,-6.44,8.18,11.0,9.0,5251927.0,4916188.0,1.222,5910100.0,4747970.0,4588573.0,1.288,89.36,2,22,18,13.2,14,吃老本,True
STT,Financials,State Street Corporation,2026-06-22,167.28,8.01,38.13,28.77,25.92,1.0,28,5,3,16.1,7.46,-1.32,False,True,156.46,6.31,0.657,False,174.59,-4.19,-0.12,6.66,10.0,10.0,2071340.0,3153000.0,1.0,4014100.0,3200060.0,2831793.0,1.418,80.45,3,27,11,14.2,16,吃老本,True
GL,Financials,Globe Life,2026-06-22,178.98,17.01,33.03,26.63,25.83,1.0,3,7,4,4.4,-1.35,-3.2,False,True,157.52,9.59,0.818,False,180.82,-1.02,5.01,16.59,15.0,5.0,625466.0,765020.0,3.0,922700.0,801040.0,706700.0,1.306,100.0,4,1,14,4.8,1,,True
NTRS,Financials,Northern Trust,2026-06-22,173.87,5.58,29.4,25.34,21.42,1.0,38,9,5,22.7,16.14,2.78,False,True,166.85,4.41,0.662,False,178.7,-2.7,1.02,3.76,11.0,9.0,1006336.0,1520377.0,1.222,1351500.0,1182870.0,1199713.0,1.127,82.58,5,25,24,16.8,20,吃老本,True
C,Financials,Citigroup,2026-06-22,141.76,12.6,32.64,18.89,20.76,1.0,12,8,9,10.2,17.91,-23.43,False,True,131.12,6.81,0.795,False,147.96,-4.19,-0.91,13.7,13.0,7.0,12866530.0,16178528.0,1.857,17927100.0,15110550.0,14295126.0,1.254,99.63,6,11,20,10.8,9,,True
FITB,Financials,Fifth Third Bancorp,2026-06-22,55.91,12.78,27.57,18.37,19.27,1.0,8,11,10,9.3,-0.12,4.93,False,True,50.47,8.24,1.036,False,56.37,-0.81,6.77,12.89,13.0,7.0,8536538.0,8243385.0,1.857,10038400.0,8457550.0,7905026.0,1.27,100.0,7,1,19,7.0,2,剛爆發,False
XYZ,Financials,"Block, Inc.",2026-06-22,77.82,2.77,39.01,17.43,19.16,1.0,50,4,12,28.6,25.55,0.15,False,True,71.57,12.36,1.362,False,82.5,-5.67,4.07,4.67,11.0,9.0,7138445.0,5240877.0,1.222,11651400.0,6788520.0,6246893.0,1.865,96.6,8,13,3,9.0,5,,True
BNY,Financials,BNY Mellon,2026-06-22,142.99,2.96,25.7,23.24,18.79,1.0,49,14,6,29.9,16.54,4.91,False,True,137.81,4.64,0.623,False,147.91,-3.33,-0.05,2.13,10.0,10.0,3363070.0,5396690.0,1.0,15860500.0,5018120.0,4453853.0,3.561,77.17,9,28,1,15.0,17,吃老本,True
PFG,Financials,Principal Financial Group,2026-06-22,107.75,4.82,24.82,22.61,18.71,1.0,40,15,7,25.9,2.94,-1.57,False,True,102.62,7.11,0.718,False,112.45,-4.18,-1.66,5.12,13.0,7.0,1290192.0,1797085.0,1.857,2962600.0,1734910.0,1547953.0,1.914,92.83,10,19,2,12.0,12,吃老本,True
CFG,Financials,Citizens Financial Group,2026-06-22,69.95,13.07,22.72,19.35,18.62,1.0,7,18,8,10.5,3.73,2.24,False,True,63.99,7.01,0.914,False,70.75,-1.13,4.95,12.8,13.0,7.0,4782453.0,5230871.0,1.857,4697200.0,4805260.0,4700540.0,0.999,100.0,11,1,26,10.0,7,剛爆發,True
MS,Financials,Morgan Stanley,2026-06-22,210.87,1.94,34.59,17.86,18.06,1.0,52,6,11,30.0,13.66,9.41,False,True,200.73,8.66,0.817,False,229.21,-8.0,-4.99,4.04,12.0,8.0,6145508.0,7526037.0,1.5,9919100.0,7134230.0,6672046.0,1.487,87.22,12,24,9,16.2,18,吃老本,True
ALL,Financials,Allstate,2026-06-22,239.61,16.88,18.83,16.5,17.18,1.0,4,27,13,12.7,47.01,40.74,False,True,216.89,9.64,0.823,False,240.16,-0.23,8.34,16.21,13.0,7.0,1826861.0,2219028.0,1.857,2880100.0,2198210.0,1969240.0,1.463,100.0,13,1,10,7.6,4,剛爆發,True
PNC,Financials,PNC Financial Services,2026-06-22,243.05,10.8,21.98,16.31,16.35,1.0,15,19,14,16.0,3.84,15.36,False,True,222.45,8.13,0.88,False,247.04,-1.61,5.58,11.47,13.0,7.0,2389107.0,2715757.0,1.857,2668800.0,2907680.0,2672726.0,0.999,100.0,14,1,26,11.2,11,剛爆發,True
CINF,Financials,Cincinnati Financial,2026-06-22,184.08,17.58,20.44,12.98,15.99,1.0,2,24,18,11.8,8.24,16.6,False,True,165.07,11.13,0.748,False,185.2,-0.6,8.75,15.68,14.0,6.0,826107.0,1104550.0,2.333,1547600.0,1083950.0,956933.0,1.617,100.0,15,1,5,7.4,3,剛爆發,True
MTB,Financials,M&T Bank,2026-06-22,237.26,10.55,18.91,16.07,15.4,1.0,16,26,15,18.8,2.65,4.5,False,True,217.4,6.06,0.756,False,238.0,-0.31,5.39,11.48,14.0,6.0,1114657.0,1475300.0,2.333,1571400.0,1314720.0,1276966.0,1.231,100.0,16,1,21,11.0,10,剛爆發,True
USB,Financials,U.S. Bancorp,2026-06-22,60.39,11.05,21.02,12.99,14.51,1.0,14,20,17,16.4,3.41,6.03,False,True,55.59,7.54,1.073,False,61.35,-1.57,4.76,11.86,14.0,6.0,10762050.0,10027300.0,2.333,14686300.0,11612300.0,11012120.0,1.334,100.0,17,1,13,9.8,6,剛爆發,True
KEY,Financials,KeyCorp,2026-06-22,23.26,10.13,20.77,11.95,13.7,1.0,18,22,20,19.6,,,,,,,,,,,,,,,,,,,,,,,18,29,29,,29,吃老本,False
GS,Financials,Goldman Sachs,2026-06-22,1019.61,-0.14,27.55,13.5,13.6,0.667,55,12,16,34.3,8.09,19.09,False,True,988.31,10.35,0.826,False,1125.0,-9.37,-7.02,1.56,11.0,9.0,2277963.0,2757711.0,1.222,4008500.0,2506760.0,2517046.0,1.593,80.92,19,26,6,19.2,21,吃老本,True
TRV,Financials,Travelers Companies (The),2026-06-22,327.37,12.62,15.24,12.95,13.44,1.0,11,34,19,19.5,8.93,24.02,False,True,302.06,9.8,1.345,False,327.64,-0.08,6.35,11.7,14.0,6.0,2409357.0,1790983.0,2.333,3658500.0,2882220.0,2389340.0,1.531,100.0,20,1,8,10.0,7,剛爆發,True
AIZ,Financials,Assurant,2026-06-22,264.43,6.62,24.41,10.95,13.23,1.0,34,16,21,26.0,,,,,,,,,,,,,,,,,,,,,,,21,29,29,,29,吃老本,False
RF,Financials,Regions Financial Corporation,2026-06-22,30.06,8.38,20.62,10.25,12.38,1.0,26,23,23,24.5,,,,,,,,,,,,,,,,,,,,,,,22,29,29,,29,吃老本,False
TROW,Financials,T. Rowe Price,2026-06-22,110.27,6.76,26.17,8.12,12.29,1.0,33,13,26,25.6,7.39,-0.99,False,True,102.85,5.99,0.983,False,112.34,-1.85,2.43,7.77,12.0,8.0,2326033.0,2365175.0,1.5,3831900.0,2465050.0,2320153.0,1.652,95.34,23,16,4,16.4,19,剛爆發,True
MET,Financials,MetLife,2026-06-22,85.95,3.94,27.93,8.63,12.28,1.0,45,10,25,30.5,6.65,6.3,False,True,81.66,6.28,0.931,False,89.62,-4.1,0.43,4.87,12.0,8.0,4080366.0,4384087.0,1.5,5516600.0,4531350.0,4237680.0,1.302,91.88,24,21,16,21.2,23,,True
BAC,Financials,Bank of America,2026-06-22,57.88,12.75,23.87,4.17,11.24,1.0,10,17,31,16.3,8.78,2.69,False,True,53.12,6.91,0.925,False,59.2,-2.23,2.99,14.6,11.0,9.0,38353381.0,41461966.0,1.222,48757600.0,39047280.0,37382340.0,1.304,94.48,25,18,15,20.2,22,剛爆發,True
AFL,Financials,Aflac,2026-06-22,120.15,6.88,13.5,10.48,10.33,1.0,32,38,22,31.8,,,,,,,,,,,,,,,,,,,,,,,26,29,29,,29,,False
PGR,Financials,Progressive Corporation,2026-06-22,224.24,17.83,12.88,5.1,10.23,1.0,1,39,30,18.2,1.61,5.33,False,True,201.62,11.66,1.142,False,251.49,-10.83,9.5,15.34,13.0,7.0,4097338.0,3587028.0,1.857,6015700.0,4455720.0,3862753.0,1.557,100.0,27,1,7,12.6,13,剛爆發,True
CB,Financials,Chubb Limited,2026-06-22,341.44,9.87,7.34,9.59,9.1,1.0,21,47,24,29.4,,,,,,,,,,,,,,,,,,,,,,,28,29,29,,29,,False
EG,Financials,Everest Group,2026-06-22,355.52,10.37,12.49,6.62,9.03,1.0,17,40,28,26.1,,,,,,,,,,,,,,,,,,,,,,,29,29,29,,29,,False
HBAN,Financials,Huntington Bancshares,2026-06-22,17.79,9.72,19.04,2.22,8.3,1.0,22,25,32,24.9,,,,,,,,,,,,,,,,,,,,,,,30,29,29,,29,,False
L,Financials,Loews Corporation,2026-06-22,113.25,9.37,8.89,6.56,7.85,1.0,23,45,29,30.8,,,,,,,,,,,,,,,,,,,,,,,31,29,29,,29,,False
JPM,Financials,JPMorgan Chase,2026-06-22,327.57,9.94,16.93,1.32,7.38,1.0,20,30,36,26.2,,,,,,,,,,,,,,,,,,,,,,,32,29,29,,29,,False
WRB,Financials,W. R. Berkley Corporation,2026-06-22,71.27,13.18,11.08,2.03,7.08,1.0,6,41,33,21.9,14.13,0.45,False,True,66.44,7.49,0.739,False,76.93,-7.35,7.04,11.84,12.0,8.0,2221841.0,3006550.0,1.5,2625200.0,2307710.0,2234046.0,1.175,95.35,33,15,23,23.8,24,剛爆發,True
CPAY,Financials,Corpay,2026-06-22,332.48,-8.1,16.69,7.19,5.74,0.667,66,32,27,48.0,,,,,,,,,,,,,,,,,,,,,,,34,29,29,,29,,False
TFC,Financials,Truist Financial,2026-06-22,50.49,4.73,14.58,1.83,5.74,1.0,41,35,34,37.8,,,,,,,,,,,,,,,,,,,,,,,34,29,29,,29,,False
HOOD,Financials,Robinhood Markets,2026-06-22,98.69,4.66,49.49,-16.46,5.31,0.667,42,1,59,33.1,-1.98,3.8,False,True,85.22,22.29,1.333,False,153.86,-35.86,-8.75,16.32,10.0,10.0,42139330.0,31605790.0,1.0,44936800.0,38238790.0,36529326.0,1.23,94.63,36,17,22,25.6,25,剛爆發,False
PRU,Financials,Prudential Financial,2026-06-22,108.25,7.56,17.62,-2.42,5.09,0.667,29,28,39,30.7,,,,,,,,,,,,,,,,,,,,,,,37,29,29,,29,剛爆發,False
ACGL,Financials,Arch Capital Group,2026-06-22,97.54,9.18,4.41,1.74,4.27,1.0,24,54,35,35.2,,,,,,,,,,,,,,,,,,,,,,,38,29,29,,29,剛爆發,False
SYF,Financials,Synchrony Financial,2026-06-22,78.66,10.11,20.84,-7.8,3.84,0.667,19,21,45,24.8,,,,,,,,,,,,,,,,,,,,,,,39,29,29,,29,剛爆發,False
BRK-B,Financials,Berkshire Hathaway,2026-06-22,498.66,5.1,6.44,0.07,2.92,1.0,39,49,37,41.6,,,,,,,,,,,,,,,,,,,,,,,40,29,29,,29,剛爆發,False
V,Financials,Visa Inc.,2026-06-22,336.23,3.02,14.01,-4.9,1.81,0.667,48,36,42,43.2,,,,,,,,,,,,,,,,,,,,,,,41,29,29,,29,剛爆發,False
AXP,Financials,American Express,2026-06-22,339.43,7.55,16.82,-10.2,0.99,0.667,30,31,49,34.1,,,,,,,,,,,,,,,,,,,,,,,42,29,29,,29,剛爆發,False
IVZ,Financials,Invesco,2026-06-22,26.16,-8.08,13.64,-1.42,0.68,0.333,65,37,38,51.2,,,,,,,,,,,,,,,,,,,,,,,43,29,29,,29,剛爆發,False
HIG,Financials,Hartford (The),2026-06-22,133.89,5.82,1.67,-2.57,0.58,0.667,36,62,40,44.6,,,,,,,,,,,,,,,,,,,,,,,44,29,29,,29,剛爆發,False
AJG,Financials,Arthur J. Gallagher & Co.,2026-06-22,226.01,12.76,9.49,-13.01,-0.94,0.667,9,43,55,28.4,0.98,1.4,False,True,209.9,8.52,1.052,False,323.7,-30.18,5.58,11.9,11.0,9.0,1977363.0,1879211.0,1.222,2225600.0,2044020.0,2017453.0,1.103,96.12,45,14,25,28.6,26,剛爆發,True
WFC,Financials,Wells Fargo,2026-06-22,83.86,8.15,9.26,-11.03,-1.16,0.667,27,44,52,37.1,,,,,,,,,,,,,,,,,,,,,,,46,29,29,,29,剛爆發,False
AON,Financials,Aon plc,2026-06-22,328.69,4.0,5.07,-7.6,-1.53,0.667,44,53,44,46.7,,,,,,,,,,,,,,,,,,,,,,,47,29,29,,29,剛爆發,False
RJF,Financials,Raymond James Financial,2026-06-22,149.41,4.55,6.5,-8.65,-1.56,0.667,43,48,46,45.1,,,,,,,,,,,,,,,,,,,,,,,48,29,29,,29,剛爆發,False
COF,Financials,Capital One,2026-06-22,204.0,8.55,16.34,-17.51,-2.53,0.667,25,33,60,34.4,,,,,,,,,,,,,,,,,,,,,,,49,29,29,,29,剛爆發,False
MRSH,Financials,Marsh McLennan,2026-06-22,168.08,5.66,0.43,-8.68,-2.82,0.667,37,65,47,47.4,,,,,,,,,,,,,,,,,,,,,,,50,29,29,,29,剛爆發,False
AMP,Financials,Ameriprise Financial,2026-06-22,452.81,1.59,4.04,-9.17,-3.18,0.667,53,56,48,52.9,,,,,,,,,,,,,,,,,,,,,,,51,29,29,,29,剛爆發,False
MSCI,Financials,MSCI Inc.,2026-06-22,554.85,-12.12,6.39,-4.43,-3.65,0.333,69,50,41,57.7,,,,,,,,,,,,,,,,,,,,,,,52,29,29,,29,剛爆發,False
AIG,Financials,American International Group,2026-06-22,75.57,2.48,4.28,-11.52,-4.07,0.667,51,55,53,52.6,,,,,,,,,,,,,,,,,,,,,,,53,29,29,,29,剛爆發,False
ERIE,Financials,Erie Indemnity,2026-06-22,237.35,12.03,-0.32,-14.54,-4.34,0.333,13,66,58,37.9,-5.26,73.67,False,True,223.08,13.15,0.835,False,372.77,-36.33,7.95,9.4,10.0,10.0,204230.0,244660.0,1.0,310800.0,266140.0,238720.0,1.302,88.43,54,23,16,34.0,28,剛爆發,False
SCHW,Financials,Charles Schwab Corporation,2026-06-22,90.67,3.8,-1.48,-10.39,-4.61,0.333,46,67,51,53.3,,,,,,,,,,,,,,,,,,,,,,,55,29,29,,29,剛爆發,False
MCO,Financials,Moody's Corporation,2026-06-22,450.01,-0.71,6.18,-13.07,-5.17,0.333,58,52,56,55.8,,,,,,,,,,,,,,,,,,,,,,,56,29,29,,29,剛爆發,False
MA,Financials,Mastercard,2026-06-22,498.18,1.02,3.23,-13.63,-5.75,0.667,54,59,57,56.1,,,,,,,,,,,,,,,,,,,,,,,57,29,29,,29,剛爆發,False
BLK,Financials,BlackRock,2026-06-22,964.71,-7.33,3.89,-10.34,-6.03,0.333,64,57,50,59.1,,,,,,,,,,,,,,,,,,,,,,,58,29,29,,29,剛爆發,False
BRO,Financials,Brown & Brown,2026-06-22,64.22,14.17,1.54,-20.08,-6.11,0.667,5,63,64,34.2,2.3,3.34,False,True,59.72,10.39,1.126,False,110.12,-41.68,8.66,12.98,11.0,9.0,3551509.0,3154911.0,1.222,4410300.0,3485480.0,3297773.0,1.337,99.29,59,12,12,30.8,27,剛爆發,True
GPN,Financials,Global Payments,2026-06-22,69.8,-7.21,6.32,-12.51,-6.48,0.333,63,51,54,57.6,,,,,,,,,,,,,,,,,,,,,,,60,29,29,,29,剛爆發,False
FDS,Financials,FactSet,2026-06-22,231.74,-5.59,17.42,-19.87,-6.98,0.333,61,29,63,51.8,,,,,,,,,,,,,,,,,,,,,,,61,29,29,,29,剛爆發,False
APO,Financials,Apollo Global Management,2026-06-22,118.29,-8.1,9.56,-19.69,-9.48,0.333,66,42,62,58.0,,,,,,,,,,,,,,,,,,,,,,,62,29,29,,29,剛爆發,False
WTW,Financials,Willis Towers Watson,2026-06-22,264.47,6.31,-5.62,-20.19,-9.92,0.333,35,69,65,51.2,,,,,,,,,,,,,,,,,,,,,,,63,29,29,,29,剛爆發,False
BX,Financials,Blackstone Inc.,2026-06-22,115.4,-1.34,7.77,-24.19,-10.49,0.333,59,46,69,57.1,,,,,,,,,,,,,,,,,,,,,,,64,29,29,,29,剛爆發,False
SPGI,Financials,S&P Global,2026-06-22,386.15,-3.74,0.71,-22.55,-12.03,0.333,60,64,67,62.6,,,,,,,,,,,,,,,,,,,,,,,65,29,29,,29,剛爆發,False
CBOE,Financials,Cboe Global Markets,2026-06-22,242.21,-27.39,-11.09,-5.01,-12.12,0.0,76,72,43,68.2,,,,,,,,,,,,,,,,,,,,,,,66,29,29,,29,剛爆發,False
PYPL,Financials,PayPal,2026-06-22,44.29,-0.7,1.94,-25.68,-12.53,0.333,57,61,70,60.8,,,,,,,,,,,,,,,,,,,,,,,67,29,29,,29,剛爆發,False
NDAQ,Financials,"Nasdaq, Inc.",2026-06-22,78.56,-14.78,-3.24,-20.39,-14.7,0.0,72,68,66,69.6,,,,,,,,,,,,,,,,,,,,,,,68,29,29,,29,剛爆發,False
KKR,Financials,KKR & Co.,2026-06-22,90.13,-6.06,2.04,-30.63,-16.32,0.333,62,60,73,63.6,,,,,,,,,,,,,,,,,,,,,,,69,29,29,,29,剛爆發,False
JKHY,Financials,Jack Henry & Associates,2026-06-22,135.0,-0.52,-11.55,-26.88,-16.46,0.0,56,73,72,64.3,,,,,,,,,,,,,,,,,,,,,,,70,29,29,,29,剛爆發,False
FISV,Financials,Fiserv,2026-06-22,49.45,-12.57,-8.26,-26.74,-18.58,0.0,70,71,71,70.5,,,,,,,,,,,,,,,,,,,,,,,71,29,29,,29,剛爆發,False
ARES,Financials,Ares Management,2026-06-22,109.13,-14.22,3.72,-33.78,-19.52,0.333,71,58,74,67.7,,,,,,,,,,,,,,,,,,,,,,,72,29,29,,29,剛爆發,False
CME,Financials,CME Group,2026-06-22,221.0,-18.79,-24.38,-17.81,-19.7,0.0,74,76,61,72.0,,,,,,,,,,,,,,,,,,,,,,,73,29,29,,29,剛爆發,False
ICE,Financials,Intercontinental Exchange,2026-06-22,123.86,-15.91,-18.57,-23.73,-20.48,0.0,73,75,68,72.6,,,,,,,,,,,,,,,,,,,,,,,74,29,29,,29,剛爆發,False
COIN,Financials,Coinbase,2026-06-22,149.06,-21.14,-7.5,-37.08,-25.7,0.0,75,70,75,73.5,,,,,,,,,,,,,,,,,,,,,,,75,29,29,,29,剛爆發,False
FIS,Financials,Fidelity National Information Services,2026-06-22,38.57,-9.26,-16.8,-41.44,-27.24,0.0,68,74,76,71.4,,,,,,,,,,,,,,,,,,,,,,,76,29,29,,29,剛爆發,False
MRNA,Health Care,Moderna,2026-06-22,67.27,42.55,35.73,115.61,77.38,1.0,1,11,1,4.0,12.37,18.88,False,True,51.16,33.27,1.339,False,69.29,-2.91,5.18,41.41,12.0,8.0,9265483.0,6918600.0,1.5,14456700.0,10913530.0,8980513.0,1.61,100.0,1,1,12,3.2,1,,True
HUM,Health Care,Humana,2026-06-22,383.84,25.97,127.54,49.4,63.08,1.0,3,1,4,2.6,1.05,0.68,False,True,298.33,9.03,0.81,False,385.49,-0.43,6.68,24.63,14.0,6.0,1450928.0,1791966.0,2.333,1704900.0,1724640.0,1573200.0,1.084,100.0,2,1,22,5.6,4,,True
CNC,Health Care,Centene Corporation,2026-06-22,65.73,10.29,105.41,62.26,60.05,1.0,17,2,3,9.7,57.91,2.46,False,True,56.41,9.51,1.239,False,66.55,-1.23,7.72,11.58,10.0,10.0,6504160.0,5247800.0,1.0,5803600.0,6170490.0,6021033.0,0.964,96.72,3,18,25,13.4,15,吃老本,True
DVA,Health Care,DaVita,2026-06-22,217.04,11.67,40.54,90.42,58.26,1.0,14,6,2,9.2,23.18,6.51,False,True,186.66,6.15,0.958,False,217.04,0.0,4.39,10.12,12.0,8.0,835658.0,872100.0,1.5,1669500.0,928360.0,847786.0,1.969,97.1,4,17,5,9.4,11,吃老本,True
UNH,Health Care,UnitedHealth Group,2026-06-22,427.89,13.15,66.14,30.69,35.17,1.0,12,3,7,8.3,9.52,0.19,False,True,381.16,7.17,1.363,False,427.93,-0.01,6.72,12.5,11.0,9.0,8559863.0,6280900.0,1.222,10588200.0,7255420.0,7363740.0,1.438,100.0,5,1,16,5.6,4,,True
CVS,Health Care,CVS Health,2026-06-22,103.7,14.68,50.19,33.3,32.87,1.0,10,4,6,7.4,16.48,9.38,False,True,90.61,8.19,1.012,False,105.5,-1.71,6.12,12.23,12.0,8.0,9037466.0,8934400.0,1.5,9690500.0,9465690.0,9297880.0,1.042,99.99,6,15,24,13.2,14,吃老本,True
TECH,Health Care,Bio-Techne,2026-06-22,71.0,37.38,39.61,20.28,29.39,1.0,2,7,13,5.7,-0.82,5.84,False,True,52.98,30.33,3.506,False,71.93,-1.29,22.54,39.65,12.0,8.0,8133025.0,2319525.0,1.5,12259500.0,8604640.0,6820073.0,1.798,100.0,7,1,7,4.6,2,剛爆發,False
WST,Health Care,West Pharmaceutical Services,2026-06-22,350.62,8.69,44.28,28.12,27.3,1.0,25,5,8,15.6,27.07,11.54,False,True,312.61,9.08,1.397,False,352.08,-0.41,6.98,9.03,12.0,8.0,944916.0,676537.0,1.5,1255000.0,931460.0,851220.0,1.474,100.0,8,1,15,6.6,6,剛爆發,True
VTRS,Health Care,Viatris,2026-06-22,16.33,0.43,26.05,34.66,23.95,1.0,48,16,5,29.8,17.54,7.39,False,True,15.8,10.6,0.954,False,17.4,-6.16,6.25,1.37,11.0,9.0,10098845.0,10580622.0,1.222,12849200.0,10742720.0,10231046.0,1.256,88.35,9,24,21,17.4,20,吃老本,True
BAX,Health Care,Baxter International,2026-06-22,22.04,17.36,38.08,13.84,20.78,1.0,7,9,17,9.6,15.93,-17.8,False,True,18.81,13.61,1.183,False,31.49,-30.01,10.81,14.55,12.0,8.0,7613825.0,6433787.0,1.5,10260200.0,7162760.0,7283866.0,1.409,100.0,10,1,18,8.0,7,剛爆發,True
RVTY,Health Care,Revvity,2026-06-22,112.95,8.1,34.81,16.98,19.22,1.0,26,13,14,19.7,4.47,7.8,False,True,96.86,18.73,0.988,False,118.13,-4.39,13.02,11.66,12.0,8.0,1507083.0,1525612.0,1.5,3674600.0,1605380.0,1489773.0,2.467,100.0,11,1,2,5.2,3,剛爆發,True
LLY,Health Care,Lilly (Eli),2026-06-22,1208.12,9.33,37.8,12.48,18.02,1.0,21,10,20,17.5,25.9,9.14,False,True,1030.62,12.13,1.222,False,1215.76,-0.63,9.97,7.22,10.0,10.0,3782030.0,3094540.0,1.0,7725800.0,3444260.0,3490713.0,2.213,94.71,12,20,3,13.4,15,吃老本,True
BIIB,Health Care,Biogen,2026-06-22,216.03,10.22,17.51,22.0,17.93,1.0,18,21,11,17.5,23.61,23.18,False,True,193.05,12.41,1.025,False,218.06,-0.93,9.89,10.0,10.0,10.0,1203290.0,1173660.0,1.0,2374400.0,1335130.0,1220946.0,1.945,92.9,13,21,6,14.8,17,吃老本,True
INCY,Health Care,Incyte,2026-06-22,113.75,17.58,25.97,13.63,17.7,1.0,6,17,18,11.7,35.12,-6.08,False,True,99.26,18.63,0.957,False,115.56,-1.57,15.81,16.67,11.0,9.0,2282372.0,2385611.0,1.222,3794900.0,2310170.0,2400633.0,1.581,100.0,14,1,13,8.6,9,剛爆發,True
ELV,Health Care,Elevance Health,2026-06-22,395.18,0.92,38.55,14.11,16.92,1.0,46,8,16,28.6,16.36,7.65,False,True,381.18,6.18,0.889,False,426.98,-7.45,1.72,1.03,12.0,8.0,1780583.0,2003712.0,1.5,2913700.0,1786480.0,1852813.0,1.573,89.36,15,22,14,17.6,21,吃老本,True
JNJ,Health Care,Johnson & Johnson,2026-06-22,254.66,13.02,6.52,24.01,16.89,1.0,13,33,9,18.2,0.85,-0.11,False,True,229.95,11.58,0.955,False,255.11,-0.18,11.5,10.34,11.0,9.0,9080754.0,9506044.0,1.222,16316800.0,10435400.0,9603533.0,1.699,95.85,16,19,10,16.0,18,,True
CRL,Health Care,Charles River Laboratories,2026-06-22,215.75,19.39,35.56,5.94,16.7,1.0,5,12,27,11.5,5.42,1.91,False,True,176.75,19.86,1.205,False,228.88,-5.74,16.62,18.98,12.0,8.0,896650.0,743912.0,1.5,1445800.0,926170.0,843286.0,1.714,100.0,17,1,9,9.0,10,剛爆發,True
CAH,Health Care,Cardinal Health,2026-06-22,237.4,20.89,15.45,14.79,16.48,1.0,4,23,15,11.9,13.7,11.17,False,True,204.98,9.18,1.023,False,239.92,-1.05,7.28,19.05,14.0,6.0,2547700.0,2489250.0,2.333,3633200.0,2712640.0,2673133.0,1.359,100.0,18,1,20,11.6,13,剛爆發,True
ABBV,Health Care,AbbVie,2026-06-22,251.56,16.37,21.99,11.97,15.57,1.0,8,19,21,13.9,-0.77,2.16,False,True,213.26,16.47,1.806,False,251.56,0.0,17.03,15.88,12.0,8.0,10529358.0,5830125.0,1.5,52635100.0,11806680.0,9480340.0,5.552,100.0,19,1,1,8.2,8,剛爆發,False
MRK,Health Care,Merck & Co.,2026-06-22,128.66,9.15,8.32,22.26,15.5,1.0,23,29,10,22.2,13.15,1.47,False,True,115.16,14.49,0.879,False,128.78,-0.09,12.99,8.09,12.0,8.0,12382600.0,14085787.0,1.5,18891500.0,14137340.0,13520286.0,1.397,97.93,20,16,19,18.2,22,,True
DGX,Health Care,Quest Diagnostics,2026-06-22,209.03,7.69,7.82,20.36,14.06,1.0,27,31,12,25.2,5.61,2.63,False,True,194.92,8.49,0.941,False,211.71,-1.27,7.63,6.97,10.0,10.0,881120.0,936170.0,1.0,1349700.0,998530.0,949120.0,1.422,88.71,21,23,17,21.0,23,,True
HSIC,Health Care,Henry Schein,2026-06-22,84.95,10.93,17.82,11.59,12.98,1.0,15,20,22,17.9,8.44,3.48,False,True,76.37,8.07,1.124,False,89.29,-4.86,6.29,11.31,12.0,8.0,1503483.0,1337925.0,1.5,2350400.0,1305440.0,1395060.0,1.685,100.0,22,1,11,11.4,12,剛爆發,True
VRTX,Health Care,Vertex Pharmaceuticals,2026-06-22,491.34,9.79,13.46,6.14,8.88,1.0,20,25,26,22.7,,,,,,,,,,,,,,,,,,,,,,,23,27,27,,27,,False
ALGN,Health Care,Align Technology,2026-06-22,178.43,1.99,7.24,12.67,8.64,1.0,44,32,19,35.4,,,,,,,,,,,,,,,,,,,,,,,24,27,27,,27,,False
SOLV,Health Care,Solventum,2026-06-22,79.53,6.11,26.72,-1.16,7.63,0.667,33,15,35,28.0,9.33,5.0,False,True,74.19,9.91,0.742,False,88.2,-9.83,5.44,4.73,10.0,10.0,1980760.0,2668770.0,1.0,2922400.0,1629840.0,1643720.0,1.778,83.0,25,26,8,22.0,25,,True
EW,Health Care,Edwards Lifesciences,2026-06-22,90.78,4.98,14.42,4.53,7.11,1.0,36,24,28,30.8,,,,,,,,,,,,,,,,,,,,,,,26,27,27,,27,,False
AMGN,Health Care,Amgen,2026-06-22,358.33,6.4,3.52,9.19,7.07,1.0,31,35,23,30.6,,,,,,,,,,,,,,,,,,,,,,,27,27,27,,27,,False
ZBH,Health Care,Zimmer Biomet,2026-06-22,93.1,13.38,5.68,3.39,6.46,1.0,11,34,32,22.1,12.21,0.93,False,True,86.37,7.85,1.052,False,107.16,-13.12,6.11,12.71,13.0,7.0,2276784.0,2164785.0,1.857,2281800.0,2278900.0,2177153.0,1.048,100.0,28,1,23,16.2,19,剛爆發,True
LH,Health Care,Labcorp,2026-06-22,271.47,4.39,3.03,7.49,5.6,1.0,38,36,25,34.8,,,,,,,,,,,,,,,,,,,,,,,29,27,27,,27,,False
A,Health Care,Agilent Technologies,2026-06-22,135.75,0.35,23.66,-1.32,5.34,0.667,49,18,36,37.1,,,,,,,,,,,,,,,,,,,,,,,30,27,27,,27,,False
WAT,Health Care,Waters Corporation,2026-06-22,374.41,-2.39,29.48,-3.02,5.26,0.333,54,14,37,38.6,16.99,0.46,False,True,345.04,7.97,1.166,False,414.15,-9.6,5.34,2.11,8.0,12.0,1171750.0,1005216.0,0.667,2032500.0,1049120.0,956586.0,2.125,83.8,31,25,4,23.2,26,剛爆發,True
CI,Health Care,Cigna,2026-06-22,282.79,2.53,8.58,3.43,4.49,1.0,43,27,31,35.8,,,,,,,,,,,,,,,,,,,,,,,32,27,27,,27,,False
DXCM,Health Care,Dexcom,2026-06-22,70.14,-4.88,12.67,3.8,3.85,0.667,57,26,30,42.3,,,,,,,,,,,,,,,,,,,,,,,33,27,27,,27,剛爆發,False
BMY,Health Care,Bristol Myers Squibb,2026-06-22,56.88,0.59,-0.73,7.61,3.77,0.667,47,42,24,40.9,,,,,,,,,,,,,,,,,,,,,,,34,27,27,,27,剛爆發,False
BDX,Health Care,Becton Dickinson,2026-06-22,155.92,6.73,1.62,2.38,3.28,1.0,30,40,33,33.6,,,,,,,,,,,,,,,,,,,,,,,35,27,27,,27,剛爆發,False
SYK,Health Care,Stryker Corporation,2026-06-22,331.82,9.05,1.88,-5.58,-0.06,0.667,24,38,38,31.0,,,,,,,,,,,,,,,,,,,,,,,36,27,27,,27,剛爆發,False
GILD,Health Care,Gilead Sciences,2026-06-22,127.88,-4.25,-4.12,3.81,-0.19,0.333,55,45,29,46.8,,,,,,,,,,,,,,,,,,,,,,,37,27,27,,27,剛爆發,False
IQV,Health Care,IQVIA,2026-06-22,191.14,4.9,16.66,-15.77,-2.49,0.667,37,22,46,34.3,,,,,,,,,,,,,,,,,,,,,,,38,27,27,,27,剛爆發,False
TMO,Health Care,Thermo Fisher Scientific,2026-06-22,513.03,4.27,8.49,-11.48,-2.55,0.667,39,28,41,36.1,,,,,,,,,,,,,,,,,,,,,,,39,27,27,,27,剛爆發,False
COO,Health Care,Cooper Companies (The),2026-06-22,71.02,16.03,1.79,-14.04,-2.57,0.667,9,39,42,24.6,10.52,7.05,False,True,64.01,10.67,1.113,False,89.83,-20.94,7.75,16.35,11.0,9.0,4197854.0,3771022.0,1.222,3489800.0,3113040.0,3859866.0,0.904,100.0,40,1,26,21.6,24,剛爆發,True
MTD,Health Care,Mettler Toledo,2026-06-22,1263.75,7.04,2.57,-11.01,-3.1,0.667,29,37,40,33.6,,,,,,,,,,,,,,,,,,,,,,,41,27,27,,27,剛爆發,False
DHR,Health Care,Danaher Corporation,2026-06-22,196.19,7.62,8.31,-14.46,-3.25,0.667,28,30,43,31.6,,,,,,,,,,,,,,,,,,,,,,,42,27,27,,27,剛爆發,False
PFE,Health Care,Pfizer,2026-06-22,23.87,-7.22,-8.69,0.06,-3.95,0.333,58,49,34,50.5,,,,,,,,,,,,,,,,,,,,,,,43,27,27,,27,剛爆發,False
MCK,Health Care,McKesson Corporation,2026-06-22,763.51,2.95,-11.14,-7.64,-5.87,0.333,41,53,39,44.2,,,,,,,,,,,,,,,,,,,,,,,44,27,27,,27,剛爆發,False
MDT,Health Care,Medtronic,2026-06-22,80.98,10.7,-6.23,-14.65,-6.21,0.333,16,47,44,30.9,,,,,,,,,,,,,,,,,,,,,,,45,27,27,,27,剛爆發,False
STE,Health Care,Steris,2026-06-22,215.67,1.68,-1.41,-15.1,-7.48,0.333,45,44,45,44.7,,,,,,,,,,,,,,,,,,,,,,,46,27,27,,27,剛爆發,False
COR,Health Care,Cencora,2026-06-22,286.13,6.23,-8.21,-15.77,-8.38,0.333,32,48,46,39.6,,,,,,,,,,,,,,,,,,,,,,,47,27,27,,27,剛爆發,False
RMD,Health Care,ResMed,2026-06-22,200.29,5.1,-8.88,-17.74,-9.81,0.333,35,50,49,42.3,,,,,,,,,,,,,,,,,,,,,,,48,27,27,,27,剛爆發,False
GEHC,Health Care,GE HealthCare,2026-06-22,65.72,5.49,-4.97,-21.28,-10.51,0.333,34,46,52,41.2,,,,,,,,,,,,,,,,,,,,,,,49,27,27,,27,剛爆發,False
IDXX,Health Care,Idexx Laboratories,2026-06-22,551.5,-2.13,-1.22,-19.9,-10.79,0.0,53,43,51,49.6,,,,,,,,,,,,,,,,,,,,,,,50,27,27,,27,剛爆發,False
ABT,Health Care,Abbott Laboratories,2026-06-22,93.45,9.95,-8.92,-23.75,-11.62,0.333,19,51,54,35.6,,,,,,,,,,,,,,,,,,,,,,,51,27,27,,27,剛爆發,False
HCA,Health Care,HCA Healthcare,2026-06-22,391.68,3.68,-16.82,-17.62,-12.1,0.333,40,55,48,46.1,,,,,,,,,,,,,,,,,,,,,,,52,27,27,,27,剛爆發,False
REGN,Health Care,Regeneron Pharmaceuticals,2026-06-22,632.9,2.95,-14.08,-19.16,-12.36,0.333,41,54,50,46.7,,,,,,,,,,,,,,,,,,,,,,,53,27,27,,27,剛爆發,False
VEEV,Health Care,Veeva Systems,2026-06-22,171.36,-1.71,-0.71,-23.72,-12.47,0.0,51,41,53,48.4,,,,,,,,,,,,,,,,,,,,,,,54,27,27,,27,剛爆發,False
ISRG,Health Care,Intuitive Surgical,2026-06-22,404.7,-4.7,-10.6,-29.96,-18.8,0.0,56,52,55,54.6,,,,,,,,,,,,,,,,,,,,,,,55,27,27,,27,剛爆發,False
UHS,Health Care,Universal Health Services,2026-06-22,145.69,-0.15,-20.73,-35.85,-23.14,0.0,50,56,56,53.0,,,,,,,,,,,,,,,,,,,,,,,56,27,27,,27,剛爆發,False
PODD,Health Care,Insulet Corporation,2026-06-22,158.25,9.18,-24.0,-45.17,-26.29,0.333,22,57,58,39.7,,,,,,,,,,,,,,,,,,,,,,,57,27,27,,27,剛爆發,False
ZTS,Health Care,Zoetis,2026-06-22,75.56,-2.06,-32.58,-39.2,-28.26,0.0,52,58,57,54.8,,,,,,,,,,,,,,,,,,,,,,,58,27,27,,27,剛爆發,False
BSX,Health Care,Boston Scientific,2026-06-22,44.23,-8.45,-36.06,-53.96,-38.1,0.0,59,59,59,59.0,,,,,,,,,,,,,,,,,,,,,,,59,27,27,,27,剛爆發,False
GNRC,Industrials,Generac,2026-06-22,278.62,0.26,43.32,98.22,60.01,1.0,60,4,1,31.4,35.49,-9.02,False,True,258.67,14.69,1.031,False,296.44,-6.01,-0.19,-0.3,11.0,9.0,1008490.0,978488.0,1.222,1196200.0,1012300.0,1005513.0,1.19,86.12,1,19,21,12.2,12,吃老本,True
FIX,Industrials,Comfort Systems USA,2026-06-22,1854.23,1.42,35.72,92.56,55.56,1.0,54,10,2,30.4,54.44,38.71,False,False,1864.63,11.68,0.74,False,2073.18,-10.56,-5.75,-0.05,11.0,9.0,482072.0,651666.0,1.222,1413700.0,603730.0,556346.0,2.541,78.95,2,22,7,11.0,9,吃老本,True
CAT,Industrials,Caterpillar Inc.,2026-06-22,995.62,13.88,43.71,71.82,50.31,1.0,8,3,4,5.7,19.3,9.51,False,True,893.66,16.13,0.651,False,1055.11,-5.64,1.18,12.37,13.0,7.0,3302030.0,5072114.0,1.857,13948500.0,4673710.0,4143333.0,3.366,97.14,3,13,3,7.0,2,吃老本,True
VRT,Industrials,Vertiv,2026-06-22,303.95,-3.7,21.09,81.46,45.07,0.667,69,20,3,41.1,15.67,4.9,False,False,324.04,19.92,0.69,False,379.86,-19.98,-8.74,-3.24,11.0,9.0,5999527.0,8701044.0,1.222,21988200.0,8029170.0,7722826.0,2.847,74.96,4,24,5,12.2,12,吃老本,True
GEV,Industrials,GE Vernova,2026-06-22,1045.17,7.99,22.57,57.83,36.55,1.0,22,18,6,17.6,771.56,316.08,False,True,1030.41,22.57,0.838,False,1181.35,-11.53,-5.82,4.99,12.0,8.0,3122083.0,3726000.0,1.5,3654200.0,3450640.0,3520586.0,1.038,87.83,5,18,24,14.0,16,吃老本,True
PWR,Industrials,Quanta Services,2026-06-22,687.76,-3.35,25.1,59.06,34.96,0.667,66,17,5,39.1,31.8,4.69,False,False,703.65,8.39,0.616,False,788.63,-12.79,-2.05,-5.78,8.0,12.0,1106700.0,1796266.0,0.667,6309100.0,1843240.0,1598840.0,3.946,66.49,6,25,2,12.8,14,吃老本,True
URI,Industrials,United Rentals,2026-06-22,1121.66,12.65,53.07,36.06,34.46,1.0,12,2,10,8.6,8.63,-6.05,False,True,982.92,8.75,1.129,False,1143.69,-1.93,4.17,13.48,13.0,7.0,601807.0,533257.0,1.857,959600.0,595040.0,581133.0,1.651,100.0,7,1,11,5.4,1,剛爆發,True
CARR,Industrials,Carrier Global,2026-06-22,73.33,15.22,36.13,38.4,32.04,1.0,5,8,8,6.5,12.03,-4.54,False,True,65.93,11.15,0.994,False,79.86,-8.18,2.48,15.33,15.0,5.0,6593660.0,6634920.0,3.0,8195100.0,5775900.0,6246440.0,1.312,100.0,8,1,17,7.0,2,剛爆發,True
JBHT,Industrials,J.B. Hunt,2026-06-22,280.3,1.4,36.59,41.91,30.45,1.0,55,7,7,31.0,3.09,4.77,False,True,262.32,10.21,1.026,False,293.54,-4.51,3.35,2.85,12.0,8.0,1068333.0,1041537.0,1.5,1357500.0,1093960.0,1086866.0,1.249,93.5,9,14,20,13.2,15,,True
DAL,Industrials,Delta Air Lines,2026-06-22,92.34,12.23,43.17,31.36,29.53,1.0,14,5,15,11.5,11.35,0.27,False,True,75.99,16.43,1.288,False,94.91,-2.7,9.97,12.22,11.0,9.0,9024290.0,7007966.0,1.222,11457300.0,9938150.0,8764006.0,1.307,100.0,10,1,18,8.0,5,剛爆發,True
LUV,Industrials,Southwest Airlines,2026-06-22,51.91,21.39,39.55,26.85,28.66,1.0,1,6,20,6.3,-5.03,1.76,False,True,41.99,18.77,1.21,False,54.63,-4.99,8.21,20.38,12.0,8.0,7476216.0,6181087.0,1.5,10908200.0,8489260.0,7536500.0,1.447,100.0,11,1,14,7.6,4,剛爆發,False
UAL,Industrials,United Airlines Holdings,2026-06-22,136.11,18.56,53.9,19.35,27.79,1.0,2,1,28,6.9,9.98,5.41,False,True,104.13,21.64,1.312,False,138.44,-1.68,15.04,18.29,11.0,9.0,6599800.0,5032000.0,1.222,6070600.0,6713350.0,6228740.0,0.975,100.0,12,1,25,10.2,7,剛爆發,True
CMI,Industrials,Cummins,2026-06-22,685.87,6.07,31.49,32.98,25.88,1.0,34,13,12,23.3,-16.25,-14.89,False,True,670.48,11.72,0.761,False,737.76,-7.03,-4.32,2.57,10.0,10.0,1070660.0,1407520.0,1.0,4262200.0,1449570.0,1306720.0,3.262,78.12,13,23,4,15.2,18,吃老本,False
GWW,Industrials,W. W. Grainger,2026-06-22,1353.61,9.67,28.31,32.67,25.83,1.0,15,16,13,14.9,14.08,-0.22,False,True,1244.93,6.47,0.916,False,1390.96,-2.69,-0.86,8.51,12.0,8.0,350275.0,382462.0,1.5,610900.0,449680.0,391366.0,1.561,93.29,14,15,12,14.0,16,,True
SWK,Industrials,Stanley Black & Decker,2026-06-22,91.98,17.05,35.08,24.69,25.38,1.0,3,11,22,9.2,34.6,9.92,False,True,78.73,13.04,0.977,False,93.5,-1.63,6.03,17.27,11.0,9.0,1667654.0,1707633.0,1.222,2028500.0,1984070.0,1861180.0,1.09,98.2,15,12,23,15.4,19,,True
MAS,Industrials,Masco,2026-06-22,79.97,13.84,35.05,24.65,24.54,1.0,9,12,23,12.7,18.62,3.21,False,True,70.71,11.24,1.029,False,80.8,-1.03,7.52,13.13,12.0,8.0,2409283.0,2341950.0,1.5,3007100.0,2392390.0,2384833.0,1.261,100.0,16,1,19,10.6,8,剛爆發,True
ODFL,Industrials,Old Dominion,2026-06-22,218.79,-2.7,16.31,37.55,22.18,0.667,65,24,9,41.5,8.46,2.8,False,True,217.89,14.6,1.004,False,252.03,-13.19,-1.02,-0.81,11.0,9.0,2233563.0,2223988.0,1.222,3020900.0,2160150.0,2157020.0,1.4,85.01,17,20,16,18.0,22,,True
CSX,Industrials,CSX Corporation,2026-06-22,47.66,5.3,20.51,30.98,21.94,1.0,38,21,16,28.5,,,,,,,,,,,,,,,,,,,,,,,18,26,26,,26,吃老本,False
DE,Industrials,Deere & Company,2026-06-22,611.65,13.11,8.54,31.61,21.22,1.0,11,48,14,22.7,14.07,15.42,False,True,573.42,10.87,0.914,False,670.49,-8.77,4.07,13.77,14.0,6.0,1459614.0,1597466.0,2.333,2319500.0,1323590.0,1325280.0,1.75,100.0,19,1,8,9.6,6,剛爆發,True
IEX,Industrials,IDEX Corporation,2026-06-22,226.45,7.76,22.22,26.9,20.95,1.0,26,19,19,22.5,,,,,,,,,,,,,,,,,,,,,,,20,26,26,,26,吃老本,False
ROK,Industrials,Rockwell Automation,2026-06-22,476.82,5.71,36.07,20.05,20.47,1.0,35,9,27,25.6,14.55,10.73,False,True,442.09,6.59,0.528,False,486.47,-1.98,0.64,4.84,13.0,7.0,670592.0,1268942.0,1.857,4256800.0,1080710.0,935286.0,4.551,90.27,21,17,1,15.4,19,,True
FDX,Industrials,FedEx,2026-06-22,318.53,-3.64,15.35,34.44,20.15,0.667,68,28,11,44.6,6.53,25.52,False,True,316.83,11.63,0.824,False,344.08,-7.43,-1.98,-3.55,11.0,9.0,2227828.0,2704677.0,1.222,3422600.0,2628760.0,2434146.0,1.406,79.82,22,21,15,20.2,23,,True
GE,Industrials,GE Aerospace,2026-06-22,368.54,13.97,30.48,17.4,19.81,1.0,7,14,30,13.7,16.31,9.81,False,True,312.4,14.37,1.125,False,379.2,-2.81,3.18,15.02,14.0,6.0,5561735.0,4945350.0,2.333,8360900.0,6020160.0,5357300.0,1.561,100.0,23,1,12,12.0,10,剛爆發,True
HWM,Industrials,Howmet Aerospace,2026-06-22,268.87,4.11,18.03,27.42,19.25,1.0,44,22,17,32.0,,,,,,,,,,,,,,,,,,,,,,,24,26,26,,26,,False
NDSN,Industrials,Nordson Corporation,2026-06-22,301.47,5.22,16.18,24.29,17.5,1.0,40,26,24,32.6,,,,,,,,,,,,,,,,,,,,,,,25,26,26,,26,,False
LII,Industrials,Lennox International,2026-06-22,562.52,12.29,29.15,13.82,17.27,1.0,13,15,36,18.2,5.28,-5.74,False,True,510.93,13.31,0.993,False,682.27,-17.55,5.9,13.45,12.0,8.0,391741.0,394412.0,1.5,991600.0,423540.0,389666.0,2.545,100.0,26,1,6,12.0,10,剛爆發,True
TT,Industrials,Trane Technologies,2026-06-22,477.89,6.13,16.76,22.3,16.87,1.0,33,23,26,28.6,,,,,,,,,,,,,,,,,,,,,,,27,26,26,,26,,False
ETN,Industrials,Eaton Corporation,2026-06-22,402.68,0.52,12.99,25.73,16.24,1.0,58,35,21,43.7,,,,,,,,,,,,,,,,,,,,,,,28,26,26,,26,,False
WAB,Industrials,Wabtec,2026-06-22,269.53,3.2,11.92,23.2,15.38,1.0,48,37,25,40.1,,,,,,,,,,,,,,,,,,,,,,,29,26,26,,26,,False
EME,Industrials,Emcor,2026-06-22,797.69,-3.47,8.95,27.41,15.07,0.667,67,47,18,51.2,,,,,,,,,,,,,,,,,,,,,,,30,26,26,,26,,False
AME,Industrials,Ametek,2026-06-22,237.52,5.32,13.69,14.3,11.9,1.0,37,34,33,35.3,,,,,,,,,,,,,,,,,,,,,,,31,26,26,,26,,False
UNP,Industrials,Union Pacific Corporation,2026-06-22,268.35,2.17,12.96,16.16,11.86,1.0,52,36,31,43.0,,,,,,,,,,,,,,,,,,,,,,,32,26,26,,26,剛爆發,False
SNA,Industrials,Snap-on,2026-06-22,397.1,6.97,11.36,13.66,11.41,1.0,29,40,37,33.9,,,,,,,,,,,,,,,,,,,,,,,33,26,26,,26,剛爆發,False
HUBB,Industrials,Hubbell Incorporated,2026-06-22,517.02,9.17,7.82,14.3,11.39,1.0,17,50,33,30.1,,,,,,,,,,,,,,,,,,,,,,,34,26,26,,26,剛爆發,False
DOV,Industrials,Dover Corporation,2026-06-22,225.96,6.91,9.64,13.43,10.85,1.0,30,45,38,36.1,,,,,,,,,,,,,,,,,,,,,,,35,26,26,,26,剛爆發,False
PH,Industrials,Parker Hannifin,2026-06-22,968.92,14.72,9.31,9.55,10.78,1.0,6,46,42,25.2,4.36,6.75,False,True,905.9,11.36,0.744,False,1032.63,-6.17,1.64,13.61,15.0,5.0,768446.0,1033140.0,3.0,1229900.0,734980.0,724300.0,1.698,100.0,36,1,10,16.8,21,剛爆發,True
FAST,Industrials,Fastenal,2026-06-22,46.84,6.56,5.34,14.56,10.26,1.0,31,54,32,38.1,,,,,,,,,,,,,,,,,,,,,,,37,26,26,,26,剛爆發,False
FTV,Industrials,Fortive,2026-06-22,61.48,5.52,14.13,10.63,10.23,1.0,36,32,40,35.6,,,,,,,,,,,,,,,,,,,,,,,38,26,26,,26,剛爆發,False
HON,Industrials,Honeywell Technologies,2026-06-22,243.53,-2.38,4.65,18.89,10.01,0.667,64,55,29,54.3,,,,,,,,,,,,,,,,,,,,,,,39,26,26,,26,剛爆發,False
UPS,Industrials,United Parcel Service,2026-06-22,108.14,1.36,15.99,10.9,9.79,1.0,56,27,39,43.9,,,,,,,,,,,,,,,,,,,,,,,40,26,26,,26,剛爆發,False
JCI,Industrials,Johnson Controls,2026-06-22,138.4,3.52,5.71,14.05,9.33,1.0,46,52,35,45.6,,,,,,,,,,,,,,,,,,,,,,,41,26,26,,26,剛爆發,False
PCAR,Industrials,Paccar,2026-06-22,120.68,9.34,7.37,8.57,8.46,1.0,16,51,43,31.9,,,,,,,,,,,,,,,,,,,,,,,42,26,26,,26,剛爆發,False
CHRW,Industrials,C.H. Robinson,2026-06-22,179.33,0.72,11.37,9.68,7.86,1.0,57,39,41,48.4,,,,,,,,,,,,,,,,,,,,,,,43,26,26,,26,剛爆發,False
NSC,Industrials,Norfolk Southern,2026-06-22,312.81,2.57,10.91,8.45,7.6,1.0,50,41,44,46.1,,,,,,,,,,,,,,,,,,,,,,,44,26,26,,26,剛爆發,False
EXPD,Industrials,Expeditors International,2026-06-22,160.73,2.26,14.4,6.12,7.23,1.0,51,31,48,44.4,,,,,,,,,,,,,,,,,,,,,,,45,26,26,,26,剛爆發,False
EMR,Industrials,Emerson Electric,2026-06-22,143.49,-0.23,14.89,6.57,6.95,0.667,62,30,46,49.2,,,,,,,,,,,,,,,,,,,,,,,46,26,26,,26,剛爆發,False
ITW,Industrials,Illinois Tool Works,2026-06-22,266.1,8.26,4.0,7.4,6.77,1.0,20,58,45,36.4,,,,,,,,,,,,,,,,,,,,,,,47,26,26,,26,剛爆發,False
MMM,Industrials,3M,2026-06-22,164.01,7.11,15.25,2.17,6.67,1.0,28,29,52,33.1,,,,,,,,,,,,,,,,,,,,,,,48,26,26,,26,剛爆發,False
TDG,Industrials,TransDigm Group,2026-06-22,1324.56,5.26,16.19,1.17,5.95,1.0,39,25,54,37.8,,,,,,,,,,,,,,,,,,,,,,,49,26,26,,26,剛爆發,False
IR,Industrials,Ingersoll Rand,2026-06-22,81.37,13.58,2.45,0.16,4.09,1.0,10,59,57,34.1,4.03,6.58,False,True,76.02,12.32,0.952,False,100.91,-19.36,4.44,14.62,13.0,7.0,4467261.0,4691414.0,1.857,8240800.0,5192970.0,4742653.0,1.738,100.0,50,1,9,22.2,24,剛爆發,True
WM,Industrials,Waste Management,2026-06-22,225.53,7.12,0.64,2.85,3.37,1.0,27,60,49,41.3,,,,,,,,,,,,,,,,,,,,,,,51,26,26,,26,剛爆發,False
RSG,Industrials,Republic Services,2026-06-22,215.76,7.96,0.54,2.0,3.13,1.0,23,61,53,40.4,,,,,,,,,,,,,,,,,,,,,,,52,26,26,,26,剛爆發,False
BA,Industrials,Boeing,2026-06-22,217.25,-6.01,14.03,0.37,2.19,0.667,72,33,56,57.1,,,,,,,,,,,,,,,,,,,,,,,53,26,26,,26,剛爆發,False
RTX,Industrials,RTX Corporation,2026-06-22,187.99,4.64,-0.49,2.28,2.18,0.667,42,65,50,50.5,,,,,,,,,,,,,,,,,,,,,,,54,26,26,,26,剛爆發,False
TXT,Industrials,Textron,2026-06-22,91.22,-0.57,4.31,1.15,1.51,0.667,63,56,55,59.3,,,,,,,,,,,,,,,,,,,,,,,55,26,26,,26,剛爆發,False
UBER,Industrials,Uber,2026-06-22,76.2,8.24,10.15,-6.23,1.48,0.667,21,44,59,35.5,,,,,,,,,,,,,,,,,,,,,,,56,26,26,,26,剛爆發,False
GD,Industrials,General Dynamics,2026-06-22,345.19,-0.03,0.45,2.2,1.21,0.667,61,62,51,59.3,,,,,,,,,,,,,,,,,,,,,,,57,26,26,,26,剛爆發,False
BLDR,Industrials,Builders FirstSource,2026-06-22,89.14,16.89,10.83,-14.28,-0.21,0.667,4,42,68,28.2,-27.61,-12.25,False,True,78.73,17.53,0.949,False,151.03,-40.98,10.61,16.19,9.0,11.0,2763022.0,2912872.0,0.818,3050200.0,2575180.0,2563246.0,1.19,92.83,58,16,21,33.8,25,剛爆發,False
PAYX,Industrials,Paychex,2026-06-22,98.87,3.01,10.37,-10.47,-1.89,0.667,49,43,63,50.0,,,,,,,,,,,,,,,,,,,,,,,59,26,26,,26,剛爆發,False
J,Industrials,Jacobs Solutions,2026-06-22,125.69,4.86,0.16,-6.55,-2.02,0.667,41,63,60,51.4,,,,,,,,,,,,,,,,,,,,,,,60,26,26,,26,剛爆發,False
LMT,Industrials,Lockheed Martin,2026-06-22,507.4,-3.72,-17.07,6.29,-2.05,0.333,70,75,47,66.9,,,,,,,,,,,,,,,,,,,,,,,61,26,26,,26,剛爆發,False
VLTO,Industrials,Veralto,2026-06-22,89.61,9.13,5.7,-11.56,-2.07,0.667,18,53,64,37.7,,,,,,,,,,,,,,,,,,,,,,,62,26,26,,26,剛爆發,False
AOS,Industrials,A. O. Smith,2026-06-22,61.35,8.82,-3.65,-7.94,-2.68,0.333,19,69,61,42.4,,,,,,,,,,,,,,,,,,,,,,,63,26,26,,26,剛爆發,False
ADP,Industrials,Automatic Data Processing,2026-06-22,223.55,1.54,11.92,-12.26,-2.77,0.667,53,37,65,50.6,,,,,,,,,,,,,,,,,,,,,,,64,26,26,,26,剛爆發,False
CTAS,Industrials,Cintas,2026-06-22,171.9,0.37,4.02,-9.61,-3.71,0.667,59,57,62,59.0,,,,,,,,,,,,,,,,,,,,,,,65,26,26,,26,剛爆發,False
ALLE,Industrials,Allegion,2026-06-22,139.71,7.85,-2.92,-12.42,-4.98,0.333,25,67,66,45.8,,,,,,,,,,,,,,,,,,,,,,,66,26,26,,26,剛爆發,False
LHX,Industrials,L3Harris,2026-06-22,291.25,-7.22,-14.74,-1.12,-6.05,0.0,74,74,58,70.8,,,,,,,,,,,,,,,,,,,,,,,67,26,26,,26,剛爆發,False
XYL,Industrials,Xylem Inc.,2026-06-22,116.45,6.31,-0.55,-15.49,-6.3,0.333,32,66,69,49.6,,,,,,,,,,,,,,,,,,,,,,,68,26,26,,26,剛爆發,False
AXON,Industrials,Axon Enterprise,2026-06-22,464.83,3.59,8.12,-20.38,-7.27,0.667,45,49,73,51.8,,,,,,,,,,,,,,,,,,,,,,,69,26,26,,26,剛爆發,False
VRSK,Industrials,Verisk Analytics,2026-06-22,182.18,4.39,-0.04,-16.88,-7.35,0.333,43,64,71,54.9,,,,,,,,,,,,,,,,,,,,,,,70,26,26,,26,剛爆發,False
OTIS,Industrials,Otis Worldwide,2026-06-22,73.19,3.32,-3.05,-15.58,-7.72,0.333,47,68,70,57.9,,,,,,,,,,,,,,,,,,,,,,,71,26,26,,26,剛爆發,False
PNR,Industrials,Pentair,2026-06-22,76.09,7.88,-9.73,-27.29,-14.11,0.333,24,72,75,48.6,,,,,,,,,,,,,,,,,,,,,,,72,26,26,,26,剛爆發,False
CPRT,Industrials,Copart,2026-06-22,30.55,-6.77,-5.8,-22.26,-14.28,0.0,73,70,74,72.3,,,,,,,,,,,,,,,,,,,,,,,73,26,26,,26,剛爆發,False
NOC,Industrials,Northrop Grumman,2026-06-22,500.03,-10.9,-26.03,-12.74,-15.6,0.0,78,78,67,75.8,,,,,,,,,,,,,,,,,,,,,,,74,26,26,,26,剛爆發,False
EFX,Industrials,Equifax,2026-06-22,158.48,-4.41,-7.46,-28.19,-17.06,0.0,71,71,77,72.2,,,,,,,,,,,,,,,,,,,,,,,75,26,26,,26,剛爆發,False
HII,Industrials,Huntington Ingalls Industries,2026-06-22,281.99,-8.5,-25.82,-19.09,-18.12,0.0,75,77,72,75.0,,,,,,,,,,,,,,,,,,,,,,,76,26,26,,26,剛爆發,False
ROL,Industrials,"Rollins, Inc.",2026-06-22,43.27,-9.1,-17.24,-28.14,-20.65,0.0,76,76,76,76.0,,,,,,,,,,,,,,,,,,,,,,,77,26,26,,26,剛爆發,False
BR,Industrials,Broadridge Financial Solutions,2026-06-22,137.93,-9.66,-11.79,-38.81,-24.77,0.0,77,73,78,76.0,,,,,,,,,,,,,,,,,,,,,,,78,26,26,,26,剛爆發,False
LDOS,Industrials,Leidos,2026-06-22,101.76,-20.09,-34.34,-44.92,-36.07,0.0,79,79,79,79.0,,,,,,,,,,,,,,,,,,,,,,,79,26,26,,26,剛爆發,False
SNDK,Information Technology,Sandisk,2026-06-22,2090.71,23.35,239.49,736.12,433.77,1.0,4,1,1,2.5,59.67,74.97,False,True,1521.57,23.72,1.035,False,2354.39,-11.2,-4.3,27.35,11.0,9.0,11523309.0,11132277.0,1.222,16867100.0,11719630.0,11934506.0,1.413,100.0,1,1,10,2.8,1,,True
MU,Information Technology,Micron Technology,2026-06-22,1132.16,16.61,217.12,297.93,207.4,1.0,8,2,2,5.0,21.25,33.21,False,True,802.02,26.98,0.871,False,1254.81,-9.77,-0.15,22.61,11.0,9.0,54501636.0,62577577.0,1.222,86405300.0,59294030.0,60857913.0,1.42,97.08,2,13,9,7.8,6,吃老本,True
INTC,Information Technology,Intel,2026-06-22,128.32,11.89,197.52,254.48,179.59,1.0,9,3,3,6.0,2108.68,81.51,False,True,108.39,20.24,1.162,False,141.45,-9.28,-4.23,6.15,9.0,11.0,147668977.0,127066445.0,0.818,99475400.0,135469420.0,139838960.0,0.711,84.61,3,19,22,13.2,14,吃老本,True
MRVL,Information Technology,Marvell Technology,2026-06-22,266.7,30.13,181.31,209.35,157.54,1.0,2,4,7,3.6,0.64,1.05,False,True,213.16,23.58,1.454,False,329.8,-19.13,-14.11,30.24,11.0,9.0,83596909.0,57497155.0,1.222,41986200.0,67026030.0,70333086.0,0.597,100.0,4,1,23,6.6,4,,True
WDC,Information Technology,Western Digital,2026-06-22,586.45,10.43,113.05,223.28,142.51,1.0,10,9,4,8.5,13.57,10.47,False,True,510.82,40.2,0.84,False,799.87,-26.68,-21.41,10.43,12.0,8.0,9474950.0,11277212.0,1.5,23404400.0,13510220.0,11328620.0,2.066,84.9,5,18,3,9.8,11,吃老本,True
STX,Information Technology,Seagate Technology,2026-06-22,899.9,2.36,136.94,215.18,142.42,1.0,19,6,5,12.3,16.76,9.58,False,True,809.87,27.22,1.0,False,1144.18,-21.35,-15.86,2.25,12.0,8.0,4522241.0,4524387.0,1.5,9311400.0,5898890.0,4962060.0,1.877,85.0,6,17,6,10.4,12,吃老本,True
DELL,Information Technology,Dell Technologies,2026-06-22,398.83,-5.09,133.24,211.42,137.75,0.667,35,7,6,20.8,63.99,10.74,False,True,305.36,15.24,1.044,False,468.7,-14.91,-2.44,26.0,11.0,9.0,12142436.0,11632466.0,1.222,10833000.0,8584700.0,8868653.0,1.221,100.0,7,1,16,6.4,3,剛爆發,True
AMD,Information Technology,Advanced Micro Devices,2026-06-22,521.58,1.06,158.22,142.61,111.12,1.0,22,5,9,14.3,5.82,15.98,False,True,439.12,13.11,0.868,False,562.99,-7.36,-2.94,0.67,10.0,10.0,29826710.0,34356210.0,1.0,52705100.0,32680280.0,32993500.0,1.597,79.42,8,22,7,13.4,15,吃老本,True
AMAT,Information Technology,Applied Materials,2026-06-22,626.84,39.28,86.14,139.94,101.33,1.0,1,14,10,6.7,6.5,7.89,False,True,467.95,20.72,0.72,False,669.22,-6.33,1.58,39.4,15.0,5.0,10711340.0,14876600.0,3.0,28138600.0,13656850.0,12917200.0,2.178,100.0,9,1,2,4.4,2,剛爆發,True
FLEX,Information Technology,Flex Ltd.,2026-06-22,146.7,-2.71,126.39,131.64,96.74,0.667,29,8,11,19.1,6.07,10.54,False,True,129.26,16.49,2.897,False,166.86,-12.08,-0.62,1.28,7.0,13.0,17663371.0,6097007.0,0.538,10063300.0,14462200.0,11298506.0,0.891,100.0,10,1,21,8.6,8,剛爆發,True
GLW,Information Technology,Corning Inc.,2026-06-22,221.05,22.02,61.82,147.63,94.78,1.0,5,18,8,9.5,1.21,2.08,False,True,183.06,29.26,0.923,False,230.5,-4.1,13.41,21.0,10.0,10.0,15705500.0,17015390.0,1.0,45397500.0,19264420.0,17166313.0,2.645,99.11,11,11,1,9.0,9,,True
LRCX,Information Technology,Lam Research,2026-06-22,379.09,19.23,79.44,113.29,81.31,1.0,6,16,13,10.4,7.87,8.7,False,True,310.16,14.41,0.993,False,409.75,-7.48,-2.56,19.29,13.0,7.0,12987015.0,13083014.0,1.857,19733700.0,14763360.0,14396466.0,1.371,100.0,12,1,11,7.4,5,剛爆發,True
TER,Information Technology,Teradyne,2026-06-22,436.86,16.71,47.84,119.81,76.04,1.0,7,24,12,13.1,20.93,30.11,False,True,379.76,21.46,1.08,False,472.37,-7.52,-0.24,14.17,10.0,10.0,5509550.0,5100910.0,1.0,11486400.0,6712300.0,5904686.0,1.945,92.31,13,15,4,12.0,13,,True
KLAC,Information Technology,KLA Corporation,2026-06-22,248.64,29.38,72.5,94.81,72.88,1.0,3,17,17,10.0,2.5,0.59,False,True,201.3,13.91,0.837,False,269.9,-7.88,-4.21,28.99,13.0,7.0,13356215.0,15966214.0,1.857,21394400.0,15717930.0,15834286.0,1.351,100.0,14,1,12,8.4,7,剛爆發,True
FTNT,Information Technology,Fortinet,2026-06-22,151.35,9.7,93.54,85.57,68.59,1.0,12,12,19,13.4,32.63,8.95,False,True,120.96,8.82,1.17,False,152.77,-0.93,4.57,16.69,13.0,7.0,7656453.0,6546728.0,1.857,9199700.0,7358520.0,7169586.0,1.283,100.0,15,1,14,9.2,10,剛爆發,True
COHR,Information Technology,Coherent Corp.,2026-06-22,380.56,5.28,56.3,98.5,64.64,1.0,15,19,15,16.2,1.12,6.82,False,True,366.55,21.71,0.933,False,440.0,-13.51,-2.31,0.96,11.0,9.0,6335081.0,6788133.0,1.222,7103900.0,6077610.0,6205986.0,1.145,84.31,16,20,18,18.0,20,,True
DDOG,Information Technology,Datadog,2026-06-22,239.77,-3.06,109.44,73.35,63.27,0.667,31,10,21,22.7,18.25,6.33,False,True,197.44,12.92,1.172,False,278.7,-13.97,7.52,6.45,7.0,13.0,6688457.0,5705461.0,0.538,9628000.0,5002030.0,5035486.0,1.912,85.47,17,16,5,14.2,16,,True
HPE,Information Technology,Hewlett Packard Enterprise,2026-06-22,43.71,1.85,83.12,80.16,61.32,1.0,20,15,20,18.5,48.03,10.75,False,True,37.97,15.33,1.599,False,64.06,-31.77,-7.8,14.73,9.0,11.0,56246533.0,35177272.0,0.818,36793900.0,29160570.0,29633873.0,1.242,95.97,18,14,15,15.8,17,,True
PANW,Information Technology,Palo Alto Networks,2026-06-22,304.2,7.99,106.91,61.42,59.44,1.0,13,11,24,14.6,6.62,9.94,False,True,237.56,12.09,0.975,False,306.24,-0.67,5.71,18.01,11.0,9.0,9056227.0,9285477.0,1.222,8269800.0,7050540.0,7276100.0,1.137,98.49,19,12,19,16.2,18,剛爆發,True
LITE,Information Technology,Lumentum,2026-06-22,816.98,-4.44,16.26,109.07,57.49,0.667,33,48,14,33.7,4.62,18.56,False,False,903.65,25.72,0.843,False,1085.68,-24.75,-3.88,-5.07,11.0,9.0,5769236.0,6843900.0,1.222,9122000.0,5922350.0,6022820.0,1.515,78.49,20,23,8,18.8,21,,True
Q,Information Technology,Qnity Electronics,2026-06-22,158.2,1.41,41.62,88.08,54.8,1.0,21,28,18,22.5,,,,,,,,,,,,,,,,,,,,,,,21,24,24,,24,,False
CIEN,Information Technology,Ciena,2026-06-22,479.5,-17.36,19.39,98.4,49.71,0.667,60,44,16,46.4,,,,,,,,,,,,,,,,,,,,,,,22,24,24,,24,,False
CRWD,Information Technology,CrowdStrike,2026-06-22,175.27,-4.09,89.7,45.7,44.25,0.667,32,13,29,25.7,3.05,1.56,False,True,148.51,7.5,0.88,False,196.41,-10.76,2.37,4.48,10.0,10.0,13680440.0,15537480.0,1.0,13329200.0,11352160.0,12468960.0,1.069,84.05,23,21,20,21.6,22,,True
TXN,Information Technology,Texas Instruments,2026-06-22,283.98,-6.62,50.73,63.25,42.65,0.667,41,21,23,31.4,,,,,,,,,,,,,,,,,,,,,,,24,24,24,,24,,False
ON,Information Technology,ON Semiconductor,2026-06-22,90.65,-24.85,55.36,65.03,40.14,0.667,69,20,22,44.9,,,,,,,,,,,,,,,,,,,,,,,25,24,24,,24,,False
FFIV,Information Technology,"F5, Inc.",2026-06-22,394.53,2.89,39.91,49.93,35.67,1.0,18,29,27,23.1,,,,,,,,,,,,,,,,,,,,,,,26,24,24,,24,,False
JBL,Information Technology,Jabil,2026-06-22,358.6,-1.63,37.37,51.96,34.91,0.667,28,32,26,28.8,,,,,,,,,,,,,,,,,,,,,,,27,24,24,,24,,False
KEYS,Information Technology,Keysight Technologies,2026-06-22,328.66,-2.86,17.77,59.51,33.49,0.667,30,46,25,33.8,,,,,,,,,,,,,,,,,,,,,,,28,24,24,,24,,False
CSCO,Information Technology,Cisco,2026-06-22,113.35,-5.52,43.13,47.13,32.97,0.667,38,26,28,32.4,,,,,,,,,,,,,,,,,,,,,,,29,24,24,,24,,False
NTAP,Information Technology,NetApp,2026-06-22,151.99,-12.53,49.73,39.33,28.97,0.667,49,22,31,37.3,,,,,,,,,,,,,,,,,,,,,,,30,24,24,,24,剛爆發,False
MCHP,Information Technology,Microchip Technology,2026-06-22,87.93,-7.1,42.53,36.88,27.3,0.667,42,27,33,35.7,,,,,,,,,,,,,,,,,,,,,,,31,24,24,,24,剛爆發,False
ADI,Information Technology,Analog Devices,2026-06-22,386.91,-6.25,26.19,40.58,25.28,0.667,40,37,30,37.1,,,,,,,,,,,,,,,,,,,,,,,32,24,24,,24,剛爆發,False
MPWR,Information Technology,Monolithic Power Systems,2026-06-22,1311.32,-16.15,24.97,39.29,21.85,0.667,55,40,32,45.9,,,,,,,,,,,,,,,,,,,,,,,33,24,24,,24,剛爆發,False
NXPI,Information Technology,NXP Semiconductors,2026-06-22,277.02,-13.5,45.03,25.37,20.56,0.667,51,25,35,40.0,,,,,,,,,,,,,,,,,,,,,,,34,24,24,,24,剛爆發,False
APH,Information Technology,Amphenol,2026-06-22,163.72,10.22,32.64,19.55,20.49,1.0,11,34,37,23.1,11.96,3.07,False,True,144.4,10.66,1.126,False,168.72,-2.96,0.0,11.03,13.0,7.0,10300453.0,9146714.0,1.857,11861100.0,9579020.0,9991740.0,1.187,100.0,35,1,17,17.8,19,剛爆發,True
CDNS,Information Technology,Cadence Design Systems,2026-06-22,377.27,0.62,38.82,18.31,19.01,1.0,24,31,39,29.1,,,,,,,,,,,,,,,,,,,,,,,36,24,24,,24,剛爆發,False
ANET,Information Technology,Arista Networks,2026-06-22,157.6,-1.17,30.5,19.54,17.1,0.667,26,35,38,31.1,,,,,,,,,,,,,,,,,,,,,,,37,24,24,,24,剛爆發,False
TDY,Information Technology,Teledyne Technologies,2026-06-22,624.29,0.72,5.22,20.67,11.82,1.0,23,55,36,35.2,,,,,,,,,,,,,,,,,,,,,,,38,24,24,,24,剛爆發,False
QCOM,Information Technology,Qualcomm,2026-06-22,189.39,-24.27,49.55,9.44,11.04,0.667,68,23,40,48.9,,,,,,,,,,,,,,,,,,,,,,,39,24,24,,24,剛爆發,False
ZBRA,Information Technology,Zebra Technologies,2026-06-22,251.53,3.24,24.13,2.14,7.91,1.0,17,41,46,30.0,,,,,,,,,,,,,,,,,,,,,,,40,24,24,,24,剛爆發,False
SWKS,Information Technology,Skyworks Solutions,2026-06-22,68.0,-12.65,27.85,8.11,7.85,0.667,50,36,41,44.0,,,,,,,,,,,,,,,,,,,,,,,41,24,24,,24,剛爆發,False
AKAM,Information Technology,Akamai Technologies,2026-06-22,113.29,-24.24,-1.06,28.13,7.74,0.333,67,59,34,58.0,,,,,,,,,,,,,,,,,,,,,,,42,24,24,,24,剛爆發,False
AAPL,Information Technology,Apple Inc.,2026-06-22,283.78,-9.06,14.16,3.99,3.27,0.667,46,51,45,47.3,,,,,,,,,,,,,,,,,,,,,,,43,24,24,,24,剛爆發,False
CDW,Information Technology,CDW Corporation,2026-06-22,133.3,6.26,13.47,-3.54,3.16,0.667,14,52,50,32.6,-0.26,5.13,False,True,124.52,9.82,1.525,False,180.42,-26.12,3.84,14.76,9.0,11.0,2868688.0,1881672.0,0.818,2746600.0,2302720.0,2043853.0,1.344,99.34,44,10,13,24.2,23,剛爆發,False
AVGO,Information Technology,Broadcom,2026-06-22,365.02,-18.17,21.59,4.04,2.88,0.667,61,42,44,51.9,,,,,,,,,,,,,,,,,,,,,,,45,24,24,,24,剛爆發,False
NVDA,Information Technology,Nvidia,2026-06-22,192.53,-8.71,15.06,1.17,2.18,0.667,44,50,48,46.6,,,,,,,,,,,,,,,,,,,,,,,46,24,24,,24,剛爆發,False
MSI,Information Technology,Motorola Solutions,2026-06-22,402.89,0.2,-7.81,7.46,1.83,0.667,25,63,42,39.8,,,,,,,,,,,,,,,,,,,,,,,47,24,24,,24,剛爆發,False
HPQ,Information Technology,HP Inc.,2026-06-22,22.88,-14.35,19.13,1.18,1.78,0.667,52,45,47,48.9,,,,,,,,,,,,,,,,,,,,,,,48,24,24,,24,剛爆發,False
GEN,Information Technology,Gen Digital,2026-06-22,24.45,-5.2,34.03,-11.01,1.7,0.333,36,33,53,38.5,,,,,,,,,,,,,,,,,,,,,,,49,24,24,,24,剛爆發,False
SMCI,Information Technology,Supermicro,2026-06-22,30.63,-33.54,39.42,-0.03,1.45,0.333,73,30,49,55.3,,,,,,,,,,,,,,,,,,,,,,,50,24,24,,24,剛爆發,False
SNPS,Information Technology,Synopsys,2026-06-22,454.34,-4.47,19.42,-4.78,1.35,0.333,34,43,51,40.1,,,,,,,,,,,,,,,,,,,,,,,51,24,24,,24,剛爆發,False
VRSN,Information Technology,Verisign,2026-06-22,255.62,-10.43,3.56,4.44,0.5,0.667,48,57,43,49.7,,,,,,,,,,,,,,,,,,,,,,,52,24,24,,24,剛爆發,False
IBM,Information Technology,IBM,2026-06-22,271.63,-8.79,15.78,-9.8,-3.15,0.333,45,49,52,47.6,,,,,,,,,,,,,,,,,,,,,,,53,24,24,,24,剛爆發,False
FSLR,Information Technology,First Solar,2026-06-22,239.07,-22.07,25.63,-11.35,-4.79,0.333,65,38,54,54.7,,,,,,,,,,,,,,,,,,,,,,,54,24,24,,24,剛爆發,False
TEL,Information Technology,TE Connectivity,2026-06-22,197.74,-7.34,-1.8,-14.36,-9.46,0.0,43,62,55,51.1,,,,,,,,,,,,,,,,,,,,,,,55,24,24,,24,剛爆發,False
ROP,Information Technology,Roper Technologies,2026-06-22,337.46,3.93,-1.52,-24.61,-11.71,0.333,16,61,58,37.9,,,,,,,,,,,,,,,,,,,,,,,56,24,24,,24,剛爆發,False
FICO,Information Technology,Fair Isaac,2026-06-22,1182.79,-5.42,16.99,-32.53,-13.38,0.333,37,47,59,44.4,,,,,,,,,,,,,,,,,,,,,,,57,24,24,,24,剛爆發,False
MSFT,Information Technology,Microsoft,2026-06-22,372.97,-17.16,4.77,-23.19,-14.69,0.333,59,56,56,57.5,,,,,,,,,,,,,,,,,,,,,,,58,24,24,,24,剛爆發,False
GDDY,Information Technology,GoDaddy,2026-06-22,84.55,-1.49,5.73,-33.46,-15.67,0.333,27,54,61,41.9,,,,,,,,,,,,,,,,,,,,,,,59,24,24,,24,剛爆發,False
APP,Information Technology,AppLovin,2026-06-22,477.08,-22.18,25.15,-33.2,-15.86,0.333,66,39,60,56.7,,,,,,,,,,,,,,,,,,,,,,,60,24,24,,24,剛爆發,False
ORCL,Information Technology,Oracle Corporation,2026-06-22,148.02,-34.21,6.72,-24.52,-19.13,0.333,74,53,57,64.3,,,,,,,,,,,,,,,,,,,,,,,61,24,24,,24,剛爆發,False
TYL,Information Technology,Tyler Technologies,2026-06-22,294.4,-5.99,-11.86,-36.15,-22.54,0.0,39,65,65,52.0,,,,,,,,,,,,,,,,,,,,,,,62,24,24,,24,剛爆發,False
NOW,Information Technology,ServiceNow,2026-06-22,98.34,-20.93,-1.08,-36.1,-23.55,0.0,63,60,64,62.3,,,,,,,,,,,,,,,,,,,,,,,63,24,24,,24,剛爆發,False
ADSK,Information Technology,Autodesk,2026-06-22,196.26,-15.15,-14.61,-34.73,-24.81,0.0,54,68,63,60.0,,,,,,,,,,,,,,,,,,,,,,,64,24,24,,24,剛爆發,False
PTC,Information Technology,PTC Inc.,2026-06-22,115.72,-16.59,-15.91,-34.47,-25.36,0.0,56,69,62,61.1,,,,,,,,,,,,,,,,,,,,,,,65,24,24,,24,剛爆發,False
WDAY,Information Technology,"Workday, Inc.",2026-06-22,124.21,-15.04,0.02,-43.72,-25.61,0.333,53,58,70,57.9,,,,,,,,,,,,,,,,,,,,,,,66,24,24,,24,剛爆發,False
TRMB,Information Technology,Trimble Inc.,2026-06-22,50.7,-10.12,-19.49,-36.78,-25.79,0.0,47,70,66,57.7,,,,,,,,,,,,,,,,,,,,,,,67,24,24,,24,剛爆發,False
CRM,Information Technology,Salesforce,2026-06-22,158.37,-16.91,-11.23,-40.18,-27.12,0.0,58,64,68,61.8,,,,,,,,,,,,,,,,,,,,,,,68,24,24,,24,剛爆發,False
ADBE,Information Technology,Adobe Inc.,2026-06-22,202.73,-21.79,-13.67,-42.7,-30.22,0.0,64,67,69,65.9,,,,,,,,,,,,,,,,,,,,,,,69,24,24,,24,剛爆發,False
IT,Information Technology,Gartner,2026-06-22,134.96,-16.79,-13.16,-46.57,-30.78,0.0,57,66,71,62.5,,,,,,,,,,,,,,,,,,,,,,,70,24,24,,24,剛爆發,False
PLTR,Information Technology,Palantir Technologies,2026-06-22,112.93,-27.86,-21.06,-40.16,-32.31,0.0,70,71,67,69.7,,,,,,,,,,,,,,,,,,,,,,,71,24,24,,24,剛爆發,False
CTSH,Information Technology,Cognizant,2026-06-22,40.03,-28.21,-32.51,-52.65,-41.5,0.0,71,73,73,72.0,,,,,,,,,,,,,,,,,,,,,,,72,24,24,,24,剛爆發,False
ACN,Information Technology,Accenture,2026-06-22,127.45,-31.05,-32.46,-52.02,-41.89,0.0,72,72,72,72.0,,,,,,,,,,,,,,,,,,,,,,,73,24,24,,24,剛爆發,False
INTU,Information Technology,Intuit,2026-06-22,266.54,-19.25,-35.51,-60.23,-43.81,0.0,62,74,74,68.0,,,,,,,,,,,,,,,,,,,,,,,74,24,24,,24,剛爆發,False
NUE,Materials,Nucor,2026-06-22,239.19,-4.09,47.27,45.13,33.36,0.667,17,1,1,9.0,14.67,-4.37,False,True,234.83,13.39,0.788,False,270.24,-11.49,-1.66,-3.82,10.0,10.0,1676740.0,2127130.0,1.0,2250000.0,2232910.0,1945473.0,1.157,75.84,1,18,17,11.0,10,吃老本,True
STLD,Materials,Steel Dynamics,2026-06-22,244.93,-5.64,44.03,40.76,29.98,0.667,20,2,2,11.0,-0.19,7.92,False,True,243.21,19.06,0.598,False,288.09,-14.98,-1.77,-5.85,10.0,10.0,1027970.0,1719030.0,1.0,1667800.0,1628060.0,1427833.0,1.168,71.25,2,20,16,12.0,13,吃老本,False
SW,Materials,Smurfit Westrock,2026-06-22,46.98,14.17,20.57,23.74,20.55,1.0,2,3,6,3.1,-17.35,-43.0,False,True,40.95,13.36,1.504,False,51.63,-9.01,6.29,14.53,13.0,7.0,7234407.0,4808585.0,1.857,8561300.0,7047370.0,6930140.0,1.235,100.0,3,1,12,4.0,2,,True
PPG,Materials,PPG Industries,2026-06-22,123.24,9.08,19.48,19.59,16.94,1.0,9,4,9,7.5,3.65,-4.37,False,True,111.52,7.43,1.339,False,131.81,-6.5,4.22,9.2,13.0,7.0,2235530.0,1669314.0,1.857,2550400.0,2266600.0,2109940.0,1.209,100.0,4,1,14,4.8,3,,True
PKG,Materials,Packaging Corporation of America,2026-06-22,241.55,11.07,14.56,17.07,14.94,1.0,6,6,12,7.2,12.54,-3.88,False,True,219.59,9.13,1.127,False,246.42,-1.98,5.47,11.46,12.0,8.0,717191.0,636487.0,1.5,941900.0,688060.0,700233.0,1.345,100.0,5,1,5,3.4,1,,True
LIN,Materials,Linde plc,2026-06-22,519.62,4.74,6.14,23.13,14.28,1.0,13,15,7,12.4,1.4,0.54,False,True,506.29,4.02,0.837,False,527.94,-1.58,1.46,3.84,9.0,11.0,2482866.0,2966554.0,0.818,3318300.0,2713400.0,2646593.0,1.254,79.81,6,14,6,9.2,9,吃老本,True
BALL,Materials,Ball Corporation,2026-06-22,61.79,13.44,4.63,18.12,13.58,1.0,3,16,11,8.5,11.31,1.51,False,True,57.95,10.46,0.998,False,67.84,-8.91,7.05,10.27,13.0,6.0,3731884.0,3738200.0,2.167,4634600.0,3935910.0,3703293.0,1.251,100.0,7,1,9,5.0,4,剛爆發,True
CTVA,Materials,Corteva,2026-06-22,82.62,5.79,1.0,23.07,13.23,1.0,11,18,8,12.5,27.11,-1.6,False,True,79.33,9.73,1.325,False,85.43,-3.29,5.13,2.74,11.0,9.0,5342254.0,4031555.0,1.222,6394900.0,5530810.0,5100506.0,1.254,95.22,8,10,6,8.4,8,,True
CF,Materials,CF Industries,2026-06-22,105.7,-5.92,-22.22,37.76,11.85,0.333,21,23,3,18.0,45.68,10.41,False,False,116.64,8.96,0.767,False,141.38,-25.24,2.69,-9.27,11.0,9.0,2607563.0,3399688.0,1.222,2753900.0,3069320.0,3056353.0,0.901,77.27,9,16,22,14.4,16,吃老本,True
FCX,Materials,Freeport-McMoRan,2026-06-22,62.3,-4.96,11.29,18.29,10.73,0.667,18,8,10,13.4,21.95,46.66,False,False,64.09,16.83,0.839,False,72.1,-13.6,-9.07,-5.19,10.0,10.0,13771010.0,16412960.0,1.0,24660500.0,15975570.0,15728033.0,1.568,72.94,10,19,3,12.2,14,吃老本,True
VMC,Materials,Vulcan Materials Company,2026-06-22,311.35,10.05,19.32,6.24,10.46,1.0,8,5,18,9.1,22.32,-19.94,False,True,285.45,13.35,1.094,False,329.81,-5.6,2.81,12.5,12.0,8.0,1379275.0,1260637.0,1.5,1602800.0,1283990.0,1317333.0,1.217,100.0,11,1,13,7.4,7,剛爆發,True
IFF,Materials,International Flavors & Fragrances,2026-06-22,76.35,0.93,8.09,14.43,9.47,1.0,15,13,13,14.0,16.51,-3.81,False,True,74.39,7.79,1.034,False,83.51,-8.58,-0.48,-1.64,8.0,12.0,2209587.0,2137625.0,0.667,2280000.0,1909980.0,1888666.0,1.207,76.91,12,17,15,14.6,17,,True
AMCR,Materials,Amcor,2026-06-22,43.03,10.84,13.27,6.54,9.3,1.0,7,7,17,9.0,0.55,2.47,False,True,38.97,7.88,1.01,False,49.46,-12.99,4.75,9.63,11.0,9.0,3692236.0,3654000.0,1.222,3286000.0,3617100.0,3531833.0,0.93,93.69,13,11,20,13.6,15,,True
SHW,Materials,Sherwin-Williams,2026-06-22,344.07,13.24,9.38,6.23,8.77,1.0,4,11,19,9.1,3.56,3.12,False,True,316.34,10.34,1.308,False,376.95,-8.72,7.26,12.76,13.0,7.0,3078976.0,2353314.0,1.857,8235100.0,3328460.0,3037780.0,2.711,100.0,14,1,1,6.2,5,剛爆發,True
ECL,Materials,Ecolab,2026-06-22,283.65,11.1,8.82,7.31,8.64,1.0,5,12,16,9.3,0.17,0.65,False,True,260.82,8.41,1.191,False,307.61,-7.79,5.4,9.29,12.0,8.0,2120350.0,1780450.0,1.5,2958200.0,2098220.0,2066913.0,1.431,100.0,15,1,4,7.2,6,剛爆發,True
IP,Materials,International Paper,2026-06-22,38.76,15.81,10.97,-0.4,6.49,0.667,1,9,20,7.2,5.41,-131.89,False,True,33.5,13.95,1.476,False,53.57,-27.64,5.27,16.33,13.0,7.0,7509646.0,5087514.0,1.857,4950100.0,7164020.0,6828226.0,0.725,100.0,16,1,23,11.4,12,剛爆發,True
APD,Materials,Air Products,2026-06-22,276.08,-0.3,-4.33,13.8,5.74,0.333,16,20,14,16.8,4.54,3.93,False,False,288.5,4.12,0.721,False,306.06,-9.8,-0.86,-2.07,11.0,9.0,1251800.0,1736577.0,1.222,1741500.0,1718970.0,1547433.0,1.125,79.36,17,15,18,16.4,20,,True
DD,Materials,DuPont,2026-06-22,137.22,-5.53,1.46,11.74,4.85,0.667,19,17,15,17.6,13.58,6.6,False,False,142.48,12.36,0.858,False,156.73,-12.45,-4.13,-4.13,8.0,12.0,1267662.0,1477316.0,0.667,3014400.0,1708840.0,1476382.0,2.042,70.89,18,21,2,16.0,19,,True
LYB,Materials,LyondellBasell,2026-06-22,55.73,-15.51,-30.0,31.78,4.51,0.333,25,26,4,21.1,76.13,-204.95,False,False,67.84,17.8,0.886,False,83.07,-32.91,-7.22,-17.61,4.0,16.0,4976425.0,5615350.0,0.25,5391600.0,5730520.0,5594326.0,0.964,55.8,19,23,19,20.6,22,,True
DOW,Materials,Dow Inc.,2026-06-22,29.04,-13.96,-28.13,27.45,3.2,0.333,24,25,5,20.5,51.7,33.7,False,False,35.7,18.52,0.832,False,42.31,-31.36,-8.48,-15.63,6.0,14.0,11378666.0,13674907.0,0.429,12286800.0,14652810.0,13388686.0,0.918,58.22,20,22,21,21.0,23,,True
MLM,Materials,Martin Marietta Materials,2026-06-22,616.06,6.07,8.06,-4.23,1.41,0.667,10,14,21,13.4,5.28,-7.18,False,True,588.59,12.77,1.316,False,709.08,-13.12,1.14,7.27,12.0,8.0,641908.0,487737.0,1.5,701100.0,586990.0,564600.0,1.242,100.0,21,1,11,11.0,10,剛爆發,True
CRH,Materials,CRH plc,2026-06-22,112.32,3.24,10.8,-12.26,-2.62,0.667,14,10,26,15.2,8.1,-1.79,False,True,109.49,10.99,1.224,False,130.61,-14.01,0.97,5.21,11.0,9.0,5380700.0,4394855.0,1.222,6434500.0,5669950.0,5129153.0,1.254,93.27,22,12,6,14.8,18,剛爆發,True
AVY,Materials,Avery Dennison,2026-06-22,165.76,4.87,-0.57,-8.16,-3.0,0.333,12,19,23,16.3,1.81,2.65,False,True,160.45,7.08,0.98,False,197.29,-15.98,4.46,3.5,11.0,9.0,795081.0,811466.0,1.222,1019500.0,814960.0,815600.0,1.25,89.37,23,13,10,16.4,20,剛爆發,True
MOS,Materials,Mosaic Company (The),2026-06-22,22.38,-6.36,-9.57,-6.22,-7.09,0.0,22,22,22,22.0,,,,,,,,,,,,,,,,,,,,,,,24,24,24,,24,,False
NEM,Materials,Newmont,2026-06-22,96.13,-12.46,-5.63,-8.73,-8.88,0.0,23,21,24,22.6,,,,,,,,,,,,,,,,,,,,,,,25,24,24,,24,,False
ALB,Materials,Albemarle Corporation,2026-06-22,133.7,-24.02,-25.3,-10.42,-17.54,0.0,26,24,25,25.2,,,,,,,,,,,,,,,,,,,,,,,26,24,24,,24,,False
IRM,Real Estate,Iron Mountain,2026-06-22,132.44,3.97,35.65,63.96,41.89,1.0,22,1,1,11.5,15.76,3.81,False,True,124.64,7.73,1.184,False,134.68,-1.66,3.61,5.14,12.0,8.0,1714175.0,1448300.0,1.5,2134000.0,1769570.0,1619553.0,1.318,97.74,1,7,8,4.8,2,吃老本,True
HST,Real Estate,Host Hotels & Resorts,2026-06-22,24.13,9.05,34.43,40.03,30.89,1.0,8,2,3,5.2,116.0,4.07,False,True,21.9,4.3,1.019,False,24.47,-1.38,0.2,7.65,13.0,7.0,10009000.0,9824200.0,1.857,9549400.0,10366820.0,10447646.0,0.914,100.0,2,1,24,6.0,3,,True
DOC,Real Estate,Healthpeak Properties,2026-06-22,21.45,13.09,32.02,38.42,30.49,1.0,1,4,4,2.5,363.12,59.33,False,True,18.73,11.02,0.557,False,21.46,-0.05,10.17,11.0,12.0,8.0,7555141.0,13556687.0,1.5,10204500.0,7535820.0,7239840.0,1.409,92.92,3,13,5,7.4,7,吃老本,True
EQIX,Real Estate,Equinix,2026-06-22,1091.3,2.18,13.88,44.46,26.25,1.0,25,19,2,18.6,-3.8,-13.02,False,True,1076.92,7.36,0.984,False,1124.0,-2.91,-0.08,2.04,10.0,10.0,631920.0,642080.0,1.0,762300.0,726660.0,652806.0,1.168,83.42,4,24,14,14.0,14,吃老本,True
KIM,Real Estate,Kimco Realty,2026-06-22,25.89,8.69,17.79,29.99,21.62,1.0,10,16,5,10.8,7.45,-3.69,False,True,23.96,7.07,0.896,False,26.08,-0.73,6.19,8.29,14.0,6.0,6083042.0,6792816.0,2.333,6725500.0,6383590.0,7008213.0,0.96,100.0,5,1,23,7.0,6,,True
SPG,Real Estate,Simon Property Group,2026-06-22,226.89,11.94,27.3,23.61,21.61,1.0,3,5,9,4.8,-17.98,-47.1,False,True,205.36,9.13,0.976,False,228.58,-0.74,7.36,10.93,14.0,6.0,2744100.0,2811150.0,2.333,8719600.0,3443950.0,2936906.0,2.969,100.0,6,1,1,3.0,1,,True
PSA,Real Estate,Public Storage,2026-06-22,324.39,7.81,23.08,26.88,21.16,1.0,13,8,6,10.1,2.19,4.62,False,True,306.3,5.08,0.867,False,328.74,-1.32,1.97,5.87,14.0,6.0,996242.0,1149033.0,2.333,1228200.0,1076930.0,1089853.0,1.127,100.0,7,1,16,6.4,5,剛爆發,True
FRT,Real Estate,Federal Realty Investment Trust,2026-06-22,123.93,4.56,22.9,24.92,19.32,1.0,17,9,8,12.8,165.2,104.68,False,True,116.63,5.16,0.895,False,125.25,-1.05,3.9,3.35,11.0,9.0,1028718.0,1149555.0,1.222,1475100.0,1005050.0,1109406.0,1.33,87.56,8,19,7,12.2,11,吃老本,True
WELL,Real Estate,Welltower,2026-06-22,227.33,10.71,16.52,21.85,17.74,1.0,5,18,10,9.9,9.38,-7.07,False,True,211.75,11.89,0.824,False,228.53,-0.53,10.01,8.1,13.0,7.0,3907961.0,4743328.0,1.857,4944800.0,4236540.0,3901766.0,1.267,100.0,9,1,11,6.2,4,剛爆發,True
ARE,Real Estate,Alexandria Real Estate Equities,2026-06-22,54.5,11.15,21.83,17.12,16.81,1.0,4,10,12,7.4,1359.96,-2200.77,False,True,47.69,14.13,1.268,False,83.17,-34.47,8.21,10.31,9.0,11.0,2507533.0,1976954.0,0.818,3582900.0,1780620.0,2065706.0,1.734,93.94,10,11,2,8.8,8,,True
DLR,Real Estate,Digital Realty,2026-06-22,193.0,2.26,10.76,26.19,16.35,1.0,24,21,7,19.7,2.71,2.21,False,True,191.58,7.91,1.063,False,206.76,-6.66,2.58,1.49,10.0,10.0,2924880.0,2751300.0,1.0,3311700.0,3304180.0,3011766.0,1.1,85.53,11,22,19,17.0,18,吃老本,True
ESS,Real Estate,Essex Property Trust,2026-06-22,292.76,8.33,24.59,15.0,15.73,1.0,12,7,14,10.9,15.55,-14.88,False,True,269.38,8.6,0.858,False,293.26,-0.17,7.9,6.84,12.0,8.0,475833.0,554837.0,1.5,629900.0,494840.0,487673.0,1.292,94.77,12,8,9,9.8,9,,True
INVH,Real Estate,Invitation Homes,2026-06-22,30.46,5.2,25.75,13.47,14.47,1.0,16,6,16,13.0,-14.31,-9.22,False,True,28.42,8.66,0.9,False,32.45,-6.14,8.31,4.74,10.0,10.0,6577660.0,7306060.0,1.0,9799800.0,8030670.0,7261106.0,1.35,86.92,13,21,6,14.8,15,吃老本,False
REG,Real Estate,Regency Centers,2026-06-22,81.81,6.76,11.15,19.9,14.43,1.0,14,20,11,15.2,9.38,89.07,False,True,78.01,6.63,0.889,False,81.93,-0.15,6.41,5.17,12.0,8.0,1679100.0,1889325.0,1.5,2671400.0,1753760.0,1792200.0,1.491,93.72,14,12,3,11.0,10,,True
EXR,Real Estate,Extra Space Storage,2026-06-22,149.21,4.52,16.96,16.66,13.7,1.0,18,17,13,16.7,3.4,17.89,False,True,142.67,4.97,1.071,False,151.76,-1.68,2.67,3.44,12.0,8.0,1349483.0,1260587.0,1.5,1668000.0,1502880.0,1432206.0,1.165,94.37,15,9,15,12.6,12,剛爆發,True
UDR,Real Estate,"UDR, Inc.",2026-06-22,39.84,8.35,20.55,12.19,13.32,1.0,11,12,18,12.7,269.69,331.65,False,True,37.16,7.49,0.585,False,39.89,-0.12,6.44,5.54,11.0,9.0,4643927.0,7944677.0,1.222,5357900.0,4661830.0,4479393.0,1.196,84.47,16,23,13,18.2,22,吃老本,True
CPT,Real Estate,Camden Property Trust,2026-06-22,115.25,9.15,21.27,7.62,11.41,1.0,7,11,22,11.2,-196.43,39.94,False,True,106.35,7.5,0.883,False,115.53,-0.24,6.72,7.67,11.0,9.0,1273381.0,1442544.0,1.222,1370400.0,1326890.0,1385386.0,0.989,91.07,17,15,22,17.2,19,,False
BXP,Real Estate,"BXP, Inc.",2026-06-22,66.7,12.31,32.85,-0.46,11.06,0.667,2,3,27,7.3,97.57,34.57,False,True,60.33,6.93,1.284,False,75.95,-12.18,4.17,11.17,11.0,9.0,1810890.0,1410411.0,1.222,1846900.0,1688630.0,1727600.0,1.069,99.17,18,6,20,13.6,13,剛爆發,True
EQR,Real Estate,Equity Residential,2026-06-22,67.68,4.48,17.8,10.92,11.03,1.0,19,15,19,17.8,-20.08,-25.46,False,True,64.78,7.43,0.671,False,68.32,-0.94,6.69,3.2,12.0,8.0,2907908.0,4330812.0,1.5,3391700.0,3343770.0,3225486.0,1.052,88.85,19,18,21,19.0,23,,True
VTR,Real Estate,Ventas,2026-06-22,88.53,5.48,9.41,13.25,10.35,1.0,15,23,17,17.8,-1.4,40.89,False,True,84.82,10.36,0.892,False,90.53,-2.21,9.13,3.8,11.0,9.0,4015545.0,4502744.0,1.222,5505000.0,4607960.0,4313120.0,1.276,89.87,20,16,10,16.4,16,,False
O,Real Estate,Realty Income,2026-06-22,62.58,3.0,5.38,14.32,9.26,1.0,23,28,15,22.9,-17.72,-18.46,False,True,61.48,4.93,0.787,False,66.48,-5.87,4.78,2.77,12.0,8.0,6381308.0,8111412.0,1.5,8329800.0,6834750.0,6820420.0,1.221,89.84,21,17,12,17.6,20,,True
MAA,Real Estate,Mid-America Apartment Communities,2026-06-22,139.11,9.03,18.14,4.54,9.06,1.0,9,14,24,13.5,26.45,2.61,False,True,129.71,7.39,0.958,False,146.95,-5.34,6.2,7.57,11.0,9.0,1113136.0,1161377.0,1.222,1217400.0,1094390.0,1098206.0,1.109,92.13,22,14,17,17.8,21,剛爆發,True
AVB,Real Estate,AvalonBay Communities,2026-06-22,188.36,4.17,19.54,5.93,8.89,1.0,20,13,23,18.5,-10.55,-6.27,False,True,181.13,7.72,0.83,False,200.12,-5.87,7.22,2.86,11.0,9.0,1185618.0,1427666.0,1.222,1437300.0,1353420.0,1299840.0,1.106,87.47,23,20,18,20.8,24,,False
PLD,Real Estate,Prologis,2026-06-22,139.97,-1.73,9.38,10.42,7.12,0.667,26,24,20,24.2,,,,,,,,,,,,,,,,,,,,,,,24,25,25,,25,,False
WY,Real Estate,Weyerhaeuser,2026-06-22,25.31,4.15,6.99,8.46,7.01,1.0,21,25,21,22.2,,,,,,,,,,,,,,,,,,,,,,,25,25,25,,25,,False
AMT,Real Estate,American Tower,2026-06-22,175.59,-5.19,5.61,2.48,1.35,0.667,28,27,25,27.1,,,,,,,,,,,,,,,,,,,,,,,26,25,25,,25,,False
VICI,Real Estate,Vici Properties,2026-06-22,27.21,-1.96,3.97,-0.04,0.48,0.333,27,30,26,27.7,,,,,,,,,,,,,,,,,,,,,,,27,25,25,,25,,False
SBAC,Real Estate,SBA Communications,2026-06-22,183.76,-9.55,10.66,-3.36,-1.4,0.333,31,22,28,27.7,,,,,,,,,,,,,,,,,,,,,,,28,25,25,,25,,False
CCI,Real Estate,Crown Castle,2026-06-22,82.62,-8.65,6.35,-4.14,-2.64,0.333,30,26,29,28.6,,,,,,,,,,,,,,,,,,,,,,,29,25,25,,25,,False
CBRE,Real Estate,CBRE Group,2026-06-22,137.4,9.88,4.27,-16.58,-4.75,0.667,6,29,30,17.7,42.05,1.99,False,True,137.18,7.16,0.839,False,174.27,-21.16,4.45,8.69,12.0,8.0,2356525.0,2808562.0,1.5,3298200.0,2320810.0,2229493.0,1.479,94.17,30,10,4,16.8,17,剛爆發,True
CSGP,Real Estate,CoStar Group,2026-06-22,30.25,-6.06,-23.94,-54.86,-34.93,0.0,29,31,31,30.0,,,,,,,,,,,,,,,,,,,,,,,31,25,25,,25,剛爆發,False
EIX,Utilities,Edison International,2026-06-22,74.78,8.19,8.94,30.59,19.58,1.0,7,6,1,5.5,7.42,28.62,False,True,69.91,7.13,0.909,False,75.33,-0.72,5.26,7.67,13.0,7.0,2541276.0,2795400.0,1.857,3584700.0,2681690.0,2488013.0,1.441,100.0,1,1,7,2.2,2,,True
PNW,Utilities,Pinnacle West Capital,2026-06-22,108.08,8.36,9.38,24.56,16.71,1.0,6,5,3,5.1,814.01,162.15,False,True,101.73,6.22,1.103,False,108.37,-0.27,5.63,7.17,13.0,7.0,1388915.0,1258928.0,1.857,2350500.0,1339580.0,1399546.0,1.679,100.0,2,1,4,2.0,1,,True
ETR,Utilities,Entergy,2026-06-22,115.91,6.29,6.06,26.34,16.26,1.0,17,14,2,13.1,2.26,-2.55,False,True,112.0,5.98,1.192,False,118.45,-2.14,4.32,5.74,14.0,6.0,3859921.0,3237783.0,2.333,3997400.0,3674950.0,3575900.0,1.118,100.0,3,1,15,4.6,5,,True
AEE,Utilities,Ameren,2026-06-22,118.32,10.36,9.6,20.19,15.08,1.0,2,4,8,3.8,9.09,32.65,False,True,109.5,9.35,0.911,False,118.32,0.0,8.88,9.39,13.0,7.0,1868092.0,2050128.0,1.857,4219300.0,2052630.0,1865573.0,2.262,100.0,4,1,2,2.4,3,,True
AEP,Utilities,American Electric Power,2026-06-22,138.69,9.49,7.38,21.73,15.08,1.0,3,10,5,5.5,4.61,3.6,False,True,130.7,9.17,0.997,False,139.08,-0.28,8.61,8.56,13.0,7.0,5722876.0,5740700.0,1.857,8131900.0,6654450.0,6100653.0,1.333,100.0,4,1,8,3.6,4,,True
DTE,Utilities,DTE Energy,2026-06-22,154.43,8.95,7.74,21.57,14.96,1.0,4,8,6,5.6,-4.14,8.29,False,True,144.35,7.02,0.891,False,154.9,-0.3,5.49,8.56,14.0,6.0,1482821.0,1664400.0,2.333,1874700.0,1440880.0,1472046.0,1.274,100.0,6,1,10,4.8,6,,False
EVRG,Utilities,Evergy,2026-06-22,87.21,6.3,8.77,21.87,14.7,1.0,16,7,4,10.9,13.81,-24.26,False,True,82.28,6.6,0.983,False,87.57,-0.41,5.71,5.26,12.0,8.0,2137850.0,2174425.0,1.5,2727000.0,2216570.0,2104733.0,1.296,95.15,7,21,9,13.0,16,吃老本,True
LNT,Utilities,Alliant Energy,2026-06-22,76.67,7.88,10.36,20.27,14.69,1.0,8,2,7,6.0,2.85,2.67,False,True,72.09,6.89,0.931,False,76.78,-0.14,5.82,7.04,14.0,6.0,2604428.0,2797950.0,2.333,2920500.0,2725200.0,2722233.0,1.073,100.0,8,1,19,7.4,8,剛爆發,True
D,Utilities,Dominion Energy,2026-06-22,69.39,3.66,15.12,19.65,14.52,1.0,26,1,9,15.1,4.37,1.4,False,True,64.89,4.45,1.057,False,70.17,-1.11,1.43,4.01,13.0,7.0,7826923.0,7403542.0,1.857,7800000.0,7402380.0,7296086.0,1.069,99.34,9,17,20,14.4,18,吃老本,True
NI,Utilities,NiSource,2026-06-22,48.75,6.19,7.43,19.19,13.0,1.0,18,9,10,13.7,1.36,2.94,False,True,46.88,6.12,0.898,False,48.75,0.0,3.85,4.94,13.0,7.0,3917384.0,4363228.0,1.857,6583900.0,4730350.0,4182346.0,1.574,98.07,10,19,5,12.6,14,吃老本,True
CNP,Utilities,CenterPoint Energy,2026-06-22,45.04,6.58,6.86,18.92,12.82,1.0,13,11,11,12.0,1.1,-0.36,False,True,42.56,8.01,1.243,False,45.08,-0.09,5.18,6.68,15.0,5.0,6722740.0,5409760.0,3.0,13872800.0,7649380.0,6566193.0,2.113,100.0,11,1,3,5.4,7,剛爆發,True
CMS,Utilities,CMS Energy,2026-06-22,78.81,8.6,4.21,14.37,10.39,1.0,5,18,14,10.7,2.71,1.49,False,True,73.94,8.18,0.936,False,79.74,-1.17,7.4,7.71,14.0,6.0,3927485.0,4195266.0,2.333,4116400.0,3432050.0,3810420.0,1.08,100.0,12,1,18,8.8,9,剛爆發,True
ES,Utilities,Eversource Energy,2026-06-22,73.48,7.63,10.0,11.75,10.28,1.0,9,3,17,8.8,6.21,1.64,False,True,68.7,8.74,0.858,False,74.72,-1.66,5.59,6.35,13.0,7.0,3057661.0,3565028.0,1.857,3875300.0,3113710.0,3187986.0,1.216,98.91,13,18,11,14.6,19,,True
WEC,Utilities,WEC Energy Group,2026-06-22,118.85,7.02,4.82,14.58,10.25,1.0,12,16,13,13.4,5.33,-29.94,False,True,113.01,6.67,0.891,False,118.9,-0.04,5.96,6.43,13.0,7.0,2345146.0,2630771.0,1.857,2661200.0,2592500.0,2422073.0,1.099,99.7,14,16,16,15.2,20,,True
ED,Utilities,Consolidated Edison,2026-06-22,112.06,6.09,1.18,14.69,9.16,1.0,19,22,12,18.5,-3.83,3.44,False,True,107.31,5.96,0.661,False,115.26,-2.78,5.36,5.42,12.0,8.0,2340908.0,3541012.0,1.5,2642400.0,2798630.0,2536040.0,1.042,89.46,15,22,22,19.2,21,吃老本,False
XEL,Utilities,Xcel Energy,2026-06-22,82.23,4.21,6.1,13.02,9.09,1.0,25,12,16,19.3,0.23,0.06,False,True,79.11,7.52,0.796,False,83.22,-1.19,6.23,4.53,14.0,6.0,6313300.0,7927616.0,2.333,6791000.0,6530850.0,6599546.0,1.029,100.0,16,1,23,11.4,12,剛爆發,True
SO,Utilities,Southern Company,2026-06-22,97.16,5.55,2.53,13.27,8.65,1.0,20,19,15,18.7,8.87,-1.37,False,True,93.22,5.2,1.1,False,98.76,-1.62,4.37,5.02,13.0,7.0,7778223.0,7074057.0,1.857,8925300.0,8721390.0,7700980.0,1.159,100.0,17,1,14,10.0,10,剛爆發,True
PCG,Utilities,PG&E Corporation,2026-06-22,17.33,6.36,1.51,10.87,7.4,1.0,15,20,20,17.5,8.83,-1.13,False,True,16.56,6.3,1.016,False,19.05,-9.03,5.46,6.69,14.0,6.0,20165300.0,19852250.0,2.333,23426800.0,21890400.0,19409640.0,1.207,100.0,18,1,12,10.0,10,剛爆發,True
DUK,Utilities,Duke Energy,2026-06-22,128.4,4.62,-0.37,11.46,6.79,0.667,23,23,19,22.2,,,,,,,,,,,,,,,,,,,,,,,19,25,25,,25,吃老本,False
EXC,Utilities,Exelon,2026-06-22,47.4,4.83,-0.98,10.78,6.35,0.667,22,25,21,22.7,,,,,,,,,,,,,,,,,,,,,,,20,25,25,,25,,False
NEE,Utilities,NextEra Energy,2026-06-22,88.56,2.53,-2.4,11.7,5.88,0.667,28,29,18,26.3,,,,,,,,,,,,,,,,,,,,,,,21,25,25,,25,,False
PEG,Utilities,Public Service Enterprise Group,2026-06-22,83.58,7.19,4.46,5.71,5.77,1.0,11,17,26,15.8,8.48,1.44,False,True,78.87,5.95,0.98,False,88.34,-5.39,4.62,6.51,14.0,5.0,2998485.0,3060420.0,2.8,3092900.0,3102160.0,2902200.0,1.066,100.0,22,1,21,13.4,17,剛爆發,True
FE,Utilities,FirstEnergy,2026-06-22,48.47,4.48,-2.12,10.23,5.71,0.667,24,27,22,24.5,,,,,,,,,,,,,,,,,,,,,,,23,25,25,,25,,False
SRE,Utilities,Sempra,2026-06-22,94.27,6.52,-0.98,7.89,5.33,0.667,14,25,23,19.1,-0.29,9.2,False,True,91.4,5.62,0.814,False,100.32,-6.03,4.69,5.46,13.0,7.0,4221430.0,5188685.0,1.857,4169600.0,4990660.0,4504226.0,0.926,97.25,24,20,24,22.4,22,,False
AES,Utilities,AES Corporation,2026-06-22,14.5,0.0,6.08,6.8,4.92,0.667,30,13,25,23.9,108.27,33.04,False,True,14.35,0.96,1.068,True,17.23,-15.86,0.34,-0.14,10.0,9.0,8570170.0,8026366.0,1.111,8585700.0,7137070.0,7873953.0,1.09,85.41,25,24,17,23.0,23,,True
PPL,Utilities,PPL Corporation,2026-06-22,37.02,5.45,-0.88,7.18,4.73,0.667,21,24,24,22.5,,,,,,,,,,,,,,,,,,,,,,,26,25,25,,25,,False
AWK,Utilities,American Water Works,2026-06-22,132.68,7.63,-2.36,3.05,2.84,0.667,9,28,28,18.5,-7.4,-2.29,False,True,126.54,7.33,1.088,False,144.9,-8.43,6.08,8.44,13.0,7.0,2618753.0,2406914.0,1.857,3539100.0,2708280.0,2423220.0,1.46,100.0,27,1,6,12.4,13,剛爆發,False
ATO,Utilities,Atmos Energy,2026-06-22,175.17,3.57,-3.84,5.36,2.61,0.667,27,30,27,27.9,,,,,,,,,,,,,,,,,,,,,,,28,25,25,,25,,False
VST,Utilities,Vistra Corp.,2026-06-22,163.49,2.18,5.3,1.41,2.57,1.0,29,15,29,24.8,53.35,-76.52,False,True,154.59,15.3,1.194,False,218.91,-25.32,-0.02,2.15,10.0,10.0,4843760.0,4055610.0,1.0,5487400.0,4810810.0,4632706.0,1.184,87.18,29,23,13,23.4,24,剛爆發,True
NRG,Utilities,NRG Energy,2026-06-22,149.36,11.4,1.41,-6.59,-0.09,0.667,1,21,30,12.8,-14.04,16.38,False,True,140.51,19.42,1.225,False,189.38,-21.13,10.59,8.63,13.0,7.0,3022476.0,2467128.0,1.857,6642300.0,3237890.0,2913206.0,2.28,100.0,30,1,1,12.6,14,剛爆發,False
CEG,Utilities,Constellation Energy,2026-06-22,264.02,-8.25,-12.29,-26.54,-18.41,0.0,31,31,31,31.0,,,,,,,,,,,,,,,,,,,,,,,31,25,25,,25,剛爆發,False
