symbol,sector,name,as_of_date,t_price,cum_ret_4w,cum_ret_13w,cum_ret_26w,point,di,avg_vol_4w,avg_vol_13w,avg_vol_26w,vol_change_4w,vol_change_13w,vol_change_26w,pv_state_4w,pv_state_13w,pv_state_26w,pv_verdict,cum_ret_4w_rank_in_sector,cum_ret_13w_rank_in_sector,cum_ret_26w_rank_in_sector,cms_a,surprise_l1,surprise_l2,pre_earnings_14d,above_50ma,ma50,amp_10d_pct,vp_ratio_stock,vcp,high_52w,high_52w_raw,pct_from_high,ret_5d,ret_20d,up_days_20,down_days_20,up_avg_vol,down_avg_vol,ud_ratio,vol_today,vol_10d_avg,vol_3w_avg,vol_ratio_stock_20d,vp_score_stock,rsi14,trend_state,trend_pattern,trend_signal,point_rank_in_sector,vp_score_rank_in_sector,vol_rank_in_sector,composite_in_sector,composite_rank_in_sector,stock_gap_alert,explosive_verdict,is_new_signal_3d,earnings_passed
NWSA,Communication Services,News Corp (Class A),2026-09-01,30.63,5.4,14.29,26.47,18.16,1.0,3949015,4756810,4593556,20.04,7.37,16.61,P+V+,P+V+,P+V+,⭐⭐⭐ 完美多頭,10,2,2,6.0,51.24,5.46,False,True,28.13,8.7,0.922,False,31.66,31.66,-3.25,-0.94,7.14,14.0,6.0,3851457.0,4176650.0,2.333,3413900.0,3645050.0,3494286.0,0.977,100.0,63.42,多頭,頭頭高·底底高,空轉多預警,1,1,11,3.0,2,,,False,True
NWS,Communication Services,News Corp (Class B),2026-09-01,34.23,3.32,11.57,27.53,17.49,1.0,1160180,1487010,1484138,4.75,0.39,22.21,P+V+,P+V+,P+V+,⭐⭐⭐ 完美多頭,13,3,1,7.6,51.24,5.46,False,True,31.89,8.29,0.982,False,35.76,35.76,-4.28,-2.62,4.61,15.0,5.0,1154873.0,1176100.0,3.0,1392500.0,1121980.0,1129440.0,1.233,100.0,57.76,多頭,頭頭高·底底高,空轉多預警,2,1,2,1.6,1,,,False,True
FOXA,Communication Services,Fox Corporation (Class A),2026-09-01,65.93,12.36,-1.32,16.6,11.06,0.667,5577145,6588867,5016187,20.93,91.34,37.72,P+V+,P-V+,P+V+,➡️ 中性,4,11,3,5.9,29.29,36.35,False,True,59.65,6.72,0.988,False,76.02,76.39,-13.27,-6.26,11.59,10.0,9.0,5534090.0,5601966.0,1.111,4929700.0,5172520.0,5275993.0,0.934,88.41,53.48,多頭,頭頭高·底底高,,3,10,14,8.0,8,吃老本,,False,True
FOX,Communication Services,Fox Corporation (Class B),2026-09-01,59.03,13.08,-1.35,14.06,9.96,0.667,1046710,1701653,1591137,-12.81,14.93,-6.8,P+V-,P-V+,P+V-,⚠️ 量能背離,2,12,4,5.4,31.62,22.22,False,True,53.4,6.79,0.767,False,67.81,68.18,-12.95,-5.84,11.76,11.0,9.0,920990.0,1200366.0,1.222,1228400.0,1065660.0,971446.0,1.265,86.48,54.18,多頭,頭頭高·底底高,,4,13,1,7.0,6,吃老本,,False,True
VZ,Communication Services,Verizon,2026-09-01,50.3,8.24,7.18,6.21,6.96,1.0,18395515,26488433,25701624,-30.88,6.32,-7.45,P+V-,P+V+,P+V-,⚠️ 量能背離,7,5,8,6.6,2.71,5.81,False,True,45.99,4.69,0.94,False,50.93,51.68,-1.24,0.1,7.3,12.0,8.0,17935058.0,19086200.0,1.5,20187700.0,18074800.0,16980706.0,1.189,93.36,66.87,多頭,頭頭高·底底高,空轉多預警 / 多頭確認,5,8,3,5.8,4,,,False,True
OMC,Communication Services,Omnicom Group,2026-09-01,86.09,5.36,14.53,3.74,6.84,1.0,2040000,3500446,4031446,-38.61,-23.28,-10.67,P+V-,P+V-,P+V-,⚠️ 量能衰竭,11,1,9,7.6,-0.39,3.13,False,True,82.12,4.84,1.075,False,89.57,89.57,-3.89,-2.39,5.23,9.0,10.0,2087577.0,1942490.0,0.9,1553300.0,1883720.0,1912026.0,0.812,84.49,52.63,多頭,頭頭高·底底高,,6,14,17,11.4,10,吃老本,,False,False
LYV,Communication Services,Live Nation Entertainment,2026-09-01,177.2,-3.44,3.96,12.22,6.24,0.667,1654005,2211670,2572413,-21.24,-24.6,-7.91,P-V-,P+V-,P+V-,➡️ 中性,17,8,5,11.9,82.89,-485.68,False,False,181.26,6.49,1.069,False,189.25,189.25,-6.37,-5.12,-3.54,8.0,12.0,1720187.0,1609883.0,0.667,1623900.0,1615300.0,1667046.0,0.974,74.53,42.89,多頭,頭頭高·底底高,空頭確認,7,17,12,12.0,11,吃老本,,False,True
T,Communication Services,AT&T,2026-09-01,26.0,12.75,7.32,-3.04,3.5,0.667,33971025,60847753,50355796,-56.13,52.64,13.52,P+V-,P+V+,P-V+,➡️ 中性,3,4,13,5.3,10.49,3.42,False,True,23.26,5.74,0.801,False,28.75,29.79,-9.57,0.89,11.21,15.0,5.0,31987000.0,39923100.0,3.0,32807800.0,28601350.0,30134720.0,1.089,100.0,68.0,多頭,頭頭高·底底高,空轉多預警 / 多頭確認,8,1,4,4.4,3,剛爆發,,False,True
DIS,Communication Services,Walt Disney Company (The),2026-09-01,106.22,4.38,4.07,1.41,2.82,1.0,8884750,10414115,10034598,-20.7,7.86,-1.66,P+V-,P+V+,P+V-,⚠️ 量能背離,12,7,11,10.3,11.09,4.98,False,True,100.78,7.31,1.171,False,118.07,119.78,-10.04,-4.52,8.19,13.0,7.0,9363392.0,7995842.0,1.857,7033700.0,8071630.0,7766373.0,0.906,100.0,54.02,擴散,頭頭高·底底低,,9,1,16,7.2,7,剛爆發,,False,True
WBD,Communication Services,Warner Bros. Discovery,2026-09-01,28.32,9.05,3.93,-1.67,2.41,0.667,18803725,22163661,22480629,-24.36,-2.78,-50.36,P+V-,P+V-,P-V-,➡️ 中性,5,9,12,7.6,153.87,-1161.59,False,True,27.02,2.83,1.293,True,30.0,30.0,-5.6,-2.01,9.81,14.0,6.0,20174628.0,15604950.0,2.333,14728000.0,17451950.0,18575720.0,0.793,100.0,58.89,擴散,頭頭高·底底低,多頭確認,10,1,18,8.0,8,剛爆發,,False,True
PSKY,Communication Services,Paramount Skydance Corporation,2026-09-01,10.55,20.43,-3.46,-4.69,1.9,0.333,10707680,10214818,11688080,-9.24,-22.39,27.92,P+V-,P-V-,P-V+,➡️ 中性,1,14,16,7.9,-2.33,51.38,False,True,9.48,10.18,1.092,False,20.57,20.86,-48.72,-1.12,25.89,17.0,2.0,10773841.0,9870000.0,8.5,10431800.0,9622450.0,10276706.0,1.015,100.0,62.52,空頭,頭頭低·底底低,多頭確認,11,1,9,6.6,5,剛爆發,,False,False
GOOGL,Communication Services,Alphabet Inc. (Class A),2026-09-01,335.02,-7.56,-10.93,9.13,-0.06,0.333,23522960,31478072,30074664,-24.57,9.79,-16.59,P-V-,P-V+,P+V-,➡️ 中性,20,19,6,16.9,214.23,91.59,False,False,348.91,5.41,0.856,False,408.37,408.61,-17.96,-3.44,-11.29,7.0,13.0,21196471.0,24775684.0,0.538,23342700.0,23213710.0,22024260.0,1.06,64.9,41.25,擴散,頭頭高·底底低,,12,20,6,14.0,14,吃老本,,False,True
GOOG,Communication Services,Alphabet Inc. (Class C),2026-09-01,332.03,-7.8,-10.83,8.24,-0.54,0.333,16246170,21340760,20420835,-20.98,9.43,-11.3,P-V-,P-V+,P+V-,➡️ 中性,22,18,7,17.8,212.9,94.3,False,False,347.03,5.53,0.905,False,404.23,404.47,-17.86,-3.29,-11.54,6.0,14.0,15134033.0,16722800.0,0.429,16313400.0,16486350.0,15551820.0,1.049,64.02,40.12,擴散,頭頭高·底底低,,13,21,8,15.2,18,吃老本,,False,True
NFLX,Communication Services,Netflix,2026-09-01,80.81,8.91,-5.87,-4.47,-1.47,0.333,27865590,41827429,42264342,-43.13,-2.05,2.09,P+V-,P-V-,P-V+,➡️ 中性,6,17,15,11.1,1.45,-1.4,False,True,74.88,5.4,1.144,False,126.71,126.71,-36.22,-1.73,9.84,9.0,11.0,29939366.0,26168863.0,0.818,21164900.0,26394900.0,27988686.0,0.756,87.51,59.39,擴散,頭頭高·底底低,,14,11,20,14.0,14,,,False,True
TTWO,Communication Services,Take-Two Interactive,2026-09-01,216.68,-7.76,-4.54,1.59,-2.28,0.333,2764025,2508933,2272212,55.71,23.26,25.89,P-V+,P-V+,P+V+,⚠️ 中期出貨,21,16,10,17.3,13.9,38.21,False,False,241.11,13.94,0.981,False,265.94,265.94,-18.52,-6.98,-9.8,7.0,13.0,2729842.0,2782430.0,0.538,2802300.0,3078290.0,2598280.0,1.079,66.58,32.0,擴散,頭頭高·底底低,空頭確認,15,18,5,14.2,16,,,False,True
CMCSA,Communication Services,Comcast,2026-09-01,26.3,6.26,6.42,-12.58,-3.12,0.667,21200210,32908084,32750268,-37.35,0.97,-0.73,P+V-,P+V+,P-V-,➡️ 中性,8,6,18,9.4,7.62,8.29,False,True,24.57,4.52,0.97,False,32.05,32.86,-17.93,-2.95,5.5,11.0,8.0,20984872.0,21645012.0,1.375,19365100.0,19942850.0,20470880.0,0.946,89.71,54.92,擴散,頭頭高·底底低,,16,9,13,12.6,13,剛爆發,,False,True
TMUS,Communication Services,T-Mobile US,2026-09-01,182.16,5.62,-1.89,-13.16,-5.65,0.333,3903810,5147455,5386325,-21.19,-8.49,1.78,P+V-,P-V-,P-V+,➡️ 中性,9,13,19,12.2,14.86,31.07,False,True,180.24,6.2,0.988,False,253.31,258.66,-28.09,0.88,3.39,8.0,12.0,3874575.0,3923300.0,0.667,3942000.0,3868910.0,3724333.0,1.058,79.67,53.28,收斂,頭頭低·底底高,多轉空預警 / 空轉多預警,17,16,7,14.6,17,,,False,True
META,Communication Services,Meta Platforms,2026-09-01,578.54,-1.74,-3.56,-11.79,-7.22,0.0,15290760,18374844,17022132,-21.15,17.27,7.32,P-V-,P-V+,P-V+,➡️ 中性,15,15,17,15.4,-14.42,56.79,False,False,592.34,9.93,0.935,False,788.22,790.8,-26.6,1.49,-1.6,13.0,7.0,14928646.0,15963257.0,1.857,15796900.0,15931240.0,15982800.0,0.988,93.86,49.95,收斂,頭頭低·底底高,多轉空預警 / 空轉多預警,18,7,10,12.0,11,剛爆發,,False,False
RDDT,Communication Services,Reddit,2026-09-01,144.64,-6.84,-18.67,-4.37,-8.56,0.0,6891305,5733295,5375493,15.06,14.26,-1.93,P-V+,P-V+,P-V-,➡️ 中性,19,21,14,18.6,29.56,79.12,False,False,170.33,14.5,1.209,False,282.95,282.95,-48.88,-10.96,-9.58,5.0,15.0,7918460.0,6548920.0,0.333,3790100.0,4507320.0,7989580.0,0.474,66.02,40.06,收斂,頭頭低·底底高,多轉空預警 / 空轉多預警,19,19,21,19.4,21,,,False,True
TKO,Communication Services,TKO Group Holdings,2026-09-01,182.27,-0.44,-12.23,-17.91,-12.12,0.0,986495,1287215,1360256,-16.65,-10.19,22.89,P-V-,P-V-,P-V+,😴 弱勢縮量,14,20,20,17.0,23.27,-32.11,False,False,190.56,11.5,1.323,False,225.15,226.94,-19.05,-5.76,-1.21,9.0,11.0,1139644.0,861190.0,0.818,738200.0,968490.0,973826.0,0.758,82.4,39.7,空頭,頭頭低·底底低,多轉空預警,20,15,19,17.8,20,,,False,True
CHTR,Communication Services,Charter Communications,2026-09-01,146.19,-4.56,2.52,-35.99,-18.5,0.333,2534415,3254078,2922153,-20.22,25.63,47.35,P-V-,P+V+,P-V+,➡️ 中性,18,10,23,16.6,5.94,-9.07,False,True,141.88,9.58,1.325,False,285.82,285.82,-48.85,-5.77,-4.49,11.0,9.0,2848645.0,2150355.0,1.222,2557300.0,3304710.0,2782773.0,0.919,86.51,48.01,空頭,頭頭低·底底低,多轉空預警,21,12,15,16.2,19,剛爆發,,False,True
ECHO,Communication Services,EchoStar,2026-09-01,86.04,-1.93,-32.48,-20.61,-18.9,0.0,2993920,7357136,7002368,-45.36,10.67,28.49,P-V-,P-V+,P-V+,➡️ 中性,16,22,21,18.8,,,,,,,,,,,,,,,,,,,,,,,,,,,,22,22,22,,22,,,False,False
APP,Communication Services,AppLovin,2026-09-01,311.74,-25.39,-49.2,-29.94,-33.61,0.0,6374430,5935063,5372772,2.37,23.38,-13.87,P-V+,P-V+,P-V-,➡️ 中性,23,24,22,23.1,,,,,,,,,,,,,,,,,,,,,,,,,,,,23,22,22,,22,,,False,False
TTD,Communication Services,Trade Desk (The),2026-09-01,13.78,-27.32,-40.65,-42.46,-38.23,0.0,30269025,21778547,21476930,112.03,2.85,53.77,P-V+,P-V+,P-V+,📉 主力出貨,24,23,24,23.7,,,,,,,,,,,,,,,,,,,,,,,,,,,,24,22,22,,22,,,False,False
ABNB,Consumer Discretionary,Airbnb,2026-09-01,182.54,19.71,32.4,33.27,29.67,1.0,5846870,4343120,4079247,69.28,13.83,-15.5,P+V+,P+V+,P+V-,🚀 健康多頭,1,4,3,2.3,9.48,-14.13,False,True,160.46,6.8,1.289,False,193.45,193.45,-5.64,-4.18,21.76,11.0,9.0,6503390.0,5044455.0,1.222,4305900.0,4970760.0,4859340.0,0.886,100.0,58.44,擴散,頭頭高·底底低,,1,1,16,4.0,1,,,False,True
EXPE,Consumer Discretionary,Expedia Group,2026-09-01,304.23,-4.69,33.41,40.4,27.38,0.667,1519300,1569364,1772660,-2.7,-20.58,-17.69,P-V-,P+V-,P+V-,➡️ 中性,23,3,1,12.6,9.65,42.34,False,True,291.32,11.92,0.906,False,341.51,342.0,-10.92,-9.85,-2.37,11.0,9.0,1451754.0,1601855.0,1.222,2346500.0,1357590.0,1376020.0,1.705,78.83,46.35,多頭,頭頭高·底底高,,2,15,1,7.0,3,吃老本,,False,True
DASH,Consumer Discretionary,DoorDash,2026-09-01,225.66,8.87,36.95,25.08,24.0,1.0,4567555,4474120,4483684,29.98,-0.43,-5.89,P+V+,P+V-,P+V-,➡️ 中性,3,2,4,2.9,-2.43,15.4,False,True,200.96,10.03,1.077,False,285.5,285.5,-20.96,-3.36,11.51,15.0,5.0,4651173.0,4316700.0,3.0,3509700.0,4053570.0,4021313.0,0.873,100.0,59.02,多頭,頭頭高·底底高,空轉多預警 / 多頭確認,3,1,17,5.0,2,,,False,False
BBY,Consumer Discretionary,Best Buy,2026-09-01,82.63,-2.21,11.67,35.23,19.98,0.667,3957615,3856990,4230491,16.63,-16.23,5.43,P-V+,P+V-,P+V+,⚠️ 中期出貨,15,8,2,10.3,6.53,4.32,False,False,83.32,15.96,0.797,False,91.27,91.27,-9.47,-3.12,-4.31,11.0,9.0,3550209.0,4455555.0,1.222,4614800.0,4661100.0,4077926.0,1.132,78.45,46.72,收斂,頭頭低·底底高,多轉空預警,4,16,5,9.0,6,吃老本,,False,True
GPC,Consumer Discretionary,Genuine Parts Company,2026-09-01,134.84,2.68,40.15,17.71,19.56,1.0,1118695,1661767,1762617,-37.42,-10.82,44.22,P+V-,P+V-,P+V+,⚠️ 頂部背離,9,1,7,6.2,3.47,1.26,False,True,127.63,7.72,0.943,False,148.58,151.57,-9.24,-2.25,1.73,10.0,10.0,1085970.0,1151420.0,1.0,932400.0,1172010.0,1096780.0,0.85,81.64,55.34,多頭,頭頭高·底底高,,5,12,18,10.4,7,吃老本,,False,True
BKNG,Consumer Discretionary,Booking Holdings,2026-09-01,195.69,-5.47,15.91,15.66,10.44,0.667,5126365,6720950,7598595,-13.01,-20.71,4.56,P-V-,P+V-,P+V+,➡️ 中性,25,7,8,16.2,4.49,5.67,False,True,193.03,10.7,1.264,False,229.04,230.98,-14.56,-8.46,0.73,9.0,11.0,5791944.0,4581800.0,0.818,5301200.0,4731750.0,4639766.0,1.143,81.45,43.28,多頭,頭頭高·底底高,空頭確認,6,13,4,8.4,5,吃老本,,False,True
AMZN,Consumer Discretionary,Amazon,2026-09-01,254.92,-6.5,-2.43,22.6,9.07,0.333,34099290,48761487,46944636,-31.18,8.05,0.24,P-V-,P-V+,P+V+,➡️ 中性,29,25,5,23.0,215.02,68.18,False,True,252.41,6.0,1.1,False,287.2,287.2,-11.24,-2.35,-8.11,5.0,15.0,36594720.0,33267480.0,0.333,31700100.0,33827330.0,33646940.0,0.942,68.44,46.33,多頭,頭頭高·底底高,空轉多預警,7,22,12,14.0,13,吃老本,,False,True
EBAY,Consumer Discretionary,eBay Inc.,2026-09-01,104.98,-5.26,-4.58,20.53,7.8,0.333,4603050,3919433,4806573,22.97,-31.16,-9.81,P-V+,P-V-,P+V-,➡️ 中性,24,29,6,21.9,6.24,5.03,False,False,109.23,6.09,1.118,False,118.62,119.31,-11.5,-0.66,-3.93,9.0,11.0,4885766.0,4371736.0,0.818,3336300.0,4080750.0,4264920.0,0.782,79.21,47.73,空頭,頭頭低·底底低,,8,14,21,13.0,11,吃老本,,False,True
SBUX,Consumer Discretionary,Starbucks,2026-09-01,106.15,0.72,10.62,9.49,7.58,1.0,5788975,7310186,7541070,-27.32,-5.94,-21.32,P+V-,P+V-,P+V-,⚠️ 量能衰竭,11,9,10,10.2,30.79,14.51,False,True,104.81,5.42,0.987,False,109.88,110.51,-3.39,0.37,1.71,10.0,10.0,5751080.0,5826870.0,1.0,4628400.0,6165420.0,5703580.0,0.811,83.44,50.95,多頭,頭頭高·底底高,空轉多預警,9,10,20,11.6,10,,,False,True
CMG,Consumer Discretionary,Chipotle Mexican Grill,2026-09-01,37.51,8.72,22.78,-1.42,7.17,0.667,16165570,19496233,17841115,-16.05,20.45,-12.03,P+V-,P+V+,P-V-,➡️ 中性,4,5,17,6.9,3.96,1.4,False,True,34.51,12.85,1.282,False,43.59,43.59,-13.95,0.21,10.91,9.0,10.0,18238044.0,14223080.0,0.9,10543600.0,15119560.0,15335986.0,0.688,92.57,60.93,多頭,頭頭高·底底高,,10,6,23,11.0,8,,,False,True
GRMN,Consumer Discretionary,Garmin,2026-09-01,275.17,-9.05,16.72,9.16,6.5,0.667,833740,914687,868082,-22.24,11.35,-11.4,P-V-,P+V+,P+V-,➡️ 中性,35,6,11,21.5,22.52,13.14,False,True,270.14,11.18,0.731,False,314.28,314.28,-12.44,-4.6,-10.47,7.0,13.0,672500.0,920561.0,0.538,782200.0,944290.0,859000.0,0.911,62.74,39.13,多頭,頭頭高·底底高,空轉多預警,11,25,14,17.2,19,吃老本,,False,True
ROST,Consumer Discretionary,Ross Stores,2026-09-01,229.24,-9.47,2.51,13.11,4.81,0.667,2767765,2851343,2868072,22.88,-1.16,12.03,P-V+,P+V-,P+V+,⚠️ 中期出貨,38,21,9,27.1,36.74,17.42,False,False,234.1,8.28,0.999,False,257.0,257.0,-10.8,-4.95,-8.69,8.0,12.0,2766525.0,2768591.0,0.667,2152300.0,3327070.0,3100100.0,0.694,70.29,39.58,多頭,頭頭高·底底高,空轉多預警,12,20,22,17.2,19,吃老本,,False,True
DRI,Consumer Discretionary,Darden Restaurants,2026-09-01,215.56,3.21,7.62,1.93,3.67,1.0,960885,1298581,1300763,-32.38,-0.33,-8.02,P+V-,P+V-,P+V-,⚠️ 量能衰竭,7,15,16,11.2,0.64,0.29,False,True,208.86,7.52,1.066,False,229.76,229.76,-6.18,-2.2,5.37,13.0,7.0,982015.0,921642.0,1.857,1020500.0,889020.0,956293.0,1.067,98.85,50.89,擴散,頭頭高·底底低,,13,3,8,8.0,4,剛爆發,,False,True
GM,Consumer Discretionary,General Motors,2026-09-01,85.63,-3.96,3.79,6.47,3.19,0.667,5167725,7222986,7301756,-27.82,-2.13,-17.03,P-V-,P+V-,P+V-,➡️ 中性,18,17,13,16.7,12.0,40.19,False,True,82.85,5.37,1.069,False,91.85,91.85,-6.77,-0.21,-3.03,11.0,9.0,5321618.0,4979633.0,1.222,5360000.0,5847240.0,5253353.0,1.02,85.13,50.43,收斂,頭頭低·底底高,多轉空預警,14,9,10,11.2,9,,,False,True
WSM,Consumer Discretionary,"Williams-Sonoma, Inc.",2026-09-01,222.12,-10.52,10.25,5.85,2.86,0.667,1082135,1087084,1183978,18.93,-15.13,2.12,P-V+,P+V-,P+V+,⚠️ 中期出貨,41,11,14,26.6,37.87,7.34,False,False,233.12,12.74,1.161,False,254.89,254.89,-12.86,-5.38,-10.75,7.0,13.0,1189428.0,1024361.0,0.538,1186700.0,1294180.0,1129180.0,1.051,69.8,34.66,多頭,頭頭高·底底高,,15,21,9,16.2,16,吃老本,,False,True
CVNA,Consumer Discretionary,Carvana,2026-09-01,72.18,3.89,1.66,1.98,2.38,1.0,8454290,10238020,11805438,-17.23,-23.44,-37.91,P+V-,P+V-,P+V-,⚠️ 量能衰竭,6,22,15,12.6,10.09,11.71,False,True,68.31,15.27,1.056,False,97.38,97.38,-25.88,-4.74,6.1,11.0,9.0,8661900.0,8200544.0,1.222,5619200.0,8088920.0,8225393.0,0.683,88.58,52.59,多頭,頭頭高·底底高,空轉多預警,16,7,24,14.0,13,剛爆發,,False,True
HAS,Consumer Discretionary,Hasbro,2026-09-01,93.2,3.0,10.38,-5.67,0.51,0.667,1441770,1987606,1920663,-42.49,7.22,7.03,P+V-,P+V+,P-V+,➡️ 中性,8,10,22,11.4,12.8,29.52,False,True,88.14,6.55,1.083,False,104.6,106.98,-10.9,-3.66,2.61,9.0,10.0,1511633.0,1396190.0,0.9,1295500.0,1364300.0,1384826.0,0.935,82.55,52.1,多頭,頭頭高·底底高,,17,11,13,13.8,12,剛爆發,,False,True
MGM,Consumer Discretionary,MGM Resorts,2026-09-01,40.77,-8.4,-19.57,8.37,-2.81,0.333,2009115,3257212,4053009,-19.35,-32.82,-13.63,P-V-,P-V-,P+V-,⚠️ 主升段結束,33,45,12,32.4,1.95,-7.83,False,False,45.3,8.64,0.951,False,51.59,51.59,-20.97,-5.93,-10.83,6.0,14.0,1938816.0,2039242.0,0.429,2000800.0,1863920.0,1828786.0,1.094,64.2,25.13,空頭,頭頭低·底底低,空頭確認,18,24,6,18.0,21,吃老本,,False,True
ORLY,Consumer Discretionary,O'Reilly Automotive,2026-09-01,87.95,-5.88,1.51,-3.7,-2.94,0.333,4571345,7380580,6607066,-44.61,26.52,22.81,P-V-,P+V+,P-V+,➡️ 中性,27,23,20,24.4,,,,,,,,,,,,,,,,,,,,,,,,,,,,19,26,26,,26,吃老本,,False,False
YUM,Consumer Discretionary,Yum! Brands,2026-09-01,152.03,-0.22,3.06,-7.81,-3.19,0.333,2413320,2537167,2145079,-16.31,44.73,5.83,P-V-,P+V+,P-V+,➡️ 中性,12,19,23,16.3,3.71,7.95,False,False,153.26,9.27,1.418,False,170.14,170.14,-10.64,-2.71,2.95,8.0,12.0,2931487.0,2067875.0,0.667,1598600.0,2464430.0,2457300.0,0.651,85.49,50.5,空頭,頭頭低·底底低,,20,8,25,16.2,16,剛爆發,,False,True
HLT,Consumer Discretionary,Hilton Worldwide,2026-09-01,311.99,-3.83,-6.17,-1.7,-3.35,0.0,1829425,2105756,1914961,-16.72,22.13,7.98,P-V-,P-V+,P-V+,➡️ 中性,17,30,19,21.3,,,,,,,,,,,,,,,,,,,,,,,,,,,,21,26,26,,26,,,False,False
F,Consumer Discretionary,Ford Motor Company,2026-09-01,13.84,-0.99,-15.88,-1.69,-5.06,0.0,40316525,50878827,55474520,-26.75,-15.3,-25.86,P-V-,P-V-,P-V-,🧊 熊市縮量,13,42,18,22.7,21.27,256.64,False,False,13.99,5.85,0.986,False,17.59,17.78,-21.32,-0.79,-1.76,9.0,11.0,40003477.0,40572654.0,0.818,50110700.0,42358510.0,39676580.0,1.263,78.16,46.45,收斂,頭頭低·底底高,,22,18,3,16.6,18,,,False,True
PHM,Consumer Discretionary,PulteGroup,2026-09-01,123.13,-7.43,4.84,-8.85,-5.07,0.333,1235755,1642335,1767070,-35.99,-13.19,-11.43,P-V-,P+V-,P-V-,➡️ 中性,32,16,24,25.6,,,,,,,,,,,,,,,,,,,,,,,,,,,,23,26,26,,26,,,False,False
DPZ,Consumer Discretionary,Domino's,2026-09-01,340.37,-7.16,9.17,-13.8,-6.4,0.333,818475,931927,952128,-21.5,-4.16,40.07,P-V-,P+V-,P-V+,➡️ 中性,30,13,29,24.7,-2.38,-3.32,False,True,330.12,7.37,0.905,False,460.13,469.0,-26.03,-2.73,-7.42,7.0,13.0,766142.0,846653.0,0.538,766700.0,999260.0,853866.0,0.898,68.37,49.37,收斂,頭頭低·底底高,多轉空預警,24,23,15,21.8,25,,,False,True
MAR,Consumer Discretionary,Marriott International,2026-09-01,334.55,-7.22,-11.07,-4.19,-6.67,0.0,1515995,1586649,1535267,-6.05,6.93,-0.82,P-V-,P-V+,P-V-,➡️ 中性,31,35,21,30.2,,,,,,,,,,,,,,,,,,,,,,,,,,,,25,26,26,,26,,,False,False
TSLA,Consumer Discretionary,"Tesla, Inc.",2026-09-01,356.09,10.74,-14.38,-12.85,-7.33,0.333,34495620,41515693,51073496,-13.72,-31.53,-34.67,P+V-,P-V-,P-V-,➡️ 中性,2,38,27,17.8,-39.15,17.15,False,False,358.84,9.41,1.267,False,498.83,498.83,-28.61,1.67,8.78,10.0,10.0,38563130.0,30428110.0,1.0,36193900.0,38534060.0,36547766.0,0.99,93.11,53.08,空頭,頭頭低·底底低,,26,5,11,14.6,15,剛爆發,,False,False
NVR,Consumer Discretionary,"NVR, Inc.",2026-09-01,6275.82,-1.41,2.52,-15.58,-7.51,0.333,32855,31795,28530,-0.79,25.85,23.38,P-V-,P+V+,P-V+,➡️ 中性,14,20,31,19.2,-6.69,-14.44,False,False,6435.98,4.35,0.874,False,8618.28,8618.28,-27.18,-2.45,0.14,9.0,11.0,30433.0,34836.0,0.818,46300.0,32950.0,31453.0,1.472,76.66,45.9,多頭,頭頭高·底底高,,27,19,2,18.8,23,剛爆發,,False,True
DHI,Consumer Discretionary,D. R. Horton,2026-09-01,141.37,-6.38,-3.53,-10.54,-7.75,0.0,1890760,2261072,2438990,-30.08,-13.6,-24.95,P-V-,P-V-,P-V-,🧊 熊市縮量,28,27,26,27.3,,,,,,,,,,,,,,,,,,,,,,,,,,,,28,26,26,,26,,,False,False
HD,Consumer Discretionary,Home Depot (The),2026-09-01,319.77,-9.45,3.69,-13.53,-8.21,0.333,3654720,4264409,4358210,-5.44,-4.21,8.23,P-V-,P+V-,P-V+,➡️ 中性,37,18,28,29.5,,,,,,,,,,,,,,,,,,,,,,,,,,,,29,26,26,,26,,,False,False
ULTA,Consumer Discretionary,Ulta Beauty,2026-09-01,545.66,1.15,8.96,-21.56,-8.25,0.667,705625,752778,751818,26.53,0.26,15.0,P+V+,P+V+,P-V+,🚀 健康多頭,10,14,37,16.6,5.61,12.0,False,True,500.69,9.19,0.995,False,714.97,714.97,-23.68,1.57,0.33,8.0,12.0,703437.0,707083.0,0.667,828400.0,834850.0,772446.0,1.072,78.24,58.12,多頭,頭頭高·底底高,空轉多預警,30,17,7,20.2,24,剛爆發,,False,True
RL,Consumer Discretionary,Ralph Lauren Corporation,2026-09-01,340.82,-10.49,-6.73,-9.57,-9.09,0.0,640465,643284,650503,12.88,-2.19,4.48,P-V+,P-V-,P-V+,➡️ 中性,40,31,25,34.3,,,,,,,,,,,,,,,,,,,,,,,,,,,,31,26,26,,26,,,False,False
AZO,Consumer Discretionary,AutoZone,2026-09-01,2965.83,-3.27,-1.82,-18.97,-10.76,0.0,239005,323086,272423,43.07,45.69,87.57,P-V+,P-V+,P-V+,📉 主力出貨,16,24,34,22.0,,,,,,,,,,,,,,,,,,,,,,,,,,,,32,26,26,,26,剛爆發,,False,False
TSCO,Consumer Discretionary,Tractor Supply,2026-09-01,34.71,4.61,9.97,-31.16,-11.93,0.667,10789350,11666255,10612503,4.25,22.05,86.2,P+V+,P+V+,P-V+,🚀 健康多頭,5,12,43,14.7,-15.89,-8.95,False,True,32.28,5.08,1.436,False,61.41,62.89,-43.48,-1.89,5.52,11.0,9.0,12496990.0,8702233.0,1.222,7523300.0,7834330.0,9142500.0,0.823,96.02,56.05,多頭,頭頭高·底底高,空轉多預警,33,4,19,18.6,22,剛爆發,,False,False
MCD,Consumer Discretionary,McDonald's,2026-09-01,261.11,-4.03,-4.11,-20.42,-12.24,0.0,4187080,4588240,4069397,-9.23,29.23,27.76,P-V-,P-V+,P-V+,➡️ 中性,19,28,35,24.9,,,,,,,,,,,,,,,,,,,,,,,,,,,,34,26,26,,26,剛爆發,,False,False
RCL,Consumer Discretionary,Royal Caribbean Group,2026-09-01,265.7,-18.85,-7.6,-15.81,-14.52,0.0,1548840,2242958,2534563,-36.41,-20.64,15.02,P-V-,P-V-,P-V+,😴 弱勢縮量,44,32,32,38.0,,,,,,,,,,,,,,,,,,,,,,,,,,,,35,26,26,,26,剛爆發,,False,False
LOW,Consumer Discretionary,Lowe's,2026-09-01,200.05,-9.04,-3.09,-23.5,-14.78,0.0,2982330,3065126,2906997,-6.15,11.5,0.98,P-V-,P-V+,P-V+,➡️ 中性,34,26,39,32.6,,,,,,,,,,,,,,,,,,,,,,,,,,,,36,26,26,,26,剛爆發,,False,False
WYNN,Consumer Discretionary,Wynn Resorts,2026-09-01,90.6,-10.21,-14.75,-17.3,-14.89,0.0,1592885,1527909,1589243,9.96,-7.43,-2.48,P-V+,P-V-,P-V-,➡️ 中性,39,40,33,38.1,,,,,,,,,,,,,,,,,,,,,,,,,,,,37,26,26,,26,剛爆發,,False,False
TJX,Consumer Discretionary,TJX Companies,2026-09-01,133.27,-16.4,-12.48,-15.48,-14.96,0.0,7222030,6150715,5604556,45.82,21.59,7.12,P-V+,P-V+,P-V+,📉 主力出貨,43,37,30,38.6,,,,,,,,,,,,,,,,,,,,,,,,,,,,38,26,26,,26,剛爆發,,False,False
LVS,Consumer Discretionary,Las Vegas Sands,2026-09-01,43.84,-4.38,-17.18,-20.69,-15.73,0.0,4564760,4814780,4529203,-18.0,13.46,-19.26,P-V-,P-V+,P-V-,➡️ 中性,20,44,36,30.4,,,,,,,,,,,,,,,,,,,,,,,,,,,,39,26,26,,26,剛爆發,,False,False
LEN,Consumer Discretionary,Lennar,2026-09-01,82.75,-5.84,-7.62,-25.28,-16.01,0.0,2308825,2600167,2778036,-5.97,-12.03,-39.37,P-V-,P-V-,P-V-,🧊 熊市縮量,26,33,40,30.9,,,,,,,,,,,,,,,,,,,,,,,,,,,,40,26,26,,26,剛爆發,,False,False
TPR,Consumer Discretionary,"Tapestry, Inc.",2026-09-01,122.14,-23.26,-11.76,-23.47,-20.49,0.0,3749065,2927824,2539264,74.66,36.13,-14.35,P-V+,P-V+,P-V-,➡️ 中性,46,36,38,41.4,,,,,,,,,,,,,,,,,,,,,,,,,,,,41,26,26,,26,剛爆發,,False,False
LULU,Consumer Discretionary,Lululemon Athletica,2026-09-01,118.0,-4.46,-10.67,-36.59,-22.08,0.0,3463040,3566843,3291096,40.71,18.29,-24.22,P-V+,P-V+,P-V-,➡️ 中性,21,34,44,29.5,,,,,,,,,,,,,,,,,,,,,,,,,,,,42,26,26,,26,剛爆發,,False,False
CCL,Consumer Discretionary,Carnival Corporation,2026-09-01,23.23,-21.3,-15.12,-28.15,-23.18,0.0,17708575,20821926,25087083,-7.68,-29.06,19.61,P-V-,P-V-,P-V+,😴 弱勢縮量,45,41,41,43.0,,,,,,,,,,,,,,,,,,,,,,,,,,,,43,26,26,,26,剛爆發,,False,False
DECK,Consumer Discretionary,Deckers Brands,2026-09-01,84.58,-14.83,-23.68,-29.17,-24.21,0.0,2456745,2300621,2190570,4.45,10.58,-34.95,P-V+,P-V+,P-V-,➡️ 中性,42,46,42,43.2,,,,,,,,,,,,,,,,,,,,,,,,,,,,44,26,26,,26,剛爆發,,False,False
NKE,Consumer Discretionary,"Nike, Inc.",2026-09-01,38.12,-9.25,-16.12,-38.82,-25.75,0.0,27345520,24791818,23457626,48.44,12.06,44.62,P-V+,P-V+,P-V+,📉 主力出貨,36,43,46,40.1,,,,,,,,,,,,,,,,,,,,,,,,,,,,45,26,26,,26,剛爆發,,False,False
NCLH,Consumer Discretionary,Norwegian Cruise Line Holdings,2026-09-01,15.43,-23.99,-14.56,-38.33,-28.8,0.0,13624785,16287316,19895623,-10.96,-30.7,13.65,P-V-,P-V-,P-V+,😴 弱勢縮量,47,39,45,44.2,,,,,,,,,,,,,,,,,,,,,,,,,,,,46,26,26,,26,剛爆發,,False,False
APTV,Consumer Discretionary,Aptiv,2026-09-01,44.85,-4.59,-34.62,-41.78,-30.7,0.0,5274320,3971526,3538929,69.11,27.85,62.45,P-V+,P-V+,P-V+,📉 主力出貨,22,47,47,34.5,,,,,,,,,,,,,,,,,,,,,,,,,,,,47,26,26,,26,剛爆發,,False,False
TGT,Consumer Staples,Target Corporation,2026-09-01,163.75,11.72,33.38,45.1,33.83,1.0,4974890,4462532,5160819,33.17,-23.84,-32.26,P+V+,P+V-,P+V-,➡️ 中性,4,1,1,2.5,75.83,17.31,False,True,144.76,15.02,1.094,False,170.75,170.75,-4.1,0.17,11.41,12.0,8.0,5151283.0,4710300.0,1.5,3982800.0,5671260.0,5366020.0,0.742,98.55,63.07,多頭,頭頭高·底底高,,1,4,21,6.2,3,,,False,True
SJM,Consumer Staples,J.M. Smucker Company (The),2026-09-01,131.42,11.28,31.85,15.62,18.59,1.0,1270910,1541578,1843601,-15.69,-28.15,0.69,P+V-,P+V-,P+V+,⚠️ 頂部背離,5,2,3,3.7,46.18,5.01,False,True,117.66,12.9,1.095,False,135.89,135.89,-3.29,4.76,11.31,14.0,6.0,1304935.0,1191516.0,2.333,1720100.0,1593290.0,1410960.0,1.219,100.0,69.57,多頭,頭頭高·底底高,多頭確認,2,1,6,2.4,1,,,False,True
ADM,Consumer Staples,Archer Daniels Midland,2026-09-01,84.55,9.68,2.99,27.04,16.68,1.0,3779820,3659167,3841017,4.1,-9.04,8.79,P+V+,P+V-,P+V+,➡️ 中性,6,20,2,9.4,28.02,7.8,False,True,80.03,10.86,0.863,False,87.9,88.46,-3.81,6.81,6.53,10.0,10.0,3502720.0,4056920.0,1.0,4010000.0,3689940.0,3564286.0,1.125,86.75,62.11,收斂,頭頭低·底底高,多轉空預警 / 多頭確認,3,10,11,7.4,5,吃老本,,False,True
KO,Consumer Staples,Coca-Cola Company (The),2026-09-01,88.0,1.35,12.62,10.78,8.88,1.0,13961775,17432338,16407860,-20.28,13.32,-4.82,P+V-,P+V+,P+V-,⚠️ 量能背離,13,8,5,9.9,4.05,5.88,False,True,85.59,5.19,0.848,False,92.49,92.49,-4.85,-3.97,1.66,12.0,8.0,13027900.0,15362587.0,1.5,14824100.0,15230810.0,13923193.0,1.065,86.75,50.31,多頭,頭頭高·底底高,,4,10,14,8.4,6,吃老本,,False,True
KHC,Consumer Staples,Kraft Heinz,2026-09-01,25.87,0.54,11.46,9.0,7.5,1.0,15278335,14259152,14773344,16.73,-6.73,-5.57,P+V+,P+V-,P+V-,➡️ 中性,15,10,6,11.7,5.6,15.38,False,True,25.28,7.84,0.74,False,28.09,28.09,-7.9,2.17,-2.89,10.0,10.0,12994930.0,17561740.0,1.0,14093000.0,15422610.0,14179986.0,0.994,77.08,54.84,擴散,頭頭高·底底低,,5,18,15,12.2,11,吃老本,,False,True
DLTR,Consumer Staples,Dollar Tree,2026-09-01,131.71,2.29,18.28,3.75,7.02,1.0,2309205,2925418,3294126,-8.8,-20.13,-15.94,P+V-,P+V-,P+V-,⚠️ 量能衰竭,11,5,9,8.8,136.13,12.89,False,True,126.44,14.49,0.69,False,142.4,142.4,-7.51,-2.06,0.77,11.0,9.0,1920381.0,2784433.0,1.222,2161200.0,2876120.0,2517920.0,0.858,80.04,54.87,多頭,頭頭高·底底高,,6,16,20,12.8,13,吃老本,,False,True
GIS,Consumer Staples,General Mills,2026-09-01,41.09,14.36,24.3,-5.39,6.97,0.667,8223275,9881890,9673387,-13.89,4.41,41.37,P+V-,P+V+,P-V+,➡️ 中性,2,3,17,5.3,19.21,-12.14,False,True,37.38,9.61,0.924,False,48.32,51.33,-14.97,3.29,13.54,14.0,6.0,8026171.0,8683183.0,2.333,9608500.0,8350250.0,8176226.0,1.175,100.0,63.95,空頭,頭頭低·底底低,多轉空預警 / 多頭確認,7,1,8,4.8,2,剛爆發,,False,True
KDP,Consumer Staples,Keurig Dr Pepper,2026-09-01,31.89,3.71,6.35,6.83,5.93,1.0,10992035,13602141,12293085,-9.38,23.84,-25.99,P+V-,P+V+,P+V-,⚠️ 量能背離,7,15,7,9.4,6.18,4.25,False,True,31.21,6.64,0.877,False,33.82,33.82,-5.71,0.16,2.54,11.0,9.0,10337645.0,11791844.0,1.222,7098300.0,8376790.0,9984420.0,0.711,85.26,55.21,空頭,頭頭低·底底低,,8,12,22,12.4,12,,,False,True
CASY,Consumer Staples,Casey's,2026-09-01,766.91,-10.08,2.94,12.55,4.49,0.667,310335,459749,539199,-8.01,-25.68,65.27,P-V-,P+V-,P+V+,➡️ 中性,32,21,4,23.1,32.11,16.87,True,False,829.38,15.95,0.972,False,927.15,927.85,-17.28,-7.03,-9.85,9.0,11.0,305533.0,314263.0,0.818,433500.0,336020.0,312820.0,1.386,70.57,36.62,收斂,頭頭低·底底高,空頭確認,9,22,2,12.8,13,吃老本,,False,True
EL,Consumer Staples,Estée Lauder Companies (The),2026-09-01,100.0,15.39,17.25,-9.7,3.31,0.667,3766735,3265713,3896486,73.64,-27.87,4.43,P+V+,P+V-,P-V+,➡️ 中性,1,7,23,7.2,22.12,40.2,False,True,87.07,14.55,1.773,False,120.38,121.64,-16.93,-4.3,15.37,8.0,12.0,5101487.0,2876900.0,0.667,2910300.0,5007040.0,4245826.0,0.685,98.53,62.19,多頭,頭頭高·底底高,多頭確認,10,5,23,10.6,8,,,False,True
BG,Consumer Staples,Bunge Global,2026-09-01,121.04,14.24,-6.28,2.61,3.29,0.667,1364120,1555229,1655482,-0.21,-11.42,-2.92,P+V-,P-V-,P+V-,⚠️ 量能背離,3,31,11,13.0,2.89,109.39,False,True,112.48,13.06,0.954,False,134.02,134.87,-9.69,8.35,14.12,12.0,8.0,1338250.0,1402925.0,1.5,1599200.0,1603110.0,1333246.0,1.199,100.0,64.08,收斂,頭頭低·底底高,空轉多預警 / 多頭確認,11,1,7,6.2,3,剛爆發,,False,True
PM,Consumer Staples,Philip Morris International,2026-09-01,187.15,-0.94,9.29,1.54,2.86,0.667,4454130,4937496,4955249,-14.13,-0.71,-18.15,P-V-,P+V-,P+V-,➡️ 中性,19,12,12,15.5,7.31,7.07,False,False,187.46,5.17,1.063,False,207.76,207.76,-9.92,-3.49,0.13,12.0,8.0,4561575.0,4292962.0,1.5,4134000.0,4218590.0,4438120.0,0.931,89.78,46.9,多頭,頭頭高·底底高,,12,8,18,11.6,10,,,False,True
MO,Consumer Staples,Altria,2026-09-01,69.57,1.65,2.86,3.34,2.8,1.0,9379860,8614341,9027172,12.52,-8.75,0.15,P+V+,P+V-,P+V+,➡️ 中性,12,22,10,14.6,-1.17,5.92,False,False,70.01,8.22,0.972,False,77.06,77.06,-9.72,2.2,2.2,11.0,9.0,9259309.0,9527200.0,1.222,9823300.0,8555210.0,9022300.0,1.089,87.54,55.0,擴散,頭頭高·底底低,,13,9,13,11.4,9,,,False,False
MDLZ,Consumer Staples,Mondelez International,2026-09-01,61.61,-1.58,1.76,4.55,2.32,0.667,6808950,8921444,8897771,-31.17,0.53,-7.49,P-V-,P+V+,P+V-,➡️ 中性,21,24,8,19.3,7.4,10.22,False,True,61.45,6.54,0.924,False,66.65,66.65,-7.56,-2.19,-0.76,11.0,9.0,6565136.0,7106944.0,1.222,7749600.0,7233930.0,6796020.0,1.14,83.17,44.88,收斂,頭頭低·底底高,多轉空預警 / 空轉多預警,14,14,9,13.0,15,,🎯 潛在暴漲,True,True
KVUE,Consumer Staples,Kenvue,2026-09-01,18.75,-3.61,9.27,0.99,1.91,0.667,20377785,20652135,20916666,2.93,-2.5,-49.48,P-V+,P+V-,P+V-,➡️ 中性,23,13,13,18.0,-2.82,23.03,False,False,19.02,4.45,1.011,False,20.64,21.63,-9.14,-3.0,-3.02,8.0,11.0,21042837.0,20804663.0,0.727,21752700.0,20483980.0,19784066.0,1.1,75.6,44.2,收斂,頭頭低·底底高,,15,19,12,16.0,19,,,False,False
KMB,Consumer Staples,Kimberly-Clark,2026-09-01,107.08,-4.71,10.82,-0.44,1.31,0.333,2957120,4054283,4413678,-25.39,-15.06,-10.91,P-V-,P+V-,P-V-,➡️ 中性,28,11,14,20.1,5.68,2.24,False,False,109.66,5.13,0.885,False,127.69,133.94,-16.14,-3.55,-4.02,8.0,12.0,2742612.0,3100125.0,0.667,3623200.0,3153670.0,2850546.0,1.271,71.65,43.31,空頭,頭頭低·底底低,,16,21,3,15.4,16,,,False,True
SYY,Consumer Staples,Sysco,2026-09-01,82.11,-2.49,12.12,-6.56,-0.87,0.333,2635270,3262684,3969724,-23.94,-30.24,19.71,P-V-,P+V-,P-V+,➡️ 中性,22,9,19,17.5,1.24,-0.39,False,False,82.98,5.69,1.272,False,90.56,91.85,-9.33,-1.62,-0.82,9.0,11.0,2985977.0,2348327.0,0.818,2200100.0,2109480.0,2292413.0,0.96,83.38,45.96,收斂,頭頭低·底底高,,17,13,17,15.4,16,,,False,True
DG,Consumer Staples,Dollar General,2026-09-01,131.09,3.27,19.86,-14.04,-1.24,0.667,2486580,2848593,3171173,6.06,-18.47,-3.94,P+V+,P+V-,P-V-,✨ 反彈初期,8,4,26,10.4,23.53,6.22,False,True,121.83,12.05,1.317,False,156.68,158.23,-16.33,6.94,3.01,11.0,9.0,2788427.0,2117655.0,1.222,3878200.0,3083290.0,2681800.0,1.446,95.96,62.59,多頭,頭頭高·底底高,,18,6,1,9.8,7,剛爆發,🎯 潛在暴漲,True,True
CHD,Consumer Staples,Church & Dwight,2026-09-01,99.43,-3.77,4.65,-3.48,-1.52,0.333,1719180,1893216,1966083,-7.83,-7.15,-15.77,P-V-,P+V-,P-V-,➡️ 中性,24,18,15,20.4,-0.95,2.23,False,True,98.99,6.92,0.992,False,105.37,106.04,-5.64,-3.05,-3.17,8.0,12.0,1710550.0,1724933.0,0.667,2032100.0,1721020.0,1664653.0,1.221,74.23,47.34,多頭,頭頭高·底底高,,19,20,5,16.6,20,,,False,False
COST,Consumer Staples,Costco,2026-09-01,939.96,-0.22,-0.49,-4.45,-2.4,0.0,1717110,2196989,2091539,-22.88,10.62,-17.03,P-V-,P-V+,P-V-,➡️ 中性,17,26,16,19.5,,,,,,,,,,,,,,,,,,,,,,,,,,,,20,24,24,,24,,,False,False
BF-B,Consumer Staples,Brown–Forman,2026-09-01,26.36,-7.12,5.68,-5.78,-3.25,0.333,1870740,2578658,4132840,-26.33,-54.66,-3.27,P-V-,P+V-,P-V-,➡️ 中性,30,16,18,23.4,,,,,,,,,,,,,,,,,,,,,,,,,,,,21,24,24,,24,,,False,False
PG,Consumer Staples,Procter & Gamble,2026-09-01,146.21,-0.4,5.01,-9.37,-3.53,0.333,9210520,9129155,9343473,6.75,-4.48,-0.68,P-V+,P+V-,P-V-,➡️ 中性,18,17,22,18.5,,,,,,,,,,,,,,,,,,,,,,,,,,,,22,24,24,,24,,,False,False
CL,Consumer Staples,Colgate-Palmolive,2026-09-01,89.63,-3.91,1.94,-7.02,-4.0,0.333,4036270,4816864,5331150,-13.93,-17.6,-17.28,P-V-,P+V-,P-V-,➡️ 中性,25,23,20,23.4,,,,,,,,,,,,,,,,,,,,,,,,,,,,23,24,24,,24,,,False,False
MKC,Consumer Staples,McCormick & Company,2026-09-01,54.26,3.27,17.54,-20.24,-4.92,0.667,2328635,3752507,3970216,-33.69,-10.4,29.24,P+V-,P+V-,P-V+,➡️ 中性,8,6,31,12.0,14.8,10.66,False,True,52.48,5.91,0.898,False,71.13,72.41,-23.71,-0.4,4.23,13.0,7.0,2239923.0,2493385.0,1.857,2373400.0,2498360.0,2430340.0,0.977,95.95,52.52,擴散,頭頭高·底底低,,24,7,16,15.6,18,剛爆發,,False,True
KR,Consumer Staples,Kroger,2026-09-01,57.94,2.92,-5.17,-12.7,-6.91,0.333,5951675,7652009,6881322,-19.47,25.22,0.78,P+V-,P-V+,P-V+,➡️ 中性,10,30,25,19.0,-0.83,6.47,True,True,57.37,7.2,1.021,False,75.66,76.58,-23.42,-0.87,0.95,9.0,11.0,6018833.0,5896727.0,0.818,7304300.0,6141250.0,5841560.0,1.25,80.35,52.61,收斂,頭頭低·底底高,,25,15,4,16.8,21,剛爆發,,False,False
PEP,Consumer Staples,PepsiCo,2026-09-01,139.79,0.73,-0.18,-14.95,-7.34,0.333,6368415,8417336,7467507,-27.05,29.15,-6.43,P+V-,P-V+,P-V-,➡️ 中性,14,25,30,20.5,-0.37,3.75,False,True,139.76,4.63,0.821,False,168.19,171.48,-16.89,-1.74,0.5,10.0,10.0,5741290.0,6995540.0,1.0,5529500.0,6749140.0,6410580.0,0.863,78.96,47.76,多頭,頭頭高·底底高,空轉多預警,26,17,19,21.0,22,剛爆發,,False,False
TAP,Consumer Staples,Molson Coors Beverage Company,2026-09-01,39.76,-3.93,3.06,-14.4,-7.42,0.333,2624865,3067103,3076679,-14.19,-0.62,2.42,P-V-,P+V-,P-V+,➡️ 中性,26,19,28,24.3,,,,,,,,,,,,,,,,,,,,,,,,,,,,27,24,24,,24,,,False,False
STZ,Consumer Staples,Constellation Brands,2026-09-01,130.63,-0.01,-3.37,-14.91,-8.3,0.0,1680030,2117381,2056939,-17.26,6.05,-23.63,P-V-,P-V+,P-V-,➡️ 中性,16,27,29,21.9,,,,,,,,,,,,,,,,,,,,,,,,,,,,28,24,24,,24,,,False,False
TSN,Consumer Staples,Tyson Foods,2026-09-01,55.06,-4.5,-7.27,-11.18,-8.53,0.0,2664680,3295553,3112853,-18.29,12.47,6.16,P-V-,P-V+,P-V+,➡️ 中性,27,32,24,27.9,,,,,,,,,,,,,,,,,,,,,,,,,,,,29,24,24,,24,,,False,False
HRL,Consumer Staples,Hormel Foods,2026-09-01,21.99,-12.84,-4.7,-9.06,-8.92,0.0,5157635,4459301,4927871,43.31,-17.37,1.23,P-V+,P-V-,P-V+,➡️ 中性,33,28,21,29.1,,,,,,,,,,,,,,,,,,,,,,,,,,,,30,24,24,,24,剛爆發,,False,False
WMT,Consumer Staples,Walmart,2026-09-01,105.92,-5.49,-7.35,-14.33,-10.37,0.0,27537715,24754761,22269172,29.16,25.13,-6.72,P-V+,P-V+,P-V-,➡️ 中性,29,33,27,29.8,,,,,,,,,,,,,,,,,,,,,,,,,,,,31,24,24,,24,剛爆發,,False,False
CLX,Consumer Staples,Clorox,2026-09-01,94.97,-9.22,7.85,-23.33,-12.01,0.333,2891405,2658347,2690049,9.45,-2.33,26.9,P-V+,P+V-,P-V+,➡️ 中性,31,14,33,26.3,0.86,6.16,False,False,99.1,14.03,0.926,False,125.83,128.9,-24.52,-9.49,-8.21,8.0,12.0,2759137.0,2979583.0,0.667,3361100.0,3170610.0,2958620.0,1.136,67.48,33.48,多頭,頭頭高·底底高,,32,23,10,24.0,23,剛爆發,,False,True
HSY,Consumer Staples,Hershey Company (The),2026-09-01,176.0,-1.22,-4.84,-22.79,-12.91,0.0,1142965,1803396,1842356,-36.84,-4.14,6.56,P-V-,P-V-,P-V+,😴 弱勢縮量,20,29,32,25.1,,,,,,,,,,,,,,,,,,,,,,,,,,,,33,24,24,,24,剛爆發,,False,False
MNST,Consumer Staples,Monster Beverage,2026-09-01,44.99,-52.23,-48.92,-47.32,-48.95,0.0,9301090,7261161,6389915,40.46,31.57,15.6,P-V+,P-V+,P-V+,📉 主力出貨,34,34,34,34.0,,,,,,,,,,,,,,,,,,,,,,,,,,,,34,24,24,,24,剛爆發,,False,False
MPC,Energy,Marathon Petroleum,2026-09-01,383.0,28.98,48.48,91.73,65.23,1.0,2585280,2376420,2497010,24.11,-9.21,20.4,P+V+,P+V-,P+V+,➡️ 中性,1,1,1,1.0,27.08,120.63,False,True,313.02,9.69,1.072,False,383.01,383.01,-0.0,7.92,22.85,14.0,6.0,2638492.0,2461116.0,2.333,2376700.0,2493230.0,2493873.0,0.953,100.0,76.46,多頭,頭頭高·底底高,空轉多預警 / 多頭確認,1,1,12,3.2,3,,,False,True
VLO,Energy,Valero Energy,2026-09-01,361.99,19.71,43.91,79.16,55.48,1.0,2419895,2821856,3282065,-14.96,-24.6,13.68,P+V-,P+V-,P+V+,⚠️ 頂部背離,4,2,2,3.0,23.84,33.47,False,True,307.09,8.57,1.03,False,364.9,364.9,-0.8,6.34,17.25,12.0,8.0,2448133.0,2377537.0,1.5,2733600.0,2247050.0,2213740.0,1.235,100.0,71.99,空頭,頭頭低·底底低,多轉空預警 / 多頭確認,2,1,5,2.2,1,,,False,True
PSX,Energy,Phillips 66,2026-09-01,252.02,25.08,40.57,67.39,50.11,1.0,2849740,2674344,2904019,10.49,-14.66,19.03,P+V+,P+V-,P+V+,➡️ 中性,3,3,3,3.0,25.45,225.68,False,True,208.38,7.62,1.016,False,252.05,252.05,-0.01,6.38,23.05,13.0,7.0,2865138.0,2821142.0,1.857,3097400.0,2715820.0,2780620.0,1.114,100.0,75.08,擴散,頭頭高·底底低,多頭確認,3,1,6,2.8,2,,,False,True
APA,Energy,APA Corporation,2026-09-01,44.3,27.81,18.18,54.33,38.66,1.0,5591660,5524003,7004319,4.7,-34.89,5.47,P+V+,P+V-,P+V+,➡️ 中性,2,5,4,3.3,1.01,20.9,False,True,37.12,10.7,0.959,False,45.05,45.66,-1.66,7.13,23.74,13.0,7.0,5509638.0,5743985.0,1.857,4813200.0,5370990.0,5288506.0,0.91,100.0,67.59,多頭,頭頭高·底底高,空轉多預警,4,1,15,5.0,4,,,False,True
COP,Energy,ConocoPhillips,2026-09-01,136.19,19.17,18.62,24.77,21.83,1.0,6967025,7092676,8287930,10.01,-25.21,14.55,P+V+,P+V-,P+V+,➡️ 中性,5,4,6,4.9,10.82,11.52,False,True,117.92,6.27,1.008,False,136.3,136.3,-0.08,3.3,16.24,13.0,7.0,6985461.0,6932785.0,1.857,6414000.0,7049040.0,6782066.0,0.946,100.0,70.07,多頭,頭頭高·底底高,空轉多預警 / 多頭確認,5,1,13,5.0,4,,,False,True
TRGP,Energy,Targa Resources,2026-09-01,296.06,13.82,14.81,29.29,21.8,1.0,1296260,1239736,1321875,13.28,-11.7,-9.94,P+V+,P+V-,P+V-,➡️ 中性,10,6,5,7.8,14.25,7.4,False,True,275.7,8.14,1.143,False,307.94,307.94,-3.86,3.19,12.58,10.0,10.0,1382570.0,1209950.0,1.0,1211100.0,1393980.0,1317446.0,0.919,93.82,60.21,多頭,頭頭高·底底高,,6,14,14,10.8,14,吃老本,,False,True
EOG,Energy,EOG Resources,2026-09-01,148.35,10.52,9.39,24.34,17.15,1.0,2954420,3337920,3989803,0.18,-28.09,-1.22,P+V+,P+V-,P+V-,➡️ 中性,13,10,7,10.9,2.1,6.22,False,True,140.45,7.38,0.945,False,153.67,153.67,-3.46,1.04,3.37,11.0,9.0,2878818.0,3046822.0,1.222,3781800.0,2838650.0,2647313.0,1.429,87.3,56.67,多頭,頭頭高·底底高,空轉多預警,7,18,2,10.4,13,吃老本,,False,True
CVX,Energy,Chevron Corporation,2026-09-01,211.05,14.21,14.56,16.66,15.52,1.0,7933960,8426853,10336734,5.0,-31.19,15.02,P+V+,P+V-,P+V+,➡️ 中性,9,7,10,8.6,8.84,45.56,False,True,187.63,6.5,1.098,False,211.08,214.71,-0.01,5.58,11.81,13.0,7.0,8188576.0,7461100.0,1.857,8551500.0,7917560.0,7761373.0,1.102,100.0,71.6,多頭,頭頭高·底底高,空轉多預警 / 多頭確認,8,1,7,5.0,4,剛爆發,,False,True
FANG,Energy,Diamondback Energy,2026-09-01,203.16,9.73,2.64,23.75,14.96,1.0,1778935,2216075,2699312,-10.96,-30.37,41.35,P+V-,P+V-,P+V+,⚠️ 頂部背離,14,17,8,13.7,8.32,12.78,False,True,193.37,9.94,1.062,False,216.9,216.9,-6.33,1.64,6.47,10.0,10.0,1832760.0,1725110.0,1.0,2573700.0,2079960.0,1802180.0,1.428,88.13,54.3,多頭,頭頭高·底底高,空轉多預警,9,17,3,11.0,15,吃老本,,False,True
OKE,Energy,Oneok,2026-09-01,95.69,9.69,13.99,16.63,14.23,1.0,3507970,3654072,4190193,-5.05,-22.69,0.27,P+V-,P+V-,P+V+,⚠️ 頂部背離,15,8,11,12.1,5.64,-5.66,False,True,90.64,9.23,1.174,False,99.85,99.85,-4.17,4.35,9.17,11.0,9.0,3758245.0,3202077.0,1.222,4360800.0,3326430.0,3452633.0,1.263,96.12,60.06,擴散,頭頭高·底底低,,10,12,4,9.6,11,,,False,True
OXY,Energy,Occidental Petroleum,2026-09-01,60.95,13.27,3.92,19.62,14.11,1.0,7855020,8933661,12774009,-12.67,-46.23,21.53,P+V-,P+V-,P+V+,⚠️ 頂部背離,11,16,9,12.1,28.99,80.35,False,True,55.58,7.69,1.166,False,67.14,67.45,-9.22,4.35,10.64,12.0,8.0,8329566.0,7143200.0,1.5,7241800.0,6996360.0,7162526.0,1.011,100.0,62.08,多頭,頭頭高·底底高,空轉多預警,11,1,9,6.6,8,剛爆發,,False,True
DVN,Energy,Devon Energy,2026-09-01,49.05,16.54,6.67,16.4,14.0,1.0,10557300,12315410,13995850,5.9,-21.44,62.26,P+V+,P+V-,P+V+,➡️ 中性,6,13,12,9.3,11.26,-4.91,False,True,44.47,7.41,1.215,False,52.34,52.71,-6.28,4.56,11.35,12.0,8.0,11363016.0,9348725.0,1.5,10284400.0,9385210.0,10181480.0,1.01,100.0,64.07,多頭,頭頭高·底底高,空轉多預警,12,1,10,7.2,9,剛爆發,,False,True
XOM,Energy,ExxonMobil,2026-09-01,164.55,9.22,10.87,12.25,11.15,1.0,14111550,15541650,18298736,-3.33,-26.19,10.22,P+V-,P+V-,P+V+,⚠️ 頂部背離,16,9,13,13.3,13.26,15.14,False,True,150.8,8.23,1.017,False,174.09,176.41,-5.48,2.43,7.57,10.0,10.0,14232810.0,13990290.0,1.0,11381800.0,14035870.0,13744206.0,0.828,88.32,62.39,多頭,頭頭高·底底高,空轉多預警,13,16,17,15.0,17,,,False,True
SLB,Energy,Schlumberger,2026-09-01,57.15,14.51,4.93,11.57,10.65,1.0,11450565,13692155,15156819,-12.24,-17.62,-11.66,P+V-,P+V-,P+V-,⚠️ 量能衰竭,8,15,14,11.3,6.3,1.13,False,True,50.16,15.38,1.275,False,60.46,60.46,-5.47,7.24,12.48,12.0,7.0,12612000.0,9889428.0,1.714,18471600.0,14262980.0,12075120.0,1.53,100.0,62.62,多頭,頭頭高·底底高,多頭確認,14,1,1,6.2,7,剛爆發,,False,True
HAL,Energy,Halliburton,2026-09-01,36.8,15.65,-6.08,3.99,4.39,0.667,10666955,11750803,13231992,-14.38,-20.13,4.51,P+V-,P-V-,P+V+,⚠️ 頂部背離,7,21,15,12.8,2.28,10.42,False,True,33.92,13.47,1.148,False,43.41,43.59,-15.22,8.88,13.72,11.0,9.0,11322272.0,9866011.0,1.222,9245900.0,12162690.0,10801526.0,0.856,100.0,63.93,空頭,頭頭低·底底低,多頭確認,15,1,16,9.6,11,剛爆發,,False,True
WMB,Energy,Williams Companies,2026-09-01,75.23,4.76,8.2,2.09,4.29,1.0,6695745,7088316,6777892,-2.53,9.6,-4.89,P+V-,P+V+,P+V-,⚠️ 量能背離,18,12,16,15.8,0.25,16.43,False,True,73.49,9.2,1.157,False,79.49,80.08,-5.36,5.84,5.2,11.0,9.0,7130009.0,6164977.0,1.222,7316300.0,7996620.0,7165220.0,1.021,94.03,57.61,收斂,頭頭低·底底高,空轉多預警,16,13,8,13.2,16,,,False,True
EXE,Energy,Expand Energy,2026-09-01,99.98,10.75,9.22,-4.28,2.85,0.667,2521305,3533430,3528676,-38.86,0.27,2.6,P+V-,P+V+,P-V+,➡️ 中性,12,11,19,13.1,19.09,5.37,False,True,91.84,6.59,1.154,False,124.43,126.62,-19.65,5.62,8.07,14.0,5.0,2636900.0,2284880.0,2.8,2447600.0,2652920.0,2508486.0,0.976,100.0,67.8,多頭,頭頭高·底底高,空轉多預警 / 多頭確認,17,1,11,9.4,10,剛爆發,,False,True
KMI,Energy,Kinder Morgan,2026-09-01,32.1,3.15,5.02,-1.09,1.5,0.667,10430040,10112563,11372245,5.61,-19.94,-16.43,P+V+,P+V-,P-V-,✨ 反彈初期,20,14,17,17.6,18.28,22.1,False,True,31.86,8.07,1.038,False,34.49,34.81,-6.92,3.75,2.29,11.0,9.0,10605772.0,10215255.0,1.222,9053800.0,11701950.0,11350686.0,0.798,89.38,53.37,空頭,頭頭低·底底低,,18,15,18,16.8,18,,,False,True
BKR,Energy,Baker Hughes,2026-09-01,63.66,3.61,1.47,-1.22,0.66,0.667,6337585,8213256,8771546,-34.48,-11.97,14.43,P+V-,P+V-,P-V+,➡️ 中性,19,18,18,18.5,,,,,,,,,,,,,,,,,,,,,,,,,,,,19,19,19,,19,,,False,False
EQT,Energy,EQT Corporation,2026-09-01,55.59,8.51,0.91,-6.39,-0.84,0.667,6210835,7140338,7600122,-18.88,-11.41,-12.77,P+V-,P+V-,P-V-,➡️ 中性,17,19,20,18.2,,,,,,,,,,,,,,,,,,,,,,,,,,,,20,19,19,,19,,,False,False
TPL,Energy,Texas Pacific Land Corporation,2026-09-01,369.93,-2.97,0.62,-27.51,-14.35,0.333,409185,387800,435256,44.84,-19.66,-0.02,P-V+,P+V-,P-V-,➡️ 中性,21,20,21,20.7,,,,,,,,,,,,,,,,,,,,,,,,,,,,21,19,19,,19,,,False,False
FDS,Financials,FactSet,2026-09-01,305.44,10.27,13.2,44.53,28.13,1.0,822510,947775,946927,-10.24,0.18,11.61,P+V-,P+V+,P+V+,⚠️ 頂部背離,3,31,1,11.0,1.76,1.89,False,True,266.27,10.15,0.934,False,378.61,386.52,-19.33,3.55,11.69,10.0,10.0,794520.0,850500.0,1.0,952000.0,929160.0,850946.0,1.119,89.79,62.09,多頭,頭頭高·底底高,多頭確認,1,8,13,6.2,1,吃老本,,False,True
STT,Financials,State Street Corporation,2026-09-01,187.79,0.4,18.11,43.63,26.44,1.0,1327255,2080466,2112665,-45.21,-3.0,7.45,P+V-,P+V-,P+V+,⚠️ 頂部背離,27,14,2,18.1,9.21,7.46,False,True,183.04,6.83,0.982,False,195.93,195.93,-4.15,-2.67,1.38,10.0,10.0,1315520.0,1338990.0,1.0,1179100.0,1315100.0,1282113.0,0.92,81.95,50.47,多頭,頭頭高·底底高,,2,18,20,12.0,5,吃老本,,False,True
HOOD,Financials,Robinhood Markets,2026-09-01,103.51,11.54,14.09,30.28,21.55,1.0,18297910,24871772,26940080,-13.5,-14.26,-16.04,P+V-,P+V-,P+V-,⚠️ 量能衰竭,2,27,5,10.1,43.71,-1.98,False,True,101.26,19.38,1.189,False,153.86,153.86,-32.72,-7.65,10.69,10.0,10.0,19881450.0,16714370.0,1.0,22636200.0,23017040.0,19982353.0,1.133,89.17,53.12,空頭,頭頭低·底底低,多轉空預警,3,9,12,7.2,2,吃老本,,False,True
XYZ,Financials,"Block, Inc.",2026-09-01,77.88,-7.51,2.34,42.82,20.12,0.667,4915415,5278667,6246070,6.66,-26.82,-11.03,P-V+,P+V-,P+V-,➡️ 中性,73,68,3,57.5,16.71,25.55,False,False,79.81,11.35,0.849,False,86.92,86.92,-10.4,-5.85,-7.99,7.0,13.0,4407585.0,5188861.0,0.538,5157100.0,4377160.0,4291473.0,1.202,65.81,42.68,多頭,頭頭高·底底高,,4,35,10,17.6,12,吃老本,,False,True
BNY,Financials,BNY Mellon,2026-09-01,160.51,1.12,13.02,33.04,20.05,1.0,2489515,3491353,3594342,-34.73,-5.57,3.06,P+V-,P+V-,P+V+,⚠️ 頂部背離,22,32,4,21.4,10.7,16.54,False,True,156.0,4.92,0.821,False,165.69,165.69,-3.13,-1.92,2.35,11.0,9.0,2267354.0,2761044.0,1.222,3143300.0,2673620.0,2469600.0,1.273,83.35,52.51,多頭,頭頭高·底底高,,5,15,9,9.8,4,吃老本,,False,True
ALL,Financials,Allstate,2026-09-01,257.87,-2.13,24.97,22.97,17.19,0.667,1695735,1734335,1615279,6.92,15.91,3.12,P-V+,P+V+,P+V+,⚠️ 中期出貨,40,5,10,23.5,48.03,47.01,False,True,253.99,5.32,0.723,False,276.07,277.22,-6.59,0.51,-1.38,10.0,10.0,1423660.0,1967810.0,1.0,1067500.0,1490960.0,1548906.0,0.689,77.04,50.79,空頭,頭頭低·底底低,,6,30,34,21.2,16,吃老本,,False,True
MET,Financials,MetLife,2026-09-01,94.42,-1.91,16.09,26.06,16.58,0.667,2995785,3647021,3673936,-24.52,-1.45,4.24,P-V-,P+V-,P+V+,➡️ 中性,37,21,6,26.0,6.16,6.65,False,True,93.29,4.27,1.093,False,100.93,100.93,-6.45,-1.51,-1.78,9.0,11.0,3142666.0,2875609.0,0.818,2727200.0,3049360.0,2759700.0,0.988,79.73,46.72,擴散,頭頭高·底底低,,7,26,19,17.0,9,吃老本,,False,True
AJG,Financials,Arthur J. Gallagher & Co.,2026-09-01,262.0,4.37,27.55,17.07,16.52,1.0,1311685,1605023,1806782,-7.84,-20.09,-2.73,P+V-,P+V-,P+V-,⚠️ 量能衰竭,9,2,22,9.5,0.94,0.98,False,True,250.9,8.98,1.037,False,310.73,313.55,-15.68,-2.42,5.62,11.0,9.0,1333290.0,1285277.0,1.222,2024500.0,1440900.0,1328813.0,1.524,88.89,54.97,擴散,頭頭高·底底低,,8,10,3,7.8,3,,,False,True
TRV,Financials,Travelers Companies (The),2026-09-01,363.92,-4.85,26.48,19.77,15.29,0.667,1569345,1938210,1683195,-28.54,35.71,19.45,P-V-,P+V+,P+V+,➡️ 中性,55,4,17,32.1,86.12,8.93,False,True,360.07,4.0,0.884,False,398.7,398.7,-8.72,-1.55,-3.51,8.0,12.0,1454725.0,1645758.0,0.667,1701800.0,1571950.0,1627960.0,1.045,72.74,46.72,多頭,頭頭高·底底高,,9,32,16,19.6,15,吃老本,,False,True
BAC,Financials,Bank of America,2026-09-01,61.99,-1.99,20.97,19.82,14.65,0.667,28678200,33439201,36129732,-13.63,-13.86,-2.62,P-V-,P+V-,P+V-,➡️ 中性,38,9,15,24.7,7.74,8.78,False,True,61.33,5.36,0.817,False,65.23,65.23,-4.97,-0.7,-1.45,11.0,9.0,26044445.0,31897233.0,1.222,25053700.0,31723640.0,30003706.0,0.835,81.47,48.85,多頭,頭頭高·底底高,空轉多預警,10,22,27,18.2,13,吃老本,,False,True
NTRS,Financials,Northern Trust,2026-09-01,182.68,-0.92,9.02,25.05,14.55,0.667,1006545,1062433,1092190,-10.41,-5.3,2.79,P-V-,P+V-,P+V+,➡️ 中性,31,46,7,30.7,-8.35,16.14,False,False,183.19,5.76,1.069,False,195.78,195.78,-6.69,-2.22,0.15,11.0,9.0,1036763.0,969611.0,1.222,951200.0,957790.0,959040.0,0.992,86.25,44.44,多頭,頭頭高·底底高,,11,13,18,13.2,6,,,False,False
IVZ,Financials,Invesco,2026-09-01,31.99,0.61,16.6,19.81,14.2,1.0,4090640,4988736,5212893,-21.76,-8.25,0.2,P+V-,P+V-,P+V+,⚠️ 頂部背離,24,19,16,20.9,,,,,,,,,,,,,,,,,,,,,,,,,,,,12,36,36,,36,吃老本,,False,False
CPAY,Financials,Corpay,2026-09-01,404.81,2.61,11.17,21.16,14.02,1.0,489525,592183,596176,-6.13,-1.33,3.53,P+V-,P+V-,P+V+,⚠️ 頂部背離,13,36,12,19.7,6.3,6.03,False,True,379.57,4.63,0.946,False,425.95,425.95,-4.96,-1.83,2.09,10.0,10.0,475900.0,503150.0,1.0,474400.0,405070.0,424113.0,1.119,82.07,54.65,多頭,頭頭高·底底高,空轉多預警,13,16,13,14.2,7,,,False,True
GPN,Financials,Global Payments,2026-09-01,90.06,2.95,19.81,16.51,13.94,1.0,2981960,3594866,3472098,-6.12,7.33,25.52,P+V-,P+V+,P+V+,⚠️ 頂部背離,12,12,24,14.4,0.63,5.43,False,True,83.09,6.65,1.158,False,95.88,95.88,-6.07,-4.01,2.05,8.0,12.0,3248387.0,2804341.0,0.667,1921200.0,2719810.0,2697460.0,0.712,79.9,53.78,多頭,頭頭高·底底高,,14,25,33,22.2,21,吃老本,,False,True
BX,Financials,Blackstone Inc.,2026-09-01,136.66,0.46,18.06,18.13,13.69,1.0,3725605,4825060,6269543,-26.32,-37.45,33.86,P+V-,P+V-,P+V+,⚠️ 頂部背離,26,15,20,21.5,13.71,1.69,False,True,130.63,7.59,1.075,False,182.68,190.09,-25.19,-4.71,-0.39,10.0,10.0,3860230.0,3590980.0,1.0,5144100.0,3084020.0,3347720.0,1.537,81.69,47.11,多頭,頭頭高·底底高,空頭確認,15,20,2,14.4,8,,,False,True
AIZ,Financials,Assurant,2026-09-01,280.78,-6.61,13.6,23.18,13.34,0.667,363965,387804,388236,3.16,-0.22,9.38,P-V+,P+V-,P+V+,⚠️ 中期出貨,64,28,9,42.2,23.73,11.71,False,True,278.49,5.24,1.247,False,303.0,303.94,-7.33,-1.23,0.12,7.0,13.0,417728.0,335015.0,0.538,246000.0,316050.0,323126.0,0.761,79.48,49.04,多頭,頭頭高·底底高,,16,27,31,23.4,24,吃老本,,False,True
V,Financials,Visa Inc.,2026-09-01,372.67,1.31,15.67,18.14,13.31,1.0,6725125,7892523,7653968,-9.49,6.43,13.1,P+V-,P+V+,P+V+,⚠️ 頂部背離,21,23,19,21.2,,,,,,,,,,,,,,,,,,,,,,,,,,,,17,36,36,,36,吃老本,,False,False
JPM,Financials,JPMorgan Chase,2026-09-01,354.95,-1.19,20.22,17.07,13.29,0.667,5457940,8323426,8882936,-41.47,-11.85,-4.49,P-V-,P+V-,P+V-,➡️ 中性,34,10,22,24.4,5.86,7.78,False,True,348.05,3.57,0.856,False,366.5,366.5,-3.15,-0.49,-0.72,10.0,10.0,5035060.0,5880820.0,1.0,5079000.0,5826320.0,5573266.0,0.911,79.36,51.4,多頭,頭頭高·底底高,,18,28,22,22.8,22,吃老本,,False,True
PRU,Financials,Prudential Financial,2026-09-01,117.14,-1.39,17.91,17.4,12.83,0.667,1771820,1834076,2049946,-2.7,-19.05,13.82,P-V-,P+V-,P+V+,➡️ 中性,35,16,21,26.5,,,,,,,,,,,,,,,,,,,,,,,,,,,,19,36,36,,36,吃老本,,False,False
BEN,Financials,Franklin Resources,2026-09-01,33.1,-5.21,8.05,23.66,12.54,0.667,3153985,4303264,4695400,-37.32,-15.42,2.53,P-V-,P+V-,P+V+,➡️ 中性,57,51,8,45.4,8.28,28.64,False,False,33.64,6.84,0.96,False,36.28,36.28,-8.77,-5.51,-7.46,6.0,13.0,3078683.0,3206030.0,0.462,3414700.0,3073680.0,2892866.0,1.18,67.05,41.1,多頭,頭頭高·底底高,空轉多預警 / 空頭確認,20,34,11,23.8,25,吃老本,,False,True
ARES,Financials,Ares Management,2026-09-01,139.09,-0.49,9.13,20.6,12.46,0.667,1962520,2301761,2934913,-12.52,-35.49,3.75,P-V-,P+V-,P+V+,➡️ 中性,30,45,13,31.1,1.44,-6.57,False,True,129.59,5.94,1.251,False,181.32,186.85,-23.29,-2.57,-2.67,9.0,11.0,2205966.0,1763336.0,0.818,1529400.0,1850790.0,1926420.0,0.794,81.53,51.86,多頭,頭頭高·底底高,,21,21,30,22.8,22,,,False,True
WTW,Financials,Willis Towers Watson,2026-09-01,334.47,-1.06,30.6,9.25,12.01,0.667,488380,604900,659594,-17.23,-15.31,-3.6,P-V-,P+V-,P+V-,➡️ 中性,32,1,38,23.9,7.78,1.8,False,True,311.17,6.55,0.804,False,351.51,352.79,-4.85,-3.56,-1.52,8.0,12.0,425987.0,529975.0,0.667,415000.0,454160.0,505960.0,0.82,71.73,53.39,多頭,頭頭高·底底高,,22,33,28,27.6,30,吃老本,,False,True
IBKR,Financials,Interactive Brokers,2026-09-01,90.39,1.95,2.01,21.59,11.79,1.0,4274315,4613066,4762661,-0.6,-6.09,-13.18,P+V-,P+V-,P+V-,⚠️ 量能衰竭,16,70,11,31.2,7.98,0.1,False,False,92.02,10.43,1.234,False,98.66,98.75,-8.38,-7.86,2.08,9.0,11.0,4772588.0,3866636.0,0.818,5134400.0,4110950.0,3745226.0,1.371,81.98,45.88,擴散,頭頭高·底底低,,23,17,5,17.0,9,剛爆發,,False,True
SCHW,Financials,Charles Schwab Corporation,2026-09-01,108.28,0.53,22.38,11.76,11.61,1.0,7531410,9420298,10001943,-8.19,-10.99,3.04,P+V-,P+V-,P+V+,⚠️ 頂部背離,25,6,34,21.1,4.55,2.48,False,True,103.78,7.41,1.068,False,114.53,114.53,-5.46,-3.55,2.11,9.0,11.0,7803355.0,7308909.0,0.818,8172200.0,8461800.0,7641693.0,1.069,80.8,51.23,多頭,頭頭高·底底高,,24,23,15,21.8,20,,,False,True
MA,Financials,Mastercard,2026-09-01,581.1,1.86,17.53,13.27,11.48,1.0,2853275,3464613,3493910,-6.0,-1.66,12.34,P+V-,P+V-,P+V+,⚠️ 頂部背離,18,17,32,20.5,,,,,,,,,,,,,,,,,,,,,,,,,,,,25,36,36,,36,吃老本,,False,False
EG,Financials,Everest Group,2026-09-01,378.61,1.43,17.25,13.45,11.39,1.0,277045,389112,364665,-25.77,14.37,-5.16,P+V-,P+V+,P+V-,⚠️ 量能背離,20,18,31,21.6,,,,,,,,,,,,,,,,,,,,,,,,,,,,26,36,36,,36,吃老本,,False,False
GL,Financials,Globe Life,2026-09-01,172.3,-6.29,13.47,18.44,11.02,0.667,509110,625090,574747,-25.61,19.2,8.3,P-V-,P+V+,P+V+,➡️ 中性,63,29,18,43.8,,,,,,,,,,,,,,,,,,,,,,,,,,,,27,36,36,,36,吃老本,,False,False
AMP,Financials,Ameriprise Financial,2026-09-01,542.64,-3.28,21.73,12.19,10.71,0.667,375825,587284,629806,-37.58,-12.65,3.75,P-V-,P+V-,P+V+,➡️ 中性,42,7,33,29.7,2.37,10.25,False,True,528.6,5.37,0.909,False,572.56,572.56,-5.23,-3.14,-1.98,10.0,10.0,357830.0,393820.0,1.0,468000.0,370190.0,364646.0,1.283,78.46,45.68,多頭,頭頭高·底底高,空頭確認,28,29,7,24.2,26,,,False,True
KKR,Financials,KKR & Co.,2026-09-01,106.41,0.91,12.21,14.1,10.33,1.0,4576555,4488752,5413214,16.21,-29.17,8.33,P+V+,P+V-,P+V+,➡️ 中性,23,34,29,27.5,,,,,,,,,,,,,,,,,,,,,,,,,,,,29,36,36,,36,吃老本,,False,False
JKHY,Financials,Jack Henry & Associates,2026-09-01,168.1,8.91,19.9,5.21,9.81,1.0,986615,1290836,1233976,-10.22,9.66,28.51,P+V-,P+V+,P+V+,⚠️ 頂部背離,4,11,44,14.1,6.4,10.37,False,True,152.77,10.34,1.313,False,191.83,193.39,-12.37,-3.18,7.32,10.0,10.0,1120150.0,853080.0,1.0,900900.0,1045770.0,1010753.0,0.891,91.1,62.07,多頭,頭頭高·底底高,多頭確認,30,6,24,19.2,14,剛爆發,,False,True
PYPL,Financials,PayPal,2026-09-01,52.4,-9.55,16.34,15.82,9.61,0.667,11679505,15937389,16045553,-38.4,-1.34,-13.41,P-V-,P+V-,P+V-,➡️ 中性,76,20,27,49.4,,,,,,,,,,,,,,,,,,,,,,,,,,,,31,36,36,,36,,,False,False
MS,Financials,Morgan Stanley,2026-09-01,211.04,-3.31,0.56,20.2,9.41,0.667,3915140,5474709,5933674,-36.03,-14.36,-1.52,P-V-,P+V-,P+V-,➡️ 中性,43,71,14,45.6,17.94,13.66,False,False,215.35,5.37,1.041,False,230.98,232.25,-8.63,-2.64,-2.76,8.0,12.0,4011000.0,3851233.0,0.667,3522800.0,4058730.0,3834820.0,0.919,75.51,44.75,收斂,頭頭低·底底高,多轉空預警 / 空轉多預警,32,31,21,29.4,33,,,False,True
APO,Financials,Apollo Global Management,2026-09-01,131.69,1.93,3.14,16.09,9.31,1.0,3248095,4016367,4463512,-19.93,-18.21,20.65,P+V-,P+V-,P+V+,⚠️ 頂部背離,17,66,25,33.3,,,,,,,,,,,,,,,,,,,,,,,,,,,,33,36,36,,36,,,False,False
RJF,Financials,Raymond James Financial,2026-09-01,173.5,-3.9,19.41,9.45,8.6,0.667,1019075,1291453,1346564,-19.53,-7.86,6.78,P-V-,P+V-,P+V+,➡️ 中性,46,13,37,34.3,7.84,0.54,False,True,170.8,7.26,1.254,False,182.73,182.73,-5.05,-0.69,-2.84,8.0,12.0,1160237.0,924966.0,0.667,1450000.0,1219530.0,1089066.0,1.331,79.97,46.56,多頭,頭頭高·底底高,空頭確認,34,24,6,24.4,27,剛爆發,,False,True
TROW,Financials,T. Rowe Price,2026-09-01,108.98,-5.22,6.13,16.04,8.25,0.667,1403570,1977049,2147819,-35.29,-14.73,21.36,P-V-,P+V-,P+V+,➡️ 中性,58,57,26,51.3,,,,,,,,,,,,,,,,,,,,,,,,,,,,35,36,36,,36,,,False,False
BRO,Financials,Brown & Brown,2026-09-01,72.05,1.79,26.74,1.7,7.98,1.0,1704950,2632260,2936183,-40.94,-18.76,0.57,P+V-,P+V-,P+V+,⚠️ 頂部背離,19,3,57,21.8,-0.39,2.3,False,True,69.26,7.35,0.952,False,96.79,97.73,-25.56,-1.76,1.47,10.0,10.0,1662700.0,1747200.0,1.0,1460200.0,1513040.0,1643833.0,0.888,81.83,53.65,收斂,頭頭低·底底高,多轉空預警,36,19,25,27.0,29,剛爆發,,False,False
NDAQ,Financials,"Nasdaq, Inc.",2026-09-01,97.54,3.15,5.47,10.85,7.58,1.0,2594990,3858753,3601374,-36.25,15.39,-5.23,P+V-,P+V+,P+V-,⚠️ 量能背離,11,58,35,29.9,8.79,2.84,False,True,91.78,5.23,1.139,False,101.11,101.79,-3.53,-1.21,4.19,10.0,10.0,2763180.0,2426800.0,1.0,3275500.0,2872310.0,2557040.0,1.281,86.96,57.5,多頭,頭頭高·底底高,空轉多預警 / 多頭確認,37,12,8,21.2,16,剛爆發,,False,True
SPGI,Financials,S&P Global,2026-09-01,440.21,7.6,8.82,6.84,7.53,1.0,1783175,2205144,2188861,-12.63,1.5,7.56,P+V-,P+V+,P+V+,⚠️ 頂部背離,7,47,42,26.0,-2.94,3.18,False,True,421.7,8.49,1.14,False,521.47,527.02,-15.58,1.9,6.95,11.0,9.0,1887772.0,1655333.0,1.222,3290700.0,1865690.0,1845633.0,1.783,93.22,60.11,多頭,頭頭高·底底高,空轉多預警,38,5,1,17.4,11,剛爆發,,False,False
C,Financials,Citigroup,2026-09-01,132.54,-3.71,3.19,15.19,7.47,0.667,8495830,11754701,12476859,-32.63,-10.94,-7.85,P-V-,P+V-,P+V-,➡️ 中性,45,65,28,47.6,,,,,,,,,,,,,,,,,,,,,,,,,,,,39,36,36,,36,,,False,False
PFG,Financials,Principal Financial Group,2026-09-01,109.36,-4.78,6.28,14.08,7.41,0.667,987875,1349955,1403806,-41.11,-7.39,3.56,P-V-,P+V-,P+V+,➡️ 中性,54,55,30,49.5,,,,,,,,,,,,,,,,,,,,,,,,,,,,40,36,36,,36,,,False,False
USB,Financials,U.S. Bancorp,2026-09-01,61.21,-4.67,15.28,8.93,7.12,0.667,6025455,8195973,8867010,-28.11,-14.07,-8.73,P-V-,P+V-,P+V-,➡️ 中性,52,24,39,41.0,,,,,,,,,,,,,,,,,,,,,,,,,,,,41,36,36,,36,,,False,False
PGR,Financials,Progressive Corporation,2026-09-01,220.54,3.66,14.52,4.26,6.67,1.0,2240075,3003180,2979416,-24.55,1.61,-11.52,P+V-,P+V+,P+V-,⚠️ 量能背離,10,26,49,22.6,0.33,1.61,False,True,217.24,7.8,1.405,False,239.38,249.83,-7.87,-0.7,4.65,11.0,9.0,2573654.0,1832366.0,1.222,2364200.0,2177570.0,2380466.0,0.993,95.42,55.97,擴散,頭頭高·底底低,,42,3,17,21.4,18,剛爆發,,False,True
CBOE,Financials,Cboe Global Markets,2026-09-01,307.62,8.33,2.49,6.02,5.71,1.0,961095,1436009,1181570,-15.55,54.89,46.27,P+V-,P+V+,P+V+,⚠️ 頂部背離,5,67,43,31.2,2.01,9.66,False,True,280.71,14.61,0.867,False,369.38,371.18,-16.72,-0.11,6.95,11.0,9.0,899100.0,1036866.0,1.222,744100.0,1203940.0,1004520.0,0.741,87.64,58.09,多頭,頭頭高·底底高,空轉多預警,43,11,32,28.0,31,剛爆發,,False,True
CFG,Financials,Citizens Financial Group,2026-09-01,68.16,-7.39,12.87,8.2,5.47,0.667,2877805,4203981,4457356,-40.11,-10.76,-6.06,P-V-,P+V-,P+V-,➡️ 中性,72,33,41,54.1,,,,,,,,,,,,,,,,,,,,,,,,,,,,44,36,36,,36,剛爆發,,False,False
PNC,Financials,PNC Financial Services,2026-09-01,237.49,-7.0,10.79,8.26,5.08,0.667,1430630,1952552,2102620,-28.1,-13.32,-1.35,P-V-,P+V-,P+V-,➡️ 中性,66,39,40,52.7,,,,,,,,,,,,,,,,,,,,,,,,,,,,45,36,36,,36,剛爆發,,False,False
BLK,Financials,BlackRock,2026-09-01,1128.1,-0.48,11.14,4.63,4.98,0.667,572755,750195,768017,-29.11,-4.54,17.92,P-V-,P+V-,P+V+,➡️ 中性,28,37,46,34.3,,,,,,,,,,,,,,,,,,,,,,,,,,,,46,36,36,,36,剛爆發,,False,False
MRSH,Financials,Marsh McLennan,2026-09-01,187.58,-2.03,16.05,2.33,4.67,0.667,1874090,2472226,2729991,-32.4,-17.25,-1.81,P-V-,P+V-,P+V-,➡️ 中性,39,22,54,36.9,,,,,,,,,,,,,,,,,,,,,,,,,,,,47,36,36,,36,剛爆發,,False,False
MCO,Financials,Moody's Corporation,2026-09-01,494.71,2.43,6.8,3.87,4.24,1.0,716810,894652,1045173,-16.53,-25.18,10.34,P+V-,P+V-,P+V+,⚠️ 頂部背離,14,53,50,32.9,10.0,2.58,False,True,485.38,7.0,0.929,False,543.25,546.88,-8.94,-3.59,2.5,13.0,7.0,698146.0,751471.0,1.857,971500.0,737600.0,699746.0,1.388,94.18,50.57,多頭,頭頭高·底底高,空轉多預警,48,4,4,21.6,19,剛爆發,,False,True
ERIE,Financials,Erie Indemnity,2026-09-01,256.09,2.11,21.71,-3.59,4.16,0.667,321120,281881,255913,5.28,22.59,58.77,P+V+,P+V+,P-V+,🚀 健康多頭,15,8,70,23.9,2.92,-5.26,False,True,244.47,7.97,0.508,False,358.6,366.2,-28.59,-0.73,4.73,12.0,8.0,231475.0,455587.0,1.5,233300.0,408320.0,347626.0,0.671,83.93,52.86,擴散,頭頭高·底底低,,49,14,35,32.2,34,剛爆發,,False,True
WFC,Financials,Wells Fargo,2026-09-01,87.04,-1.83,13.44,2.02,3.91,0.667,11822650,14737787,16244399,-30.31,-16.97,9.41,P-V-,P+V-,P+V+,➡️ 中性,36,30,56,38.2,,,,,,,,,,,,,,,,,,,,,,,,,,,,50,36,36,,36,剛爆發,,False,False
COF,Financials,Capital One,2026-09-01,211.34,-4.31,14.91,2.17,3.74,0.667,2945815,4186635,4522543,-36.4,-13.83,7.9,P-V-,P+V-,P+V+,➡️ 中性,50,25,55,43.5,,,,,,,,,,,,,,,,,,,,,,,,,,,,51,36,36,,36,剛爆發,,False,False
ICE,Financials,Intercontinental Exchange,2026-09-01,159.6,6.51,10.51,-1.34,3.59,0.667,3282090,4416264,3874383,-22.28,32.52,5.89,P+V-,P+V+,P-V+,➡️ 中性,8,40,65,29.0,3.36,3.86,False,True,146.02,5.22,1.101,False,179.36,181.65,-11.02,-1.35,6.97,13.0,7.0,3390553.0,3080657.0,1.857,2696900.0,3264430.0,2995933.0,0.9,100.0,62.48,收斂,頭頭低·底底高,空轉多預警 / 多頭確認,52,1,23,25.8,28,剛爆發,🎯 潛在暴漲,True,True
SYF,Financials,Synchrony Financial,2026-09-01,76.62,-3.32,8.66,4.44,3.55,0.667,3205220,3605312,3778753,-24.9,-8.78,-1.13,P-V-,P+V-,P+V-,➡️ 中性,44,49,47,46.1,,,,,,,,,,,,,,,,,,,,,,,,,,,,53,36,36,,36,剛爆發,,False,False
CINF,Financials,Cincinnati Financial,2026-09-01,170.39,-4.16,9.24,4.32,3.43,0.667,457490,771460,757973,-52.01,3.62,32.41,P-V-,P+V+,P+V+,➡️ 中性,49,44,48,47.3,,,,,,,,,,,,,,,,,,,,,,,,,,,,54,36,36,,36,剛爆發,,False,False
MTB,Financials,M&T Bank,2026-09-01,232.02,-7.31,10.35,5.07,3.3,0.667,893670,1091278,1094536,-27.0,-0.59,-1.99,P-V-,P+V-,P+V-,➡️ 中性,71,41,45,56.8,,,,,,,,,,,,,,,,,,,,,,,,,,,,55,36,36,,36,剛爆發,,False,False
COIN,Financials,Coinbase,2026-09-01,176.82,17.97,-3.17,-2.34,2.53,0.333,9642325,8619904,9724320,28.46,-20.4,-3.09,P+V+,P-V-,P-V-,🌱 底部剛翻多,1,72,68,35.7,-487.47,-3458.88,False,True,161.12,25.7,1.499,False,402.16,402.16,-56.03,-5.52,17.31,10.0,10.0,11568710.0,7715940.0,1.0,8429200.0,12570010.0,10591106.0,0.796,99.41,54.33,收斂,頭頭低·底底高,多轉空預警 / 空轉多預警 / 多頭確認,56,2,29,29.0,32,剛爆發,,False,True
GS,Financials,Goldman Sachs,2026-09-01,1002.56,-4.99,-3.92,9.5,2.52,0.333,1787620,2097613,2143573,-13.72,-4.2,2.14,P-V-,P-V-,P+V+,😴 弱勢縮量,56,73,36,57.1,,,,,,,,,,,,,,,,,,,,,,,,,,,,57,36,36,,36,剛爆發,,False,False
FITB,Financials,Fifth Third Bancorp,2026-09-01,53.01,-7.97,9.94,3.65,2.32,0.667,4897860,6442158,7251706,-22.66,-20.08,-16.68,P-V-,P+V-,P+V-,➡️ 中性,74,42,51,59.8,,,,,,,,,,,,,,,,,,,,,,,,,,,,58,36,36,,36,剛爆發,,False,False
ACGL,Financials,Arch Capital Group,2026-09-01,98.61,-0.48,11.12,-1.04,2.14,0.333,1739330,1984075,2065650,-5.72,-7.6,-3.66,P-V-,P+V-,P-V-,➡️ 中性,28,38,64,38.2,,,,,,,,,,,,,,,,,,,,,,,,,,,,59,36,36,,36,剛爆發,,False,False
CB,Financials,Chubb Limited,2026-09-01,338.74,-3.91,9.69,0.85,1.87,0.667,1590310,1790030,1734410,-22.06,6.63,-2.13,P-V-,P+V+,P+V-,➡️ 中性,47,43,58,48.0,,,,,,,,,,,,,,,,,,,,,,,,,,,,60,36,36,,36,剛爆發,,False,False
RF,Financials,Regions Financial Corporation,2026-09-01,29.29,-7.19,8.22,2.71,1.61,0.667,7415740,9609343,11025668,-27.67,-22.77,-42.99,P-V-,P+V-,P+V-,➡️ 中性,69,50,53,60.1,,,,,,,,,,,,,,,,,,,,,,,,,,,,61,36,36,,36,剛爆發,,False,False
CME,Financials,CME Group,2026-09-01,286.45,8.18,11.71,-6.84,1.55,0.667,1857110,3111952,2746522,-30.43,30.69,38.75,P+V-,P+V+,P-V+,➡️ 中性,6,35,74,28.3,2.75,-0.25,False,True,255.6,9.93,0.896,False,319.82,329.16,-10.43,3.29,9.07,11.0,9.0,1764609.0,1970166.0,1.222,1664500.0,2038600.0,1942146.0,0.857,90.77,71.94,收斂,頭頭低·底底高,空轉多預警 / 多頭確認,62,7,26,32.8,35,剛爆發,🎯 潛在暴漲,False,True
BRK-B,Financials,Berkshire Hathaway,2026-09-01,502.33,-3.18,6.81,-0.07,0.87,0.333,4293005,4723918,4820777,3.91,-3.94,4.43,P-V+,P+V-,P-V+,➡️ 中性,41,52,59,47.9,,,,,,,,,,,,,,,,,,,,,,,,,,,,63,36,36,,36,剛爆發,,False,False
AFL,Financials,Aflac,2026-09-01,116.02,-7.13,4.01,2.84,0.64,0.667,2170900,2315653,2353223,11.61,-3.14,1.39,P-V+,P+V-,P+V+,⚠️ 中期出貨,68,61,52,62.7,,,,,,,,,,,,,,,,,,,,,,,,,,,,64,36,36,,36,剛爆發,,False,False
HIG,Financials,Hartford (The),2026-09-01,137.13,-4.09,8.82,-1.48,0.44,0.333,1308345,1666984,1620676,-24.59,5.88,7.76,P-V-,P+V+,P-V+,➡️ 中性,48,47,66,51.3,,,,,,,,,,,,,,,,,,,,,,,,,,,,65,36,36,,36,剛爆發,,False,False
L,Financials,Loews Corporation,2026-09-01,108.71,-6.02,4.76,-0.54,-0.59,0.333,651700,802312,772889,-17.11,7.92,-1.23,P-V-,P+V+,P-V-,➡️ 中性,61,59,61,60.4,,,,,,,,,,,,,,,,,,,,,,,,,,,,66,36,36,,36,剛爆發,,False,False
TFC,Financials,Truist Financial,2026-09-01,49.44,-5.53,6.53,-2.02,-0.76,0.333,5907715,8456372,8600980,-25.31,-3.31,0.74,P-V-,P+V-,P-V+,➡️ 中性,60,54,67,59.6,,,,,,,,,,,,,,,,,,,,,,,,,,,,67,36,36,,36,剛爆發,,False,False
KEY,Financials,KeyCorp,2026-09-01,21.21,-7.26,3.47,-0.09,-1.0,0.333,9006365,10877026,12304966,-16.68,-20.8,-39.06,P-V-,P+V-,P-V-,➡️ 中性,70,64,60,66.2,,,,,,,,,,,,,,,,,,,,,,,,,,,,68,36,36,,36,剛爆發,,False,False
AON,Financials,Aon plc,2026-09-01,326.3,-9.35,2.07,-0.72,-2.18,0.333,887665,1402489,1409999,-38.44,-1.06,13.99,P-V-,P+V-,P-V+,➡️ 中性,75,69,62,70.6,,,,,,,,,,,,,,,,,,,,,,,,,,,,69,36,36,,36,剛爆發,,False,False
AXP,Financials,American Express,2026-09-01,324.19,-7.11,3.68,-2.75,-2.23,0.333,2287835,2884260,3206590,-27.49,-18.27,15.09,P-V-,P+V-,P-V+,➡️ 中性,67,63,69,66.2,,,,,,,,,,,,,,,,,,,,,,,,,,,,70,36,36,,36,剛爆發,,False,False
WRB,Financials,W. R. Berkley Corporation,2026-09-01,67.72,-6.05,6.19,-4.54,-2.24,0.333,1549865,1935376,2064784,-25.86,-11.8,-20.23,P-V-,P+V-,P-V-,➡️ 中性,62,56,72,62.2,,,,,,,,,,,,,,,,,,,,,,,,,,,,71,36,36,,36,剛爆發,,False,False
AIG,Financials,American International Group,2026-09-01,75.88,-5.29,3.99,-4.37,-2.51,0.333,2981760,3687253,3975031,-8.78,-13.5,-14.36,P-V-,P+V-,P-V-,➡️ 中性,59,62,71,62.3,,,,,,,,,,,,,,,,,,,,,,,,,,,,72,36,36,,36,剛爆發,,False,False
HBAN,Financials,Huntington Bancshares,2026-09-01,16.42,-6.7,4.66,-4.58,-2.8,0.333,21871650,23439426,23841350,-15.78,-3.32,-24.2,P-V-,P+V-,P-V-,➡️ 中性,65,60,73,65.1,,,,,,,,,,,,,,,,,,,,,,,,,,,,73,36,36,,36,剛爆發,,False,False
MSCI,Financials,MSCI,2026-09-01,563.09,-1.18,-12.23,-1.0,-3.85,0.0,578440,681718,643454,-22.26,12.65,-1.39,P-V-,P-V+,P-V-,➡️ 中性,33,75,63,51.6,,,,,,,,,,,,,,,,,,,,,,,,,,,,74,36,36,,36,剛爆發,,False,False
FIS,Financials,Fidelity National Information Services,2026-09-01,40.83,-4.69,-5.28,-18.41,-11.7,0.0,5307360,6137743,6313620,-18.25,-5.42,57.25,P-V-,P-V-,P-V+,😴 弱勢縮量,53,74,76,63.9,,,,,,,,,,,,,,,,,,,,,,,,,,,,75,36,36,,36,剛爆發,,False,False
FISV,Financials,Fiserv,2026-09-01,51.67,-4.51,-12.5,-16.51,-12.51,0.0,7388450,7908233,7160521,6.59,23.32,-22.32,P-V+,P-V+,P-V-,➡️ 中性,51,76,75,63.3,,,,,,,,,,,,,,,,,,,,,,,,,,,,76,36,36,,36,剛爆發,,False,False
MRNA,Health Care,Moderna,2026-09-01,154.27,174.23,234.93,198.34,201.46,1.0,32111955,15051383,11216819,502.2,103.89,-2.75,P+V+,P+V+,P+V-,🚀 健康多頭,1,1,1,1.0,4.33,12.37,False,True,80.21,42.15,1.77,False,176.66,176.66,-12.67,-2.87,170.7,10.0,10.0,41035950.0,23187960.0,1.0,25831700.0,58410690.0,40788940.0,0.633,100.0,67.47,多頭,頭頭高·底底高,,1,1,25,5.8,3,,🔥 追高風險,False,True
HUM,Health Care,Humana,2026-09-01,394.88,8.54,20.56,112.93,63.74,1.0,1053445,1380218,1560768,-32.27,-20.74,-16.8,P+V-,P+V-,P+V-,⚠️ 量能衰竭,12,26,2,14.2,8.79,1.05,False,True,386.05,8.2,1.33,False,428.88,428.88,-7.93,1.33,9.03,12.0,8.0,1169400.0,879512.0,1.5,1059600.0,1064470.0,994426.0,1.066,100.0,57.46,收斂,頭頭低·底底高,多轉空預警 / 多頭確認,2,1,9,3.0,1,,🔥 追高風險,False,True
CRL,Health Care,Charles River Laboratories,2026-09-01,282.34,8.29,55.07,60.91,46.3,1.0,981395,887367,900932,16.43,-2.97,-4.24,P+V+,P+V-,P+V-,➡️ 中性,13,2,3,7.7,10.31,5.42,False,True,249.18,7.73,1.183,False,303.31,303.31,-6.91,-5.14,20.6,12.0,8.0,1046050.0,884412.0,1.5,705700.0,918790.0,914673.0,0.772,100.0,58.19,擴散,頭頭高·底底低,多頭確認,3,1,20,5.6,2,,,False,True
VEEV,Health Care,Veeva Systems,2026-09-01,279.23,30.78,48.01,52.7,46.05,1.0,2051555,2233316,2565043,33.95,-22.9,58.19,P+V+,P+V-,P+V+,➡️ 中性,2,3,4,2.7,5.77,4.91,False,True,212.78,21.93,1.476,False,310.5,310.5,-10.07,13.15,31.8,12.0,8.0,2355541.0,1595575.0,1.5,1218900.0,2295440.0,2085613.0,0.584,100.0,71.94,多頭,頭頭高·底底高,空轉多預警 / 多頭確認,4,1,26,7.2,5,,,False,True
IQV,Health Care,IQVIA,2026-09-01,258.35,9.45,38.29,51.4,37.63,1.0,1223030,1449946,1598774,-17.68,-17.03,-3.02,P+V-,P+V-,P+V-,⚠️ 量能衰竭,10,6,6,8.0,3.94,2.96,False,True,224.93,9.57,1.152,False,265.25,265.25,-2.6,-0.41,13.21,11.0,9.0,1300181.0,1128733.0,1.222,1240000.0,1321000.0,1222486.0,1.014,96.25,67.02,多頭,頭頭高·底底高,多頭確認,5,14,14,10.4,6,吃老本,,False,True
CNC,Health Care,Centene Corporation,2026-09-01,65.23,-2.63,5.21,51.95,26.62,0.667,3923390,4904558,5648346,-22.77,-23.27,-38.15,P-V-,P+V-,P+V-,➡️ 中性,49,48,5,39.9,132.64,57.91,False,False,65.3,6.56,0.939,False,69.36,69.36,-5.95,0.35,1.81,10.0,10.0,3800050.0,4046730.0,1.0,4561400.0,4026120.0,3751646.0,1.216,82.66,50.92,收斂,頭頭低·底底高,多轉空預警 / 空轉多預警,6,21,8,12.4,11,吃老本,,False,True
MRK,Health Care,Merck & Co.,2026-09-01,149.86,16.78,31.06,27.46,25.69,1.0,11121275,10793787,10233763,27.25,11.58,-22.32,P+V+,P+V+,P+V-,🚀 健康多頭,3,9,10,6.2,49.43,13.15,False,True,132.82,7.96,1.094,False,156.92,156.92,-4.5,-4.21,17.08,12.0,8.0,11518375.0,10525625.0,1.5,9865600.0,14020180.0,12344973.0,0.799,100.0,63.81,多頭,頭頭高·底底高,,7,1,19,7.0,4,剛爆發,🚀 暴漲中,False,True
TECH,Health Care,Bio-Techne,2026-09-01,72.18,0.36,42.27,24.99,23.15,1.0,2591340,4690541,3634210,-32.29,81.95,63.64,P+V-,P+V+,P+V+,⚠️ 頂部背離,39,4,15,23.7,0.13,-0.82,False,True,71.15,0.5,1.118,True,72.54,72.62,-0.5,-0.21,0.24,9.0,11.0,2750911.0,2460781.0,0.818,2903300.0,2371640.0,2370293.0,1.225,81.89,62.14,多頭,頭頭高·底底高,,8,22,7,13.4,13,吃老本,,False,True
RVTY,Health Care,Revvity,2026-09-01,126.59,10.06,26.01,28.04,23.04,1.0,1508880,1493226,1379379,1.13,17.99,-0.35,P+V+,P+V+,P+V-,🚀 健康多頭,8,13,9,9.7,15.93,4.47,False,True,114.92,11.76,1.148,False,130.07,130.07,-2.68,1.4,13.65,10.0,10.0,1612570.0,1405190.0,1.0,3056600.0,1824620.0,1546293.0,1.977,93.83,63.89,多頭,頭頭高·底底高,多頭確認,9,16,2,10.4,6,吃老本,🚀 暴漲中,False,True
INCY,Health Care,Incyte,2026-09-01,125.01,4.35,30.78,24.9,21.23,1.0,1278850,1823998,1658849,-33.84,22.11,-18.82,P+V-,P+V+,P+V-,⚠️ 量能背離,25,10,16,18.7,43.95,35.12,False,True,119.54,7.24,1.14,False,132.6,132.6,-5.72,-3.63,3.66,8.0,12.0,1380412.0,1211141.0,0.667,1191900.0,1151570.0,1161220.0,1.026,80.69,54.6,收斂,頭頭低·底底高,多轉空預警,10,23,13,15.8,15,吃老本,,False,True
BAX,Health Care,Baxter International,2026-09-01,25.48,-6.73,38.53,25.32,20.61,0.667,5772905,6614236,7621524,-19.58,-23.35,-5.04,P-V-,P+V-,P+V-,➡️ 中性,56,5,14,32.3,52.53,15.93,False,True,24.42,6.1,1.086,False,29.99,30.0,-15.03,-3.04,-10.09,8.0,12.0,6062100.0,5580108.0,0.667,5275100.0,4407460.0,5010960.0,1.053,71.74,47.69,多頭,頭頭高·底底高,空頭確認,11,27,10,17.2,18,吃老本,,False,True
UNH,Health Care,UnitedHealth Group,2026-09-01,396.3,-3.99,4.92,40.12,20.29,0.667,4089075,5593581,6912586,-25.2,-32.05,-28.47,P-V-,P+V-,P+V-,➡️ 中性,52,49,7,42.1,29.8,9.52,False,False,412.4,5.7,0.976,False,461.62,461.62,-14.15,-0.07,-2.76,9.0,11.0,4034155.0,4134009.0,0.818,3716200.0,4112910.0,4066206.0,0.914,77.66,46.11,擴散,頭頭高·底底低,,12,26,18,18.8,21,吃老本,,False,True
AMGN,Health Care,Amgen,2026-09-01,438.12,8.05,33.89,17.05,19.01,1.0,2457370,2676506,2651980,-0.16,1.87,-1.03,P+V-,P+V+,P+V-,⚠️ 量能背離,14,8,21,13.6,11.97,8.04,False,True,389.73,4.81,1.211,False,447.03,447.03,-1.99,-0.93,12.99,11.0,9.0,2666090.0,2202266.0,1.222,2358200.0,2262470.0,2331786.0,1.011,96.94,66.5,多頭,頭頭高·底底高,,13,12,15,13.0,12,,,False,True
WST,Health Care,West Pharmaceutical Services,2026-09-01,338.65,-3.52,7.14,36.18,19.0,0.667,473155,709652,794337,-43.42,-19.27,1.69,P-V-,P+V-,P+V+,➡️ 中性,51,45,8,40.6,13.86,27.07,False,False,349.96,7.13,1.084,False,385.75,386.0,-12.21,-2.82,-2.9,9.0,11.0,494255.0,455890.0,0.818,482800.0,486830.0,468200.0,1.031,78.38,40.92,多頭,頭頭高·底底高,空轉多預警 / 空頭確認,14,24,12,17.6,19,吃老本,,False,True
DXCM,Health Care,Dexcom,2026-09-01,90.14,9.05,20.4,21.19,17.96,1.0,4504435,4948883,5060840,-11.9,-4.33,-12.77,P+V-,P+V-,P+V-,⚠️ 量能衰竭,11,27,18,17.2,15.11,18.99,False,True,80.02,5.63,1.167,False,92.59,92.59,-2.65,1.1,3.68,13.0,7.0,4741484.0,4064200.0,1.857,2151600.0,4041700.0,4118426.0,0.522,100.0,60.78,多頭,頭頭高·底底高,,15,1,27,11.8,9,剛爆發,,False,True
VRTX,Health Care,Vertex Pharmaceuticals,2026-09-01,547.65,12.96,24.92,14.06,16.5,1.0,1120105,1485844,1395333,-22.18,13.87,-5.39,P+V-,P+V+,P+V-,⚠️ 量能背離,5,17,26,12.8,-0.32,3.81,False,True,504.02,4.29,1.297,False,555.69,555.69,-1.45,-0.94,14.4,12.0,8.0,1232950.0,950837.0,1.5,734900.0,961500.0,1017613.0,0.722,100.0,63.73,多頭,頭頭高·底底高,,16,1,24,11.6,8,剛爆發,,False,False
A,Health Care,Agilent Technologies,2026-09-01,149.93,6.25,10.47,24.46,16.41,1.0,2141685,2233578,2295036,-0.8,-5.22,19.02,P+V-,P+V-,P+V+,⚠️ 頂部背離,17,40,17,23.9,,,,,,,,,,,,,,,,,,,,,,,,,,,,17,28,28,,28,吃老本,,False,False
ABBV,Health Care,AbbVie,2026-09-01,259.99,5.6,22.97,17.5,15.89,1.0,4417160,6455035,6570361,-25.25,-3.45,8.01,P+V-,P+V-,P+V+,⚠️ 頂部背離,19,22,20,20.1,,,,,,,,,,,,,,,,,,,,,,,,,,,,18,28,28,,28,吃老本,,False,False
LH,Health Care,Labcorp,2026-09-01,327.61,4.57,27.81,14.75,15.47,1.0,570675,670478,645733,-29.87,7.97,-10.5,P+V-,P+V+,P+V-,⚠️ 量能背離,22,12,25,19.6,4.65,3.26,False,True,301.93,5.5,0.968,False,341.07,341.8,-3.95,-2.77,5.11,12.0,8.0,563166.0,581937.0,1.5,571600.0,646030.0,599366.0,0.954,91.39,58.9,多頭,頭頭高·底底高,多頭確認,19,18,16,18.0,20,,,False,True
CVS,Health Care,CVS Health,2026-09-01,97.6,-1.53,8.37,26.99,15.2,0.667,8023800,7977221,8035575,4.39,-1.44,2.6,P-V+,P+V-,P+V+,⚠️ 中期出貨,47,42,11,38.3,39.36,16.48,False,False,100.86,5.6,0.919,False,110.0,110.68,-11.27,5.06,-6.53,9.0,10.0,7746200.0,8432060.0,0.9,8611400.0,6548310.0,6921800.0,1.244,77.68,52.31,空頭,頭頭低·底底低,多轉空預警 / 多頭確認,20,25,5,19.0,22,,,False,True
SOLV,Health Care,Solventum,2026-09-01,90.95,3.98,19.92,18.21,15.08,1.0,1132735,1311255,1478355,4.42,-20.31,40.52,P+V+,P+V-,P+V+,➡️ 中性,26,29,19,25.5,,,,,,,,,,,,,,,,,,,,,,,,,,,,21,28,28,,28,吃老本,,False,False
WAT,Health Care,Waters Corporation,2026-09-01,405.84,1.46,7.32,25.71,15.05,1.0,735880,864307,980073,-15.07,-21.13,30.03,P+V-,P+V-,P+V+,⚠️ 頂部背離,35,44,13,33.3,1.41,16.99,False,True,389.07,7.32,1.227,False,426.22,426.22,-4.78,-2.08,2.46,10.0,10.0,810870.0,660890.0,1.0,517200.0,717420.0,689053.0,0.751,87.12,52.07,空頭,頭頭低·底底低,多轉空預警 / 多頭確認,22,20,22,21.2,25,,,False,True
REGN,Health Care,Regeneron Pharmaceuticals,2026-09-01,823.82,7.31,37.31,7.16,14.74,1.0,703245,870884,841571,-10.62,7.22,-14.54,P+V-,P+V+,P+V-,⚠️ 量能背離,15,7,35,16.6,39.99,6.38,False,True,723.99,8.28,1.155,False,847.0,847.0,-2.74,-1.17,8.43,13.0,7.0,737846.0,638985.0,1.857,682600.0,672750.0,650546.0,1.049,100.0,64.35,擴散,頭頭高·底底低,,23,1,11,11.8,9,剛爆發,,False,True
TMO,Health Care,Thermo Fisher Scientific,2026-09-01,600.5,3.92,21.67,15.68,14.24,1.0,1643010,2058769,2150547,-27.07,-8.19,3.82,P+V-,P+V-,P+V+,⚠️ 頂部背離,27,25,22,25.4,,,,,,,,,,,,,,,,,,,,,,,,,,,,24,28,28,,28,,,False,False
ELV,Health Care,Elevance Health,2026-09-01,403.04,3.02,0.5,26.04,13.9,1.0,862720,1415106,1682849,-42.67,-27.45,-2.15,P+V-,P+V-,P+V-,⚠️ 量能衰竭,33,52,12,34.5,19.99,16.36,False,True,395.06,4.89,1.123,False,436.24,436.24,-7.61,1.05,6.62,12.0,8.0,902233.0,803450.0,1.5,1101900.0,845320.0,831626.0,1.325,96.54,55.71,空頭,頭頭低·底底低,多轉空預警,25,13,3,15.8,15,剛爆發,,False,True
BDX,Health Care,Becton Dickinson,2026-09-01,187.12,9.64,29.66,7.35,13.5,1.0,1807565,2150921,2524699,2.62,-25.79,-3.52,P+V+,P+V-,P+V-,➡️ 中性,9,11,34,14.6,2.93,4.51,False,True,167.67,6.11,1.192,False,193.07,193.07,-3.08,-1.4,9.99,11.0,9.0,1948709.0,1635055.0,1.222,1279700.0,1753980.0,1678833.0,0.762,94.63,64.19,多頭,頭頭高·底底高,空轉多預警,26,15,21,20.6,24,剛爆發,,False,True
JNJ,Health Care,Johnson & Johnson,2026-09-01,271.19,5.8,21.93,12.58,13.22,1.0,6371760,7818726,7821382,-21.21,-0.07,-10.62,P+V-,P+V-,P+V-,⚠️ 量能衰竭,18,24,29,22.0,,,,,,,,,,,,,,,,,,,,,,,,,,,,27,28,28,,28,,,False,False
BMY,Health Care,Bristol Myers Squibb,2026-09-01,66.92,5.17,23.16,11.9,13.03,1.0,8727585,11800590,11723639,-32.15,1.32,-20.26,P+V-,P+V+,P+V-,⚠️ 量能背離,20,21,30,22.3,,,,,,,,,,,,,,,,,,,,,,,,,,,,28,28,28,,28,,,False,False
DGX,Health Care,Quest Diagnostics,2026-09-01,236.22,0.16,23.4,12.84,12.31,1.0,800750,933464,914823,-28.88,4.16,-9.0,P+V-,P+V+,P+V-,⚠️ 量能背離,41,20,28,32.1,,,,,,,,,,,,,,,,,,,,,,,,,,,,29,28,28,,28,,,False,False
BIIB,Health Care,Biogen,2026-09-01,216.04,4.55,12.39,14.9,11.69,1.0,730295,1118190,1136662,-49.93,-3.2,-35.88,P+V-,P+V-,P+V-,⚠️ 量能衰竭,23,37,24,27.4,,,,,,,,,,,,,,,,,,,,,,,,,,,,30,28,28,,28,,,False,False
PFE,Health Care,Pfizer,2026-09-01,28.55,10.62,13.34,8.96,10.47,1.0,37373300,42118943,39738937,-5.25,12.74,-30.42,P+V-,P+V+,P+V-,⚠️ 量能背離,7,36,32,20.7,12.87,3.93,False,True,25.52,5.36,1.407,False,29.09,29.09,-1.86,-0.07,12.36,12.0,8.0,42266166.0,30034000.0,1.5,42493400.0,36381600.0,34590580.0,1.228,100.0,69.09,多頭,頭頭高·底底高,多頭確認,31,1,6,14.0,14,剛爆發,,False,True
GILD,Health Care,Gilead Sciences,2026-09-01,149.92,13.78,15.11,5.56,10.0,1.0,6031060,7393001,6810570,-6.86,18.7,-5.34,P+V-,P+V+,P+V-,⚠️ 量能背離,4,34,38,19.8,6.86,6.24,False,True,135.05,4.61,0.751,False,155.38,157.29,-3.51,0.77,10.85,14.0,6.0,5485464.0,7304116.0,2.333,4868100.0,5578650.0,5298253.0,0.919,100.0,67.03,收斂,頭頭低·底底高,多轉空預警 / 空轉多預警 / 多頭確認,32,1,17,16.6,17,剛爆發,,False,True
CAH,Health Care,Cardinal Health,2026-09-01,239.35,0.05,22.92,5.87,8.67,1.0,1786475,2163592,2087140,-20.1,7.6,-4.27,P+V-,P+V+,P+V-,⚠️ 量能背離,42,23,36,35.1,,,,,,,,,,,,,,,,,,,,,,,,,,,,33,28,28,,28,,,False,False
LLY,Health Care,Lilly (Eli),2026-09-01,1160.0,-0.7,7.34,13.86,8.59,0.667,2778760,2880593,2998843,13.9,-7.59,-15.39,P-V+,P+V-,P+V-,➡️ 中性,44,43,27,40.3,,,,,,,,,,,,,,,,,,,,,,,,,,,,34,28,28,,28,剛爆發,,False,False
HSIC,Health Care,Henry Schein,2026-09-01,88.52,-1.19,15.86,8.65,7.99,0.667,983565,1277927,1334591,-32.42,-8.15,-7.38,P-V-,P+V-,P+V-,➡️ 中性,45,32,33,38.7,,,,,,,,,,,,,,,,,,,,,,,,,,,,35,28,28,,28,剛爆發,,False,False
MDT,Health Care,Medtronic,2026-09-01,92.04,7.04,25.53,-3.51,6.39,0.667,7467320,8861715,8991643,2.63,-2.85,22.57,P+V+,P+V-,P-V+,➡️ 中性,16,14,43,20.8,4.51,0.56,False,True,85.93,5.95,1.104,False,103.76,106.33,-11.3,0.99,6.77,11.0,9.0,7797263.0,7064055.0,1.222,18838600.0,8404230.0,7974353.0,2.362,92.11,58.89,多頭,頭頭高·底底高,,36,17,1,21.4,26,剛爆發,,False,True
VTRS,Health Care,Viatris,2026-09-01,16.63,-5.07,5.98,11.62,6.04,0.667,9817755,9718920,10558338,7.47,-14.73,15.66,P-V+,P+V-,P+V+,⚠️ 中期出貨,53,47,31,46.8,,,,,,,,,,,,,,,,,,,,,,,,,,,,37,28,28,,28,剛爆發,,False,False
ZBH,Health Care,Zimmer Biomet,2026-09-01,99.4,1.26,20.16,-1.04,4.83,0.667,2024720,2226513,2261013,-13.37,-3.01,17.81,P+V-,P+V-,P-V+,➡️ 中性,36,28,42,34.8,,,,,,,,,,,,,,,,,,,,,,,,,,,,38,28,28,,28,剛爆發,,False,False
ABT,Health Care,Abbott Laboratories,2026-09-01,108.93,3.05,24.98,-5.04,4.48,0.667,7716905,11447713,11929018,-37.03,-7.76,61.84,P+V-,P+V-,P-V+,➡️ 中性,32,16,44,29.6,,,,,,,,,,,,,,,,,,,,,,,,,,,,39,28,28,,28,剛爆發,,False,False
DHR,Health Care,Danaher Corporation,2026-09-01,206.93,3.64,15.28,-0.74,4.36,0.667,3193700,4688070,4602756,-52.88,3.78,16.84,P+V-,P+V+,P-V+,➡️ 中性,29,33,40,32.4,,,,,,,,,,,,,,,,,,,,,,,,,,,,40,28,28,,28,剛爆發,,False,False
DVA,Health Care,DaVita,2026-09-01,176.14,-6.65,-7.2,15.47,4.27,0.333,903730,837980,856505,18.5,-4.23,-9.26,P-V+,P-V-,P+V-,➡️ 中性,55,57,23,49.2,,,,,,,,,,,,,,,,,,,,,,,,,,,,41,28,28,,28,剛爆發,,False,False
EW,Health Care,Edwards Lifesciences,2026-09-01,90.74,1.99,2.93,5.63,4.05,1.0,2890205,4430886,4729939,-45.37,-11.89,11.51,P+V-,P+V-,P+V+,⚠️ 頂部背離,34,51,37,39.7,,,,,,,,,,,,,,,,,,,,,,,,,,,,42,28,28,,28,剛爆發,,False,False
MCK,Health Care,McKesson Corporation,2026-09-01,906.77,3.48,23.53,-6.67,3.42,0.667,994470,1025341,1012432,5.59,2.58,37.37,P+V+,P+V+,P-V+,🚀 健康多頭,31,19,45,30.2,,,,,,,,,,,,,,,,,,,,,,,,,,,,43,28,28,,28,剛爆發,,False,False
MTD,Health Care,Mettler Toledo,2026-09-01,1375.96,-3.21,16.26,-0.09,3.22,0.333,169740,192058,188285,0.17,4.09,34.25,P-V+,P+V+,P-V+,➡️ 中性,50,31,39,42.1,,,,,,,,,,,,,,,,,,,,,,,,,,,,44,28,28,,28,剛爆發,,False,False
COR,Health Care,Cencora,2026-09-01,330.97,4.54,25.28,-9.35,2.78,0.667,1399350,1458392,1594170,2.47,-15.7,12.8,P+V+,P+V-,P-V+,➡️ 中性,24,15,46,25.7,3.04,0.65,False,True,308.63,6.08,1.0,False,375.33,377.54,-11.82,0.89,8.27,13.0,7.0,1399138.0,1399742.0,1.857,1518500.0,1058350.0,1219040.0,1.246,100.0,62.37,多頭,頭頭高·底底高,,45,1,4,19.2,23,剛爆發,,False,True
RMD,Health Care,ResMed|,2026-09-01,231.36,3.57,24.45,-9.47,2.27,0.667,1556665,1513684,1370882,19.63,23.26,30.67,P+V+,P+V+,P-V+,🚀 健康多頭,30,18,47,29.8,,,,,,,,,,,,,,,,,,,,,,,,,,,,46,28,28,,28,剛爆發,,False,False
CI,Health Care,Cigna,2026-09-01,283.06,4.64,3.83,-0.88,1.68,0.667,1671120,1670230,1679323,-1.99,-1.08,-5.47,P+V-,P+V-,P-V-,➡️ 中性,21,50,41,33.7,,,,,,,,,,,,,,,,,,,,,,,,,,,,47,28,28,,28,剛爆發,,False,False
STE,Health Care,Steris,2026-09-01,229.65,-1.31,9.13,-9.57,-2.83,0.333,673430,764035,785740,-8.93,-5.38,19.29,P-V-,P+V-,P-V+,➡️ 中性,46,41,48,44.9,,,,,,,,,,,,,,,,,,,,,,,,,,,,48,28,28,,28,剛爆發,,False,False
UHS,Health Care,Universal Health Services,2026-09-01,170.75,-0.41,18.31,-16.14,-3.59,0.333,624135,902703,913434,-39.99,-2.32,32.26,P-V-,P+V-,P-V+,➡️ 中性,43,30,50,40.5,,,,,,,,,,,,,,,,,,,,,,,,,,,,49,28,28,,28,剛爆發,,False,False
GEHC,Health Care,GE HealthCare,2026-09-01,70.42,0.26,12.39,-16.0,-4.84,0.667,2662230,4563027,4590177,-55.92,-1.18,32.84,P+V-,P+V-,P-V+,➡️ 中性,40,37,49,40.9,,,,,,,,,,,,,,,,,,,,,,,,,,,,50,28,28,,28,剛爆發,,False,False
COO,Health Care,Cooper Companies (The),2026-09-01,69.28,-7.43,15.1,-17.53,-6.85,0.333,1615680,2576223,2403211,-20.98,15.52,-10.68,P-V-,P+V+,P-V-,➡️ 中性,58,35,53,50.1,,,,,,,,,,,,,,,,,,,,,,,,,,,,51,28,28,,28,剛爆發,,False,False
HCA,Health Care,HCA Healthcare,2026-09-01,413.58,0.96,11.71,-21.08,-7.37,0.667,1175770,1567995,1392630,-35.04,28.81,11.61,P+V-,P+V+,P-V+,➡️ 中性,37,39,55,41.2,,,,,,,,,,,,,,,,,,,,,,,,,,,,52,28,28,,28,剛爆發,,False,False
SYK,Health Care,Stryker Corporation,2026-09-01,317.4,-5.82,6.27,-17.34,-8.56,0.333,2157555,2457690,2444094,-14.75,1.12,47.28,P-V-,P+V+,P-V+,➡️ 中性,54,46,51,51.0,,,,,,,,,,,,,,,,,,,,,,,,,,,,53,28,28,,28,剛爆發,,False,False
IDXX,Health Care,Idexx Laboratories,2026-09-01,545.16,-6.78,-3.82,-17.49,-11.39,0.0,527925,623886,599148,-19.6,8.61,19.62,P-V-,P-V+,P-V+,➡️ 中性,57,56,52,55.7,,,,,,,,,,,,,,,,,,,,,,,,,,,,54,28,28,,28,剛爆發,,False,False
ALGN,Health Care,Align Technology,2026-09-01,154.96,-11.37,-8.72,-18.1,-14.07,0.0,812430,965486,1059531,-15.53,-16.31,-17.5,P-V-,P-V-,P-V-,🧊 熊市縮量,59,58,54,57.7,,,,,,,,,,,,,,,,,,,,,,,,,,,,55,28,28,,28,剛爆發,,False,False
ISRG,Health Care,Intuitive Surgical,2026-09-01,369.25,-1.59,-10.43,-27.15,-16.58,0.0,2406855,3030113,2532274,-41.82,48.94,17.56,P-V-,P-V+,P-V+,➡️ 中性,48,59,56,52.9,,,,,,,,,,,,,,,,,,,,,,,,,,,,56,28,28,,28,剛爆發,,False,False
PODD,Health Care,Insulet Corporation,2026-09-01,148.38,11.35,0.17,-41.0,-17.62,0.667,2036150,1626715,1443406,55.18,29.09,92.57,P+V+,P+V+,P-V+,🚀 健康多頭,6,55,59,31.3,14.28,19.26,False,False,154.33,9.69,0.84,False,354.88,354.88,-58.19,3.73,-11.05,13.0,7.0,1908646.0,2272942.0,1.857,1288000.0,1864980.0,1729986.0,0.745,87.41,49.07,空頭,頭頭低·底底低,多轉空預警,57,19,23,35.0,27,剛爆發,,False,True
BSX,Health Care,Boston Scientific,2026-09-01,48.08,0.71,0.21,-36.53,-18.03,0.667,18893180,20185006,19016403,-3.46,13.1,68.79,P+V-,P+V+,P-V+,➡️ 中性,38,54,57,46.6,,,,,,,,,,,,,,,,,,,,,,,,,,,,58,28,28,,28,剛爆發,,False,False
ZTS,Health Care,Zoetis,2026-09-01,77.25,3.84,0.29,-39.79,-18.86,0.667,6466610,6442656,6036360,16.02,14.43,41.82,P+V+,P+V+,P-V+,🚀 健康多頭,28,53,58,41.5,,,,,,,,,,,,,,,,,,,,,,,,,,,,59,28,28,,28,剛爆發,,False,False
PAYX,Industrials,Paychex,2026-09-01,125.64,6.23,23.92,36.09,25.59,1.0,2156315,3091858,3435883,-33.86,-18.2,5.22,P+V-,P+V-,P+V+,⚠️ 頂部背離,7,2,1,4.3,0.91,2.31,False,True,114.25,6.29,1.201,False,134.63,140.56,-6.68,0.52,5.88,12.0,8.0,2310841.0,1924525.0,1.5,1708500.0,2026380.0,2084873.0,0.819,97.25,61.91,多頭,頭頭高·底底高,,1,3,26,6.8,2,,,False,True
ADP,Industrials,Automatic Data Processing,2026-09-01,283.49,4.96,22.2,31.89,22.74,1.0,2060920,2545495,2975513,-17.06,-25.25,25.11,P+V-,P+V-,P+V+,⚠️ 頂部背離,9,3,2,5.8,1.58,2.26,False,True,258.28,6.4,1.183,False,299.48,307.8,-5.34,0.25,4.76,10.0,10.0,2233350.0,1888490.0,1.0,1782000.0,1944770.0,2040693.0,0.873,88.65,63.05,多頭,頭頭高·底底高,多頭確認,2,8,23,8.6,5,吃老本,,False,True
EXPD,Industrials,Expeditors International,2026-09-01,187.7,3.47,17.29,30.37,20.37,1.0,835520,1201838,1186267,-40.34,2.66,-16.59,P+V-,P+V+,P+V-,⚠️ 量能背離,11,7,3,8.2,19.93,27.77,False,True,176.72,3.85,0.793,False,192.28,192.28,-2.38,-0.71,3.43,12.0,8.0,756491.0,954062.0,1.5,797400.0,752930.0,755600.0,1.055,88.15,60.08,多頭,頭頭高·底底高,,3,10,12,7.6,3,吃老本,,False,True
DE,Industrials,Deere & Company,2026-09-01,676.08,10.47,24.96,9.74,13.73,1.0,1245275,1264444,1266913,17.87,-0.39,-15.61,P+V+,P+V-,P+V-,➡️ 中性,2,1,10,3.3,8.3,14.07,False,True,613.4,15.53,1.389,False,677.89,677.89,-0.27,7.2,9.51,11.0,9.0,1424818.0,1025833.0,1.222,2309600.0,1599050.0,1375553.0,1.679,100.0,66.19,擴散,頭頭高·底底低,多頭確認,4,1,2,2.4,1,,,False,True
GWW,Industrials,W. W. Grainger,2026-09-01,1309.21,2.08,5.53,18.9,11.35,1.0,232230,293352,277143,-18.27,12.42,-5.55,P+V-,P+V+,P+V-,⚠️ 量能背離,13,30,4,16.3,6.26,14.08,False,False,1340.0,3.36,0.983,False,1417.14,1419.91,-7.62,0.58,0.87,9.0,11.0,230066.0,234000.0,0.818,192900.0,207020.0,204166.0,0.945,80.23,46.59,空頭,頭頭低·底底低,多轉空預警,5,16,18,12.0,9,吃老本,,False,True
SWK,Industrials,Stanley Black & Decker,2026-09-01,94.51,-8.48,22.2,10.19,8.52,0.667,1640005,1742907,1853313,-14.72,-11.24,-2.25,P-V-,P+V-,P+V-,➡️ 中性,45,3,9,25.2,29.86,34.6,False,False,94.68,7.36,1.314,False,104.68,104.68,-9.72,-4.01,-7.71,6.0,14.0,1969283.0,1498885.0,0.429,1893500.0,1479950.0,1449446.0,1.306,73.19,42.21,收斂,頭頭低·底底高,多轉空預警 / 空頭確認,6,25,4,13.2,12,吃老本,,False,True
CSX,Industrials,CSX Corporation,2026-09-01,48.7,-4.47,6.48,15.23,8.12,0.667,9284840,11946178,12447420,-33.99,-7.74,-16.78,P-V-,P+V-,P+V-,➡️ 中性,29,27,6,23.8,4.19,10.6,False,False,49.86,8.21,0.906,False,53.45,53.6,-8.89,-5.2,-4.3,10.0,10.0,8825870.0,9743810.0,1.0,15945400.0,9548660.0,9300520.0,1.714,76.19,36.42,收斂,頭頭低·底底高,多轉空預警 / 空頭確認,7,22,1,11.8,8,吃老本,,False,True
UNP,Industrials,Union Pacific Corporation,2026-09-01,290.62,-1.21,10.8,11.14,7.97,0.667,2435075,2773407,2913283,-24.47,-9.16,-20.74,P-V-,P+V-,P+V-,➡️ 中性,18,18,8,16.0,5.17,2.42,False,False,290.64,7.91,1.096,False,314.53,315.99,-7.6,-5.69,-1.48,9.0,11.0,2558066.0,2334445.0,0.818,3042500.0,2754150.0,2519926.0,1.207,78.29,41.73,多頭,頭頭高·底底高,空轉多預警,8,20,9,13.0,11,吃老本,,False,True
J,Industrials,Jacobs Solutions,2026-09-01,146.33,1.39,19.24,5.29,7.8,1.0,888570,1050613,1072414,0.11,-3.98,9.24,P+V+,P+V-,P+V+,➡️ 中性,14,5,20,12.5,0.8,7.09,False,True,136.71,7.37,0.938,False,166.66,168.44,-12.2,-3.01,2.81,11.0,9.0,862736.0,920144.0,1.222,926200.0,886200.0,867140.0,1.068,85.22,54.51,多頭,頭頭高·底底高,,9,12,11,10.6,6,,,False,True
NDSN,Industrials,Nordson Corporation,2026-09-01,314.4,1.2,12.08,8.08,7.36,1.0,424415,398275,380910,27.61,9.55,-4.36,P+V+,P+V+,P+V-,🚀 健康多頭,15,15,14,14.8,5.03,1.48,False,True,303.65,11.07,1.302,False,339.12,339.12,-7.29,-5.75,1.53,8.0,12.0,492937.0,378733.0,0.667,390600.0,515430.0,473966.0,0.824,81.39,49.53,多頭,頭頭高·底底高,,10,15,25,15.0,14,,🎯 潛在暴漲,False,True
FAST,Industrials,Fastenal,2026-09-01,48.75,-2.48,11.43,7.88,6.18,0.667,6537620,7684823,7591516,-28.58,2.49,3.69,P-V-,P+V+,P+V+,➡️ 中性,21,17,15,18.6,1.25,0.84,False,True,48.4,7.17,1.167,False,52.92,52.92,-7.88,-3.1,-1.93,11.0,9.0,6987527.0,5987733.0,1.222,5625400.0,5426910.0,5810646.0,0.968,86.36,42.94,擴散,頭頭高·底底低,,11,11,16,12.0,9,,,False,True
BR,Industrials,Broadridge Financial Solutions,2026-09-01,180.39,10.39,13.54,-0.35,5.8,0.667,1305720,1348564,1466226,29.28,-14.86,74.58,P+V+,P+V-,P-V+,➡️ 中性,3,12,32,11.5,1.68,4.45,False,True,158.69,9.2,1.183,False,257.7,263.0,-30.0,-2.4,7.11,11.0,9.0,1403236.0,1186533.0,1.222,1141100.0,1163070.0,1193733.0,0.956,92.34,62.7,多頭,頭頭高·底底高,空轉多預警,12,6,17,10.6,6,剛爆發,,False,True
NSC,Industrials,Norfolk Southern,2026-09-01,332.96,-2.18,9.54,7.26,5.47,0.667,1204205,1142864,1230466,4.63,-13.29,-13.29,P-V+,P+V-,P+V-,➡️ 中性,20,20,16,19.2,,,,,,,,,,,,,,,,,,,,,,,,,,,,13,32,32,,32,吃老本,,False,False
RTX,Industrials,RTX Corporation,2026-09-01,205.16,-7.41,18.02,4.59,4.95,0.667,4215715,4945775,5302126,-17.72,-12.6,5.72,P-V-,P+V-,P+V+,➡️ 中性,37,6,23,24.9,13.71,16.95,False,False,206.26,10.54,1.06,False,226.41,226.88,-9.39,-2.43,-5.55,8.0,12.0,4362925.0,4117575.0,0.667,3086600.0,4168370.0,4191833.0,0.736,74.24,39.09,多頭,頭頭高·底底高,,14,23,30,20.8,20,吃老本,,False,True
CTAS,Industrials,Cintas,2026-09-01,200.59,-0.14,16.32,1.7,4.9,0.667,1731215,2208149,2245472,-35.52,-3.27,9.32,P-V-,P+V-,P+V+,➡️ 中性,17,9,28,16.8,2.35,0.4,False,True,195.09,3.85,0.956,False,218.6,219.17,-8.24,-2.04,-1.25,10.0,10.0,1691950.0,1770480.0,1.0,1522600.0,1701820.0,1686273.0,0.903,80.16,48.8,擴散,頭頭高·底底低,,15,17,19,16.6,15,,,False,True
RSG,Industrials,Republic Services,2026-09-01,223.29,7.86,11.51,-0.01,4.84,0.667,1456500,1499815,1556750,9.12,-7.06,10.47,P+V+,P+V-,P-V+,➡️ 中性,6,16,30,13.8,1.7,3.77,False,True,216.78,4.0,0.97,False,233.29,235.98,-4.29,1.05,7.53,13.0,7.0,1441015.0,1485257.0,1.857,1878200.0,1505100.0,1437840.0,1.306,99.77,60.12,擴散,頭頭高·底底低,,16,2,4,8.0,4,剛爆發,,False,True
GD,Industrials,General Dynamics,2026-09-01,369.41,-3.82,9.39,6.28,4.53,0.667,799975,1142584,1243570,-34.1,-15.02,5.01,P-V-,P+V-,P+V+,➡️ 中性,26,22,19,23.4,,,,,,,,,,,,,,,,,,,,,,,,,,,,17,32,32,,32,吃老本,,False,False
WAB,Industrials,Wabtec,2026-09-01,279.8,-5.47,9.41,6.46,4.21,0.667,886295,919732,955902,-14.85,-7.29,6.53,P-V-,P+V-,P+V+,➡️ 中性,31,21,18,25.4,,,,,,,,,,,,,,,,,,,,,,,,,,,,18,32,32,,32,吃老本,,False,False
URI,Industrials,United Rentals,2026-09-01,990.15,-14.65,-0.6,15.83,4.1,0.333,423305,489063,532567,-17.15,-15.1,-13.66,P-V-,P-V-,P+V-,⚠️ 主升段結束,71,44,5,49.7,10.11,8.63,False,False,1092.4,13.31,0.876,False,1177.15,1179.18,-15.89,-5.98,-13.76,10.0,10.0,395230.0,451380.0,1.0,461900.0,440420.0,430973.0,1.072,69.67,31.51,多頭,頭頭高·底底高,空轉多預警 / 空頭確認,19,27,10,20.4,19,吃老本,,False,True
IEX,Industrials,IDEX Corporation,2026-09-01,222.86,-5.96,7.71,7.06,3.97,0.667,544570,675072,720540,-30.09,-11.87,1.1,P-V-,P+V-,P+V+,➡️ 中性,33,25,17,27.4,,,,,,,,,,,,,,,,,,,,,,,,,,,,20,32,32,,32,吃老本,,False,False
VLTO,Industrials,Veralto,2026-09-01,97.05,-0.11,16.26,-0.69,3.69,0.333,1419720,1946473,2015574,-20.02,-6.63,21.32,P-V-,P+V-,P-V+,➡️ 中性,16,10,33,17.6,10.34,6.41,False,True,94.49,4.4,1.164,False,109.28,109.86,-11.19,-1.74,0.62,10.0,10.0,1527150.0,1312290.0,1.0,1803000.0,1610840.0,1416393.0,1.273,85.04,50.6,收斂,頭頭低·底底高,多轉空預警,21,13,6,14.8,13,剛爆發,,False,True
MMM,Industrials,3M,2026-09-01,170.24,-6.09,13.29,3.43,3.51,0.667,2634340,3444936,3711721,-32.41,-13.41,15.38,P-V-,P+V-,P+V+,➡️ 中性,34,13,25,25.9,6.84,7.88,False,False,170.77,7.41,0.881,False,184.09,184.9,-7.53,-5.09,-5.77,9.0,10.0,2458566.0,2791510.0,0.9,3340200.0,2636560.0,2713520.0,1.231,73.42,37.86,多頭,頭頭高·底底高,,22,24,8,20.0,18,,,False,True
UBER,Industrials,Uber,2026-09-01,75.24,10.35,1.99,0.59,3.38,1.0,19115480,19401547,18467847,17.71,10.65,-2.47,P+V+,P+V+,P+V-,🚀 健康多頭,4,41,29,20.1,40.22,-81.74,False,True,73.84,10.76,0.907,False,101.99,101.99,-26.23,-6.36,4.51,12.0,8.0,18363758.0,20243062.0,1.5,11220600.0,14501500.0,14774866.0,0.759,88.54,48.9,多頭,頭頭高·底底高,空轉多預警,23,9,28,18.4,16,剛爆發,,False,True
JBHT,Industrials,J.B. Hunt,2026-09-01,256.48,-5.78,-8.07,12.78,2.93,0.333,746155,957620,959026,-33.39,-0.29,-23.67,P-V-,P-V-,P+V-,⚠️ 主升段結束,32,60,7,35.4,9.55,3.09,False,False,276.28,9.48,1.182,False,299.26,299.76,-14.29,-2.17,-6.4,9.0,11.0,815088.0,689754.0,0.818,701000.0,714390.0,777160.0,0.902,78.24,38.0,空頭,頭頭低·底底低,多轉空預警 / 空頭確認,24,21,20,22.0,24,,,False,True
FDX,Industrials,FedEx,2026-09-01,324.88,4.56,-3.66,4.81,2.63,0.667,1501035,1840640,2024200,-3.46,-16.63,-11.26,P+V-,P-V-,P+V-,⚠️ 量能背離,10,52,22,25.0,6.53,25.52,False,True,319.45,6.51,1.131,False,344.08,345.37,-5.58,-2.65,3.68,7.0,12.0,1630742.0,1442491.0,0.583,1813600.0,1398040.0,1452173.0,1.249,79.69,49.46,多頭,頭頭高·底底高,空轉多預警,25,18,7,18.6,17,剛爆發,,False,True
PCAR,Industrials,Paccar,2026-09-01,122.45,-7.92,12.15,-0.75,0.68,0.333,2609600,3302193,3062282,-31.64,17.0,-2.08,P-V-,P+V+,P-V-,➡️ 中性,43,14,34,32.5,5.39,-0.87,False,False,127.25,8.33,0.956,False,138.87,139.24,-11.83,-5.24,-9.7,7.0,13.0,2534571.0,2650000.0,0.538,2505600.0,2249230.0,2398320.0,1.045,66.9,34.7,收斂,頭頭低·底底高,多轉空預警 / 空頭確認,26,29,13,24.6,25,,,False,True
VRSK,Industrials,Verisk Analytics,2026-09-01,194.35,2.97,5.93,-3.59,0.43,0.667,1253735,2116083,2034252,-29.86,8.38,30.24,P+V-,P+V+,P-V+,➡️ 中性,12,29,44,23.5,2.38,4.67,False,True,189.91,9.93,0.818,False,271.36,273.83,-28.38,3.11,0.8,11.0,9.0,1139890.0,1392877.0,1.222,984000.0,1093060.0,1120166.0,0.878,84.38,57.04,擴散,頭頭高·底底低,,27,14,22,20.8,20,剛爆發,,False,True
PH,Industrials,Parker Hannifin,2026-09-01,952.09,-4.3,15.88,-5.79,-0.0,0.333,683100,677444,722930,18.93,-11.84,16.19,P-V+,P+V-,P-V+,➡️ 中性,28,11,50,27.3,12.15,4.36,False,False,989.74,9.58,1.263,False,1097.73,1099.94,-13.27,-6.13,-3.89,9.0,11.0,771444.0,610818.0,0.818,645100.0,673670.0,620626.0,1.039,79.59,36.38,多頭,頭頭高·底底高,,28,19,14,21.6,22,剛爆發,,False,True
ALLE,Industrials,Allegion,2026-09-01,151.82,-9.94,17.09,-4.61,-0.52,0.333,1399065,1333649,1153147,-3.45,37.12,34.59,P-V-,P+V+,P-V+,➡️ 中性,54,8,45,38.4,8.29,-5.09,False,True,151.35,9.34,0.729,False,181.67,183.11,-16.43,-5.33,-8.19,8.0,12.0,1144187.0,1568983.0,0.667,1146000.0,1698910.0,1518213.0,0.755,65.72,38.1,多頭,頭頭高·底底高,空頭確認,29,30,29,29.4,30,,,False,True
SNA,Industrials,Snap-on,2026-09-01,381.2,-8.42,4.67,-0.13,-1.0,0.333,272220,338787,367146,-30.99,-14.34,15.78,P-V-,P+V-,P-V+,➡️ 中性,44,33,31,38.1,,,,,,,,,,,,,,,,,,,,,,,,,,,,30,32,32,,32,,,False,False
ETN,Industrials,Eaton Corporation,2026-09-01,390.71,-12.43,-2.1,5.18,-1.05,0.333,1747325,2261043,2454391,-29.72,-14.6,-8.18,P-V-,P-V-,P+V-,⚠️ 主升段結束,63,50,21,50.7,,,,,,,,,,,,,,,,,,,,,,,,,,,,31,32,32,,32,,,False,False
PWR,Industrials,Quanta Services,2026-09-01,611.39,-10.48,-11.05,8.24,-1.27,0.333,1066020,1232907,1189244,-8.77,7.62,16.95,P-V-,P-V+,P+V+,➡️ 中性,57,66,12,50.7,28.11,31.8,False,False,657.51,17.95,0.953,False,788.63,788.75,-22.47,1.26,-11.78,9.0,11.0,1037700.0,1089190.0,0.818,988900.0,1180730.0,1153306.0,0.857,72.38,41.25,空頭,頭頭低·底底低,,32,26,24,28.0,29,剛爆發,,False,True
DAL,Industrials,Delta Air Lines,2026-09-01,76.38,-17.99,-6.02,8.88,-1.56,0.333,4674160,6505255,8969596,-30.41,-43.11,10.79,P-V-,P-V-,P+V+,😴 弱勢縮量,79,56,11,58.5,4.54,11.35,False,False,87.17,13.22,0.915,False,95.44,95.68,-19.97,-8.66,-17.67,6.0,14.0,4389300.0,4796242.0,0.429,6566700.0,5343020.0,4878733.0,1.346,58.38,29.48,收斂,頭頭低·底底高,多轉空預警 / 空頭確認,33,31,3,26.2,28,,,False,True
EFX,Industrials,Equifax,2026-09-01,186.2,5.28,7.57,-9.6,-1.59,0.667,1049880,1610500,1624958,-42.29,-1.76,8.74,P+V-,P+V-,P-V+,➡️ 中性,8,26,55,22.8,2.28,9.7,False,True,175.9,7.49,1.349,False,268.77,271.84,-30.72,-2.68,5.43,10.0,10.0,1205970.0,893790.0,1.0,808300.0,1040490.0,1025006.0,0.789,90.8,52.75,多頭,頭頭高·底底高,,34,7,27,21.8,23,剛爆發,,False,True
FIX,Industrials,Comfort Systems USA,2026-09-01,1554.37,-10.47,-13.02,8.23,-1.76,0.333,386080,488167,453456,-28.23,16.58,-7.44,P-V-,P-V+,P+V-,➡️ 中性,56,70,13,51.6,19.85,54.44,False,False,1732.86,15.28,1.023,False,2072.1,2073.99,-24.99,-0.49,-12.43,7.0,13.0,391928.0,382930.0,0.538,349500.0,395330.0,392073.0,0.891,68.34,40.45,擴散,頭頭高·底底低,,35,28,21,29.4,30,剛爆發,,False,True
WM,Industrials,Waste Management,2026-09-01,219.77,-2.02,3.86,-5.26,-2.17,0.333,1981620,2103718,2119659,5.52,-1.49,9.61,P-V+,P+V-,P-V+,➡️ 中性,19,36,47,29.7,,,,,,,,,,,,,,,,,,,,,,,,,,,,36,32,32,,32,,,False,False
EMR,Industrials,Emerson Electric,2026-09-01,147.63,-8.83,4.58,-2.61,-2.37,0.333,2503465,2693843,2836878,-11.35,-9.6,-4.45,P-V-,P+V-,P-V-,➡️ 中性,47,34,42,42.1,,,,,,,,,,,,,,,,,,,,,,,,,,,,37,32,32,,32,,,False,False
AME,Industrials,Ametek,2026-09-01,231.32,-9.2,3.72,-2.08,-2.41,0.333,1326030,1227869,1276809,16.7,-7.38,-2.89,P-V+,P+V-,P-V-,➡️ 中性,49,37,38,43.2,,,,,,,,,,,,,,,,,,,,,,,,,,,,38,32,32,,32,剛爆發,,False,False
JCI,Industrials,Johnson Controls,2026-09-01,139.25,-9.37,4.28,-2.34,-2.44,0.333,2975880,3967306,3807900,-15.55,8.74,-22.08,P-V-,P+V+,P-V-,➡️ 中性,51,35,40,44.0,,,,,,,,,,,,,,,,,,,,,,,,,,,,39,32,32,,32,剛爆發,,False,False
ITW,Industrials,Illinois Tool Works,2026-09-01,269.88,-9.23,10.46,-5.87,-2.63,0.333,932160,1321101,1333427,-40.74,-1.83,10.06,P-V-,P+V-,P-V+,➡️ 中性,50,19,52,41.1,,,,,,,,,,,,,,,,,,,,,,,,,,,,40,32,32,,32,剛爆發,,False,False
MAS,Industrials,Masco,2026-09-01,70.25,-8.75,2.29,-2.08,-2.65,0.333,1925030,2382040,2626682,-33.13,-17.04,7.78,P-V-,P+V-,P-V+,➡️ 中性,46,39,38,42.3,,,,,,,,,,,,,,,,,,,,,,,,,,,,41,32,32,,32,剛爆發,,False,False
ROK,Industrials,Rockwell Automation,2026-09-01,417.53,-6.94,-8.3,2.14,-2.74,0.333,733015,809449,827868,-10.72,-4.35,-7.02,P-V-,P-V-,P+V-,⚠️ 主升段結束,35,62,27,41.5,,,,,,,,,,,,,,,,,,,,,,,,,,,,42,32,32,,32,剛爆發,,False,False
GEV,Industrials,GE Vernova,2026-09-01,898.53,-11.73,-5.42,2.63,-2.97,0.333,2038020,2745638,2640825,-29.24,8.27,-13.83,P-V-,P-V+,P+V-,➡️ 中性,60,55,26,51.7,,,,,,,,,,,,,,,,,,,,,,,,,,,,43,32,32,,32,剛爆發,,False,False
CPRT,Industrials,Copart,2026-09-01,32.47,12.31,0.46,-12.6,-3.1,0.667,10124585,11888960,10360033,-15.81,34.63,23.06,P+V-,P+V+,P-V+,➡️ 中性,1,42,60,25.1,5.71,-8.12,True,True,29.89,9.26,1.17,False,50.11,50.11,-35.2,-2.58,10.44,10.0,9.0,10896210.0,9311833.0,1.111,5552600.0,8925070.0,10701360.0,0.519,92.38,57.7,多頭,頭頭高·底底高,空轉多預警,44,5,31,25.8,27,剛爆發,,False,True
CAT,Industrials,Caterpillar Inc.,2026-09-01,779.16,-10.55,-9.79,3.87,-3.15,0.333,2519955,3180567,2874611,-19.92,23.82,2.8,P-V-,P-V+,P+V+,➡️ 中性,58,64,24,53.0,,,,,,,,,,,,,,,,,,,,,,,,,,,,45,32,32,,32,剛爆發,,False,False
GE,Industrials,GE Aerospace,2026-09-01,331.09,-13.15,2.13,-2.6,-4.05,0.333,3572035,4224993,5084913,-8.97,-28.93,9.98,P-V-,P+V-,P-V+,➡️ 中性,66,40,41,53.2,,,,,,,,,,,,,,,,,,,,,,,,,,,,46,32,32,,32,剛爆發,,False,False
HWM,Industrials,Howmet Aerospace,2026-09-01,254.89,-12.49,-0.2,-1.99,-4.17,0.0,2670005,2755652,2566743,36.72,15.89,10.52,P-V+,P-V+,P-V+,📉 主力出貨,64,43,37,52.3,,,,,,,,,,,,,,,,,,,,,,,,,,,,47,32,32,,32,剛爆發,,False,False
TT,Industrials,Trane Technologies,2026-09-01,440.15,-8.98,-1.63,-3.27,-4.29,0.0,907200,1225933,1288233,-31.92,-9.23,-9.31,P-V-,P-V-,P-V-,🧊 熊市縮量,48,48,43,47.0,,,,,,,,,,,,,,,,,,,,,,,,,,,,48,32,32,,32,剛爆發,,False,False
AXON,Industrials,Axon Enterprise,2026-09-01,518.3,-14.96,8.69,-5.8,-4.47,0.333,935510,1000021,1055130,20.06,-9.93,29.12,P-V+,P+V-,P-V+,➡️ 中性,73,24,51,53.9,,,,,,,,,,,,,,,,,,,,,,,,,,,,49,32,32,,32,剛爆發,,False,False
FTV,Industrials,Fortive,2026-09-01,56.8,-7.4,-3.17,-4.82,-5.05,0.0,2104995,2781826,2979272,-28.5,-12.43,-15.68,P-V-,P-V-,P-V-,🧊 熊市縮量,36,51,46,42.5,,,,,,,,,,,,,,,,,,,,,,,,,,,,50,32,32,,32,剛爆發,,False,False
LDOS,Industrials,Leidos,2026-09-01,139.18,9.72,9.36,-20.38,-5.42,0.667,1398685,1606460,1397672,-3.26,35.12,60.15,P+V-,P+V+,P-V+,➡️ 中性,5,23,69,23.2,12.11,7.56,False,True,121.2,9.33,1.021,False,204.08,205.77,-31.8,3.45,6.57,12.0,8.0,1410200.0,1381412.0,1.5,1198900.0,1066930.0,1183920.0,1.013,95.69,59.11,多頭,頭頭高·底底高,空轉多預警,51,4,15,25.0,26,剛爆發,,False,True
EME,Industrials,Emcor,2026-09-01,735.25,-10.57,-11.47,-1.36,-6.19,0.0,354945,438961,409263,-29.12,15.65,-16.96,P-V-,P-V+,P-V-,➡️ 中性,59,67,36,56.8,,,,,,,,,,,,,,,,,,,,,,,,,,,,52,32,32,,32,剛爆發,,False,False
UPS,Industrials,United Parcel Service,2026-09-01,102.66,-3.16,-4.33,-9.07,-6.41,0.0,4555540,5044806,5705271,-15.25,-20.75,-18.19,P-V-,P-V-,P-V-,🧊 熊市縮量,23,54,54,38.5,,,,,,,,,,,,,,,,,,,,,,,,,,,,53,32,32,,32,剛爆發,,False,False
LMT,Industrials,Lockheed Martin,2026-09-01,544.5,-5.15,6.07,-13.6,-6.57,0.333,973170,1187790,1368000,-20.97,-23.28,-8.97,P-V-,P+V-,P-V-,➡️ 中性,30,28,61,35.6,,,,,,,,,,,,,,,,,,,,,,,,,,,,54,32,32,,32,剛爆發,,False,False
VRT,Industrials,Vertiv,2026-09-01,255.97,-7.9,-20.83,-1.21,-7.79,0.0,4210875,5934663,6738853,-32.85,-21.32,-1.34,P-V-,P-V-,P-V-,🧊 熊市縮量,42,78,35,51.4,,,,,,,,,,,,,,,,,,,,,,,,,,,,55,32,32,,32,剛爆發,,False,False
TDG,Industrials,TransDigm Group,2026-09-01,1155.76,-7.89,-6.67,-12.06,-9.67,0.0,409960,395218,398394,7.41,-1.58,18.32,P-V+,P-V-,P-V+,➡️ 中性,41,58,59,49.7,,,,,,,,,,,,,,,,,,,,,,,,,,,,56,32,32,,32,剛爆發,,False,False
DD,Industrials,DuPont,2026-09-01,132.11,-9.96,-7.06,-11.45,-9.98,0.0,1227270,1426540,1354269,-26.61,11.27,-35.59,P-V-,P-V+,P-V-,➡️ 中性,55,59,58,56.8,,,,,,,,,,,,,,,,,,,,,,,,,,,,57,32,32,,32,剛爆發,,False,False
CMI,Industrials,Cummins,2026-09-01,551.15,-14.92,-14.03,-5.64,-10.06,0.0,868510,1012927,950407,-13.0,14.08,4.04,P-V-,P-V+,P-V+,➡️ 中性,72,71,49,67.1,,,,,,,,,,,,,,,,,,,,,,,,,,,,58,32,32,,32,剛爆發,,False,False
CARR,Industrials,Carrier Global,2026-09-01,57.25,-12.5,-11.76,-8.13,-10.13,0.0,5169140,6201460,6492008,-29.81,-8.57,-7.7,P-V-,P-V-,P-V-,🧊 熊市縮量,65,69,53,63.8,,,,,,,,,,,,,,,,,,,,,,,,,,,,59,32,32,,32,剛爆發,,False,False
ODFL,Industrials,Old Dominion,2026-09-01,187.01,-13.2,-18.06,-5.48,-10.55,0.0,1483190,1751884,1935949,-15.11,-17.36,-11.95,P-V-,P-V-,P-V-,🧊 熊市縮量,67,77,48,66.2,,,,,,,,,,,,,,,,,,,,,,,,,,,,60,32,32,,32,剛爆發,,False,False
BA,Industrials,Boeing,2026-09-01,205.66,-14.38,-8.31,-10.35,-10.85,0.0,4927365,5763115,6377334,-18.89,-17.57,-19.18,P-V-,P-V-,P-V-,🧊 熊市縮量,70,63,57,65.3,,,,,,,,,,,,,,,,,,,,,,,,,,,,61,32,32,,32,剛爆發,,False,False
OTIS,Industrials,Otis Worldwide,2026-09-01,70.6,-2.83,2.43,-21.87,-11.03,0.333,3207285,3641849,3719647,-19.49,-4.1,25.29,P-V-,P+V-,P-V+,➡️ 中性,22,38,71,36.6,,,,,,,,,,,,,,,,,,,,,,,,,,,,62,32,32,,32,剛爆發,,False,False
HUBB,Industrials,Hubbell Incorporated,2026-09-01,443.31,-13.41,-3.94,-14.68,-11.68,0.0,439156,576719,593354,-27.5,-5.45,15.47,P-V-,P-V-,P-V+,😴 弱勢縮量,68,53,62,62.3,,,,,,,,,,,,,,,,,,,,,,,,,,,,63,32,32,,32,剛爆發,,False,False
UAL,Industrials,United Airlines Holdings,2026-09-01,104.63,-21.19,-6.38,-10.13,-11.96,0.0,2995090,4417078,6147161,-33.37,-43.93,10.07,P-V-,P-V-,P-V+,😴 弱勢縮量,80,57,56,68.3,,,,,,,,,,,,,,,,,,,,,,,,,,,,64,32,32,,32,剛爆發,,False,False
AOS,Industrials,A. O. Smith,2026-09-01,58.49,-7.42,5.49,-23.29,-12.13,0.333,1276500,1684987,1636449,-32.79,6.11,32.46,P-V-,P+V+,P-V+,➡️ 中性,38,31,73,42.9,,,,,,,,,,,,,,,,,,,,,,,,,,,,65,32,32,,32,剛爆發,,False,False
FERG,Industrials,Ferguson Enterprises,2026-09-01,218.91,-13.92,-2.07,-16.42,-12.21,0.0,1710470,2286107,1852149,-57.27,61.2,15.07,P-V-,P-V+,P-V+,➡️ 中性,69,49,65,62.2,,,,,,,,,,,,,,,,,,,,,,,,,,,,66,32,32,,32,剛爆發,,False,False
DOV,Industrials,Dover Corporation,2026-09-01,189.93,-9.49,-8.24,-15.76,-12.31,0.0,1001820,1109324,1068693,-19.1,7.9,-8.63,P-V-,P-V+,P-V-,➡️ 中性,52,61,63,56.9,,,,,,,,,,,,,,,,,,,,,,,,,,,,67,32,32,,32,剛爆發,,False,False
XYL,Industrials,Xylem Inc.,2026-09-01,106.89,-12.23,-0.95,-18.35,-12.47,0.0,1599540,1879212,2033428,-21.97,-14.1,46.0,P-V-,P-V-,P-V+,😴 弱勢縮量,61,47,66,57.8,,,,,,,,,,,,,,,,,,,,,,,,,,,,68,32,32,,32,剛爆發,,False,False
NOC,Industrials,Northrop Grumman,2026-09-01,532.91,-3.97,-0.72,-24.36,-13.36,0.0,633435,904898,866117,-31.93,9.37,6.3,P-V-,P-V+,P-V+,➡️ 中性,27,45,74,41.8,,,,,,,,,,,,,,,,,,,,,,,,,,,,69,32,32,,32,剛爆發,,False,False
IR,Industrials,Ingersoll Rand,2026-09-01,74.64,-17.05,5.21,-20.98,-13.45,0.333,3536230,4078250,3826839,-21.24,14.06,11.62,P-V-,P+V+,P-V+,➡️ 中性,77,32,70,62.1,,,,,,,,,,,,,,,,,,,,,,,,,,,,70,32,32,,32,剛爆發,,False,False
TXT,Industrials,Textron,2026-09-01,79.71,-9.89,-11.01,-19.15,-14.8,0.0,1358905,1586392,1491781,-23.49,13.54,-2.88,P-V-,P-V+,P-V-,➡️ 中性,53,65,68,59.6,,,,,,,,,,,,,,,,,,,,,,,,,,,,71,32,32,,32,剛爆發,,False,False
CHRW,Industrials,C.H. Robinson,2026-09-01,147.88,-3.72,-17.51,-19.11,-14.87,0.0,1359945,1728180,1789666,-45.45,-6.64,-7.04,P-V-,P-V-,P-V-,🧊 熊市縮量,25,76,67,48.7,,,,,,,,,,,,,,,,,,,,,,,,,,,,72,32,32,,32,剛爆發,,False,False
HON,Industrials,Honeywell Technologies,2026-09-01,209.98,-15.12,-15.1,-15.76,-15.43,0.0,2968470,4214176,4033762,-11.44,9.36,-3.45,P-V-,P-V+,P-V-,➡️ 中性,74,74,63,71.8,,,,,,,,,,,,,,,,,,,,,,,,,,,,73,32,32,,32,剛爆發,,False,False
LHX,Industrials,L3Harris,2026-09-01,263.56,-7.88,-14.52,-25.23,-18.22,0.0,1552855,1507883,1467040,1.17,5.73,20.76,P-V+,P-V+,P-V+,📉 主力出貨,40,73,75,56.9,,,,,,,,,,,,,,,,,,,,,,,,,,,,74,32,32,,32,剛爆發,,False,False
HII,Industrials,Huntington Ingalls Industries,2026-09-01,292.42,-7.53,-0.89,-33.19,-18.7,0.0,413215,500833,504339,-25.6,-1.38,0.37,P-V-,P-V-,P-V+,😴 弱勢縮量,39,46,78,48.9,,,,,,,,,,,,,,,,,,,,,,,,,,,,75,32,32,,32,剛爆發,,False,False
LUV,Industrials,Southwest Airlines,2026-09-01,37.68,-22.77,-11.5,-25.37,-21.25,0.0,4241640,5605278,6897523,-25.16,-31.56,-28.01,P-V-,P-V-,P-V-,🧊 熊市縮量,81,68,76,76.1,,,,,,,,,,,,,,,,,,,,,,,,,,,,76,32,32,,32,剛爆發,,False,False
GNRC,Industrials,Generac,2026-09-01,181.42,-16.55,-32.62,-22.59,-23.59,0.0,1008675,1061980,979768,-14.16,18.32,-14.06,P-V-,P-V+,P-V-,➡️ 中性,76,81,72,76.7,,,,,,,,,,,,,,,,,,,,,,,,,,,,77,32,32,,32,剛爆發,,False,False
LII,Industrials,Lennox International,2026-09-01,377.25,-15.58,-23.88,-30.33,-25.03,0.0,482900,479966,471039,-15.34,3.86,1.29,P-V-,P-V+,P-V+,➡️ 中性,75,80,77,76.9,,,,,,,,,,,,,,,,,,,,,,,,,,,,78,32,32,,32,剛爆發,,False,False
ROL,Industrials,"Rollins, Inc.",2026-09-01,36.19,-3.2,-21.49,-38.94,-25.64,0.0,4547475,5219875,4143033,-27.65,70.24,65.64,P-V-,P-V+,P-V+,➡️ 中性,24,79,79,51.5,,,,,,,,,,,,,,,,,,,,,,,,,,,,79,32,32,,32,剛爆發,,False,False
PNR,Industrials,Pentair,2026-09-01,60.45,-12.42,-14.25,-39.37,-26.35,0.0,3844140,3211986,2539600,-1.47,72.02,83.32,P-V-,P-V+,P-V+,➡️ 中性,62,72,80,68.6,,,,,,,,,,,,,,,,,,,,,,,,,,,,80,32,32,,32,剛爆發,,False,False
BLDR,Industrials,Builders FirstSource,2026-09-01,62.79,-17.23,-16.97,-39.95,-28.52,0.0,1884840,2234984,2445216,-20.17,-15.83,19.76,P-V-,P-V-,P-V+,😴 弱勢縮量,78,75,81,77.7,,,,,,,,,,,,,,,,,,,,,,,,,,,,81,32,32,,32,剛爆發,,False,False
DELL,Information Technology,Dell Technologies,2026-09-01,425.0,-8.15,-8.64,251.6,121.6,0.333,5825405,7510360,8279369,-12.11,-17.0,15.32,P-V-,P-V-,P+V+,😴 弱勢縮量,54,39,1,38.9,43.14,63.99,False,False,433.96,11.82,0.82,False,514.0,514.0,-17.32,-5.87,-9.05,8.0,12.0,5148550.0,6276641.0,0.667,15948000.0,5933370.0,5895893.0,2.705,66.58,44.9,多頭,頭頭高·底底高,空轉多預警,1,31,1,13.0,7,吃老本,🔥 追高風險,False,True
MRVL,Information Technology,Marvell Technology,2026-09-01,210.39,-0.3,-4.1,165.54,81.67,0.333,24376080,39723167,33341981,-0.11,47.34,81.48,P-V-,P-V+,P+V+,➡️ 中性,32,37,2,27.5,0.99,0.64,False,False,224.61,23.27,0.943,False,329.8,329.88,-36.21,-12.48,-3.75,9.0,11.0,23587577.0,25021218.0,0.818,22284200.0,29193990.0,26519446.0,0.84,71.53,45.15,擴散,頭頭高·底底低,,2,28,21,16.2,16,吃老本,🔥 追高風險,False,True
PANW,Information Technology,Palo Alto Networks,2026-09-01,362.09,-0.16,20.5,142.36,76.27,0.667,5680610,7136376,7606263,-12.34,-11.64,1.78,P-V-,P+V-,P+V+,➡️ 中性,31,5,4,17.8,4.35,6.62,False,True,346.82,16.5,1.088,False,398.88,398.88,-9.22,6.53,-1.16,7.0,13.0,5995242.0,5511192.0,0.538,9282700.0,6116770.0,5709433.0,1.626,79.03,51.47,擴散,頭頭高·底底低,,3,22,2,10.4,2,吃老本,🔥 追高風險,False,True
HPE,Information Technology,Hewlett Packard Enterprise,2026-09-01,50.87,-4.42,8.55,146.39,74.23,0.667,15673080,24344407,21586701,-11.06,29.29,-15.72,P-V-,P+V+,P+V-,➡️ 中性,44,15,3,27.1,48.03,10.75,True,True,49.73,10.75,0.998,False,64.06,64.25,-20.59,-4.81,-2.9,8.0,12.0,15650175.0,15688350.0,0.667,19454900.0,14748500.0,15864353.0,1.226,73.79,45.56,多頭,頭頭高·底底高,空頭確認,4,27,5,13.4,9,吃老本,🔥 追高風險,False,True
SNDK,Information Technology,Sandisk,2026-09-01,1536.87,13.8,-12.75,135.75,68.14,0.667,14053025,13875950,15165801,-14.3,-15.68,23.02,P+V-,P-V-,P+V+,⚠️ 頂部背離,7,48,5,18.9,13.72,59.67,False,False,1577.54,18.45,1.072,False,2354.39,2354.39,-34.72,3.79,7.65,10.0,10.0,14541910.0,13564140.0,1.0,11729800.0,11945390.0,14086106.0,0.833,89.87,51.66,多頭,頭頭高·底底高,空轉多預警,5,15,22,12.4,6,吃老本,🔥 追高風險,False,True
CRWD,Information Technology,CrowdStrike,2026-09-01,215.07,2.48,9.99,125.74,65.99,1.0,9711700,10927340,12765851,15.82,-25.18,6.64,P+V+,P+V-,P+V+,➡️ 中性,26,12,6,17.8,6.38,3.05,False,True,198.35,25.78,1.385,False,233.88,233.88,-8.04,16.02,1.82,7.0,13.0,11852971.0,8558707.0,0.538,13740700.0,12680250.0,10639613.0,1.291,89.81,54.5,擴散,頭頭高·底底低,,6,16,3,9.4,1,吃老本,🔥 追高風險,False,True
MU,Information Technology,Micron Technology,2026-09-01,933.44,4.51,-9.84,124.75,61.04,0.667,28917615,44745475,46035419,-37.33,-5.45,60.53,P+V-,P-V-,P+V+,⚠️ 頂部背離,22,42,8,25.2,21.39,33.21,False,False,945.91,10.86,0.969,False,1254.81,1255.0,-25.61,0.05,4.57,10.0,10.0,28464640.0,29370590.0,1.0,27762200.0,24389530.0,27734833.0,1.001,84.72,50.45,多頭,頭頭高·底底高,空轉多預警,7,20,12,13.2,8,吃老本,🔥 追高風險,False,True
AMD,Information Technology,Advanced Micro Devices,2026-09-01,459.61,-4.66,-9.9,125.65,59.19,0.333,20226800,27139806,32436932,-29.16,-28.08,-31.79,P-V-,P-V-,P+V-,⚠️ 主升段結束,45,43,7,36.8,3.21,5.82,False,False,502.9,8.54,0.81,False,584.73,584.73,-21.4,-4.08,-11.37,10.0,10.0,18102660.0,22350940.0,1.0,16212800.0,15917440.0,17727800.0,0.915,70.72,43.6,空頭,頭頭低·底底低,,8,29,15,17.8,19,吃老本,🔥 追高風險,False,True
FTNT,Information Technology,Fortinet,2026-09-01,161.85,-1.39,10.0,104.36,54.33,0.667,4506605,5693549,5910883,-18.46,-7.09,-3.71,P-V-,P+V-,P+V-,➡️ 中性,35,11,9,22.6,20.53,32.63,False,True,158.3,16.11,1.096,False,173.89,173.89,-6.92,5.33,-3.83,8.0,12.0,4756000.0,4340341.0,0.667,5492000.0,4698390.0,4389860.0,1.251,79.01,52.08,多頭,頭頭高·底底高,空轉多預警,9,23,4,13.6,10,吃老本,🔥 追高風險,False,True
STX,Information Technology,Seagate Technology,2026-09-01,816.64,-2.51,-11.29,99.83,46.46,0.333,4002270,4692944,4333944,-28.61,18.06,0.33,P-V-,P-V+,P+V+,➡️ 中性,39,45,10,35.0,12.09,16.76,False,False,865.52,16.97,1.022,False,1144.18,1145.0,-28.63,-0.61,-3.4,10.0,10.0,4046490.0,3958050.0,1.0,2421300.0,3352130.0,3801666.0,0.637,80.61,45.51,多頭,頭頭高·底底高,,10,21,29,18.2,20,吃老本,,False,True
NTAP,Information Technology,NetApp,2026-09-01,183.16,-1.84,2.24,86.26,43.23,0.667,2351490,2772163,2751039,-8.47,1.55,26.82,P-V-,P+V+,P+V+,➡️ 中性,37,24,13,28.3,7.22,2.78,True,True,176.91,14.43,1.105,False,209.06,209.06,-12.39,-2.28,-3.83,8.0,12.0,2493812.0,2256608.0,0.667,2358900.0,2130140.0,2212000.0,1.066,76.13,45.7,多頭,頭頭高·底底高,,11,25,8,16.0,15,吃老本,,False,True
INTC,Information Technology,Intel,2026-09-01,88.97,-11.96,-18.62,95.71,40.21,0.333,97934765,115560730,117408866,-15.89,-3.1,8.86,P-V-,P-V-,P+V+,😴 弱勢縮量,63,55,11,50.2,94.59,2108.68,False,False,102.99,14.54,1.081,False,142.35,142.35,-37.5,1.7,-11.79,10.0,10.0,101746530.0,94123000.0,1.0,73962100.0,86798310.0,96882746.0,0.763,77.53,40.95,收斂,頭頭低·底底高,多轉空預警 / 空轉多預警,12,24,24,19.2,23,吃老本,,False,True
HPQ,Information Technology,HP Inc.,2026-09-01,31.32,9.82,8.05,71.27,40.1,1.0,15260415,16386060,17948693,1.01,-16.02,26.5,P+V+,P+V-,P+V+,➡️ 中性,12,17,14,13.9,19.99,20.26,False,True,26.67,15.67,0.992,False,32.19,32.19,-2.7,6.1,8.67,9.0,11.0,15192322.0,15316127.0,0.818,14872800.0,16982910.0,15587866.0,0.954,87.28,61.9,多頭,頭頭高·底底高,,13,18,13,15.0,12,,,False,True
DDOG,Information Technology,Datadog,2026-09-01,223.84,-20.95,-19.33,92.2,36.03,0.333,4955735,4946732,5185182,19.02,-8.79,4.17,P-V+,P-V-,P+V+,⚠️ 中期出貨,72,56,12,55.2,11.45,18.25,False,False,249.78,14.23,1.053,False,292.72,292.72,-23.53,0.38,-22.32,8.0,12.0,5110225.0,4852741.0,0.667,3427100.0,3507290.0,3788486.0,0.905,65.19,41.37,擴散,頭頭高·底底低,空頭確認,14,32,17,21.8,27,吃老本,,False,True
WDAY,Information Technology,"Workday, Inc.",2026-09-01,198.38,16.26,26.17,42.61,31.91,1.0,5013715,4976089,5132602,8.92,-5.92,42.05,P+V+,P+V-,P+V+,➡️ 中性,5,2,19,6.9,5.27,5.68,False,True,160.66,10.02,1.663,False,249.85,249.85,-20.6,2.04,15.82,8.0,12.0,6589725.0,3963041.0,0.667,3642700.0,4628320.0,5581080.0,0.653,99.41,60.78,多頭,頭頭高·底底高,空轉多預警,15,11,27,15.8,14,,,False,True
ZBRA,Information Technology,Zebra Technologies,2026-09-01,343.7,-6.85,37.5,46.24,30.78,0.667,666175,807089,862864,-18.6,-12.14,30.41,P-V-,P+V-,P+V+,➡️ 中性,50,1,17,28.7,45.1,11.88,False,True,307.99,8.06,1.133,False,386.23,386.23,-11.01,-4.67,-6.81,8.0,12.0,716537.0,632600.0,0.667,664100.0,589140.0,621800.0,1.068,73.87,50.56,多頭,頭頭高·底底高,空頭確認,16,26,7,18.2,20,吃老本,,False,True
CRM,Information Technology,Salesforce,2026-09-01,258.11,33.75,23.46,30.06,29.33,1.0,16101430,15411681,14644399,26.8,11.06,52.16,P+V+,P+V+,P+V+,⭐⭐⭐ 完美多頭,1,3,25,6.4,80.36,24.07,False,True,185.17,30.61,1.66,False,267.75,269.11,-3.6,25.48,35.14,11.0,9.0,19608609.0,11814877.0,1.222,15897500.0,20181140.0,17790300.0,0.894,100.0,81.25,收斂,頭頭低·底底高,多轉空預警 / 空轉多預警 / 多頭確認,17,1,20,11.2,3,剛爆發,🔥 追高風險,False,True
FLEX,Information Technology,Flex Ltd.,2026-09-01,106.86,-12.32,-27.8,69.06,24.5,0.333,2854960,5855026,5277013,-43.1,24.6,20.18,P-V-,P-V+,P+V+,➡️ 中性,64,66,15,54.8,8.9,6.07,False,False,125.85,15.16,1.026,False,166.86,166.86,-35.96,-2.19,-15.67,9.0,11.0,2895144.0,2822081.0,0.818,2455000.0,2689910.0,2731913.0,0.899,69.95,38.89,收斂,頭頭低·底底高,空轉多預警,18,30,18,22.8,30,吃老本,,False,True
ANET,Information Technology,Arista Networks,2026-09-01,189.26,-4.08,10.89,45.31,24.35,0.667,6834510,7697889,8265916,-11.22,-12.86,-0.64,P-V-,P+V-,P+V-,➡️ 中性,42,10,18,27.6,15.18,7.73,False,True,181.29,12.13,1.394,False,214.89,214.89,-11.93,-0.88,-0.66,9.0,11.0,8091766.0,5805845.0,0.818,4369200.0,5257410.0,5984580.0,0.73,85.92,49.74,多頭,頭頭高·底底高,空轉多預警,19,19,26,20.4,25,,,False,True
PLTR,Information Technology,Palantir Technologies,2026-09-01,179.92,13.56,12.0,32.35,22.57,1.0,37000800,41341440,44173566,-12.28,-12.05,-17.04,P+V-,P+V-,P+V-,⚠️ 量能衰竭,8,8,23,11.0,18.51,18.08,False,True,146.11,10.85,1.211,False,207.52,207.52,-13.3,4.16,10.61,9.0,11.0,40929722.0,33786227.0,0.818,24567200.0,30813330.0,30440240.0,0.807,91.5,61.92,空頭,頭頭低·底底低,多頭確認,20,14,23,18.2,20,剛爆發,,False,True
WDC,Information Technology,Western Digital,2026-09-01,450.44,-13.24,-17.51,59.71,22.17,0.333,7589200,8429009,8230730,2.86,4.94,-12.57,P-V+,P-V+,P+V-,➡️ 中性,66,54,16,52.4,,,,,,,,,,,,,,,,,,,,,,,,,,,,21,33,33,,33,吃老本,,False,False
NOW,Information Technology,ServiceNow,2026-09-01,142.9,21.91,5.18,30.74,22.14,1.0,18200975,23937412,24437754,-26.21,-4.01,116.55,P+V-,P+V-,P+V+,⚠️ 頂部背離,3,22,24,12.9,5.05,0.36,False,True,114.13,23.2,1.517,False,194.73,194.73,-26.61,12.52,20.96,11.0,9.0,21495509.0,14174322.0,1.222,16926100.0,18640210.0,18317206.0,0.924,100.0,67.34,收斂,頭頭低·底底高,多轉空預警 / 多頭確認,22,1,14,12.0,5,剛爆發,,False,True
GEN,Information Technology,Gen Digital,2026-09-01,30.02,7.88,8.62,32.96,20.6,1.0,5873940,5781938,6703303,49.46,-24.17,39.89,P+V+,P+V-,P+V+,➡️ 中性,15,14,22,16.1,2.99,3.4,False,True,27.2,14.5,1.331,False,31.29,31.57,-4.06,2.42,6.66,12.0,8.0,6522216.0,4901525.0,1.5,5592600.0,6179010.0,5527693.0,1.012,100.0,61.0,多頭,頭頭高·底底高,空轉多預警 / 多頭確認,23,1,11,11.8,4,剛爆發,,False,True
FFIV,Information Technology,"F5, Inc.",2026-09-01,395.72,-3.79,0.03,42.59,20.35,0.667,511370,613896,688272,-28.43,-19.5,-27.38,P-V-,P+V-,P+V-,➡️ 中性,40,27,20,32.1,,,,,,,,,,,,,,,,,,,,,,,,,,,,24,33,33,,33,吃老本,,False,False
ROP,Information Technology,Roper Technologies,2026-09-01,418.31,6.03,21.82,19.39,16.66,1.0,674515,965976,1108671,-24.6,-22.81,-10.35,P+V-,P+V-,P+V-,⚠️ 量能衰竭,17,4,33,16.3,1.78,3.49,False,True,378.86,8.19,1.099,False,531.89,536.57,-21.35,1.2,6.51,13.0,7.0,696438.0,633800.0,1.857,495600.0,644020.0,671060.0,0.739,100.0,63.51,多頭,頭頭高·底底高,多頭確認,25,1,25,15.4,13,剛爆發,,False,True
CSCO,Information Technology,Cisco,2026-09-01,109.74,-9.68,-9.21,41.8,16.18,0.333,20073535,22639403,22981505,-4.21,-2.93,9.19,P-V-,P-V-,P+V+,😴 弱勢縮量,57,40,21,44.7,,,,,,,,,,,,,,,,,,,,,,,,,,,,26,33,33,,33,吃老本,,False,False
MSFT,Information Technology,Microsoft,2026-09-01,501.02,2.98,9.0,25.22,15.61,1.0,25053405,37711046,36136564,-35.65,9.11,36.31,P+V-,P+V+,P+V+,⚠️ 頂部背離,25,13,28,22.0,11.81,4.9,False,True,435.23,7.94,1.007,False,549.2,553.72,-8.77,1.89,1.86,12.0,8.0,25124825.0,24946275.0,1.5,21046900.0,22615410.0,23209040.0,0.907,92.0,64.09,多頭,頭頭高·底底高,,27,13,16,19.2,23,剛爆發,,False,True
CDW,Information Technology,CDW Corporation,2026-09-01,150.3,7.79,7.12,23.12,15.29,1.0,1953265,1987372,1919966,2.65,7.28,18.98,P+V+,P+V+,P+V+,⭐⭐⭐ 完美多頭,16,18,29,19.2,,,,,,,,,,,,,,,,,,,,,,,,,,,,28,33,33,,33,,,False,False
LITE,Information Technology,Lumentum,2026-09-01,868.95,5.17,-3.98,28.35,14.47,0.667,4809940,5098924,5803105,7.23,-21.64,34.41,P+V+,P-V-,P+V+,➡️ 中性,20,36,27,26.2,,,,,,,,,,,,,,,,,,,,,,,,,,,,29,33,33,,33,,,False,False
VRSN,Information Technology,Verisign,2026-09-01,288.37,-1.43,-2.49,28.72,13.38,0.333,704765,800506,824408,-16.41,-5.64,-0.83,P-V-,P-V-,P+V-,⚠️ 主升段結束,36,31,26,32.5,,,,,,,,,,,,,,,,,,,,,,,,,,,,30,33,33,,33,,,False,False
IT,Information Technology,Gartner,2026-09-01,189.93,1.89,5.76,21.91,12.86,1.0,1366120,1435073,1534142,-5.99,-12.13,15.75,P+V-,P+V-,P+V+,⚠️ 頂部背離,27,20,30,25.5,,,,,,,,,,,,,,,,,,,,,,,,,,,,31,33,33,,33,,,False,False
GDDY,Information Technology,GoDaddy,2026-09-01,100.55,9.57,8.13,16.65,12.75,1.0,1815490,2236126,2336267,-9.45,-8.22,42.71,P+V-,P+V-,P+V+,⚠️ 頂部背離,14,16,37,19.2,8.01,5.44,False,True,92.05,8.53,0.987,False,150.47,150.47,-33.18,0.76,12.86,13.0,7.0,1807338.0,1830628.0,1.857,1981300.0,1659330.0,1791960.0,1.106,100.0,58.17,空頭,頭頭低·底底低,多轉空預警,32,1,6,14.4,11,剛爆發,,False,True
TYL,Information Technology,Tyler Technologies,2026-09-01,376.43,22.78,14.13,6.6,12.53,1.0,968315,910180,759573,17.68,49.46,61.62,P+V+,P+V+,P+V+,⭐⭐⭐ 完美多頭,2,7,46,12.3,0.36,2.73,False,True,319.82,13.98,0.593,False,566.58,566.58,-33.56,7.53,20.14,13.0,7.0,780746.0,1316657.0,1.857,950100.0,1227420.0,1059760.0,0.897,100.0,69.96,多頭,頭頭高·底底高,多頭確認,33,1,19,17.4,18,剛爆發,,False,True
AAPL,Information Technology,Apple Inc.,2026-09-01,325.13,4.63,6.24,19.33,12.38,1.0,40626180,54701660,49609077,-27.47,22.88,0.79,P+V-,P+V+,P+V+,⚠️ 頂部背離,21,19,34,23.0,,,,,,,,,,,,,,,,,,,,,,,,,,,,34,33,33,,33,,,False,False
MSI,Information Technology,Motorola Solutions,2026-09-01,491.24,12.12,19.71,4.68,10.3,1.0,1009055,1007030,1051683,15.32,-8.15,-11.24,P+V+,P+V-,P+V-,➡️ 中性,9,6,52,16.7,14.45,3.83,False,True,439.98,5.34,1.188,False,494.85,494.85,-0.73,1.21,10.93,11.0,9.0,1086563.0,914322.0,1.222,1004300.0,1031180.0,965146.0,1.041,96.17,69.59,多頭,頭頭高·底底高,空轉多預警,35,12,10,20.8,26,剛爆發,,False,True
ADBE,Information Technology,Adobe Inc.,2026-09-01,286.08,10.32,4.4,10.44,8.9,1.0,4304325,6249695,5871681,-20.77,13.76,26.96,P+V-,P+V+,P+V+,⚠️ 頂部背離,10,23,43,20.5,2.5,3.18,True,True,243.95,11.72,1.281,False,370.86,370.86,-22.86,4.44,11.1,12.0,8.0,4718633.0,3682862.0,1.5,4449300.0,4270520.0,4241333.0,1.049,100.0,63.44,多頭,頭頭高·底底高,多頭確認,36,1,9,16.6,17,剛爆發,,False,True
NVDA,Information Technology,Nvidia,2026-09-01,217.44,-0.81,-2.97,17.75,7.93,0.333,126453035,139527558,155563660,-2.52,-18.69,-14.66,P-V-,P-V-,P+V-,⚠️ 主升段結束,33,32,36,33.3,,,,,,,,,,,,,,,,,,,,,,,,,,,,37,33,33,,33,,,False,False
LRCX,Information Technology,Lam Research,2026-09-01,290.2,-5.6,-8.42,21.62,7.3,0.333,7620550,11251996,10568651,-34.23,13.83,-8.17,P-V-,P-V+,P+V-,➡️ 中性,48,38,31,41.6,,,,,,,,,,,,,,,,,,,,,,,,,,,,38,33,33,,33,,,False,False
SMCI,Information Technology,Supermicro,2026-09-01,36.71,21.08,-21.69,13.72,6.71,0.667,53515985,56654620,48229193,21.95,42.33,67.06,P+V+,P-V+,P+V+,➡️ 中性,4,60,41,28.2,77.55,34.51,False,True,31.37,14.51,1.77,False,58.78,58.78,-37.55,-4.55,15.84,10.0,10.0,68388290.0,38643680.0,1.0,26862900.0,36556500.0,54919673.0,0.489,100.0,55.53,多頭,頭頭高·底底高,,39,1,32,22.4,28,剛爆發,,False,True
CTSH,Information Technology,Cognizant,2026-09-01,63.39,14.31,11.55,-1.17,5.88,0.667,7213030,10384743,8734772,-27.21,46.58,70.99,P+V-,P+V+,P-V+,➡️ 中性,6,9,58,17.3,-0.66,4.98,False,True,50.86,12.12,1.078,False,85.48,87.03,-25.84,0.52,13.6,13.0,7.0,7401353.0,6863285.0,1.857,4106100.0,5929410.0,6471973.0,0.634,100.0,68.77,收斂,頭頭低·底底高,空轉多預警 / 多頭確認,40,1,31,22.6,29,剛爆發,,False,False
TXN,Information Technology,Texas Instruments,2026-09-01,253.34,-8.78,-13.15,20.36,4.7,0.333,5658005,8180640,7737181,-30.66,12.16,0.1,P-V-,P-V+,P+V+,➡️ 中性,55,49,32,48.6,,,,,,,,,,,,,,,,,,,,,,,,,,,,41,33,33,,33,剛爆發,,False,False
SWKS,Information Technology,Skyworks Solutions,2026-09-01,67.41,0.63,-10.7,14.07,4.51,0.667,5316030,5629541,4783246,-11.6,42.99,51.12,P+V-,P-V+,P+V+,⚠️ 頂部背離,29,44,40,35.7,,,,,,,,,,,,,,,,,,,,,,,,,,,,42,33,33,,33,剛爆發,,False,False
ADSK,Information Technology,Autodesk,2026-09-01,247.69,3.19,-0.19,6.1,3.8,0.667,1867665,2519581,2337732,-15.45,16.87,37.76,P+V-,P-V+,P+V+,⚠️ 頂部背離,24,28,49,30.2,,,,,,,,,,,,,,,,,,,,,,,,,,,,43,33,33,,33,剛爆發,,False,False
AMAT,Information Technology,Applied Materials,2026-09-01,441.85,-17.21,-3.46,17.87,3.77,0.333,7218920,9473561,8120948,-10.84,39.97,2.32,P-V-,P-V+,P+V+,➡️ 中性,71,35,35,53.0,,,,,,,,,,,,,,,,,,,,,,,,,,,,44,33,33,,33,剛爆發,,False,False
QCOM,Information Technology,Qualcomm,2026-09-01,166.61,5.76,-26.97,15.6,2.5,0.667,9277845,15334818,17134388,-30.14,-19.01,79.75,P+V-,P-V-,P+V+,⚠️ 頂部背離,18,64,38,35.8,,,,,,,,,,,,,,,,,,,,,,,,,,,,45,33,33,,33,剛爆發,,False,False
PTC,Information Technology,PTC Inc.,2026-09-01,152.81,9.6,5.33,-2.79,2.34,0.667,1152830,1696256,1488240,-28.95,32.5,60.44,P+V-,P+V+,P-V+,➡️ 中性,13,21,61,25.0,0.98,27.86,False,True,134.46,8.3,1.104,False,217.64,217.64,-29.79,1.1,7.86,10.0,10.0,1209740.0,1095920.0,1.0,696500.0,1060100.0,1072186.0,0.65,89.47,58.47,收斂,頭頭低·底底高,空轉多預警 / 多頭確認,46,17,28,30.8,32,剛爆發,,False,True
KLAC,Information Technology,KLA Corporation,2026-09-01,170.89,-11.26,-11.81,12.38,0.42,0.333,9339925,12583549,11260382,-23.76,26.63,9.38,P-V-,P-V+,P+V+,➡️ 中性,59,47,42,52.0,,,,,,,,,,,,,,,,,,,,,,,,,,,,47,33,33,,33,剛爆發,,False,False
KEYS,Information Technology,Keysight Technologies,2026-09-01,319.27,-4.98,-3.25,4.33,0.1,0.333,1448860,1467829,1493359,15.95,-3.36,22.77,P-V+,P-V-,P+V+,⚠️ 中期出貨,46,34,53,43.8,,,,,,,,,,,,,,,,,,,,,,,,,,,,48,33,33,,33,剛爆發,,False,False
AVGO,Information Technology,Broadcom,2026-09-01,369.68,-11.62,-19.5,15.34,-0.11,0.333,19132340,25654360,24825380,-6.67,6.91,-7.92,P-V-,P-V+,P+V-,➡️ 中性,60,57,39,54.9,,,,,,,,,,,,,,,,,,,,,,,,,,,,49,33,33,,33,剛爆發,,False,False
ACN,Information Technology,Accenture,2026-09-01,188.09,10.17,-3.17,-7.43,-1.97,0.333,5124795,8303540,7383454,-35.31,28.47,54.16,P+V-,P-V+,P-V+,➡️ 中性,11,33,67,28.8,2.46,3.26,False,True,157.65,10.51,0.909,False,285.21,291.09,-34.05,0.62,10.36,14.0,6.0,4975585.0,5472950.0,2.333,3409500.0,4805040.0,5356086.0,0.637,100.0,64.31,收斂,頭頭低·底底高,空轉多預警 / 多頭確認,50,1,29,26.2,31,剛爆發,,False,True
JBL,Information Technology,Jabil,2026-09-01,299.14,-11.64,-16.88,10.06,-2.1,0.333,959360,1238935,1227376,-10.68,1.9,-4.38,P-V-,P-V+,P+V-,➡️ 中性,61,52,44,54.9,,,,,,,,,,,,,,,,,,,,,,,,,,,,51,33,33,,33,剛爆發,,False,False
ADI,Information Technology,Analog Devices,2026-09-01,354.52,-5.85,-11.45,0.94,-3.85,0.333,3529360,4451170,4192289,-9.83,13.16,12.1,P-V-,P-V+,P+V+,➡️ 中性,49,46,55,49.3,,,,,,,,,,,,,,,,,,,,,,,,,,,,52,33,33,,33,剛爆發,,False,False
SNPS,Information Technology,Synopsys,2026-09-01,414.82,3.49,-15.74,-2.62,-4.37,0.333,1670480,1930949,1944036,-15.82,-1.34,-23.31,P+V-,P-V-,P-V-,➡️ 中性,23,51,59,38.6,,,,,,,,,,,,,,,,,,,,,,,,,,,,53,33,33,,33,剛爆發,,False,False
INTU,Information Technology,Intuit,2026-09-01,344.93,5.18,-2.06,-11.89,-5.17,0.333,4007415,4793263,4523218,-2.76,12.7,84.11,P+V-,P-V+,P-V+,➡️ 中性,19,30,70,32.5,,,,,,,,,,,,,,,,,,,,,,,,,,,,54,33,33,,33,剛爆發,,False,False
MPWR,Information Technology,Monolithic Power Systems,2026-09-01,1225.96,-8.88,-20.39,4.25,-5.19,0.333,595270,913806,762366,-37.85,49.58,22.17,P-V-,P-V+,P+V+,➡️ 中性,56,58,54,56.2,,,,,,,,,,,,,,,,,,,,,,,,,,,,55,33,33,,33,剛爆發,,False,False
CDNS,Information Technology,Cadence Design Systems,2026-09-01,313.04,-7.13,-24.42,5.19,-5.29,0.333,2061490,2389070,2377362,-13.34,0.99,20.9,P-V-,P-V+,P+V+,➡️ 中性,52,62,51,54.8,,,,,,,,,,,,,,,,,,,,,,,,,,,,56,33,33,,33,剛爆發,,False,False
TER,Information Technology,Teradyne,2026-09-01,335.46,-13.85,-9.21,0.87,-5.33,0.333,2519240,3983733,3785197,-33.02,11.07,8.29,P-V-,P-V+,P+V+,➡️ 中性,67,40,56,56.7,,,,,,,,,,,,,,,,,,,,,,,,,,,,57,33,33,,33,剛爆發,,False,False
COHR,Information Technology,Coherent Corp.,2026-09-01,272.03,-17.12,-25.04,8.75,-6.16,0.333,7410015,6130324,6811160,50.82,-18.18,52.36,P-V+,P-V-,P+V+,⚠️ 中期出貨,70,63,45,62.9,,,,,,,,,,,,,,,,,,,,,,,,,,,,58,33,33,,33,剛爆發,,False,False
TRMB,Information Technology,Trimble Inc.,2026-09-01,58.94,0.61,1.36,-13.62,-6.31,0.667,3987350,3310235,2693614,58.13,59.38,72.38,P+V+,P+V+,P-V+,🚀 健康多頭,30,25,71,36.7,,,,,,,,,,,,,,,,,,,,,,,,,,,,59,33,33,,33,剛爆發,,False,False
TEL,Information Technology,TE Connectivity,2026-09-01,208.0,-4.22,-1.08,-11.1,-6.88,0.0,1953650,2421966,2502698,-31.29,-6.25,28.52,P-V-,P-V-,P-V+,😴 弱勢縮量,43,29,69,44.0,,,,,,,,,,,,,,,,,,,,,,,,,,,,60,33,33,,33,剛爆發,,False,False
GLW,Information Technology,Corning Inc.,2026-09-01,145.56,-6.93,-17.47,-2.64,-7.42,0.0,9037690,13659780,13446440,-35.65,3.22,66.88,P-V-,P-V+,P-V+,➡️ 中性,51,53,60,53.4,,,,,,,,,,,,,,,,,,,,,,,,,,,,61,33,33,,33,剛爆發,,False,False
AKAM,Information Technology,Akamai Technologies,2026-09-01,106.46,-12.93,-30.87,6.57,-7.67,0.333,3446815,3686884,4617954,-1.43,-33.56,54.8,P-V-,P-V-,P+V+,😴 弱勢縮量,65,68,48,62.5,,,,,,,,,,,,,,,,,,,,,,,,,,,,62,33,33,,33,剛爆發,,False,False
TDY,Information Technology,Teledyne Technologies,2026-09-01,610.51,-10.71,0.17,-10.06,-7.67,0.333,263045,347847,335726,-41.76,7.49,-0.87,P-V-,P+V+,P-V-,➡️ 中性,58,26,68,50.4,,,,,,,,,,,,,,,,,,,,,,,,,,,,62,33,33,,33,剛爆發,,False,False
ON,Information Technology,ON Semiconductor,2026-09-01,72.65,-5.54,-39.92,6.59,-8.07,0.333,7652165,10993110,10593132,-25.12,7.85,19.31,P-V-,P-V+,P+V+,➡️ 中性,47,71,47,54.2,,,,,,,,,,,,,,,,,,,,,,,,,,,,64,33,33,,33,剛爆發,,False,False
IBM,Information Technology,IBM,2026-09-01,231.4,-1.21,-27.26,-2.99,-8.61,0.0,4955840,9765453,8382498,-65.39,39.52,63.72,P-V-,P-V+,P-V+,➡️ 中性,34,65,62,48.9,,,,,,,,,,,,,,,,,,,,,,,,,,,,65,33,33,,33,剛爆發,,False,False
MCHP,Information Technology,Microchip Technology,2026-09-01,71.41,-7.65,-21.5,-3.69,-9.14,0.0,9351445,11366524,10649224,-13.0,14.44,25.42,P-V-,P-V+,P-V+,➡️ 中性,53,59,64,57.0,,,,,,,,,,,,,,,,,,,,,,,,,,,,66,33,33,,33,剛爆發,,False,False
CIEN,Information Technology,Ciena,2026-09-01,360.33,-11.86,-36.74,5.62,-9.34,0.333,1938425,2676960,2685266,-3.4,-0.62,-13.21,P-V-,P-V-,P+V-,⚠️ 主升段結束,62,70,50,62.0,,,,,,,,,,,,,,,,,,,,,,,,,,,,67,33,33,,33,剛爆發,,False,False
NXPI,Information Technology,NXP Semiconductors,2026-09-01,222.4,-3.79,-28.33,-3.41,-9.73,0.0,3110710,4081956,3719986,-30.58,21.56,36.41,P-V-,P-V+,P-V+,➡️ 中性,40,67,63,52.7,,,,,,,,,,,,,,,,,,,,,,,,,,,,68,33,33,,33,剛爆發,,False,False
FSLR,Information Technology,First Solar,2026-09-01,199.65,-15.69,-34.11,-0.22,-12.56,0.0,2231395,2223913,2290346,3.99,-5.64,-1.99,P-V+,P-V-,P-V-,➡️ 中性,69,69,57,66.6,,,,,,,,,,,,,,,,,,,,,,,,,,,,69,33,33,,33,剛爆發,,False,False
Q,Information Technology,Qnity Electronics,2026-09-01,115.49,-14.8,-23.93,-7.28,-13.32,0.0,1692215,1970313,2000258,-13.47,-2.95,,P-V-,P-V-,,資料不足,68,61,66,65.5,,,,,,,,,,,,,,,,,,,,,,,,,,,,70,33,33,,33,剛爆發,,False,False
FICO,Information Technology,Fair Isaac,2026-09-01,1103.68,1.11,-14.09,-20.51,-13.5,0.333,273265,311152,346623,-22.04,-18.57,19.87,P+V-,P-V-,P-V+,➡️ 中性,28,50,72,43.4,,,,,,,,,,,,,,,,,,,,,,,,,,,,71,33,33,,33,剛爆發,,False,False
ORCL,Information Technology,Oracle Corporation,2026-09-01,141.32,-2.13,-42.85,-5.32,-13.91,0.0,22521170,31752378,29364657,-42.41,17.7,10.27,P-V-,P-V+,P-V+,➡️ 中性,38,72,65,53.6,,,,,,,,,,,,,,,,,,,,,,,,,,,,72,33,33,,33,剛爆發,,False,False
CF,Materials,CF Industries,2026-09-01,135.6,16.78,20.3,40.86,29.7,1.0,2559915,2566861,3637929,14.92,-45.49,51.45,P+V+,P+V-,P+V+,➡️ 中性,2,2,2,2.0,-15.07,45.68,False,True,118.75,13.22,1.235,False,140.66,141.96,-3.6,6.55,15.4,11.0,9.0,2799872.0,2266633.0,1.222,3834200.0,2650320.0,2493746.0,1.538,100.0,69.12,多頭,頭頭高·底底高,空轉多預警 / 多頭確認,1,1,3,1.4,1,,,False,False
NUE,Materials,Nucor,2026-09-01,251.92,-8.31,0.42,44.3,20.18,0.667,1461430,1561972,1529936,7.89,4.28,-6.49,P-V+,P+V+,P+V-,➡️ 中性,18,16,1,14.0,6.94,14.67,False,True,247.33,12.64,0.889,False,280.11,280.11,-10.06,1.77,-8.07,10.0,10.0,1375440.0,1547420.0,1.0,1311400.0,1731140.0,1499453.0,0.875,76.42,48.15,多頭,頭頭高·底底高,空轉多預警,2,13,14,8.8,7,吃老本,,False,True
CTVA,Materials,Corteva,2026-09-01,87.73,11.75,13.18,12.05,12.26,1.0,4485320,4382246,4119037,5.91,13.65,-2.91,P+V+,P+V+,P+V-,🚀 健康多頭,4,6,5,4.8,2.93,27.11,False,True,82.67,11.64,1.104,False,90.78,90.97,-3.36,5.86,12.27,12.0,8.0,4660766.0,4222150.0,1.5,5567300.0,4797640.0,4368446.0,1.274,100.0,69.07,擴散,頭頭高·底底低,,3,1,5,2.6,2,,,False,True
LYB,Materials,LyondellBasell,2026-09-01,65.17,11.54,-1.93,19.61,12.21,0.667,3853940,4818913,6261938,-20.93,-37.46,13.57,P+V-,P-V-,P+V+,⚠️ 頂部背離,5,19,4,9.0,25.6,76.13,False,True,59.62,10.73,0.999,False,82.22,83.94,-20.74,4.19,7.74,13.0,7.0,3853146.0,3855414.0,1.857,3052300.0,3247760.0,3634153.0,0.84,100.0,58.47,多頭,頭頭高·底底高,,4,1,16,5.2,3,,,False,True
APD,Materials,Air Products,2026-09-01,305.32,3.47,10.16,11.92,9.36,1.0,922485,1243093,1243480,-20.93,-0.06,-9.45,P+V-,P+V-,P+V-,⚠️ 量能衰竭,9,11,6,9.0,3.8,4.54,False,True,298.49,5.27,0.906,False,314.87,314.87,-3.03,0.48,3.6,13.0,7.0,890261.0,982328.0,1.857,966000.0,1115100.0,963840.0,1.002,96.07,53.46,多頭,頭頭高·底底高,空轉多預警,5,6,9,6.2,5,,,False,True
IFF,Materials,International Flavors & Fragrances,2026-09-01,85.78,-2.6,16.12,7.17,6.97,0.667,1540010,1816335,1825892,-14.08,-1.04,-14.16,P-V-,P+V-,P+V-,➡️ 中性,14,4,7,9.6,-26.57,16.51,False,True,80.81,8.38,0.916,False,89.32,89.32,-3.96,-1.58,6.05,10.0,10.0,1472590.0,1607430.0,1.0,1494100.0,1402660.0,1326840.0,1.126,84.03,57.09,多頭,頭頭高·底底高,空轉多預警,6,11,7,8.2,6,,,False,False
FCX,Materials,Freeport-McMoRan,2026-09-01,72.47,4.44,8.36,6.47,6.44,1.0,14459970,14845663,15657457,-2.1,-9.86,-15.8,P+V-,P+V-,P+V-,⚠️ 量能衰竭,7,13,8,9.0,18.5,21.95,False,True,65.79,17.15,1.21,False,80.24,80.24,-9.68,-9.31,7.68,10.0,10.0,15831740.0,13088200.0,1.0,12799500.0,17840970.0,14960306.0,0.856,87.05,53.32,多頭,頭頭高·底底高,多頭確認,7,9,15,9.4,8,,,False,True
NEM,Materials,Newmont,2026-09-01,122.63,17.59,13.35,-3.38,6.04,0.667,8555260,8271941,8754786,21.14,-10.45,-16.02,P+V+,P+V-,P-V-,✨ 反彈初期,1,5,13,4.6,5.68,33.45,False,True,105.22,10.64,0.903,False,135.29,135.29,-9.36,-9.26,25.48,13.0,7.0,8245315.0,9130871.0,1.857,8016700.0,9321330.0,8407366.0,0.954,100.0,56.3,多頭,頭頭高·底底高,空轉多預警,8,1,11,5.8,4,剛爆發,,False,True
STLD,Materials,Steel Dynamics,2026-09-01,234.09,-11.98,-10.31,22.25,5.55,0.333,1173380,1237670,1199998,-1.13,6.48,-7.51,P-V-,P-V+,P+V-,➡️ 中性,24,21,3,18.9,0.56,-0.19,False,False,241.92,14.94,1.146,False,288.09,288.74,-18.74,1.3,-11.7,9.0,11.0,1261911.0,1100945.0,0.818,664300.0,1436950.0,1220660.0,0.544,75.83,42.83,收斂,頭頭低·底底高,多轉空預警 / 空轉多預警,9,14,21,13.4,14,,,False,True
AMCR,Materials,Amcor,2026-09-01,45.82,-4.04,21.44,-3.43,2.63,0.333,3698480,3606516,4463234,0.35,-32.21,-8.95,P-V+,P+V-,P-V-,➡️ 中性,15,1,14,10.6,4.24,0.55,False,True,45.08,7.34,0.998,False,49.46,50.94,-7.35,-3.07,-2.8,8.0,12.0,3694250.0,3701300.0,0.667,2605400.0,3528930.0,3776913.0,0.69,74.56,47.62,多頭,頭頭高·底底高,,10,15,20,14.0,16,,,False,True
BALL,Materials,Ball Corporation,2026-09-01,62.77,-0.82,17.26,-4.86,1.68,0.333,1636680,2332523,2419350,-15.42,-6.93,-6.22,P-V-,P+V-,P-V-,➡️ 中性,10,3,15,8.9,4.27,11.31,False,True,62.59,4.96,1.0,False,67.62,68.29,-7.18,-1.73,-1.22,7.0,13.0,1637142.0,1636430.0,0.538,1595600.0,1535230.0,1527713.0,1.044,74.16,49.83,多頭,頭頭高·底底高,,11,16,8,12.4,12,,,False,True
SW,Materials,Smurfit Westrock,2026-09-01,45.43,-5.42,11.14,-0.22,1.32,0.333,4531425,5460172,5461526,-16.0,-0.05,1.22,P-V-,P+V-,P-V+,➡️ 中性,16,10,11,13.2,-16.91,-17.35,False,False,46.42,10.71,0.908,False,51.52,52.65,-11.82,-8.09,-5.51,7.0,13.0,4252042.0,4681861.0,0.538,8187600.0,5018420.0,4621346.0,1.772,67.42,41.74,多頭,頭頭高·底底高,空頭確認,12,18,1,12.2,11,吃老本,,False,True
DOW,Materials,Dow Inc.,2026-09-01,30.46,3.85,-11.17,5.34,0.84,0.667,8200495,10597104,12392946,-21.4,-25.31,-3.76,P+V-,P-V-,P+V-,⚠️ 量能背離,8,22,9,12.4,12.62,51.7,False,True,29.63,11.78,1.007,False,41.82,42.74,-27.17,2.17,1.59,10.0,9.0,8321730.0,8262166.0,1.111,7678800.0,8631210.0,8032546.0,0.956,86.12,50.4,多頭,頭頭高·底底高,空轉多預警,13,10,10,11.2,10,,,False,True
MOS,Materials,Mosaic Company (The),2026-09-01,24.78,5.85,6.22,-7.06,-0.51,0.667,8096620,8594143,9314290,11.68,-14.35,50.48,P+V+,P+V-,P-V+,➡️ 中性,6,14,16,10.4,-5.88,-77.32,False,True,22.46,15.12,1.439,False,35.98,36.99,-31.13,2.1,9.11,9.0,11.0,9729388.0,6760718.0,0.818,9024800.0,8443770.0,7961886.0,1.134,93.77,62.97,擴散,頭頭高·底底低,多頭確認,14,7,6,9.6,9,剛爆發,,False,True
ECL,Materials,Ecolab,2026-09-01,280.25,-1.83,12.19,-8.15,-1.48,0.333,1416995,1500546,1550480,16.21,-6.24,13.29,P-V+,P+V-,P-V+,➡️ 中性,13,7,18,12.2,0.48,0.17,False,True,278.57,5.92,1.094,False,307.6,309.27,-8.89,-3.21,-1.02,10.0,10.0,1480840.0,1353150.0,1.0,1356500.0,1571480.0,1535540.0,0.883,82.26,48.44,多頭,頭頭高·底底高,,15,12,13,13.4,14,,,False,True
LIN,Materials,Linde plc,2026-09-01,486.76,-0.87,-1.83,-1.72,-1.54,0.0,1933530,2258915,2288383,-10.09,-2.54,-7.24,P-V-,P-V-,P-V-,🧊 熊市縮量,11,18,12,13.3,0.66,1.4,False,False,503.57,3.39,1.073,False,548.2,548.2,-11.21,-0.09,0.44,11.0,9.0,1994354.0,1859188.0,1.222,1641100.0,1941110.0,1963833.0,0.836,87.33,45.85,空頭,頭頭低·底底低,多轉空預警,16,8,17,13.0,13,剛爆發,,False,True
PKG,Materials,Packaging Corporation of America,2026-09-01,229.12,-10.5,4.04,0.07,-1.58,0.667,495765,626561,775526,-33.48,-32.23,-10.59,P-V-,P+V-,P+V-,➡️ 中性,22,15,10,17.5,1.62,12.54,False,False,242.43,11.08,1.01,False,259.98,259.98,-11.87,-7.07,-10.32,7.0,13.0,498957.0,494046.0,0.538,695500.0,533460.0,486426.0,1.43,66.73,30.42,多頭,頭頭高·底底高,,17,20,4,15.6,18,,,False,True
AVY,Materials,Avery Dennison,2026-09-01,173.07,-1.43,12.03,-9.28,-1.99,0.333,1042660,875310,767342,19.62,32.75,11.6,P-V+,P+V+,P-V+,➡️ 中性,12,9,19,12.5,17.0,1.81,False,True,169.34,7.12,0.518,False,197.29,199.54,-12.28,-3.82,-0.13,9.0,11.0,689655.0,1331481.0,0.818,889000.0,1330010.0,1145413.0,0.776,69.73,45.92,擴散,頭頭高·底底低,,18,17,19,17.8,21,,,False,True
SHW,Materials,Sherwin-Williams,2026-09-01,329.95,-10.54,12.16,-7.82,-3.51,0.333,1617460,2212592,2036942,-23.81,18.87,8.73,P-V-,P+V+,P-V+,➡️ 中性,23,8,17,17.3,5.13,3.56,False,False,342.3,7.87,0.943,False,375.09,377.77,-12.04,-5.85,-8.53,7.0,13.0,1556142.0,1650476.0,0.538,1471900.0,1613850.0,1610733.0,0.914,67.12,38.12,多頭,頭頭高·底底高,空頭確認,19,19,12,17.6,20,,,False,True
PPG,Materials,PPG Industries,2026-09-01,109.7,-7.34,-1.51,-10.02,-7.22,0.0,1266580,1788375,1955210,-38.61,-15.72,-0.91,P-V-,P-V-,P-V-,🧊 熊市縮量,17,17,20,17.6,,,,,,,,,,,,,,,,,,,,,,,,,,,,20,22,22,,22,,,False,False
IP,Materials,International Paper,2026-09-01,36.46,-12.72,9.45,-13.23,-7.43,0.333,3760945,5292538,6073846,-36.53,-22.79,13.06,P-V-,P+V-,P-V+,➡️ 中性,25,12,21,20.3,205.43,5.41,False,False,39.24,14.88,0.85,False,48.47,50.25,-24.78,-11.05,-12.85,5.0,15.0,3320220.0,3907853.0,0.333,6522000.0,3868430.0,3782306.0,1.724,57.74,34.38,收斂,頭頭低·底底高,多轉空預警 / 空頭確認,21,21,2,17.2,19,,,False,True
VMC,Materials,Vulcan Materials Company,2026-09-01,259.69,-9.27,-7.6,-15.47,-11.95,0.0,851500,1100447,1166029,-23.21,-10.65,21.56,P-V-,P-V-,P-V+,😴 弱勢縮量,21,20,22,20.9,,,,,,,,,,,,,,,,,,,,,,,,,,,,22,22,22,,22,,,False,False
ALB,Materials,Albemarle Corporation,2026-09-01,135.54,14.05,-20.59,-26.34,-14.8,0.333,2079810,2284381,2184046,-2.85,9.63,-37.07,P+V-,P-V+,P-V-,➡️ 中性,3,25,25,14.0,15.71,124.6,False,True,128.83,9.57,1.138,False,220.44,221.0,-38.51,1.77,12.18,11.0,9.0,2200009.0,1932900.0,1.222,1553400.0,1854140.0,1877633.0,0.827,96.27,54.34,空頭,頭頭低·底底低,,23,5,18,14.8,17,剛爆發,,False,True
CRH,Materials,CRH plc,2026-09-01,91.2,-8.43,-14.22,-23.87,-17.6,0.0,4409795,4417238,4887132,7.55,-17.54,-13.84,P-V+,P-V-,P-V-,➡️ 中性,19,24,23,21.3,,,,,,,,,,,,,,,,,,,,,,,,,,,,24,22,22,,22,,,False,False
MLM,Materials,Martin Marietta Materials,2026-09-01,504.92,-8.61,-11.42,-25.26,-17.64,0.0,555585,600738,566250,-8.02,12.97,36.25,P-V-,P-V+,P-V+,➡️ 中性,20,23,24,21.7,,,,,,,,,,,,,,,,,,,,,,,,,,,,25,22,22,,22,,,False,False
WELL,Real Estate,Welltower,2026-09-01,240.42,1.72,22.28,16.17,14.08,1.0,2804775,3233153,3224769,-5.57,0.52,-1.12,P+V-,P+V+,P+V-,⚠️ 量能背離,6,1,2,3.7,-16.88,9.38,False,True,235.43,3.98,0.94,False,254.24,255.2,-5.44,-0.3,4.21,13.0,7.0,2743615.0,2918357.0,1.857,3416900.0,2677410.0,2735186.0,1.249,96.72,56.57,擴散,頭頭高·底底低,,1,1,9,2.6,1,,,False,False
DOC,Real Estate,Healthpeak Properties,2026-09-01,20.82,-3.98,11.17,22.71,13.15,0.667,4790810,6096581,7583398,-21.6,-32.78,-10.5,P-V-,P+V-,P+V-,➡️ 中性,19,5,1,11.2,198.62,364.73,False,False,21.42,6.27,1.04,False,22.84,22.95,-8.83,-3.88,-3.23,9.0,10.0,4904988.0,4716750.0,0.9,4503800.0,4307210.0,4152933.0,1.084,78.21,43.72,擴散,頭頭高·底底低,,2,10,15,7.8,3,吃老本,,False,True
BXP,Real Estate,"BXP, Inc.",2026-09-01,67.06,-4.21,14.61,12.3,8.75,0.667,1143370,1412463,1826444,-24.87,-36.96,-3.02,P-V-,P+V-,P+V-,➡️ 中性,20,3,4,11.7,14.75,97.57,False,False,68.39,8.08,0.94,False,75.95,79.33,-11.7,-7.03,-5.11,7.0,13.0,1097614.0,1168007.0,0.538,1358400.0,1213570.0,1168173.0,1.163,68.65,44.33,擴散,頭頭高·底底低,,3,24,12,13.2,11,吃老本,,False,True
VTR,Real Estate,Ventas,2026-09-01,92.07,-0.5,13.34,7.82,7.12,0.667,2915685,3605326,3783650,-14.14,-9.0,30.14,P-V-,P+V-,P+V+,➡️ 中性,7,4,9,6.5,51.73,-1.4,False,False,92.49,4.54,1.04,False,101.6,101.6,-9.38,-1.88,1.34,12.0,8.0,2961408.0,2847100.0,1.5,3352000.0,2874010.0,2839960.0,1.18,90.76,49.28,擴散,頭頭高·底底低,,4,3,11,5.0,2,,,False,True
INVH,Real Estate,Invitation Homes,2026-09-01,29.13,-4.49,1.13,13.26,5.79,0.667,3621560,4769229,5449161,-11.44,-22.19,-0.66,P-V-,P+V-,P+V-,➡️ 中性,22,15,3,16.1,9.76,-14.31,False,False,29.94,5.62,0.828,False,30.89,31.38,-5.71,-3.57,-4.4,7.0,12.0,3233214.0,3904058.0,0.583,3432600.0,3710230.0,3455226.0,0.993,69.17,38.94,收斂,頭頭低·底底高,多轉空預警 / 空頭確認,5,22,21,15.0,15,吃老本,,False,True
FRT,Real Estate,Federal Realty Investment Trust,2026-09-01,117.03,-3.94,-0.55,10.09,3.92,0.333,781950,873810,875396,-2.55,-0.36,28.03,P-V-,P-V-,P+V+,😴 弱勢縮量,18,21,6,16.5,35.3,165.2,False,False,121.17,2.43,1.304,False,128.21,128.21,-8.72,-0.61,-4.71,7.0,13.0,921400.0,706861.0,0.538,860900.0,618420.0,626913.0,1.373,77.82,40.33,收斂,頭頭低·底底高,多轉空預警 / 空轉多預警,6,13,8,9.2,4,吃老本,,False,True
ESS,Real Estate,Essex Property Trust,2026-09-01,279.0,-3.14,1.64,8.28,3.77,0.667,409005,473415,478472,-20.14,-2.09,-2.82,P-V-,P+V-,P+V-,➡️ 中性,12,12,8,11.2,-35.97,15.55,False,False,289.3,5.56,0.783,False,303.35,303.35,-8.03,-4.45,-2.86,10.0,10.0,359330.0,458680.0,1.0,804900.0,507720.0,457206.0,1.76,75.21,40.5,多頭,頭頭高·底底高,空轉多預警 / 空頭確認,7,17,2,10.0,5,吃老本,,False,False
EQIX,Real Estate,Equinix,2026-09-01,1027.59,-2.24,-1.74,9.45,3.73,0.333,566520,593778,590264,3.58,1.2,7.35,P-V+,P-V+,P+V+,⚠️ 中期出貨,10,23,7,13.3,6.33,-3.8,False,False,1045.75,7.12,0.932,False,1118.65,1128.68,-8.14,-4.27,-1.81,9.0,11.0,544655.0,584409.0,0.818,495100.0,526980.0,525293.0,0.943,75.79,42.14,多頭,頭頭高·底底高,,8,16,22,14.0,12,吃老本,,False,True
SPG,Real Estate,Simon Property Group,2026-09-01,211.87,-5.76,5.67,6.94,3.45,0.667,1268545,1825041,1693527,-14.87,16.84,9.75,P-V-,P+V+,P+V+,➡️ 中性,24,7,10,16.1,10.11,-17.98,False,False,223.23,5.94,0.898,False,238.5,238.5,-11.17,-3.25,-6.21,6.0,14.0,1174800.0,1308721.0,0.429,1335700.0,1171830.0,1154186.0,1.157,67.11,33.47,多頭,頭頭高·底底高,空頭確認,9,25,13,16.2,17,吃老本,,False,True
KIM,Real Estate,Kimco Realty,2026-09-01,24.12,-3.02,3.15,4.3,2.18,0.667,4188475,4840473,4949565,-5.45,-4.31,2.67,P-V-,P+V-,P+V+,➡️ 中性,11,10,13,11.1,13.48,7.45,False,False,25.0,3.54,0.746,False,26.65,26.65,-9.49,0.25,-3.56,7.0,13.0,3428585.0,4597646.0,0.538,5989400.0,4563530.0,4080800.0,1.468,69.09,43.61,空頭,頭頭低·底底低,多轉空預警,10,23,5,14.2,14,吃老本,,False,True
HST,Real Estate,Host Hotels & Resorts,2026-09-01,21.64,-13.89,-3.07,11.87,1.7,0.333,9482340,9634969,9141909,7.42,11.4,11.47,P-V+,P-V+,P+V+,⚠️ 中期出貨,30,24,5,23.2,4.39,116.0,False,False,23.57,8.44,0.945,False,25.71,25.71,-15.83,-5.91,-13.37,6.0,14.0,9113250.0,9640521.0,0.429,6180900.0,8257050.0,8054866.0,0.767,62.58,28.71,空頭,頭頭低·底底低,多轉空預警 / 空頭確認,11,27,27,20.6,26,吃老本,,False,True
VMRK,Real Estate,Vivmark Residential,2026-09-01,65.28,-3.63,0.23,4.11,1.2,0.667,5423790,3795973,3240049,81.88,41.42,32.92,P-V+,P+V+,P+V+,⚠️ 中期出貨,14,19,14,15.5,,,False,False,67.23,7.48,0.855,False,71.5,71.5,-8.7,-3.46,-3.56,10.0,9.0,4927390.0,5764344.0,1.111,5556500.0,5553130.0,6525320.0,0.852,78.11,44.91,空頭,頭頭低·底底低,,12,11,24,14.0,12,,,False,False
DLR,Real Estate,Digital Realty,2026-09-01,183.27,-5.98,-0.27,5.32,1.09,0.333,2075890,2958156,2495591,-31.88,45.51,34.64,P-V-,P-V+,P+V+,➡️ 中性,25,20,12,20.9,-15.0,2.71,False,False,187.16,8.04,1.345,False,207.47,208.14,-11.66,-4.71,-5.48,9.0,11.0,2417111.0,1796709.0,0.818,2188800.0,2206310.0,2100093.0,1.042,80.65,40.5,收斂,頭頭低·底底高,多轉空預警 / 空轉多預警 / 空頭確認,13,8,18,12.0,7,,,False,False
CBRE,Real Estate,CBRE Group,2026-09-01,144.46,-4.43,15.9,-3.69,1.02,0.333,1366120,1814340,2045028,-22.03,-20.27,19.38,P-V-,P+V-,P-V+,➡️ 中性,21,2,26,16.3,5.77,42.05,False,True,144.04,9.03,0.925,False,174.27,174.27,-17.11,-4.8,-4.36,8.0,12.0,1302337.0,1408641.0,0.667,1937900.0,1415440.0,1320673.0,1.467,71.64,45.2,多頭,頭頭高·底底高,,14,21,6,15.2,16,吃老本,,False,True
ARE,Real Estate,Alexandria Real Estate Equities,2026-09-01,51.63,3.05,7.56,-3.6,0.85,0.667,2072775,1969752,2187012,19.29,-18.07,-9.13,P+V+,P+V-,P-V-,✨ 反彈初期,4,6,25,8.8,26.17,1359.96,False,True,50.65,15.22,1.367,False,83.17,88.24,-37.92,-2.4,5.65,9.0,11.0,2431966.0,1778890.0,0.818,1671500.0,2311710.0,2119673.0,0.789,88.63,52.91,空頭,頭頭低·底底低,,15,4,26,12.8,9,剛爆發,,False,True
SBAC,Real Estate,SBA Communications,2026-09-01,188.81,6.57,-6.83,0.21,0.04,0.667,824380,1004623,1095149,-26.51,-15.27,8.98,P+V-,P-V-,P+V+,⚠️ 頂部背離,1,28,16,12.1,-1.22,-0.28,False,True,181.93,7.32,0.7,False,221.58,224.46,-14.79,0.63,1.18,11.0,9.0,691327.0,987000.0,1.222,749000.0,716450.0,719940.0,1.04,81.55,57.47,收斂,頭頭低·底底高,空轉多預警 / 多頭確認,16,7,19,13.0,10,剛爆發,,False,False
PLD,Real Estate,Prologis,2026-09-01,139.68,-0.77,1.2,-0.58,-0.18,0.333,3709305,4244876,3868974,-26.32,21.52,12.82,P-V-,P+V+,P-V+,➡️ 中性,8,14,17,11.6,48.33,41.3,False,False,142.36,3.65,1.437,False,153.35,153.35,-8.91,-2.55,0.45,8.0,12.0,4537062.0,3157466.0,0.667,3096500.0,3035160.0,2909206.0,1.064,84.4,42.39,收斂,頭頭低·底底高,多轉空預警 / 空轉多預警,17,5,17,12.2,8,剛爆發,🎯 潛在暴漲,False,True
PSA,Real Estate,Public Storage,2026-09-01,302.86,-7.48,3.34,1.59,-0.24,0.667,761285,1014406,1061793,-42.1,-8.54,1.82,P-V-,P+V-,P+V+,➡️ 中性,27,9,15,19.2,-2.93,2.19,False,False,321.45,9.13,0.876,False,335.55,335.55,-9.74,-6.14,-7.24,6.0,14.0,692650.0,790700.0,0.429,1348400.0,792230.0,744006.0,1.812,64.96,31.24,收斂,頭頭低·底底高,空頭確認,18,26,1,17.8,23,吃老本,,False,False
UDR,Real Estate,"UDR, Inc.",2026-09-01,36.87,-3.92,1.49,-1.26,-1.24,0.333,2640005,3555980,3768856,-24.09,-10.69,14.38,P-V-,P+V-,P-V+,➡️ 中性,17,13,19,16.2,61.01,269.69,False,False,38.67,5.19,0.986,False,41.69,42.0,-11.56,-3.41,-3.99,7.0,12.0,2666357.0,2703550.0,0.583,2279100.0,2715500.0,2658086.0,0.857,72.25,38.32,空頭,頭頭低·底底低,多轉空預警 / 空頭確認,19,20,23,20.2,25,,,False,True
REG,Real Estate,Regency Centers,2026-09-01,76.06,-3.81,0.84,-1.14,-1.31,0.333,1178060,1401126,1413118,-13.36,-1.68,18.23,P-V-,P+V-,P-V+,➡️ 中性,15,17,18,16.2,3.59,9.38,False,False,78.97,3.34,0.964,False,83.66,83.66,-9.08,-0.86,-4.24,8.0,12.0,1152225.0,1195283.0,0.667,1490900.0,1071320.0,1042000.0,1.431,73.98,42.33,擴散,頭頭高·底底低,,20,18,7,16.6,19,,,False,True
AMT,Real Estate,American Tower,2026-09-01,176.02,4.73,-5.24,-2.99,-1.62,0.333,2091275,3004218,3072094,-33.21,-4.32,-1.48,P+V-,P-V-,P-V-,➡️ 中性,3,25,23,13.6,20.65,17.04,False,True,171.04,4.75,0.636,False,204.04,211.92,-13.73,-1.43,0.44,14.0,6.0,1784764.0,2806466.0,2.333,2389200.0,1913480.0,1912640.0,1.249,95.82,54.33,擴散,頭頭高·底底低,,21,2,9,11.0,6,剛爆發,,False,True
MAA,Real Estate,Mid-America Apartment Communities,2026-09-01,129.36,-3.86,2.13,-2.51,-1.69,0.333,798025,1023224,974906,-32.87,10.43,1.41,P-V-,P+V+,P-V+,➡️ 中性,16,11,21,15.5,33.8,26.45,False,False,133.71,4.49,1.036,False,142.76,146.41,-9.38,-1.99,-2.89,9.0,11.0,813533.0,785336.0,0.818,895300.0,779030.0,778646.0,1.15,77.87,42.18,空頭,頭頭低·底底低,空頭確認,22,12,14,16.4,18,剛爆發,,False,True
IRM,Real Estate,Iron Mountain,2026-09-01,114.22,-10.15,-9.0,6.03,-1.78,0.333,1550540,1766967,1650453,-24.72,15.19,-12.28,P-V-,P-V+,P+V-,➡️ 中性,29,29,11,25.4,7.51,15.76,False,False,123.47,13.64,0.892,False,134.68,134.68,-15.19,-5.53,-9.0,10.0,10.0,1462150.0,1638930.0,1.0,2248500.0,1477680.0,1356820.0,1.657,73.01,34.02,收斂,頭頭低·底底高,空轉多預警 / 空頭確認,23,19,3,17.4,22,,,False,True
O,Real Estate,Realty Income,2026-09-01,61.36,-1.71,4.38,-5.05,-1.86,0.333,5405565,5705135,5838639,7.85,-4.47,-3.63,P-V+,P+V-,P-V-,➡️ 中性,9,8,27,12.3,-12.71,-17.72,False,False,62.83,3.56,1.206,False,66.58,67.94,-7.83,-1.91,-2.02,8.0,11.0,6066500.0,5031327.0,0.727,5447100.0,5079810.0,5424300.0,1.004,80.03,40.35,收斂,頭頭低·底底高,多轉空預警,24,9,20,17.2,20,剛爆發,,False,True
CPT,Real Estate,Camden Property Trust,2026-09-01,105.96,-5.32,0.8,-1.94,-2.1,0.333,799735,1038638,1092563,-25.0,-9.41,-11.27,P-V-,P+V-,P-V-,➡️ 中性,23,18,20,20.9,,,,,,,,,,,,,,,,,,,,,,,,,,,,25,28,28,,28,,,False,False
EXR,Real Estate,Extra Space Storage,2026-09-01,140.12,-6.61,0.94,-2.95,-2.89,0.333,844815,1139149,1155659,-36.87,-2.82,-4.73,P-V-,P+V-,P-V-,➡️ 中性,26,16,22,22.2,,,,,,,,,,,,,,,,,,,,,,,,,,,,26,28,28,,28,,,False,False
WY,Real Estate,Weyerhaeuser,2026-09-01,23.38,-9.52,-0.55,-3.0,-4.02,0.0,4948240,5362093,5375259,-4.36,-0.49,-11.91,P-V-,P-V-,P-V-,🧊 熊市縮量,28,21,24,25.1,,,,,,,,,,,,,,,,,,,,,,,,,,,,27,28,28,,28,,,False,False
VICI,Real Estate,Vici Properties,2026-09-01,25.54,-3.26,-6.48,-11.38,-8.12,0.0,8425500,9702430,9181236,-11.98,12.04,-13.2,P-V-,P-V+,P-V-,➡️ 中性,13,27,29,20.4,-31.75,15.01,False,False,26.45,6.47,0.991,False,31.85,33.92,-19.82,-2.85,-3.95,9.0,11.0,8382066.0,8461036.0,0.818,12591300.0,8149590.0,8490000.0,1.483,76.1,38.42,空頭,頭頭低·底底低,多轉空預警 / 空頭確認,28,15,4,18.0,24,剛爆發,,False,False
CCI,Real Estate,Crown Castle,2026-09-01,75.84,2.71,-15.71,-10.09,-8.3,0.333,2876830,4040010,3637871,-33.1,24.86,11.53,P+V-,P-V+,P-V+,➡️ 中性,5,30,28,17.1,36.09,6.18,False,False,76.76,4.17,0.785,False,99.3,104.08,-23.63,-0.59,-2.34,11.0,8.0,2524690.0,3217125.0,1.375,2483800.0,2308810.0,2326560.0,1.068,82.72,48.95,空頭,頭頭低·底底低,,29,6,16,17.2,20,剛爆發,,False,True
CSGP,Real Estate,CoStar Group,2026-09-01,31.98,5.86,-5.55,-28.93,-14.39,0.333,6959390,7450840,7189740,-12.82,7.54,53.68,P+V-,P-V+,P-V+,➡️ 中性,2,26,30,14.8,11.88,24.8,False,True,30.19,8.1,0.716,False,91.89,91.89,-65.2,-2.53,7.24,8.0,11.0,5751987.0,8038218.0,0.727,6137600.0,8130180.0,7221466.0,0.85,76.77,53.09,擴散,頭頭高·底底低,,30,14,25,22.6,27,剛爆發,,False,True
AWK,Utilities,American Water Works,2026-09-01,137.4,3.1,14.19,3.71,6.18,1.0,2078840,2281513,2094266,-7.41,19.64,27.6,P+V-,P+V+,P+V+,⚠️ 頂部背離,2,1,2,1.7,3.97,-7.4,False,True,133.81,3.7,1.07,False,142.41,146.29,-3.51,-0.15,3.21,10.0,10.0,2148830.0,2008850.0,1.0,1661800.0,2069490.0,2182240.0,0.762,85.59,54.37,收斂,頭頭低·底底高,多轉空預警,1,4,23,6.6,4,,,False,True
D,Utilities,Dominion Energy,2026-09-01,66.38,-2.77,2.74,6.96,3.47,0.667,3743855,5025533,5536069,0.07,-16.89,-1.68,P-V+,P+V-,P+V-,➡️ 中性,22,5,1,12.7,17.2,4.37,False,False,68.92,7.03,1.147,False,72.99,72.99,-9.06,-0.82,-4.1,8.0,11.0,4057537.0,3537745.0,0.727,4469800.0,3928300.0,3458906.0,1.292,78.19,39.48,空頭,頭頭低·底底低,,2,11,4,6.0,2,吃老本,,False,True
ETR,Utilities,Entergy,2026-09-01,107.02,0.75,2.56,2.38,2.02,1.0,1955135,2801343,3062113,-30.86,-15.7,14.74,P+V-,P+V-,P+V+,⚠️ 頂部背離,3,7,3,4.2,2.39,2.26,False,False,110.28,4.66,1.063,False,117.75,118.45,-9.11,0.73,-1.1,10.0,10.0,2014570.0,1895700.0,1.0,2293300.0,1866900.0,1865233.0,1.229,83.23,47.2,空頭,頭頭低·底底低,多轉空預警,3,5,7,4.6,1,,,False,True
ED,Utilities,Consolidated Edison,2026-09-01,107.7,0.24,4.81,-1.14,0.69,0.667,2239755,2293300,2269906,4.89,2.08,5.49,P+V+,P+V+,P-V+,🚀 健康多頭,5,4,6,4.9,7.37,-3.83,False,False,109.15,3.98,0.949,False,114.33,116.23,-5.8,0.57,0.16,12.0,8.0,2192700.0,2310337.0,1.5,1863200.0,2148720.0,2195340.0,0.849,89.43,49.1,空頭,頭頭低·底底低,,4,2,19,6.2,3,,,False,True
EVRG,Utilities,Evergy,2026-09-01,81.52,-1.03,2.25,0.72,0.66,0.667,1955590,2047312,2007343,-4.67,4.06,-4.56,P-V-,P+V+,P+V-,➡️ 中性,7,8,4,6.7,9.85,13.81,False,False,83.88,5.76,0.867,False,87.89,88.62,-7.24,0.14,-1.96,10.0,10.0,1816330.0,2094850.0,1.0,2200900.0,2063850.0,1948260.0,1.13,79.05,44.1,空頭,頭頭低·底底低,,5,10,8,7.6,5,,,False,True
PNW,Utilities,Pinnacle West Capital,2026-09-01,97.66,-3.78,1.1,-0.12,-0.73,0.333,1015095,1206063,1212227,-19.28,-1.01,0.58,P-V-,P+V-,P-V+,➡️ 中性,24,12,5,16.6,-2.66,814.01,False,False,102.85,4.72,0.958,False,110.16,111.16,-11.35,-0.01,-3.74,9.0,10.0,995677.0,1039180.0,0.9,1012600.0,1002190.0,987533.0,1.025,78.02,36.23,收斂,頭頭低·底底高,多轉空預警 / 空轉多預警 / 空頭確認,6,12,12,9.6,8,吃老本,,False,False
ES,Utilities,Eversource Energy,2026-09-01,70.5,-2.72,5.84,-3.94,-1.19,0.333,1929935,2428220,2428948,-15.36,-0.06,-13.6,P-V-,P+V-,P-V-,➡️ 中性,19,2,8,11.7,-0.33,6.21,False,False,72.81,4.53,0.817,False,76.57,76.57,-7.93,-0.75,-3.03,9.0,11.0,1717755.0,2103536.0,0.818,1563600.0,1833220.0,1848620.0,0.846,74.45,41.97,空頭,頭頭低·底底低,多轉空預警 / 空頭確認,7,22,20,15.6,18,吃老本,,False,False
AEE,Utilities,Ameren,2026-09-01,106.09,-2.63,1.66,-3.99,-2.23,0.333,1379700,1620909,1674313,-8.32,-6.18,-0.85,P-V-,P+V-,P-V-,➡️ 中性,18,10,9,13.8,4.18,9.09,False,False,110.61,5.66,0.951,False,118.32,118.32,-10.34,-0.69,-3.06,9.0,11.0,1341888.0,1410636.0,0.818,1237500.0,1256350.0,1315646.0,0.941,76.81,38.84,收斂,頭頭低·底底高,多轉空預警 / 空轉多預警 / 空頭確認,8,16,16,12.8,12,吃老本,,False,True
DUK,Utilities,Duke Energy,2026-09-01,120.39,-1.53,1.3,-5.21,-2.66,0.333,4427165,3993932,3877143,19.54,6.21,13.3,P-V+,P+V+,P-V+,➡️ 中性,10,11,10,10.3,9.61,7.24,False,False,124.26,5.0,0.914,False,132.18,134.49,-8.92,-0.99,-2.27,9.0,11.0,4208577.0,4606009.0,0.818,3174700.0,3433630.0,3569780.0,0.889,76.51,41.42,空頭,頭頭低·底底低,多轉空預警 / 空頭確認,9,17,17,13.8,15,吃老本,,False,True
AES,Utilities,AES Corporation,2026-09-01,14.77,0.48,1.68,-6.88,-2.9,0.667,7209625,7860736,10782818,-8.58,-42.64,17.36,P+V-,P+V-,P-V+,➡️ 中性,4,9,14,7.5,-6.05,108.27,False,True,14.64,0.68,0.984,False,17.23,17.65,-14.27,0.27,0.61,9.0,6.0,6530055.0,6638150.0,1.5,5605300.0,8321260.0,7012366.0,0.799,90.19,61.34,收斂,頭頭低·底底高,多轉空預警,10,1,21,8.6,6,剛爆發,,False,False
LNT,Utilities,Alliant Energy,2026-09-01,67.92,-3.25,-1.63,-3.5,-2.97,0.0,2315075,2477741,2426073,-8.6,4.35,13.55,P-V-,P-V+,P-V+,➡️ 中性,23,21,7,19.2,12.23,2.85,False,False,72.25,4.76,1.191,False,78.22,78.81,-13.16,-0.61,-3.88,6.0,14.0,2607250.0,2189857.0,0.429,2843600.0,1932960.0,2261540.0,1.257,74.69,36.23,空頭,頭頭低·底底低,多轉空預警,11,21,6,14.0,17,吃老本,,False,True
AEP,Utilities,American Electric Power,2026-09-01,122.96,-2.04,0.09,-5.53,-3.25,0.333,3473780,4552193,4169476,-12.39,20.21,21.9,P-V-,P+V+,P-V+,➡️ 中性,14,16,11,14.0,-8.2,4.61,False,False,129.28,6.07,0.825,False,139.52,140.58,-11.87,0.15,-3.47,11.0,9.0,3170645.0,3844277.0,1.222,2981300.0,3460060.0,3160626.0,0.943,80.75,40.6,空頭,頭頭低·底底低,,12,7,14,10.4,9,,,False,False
FE,Utilities,FirstEnergy,2026-09-01,46.16,-2.45,2.73,-6.99,-3.43,0.333,3846980,4357381,4614368,-18.2,-10.55,0.9,P-V-,P+V-,P-V+,➡️ 中性,16,6,15,12.8,-0.48,0.63,False,False,47.51,5.3,0.877,False,51.3,52.34,-10.01,-0.99,-3.44,9.0,11.0,3570644.0,4073072.0,0.818,5257700.0,3872670.0,3722480.0,1.412,75.15,41.24,空頭,頭頭低·底底低,多轉空預警 / 空頭確認,13,20,3,13.8,15,吃老本,,False,False
CEG,Utilities,Constellation Energy,2026-09-01,280.31,5.89,5.66,-12.98,-3.6,0.667,2534400,3358089,3231150,-6.66,8.18,9.16,P+V-,P+V+,P-V+,➡️ 中性,1,3,27,6.8,11.73,5.3,False,True,264.76,6.3,0.855,False,410.41,412.7,-31.7,0.68,5.05,11.0,9.0,2354681.0,2754055.0,1.222,2411800.0,2224970.0,2361213.0,1.021,86.6,57.29,多頭,頭頭高·底底高,,14,3,13,9.4,7,剛爆發,,False,True
WEC,Utilities,WEC Energy Group,2026-09-01,106.2,-1.05,-1.36,-6.69,-3.95,0.0,2482260,2240092,2104222,26.85,13.81,-3.61,P-V+,P-V+,P-V-,➡️ 中性,8,20,13,12.6,12.32,5.33,False,False,111.11,5.87,1.198,False,118.87,119.91,-10.66,-0.44,-1.94,8.0,12.0,2755100.0,2300366.0,0.667,2360700.0,2144750.0,2507353.0,0.942,79.62,40.43,空頭,頭頭低·底底低,多轉空預警,15,9,15,12.6,11,剛爆發,,False,True
DTE,Utilities,DTE Energy,2026-09-01,136.06,-2.58,-1.92,-5.71,-3.98,0.0,1264105,1360773,1358790,-4.03,0.29,-2.08,P-V-,P-V+,P-V-,➡️ 中性,17,22,12,17.5,16.26,-4.14,False,False,144.39,5.13,1.032,False,155.75,155.75,-12.64,-0.06,-3.99,10.0,10.0,1284230.0,1243980.0,1.0,1050300.0,1169070.0,1201100.0,0.874,80.65,37.66,空頭,頭頭低·底底低,多轉空預警,16,8,18,13.2,14,剛爆發,,False,True
ATO,Utilities,Atmos Energy,2026-09-01,167.7,-2.03,0.93,-7.6,-4.08,0.333,1013305,1219652,1208098,0.72,1.93,11.96,P-V+,P+V+,P-V+,➡️ 中性,13,13,18,14.0,5.6,1.84,False,False,172.23,4.45,0.892,False,190.28,192.51,-11.87,0.08,-2.28,8.0,12.0,944750.0,1059008.0,0.667,785000.0,889770.0,1009560.0,0.778,74.28,44.24,收斂,頭頭低·底底高,空轉多預警,17,23,22,20.4,23,吃老本,🎯 潛在暴漲,True,True
XEL,Utilities,Xcel Energy,2026-09-01,75.89,-1.7,0.07,-7.72,-4.27,0.333,4852950,5412552,5130293,-2.5,11.64,0.64,P-V-,P+V+,P-V+,➡️ 中性,11,17,19,14.4,18.44,0.23,False,False,79.07,6.28,0.832,False,83.22,84.23,-8.81,-1.68,-2.39,10.0,10.0,4408820.0,5297080.0,1.0,7560600.0,5424620.0,4838186.0,1.563,77.46,38.05,空頭,頭頭低·底底低,空頭確認,18,14,1,13.0,13,,,False,True
NEE,Utilities,NextEra Energy,2026-09-01,82.93,-2.74,0.6,-7.88,-4.48,0.333,10573535,11060712,10855142,1.96,3.86,11.42,P-V+,P+V+,P-V+,➡️ 中性,21,15,20,19.0,3.8,5.67,False,False,86.17,6.52,0.668,False,97.3,98.75,-14.77,-0.79,-4.18,11.0,7.0,9067709.0,13583642.0,1.571,11158400.0,11089300.0,10332693.0,1.08,82.43,38.32,收斂,頭頭低·底底高,空轉多預警 / 空頭確認,19,6,11,12.2,10,剛爆發,,False,True
SO,Utilities,Southern Company,2026-09-01,88.09,-4.6,-0.24,-7.05,-4.74,0.0,5326230,5872993,5540096,5.66,12.79,-3.11,P-V+,P-V+,P-V-,➡️ 中性,28,18,16,22.6,,,,,,,,,,,,,,,,,,,,,,,,,,,,20,24,24,,24,,,False,False
PPL,Utilities,PPL Corporation,2026-09-01,34.47,-1.37,0.66,-9.31,-4.83,0.333,8252300,8962109,8467919,15.0,12.4,24.38,P-V+,P+V+,P-V+,➡️ 中性,9,14,22,13.1,-4.0,2.08,False,False,35.66,6.42,0.987,False,39.79,40.11,-13.37,-1.49,-2.02,8.0,12.0,8188262.0,8294991.0,0.667,9995200.0,7294760.0,7863840.0,1.271,75.47,41.8,空頭,頭頭低·底底低,多轉空預警,21,19,5,17.0,20,,,False,False
CNP,Utilities,CenterPoint Energy,2026-09-01,39.47,-2.32,-3.84,-7.18,-5.13,0.0,5982510,6342673,5644430,-8.66,28.23,8.72,P-V-,P-V+,P-V+,➡️ 中性,15,26,17,18.7,7.4,1.1,False,False,41.93,7.18,1.084,False,44.99,45.26,-12.27,1.39,-4.51,8.0,12.0,6273750.0,5788350.0,0.667,5945700.0,6160520.0,5463873.0,1.088,76.82,39.53,空頭,頭頭低·底底低,多轉空預警,22,15,10,16.8,19,剛爆發,,False,True
EXC,Utilities,Exelon,2026-09-01,43.83,-4.22,-1.05,-8.56,-5.6,0.0,5825380,8093943,8366300,-35.4,-6.31,15.15,P-V-,P-V-,P-V+,😴 弱勢縮量,25,19,21,22.4,,,,,,,,,,,,,,,,,,,,,,,,,,,,23,24,24,,24,,,False,False
SRE,Utilities,Sempra,2026-09-01,84.26,-0.47,-2.6,-10.24,-5.89,0.0,4422540,3885044,3697113,50.01,10.71,-4.37,P-V+,P-V+,P-V-,➡️ 中性,6,23,23,14.5,9.65,-0.29,False,False,89.27,10.12,0.86,False,100.32,101.04,-16.01,0.27,-2.76,9.0,11.0,4059677.0,4719427.0,0.818,6414800.0,4509860.0,4212553.0,1.523,75.78,44.29,空頭,頭頭低·底底低,多轉空預警,24,18,2,17.2,21,剛爆發,,False,True
CMS,Utilities,CMS Energy,2026-09-01,67.96,-4.3,-2.94,-10.4,-7.01,0.0,3418575,3636560,3219146,-9.61,29.8,24.88,P-V-,P-V+,P-V+,➡️ 中性,26,24,24,25.0,,,,,,,,,,,,,,,,,,,,,,,,,,,,25,24,24,,24,,,False,False
PEG,Utilities,Public Service Enterprise Group,2026-09-01,73.48,-2.73,-3.33,-12.97,-8.0,0.0,2489225,2875364,2876849,-19.02,-0.1,2.82,P-V-,P-V-,P-V+,😴 弱勢縮量,20,25,26,22.7,,,,,,,,,,,,,,,,,,,,,,,,,,,,26,24,24,,24,,,False,False
NI,Utilities,NiSource,2026-09-01,40.96,-4.54,-8.57,-11.15,-8.85,0.0,6311830,5071661,4657560,34.83,19.52,12.71,P-V+,P-V+,P-V+,📉 主力出貨,27,27,25,26.6,,,,,,,,,,,,,,,,,,,,,,,,,,,,27,24,24,,24,,,False,False
VST,Utilities,Vistra Corp.,2026-09-01,138.08,-1.78,-10.65,-21.69,-13.95,0.0,4226895,4352098,4565452,-6.46,-8.93,-6.62,P-V-,P-V-,P-V-,🧊 熊市縮量,12,28,29,20.2,-54.2,53.35,False,False,150.76,6.88,0.87,False,218.91,219.82,-36.92,-0.68,-3.6,10.0,10.0,3933070.0,4520720.0,1.0,4288600.0,4028880.0,3813133.0,1.125,77.79,41.43,空頭,頭頭低·底底低,多轉空預警,28,13,9,18.2,22,剛爆發,,False,False
EIX,Utilities,Edison International,2026-09-01,58.8,-13.93,-13.88,-19.03,-16.47,0.0,5672580,3518546,3313160,110.21,13.22,3.64,P-V+,P-V+,P-V+,📉 主力出貨,30,30,28,29.6,,,,,,,,,,,,,,,,,,,,,,,,,,,,29,24,24,,24,,,False,False
PCG,Utilities,PG&E Corporation,2026-09-01,14.06,-18.26,-12.69,-25.1,-20.29,0.0,40650815,26430024,24213687,87.0,20.15,5.52,P-V+,P-V+,P-V+,📉 主力出貨,31,29,30,30.2,,,,,,,,,,,,,,,,,,,,,,,,,,,,30,24,24,,24,剛爆發,,False,False
NRG,Utilities,NRG Energy,2026-09-01,109.51,-9.29,-15.12,-39.21,-25.71,0.0,2706885,2764806,2855590,-4.96,-6.16,36.24,P-V-,P-V-,P-V+,😴 弱勢縮量,29,31,31,30.0,,,,,,,,,,,,,,,,,,,,,,,,,,,,31,24,24,,24,剛爆發,,False,False
