symbol,sector,name,as_of_date,t_price,cum_ret_4w,cum_ret_13w,cum_ret_26w,point,di,avg_vol_4w,avg_vol_13w,avg_vol_26w,vol_change_4w,vol_change_13w,vol_change_26w,pv_state_4w,pv_state_13w,pv_state_26w,pv_verdict,cum_ret_4w_rank_in_sector,cum_ret_13w_rank_in_sector,cum_ret_26w_rank_in_sector,cms_a,surprise_l1,surprise_l2,pre_earnings_14d,above_50ma,ma50,amp_10d_pct,vp_ratio_stock,vcp,high_52w,high_52w_raw,pct_from_high,ret_5d,ret_20d,up_days_20,down_days_20,up_avg_vol,down_avg_vol,ud_ratio,vol_today,vol_10d_avg,vol_3w_avg,vol_ratio_stock_20d,vp_score_stock,rsi14,trend_state,trend_pattern,trend_signal,point_rank_in_sector,vp_score_rank_in_sector,vol_rank_in_sector,composite_in_sector,composite_rank_in_sector,stock_gap_alert,explosive_verdict,is_new_signal_3d,earnings_passed
NWS,Communication Services,News Corp (Class B),2026-09-03,34.72,7.0,16.43,31.95,21.83,1.0,1085290,1473323,1475786,-3.75,-0.33,19.81,P+V-,P+V-,P+V+,⚠️ 頂部背離,7,3,1,4.6,51.24,5.46,False,True,32.14,6.04,0.897,False,35.76,35.76,-2.91,-1.7,2.51,15.0,5.0,1055020.0,1176100.0,3.0,820100.0,1166540.0,1052260.0,0.779,100.0,61.53,多頭,頭頭高·底底高,空轉多預警,1,1,20,4.8,2,,,False,True
NWSA,Communication Services,News Corp (Class A),2026-09-03,30.95,8.52,18.81,29.66,21.66,1.0,3573300,4725030,4588338,-2.95,6.14,15.7,P+V-,P+V+,P+V+,⚠️ 頂部背離,5,1,2,3.2,51.24,5.46,False,True,28.35,6.07,0.794,False,31.66,31.66,-2.24,-0.77,4.31,14.0,6.0,3314721.0,4176650.0,2.333,3809600.0,3831700.0,3568706.0,1.068,100.0,66.12,多頭,頭頭高·底底高,空轉多預警,2,1,6,2.4,1,,,False,True
FOXA,Communication Services,Fox Corporation (Class A),2026-09-03,67.71,6.21,5.8,20.34,13.18,1.0,5214405,6632855,5007303,16.0,96.14,36.2,P+V+,P+V+,P+V+,⭐⭐⭐ 完美多頭,10,11,3,8.9,29.29,36.35,False,True,60.13,6.72,0.936,False,75.68,76.39,-10.53,1.17,10.06,11.0,8.0,5038400.0,5385175.0,1.375,3936800.0,4851210.0,5342080.0,0.737,93.51,59.26,多頭,頭頭高·底底高,,3,8,21,8.6,7,,,False,True
FOX,Communication Services,Fox Corporation (Class B),2026-09-03,60.47,6.56,5.79,17.51,11.84,1.0,999010,1703473,1576486,-19.75,17.52,-8.73,P+V-,P+V+,P+V-,⚠️ 量能背離,9,12,4,8.9,31.62,22.22,False,True,53.76,6.79,0.785,False,67.48,68.18,-10.38,0.61,9.75,12.0,8.0,900391.0,1146937.0,1.5,988700.0,1090420.0,1052240.0,0.94,92.33,59.68,多頭,頭頭高·底底高,,4,9,11,7.4,5,,,False,True
VZ,Communication Services,Verizon,2026-09-03,50.59,7.5,10.29,4.49,6.7,1.0,17035290,26598010,25534832,-37.47,8.69,-8.69,P+V-,P+V+,P+V-,⚠️ 量能背離,6,7,9,6.9,2.71,5.81,False,True,46.19,3.61,1.057,False,50.93,51.68,-0.67,2.35,7.66,12.0,8.0,17410183.0,16472950.0,1.5,17998500.0,18707880.0,17421726.0,1.033,96.53,68.07,多頭,頭頭高·底底高,空轉多預警 / 多頭確認,5,7,8,6.4,4,,,False,True
LYV,Communication Services,Live Nation Entertainment,2026-09-03,177.49,-1.75,8.06,9.69,6.42,0.667,1664555,2196586,2541886,-19.58,-23.92,-9.96,P-V-,P+V-,P+V-,➡️ 中性,19,9,7,13.6,82.89,-485.68,False,False,181.6,6.69,1.074,False,189.25,189.25,-6.21,-1.74,-2.35,9.0,11.0,1730266.0,1610790.0,0.818,1435300.0,1625230.0,1578000.0,0.91,78.96,43.99,收斂,頭頭低·底底高,多轉空預警 / 空頭確認,6,17,13,11.8,13,吃老本,,False,True
OMC,Communication Services,Omnicom Group,2026-09-03,84.73,-0.6,16.13,1.32,4.55,0.667,2146185,3531443,3997410,-35.29,-20.88,-12.35,P-V-,P+V-,P+V-,➡️ 中性,17,4,11,11.9,-0.39,3.13,False,True,82.52,10.39,0.999,False,89.57,89.57,-5.4,-3.6,2.69,9.0,10.0,2121922.0,2123950.0,0.9,3190000.0,2335970.0,2149686.0,1.484,81.16,49.15,多頭,頭頭高·底底高,,7,16,1,9.4,9,吃老本,,False,False
DIS,Communication Services,Walt Disney Company (The),2026-09-03,107.16,2.14,8.64,3.5,4.45,1.0,7831770,10370733,9959706,-34.4,8.61,-3.13,P+V-,P+V+,P+V-,⚠️ 量能背離,14,8,10,11.4,11.09,4.98,False,True,101.02,5.29,1.012,False,118.07,119.78,-9.24,0.32,2.37,12.0,8.0,7868600.0,7776525.0,1.5,6241300.0,7849530.0,7764980.0,0.804,91.76,55.57,擴散,頭頭高·底底低,,8,10,18,10.8,11,,,False,True
GOOGL,Communication Services,Alphabet Inc. (Class A),2026-09-03,342.26,-3.34,-4.54,11.88,3.97,0.333,22080310,30927684,29784183,-31.96,7.99,-17.96,P-V-,P-V+,P+V-,➡️ 中性,20,19,5,16.7,214.23,91.59,False,False,348.45,5.49,0.937,False,408.1,408.61,-16.13,0.54,-4.27,9.0,11.0,21298277.0,22720154.0,0.818,20726900.0,23714210.0,22053000.0,0.94,76.33,47.77,擴散,頭頭高·底底低,,9,19,11,13.4,14,吃老本,,False,True
T,Communication Services,AT&T,2026-09-03,26.19,10.09,12.7,-4.25,3.57,0.667,31578745,60769132,50188715,-59.21,53.43,12.74,P+V-,P+V+,P-V+,➡️ 中性,3,6,14,6.1,10.49,3.42,False,True,23.41,4.92,0.93,False,28.75,29.79,-8.9,2.99,10.46,15.0,5.0,30997026.0,33323900.0,3.0,32839800.0,29745430.0,30057766.0,1.093,100.0,69.23,多頭,頭頭高·底底高,空轉多預警 / 多頭確認,10,1,5,5.4,3,剛爆發,,False,True
GOOG,Communication Services,Alphabet Inc. (Class C),2026-09-03,338.86,-4.07,-4.61,10.82,3.24,0.333,15241395,20911740,20190720,-28.31,7.41,-13.17,P-V-,P-V+,P+V-,➡️ 中性,22,20,6,18.2,212.9,94.3,False,False,346.44,5.54,0.93,False,403.96,404.47,-16.12,0.41,-4.92,8.0,12.0,14582300.0,15680791.0,0.667,12858300.0,16316950.0,15234993.0,0.844,73.49,46.88,擴散,頭頭高·底底低,,11,21,15,15.8,17,吃老本,,False,True
WBD,Communication Services,Warner Bros. Discovery,2026-09-03,28.37,5.94,5.07,-0.46,2.52,0.667,18270365,22093078,22074837,-29.77,0.17,-51.37,P+V-,P+V+,P-V-,➡️ 中性,11,13,13,12.0,153.87,-1161.59,False,True,27.07,2.41,1.285,True,30.0,30.0,-5.43,-1.77,7.46,13.0,7.0,19806276.0,15417957.0,1.857,14296000.0,17334680.0,17588226.0,0.813,100.0,59.41,擴散,頭頭高·底底低,,12,1,17,8.6,7,剛爆發,,False,True
RDDT,Communication Services,Reddit,2026-09-03,155.99,-3.53,-7.97,6.04,0.14,0.333,7022475,5735567,5380129,14.79,14.15,-0.82,P-V+,P-V+,P+V-,➡️ 中性,21,21,8,18.4,29.56,79.12,False,False,170.08,14.6,1.13,False,282.95,282.95,-44.87,1.33,3.39,6.0,14.0,7637050.0,6759085.0,0.429,4029100.0,3950310.0,8141746.0,0.495,78.77,48.08,收斂,頭頭低·底底高,空轉多預警,13,18,22,16.8,19,,,False,True
CMCSA,Communication Services,Comcast,2026-09-03,26.65,5.09,14.85,-11.33,-0.68,0.667,20412490,32827612,32600151,-39.94,1.41,-1.67,P+V-,P+V+,P-V-,➡️ 中性,12,5,16,10.7,7.62,8.29,False,True,24.74,4.03,0.972,False,32.05,32.86,-16.84,0.91,5.88,11.0,8.0,20192490.0,20765237.0,1.375,21940100.0,19830400.0,20561573.0,1.067,91.53,57.23,擴散,頭頭高·底底低,,14,11,7,11.4,12,,,False,True
PSKY,Communication Services,Paramount Skydance Corporation,2026-09-03,11.04,20.13,6.15,-16.41,-1.64,0.667,10144575,10307741,11022523,-16.52,-12.18,15.55,P+V-,P+V-,P-V+,➡️ 中性,1,10,20,7.5,-2.33,51.38,False,True,9.54,10.07,1.024,False,20.57,20.86,-46.34,2.22,21.85,17.0,2.0,10111364.0,9870000.0,8.5,9272700.0,9747030.0,9636546.0,0.962,100.0,69.41,空頭,頭頭低·底底低,多頭確認,15,1,10,8.4,6,剛爆發,,False,False
META,Communication Services,Meta Platforms,2026-09-03,610.68,3.14,-1.88,-6.39,-2.88,0.333,15769815,18204060,17098663,-15.76,13.82,7.51,P+V-,P-V+,P-V+,➡️ 中性,13,17,15,14.6,-14.42,56.79,False,True,594.01,13.24,0.981,False,788.22,790.8,-22.52,6.93,3.52,13.0,7.0,15665653.0,15963257.0,1.857,19737100.0,16475830.0,16578713.0,1.191,99.92,60.7,收斂,頭頭低·底底高,多轉空預警 / 空轉多預警,16,6,4,9.6,10,剛爆發,,False,False
TMUS,Communication Services,T-Mobile US,2026-09-03,188.02,6.72,4.22,-12.02,-3.27,0.667,3873155,5166536,5353607,-23.38,-6.75,0.24,P+V-,P+V-,P-V+,➡️ 中性,8,14,17,11.6,14.86,31.07,False,True,180.48,8.06,1.044,False,253.31,258.66,-25.77,6.39,5.08,9.0,11.0,3964200.0,3798663.0,0.818,3254900.0,3874330.0,3971113.0,0.82,86.14,60.62,收斂,頭頭低·底底高,多轉空預警 / 多頭確認,17,15,16,16.0,18,,,False,True
TTWO,Communication Services,Take-Two Interactive,2026-09-03,214.13,-13.13,-0.77,0.12,-3.42,0.333,2718535,2507032,2277743,44.31,22.39,25.03,P-V+,P-V+,P+V+,⚠️ 中期出貨,24,16,12,19.2,13.9,38.21,False,False,240.15,14.1,1.006,False,265.94,265.94,-19.48,-8.1,-7.89,7.0,13.0,2729842.0,2712446.0,0.538,2701500.0,3085510.0,2709966.0,0.997,67.72,30.48,擴散,頭頭高·底底低,空頭確認,18,22,9,17.8,22,,,False,True
NFLX,Communication Services,Netflix,2026-09-03,82.67,11.51,1.41,-14.85,-4.2,0.667,27276695,41371887,40415686,-43.59,4.85,-6.57,P+V-,P+V+,P-V-,➡️ 中性,2,15,18,9.1,1.45,-1.4,False,True,75.29,5.64,1.134,False,126.71,126.71,-34.76,3.54,12.19,9.0,11.0,29173633.0,25724654.0,0.818,24006400.0,25145300.0,26912566.0,0.892,90.85,63.65,擴散,頭頭高·底底低,多頭確認,19,12,14,15.2,16,剛爆發,,False,True
TKO,Communication Services,TKO Group Holdings,2026-09-03,189.42,1.53,-4.24,-15.13,-8.24,0.333,969150,1275392,1348154,-15.6,-10.24,20.13,P+V-,P-V-,P-V+,➡️ 中性,15,18,19,16.7,23.27,-32.11,False,False,190.02,7.96,1.367,False,225.15,226.94,-15.87,2.76,1.14,9.0,11.0,1136966.0,831845.0,0.818,749500.0,928280.0,932120.0,0.804,87.98,49.84,空頭,頭頭低·底底低,多轉空預警,20,13,18,16.8,19,剛爆發,,False,True
CHTR,Communication Services,Charter Communications,2026-09-03,151.38,-0.78,17.34,-34.97,-13.35,0.333,2667685,3268186,2946072,-15.32,24.55,48.3,P-V-,P+V+,P-V+,➡️ 中性,18,2,23,14.2,5.94,-9.07,False,True,142.82,10.44,1.318,False,285.82,285.82,-47.04,2.06,-3.85,10.0,10.0,3033580.0,2301790.0,1.0,3664700.0,2497690.0,3020360.0,1.213,86.58,51.74,空頭,頭頭低·底底低,多轉空預警,21,14,3,14.6,15,剛爆發,,False,True
ECHO,Communication Services,EchoStar,2026-09-03,89.79,-0.28,-25.74,-24.34,-18.68,0.0,2830145,7289000,6962881,-48.85,9.83,26.41,P-V-,P-V+,P-V+,➡️ 中性,16,22,21,18.8,,,,,,,,,,,,,,,,,,,,,,,,,,,,22,23,23,,23,,,False,False
TTD,Communication Services,Trade Desk (The),2026-09-03,15.09,9.35,-26.61,-37.95,-23.29,0.333,27116935,21787483,21234964,45.27,5.34,47.06,P+V+,P-V+,P-V+,➡️ 中性,4,23,24,13.7,-14.62,-12.39,False,False,16.64,16.22,0.626,False,56.39,56.39,-73.24,12.44,-14.6,11.0,9.0,21373781.0,34136344.0,1.222,23640100.0,17185200.0,17441853.0,1.355,75.51,52.02,空頭,頭頭低·底底低,,23,20,2,17.6,21,,,False,False
APP,Communication Services,AppLovin,2026-09-03,313.58,-9.58,-45.07,-27.58,-27.45,0.0,5489410,5955353,5354049,-22.16,25.3,-14.1,P-V-,P-V+,P-V-,➡️ 中性,23,24,22,23.1,,,,,,,,,,,,,,,,,,,,,,,,,,,,24,23,23,,23,,,False,False
BBY,Consumer Discretionary,Best Buy,2026-09-03,87.49,6.7,23.59,46.13,30.64,1.0,4049980,3851150,4235403,14.67,-16.64,4.59,P+V+,P+V-,P+V+,➡️ 中性,3,6,1,3.5,6.53,4.32,False,True,83.75,14.33,0.863,False,91.27,91.27,-4.14,4.7,9.34,13.0,7.0,3836092.0,4447200.0,1.857,3363700.0,5168050.0,4466120.0,0.753,100.0,55.86,空頭,頭頭低·底底低,多轉空預警,1,1,19,4.6,2,,,False,True
ABNB,Consumer Discretionary,Airbnb,2026-09-03,185.25,4.03,38.67,39.01,30.18,1.0,5760250,4351344,4037787,58.33,16.84,-17.23,P+V+,P+V+,P+V-,🚀 健康多頭,5,3,3,4.0,9.48,-14.13,False,True,162.16,7.13,1.285,False,193.45,193.45,-4.24,0.46,22.16,12.0,8.0,6320500.0,4919875.0,1.5,4976200.0,4763110.0,4676740.0,1.064,100.0,61.01,擴散,頭頭高·底底低,,2,1,5,2.2,1,,,False,True
EXPE,Consumer Discretionary,Expedia Group,2026-09-03,303.14,-2.29,34.68,42.98,29.59,0.667,1408250,1574681,1736143,-14.02,-17.02,-20.91,P-V-,P+V-,P+V-,➡️ 中性,19,4,2,11.1,9.65,42.34,False,True,293.42,12.34,0.865,False,341.51,342.0,-11.23,-4.95,-0.98,11.0,9.0,1315890.0,1521133.0,1.222,1608400.0,1456090.0,1420506.0,1.132,80.91,45.98,多頭,頭頭高·底底高,,3,18,4,9.2,5,吃老本,,False,True
DASH,Consumer Discretionary,DoorDash,2026-09-03,222.0,2.65,43.61,25.84,24.49,1.0,4219160,4448766,4451524,11.19,-0.12,-6.84,P+V+,P+V-,P+V-,➡️ 中性,7,1,4,4.6,-2.43,15.4,False,True,202.93,8.56,1.025,False,285.5,285.5,-22.24,-4.26,4.1,14.0,6.0,4250250.0,4146616.0,2.333,3296200.0,3675400.0,4046740.0,0.815,100.0,54.83,多頭,頭頭高·底底高,空轉多預警,4,1,16,5.2,3,,,False,False
GPC,Consumer Discretionary,Genuine Parts Company,2026-09-03,136.56,1.47,41.55,18.43,19.97,1.0,1100485,1638487,1754064,-35.43,-12.36,42.16,P+V-,P+V-,P+V+,⚠️ 頂部背離,9,2,7,6.5,3.47,1.26,False,True,127.79,5.21,0.876,False,147.43,151.57,-7.37,0.67,3.64,11.0,9.0,1034554.0,1181066.0,1.222,947500.0,1078100.0,1077486.0,0.879,86.11,60.22,多頭,頭頭高·底底高,,5,11,13,9.0,4,吃老本,,False,True
CMG,Consumer Discretionary,Chipotle Mexican Grill,2026-09-03,37.57,14.58,30.72,2.4,12.52,1.0,15024985,18915170,17748953,-24.37,14.07,-12.78,P+V-,P+V+,P+V-,⚠️ 量能背離,1,5,19,5.8,3.96,1.4,False,True,34.78,9.35,1.233,False,42.94,42.94,-12.51,0.94,11.45,9.0,10.0,16572688.0,13440730.0,0.9,8867400.0,13320040.0,14336086.0,0.619,92.32,58.89,多頭,頭頭高·底底高,,6,6,24,9.6,7,,,False,True
AMZN,Consumer Discretionary,Amazon,2026-09-03,258.9,-5.68,3.55,24.24,11.59,0.667,32854895,48076709,46527137,-34.23,6.89,-1.24,P-V-,P+V+,P+V-,➡️ 中性,28,20,5,21.0,215.02,68.18,False,True,253.32,6.03,1.026,False,287.2,287.2,-9.85,1.03,-4.91,7.0,13.0,33411200.0,32555346.0,0.538,26891500.0,32504160.0,32899840.0,0.817,73.5,49.9,多頭,頭頭高·底底高,空轉多預警,7,20,15,13.8,13,吃老本,,False,True
CVNA,Consumer Discretionary,Carvana,2026-09-03,73.43,3.64,15.37,13.63,11.57,1.0,8275930,10085866,11600367,-18.76,-23.1,-39.27,P+V-,P+V-,P+V-,⚠️ 量能衰竭,6,11,11,8.5,10.09,11.71,False,True,68.6,10.38,1.082,False,97.38,97.38,-24.59,-0.89,7.45,11.0,9.0,8569263.0,7917411.0,1.222,5865200.0,7029830.0,8248600.0,0.711,91.39,54.42,多頭,頭頭高·底底高,空轉多預警,8,8,21,10.6,9,,,False,True
BKNG,Consumer Discretionary,Booking Holdings,2026-09-03,195.13,-9.0,18.72,17.27,11.07,0.667,4861385,6698972,7370436,-22.69,-16.7,-2.06,P-V-,P+V-,P+V-,➡️ 中性,34,8,8,21.0,4.49,5.67,False,True,193.93,11.08,1.024,False,225.81,227.72,-13.59,-3.67,-5.91,8.0,12.0,4931487.0,4814650.0,0.667,7376000.0,5054190.0,4942400.0,1.492,72.91,43.52,多頭,頭頭高·底底高,空頭確認,9,22,2,12.8,12,吃老本,,False,True
EBAY,Consumer Discretionary,eBay Inc.,2026-09-03,105.86,-5.18,-2.42,20.33,8.27,0.333,4258525,3898026,4777412,0.42,-31.09,-10.46,P-V+,P-V-,P+V-,➡️ 中性,26,27,6,22.3,6.24,5.03,False,False,109.12,8.54,1.131,False,118.62,119.31,-10.76,3.83,-3.59,9.0,11.0,4547400.0,4022172.0,0.818,3387700.0,3842540.0,4277153.0,0.792,81.43,49.38,收斂,頭頭低·底底高,空轉多預警,10,16,17,13.8,13,吃老本,,False,True
SBUX,Consumer Discretionary,Starbucks,2026-09-03,105.82,0.8,10.99,10.64,8.27,1.0,5565725,7182244,7509446,-30.03,-8.35,-21.78,P+V-,P+V-,P+V-,⚠️ 量能衰竭,12,14,14,13.0,30.79,14.51,False,True,105.0,5.02,0.972,False,109.88,110.51,-3.69,-1.34,1.21,10.0,10.0,5485760.0,5645690.0,1.0,4217700.0,5667750.0,5724100.0,0.737,82.19,49.68,收斂,頭頭低·底底高,多轉空預警 / 空轉多預警,10,15,20,14.0,15,,,False,True
GM,Consumer Discretionary,General Motors,2026-09-03,87.04,-0.41,6.99,12.67,7.98,0.667,5108335,7115944,7235206,-30.02,-3.24,-18.1,P-V-,P+V-,P+V-,➡️ 中性,15,17,12,15.0,12.0,40.19,False,True,82.96,5.11,1.028,False,91.66,91.85,-5.04,1.21,0.32,11.0,9.0,5172136.0,5030355.0,1.222,5215900.0,5992750.0,5435320.0,0.96,87.0,55.88,收斂,頭頭低·底底高,多轉空預警,12,10,9,10.6,9,,,False,True
GRMN,Consumer Discretionary,Garmin,2026-09-03,277.18,-10.84,17.01,9.53,6.31,0.667,829860,918300,860666,-24.59,14.35,-13.14,P-V-,P+V+,P+V-,➡️ 中性,39,10,16,25.7,22.52,13.14,False,True,271.68,10.67,0.763,False,314.28,314.28,-11.8,-4.38,-8.18,9.0,11.0,708600.0,929072.0,0.818,697600.0,896910.0,893053.0,0.781,68.96,41.54,多頭,頭頭高·底底高,空轉多預警,13,24,18,18.4,19,吃老本,,False,True
DRI,Consumer Discretionary,Darden Restaurants,2026-09-03,218.04,2.0,10.86,5.54,5.99,1.0,967920,1300116,1300885,-28.24,-0.12,-8.34,P+V-,P+V-,P+V-,⚠️ 量能衰竭,8,15,17,11.9,0.64,0.29,False,True,209.21,7.53,1.1,False,229.76,229.76,-5.1,3.27,3.37,12.0,8.0,1004416.0,913175.0,1.5,853900.0,898890.0,928226.0,0.92,95.08,53.05,多頭,頭頭高·底底高,空轉多預警,14,5,10,9.6,7,剛爆發,,False,True
ROST,Consumer Discretionary,Ross Stores,2026-09-03,231.67,-9.23,-0.21,14.99,5.13,0.333,2798650,2826366,2842906,30.79,-1.16,12.23,P-V+,P-V-,P+V+,⚠️ 中期出貨,35,25,10,27.0,36.74,17.42,False,False,234.2,8.29,1.027,False,257.0,257.0,-9.86,0.78,-8.9,8.0,12.0,2843737.0,2768591.0,0.667,1504600.0,2775480.0,3059666.0,0.492,72.95,43.2,多頭,頭頭高·底底高,空轉多預警,15,21,25,19.4,22,吃老本,,False,True
WSM,Consumer Discretionary,"Williams-Sonoma, Inc.",2026-09-03,222.76,-11.53,7.92,11.45,4.82,0.667,1107850,1100495,1187876,20.69,-13.7,2.64,P-V+,P+V-,P+V+,⚠️ 中期出貨,40,16,13,27.4,37.87,7.34,False,False,232.8,12.73,1.128,False,254.89,254.89,-12.61,-6.56,-9.77,8.0,12.0,1188550.0,1054050.0,0.667,1182400.0,1398950.0,1202233.0,0.984,71.24,35.99,多頭,頭頭高·底底高,,16,23,7,17.0,17,吃老本,,False,True
F,Consumer Discretionary,Ford Motor Company,2026-09-03,14.41,4.19,-7.28,10.15,4.3,0.667,40211535,49777463,55199381,-27.97,-17.89,-26.5,P+V-,P-V-,P+V-,⚠️ 量能背離,4,34,15,15.2,21.27,256.64,False,True,14.01,5.84,1.087,False,17.59,17.78,-18.08,3.3,5.63,11.0,9.0,41716045.0,38372688.0,1.222,40628400.0,43043410.0,41955066.0,0.968,92.05,56.12,收斂,頭頭低·底底高,,17,7,8,11.2,11,剛爆發,,False,True
MGM,Consumer Discretionary,MGM Resorts,2026-09-03,41.13,-7.51,-14.84,15.15,1.98,0.333,1898985,2732295,3971979,-25.4,-47.57,-16.29,P-V-,P-V-,P+V-,⚠️ 主升段結束,33,44,9,31.5,1.95,-7.83,False,False,45.07,8.72,0.918,False,51.59,51.59,-20.28,-4.28,-7.99,6.0,14.0,1787650.0,1946700.0,0.429,1660400.0,1879980.0,1847320.0,0.899,65.99,31.18,空頭,頭頭低·底底低,空頭確認,18,25,12,19.6,24,吃老本,,False,True
HAS,Consumer Discretionary,Hasbro,2026-09-03,93.0,0.19,11.37,-4.63,0.58,0.667,1432550,1963835,1912972,-41.99,5.46,5.97,P+V-,P+V+,P-V+,➡️ 中性,13,13,22,14.8,12.8,29.52,False,True,88.57,6.23,1.023,False,104.6,106.98,-11.09,-1.25,2.19,9.0,10.0,1458733.0,1425360.0,0.9,1381600.0,1364350.0,1341340.0,1.03,82.22,51.16,多頭,頭頭高·底底高,,19,14,6,14.4,16,,,False,True
HLT,Consumer Discretionary,Hilton Worldwide,2026-09-03,314.35,-0.98,-5.09,3.23,0.1,0.333,1830240,2101470,1912704,-17.06,21.9,7.51,P-V-,P-V+,P+V+,➡️ 中性,16,33,18,21.5,,,,,,,,,,,,,,,,,,,,,,,,,,,,20,26,26,,26,吃老本,,False,False
YUM,Consumer Discretionary,Yum! Brands,2026-09-03,152.54,1.18,2.76,-5.91,-1.97,0.667,2291525,2516627,2141134,-18.62,42.53,6.05,P+V-,P+V+,P-V+,➡️ 中性,10,22,23,16.2,3.71,7.95,False,False,153.24,5.52,1.378,False,170.14,170.14,-10.34,1.19,0.17,8.0,12.0,2742975.0,1990558.0,0.667,1539100.0,2065430.0,2268173.0,0.679,84.69,51.42,空頭,頭頭低·底底低,,21,12,23,17.8,18,剛爆發,,False,True
TSLA,Consumer Discretionary,"Tesla, Inc.",2026-09-03,376.37,14.54,-11.17,-6.68,-2.5,0.333,36680535,41746755,50973960,-6.16,-30.65,-34.65,P+V-,P-V-,P-V-,➡️ 中性,2,38,26,17.6,-39.15,17.15,False,True,358.37,11.63,1.286,False,498.83,498.83,-24.55,6.08,17.79,12.0,8.0,40265350.0,31303312.0,1.5,63601000.0,41539170.0,38824146.0,1.638,100.0,60.54,空頭,頭頭低·底底低,多頭確認,22,1,1,9.4,6,剛爆發,,False,False
MAR,Consumer Discretionary,Marriott International,2026-09-03,336.07,-4.85,-10.62,2.1,-2.81,0.333,1462980,1587952,1531667,-12.4,7.63,-1.5,P-V-,P-V+,P+V-,➡️ 中性,24,37,20,27.1,,,,,,,,,,,,,,,,,,,,,,,,,,,,23,26,26,,26,,,False,False
DPZ,Consumer Discretionary,Domino's,2026-09-03,347.03,-1.12,13.82,-12.56,-3.11,0.333,823330,932695,945819,-19.74,-2.74,38.28,P-V-,P+V-,P-V+,➡️ 中性,17,12,31,18.3,-2.38,-3.32,False,True,332.58,6.64,0.828,False,460.13,469.0,-24.58,4.51,-3.18,9.0,11.0,738922.0,892390.0,0.818,595000.0,962390.0,871193.0,0.683,76.66,53.12,收斂,頭頭低·底底高,多轉空預警,24,19,22,21.6,25,,,False,True
PHM,Consumer Discretionary,PulteGroup,2026-09-03,124.31,-6.46,6.28,-6.64,-3.37,0.333,1222715,1637884,1757566,-35.86,-12.75,-11.88,P-V-,P+V-,P-V-,➡️ 中性,31,18,25,25.9,,,,,,,,,,,,,,,,,,,,,,,,,,,,25,26,26,,26,,,False,False
DHI,Consumer Discretionary,D. R. Horton,2026-09-03,144.41,-4.41,0.24,-5.91,-4.0,0.333,1855705,2262164,2427599,-30.93,-12.76,-24.86,P-V-,P+V-,P-V-,➡️ 中性,22,23,23,22.5,,,,,,,,,,,,,,,,,,,,,,,,,,,,26,26,26,,26,,,False,False
ULTA,Consumer Discretionary,Ulta Beauty,2026-09-03,557.11,-1.42,18.23,-17.71,-4.65,0.333,727865,727390,753230,30.65,-6.63,15.19,P-V+,P+V-,P-V+,➡️ 中性,18,9,34,18.5,5.61,12.0,False,True,504.1,12.13,0.899,False,714.97,714.97,-22.08,3.15,3.4,10.0,10.0,688990.0,766740.0,1.0,665200.0,846790.0,771966.0,0.862,84.03,61.31,多頭,頭頭高·底底高,空轉多預警,27,13,14,18.8,20,剛爆發,,False,True
RL,Consumer Discretionary,Ralph Lauren Corporation,2026-09-03,344.2,-12.98,-4.0,-2.3,-5.39,0.0,605430,646847,653023,-0.51,-1.87,4.81,P-V-,P-V-,P-V+,😴 弱勢縮量,41,30,21,33.7,,,,,,,,,,,,,,,,,,,,,,,,,,,,28,26,26,,26,,,False,False
ORLY,Consumer Discretionary,O'Reilly Automotive,2026-09-03,87.38,-6.58,0.0,-8.05,-5.67,0.0,4653840,7369558,6545784,-41.09,28.79,19.9,P-V-,P-V+,P-V+,➡️ 中性,32,24,27,28.6,,,,,,,,,,,,,,,,,,,,,,,,,,,,29,26,26,,26,,,False,False
NVR,Consumer Discretionary,"NVR, Inc.",2026-09-03,6373.95,-0.25,4.16,-14.05,-6.05,0.333,32645,31721,28755,-6.95,23.0,23.73,P-V-,P+V+,P-V+,➡️ 中性,14,19,32,19.1,-6.69,-14.44,False,False,6426.91,3.62,0.885,False,8618.28,8618.28,-26.04,0.13,1.1,10.0,10.0,30650.0,34640.0,1.0,38100.0,33820.0,32460.0,1.174,81.2,51.03,多頭,頭頭高·底底高,,30,17,3,19.4,22,剛爆發,,False,True
HD,Consumer Discretionary,Home Depot (The),2026-09-03,318.07,-9.9,3.15,-12.36,-7.87,0.333,3710430,4233990,4351811,-2.47,-5.27,7.96,P-V-,P+V-,P-V+,➡️ 中性,37,21,30,30.8,,,,,,,,,,,,,,,,,,,,,,,,,,,,31,26,26,,26,,,False,False
WYNN,Consumer Discretionary,Wynn Resorts,2026-09-03,91.56,-10.49,-12.54,-11.04,-11.28,0.0,1506890,1530463,1586859,-3.81,-6.86,-2.74,P-V-,P-V-,P-V-,🧊 熊市縮量,38,41,29,37.1,,,,,,,,,,,,,,,,,,,,,,,,,,,,32,26,26,,26,剛爆發,,False,False
TSCO,Consumer Discretionary,Tractor Supply,2026-09-03,34.6,0.81,19.56,-32.82,-11.32,0.667,10352845,11458704,10620078,-3.6,17.15,84.29,P+V-,P+V+,P-V+,➡️ 中性,11,7,45,16.6,-15.89,-8.95,False,True,32.48,5.75,1.42,False,61.41,62.89,-43.66,-0.29,2.2,10.0,10.0,12148290.0,8557400.0,1.0,7253900.0,7928030.0,8036820.0,0.903,91.05,54.63,多頭,頭頭高·底底高,空轉多預警,33,9,11,19.0,21,剛爆發,,False,False
RCL,Consumer Discretionary,Royal Caribbean Group,2026-09-03,265.55,-17.02,-7.29,-10.8,-11.48,0.0,1616365,2218730,2524132,-32.24,-21.59,13.72,P-V-,P-V-,P-V+,😴 弱勢縮量,43,35,28,37.6,,,,,,,,,,,,,,,,,,,,,,,,,,,,34,26,26,,26,剛爆發,,False,False
MCD,Consumer Discretionary,McDonald's,2026-09-03,259.63,-4.74,-4.32,-20.94,-12.73,0.0,4221710,4601726,4092380,-9.12,28.43,28.32,P-V-,P-V+,P-V+,➡️ 中性,23,31,38,28.4,,,,,,,,,,,,,,,,,,,,,,,,,,,,35,26,26,,26,剛爆發,,False,False
LOW,Consumer Discretionary,Lowe's,2026-09-03,201.9,-9.6,-2.17,-20.63,-13.26,0.0,3066660,3063895,2903180,-3.19,11.72,1.18,P-V-,P-V+,P-V+,➡️ 中性,36,26,37,33.2,,,,,,,,,,,,,,,,,,,,,,,,,,,,36,26,26,,26,剛爆發,,False,False
LVS,Consumer Discretionary,Las Vegas Sands,2026-09-03,44.51,-2.75,-11.93,-20.06,-13.7,0.0,4440695,4809927,4513237,-22.52,14.07,-20.0,P-V-,P-V+,P-V-,➡️ 中性,20,39,36,28.9,,,,,,,,,,,,,,,,,,,,,,,,,,,,37,26,26,,26,剛爆發,,False,False
LEN,Consumer Discretionary,Lennar,2026-09-03,84.45,-4.23,-5.04,-22.79,-13.71,0.0,2308210,2594029,2780392,-4.77,-12.56,-39.13,P-V-,P-V-,P-V-,🧊 熊市縮量,21,32,40,28.1,,,,,,,,,,,,,,,,,,,,,,,,,,,,38,26,26,,26,剛爆發,,False,False
AZO,Consumer Discretionary,AutoZone,2026-09-03,2968.04,-5.09,-3.06,-23.55,-13.81,0.0,255645,322323,274361,64.9,42.37,87.6,P-V+,P-V+,P-V+,📉 主力出貨,25,28,41,29.1,,,,,,,,,,,,,,,,,,,,,,,,,,,,39,26,26,,26,剛爆發,,False,False
TJX,Consumer Discretionary,TJX Companies,2026-09-03,132.19,-17.82,-16.02,-16.82,-16.87,0.0,7319100,6211378,5618036,44.54,23.62,8.53,P-V+,P-V+,P-V+,📉 主力出貨,44,45,33,42.1,,,,,,,,,,,,,,,,,,,,,,,,,,,,40,26,26,,26,剛爆發,,False,False
CCL,Consumer Discretionary,Carnival Corporation,2026-09-03,23.48,-19.01,-13.13,-18.51,-17.29,0.0,18295550,20839890,25141453,-1.19,-29.22,19.3,P-V-,P-V-,P-V+,😴 弱勢縮量,45,42,35,42.1,,,,,,,,,,,,,,,,,,,,,,,,,,,,41,26,26,,26,剛爆發,,False,False
LULU,Consumer Discretionary,Lululemon Athletica,2026-09-03,121.77,-5.3,-3.38,-30.88,-17.61,0.0,4303030,3772395,3423842,77.77,22.67,-20.96,P-V+,P-V+,P-V-,➡️ 中性,27,29,44,31.0,,,,,,,,,,,,,,,,,,,,,,,,,,,,42,26,26,,26,剛爆發,,False,False
TPR,Consumer Discretionary,"Tapestry, Inc.",2026-09-03,122.14,-24.49,-11.93,-21.19,-19.7,0.0,3848715,2948506,2537066,82.68,38.71,-14.42,P-V+,P-V+,P-V-,➡️ 中性,47,39,39,43.0,,,,,,,,,,,,,,,,,,,,,,,,,,,,43,26,26,,26,剛爆發,,False,False
DECK,Consumer Discretionary,Deckers Brands,2026-09-03,84.5,-13.3,-21.29,-26.21,-21.75,0.0,2594645,2332493,2200826,10.59,12.73,-34.57,P-V+,P-V+,P-V-,➡️ 中性,42,46,42,43.2,,,,,,,,,,,,,,,,,,,,,,,,,,,,44,26,26,,26,剛爆發,,False,False
NKE,Consumer Discretionary,"Nike, Inc.",2026-09-03,38.77,-6.04,-10.57,-35.2,-21.75,0.0,27849810,24716350,23626766,51.39,9.67,44.59,P-V+,P-V+,P-V+,📉 主力出貨,29,36,46,34.5,,,,,,,,,,,,,,,,,,,,,,,,,,,,44,26,26,,26,剛爆發,,False,False
NCLH,Consumer Discretionary,Norwegian Cruise Line Holdings,2026-09-03,15.59,-19.01,-14.1,-29.71,-23.14,0.0,13872690,16195084,19755770,-4.52,-30.54,11.98,P-V-,P-V-,P-V+,😴 弱勢縮量,45,43,43,44.0,,,,,,,,,,,,,,,,,,,,,,,,,,,,46,26,26,,26,剛爆發,,False,False
APTV,Consumer Discretionary,Aptiv,2026-09-03,46.53,-6.09,-39.43,-35.79,-29.28,0.0,4811215,3883718,3545016,32.99,21.13,62.08,P-V+,P-V+,P-V+,📉 主力出貨,30,47,47,38.5,,,,,,,,,,,,,,,,,,,,,,,,,,,,47,26,26,,26,剛爆發,,False,False
TGT,Consumer Staples,Target Corporation,2026-09-03,164.01,10.4,32.43,47.42,34.41,1.0,4877880,4412160,5102696,38.95,-23.84,-30.77,P+V+,P+V-,P+V-,➡️ 中性,4,1,1,2.5,75.83,17.31,False,True,145.84,6.43,1.018,False,170.75,170.75,-3.95,-1.16,12.37,13.0,7.0,4907861.0,4822200.0,1.857,1986800.0,4597660.0,5135346.0,0.387,100.0,63.1,多頭,頭頭高·底底高,,1,1,25,5.8,3,,,False,True
SJM,Consumer Staples,J.M. Smucker Company (The),2026-09-03,128.51,7.95,28.09,14.37,16.19,1.0,1306935,1529147,1717940,-8.54,-19.8,-11.66,P+V-,P+V-,P+V-,⚠️ 量能衰竭,6,2,3,4.2,46.18,5.01,False,True,118.45,10.23,1.086,False,135.89,135.89,-5.43,-2.53,9.19,14.0,6.0,1338571.0,1233116.0,2.333,1209400.0,1627710.0,1417140.0,0.853,100.0,60.76,多頭,頭頭高·底底高,,2,1,16,4.4,2,,,False,True
ADM,Consumer Staples,Archer Daniels Midland,2026-09-03,84.38,10.87,0.96,22.79,14.35,1.0,3583375,3642695,3828213,-5.69,-9.24,8.64,P+V-,P+V-,P+V+,⚠️ 頂部背離,3,22,2,8.5,28.02,7.8,False,True,80.42,12.59,0.95,False,87.9,88.46,-4.01,6.68,9.55,11.0,9.0,3500881.0,3684200.0,1.222,2604000.0,3608710.0,3468933.0,0.751,93.37,60.22,收斂,頭頭低·底底高,多轉空預警 / 多頭確認,3,8,18,8.0,4,,,False,True
KDP,Consumer Staples,Keurig Dr Pepper,2026-09-03,32.88,9.56,8.39,11.47,10.22,1.0,10371955,13564650,12211386,-15.86,24.93,-26.94,P+V-,P+V+,P+V-,⚠️ 量能背離,5,14,5,7.7,6.18,4.25,False,True,31.28,4.88,0.94,False,33.82,33.82,-2.78,3.14,8.26,13.0,7.0,10146753.0,10790185.0,1.857,9758800.0,8374580.0,9241166.0,1.056,100.0,62.04,空頭,頭頭低·底底低,多頭確認,4,1,9,3.8,1,,,False,True
EL,Consumer Staples,Estée Lauder Companies (The),2026-09-03,100.86,14.55,23.34,1.4,10.17,1.0,3877915,3222010,3867341,85.89,-28.6,5.81,P+V+,P+V-,P+V+,➡️ 中性,1,5,14,4.8,22.12,40.2,False,True,87.78,12.1,1.629,False,120.38,121.64,-16.22,-4.71,18.38,9.0,11.0,4923633.0,3022327.0,0.818,2127400.0,3687760.0,4261893.0,0.499,99.92,63.09,多頭,頭頭高·底底高,,5,4,24,8.4,5,,,False,True
KO,Consumer Staples,Coca-Cola Company (The),2026-09-03,88.81,2.02,13.49,12.19,9.97,1.0,14102710,17539204,16338084,-19.36,15.87,-5.85,P+V-,P+V+,P+V-,⚠️ 量能背離,10,11,4,9.1,4.05,5.88,False,True,85.91,5.31,0.863,False,92.49,92.49,-3.98,-0.28,2.26,12.0,8.0,13262791.0,15362587.0,1.5,13763000.0,15364200.0,14554080.0,0.946,88.85,53.96,多頭,頭頭高·底底高,,6,10,12,8.8,7,,,False,True
DLTR,Consumer Staples,Dollar Tree,2026-09-03,131.04,0.11,16.48,9.31,8.8,1.0,2317790,2818410,3282146,-4.5,-24.76,-16.05,P+V-,P+V-,P+V-,⚠️ 量能衰竭,15,6,7,10.7,136.13,12.89,False,True,127.04,14.46,0.684,False,142.4,142.4,-7.98,3.18,1.05,11.0,9.0,1918372.0,2805966.0,1.222,1672500.0,2697630.0,2488906.0,0.672,82.2,53.53,多頭,頭頭高·底底高,,7,17,19,13.4,11,吃老本,,False,True
KHC,Consumer Staples,Kraft Heinz,2026-09-03,25.02,0.39,13.71,7.36,7.21,1.0,14907630,14469833,14866750,2.88,-5.2,-5.63,P+V+,P+V-,P+V-,➡️ 中性,14,10,9,11.8,5.6,15.38,False,True,25.0,8.57,0.791,False,27.65,28.09,-9.51,1.15,1.84,11.0,9.0,13321900.0,16845744.0,1.222,24252900.0,17179620.0,15034913.0,1.613,83.74,49.63,擴散,頭頭高·底底低,,8,15,1,9.4,8,吃老本,,False,True
KVUE,Consumer Staples,Kenvue,2026-09-03,18.95,-0.36,13.85,2.66,4.7,0.667,19384065,20668600,20753312,-9.19,-0.81,-50.25,P-V-,P+V-,P+V-,➡️ 中性,16,9,13,13.3,-2.82,23.03,False,False,19.04,4.45,0.961,False,19.99,20.95,-5.19,-1.3,-0.1,8.0,11.0,19403350.0,20190254.0,0.727,18570000.0,18920720.0,20463660.0,0.907,77.15,48.58,收斂,頭頭低·底底高,,9,21,15,15.0,14,吃老本,,False,False
KMB,Consumer Staples,Kimberly-Clark,2026-09-03,106.67,-1.58,15.48,0.95,3.95,0.667,2890340,4021426,4393311,-27.36,-15.61,-12.22,P-V-,P+V-,P+V-,➡️ 中性,18,7,15,14.1,5.68,2.24,False,False,108.49,5.14,0.876,False,125.12,131.53,-14.75,-1.85,-0.65,8.0,12.0,2663362.0,3041658.0,0.667,3193900.0,3257670.0,3051113.0,1.047,74.19,46.54,空頭,頭頭低·底底低,,10,22,10,14.8,12,吃老本,,False,True
MNST,Consumer Staples,Monster Beverage,2026-09-03,44.08,-2.43,-0.99,8.76,3.52,0.333,10056225,11194364,11004419,-10.87,3.51,-2.53,P-V-,P-V+,P+V-,➡️ 中性,22,25,8,20.1,1.84,10.16,False,False,47.48,11.3,1.094,False,50.17,50.17,-12.14,-5.61,-6.37,10.0,10.0,10508530.0,9603920.0,1.0,8943500.0,8911090.0,9612580.0,0.93,78.08,34.63,空頭,頭頭低·底底低,空頭確認,11,20,13,15.0,14,吃老本,,False,True
PM,Consumer Staples,Philip Morris International,2026-09-03,186.17,-1.79,6.69,3.03,2.74,0.667,4180125,4904880,4922943,-21.25,-0.73,-18.72,P-V-,P+V-,P+V-,➡️ 中性,19,17,12,17.0,7.31,7.07,False,False,187.86,6.27,1.105,False,207.76,207.76,-10.39,-2.26,-1.0,12.0,8.0,4344650.0,3933337.0,1.5,2758300.0,3770990.0,4358160.0,0.633,90.33,45.53,收斂,頭頭低·底底高,多轉空預警,12,9,21,12.6,10,,,False,True
MO,Consumer Staples,Altria,2026-09-03,69.49,1.67,0.33,4.4,2.7,1.0,9049180,8608689,8994914,3.28,-8.23,-0.54,P+V+,P+V-,P+V-,➡️ 中性,11,23,10,14.4,-1.17,5.92,False,False,69.91,6.95,1.016,False,77.06,77.06,-9.82,2.69,2.57,10.0,10.0,9121960.0,8976400.0,1.0,5305200.0,7872780.0,8767673.0,0.605,85.4,54.65,擴散,頭頭高·底底低,,13,13,23,15.0,14,,,False,False
GIS,Consumer Staples,General Mills,2026-09-03,39.26,6.42,24.15,-9.99,2.65,0.667,8312525,9900492,9718508,-11.95,3.82,41.46,P+V-,P+V+,P-V+,➡️ 中性,7,4,23,9.3,19.21,-12.14,False,True,37.62,8.87,0.873,False,48.32,51.33,-18.76,-2.92,8.84,13.0,7.0,7910492.0,9059157.0,1.857,12924100.0,8667610.0,8368666.0,1.544,97.28,51.41,空頭,頭頭低·底底低,多轉空預警 / 多頭確認,14,6,2,8.4,5,剛爆發,,False,True
CASY,Consumer Staples,Casey's,2026-09-03,758.42,-9.06,-1.96,10.55,2.52,0.333,317155,455003,524828,2.2,-23.48,53.29,P-V+,P-V-,P+V+,⚠️ 中期出貨,31,26,6,24.5,32.11,16.87,True,False,826.98,15.24,0.987,False,927.15,927.85,-18.2,-0.65,-8.89,9.0,11.0,314822.0,319063.0,0.818,374300.0,353700.0,330493.0,1.133,73.95,35.89,收斂,頭頭低·底底高,空頭確認,15,24,4,16.4,19,吃老本,,False,True
BF-B,Consumer Staples,Brown–Forman,2026-09-03,27.51,-2.72,13.03,-2.1,1.53,0.333,2032625,2589664,4013783,-16.69,-52.38,-8.53,P-V-,P+V-,P-V-,➡️ 中性,23,12,17,18.5,3.1,-62.65,False,True,27.02,11.12,1.225,False,30.85,31.92,-10.82,1.7,-1.86,8.0,12.0,2284725.0,1864558.0,0.667,2400200.0,2278360.0,2193113.0,1.094,81.01,51.36,收斂,頭頭低·底底高,多轉空預警,16,18,7,15.0,14,,,False,True
MDLZ,Consumer Staples,Mondelez International,2026-09-03,61.45,-1.85,1.07,3.41,1.51,0.667,6750995,8886327,8824170,-31.42,1.42,-9.04,P-V-,P+V+,P+V-,➡️ 中性,20,21,11,18.5,7.4,10.22,False,False,61.49,7.28,0.885,False,66.65,66.65,-7.8,-1.57,-2.07,10.0,10.0,6340370.0,7161620.0,1.0,7653700.0,7322940.0,6901113.0,1.109,78.62,44.68,收斂,頭頭低·底底高,多轉空預警 / 空轉多預警,17,19,6,15.6,18,,🎯 潛在暴漲,False,True
BG,Consumer Staples,Bunge Global,2026-09-03,120.12,11.53,-8.02,0.82,1.29,0.667,1353110,1538789,1656141,-1.39,-13.23,-2.41,P+V-,P-V-,P+V-,⚠️ 量能背離,2,33,16,14.1,2.89,109.39,False,True,112.97,14.99,0.952,False,134.02,134.87,-10.37,7.66,10.9,12.0,8.0,1326558.0,1392937.0,1.5,1621500.0,1744630.0,1457746.0,1.112,98.77,60.13,收斂,頭頭低·底底高,空轉多預警 / 多頭確認,18,5,5,10.2,9,剛爆發,,False,True
DG,Consumer Staples,Dollar General,2026-09-03,131.26,3.69,25.54,-13.15,0.73,0.667,2565715,2669181,3161170,13.37,-26.93,-4.38,P+V+,P+V-,P-V-,✨ 反彈初期,9,3,25,10.4,23.53,6.22,False,True,122.42,10.84,1.245,False,156.68,158.23,-16.23,4.27,2.99,11.0,9.0,2814709.0,2261388.0,1.222,1726000.0,3094660.0,2737953.0,0.63,93.62,62.67,多頭,頭頭高·底底高,多頭確認,19,7,22,14.8,12,剛爆發,🎯 潛在暴漲,False,True
CHD,Consumer Staples,Church & Dwight,2026-09-03,98.59,-4.21,6.46,-4.56,-1.72,0.333,1672075,1878436,1964176,-11.64,-8.37,-15.9,P-V-,P+V-,P-V-,➡️ 中性,28,18,18,23.0,,,,,,,,,,,,,,,,,,,,,,,,,,,,20,26,26,,26,吃老本,,False,False
CL,Consumer Staples,Colgate-Palmolive,2026-09-03,90.09,-3.41,6.76,-6.3,-2.31,0.333,3955295,4800627,5312268,-16.35,-17.57,-17.67,P-V-,P+V-,P-V-,➡️ 中性,26,16,19,21.6,,,,,,,,,,,,,,,,,,,,,,,,,,,,21,26,26,,26,,,False,False
PG,Consumer Staples,Procter & Gamble,2026-09-03,146.92,0.78,5.58,-8.79,-2.81,0.667,8961365,9019056,9279086,6.01,-5.45,-1.98,P+V+,P+V-,P-V-,✨ 反彈初期,12,20,21,16.2,1.55,2.22,False,True,146.32,4.28,1.023,False,164.77,167.25,-10.83,2.64,-0.03,11.0,9.0,9051881.0,8850733.0,1.222,6105800.0,8204650.0,9443486.0,0.647,87.27,54.44,收斂,頭頭低·底底高,空轉多預警 / 多頭確認,22,11,20,17.2,20,剛爆發,🎯 潛在暴漲,True,True
SYY,Consumer Staples,Sysco,2026-09-03,81.08,-3.81,8.48,-9.12,-3.39,0.333,2464630,3237544,3958510,-29.71,-30.81,18.82,P-V-,P+V-,P-V+,➡️ 中性,27,13,22,21.8,1.24,-0.39,False,False,83.06,5.71,1.082,False,90.56,91.85,-10.47,-1.66,-3.88,7.0,13.0,2592085.0,2396000.0,0.538,2383900.0,2134100.0,2221713.0,1.073,74.02,40.96,收斂,頭頭低·底底高,空頭確認,23,23,8,20.0,24,,,False,True
COST,Consumer Staples,Costco,2026-09-03,925.41,-2.36,-3.63,-7.43,-5.22,0.0,1743370,2186213,2080729,-17.27,10.68,-17.8,P-V-,P-V+,P-V-,➡️ 中性,21,27,20,22.6,,,,,,,,,,,,,,,,,,,,,,,,,,,,24,26,26,,26,,,False,False
TAP,Consumer Staples,Molson Coors Beverage Company,2026-09-03,40.57,-5.37,6.27,-13.64,-6.59,0.333,2491275,3040241,3079067,-20.09,-2.49,2.38,P-V-,P+V-,P-V+,➡️ 中性,30,19,26,25.9,,,,,,,,,,,,,,,,,,,,,,,,,,,,25,26,26,,26,,,False,False
KR,Consumer Staples,Kroger,2026-09-03,58.51,3.85,-3.79,-14.23,-7.1,0.333,5850010,7554232,6864476,-15.71,22.34,0.37,P+V-,P-V+,P-V+,➡️ 中性,8,29,28,18.3,-0.83,6.47,True,True,57.41,4.68,0.988,False,75.66,76.58,-22.67,2.78,2.78,10.0,10.0,5813940.0,5886080.0,1.0,5262700.0,5516390.0,5778526.0,0.911,85.06,55.63,收斂,頭頭低·底底高,,26,14,14,18.8,23,剛爆發,,False,False
PEP,Consumer Staples,PepsiCo,2026-09-03,138.54,0.72,-0.73,-14.66,-7.33,0.333,6498745,8439375,7464200,-19.58,30.06,-6.43,P+V-,P-V+,P-V-,➡️ 中性,13,24,29,19.5,-0.37,3.75,False,True,138.21,5.18,0.805,False,166.41,171.48,-16.75,0.21,1.14,11.0,9.0,5860672.0,7278611.0,1.222,10320000.0,7256170.0,6787586.0,1.52,83.19,48.44,多頭,頭頭高·底底高,空轉多預警,27,16,3,17.8,21,剛爆發,,False,False
MKC,Consumer Staples,McCormick & Company,2026-09-03,52.58,-0.72,14.62,-23.42,-8.24,0.333,2331005,3703133,3959263,-31.34,-12.15,28.89,P-V-,P+V-,P-V+,➡️ 中性,17,8,32,17.3,14.8,10.66,False,False,52.72,7.75,0.904,False,71.13,72.41,-26.07,-3.59,0.57,12.0,8.0,2235658.0,2474025.0,1.5,2430000.0,2378130.0,2459713.0,0.988,87.22,44.4,擴散,頭頭高·底底低,,28,12,11,18.2,22,剛爆發,,False,True
WMT,Consumer Staples,Walmart,2026-09-03,108.42,-2.83,-7.02,-14.15,-9.54,0.0,27841395,24711383,22291320,29.28,24.36,-5.94,P-V+,P-V+,P-V-,➡️ 中性,24,32,27,27.0,,,,,,,,,,,,,,,,,,,,,,,,,,,,29,26,26,,26,,,False,False
HRL,Consumer Staples,Hormel Foods,2026-09-03,21.68,-13.35,-5.15,-10.35,-9.8,0.0,5355720,4436133,4896810,53.91,-17.2,-0.41,P-V+,P-V-,P-V-,➡️ 中性,34,31,24,31.1,,,,,,,,,,,,,,,,,,,,,,,,,,,,30,26,26,,26,,,False,False
STZ,Consumer Staples,Constellation Brands,2026-09-03,129.09,-4.91,-3.91,-16.34,-10.38,0.0,1762185,2116518,2058069,-8.81,5.85,-23.86,P-V-,P-V+,P-V-,➡️ 中性,29,30,30,29.5,,,,,,,,,,,,,,,,,,,,,,,,,,,,31,26,26,,26,,,False,False
CLX,Consumer Staples,Clorox,2026-09-03,94.29,-9.28,7.75,-23.83,-12.3,0.333,2872545,2651247,2699078,7.98,-3.48,27.09,P-V+,P+V-,P-V+,➡️ 中性,32,15,33,27.1,0.86,6.16,False,False,99.15,16.01,0.872,False,125.83,128.9,-25.06,-9.01,-9.67,8.0,12.0,2640362.0,3027333.0,0.667,2331700.0,3225850.0,2895940.0,0.805,65.86,32.47,多頭,頭頭高·底底高,,32,25,17,26.2,25,剛爆發,,False,True
TSN,Consumer Staples,Tyson Foods,2026-09-03,51.76,-9.99,-8.49,-18.19,-13.72,0.0,2904230,3344193,3124140,-9.87,15.15,5.29,P-V-,P-V+,P-V+,➡️ 中性,33,34,31,32.9,,,,,,,,,,,,,,,,,,,,,,,,,,,,33,26,26,,26,剛爆發,,False,False
HSY,Consumer Staples,Hershey Company (The),2026-09-03,175.06,-3.24,-3.69,-24.56,-14.02,0.0,1126150,1789270,1831257,-34.32,-4.48,5.33,P-V-,P-V-,P-V+,😴 弱勢縮量,25,28,34,27.7,,,,,,,,,,,,,,,,,,,,,,,,,,,,34,26,26,,26,剛爆發,,False,False
MPC,Energy,Marathon Petroleum,2026-09-03,387.71,30.37,45.49,86.0,61.96,1.0,2574185,2372669,2479716,22.27,-8.28,17.85,P+V+,P+V-,P+V+,➡️ 中性,1,1,1,1.0,27.08,120.63,False,True,318.64,13.73,1.098,False,398.52,398.52,-2.71,6.65,29.92,15.0,5.0,2633060.0,2397560.0,3.0,2135500.0,2417160.0,2448753.0,0.872,100.0,77.86,多頭,頭頭高·底底高,多頭確認,1,1,9,2.6,2,,,False,True
VLO,Energy,Valero Energy,2026-09-03,370.69,24.26,42.33,73.98,53.64,1.0,2395495,2831595,3282356,-15.04,-24.15,13.43,P+V-,P+V-,P+V+,⚠️ 頂部背離,3,2,2,2.5,23.84,33.47,False,True,312.14,11.33,1.091,False,375.11,375.11,-1.18,6.95,22.34,13.0,7.0,2467369.0,2262014.0,1.857,2525800.0,2328000.0,2246206.0,1.124,100.0,75.26,空頭,頭頭低·底底低,多轉空預警 / 多頭確認,2,1,1,1.4,1,,,False,True
PSX,Energy,Phillips 66,2026-09-03,254.66,25.55,38.62,60.99,46.54,1.0,2810920,2711492,2895386,9.06,-11.94,17.63,P+V+,P+V-,P+V+,➡️ 中性,2,3,3,2.5,25.45,225.68,False,True,211.85,11.04,1.086,False,260.68,260.68,-2.31,6.19,24.57,13.0,7.0,2891276.0,2661685.0,1.857,2717700.0,2665550.0,2823100.0,0.963,100.0,74.81,多頭,頭頭高·底底高,空轉多預警 / 多頭確認,3,1,6,2.8,3,,,False,True
APA,Energy,APA Corporation,2026-09-03,44.18,17.41,16.07,41.33,29.04,1.0,5312385,5508801,6885614,-2.32,-33.33,2.05,P+V-,P+V-,P+V+,⚠️ 頂部背離,5,4,4,4.5,1.01,20.9,False,True,37.56,10.86,0.95,False,45.13,45.66,-2.11,4.25,20.94,13.0,7.0,5216400.0,5490642.0,1.857,3618700.0,4657520.0,5093413.0,0.71,100.0,65.51,多頭,頭頭高·底底高,,4,1,16,5.2,4,,,False,True
TRGP,Energy,Targa Resources,2026-09-03,293.54,14.28,12.27,23.7,18.49,1.0,1253195,1238012,1309718,6.53,-10.38,-10.87,P+V+,P+V-,P+V-,➡️ 中性,7,7,5,6.6,14.25,7.4,False,True,276.79,8.18,1.086,False,307.94,307.94,-4.68,1.59,9.44,10.0,10.0,1304760.0,1201630.0,1.0,843000.0,1204180.0,1346346.0,0.626,90.3,57.92,多頭,頭頭高·底底高,,5,15,19,11.8,14,吃老本,,False,True
COP,Energy,ConocoPhillips,2026-09-03,135.72,16.17,14.76,16.41,15.94,1.0,6689605,7053315,8247848,4.91,-25.3,13.42,P+V+,P+V-,P+V+,➡️ 中性,6,5,6,5.7,10.82,11.52,False,True,119.07,7.07,1.041,False,137.42,137.42,-1.24,4.79,17.01,13.0,7.0,6783269.0,6515657.0,1.857,4985200.0,6429150.0,6628306.0,0.752,100.0,67.1,多頭,頭頭高·底底高,,6,1,14,5.6,7,,,False,True
CVX,Energy,Chevron Corporation,2026-09-03,211.32,14.26,12.36,13.46,13.38,1.0,7875000,8409364,10298997,4.96,-31.01,14.25,P+V+,P+V-,P+V+,➡️ 中性,8,6,10,7.8,8.84,45.56,False,True,189.2,7.5,1.136,False,213.2,214.71,-0.88,5.78,12.65,13.0,7.0,8220361.0,7233614.0,1.857,6668200.0,7654860.0,7827266.0,0.852,100.0,71.15,多頭,頭頭高·底底高,多頭確認,7,1,10,5.2,4,剛爆發,,False,True
OKE,Energy,Oneok,2026-09-03,95.75,10.8,11.69,13.86,12.55,1.0,3346215,3663096,4149712,-13.18,-20.99,-1.63,P+V-,P+V-,P+V-,⚠️ 量能衰竭,11,8,9,9.7,5.64,-5.66,False,True,91.01,9.22,1.193,False,99.85,99.85,-4.11,1.09,8.89,11.0,9.0,3608745.0,3025344.0,1.222,2393800.0,3325340.0,3390153.0,0.706,94.98,59.79,多頭,頭頭高·底底高,空轉多預警,8,12,17,11.4,13,,,False,True
EOG,Energy,EOG Resources,2026-09-03,145.96,8.33,3.92,15.18,10.65,1.0,2783685,3345572,3947237,-8.91,-26.45,-3.67,P+V-,P+V-,P+V-,⚠️ 量能衰竭,14,13,8,12.5,2.1,6.22,False,True,141.0,7.26,1.028,False,153.67,153.67,-5.02,1.01,7.17,11.0,9.0,2817827.0,2741955.0,1.222,2911600.0,2990010.0,2727600.0,1.067,91.02,51.94,多頭,頭頭高·底底高,,9,14,3,9.8,11,,,False,True
SLB,Energy,Schlumberger,2026-09-03,57.41,14.21,1.51,13.15,10.5,1.0,11550955,13664481,15113196,-8.99,-17.49,-12.22,P+V-,P+V-,P+V-,⚠️ 量能衰竭,9,17,11,11.8,6.3,1.13,False,True,50.34,15.13,1.306,False,60.15,60.46,-4.55,4.9,11.97,12.0,7.0,12822783.0,9814914.0,1.714,9157500.0,15033260.0,12507206.0,0.732,100.0,62.57,多頭,頭頭高·底底高,多頭確認,10,1,15,7.4,8,剛爆發,,False,True
DVN,Energy,Devon Energy,2026-09-03,48.79,13.52,6.4,9.89,9.92,1.0,10222360,12146241,14004913,2.49,-23.43,61.67,P+V+,P+V-,P+V+,➡️ 中性,10,11,13,10.9,11.26,-4.91,False,True,44.7,7.36,1.298,False,52.34,52.71,-6.78,3.54,13.18,11.0,9.0,11398518.0,8784833.0,1.222,11100500.0,8799350.0,10330880.0,1.074,100.0,62.23,多頭,頭頭高·底底高,,11,1,2,5.2,4,剛爆發,,False,True
OXY,Energy,Occidental Petroleum,2026-09-03,60.61,8.41,2.1,12.86,9.05,1.0,7165940,8765696,12670930,-18.39,-47.12,19.69,P+V-,P+V-,P+V+,⚠️ 頂部背離,13,15,12,13.4,28.99,80.35,False,True,55.94,7.07,1.15,False,67.14,67.45,-9.73,2.43,8.15,11.0,9.0,7611845.0,6620944.0,1.222,5776800.0,6416410.0,6818933.0,0.847,94.32,60.11,多頭,頭頭高·底底高,,12,13,11,12.2,15,,,False,True
FANG,Energy,Diamondback Energy,2026-09-03,202.94,8.52,-3.1,15.34,9.02,0.667,1752515,2211300,2686583,-10.97,-30.06,39.74,P+V-,P-V-,P+V+,⚠️ 頂部背離,12,19,7,13.1,8.32,12.78,False,True,194.11,8.06,1.109,False,216.9,216.9,-6.44,1.21,7.61,10.0,10.0,1843370.0,1661660.0,1.0,1735300.0,1999990.0,1873646.0,0.926,89.46,53.89,多頭,頭頭高·底底高,,13,16,7,13.0,16,,,False,True
XOM,Energy,ExxonMobil,2026-09-03,162.21,6.68,7.03,6.58,6.72,1.0,14158325,15508536,18138236,-0.18,-25.32,8.51,P+V-,P+V-,P+V+,⚠️ 頂部背離,18,10,14,14.8,13.26,15.14,False,True,151.83,7.86,1.044,False,174.09,176.41,-6.83,3.69,5.44,9.0,11.0,14494333.0,13883409.0,0.818,13755100.0,13794890.0,13829526.0,0.995,85.28,57.15,多頭,頭頭高·底底高,空轉多預警,14,18,4,13.6,17,,,False,True
HAL,Energy,Halliburton,2026-09-03,37.29,17.48,-8.69,5.1,4.75,0.667,10457450,11816633,13239377,-16.37,-19.41,4.5,P+V-,P-V-,P+V+,⚠️ 頂部背離,4,20,15,11.0,2.28,10.42,False,True,33.89,14.51,1.162,False,43.2,43.59,-13.69,5.56,15.24,11.0,9.0,11159381.0,9599533.0,1.222,10104000.0,11963860.0,11207820.0,0.902,100.0,65.32,收斂,頭頭低·底底高,空轉多預警 / 多頭確認,15,1,8,8.0,9,剛爆發,,False,True
WMB,Energy,Williams Companies,2026-09-03,74.05,5.18,4.1,-1.48,1.58,0.667,6779065,7124520,6764259,-2.72,11.25,-5.73,P+V-,P+V+,P-V-,➡️ 中性,19,12,17,16.5,0.25,16.43,False,True,73.44,9.15,1.139,False,79.49,80.08,-6.85,-0.19,3.19,10.0,10.0,7219920.0,6338210.0,1.0,6426700.0,8336350.0,7614366.0,0.844,86.77,52.74,收斂,頭頭低·底底高,空轉多預警,16,17,12,15.6,18,,🎯 潛在暴漲,True,True
EXE,Energy,Expand Energy,2026-09-03,99.05,7.33,9.42,-7.09,0.64,0.667,2468265,3491581,3502002,-36.58,-0.59,1.29,P+V-,P+V-,P-V+,➡️ 中性,17,9,19,15.0,19.09,5.37,False,True,92.28,5.83,1.263,False,124.43,126.62,-20.4,1.07,8.36,13.0,6.0,2663776.0,2108516.0,2.167,1700100.0,2562010.0,2476180.0,0.687,100.0,63.48,多頭,頭頭高·底底高,空轉多預警 / 多頭確認,17,1,18,10.8,12,剛爆發,,False,True
BKR,Energy,Baker Hughes,2026-09-03,63.64,3.4,-0.62,-1.14,0.12,0.333,6289070,8190926,8723812,-30.04,-11.51,12.96,P+V-,P-V-,P-V+,➡️ 中性,20,18,16,18.6,,,,,,,,,,,,,,,,,,,,,,,,,,,,18,20,20,,20,,,False,False
KMI,Energy,Kinder Morgan,2026-09-03,31.6,2.43,1.67,-5.02,-1.48,0.667,10443820,10152984,11279393,4.64,-18.16,-17.15,P+V+,P+V-,P-V-,✨ 反彈初期,21,16,18,18.9,,,,,,,,,,,,,,,,,,,,,,,,,,,,19,20,20,,20,,,False,False
EQT,Energy,EQT Corporation,2026-09-03,55.61,7.58,2.41,-9.24,-2.12,0.667,6235735,7160941,7526986,-16.84,-9.28,-14.52,P+V-,P+V-,P-V-,➡️ 中性,16,14,20,16.2,-3.31,11.22,False,True,52.51,7.22,0.996,False,67.84,68.24,-18.02,1.53,7.77,13.0,7.0,6225892.0,6254014.0,1.857,6283000.0,6432900.0,6480033.0,0.97,100.0,63.63,多頭,頭頭高·底底高,,20,1,5,9.4,10,剛爆發,,False,False
TPL,Energy,Texas Pacific Land Corporation,2026-09-03,366.5,7.76,-9.75,-30.77,-15.89,0.333,378375,381270,428116,23.39,-19.73,-2.99,P+V+,P-V-,P-V-,🌱 底部剛翻多,15,21,21,18.0,2.14,2.47,False,False,387.9,6.67,0.896,False,544.86,547.2,-32.74,-0.71,3.22,10.0,10.0,357570.0,399180.0,1.0,271900.0,289470.0,350853.0,0.775,82.32,46.1,空頭,頭頭低·底底低,,21,19,13,18.6,19,,,False,True
HOOD,Financials,Robinhood Markets,2026-09-03,124.72,33.69,50.54,58.31,50.21,1.0,20338310,24860460,27111734,-1.69,-15.33,-14.59,P+V-,P+V-,P+V-,⚠️ 量能衰竭,1,1,1,1.0,43.71,-1.98,False,True,101.88,24.03,1.278,False,153.86,153.86,-18.94,13.63,37.49,12.0,8.0,22275050.0,17433200.0,1.5,51637300.0,24821900.0,22543220.0,2.291,100.0,68.92,空頭,頭頭低·底底低,多轉空預警 / 多頭確認,1,1,2,1.2,1,,,False,True
STT,Financials,State Street Corporation,2026-09-03,193.94,5.01,23.45,51.56,32.9,1.0,1285720,2075092,2088766,-44.8,-1.3,5.2,P+V-,P+V-,P+V+,⚠️ 頂部背離,17,19,2,14.6,9.21,7.46,False,True,183.9,5.69,1.04,False,195.93,195.93,-1.02,0.29,4.88,11.0,9.0,1308627.0,1257722.0,1.222,1524900.0,1275730.0,1302566.0,1.171,89.59,60.03,多頭,頭頭高·底底高,,2,13,10,8.0,2,吃老本,,False,True
FDS,Financials,FactSet,2026-09-03,312.96,10.0,23.95,43.53,30.25,1.0,801565,921932,937627,-11.4,-3.29,9.38,P+V-,P+V-,P+V+,⚠️ 頂部背離,4,17,3,7.7,1.76,1.89,False,True,269.99,10.28,0.896,False,376.46,384.33,-16.87,3.18,14.41,11.0,9.0,761618.0,850388.0,1.222,637600.0,880540.0,850713.0,0.749,93.92,65.61,多頭,頭頭高·底底高,多頭確認,3,6,30,9.6,3,,,False,True
MET,Financials,MetLife,2026-09-03,99.23,1.49,23.33,37.37,24.89,1.0,2879335,3651563,3622763,-30.22,1.6,0.89,P+V-,P+V+,P+V+,⚠️ 頂部背離,38,20,5,26.0,6.16,6.65,False,True,93.77,5.56,1.003,False,100.93,100.93,-1.68,3.1,-0.72,9.0,11.0,2883888.0,2875609.0,0.818,3706100.0,2981970.0,2918746.0,1.27,80.63,63.12,擴散,頭頭高·底底低,,4,29,7,14.6,9,吃老本,,False,True
BNY,Financials,BNY Mellon,2026-09-03,164.33,4.26,17.37,38.64,24.73,1.0,2488385,3470807,3566403,-33.1,-5.22,1.28,P+V-,P+V-,P+V+,⚠️ 頂部背離,22,34,4,22.0,10.7,16.54,False,True,156.74,4.03,0.82,False,165.69,165.69,-0.82,1.29,3.47,11.0,9.0,2265300.0,2761044.0,1.222,2585100.0,2795690.0,2583926.0,1.0,85.29,60.86,多頭,頭頭高·底底高,,5,22,20,14.8,10,吃老本,,False,True
XYZ,Financials,"Block, Inc.",2026-09-03,83.37,5.53,19.44,29.36,20.92,1.0,4367640,5223712,5862968,-16.33,-19.66,-20.41,P+V-,P+V-,P+V-,⚠️ 量能衰竭,15,29,9,18.0,16.71,25.55,False,True,80.16,12.09,1.038,False,86.92,86.92,-4.08,-1.74,5.5,9.0,11.0,4456488.0,4294945.0,0.818,3279600.0,4675690.0,4270586.0,0.768,83.04,54.84,多頭,頭頭高·底底高,,6,24,29,17.8,17,吃老本,,False,True
PYPL,Financials,PayPal,2026-09-03,56.68,-3.81,33.79,25.31,20.15,0.667,12228895,15977287,15726575,-35.6,3.24,-17.02,P-V-,P+V+,P+V-,➡️ 中性,72,4,18,40.8,8.03,5.59,False,True,54.64,18.58,0.836,False,78.34,79.21,-27.65,-7.56,-4.95,9.0,10.0,11344600.0,13576940.0,0.9,15209400.0,14763260.0,13599620.0,1.118,72.13,48.58,多頭,頭頭高·底底高,空頭確認,7,36,11,19.4,19,吃老本,,False,True
IVZ,Financials,Invesco,2026-09-03,32.71,4.27,22.23,27.0,20.13,1.0,3811740,4830400,5196213,-27.63,-13.15,-0.56,P+V-,P+V-,P+V-,⚠️ 量能衰竭,21,21,14,19.6,7.18,-1.21,False,True,30.15,6.42,0.969,False,33.66,33.66,-2.82,-1.8,3.91,11.0,9.0,3757363.0,3878200.0,1.222,3470200.0,3355000.0,3588540.0,0.967,86.91,58.58,多頭,頭頭高·底底高,,8,19,22,15.2,11,吃老本,,False,True
GPN,Financials,Global Payments,2026-09-03,91.77,6.56,35.77,18.66,19.91,1.0,2710910,3511615,3429543,-18.82,4.9,22.27,P+V-,P+V+,P+V+,⚠️ 頂部背離,11,3,30,12.4,0.63,5.43,False,True,84.15,6.65,1.109,False,95.88,95.88,-4.29,-1.05,4.65,8.0,12.0,2880087.0,2598125.0,0.667,1685800.0,2649200.0,2502246.0,0.674,81.77,56.96,多頭,頭頭高·底底高,,9,26,34,20.8,21,吃老本,,False,True
PRU,Financials,Prudential Financial,2026-09-03,123.2,2.76,23.65,26.38,19.79,1.0,1560560,1827520,2031623,-22.0,-18.26,11.48,P+V-,P+V-,P+V+,⚠️ 頂部背離,28,18,17,22.8,,,,,,,,,,,,,,,,,,,,,,,,,,,,10,37,37,,37,吃老本,,False,False
CPAY,Financials,Corpay,2026-09-03,419.68,6.81,19.14,26.41,19.69,1.0,450280,590743,591415,-21.24,-0.23,1.76,P+V-,P+V-,P+V+,⚠️ 頂部背離,10,31,16,17.5,6.3,6.03,False,True,382.61,6.32,1.031,False,427.46,427.46,-1.82,3.97,5.37,11.0,9.0,456527.0,442644.0,1.222,453700.0,425310.0,412820.0,1.099,91.19,63.68,多頭,頭頭高·底底高,空轉多預警,11,10,13,11.0,4,,,False,True
PFG,Financials,Principal Financial Group,2026-09-03,118.51,5.3,18.01,26.73,19.19,1.0,1103490,1397080,1398769,-33.77,-0.24,1.22,P+V-,P+V-,P+V+,⚠️ 頂部背離,16,33,15,20.9,7.07,2.94,False,True,111.17,12.01,1.189,False,121.18,121.18,-2.2,6.46,3.47,9.0,11.0,1209255.0,1016954.0,0.818,3707500.0,1286880.0,1131540.0,3.277,87.74,68.6,收斂,頭頭低·底底高,多轉空預警 / 多頭確認,12,16,1,11.4,6,,,False,True
BAC,Financials,Bank of America,2026-09-03,62.72,-0.21,20.93,27.94,19.15,0.667,28859540,33161440,35577643,-12.52,-12.72,-5.49,P-V-,P+V-,P+V-,➡️ 中性,46,25,10,32.5,7.74,8.78,False,True,61.22,3.94,0.799,False,64.9,65.23,-3.36,3.06,0.06,12.0,8.0,26216550.0,32824025.0,1.5,29942000.0,31655010.0,30238893.0,0.99,87.74,55.57,多頭,頭頭高·底底高,,13,16,21,15.8,12,,,False,True
ARES,Financials,Ares Management,2026-09-03,141.52,3.41,16.12,27.82,18.79,1.0,2005760,2270403,2895351,-11.59,-35.51,0.41,P+V-,P+V-,P+V+,⚠️ 頂部背離,25,38,11,26.1,1.44,-6.57,False,True,130.48,5.95,1.347,False,181.32,186.85,-21.95,-0.62,2.42,10.0,10.0,2302660.0,1708860.0,1.0,3172900.0,1873770.0,1892280.0,1.677,89.79,55.52,收斂,頭頭低·底底高,多轉空預警,14,12,3,11.0,4,,,False,True
ALL,Financials,Allstate,2026-09-03,263.11,-1.05,26.21,24.83,18.71,0.667,1649095,1714632,1606279,4.18,14.47,2.61,P-V+,P+V+,P+V+,⚠️ 中期出貨,54,11,20,34.3,48.03,47.01,False,True,255.17,5.4,0.676,False,276.07,277.22,-4.69,2.56,-3.96,10.0,10.0,1330380.0,1967810.0,1.0,1328600.0,1416940.0,1442240.0,0.921,75.48,56.21,空頭,頭頭低·底底低,,15,33,23,23.8,23,吃老本,,False,True
AJG,Financials,Arthur J. Gallagher & Co.,2026-09-03,266.66,7.47,32.12,17.05,18.42,1.0,1366850,1611590,1791970,0.16,-18.29,-4.54,P+V+,P+V-,P+V-,➡️ 中性,7,5,36,12.2,0.94,0.98,False,True,252.79,5.7,1.115,False,310.73,313.55,-14.18,2.5,5.93,11.0,9.0,1433590.0,1285277.0,1.222,1499400.0,1486220.0,1386193.0,1.082,92.41,58.73,擴散,頭頭高·底底低,,16,7,14,12.0,7,剛爆發,,False,True
NTRS,Financials,Northern Trust,2026-09-03,186.57,1.05,11.8,30.4,18.41,1.0,985080,1054924,1080745,-13.18,-4.67,0.5,P+V-,P+V-,P+V+,⚠️ 頂部背離,41,52,7,37.5,-8.35,16.14,False,True,182.75,3.79,1.061,False,194.86,195.78,-4.25,0.63,1.8,12.0,8.0,1008108.0,950537.0,1.5,672400.0,908760.0,899066.0,0.748,92.39,54.73,收斂,頭頭低·底底高,多轉空預警,17,8,31,16.2,14,剛爆發,,False,False
IBKR,Financials,Interactive Brokers,2026-09-03,92.95,5.93,6.75,29.94,18.14,1.0,4148915,4555756,4761028,-9.87,-8.27,-13.41,P+V-,P+V-,P+V-,⚠️ 量能衰竭,13,66,8,27.9,7.98,0.1,False,True,91.91,10.74,1.337,False,98.66,98.75,-5.79,-3.64,8.15,9.0,11.0,4817200.0,3602136.0,0.818,5292200.0,4408420.0,4015586.0,1.318,89.11,50.97,擴散,頭頭高·底底低,,18,14,6,14.0,8,,,False,True
KKR,Financials,KKR & Co.,2026-09-03,109.76,6.96,21.47,21.6,17.91,1.0,4633635,4465523,5191698,15.35,-24.54,-0.92,P+V+,P+V-,P+V-,➡️ 中性,9,23,24,16.2,14.23,10.28,False,True,102.17,5.67,0.91,False,151.01,152.1,-27.31,0.4,6.4,11.0,9.0,4436518.0,4874555.0,1.222,4189800.0,3148710.0,3792133.0,1.105,88.26,56.43,多頭,頭頭高·底底高,,19,15,12,16.0,13,,,False,True
AMP,Financials,Ameriprise Financial,2026-09-03,565.08,2.37,28.56,19.69,17.58,1.0,381555,580884,627176,-33.05,-13.75,2.59,P+V-,P+V-,P+V+,⚠️ 頂部背離,31,8,29,23.7,2.37,10.25,False,True,532.46,4.68,0.962,False,572.56,572.56,-1.31,1.68,0.94,11.0,9.0,374863.0,389733.0,1.222,470700.0,390020.0,382660.0,1.23,86.4,59.5,多頭,頭頭高·底底高,,20,20,9,17.8,17,,,False,True
BX,Financials,Blackstone Inc.,2026-09-03,137.68,0.4,26.12,21.71,17.49,1.0,3632980,4752615,6165163,-28.15,-37.28,29.34,P+V-,P+V-,P+V+,⚠️ 頂部背離,43,12,23,29.7,13.71,1.69,False,True,131.5,7.22,1.044,False,182.68,190.09,-24.63,-4.15,3.17,12.0,8.0,3695216.0,3539625.0,1.5,3335200.0,3032000.0,3169653.0,1.052,91.01,48.9,多頭,頭頭高·底底高,空頭確認,21,11,17,16.2,14,剛爆發,,False,True
TRV,Financials,Travelers Companies (The),2026-09-03,374.34,-2.59,29.64,21.44,17.48,0.667,1564435,1931616,1682639,-28.53,34.73,19.22,P-V-,P+V+,P+V+,➡️ 中性,63,7,26,38.8,86.12,8.93,False,True,362.12,3.63,0.876,False,398.7,398.7,-6.11,1.36,-3.02,8.0,12.0,1442450.0,1645758.0,0.667,1627000.0,1454150.0,1519546.0,1.071,74.07,57.45,收斂,頭頭低·底底高,多轉空預警 / 多頭確認,22,35,15,25.8,26,吃老本,,False,True
APO,Financials,Apollo Global Management,2026-09-03,134.49,5.98,8.61,27.41,17.35,1.0,3110370,3991532,4325780,-23.61,-14.35,13.18,P+V-,P+V-,P+V+,⚠️ 頂部背離,12,59,12,26.1,-2.21,2.92,False,True,126.34,5.94,0.766,False,151.39,153.29,-11.16,0.79,5.52,11.0,9.0,2735081.0,3569055.0,1.222,1895300.0,2018740.0,2642293.0,0.717,85.37,54.9,多頭,頭頭高·底底高,,23,21,33,24.2,24,,,False,False
JPM,Financials,JPMorgan Chase,2026-09-03,362.06,1.27,20.89,22.85,16.96,1.0,5441240,8239263,8768528,-33.44,-11.38,-6.62,P+V-,P+V-,P+V-,⚠️ 量能衰竭,40,26,22,32.2,,,,,,,,,,,,,,,,,,,,,,,,,,,,24,37,37,,37,吃老本,,False,False
MS,Financials,Morgan Stanley,2026-09-03,217.15,0.38,3.9,31.45,16.8,1.0,3892750,5372996,5842769,-36.27,-14.88,-4.43,P+V-,P+V-,P+V-,⚠️ 量能衰竭,44,71,6,44.5,17.94,13.66,False,True,215.06,4.15,1.01,False,230.98,232.25,-5.99,1.07,1.59,9.0,11.0,3914244.0,3875163.0,0.818,3868500.0,3828620.0,3843520.0,1.006,81.33,54.22,收斂,頭頭低·底底高,多轉空預警 / 空轉多預警,25,28,18,24.8,25,,,False,True
BEN,Financials,Franklin Resources,2026-09-03,33.55,-0.65,11.58,27.34,16.4,0.667,3007500,4286452,4655761,-40.06,-14.7,0.55,P-V-,P+V-,P+V+,➡️ 中性,51,55,13,44.6,8.28,28.64,False,False,33.66,7.48,1.05,False,36.28,36.28,-7.52,-3.65,-1.32,7.0,12.0,3104957.0,2957175.0,0.583,3262600.0,3093300.0,3049353.0,1.07,74.87,46.58,收斂,頭頭低·底底高,多轉空預警 / 空轉多預警,26,34,16,27.2,28,吃老本,🎯 潛在暴漲,True,True
AIZ,Financials,Assurant,2026-09-03,287.71,-0.33,16.57,23.99,16.06,0.667,325920,377601,385835,-13.46,-4.18,8.69,P-V-,P+V-,P+V+,➡️ 中性,47,37,21,38.8,,,,,,,,,,,,,,,,,,,,,,,,,,,,27,37,37,,37,吃老本,,False,False
SCHW,Financials,Charles Schwab Corporation,2026-09-03,110.38,2.88,27.85,16.35,15.86,1.0,7304885,9234636,9928587,-12.4,-13.07,1.6,P+V-,P+V-,P+V+,⚠️ 頂部背離,27,9,37,23.6,4.55,2.48,False,True,104.47,7.43,0.977,False,114.53,114.53,-3.62,2.16,2.83,9.0,11.0,7211000.0,7381700.0,0.818,6346300.0,8497170.0,7829220.0,0.811,81.93,57.13,多頭,頭頭高·底底高,,28,25,26,26.4,27,,,False,True
V,Financials,Visa Inc.,2026-09-03,378.75,4.68,21.46,18.64,15.85,1.0,6644215,7727366,7564206,-6.99,4.41,10.61,P+V-,P+V+,P+V+,⚠️ 頂部背離,18,24,31,22.4,,,,,,,,,,,,,,,,,,,,,,,,,,,,29,37,37,,37,吃老本,,False,False
RJF,Financials,Raymond James Financial,2026-09-03,181.1,2.57,24.01,18.14,15.71,1.0,1076170,1287643,1341920,-12.74,-7.78,5.52,P+V-,P+V-,P+V+,⚠️ 頂部背離,29,16,33,25.9,,,,,,,,,,,,,,,,,,,,,,,,,,,,30,37,37,,37,吃老本,,False,False
WTW,Financials,Willis Towers Watson,2026-09-03,342.06,-0.8,36.79,13.26,15.63,0.667,477690,594046,649343,-17.54,-15.7,-6.37,P-V-,P+V-,P+V-,➡️ 中性,52,2,41,34.8,7.78,1.8,False,True,314.43,5.33,0.74,False,351.51,352.79,-2.69,0.73,0.6,9.0,11.0,400388.0,540936.0,0.818,369900.0,425420.0,457093.0,0.809,75.88,59.13,多頭,頭頭高·底底高,,31,32,27,30.6,32,,,False,True
C,Financials,Citigroup,2026-09-03,138.14,2.33,6.86,25.17,14.88,1.0,8462810,11664201,12295199,-33.11,-9.76,-9.84,P+V-,P+V-,P+V-,⚠️ 量能衰竭,32,65,19,39.3,,,,,,,,,,,,,,,,,,,,,,,,,,,,32,37,37,,37,,,False,False
USB,Financials,U.S. Bancorp,2026-09-03,63.53,-0.64,20.58,18.5,14.23,0.667,5879085,8155213,8782582,-30.91,-13.33,-10.4,P-V-,P+V-,P+V-,➡️ 中性,50,27,32,39.5,,,,,,,,,,,,,,,,,,,,,,,,,,,,33,37,37,,37,,,False,False
EG,Financials,Everest Group,2026-09-03,386.25,3.01,22.14,15.12,13.85,1.0,276270,385844,364386,-26.18,12.51,-5.3,P+V-,P+V+,P+V-,⚠️ 量能背離,26,22,39,27.4,,,,,,,,,,,,,,,,,,,,,,,,,,,,34,37,37,,37,,,False,False
GL,Financials,Globe Life,2026-09-03,176.52,-3.99,16.96,21.14,13.81,0.667,481000,620246,573196,-30.53,17.88,8.15,P-V-,P+V+,P+V+,➡️ 中性,73,35,27,52.4,,,,,,,,,,,,,,,,,,,,,,,,,,,,35,37,37,,37,,,False,False
COF,Financials,Capital One,2026-09-03,220.5,1.62,24.58,14.36,13.73,1.0,3005860,4166396,4472242,-30.11,-12.8,5.24,P+V-,P+V-,P+V+,⚠️ 頂部背離,36,14,40,30.2,23.79,-3.34,False,True,210.99,5.08,0.894,False,256.64,259.64,-14.08,1.77,0.58,10.0,10.0,2837220.0,3174500.0,1.0,3223700.0,3176600.0,3217960.0,1.002,81.7,57.64,多頭,頭頭高·底底高,,36,27,19,29.0,30,剛爆發,,False,True
MA,Financials,Mastercard,2026-09-03,585.71,4.04,24.42,12.8,13.52,1.0,2807280,3385338,3452095,-7.34,-3.79,9.71,P+V-,P+V-,P+V+,⚠️ 頂部背離,23,15,43,24.6,5.53,4.23,False,True,555.75,4.77,0.856,False,601.23,601.62,-2.58,-1.02,1.69,9.0,11.0,2568733.0,3002454.0,0.818,2238400.0,2787440.0,2862680.0,0.782,77.85,57.7,多頭,頭頭高·底底高,,37,31,28,32.8,33,剛爆發,,False,True
SYF,Financials,Synchrony Financial,2026-09-03,79.85,1.6,16.7,17.31,13.23,1.0,3150645,3576227,3727183,-17.49,-7.78,-3.69,P+V-,P+V-,P+V-,⚠️ 量能衰竭,37,36,35,36.3,,,,,,,,,,,,,,,,,,,,,,,,,,,,38,37,37,,37,,,False,False
COIN,Financials,Coinbase,2026-09-03,192.7,25.46,18.06,4.03,12.89,1.0,9959120,8630890,9684560,29.93,-19.62,-4.21,P+V+,P+V-,P+V-,➡️ 中性,2,32,57,22.0,-487.47,-3458.88,False,True,162.3,12.97,1.518,False,402.16,402.16,-52.08,1.04,32.52,11.0,9.0,11766236.0,7750422.0,1.222,13741500.0,11017360.0,10965733.0,1.253,100.0,60.87,收斂,頭頭低·底底高,多轉空預警 / 空轉多預警 / 多頭確認,39,1,8,17.6,16,剛爆發,,False,True
CFG,Financials,Citizens Financial Group,2026-09-03,70.83,-2.53,15.86,17.54,12.1,0.667,2953275,4153250,4397789,-33.2,-10.54,-8.57,P-V-,P+V-,P+V-,➡️ 中性,62,39,34,49.5,,,,,,,,,,,,,,,,,,,,,,,,,,,,40,37,37,,37,,,False,False
TROW,Financials,T. Rowe Price,2026-09-03,110.88,-2.75,7.88,19.98,11.27,0.667,1295435,1945384,2127047,-39.27,-15.74,18.91,P-V-,P+V-,P+V+,➡️ 中性,65,61,28,56.4,,,,,,,,,,,,,,,,,,,,,,,,,,,,41,37,37,,37,,,False,False
NDAQ,Financials,"Nasdaq, Inc.",2026-09-03,98.71,4.36,14.12,12.81,11.02,1.0,2592065,3821276,3549664,-34.78,16.57,-8.29,P+V-,P+V+,P+V-,⚠️ 量能背離,20,43,42,31.3,,,,,,,,,,,,,,,,,,,,,,,,,,,,42,37,37,,37,,,False,False
GS,Financials,Goldman Sachs,2026-09-03,1037.93,0.33,0.19,21.57,10.92,1.0,1812330,2083404,2113543,-13.43,-2.81,-1.01,P+V-,P+V-,P+V-,⚠️ 量能衰竭,45,74,25,49.7,,,,,,,,,,,,,,,,,,,,,,,,,,,,43,37,37,,37,剛爆發,,False,False
PNC,Financials,PNC Financial Services,2026-09-03,245.18,-2.92,13.22,16.25,10.7,0.667,1422095,1941438,2075692,-25.98,-12.15,-3.59,P-V-,P+V-,P+V-,➡️ 中性,67,46,38,54.9,,,,,,,,,,,,,,,,,,,,,,,,,,,,44,37,37,,37,剛爆發,,False,False
SPGI,Financials,S&P Global,2026-09-03,450.58,10.63,15.78,7.98,10.59,1.0,1847900,2209942,2177828,-7.51,2.99,5.68,P+V-,P+V+,P+V+,⚠️ 頂部背離,3,40,50,23.5,-2.94,3.18,False,True,424.2,7.32,1.14,False,520.03,524.65,-13.36,3.49,11.44,12.0,8.0,1943375.0,1704687.0,1.5,2555000.0,1942980.0,1898773.0,1.346,100.0,63.17,多頭,頭頭高·底底高,空轉多預警,45,1,5,19.4,19,剛爆發,,False,False
JKHY,Financials,Jack Henry & Associates,2026-09-03,167.76,7.96,26.47,3.37,10.3,1.0,951200,1264578,1228231,-7.45,6.1,28.46,P+V-,P+V+,P+V+,⚠️ 頂部背離,6,10,59,17.8,6.4,10.37,False,True,153.85,6.77,1.287,False,191.13,193.39,-12.23,-0.75,7.28,10.0,10.0,1070540.0,831860.0,1.0,616500.0,897730.0,1020980.0,0.604,91.59,61.72,多頭,頭頭高·底底高,,46,9,35,29.0,30,剛爆發,,False,True
MCO,Financials,Moody's Corporation,2026-09-03,504.3,5.78,12.71,8.68,8.96,1.0,694400,882775,1026940,-21.41,-24.62,6.2,P+V-,P+V-,P+V+,⚠️ 頂部背離,14,48,49,31.2,10.0,2.58,False,True,487.43,7.16,0.928,False,543.25,546.88,-7.17,-0.93,6.81,13.0,7.0,675923.0,728714.0,1.857,500900.0,684490.0,684293.0,0.732,97.81,55.96,收斂,頭頭低·底底高,多轉空預警 / 空轉多預警,47,5,32,27.2,28,剛爆發,,False,True
BRO,Financials,Brown & Brown,2026-09-03,72.56,1.82,31.9,0.8,8.83,1.0,1660785,2551138,2902712,-42.85,-21.61,-1.25,P+V-,P+V-,P+V-,⚠️ 量能衰竭,35,6,65,32.3,-0.39,2.3,False,True,69.72,4.88,0.952,False,96.56,97.49,-24.85,1.64,2.17,10.0,10.0,1619700.0,1701870.0,1.0,1351500.0,1518650.0,1576340.0,0.857,83.62,55.41,收斂,頭頭低·底底高,多轉空預警,48,23,25,33.4,34,剛爆發,,False,False
WFC,Financials,Wells Fargo,2026-09-03,89.19,2.22,14.01,9.25,8.68,1.0,12377655,14719235,16135899,-26.91,-16.14,7.2,P+V-,P+V-,P+V+,⚠️ 頂部背離,34,44,47,39.6,,,,,,,,,,,,,,,,,,,,,,,,,,,,49,37,37,,37,剛爆發,,False,False
FITB,Financials,Fifth Third Bancorp,2026-09-03,54.97,-3.71,11.86,12.08,8.08,0.667,4846245,6310170,7117802,-19.85,-20.38,-19.65,P-V-,P+V-,P+V-,➡️ 中性,71,51,44,59.6,,,,,,,,,,,,,,,,,,,,,,,,,,,,50,37,37,,37,剛爆發,,False,False
RF,Financials,Regions Financial Corporation,2026-09-03,30.44,-2.17,12.22,10.99,8.01,0.667,7024575,9479995,10864645,-32.26,-22.61,-43.96,P-V-,P+V-,P+V-,➡️ 中性,60,49,45,53.7,,,,,,,,,,,,,,,,,,,,,,,,,,,,51,37,37,,37,剛爆發,,False,False
MTB,Financials,M&T Bank,2026-09-03,240.06,-3.53,12.89,10.84,7.76,0.667,896715,1093027,1082164,-27.05,2.03,-4.13,P-V-,P+V+,P+V-,➡️ 中性,70,47,46,58.3,,,,,,,,,,,,,,,,,,,,,,,,,,,,52,37,37,,37,剛爆發,,False,False
ICE,Financials,Intercontinental Exchange,2026-09-03,164.59,9.51,19.32,0.58,7.5,1.0,3187255,4301280,3876794,-24.41,24.59,5.37,P+V-,P+V+,P+V+,⚠️ 頂部背離,5,30,66,24.7,3.36,3.86,False,True,147.21,4.78,1.22,False,176.94,179.2,-6.98,2.08,9.91,13.0,7.0,3401592.0,2789200.0,1.857,4676900.0,3223470.0,3227160.0,1.449,100.0,68.48,收斂,頭頭低·底底高,空轉多預警 / 多頭確認,53,1,4,22.4,22,剛爆發,,False,True
PGR,Financials,Progressive Corporation,2026-09-03,223.87,3.97,15.77,5.0,7.44,1.0,2263870,2946675,2961398,-22.16,-0.99,-12.09,P+V-,P+V-,P+V-,⚠️ 量能衰竭,24,41,56,35.5,,,,,,,,,,,,,,,,,,,,,,,,,,,,54,37,37,,37,剛爆發,,False,False
BLK,Financials,BlackRock,2026-09-03,1126.15,-0.9,14.29,6.6,6.65,0.667,562425,744416,762939,-29.94,-4.74,15.68,P-V-,P+V-,P+V+,➡️ 中性,53,42,52,49.5,,,,,,,,,,,,,,,,,,,,,,,,,,,,55,37,37,,37,剛爆發,,False,False
ERIE,Financials,Erie Indemnity,2026-09-03,258.37,2.29,25.39,-2.02,5.91,0.667,318590,283623,255409,3.08,24.84,56.15,P+V+,P+V+,P-V+,🚀 健康多頭,33,13,70,34.4,2.92,-5.26,False,True,245.84,8.01,0.538,False,350.33,357.75,-26.25,-0.41,1.7,11.0,9.0,229763.0,427155.0,1.222,199700.0,411780.0,336613.0,0.593,78.6,54.57,多頭,頭頭高·底底高,空轉多預警,56,30,36,41.6,36,剛爆發,,False,True
MRSH,Financials,Marsh McLennan,2026-09-03,188.46,-1.66,20.47,2.18,5.79,0.667,1934110,2468210,2721183,-28.67,-17.01,-2.87,P-V-,P+V-,P+V-,➡️ 中性,57,28,62,49.3,,,,,,,,,,,,,,,,,,,,,,,,,,,,57,37,37,,37,剛爆發,,False,False
KEY,Financials,KeyCorp,2026-09-03,22.12,-1.75,6.95,8.93,5.76,0.667,9076625,10824980,12139945,-15.84,-19.55,-39.62,P-V-,P+V-,P+V-,➡️ 中性,58,63,48,57.5,,,,,,,,,,,,,,,,,,,,,,,,,,,,58,37,37,,37,剛爆發,,False,False
AXP,Financials,American Express,2026-09-03,329.82,-3.25,10.03,7.92,5.65,0.667,2272665,2879881,3140598,-25.27,-15.33,10.07,P-V-,P+V-,P+V+,➡️ 中性,69,57,51,61.8,,,,,,,,,,,,,,,,,,,,,,,,,,,,59,37,37,,37,剛爆發,,False,False
TFC,Financials,Truist Financial,2026-09-03,51.61,-0.44,9.91,6.3,5.52,0.667,5695895,8248858,8552077,-27.37,-6.85,-0.41,P-V-,P+V-,P+V-,➡️ 中性,48,58,53,52.0,,,,,,,,,,,,,,,,,,,,,,,,,,,,60,37,37,,37,剛爆發,,False,False
CINF,Financials,Cincinnati Financial,2026-09-03,174.72,-1.21,11.17,3.96,4.47,0.667,435100,764652,753364,-49.75,3.04,30.48,P-V-,P+V+,P+V+,➡️ 中性,56,56,58,56.4,,,,,,,,,,,,,,,,,,,,,,,,,,,,61,37,37,,37,剛爆發,,False,False
BRK-B,Financials,Berkshire Hathaway,2026-09-03,508.13,-2.62,6.89,5.82,3.98,0.667,4245180,4666032,4791576,2.4,-5.11,3.26,P-V+,P+V-,P+V+,⚠️ 中期出貨,64,64,54,62.0,,,,,,,,,,,,,,,,,,,,,,,,,,,,62,37,37,,37,剛爆發,,False,False
CB,Financials,Chubb Limited,2026-09-03,348.25,-0.59,11.7,2.22,3.89,0.667,1623965,1798072,1731613,-20.11,7.98,-2.49,P-V-,P+V+,P+V-,➡️ 中性,49,53,61,52.6,,,,,,,,,,,,,,,,,,,,,,,,,,,,63,37,37,,37,剛爆發,,False,False
ACGL,Financials,Arch Capital Group,2026-09-03,99.83,1.37,13.59,-1.22,3.13,0.667,2176305,2094490,2127853,18.65,-3.09,-1.04,P+V+,P+V-,P-V-,✨ 反彈初期,39,45,68,46.6,,,,,,,,,,,,,,,,,,,,,,,,,,,,64,37,37,,37,剛爆發,,False,False
CBOE,Financials,Cboe Global Markets,2026-09-03,298.5,4.45,4.99,0.83,2.77,1.0,983495,1351170,1184416,-10.73,32.77,46.9,P+V-,P+V+,P+V+,⚠️ 頂部背離,19,69,64,43.0,,,,,,,,,,,,,,,,,,,,,,,,,,,,65,37,37,,37,剛爆發,,False,False
AFL,Financials,Aflac,2026-09-03,118.36,-4.54,3.89,5.49,2.58,0.667,2168735,2306200,2342539,8.96,-3.06,1.07,P-V+,P+V-,P+V+,⚠️ 中期出貨,74,72,55,69.6,,,,,,,,,,,,,,,,,,,,,,,,,,,,66,37,37,,37,剛爆發,,False,False
HBAN,Financials,Huntington Bancshares,2026-09-03,17.06,-2.79,8.06,2.47,2.55,0.667,20646915,23334336,23677968,-23.57,-2.86,-24.93,P-V-,P+V-,P+V-,➡️ 中性,66,60,60,63.0,,,,,,,,,,,,,,,,,,,,,,,,,,,,67,37,37,,37,剛爆發,,False,False
HIG,Financials,Hartford (The),2026-09-03,140.0,-1.86,11.65,-0.41,2.24,0.333,1289770,1639369,1597894,-24.33,5.33,4.91,P-V-,P+V+,P-V+,➡️ 中性,59,54,67,59.1,,,,,,,,,,,,,,,,,,,,,,,,,,,,68,37,37,,37,剛爆發,,False,False
MSCI,Financials,MSCI,2026-09-03,574.65,2.4,-6.01,0.86,-0.47,0.667,549850,665624,637366,-27.57,9.28,-2.75,P+V-,P-V+,P+V-,⚠️ 量能背離,30,76,63,50.4,,,,,,,,,,,,,,,,,,,,,,,,,,,,69,37,37,,37,剛爆發,,False,False
L,Financials,Loews Corporation,2026-09-03,110.04,-4.7,5.4,-1.8,-0.73,0.333,673080,797576,773008,-12.54,6.57,-1.38,P-V-,P+V+,P-V-,➡️ 中性,75,68,69,71.7,,,,,,,,,,,,,,,,,,,,,,,,,,,,70,37,37,,37,剛爆發,,False,False
CME,Financials,CME Group,2026-09-03,282.05,6.97,12.22,-11.08,-0.74,0.667,1888055,2949378,2738233,-24.01,16.71,37.15,P+V-,P+V+,P-V+,➡️ 中性,8,49,74,33.5,2.75,-0.25,False,True,257.32,6.5,0.865,False,319.82,329.16,-11.81,0.4,6.71,11.0,9.0,1764072.0,2039588.0,1.222,1739900.0,2046330.0,1996586.0,0.871,87.65,61.92,收斂,頭頭低·底底高,空轉多預警 / 多頭確認,71,18,24,40.4,35,剛爆發,🎯 潛在暴漲,False,True
AIG,Financials,American International Group,2026-09-03,76.86,-2.44,6.64,-4.06,-0.98,0.333,3225590,3762023,3964543,-0.4,-9.72,-15.33,P-V-,P+V-,P-V-,➡️ 中性,61,67,72,65.0,,,,,,,,,,,,,,,,,,,,,,,,,,,,72,37,37,,37,剛爆發,,False,False
WRB,Financials,W. R. Berkley Corporation,2026-09-03,69.5,-2.93,7.41,-4.25,-1.01,0.333,1527895,1926730,2046368,-27.21,-11.05,-21.81,P-V-,P+V-,P-V-,➡️ 中性,68,62,73,67.2,,,,,,,,,,,,,,,,,,,,,,,,,,,,73,37,37,,37,剛爆發,,False,False
AON,Financials,Aon plc,2026-09-03,327.0,-8.74,3.85,-2.72,-2.58,0.333,980525,1420513,1413585,-33.28,0.99,13.61,P-V-,P+V+,P-V+,➡️ 中性,76,73,71,74.1,,,,,,,,,,,,,,,,,,,,,,,,,,,,74,37,37,,37,剛爆發,,False,False
FIS,Financials,Fidelity National Information Services,2026-09-03,42.28,-1.15,4.66,-13.74,-5.99,0.333,5186800,6098855,6328755,-23.04,-7.01,56.27,P-V-,P+V-,P-V+,➡️ 中性,55,70,75,63.5,,,,,,,,,,,,,,,,,,,,,,,,,,,,75,37,37,,37,剛爆發,,False,False
FISV,Financials,Fiserv,2026-09-03,52.73,0.61,-4.27,-14.75,-8.29,0.333,6256220,7813580,7110896,-21.0,21.93,-23.38,P+V-,P-V+,P-V-,➡️ 中性,42,75,76,58.7,,,,,,,,,,,,,,,,,,,,,,,,,,,,76,37,37,,37,剛爆發,,False,False
MRNA,Health Care,Moderna,2026-09-03,148.87,151.6,203.44,181.71,179.62,1.0,33064455,15328086,11332373,521.18,108.92,-1.9,P+V+,P+V+,P+V-,🚀 健康多頭,1,1,1,1.0,4.33,12.37,False,True,83.78,21.38,1.635,False,176.66,176.66,-15.73,4.27,176.4,10.0,10.0,41035950.0,25092960.0,1.0,13290400.0,31520830.0,41796400.0,0.318,100.0,64.88,多頭,頭頭高·底底高,,1,1,28,6.4,3,,🔥 追高風險,False,True
HUM,Health Care,Humana,2026-09-03,406.52,5.59,24.41,118.68,66.84,1.0,1005620,1365347,1542583,-36.28,-20.61,-18.28,P+V-,P+V-,P+V-,⚠️ 量能衰竭,23,22,2,18.5,8.79,1.05,False,True,387.82,8.92,1.239,False,428.88,428.88,-5.21,3.54,10.7,12.0,8.0,1089691.0,879512.0,1.5,769500.0,1009450.0,987420.0,0.779,100.0,63.34,收斂,頭頭低·底底高,多轉空預警 / 多頭確認,2,1,17,4.6,2,,🔥 追高風險,False,True
CRL,Health Care,Charles River Laboratories,2026-09-03,293.35,9.67,63.09,64.24,50.31,1.0,889545,879744,888793,-4.11,-2.02,-6.94,P+V-,P+V-,P+V-,⚠️ 量能衰竭,9,2,3,5.7,10.31,5.42,False,True,253.11,7.64,1.01,False,303.31,303.31,-3.28,-1.03,10.49,12.0,8.0,892966.0,884412.0,1.5,646300.0,839400.0,850106.0,0.76,96.05,64.97,擴散,頭頭高·底底低,,3,15,20,11.2,9,吃老本,,False,True
VEEV,Health Care,Veeva Systems,2026-09-03,284.38,23.39,59.12,56.73,48.99,1.0,2013880,2134196,2552660,28.2,-28.17,55.52,P+V+,P+V-,P+V+,➡️ 中性,2,3,4,2.7,5.77,4.91,False,True,217.66,21.41,1.437,False,310.5,310.5,-8.41,0.8,30.57,12.0,8.0,2292750.0,1595575.0,1.5,1505300.0,2284400.0,1993786.0,0.755,100.0,73.59,多頭,頭頭高·底底高,空轉多預警,4,1,22,6.4,3,,,False,True
IQV,Health Care,IQVIA,2026-09-03,271.62,13.79,49.2,55.86,43.68,1.0,1238885,1450809,1551039,-18.48,-12.14,-9.06,P+V-,P+V-,P+V-,⚠️ 量能衰竭,5,4,5,4.7,3.94,2.96,False,True,228.5,7.08,1.191,False,271.71,271.71,-0.03,3.52,16.86,12.0,8.0,1323708.0,1111650.0,1.5,2012500.0,1335350.0,1324860.0,1.519,100.0,75.17,多頭,頭頭高·底底高,多頭確認,5,1,1,2.6,1,,,False,True
CNC,Health Care,Centene Corporation,2026-09-03,68.02,3.42,14.22,52.51,30.67,1.0,3718525,4887129,5631550,-29.45,-23.35,-37.4,P+V-,P+V-,P+V-,⚠️ 量能衰竭,32,38,6,28.6,132.64,57.91,False,True,65.49,8.25,0.921,False,69.36,69.36,-1.93,4.12,5.95,11.0,9.0,3579509.0,3888433.0,1.222,3581700.0,4252180.0,3860213.0,0.928,89.66,59.61,收斂,頭頭低·底底高,多轉空預警 / 空轉多預警,6,20,9,12.2,11,吃老本,,False,True
RVTY,Health Care,Revvity,2026-09-03,130.63,13.93,29.33,36.85,29.24,1.0,1534340,1498321,1392636,-0.04,16.42,0.4,P+V-,P+V+,P+V+,⚠️ 頂部背離,4,14,9,8.0,15.93,4.47,False,True,116.04,9.12,1.101,False,133.0,133.0,-1.78,0.71,14.35,10.0,10.0,1607760.0,1460920.0,1.0,1817100.0,1810250.0,1635066.0,1.111,93.15,68.62,多頭,頭頭高·底底高,多頭確認,7,17,5,10.6,8,吃老本,,False,True
MRK,Health Care,Merck & Co.,2026-09-03,152.34,18.48,33.77,27.31,26.72,1.0,11016970,10759161,10137639,24.16,13.06,-23.28,P+V+,P+V+,P+V-,🚀 健康多頭,3,8,15,6.9,49.43,13.15,False,True,134.09,7.39,1.078,False,156.92,156.92,-2.92,1.87,18.67,12.0,8.0,11344533.0,10525625.0,1.5,6498300.0,10668830.0,12086653.0,0.538,100.0,66.4,多頭,頭頭高·底底高,,8,1,27,9.0,6,剛爆發,🚀 暴漲中,False,True
ELV,Health Care,Elevance Health,2026-09-03,414.78,5.22,6.44,42.49,24.16,1.0,869245,1384030,1649679,-41.72,-27.74,-5.27,P+V-,P+V-,P+V-,⚠️ 量能衰竭,25,49,7,28.6,19.99,16.36,False,True,395.89,6.42,1.136,False,436.24,436.24,-4.92,3.93,5.97,12.0,8.0,913108.0,803450.0,1.5,1225800.0,872390.0,882806.0,1.389,97.54,62.76,空頭,頭頭低·底底低,多轉空預警 / 多頭確認,9,13,2,9.2,7,,,False,True
TECH,Health Care,Bio-Techne,2026-09-03,72.45,0.33,42.64,25.67,23.58,1.0,2596600,4686061,3635755,-26.06,81.25,63.45,P+V-,P+V+,P+V+,⚠️ 頂部背離,42,5,17,25.9,0.13,-0.82,False,True,71.75,0.61,1.031,True,72.58,72.62,-0.18,-0.03,0.88,11.0,9.0,2632436.0,2552800.0,1.222,2542800.0,2186100.0,2361186.0,1.077,86.89,66.1,多頭,頭頭高·底底高,,10,24,6,14.8,15,吃老本,,False,True
INCY,Health Care,Incyte,2026-09-03,128.0,6.17,30.64,27.95,23.18,1.0,1231245,1818147,1649824,-37.84,22.72,-19.79,P+V-,P+V+,P+V-,⚠️ 量能背離,18,10,13,14.6,43.95,35.12,False,True,120.42,7.23,1.451,False,132.6,132.6,-3.47,0.2,8.13,9.0,11.0,1485266.0,1023409.0,0.818,909800.0,1195360.0,1251166.0,0.727,92.63,59.35,收斂,頭頭低·底底高,多轉空預警,11,18,24,16.4,18,吃老本,,False,True
BAX,Health Care,Baxter International,2026-09-03,25.57,-7.15,37.97,29.98,22.7,0.667,5403865,6526932,7352937,-27.45,-20.2,-11.15,P-V-,P+V-,P+V-,➡️ 中性,56,6,12,32.2,52.53,15.93,False,True,24.62,6.07,1.162,False,29.99,30.0,-14.73,-1.35,-5.29,9.0,11.0,5851622.0,5037518.0,0.818,4698400.0,4435890.0,4695853.0,1.001,78.88,48.53,多頭,頭頭高·底底高,空頭確認,12,28,8,17.6,20,吃老本,,False,True
SOLV,Health Care,Solventum,2026-09-03,92.44,11.4,17.97,26.63,20.66,1.0,1017765,1263338,1458763,-14.67,-23.63,36.22,P+V-,P+V-,P+V+,⚠️ 頂部背離,8,31,16,16.5,33.78,9.33,False,True,83.74,6.84,1.015,False,94.16,94.16,-1.83,1.66,11.43,14.0,6.0,1022442.0,1006850.0,2.333,784300.0,915290.0,1000720.0,0.784,100.0,68.2,多頭,頭頭高·底底高,多頭確認,13,1,16,8.8,5,剛爆發,,False,True
UNH,Health Care,UnitedHealth Group,2026-09-03,400.94,-1.51,6.96,37.78,20.25,0.667,4021215,5566752,6826593,-26.9,-31.16,-28.79,P-V-,P+V-,P+V-,➡️ 中性,46,48,8,39.0,29.8,9.52,False,False,412.11,5.11,0.973,False,461.62,461.62,-13.15,1.49,-0.75,10.0,10.0,3966260.0,4076170.0,1.0,5488900.0,4011760.0,4150660.0,1.322,82.17,49.83,空頭,頭頭低·底底低,多轉空預警,14,25,3,16.2,17,吃老本,,False,True
WAT,Health Care,Waters Corporation,2026-09-03,413.56,1.65,8.9,34.61,19.94,1.0,689030,846846,962450,-23.25,-21.45,24.97,P+V-,P+V-,P+V+,⚠️ 頂部背離,37,43,11,33.6,1.41,16.99,False,True,391.06,7.31,1.154,False,426.22,426.22,-2.97,-1.83,3.47,11.0,9.0,733090.0,635177.0,1.222,438300.0,590840.0,664673.0,0.659,89.88,57.01,擴散,頭頭高·底底低,,15,19,25,18.6,22,,,False,True
WST,Health Care,West Pharmaceutical Services,2026-09-03,342.73,-3.2,8.42,36.6,19.61,0.667,452480,696666,788943,-44.26,-20.94,0.7,P-V-,P+V-,P+V+,➡️ 中性,51,44,10,40.7,13.86,27.07,False,False,350.14,6.85,0.996,False,385.75,386.0,-11.15,-0.97,-1.68,10.0,10.0,451490.0,453470.0,1.0,242300.0,433490.0,425880.0,0.569,81.02,45.87,多頭,頭頭高·底底高,空轉多預警 / 空頭確認,16,27,26,22.4,26,吃老本,,False,True
TMO,Health Care,Thermo Fisher Scientific,2026-09-03,618.43,4.11,30.62,21.84,19.6,1.0,1650495,2034969,2149314,-26.52,-10.1,3.81,P+V-,P+V-,P+V+,⚠️ 頂部背離,29,11,18,21.4,5.6,3.79,False,True,568.57,7.64,1.448,False,647.0,647.0,-4.42,-1.95,6.62,10.0,10.0,1952510.0,1348480.0,1.0,1804900.0,1538090.0,1620313.0,1.114,93.53,60.17,多頭,頭頭高·底底高,,17,16,4,14.0,13,,,False,True
AMGN,Health Care,Amgen,2026-09-03,444.12,8.7,32.08,16.69,18.54,1.0,2245775,2683406,2637344,-16.97,3.56,-2.26,P+V-,P+V+,P+V-,⚠️ 量能背離,10,9,23,12.3,11.97,8.04,False,True,393.59,4.79,1.073,False,447.03,447.03,-0.65,1.63,10.34,12.0,8.0,2308675.0,2151425.0,1.5,1842300.0,2129420.0,2284080.0,0.807,98.14,69.26,多頭,頭頭高·底底高,,18,12,14,14.8,15,剛爆發,,False,True
DXCM,Health Care,Dexcom,2026-09-03,89.71,5.85,23.28,21.59,18.08,1.0,4190140,4852015,5024367,-18.35,-6.63,-13.54,P+V-,P+V-,P+V-,⚠️ 量能衰竭,21,24,19,21.5,,,,,,,,,,,,,,,,,,,,,,,,,,,,19,29,29,,29,吃老本,,False,False
VRTX,Health Care,Vertex Pharmaceuticals,2026-09-03,557.96,12.48,30.26,14.8,18.08,1.0,1126970,1490043,1391080,-15.87,15.32,-5.47,P+V-,P+V+,P+V-,⚠️ 量能背離,7,12,26,12.3,-0.32,3.81,False,True,507.45,5.1,1.303,False,560.25,560.25,-0.41,1.9,15.27,13.0,7.0,1226746.0,941671.0,1.857,800700.0,965060.0,1059260.0,0.756,100.0,67.51,多頭,頭頭高·底底高,多頭確認,19,1,21,12.2,11,剛爆發,,False,False
A,Health Care,Agilent Technologies,2026-09-03,149.98,2.75,9.37,27.45,16.75,1.0,2289665,2228761,2256237,11.44,-2.41,13.28,P+V+,P+V-,P+V+,➡️ 中性,35,42,14,32.9,9.01,5.8,False,True,142.01,10.5,1.078,False,163.75,163.75,-8.41,-4.89,6.11,11.0,9.0,2366418.0,2195855.0,1.222,2255800.0,2934030.0,2594846.0,0.869,88.9,52.46,多頭,頭頭高·底底高,空轉多預警,21,22,11,19.4,23,,,False,True
LH,Health Care,Labcorp,2026-09-03,331.5,4.09,28.31,16.29,16.24,1.0,581770,672393,645050,-28.7,8.85,-10.75,P+V-,P+V+,P+V-,⚠️ 量能背離,30,15,24,24.3,4.65,3.26,False,True,304.74,4.36,1.021,False,341.07,341.8,-2.81,-1.29,4.95,11.0,9.0,587209.0,575122.0,1.222,520600.0,637480.0,629100.0,0.828,88.66,62.39,多頭,頭頭高·底底高,,22,23,13,20.6,24,,,False,True
BIIB,Health Care,Biogen,2026-09-03,224.51,7.97,14.57,19.39,15.33,1.0,732925,1116338,1132268,-46.37,-2.77,-36.13,P+V-,P+V-,P+V-,⚠️ 量能衰竭,12,37,21,21.3,77.38,20.93,False,True,209.15,5.56,1.031,False,225.8,225.8,-0.57,1.36,8.84,12.0,8.0,741775.0,719650.0,1.5,550700.0,696480.0,701713.0,0.785,96.38,63.5,多頭,頭頭高·底底高,空轉多預警 / 多頭確認,23,14,15,17.8,21,剛爆發,,False,True
JNJ,Health Care,Johnson & Johnson,2026-09-03,278.43,7.93,25.34,13.22,14.93,1.0,6394085,7820893,7746380,-21.04,1.94,-11.92,P+V-,P+V+,P+V-,⚠️ 量能背離,13,20,28,18.1,1.58,0.85,False,True,260.09,6.37,0.947,False,281.07,281.07,-0.94,4.76,8.88,14.0,6.0,6288671.0,6640050.0,2.333,5940300.0,6438040.0,6462440.0,0.919,100.0,65.95,多頭,頭頭高·底底高,多頭確認,24,1,10,12.0,10,剛爆發,,False,True
REGN,Health Care,Regeneron Pharmaceuticals,2026-09-03,843.47,7.66,36.43,6.94,14.5,1.0,699710,857023,839621,-10.48,4.23,-14.19,P+V-,P+V+,P+V-,⚠️ 量能背離,14,7,36,16.3,39.99,6.38,False,True,733.1,9.75,1.211,False,859.34,859.34,-1.85,4.43,9.37,12.0,8.0,752091.0,621137.0,1.5,496200.0,662630.0,647933.0,0.766,100.0,66.62,擴散,頭頭高·底底低,,25,1,19,14.2,14,剛爆發,,False,True
BMY,Health Care,Bristol Myers Squibb,2026-09-03,68.09,5.21,25.84,11.6,13.56,1.0,8246435,11488713,11590046,-37.83,-1.73,-21.7,P+V-,P+V-,P+V-,⚠️ 量能衰竭,26,19,31,24.9,,,,,,,,,,,,,,,,,,,,,,,,,,,,26,29,29,,29,,,False,False
DGX,Health Care,Quest Diagnostics,2026-09-03,239.4,0.44,24.11,14.83,13.55,1.0,844300,947304,917476,-24.74,6.72,-8.6,P+V-,P+V+,P+V-,⚠️ 量能背離,41,23,25,32.4,,,,,,,,,,,,,,,,,,,,,,,,,,,,27,29,29,,29,,,False,False
ABBV,Health Care,AbbVie,2026-09-03,260.21,5.76,20.69,12.8,13.01,1.0,4284145,6399395,6522316,-25.39,-3.7,6.92,P+V-,P+V-,P+V+,⚠️ 頂部背離,22,26,29,24.6,,,,,,,,,,,,,,,,,,,,,,,,,,,,28,29,29,,29,,,False,False
BDX,Health Care,Becton Dickinson,2026-09-03,187.62,6.08,29.76,7.71,12.82,1.0,1649845,2114006,2484154,-10.79,-25.94,-5.93,P+V-,P+V-,P+V-,⚠️ 量能衰竭,19,13,35,20.4,2.93,4.51,False,True,169.33,4.32,1.016,False,193.07,193.07,-2.82,-0.27,5.96,11.0,9.0,1661945.0,1635055.0,1.222,1206500.0,1608370.0,1610446.0,0.749,89.59,64.89,多頭,頭頭高·底底高,空轉多預警,29,21,23,24.6,27,剛爆發,,False,True
CVS,Health Care,CVS Health,2026-09-03,97.2,1.57,7.04,20.82,12.56,1.0,7078160,7967667,7952239,-16.52,0.39,0.65,P+V-,P+V+,P+V+,⚠️ 頂部背離,38,47,20,37.1,,,,,,,,,,,,,,,,,,,,,,,,,,,,30,29,29,,29,,,False,False
CAH,Health Care,Cardinal Health,2026-09-03,248.61,5.16,27.22,8.65,12.42,1.0,1701375,2147009,2083380,-21.33,6.3,-3.55,P+V-,P+V+,P+V-,⚠️ 量能背離,27,17,34,25.4,,,,,,,,,,,,,,,,,,,,,,,,,,,,31,29,29,,29,,,False,False
HSIC,Health Care,Henry Schein,2026-09-03,90.86,3.1,19.96,11.66,11.6,1.0,920860,1257770,1317343,-36.94,-8.65,-8.91,P+V-,P+V-,P+V-,⚠️ 量能衰竭,33,28,30,30.9,,,,,,,,,,,,,,,,,,,,,,,,,,,,32,29,29,,29,,,False,False
PFE,Health Care,Pfizer,2026-09-03,28.81,7.66,15.68,9.31,10.49,1.0,35766770,42105910,39689816,-12.72,12.96,-30.48,P+V-,P+V+,P+V-,⚠️ 量能背離,14,36,33,24.4,12.87,3.93,False,True,25.72,5.53,1.374,False,29.21,29.21,-1.37,2.82,9.96,11.0,9.0,40758100.0,29666255.0,1.222,26724300.0,34071700.0,34460913.0,0.775,99.48,68.85,多頭,頭頭高·底底高,多頭確認,33,11,18,21.2,25,剛爆發,,False,True
GILD,Health Care,Gilead Sciences,2026-09-03,151.22,13.52,18.0,2.03,8.9,1.0,5471195,7317295,6735480,-19.44,18.91,-7.12,P+V-,P+V+,P+V-,⚠️ 量能背離,6,30,40,20.0,6.86,6.24,False,True,136.06,6.33,0.963,False,155.38,157.29,-2.68,1.59,15.56,15.0,5.0,5419613.0,5625940.0,3.0,4497700.0,5130120.0,5220953.0,0.861,100.0,68.32,收斂,頭頭低·底底高,多轉空預警 / 空轉多預警 / 多頭確認,34,1,12,16.4,18,剛爆發,,False,True
VTRS,Health Care,Viatris,2026-09-03,16.94,3.88,9.69,10.44,8.61,1.0,8992255,9633093,10367306,-8.79,-13.23,11.13,P+V-,P+V-,P+V+,⚠️ 頂部背離,31,41,32,34.2,,,,,,,,,,,,,,,,,,,,,,,,,,,,35,29,29,,29,剛爆發,,False,False
LLY,Health Care,Lilly (Eli),2026-09-03,1159.6,-2.06,7.65,14.27,8.53,0.667,2535135,2878958,2983483,-6.04,-6.77,-15.69,P-V-,P+V-,P+V-,➡️ 中性,47,46,27,42.7,,,,,,,,,,,,,,,,,,,,,,,,,,,,36,29,29,,29,剛爆發,,False,False
DVA,Health Care,DaVita,2026-09-03,181.66,-1.15,-6.86,17.98,6.99,0.333,681395,827150,850452,-29.14,-5.33,-10.59,P-V-,P-V-,P+V-,⚠️ 主升段結束,45,58,22,44.3,,,,,,,,,,,,,,,,,,,,,,,,,,,,37,29,29,,29,剛爆發,,False,False
DHR,Health Care,Danaher Corporation,2026-09-03,211.03,3.06,18.75,2.87,6.89,1.0,3135385,4669741,4581931,-54.21,3.91,15.95,P+V-,P+V+,P+V+,⚠️ 頂部背離,34,29,38,33.3,,,,,,,,,,,,,,,,,,,,,,,,,,,,38,29,29,,29,剛爆發,,False,False
MDT,Health Care,Medtronic,2026-09-03,93.1,6.82,20.51,-3.46,5.1,0.667,7810360,8675856,8994486,8.52,-6.84,23.1,P+V+,P+V-,P-V+,➡️ 中性,16,27,44,24.9,,,,,,,,,,,,,,,,,,,,,,,,,,,,39,29,29,,29,剛爆發,,False,False
ABT,Health Care,Abbott Laboratories,2026-09-03,108.79,0.91,25.95,-3.39,5.02,0.667,7449010,11338661,11872613,-39.38,-8.61,58.84,P+V-,P+V-,P-V+,➡️ 中性,40,18,43,34.0,,,,,,,,,,,,,,,,,,,,,,,,,,,,40,29,29,,29,剛爆發,,False,False
ZBH,Health Care,Zimmer Biomet,2026-09-03,98.92,2.45,16.71,-0.04,4.77,0.667,1734190,2185930,2249083,-33.04,-5.46,16.68,P+V-,P+V-,P-V+,➡️ 中性,36,33,41,36.1,,,,,,,,,,,,,,,,,,,,,,,,,,,,41,29,29,,29,剛爆發,,False,False
MCK,Health Care,McKesson Corporation,2026-09-03,921.38,6.07,24.72,-6.82,4.29,0.667,940595,1023412,1012538,-3.31,2.17,37.63,P+V-,P+V+,P-V+,➡️ 中性,20,21,45,25.3,,,,,,,,,,,,,,,,,,,,,,,,,,,,42,29,29,,29,剛爆發,,False,False
MTD,Health Care,Mettler Toledo,2026-09-03,1356.23,-5.12,15.98,2.35,3.89,0.667,171370,191386,187923,-0.28,3.75,33.66,P-V-,P+V+,P+V+,➡️ 中性,55,35,39,45.8,,,,,,,,,,,,,,,,,,,,,,,,,,,,43,29,29,,29,剛爆發,,False,False
COR,Health Care,Cencora,2026-09-03,337.22,5.43,28.16,-9.12,3.84,0.667,1262225,1448864,1594573,-12.04,-16.75,13.4,P+V-,P+V-,P-V+,➡️ 中性,24,16,47,26.2,,,,,,,,,,,,,,,,,,,,,,,,,,,,44,29,29,,29,剛爆發,,False,False
RMD,Health Care,ResMed|,2026-09-03,229.19,8.45,23.27,-10.44,2.71,0.667,1512015,1490087,1375824,14.91,18.11,30.87,P+V+,P+V+,P-V+,🚀 健康多頭,11,25,48,22.6,1.98,2.15,False,True,214.22,6.46,0.898,False,282.1,285.08,-18.75,-2.79,2.96,10.0,10.0,1431040.0,1592990.0,1.0,1483400.0,1446580.0,1393613.0,1.064,81.38,54.64,多頭,頭頭高·底底高,多頭確認,45,26,7,29.8,28,剛爆發,🎯 潛在暴漲,True,True
EW,Health Care,Edwards Lifesciences,2026-09-03,89.78,0.07,4.4,2.98,2.61,1.0,2796145,4286326,4688086,-45.64,-15.79,11.07,P+V-,P+V-,P+V+,⚠️ 頂部背離,43,53,37,44.8,,,,,,,,,,,,,,,,,,,,,,,,,,,,46,29,29,,29,剛爆發,,False,False
CI,Health Care,Cigna,2026-09-03,286.26,1.33,6.35,-0.46,1.69,0.667,1448130,1682246,1676999,-26.35,0.63,-5.96,P+V-,P+V+,P-V-,➡️ 中性,39,50,42,42.9,,,,,,,,,,,,,,,,,,,,,,,,,,,,47,29,29,,29,剛爆發,,False,False
STE,Health Care,Steris,2026-09-03,226.14,-4.48,8.24,-8.18,-3.15,0.333,607495,759196,780301,-20.02,-5.27,17.27,P-V-,P+V-,P-V+,➡️ 中性,52,45,46,48.7,,,,,,,,,,,,,,,,,,,,,,,,,,,,48,29,29,,29,剛爆發,,False,False
GEHC,Health Care,GE HealthCare,2026-09-03,69.72,-2.86,12.46,-12.93,-4.07,0.333,2572255,4463315,4589890,-57.4,-5.37,32.64,P-V-,P+V-,P-V+,➡️ 中性,50,40,49,46.8,,,,,,,,,,,,,,,,,,,,,,,,,,,,49,29,29,,29,剛爆發,,False,False
COO,Health Care,Cooper Companies (The),2026-09-03,70.64,-4.84,17.07,-15.82,-4.85,0.333,1627685,2502970,2407500,-15.66,8.26,-10.08,P-V-,P+V+,P-V-,➡️ 中性,54,32,51,46.8,,,,,,,,,,,,,,,,,,,,,,,,,,,,50,29,29,,29,剛爆發,,False,False
UHS,Health Care,Universal Health Services,2026-09-03,169.21,-2.38,16.21,-17.82,-5.45,0.333,621055,883596,896672,-38.81,-2.87,26.98,P-V-,P+V-,P-V+,➡️ 中性,49,34,53,45.3,,,,,,,,,,,,,,,,,,,,,,,,,,,,51,29,29,,29,剛爆發,,False,False
HCA,Health Care,HCA Healthcare,2026-09-03,409.2,-1.01,12.88,-22.95,-8.5,0.333,1215060,1544918,1389118,-31.76,25.27,10.98,P-V-,P+V+,P-V+,➡️ 中性,44,39,55,44.7,,,,,,,,,,,,,,,,,,,,,,,,,,,,52,29,29,,29,剛爆發,,False,False
ALGN,Health Care,Align Technology,2026-09-03,159.86,-7.95,-1.14,-15.43,-9.99,0.0,797690,959678,1051690,-15.17,-16.09,-17.71,P-V-,P-V-,P-V-,🧊 熊市縮量,57,55,50,55.0,,,,,,,,,,,,,,,,,,,,,,,,,,,,53,29,29,,29,剛爆發,,False,False
SYK,Health Care,Stryker Corporation,2026-09-03,307.99,-9.16,4.68,-19.99,-11.11,0.333,2207900,2440703,2459410,-12.01,-1.51,47.97,P-V-,P+V-,P-V+,➡️ 中性,58,52,54,55.4,,,,,,,,,,,,,,,,,,,,,,,,,,,,54,29,29,,29,剛爆發,,False,False
IDXX,Health Care,Idexx Laboratories,2026-09-03,529.29,-9.78,-5.61,-16.87,-12.28,0.0,511140,623456,599396,-22.21,8.36,18.94,P-V-,P-V+,P-V+,➡️ 中性,59,57,52,57.0,,,,,,,,,,,,,,,,,,,,,,,,,,,,55,29,29,,29,剛爆發,,False,False
ISRG,Health Care,Intuitive Surgical,2026-09-03,369.83,-2.37,-9.2,-25.48,-15.63,0.0,2302740,2980563,2536845,-45.85,42.4,18.06,P-V-,P-V+,P-V+,➡️ 中性,48,59,56,52.9,,,,,,,,,,,,,,,,,,,,,,,,,,,,56,29,29,,29,剛爆發,,False,False
PODD,Health Care,Insulet Corporation,2026-09-03,150.58,6.67,5.08,-38.65,-16.39,0.667,1628370,1624166,1445018,-5.94,28.3,90.86,P+V-,P+V+,P-V+,➡️ 中性,17,51,58,35.4,,,,,,,,,,,,,,,,,,,,,,,,,,,,57,29,29,,29,剛爆發,,False,False
ZTS,Health Care,Zoetis,2026-09-03,76.29,5.0,-0.99,-40.17,-19.08,0.333,5445005,6364280,6024206,-15.62,11.97,40.59,P+V-,P-V+,P-V+,➡️ 中性,28,54,59,42.0,,,,,,,,,,,,,,,,,,,,,,,,,,,,58,29,29,,29,剛爆發,,False,False
BSX,Health Care,Boston Scientific,2026-09-03,46.95,-4.79,-1.55,-38.4,-20.79,0.0,18834960,19967972,19033608,-6.61,10.32,66.38,P-V-,P-V+,P-V+,➡️ 中性,53,56,57,54.7,,,,,,,,,,,,,,,,,,,,,,,,,,,,59,29,29,,29,剛爆發,,False,False
PAYX,Industrials,Paychex,2026-09-03,125.08,4.2,28.37,35.82,26.05,1.0,2166365,3084640,3386011,-33.43,-16.35,1.59,P+V-,P+V-,P+V+,⚠️ 頂部背離,7,1,1,4.0,0.91,2.31,False,True,115.38,4.98,1.112,False,133.64,139.53,-6.41,-1.11,4.12,12.0,8.0,2257400.0,2029812.0,1.5,2932500.0,2107200.0,2207593.0,1.328,93.99,59.36,多頭,頭頭高·底底高,,1,7,3,3.8,1,吃老本,,False,True
ADP,Industrials,Automatic Data Processing,2026-09-03,283.53,4.5,25.44,33.99,24.48,1.0,2035720,2494035,2939098,-19.24,-26.3,21.22,P+V-,P+V-,P+V+,⚠️ 頂部背離,6,2,2,4.0,1.58,2.26,False,True,260.77,3.88,1.168,False,297.05,305.31,-4.55,-0.4,3.66,10.0,10.0,2193210.0,1878230.0,1.0,2346500.0,1958340.0,2047626.0,1.146,87.47,61.91,多頭,頭頭高·底底高,多頭確認,2,11,8,6.8,4,吃老本,,False,True
EXPD,Industrials,Expeditors International,2026-09-03,187.13,4.71,17.91,29.16,20.24,1.0,777085,1187675,1168885,-45.01,3.27,-18.49,P+V-,P+V+,P+V-,⚠️ 量能背離,5,8,3,5.5,19.93,27.77,False,True,177.76,4.23,0.936,False,192.28,192.28,-2.68,-1.88,4.8,13.0,7.0,759061.0,810557.0,1.857,789900.0,776020.0,741493.0,1.065,96.37,57.91,多頭,頭頭高·底底高,,3,4,12,5.2,3,,,False,True
SWK,Industrials,Stanley Black & Decker,2026-09-03,96.5,-7.11,24.1,17.34,12.92,0.667,1541965,1751553,1849710,-24.34,-10.08,-2.36,P-V-,P+V-,P+V-,➡️ 中性,43,3,6,23.6,29.86,34.6,False,True,95.08,7.4,1.252,False,104.68,104.68,-7.81,-2.76,-4.49,6.0,14.0,1795233.0,1433421.0,0.429,1481800.0,1440930.0,1455526.0,1.018,74.55,47.82,收斂,頭頭低·底底高,多轉空預警 / 空頭確認,4,23,13,13.4,9,吃老本,,False,True
DE,Industrials,Deere & Company,2026-09-03,694.41,11.85,18.34,10.68,12.89,1.0,1349685,1256150,1269096,29.04,-2.02,-15.96,P+V+,P+V-,P+V-,➡️ 中性,2,7,10,5.1,8.3,14.07,False,True,617.46,14.99,1.366,False,705.88,705.88,-1.62,11.52,12.94,11.0,9.0,1534818.0,1123411.0,1.222,1692900.0,1491400.0,1531840.0,1.105,100.0,68.67,擴散,頭頭高·底底低,多頭確認,5,1,10,4.4,2,,,False,True
J,Industrials,Jacobs Solutions,2026-09-03,147.54,1.95,21.95,6.72,9.33,1.0,834725,1036375,1067614,-8.99,-5.69,7.85,P+V-,P+V-,P+V+,⚠️ 頂部背離,11,4,19,10.5,0.8,7.09,False,True,137.75,5.35,0.844,False,166.66,168.44,-11.47,-2.04,2.69,12.0,8.0,777233.0,920962.0,1.5,724500.0,859660.0,850526.0,0.852,88.06,56.81,多頭,頭頭高·底底高,,6,10,18,10.0,6,,,False,True
GWW,Industrials,W. W. Grainger,2026-09-03,1312.84,2.96,2.43,14.39,8.54,1.0,215350,293603,273976,-29.25,15.43,-7.01,P+V-,P+V+,P+V-,⚠️ 量能背離,9,41,8,18.4,6.26,14.08,False,False,1338.8,4.15,1.062,False,1417.14,1419.91,-7.36,-0.62,2.56,10.0,10.0,221790.0,208910.0,1.0,147300.0,209540.0,207713.0,0.709,84.86,48.79,空頭,頭頭低·底底低,,7,14,25,13.4,9,吃老本,,False,True
DAL,Industrials,Delta Air Lines,2026-09-03,78.75,-13.78,0.21,23.2,8.2,0.667,4627500,6455926,8890263,-26.75,-42.99,8.98,P-V-,P+V-,P+V+,➡️ 中性,74,47,4,51.9,4.54,11.35,False,False,86.77,11.19,0.919,False,95.44,95.68,-17.49,-2.95,-14.38,7.0,13.0,4376700.0,4762546.0,0.538,4433000.0,5110110.0,5050960.0,0.878,64.35,37.28,收斂,頭頭低·底底高,多轉空預警 / 空頭確認,8,30,16,18.4,18,吃老本,,False,True
CSX,Industrials,CSX Corporation,2026-09-03,48.99,-2.28,5.78,14.14,7.95,0.667,9205445,11852524,12381676,-34.98,-8.2,-17.33,P-V-,P+V-,P+V-,➡️ 中性,23,33,9,23.2,4.19,10.6,False,False,49.97,8.27,0.921,False,53.45,53.6,-8.35,-4.69,-3.11,10.0,10.0,8827090.0,9583800.0,1.0,9896400.0,9816780.0,9172040.0,1.079,77.38,39.66,多頭,頭頭高·底底高,空頭確認,9,21,11,14.2,12,吃老本,,False,True
NDSN,Industrials,Nordson Corporation,2026-09-03,317.49,2.38,10.0,9.31,7.75,1.0,420840,396929,377386,28.47,10.92,-3.13,P+V+,P+V+,P+V-,🚀 健康多頭,10,19,13,13.3,5.03,1.48,False,True,304.59,8.45,1.201,False,339.12,339.12,-6.38,-4.04,2.75,9.0,11.0,463533.0,385909.0,0.818,213300.0,381700.0,471840.0,0.452,83.33,52.39,多頭,頭頭高·底底高,,10,15,30,16.0,15,,🎯 潛在暴漲,False,True
UNP,Industrials,Union Pacific Corporation,2026-09-03,289.15,-0.9,10.82,9.38,7.17,0.667,2411685,2755484,2884786,-25.69,-8.58,-21.46,P-V-,P+V-,P+V-,➡️ 中性,19,16,12,16.7,5.17,2.42,False,False,291.9,8.96,1.116,False,314.53,315.99,-8.07,-5.58,-1.65,9.0,11.0,2558066.0,2291918.0,0.818,2044600.0,2414740.0,2508266.0,0.815,78.58,40.26,收斂,頭頭低·底底高,多轉空預警 / 空轉多預警,11,20,20,16.4,16,吃老本,🎯 潛在暴漲,False,True
JBHT,Industrials,J.B. Hunt,2026-09-03,266.28,-0.83,-4.76,15.15,6.18,0.333,789465,959570,956172,-27.1,0.71,-23.97,P-V-,P-V+,P+V-,➡️ 中性,18,57,7,27.5,9.55,3.09,False,False,276.06,9.58,1.182,False,299.26,299.76,-11.02,1.1,-0.19,11.0,9.0,848372.0,717466.0,1.222,1164900.0,776840.0,761620.0,1.53,89.35,47.44,空頭,頭頭低·底底低,多轉空預警,12,9,2,8.8,5,,,False,True
URI,Industrials,United Rentals,2026-09-03,993.87,-14.38,-5.77,21.58,5.75,0.333,416165,487204,527623,-19.17,-14.23,-15.0,P-V-,P-V-,P+V-,⚠️ 主升段結束,77,61,5,57.8,10.11,8.63,False,False,1089.01,13.5,0.856,False,1177.15,1179.18,-15.57,-4.21,-14.37,9.0,11.0,381000.0,444936.0,0.818,322900.0,417560.0,424186.0,0.761,66.95,34.12,多頭,頭頭高·底底高,空轉多預警 / 空頭確認,13,28,23,21.0,22,吃老本,,False,True
BR,Industrials,Broadridge Financial Solutions,2026-09-03,178.91,8.12,18.77,-2.29,5.58,0.667,1241110,1329647,1456940,16.73,-16.07,71.02,P+V+,P+V-,P-V+,➡️ 中性,3,6,41,11.5,1.68,4.45,False,True,159.35,5.08,1.195,False,252.25,259.02,-29.07,-1.68,9.26,11.0,9.0,1339454.0,1120911.0,1.222,754100.0,1061460.0,1135960.0,0.664,94.13,60.93,多頭,頭頭高·底底高,空轉多預警,14,6,29,13.8,11,剛爆發,,False,True
VLTO,Industrials,Veralto,2026-09-03,97.88,-0.47,15.77,0.98,4.32,0.667,1452185,1930829,2007746,-17.46,-7.38,19.24,P-V-,P+V-,P+V+,➡️ 中性,15,10,30,16.5,10.34,6.41,False,True,94.98,3.79,1.213,False,109.28,109.86,-10.43,-0.5,-0.14,10.0,10.0,1592080.0,1312290.0,1.0,2032100.0,1670000.0,1531540.0,1.327,85.95,54.0,收斂,頭頭低·底底高,多轉空預警,15,12,4,11.6,7,,,False,True
WAB,Industrials,Wabtec,2026-09-03,280.83,-3.66,6.98,6.75,4.2,0.667,913145,922330,952736,-12.74,-6.19,5.46,P-V-,P+V-,P+V+,➡️ 中性,27,27,18,25.2,,,,,,,,,,,,,,,,,,,,,,,,,,,,16,31,31,,31,吃老本,,False,False
FAST,Industrials,Fastenal,2026-09-03,49.23,-5.03,6.54,7.41,4.08,0.667,6431600,7714352,7576713,-30.03,3.7,3.01,P-V-,P+V+,P+V+,➡️ 中性,34,30,15,29.0,1.25,0.84,False,True,48.51,9.0,1.101,False,52.92,52.92,-6.97,-3.73,-3.09,10.0,10.0,6742070.0,6121130.0,1.0,6664400.0,5696870.0,5758586.0,1.157,80.93,47.55,擴散,頭頭高·底底低,,17,17,7,15.0,14,,,False,True
CTAS,Industrials,Cintas,2026-09-03,201.05,-0.73,15.37,0.26,3.79,0.667,1693330,2188210,2239008,-36.36,-4.44,8.44,P-V-,P+V-,P+V+,➡️ 中性,17,11,33,18.4,2.35,0.4,False,True,196.3,4.89,0.944,False,218.6,219.17,-8.03,-1.52,-0.29,10.0,10.0,1644910.0,1741750.0,1.0,1210500.0,1676680.0,1740053.0,0.696,80.75,50.13,擴散,頭頭高·底底低,,18,18,26,19.6,20,,,False,True
MMM,Industrials,3M,2026-09-03,168.31,-7.57,11.47,5.24,3.59,0.667,2629575,3431052,3683561,-31.78,-12.83,13.6,P-V-,P+V-,P+V+,➡️ 中性,48,14,23,32.8,6.84,7.88,False,False,170.99,8.58,0.873,False,184.09,184.9,-8.57,-5.88,-6.45,8.0,11.0,2424812.0,2777127.0,0.727,3005800.0,2528060.0,2692186.0,1.116,69.96,34.77,多頭,頭頭高·底底高,,19,26,9,19.8,21,吃老本,,False,True
NSC,Industrials,Norfolk Southern,2026-09-03,327.83,-1.95,7.87,4.12,3.54,0.667,1246835,1154013,1223206,7.96,-10.71,-13.63,P-V+,P+V-,P+V-,➡️ 中性,22,23,27,23.3,,,,,,,,,,,,,,,,,,,,,,,,,,,,20,31,31,,31,吃老本,,False,False
RSG,Industrials,Republic Services,2026-09-03,225.12,4.92,10.57,-1.72,3.01,0.667,1461545,1496226,1560451,6.99,-7.91,10.3,P+V+,P+V-,P-V+,➡️ 中性,4,18,40,15.4,1.7,3.77,False,True,217.3,3.21,0.955,False,232.5,235.18,-3.17,2.67,7.41,13.0,7.0,1437776.0,1505685.0,1.857,1395500.0,1534870.0,1466720.0,0.951,100.0,62.35,擴散,頭頭高·底底低,多頭確認,21,1,15,11.8,8,剛爆發,,False,True
FDX,Industrials,FedEx,2026-09-03,324.31,1.8,0.33,4.74,2.9,1.0,1531320,1811436,2010196,1.66,-18.0,-12.54,P+V+,P+V-,P+V-,➡️ 中性,12,46,24,24.6,6.53,25.52,False,True,319.58,7.76,1.191,False,344.08,345.37,-5.75,-2.14,2.67,7.0,12.0,1717742.0,1442216.0,0.583,2529200.0,1482770.0,1443033.0,1.753,80.34,49.63,收斂,頭頭低·底底高,多轉空預警 / 空轉多預警,22,19,1,16.6,17,,🎯 潛在暴漲,True,True
IEX,Industrials,IDEX Corporation,2026-09-03,223.1,-4.85,3.94,6.19,2.87,0.667,552940,672766,719250,-26.57,-12.14,1.08,P-V-,P+V-,P+V+,➡️ 中性,30,36,20,29.8,,,,,,,,,,,,,,,,,,,,,,,,,,,,23,31,31,,31,吃老本,,False,False
GEV,Industrials,GE Vernova,2026-09-03,941.84,-4.9,-1.78,7.0,1.83,0.333,2085395,2737760,2634383,-25.45,8.17,-13.85,P-V-,P-V+,P+V-,➡️ 中性,31,51,16,34.0,,,,,,,,,,,,,,,,,,,,,,,,,,,,24,31,31,,31,吃老本,,False,False
UBER,Industrials,Uber,2026-09-03,75.96,1.25,5.96,0.01,1.81,1.0,16405150,19196284,18349065,-14.54,9.68,-3.68,P+V-,P+V+,P+V-,⚠️ 量能背離,13,32,34,22.9,40.22,-81.74,False,True,74.02,9.98,1.066,False,101.99,101.99,-25.52,-1.29,7.79,12.0,8.0,16822475.0,15779162.0,1.5,14420700.0,13581480.0,14441773.0,0.999,95.32,50.63,多頭,頭頭高·底底高,空轉多預警,25,5,14,14.8,13,剛爆發,,False,True
ALLE,Industrials,Allegion,2026-09-03,155.56,-7.92,20.05,-3.51,1.28,0.333,1390990,1342732,1156440,-0.88,38.4,34.19,P-V-,P+V+,P-V+,➡️ 中性,54,5,44,37.3,8.29,-5.09,False,True,152.31,9.36,0.716,False,181.67,183.11,-14.37,-2.6,-7.79,8.0,12.0,1124000.0,1568983.0,0.667,1022200.0,1734110.0,1494966.0,0.684,66.82,46.13,多頭,頭頭高·底底高,空頭確認,26,29,27,27.4,27,,,False,True
GD,Industrials,General Dynamics,2026-09-03,365.87,-6.68,9.03,1.21,1.19,0.667,878790,1161738,1250135,-26.48,-13.21,5.1,P-V-,P+V-,P+V+,➡️ 中性,40,22,29,32.4,,,,,,,,,,,,,,,,,,,,,,,,,,,,27,31,31,,31,,,False,False
PCAR,Industrials,Paccar,2026-09-03,124.51,-6.21,9.14,0.64,1.05,0.667,2509640,3301920,3037820,-34.86,19.04,-4.25,P-V-,P+V+,P+V-,➡️ 中性,38,21,32,31.7,,,,,,,,,,,,,,,,,,,,,,,,,,,,28,31,31,,31,,,False,False
MAS,Industrials,Masco,2026-09-03,71.42,-7.45,3.12,3.26,0.55,0.667,1829470,2353212,2618393,-36.3,-18.39,7.2,P-V-,P+V-,P+V+,➡️ 中性,46,38,28,40.0,,,,,,,,,,,,,,,,,,,,,,,,,,,,29,31,31,,31,,,False,False
EMR,Industrials,Emerson Electric,2026-09-03,150.21,-4.76,6.98,-0.49,0.31,0.333,2273465,2696681,2828426,-24.69,-8.9,-4.85,P-V-,P+V-,P-V-,➡️ 中性,29,27,36,29.8,,,,,,,,,,,,,,,,,,,,,,,,,,,,30,31,31,,31,,,False,False
RTX,Industrials,RTX Corporation,2026-09-03,202.13,-9.07,17.53,-4.01,0.11,0.333,4123110,4923163,5253307,-21.17,-11.83,3.51,P-V-,P+V-,P-V+,➡️ 中性,58,9,45,40.7,13.71,16.95,False,False,206.91,6.45,0.973,False,226.41,226.88,-10.72,-4.69,-9.16,7.0,13.0,4051357.0,4161746.0,0.538,3706300.0,3892290.0,4274200.0,0.867,67.74,36.78,多頭,頭頭高·底底高,,31,27,17,26.6,25,,,False,True
ROK,Industrials,Rockwell Automation,2026-09-03,428.28,-2.59,-6.96,4.56,-0.11,0.333,698190,812603,823286,-19.29,-2.56,-7.97,P-V-,P-V-,P+V-,⚠️ 主升段結束,24,62,25,35.6,,,,,,,,,,,,,,,,,,,,,,,,,,,,32,31,31,,31,,,False,False
CPRT,Industrials,Copart,2026-09-03,33.58,13.22,10.64,-12.35,-0.21,0.667,10020185,11807667,10308294,-13.79,34.04,21.46,P+V-,P+V+,P-V+,➡️ 中性,1,17,62,18.0,5.71,-8.12,True,True,30.01,8.21,1.236,False,50.11,50.11,-32.99,2.5,15.75,10.0,9.0,11035270.0,8925322.0,1.111,8396900.0,7963300.0,10589666.0,0.793,98.76,63.38,多頭,頭頭高·底底高,空轉多預警,33,3,21,18.6,19,剛爆發,,False,True
FIX,Industrials,Comfort Systems USA,2026-09-03,1580.19,-6.7,-14.54,10.03,-0.3,0.333,374155,482598,450753,-29.33,15.2,-8.3,P-V-,P-V+,P+V-,➡️ 中性,41,73,11,44.6,19.85,54.44,False,False,1718.46,13.0,0.984,False,2072.1,2073.99,-23.74,-2.15,-7.74,9.0,11.0,370888.0,376827.0,0.818,265800.0,375350.0,390020.0,0.682,73.99,43.07,擴散,頭頭高·底底低,,34,24,28,28.8,29,剛爆發,,False,True
EFX,Industrials,Equifax,2026-09-03,189.09,3.88,11.45,-8.28,-0.31,0.667,1014195,1577401,1615049,-43.2,-4.56,7.59,P+V-,P+V-,P-V+,➡️ 中性,8,15,54,19.3,2.28,9.7,False,True,177.21,7.57,1.389,False,268.77,271.84,-29.65,-0.38,7.88,10.0,10.0,1179250.0,849140.0,1.0,749800.0,908260.0,992160.0,0.756,93.88,55.84,多頭,頭頭高·底底高,,35,8,24,22.0,23,剛爆發,,False,True
UAL,Industrials,United Airlines Holdings,2026-09-03,108.66,-16.13,3.35,5.28,-0.56,0.667,3058250,4384086,6086672,-28.96,-43.72,7.96,P-V-,P+V-,P+V+,➡️ 中性,80,37,22,55.5,,,,,,,,,,,,,,,,,,,,,,,,,,,,36,31,31,,31,,,False,False
PWR,Industrials,Quanta Services,2026-09-03,620.06,-7.71,-13.35,8.31,-1.11,0.333,1068925,1224150,1181993,-7.34,7.4,15.55,P-V-,P-V+,P+V+,➡️ 中性,53,70,14,50.3,28.11,31.8,False,False,654.05,11.92,0.914,False,788.63,788.75,-21.37,-0.28,-7.15,10.0,10.0,1021010.0,1116840.0,1.0,870800.0,1117630.0,1143366.0,0.762,76.59,44.02,空頭,頭頭低·底底低,,37,22,22,28.0,28,剛爆發,,False,True
ETN,Industrials,Eaton Corporation,2026-09-03,397.12,-11.49,-5.49,6.11,-1.19,0.333,1706125,2240952,2444451,-32.02,-15.37,-8.68,P-V-,P-V-,P+V-,⚠️ 主升段結束,68,60,21,56.2,,,,,,,,,,,,,,,,,,,,,,,,,,,,38,31,31,,31,剛爆發,,False,False
PH,Industrials,Parker Hannifin,2026-09-03,964.52,-10.0,13.6,-4.23,-1.21,0.333,608140,652096,719617,-5.77,-17.16,15.15,P-V-,P+V-,P-V+,➡️ 中性,64,12,47,45.0,12.15,4.36,False,False,989.93,11.28,1.003,False,1097.73,1099.94,-12.13,-4.42,-9.66,8.0,12.0,609112.0,607491.0,0.667,524100.0,644100.0,617600.0,0.849,69.98,40.88,多頭,頭頭高·底底高,,39,25,19,29.4,30,剛爆發,,False,True
CAT,Industrials,Caterpillar Inc.,2026-09-03,800.14,-4.99,-13.45,6.76,-1.23,0.333,2449945,3170750,2859740,-22.14,24.41,2.2,P-V-,P-V+,P+V+,➡️ 中性,33,71,17,41.2,,,,,,,,,,,,,,,,,,,,,,,,,,,,40,31,31,,31,剛爆發,,False,False
SNA,Industrials,Snap-on,2026-09-03,384.19,-7.15,2.43,-0.1,-1.23,0.333,260305,338084,363970,-33.45,-13.28,13.55,P-V-,P+V-,P-V+,➡️ 中性,44,41,35,41.3,,,,,,,,,,,,,,,,,,,,,,,,,,,,40,31,31,,31,剛爆發,,False,False
AXON,Industrials,Axon Enterprise,2026-09-03,538.15,-5.75,11.77,-5.92,-1.46,0.333,865765,987252,1040999,3.64,-9.82,23.9,P-V+,P+V-,P-V+,➡️ 中性,37,13,50,32.4,1.96,0.8,False,False,565.41,23.73,1.129,False,794.29,794.29,-32.25,-11.95,3.0,10.0,10.0,918300.0,813230.0,1.0,869600.0,773560.0,737973.0,1.178,81.78,43.9,收斂,頭頭低·底底高,多轉空預警,42,16,5,24.2,24,剛爆發,,False,True
HWM,Industrials,Howmet Aerospace,2026-09-03,260.49,-7.59,4.82,-1.65,-1.52,0.333,2733270,2772995,2580976,31.45,16.08,11.13,P-V+,P+V+,P-V+,➡️ 中性,49,34,38,42.3,,,,,,,,,,,,,,,,,,,,,,,,,,,,43,31,31,,31,剛爆發,,False,False
AME,Industrials,Ametek,2026-09-03,234.2,-7.67,2.77,-2.71,-2.58,0.333,1335905,1234598,1275843,14.43,-6.26,-3.4,P-V+,P+V-,P-V-,➡️ 中性,50,40,42,45.4,,,,,,,,,,,,,,,,,,,,,,,,,,,,44,31,31,,31,剛爆發,,False,False
ITW,Industrials,Illinois Tool Works,2026-09-03,271.65,-8.43,9.2,-5.55,-2.58,0.333,973815,1322070,1319287,-37.02,0.42,7.18,P-V-,P+V+,P-V+,➡️ 中性,55,20,49,43.3,,,,,,,,,,,,,,,,,,,,,,,,,,,,44,31,31,,31,剛爆發,,False,False
GE,Industrials,GE Aerospace,2026-09-03,333.48,-9.89,6.12,-3.29,-2.59,0.333,3503570,4161660,5035428,-10.09,-29.57,8.07,P-V-,P+V-,P-V+,➡️ 中性,61,31,43,48.4,,,,,,,,,,,,,,,,,,,,,,,,,,,,46,31,31,,31,剛爆發,,False,False
VRT,Industrials,Vertiv,2026-09-03,268.83,-1.31,-18.87,4.35,-2.87,0.333,4022590,5873321,6675145,-37.18,-21.45,-2.66,P-V-,P-V-,P+V-,⚠️ 主升段結束,20,76,26,38.0,,,,,,,,,,,,,,,,,,,,,,,,,,,,47,31,31,,31,剛爆發,,False,False
JCI,Industrials,Johnson Controls,2026-09-03,142.23,-6.56,-2.95,-1.65,-3.2,0.0,2802400,3933535,3758236,-21.69,9.79,-23.46,P-V-,P-V+,P-V-,➡️ 中性,39,52,38,42.7,,,,,,,,,,,,,,,,,,,,,,,,,,,,48,31,31,,31,剛爆發,,False,False
FTV,Industrials,Fortive,2026-09-03,57.5,-6.71,-4.91,-1.52,-3.66,0.0,2138010,2698924,2950327,-28.01,-15.7,-16.05,P-V-,P-V-,P-V-,🧊 熊市縮量,42,59,37,46.1,,,,,,,,,,,,,,,,,,,,,,,,,,,,49,31,31,,31,剛爆發,,False,False
VRSK,Industrials,Verisk Analytics,2026-09-03,190.6,-0.64,7.17,-10.79,-3.76,0.333,1214800,2080481,2004573,-30.04,7.87,26.13,P-V-,P+V+,P-V+,➡️ 中性,16,26,58,27.4,,,,,,,,,,,,,,,,,,,,,,,,,,,,50,31,31,,31,剛爆發,,False,False
UPS,Industrials,United Parcel Service,2026-09-03,103.5,0.62,-3.24,-6.55,-3.93,0.333,4305930,4982638,5677487,-22.0,-21.81,-18.43,P+V-,P-V-,P-V-,➡️ 中性,14,53,51,33.1,5.75,4.84,False,False,106.63,5.13,1.133,False,116.86,122.41,-11.43,-2.06,1.89,10.0,10.0,4574120.0,4037740.0,1.0,4810800.0,4154120.0,4132253.0,1.164,85.13,46.59,擴散,頭頭高·底底低,,51,13,6,26.8,26,剛爆發,,False,True
WM,Industrials,Waste Management,2026-09-03,221.72,-2.62,2.15,-8.02,-4.13,0.333,1967155,2125924,2116950,1.44,0.85,8.5,P-V+,P+V+,P-V+,➡️ 中性,25,43,53,36.0,,,,,,,,,,,,,,,,,,,,,,,,,,,,52,31,31,,31,剛爆發,,False,False
EME,Industrials,Emcor,2026-09-03,741.32,-9.25,-11.65,0.86,-4.8,0.333,344560,432518,401767,-31.72,16.58,-19.73,P-V-,P-V+,P+V-,➡️ 中性,59,66,31,55.5,,,,,,,,,,,,,,,,,,,,,,,,,,,,53,31,31,,31,剛爆發,,False,False
TT,Industrials,Trane Technologies,2026-09-03,444.14,-7.7,-4.22,-4.05,-5.0,0.0,893250,1203870,1275697,-32.58,-10.66,-10.83,P-V-,P-V-,P-V-,🧊 熊市縮量,51,54,46,50.9,,,,,,,,,,,,,,,,,,,,,,,,,,,,54,31,31,,31,剛爆發,,False,False
BA,Industrials,Boeing,2026-09-03,210.51,-10.2,-0.03,-8.37,-6.74,0.0,4876035,5741916,6391082,-23.21,-18.44,-18.99,P-V-,P-V-,P-V-,🧊 熊市縮量,65,48,55,57.9,,,,,,,,,,,,,,,,,,,,,,,,,,,,55,31,31,,31,剛爆發,,False,False
CARR,Industrials,Carrier Global,2026-09-03,59.08,-7.7,-12.26,-6.79,-8.39,0.0,5127545,6100290,6470504,-29.84,-10.82,-7.67,P-V-,P-V-,P-V-,🧊 熊市縮量,51,67,52,56.0,,,,,,,,,,,,,,,,,,,,,,,,,,,,56,31,31,,31,剛爆發,,False,False
TDG,Industrials,TransDigm Group,2026-09-03,1157.83,-5.5,-4.44,-12.04,-8.5,0.0,368825,391778,396005,-13.04,-2.11,16.95,P-V-,P-V-,P-V+,😴 弱勢縮量,36,56,60,46.8,,,,,,,,,,,,,,,,,,,,,,,,,,,,57,31,31,,31,剛爆發,,False,False
HUBB,Industrials,Hubbell Incorporated,2026-09-03,460.15,-10.2,-4.81,-10.45,-8.98,0.0,437549,575677,592868,-29.53,-5.64,14.76,P-V-,P-V-,P-V+,😴 弱勢縮量,65,58,57,61.3,,,,,,,,,,,,,,,,,,,,,,,,,,,,58,31,31,,31,剛爆發,,False,False
FERG,Industrials,Ferguson Enterprises,2026-09-03,223.23,-12.71,-0.9,-12.21,-9.5,0.0,1608460,2292686,1842643,-61.07,64.63,13.02,P-V-,P-V+,P-V+,➡️ 中性,70,49,61,61.9,,,,,,,,,,,,,,,,,,,,,,,,,,,,59,31,31,,31,剛爆發,,False,False
DD,Industrials,DuPont,2026-09-03,131.13,-7.55,-8.48,-11.21,-9.61,0.0,1184020,1435374,1356549,-30.53,12.34,-35.04,P-V-,P-V+,P-V-,➡️ 中性,47,63,59,54.2,,,,,,,,,,,,,,,,,,,,,,,,,,,,60,31,31,,31,剛爆發,,False,False
AOS,Industrials,A. O. Smith,2026-09-03,60.53,-5.39,7.34,-21.41,-10.22,0.333,1239165,1676427,1637025,-33.58,4.93,31.9,P-V-,P+V+,P-V+,➡️ 中性,35,25,72,39.4,,,,,,,,,,,,,,,,,,,,,,,,,,,,61,31,31,,31,剛爆發,,False,False
XYL,Industrials,Xylem Inc.,2026-09-03,107.89,-9.99,-1.27,-15.7,-10.67,0.0,1654480,1873009,2020289,-18.1,-13.59,42.48,P-V-,P-V-,P-V+,😴 弱勢縮量,63,50,64,59.3,,,,,,,,,,,,,,,,,,,,,,,,,,,,62,31,31,,31,剛爆發,,False,False
LMT,Industrials,Lockheed Martin,2026-09-03,532.95,-8.79,4.73,-20.24,-11.13,0.333,988915,1180932,1353684,-18.96,-22.63,-10.64,P-V-,P+V-,P-V-,➡️ 中性,57,35,68,52.6,,,,,,,,,,,,,,,,,,,,,,,,,,,,63,31,31,,31,剛爆發,,False,False
IR,Industrials,Ingersoll Rand,2026-09-03,75.4,-13.28,7.63,-19.7,-11.26,0.333,3362940,4066278,3825454,-25.88,13.44,11.26,P-V-,P+V+,P-V+,➡️ 中性,72,24,67,56.6,,,,,,,,,,,,,,,,,,,,,,,,,,,,64,31,31,,31,剛爆發,,False,False
OTIS,Industrials,Otis Worldwide,2026-09-03,71.48,-2.81,2.85,-22.72,-11.35,0.333,3251385,3632083,3706845,-17.74,-3.95,25.56,P-V-,P+V-,P-V+,➡️ 中性,26,39,73,39.3,,,,,,,,,,,,,,,,,,,,,,,,,,,,65,31,31,,31,剛爆發,,False,False
CMI,Industrials,Cummins,2026-09-03,545.5,-15.01,-19.76,-5.36,-11.37,0.0,902765,1028083,954057,-11.73,16.82,3.65,P-V-,P-V+,P-V+,➡️ 中性,78,77,48,71.7,,,,,,,,,,,,,,,,,,,,,,,,,,,,66,31,31,,31,剛爆發,,False,False
LDOS,Industrials,Leidos,2026-09-03,132.36,-3.79,6.82,-25.78,-12.13,0.333,1291495,1599470,1393190,-16.02,34.76,57.44,P-V-,P+V+,P-V+,➡️ 中性,28,29,74,37.5,,,,,,,,,,,,,,,,,,,,,,,,,,,,67,31,31,,31,剛爆發,,False,False
DOV,Industrials,Dover Corporation,2026-09-03,191.07,-9.26,-10.27,-15.17,-12.47,0.0,1038160,1135243,1072021,-16.52,12.53,-8.78,P-V-,P-V+,P-V-,➡️ 中性,60,64,63,61.8,,,,,,,,,,,,,,,,,,,,,,,,,,,,68,31,31,,31,剛爆發,,False,False
ODFL,Industrials,Old Dominion,2026-09-03,185.75,-14.01,-21.19,-10.21,-13.91,0.0,1593900,1782546,1936550,-9.76,-14.73,-12.59,P-V-,P-V-,P-V-,🧊 熊市縮量,75,78,56,72.1,,,,,,,,,,,,,,,,,,,,,,,,,,,,69,31,31,,31,剛爆發,,False,False
LUV,Industrials,Southwest Airlines,2026-09-03,38.73,-17.3,-4.38,-18.69,-14.76,0.0,4207285,5596496,6812750,-26.15,-30.3,-29.47,P-V-,P-V-,P-V-,🧊 熊市縮量,81,55,65,70.0,,,,,,,,,,,,,,,,,,,,,,,,,,,,70,31,31,,31,剛爆發,,False,False
CHRW,Industrials,C.H. Robinson,2026-09-03,146.06,-1.78,-18.56,-21.12,-15.65,0.0,1255380,1717847,1773669,-51.06,-6.1,-8.31,P-V-,P-V-,P-V-,🧊 熊市縮量,21,75,70,47.0,,,,,,,,,,,,,,,,,,,,,,,,,,,,71,31,31,,31,剛爆發,,False,False
HON,Industrials,Honeywell Technologies,2026-09-03,207.63,-15.42,-11.06,-19.5,-16.37,0.0,2874965,4154959,4024495,-14.13,6.7,-3.63,P-V-,P-V+,P-V-,➡️ 中性,79,65,66,72.2,,,,,,,,,,,,,,,,,,,,,,,,,,,,72,31,31,,31,剛爆發,,False,False
TXT,Industrials,Textron,2026-09-03,79.37,-11.25,-13.12,-21.13,-16.66,0.0,1388395,1595572,1498053,-23.41,13.93,-2.57,P-V-,P-V+,P-V-,➡️ 中性,67,68,71,68.1,,,,,,,,,,,,,,,,,,,,,,,,,,,,73,31,31,,31,剛爆發,,False,False
NOC,Industrials,Northrop Grumman,2026-09-03,528.24,-7.16,0.87,-30.6,-16.87,0.333,653515,889180,867263,-27.18,5.19,6.17,P-V-,P+V+,P-V+,➡️ 中性,45,45,76,51.2,,,,,,,,,,,,,,,,,,,,,,,,,,,,74,31,31,,31,剛爆發,,False,False
HII,Industrials,Huntington Ingalls Industries,2026-09-03,290.73,-9.98,1.58,-35.35,-19.77,0.333,392160,488833,502803,-31.62,-5.41,-0.19,P-V-,P+V-,P-V-,➡️ 中性,62,44,78,59.8,,,,,,,,,,,,,,,,,,,,,,,,,,,,75,31,31,,31,剛爆發,,False,False
LHX,Industrials,L3Harris,2026-09-03,260.89,-8.56,-13.26,-30.22,-20.56,0.0,1579160,1522663,1461725,2.41,8.7,19.0,P-V+,P-V+,P-V+,📉 主力出貨,56,69,75,63.7,,,,,,,,,,,,,,,,,,,,,,,,,,,,76,31,31,,31,剛爆發,,False,False
GNRC,Industrials,Generac,2026-09-03,183.02,-13.76,-35.85,-20.56,-22.68,0.0,965575,1049346,978685,-21.99,15.56,-14.15,P-V-,P-V+,P-V-,➡️ 中性,73,81,69,74.6,,,,,,,,,,,,,,,,,,,,,,,,,,,,77,31,31,,31,剛爆發,,False,False
BLDR,Industrials,Builders FirstSource,2026-09-03,64.18,-14.07,-13.57,-35.44,-24.63,0.0,1877575,2235443,2436007,-19.86,-15.21,18.72,P-V-,P-V-,P-V+,😴 弱勢縮量,76,72,79,75.4,,,,,,,,,,,,,,,,,,,,,,,,,,,,78,31,31,,31,剛爆發,,False,False
LII,Industrials,Lennox International,2026-09-03,386.08,-12.21,-24.9,-31.11,-24.83,0.0,473735,485069,470433,-20.41,6.42,1.25,P-V-,P-V+,P-V+,➡️ 中性,69,80,77,73.9,,,,,,,,,,,,,,,,,,,,,,,,,,,,79,31,31,,31,剛爆發,,False,False
PNR,Industrials,Pentair,2026-09-03,60.02,-12.88,-15.63,-38.38,-26.31,0.0,3837535,3220204,2555030,-3.35,70.39,82.7,P-V-,P-V+,P-V+,➡️ 中性,71,74,80,73.7,,,,,,,,,,,,,,,,,,,,,,,,,,,,80,31,31,,31,剛爆發,,False,False
ROL,Industrials,"Rollins, Inc.",2026-09-03,35.71,-4.92,-21.63,-40.86,-27.07,0.0,4476075,5154412,4174058,-28.61,61.39,64.91,P-V-,P-V+,P-V+,➡️ 中性,32,79,81,55.9,,,,,,,,,,,,,,,,,,,,,,,,,,,,81,31,31,,31,剛爆發,,False,False
DELL,Information Technology,Dell Technologies,2026-09-03,516.39,13.8,22.84,237.9,128.11,1.0,8023885,7820829,8349788,25.43,-11.92,11.91,P+V+,P+V-,P+V+,➡️ 中性,8,10,1,7.2,43.14,63.99,False,True,436.92,23.63,1.578,False,530.78,530.78,-2.71,9.34,17.99,10.0,10.0,9823660.0,6224110.0,1.0,20328000.0,10566100.0,8745246.0,2.324,100.0,62.55,多頭,頭頭高·底底高,空轉多預警 / 多頭確認,1,1,3,1.4,1,,🔥 追高風險,False,True
SNDK,Information Technology,Sandisk,2026-09-03,1554.99,28.28,-15.1,151.18,78.88,0.667,13157875,13889081,14979244,-22.16,-13.57,18.65,P+V-,P-V-,P+V+,⚠️ 頂部背離,2,46,3,15.4,13.72,59.67,False,False,1562.15,12.95,1.086,False,2354.39,2354.39,-33.95,4.72,23.55,12.0,8.0,13587300.0,12513737.0,1.5,8688900.0,10934260.0,12984733.0,0.669,100.0,52.58,多頭,頭頭高·底底高,空轉多預警,2,1,31,7.4,2,,🔥 追高風險,False,True
HPE,Information Technology,Hewlett Packard Enterprise,2026-09-03,54.44,2.29,-1.0,148.31,74.48,0.667,20575840,22252792,22243373,20.18,0.08,-13.41,P+V+,P-V+,P+V-,➡️ 中性,23,32,4,21.9,18.41,48.03,False,True,49.9,19.0,1.722,False,64.06,64.25,-15.02,0.06,3.83,9.0,11.0,26744900.0,15528427.0,0.818,72139300.0,25144100.0,21485780.0,3.358,94.74,55.43,收斂,頭頭低·底底高,多轉空預警,3,15,1,7.4,2,吃老本,🔥 追高風險,False,True
MRVL,Information Technology,Marvell Technology,2026-09-03,208.83,-4.52,-30.75,158.45,70.41,0.333,24391325,38006561,33352853,2.71,32.43,81.33,P-V+,P-V+,P+V+,⚠️ 中期出貨,44,65,2,41.9,0.99,0.64,False,False,221.81,24.02,0.9,False,329.8,329.88,-36.68,-13.51,-0.81,10.0,10.0,23105710.0,25676940.0,1.0,18768900.0,25269530.0,25826373.0,0.727,74.86,44.87,空頭,頭頭低·底底低,多轉空預警,4,28,28,18.4,18,吃老本,🔥 追高風險,False,True
MU,Information Technology,Micron Technology,2026-09-03,958.16,9.18,-11.23,132.32,65.65,0.667,27673215,43999458,45893334,-39.13,-7.93,58.96,P+V-,P-V-,P+V+,⚠️ 頂部背離,12,39,5,18.7,21.39,33.21,False,True,942.2,10.86,0.938,False,1254.81,1255.0,-23.64,2.43,8.7,11.0,9.0,26867500.0,28657977.0,1.222,24175900.0,23739760.0,25875286.0,0.934,90.93,53.49,多頭,頭頭高·底底高,空轉多預警,5,18,16,12.4,7,吃老本,🔥 追高風險,False,True
CRWD,Information Technology,CrowdStrike,2026-09-03,214.97,0.26,15.02,123.43,65.53,1.0,10222695,10763550,12605495,21.93,-25.5,3.36,P+V+,P+V-,P+V+,➡️ 中性,33,17,7,23.0,6.38,3.05,False,True,199.94,25.45,1.303,False,233.88,233.88,-8.09,-5.7,3.65,8.0,12.0,11880112.0,9117750.0,0.667,12070100.0,13160480.0,11420546.0,1.057,82.72,53.98,多頭,頭頭高·底底高,空轉多預警,6,22,12,13.6,10,吃老本,🔥 追高風險,False,True
PANW,Information Technology,Palo Alto Networks,2026-09-03,331.94,-8.77,18.37,121.07,62.94,0.667,6121925,6915143,7595205,-0.39,-16.44,1.66,P-V-,P+V-,P+V+,➡️ 中性,54,15,8,33.1,4.35,6.62,False,False,348.5,18.59,0.996,False,398.88,398.88,-16.78,-13.3,-7.66,8.0,12.0,6108737.0,6130716.0,0.667,6903200.0,7126340.0,6378266.0,1.082,67.52,43.02,擴散,頭頭高·底底低,,7,32,10,17.6,16,吃老本,🔥 追高風險,False,True
AMD,Information Technology,Advanced Micro Devices,2026-09-03,456.16,-5.63,-15.92,129.66,59.45,0.333,17852590,26666029,32132886,-39.96,-29.08,-32.08,P-V-,P-V-,P+V-,⚠️ 主升段結束,49,47,6,39.8,3.21,5.82,False,False,500.37,10.83,0.952,False,584.73,584.73,-21.99,-4.3,-6.77,9.0,11.0,17372366.0,18245500.0,0.818,14868100.0,15159400.0,17022046.0,0.873,73.15,42.75,空頭,頭頭低·底底低,,8,30,21,19.4,20,吃老本,🔥 追高風險,False,True
STX,Information Technology,Seagate Technology,2026-09-03,798.61,-1.74,-15.04,110.94,51.28,0.333,3793730,4688441,4325823,-32.52,18.3,-0.25,P-V-,P-V+,P+V-,➡️ 中性,37,45,9,33.8,12.09,16.76,False,False,857.05,13.62,1.041,False,1144.18,1145.0,-30.2,-5.74,-6.37,9.0,11.0,3878088.0,3724709.0,0.818,2968000.0,2993860.0,3555320.0,0.835,74.38,43.36,收斂,頭頭低·底底高,多轉空預警,9,29,25,20.2,24,吃老本,🔥 追高風險,True,True
FTNT,Information Technology,Fortinet,2026-09-03,156.36,-2.05,6.74,97.47,49.91,0.667,4442700,5593298,5871471,-19.75,-9.05,-3.28,P-V-,P+V-,P+V-,➡️ 中性,39,26,11,29.5,20.53,32.63,False,False,158.65,16.03,1.055,False,173.89,173.89,-10.08,-9.5,-2.34,9.0,11.0,4574555.0,4334818.0,0.818,3123000.0,4631060.0,4402120.0,0.709,75.53,47.88,多頭,頭頭高·底底高,空轉多預警,10,27,30,20.8,26,吃老本,,False,True
HPQ,Information Technology,HP Inc.,2026-09-03,31.93,6.26,24.11,75.63,45.41,1.0,15193290,15742210,17785932,0.37,-20.61,22.93,P+V+,P+V-,P+V+,➡️ 中性,16,7,14,12.9,19.99,20.26,False,True,27.01,19.16,1.0,False,32.55,32.55,-1.9,7.76,13.31,10.0,10.0,15193240.0,15193340.0,1.0,13804600.0,17789520.0,15217300.0,0.907,93.59,63.88,多頭,頭頭高·底底高,,11,16,18,14.4,11,,,False,True
INTC,Information Technology,Intel,2026-09-03,91.67,-9.82,-18.67,101.47,43.61,0.333,96835055,114026049,117337309,-15.33,-5.49,9.63,P-V-,P-V-,P+V+,😴 弱勢縮量,56,53,10,45.9,94.59,2108.68,False,False,101.35,9.57,1.018,False,142.35,142.35,-35.6,-0.46,-8.16,11.0,9.0,97596290.0,95904655.0,1.222,79927800.0,81354210.0,87695946.0,0.911,81.07,45.48,收斂,頭頭低·底底高,多轉空預警 / 空轉多預警,12,23,17,17.4,14,吃老本,🔥 追高風險,True,True
NTAP,Information Technology,NetApp,2026-09-03,185.38,-2.18,2.69,86.62,43.43,0.667,2563250,2766012,2760830,3.09,0.38,25.09,P-V+,P+V+,P+V+,⚠️ 中期出貨,40,30,13,31.6,21.54,7.22,False,True,177.98,18.29,1.272,False,209.06,209.06,-11.33,-2.76,-3.19,8.0,12.0,2940800.0,2311550.0,0.667,6230300.0,2660620.0,2558373.0,2.435,79.25,48.84,多頭,頭頭高·底底高,,13,24,2,15.2,13,吃老本,,False,True
WDAY,Information Technology,"Workday, Inc.",2026-09-03,206.92,15.19,40.86,54.41,41.21,1.0,5010020,4838286,5028453,15.13,-7.29,36.59,P+V+,P+V-,P+V+,➡️ 中性,6,2,18,7.2,5.27,5.68,False,True,164.15,11.97,1.402,False,249.85,249.85,-17.18,6.9,21.55,10.0,10.0,5847890.0,4172150.0,1.0,2981900.0,4408600.0,4573613.0,0.652,100.0,65.21,多頭,頭頭高·底底高,,14,1,32,12.4,7,剛爆發,,False,True
DDOG,Information Technology,Datadog,2026-09-03,214.76,-8.19,-14.21,93.29,41.04,0.333,4471590,4805256,5177062,-5.12,-13.4,3.18,P-V-,P-V-,P+V+,😴 弱勢縮量,52,43,12,41.3,11.45,18.25,False,False,249.39,19.22,1.278,False,292.72,292.72,-26.63,-11.6,-6.34,9.0,11.0,5079355.0,3974327.0,0.818,4832400.0,3845910.0,3861126.0,1.252,76.2,39.31,空頭,頭頭低·底底低,多轉空預警 / 空頭確認,15,26,5,17.4,14,吃老本,,False,True
ZBRA,Information Technology,Zebra Technologies,2026-09-03,357.5,-5.04,43.4,59.66,39.42,0.667,606885,789626,856400,-30.52,-14.47,28.35,P-V-,P+V-,P+V+,➡️ 中性,47,1,17,27.2,45.1,11.88,False,True,312.45,8.2,0.941,False,386.23,386.23,-7.44,-1.0,-1.85,9.0,11.0,586766.0,623345.0,0.818,416400.0,558770.0,583473.0,0.714,77.24,58.14,多頭,頭頭高·底底高,,16,25,29,22.2,28,吃老本,,False,True
CRM,Information Technology,Salesforce,2026-09-03,264.43,37.2,39.09,37.74,37.94,1.0,16477375,15159536,14547437,30.14,8.78,47.71,P+V+,P+V+,P+V+,⭐⭐⭐ 完美多頭,1,3,23,6.0,80.36,24.07,False,True,189.47,29.19,1.692,False,268.27,269.11,-1.43,4.91,41.58,11.0,9.0,20192500.0,11936666.0,1.222,16028300.0,20290750.0,17961993.0,0.892,100.0,81.89,收斂,頭頭低·底底高,多轉空預警 / 空轉多預警 / 多頭確認,17,1,20,11.2,6,剛爆發,🔥 追高風險,False,True
GEN,Information Technology,Gen Digital,2026-09-03,31.33,7.88,18.75,41.55,27.43,1.0,5820485,5674320,6687203,39.09,-26.31,38.05,P+V+,P+V-,P+V+,➡️ 中性,13,13,20,14.4,2.99,3.4,False,True,27.5,12.5,1.251,False,31.65,31.65,-1.01,2.72,11.99,13.0,7.0,6260423.0,5003457.0,1.857,6446500.0,6295380.0,5650166.0,1.141,100.0,67.86,多頭,頭頭高·底底高,空轉多預警 / 多頭確認,18,1,7,9.0,4,剛爆發,,False,True
ANET,Information Technology,Arista Networks,2026-09-03,191.44,1.47,9.79,48.06,26.84,1.0,5858045,7533835,8212595,-26.83,-15.27,-1.29,P+V-,P+V-,P+V-,⚠️ 量能衰竭,28,23,19,24.7,,,,,,,,,,,,,,,,,,,,,,,,,,,,19,33,33,,33,吃老本,,False,False
NOW,Information Technology,ServiceNow,2026-09-03,145.59,16.58,23.49,33.06,26.55,1.0,18246580,22747103,24338833,-26.41,-12.28,111.33,P+V-,P+V-,P+V+,⚠️ 頂部背離,5,8,24,9.7,5.05,0.36,False,True,115.98,20.3,1.54,False,194.73,194.73,-25.23,5.17,24.06,11.0,9.0,21667445.0,14065522.0,1.222,18172800.0,17973650.0,18117940.0,1.003,100.0,65.74,收斂,頭頭低·底底高,多轉空預警 / 多頭確認,20,1,13,11.0,5,剛爆發,,False,True
WDC,Information Technology,Western Digital,2026-09-03,441.57,1.67,-25.66,63.62,25.81,0.667,6775865,8402655,8144704,-15.12,6.54,-14.17,P+V-,P-V+,P+V-,⚠️ 量能背離,26,61,16,34.5,,,,,,,,,,,,,,,,,,,,,,,,,,,,21,33,33,,33,吃老本,,False,False
PLTR,Information Technology,Palantir Technologies,2026-09-03,182.53,6.12,28.36,25.74,21.49,1.0,35636535,40990130,43969486,-18.36,-12.69,-14.83,P+V-,P+V-,P+V-,⚠️ 量能衰竭,17,4,28,15.3,18.51,18.08,False,True,148.55,12.61,1.327,False,207.52,207.52,-12.04,-1.83,17.07,10.0,10.0,40647550.0,30625520.0,1.0,38108000.0,32296430.0,30856940.0,1.235,97.74,60.54,空頭,頭頭低·底底低,多頭確認,22,12,6,14.8,12,剛爆發,,False,True
FLEX,Information Technology,Flex Ltd.,2026-09-03,107.89,-11.09,-33.38,64.74,21.25,0.333,2832480,5799078,5273400,-42.62,22.14,19.89,P-V-,P-V+,P+V+,➡️ 中性,61,68,15,53.9,8.9,6.07,False,False,124.07,12.72,1.049,False,166.86,166.86,-35.34,-6.43,-12.03,9.0,11.0,2907688.0,2770945.0,0.818,3679500.0,2755020.0,2782366.0,1.322,70.85,40.76,收斂,頭頭低·底底高,空轉多預警,23,31,4,22.4,29,吃老本,,False,True
MSFT,Information Technology,Microsoft,2026-09-03,510.12,2.22,19.6,28.51,19.71,1.0,23534985,36923296,35780325,-40.53,6.6,33.44,P+V-,P+V+,P+V+,⚠️ 頂部背離,24,12,26,20.8,11.81,4.9,False,True,440.61,7.86,1.062,False,549.2,553.72,-7.12,1.0,2.24,12.0,8.0,24098525.0,22689675.0,1.5,24125900.0,22563340.0,22370473.0,1.078,92.83,66.41,多頭,頭頭高·底底高,,24,17,11,18.6,19,剛爆發,,False,True
FFIV,Information Technology,"F5, Inc.",2026-09-03,392.15,-2.02,-3.33,41.06,19.19,0.333,485850,603053,677931,-32.71,-19.89,-29.23,P-V-,P-V-,P+V-,⚠️ 主升段結束,38,34,21,33.4,,,,,,,,,,,,,,,,,,,,,,,,,,,,25,33,33,,33,吃老本,,False,False
CDW,Information Technology,CDW Corporation,2026-09-03,153.92,13.88,12.64,24.69,18.97,1.0,1675395,1942512,1919753,-20.49,2.4,18.12,P+V-,P+V+,P+V+,⚠️ 頂部背離,7,18,30,14.9,3.97,-0.26,False,True,138.92,19.24,1.145,False,168.13,171.55,-8.45,3.32,8.94,9.0,11.0,1800944.0,1572672.0,0.818,1700700.0,1737280.0,1715220.0,0.992,89.0,63.0,收斂,頭頭低·底底高,多轉空預警 / 空轉多預警 / 多頭確認,26,20,14,21.2,27,剛爆發,,False,True
ROP,Information Technology,Roper Technologies,2026-09-03,422.35,5.0,27.65,19.94,18.13,1.0,670210,951304,1093946,-23.65,-23.07,-11.9,P+V-,P+V-,P+V-,⚠️ 量能衰竭,20,5,37,18.9,1.78,3.49,False,True,382.44,6.28,1.091,False,527.54,532.18,-19.94,-0.08,6.36,12.0,8.0,693425.0,635387.0,1.5,620400.0,649970.0,661000.0,0.939,95.38,64.83,多頭,頭頭高·底底高,多頭確認,27,14,15,19.4,20,剛爆發,,False,True
GDDY,Information Technology,GoDaddy,2026-09-03,103.63,13.79,23.4,17.47,18.03,1.0,1799975,2201886,2296958,-11.87,-7.95,36.73,P+V-,P+V-,P+V+,⚠️ 頂部背離,9,9,39,15.0,8.01,5.44,False,True,93.01,12.08,1.0,False,150.47,150.47,-31.13,6.86,14.7,14.0,6.0,1799757.0,1800483.0,2.333,1895800.0,1772130.0,1706833.0,1.111,100.0,61.98,收斂,頭頭低·底底高,多轉空預警 / 空轉多預警 / 多頭確認,28,1,8,13.2,9,剛爆發,,False,True
IT,Information Technology,Gartner,2026-09-03,195.46,5.31,18.64,22.72,17.35,1.0,1251930,1406652,1512047,-17.77,-13.03,13.06,P+V-,P+V-,P+V+,⚠️ 頂部背離,19,14,32,20.1,17.06,13.64,False,True,162.71,8.51,0.899,False,265.85,265.85,-26.48,-0.58,5.76,11.0,9.0,1191400.0,1325911.0,1.222,1026500.0,1081510.0,1211233.0,0.847,87.28,59.79,多頭,頭頭高·底底高,空轉多預警,29,21,24,24.8,30,剛爆發,,False,True
TYL,Information Technology,Tyler Technologies,2026-09-03,379.27,21.39,24.85,6.95,15.04,1.0,967470,913440,757569,15.02,51.81,57.45,P+V+,P+V+,P+V+,⭐⭐⭐ 完美多頭,4,6,48,13.4,0.36,2.73,False,True,323.6,14.08,0.56,False,566.58,566.58,-33.06,2.54,23.81,14.0,6.0,783142.0,1397566.0,2.333,814300.0,1240010.0,1056893.0,0.77,100.0,70.3,多頭,頭頭高·底底高,多頭確認,30,1,26,17.6,16,剛爆發,,False,True
NVDA,Information Technology,Nvidia,2026-09-03,228.45,2.0,6.5,25.34,14.8,1.0,127435950,137767138,152635521,-1.49,-17.75,-17.37,P+V-,P+V-,P+V-,⚠️ 量能衰竭,25,27,29,26.4,,,,,,,,,,,,,,,,,,,,,,,,,,,,31,33,33,,33,,,False,False
AAPL,Information Technology,Apple Inc.,2026-09-03,328.21,4.84,5.88,24.21,14.78,1.0,39397355,54357315,49349774,-30.05,22.59,-0.23,P+V-,P+V+,P+V-,⚠️ 量能背離,21,28,31,25.1,,,,,,,,,,,,,,,,,,,,,,,,,,,,32,33,33,,33,,,False,False
VRSN,Information Technology,Verisign,2026-09-03,293.35,-0.12,-0.97,29.35,14.41,0.333,687890,792887,818388,-18.5,-6.04,-2.42,P-V-,P-V-,P+V-,⚠️ 主升段結束,35,31,25,31.8,,,,,,,,,,,,,,,,,,,,,,,,,,,,33,33,33,,33,,,False,False
APH,Information Technology,Amphenol,2026-09-03,82.07,-2.98,11.36,21.86,13.03,0.667,11201540,14729673,17326153,-20.11,-26.07,-2.63,P-V-,P+V-,P+V-,➡️ 中性,42,20,35,34.0,,,,,,,,,,,,,,,,,,,,,,,,,,,,34,33,33,,33,,,False,False
CSCO,Information Technology,Cisco,2026-09-03,108.61,-10.56,-13.82,38.01,12.91,0.333,19726725,22257309,22815937,-4.25,-4.78,7.63,P-V-,P-V-,P+V+,😴 弱勢縮量,59,42,22,46.5,,,,,,,,,,,,,,,,,,,,,,,,,,,,35,33,33,,33,,,False,False
CTSH,Information Technology,Cognizant,2026-09-03,64.64,12.74,21.51,3.11,10.12,1.0,6958710,10257047,8603773,-25.48,47.57,63.1,P+V-,P+V+,P+V+,⚠️ 頂部背離,10,11,53,18.9,-0.66,4.98,False,True,51.79,8.37,1.011,False,85.48,87.03,-24.38,1.38,14.29,14.0,6.0,6982285.0,6903700.0,2.333,4456700.0,5798290.0,5996193.0,0.743,100.0,71.54,收斂,頭頭低·底底高,空轉多預警 / 多頭確認,36,1,27,20.2,24,剛爆發,,False,False
SMCI,Information Technology,Supermicro,2026-09-03,37.87,21.65,-20.14,18.98,9.87,0.667,53785595,56075990,48321457,23.76,38.23,67.04,P+V+,P-V+,P+V+,➡️ 中性,3,55,38,25.6,77.55,34.51,False,True,31.55,14.44,1.546,False,58.78,58.78,-35.57,-1.53,28.9,12.0,8.0,62631508.0,40516725.0,1.5,34436400.0,34650740.0,40198546.0,0.857,100.0,58.55,收斂,頭頭低·底底高,多轉空預警,37,1,23,19.8,22,剛爆發,,False,True
ADBE,Information Technology,Adobe Inc.,2026-09-03,285.75,7.74,11.52,9.53,9.58,1.0,4224710,6142567,5841585,-22.18,10.86,25.22,P+V-,P+V+,P+V+,⚠️ 頂部背離,14,19,45,21.7,2.5,3.18,True,True,247.39,10.44,1.257,False,370.86,370.86,-22.95,-1.18,9.8,11.0,9.0,4652390.0,3701988.0,1.222,3538800.0,4192580.0,4108033.0,0.861,95.74,61.53,多頭,頭頭高·底底高,多頭確認,38,13,22,24.8,30,剛爆發,,False,True
SWKS,Information Technology,Skyworks Solutions,2026-09-03,71.5,1.25,-11.36,22.38,8.66,0.667,5447990,5625604,4822005,-6.68,40.0,51.34,P+V-,P-V+,P+V+,⚠️ 頂部背離,29,40,33,33.1,,,,,,,,,,,,,,,,,,,,,,,,,,,,39,33,33,,33,剛爆發,,False,False
LRCX,Information Technology,Lam Research,2026-09-03,292.66,-6.0,-14.79,26.93,8.27,0.333,7386315,11180650,10479101,-35.3,14.35,-8.87,P-V-,P-V+,P+V-,➡️ 中性,50,44,27,43.6,,,,,,,,,,,,,,,,,,,,,,,,,,,,40,33,33,,33,剛爆發,,False,False
TXN,Information Technology,Texas Instruments,2026-09-03,253.83,-11.27,-17.32,22.21,3.96,0.333,5556500,7987093,7689972,-30.82,8.04,-0.6,P-V-,P-V+,P+V-,➡️ 中性,62,49,34,52.5,,,,,,,,,,,,,,,,,,,,,,,,,,,,41,33,33,,33,剛爆發,,False,False
MSI,Information Technology,Motorola Solutions,2026-09-03,472.23,1.0,15.98,-2.31,3.09,0.667,967430,1012152,1050967,3.91,-7.12,-11.74,P+V+,P+V-,P-V-,✨ 反彈初期,30,16,62,32.2,,,,,,,,,,,,,,,,,,,,,,,,,,,,42,33,33,,33,剛爆發,,False,False
QCOM,Information Technology,Qualcomm,2026-09-03,168.57,0.97,-31.96,21.4,2.95,0.667,9155785,14947489,17083890,-29.4,-22.23,77.94,P+V-,P-V-,P+V+,⚠️ 頂部背離,32,66,36,43.0,,,,,,,,,,,,,,,,,,,,,,,,,,,,43,33,33,,33,剛爆發,,False,False
ACN,Information Technology,Accenture,2026-09-03,193.12,9.9,10.15,-4.29,2.87,0.667,5009530,8239452,7302941,-35.44,29.42,49.83,P+V-,P+V+,P-V+,➡️ 中性,11,22,64,24.9,2.46,3.26,False,True,160.2,8.16,0.972,False,285.21,291.09,-32.29,3.06,12.86,13.0,7.0,4959738.0,5102000.0,1.857,5420300.0,4630320.0,4911646.0,1.104,100.0,68.06,收斂,頭頭低·底底高,空轉多預警 / 多頭確認,44,1,9,19.8,22,剛爆發,,False,True
JBL,Information Technology,Jabil,2026-09-03,305.92,-10.33,-19.27,17.18,1.19,0.333,953655,1222076,1221697,-10.24,0.06,-4.92,P-V-,P-V+,P+V-,➡️ 中性,58,54,41,53.4,,,,,,,,,,,,,,,,,,,,,,,,,,,,45,33,33,,33,剛爆發,,False,False
AMAT,Information Technology,Applied Materials,2026-09-03,435.91,-19.06,-12.86,17.39,0.72,0.333,7368235,9403764,8088326,-1.44,38.84,2.0,P-V-,P-V+,P+V+,➡️ 中性,71,41,40,55.8,,,,,,,,,,,,,,,,,,,,,,,,,,,,46,33,33,,33,剛爆發,,False,False
LITE,Information Technology,Lumentum,2026-09-03,847.37,-4.81,-9.66,8.19,0.48,0.333,4736475,4945163,5739356,6.24,-24.31,30.8,P-V+,P-V-,P+V+,⚠️ 中期出貨,46,38,47,43.8,,,,,,,,,,,,,,,,,,,,,,,,,,,,47,33,33,,33,剛爆發,,False,False
PTC,Information Technology,PTC Inc.,2026-09-03,150.08,1.6,7.41,-5.08,-0.29,0.667,1102440,1677640,1488798,-32.91,29.05,59.55,P+V-,P+V+,P-V+,➡️ 中性,27,25,66,34.2,,,,,,,,,,,,,,,,,,,,,,,,,,,,48,33,33,,33,剛爆發,,False,False
KLAC,Information Technology,KLA Corporation,2026-09-03,172.94,-12.61,-18.53,12.94,-1.31,0.333,8842515,12512109,11186670,-26.97,26.88,8.19,P-V-,P-V+,P+V+,➡️ 中性,65,52,42,56.5,,,,,,,,,,,,,,,,,,,,,,,,,,,,49,33,33,,33,剛爆發,,False,False
KEYS,Information Technology,Keysight Technologies,2026-09-03,322.62,-5.38,-7.95,2.98,-1.84,0.333,1428565,1423446,1460542,18.13,-4.95,18.65,P-V+,P-V-,P+V+,⚠️ 中期出貨,48,37,54,45.9,,,,,,,,,,,,,,,,,,,,,,,,,,,,50,33,33,,33,剛爆發,,False,False
TEL,Information Technology,TE Connectivity,2026-09-03,209.41,-2.82,-3.74,-0.44,-1.86,0.0,1974135,2425340,2501296,-29.91,-5.89,28.06,P-V-,P-V-,P-V+,😴 弱勢縮量,41,35,58,42.6,,,,,,,,,,,,,,,,,,,,,,,,,,,,51,33,33,,33,剛爆發,,False,False
ADSK,Information Technology,Autodesk,2026-09-03,237.52,-4.64,3.45,-3.81,-2.21,0.333,1920780,2488241,2295121,-10.56,18.37,30.97,P-V-,P+V+,P-V+,➡️ 中性,45,29,63,43.8,,,,,,,,,,,,,,,,,,,,,,,,,,,,52,33,33,,33,剛爆發,,False,False
TRMB,Information Technology,Trimble Inc.,2026-09-03,60.1,0.99,8.25,-12.15,-3.76,0.667,4044755,3294924,2706667,63.64,55.54,71.99,P+V+,P+V+,P-V+,🚀 健康多頭,31,24,71,36.9,,,,,,,,,,,,,,,,,,,,,,,,,,,,53,33,33,,33,剛爆發,,False,False
AVGO,Information Technology,Broadcom,2026-09-03,357.16,-16.5,-25.35,12.44,-4.25,0.333,22548805,26119352,25118362,18.34,8.3,-7.43,P-V+,P-V+,P+V-,➡️ 中性,69,60,43,61.1,,,,,,,,,,,,,,,,,,,,,,,,,,,,54,33,33,,33,剛爆發,,False,False
INTU,Information Technology,Intuit,2026-09-03,344.3,5.86,11.04,-17.22,-4.39,0.667,4018540,4683750,4437509,-0.44,11.75,73.36,P+V-,P+V+,P-V+,➡️ 中性,18,21,72,29.7,,,,,,,,,,,,,,,,,,,,,,,,,,,,55,33,33,,33,剛爆發,,False,False
AKAM,Information Technology,Akamai Technologies,2026-09-03,106.5,-3.65,-33.59,9.07,-4.77,0.333,3281185,3646121,4601816,-1.76,-34.39,52.39,P-V-,P-V-,P+V+,😴 弱勢縮量,43,69,46,51.4,,,,,,,,,,,,,,,,,,,,,,,,,,,,56,33,33,,33,剛爆發,,False,False
TER,Information Technology,Teradyne,2026-09-03,338.46,-10.74,-17.35,3.96,-5.04,0.333,2403910,3946350,3740313,-35.14,11.66,6.16,P-V-,P-V+,P+V+,➡️ 中性,60,50,50,55.0,,,,,,,,,,,,,,,,,,,,,,,,,,,,57,33,33,,33,剛爆發,,False,False
ORCL,Information Technology,Oracle Corporation,2026-09-03,154.04,4.77,-32.89,3.93,-5.06,0.667,22541720,31265049,29287203,-40.59,14.48,8.77,P+V-,P-V+,P+V+,⚠️ 頂部背離,22,67,51,41.3,,,,,,,,,,,,,,,,,,,,,,,,,,,,58,33,33,,33,剛爆發,,False,False
SNPS,Information Technology,Synopsys,2026-09-03,416.31,0.08,-16.41,-1.97,-5.07,0.333,1663855,1897012,1899140,-16.76,-0.22,-26.36,P+V-,P-V-,P-V-,➡️ 中性,34,48,61,43.6,,,,,,,,,,,,,,,,,,,,,,,,,,,,59,33,33,,33,剛爆發,,False,False
ADI,Information Technology,Analog Devices,2026-09-03,356.5,-8.29,-18.3,2.07,-5.62,0.333,3563455,4417736,4164168,-9.79,12.97,12.22,P-V-,P-V+,P+V+,➡️ 中性,53,51,55,52.8,,,,,,,,,,,,,,,,,,,,,,,,,,,,60,33,33,,33,剛爆發,,False,False
IBM,Information Technology,IBM,2026-09-03,234.71,-0.37,-22.65,-0.52,-6.02,0.0,4908245,9133672,8344343,-64.7,20.9,61.1,P-V-,P-V+,P-V+,➡️ 中性,36,56,59,46.6,,,,,,,,,,,,,,,,,,,,,,,,,,,,61,33,33,,33,剛爆發,,False,False
MPWR,Information Technology,Monolithic Power Systems,2026-09-03,1213.65,-13.41,-28.07,6.59,-7.07,0.333,569485,906616,757512,-39.74,49.01,20.85,P-V-,P-V+,P+V+,➡️ 中性,67,63,49,62.2,,,,,,,,,,,,,,,,,,,,,,,,,,,,62,33,33,,33,剛爆發,,False,False
ON,Information Technology,ON Semiconductor,2026-09-03,73.65,-9.26,-45.01,10.79,-8.18,0.333,7081125,10921596,10578173,-31.22,6.71,18.93,P-V-,P-V+,P+V+,➡️ 中性,55,72,44,57.9,,,,,,,,,,,,,,,,,,,,,,,,,,,,63,33,33,,33,剛爆發,,False,False
NXPI,Information Technology,NXP Semiconductors,2026-09-03,224.99,-6.14,-29.86,0.96,-8.52,0.333,2930530,4056195,3712733,-35.5,20.39,36.14,P-V-,P-V+,P+V+,➡️ 中性,51,64,56,55.9,,,,,,,,,,,,,,,,,,,,,,,,,,,,64,33,33,,33,剛爆發,,False,False
CDNS,Information Technology,Cadence Design Systems,2026-09-03,304.88,-10.13,-25.27,0.5,-8.6,0.333,2138130,2343518,2361275,-10.46,-1.49,18.23,P-V-,P-V-,P+V+,😴 弱勢縮量,57,59,57,57.6,,,,,,,,,,,,,,,,,,,,,,,,,,,,65,33,33,,33,剛爆發,,False,False
TDY,Information Technology,Teledyne Technologies,2026-09-03,607.87,-12.07,-1.64,-11.72,-9.29,0.0,247590,344263,334093,-45.93,6.28,-1.62,P-V-,P-V+,P-V-,➡️ 中性,64,33,70,55.9,,,,,,,,,,,,,,,,,,,,,,,,,,,,66,33,33,,33,剛爆發,,False,False
MCHP,Information Technology,Microchip Technology,2026-09-03,73.11,-13.15,-23.82,-0.53,-9.51,0.0,8649050,11164870,10582997,-22.19,11.64,24.17,P-V-,P-V+,P-V+,➡️ 中性,66,58,60,62.4,,,,,,,,,,,,,,,,,,,,,,,,,,,,67,33,33,,33,剛爆發,,False,False
FICO,Information Technology,Fair Isaac,2026-09-03,1118.93,7.44,-4.74,-20.5,-9.58,0.333,257165,305746,344445,-29.75,-20.2,19.29,P+V-,P-V-,P-V+,➡️ 中性,15,36,73,32.9,3.43,13.91,False,False,1171.81,9.03,1.338,False,1998.01,1998.01,-44.0,-3.3,8.44,9.0,11.0,298711.0,223172.0,0.818,203200.0,212130.0,224640.0,0.905,89.44,47.6,空頭,頭頭低·底底低,多轉空預警,68,19,19,38.6,32,剛爆發,,False,True
FSLR,Information Technology,First Solar,2026-09-03,207.42,-17.05,-34.82,3.78,-11.08,0.333,2066220,2181900,2250592,-11.08,-5.92,-3.85,P-V-,P-V-,P+V-,⚠️ 主升段結束,70,70,52,66.4,,,,,,,,,,,,,,,,,,,,,,,,,,,,69,33,33,,33,剛爆發,,False,False
Q,Information Technology,Qnity Electronics,2026-09-03,118.47,-14.1,-23.52,-4.4,-11.6,0.0,1693240,1954430,1927180,-13.68,2.87,,P-V-,P-V+,,資料不足,68,57,65,64.1,,,,,,,,,,,,,,,,,,,,,,,,,,,,70,33,33,,33,剛爆發,,False,False
GLW,Information Technology,Corning Inc.,2026-09-03,146.0,-11.71,-27.14,-7.2,-13.31,0.0,8803945,13466847,13326122,-37.95,2.13,61.79,P-V-,P-V+,P-V+,➡️ 中性,63,62,67,63.5,,,,,,,,,,,,,,,,,,,,,,,,,,,,71,33,33,,33,剛爆發,,False,False
COHR,Information Technology,Coherent Corp.,2026-09-03,264.41,-30.26,-36.66,-11.54,-22.5,0.0,7239220,6025895,6697943,41.88,-18.24,45.97,P-V+,P-V-,P-V+,➡️ 中性,73,71,69,71.6,,,,,,,,,,,,,,,,,,,,,,,,,,,,72,33,33,,33,剛爆發,,False,False
CIEN,Information Technology,Ciena,2026-09-03,317.46,-23.02,-48.83,-10.25,-23.09,0.0,2302310,2750584,2721496,16.9,2.16,-12.54,P-V+,P-V+,P-V-,➡️ 中性,72,73,68,71.5,,,,,,,,,,,,,,,,,,,,,,,,,,,,73,33,33,,33,剛爆發,,False,False
CF,Materials,CF Industries,2026-09-03,137.81,21.14,18.8,33.35,26.66,1.0,2605055,2599644,3648885,18.54,-44.67,51.09,P+V+,P+V-,P+V+,➡️ 中性,1,4,2,2.1,-15.07,45.68,False,True,120.21,14.61,1.315,False,141.27,141.96,-2.45,9.63,18.67,11.0,9.0,2920172.0,2219911.0,1.222,2269900.0,2761450.0,2601720.0,0.872,100.0,69.25,多頭,頭頭高·底底高,空轉多預警 / 多頭確認,1,1,12,3.2,2,,,False,False
NUE,Materials,Nucor,2026-09-03,262.47,-3.73,2.09,46.21,22.7,0.667,1394060,1551798,1518123,-1.04,4.54,-7.89,P-V-,P+V+,P+V-,➡️ 中性,15,16,1,12.5,6.94,14.67,False,True,248.28,10.83,0.825,False,280.11,280.11,-6.3,4.0,-3.5,10.0,10.0,1260690.0,1527430.0,1.0,1048600.0,1297270.0,1540046.0,0.681,78.94,57.0,多頭,頭頭高·底底高,空轉多預警,2,14,18,10.0,9,吃老本,,False,True
CTVA,Materials,Corteva,2026-09-03,88.62,15.59,14.15,10.55,12.71,1.0,4554075,4519990,4163416,-0.74,18.73,-2.34,P+V-,P+V+,P+V-,⚠️ 量能背離,3,6,6,4.5,2.93,27.11,False,True,83.06,13.69,1.177,False,90.87,90.97,-2.48,7.78,15.55,12.0,8.0,4846241.0,4115825.0,1.5,5552700.0,5367300.0,4795786.0,1.158,100.0,67.49,擴散,頭頭高·底底低,,3,1,3,2.2,1,,,False,True
NEM,Materials,Newmont,2026-09-03,130.43,15.69,21.62,1.97,10.31,1.0,8384410,8274730,8691914,15.21,-9.16,-17.05,P+V+,P+V-,P+V-,➡️ 中性,2,1,10,3.3,5.68,33.45,False,True,106.28,10.61,0.874,False,135.01,135.29,-3.39,-1.2,23.97,13.0,7.0,7982469.0,9130871.0,1.857,7738500.0,8854760.0,8440333.0,0.917,100.0,64.27,多頭,頭頭高·底底高,空轉多預警,4,1,11,4.2,3,,,False,True
LYB,Materials,LyondellBasell,2026-09-03,64.76,9.8,-2.78,14.22,8.87,0.667,3638205,4762261,6200656,-22.43,-37.66,11.77,P+V-,P-V-,P+V+,⚠️ 頂部背離,5,18,4,8.7,25.6,76.13,False,True,59.99,10.76,1.042,False,82.22,83.94,-21.24,2.7,6.49,13.0,7.0,3689738.0,3542500.0,1.857,2073100.0,2931200.0,3413453.0,0.607,100.0,55.26,多頭,頭頭高·底底高,,5,1,20,6.4,4,,,False,True
IFF,Materials,International Flavors & Fragrances,2026-09-03,86.46,0.66,18.16,8.27,8.84,1.0,1378305,1793715,1826437,-24.82,-3.52,-13.88,P+V-,P+V-,P+V-,⚠️ 量能衰竭,9,5,7,7.4,-26.57,16.51,False,True,81.27,5.56,0.839,False,89.32,89.32,-3.2,-0.45,2.26,10.0,10.0,1257380.0,1499230.0,1.0,1507000.0,1435680.0,1329653.0,1.133,80.85,58.32,多頭,頭頭高·底底高,空轉多預警,6,11,4,7.6,5,,,False,False
APD,Materials,Air Products,2026-09-03,304.22,0.26,8.45,11.43,7.89,1.0,923010,1233710,1228456,-19.09,0.86,-11.66,P+V-,P+V+,P+V-,⚠️ 量能背離,10,12,5,9.6,3.8,4.54,False,True,299.61,4.58,0.953,False,314.87,314.87,-3.38,-0.41,1.43,12.0,8.0,905108.0,949862.0,1.5,722600.0,1019240.0,982600.0,0.735,89.87,51.18,多頭,頭頭高·底底高,空轉多預警,7,6,14,8.0,6,,,False,True
STLD,Materials,Steel Dynamics,2026-09-03,246.03,-6.26,-10.37,22.75,7.22,0.333,1177100,1239066,1199664,-1.18,6.79,-7.18,P-V-,P-V+,P+V-,➡️ 中性,18,21,3,15.9,0.56,-0.19,False,True,242.11,12.04,1.156,False,288.09,288.74,-14.6,4.32,-5.91,9.0,11.0,1271700.0,1099700.0,0.818,889200.0,1172140.0,1271846.0,0.699,80.69,52.74,收斂,頭頭低·底底高,多轉空預警 / 空轉多預警,8,12,17,11.4,11,,,False,True
FCX,Materials,Freeport-McMoRan,2026-09-03,72.56,4.22,2.97,6.75,5.17,1.0,14134430,14756733,15550442,-1.48,-9.71,-17.25,P+V-,P+V-,P+V-,⚠️ 量能衰竭,7,15,8,9.6,18.5,21.95,False,True,66.2,11.52,1.182,False,80.24,80.24,-9.57,-7.47,6.42,10.0,10.0,15316130.0,12952730.0,1.0,11280200.0,16730630.0,15344973.0,0.735,86.56,52.92,多頭,頭頭高·底底高,,9,8,14,9.6,8,,,False,True
AMCR,Materials,Amcor,2026-09-03,45.24,-4.12,21.15,-3.11,2.7,0.333,3700630,3598220,4443167,-0.14,-31.96,-9.33,P-V-,P+V-,P-V-,➡️ 中性,16,2,13,11.2,4.24,0.55,False,True,44.64,7.39,0.98,False,48.76,50.94,-7.21,-1.35,-2.49,8.0,12.0,3655112.0,3730975.0,0.667,3615900.0,3394340.0,3513946.0,1.029,75.11,48.1,多頭,頭頭高·底底高,,10,16,7,11.8,13,吃老本,,False,True
BALL,Materials,Ball Corporation,2026-09-03,62.93,-0.5,19.5,-4.6,2.45,0.333,1634040,2311858,2417400,-17.09,-8.37,-6.0,P-V-,P+V-,P-V-,➡️ 中性,11,3,15,9.4,4.27,11.31,False,True,62.7,3.7,1.05,False,67.62,68.29,-6.94,-0.38,0.0,8.0,12.0,1682250.0,1601900.0,0.667,2114100.0,1604800.0,1614506.0,1.309,78.23,50.68,收斂,頭頭低·底底高,多轉空預警,11,15,2,10.8,10,,,False,True
MOS,Materials,Mosaic Company (The),2026-09-03,25.49,10.54,9.4,-5.61,2.18,0.667,7696880,8659866,9326827,-0.8,-13.35,49.17,P+V-,P+V-,P-V+,➡️ 中性,4,11,16,8.5,-5.88,-77.32,False,True,22.65,12.24,1.337,False,35.98,36.99,-29.16,7.28,8.65,8.0,12.0,9066887.0,6783541.0,0.667,7034600.0,7994900.0,8162300.0,0.862,91.49,65.26,擴散,頭頭高·底底低,多頭確認,12,5,13,9.4,7,剛爆發,,False,True
PKG,Materials,Packaging Corporation of America,2026-09-03,234.57,-8.39,5.23,2.72,0.57,0.667,498860,625023,769580,-33.06,-31.63,-10.36,P-V-,P+V-,P+V-,➡️ 中性,22,14,9,17.0,1.62,12.54,False,False,242.37,11.6,1.029,False,259.98,259.98,-9.77,-3.74,-7.19,8.0,12.0,507487.0,493108.0,0.667,533600.0,541330.0,513600.0,1.039,72.2,38.76,多頭,頭頭高·底底高,,13,17,6,13.2,15,,,False,True
SW,Materials,Smurfit Westrock,2026-09-03,45.26,-5.4,8.43,-1.34,0.09,0.333,4463015,5421440,5411110,-13.67,0.38,0.34,P-V-,P+V+,P-V+,➡️ 中性,17,13,12,14.8,-16.91,-17.35,False,False,46.43,12.81,0.929,False,51.52,52.65,-12.15,-6.93,-2.68,7.0,13.0,4252042.0,4576615.0,0.538,3014100.0,4586070.0,4566846.0,0.66,69.96,41.16,收斂,頭頭低·底底高,多轉空預警 / 空頭確認,14,19,19,17.0,19,,,False,True
DOW,Materials,Dow Inc.,2026-09-03,30.36,4.68,-13.24,1.39,-1.45,0.667,8029325,10510035,12343507,-20.75,-25.87,-4.17,P+V-,P-V-,P+V-,⚠️ 量能背離,6,24,11,12.4,12.62,51.7,False,True,29.68,11.63,1.018,False,41.82,42.74,-27.41,1.26,1.36,10.0,9.0,8182720.0,8036244.0,1.111,8175200.0,8189000.0,8205840.0,0.996,85.81,49.31,多頭,頭頭高·底底高,,15,9,9,11.4,11,剛爆發,,False,True
ECL,Materials,Ecolab,2026-09-03,278.97,-2.17,9.41,-7.57,-1.98,0.333,1405995,1486327,1545032,13.88,-7.32,12.36,P-V+,P+V-,P-V+,➡️ 中性,14,10,19,13.8,0.48,0.17,False,True,278.84,6.74,1.128,False,307.61,309.27,-9.31,-2.43,-1.58,9.0,11.0,1499922.0,1329145.0,0.818,929000.0,1460900.0,1551080.0,0.599,80.1,46.74,多頭,頭頭高·底底高,,16,13,21,15.8,17,,,False,True
AVY,Materials,Avery Dennison,2026-09-03,173.03,-1.77,11.64,-9.72,-2.39,0.333,1048150,877995,770942,22.04,32.25,11.69,P-V+,P+V+,P-V+,➡️ 中性,13,8,20,12.9,17.0,1.81,False,True,168.93,8.33,0.524,False,196.15,199.54,-11.79,-2.41,0.03,9.0,11.0,698733.0,1334036.0,0.818,814000.0,1383560.0,1140933.0,0.713,70.49,47.71,擴散,頭頭高·底底低,,17,18,16,17.2,20,,,False,True
SHW,Materials,Sherwin-Williams,2026-09-03,332.26,-9.93,12.32,-6.24,-2.52,0.333,1573340,2190036,2035553,-26.43,16.43,8.7,P-V-,P+V+,P-V+,➡️ 中性,24,7,18,17.7,5.13,3.56,False,False,342.48,8.12,0.911,False,375.09,377.77,-11.42,-3.75,-8.36,8.0,12.0,1485912.0,1631625.0,0.667,1576900.0,1575000.0,1576660.0,1.0,69.42,40.32,多頭,頭頭高·底底高,空頭確認,18,20,8,16.8,18,,,False,True
LIN,Materials,Linde plc,2026-09-03,482.19,-1.27,-4.39,-4.4,-3.61,0.0,1869105,2219920,2271448,-14.64,-4.44,-8.72,P-V-,P-V-,P-V-,🧊 熊市縮量,12,19,14,14.5,0.66,1.4,False,False,500.79,2.77,1.036,False,546.4,548.2,-11.75,-0.32,-1.29,11.0,9.0,1898409.0,1833288.0,1.222,1829300.0,1773610.0,1860433.0,0.983,85.55,43.31,空頭,頭頭低·底底低,,19,10,10,13.6,16,剛爆發,,False,True
PPG,Materials,PPG Industries,2026-09-03,110.75,-6.92,0.04,-5.9,-4.67,0.333,1254270,1777612,1951185,-35.36,-16.34,-1.48,P-V-,P+V-,P-V-,➡️ 中性,19,17,17,18.0,,,,,,,,,,,,,,,,,,,,,,,,,,,,20,22,22,,22,,,False,False
IP,Materials,International Paper,2026-09-03,36.44,-11.36,10.34,-12.79,-6.65,0.333,3778385,5256561,6045449,-35.29,-23.09,11.7,P-V-,P+V-,P-V+,➡️ 中性,25,9,21,19.4,205.43,5.41,False,False,39.21,17.1,0.89,False,48.47,50.25,-24.82,-8.63,-9.07,6.0,14.0,3476216.0,3907885.0,0.429,4256200.0,4196830.0,3810440.0,1.117,63.1,34.78,收斂,頭頭低·底底高,多轉空預警 / 空頭確認,21,21,5,17.8,21,,,False,True
VMC,Materials,Vulcan Materials Company,2026-09-03,260.23,-8.42,-8.62,-14.52,-11.52,0.0,881000,1093158,1162540,-19.53,-11.26,20.22,P-V-,P-V-,P-V+,😴 弱勢縮量,23,20,22,21.9,,,,,,,,,,,,,,,,,,,,,,,,,,,,22,22,22,,22,,,False,False
CRH,Materials,CRH plc,2026-09-03,92.04,-8.03,-12.73,-20.94,-15.66,0.0,4392450,4459646,4866910,4.51,-15.44,-14.92,P-V+,P-V-,P-V-,➡️ 中性,21,23,23,22.0,,,,,,,,,,,,,,,,,,,,,,,,,,,,23,22,22,,22,,,False,False
MLM,Materials,Martin Marietta Materials,2026-09-03,508.94,-7.07,-12.58,-23.27,-16.55,0.0,589015,610560,572424,-1.33,14.28,37.11,P-V-,P-V+,P-V+,➡️ 中性,20,22,24,21.4,,,,,,,,,,,,,,,,,,,,,,,,,,,,24,22,22,,22,,,False,False
ALB,Materials,Albemarle Corporation,2026-09-03,132.16,0.8,-21.29,-25.45,-17.85,0.333,1998110,2291216,2186167,-13.64,10.1,-36.82,P+V-,P-V+,P-V-,➡️ 中性,8,25,25,16.5,15.71,124.6,False,True,128.27,9.56,1.043,False,220.44,221.0,-40.05,-2.66,5.37,11.0,9.0,2035781.0,1952066.0,1.222,2862900.0,2063520.0,1959640.0,1.461,88.74,48.94,收斂,頭頭低·底底高,空轉多預警,25,7,1,13.0,14,剛爆發,,False,True
BXP,Real Estate,"BXP, Inc.",2026-09-03,68.23,-2.12,13.22,24.28,14.91,0.667,1160700,1409976,1685041,-22.38,-28.07,-16.77,P-V-,P+V-,P+V-,➡️ 中性,15,4,1,8.9,14.75,97.57,False,False,68.55,8.26,0.904,False,75.95,79.33,-10.16,-2.49,-0.84,9.0,11.0,1096377.0,1213327.0,0.818,1037100.0,1236420.0,1182753.0,0.877,76.59,49.04,空頭,頭頭低·底底低,多轉空預警,1,17,16,10.4,6,吃老本,,False,True
DOC,Real Estate,Healthpeak Properties,2026-09-03,21.03,-1.29,11.88,23.11,14.2,0.667,4345705,6011221,7510078,-32.56,-33.27,-11.69,P-V-,P+V-,P+V-,➡️ 中性,10,5,2,6.9,198.62,364.73,False,False,21.45,5.56,1.006,False,22.84,22.95,-7.91,-0.9,0.16,9.0,9.0,4354144.0,4329944.0,1.0,4253500.0,4479570.0,4325113.0,0.983,82.34,47.69,空頭,頭頭低·底底低,多轉空預警,2,10,11,7.0,3,吃老本,,False,True
WELL,Real Estate,Welltower,2026-09-03,241.12,2.16,21.26,15.56,13.63,1.0,2741955,3202213,3197260,-10.5,0.31,-2.88,P+V-,P+V+,P+V-,⚠️ 量能背離,6,1,4,4.1,-16.88,9.38,False,True,236.27,3.97,0.943,False,254.24,255.2,-5.16,0.63,2.56,13.0,7.0,2685376.0,2847028.0,1.857,2304000.0,2663730.0,2531273.0,0.91,96.15,57.01,空頭,頭頭低·底底低,多轉空預警,3,2,14,4.8,1,,,False,False
VTR,Real Estate,Ventas,2026-09-03,92.11,-1.34,17.22,7.6,7.77,0.667,2912450,3587490,3756253,-14.18,-8.6,27.7,P-V-,P+V-,P+V+,➡️ 中性,13,3,9,9.2,51.73,-1.4,False,False,92.75,4.55,0.995,False,101.6,101.6,-9.34,-0.84,-0.16,12.0,8.0,2906425.0,2921487.0,1.5,2796700.0,2662890.0,2887873.0,0.968,89.48,49.45,空頭,頭頭低·底底低,多轉空預警,4,5,13,6.2,2,,,False,True
HST,Real Estate,Host Hotels & Resorts,2026-09-03,21.99,-5.58,-4.26,17.14,6.11,0.333,8636490,9627567,9100010,-10.84,12.31,10.74,P-V-,P-V+,P+V+,➡️ 中性,25,25,3,20.6,4.39,116.0,False,False,23.5,8.43,1.002,False,25.71,25.71,-14.47,-1.57,-5.95,6.0,14.0,8649883.0,8630750.0,0.429,6160400.0,7485740.0,7666346.0,0.804,69.77,36.41,空頭,頭頭低·底底低,多轉空預警 / 空頭確認,5,22,19,14.6,16,吃老本,,False,True
CBRE,Real Estate,CBRE Group,2026-09-03,148.74,0.38,18.02,2.6,5.9,1.0,1412035,1772507,2036602,-19.71,-22.96,17.75,P+V-,P+V-,P+V+,⚠️ 頂部背離,7,2,16,7.3,5.77,42.05,False,True,144.52,8.44,0.949,False,174.27,174.27,-14.65,1.03,0.87,8.0,12.0,1367862.0,1441483.0,0.667,1874200.0,1475780.0,1429953.0,1.311,77.54,52.02,多頭,頭頭高·底底高,,6,15,1,8.6,4,吃老本,,False,True
ESS,Real Estate,Essex Property Trust,2026-09-03,278.65,-3.28,1.2,10.98,4.97,0.667,457645,478484,479413,-6.75,-0.39,-3.16,P-V-,P+V-,P+V-,➡️ 中性,19,12,6,14.3,-35.97,15.55,False,False,289.29,6.93,0.757,False,303.35,303.35,-8.14,-0.75,-2.27,10.0,10.0,394320.0,520970.0,1.0,609400.0,590540.0,516893.0,1.179,76.58,40.93,多頭,頭頭高·底底高,空轉多預警 / 空頭確認,7,18,3,10.6,7,吃老本,,False,False
ARE,Real Estate,Alexandria Real Estate Equities,2026-09-03,52.69,5.93,4.12,3.03,4.03,1.0,2006055,1928200,2100193,11.05,-15.14,-16.14,P+V+,P+V-,P+V-,➡️ 中性,1,8,15,5.9,26.17,1359.96,False,True,50.73,7.86,1.32,False,83.17,88.24,-36.65,0.78,8.68,9.0,11.0,2314655.0,1753563.0,0.818,1430300.0,2007280.0,2124213.0,0.673,90.9,56.47,空頭,頭頭低·底底低,,8,3,23,9.0,5,,,False,True
INVH,Real Estate,Invitation Homes,2026-09-03,28.45,-6.32,-0.83,11.25,3.84,0.333,3390000,4710389,5386492,-22.22,-22.3,-3.02,P-V-,P-V-,P+V-,⚠️ 主升段結束,28,16,5,19.8,9.76,-14.31,False,False,29.92,7.48,0.849,False,30.89,31.33,-7.91,-2.67,-6.32,6.0,13.0,3042466.0,3584246.0,0.462,3579600.0,3827570.0,3572526.0,1.002,66.92,31.59,收斂,頭頭低·底底高,多轉空預警 / 空頭確認,9,25,10,15.6,19,吃老本,,False,True
EQIX,Real Estate,Equinix,2026-09-03,1040.83,0.31,-2.9,8.79,3.74,0.667,549265,600204,586073,-5.11,4.94,5.13,P+V-,P-V+,P+V+,⚠️ 頂部背離,8,24,7,12.6,6.33,-3.8,False,False,1042.94,9.35,0.936,False,1118.65,1128.68,-6.96,-3.31,-0.67,9.0,11.0,529244.0,565645.0,0.818,461000.0,561100.0,541026.0,0.852,76.92,46.92,多頭,頭頭高·底底高,,10,16,17,13.8,13,吃老本,,False,True
FRT,Real Estate,Federal Realty Investment Trust,2026-09-03,117.16,-1.29,-0.99,8.31,3.59,0.333,726430,866201,865981,-15.15,0.05,24.85,P-V-,P-V+,P+V+,➡️ 中性,10,17,8,11.7,35.3,165.2,False,False,120.95,2.7,1.482,False,128.21,128.21,-8.62,0.21,-0.64,8.0,12.0,902437.0,609091.0,0.667,491700.0,606340.0,612553.0,0.803,85.63,42.21,收斂,頭頭低·底底高,多轉空預警 / 空轉多預警,11,9,20,12.0,10,,🎯 潛在暴漲,True,True
DLR,Real Estate,Digital Realty,2026-09-03,187.79,-3.1,3.02,6.51,3.24,0.667,2052125,2959643,2482115,-30.27,47.64,32.74,P-V-,P+V+,P+V+,➡️ 中性,17,9,10,13.2,-15.0,2.71,False,True,186.83,9.08,1.345,False,207.47,208.14,-9.49,-2.24,-2.48,10.0,10.0,2354040.0,1750210.0,1.0,1453900.0,2184120.0,2085260.0,0.697,86.15,47.64,收斂,頭頭低·底底高,多轉空預警 / 空轉多預警,12,8,22,12.4,11,,,False,False
SPG,Real Estate,Simon Property Group,2026-09-03,211.52,-5.11,5.06,6.47,3.22,0.667,1178745,1796906,1682796,-20.95,14.55,8.3,P-V-,P+V+,P+V+,➡️ 中性,24,6,11,16.0,10.11,-17.98,False,False,222.89,5.78,0.945,False,238.5,238.5,-11.31,-1.57,-4.65,7.0,13.0,1135885.0,1201823.0,0.538,902400.0,1148300.0,1097466.0,0.822,71.2,34.92,多頭,頭頭高·底底高,空頭確認,13,20,18,16.8,21,吃老本,,False,True
KIM,Real Estate,Kimco Realty,2026-09-03,23.64,-2.21,1.73,3.79,1.77,0.667,4084755,4870566,4849743,-11.68,0.86,-1.62,P-V-,P+V+,P+V-,➡️ 中性,16,11,14,14.1,13.48,7.45,False,False,24.66,3.38,0.773,False,26.34,26.65,-10.24,0.46,-2.09,7.0,13.0,3428585.0,4438076.0,0.538,3818000.0,4871180.0,4207520.0,0.907,70.53,39.96,空頭,頭頭低·底底低,多轉空預警,14,21,15,17.0,22,吃老本,,False,True
VMRK,Real Estate,Vivmark Residential,2026-09-03,64.96,-3.15,-0.76,5.23,1.64,0.333,5609785,3804036,3258160,90.76,40.25,32.62,P-V+,P-V+,P+V+,⚠️ 中期出貨,18,15,13,16.1,,,False,False,67.22,6.61,0.836,False,71.5,71.5,-9.15,-0.82,-2.61,10.0,9.0,5051580.0,6039677.0,1.111,3641600.0,5309010.0,6313533.0,0.577,79.41,43.55,空頭,頭頭低·底底低,,15,12,25,15.8,20,,,False,False
SBAC,Real Estate,SBA Communications,2026-09-03,191.52,4.79,-1.9,-1.81,-0.18,0.333,748740,1000907,1074951,-35.29,-12.89,4.76,P+V-,P-V-,P-V+,➡️ 中性,2,21,21,11.5,-1.22,-0.28,False,True,182.04,7.51,0.82,False,221.58,224.46,-13.57,2.44,5.61,11.0,9.0,681572.0,830833.0,1.222,793600.0,771360.0,740373.0,1.072,87.03,60.01,收斂,頭頭低·底底高,空轉多預警 / 多頭確認,16,7,9,11.0,8,剛爆發,🎯 潛在暴漲,False,False
IRM,Real Estate,Iron Mountain,2026-09-03,114.98,-5.09,-9.52,5.78,-0.76,0.333,1488585,1788224,1647476,-30.19,18.68,-13.37,P-V-,P-V+,P+V-,➡️ 中性,23,29,12,22.6,7.51,15.76,False,False,122.74,12.38,0.841,False,134.68,134.68,-14.63,-6.28,-5.72,10.0,10.0,1360060.0,1617110.0,1.0,1691000.0,1627100.0,1495373.0,1.131,73.77,38.72,收斂,頭頭低·底底高,空轉多預警 / 空頭確認,17,19,5,15.4,17,,,False,True
PSA,Real Estate,Public Storage,2026-09-03,305.73,-6.9,2.19,0.25,-1.06,0.667,768645,1019227,1052871,-41.4,-6.19,-0.27,P-V-,P+V-,P+V-,➡️ 中性,29,10,17,20.9,-2.93,2.19,False,False,320.81,9.4,0.942,False,335.55,335.55,-8.89,-1.76,-6.5,6.0,14.0,737033.0,782192.0,0.429,835400.0,839920.0,759413.0,1.1,68.31,36.82,收斂,頭頭低·底底高,空頭確認,18,24,7,18.2,23,吃老本,,False,False
PLD,Real Estate,Prologis,2026-09-03,138.35,-1.29,-1.74,-1.57,-1.54,0.0,3139485,4259884,3858224,-43.69,23.24,11.95,P-V-,P-V+,P-V+,➡️ 中性,10,19,20,14.7,48.33,41.3,False,False,142.14,5.3,1.096,False,153.35,153.35,-9.78,-2.47,-0.57,8.0,12.0,3314037.0,3023116.0,0.667,3469500.0,3147390.0,2966060.0,1.17,77.86,41.22,收斂,頭頭低·底底高,多轉空預警 / 空轉多預警,19,14,4,14.0,14,,🎯 潛在暴漲,False,True
REG,Real Estate,Regency Centers,2026-09-03,75.92,-1.56,0.43,-2.71,-1.64,0.333,1094625,1395740,1403739,-24.68,-1.13,16.48,P-V-,P+V-,P-V+,➡️ 中性,14,13,23,15.5,3.59,9.38,False,False,78.84,3.34,1.124,False,83.66,83.66,-9.25,0.61,-1.35,9.0,11.0,1165177.0,1036900.0,0.818,1268800.0,1046170.0,1055140.0,1.202,81.37,41.83,擴散,頭頭高·底底低,,20,11,2,12.8,12,剛爆發,,False,True
AMT,Real Estate,American Tower,2026-09-03,177.75,3.02,-1.53,-4.71,-1.98,0.333,1908865,2995790,3046397,-40.4,-3.27,-3.3,P+V-,P-V-,P-V-,➡️ 中性,4,18,24,12.2,20.65,17.04,False,True,170.97,5.25,0.73,False,200.29,208.03,-11.25,2.06,3.83,14.0,6.0,1718121.0,2353933.0,2.333,1963000.0,2033730.0,2005153.0,0.979,100.0,56.49,擴散,頭頭高·底底低,,21,1,12,11.2,9,剛爆發,,False,True
O,Real Estate,Realty Income,2026-09-03,61.74,-0.8,4.73,-6.2,-2.12,0.333,5285045,5651807,5759087,6.78,-3.66,-5.89,P-V+,P+V-,P-V-,➡️ 中性,9,7,27,12.0,-12.71,-17.72,False,False,62.86,3.66,1.193,False,66.58,67.94,-7.26,0.34,-0.56,10.0,9.0,5783080.0,4848377.0,1.111,3897900.0,4692860.0,4875020.0,0.8,87.34,44.6,收斂,頭頭低·底底高,多轉空預警,22,6,21,15.4,17,剛爆發,,False,True
UDR,Real Estate,"UDR, Inc.",2026-09-03,36.37,-4.95,-2.58,-0.93,-2.35,0.0,2571410,3414309,3756586,-26.99,-16.7,13.0,P-V-,P-V-,P-V+,😴 弱勢縮量,22,23,18,21.5,,,,,,,,,,,,,,,,,,,,,,,,,,,,23,26,26,,26,,,False,False
MAA,Real Estate,Mid-America Apartment Communities,2026-09-03,128.56,-4.74,-1.88,-1.84,-2.58,0.0,773175,1019236,971140,-35.09,10.42,0.71,P-V-,P-V+,P-V+,➡️ 中性,21,20,22,20.9,,,,,,,,,,,,,,,,,,,,,,,,,,,,24,26,26,,26,,,False,False
CPT,Real Estate,Camden Property Trust,2026-09-03,105.6,-5.66,-2.13,-1.41,-2.65,0.0,825590,1034049,1092550,-21.32,-10.16,-11.48,P-V-,P-V-,P-V-,🧊 熊市縮量,26,22,19,23.4,,,,,,,,,,,,,,,,,,,,,,,,,,,,25,26,26,,26,,,False,False
EXR,Real Estate,Extra Space Storage,2026-09-03,140.98,-5.72,-0.37,-5.56,-4.3,0.0,860535,1148846,1151336,-36.62,-0.43,-5.64,P-V-,P-V-,P-V-,🧊 熊市縮量,27,14,26,22.9,8.6,3.4,False,False,146.61,6.9,0.886,False,158.88,158.88,-11.27,-1.27,-5.72,6.0,13.0,790016.0,892153.0,0.462,1003200.0,979560.0,904720.0,1.109,68.48,35.12,多頭,頭頭高·底底高,空頭確認,26,23,6,20.8,24,,,False,True
WY,Real Estate,Weyerhaeuser,2026-09-03,22.83,-9.93,-5.04,-4.8,-6.14,0.0,4844800,5374906,5353874,-9.68,0.79,-12.93,P-V-,P-V+,P-V-,➡️ 中性,30,27,25,28.1,,,,,,,,,,,,,,,,,,,,,,,,,,,,27,26,26,,26,,,False,False
CCI,Real Estate,Crown Castle,2026-09-03,77.26,2.21,-11.8,-11.61,-8.2,0.333,2350130,4027333,3614578,-50.7,25.78,10.0,P+V-,P-V+,P-V+,➡️ 中性,5,30,28,17.1,36.09,6.18,False,True,76.48,4.46,0.982,False,97.5,102.19,-20.76,2.97,3.12,11.0,8.0,2244845.0,2285162.0,1.375,2637500.0,2482560.0,2397026.0,1.1,90.88,54.97,空頭,頭頭低·底底低,,28,4,7,14.2,15,剛爆發,,False,True
VICI,Real Estate,Vici Properties,2026-09-03,25.65,-4.08,-4.4,-12.7,-8.47,0.0,8513135,9698092,9049008,-6.08,15.45,-15.29,P-V-,P-V+,P-V-,➡️ 中性,20,26,29,23.6,,,,,,,,,,,,,,,,,,,,,,,,,,,,29,26,26,,26,,,False,False
CSGP,Real Estate,CoStar Group,2026-09-03,31.68,4.76,-5.15,-29.86,-15.03,0.333,6722070,7335198,7143790,-18.05,5.51,50.05,P+V-,P-V+,P-V+,➡️ 中性,3,28,30,15.9,11.88,24.8,False,True,30.25,6.49,0.704,False,91.89,91.89,-65.52,1.08,7.1,8.0,11.0,5489025.0,7797972.0,0.727,4540700.0,7857190.0,7052733.0,0.644,77.92,51.45,擴散,頭頭高·底底低,,30,13,24,22.0,25,剛爆發,,False,True
AWK,Utilities,American Water Works,2026-09-03,140.89,4.82,14.55,5.46,7.57,1.0,2118220,2285189,2094584,-6.5,20.02,26.31,P+V-,P+V+,P+V+,⚠️ 頂部背離,2,1,3,1.9,3.97,-7.4,False,True,134.33,5.23,1.109,False,142.27,145.64,-0.97,3.07,5.2,10.0,10.0,2227590.0,2008850.0,1.0,1835700.0,2022640.0,2042940.0,0.899,88.75,61.8,收斂,頭頭低·底底高,多轉空預警 / 多頭確認,1,5,16,5.6,3,,,False,True
AES,Utilities,AES Corporation,2026-09-03,14.78,0.34,1.68,6.56,3.78,1.0,7353760,7847921,10654216,6.42,-41.7,13.81,P+V+,P+V-,P+V+,➡️ 中性,7,8,2,6.3,-6.05,108.27,False,True,14.65,0.95,0.962,False,17.23,17.65,-14.21,0.2,0.54,9.0,7.0,6730322.0,6996571.0,1.286,9147100.0,8742370.0,7774326.0,1.177,86.53,60.84,收斂,頭頭低·底底高,多轉空預警,2,9,8,6.0,4,吃老本,,False,False
D,Utilities,Dominion Energy,2026-09-03,66.12,-0.89,2.03,6.99,3.78,0.667,3729395,4987630,5473996,-1.12,-16.32,-4.56,P-V-,P+V-,P+V-,➡️ 中性,12,6,1,8.0,17.2,4.37,False,False,68.13,4.62,1.259,False,72.26,72.99,-8.49,0.44,-0.01,9.0,10.0,4195133.0,3333010.0,0.9,5295900.0,4469860.0,3874346.0,1.367,85.69,44.29,空頭,頭頭低·底底低,,2,10,2,5.2,2,吃老本,,False,True
ETR,Utilities,Entergy,2026-09-03,107.78,1.16,-0.22,2.24,1.35,0.667,2058845,2806780,3072771,-24.92,-15.93,14.84,P+V-,P-V-,P+V+,⚠️ 頂部背離,5,14,4,7.5,2.39,2.26,False,False,110.02,4.02,1.016,False,117.75,118.45,-8.46,1.21,1.82,11.0,9.0,2073636.0,2040766.0,1.222,2664300.0,2130540.0,2028233.0,1.314,87.69,50.61,空頭,頭頭低·底底低,多轉空預警,4,6,4,4.8,1,,,False,True
ED,Utilities,Consolidated Edison,2026-09-03,108.75,1.54,5.95,-1.34,1.2,0.667,2176075,2272012,2238284,-1.67,3.06,3.09,P+V-,P+V+,P-V+,➡️ 中性,4,3,7,4.3,7.37,-3.83,False,False,109.12,3.06,0.908,False,114.33,116.23,-4.88,1.93,0.64,12.0,8.0,2090891.0,2303850.0,1.5,1766300.0,2049810.0,2150106.0,0.821,89.54,53.87,空頭,頭頭低·底底低,,5,4,19,7.4,6,,,False,True
EVRG,Utilities,Evergy,2026-09-03,81.93,-0.92,1.9,-0.0,0.25,0.333,1999315,2046935,1998056,2.94,5.02,-5.86,P-V+,P+V+,P-V-,➡️ 中性,14,7,5,10.1,9.85,13.81,False,False,83.75,4.5,0.86,False,87.89,88.62,-6.78,0.63,-0.49,11.0,9.0,1862963.0,2165966.0,1.222,2329300.0,2129290.0,1992373.0,1.169,83.34,47.78,空頭,頭頭低·底底低,,6,13,9,9.4,9,吃老本,,False,True
ES,Utilities,Eversource Energy,2026-09-03,71.47,-1.19,4.83,-1.8,0.01,0.333,1844095,2409747,2417337,-21.55,-0.63,-14.4,P-V-,P+V-,P-V-,➡️ 中性,17,4,8,11.3,-0.33,6.21,False,False,72.8,4.11,0.857,False,76.57,76.57,-6.66,0.78,-0.82,10.0,10.0,1702290.0,1985900.0,1.0,1563100.0,1855020.0,1845106.0,0.847,79.82,48.96,空頭,頭頭低·底底低,多轉空預警,7,19,18,14.0,13,吃老本,,False,False
PNW,Utilities,Pinnacle West Capital,2026-09-03,98.0,-3.0,-0.5,-0.76,-1.25,0.0,975045,1204943,1195289,-23.6,1.63,-2.05,P-V-,P-V+,P-V-,➡️ 中性,26,16,6,19.0,-2.66,814.01,False,False,102.61,3.21,0.983,False,110.16,111.16,-11.04,0.11,-2.8,9.0,10.0,967677.0,984280.0,0.9,932500.0,983650.0,963180.0,0.968,79.07,39.73,收斂,頭頭低·底底高,多轉空預警 / 空轉多預警 / 空頭確認,8,21,14,14.4,14,吃老本,,False,False
FE,Utilities,FirstEnergy,2026-09-03,47.04,-0.91,4.32,-5.85,-2.07,0.333,3685425,4337558,4625727,-24.02,-11.73,0.99,P-V-,P+V-,P-V+,➡️ 中性,13,5,13,10.6,-0.48,0.63,False,False,47.49,4.38,0.992,False,51.3,52.34,-8.3,1.71,0.29,11.0,9.0,3671345.0,3702633.0,1.222,4890300.0,4010680.0,3790660.0,1.29,86.54,51.62,空頭,頭頭低·底底低,多轉空預警,9,7,6,7.6,7,,,False,False
AEE,Utilities,Ameren,2026-09-03,106.41,-2.23,0.88,-4.44,-2.56,0.333,1345645,1612275,1669956,-12.69,-6.68,-1.45,P-V-,P+V-,P-V-,➡️ 中性,22,12,9,16.4,4.18,9.09,False,False,110.35,4.58,1.048,False,118.32,118.32,-10.07,-0.32,-1.72,10.0,10.0,1376970.0,1314320.0,1.0,1692700.0,1234370.0,1250746.0,1.353,82.18,41.24,收斂,頭頭低·底底高,多轉空預警 / 空轉多預警 / 空頭確認,10,16,3,11.0,11,吃老本,🎯 潛在暴漲,True,True
AEP,Utilities,American Electric Power,2026-09-03,124.71,-0.06,-0.52,-5.04,-2.66,0.0,3209665,4513478,4153896,-20.32,18.95,21.11,P-V-,P-V+,P-V+,➡️ 中性,11,17,11,12.8,-8.2,4.61,False,False,128.91,4.98,0.89,False,139.52,140.58,-10.61,1.63,0.32,13.0,7.0,3076592.0,3456800.0,1.857,2283300.0,3366970.0,3194793.0,0.715,94.28,48.25,空頭,頭頭低·底底低,,11,3,23,10.2,10,剛爆發,,False,False
CEG,Utilities,Constellation Energy,2026-09-03,285.05,5.78,6.83,-12.48,-3.09,0.667,2436975,3155180,3220886,-14.08,-4.0,7.93,P+V-,P+V-,P-V+,➡️ 中性,1,2,27,6.5,11.73,5.3,False,True,265.52,10.24,0.965,False,410.41,412.7,-30.54,0.93,9.34,12.0,8.0,2402541.0,2488625.0,1.5,3137200.0,2370830.0,2419293.0,1.297,95.37,58.89,多頭,頭頭高·底底高,,12,2,5,6.6,5,剛爆發,,False,True
DUK,Utilities,Duke Energy,2026-09-03,121.4,-1.91,1.18,-6.16,-3.26,0.333,4173560,3995709,3864428,4.94,7.03,12.2,P-V+,P+V+,P-V+,➡️ 中性,18,9,14,14.5,9.61,7.24,False,False,124.11,3.31,0.902,False,132.18,134.49,-8.15,0.46,-1.16,10.0,10.0,3959300.0,4387820.0,1.0,3357200.0,3385750.0,3569686.0,0.94,80.28,46.04,空頭,頭頭低·底底低,多轉空預警,13,18,15,15.4,16,,,False,True
LNT,Utilities,Alliant Energy,2026-09-03,68.0,-1.97,-3.21,-4.56,-3.58,0.0,2318980,2477875,2357290,-9.04,10.78,6.73,P-V-,P-V+,P-V+,➡️ 中性,19,24,10,18.7,12.23,2.85,False,False,71.99,4.83,1.177,False,78.22,78.81,-13.06,-0.31,-2.19,7.0,13.0,2569914.0,2183861.0,0.538,2345900.0,2026710.0,1976993.0,1.187,77.24,37.76,空頭,頭頭低·底底低,多轉空預警,14,23,7,16.2,19,吃老本,,False,True
NEE,Utilities,NextEra Energy,2026-09-03,84.06,0.05,0.87,-7.98,-3.76,0.667,10264305,11035341,10694363,-4.46,6.59,7.6,P+V-,P+V+,P-V+,➡️ 中性,8,13,20,11.9,3.8,5.67,False,False,86.05,4.67,0.738,False,97.3,98.75,-13.61,1.46,0.11,13.0,5.0,9538284.0,12929600.0,2.6,11538900.0,10497770.0,10859860.0,1.063,100.0,47.15,收斂,頭頭低·底底高,空轉多預警,15,1,11,8.6,8,剛爆發,🎯 潛在暴漲,True,True
PPL,Utilities,PPL Corporation,2026-09-03,35.11,-0.99,1.06,-7.93,-3.95,0.333,8093945,8944269,8401427,11.75,13.82,22.39,P-V+,P+V+,P-V+,➡️ 中性,15,11,19,14.6,-4.0,2.08,False,False,35.59,4.5,0.901,False,39.79,40.11,-11.76,1.95,1.42,10.0,10.0,7673140.0,8514750.0,1.0,5843300.0,7193790.0,7541613.0,0.775,82.4,50.26,空頭,頭頭低·底底低,多轉空預警,16,15,21,16.6,20,,,False,False
DTE,Utilities,DTE Energy,2026-09-03,137.07,-2.0,-2.57,-5.69,-3.99,0.0,1214870,1340469,1354243,-7.98,-2.01,-2.78,P-V-,P-V-,P-V-,🧊 熊市縮量,20,22,12,19.0,16.26,-4.14,False,False,143.85,3.03,1.062,False,155.75,155.75,-11.99,0.61,-2.07,10.0,10.0,1251160.0,1178580.0,1.0,967100.0,1175330.0,1131620.0,0.855,82.58,42.24,空頭,頭頭低·底底低,多轉空預警,17,14,17,15.8,18,,,False,True
ATO,Utilities,Atmos Energy,2026-09-03,169.12,-0.03,1.09,-8.54,-4.0,0.333,971130,1185623,1191140,-3.16,-0.92,8.47,P-V-,P+V-,P-V+,➡️ 中性,10,10,21,12.2,5.6,1.84,False,False,172.13,3.86,0.902,False,190.28,192.51,-11.12,1.14,-1.07,9.0,11.0,916288.0,1016000.0,0.818,688600.0,841690.0,941353.0,0.732,77.87,49.06,收斂,頭頭低·底底高,空轉多預警,18,22,22,20.4,22,,🎯 潛在暴漲,False,True
WEC,Utilities,WEC Energy Group,2026-09-03,106.7,0.0,-2.2,-6.92,-4.01,0.333,2385450,2233090,2099814,18.04,13.55,-3.92,P+V+,P-V+,P-V-,✨ 反彈初期,9,21,16,14.0,12.32,5.33,False,False,110.8,3.6,1.249,False,118.87,119.91,-10.24,0.4,-0.31,9.0,11.0,2679022.0,2145254.0,0.818,2070400.0,2042240.0,2093420.0,0.989,84.1,43.69,空頭,頭頭低·底底低,多轉空預警,19,12,13,15.0,15,剛爆發,,False,True
CNP,Utilities,CenterPoint Energy,2026-09-03,39.98,-1.13,-3.18,-6.69,-4.43,0.0,5637685,6356298,5623353,-16.76,29.97,7.58,P-V-,P-V+,P-V+,➡️ 中性,16,23,15,17.9,7.4,1.1,False,False,41.78,4.57,1.067,False,44.99,45.26,-11.14,1.76,-1.11,9.0,11.0,5839777.0,5472336.0,0.818,5524600.0,6142760.0,5581413.0,0.99,80.98,46.04,空頭,頭頭低·底底低,多轉空預警,20,17,12,17.2,21,,,False,True
XEL,Utilities,Xcel Energy,2026-09-03,76.34,-2.22,-0.61,-7.54,-4.48,0.0,4741340,5383023,5118177,-6.59,10.91,-0.15,P-V-,P-V+,P-V-,➡️ 中性,21,18,18,19.5,,,,,,,,,,,,,,,,,,,,,,,,,,,,21,24,24,,24,,,False,False
SO,Utilities,Southern Company,2026-09-03,88.77,-3.44,-1.09,-7.18,-4.72,0.0,5455045,5836333,5526002,8.37,11.9,-3.98,P-V+,P-V+,P-V-,➡️ 中性,27,19,17,22.6,,,,,,,,,,,,,,,,,,,,,,,,,,,,22,24,24,,24,,,False,False
EXC,Utilities,Exelon,2026-09-03,44.11,-2.37,-0.29,-8.58,-4.96,0.0,6324915,8234112,8364162,-26.92,-3.06,13.58,P-V-,P-V-,P-V+,😴 弱勢縮量,24,15,22,20.9,-3.93,2.6,False,False,45.42,5.44,1.13,False,49.7,50.65,-11.26,1.3,-1.74,10.0,10.0,6709610.0,5940220.0,1.0,11710500.0,7276840.0,6568806.0,1.783,84.24,46.07,空頭,頭頭低·底底低,,23,11,1,13.8,12,剛爆發,,False,False
SRE,Utilities,Sempra,2026-09-03,84.57,0.82,-4.86,-10.35,-6.19,0.333,4378125,3930689,3699563,38.48,13.33,-4.97,P+V+,P-V+,P-V-,✨ 反彈初期,6,26,24,15.6,9.65,-0.29,False,False,88.96,9.81,0.843,False,100.32,101.04,-15.7,-0.21,0.26,10.0,10.0,4004140.0,4752110.0,1.0,3504300.0,4755940.0,4363280.0,0.803,79.82,45.72,空頭,頭頭低·底底低,多轉空預警,24,19,20,21.2,23,,,False,True
CMS,Utilities,CMS Energy,2026-09-03,68.59,-3.44,-1.53,-10.76,-6.62,0.0,3414865,3642766,3202598,-7.47,31.87,23.25,P-V-,P-V+,P-V+,➡️ 中性,27,20,25,24.5,,,,,,,,,,,,,,,,,,,,,,,,,,,,25,24,24,,24,,,False,False
PEG,Utilities,Public Service Enterprise Group,2026-09-03,73.81,-2.45,-4.24,-11.18,-7.26,0.0,2574870,2899392,2872234,-17.9,1.91,1.85,P-V-,P-V+,P-V+,➡️ 中性,25,25,26,25.2,,,,,,,,,,,,,,,,,,,,,,,,,,,,26,24,24,,24,,,False,False
VST,Utilities,Vistra Corp.,2026-09-03,144.22,2.58,-6.1,-12.87,-7.32,0.333,4105580,4355489,4533505,-13.9,-7.56,-7.99,P+V-,P-V-,P-V-,➡️ 中性,3,27,28,15.2,-54.2,53.35,False,False,150.01,10.26,0.899,False,218.91,219.82,-34.12,3.15,2.01,11.0,9.0,3908718.0,4346188.0,1.222,4321900.0,4131750.0,4051020.0,1.067,86.54,50.94,空頭,頭頭低·底底低,多轉空預警,27,7,10,15.6,17,剛爆發,,False,False
NI,Utilities,NiSource,2026-09-03,41.66,-2.23,-7.89,-10.3,-7.68,0.0,5670195,5124421,4662634,4.9,21.99,12.0,P-V+,P-V+,P-V+,📉 主力出貨,22,28,23,24.0,,,,,,,,,,,,,,,,,,,,,,,,,,,,28,24,24,,24,,,False,False
EIX,Utilities,Edison International,2026-09-03,56.3,-17.95,-19.6,-22.53,-20.65,0.0,6240635,3773461,3413286,108.46,23.59,6.18,P-V+,P-V+,P-V+,📉 主力出貨,30,31,29,30.1,,,,,,,,,,,,,,,,,,,,,,,,,,,,29,24,24,,24,,,False,False
PCG,Utilities,PG&E Corporation,2026-09-03,13.96,-20.05,-16.91,-26.53,-22.5,0.0,47478875,28823381,25278888,106.23,32.62,10.74,P-V+,P-V+,P-V+,📉 主力出貨,31,30,30,30.5,,,,,,,,,,,,,,,,,,,,,,,,,,,,30,24,24,,24,剛爆發,,False,False
NRG,Utilities,NRG Energy,2026-09-03,111.84,-5.32,-16.09,-35.88,-23.29,0.0,2448955,2750155,2851389,-21.58,-6.86,35.73,P-V-,P-V-,P-V+,😴 弱勢縮量,29,29,31,29.4,,,,,,,,,,,,,,,,,,,,,,,,,,,,31,24,24,,24,剛爆發,,False,False
