symbol,sector,name,as_of_date,t_price,cum_ret_4w,cum_ret_13w,cum_ret_26w,point,di,cum_ret_4w_rank_in_sector,cum_ret_13w_rank_in_sector,cum_ret_26w_rank_in_sector,cms_a,surprise_l1,surprise_l2,pre_earnings_14d,above_50ma,ma50,amp_10d_pct,vp_ratio_stock,vcp,high_52w,high_52w_raw,pct_from_high,ret_5d,ret_20d,up_days_20,down_days_20,up_avg_vol,down_avg_vol,ud_ratio,vol_today,vol_10d_avg,vol_3w_avg,vol_ratio_stock_20d,vp_score_stock,trend_state,trend_pattern,trend_signal,point_rank_in_sector,vp_score_rank_in_sector,vol_rank_in_sector,composite_in_sector,composite_rank_in_sector,stock_gap_alert,earnings_passed
NWSA,Communication Services,News Corp (Class A),2026-08-28,30.97,10.84,16.78,34.16,23.99,1.0,6,2,2,4.0,51.24,5.46,False,True,27.9,10.22,0.941,False,31.66,31.66,-2.18,1.94,12.37,16.0,4.0,3895337.0,4138553.0,4.0,5268015.0,3535031.0,3393547.0,1.552,100.0,多頭,頭頭高·底底高,空轉多預警 / 多頭確認,1,1,2,1.2,1,,True
NWS,Communication Services,News Corp (Class B),2026-08-28,34.85,9.63,14.86,34.33,23.29,1.0,11,3,1,6.6,51.24,5.46,False,True,31.65,9.34,1.077,False,35.76,35.76,-2.54,0.87,11.45,17.0,3.0,1177905.0,1093623.0,5.667,1583071.0,1022467.0,1078991.0,1.467,100.0,多頭,頭頭高·底底高,空轉多預警,2,1,3,1.8,2,,True
FOXA,Communication Services,Fox Corporation (Class A),2026-08-28,68.42,16.56,3.93,22.82,16.53,1.0,2,12,3,5.2,29.29,36.35,False,True,59.01,5.77,0.961,False,76.02,76.39,-9.99,-0.18,17.5,12.0,7.0,5395854.0,5617485.0,1.714,3622657.0,5288235.0,5189870.0,0.698,100.0,多頭,頭頭高·底底高,,3,1,17,5.0,5,,True
FOX,Communication Services,Fox Corporation (Class B),2026-08-28,61.32,16.53,3.53,19.8,14.92,1.0,3,13,4,6.2,31.62,22.22,False,True,52.85,4.7,0.865,False,67.81,68.18,-9.57,0.44,18.06,13.0,7.0,952142.0,1100485.0,1.857,928258.0,922025.0,873270.0,1.063,100.0,多頭,頭頭高·底底高,,4,1,6,3.2,3,,True
OMC,Communication Services,Omnicom Group,2026-08-28,88.28,11.37,20.43,9.28,12.59,1.0,5,1,9,4.6,-0.39,3.13,False,True,81.53,4.85,1.145,False,89.57,89.57,-1.44,0.85,12.17,11.0,8.0,2286718.0,1997925.0,1.375,1389407.0,1905800.0,1954767.0,0.711,98.3,多頭,頭頭高·底底高,,5,12,15,9.8,10,吃老本,False
PSKY,Communication Services,Paramount Skydance Corporation,2026-08-28,10.88,32.36,1.13,5.76,11.25,1.0,1,14,11,6.9,-2.33,51.38,False,True,9.45,9.3,1.214,False,20.57,20.86,-47.12,5.12,36.68,18.0,1.0,11304389.0,9308200.0,18.0,10028916.0,9107331.0,10051054.0,0.998,100.0,空頭,頭頭低·底底低,多頭確認,6,1,9,4.6,4,,False
LYV,Communication Services,Live Nation Entertainment,2026-08-28,181.65,-0.02,8.75,14.98,9.67,0.667,17,5,6,11.2,82.89,-485.68,False,True,180.96,6.13,1.259,False,189.25,189.25,-4.02,-0.09,4.32,10.0,10.0,2001776.0,1590500.0,1.0,1279067.0,1584726.0,1686344.0,0.758,89.58,多頭,頭頭高·底底高,,7,14,13,11.0,12,吃老本,True
TTWO,Communication Services,Take-Two Interactive,2026-08-28,235.39,-3.98,8.04,15.28,8.66,0.667,20,6,5,12.8,13.9,43.47,False,False,241.96,9.83,1.087,False,265.94,265.94,-11.49,-1.77,-3.1,8.0,12.0,2591987.0,2385183.0,0.667,3703598.0,2469649.0,2369966.0,1.563,76.45,擴散,頭頭高·底底低,,8,19,1,11.0,12,吃老本,True
DIS,Communication Services,Walt Disney Company (The),2026-08-28,108.1,10.15,5.01,2.71,5.15,1.0,10,10,14,10.8,11.09,4.98,False,True,100.6,7.82,1.243,False,118.07,119.78,-8.44,0.3,12.38,15.0,5.0,9998404.0,8041700.0,3.0,5440769.0,7871366.0,7741437.0,0.703,100.0,空頭,頭頭低·底底低,多頭確認,9,1,16,7.2,6,剛爆發,True
VZ,Communication Services,Verizon,2026-08-28,50.1,5.79,6.13,3.73,4.85,1.0,13,8,13,11.5,2.71,5.81,False,True,45.76,5.62,0.938,False,50.78,51.68,-1.34,1.31,7.03,12.0,8.0,18169984.0,19379400.0,1.5,15789014.0,16799871.0,16126394.0,0.979,93.65,多頭,頭頭高·底底高,空轉多預警 / 多頭確認,10,13,10,11.2,14,,True
NFLX,Communication Services,Netflix,2026-08-28,81.72,11.44,-5.37,4.72,3.87,0.667,4,16,12,9.2,1.45,-6.93,False,True,74.65,8.75,1.2,False,126.71,126.71,-35.51,2.68,13.96,11.0,9.0,31471802.0,26216866.0,1.222,29028023.0,27888292.0,28177354.0,1.03,98.79,空頭,頭頭低·底底低,多頭確認,11,11,7,10.2,11,,True
WBD,Communication Services,Warner Bros. Discovery,2026-08-28,28.77,10.27,6.4,-1.3,3.52,0.667,7,7,15,8.6,153.87,-1161.59,False,True,26.95,4.41,1.205,False,30.0,30.0,-4.1,0.77,9.39,14.0,6.0,20174628.0,16740889.0,2.333,10004334.0,17520563.0,18470322.0,0.542,100.0,擴散,頭頭高·底底低,多頭確認,12,1,19,9.0,8,剛爆發,True
RDDT,Communication Services,Reddit,2026-08-28,153.0,-1.11,-8.76,7.69,1.38,0.333,18,18,10,16.4,29.56,26.13,False,False,171.39,22.04,1.156,False,282.95,282.95,-45.93,-0.19,8.77,7.0,13.0,8056585.0,6967760.0,0.538,2744092.0,8271379.0,7868526.0,0.349,83.5,收斂,頭頭低·底底高,多轉空預警 / 空轉多預警,13,16,20,15.6,18,,True
GOOGL,Communication Services,Alphabet Inc. (Class A),2026-08-28,346.59,-7.21,-11.11,11.62,1.23,0.333,21,20,7,17.9,214.23,94.3,False,False,349.78,3.8,1.026,False,408.37,408.61,-15.13,0.51,-2.68,9.0,11.0,24738268.0,24113418.0,0.818,25240919.0,21273461.0,21432967.0,1.178,78.82,擴散,頭頭高·底底低,,14,18,4,13.6,16,,True
T,Communication Services,AT&T,2026-08-28,26.01,10.26,5.94,-6.05,1.02,0.667,8,9,16,9.9,10.49,3.42,False,True,23.09,5.55,0.766,False,28.75,29.79,-9.53,2.85,11.87,15.0,5.0,33387252.0,43610600.0,3.0,22672085.0,28691268.0,30656225.0,0.74,100.0,多頭,頭頭高·底底高,空轉多預警 / 多頭確認,15,1,14,9.2,9,剛爆發,True
GOOG,Communication Services,Alphabet Inc. (Class C),2026-08-28,342.88,-7.94,-11.15,10.42,0.44,0.333,22,21,8,18.9,212.9,94.3,False,False,348.01,3.72,1.061,False,404.23,404.47,-15.18,0.33,-3.86,8.0,12.0,17198813.0,16216983.0,0.667,17479507.0,15184610.0,14971947.0,1.167,76.38,擴散,頭頭高·底底低,,16,20,5,15.4,17,,True
CMCSA,Communication Services,Comcast,2026-08-28,27.06,10.18,9.02,-12.22,-1.31,0.667,9,4,19,9.5,7.62,8.29,False,True,24.39,6.94,1.063,False,32.05,32.86,-15.56,0.78,12.94,13.0,6.0,23123076.0,21748250.0,2.167,20584595.0,20491189.0,20379313.0,1.01,100.0,空頭,頭頭低·底底低,多轉空預警 / 多頭確認,17,1,8,8.8,7,剛爆發,True
TKO,Communication Services,TKO Group Holdings,2026-08-28,184.64,0.4,-7.57,-11.12,-7.35,0.333,16,17,18,16.7,,,,,,,,,,,,,,,,,,,,,,,,,,,18,21,21,,21,,False
META,Communication Services,Meta Platforms,2026-08-28,578.02,-2.07,-8.93,-9.42,-7.46,0.0,19,19,17,18.6,,,,,,,,,,,,,,,,,,,,,,,,,,,19,21,21,,21,,False
TMUS,Communication Services,T-Mobile US,2026-08-28,181.37,2.42,-3.52,-17.46,-9.0,0.333,14,15,20,15.5,14.86,31.07,False,True,181.2,6.21,1.054,False,254.77,258.66,-28.81,-0.91,5.01,9.0,11.0,4145413.0,3934027.0,0.818,3105620.0,4000172.0,3704948.0,0.838,83.36,收斂,頭頭低·底底高,多轉空預警 / 空轉多預警,20,17,11,17.0,19,,True
CHTR,Communication Services,Charter Communications,2026-08-28,153.62,6.61,4.32,-33.74,-14.14,0.667,12,11,23,13.9,5.94,-9.07,False,True,140.94,10.19,1.383,False,285.82,285.82,-46.25,2.3,5.96,12.0,8.0,2881153.0,2083275.0,1.5,1688547.0,3217454.0,2624316.0,0.643,100.0,空頭,頭頭低·底底低,多轉空預警,21,1,18,12.4,15,剛爆發,True
ECHO,Communication Services,EchoStar,2026-08-28,86.84,1.41,-33.75,-18.67,-17.42,0.333,15,22,21,18.3,-94.85,42.09,False,False,92.53,12.21,1.36,False,147.25,147.25,-41.03,0.03,3.27,9.0,11.0,4201360.0,3089890.0,0.818,2271140.0,2577184.0,2823629.0,0.804,88.04,空頭,頭頭低·底底低,,22,15,12,17.2,20,剛爆發,False
APP,Communication Services,AppLovin,2026-08-28,317.76,-21.76,-47.03,-19.19,-26.79,0.0,23,24,22,23.1,,,,,,,,,,,,,,,,,,,,,,,,,,,23,21,21,,21,,False
TTD,Communication Services,Trade Desk (The),2026-08-28,13.57,-25.85,-35.84,-45.59,-38.22,0.0,24,23,24,23.7,,,,,,,,,,,,,,,,,,,,,,,,,,,24,21,21,,21,,False
EXPE,Consumer Discretionary,Expedia Group,2026-08-28,329.44,10.7,44.99,67.24,47.54,1.0,4,2,1,2.8,9.65,42.34,False,True,288.46,7.99,1.021,False,341.51,342.0,-3.53,2.58,11.93,13.0,7.0,1564876.0,1532285.0,1.857,967090.0,1314869.0,1314672.0,0.736,100.0,多頭,頭頭高·底底高,,1,1,19,4.6,2,,True
ABNB,Consumer Discretionary,Airbnb,2026-08-28,189.43,25.75,40.84,50.75,42.02,1.0,1,3,2,1.8,9.48,-14.13,False,True,158.77,7.84,1.439,False,193.45,193.45,-2.08,1.14,25.02,11.0,9.0,6503224.0,4519333.0,1.222,4827573.0,4609057.0,5266378.0,0.917,100.0,擴散,頭頭高·底底低,多頭確認,2,1,9,3.0,1,,True
DASH,Consumer Discretionary,DoorDash,2026-08-28,236.74,18.07,51.08,44.02,39.3,1.0,2,1,3,1.9,-2.43,7.71,False,True,198.72,11.84,0.924,False,285.5,285.5,-17.08,5.93,20.69,17.0,3.0,4533231.0,4903700.0,5.667,2998943.0,4451574.0,4304456.0,0.697,100.0,多頭,頭頭高·底底高,空轉多預警 / 多頭確認,3,1,20,5.6,3,,False
GPC,Consumer Discretionary,Genuine Parts Company,2026-08-28,137.51,7.0,40.04,18.06,20.79,1.0,7,4,9,6.5,3.47,1.26,False,True,126.5,7.75,0.948,False,148.58,151.57,-7.45,2.65,10.57,12.0,8.0,1106238.0,1167025.0,1.5,718260.0,1158796.0,1153077.0,0.623,96.49,多頭,頭頭高·底底高,多頭確認,4,7,22,8.8,5,,True
BKNG,Consumer Discretionary,Booking Holdings,2026-08-28,205.63,6.7,21.39,26.96,20.5,1.0,8,5,6,6.7,4.49,5.67,False,True,191.93,7.45,1.306,False,224.59,226.1,-8.44,-1.9,6.6,10.0,10.0,6149585.0,4710070.0,1.0,3590456.0,4745085.0,4496030.0,0.799,91.05,多頭,頭頭高·底底高,,5,9,15,8.6,4,,True
BBY,Consumer Discretionary,Best Buy,2026-08-28,82.44,-3.3,11.77,35.2,19.72,0.667,32,10,4,19.8,6.53,4.32,False,False,83.08,15.77,0.818,False,91.27,91.27,-9.67,-4.02,-4.43,11.0,9.0,3477063.0,4252780.0,1.222,5154224.0,4285842.0,3733881.0,1.38,78.38,收斂,頭頭低·底底高,多轉空預警,6,22,3,11.8,11,吃老本,True
AMZN,Consumer Discretionary,Amazon,2026-08-28,266.43,-6.19,-2.76,27.75,11.63,0.333,36,28,5,27.4,215.02,69.02,False,True,251.66,4.8,1.3,False,287.2,287.2,-7.23,3.02,-1.9,6.0,14.0,45596534.0,35069342.0,0.429,49322804.0,33732700.0,32954506.0,1.497,79.25,多頭,頭頭高·底底高,空轉多預警,7,19,1,10.6,7,吃老本,True
GRMN,Consumer Discretionary,Garmin,2026-08-28,285.19,-6.42,21.2,14.34,10.86,0.667,37,6,11,22.5,22.52,13.14,False,True,268.36,8.71,0.863,False,314.28,314.28,-9.26,-3.28,-2.92,9.0,11.0,773855.0,896438.0,0.818,780728.0,912832.0,794708.0,0.982,74.31,多頭,頭頭高·底底高,空轉多預警,8,23,7,13.8,13,吃老本,True
EBAY,Consumer Discretionary,eBay Inc.,2026-08-28,105.62,-1.41,-5.54,24.58,10.55,0.333,23,34,7,23.1,6.24,5.03,False,False,109.63,6.61,1.174,False,118.98,119.31,-11.23,1.43,-7.36,9.0,11.0,5023713.0,4280218.0,0.818,4269025.0,4291052.0,4078121.0,1.047,78.97,空頭,頭頭低·底底低,,9,20,5,12.6,12,吃老本,True
CVNA,Consumer Discretionary,Carvana,2026-08-28,74.04,11.96,0.75,13.85,10.1,1.0,3,21,12,10.2,10.09,11.71,False,True,68.06,16.79,0.981,False,97.38,97.38,-23.97,5.91,18.73,13.0,7.0,8701261.0,8871361.0,1.857,4622532.0,9358853.0,8690788.0,0.532,100.0,多頭,頭頭高·底底高,空轉多預警,10,1,25,9.4,6,剛爆發,True
WSM,Consumer Discretionary,"Williams-Sonoma, Inc.",2026-08-28,235.09,-1.96,14.73,13.32,9.85,0.667,26,8,13,18.0,37.87,7.34,False,True,233.14,11.94,1.265,False,254.89,254.89,-7.77,-1.05,2.81,9.0,11.0,1189200.0,940295.0,0.818,972351.0,1180265.0,1042596.0,0.933,85.67,多頭,頭頭高·底底高,,11,14,8,11.6,9,,True
SBUX,Consumer Discretionary,Starbucks,2026-08-28,107.85,4.93,7.66,13.05,9.67,1.0,9,14,14,11.5,30.79,14.51,False,True,104.56,5.87,0.993,False,109.88,110.51,-1.85,0.72,3.06,11.0,9.0,6094353.0,6139888.0,1.222,4828385.0,6109698.0,5578059.0,0.866,87.83,多頭,頭頭高·底底高,空轉多預警,12,11,12,11.6,9,,True
MGM,Consumer Discretionary,MGM Resorts,2026-08-28,42.28,-4.99,-1.51,20.63,8.69,0.333,35,27,8,27.2,1.95,-7.83,False,False,45.52,4.76,1.073,False,51.59,51.59,-18.05,-3.34,-5.14,7.0,13.0,2272900.0,2118743.0,0.538,1667668.0,1838616.0,1834724.0,0.909,72.43,空頭,頭頭低·底底低,空頭確認,13,24,10,16.8,17,吃老本,True
CMG,Consumer Discretionary,Chipotle Mexican Grill,2026-08-28,38.03,1.52,17.3,4.22,6.82,1.0,15,7,16,12.8,3.96,1.4,False,True,34.26,14.28,0.978,False,42.82,42.82,-11.19,3.06,2.18,10.0,10.0,17939873.0,18348540.0,1.0,12709639.0,15233233.0,15601889.0,0.815,84.64,多頭,頭頭高·底底高,,14,15,14,14.4,14,,True
ROST,Consumer Discretionary,Ross Stores,2026-08-28,228.55,-9.63,0.79,14.43,5.0,0.667,40,20,10,28.0,36.74,16.67,False,False,234.34,7.16,1.021,False,257.0,257.0,-11.07,-4.39,-8.97,8.0,12.0,2804650.0,2745849.0,0.667,2375298.0,3548199.0,3085313.0,0.77,70.74,多頭,頭頭高·底底高,空轉多預警,15,25,17,19.4,23,吃老本,True
DRI,Consumer Discretionary,Darden Restaurants,2026-08-28,215.63,4.55,6.31,2.4,3.91,1.0,10,15,19,13.3,0.64,0.29,False,True,208.71,7.64,1.094,False,229.76,229.76,-6.15,-2.69,5.92,13.0,7.0,996704.0,910885.0,1.857,779452.0,891925.0,937130.0,0.832,99.48,擴散,頭頭高·底底低,,16,6,13,11.4,8,剛爆發,True
GM,Consumer Discretionary,General Motors,2026-08-28,86.27,-1.61,2.5,6.61,3.53,0.667,24,19,15,20.7,12.0,40.19,False,True,82.6,5.55,1.01,False,91.85,91.85,-6.08,-1.89,-2.91,11.0,9.0,4967129.0,4918900.0,1.222,6375526.0,5234332.0,4829988.0,1.32,83.5,收斂,頭頭低·底底高,多轉空預警,17,18,4,14.8,15,,True
HAS,Consumer Discretionary,Hasbro,2026-08-28,94.23,3.79,10.81,-4.09,1.6,0.667,11,12,21,13.3,12.8,29.52,False,True,87.75,6.55,1.091,False,104.6,106.98,-9.91,0.74,1.06,10.0,9.0,1601431.0,1467388.0,1.111,901016.0,1360911.0,1492027.0,0.604,86.7,多頭,頭頭高·底底高,,18,12,24,16.8,17,剛爆發,True
HLT,Consumer Discretionary,Hilton Worldwide,2026-08-28,321.85,2.44,-4.61,3.04,0.98,0.667,14,33,17,20.3,0.78,1.78,False,False,327.85,4.24,1.098,False,357.84,358.0,-10.06,-1.46,0.47,8.0,12.0,2023200.0,1842523.0,0.667,1220076.0,1768207.0,1907345.0,0.64,78.91,空頭,頭頭低·底底低,,19,21,21,20.2,25,,True
MAR,Consumer Discretionary,Marriott International,2026-08-28,351.08,1.43,-8.81,2.92,-0.38,0.667,16,37,18,22.7,,,,,,,,,,,,,,,,,,,,,,,,,,,20,26,26,,26,吃老本,False
YUM,Consumer Discretionary,Yum! Brands,2026-08-28,153.86,3.4,2.55,-6.83,-1.93,0.667,12,18,24,16.2,3.71,7.95,False,True,153.21,9.77,1.319,False,170.14,170.14,-9.57,0.57,0.38,8.0,12.0,2930810.0,2221516.0,0.667,1539983.0,2573728.0,2499332.0,0.616,83.54,空頭,頭頭低·底底低,,21,17,23,19.8,24,,True
PHM,Consumer Discretionary,PulteGroup,2026-08-28,128.55,-0.57,9.16,-8.38,-2.04,0.333,20,13,25,18.9,5.27,-1.15,False,False,129.36,5.7,0.998,False,143.89,144.5,-10.66,-0.35,1.64,11.0,9.0,1236601.0,1239377.0,1.222,1065613.0,1170211.0,1201014.0,0.887,86.64,收斂,頭頭低·底底高,多轉空預警 / 空轉多預警,22,13,11,16.2,16,剛爆發,True
ORLY,Consumer Discretionary,O'Reilly Automotive,2026-08-28,88.5,-1.4,-0.82,-6.18,-3.65,0.0,22,25,23,23.1,,,,,,,,,,,,,,,,,,,,,,,,,,,23,26,26,,26,,False
DHI,Consumer Discretionary,D. R. Horton,2026-08-28,147.39,0.8,0.62,-9.56,-4.43,0.667,18,22,26,20.8,,,,,,,,,,,,,,,,,,,,,,,,,,,24,26,26,,26,,False
F,Consumer Discretionary,Ford Motor Company,2026-08-28,13.88,-2.77,-15.73,0.05,-4.6,0.333,28,44,20,31.2,,,,,,,,,,,,,,,,,,,,,,,,,,,25,26,26,,26,,False
DPZ,Consumer Discretionary,Domino's,2026-08-28,350.0,-3.95,13.47,-14.55,-4.89,0.333,33,9,31,25.4,-2.38,-3.32,False,True,328.62,7.39,1.151,False,460.13,469.0,-23.93,2.38,0.74,9.0,11.0,808727.0,702745.0,0.818,1037349.0,800144.0,738416.0,1.405,83.81,多頭,頭頭高·底底高,,26,16,2,17.2,19,剛爆發,True
RL,Consumer Discretionary,Ralph Lauren Corporation,2026-08-28,354.04,-6.87,-4.28,-4.88,-5.23,0.0,38,32,22,33.0,,,,,,,,,,,,,,,,,,,,,,,,,,,27,26,26,,26,,False
NVR,Consumer Discretionary,"NVR, Inc.",2026-08-28,6396.27,3.1,3.83,-14.77,-5.65,0.667,13,16,32,17.7,-6.69,-14.44,False,False,6441.02,4.87,0.971,False,8618.28,8618.28,-25.78,0.59,4.05,11.0,9.0,31933.0,32888.0,1.222,23766.0,30146.0,30064.0,0.791,87.99,多頭,頭頭高·底底高,,28,10,16,18.4,22,剛爆發,True
HD,Consumer Discretionary,Home Depot (The),2026-08-28,330.19,-2.89,3.57,-12.9,-6.28,0.333,29,17,29,25.4,,,,,,,,,,,,,,,,,,,,,,,,,,,29,26,26,,26,,False
WYNN,Consumer Discretionary,Wynn Resorts,2026-08-28,95.26,-2.91,-5.96,-12.51,-8.47,0.0,30,35,28,31.1,,,,,,,,,,,,,,,,,,,,,,,,,,,30,26,26,,26,,False
RCL,Consumer Discretionary,Royal Caribbean Group,2026-08-28,279.41,-13.76,-0.15,-10.79,-8.87,0.0,43,23,27,33.8,,,,,,,,,,,,,,,,,,,,,,,,,,,31,26,26,,26,,False
TSLA,Consumer Discretionary,"Tesla, Inc.",2026-08-28,348.75,8.28,-21.12,-14.81,-10.61,0.333,6,45,33,23.1,-39.15,17.15,False,False,360.47,10.16,1.208,False,498.83,498.83,-30.09,-3.89,12.06,11.0,9.0,35954427.0,29770372.0,1.222,32818355.0,34129215.0,33232363.0,0.988,95.15,空頭,頭頭低·底底低,,32,8,6,17.2,19,剛爆發,False
MCD,Consumer Discretionary,McDonald's,2026-08-28,265.0,-0.09,-4.02,-19.45,-10.75,0.0,19,31,36,26.0,,,,,,,,,,,,,,,,,,,,,,,,,,,33,26,26,,26,剛爆發,False
AZO,Consumer Discretionary,AutoZone,2026-08-28,2961.96,-0.95,-1.5,-21.73,-11.48,0.0,21,26,38,25.9,,,,,,,,,,,,,,,,,,,,,,,,,,,34,26,26,,26,剛爆發,False
TSCO,Consumer Discretionary,Tractor Supply,2026-08-28,34.72,8.88,11.44,-33.84,-11.84,0.667,5,11,45,14.8,-15.89,-9.36,False,True,32.08,5.17,1.407,False,61.39,62.87,-43.45,-0.06,13.62,12.0,8.0,12447237.0,8849600.0,1.5,8331754.0,7976325.0,10849970.0,0.768,100.0,多頭,頭頭高·底底高,空轉多預警,35,1,18,18.0,21,剛爆發,False
LVS,Consumer Discretionary,Las Vegas Sands,2026-08-28,45.04,-4.13,-11.31,-17.18,-12.45,0.0,34,40,34,35.8,,,,,,,,,,,,,,,,,,,,,,,,,,,36,26,26,,26,剛爆發,False
LEN,Consumer Discretionary,Lennar,2026-08-28,86.33,1.33,-3.24,-25.0,-12.98,0.333,17,29,41,25.4,,,,,,,,,,,,,,,,,,,,,,,,,,,37,26,26,,26,剛爆發,False
ULTA,Consumer Discretionary,Ulta Beauty,2026-08-28,517.5,-3.16,-0.51,-24.61,-13.22,0.0,31,24,40,30.7,,,,,,,,,,,,,,,,,,,,,,,,,,,38,26,26,,26,剛爆發,False
TJX,Consumer Discretionary,TJX Companies,2026-08-28,135.12,-13.94,-12.49,-13.74,-13.48,0.0,44,41,30,40.3,,,,,,,,,,,,,,,,,,,,,,,,,,,39,26,26,,26,剛爆發,False
LOW,Consumer Discretionary,Lowe's,2026-08-28,208.05,-1.89,-3.94,-24.5,-13.71,0.0,25,30,39,29.3,,,,,,,,,,,,,,,,,,,,,,,,,,,40,26,26,,26,剛爆發,False
CCL,Consumer Discretionary,Carnival Corporation,2026-08-28,24.76,-13.4,-10.92,-20.78,-16.47,0.0,42,39,37,40.1,,,,,,,,,,,,,,,,,,,,,,,,,,,41,26,26,,26,剛爆發,False
TPR,Consumer Discretionary,"Tapestry, Inc.",2026-08-28,125.49,-19.37,-13.44,-18.33,-17.37,0.0,46,42,35,42.6,,,,,,,,,,,,,,,,,,,,,,,,,,,42,26,26,,26,剛爆發,False
LULU,Consumer Discretionary,Lululemon Athletica,2026-08-28,120.81,-2.31,-8.01,-32.69,-18.93,0.0,27,36,44,33.1,,,,,,,,,,,,,,,,,,,,,,,,,,,43,26,26,,26,剛爆發,False
NCLH,Consumer Discretionary,Norwegian Cruise Line Holdings,2026-08-28,16.65,-15.74,-8.92,-30.51,-21.42,0.0,45,38,43,42.5,,,,,,,,,,,,,,,,,,,,,,,,,,,44,26,26,,26,剛爆發,False
DECK,Consumer Discretionary,Deckers Brands,2026-08-28,87.76,-11.8,-23.23,-27.44,-22.47,0.0,41,46,42,42.7,,,,,,,,,,,,,,,,,,,,,,,,,,,45,26,26,,26,剛爆發,False
NKE,Consumer Discretionary,"Nike, Inc.",2026-08-28,39.6,-7.13,-15.65,-37.25,-24.32,0.0,39,43,46,41.6,,,,,,,,,,,,,,,,,,,,,,,,,,,46,26,26,,26,剛爆發,False
APTV,Consumer Discretionary,Aptiv,2026-08-28,45.75,-20.06,-28.15,-41.11,-32.61,0.0,47,47,47,47.0,,,,,,,,,,,,,,,,,,,,,,,,,,,47,26,26,,26,剛爆發,False
TGT,Consumer Staples,Target Corporation,2026-08-28,163.18,10.1,27.81,43.69,31.32,1.0,5,2,1,3.3,75.83,17.31,False,True,143.43,15.22,1.133,False,170.75,170.75,-4.43,-1.37,13.8,12.0,8.0,5224125.0,4609697.0,1.5,3569281.0,6065428.0,5463298.0,0.653,100.0,多頭,頭頭高·底底高,多頭確認,1,1,20,4.8,3,,True
SJM,Consumer Staples,J.M. Smucker Company (The),2026-08-28,132.34,13.69,28.1,23.51,22.2,1.0,3,1,2,2.2,46.18,5.01,False,True,116.73,14.65,1.05,False,135.89,135.89,-2.61,6.45,12.01,14.0,6.0,1265054.0,1204950.0,2.333,1448156.0,1502515.0,1341777.0,1.079,100.0,多頭,頭頭高·底底高,多頭確認,2,1,7,2.6,1,,True
ADM,Consumer Staples,Archer Daniels Midland,2026-08-28,81.54,5.12,2.52,21.43,12.63,1.0,8,19,3,10.3,28.02,7.8,False,True,79.72,9.93,0.916,False,87.9,88.46,-7.24,1.54,3.52,10.0,10.0,3607816.0,3938300.0,1.0,3593466.0,3443326.0,3536591.0,1.016,83.76,收斂,頭頭低·底底高,多轉空預警 / 空轉多預警,3,15,9,9.0,6,吃老本,True
KO,Consumer Staples,Coca-Cola Company (The),2026-08-28,89.66,3.22,12.22,12.56,10.14,1.0,10,8,4,8.2,4.05,5.88,False,True,85.23,6.27,0.836,False,92.49,92.49,-3.06,-1.58,2.36,12.0,8.0,13027299.0,15574325.0,1.5,9879988.0,13829288.0,13332039.0,0.741,87.92,多頭,頭頭高·底底高,,4,10,19,9.4,8,吃老本,True
GIS,Consumer Staples,General Mills,2026-08-28,41.55,15.42,24.72,-5.37,7.35,0.667,2,3,17,5.3,19.21,-12.14,False,True,37.05,10.02,1.012,False,48.32,51.33,-14.02,3.95,16.22,16.0,4.0,8053953.0,7956050.0,4.0,8925450.0,8043625.0,7903976.0,1.129,100.0,空頭,頭頭低·底底低,多轉空預警 / 多頭確認,5,1,6,3.6,2,,True
KDP,Consumer Staples,Keurig Dr Pepper,2026-08-28,32.18,4.11,7.89,5.37,5.68,1.0,9,13,7,9.8,6.18,4.25,False,True,31.16,8.69,0.915,False,33.82,33.82,-4.85,0.44,3.41,11.0,9.0,10881145.0,11892466.0,1.222,8222396.0,8811209.0,10549586.0,0.779,86.56,空頭,頭頭低·底底低,多轉空預警,6,13,15,10.6,9,吃老本,True
PM,Consumer Staples,Philip Morris International,2026-08-28,191.89,2.39,8.35,4.39,4.88,1.0,11,12,8,10.7,7.31,7.07,False,True,186.95,6.5,1.026,False,207.76,207.76,-7.64,1.94,0.56,12.0,8.0,4561115.0,4446162.0,1.5,3811283.0,4694428.0,4335665.0,0.879,91.57,多頭,頭頭高·底底高,,7,7,11,7.8,4,,True
KHC,Consumer Staples,Kraft Heinz,2026-08-28,25.7,-2.73,6.93,7.36,4.73,0.667,27,15,6,19.2,5.6,15.38,False,True,25.14,6.96,0.759,False,28.09,28.09,-8.51,0.47,-0.58,11.0,9.0,13247689.0,17453033.0,1.222,20652379.0,14353327.0,14028051.0,1.472,81.46,擴散,頭頭高·底底低,,8,19,2,11.2,12,吃老本,True
KVUE,Consumer Staples,Kenvue,2026-08-28,19.17,1.97,9.88,3.19,4.56,1.0,12,10,10,11.0,-2.82,23.03,False,True,18.98,4.32,0.991,False,19.91,20.82,-3.71,0.58,0.75,9.0,10.0,21326466.0,21519393.0,0.9,11888237.0,20950633.0,19084569.0,0.623,81.52,收斂,頭頭低·底底高,,9,18,22,15.2,18,吃老本,False
EL,Consumer Staples,Estée Lauder Companies (The),2026-08-28,103.39,22.09,14.22,-9.69,4.23,0.667,1,5,21,6.2,22.12,40.2,False,True,86.69,24.82,1.672,False,120.79,121.64,-14.41,1.42,23.23,10.0,10.0,4593820.0,2747717.0,1.0,3120876.0,4940787.0,4184431.0,0.746,100.0,多頭,頭頭高·底底高,多頭確認,10,1,18,8.0,5,剛爆發,True
KMB,Consumer Staples,Kimberly-Clark,2026-08-28,109.55,1.85,10.9,1.18,3.78,1.0,13,9,12,11.6,5.68,2.24,False,True,109.42,4.55,1.021,False,126.63,131.53,-13.49,0.22,0.22,9.0,11.0,3396022.0,3325197.0,0.818,2433377.0,2877287.0,2656451.0,0.916,80.37,空頭,頭頭低·底底低,,11,20,10,14.4,14,吃老本,True
MDLZ,Consumer Staples,Mondelez International,2026-08-28,62.36,1.02,0.79,3.76,2.33,1.0,17,20,9,16.3,7.4,10.22,False,True,61.35,6.14,0.962,False,66.65,66.65,-6.44,-3.24,0.08,12.0,8.0,7034775.0,7315017.0,1.5,9164737.0,7071023.0,6733029.0,1.361,88.08,多頭,頭頭高·底底高,空轉多預警,12,9,3,9.0,6,,True
DLTR,Consumer Staples,Dollar Tree,2026-08-28,128.26,-0.84,13.5,-2.62,1.86,0.333,23,6,13,15.9,136.57,12.89,False,True,125.79,14.47,0.739,False,142.4,142.4,-9.93,-2.45,0.83,12.0,8.0,1992259.0,2694462.0,1.5,2502109.0,2709180.0,2409120.0,1.039,84.95,收斂,頭頭低·底底高,多轉空預警,13,14,8,12.4,13,,True
CASY,Consumer Staples,Casey's,2026-08-28,755.47,-12.19,-3.19,11.02,1.66,0.333,33,24,5,24.7,32.11,16.87,True,False,832.45,17.34,0.943,False,927.15,927.85,-18.52,-9.6,-13.26,8.0,12.0,289537.0,306950.0,0.667,442108.0,311050.0,297927.0,1.484,64.71,收斂,頭頭低·底底高,空頭確認,14,22,1,14.6,17,吃老本,True
MO,Consumer Staples,Altria,2026-08-28,68.65,0.57,-3.19,2.3,0.5,0.667,19,24,11,18.9,-1.17,5.92,False,False,70.02,8.01,0.966,False,77.06,77.06,-10.91,3.87,0.47,10.0,10.0,9200783.0,9520910.0,1.0,5842231.0,8990763.0,9075722.0,0.644,83.74,擴散,頭頭高·底底低,,15,16,21,16.6,19,,False
CHD,Consumer Staples,Church & Dwight,2026-08-28,101.26,1.56,4.03,-3.03,-0.11,0.667,15,17,14,15.4,-0.95,2.23,False,True,98.78,6.93,1.09,False,105.37,106.04,-3.9,2.49,2.79,10.0,10.0,1781430.0,1634256.0,1.0,1239961.0,1648496.0,1593137.0,0.778,86.75,多頭,頭頭高·底底高,,16,12,16,14.4,14,,False
BG,Consumer Staples,Bunge Global,2026-08-28,115.48,10.25,-6.06,-4.57,-1.24,0.333,4,27,15,13.1,2.89,109.39,False,True,112.18,10.73,0.931,False,134.02,134.87,-13.84,2.1,9.39,11.0,9.0,1282003.0,1377188.0,1.222,1572940.0,1379094.0,1203462.0,1.307,91.1,空頭,頭頭低·底底低,,17,8,5,11.0,10,剛爆發,True
SYY,Consumer Staples,Sysco,2026-08-28,81.94,-3.58,8.64,-7.53,-2.5,0.333,29,11,19,21.6,1.24,-0.39,False,False,82.83,4.55,0.896,False,90.56,91.85,-9.52,-2.57,-3.87,8.0,12.0,3084212.0,3442099.0,0.667,2082994.0,2028019.0,2382406.0,0.874,72.33,收斂,頭頭低·底底高,多轉空預警,18,21,12,18.0,20,,True
CL,Consumer Staples,Colgate-Palmolive,2026-08-28,90.75,0.97,-0.43,-6.39,-3.06,0.333,18,21,18,18.9,,,,,,,,,,,,,,,,,,,,,,,,,,,19,23,23,,23,,False
MKC,Consumer Staples,McCormick & Company,2026-08-28,55.33,7.4,19.22,-19.53,-3.11,0.667,6,4,32,10.6,14.8,10.66,False,True,52.14,5.56,0.994,False,71.13,72.41,-22.21,-0.14,8.7,14.0,6.0,2333272.0,2348116.0,2.333,2002520.0,2516972.0,2337308.0,0.857,100.0,擴散,頭頭高·底底低,,20,1,13,11.0,10,剛爆發,True
BF-B,Consumer Staples,Brown–Forman,2026-08-28,27.22,-2.12,5.77,-8.91,-3.54,0.333,26,16,20,21.8,,,,,,,,,,,,,,,,,,,,,,,,,,,21,23,23,,23,,False
COST,Consumer Staples,Costco,2026-08-28,945.47,-0.9,-4.85,-5.02,-3.95,0.0,24,26,16,23.0,,,,,,,,,,,,,,,,,,,,,,,,,,,22,23,23,,23,,False
CLX,Consumer Staples,Clorox,2026-08-28,102.53,5.56,7.83,-17.07,-5.19,0.667,7,14,28,13.3,0.86,6.16,False,True,98.93,6.8,1.655,False,125.83,128.9,-18.51,-3.9,8.58,10.0,10.0,3134840.0,1893709.0,1.0,1865694.0,1976539.0,2244619.0,0.831,97.56,多頭,頭頭高·底底高,,23,6,14,14.4,14,剛爆發,True
PG,Consumer Staples,Procter & Gamble,2026-08-28,143.78,-0.82,-0.72,-11.7,-6.24,0.0,22,22,23,22.2,,,,,,,,,,,,,,,,,,,,,,,,,,,24,23,23,,23,,False
TAP,Consumer Staples,Molson Coors Beverage Company,2026-08-28,41.46,-1.1,3.42,-15.04,-6.94,0.333,25,18,25,22.9,,,,,,,,,,,,,,,,,,,,,,,,,,,25,23,23,,23,,False
DG,Consumer Staples,Dollar General,2026-08-28,122.89,-3.78,12.39,-19.39,-7.54,0.333,30,7,31,23.3,23.53,6.22,False,True,121.17,12.22,1.171,False,156.68,158.23,-21.57,-0.42,-3.27,10.0,10.0,2455800.0,2097503.0,1.0,3297834.0,2694463.0,2460655.0,1.34,83.36,多頭,頭頭高·底底高,,26,17,4,18.0,20,剛爆發,True
PEP,Consumer Staples,PepsiCo,2026-08-28,141.07,1.03,-2.55,-15.17,-7.96,0.333,16,23,26,20.1,,,,,,,,,,,,,,,,,,,,,,,,,,,27,23,23,,23,,False
TSN,Consumer Staples,Tyson Foods,2026-08-28,55.4,-7.06,-9.89,-11.2,-9.84,0.0,32,32,22,30.0,,,,,,,,,,,,,,,,,,,,,,,,,,,28,23,23,,23,,False
KR,Consumer Staples,Kroger,2026-08-28,57.72,-0.18,-8.71,-16.25,-10.35,0.0,20,31,27,24.7,,,,,,,,,,,,,,,,,,,,,,,,,,,29,23,23,,23,剛爆發,False
STZ,Consumer Staples,Constellation Brands,2026-08-28,130.69,-0.51,-7.32,-17.16,-10.54,0.0,21,28,29,24.7,,,,,,,,,,,,,,,,,,,,,,,,,,,30,23,23,,23,剛爆發,False
HSY,Consumer Staples,Hershey Company (The),2026-08-28,179.05,1.57,-8.42,-21.01,-12.22,0.333,14,30,33,22.6,33.09,14.93,False,True,177.89,6.17,1.24,False,235.8,239.48,-24.07,-3.97,3.09,10.0,10.0,1264600.0,1019862.0,1.0,821326.0,1001282.0,1063675.0,0.772,86.96,多頭,頭頭高·底底高,,31,11,17,20.2,22,剛爆發,True
HRL,Consumer Staples,Hormel Foods,2026-08-28,21.57,-14.51,-7.47,-14.19,-12.59,0.0,34,29,24,30.5,,,,,,,,,,,,,,,,,,,,,,,,,,,32,23,23,,23,剛爆發,False
WMT,Consumer Staples,Walmart,2026-08-28,103.09,-6.66,-13.09,-18.15,-14.01,0.0,31,33,30,31.4,,,,,,,,,,,,,,,,,,,,,,,,,,,33,23,23,,23,剛爆發,False
MNST,Consumer Staples,Monster Beverage,2026-08-28,46.86,-2.76,-47.49,-44.67,-34.9,0.0,28,34,34,31.0,,,,,,,,,,,,,,,,,,,,,,,,,,,34,23,23,,23,剛爆發,False
MPC,Energy,Marathon Petroleum,2026-08-28,368.83,20.46,47.15,90.1,61.95,1.0,1,1,1,1.0,27.08,120.63,False,True,307.67,5.93,1.067,False,369.12,369.12,-0.08,2.25,16.86,13.0,7.0,2572455.0,2410285.0,1.857,1917722.0,2400562.0,2576388.0,0.744,100.0,多頭,頭頭高·底底高,空轉多預警 / 多頭確認,1,1,11,3.0,1,,True
VLO,Energy,Valero Energy,2026-08-28,352.36,14.57,44.46,78.3,53.91,1.0,5,2,2,3.5,23.84,33.47,False,True,302.23,5.19,0.98,False,353.0,353.0,-0.18,1.0,12.61,11.0,9.0,2429503.0,2480277.0,1.222,1832339.0,2011283.0,2174682.0,0.843,93.44,空頭,頭頭低·底底低,多轉空預警 / 多頭確認,2,6,7,4.6,3,,True
PSX,Energy,Phillips 66,2026-08-28,244.01,18.97,38.82,60.07,44.48,1.0,2,3,3,2.5,25.45,225.68,False,True,205.06,6.31,0.963,False,246.95,246.95,-1.19,0.47,15.88,11.0,9.0,2700976.0,2803344.0,1.222,1728245.0,2655114.0,2677883.0,0.645,94.91,擴散,頭頭高·底底低,,3,5,16,6.4,4,,True
APA,Energy,APA Corporation,2026-08-28,42.54,15.38,17.27,50.69,33.51,1.0,4,4,4,4.0,1.01,20.9,False,True,36.71,10.9,0.997,False,45.05,45.66,-5.57,-1.96,13.99,11.0,9.0,5687322.0,5707011.0,1.222,3317142.0,5548874.0,5576216.0,0.595,93.38,多頭,頭頭高·底底高,空轉多預警,4,7,18,8.0,5,,True
TRGP,Energy,Targa Resources,2026-08-28,287.82,8.78,10.31,25.42,17.48,1.0,8,7,5,7.1,14.25,7.4,False,True,274.32,11.66,1.093,False,307.94,307.94,-6.53,-3.77,6.45,8.0,12.0,1359237.0,1243662.0,0.667,805544.0,1460204.0,1236722.0,0.651,81.49,多頭,頭頭高·底底高,,5,15,15,11.0,11,吃老本,True
COP,Energy,ConocoPhillips,2026-08-28,130.35,10.12,14.11,19.54,15.83,1.0,7,5,6,6.2,10.26,11.52,False,True,116.86,8.18,0.994,False,135.88,135.88,-4.07,-3.35,8.91,11.0,9.0,6868370.0,6911122.0,1.222,4651172.0,6753447.0,6644144.0,0.7,89.73,多頭,頭頭高·底底高,空轉多預警,6,8,13,8.2,6,,True
OKE,Energy,Oneok,2026-08-28,94.76,7.39,10.19,17.07,12.93,1.0,9,8,8,8.5,5.64,0.14,False,True,90.19,7.16,1.0,False,97.9,97.9,-3.21,1.53,5.59,10.0,10.0,3612578.0,3614100.0,1.0,2605885.0,3283978.0,3243332.0,0.803,86.46,擴散,頭頭高·底底低,,7,13,8,9.6,8,吃老本,True
SLB,Energy,Schlumberger,2026-08-28,57.33,16.26,4.55,11.15,10.78,1.0,3,13,11,7.6,6.3,1.13,False,True,49.74,10.05,1.164,False,58.51,58.82,-2.02,6.42,15.61,12.0,7.0,10599566.0,9107771.0,1.714,17902297.0,10060599.0,9707193.0,1.844,100.0,多頭,頭頭高·底底高,多頭確認,8,1,1,3.8,2,剛爆發,True
EOG,Energy,EOG Resources,2026-08-28,143.35,-1.6,7.31,17.65,10.25,0.667,20,11,7,14.7,2.1,6.22,False,True,139.8,7.68,0.907,False,153.67,153.67,-6.72,-6.34,-3.59,9.0,11.0,2735766.0,3015974.0,0.818,2687415.0,2545401.0,2593147.0,1.036,73.46,多頭,頭頭高·底底高,空轉多預警,9,17,3,11.0,11,吃老本,True
OXY,Energy,Occidental Petroleum,2026-08-28,59.1,6.54,3.58,14.83,9.95,1.0,10,14,10,11.2,29.8,80.35,False,True,55.23,7.72,1.12,False,67.14,67.45,-11.97,-3.59,3.56,10.0,10.0,8379640.0,7484260.0,1.0,4428409.0,6832260.0,7227953.0,0.613,85.29,多頭,頭頭高·底底高,空轉多預警,10,14,17,13.0,16,,True
CVX,Energy,Chevron Corporation,2026-08-28,201.86,5.41,11.25,10.87,9.6,1.0,12,6,12,10.2,8.84,45.56,False,True,186.2,5.51,0.986,False,210.92,214.71,-4.3,-1.66,3.45,11.0,9.0,7799960.0,7914188.0,1.222,5267962.0,7458306.0,7699050.0,0.684,86.99,多頭,頭頭高·底底高,空轉多預警,11,11,14,11.6,13,,True
DVN,Energy,Devon Energy,2026-08-28,47.35,6.24,8.11,10.76,8.97,1.0,11,9,13,10.8,11.26,-4.91,False,True,44.22,7.69,1.216,False,52.34,52.71,-9.53,-3.56,4.92,10.0,10.0,11345344.0,9326320.0,1.0,8783049.0,10354564.0,10006976.0,0.878,87.81,多頭,頭頭高·底底高,空轉多預警,12,9,6,9.6,8,,True
FANG,Energy,Diamondback Energy,2026-08-28,197.67,0.0,2.38,16.54,8.86,1.0,19,15,9,15.8,8.32,12.78,False,True,192.69,9.88,0.771,False,216.9,216.9,-8.87,-6.19,-2.07,8.0,12.0,1516850.0,1968079.0,0.667,2128057.0,1759705.0,1601490.0,1.329,69.77,多頭,頭頭高·底底高,空轉多預警,13,18,2,12.8,15,,True
XOM,Energy,ExxonMobil,2026-08-28,156.71,1.72,7.32,6.39,5.46,1.0,17,10,14,14.3,13.26,15.14,False,True,149.78,8.23,0.998,False,174.09,176.41,-9.99,-5.09,1.47,8.0,12.0,14041576.0,14065300.0,0.667,11102309.0,14217400.0,13978247.0,0.794,76.32,多頭,頭頭高·底底高,空轉多預警,14,16,10,14.0,18,,True
HAL,Energy,Halliburton,2026-08-28,36.18,13.45,-7.62,2.01,2.46,0.667,6,20,15,12.0,2.28,10.42,False,True,33.85,9.87,1.098,False,43.41,43.59,-16.65,2.38,12.19,11.0,9.0,10955466.0,9979944.0,1.222,9237035.0,10950973.0,10164055.0,0.909,95.81,空頭,頭頭低·底底低,多頭確認,15,4,5,8.6,7,剛爆發,True
WMB,Energy,Williams Companies,2026-08-28,73.73,4.69,1.56,1.78,2.45,1.0,13,16,16,14.5,0.25,16.43,False,True,73.44,8.62,1.027,False,79.49,80.08,-7.25,4.6,3.06,10.0,10.0,6471310.0,6300923.0,1.0,4693034.0,6546063.0,5885142.0,0.797,86.65,空頭,頭頭低·底底低,,16,12,9,13.0,16,,True
EXE,Energy,Expand Energy,2026-08-28,98.16,4.32,5.51,-3.19,0.86,0.667,14,12,19,14.4,19.09,5.37,False,True,91.36,7.06,1.176,False,124.43,126.62,-21.11,2.15,5.02,14.0,6.0,2730260.0,2322450.0,2.333,1890549.0,2709624.0,2588769.0,0.73,100.0,多頭,頭頭高·底底高,空轉多預警,17,1,12,9.6,8,剛爆發,True
KMI,Energy,Kinder Morgan,2026-08-28,31.56,0.51,-0.17,-1.65,-0.74,0.333,18,17,17,17.5,,,,,,,,,,,,,,,,,,,,,,,,,,,18,19,19,,19,,False
BKR,Energy,Baker Hughes,2026-08-28,62.41,3.01,-3.2,-2.89,-1.49,0.333,15,19,18,16.8,31.47,17.94,False,True,59.23,7.26,0.961,False,69.92,70.41,-10.74,0.11,3.55,11.0,9.0,6067286.0,6312633.0,1.222,5700456.0,5853125.0,6091057.0,0.936,87.33,多頭,頭頭高·底底高,空轉多預警,19,10,4,12.4,14,剛爆發,True
EQT,Energy,EQT Corporation,2026-08-28,54.57,2.21,-1.1,-6.02,-2.73,0.333,16,18,20,17.4,,,,,,,,,,,,,,,,,,,,,,,,,,,20,19,19,,19,,False
TPL,Energy,Texas Pacific Land Corporation,2026-08-28,364.38,-10.28,-9.07,-31.32,-20.5,0.0,21,21,21,21.0,,,,,,,,,,,,,,,,,,,,,,,,,,,21,19,19,,19,,False
FDS,Financials,FactSet,2026-08-28,308.98,14.57,29.97,54.89,38.58,1.0,3,3,2,2.8,1.76,1.89,False,True,263.64,11.73,0.887,False,371.83,377.07,-16.9,3.02,17.39,11.0,9.0,744424.0,839222.0,1.222,715165.0,824346.0,793171.0,0.902,95.5,多頭,頭頭高·底底高,多頭確認,1,10,12,6.8,2,吃老本,True
XYZ,Financials,"Block, Inc.",2026-08-28,83.57,1.8,12.4,63.86,35.48,1.0,30,40,1,27.2,16.71,25.55,False,True,79.57,9.62,0.866,False,86.92,86.92,-3.85,1.72,2.87,9.0,11.0,4421577.0,5108323.0,0.818,3457954.0,3925855.0,4055456.0,0.853,79.83,多頭,頭頭高·底底高,,2,28,15,15.0,11,吃老本,True
STT,Financials,State Street Corporation,2026-08-28,193.33,5.26,23.27,53.73,34.0,1.0,17,14,3,13.3,9.21,7.46,False,True,182.26,6.81,1.068,False,195.93,195.93,-1.33,3.31,4.98,11.0,9.0,1372254.0,1285232.0,1.222,627396.0,1273969.0,1251819.0,0.501,91.33,多頭,頭頭高·底底高,,3,14,31,13.0,8,吃老本,True
HOOD,Financials,Robinhood Markets,2026-08-28,104.26,15.41,22.89,42.06,30.61,1.0,2,15,4,6.3,43.71,8.63,False,True,101.37,20.5,1.274,False,153.86,153.86,-32.24,-3.58,20.45,11.0,9.0,20442490.0,16046729.0,1.222,16200263.0,21656736.0,18957957.0,0.855,100.0,擴散,頭頭高·底底低,,4,1,14,4.8,1,,True
BNY,Financials,BNY Mellon,2026-08-28,162.5,4.03,16.07,40.54,25.29,1.0,23,25,5,20.0,10.7,16.54,False,True,155.35,5.28,1.013,False,165.69,165.69,-1.93,2.53,3.95,12.0,8.0,2331296.0,2301412.0,1.5,2353557.0,2190115.0,2136110.0,1.102,93.61,多頭,頭頭高·底底高,,5,11,5,7.4,3,吃老本,True
IBKR,Financials,Interactive Brokers,2026-08-28,95.84,9.22,15.43,33.54,22.93,1.0,5,31,6,13.0,7.98,0.1,False,True,92.2,10.46,1.265,False,98.75,98.75,-2.95,2.1,8.92,9.0,11.0,4895977.0,3870604.0,0.818,2229749.0,3965764.0,3787763.0,0.589,90.6,空頭,頭頭低·底底低,多轉空預警,6,16,28,14.4,9,吃老本,True
AJG,Financials,Arthur J. Gallagher & Co.,2026-08-28,267.56,7.98,32.47,24.67,22.45,1.0,7,2,17,7.5,0.94,0.98,False,True,248.88,9.93,1.114,False,310.73,313.55,-13.89,1.42,7.27,12.0,8.0,1340475.0,1203512.0,1.5,1151306.0,1302860.0,1289320.0,0.893,96.92,擴散,頭頭高·底底低,,7,9,13,9.0,5,,True
NTRS,Financials,Northern Trust,2026-08-28,186.79,2.52,11.47,33.45,20.22,1.0,27,45,7,28.4,-8.35,16.14,False,True,182.77,6.15,1.033,False,195.78,195.78,-4.59,1.57,2.52,13.0,7.0,1032808.0,999728.0,1.857,603016.0,957671.0,1041061.0,0.579,98.08,多頭,頭頭高·底底高,,8,6,29,11.4,6,,False
IVZ,Financials,Invesco,2026-08-28,32.86,7.02,17.89,27.64,20.04,1.0,9,23,12,13.8,7.18,-1.21,False,True,29.75,7.54,1.069,False,33.65,33.65,-2.35,2.62,11.76,13.0,7.0,4258130.0,3982119.0,1.857,2777033.0,3368703.0,3727235.0,0.745,100.0,多頭,頭頭高·底底高,多頭確認,9,1,19,7.8,4,剛爆發,True
MET,Financials,MetLife,2026-08-28,96.51,0.83,18.48,29.88,19.77,1.0,37,22,9,26.9,6.16,6.65,False,True,92.94,5.44,1.046,False,100.93,100.93,-4.38,2.3,1.02,10.0,10.0,3275079.0,3130050.0,1.0,2878195.0,2938809.0,2736833.0,1.052,84.84,擴散,頭頭高·底底低,,10,25,6,15.2,12,吃老本,True
BX,Financials,Blackstone Inc.,2026-08-28,142.39,5.72,23.85,24.71,19.75,1.0,15,12,15,14.1,13.71,1.69,False,True,129.92,6.13,1.24,False,182.68,190.09,-22.05,-0.69,12.6,11.0,9.0,4239554.0,3418360.0,1.222,2440148.0,2951984.0,3624669.0,0.673,97.32,多頭,頭頭高·底底高,,11,7,24,12.0,7,,True
ALL,Financials,Allstate,2026-08-28,260.58,-0.8,26.38,25.48,19.13,0.667,47,8,13,28.5,48.03,47.01,False,True,253.56,5.31,0.776,False,277.22,277.22,-6.0,2.66,-1.33,9.0,11.0,1462924.0,1884500.0,0.818,968018.0,1442211.0,1637554.0,0.591,76.13,空頭,頭頭低·底底低,,12,31,27,22.6,24,吃老本,True
WTW,Financials,Willis Towers Watson,2026-08-28,343.75,0.62,36.9,18.84,18.8,1.0,40,1,32,26.7,7.78,1.8,False,True,307.84,7.61,0.84,False,351.51,352.79,-2.21,0.51,2.33,9.0,11.0,465613.0,553981.0,0.818,311422.0,458422.0,505948.0,0.616,78.59,多頭,頭頭高·底底高,,13,29,26,22.0,23,吃老本,True
AIZ,Financials,Assurant,2026-08-28,285.65,1.15,15.86,28.62,18.56,1.0,35,26,11,27.5,23.73,11.71,False,True,278.49,5.25,1.182,False,303.94,303.94,-6.02,0.57,2.31,8.0,12.0,419659.0,354933.0,0.667,229376.0,340747.0,338305.0,0.678,82.31,多頭,頭頭高·底底高,,14,27,23,21.0,20,吃老本,True
BAC,Financials,Bank of America,2026-08-28,62.32,-0.26,23.39,24.97,18.27,0.667,42,13,14,27.7,7.74,8.78,False,True,61.12,6.6,0.857,False,65.23,65.23,-4.46,1.02,0.6,12.0,8.0,26091440.0,30450587.0,1.5,32915990.0,30424199.0,28471786.0,1.156,88.26,多頭,頭頭高·底底高,空轉多預警,15,21,4,15.2,12,吃老本,True
BEN,Financials,Franklin Resources,2026-08-28,34.65,-1.67,12.14,30.93,18.08,0.667,52,41,8,39.9,8.28,28.64,False,True,33.62,5.98,1.22,False,36.28,36.28,-4.49,0.99,2.33,8.0,11.0,3852750.0,3158610.0,0.727,1974915.0,2916981.0,2864341.0,0.689,84.05,多頭,頭頭高·底底高,空轉多預警,16,26,22,21.2,22,吃老本,True
SCHW,Financials,Charles Schwab Corporation,2026-08-28,110.16,4.36,29.44,19.07,17.98,1.0,20,4,31,17.4,4.55,2.48,False,True,103.08,7.39,1.035,False,114.53,114.53,-3.82,-1.91,4.98,11.0,9.0,7594043.0,7340566.0,1.222,12818280.0,8361278.0,7406925.0,1.731,88.66,多頭,頭頭高·底底高,多頭確認,17,19,1,14.6,10,,True
V,Financials,Visa Inc.,2026-08-28,381.6,4.55,17.65,24.7,17.9,1.0,19,24,16,19.9,,,,,,,,,,,,,,,,,,,,,,,,,,,18,32,32,,32,吃老本,False
AMP,Financials,Ameriprise Financial,2026-08-28,559.32,1.31,27.56,20.78,17.61,1.0,34,6,25,23.8,,,,True,525.4,4.39,1.019,False,572.56,572.56,-2.31,0.67,2.79,12.0,8.0,380581.0,373550.0,1.5,270172.0,353317.0,350064.0,0.772,92.27,多頭,頭頭高·底底高,,19,13,17,16.2,14,剛爆發,False
TRV,Financials,Travelers Companies (The),2026-08-28,369.9,-1.05,26.21,22.06,17.32,0.667,49,9,22,31.6,86.12,8.93,False,True,357.84,4.09,0.905,False,398.7,398.7,-7.22,1.74,-1.19,9.0,11.0,1520525.0,1680209.0,0.818,976830.0,1517643.0,1577255.0,0.619,78.09,多頭,頭頭高·底底高,,20,30,25,25.0,27,吃老本,True
GPN,Financials,Global Payments,2026-08-28,91.82,6.53,24.64,18.04,16.81,1.0,13,11,33,16.4,0.63,5.43,False,True,82.11,6.17,1.174,False,95.88,95.88,-4.23,-1.79,9.21,10.0,10.0,3331600.0,2838927.0,1.0,1869170.0,2611877.0,2666171.0,0.701,90.35,多頭,頭頭高·底底高,,21,18,20,19.6,19,,True
ARES,Financials,Ares Management,2026-08-28,142.53,2.86,14.26,24.55,16.56,1.0,26,33,18,26.5,,,,,,,,,,,,,,,,,,,,,,,,,,,22,32,32,,32,吃老本,False
JPM,Financials,JPMorgan Chase,2026-08-28,357.62,1.41,21.06,21.45,16.34,1.0,33,18,24,26.7,,,,,,,,,,,,,,,,,,,,,,,,,,,23,32,32,,32,吃老本,False
MA,Financials,Mastercard,2026-08-28,595.3,4.26,20.77,19.94,16.23,1.0,21,19,28,21.8,,,,,,,,,,,,,,,,,,,,,,,,,,,24,32,32,,32,吃老本,False
MS,Financials,Morgan Stanley,2026-08-28,214.77,1.68,5.97,28.63,16.23,1.0,31,63,10,36.4,17.94,13.61,False,False,215.82,6.16,1.195,False,230.98,232.25,-7.02,0.27,2.07,10.0,10.0,4600340.0,3848379.0,1.0,3733893.0,3903169.0,3827592.0,0.976,87.27,收斂,頭頭低·底底高,多轉空預警 / 空轉多預警,24,24,9,21.0,20,,True
PRU,Financials,Prudential Financial,2026-08-28,119.79,-1.47,20.44,22.35,15.92,0.667,50,20,21,35.2,,,,,,,,,,,,,,,,,,,,,,,,,,,26,32,32,,32,吃老本,False
CPAY,Financials,Corpay,2026-08-28,407.88,5.73,15.75,20.4,15.57,1.0,14,28,27,20.8,6.3,6.03,False,True,377.23,4.5,0.981,False,425.95,425.95,-4.24,-2.22,6.74,11.0,9.0,502683.0,512366.0,1.222,242619.0,405741.0,441687.0,0.549,88.66,多頭,頭頭高·底底高,空轉多預警,27,19,30,24.4,25,剛爆發,True
NDAQ,Financials,"Nasdaq, Inc.",2026-08-28,99.31,5.49,9.52,23.27,15.39,1.0,16,51,19,27.1,,,,,,,,,,,,,,,,,,,,,,,,,,,28,32,32,,32,,False
RJF,Financials,Raymond James Financial,2026-08-28,179.36,0.95,26.76,16.2,15.03,1.0,36,7,34,26.9,7.84,0.54,False,True,170.0,7.3,1.335,False,182.73,182.73,-1.84,2.37,1.92,10.0,10.0,1119288.0,838310.0,1.0,1759382.0,1101708.0,1034518.0,1.701,90.47,多頭,頭頭高·底底高,,29,17,2,18.8,17,剛爆發,True
JKHY,Financials,Jack Henry & Associates,2026-08-28,169.73,8.43,25.16,9.56,13.18,1.0,6,10,50,16.0,6.4,10.37,False,True,151.04,15.61,1.237,False,191.83,193.39,-11.52,2.12,10.19,11.0,9.0,1057277.0,855033.0,1.222,901756.0,1141845.0,993863.0,0.907,96.93,多頭,頭頭高·底底高,多頭確認,30,8,11,17.4,15,剛爆發,True
C,Financials,Citigroup,2026-08-28,132.9,-0.5,7.13,22.5,12.91,0.667,44,59,20,43.7,,,,,,,,,,,,,,,,,,,,,,,,,,,31,32,32,,32,,False
MCO,Financials,Moody's Corporation,2026-08-28,514.95,6.76,14.56,14.54,12.6,1.0,11,32,38,22.7,10.0,2.58,False,True,483.31,8.66,1.002,False,543.25,546.88,-5.21,2.31,7.87,15.0,5.0,687839.0,686160.0,3.0,471686.0,675438.0,679972.0,0.694,100.0,多頭,頭頭高·底底高,空轉多預警,32,1,21,17.4,15,剛爆發,True
GL,Financials,Globe Life,2026-08-28,172.79,-6.14,12.56,21.94,12.58,0.667,73,37,23,52.2,,,,,,,,,,,,,,,,,,,,,,,,,,,33,32,32,,32,,False
APO,Financials,Apollo Global Management,2026-08-28,135.04,4.78,6.35,19.32,12.45,1.0,18,61,30,33.3,,,,,,,,,,,,,,,,,,,,,,,,,,,34,32,32,,32,,False
TROW,Financials,T. Rowe Price,2026-08-28,111.24,-2.0,8.72,20.52,11.94,0.667,54,53,26,48.1,,,,,,,,,,,,,,,,,,,,,,,,,,,35,32,32,,32,,False
KKR,Financials,KKR & Co.,2026-08-28,108.68,2.18,15.8,13.98,11.48,1.0,29,27,39,30.4,,,,,,,,,,,,,,,,,,,,,,,,,,,36,32,32,,32,,False
USB,Financials,U.S. Bancorp,2026-08-28,62.47,-2.3,15.71,15.67,11.19,0.667,57,30,36,44.7,,,,,,,,,,,,,,,,,,,,,,,,,,,37,32,32,,32,,False
SPGI,Financials,S&P Global,2026-08-28,442.89,6.64,12.59,12.7,11.16,1.0,12,36,42,25.2,-2.94,3.18,False,True,419.63,8.36,0.981,False,518.88,522.47,-14.65,2.92,7.76,11.0,9.0,1766578.0,1799877.0,1.222,1288459.0,1684305.0,1698477.0,0.759,91.33,多頭,頭頭高·底底高,空轉多預警,38,14,18,24.4,25,剛爆發,False
PFG,Financials,Principal Financial Group,2026-08-28,111.41,-3.23,8.69,19.46,11.1,0.667,62,54,29,53.0,,,,,,,,,,,,,,,,,,,,,,,,,,,39,32,32,,32,剛爆發,False
PYPL,Financials,PayPal,2026-08-28,53.66,-7.27,21.09,14.84,10.88,0.667,74,17,37,49.5,,,,,,,,,,,,,,,,,,,,,,,,,,,40,32,32,,32,剛爆發,False
BRO,Financials,Brown & Brown,2026-08-28,73.31,2.37,29.27,5.52,10.67,1.0,28,5,58,27.1,-0.39,2.3,False,True,68.72,8.41,0.975,False,96.56,97.49,-24.08,0.53,4.37,11.0,9.0,1743538.0,1787588.0,1.222,1397427.0,1535672.0,1660661.0,0.841,88.24,多頭,頭頭高·底底高,,41,22,16,28.4,30,剛爆發,False
EG,Financials,Everest Group,2026-08-28,377.61,1.49,14.0,12.54,10.14,1.0,32,34,43,34.8,,,,,,,,,,,,,,,,,,,,,,,,,,,42,32,32,,32,剛爆發,False
COIN,Financials,Coinbase,2026-08-28,178.64,21.94,-1.98,10.25,10.12,0.667,1,73,48,32.0,-487.47,-3458.88,False,True,160.38,27.57,1.447,False,402.16,402.16,-55.58,-4.21,22.14,11.0,9.0,11037636.0,7630403.0,1.222,9959934.0,11901873.0,10148848.0,0.981,100.0,收斂,頭頭低·底底高,多轉空預警 / 空轉多預警 / 多頭確認,43,1,7,19.0,18,剛爆發,True
MRSH,Financials,Marsh McLennan,2026-08-28,192.64,-0.1,21.44,9.13,9.9,0.667,41,16,51,35.5,,,,,,,,,,,,,,,,,,,,,,,,,,,44,32,32,,32,剛爆發,False
COF,Financials,Capital One,2026-08-28,215.67,-0.57,15.73,10.58,9.08,0.667,45,29,46,40.4,,,,,,,,,,,,,,,,,,,,,,,,,,,45,32,32,,32,剛爆發,False
CFG,Financials,Citizens Financial Group,2026-08-28,69.71,-4.11,12.42,13.85,9.0,0.667,68,39,40,53.7,,,,,,,,,,,,,,,,,,,,,,,,,,,46,32,32,,32,剛爆發,False
GS,Financials,Goldman Sachs,2026-08-28,1033.99,0.67,2.99,15.71,8.77,1.0,39,71,35,47.8,,,,,,,,,,,,,,,,,,,,,,,,,,,47,32,32,,32,剛爆發,False
AON,Financials,Aon plc,2026-08-28,355.4,-0.62,11.91,11.84,8.74,0.667,46,42,44,44.4,,,,,,,,,,,,,,,,,,,,,,,,,,,48,32,32,,32,剛爆發,False
ERIE,Financials,Erie Indemnity,2026-08-28,260.4,9.94,20.03,2.49,8.74,1.0,4,21,65,21.3,2.92,-5.26,False,True,242.84,9.4,0.943,False,350.33,357.75,-25.67,-1.68,7.59,12.0,8.0,233640.0,247887.0,1.5,224285.0,225578.0,232499.0,0.965,92.87,擴散,頭頭高·底底低,,48,12,10,26.0,29,剛爆發,True
BLK,Financials,BlackRock,2026-08-28,1164.48,3.36,11.9,8.93,8.28,1.0,25,43,52,35.8,,,,,,,,,,,,,,,,,,,,,,,,,,,50,32,32,,32,剛爆發,False
PNC,Financials,PNC Financial Services,2026-08-28,242.22,-3.77,11.09,12.9,8.28,0.667,66,46,41,55.0,,,,,,,,,,,,,,,,,,,,,,,,,,,50,32,32,,32,剛爆發,False
SYF,Financials,Synchrony Financial,2026-08-28,78.05,0.7,9.68,11.21,8.2,1.0,38,50,45,43.0,,,,,,,,,,,,,,,,,,,,,,,,,,,52,32,32,,32,剛爆發,False
PGR,Financials,Progressive Corporation,2026-08-28,218.64,3.89,12.46,6.2,7.18,1.0,24,38,57,34.8,,,,,,,,,,,,,,,,,,,,,,,,,,,53,32,32,,32,剛爆發,False
ICE,Financials,Intercontinental Exchange,2026-08-28,162.33,6.94,9.87,5.21,6.81,1.0,10,49,59,31.5,3.36,3.86,False,True,144.92,5.88,0.979,False,175.52,177.76,-7.51,0.67,6.46,13.0,7.0,3390549.0,3463985.0,1.857,3000843.0,3208494.0,3061636.0,0.98,99.13,收斂,頭頭低·底底高,空轉多預警 / 多頭確認,54,5,8,25.2,28,剛爆發,True
MTB,Financials,M&T Bank,2026-08-28,237.29,-4.89,11.5,10.11,6.71,0.667,70,44,49,58.0,,,,,,,,,,,,,,,,,,,,,,,,,,,55,32,32,,32,剛爆發,False
FITB,Financials,Fifth Third Bancorp,2026-08-28,54.54,-4.15,10.12,10.4,6.69,0.667,69,47,47,58.0,,,,,,,,,,,,,,,,,,,,,,,,,,,56,32,32,,32,剛爆發,False
RF,Financials,Regions Financial Corporation,2026-08-28,30.33,-3.65,10.02,8.7,5.94,0.667,65,48,53,57.5,,,,,,,,,,,,,,,,,,,,,,,,,,,57,32,32,,32,剛爆發,False
CINF,Financials,Cincinnati Financial,2026-08-28,171.97,-3.4,8.07,8.21,5.27,0.667,64,55,54,59.3,,,,,,,,,,,,,,,,,,,,,,,,,,,58,32,32,,32,剛爆發,False
WFC,Financials,Wells Fargo,2026-08-28,86.69,-0.8,13.75,3.68,5.08,0.667,47,35,63,46.6,,,,,,,,,,,,,,,,,,,,,,,,,,,59,32,32,,32,剛爆發,False
KEY,Financials,KeyCorp,2026-08-28,21.91,-3.95,3.69,6.41,3.14,0.667,67,69,56,65.4,,,,,,,,,,,,,,,,,,,,,,,,,,,60,32,32,,32,剛爆發,False
TFC,Financials,Truist Financial,2026-08-28,50.43,-1.91,6.55,3.64,2.98,0.667,53,60,64,57.3,,,,,,,,,,,,,,,,,,,,,,,,,,,61,32,32,,32,剛爆發,False
AXP,Financials,American Express,2026-08-28,333.2,-3.34,6.03,4.58,2.96,0.667,63,62,62,62.5,,,,,,,,,,,,,,,,,,,,,,,,,,,62,32,32,,32,剛爆發,False
CB,Financials,Chubb Limited,2026-08-28,339.92,-2.39,7.83,1.53,2.12,0.667,59,57,67,60.0,,,,,,,,,,,,,,,,,,,,,,,,,,,63,32,32,,32,剛爆發,False
BRK-B,Financials,Berkshire Hathaway,2026-08-28,505.0,-1.59,5.78,2.12,2.11,0.667,51,65,66,58.2,,,,,,,,,,,,,,,,,,,,,,,,,,,64,32,32,,32,剛爆發,False
CBOE,Financials,Cboe Global Markets,2026-08-28,310.45,4.24,-9.63,6.46,1.88,0.667,22,76,55,44.8,,,,,,,,,,,,,,,,,,,,,,,,,,,65,32,32,,32,剛爆發,False
ACGL,Financials,Arch Capital Group,2026-08-28,98.84,-2.25,9.01,-0.34,1.52,0.333,56,52,70,57.6,,,,,,,,,,,,,,,,,,,,,,,,,,,66,32,32,,32,剛爆發,False
HBAN,Financials,Huntington Bancshares,2026-08-28,16.92,-2.53,5.91,1.33,1.51,0.667,60,64,68,62.8,,,,,,,,,,,,,,,,,,,,,,,,,,,67,32,32,,32,剛爆發,False
AFL,Financials,Aflac,2026-08-28,116.52,-7.58,3.97,4.67,1.43,0.667,76,68,61,70.6,,,,,,,,,,,,,,,,,,,,,,,,,,,68,32,32,,32,剛爆發,False
HIG,Financials,Hartford (The),2026-08-28,138.55,-3.04,7.94,-0.52,0.96,0.333,61,56,71,61.5,,,,,,,,,,,,,,,,,,,,,,,,,,,69,32,32,,32,剛爆發,False
MSCI,Financials,MSCI,2026-08-28,570.76,-0.28,-8.57,4.77,0.17,0.333,43,75,60,56.0,,,,,,,,,,,,,,,,,,,,,,,,,,,70,32,32,,32,剛爆發,False
L,Financials,Loews Corporation,2026-08-28,109.72,-5.56,4.73,0.52,0.05,0.667,72,66,69,69.6,,,,,,,,,,,,,,,,,,,,,,,,,,,71,32,32,,32,剛爆發,False
AIG,Financials,American International Group,2026-08-28,76.93,-2.36,4.09,-2.43,-0.78,0.333,58,67,72,63.5,,,,,,,,,,,,,,,,,,,,,,,,,,,72,32,32,,32,剛爆發,False
CME,Financials,CME Group,2026-08-28,285.8,7.37,3.55,-7.8,-1.17,0.667,8,70,74,39.8,2.75,-0.25,False,True,253.99,8.74,0.954,False,319.82,329.16,-10.64,3.93,6.73,10.0,10.0,1750513.0,1835510.0,1.0,2740835.0,1882633.0,1806989.0,1.517,87.3,收斂,頭頭低·底底高,空轉多預警 / 多頭確認,73,23,3,39.0,31,剛爆發,True
WRB,Financials,W. R. Berkley Corporation,2026-08-28,68.44,-5.06,7.4,-3.59,-1.21,0.333,71,58,73,67.5,,,,,,,,,,,,,,,,,,,,,,,,,,,74,32,32,,32,剛爆發,False
FISV,Financials,Fiserv,2026-08-28,53.18,-2.15,-4.75,-10.06,-6.76,0.0,55,74,75,64.7,,,,,,,,,,,,,,,,,,,,,,,,,,,75,32,32,,32,剛爆發,False
FIS,Financials,Fidelity National Information Services,2026-08-28,41.44,-7.46,-0.73,-12.13,-8.11,0.0,75,72,76,74.3,,,,,,,,,,,,,,,,,,,,,,,,,,,76,32,32,,32,剛爆發,False
MRNA,Health Care,Moderna,2026-08-28,137.99,150.25,190.08,173.14,171.65,1.0,1,1,1,1.0,4.33,12.37,False,True,76.79,87.54,1.618,False,176.66,176.66,-21.89,-4.92,151.71,10.0,10.0,37513390.0,23179582.0,1.0,25736829.0,54790532.0,38675248.0,0.665,100.0,多頭,頭頭高·底底高,,1,1,22,5.2,3,,True
HUM,Health Care,Humana,2026-08-28,385.54,2.95,25.19,122.41,68.24,1.0,34,16,2,22.2,8.79,1.05,False,True,384.88,8.22,1.265,False,428.88,428.88,-10.11,1.76,5.96,12.0,8.0,1197291.0,946200.0,1.5,746502.0,1006300.0,981346.0,0.761,98.92,收斂,頭頭低·底底高,多轉空預警,2,15,15,9.8,7,吃老本,True
CRL,Health Care,Charles River Laboratories,2026-08-28,291.5,26.26,60.75,75.54,59.52,1.0,3,3,3,3.0,10.31,5.42,False,True,245.1,8.31,1.252,False,303.31,303.31,-3.89,-1.25,25.37,13.0,7.0,1053776.0,841647.0,1.857,659832.0,895653.0,942248.0,0.7,100.0,擴散,頭頭高·底底低,多頭確認,3,1,20,5.6,4,,True
VEEV,Health Care,Veeva Systems,2026-08-28,276.69,34.15,68.32,57.4,54.32,1.0,2,2,5,2.6,5.77,4.91,False,True,207.61,22.9,1.376,False,310.5,310.5,-10.89,11.61,35.78,13.0,7.0,2269738.0,1648926.0,1.857,3638382.0,2141808.0,2043298.0,1.781,100.0,多頭,頭頭高·底底高,空轉多預警 / 多頭確認,4,1,1,2.2,1,,True
IQV,Health Care,IQVIA,2026-08-28,261.75,12.17,44.54,58.75,43.55,1.0,7,4,4,5.5,3.94,2.96,False,True,221.25,12.34,1.09,False,265.25,265.25,-1.32,0.74,11.37,11.0,9.0,1300181.0,1192348.0,1.222,1842139.0,1328323.0,1202622.0,1.532,94.54,多頭,頭頭高·底底高,多頭確認,5,18,2,9.6,6,吃老本,True
CNC,Health Care,Centene Corporation,2026-08-28,64.75,1.55,9.91,52.82,29.28,1.0,39,39,6,32.4,132.64,57.91,False,False,65.21,6.48,1.197,False,69.36,69.36,-6.65,-0.42,4.07,11.0,9.0,4211909.0,3519178.0,1.222,2526609.0,3387110.0,3271980.0,0.772,91.55,收斂,頭頭低·底底高,多轉空預警 / 空轉多預警,6,22,14,14.0,12,吃老本,True
RVTY,Health Care,Revvity,2026-08-28,128.8,11.79,27.33,32.13,25.84,1.0,9,14,9,10.5,15.93,4.47,False,True,113.79,13.31,1.281,False,130.07,130.07,-0.98,3.25,14.47,11.0,9.0,1701345.0,1327851.0,1.222,1576262.0,1514446.0,1403157.0,1.123,100.0,多頭,頭頭高·底底高,多頭確認,7,1,4,4.0,2,剛爆發,True
TECH,Health Care,Bio-Techne,2026-08-28,72.35,0.4,42.47,25.98,23.71,1.0,42,5,13,25.1,0.13,-0.82,False,True,70.53,0.55,1.122,True,72.54,72.62,-0.26,0.15,0.47,10.0,10.0,2804380.0,2500558.0,1.0,1630489.0,2410128.0,2470139.0,0.66,84.97,多頭,頭頭高·底底高,,8,24,23,17.4,18,吃老本,True
UNH,Health Care,UnitedHealth Group,2026-08-28,392.95,-5.4,3.31,45.38,22.17,0.667,53,48,7,42.3,29.8,9.52,False,False,412.83,5.69,0.973,False,461.62,461.62,-14.88,0.73,-5.18,9.0,11.0,3977866.0,4090024.0,0.818,2453364.0,4056296.0,3873857.0,0.633,76.48,擴散,頭頭高·底底低,,9,27,24,19.2,23,吃老本,True
MRK,Health Care,Merck & Co.,2026-08-28,148.35,16.11,24.63,21.46,20.91,1.0,4,17,19,10.9,49.43,13.15,False,True,131.45,15.08,1.109,False,156.92,156.92,-5.46,-2.75,13.94,12.0,8.0,11680983.0,10528795.0,1.5,8063261.0,13796926.0,11768690.0,0.685,99.18,多頭,頭頭高·底底高,多頭確認,10,14,21,13.8,11,,True
BAX,Health Care,Baxter International,2026-08-28,26.13,-7.01,35.81,26.79,20.59,0.667,55,6,12,31.7,52.53,15.93,False,True,24.19,3.92,1.199,False,30.0,30.0,-12.9,-0.8,-0.11,10.0,10.0,6915295.0,5769490.0,1.0,3960355.0,4734785.0,5452130.0,0.726,85.59,多頭,頭頭高·底底高,,11,23,18,17.2,17,吃老本,True
INCY,Health Care,Incyte,2026-08-28,124.37,5.02,27.56,23.08,19.68,1.0,22,13,17,18.3,43.95,35.12,False,True,118.62,8.8,1.237,False,132.6,132.6,-6.21,-2.69,4.06,8.0,12.0,1491137.0,1205777.0,0.667,1215027.0,1207262.0,1145028.0,1.061,83.0,多頭,頭頭高·底底高,,12,25,6,16.0,13,吃老本,True
DXCM,Health Care,Dexcom,2026-08-28,90.82,4.02,25.55,24.26,19.52,1.0,30,15,14,22.3,15.11,18.99,False,True,79.23,5.64,1.127,False,92.59,92.59,-1.91,-1.65,8.83,13.0,7.0,5217610.0,4631642.0,1.857,2544135.0,4267513.0,4695142.0,0.542,100.0,多頭,頭頭高·底底高,多頭確認,13,1,28,11.2,10,剛爆發,True
TMO,Health Care,Thermo Fisher Scientific,2026-08-28,622.18,8.39,27.83,20.91,19.51,1.0,17,12,20,16.1,5.6,3.79,False,True,557.49,10.83,1.364,False,647.0,647.0,-3.84,-1.13,8.34,10.0,10.0,1937540.0,1420135.0,1.0,1016554.0,1701105.0,1637816.0,0.621,93.43,多頭,頭頭高·底底高,多頭確認,14,19,25,18.2,22,,True
WAT,Health Care,Waters Corporation,2026-08-28,414.69,10.66,13.1,27.09,19.48,1.0,13,37,11,19.8,1.41,16.99,False,True,386.93,7.34,1.258,False,426.22,426.22,-2.71,0.97,9.91,11.0,9.0,918963.0,730537.0,1.222,435135.0,732633.0,709055.0,0.614,96.68,空頭,頭頭低·底底低,多轉空預警 / 多頭確認,15,16,26,17.6,19,,True
WST,Health Care,West Pharmaceutical Services,2026-08-28,337.47,-3.01,4.94,37.72,19.34,0.667,48,45,8,39.1,13.86,27.07,False,False,349.51,6.93,1.095,False,385.75,386.0,-12.52,-4.42,-1.02,10.0,10.0,495780.0,452840.0,1.0,492703.0,432370.0,458726.0,1.074,81.78,多頭,頭頭高·底底高,空轉多預警 / 空頭確認,16,26,5,17.8,20,吃老本,True
AMGN,Health Care,Amgen,2026-08-28,432.42,14.8,29.26,14.46,18.25,1.0,6,8,24,10.2,11.97,8.04,False,True,385.94,8.98,1.197,False,447.03,447.03,-3.27,-1.57,12.93,11.0,9.0,2781045.0,2323974.0,1.222,1731466.0,2339066.0,2284017.0,0.758,96.4,多頭,頭頭高·底底高,多頭確認,17,17,16,16.8,15,,True
A,Health Care,Agilent Technologies,2026-08-28,153.84,10.04,13.85,24.19,18.07,1.0,14,36,15,20.8,9.01,5.8,False,True,140.13,10.74,1.07,False,163.75,163.75,-6.05,-3.25,11.18,13.0,7.0,2086323.0,1949904.0,1.857,2966228.0,2707192.0,2226695.0,1.332,100.0,多頭,頭頭高·底底高,空轉多預警 / 多頭確認,18,1,3,8.2,5,剛爆發,True
SOLV,Health Care,Solventum,2026-08-28,91.12,3.46,19.99,24.11,17.92,1.0,32,24,16,26.4,,,,,,,,,,,,,,,,,,,,,,,,,,,19,29,29,,29,吃老本,False
LH,Health Care,Labcorp,2026-08-28,335.11,9.01,27.89,17.32,17.89,1.0,16,11,22,15.7,4.65,3.26,False,True,299.53,7.58,1.021,False,341.8,341.8,-1.96,-0.37,8.38,13.0,7.0,577423.0,565691.0,1.857,456542.0,641304.0,574596.0,0.795,100.0,多頭,頭頭高·底底高,多頭確認,20,1,11,10.6,8,剛爆發,True
DGX,Health Care,Quest Diagnostics,2026-08-28,242.76,4.66,24.23,16.83,15.64,1.0,26,18,23,23.0,,,,,,,,,,,,,,,,,,,,,,,,,,,21,29,29,,29,吃老本,False
VRTX,Health Care,Vertex Pharmaceuticals,2026-08-28,541.69,15.08,20.92,11.13,14.57,1.0,5,21,28,14.4,-0.32,3.81,False,True,500.55,9.81,1.336,False,555.69,555.69,-2.52,-1.16,13.54,11.0,9.0,1353509.0,1013010.0,1.222,886790.0,1028989.0,1138566.0,0.779,99.37,多頭,頭頭高·底底高,,22,13,13,16.6,14,剛爆發,False
BDX,Health Care,Becton Dickinson,2026-08-28,189.52,11.34,28.6,5.25,12.61,1.0,11,9,34,15.0,2.93,4.51,False,True,165.85,6.57,1.196,False,193.07,193.07,-1.84,-1.29,14.43,12.0,8.0,1930280.0,1613875.0,1.5,1693770.0,1655737.0,1636978.0,1.035,100.0,多頭,頭頭高·底底高,空轉多預警 / 多頭確認,23,1,7,11.0,9,剛爆發,True
ABBV,Health Care,AbbVie,2026-08-28,255.48,4.24,17.69,13.57,12.26,1.0,28,29,25,27.7,,,,,,,,,,,,,,,,,,,,,,,,,,,24,29,29,,29,,False
ELV,Health Care,Elevance Health,2026-08-28,394.43,3.05,0.84,21.81,11.87,1.0,33,51,18,35.4,,,,,,,,,,,,,,,,,,,,,,,,,,,25,29,29,,29,,False
CVS,Health Care,CVS Health,2026-08-28,93.06,-11.68,0.72,27.34,10.93,0.667,57,52,10,46.1,39.36,16.48,False,False,101.0,4.43,0.838,False,110.0,110.68,-15.4,0.04,-10.89,8.0,11.0,6975811.0,8322709.0,0.727,3992593.0,6035039.0,6645892.0,0.601,69.06,空頭,頭頭低·底底低,多轉空預警,26,28,27,27.0,28,,True
BIIB,Health Care,Biogen,2026-08-28,218.5,8.26,11.26,11.98,10.87,1.0,18,38,27,25.8,,,,,,,,,,,,,,,,,,,,,,,,,,,27,29,29,,29,,False
JNJ,Health Care,Johnson & Johnson,2026-08-28,268.04,5.88,16.71,10.0,10.65,1.0,20,32,30,25.6,,,,,,,,,,,,,,,,,,,,,,,,,,,28,29,29,,29,,False
BMY,Health Care,Bristol Myers Squibb,2026-08-28,66.58,1.7,18.31,10.43,10.22,1.0,37,27,29,32.4,,,,,,,,,,,,,,,,,,,,,,,,,,,29,29,29,,29,,False
REGN,Health Care,Regeneron Pharmaceuticals,2026-08-28,794.19,4.73,27.93,3.12,9.73,1.0,25,10,38,23.1,39.99,6.38,False,True,715.96,7.07,1.108,False,847.0,847.0,-6.23,-4.78,4.26,12.0,8.0,736050.0,664439.0,1.5,487713.0,647111.0,688954.0,0.708,92.53,擴散,頭頭高·底底低,,30,21,19,24.2,27,剛爆發,True
DHR,Health Care,Danaher Corporation,2026-08-28,216.07,9.4,19.87,3.72,9.18,1.0,15,25,37,22.4,5.28,6.45,False,True,198.94,9.96,1.197,False,241.78,242.8,-10.63,-1.27,10.82,12.0,8.0,3588308.0,2997450.0,1.5,2859906.0,3389710.0,3150067.0,0.908,99.43,多頭,頭頭高·底底高,空轉多預警,31,12,10,19.2,23,剛爆發,True
HSIC,Health Care,Henry Schein,2026-08-28,89.52,3.48,17.3,7.4,8.89,1.0,31,31,32,31.2,,,,,,,,,,,,,,,,,,,,,,,,,,,32,29,29,,29,,False
LLY,Health Care,Lilly (Eli),2026-08-28,1174.61,4.9,4.39,13.07,8.86,1.0,24,47,26,31.3,,,,,,,,,,,,,,,,,,,,,,,,,,,33,29,29,,29,,False
ABT,Health Care,Abbott Laboratories,2026-08-28,112.47,4.99,31.25,-0.52,8.8,0.667,23,7,43,22.2,2.61,0.33,False,True,102.22,7.01,1.011,False,134.38,137.49,-16.31,-3.58,6.4,12.0,8.0,7630175.0,7549737.0,1.5,7520601.0,8061240.0,7378166.0,1.019,92.6,多頭,頭頭高·底底高,多頭確認,34,20,8,23.2,26,剛爆發,True
PFE,Health Care,Pfizer,2026-08-28,27.96,11.71,8.83,6.55,8.41,1.0,10,42,33,24.2,12.87,3.93,False,True,25.37,7.27,1.447,False,28.58,28.75,-2.17,-0.39,11.8,12.0,8.0,43467133.0,30032588.0,1.5,27164507.0,33930230.0,34543607.0,0.786,100.0,多頭,頭頭高·底底高,多頭確認,35,1,12,16.8,15,剛爆發,True
ZBH,Health Care,Zimmer Biomet,2026-08-28,100.91,4.05,22.17,1.58,7.35,1.0,29,19,39,28.0,,,,,,,,,,,,,,,,,,,,,,,,,,,36,29,29,,29,剛爆發,False
CAH,Health Care,Cardinal Health,2026-08-28,234.55,-0.45,17.62,4.28,6.43,0.667,44,30,35,38.0,,,,,,,,,,,,,,,,,,,,,,,,,,,37,29,29,,29,剛爆發,False
EW,Health Care,Edwards Lifesciences,2026-08-28,90.21,1.56,4.94,9.48,6.37,1.0,38,45,31,38.7,,,,,,,,,,,,,,,,,,,,,,,,,,,38,29,29,,29,剛爆發,False
RMD,Health Care,ResMed|,2026-08-28,240.33,12.0,18.48,-3.93,5.66,0.667,8,26,44,20.6,1.96,2.15,False,True,210.84,9.95,0.839,False,281.89,284.87,-14.74,3.81,14.24,13.0,7.0,1481965.0,1766757.0,1.857,1386747.0,1436244.0,1405423.0,0.987,100.0,多頭,頭頭高·底底高,多頭確認,39,1,9,17.8,20,剛爆發,True
MTD,Health Care,Mettler Toledo,2026-08-28,1398.58,-3.21,20.2,1.37,4.93,0.667,50,23,40,39.9,,,,,,,,,,,,,,,,,,,,,,,,,,,40,29,29,,29,剛爆發,False
MDT,Health Care,Medtronic,2026-08-28,91.23,5.25,21.81,-4.08,4.73,0.667,21,20,45,25.5,,,,,,,,,,,,,,,,,,,,,,,,,,,41,29,29,,29,剛爆發,False
GILD,Health Care,Gilead Sciences,2026-08-28,145.68,11.08,7.65,-0.12,4.62,0.667,12,44,42,27.6,6.86,6.24,False,True,134.1,8.91,0.811,False,155.38,157.29,-6.24,-0.3,11.88,14.0,6.0,5924900.0,7304074.0,2.333,3946644.0,5402254.0,5355876.0,0.737,100.0,收斂,頭頭低·底底高,多轉空預警 / 空轉多預警 / 多頭確認,42,1,17,20.6,25,剛爆發,True
MCK,Health Care,McKesson Corporation,2026-08-28,893.39,8.01,18.15,-6.5,3.29,0.667,19,28,47,27.3,,,,,,,,,,,,,,,,,,,,,,,,,,,43,29,29,,29,剛爆發,False
DVA,Health Care,DaVita,2026-08-28,180.68,-22.68,-8.33,19.73,2.11,0.333,59,57,21,50.8,,,,,,,,,,,,,,,,,,,,,,,,,,,44,29,29,,29,剛爆發,False
VTRS,Health Care,Viatris,2026-08-28,16.34,-6.62,2.19,4.08,0.93,0.667,54,49,36,48.9,,,,,,,,,,,,,,,,,,,,,,,,,,,45,29,29,,29,剛爆發,False
COR,Health Care,Cencora,2026-08-28,322.03,4.63,20.52,-11.25,0.67,0.667,27,22,48,29.7,,,,,,,,,,,,,,,,,,,,,,,,,,,46,29,29,,29,剛爆發,False
STE,Health Care,Steris,2026-08-28,233.78,0.49,8.86,-4.97,-0.15,0.667,41,41,46,42.0,,,,,,,,,,,,,,,,,,,,,,,,,,,47,29,29,,29,剛爆發,False
CI,Health Care,Cigna,2026-08-28,278.88,-1.13,-1.35,0.37,-0.43,0.333,46,54,41,47.4,,,,,,,,,,,,,,,,,,,,,,,,,,,48,29,29,,29,剛爆發,False
GEHC,Health Care,GE HealthCare,2026-08-28,71.72,2.86,14.17,-14.57,-3.03,0.667,35,35,51,38.2,,,,,,,,,,,,,,,,,,,,,,,,,,,49,29,29,,29,剛爆發,False
COO,Health Care,Cooper Companies (The),2026-08-28,71.17,-4.12,16.6,-14.83,-4.3,0.333,52,33,52,46.3,,,,,,,,,,,,,,,,,,,,,,,,,,,50,29,29,,29,剛爆發,False
SYK,Health Care,Stryker Corporation,2026-08-28,330.69,-3.08,7.78,-12.81,-5.23,0.333,49,43,49,47.2,,,,,,,,,,,,,,,,,,,,,,,,,,,51,29,29,,29,剛爆發,False
HCA,Health Care,HCA Healthcare,2026-08-28,417.82,2.76,8.91,-20.37,-7.27,0.667,36,40,54,40.8,,,,,,,,,,,,,,,,,,,,,,,,,,,52,29,29,,29,剛爆發,False
IDXX,Health Care,Idexx Laboratories,2026-08-28,554.99,-2.26,-2.3,-14.52,-8.4,0.0,47,55,50,50.0,,,,,,,,,,,,,,,,,,,,,,,,,,,53,29,29,,29,剛爆發,False
UHS,Health Care,Universal Health Services,2026-08-28,171.66,1.55,14.51,-25.18,-8.58,0.667,39,34,56,40.9,,,,,,,,,,,,,,,,,,,,,,,,,,,54,29,29,,29,剛爆發,False
ALGN,Health Care,Align Technology,2026-08-28,157.58,-8.86,-9.04,-15.06,-12.01,0.0,56,58,53,56.0,,,,,,,,,,,,,,,,,,,,,,,,,,,55,29,29,,29,剛爆發,False
ISRG,Health Care,Intuitive Surgical,2026-08-28,372.6,-0.75,-12.05,-24.58,-15.49,0.0,45,59,55,51.2,,,,,,,,,,,,,,,,,,,,,,,,,,,56,29,29,,29,剛爆發,False
ZTS,Health Care,Zoetis,2026-08-28,77.34,0.31,-0.5,-39.21,-19.65,0.333,43,53,58,49.0,,,,,,,,,,,,,,,,,,,,,,,,,,,57,29,29,,29,剛爆發,False
BSX,Health Care,Boston Scientific,2026-08-28,46.84,-3.28,-4.62,-37.67,-20.81,0.0,51,56,57,53.7,,,,,,,,,,,,,,,,,,,,,,,,,,,58,29,29,,29,剛爆發,False
PODD,Health Care,Insulet Corporation,2026-08-28,145.13,-14.48,1.74,-40.82,-23.6,0.333,58,50,59,55.8,,,,,,,,,,,,,,,,,,,,,,,,,,,59,29,29,,29,剛爆發,False
PAYX,Industrials,Paychex,2026-08-28,127.04,7.96,34.4,46.94,34.06,1.0,8,2,1,4.8,0.91,2.31,False,True,113.03,7.62,1.224,False,133.64,139.53,-4.94,2.06,8.73,13.0,7.0,2392770.0,1955385.0,1.857,1546116.0,2108511.0,2070034.0,0.747,100.0,多頭,頭頭高·底底高,多頭確認,1,1,17,4.2,1,,True
ADP,Industrials,Automatic Data Processing,2026-08-28,287.48,6.56,31.75,41.99,30.57,1.0,11,3,2,6.8,1.58,2.26,False,True,255.55,7.89,1.203,False,297.05,305.31,-3.22,2.38,7.89,12.0,8.0,2335277.0,1941712.0,1.5,1761135.0,2172993.0,2071202.0,0.85,99.23,多頭,頭頭高·底底高,多頭確認,2,9,8,6.0,4,吃老本,True
AXON,Industrials,Axon Enterprise,2026-08-28,600.73,4.32,36.74,35.76,28.14,1.0,14,1,4,8.1,1.96,0.8,False,True,557.27,9.91,1.132,False,792.16,792.16,-24.17,-4.3,13.83,12.0,8.0,955508.0,843924.0,1.5,525492.0,615939.0,750999.0,0.7,98.89,收斂,頭頭低·底底高,多轉空預警,3,10,22,9.6,9,吃老本,True
EXPD,Industrials,Expeditors International,2026-08-28,190.97,11.95,20.76,38.27,27.31,1.0,4,7,3,4.7,19.93,27.77,False,True,175.66,3.85,1.086,False,192.28,192.28,-0.68,1.68,13.75,14.0,6.0,1003735.0,924316.0,2.333,555091.0,678109.0,741132.0,0.749,100.0,多頭,頭頭高·底底高,多頭確認,4,1,16,5.2,2,,True
J,Industrials,Jacobs Solutions,2026-08-28,151.98,9.83,28.07,13.61,16.28,1.0,7,4,11,6.9,0.8,7.09,False,True,135.58,7.46,1.054,False,166.66,168.44,-8.81,1.27,12.91,13.0,7.0,901314.0,855457.0,1.857,615193.0,812229.0,823446.0,0.747,100.0,多頭,頭頭高·底底高,,5,1,17,5.8,3,,True
CSX,Industrials,CSX Corporation,2026-08-28,51.28,2.91,12.28,21.51,14.55,1.0,19,20,5,16.5,4.19,10.6,False,True,49.84,4.2,1.019,False,53.6,53.6,-4.33,-0.6,1.75,11.0,9.0,9337681.0,9162448.0,1.222,6691332.0,8439563.0,8620675.0,0.776,86.98,收斂,頭頭低·底底高,多轉空預警,6,18,12,12.0,10,吃老本,True
UNP,Industrials,Union Pacific Corporation,2026-08-28,307.41,5.56,15.73,16.49,13.57,1.0,13,15,8,12.6,5.17,2.42,False,True,290.45,6.17,1.199,False,315.99,315.99,-2.72,-0.21,5.23,10.0,10.0,2549920.0,2127242.0,1.0,1717024.0,2466982.0,2329621.0,0.737,89.03,多頭,頭頭高·底底高,空轉多預警,7,16,20,13.2,14,吃老本,True
BR,Industrials,Broadridge Financial Solutions,2026-08-28,183.64,16.72,23.49,4.57,12.33,1.0,2,6,27,8.2,1.68,4.45,False,True,156.92,10.7,1.233,False,253.49,258.7,-27.55,0.8,19.29,13.0,7.0,1481754.0,1201671.0,1.857,734211.0,1242701.0,1241840.0,0.591,100.0,多頭,頭頭高·底底高,空轉多預警 / 多頭確認,8,1,26,8.8,7,剛爆發,True
SWK,Industrials,Stanley Black & Decker,2026-08-28,97.8,-0.32,24.69,11.98,12.08,0.667,27,5,12,17.4,29.86,34.6,False,True,94.33,5.0,1.453,False,104.68,104.68,-6.57,-2.22,3.4,8.0,12.0,2114487.0,1455068.0,0.667,1230816.0,1426551.0,1427921.0,0.862,86.59,多頭,頭頭高·底底高,,9,20,7,13.0,13,吃老本,True
UBER,Industrials,Uber,2026-08-28,78.82,10.07,11.14,10.42,10.51,1.0,6,25,18,14.1,40.22,-81.74,False,True,73.69,10.78,0.821,False,101.99,101.99,-22.72,0.03,12.02,14.0,6.0,18096710.0,22036333.0,2.333,10692241.0,14925854.0,15857402.0,0.674,100.0,多頭,頭頭高·底底高,空轉多預警,10,1,23,9.0,8,剛爆發,True
NDSN,Industrials,Nordson Corporation,2026-08-28,324.59,7.26,12.98,10.75,10.43,1.0,9,18,15,12.9,5.03,1.48,False,True,302.75,11.14,1.247,False,339.12,339.12,-4.28,-2.3,9.0,10.0,10.0,463800.0,371920.0,1.0,343009.0,531570.0,454167.0,0.755,91.3,多頭,頭頭高·底底高,多頭確認,11,14,14,12.8,11,,True
NSC,Industrials,Norfolk Southern,2026-08-28,348.68,3.98,13.7,11.23,10.03,1.0,16,17,13,15.7,5.92,6.28,False,True,331.49,6.07,0.746,False,357.19,358.6,-2.38,-0.58,4.35,14.0,6.0,1038028.0,1391466.0,2.333,980303.0,1164280.0,1165280.0,0.841,100.0,收斂,頭頭低·底底高,多轉空預警 / 多頭確認,12,1,10,7.2,5,剛爆發,True
FAST,Industrials,Fastenal,2026-08-28,49.78,3.47,11.83,10.69,9.17,1.0,18,23,17,19.3,,,,,,,,,,,,,,,,,,,,,,,,,,,13,29,29,,29,吃老本,False
VLTO,Industrials,Veralto,2026-08-28,98.56,3.94,18.24,5.56,8.32,1.0,17,12,26,17.3,10.34,6.41,False,True,93.91,5.04,1.108,False,109.28,109.86,-9.81,-0.21,4.66,11.0,9.0,1393999.0,1257766.0,1.222,1201498.0,1376119.0,1301679.0,0.923,90.44,收斂,頭頭低·底底高,多轉空預警,14,15,6,12.8,11,,True
GWW,Industrials,W. W. Grainger,2026-08-28,1306.3,-4.55,4.93,16.4,8.3,0.667,52,37,9,38.9,6.26,14.08,False,False,1341.66,3.36,0.745,False,1417.14,1419.91,-7.82,-0.45,-5.31,8.0,12.0,205450.0,275947.0,0.667,149265.0,184576.0,196331.0,0.76,69.66,空頭,頭頭低·底底低,多轉空預警,15,28,13,19.8,17,吃老本,True
WAB,Industrials,Wabtec,2026-08-28,292.23,-1.33,12.0,10.75,8.04,0.667,34,21,15,26.3,,,,,,,,,,,,,,,,,,,,,,,,,,,16,29,29,,29,吃老本,False
RTX,Industrials,RTX Corporation,2026-08-28,211.71,-1.96,18.69,7.48,7.92,0.667,36,9,21,24.9,13.71,16.95,False,True,205.32,8.84,1.065,False,226.41,226.88,-6.49,0.86,-1.3,10.0,10.0,4510460.0,4236114.0,1.0,2311449.0,4579404.0,4135916.0,0.559,83.19,多頭,頭頭高·底底高,,17,22,27,21.0,20,,True
EFX,Industrials,Equifax,2026-08-28,194.35,11.62,18.62,0.63,7.88,1.0,5,10,40,13.5,2.28,9.7,False,True,175.03,11.43,1.305,False,269.54,271.84,-27.9,0.9,12.59,12.0,8.0,1198553.0,918175.0,1.5,1145037.0,1101543.0,1024209.0,1.118,100.0,多頭,頭頭高·底底高,多頭確認,18,1,3,8.2,6,剛爆發,True
IEX,Industrials,IDEX Corporation,2026-08-28,230.28,-1.04,10.0,11.23,7.85,0.667,32,27,13,26.7,9.93,12.8,False,True,228.58,6.05,1.234,False,243.8,243.8,-5.55,-1.75,-0.07,9.0,11.0,610144.0,494454.0,0.818,410200.0,565750.0,554500.0,0.74,83.12,多頭,頭頭高·底底高,,19,23,19,20.6,19,,True
JBHT,Industrials,J.B. Hunt,2026-08-28,261.03,-2.04,-4.05,17.52,7.24,0.333,37,56,6,36.5,9.55,3.09,False,False,276.71,11.59,1.126,False,299.26,299.76,-12.77,-5.24,-3.78,9.0,11.0,792011.0,703092.0,0.818,555316.0,693991.0,761661.0,0.729,77.62,空頭,頭頭低·底底低,多轉空預警 / 空頭確認,20,26,21,22.6,25,吃老本,True
URI,Industrials,United Rentals,2026-08-28,1030.25,-7.52,4.41,15.31,6.88,0.667,62,38,10,44.4,10.11,8.63,False,False,1095.16,14.94,0.922,False,1177.15,1179.18,-12.48,-6.21,-4.38,11.0,9.0,415281.0,450213.0,1.222,547121.0,426232.0,423928.0,1.291,79.36,多頭,頭頭高·底底高,空轉多預警 / 空頭確認,21,25,1,18.6,16,,True
GD,Industrials,General Dynamics,2026-08-28,379.32,-0.81,9.18,8.99,6.59,0.667,31,30,19,28.3,,,,,,,,,,,,,,,,,,,,,,,,,,,22,29,29,,29,吃老本,False
CTAS,Industrials,Cintas,2026-08-28,204.18,0.34,18.29,3.38,6.35,1.0,23,11,33,21.4,2.35,0.06,False,True,193.83,5.41,0.881,False,218.6,219.17,-6.6,0.19,0.04,10.0,10.0,1691951.0,1920250.0,1.0,1344010.0,1785521.0,1710987.0,0.786,80.52,空頭,頭頭低·底底低,多轉空預警,23,24,11,21.0,20,,True
MMM,Industrials,3M,2026-08-28,174.34,-1.2,14.56,5.74,6.21,0.667,33,16,25,26.3,,,,,,,,,,,,,,,,,,,,,,,,,,,24,29,29,,29,,False
FDX,Industrials,FedEx,2026-08-28,330.88,7.0,0.19,7.06,5.32,1.0,10,49,22,24.1,6.53,25.52,False,True,319.47,5.0,1.114,False,344.08,345.37,-3.84,1.78,7.64,9.0,10.0,1514788.0,1359605.0,0.9,956859.0,1280785.0,1459257.0,0.656,88.29,擴散,頭頭高·底底低,,25,17,24,21.6,24,剛爆發,True
DE,Industrials,Deere & Company,2026-08-28,630.33,4.18,17.25,-1.66,4.52,0.667,15,13,46,20.6,8.3,15.01,False,True,610.47,13.12,1.205,False,670.49,674.19,-5.99,-2.65,6.35,11.0,9.0,1235977.0,1025833.0,1.222,629952.0,1435775.0,1215610.0,0.518,92.17,空頭,頭頭低·底底低,多轉空預警 / 多頭確認,26,13,28,21.2,22,剛爆發,True
DAL,Industrials,Delta Air Lines,2026-08-28,80.07,-12.58,-2.69,16.57,4.47,0.333,77,53,7,55.8,4.54,11.35,False,False,87.48,11.17,1.019,False,95.44,95.68,-16.11,-2.84,-8.43,8.0,12.0,4625737.0,4539940.0,0.667,3800189.0,4930698.0,4477759.0,0.849,71.64,收斂,頭頭低·底底高,多轉空預警 / 空頭確認,27,27,9,23.4,26,,True
ALLE,Industrials,Allegion,2026-08-28,157.48,-2.36,20.37,-0.08,4.46,0.333,39,8,43,30.5,8.29,-5.09,False,True,150.5,6.35,1.127,False,181.67,183.11,-13.32,-2.98,0.05,10.0,10.0,1151110.0,1021079.0,1.0,1201998.0,1053209.0,1060639.0,1.133,83.57,多頭,頭頭高·底底高,空頭確認,28,21,2,20.0,18,剛爆發,True
RSG,Industrials,Republic Services,2026-08-28,222.11,5.96,9.36,1.2,4.43,1.0,12,29,38,22.3,1.7,3.77,False,True,216.06,5.1,1.007,False,232.5,235.18,-4.47,0.65,5.49,12.0,8.0,1404575.0,1394150.0,1.5,1401605.0,1400730.0,1356873.0,1.033,93.69,擴散,頭頭高·底底低,,29,12,4,17.2,15,剛爆發,True
EMR,Industrials,Emerson Electric,2026-08-28,155.18,0.55,9.81,3.62,4.4,1.0,21,28,31,25.1,,,,,,,,,,,,,,,,,,,,,,,,,,,30,29,29,,29,,False
VRSK,Industrials,Verisk Analytics,2026-08-28,191.77,-0.69,11.27,0.84,3.06,0.667,30,24,39,30.0,,,,,,,,,,,,,,,,,,,,,,,,,,,31,29,29,,29,,False
PH,Industrials,Parker Hannifin,2026-08-28,995.02,-0.25,16.68,-2.52,2.85,0.333,26,14,48,26.8,12.15,4.36,False,True,991.34,7.26,1.19,False,1099.94,1099.94,-9.54,-0.67,1.89,10.0,10.0,744860.0,625972.0,1.0,550623.0,636482.0,584794.0,0.942,86.69,多頭,頭頭高·底底高,,32,19,5,21.4,23,剛爆發,True
ETN,Industrials,Eaton Corporation,2026-08-28,402.78,-7.86,0.46,8.43,2.36,0.667,64,47,20,50.1,,,,,,,,,,,,,,,,,,,,,,,,,,,33,29,29,,29,,False
FTV,Industrials,Fortive,2026-08-28,59.69,0.39,0.98,3.7,2.19,1.0,22,46,30,30.8,,,,,,,,,,,,,,,,,,,,,,,,,,,34,29,29,,29,,False
PCAR,Industrials,Paccar,2026-08-28,125.34,-4.84,11.99,-0.15,1.71,0.333,54,22,44,42.4,,,,,,,,,,,,,,,,,,,,,,,,,,,35,29,29,,29,剛爆發,False
SNA,Industrials,Snap-on,2026-08-28,391.86,-3.69,5.3,2.57,1.69,0.667,48,35,34,41.3,,,,,,,,,,,,,,,,,,,,,,,,,,,36,29,29,,29,剛爆發,False
MAS,Industrials,Masco,2026-08-28,73.25,-1.55,4.08,0.06,0.66,0.667,35,39,41,37.4,,,,,,,,,,,,,,,,,,,,,,,,,,,37,29,29,,29,剛爆發,False
ITW,Industrials,Illinois Tool Works,2026-08-28,280.1,-2.91,12.88,-3.73,0.63,0.333,41,19,52,36.6,,,,,,,,,,,,,,,,,,,,,,,,,,,38,29,29,,29,剛爆發,False
AME,Industrials,Ametek,2026-08-28,236.25,-3.08,4.95,0.06,0.5,0.667,44,36,41,41.0,,,,,,,,,,,,,,,,,,,,,,,,,,,39,29,29,,29,剛爆發,False
ROK,Industrials,Rockwell Automation,2026-08-28,430.86,-10.14,-4.97,6.96,-0.3,0.333,72,58,23,58.0,,,,,,,,,,,,,,,,,,,,,,,,,,,40,29,29,,29,剛爆發,False
CPRT,Industrials,Copart,2026-08-28,32.99,12.4,-0.87,-6.49,-0.36,0.333,3,51,55,27.8,5.71,-8.12,True,True,29.78,11.3,1.1,False,50.11,50.11,-34.16,-2.4,13.29,12.0,8.0,10759687.0,9781737.0,1.5,6771845.0,11130164.0,10827709.0,0.625,98.76,多頭,頭頭高·底底高,空轉多預警,41,11,25,25.8,28,剛爆發,True
GE,Industrials,GE Aerospace,2026-08-28,342.58,-7.14,6.92,-0.62,-0.37,0.333,60,32,45,48.6,,,,,,,,,,,,,,,,,,,,,,,,,,,42,29,29,,29,剛爆發,False
HWM,Industrials,Howmet Aerospace,2026-08-28,264.85,-7.46,1.96,1.59,-0.58,0.667,61,43,36,50.6,,,,,,,,,,,,,,,,,,,,,,,,,,,43,29,29,,29,剛爆發,False
CAT,Industrials,Caterpillar Inc.,2026-08-28,800.25,-3.59,-9.68,4.56,-1.04,0.333,47,67,28,49.2,,,,,,,,,,,,,,,,,,,,,,,,,,,44,29,29,,29,剛爆發,False
WM,Industrials,Waste Management,2026-08-28,219.66,-2.99,2.9,-3.52,-1.79,0.333,42,40,51,43.2,,,,,,,,,,,,,,,,,,,,,,,,,,,45,29,29,,29,剛爆發,False
JCI,Industrials,Johnson Controls,2026-08-28,139.59,-4.65,2.81,-2.97,-1.95,0.333,53,41,50,48.8,,,,,,,,,,,,,,,,,,,,,,,,,,,46,29,29,,29,剛爆發,False
TT,Industrials,Trane Technologies,2026-08-28,448.96,-2.66,-0.5,-2.73,-2.16,0.0,40,50,49,44.8,,,,,,,,,,,,,,,,,,,,,,,,,,,47,29,29,,29,剛爆發,False
GEV,Industrials,GE Vernova,2026-08-28,911.93,-9.42,-8.39,3.78,-2.57,0.333,68,65,29,59.3,,,,,,,,,,,,,,,,,,,,,,,,,,,48,29,29,,29,剛爆發,False
UPS,Industrials,United Parcel Service,2026-08-28,105.33,0.13,0.32,-5.68,-2.73,0.667,24,48,54,37.2,,,,,,,,,,,,,,,,,,,,,,,,,,,49,29,29,,29,剛爆發,False
LDOS,Industrials,Leidos,2026-08-28,140.66,18.48,7.27,-18.73,-2.93,0.667,1,31,70,23.8,12.11,7.56,False,True,119.85,9.29,1.098,False,204.08,205.77,-31.07,-0.52,21.68,14.0,6.0,1542246.0,1404966.0,2.333,949256.0,1037505.0,1260657.0,0.753,100.0,多頭,頭頭高·底底高,空轉多預警,50,1,15,23.4,26,剛爆發,True
ODFL,Industrials,Old Dominion,2026-08-28,198.63,-6.09,-9.95,1.25,-3.39,0.333,56,68,37,55.8,,,,,,,,,,,,,,,,,,,,,,,,,,,51,29,29,,29,剛爆發,False
PWR,Industrials,Quanta Services,2026-08-28,602.7,-11.39,-17.44,6.11,-4.15,0.333,75,76,24,65.1,,,,,,,,,,,,,,,,,,,,,,,,,,,52,29,29,,29,剛爆發,False
VRT,Industrials,Vertiv,2026-08-28,257.08,-2.27,-18.16,1.6,-4.31,0.333,38,78,35,49.4,,,,,,,,,,,,,,,,,,,,,,,,,,,53,29,29,,29,剛爆發,False
UAL,Industrials,United Airlines Holdings,2026-08-28,110.6,-13.86,-3.88,-1.77,-5.32,0.0,79,55,47,65.4,,,,,,,,,,,,,,,,,,,,,,,,,,,54,29,29,,29,剛爆發,False
FIX,Industrials,Comfort Systems USA,2026-08-28,1518.73,-14.2,-18.09,3.56,-6.29,0.333,80,77,32,69.5,,,,,,,,,,,,,,,,,,,,,,,,,,,55,29,29,,29,剛爆發,False
LMT,Industrials,Lockheed Martin,2026-08-28,563.85,-3.83,5.65,-14.13,-6.61,0.333,49,33,66,47.6,,,,,,,,,,,,,,,,,,,,,,,,,,,56,29,29,,29,剛爆發,False
DD,Industrials,DuPont,2026-08-28,136.98,-3.04,-4.3,-9.88,-6.77,0.0,43,57,59,50.4,,,,,,,,,,,,,,,,,,,,,,,,,,,57,29,29,,29,剛爆發,False
CARR,Industrials,Carrier Global,2026-08-28,58.79,-6.93,-7.54,-6.8,-7.02,0.0,59,61,56,59.0,,,,,,,,,,,,,,,,,,,,,,,,,,,58,29,29,,29,剛爆發,False
XYL,Industrials,Xylem Inc.,2026-08-28,111.31,-6.17,2.27,-12.45,-7.2,0.333,57,42,63,53.7,,,,,,,,,,,,,,,,,,,,,,,,,,,59,29,29,,29,剛爆發,False
FERG,Industrials,Ferguson Enterprises,2026-08-28,228.49,-8.29,1.26,-11.75,-7.63,0.333,66,45,61,58.7,,,,,,,,,,,,,,,,,,,,,,,,,,,60,29,29,,29,剛爆發,False
HUBB,Industrials,Hubbell Incorporated,2026-08-28,459.66,-3.44,-2.72,-12.24,-7.66,0.0,46,54,62,51.6,,,,,,,,,,,,,,,,,,,,,,,,,,,61,29,29,,29,剛爆發,False
TDG,Industrials,TransDigm Group,2026-08-28,1185.97,-7.75,-6.25,-8.34,-7.67,0.0,63,59,58,60.8,,,,,,,,,,,,,,,,,,,,,,,,,,,62,29,29,,29,剛爆發,False
IR,Industrials,Ingersoll Rand,2026-08-28,78.58,-10.46,10.72,-16.91,-8.39,0.333,74,26,69,58.6,,,,,,,,,,,,,,,,,,,,,,,,,,,63,29,29,,29,剛爆發,False
AOS,Industrials,A. O. Smith,2026-08-28,60.38,-0.58,5.42,-20.87,-9.22,0.333,29,34,72,39.1,,,,,,,,,,,,,,,,,,,,,,,,,,,64,29,29,,29,剛爆發,False
DOV,Industrials,Dover Corporation,2026-08-28,198.68,-3.42,-6.28,-13.71,-9.28,0.0,45,60,64,53.3,,,,,,,,,,,,,,,,,,,,,,,,,,,65,29,29,,29,剛爆發,False
OTIS,Industrials,Otis Worldwide,2026-08-28,71.74,-0.02,1.35,-19.24,-9.29,0.333,25,44,71,39.9,,,,,,,,,,,,,,,,,,,,,,,,,,,66,29,29,,29,剛爆發,False
CMI,Industrials,Cummins,2026-08-28,564.85,-12.62,-15.21,-5.29,-9.6,0.0,78,74,53,71.8,,,,,,,,,,,,,,,,,,,,,,,,,,,67,29,29,,29,剛爆發,False
EME,Industrials,Emcor,2026-08-28,740.17,-9.45,-12.72,-8.17,-9.62,0.0,69,71,57,67.2,,,,,,,,,,,,,,,,,,,,,,,,,,,68,29,29,,29,剛爆發,False
BA,Industrials,Boeing,2026-08-28,209.82,-10.14,-8.29,-10.1,-9.66,0.0,72,64,60,67.2,,,,,,,,,,,,,,,,,,,,,,,,,,,69,29,29,,29,剛爆發,False
CHRW,Industrials,C.H. Robinson,2026-08-28,150.39,2.31,-13.97,-14.62,-10.23,0.333,20,73,67,45.3,,,,,,,,,,,,,,,,,,,,,,,,,,,70,29,29,,29,剛爆發,False
TXT,Industrials,Textron,2026-08-28,83.04,-3.88,-9.64,-16.08,-11.42,0.0,50,66,68,58.4,,,,,,,,,,,,,,,,,,,,,,,,,,,71,29,29,,29,剛爆發,False
HON,Industrials,Honeywell Technologies,2026-08-28,217.43,-11.63,-10.75,-13.75,-12.47,0.0,76,69,65,71.7,,,,,,,,,,,,,,,,,,,,,,,,,,,72,29,29,,29,剛爆發,False
NOC,Industrials,Northrop Grumman,2026-08-28,545.57,-0.53,-2.02,-24.7,-12.99,0.0,28,52,75,44.6,,,,,,,,,,,,,,,,,,,,,,,,,,,73,29,29,,29,剛爆發,False
LUV,Industrials,Southwest Airlines,2026-08-28,39.64,-15.79,-8.07,-21.04,-16.49,0.0,81,63,73,74.0,,,,,,,,,,,,,,,,,,,,,,,,,,,74,29,29,,29,剛爆發,False
LHX,Industrials,L3Harris,2026-08-28,262.82,-5.41,-16.17,-25.25,-18.02,0.0,55,75,76,65.2,,,,,,,,,,,,,,,,,,,,,,,,,,,75,29,29,,29,剛爆發,False
HII,Industrials,Huntington Ingalls Industries,2026-08-28,294.21,-9.74,-7.92,-33.8,-21.31,0.0,71,62,78,69.7,,,,,,,,,,,,,,,,,,,,,,,,,,,76,29,29,,29,剛爆發,False
GNRC,Industrials,Generac,2026-08-28,183.8,-8.65,-34.23,-21.84,-21.64,0.0,67,81,74,72.6,,,,,,,,,,,,,,,,,,,,,,,,,,,77,29,29,,29,剛爆發,False
LII,Industrials,Lennox International,2026-08-28,393.39,-9.57,-20.66,-29.16,-22.14,0.0,70,79,77,74.1,,,,,,,,,,,,,,,,,,,,,,,,,,,78,29,29,,29,剛爆發,False
BLDR,Industrials,Builders FirstSource,2026-08-28,67.72,-6.57,-11.73,-38.26,-23.7,0.0,58,70,79,65.8,,,,,,,,,,,,,,,,,,,,,,,,,,,79,29,29,,29,剛爆發,False
PNR,Industrials,Pentair,2026-08-28,61.67,-8.05,-13.16,-39.64,-25.12,0.0,65,72,81,70.3,,,,,,,,,,,,,,,,,,,,,,,,,,,80,29,29,,29,剛爆發,False
ROL,Industrials,"Rollins, Inc.",2026-08-28,36.38,-4.28,-26.03,-39.19,-27.17,0.0,51,80,80,65.5,,,,,,,,,,,,,,,,,,,,,,,,,,,81,29,29,,29,剛爆發,False
DELL,Information Technology,Dell Technologies,2026-08-28,456.24,6.34,44.14,282.71,153.98,1.0,30,4,1,16.4,63.99,10.74,True,True,432.88,16.05,1.038,False,514.0,514.0,-11.24,3.2,12.55,10.0,10.0,5360990.0,5166702.0,1.0,3936721.0,4648492.0,4971228.0,0.792,91.97,擴散,頭頭高·底底低,,1,20,21,12.6,9,吃老本,True
PANW,Information Technology,Palo Alto Networks,2026-08-28,371.59,7.05,44.16,162.29,93.95,1.0,29,3,3,16.0,6.62,9.88,True,True,343.42,16.47,1.171,False,398.88,398.88,-6.84,3.83,11.98,8.0,12.0,6082912.0,5196611.0,0.667,5837234.0,5311933.0,5295068.0,1.102,89.21,擴散,頭頭高·底底低,,2,23,10,12.0,8,吃老本,True
MRVL,Information Technology,Marvell Technology,2026-08-28,216.62,11.79,5.78,176.54,92.66,1.0,19,30,2,18.9,0.99,0.64,False,False,228.54,18.52,0.955,False,329.8,329.88,-34.32,-8.61,15.49,11.0,9.0,24293400.0,25450834.0,1.222,48739012.0,29273821.0,25866234.0,1.884,90.89,擴散,頭頭高·底底低,,3,22,2,10.4,5,吃老本,True
HPE,Information Technology,Hewlett Packard Enterprise,2026-08-28,52.31,4.12,37.3,160.75,90.73,1.0,38,6,4,21.6,48.03,10.75,True,True,49.58,14.69,1.213,False,64.06,64.25,-18.35,-2.13,9.21,10.0,10.0,16791040.0,13844628.0,1.0,13877587.0,12786948.0,14321359.0,0.969,90.9,多頭,頭頭高·底底高,空轉多預警,4,21,13,12.6,9,吃老本,True
CRWD,Information Technology,CrowdStrike,2026-08-28,218.4,7.83,30.19,149.42,84.22,1.0,27,10,5,17.5,6.38,3.05,False,True,196.23,23.66,1.289,False,229.08,229.08,-4.66,13.78,14.43,8.0,12.0,10475550.0,8124519.0,0.667,14700037.0,10850933.0,9501555.0,1.547,96.73,擴散,頭頭高·底底低,,5,17,5,9.8,4,吃老本,True
FTNT,Information Technology,Fortinet,2026-08-28,166.0,1.71,27.99,120.66,67.75,1.0,41,12,9,25.9,20.53,32.63,False,True,157.44,16.3,1.15,False,173.89,173.89,-4.54,8.14,2.5,9.0,11.0,4867266.0,4234086.0,0.818,5077849.0,4276754.0,4241629.0,1.197,87.14,多頭,頭頭高·底底高,空轉多預警,6,26,7,14.2,13,吃老本,True
SNDK,Information Technology,Sandisk,2026-08-28,1484.98,15.29,-9.54,132.57,67.72,0.667,11,49,6,21.4,13.72,59.67,False,False,1604.64,26.34,1.0,False,2354.39,2354.39,-36.93,-6.96,22.24,11.0,9.0,13768003.0,13767955.0,1.222,8104535.0,12099673.0,13095322.0,0.619,96.39,擴散,頭頭高·底底低,,7,18,28,15.6,17,吃老本,True
MU,Information Technology,Micron Technology,2026-08-28,932.86,12.46,1.03,123.29,65.02,1.0,16,37,8,20.7,21.39,33.21,False,False,954.97,15.67,1.053,False,1254.81,1255.0,-25.66,-3.51,13.34,11.0,9.0,31105690.0,29534975.0,1.222,22761175.0,26417117.0,28187918.0,0.807,93.37,擴散,頭頭高·底底低,,8,19,20,14.8,14,吃老本,True
DDOG,Information Technology,Datadog,2026-08-28,236.98,-13.38,5.21,126.93,61.42,0.667,73,31,7,47.2,11.45,18.25,False,False,249.45,15.03,1.039,False,292.72,292.72,-19.04,0.58,-11.56,9.0,11.0,5172166.0,4979614.0,0.818,2489254.0,3478935.0,4145743.0,0.6,73.74,擴散,頭頭高·底底低,,9,32,29,22.2,28,吃老本,True
AMD,Information Technology,Advanced Micro Devices,2026-08-28,465.58,-3.93,-10.14,117.72,55.34,0.333,60,50,10,47.0,3.21,5.82,False,False,506.08,13.94,0.953,False,584.73,584.73,-20.38,-1.62,-2.22,11.0,9.0,21949954.0,23022934.0,1.222,15283714.0,17418751.0,18324007.0,0.834,83.04,收斂,頭頭低·底底高,空轉多預警,10,30,17,19.4,22,吃老本,True
STX,Information Technology,Seagate Technology,2026-08-28,829.76,-0.16,-5.72,110.04,53.55,0.333,46,43,11,38.1,12.09,16.76,False,False,875.88,28.0,0.954,False,1144.18,1145.0,-27.48,-2.38,-3.08,11.0,9.0,4135663.0,4336107.0,1.222,2797766.0,3657076.0,3892784.0,0.719,82.22,多頭,頭頭高·底底高,空轉多預警,11,31,25,21.8,26,吃老本,True
NTAP,Information Technology,NetApp,2026-08-28,187.02,2.24,31.73,88.79,52.89,1.0,40,9,13,25.3,7.22,2.78,True,True,175.88,11.73,1.186,False,209.06,209.06,-10.54,-2.73,4.77,10.0,10.0,2568090.0,2165388.0,1.0,1497184.0,2040798.0,2259705.0,0.663,87.53,多頭,頭頭高·底底高,,12,25,27,20.2,24,吃老本,True
WDAY,Information Technology,"Workday, Inc.",2026-08-28,204.72,24.04,57.46,57.2,48.97,1.0,6,1,17,6.7,5.27,5.68,False,True,157.34,10.1,1.605,False,249.85,249.85,-18.06,2.35,27.68,9.0,11.0,6267287.0,3905363.0,0.818,8655791.0,4639799.0,5525766.0,1.566,100.0,多頭,頭頭高·底底高,空轉多預警,13,1,4,6.4,1,剛爆發,True
HPQ,Information Technology,HP Inc.,2026-08-28,30.52,12.54,23.52,72.49,45.26,1.0,15,16,14,15.1,19.99,20.26,False,True,26.39,15.19,1.031,False,32.19,32.19,-5.19,2.73,11.92,9.0,11.0,15061851.0,14613136.0,0.818,15844562.0,15428996.0,14849430.0,1.067,88.55,多頭,頭頭高·底底高,,14,24,11,17.4,20,吃老本,True
ZBRA,Information Technology,Zebra Technologies,2026-08-28,356.45,22.22,43.79,51.15,42.08,1.0,8,5,19,9.3,45.1,11.88,False,True,303.68,7.66,1.323,False,386.23,386.23,-7.71,-3.27,21.32,9.0,11.0,927477.0,700996.0,0.818,580966.0,606376.0,619271.0,0.938,96.91,多頭,頭頭高·底底高,,15,16,14,15.2,15,,True
PLTR,Information Technology,Palantir Technologies,2026-08-28,186.29,48.26,29.96,44.59,41.85,1.0,1,11,21,8.0,18.51,18.08,False,True,143.75,10.99,1.713,False,207.52,207.52,-10.23,3.53,51.38,10.0,10.0,59464296.0,34708130.0,1.0,24959261.0,31019696.0,33770630.0,0.739,100.0,空頭,頭頭低·底底低,多頭確認,16,1,24,11.6,7,剛爆發,True
CRM,Information Technology,Salesforce,2026-08-28,256.0,37.67,45.69,38.77,40.22,1.0,2,2,25,6.6,80.38,24.07,False,True,180.89,34.46,1.535,False,267.75,269.11,-4.39,22.39,39.12,11.0,9.0,18138012.0,11814877.0,1.222,34320234.0,19193163.0,16621415.0,2.065,100.0,收斂,頭頭低·底底高,多轉空預警 / 空轉多預警 / 多頭確認,17,1,1,7.4,2,剛爆發,True
INTC,Information Technology,Intel,2026-08-28,89.47,-1.68,-25.99,93.99,40.08,0.333,50,68,12,47.8,94.59,2108.68,False,False,104.92,22.65,1.107,False,142.35,142.35,-37.15,-0.67,-0.81,11.0,9.0,106660527.0,96321895.0,1.222,85801756.0,93904825.0,105262470.0,0.815,86.96,空頭,頭頭低·底底低,多轉空預警,18,27,19,21.8,26,吃老本,True
NOW,Information Technology,ServiceNow,2026-08-28,144.71,26.73,33.09,41.19,35.55,1.0,5,8,24,9.7,5.05,0.36,False,True,112.08,21.86,1.532,False,194.73,194.73,-25.69,12.63,30.1,12.0,8.0,21184085.0,13830350.0,1.5,28890423.0,18086402.0,17490094.0,1.652,100.0,收斂,頭頭低·底底高,多轉空預警 / 多頭確認,19,1,3,8.6,3,剛爆發,True
ANET,Information Technology,Arista Networks,2026-08-28,195.38,5.67,25.83,51.73,33.74,1.0,32,15,18,24.1,15.18,7.73,False,True,180.48,12.06,1.517,False,214.89,214.89,-9.08,3.57,8.33,10.0,10.0,9023730.0,5949338.0,1.0,3061286.0,5775228.0,6139165.0,0.499,97.97,多頭,頭頭高·底底高,空轉多預警,20,15,30,20.0,23,,True
IT,Information Technology,Gartner,2026-08-28,198.39,30.92,23.09,34.65,30.83,1.0,3,18,27,12.3,17.06,13.64,False,True,157.56,15.43,0.949,False,265.85,265.85,-25.38,1.27,31.37,13.0,7.0,1506738.0,1588371.0,1.857,610198.0,1305169.0,1357099.0,0.45,100.0,多頭,頭頭高·底底高,空轉多預警 / 多頭確認,21,1,32,15.2,15,剛爆發,True
GEN,Information Technology,Gen Digital,2026-08-28,31.02,10.6,26.91,42.57,30.67,1.0,22,14,22,19.6,2.99,3.4,False,True,26.91,14.8,1.461,False,31.29,31.29,-0.86,7.22,13.5,14.0,6.0,6250973.0,4278133.0,2.333,5942528.0,5685102.0,5356508.0,1.109,100.0,多頭,頭頭高·底底高,空轉多預警 / 多頭確認,22,1,9,11.0,6,剛爆發,True
WDC,Information Technology,Western Digital,2026-08-28,459.45,-12.85,-13.48,69.93,28.38,0.333,72,56,16,56.0,,,,,,,,,,,,,,,,,,,,,,,,,,,23,33,33,,33,吃老本,False
FLEX,Information Technology,Flex Ltd.,2026-08-28,110.5,-5.92,-23.71,70.21,27.7,0.333,63,63,15,53.4,8.9,6.07,False,False,127.59,23.5,1.115,False,166.86,166.86,-33.78,0.05,-2.86,11.0,9.0,3189736.0,2862000.0,1.222,2058200.0,2758070.0,2767493.0,0.744,86.14,空頭,頭頭低·底底低,,24,28,23,25.4,31,,True
ROP,Information Technology,Roper Technologies,2026-08-28,426.2,8.57,33.63,26.85,23.97,1.0,25,7,30,20.6,1.78,3.49,False,True,375.08,9.44,1.107,False,527.54,532.18,-19.21,3.5,8.73,15.0,5.0,716221.0,646840.0,3.0,560823.0,651622.0,683221.0,0.821,100.0,多頭,頭頭高·底底高,多頭確認,25,1,18,14.0,12,剛爆發,True
MSFT,Information Technology,Microsoft,2026-08-28,513.53,5.51,20.49,32.55,22.77,1.0,34,20,28,28.6,,,,,,,,,,,,,,,,,,,,,,,,,,,26,33,33,,33,吃老本,False
FFIV,Information Technology,"F5, Inc.",2026-08-28,394.24,-2.98,2.82,44.93,22.42,0.667,54,33,20,40.9,,,,,,,,,,,,,,,,,,,,,,,,,,,27,33,33,,33,吃老本,False
TYL,Information Technology,Tyler Technologies,2026-08-28,377.94,23.7,23.49,16.73,20.16,1.0,7,17,40,16.6,0.36,2.73,False,True,315.93,17.01,1.085,False,566.58,566.58,-33.29,7.76,22.07,13.0,7.0,778248.0,717271.0,1.857,1105330.0,762583.0,742775.0,1.488,100.0,多頭,頭頭高·底底高,多頭確認,28,1,6,12.8,11,剛爆發,True
LITE,Information Technology,Lumentum,2026-08-28,895.0,14.76,3.99,30.04,19.71,1.0,12,32,29,21.4,8.79,4.62,False,True,814.26,24.12,1.203,False,1085.68,1085.68,-17.56,3.26,25.36,12.0,8.0,5361033.0,4458081.0,1.5,3439848.0,4296164.0,5051656.0,0.681,100.0,擴散,頭頭高·底底低,,29,1,26,17.2,19,剛爆發,True
VRSN,Information Technology,Verisign,2026-08-28,291.93,-2.04,-1.13,37.53,17.97,0.333,51,38,26,42.1,,,,,,,,,,,,,,,,,,,,,,,,,,,30,33,33,,33,,False
CSCO,Information Technology,Cisco,2026-08-28,109.93,-5.12,-6.99,41.97,17.96,0.333,61,44,23,48.3,,,,,,,,,,,,,,,,,,,,,,,,,,,31,33,33,,33,,False
CDW,Information Technology,CDW Corporation,2026-08-28,147.69,0.47,27.75,19.52,16.81,1.0,44,13,34,32.7,3.97,-0.26,False,True,137.02,17.33,1.014,False,168.13,171.55,-12.16,8.12,0.4,9.0,11.0,2010822.0,1983479.0,0.818,1636870.0,1752817.0,1605891.0,1.019,83.5,空頭,頭頭低·底底低,多轉空預警 / 多頭確認,32,29,12,26.8,32,,True
ADBE,Information Technology,Adobe Inc.,2026-08-28,291.52,15.99,20.74,14.25,16.3,1.0,10,19,42,19.1,2.5,3.18,True,True,240.18,15.64,1.29,False,370.86,370.86,-21.39,5.89,16.42,13.0,7.0,4607888.0,3573371.0,1.857,3639051.0,4168325.0,4178710.0,0.871,100.0,多頭,頭頭高·底底高,多頭確認,33,1,16,16.8,18,剛爆發,True
SMCI,Information Technology,Supermicro,2026-08-28,37.08,29.47,-10.22,19.11,14.37,0.667,4,52,35,24.6,77.55,34.51,False,True,31.21,14.55,1.688,False,58.78,58.78,-36.92,-0.43,30.56,11.0,9.0,67398490.0,39931621.0,1.222,28943597.0,42332489.0,61711253.0,0.469,100.0,多頭,頭頭高·底底高,空轉多預警,34,1,31,20.2,24,剛爆發,True
ADSK,Information Technology,Autodesk,2026-08-28,260.66,11.06,8.18,17.99,13.81,1.0,21,27,36,25.8,,,,,,,,,,,,,,,,,,,,,,,,,,,35,33,33,,33,,False
CTSH,Information Technology,Cognizant,2026-08-28,64.04,16.76,19.62,6.24,12.21,1.0,9,21,51,21.0,-0.66,4.98,False,True,50.0,14.93,1.102,False,85.48,87.03,-25.08,3.51,16.38,13.0,7.0,8174831.0,7417771.0,1.857,5302703.0,5620120.0,6898033.0,0.769,100.0,收斂,頭頭低·底底高,空轉多預警 / 多頭確認,36,1,22,19.2,21,剛爆發,False
LRCX,Information Technology,Lam Research,2026-08-28,301.9,2.47,-5.0,23.84,11.29,0.667,39,41,31,38.0,,,,,,,,,,,,,,,,,,,,,,,,,,,37,33,33,,33,,False
AAPL,Information Technology,Apple Inc.,2026-08-28,319.7,5.46,2.39,17.69,10.8,1.0,35,35,37,35.4,,,,,,,,,,,,,,,,,,,,,,,,,,,38,33,33,,33,,False
MSI,Information Technology,Motorola Solutions,2026-08-28,486.0,11.16,18.45,3.8,9.3,1.0,20,22,58,28.2,,,,,,,,,,,,,,,,,,,,,,,,,,,39,33,33,,33,剛爆發,False
AMAT,Information Technology,Applied Materials,2026-08-28,461.67,-10.82,2.78,22.44,9.21,0.667,70,34,33,51.8,,,,,,,,,,,,,,,,,,,,,,,,,,,40,33,33,,33,剛爆發,False
GDDY,Information Technology,GoDaddy,2026-08-28,97.7,10.46,13.74,5.85,8.97,1.0,23,24,53,29.3,,,,,,,,,,,,,,,,,,,,,,,,,,,41,33,33,,33,剛爆發,False
NVDA,Information Technology,Nvidia,2026-08-28,217.55,5.28,1.66,12.95,8.21,1.0,36,36,45,37.8,,,,,,,,,,,,,,,,,,,,,,,,,,,42,33,33,,33,剛爆發,False
PTC,Information Technology,PTC Inc.,2026-08-28,157.15,12.36,13.23,2.33,7.56,1.0,18,25,61,28.7,,,,,,,,,,,,,,,,,,,,,,,,,,,43,33,33,,33,剛爆發,False
INTU,Information Technology,Intuit,2026-08-28,358.06,12.46,14.9,0.57,7.13,1.0,16,23,63,27.5,,,,,,,,,,,,,,,,,,,,,,,,,,,44,33,33,,33,剛爆發,False
CDNS,Information Technology,Cadence Design Systems,2026-08-28,340.39,1.26,-8.95,17.12,6.64,0.667,43,48,38,43.5,,,,,,,,,,,,,,,,,,,,,,,,,,,45,33,33,,33,剛爆發,False
TXN,Information Technology,Texas Instruments,2026-08-28,258.64,-3.87,-17.72,22.47,5.84,0.333,59,58,32,53.3,,,,,,,,,,,,,,,,,,,,,,,,,,,46,33,33,,33,剛爆發,False
KLAC,Information Technology,KLA Corporation,2026-08-28,175.54,-3.84,-8.83,16.79,5.23,0.333,58,47,39,50.9,,,,,,,,,,,,,,,,,,,,,,,,,,,47,33,33,,33,剛爆發,False
ACN,Information Technology,Accenture,2026-08-28,189.61,14.39,7.56,-1.63,4.67,0.667,13,28,66,28.1,2.46,3.26,False,True,155.09,12.12,0.844,False,285.21,291.09,-33.52,2.34,14.28,14.0,6.0,5089763.0,6028350.0,2.333,4840291.0,5148319.0,5374139.0,0.901,100.0,收斂,頭頭低·底底高,空轉多預警 / 多頭確認,48,1,15,22.6,29,剛爆發,True
APH,Information Technology,Amphenol,2026-08-28,157.74,-3.43,6.97,4.48,3.13,0.667,57,29,54,48.0,,,,,,,,,,,,,,,,,,,,,,,,,,,49,33,33,,33,剛爆發,False
SWKS,Information Technology,Skyworks Solutions,2026-08-28,65.79,7.34,-19.19,10.79,2.43,0.667,28,60,46,41.2,,,,,,,,,,,,,,,,,,,,,,,,,,,50,33,33,,33,剛爆發,False
AVGO,Information Technology,Broadcom,2026-08-28,368.79,-5.98,-13.41,13.72,2.01,0.333,64,54,43,56.8,,,,,,,,,,,,,,,,,,,,,,,,,,,51,33,33,,33,剛爆發,False
KEYS,Information Technology,Keysight Technologies,2026-08-28,319.97,-0.6,-5.65,6.13,1.5,0.333,48,42,52,47.0,,,,,,,,,,,,,,,,,,,,,,,,,,,52,33,33,,33,剛爆發,False
SNPS,Information Technology,Synopsys,2026-08-28,442.61,12.89,-7.91,0.43,1.46,0.667,14,46,64,33.6,6.44,5.95,False,True,417.01,18.59,1.428,False,615.79,615.79,-28.12,11.24,13.85,9.0,11.0,1966866.0,1377182.0,0.818,2002907.0,1964140.0,1710820.0,1.171,100.0,空頭,頭頭低·底底低,多頭確認,53,1,8,23.2,30,剛爆發,True
TER,Information Technology,Teradyne,2026-08-28,354.97,-2.96,-7.23,7.9,1.4,0.333,53,45,49,49.8,,,,,,,,,,,,,,,,,,,,,,,,,,,54,33,33,,33,剛爆發,False
QCOM,Information Technology,Qualcomm,2026-08-28,164.19,8.33,-32.26,14.56,1.29,0.667,26,70,41,42.2,,,,,,,,,,,,,,,,,,,,,,,,,,,55,33,33,,33,剛爆發,False
JBL,Information Technology,Jabil,2026-08-28,301.45,-5.3,-17.09,13.27,1.04,0.333,62,57,44,56.9,,,,,,,,,,,,,,,,,,,,,,,,,,,56,33,33,,33,剛爆發,False
IBM,Information Technology,IBM,2026-08-28,235.59,4.85,-10.2,4.23,0.78,0.667,37,51,55,44.8,,,,,,,,,,,,,,,,,,,,,,,,,,,57,33,33,,33,剛爆發,False
TRMB,Information Technology,Trimble Inc.,2026-08-28,61.01,5.57,11.09,-8.59,-0.13,0.667,33,26,70,38.3,,,,,,,,,,,,,,,,,,,,,,,,,,,58,33,33,,33,剛爆發,False
ADI,Information Technology,Analog Devices,2026-08-28,361.78,-0.03,-13.42,2.2,-2.26,0.333,45,55,62,51.4,,,,,,,,,,,,,,,,,,,,,,,,,,,59,33,33,,33,剛爆發,False
COHR,Information Technology,Coherent Corp.,2026-08-28,279.2,-3.1,-25.93,9.55,-2.48,0.333,55,67,48,57.2,,,,,,,,,,,,,,,,,,,,,,,,,,,60,33,33,,33,剛爆發,False
ORCL,Information Technology,Oracle Corporation,2026-08-28,150.85,6.34,-25.69,3.94,-2.86,0.667,30,66,56,46.0,,,,,,,,,,,,,,,,,,,,,,,,,,,61,33,33,,33,剛爆發,False
FICO,Information Technology,Fair Isaac,2026-08-28,1153.57,10.34,-11.01,-6.03,-3.18,0.333,24,53,69,41.7,,,,,,,,,,,,,,,,,,,,,,,,,,,62,33,33,,33,剛爆發,False
CIEN,Information Technology,Ciena,2026-08-28,378.44,-3.15,-33.63,10.43,-3.98,0.333,56,72,47,59.0,,,,,,,,,,,,,,,,,,,,,,,,,,,63,33,33,,33,剛爆發,False
AKAM,Information Technology,Akamai Technologies,2026-08-28,107.47,-8.83,-24.91,7.33,-4.77,0.333,67,65,50,63.0,,,,,,,,,,,,,,,,,,,,,,,,,,,64,33,33,,33,剛爆發,False
GLW,Information Technology,Corning Inc.,2026-08-28,148.98,1.6,-18.45,-1.39,-4.91,0.333,42,59,65,51.7,,,,,,,,,,,,,,,,,,,,,,,,,,,65,33,33,,33,剛爆發,False
MPWR,Information Technology,Monolithic Power Systems,2026-08-28,1256.26,-6.55,-22.96,3.87,-5.44,0.333,65,61,57,62.2,,,,,,,,,,,,,,,,,,,,,,,,,,,66,33,33,,33,剛爆發,False
TDY,Information Technology,Teledyne Technologies,2026-08-28,621.96,-7.25,-1.91,-8.97,-6.77,0.0,66,39,71,58.9,,,,,,,,,,,,,,,,,,,,,,,,,,,67,33,33,,33,剛爆發,False
Q,Information Technology,Qnity Electronics,2026-08-28,120.26,-9.78,-24.31,3.09,-6.98,0.333,69,64,60,65.7,,,,,,,,,,,,,,,,,,,,,,,,,,,68,33,33,,33,剛爆發,False
MCHP,Information Technology,Microchip Technology,2026-08-28,72.93,-2.46,-23.61,-2.89,-7.96,0.0,52,62,67,58.0,,,,,,,,,,,,,,,,,,,,,,,,,,,69,33,33,,33,剛爆發,False
TEL,Information Technology,TE Connectivity,2026-08-28,202.66,-0.74,-3.27,-15.41,-8.71,0.0,49,40,72,50.9,,,,,,,,,,,,,,,,,,,,,,,,,,,70,33,33,,33,剛爆發,False
NXPI,Information Technology,NXP Semiconductors,2026-08-28,223.58,-0.26,-32.08,-3.89,-10.03,0.0,47,69,68,57.8,,,,,,,,,,,,,,,,,,,,,,,,,,,71,33,33,,33,剛爆發,False
ON,Information Technology,ON Semiconductor,2026-08-28,72.61,-9.69,-41.33,3.68,-10.91,0.333,68,73,59,67.7,,,,,,,,,,,,,,,,,,,,,,,,,,,72,33,33,,33,剛爆發,False
FSLR,Information Technology,First Solar,2026-08-28,204.46,-12.15,-32.61,-15.93,-19.15,0.0,71,71,73,71.4,,,,,,,,,,,,,,,,,,,,,,,,,,,73,33,33,,33,剛爆發,False
NUE,Materials,Nucor,2026-08-28,250.5,-4.13,0.73,43.86,21.08,0.667,23,16,1,16.5,6.94,14.67,False,True,247.05,13.6,0.904,False,280.11,280.11,-10.57,2.82,-2.64,11.0,9.0,1420900.0,1571534.0,1.222,929810.0,1709041.0,1465974.0,0.634,83.7,多頭,頭頭高·底底高,空轉多預警,1,13,19,9.4,6,吃老本,True
CF,Materials,CF Industries,2026-08-28,125.79,6.88,8.53,32.09,19.9,1.0,7,13,2,7.8,-15.07,8.66,False,True,117.54,12.69,1.177,False,140.66,141.96,-10.57,-2.94,1.0,9.0,11.0,2634098.0,2237554.0,0.818,1535490.0,2388059.0,2412799.0,0.636,82.3,收斂,頭頭低·底底高,空轉多預警,2,17,18,11.2,8,吃老本,False
FCX,Materials,Freeport-McMoRan,2026-08-28,76.45,20.13,16.34,13.15,15.69,1.0,2,5,4,3.3,18.5,21.95,False,True,65.57,19.55,1.176,False,80.24,80.24,-4.72,-0.27,22.07,12.0,8.0,15297891.0,13007164.0,1.5,18056116.0,17190921.0,14755554.0,1.224,100.0,多頭,頭頭高·底底高,多頭確認,3,1,1,1.8,1,,True
NEM,Materials,Newmont,2026-08-28,127.98,34.19,18.25,3.58,14.9,1.0,1,4,11,3.9,5.68,33.45,False,True,104.36,15.21,1.017,False,135.29,135.29,-5.4,-2.74,36.57,15.0,5.0,7845893.0,7716058.0,3.0,8173292.0,8161009.0,7839752.0,1.043,100.0,收斂,頭頭低·底底高,空轉多預警 / 多頭確認,4,1,4,2.8,2,,True
IFF,Materials,International Flavors & Fragrances,2026-08-28,87.95,9.15,13.31,8.31,9.77,1.0,5,7,7,6.0,-26.57,16.51,False,True,80.42,9.15,0.95,False,89.32,89.32,-1.53,4.35,11.02,12.0,8.0,1516423.0,1596512.0,1.5,1162278.0,1295087.0,1336478.0,0.87,97.48,多頭,頭頭高·底底高,空轉多預警,5,4,11,5.8,4,,False
APD,Materials,Air Products,2026-08-28,308.09,5.17,9.29,11.62,9.43,1.0,9,12,6,9.3,3.8,4.54,False,True,297.39,4.32,0.801,False,314.87,314.87,-2.15,0.98,4.48,13.0,7.0,860489.0,1073685.0,1.857,1042569.0,1024206.0,912571.0,1.142,94.96,多頭,頭頭高·底底高,空轉多預警,6,5,2,4.8,3,,True
SW,Materials,Smurfit Westrock,2026-08-28,48.29,3.95,18.8,7.38,9.38,1.0,10,3,9,7.7,-16.91,-17.35,False,True,46.35,6.82,1.004,False,51.52,52.65,-6.27,-2.23,6.0,9.0,11.0,4304544.0,4285564.0,0.818,3973811.0,4315271.0,4364180.0,0.911,82.56,多頭,頭頭高·底底高,,7,15,7,10.2,7,吃老本,True
CTVA,Materials,Corteva,2026-08-28,83.9,10.34,4.33,8.1,7.72,1.0,4,14,8,7.8,2.93,27.11,False,True,82.54,11.29,1.008,False,90.97,90.97,-7.77,2.58,6.59,11.0,9.0,4673211.0,4636977.0,1.222,3118530.0,4392983.0,4135708.0,0.754,90.96,擴散,頭頭高·底底低,,8,8,13,9.0,5,,True
STLD,Materials,Steel Dynamics,2026-08-28,234.66,-9.18,-9.8,23.61,7.06,0.333,25,22,3,19.7,0.56,-0.19,False,False,242.58,17.43,1.196,False,288.09,288.74,-18.54,2.62,-6.6,10.0,10.0,1339000.0,1119408.0,1.0,670280.0,1452448.0,1258985.0,0.532,83.02,收斂,頭頭低·底底高,多轉空預警 / 空轉多預警,9,14,21,13.4,13,,True
LYB,Materials,LyondellBasell,2026-08-28,63.67,6.12,-4.9,12.81,6.71,0.667,8,20,5,11.0,25.6,76.13,False,True,59.36,10.76,0.945,False,82.22,83.94,-22.56,-4.74,3.62,12.0,8.0,3906789.0,4132575.0,1.5,2171268.0,3636396.0,3703177.0,0.586,89.32,多頭,頭頭高·底底高,,10,9,20,11.6,9,,True
PKG,Materials,Packaging Corporation of America,2026-08-28,240.39,-4.26,10.93,6.34,4.84,0.667,24,10,10,17.0,1.62,12.54,False,False,242.43,6.28,1.088,False,259.98,259.98,-7.54,-4.91,-2.22,9.0,11.0,508966.0,467953.0,0.818,417987.0,490158.0,467979.0,0.893,78.01,多頭,頭頭高·底底高,,11,20,8,14.0,15,吃老本,True
AMCR,Materials,Amcor,2026-08-28,46.67,1.41,18.9,-4.2,2.98,0.667,15,2,15,11.1,4.24,0.55,False,True,44.88,8.77,0.955,False,49.46,50.94,-5.63,-3.95,3.99,10.0,10.0,3606116.0,3776710.0,1.0,2884665.0,3576146.0,3893611.0,0.741,82.52,多頭,頭頭高·底底高,,12,16,14,14.0,15,,True
BALL,Materials,Ball Corporation,2026-08-28,63.77,-2.12,13.81,-3.49,1.17,0.333,18,6,14,13.6,4.27,11.31,False,True,62.59,6.3,0.983,False,67.84,68.29,-6.0,0.28,-1.74,8.0,12.0,1706990.0,1736925.0,0.667,1361022.0,1460222.0,1527261.0,0.891,76.27,多頭,頭頭高·底底高,,13,21,9,15.4,19,吃老本,True
SHW,Materials,Sherwin-Williams,2026-08-28,344.86,-2.42,13.28,-4.77,0.33,0.333,20,8,16,15.6,5.13,3.56,False,True,341.65,4.7,1.068,False,375.09,377.77,-8.06,-0.5,1.41,9.0,11.0,1727588.0,1617156.0,0.818,1557020.0,1588092.0,1549848.0,1.005,81.61,多頭,頭頭高·底底高,,14,19,6,14.4,18,,True
ECL,Materials,Ecolab,2026-08-28,286.75,2.62,10.48,-6.44,0.05,0.667,12,11,17,12.7,0.48,0.17,False,True,278.07,7.73,1.104,False,307.6,309.27,-6.78,1.82,3.28,12.0,8.0,1468972.0,1330500.0,1.5,730371.0,1729707.0,1454091.0,0.502,94.52,多頭,頭頭高·底底高,,15,6,22,12.8,11,剛爆發,True
IP,Materials,International Paper,2026-08-28,39.31,-4.08,19.32,-8.34,-0.36,0.333,22,1,19,15.1,205.43,5.41,False,True,39.21,7.56,0.994,False,48.47,50.25,-18.9,-5.25,-2.63,7.0,13.0,3608542.0,3631795.0,0.538,3520347.0,3353854.0,3421143.0,1.029,71.79,多頭,頭頭高·底底高,空頭確認,16,22,5,16.2,21,吃老本,True
AVY,Materials,Avery Dennison,2026-08-28,177.75,3.18,10.99,-8.95,-0.93,0.667,11,9,20,12.2,17.0,1.81,False,True,168.72,6.41,1.019,False,197.29,199.54,-9.9,-3.24,4.73,11.0,9.0,726436.0,713015.0,1.222,753240.0,646404.0,690076.0,1.092,87.7,擴散,頭頭高·底底低,,17,12,3,12.2,10,,True
LIN,Materials,Linde plc,2026-08-28,489.51,1.88,-2.18,-2.24,-1.19,0.333,14,19,13,15.3,0.66,1.4,False,False,504.62,4.43,1.131,False,548.2,548.2,-10.71,0.4,2.33,12.0,8.0,2134050.0,1886450.0,1.5,1240207.0,1980660.0,1927733.0,0.643,93.85,空頭,頭頭低·底底低,多轉空預警,18,7,17,13.4,13,剛爆發,True
DOW,Materials,Dow Inc.,2026-08-28,30.51,2.07,-11.36,0.44,-2.1,0.667,13,24,12,16.1,12.62,51.7,False,True,29.99,11.75,0.982,False,42.31,42.74,-27.89,-5.69,0.73,10.0,9.0,8289204.0,8438344.0,1.111,5820848.0,8234714.0,7875309.0,0.739,82.02,多頭,頭頭高·底底高,空轉多預警,19,18,15,17.8,22,,True
PPG,Materials,PPG Industries,2026-08-28,114.22,0.81,1.83,-7.86,-3.27,0.667,16,15,18,16.1,-1.04,3.65,False,False,116.12,4.09,0.994,False,130.99,133.43,-12.8,0.52,3.99,11.0,9.0,1288402.0,1296411.0,1.222,1051922.0,1171652.0,1203428.0,0.874,88.33,收斂,頭頭低·底底高,空轉多預警,20,10,10,14.0,15,剛爆發,False
MOS,Materials,Mosaic Company (The),2026-08-28,23.6,8.21,-1.91,-15.62,-6.23,0.333,6,18,22,12.8,-5.88,-77.32,False,True,22.38,18.87,1.43,False,35.98,36.99,-34.41,-3.32,6.69,8.0,12.0,9795412.0,6847970.0,0.667,5384647.0,8360004.0,7695936.0,0.7,87.72,擴散,頭頭高·底底低,,21,11,16,16.0,20,剛爆發,True
VMC,Materials,Vulcan Materials Company,2026-08-28,274.51,-3.02,-0.63,-13.15,-7.49,0.0,21,17,21,19.8,,,,,,,,,,,,,,,,,,,,,,,,,,,22,23,23,,23,,False
CRH,Materials,CRH plc,2026-08-28,95.86,-2.38,-9.85,-20.97,-13.54,0.0,19,23,23,21.0,,,,,,,,,,,,,,,,,,,,,,,,,,,23,23,23,,23,,False
MLM,Materials,Martin Marietta Materials,2026-08-28,531.05,-2.07,-7.53,-23.59,-14.2,0.0,17,21,24,19.6,,,,,,,,,,,,,,,,,,,,,,,,,,,24,23,23,,23,,False
ALB,Materials,Albemarle Corporation,2026-08-28,137.36,15.71,-21.9,-26.11,-14.6,0.333,3,25,25,14.0,15.71,124.6,False,True,129.76,10.44,1.172,False,220.44,221.0,-37.69,-4.11,16.76,12.0,8.0,2257493.0,1926675.0,1.5,1445917.0,1825981.0,1902374.0,0.76,100.0,空頭,頭頭低·底底低,,25,1,12,12.8,11,剛爆發,True
DOC,Real Estate,Healthpeak Properties,2026-08-28,20.96,-2.66,8.99,25.4,14.28,0.667,14,4,1,8.4,198.62,364.73,False,False,21.38,6.62,0.982,False,22.84,22.95,-8.22,-2.06,-3.51,9.0,11.0,4904988.0,4996783.0,0.818,3073821.0,4191782.0,4187574.0,0.734,76.52,擴散,頭頭高·底底低,,1,19,19,11.8,10,吃老本,True
BXP,Real Estate,"BXP, Inc.",2026-08-28,69.32,-1.55,15.54,19.35,13.17,0.667,10,2,2,6.0,14.75,97.57,False,True,68.25,8.85,1.044,False,75.95,79.33,-8.73,2.44,-1.14,9.0,11.0,1186811.0,1136887.0,0.818,857959.0,1193905.0,1162677.0,0.738,80.83,擴散,頭頭高·底底低,,2,15,18,10.4,4,吃老本,True
WELL,Real Estate,Welltower,2026-08-28,238.07,2.52,13.64,14.97,11.52,1.0,3,3,5,3.4,-16.88,9.38,False,True,234.22,4.21,0.878,False,254.24,255.2,-6.36,-0.48,1.93,12.0,8.0,2687508.0,3062203.0,1.5,2109229.0,2282412.0,2542721.0,0.83,88.83,擴散,頭頭高·底底低,,3,7,13,6.6,2,,False
INVH,Real Estate,Invitation Homes,2026-08-28,29.24,-4.1,0.54,16.48,7.35,0.667,22,11,4,15.1,9.76,-14.31,False,False,29.9,4.73,0.934,False,30.89,31.33,-5.35,-2.89,-1.62,8.0,11.0,3495485.0,3744454.0,0.727,4427886.0,3407788.0,3245912.0,1.364,75.12,多頭,頭頭高·底底高,空頭確認,4,22,2,10.8,6,吃老本,True
CBRE,Real Estate,CBRE Group,2026-08-28,150.82,1.61,19.3,3.18,6.82,1.0,6,1,16,6.5,5.77,42.05,False,True,143.47,6.47,1.08,False,174.27,174.27,-13.46,-0.84,2.73,10.0,10.0,1369391.0,1267790.0,1.0,1483414.0,1222461.0,1236067.0,1.2,85.2,多頭,頭頭高·底底高,,5,10,3,6.6,2,,True
ESS,Real Estate,Essex Property Trust,2026-08-28,284.03,-0.65,3.65,12.09,6.79,0.667,8,8,6,7.6,-35.97,15.55,False,False,288.96,5.16,0.999,False,303.35,303.35,-6.37,-1.72,-0.04,12.0,8.0,394167.0,394400.0,1.5,642611.0,446711.0,402140.0,1.598,89.28,收斂,頭頭低·底底高,空轉多預警,6,5,1,4.6,1,,False
VTR,Real Estate,Ventas,2026-08-28,91.81,1.06,7.64,7.53,5.94,1.0,7,5,10,7.0,51.73,-1.4,False,False,92.09,4.56,1.021,False,101.6,101.6,-9.64,-1.34,-1.82,11.0,8.0,2925900.0,2866341.0,1.375,1916830.0,2712263.0,2851835.0,0.672,86.86,擴散,頭頭高·底底低,,7,9,21,10.6,5,,True
HST,Real Estate,Host Hotels & Resorts,2026-08-28,22.28,-11.2,-0.63,17.55,5.82,0.333,30,16,3,20.4,4.39,116.0,False,False,23.67,5.14,0.904,False,25.71,25.71,-13.34,-4.01,-11.34,6.0,14.0,9113250.0,10078265.0,0.429,4349012.0,8180231.0,9018914.0,0.482,63.85,空頭,頭頭低·底底低,多轉空預警,8,24,25,17.8,23,吃老本,True
EQIX,Real Estate,Equinix,2026-08-28,1044.41,1.74,-1.87,11.39,5.66,0.667,5,20,7,9.9,6.33,-3.8,False,False,1048.22,7.09,0.923,False,1118.65,1128.68,-6.64,-1.97,2.96,10.0,10.0,547760.0,593336.0,1.0,477061.0,520366.0,536977.0,0.888,82.14,多頭,頭頭高·底底高,,9,14,12,11.6,7,,True
SPG,Real Estate,Simon Property Group,2026-08-28,214.56,-6.37,4.91,10.05,4.66,0.667,28,6,9,17.6,10.11,-17.98,False,False,223.27,4.33,0.914,False,238.5,238.5,-10.04,-1.71,-6.46,6.0,14.0,1174800.0,1285854.0,0.429,852660.0,1007476.0,1123030.0,0.759,67.86,多頭,頭頭高·底底高,,10,23,17,16.6,19,吃老本,True
FRT,Real Estate,Federal Realty Investment Trust,2026-08-28,116.75,-5.58,-2.64,10.58,3.24,0.333,25,22,8,20.7,35.3,165.2,False,False,121.31,2.69,1.305,False,128.21,128.21,-8.94,0.01,-5.92,6.0,14.0,931483.0,713833.0,0.429,579264.0,583336.0,619437.0,0.935,75.72,收斂,頭頭低·底底高,多轉空預警 / 空轉多預警,11,20,7,13.8,14,吃老本,True
PSA,Real Estate,Public Storage,2026-08-28,313.51,-3.8,2.32,5.11,2.18,0.667,20,9,14,15.5,-2.93,2.19,False,False,322.02,6.03,1.073,False,335.55,335.55,-6.57,-2.78,-3.29,8.0,12.0,739939.0,689658.0,0.667,533719.0,637031.0,659494.0,0.809,75.69,收斂,頭頭低·底底高,空頭確認,12,21,15,16.2,18,吃老本,False
VMRK,Real Estate,Vivmark Residential,2026-08-28,65.54,-3.0,-0.06,5.45,1.96,0.333,17,13,12,14.8,,,False,False,67.17,8.15,0.774,False,71.5,71.5,-8.34,-1.87,-1.37,11.0,8.0,4414457.0,5700000.0,1.375,4749529.0,6752432.0,6013588.0,0.79,82.61,空頭,頭頭低·底底低,多轉空預警,13,13,16,13.6,13,,False
DLR,Real Estate,Digital Realty,2026-08-28,185.47,-3.01,-2.47,5.46,1.36,0.333,18,21,11,17.5,-15.0,2.71,False,False,187.46,8.13,1.141,False,207.47,208.14,-10.6,-2.7,-1.62,10.0,10.0,2005960.0,1757487.0,1.0,1699377.0,1681237.0,1752551.0,0.97,82.92,收斂,頭頭低·底底高,多轉空預警 / 空轉多預警,14,12,6,11.6,7,,False
KIM,Real Estate,Kimco Realty,2026-08-28,23.78,-6.41,-0.54,4.33,0.43,0.333,29,15,15,22.0,13.48,7.45,False,False,25.03,4.03,0.665,False,26.65,26.65,-10.77,-1.0,-6.67,6.0,14.0,3001783.0,4516652.0,0.429,3934840.0,3500694.0,3526356.0,1.116,63.66,空頭,頭頭低·底底低,多轉空預警 / 空頭確認,15,25,5,17.0,20,吃老本,True
ARE,Real Estate,Alexandria Real Estate Equities,2026-08-28,51.57,-2.75,4.37,-1.21,-0.2,0.333,15,7,22,14.0,26.17,1359.96,False,True,50.6,17.39,1.277,False,83.17,88.24,-38.0,-3.59,0.23,9.0,11.0,2511544.0,1966235.0,0.818,1323494.0,2373049.0,2082779.0,0.635,83.33,空頭,頭頭低·底底低,多轉空預警,16,11,22,15.2,16,,True
PLD,Real Estate,Prologis,2026-08-28,140.7,-2.39,-2.69,1.83,-0.36,0.333,12,23,17,16.3,48.33,41.3,False,False,142.46,3.16,1.087,False,153.35,153.35,-8.25,-0.78,-2.7,8.0,12.0,4537062.0,4175557.0,0.667,1862492.0,2854299.0,2954646.0,0.63,77.08,收斂,頭頭低·底底高,多轉空預警 / 空轉多預警,17,18,23,18.6,24,,True
IRM,Real Estate,Iron Mountain,2026-08-28,117.4,-5.38,-6.8,5.23,-0.43,0.333,24,28,13,23.0,7.51,15.76,False,False,124.08,11.3,1.095,False,134.68,134.68,-12.83,-3.79,-4.02,12.0,8.0,1585200.0,1447933.0,1.5,1144365.0,1239446.0,1274557.0,0.898,87.73,收斂,頭頭低·底底高,空轉多預警 / 空頭確認,18,8,9,12.2,11,剛爆發,True
UDR,Real Estate,"UDR, Inc.",2026-08-28,37.12,-3.69,-1.28,0.87,-0.81,0.333,19,19,18,18.8,,,,,,,,,,,,,,,,,,,,,,,,,,,19,26,26,,26,吃老本,False
MAA,Real Estate,Mid-America Apartment Communities,2026-08-28,129.61,-2.89,0.22,-1.02,-1.18,0.333,16,12,21,15.8,33.8,26.45,False,False,133.78,4.12,1.099,False,142.76,146.41,-9.21,-1.29,-2.06,9.0,11.0,831934.0,757290.0,0.818,844913.0,719931.0,732814.0,1.153,79.74,空頭,頭頭低·底底低,多轉空預警 / 空頭確認,20,16,4,15.2,16,,True
CPT,Real Estate,Camden Property Trust,2026-08-28,106.35,-3.95,-0.64,-0.23,-1.26,0.0,21,17,19,19.4,,,,,,,,,,,,,,,,,,,,,,,,,,,21,26,26,,26,,False
SBAC,Real Estate,SBA Communications,2026-08-28,190.95,7.09,-6.04,-3.4,-1.44,0.333,2,27,25,14.1,-1.22,-0.28,False,True,181.8,7.37,0.735,False,221.58,224.46,-13.82,4.58,6.24,12.0,8.0,831613.0,1130737.0,1.5,681159.0,717005.0,741477.0,0.919,90.94,收斂,頭頭低·底底高,空轉多預警 / 多頭確認,22,3,8,11.6,7,剛爆發,False
O,Real Estate,Realty Income,2026-08-28,61.98,-2.36,1.78,-4.4,-2.35,0.333,11,10,26,13.7,-12.71,-17.72,False,False,63.04,3.02,1.23,False,66.87,67.94,-7.31,-0.99,-2.96,7.0,12.0,6154507.0,5004450.0,0.583,3694054.0,4800785.0,5296530.0,0.697,78.1,收斂,頭頭低·底底高,多轉空預警,23,17,20,20.0,25,剛爆發,True
REG,Real Estate,Regency Centers,2026-08-28,75.52,-5.95,-2.91,-0.38,-2.41,0.0,26,24,20,24.2,,,,,,,,,,,,,,,,,,,,,,,,,,,24,26,26,,26,,False
EXR,Real Estate,Extra Space Storage,2026-08-28,142.91,-4.55,-0.92,-2.37,-2.55,0.0,23,18,23,21.5,,,,,,,,,,,,,,,,,,,,,,,,,,,25,26,26,,26,,False
AMT,Real Estate,American Tower,2026-08-28,176.23,1.87,-4.7,-5.52,-3.47,0.333,4,26,27,15.2,20.65,17.04,False,True,171.05,6.18,0.665,False,197.59,205.22,-10.81,0.24,1.66,14.0,6.0,1827733.0,2747766.0,2.333,1597071.0,1843487.0,1788498.0,0.893,97.73,擴散,頭頭高·底底低,,26,1,11,13.0,12,剛爆發,True
WY,Real Estate,Weyerhaeuser,2026-08-28,23.64,-6.3,-2.92,-3.38,-3.99,0.0,27,25,24,25.8,,,,,,,,,,,,,,,,,,,,,,,,,,,27,26,26,,26,,False
VICI,Real Estate,Vici Properties,2026-08-28,25.87,-2.52,-7.15,-11.71,-8.28,0.0,13,29,28,20.8,-31.75,15.01,False,False,26.47,5.34,1.329,False,31.85,33.92,-18.78,-2.41,-1.82,11.0,9.0,10541832.0,7931788.0,1.222,4362855.0,7259725.0,8279850.0,0.527,89.53,擴散,頭頭高·底底低,,28,4,24,17.6,22,剛爆發,False
CCI,Real Estate,Crown Castle,2026-08-28,76.14,-0.78,-15.44,-12.01,-10.06,0.0,9,30,29,19.3,36.09,6.18,False,False,77.02,4.15,0.823,False,96.97,100.5,-21.48,0.83,-0.21,13.0,7.0,2734263.0,3321885.0,1.857,1935026.0,2119952.0,2159635.0,0.896,92.47,空頭,頭頭低·底底低,,29,2,10,14.4,15,剛爆發,True
CSGP,Real Estate,CoStar Group,2026-08-28,32.22,7.29,-0.25,-34.45,-15.46,0.333,1,14,30,10.7,11.88,24.8,False,True,30.1,8.78,1.059,False,91.89,91.89,-64.94,-0.12,12.03,9.0,10.0,5782496.0,5461520.0,0.9,4336370.0,5048437.0,5261731.0,0.824,89.2,擴散,頭頭高·底底低,,30,6,14,17.2,21,剛爆發,True
AWK,Utilities,American Water Works,2026-08-28,138.3,6.03,13.79,4.58,7.24,1.0,1,1,2,1.2,3.97,-7.4,False,True,133.26,5.01,1.113,False,141.77,145.64,-2.45,2.15,3.76,11.0,9.0,2287424.0,2056022.0,1.222,1908169.0,2061166.0,2190664.0,0.871,90.92,多頭,頭頭高·底底高,,1,2,8,2.8,1,,True
D,Utilities,Dominion Energy,2026-08-28,65.55,-4.65,-1.74,4.98,0.89,0.333,25,8,1,15.1,17.2,4.37,False,False,69.0,6.75,0.99,False,72.99,72.99,-10.19,-1.58,-5.23,7.0,12.0,3446828.0,3480963.0,0.583,3276462.0,3378666.0,3153350.0,1.039,72.31,空頭,頭頭低·底底低,空頭確認,2,21,4,10.0,7,吃老本,True
ED,Utilities,Consolidated Edison,2026-08-28,107.49,0.39,1.95,-1.56,-0.19,0.667,3,4,6,3.9,7.37,-3.83,False,False,109.08,3.98,1.054,False,114.33,116.23,-5.98,1.07,-0.44,12.0,8.0,2240130.0,2125837.0,1.5,1656970.0,2163267.0,2137678.0,0.775,91.11,空頭,頭頭低·底底低,,3,1,14,4.4,2,,True
ETR,Utilities,Entergy,2026-08-28,105.75,-1.55,-2.95,1.67,-0.29,0.333,6,16,3,8.4,2.39,2.26,False,False,110.45,5.59,1.1,False,117.75,118.45,-10.19,1.08,-1.15,10.0,10.0,2086120.0,1895697.0,1.0,1448273.0,1710487.0,1839271.0,0.787,84.0,收斂,頭頭低·底底高,多轉空預警 / 空轉多預警,4,4,13,5.8,3,,True
EVRG,Utilities,Evergy,2026-08-28,80.65,-2.29,-1.84,0.24,-0.91,0.333,10,9,4,8.5,9.85,13.81,False,False,83.92,5.06,0.818,False,87.89,88.62,-8.23,-0.33,-2.03,10.0,10.0,1714360.0,2094852.0,1.0,1448127.0,1922362.0,1909488.0,0.758,77.97,空頭,頭頭低·底底低,空頭確認,5,11,16,9.6,6,吃老本,True
ES,Utilities,Eversource Energy,2026-08-28,70.84,-1.54,2.53,-3.58,-1.54,0.333,5,2,8,4.7,-0.33,6.21,False,False,72.79,4.03,0.958,False,76.57,76.57,-7.48,0.9,-1.05,10.0,10.0,1937480.0,2023007.0,1.0,1476970.0,1805037.0,1832378.0,0.806,81.49,空頭,頭頭低·底底低,多轉空預警,6,7,11,7.4,4,,False
PNW,Utilities,Pinnacle West Capital,2026-08-28,97.64,-3.14,-2.3,-0.65,-1.69,0.0,15,12,5,12.1,-2.66,15889.47,False,False,103.0,5.25,0.972,False,110.16,111.16,-11.36,0.29,-2.44,9.0,11.0,1057188.0,1087558.0,0.818,753646.0,1011944.0,989916.0,0.761,77.94,收斂,頭頭低·底底高,多轉空預警 / 空轉多預警 / 空頭確認,7,12,15,10.6,8,,False
EIX,Utilities,Edison International,2026-08-28,70.17,-1.81,1.03,-4.49,-2.44,0.333,8,6,10,7.8,26.99,7.42,False,False,74.06,9.46,0.635,False,81.62,81.62,-14.03,-1.98,-4.36,8.0,12.0,2749825.0,4333012.0,0.667,7395049.0,3747624.0,3413963.0,2.166,67.7,空頭,頭頭低·底底低,多轉空預警,8,23,2,12.8,13,吃老本,True
AEE,Utilities,Ameren,2026-08-28,106.12,-3.09,-1.89,-3.3,-2.9,0.0,14,10,7,11.4,4.18,8.16,False,False,110.73,4.82,0.891,False,118.32,118.32,-10.31,-0.01,-3.18,8.0,12.0,1354937.0,1521190.0,0.667,1094588.0,1237178.0,1343965.0,0.814,73.67,收斂,頭頭低·底底高,多轉空預警 / 空轉多預警 / 空頭確認,9,19,10,13.2,14,吃老本,True
AES,Utilities,AES Corporation,2026-08-28,14.73,0.14,1.47,-7.25,-3.22,0.667,4,5,16,6.7,-6.05,108.27,False,True,14.63,0.61,0.958,False,17.23,17.65,-14.5,-0.27,0.34,8.0,7.0,6443587.0,6729247.0,1.143,5672730.0,7952493.0,7111162.0,0.798,84.0,收斂,頭頭低·底底高,多轉空預警,10,4,12,8.0,5,剛爆發,False
DUK,Utilities,Duke Energy,2026-08-28,120.25,-2.39,-1.98,-4.75,-3.47,0.0,11,11,11,11.0,9.61,7.24,False,False,124.36,4.87,0.911,False,132.18,134.49,-9.02,0.33,-3.29,8.0,12.0,4337812.0,4761804.0,0.667,2702758.0,3518615.0,4328483.0,0.624,74.1,空頭,頭頭低·底底低,多轉空預警 / 空頭確認,11,17,21,15.4,19,吃老本,True
LNT,Utilities,Alliant Energy,2026-08-28,68.03,-4.55,-5.02,-3.59,-4.19,0.0,24,23,9,20.7,12.23,2.85,False,False,72.44,5.48,1.221,False,78.22,78.81,-13.02,0.25,-3.89,7.0,13.0,2706714.0,2216531.0,0.538,2044512.0,1819761.0,2292027.0,0.892,77.22,空頭,頭頭低·底底低,多轉空預警,12,14,7,11.8,10,,True
FE,Utilities,FirstEnergy,2026-08-28,45.88,-4.33,0.31,-7.56,-4.78,0.333,22,7,20,17.1,-0.48,0.63,False,False,47.52,5.44,0.911,False,51.3,52.34,-10.56,-0.17,-4.09,9.0,11.0,3664633.0,4023897.0,0.818,2340967.0,3563746.0,3397491.0,0.689,75.69,空頭,頭頭低·底底低,多轉空預警 / 空頭確認,13,15,20,15.2,18,,False
XEL,Utilities,Xcel Energy,2026-08-28,76.45,-1.6,-2.82,-7.52,-4.87,0.0,7,15,19,11.8,18.44,0.23,False,False,79.16,6.22,0.804,False,83.22,84.23,-8.14,0.2,-2.24,10.0,10.0,4120400.0,5125953.0,1.0,4330530.0,4827893.0,4411868.0,0.982,77.8,空頭,頭頭低·底底低,,14,13,6,12.0,11,,True
WEC,Utilities,WEC Energy Group,2026-08-28,106.22,-1.95,-4.05,-6.76,-4.88,0.0,9,21,15,13.8,12.32,6.49,False,False,111.33,5.6,1.238,False,118.87,119.91,-10.64,0.2,-2.08,7.0,13.0,2811442.0,2271698.0,0.538,1440482.0,2130738.0,2470165.0,0.583,78.57,空頭,頭頭低·底底低,多轉空預警,15,10,22,14.4,17,,True
DTE,Utilities,DTE Energy,2026-08-28,135.86,-4.13,-4.49,-5.53,-4.92,0.0,19,22,12,18.5,16.26,-4.14,False,False,144.82,6.23,1.057,False,155.75,155.75,-12.77,0.47,-4.24,9.0,10.0,1310222.0,1239110.0,0.9,877206.0,1148720.0,1229233.0,0.714,79.65,空頭,頭頭低·底底低,多轉空預警,16,8,18,13.2,14,剛爆發,True
AEP,Utilities,American Electric Power,2026-08-28,122.31,-3.96,-3.54,-6.23,-4.99,0.0,18,19,13,17.3,-8.2,4.61,False,False,129.49,6.91,0.865,False,139.52,140.58,-12.33,1.13,-3.6,11.0,9.0,3326718.0,3844257.0,1.222,2607614.0,3331251.0,3175520.0,0.821,81.77,空頭,頭頭低·底底低,,17,6,9,11.0,9,剛爆發,False
SO,Utilities,Southern Company,2026-08-28,88.25,-4.26,-3.83,-6.36,-5.2,0.0,21,20,14,19.3,11.82,8.87,False,False,93.4,6.19,0.981,False,98.45,100.84,-10.36,-0.78,-5.88,7.0,13.0,5682328.0,5794732.0,0.538,6345625.0,5710212.0,5199028.0,1.221,71.4,空頭,頭頭低·底底低,空頭確認,18,22,3,16.6,21,,True
ATO,Utilities,Atmos Energy,2026-08-28,166.65,-3.03,-3.11,-7.37,-5.22,0.0,13,17,18,15.2,5.6,1.84,False,False,172.3,3.71,0.881,False,190.28,192.51,-12.42,0.48,-2.97,8.0,12.0,948175.0,1075659.0,0.667,516714.0,933831.0,1001227.0,0.516,73.84,收斂,頭頭低·底底高,空轉多預警 / 空頭確認,19,18,23,19.4,22,,True
EXC,Utilities,Exelon,2026-08-28,43.93,-3.73,-2.71,-7.96,-5.59,0.0,16,14,21,16.4,-3.93,2.6,False,False,46.03,6.32,0.994,False,50.18,50.65,-12.45,0.34,-4.12,8.0,12.0,5804050.0,5838377.0,0.667,5456527.0,5413672.0,5269675.0,1.035,75.06,空頭,頭頭低·底底低,空頭確認,20,16,5,15.4,19,,False
PPL,Utilities,PPL Corporation,2026-08-28,34.2,-2.84,-2.42,-8.88,-5.76,0.0,12,13,22,14.3,-4.0,2.08,False,False,35.7,7.33,0.993,False,39.79,40.11,-14.05,-0.52,-2.87,7.0,13.0,7930128.0,7982901.0,0.538,5653324.0,7808412.0,8085808.0,0.699,73.53,空頭,頭頭低·底底低,多轉空預警 / 空頭確認,21,20,19,20.2,23,,False
PCG,Utilities,PG&E Corporation,2026-08-28,16.6,-4.76,2.2,-10.52,-5.9,0.333,26,3,25,18.9,11.64,8.83,False,False,17.39,14.46,0.878,False,19.05,19.16,-12.86,-5.68,-4.49,11.0,9.0,28002318.0,31907018.0,1.222,114326369.0,32495986.0,29169237.0,3.919,78.73,收斂,頭頭低·底底高,多轉空預警 / 空頭確認,22,9,1,12.6,12,剛爆發,True
CEG,Utilities,Constellation Energy,2026-08-28,276.75,1.27,-3.19,-11.09,-6.02,0.333,2,18,26,11.6,11.73,5.3,False,True,264.64,7.64,0.813,False,410.41,412.7,-32.57,1.42,5.49,11.0,9.0,2347227.0,2886589.0,1.222,1720807.0,2316500.0,2335353.0,0.737,86.42,多頭,頭頭高·底底高,,23,3,17,13.8,16,剛爆發,True
CNP,Utilities,CenterPoint Energy,2026-08-28,39.24,-5.83,-6.5,-7.26,-6.72,0.0,28,27,17,25.5,,,,,,,,,,,,,,,,,,,,,,,,,,,24,24,24,,24,,False
SRE,Utilities,Sempra,2026-08-28,84.31,-3.9,-5.68,-9.01,-6.9,0.0,17,25,23,20.6,,,,,,,,,,,,,,,,,,,,,,,,,,,25,24,24,,24,,False
CMS,Utilities,CMS Energy,2026-08-28,68.21,-4.15,-6.03,-9.75,-7.42,0.0,20,26,24,22.6,,,,,,,,,,,,,,,,,,,,,,,,,,,26,24,24,,24,,False
NEE,Utilities,NextEra Energy,2026-08-28,81.84,-5.44,-5.51,-13.25,-9.36,0.0,27,24,28,26.3,,,,,,,,,,,,,,,,,,,,,,,,,,,27,24,24,,24,,False
PEG,Utilities,Public Service Enterprise Group,2026-08-28,73.19,-4.48,-6.73,-13.71,-9.65,0.0,23,28,29,25.7,,,,,,,,,,,,,,,,,,,,,,,,,,,28,24,24,,24,,False
NI,Utilities,NiSource,2026-08-28,40.57,-8.89,-12.68,-11.47,-11.12,0.0,29,29,27,28.6,,,,,,,,,,,,,,,,,,,,,,,,,,,29,24,24,,24,,False
VST,Utilities,Vistra Corp.,2026-08-28,137.09,-12.09,-14.35,-19.9,-16.56,0.0,30,30,30,30.0,,,,,,,,,,,,,,,,,,,,,,,,,,,30,24,24,,24,剛爆發,False
NRG,Utilities,NRG Energy,2026-08-28,111.12,-19.75,-18.9,-39.22,-29.27,0.0,31,31,31,31.0,,,,,,,,,,,,,,,,,,,,,,,,,,,31,24,24,,24,剛爆發,False
