symbol,sector,name,as_of_date,t_price,cum_ret_4w,cum_ret_13w,cum_ret_26w,point,di,cum_ret_4w_rank_in_sector,cum_ret_13w_rank_in_sector,cum_ret_26w_rank_in_sector,cms_a,surprise_l1,surprise_l2,pre_earnings_14d,above_50ma,ma50,amp_10d_pct,vp_ratio_stock,vcp,high_52w,pct_from_high,ret_5d,ret_20d,up_days_20,down_days_20,up_avg_vol,down_avg_vol,ud_ratio,vol_today,vol_10d_avg,vol_3w_avg,vol_ratio_stock_20d,vp_score_stock,point_rank_in_sector,vp_score_rank_in_sector,vol_rank_in_sector,composite_in_sector,composite_rank_in_sector,stock_gap_alert,earnings_passed
NWS,Communication Services,News Corp (Class B),2026-08-17,34.55,14.44,16.41,30.61,23.02,1.0,6,3,1,4.1,51.24,5.46,False,True,31.03,5.3,1.305,False,35.31,-4.33,2.58,13.55,16.0,4.0,1165462.0,893025.0,4.0,743300.0,1004040.0,1147706.0,0.648,100.0,1,1,15,3.8,3,,True
NWSA,Communication Services,News Corp (Class A),2026-08-17,30.38,13.53,17.34,28.99,22.21,1.0,9,2,2,5.5,51.24,5.46,False,True,27.32,5.25,1.045,False,31.48,-5.81,2.45,12.61,15.0,5.0,3880806.0,3713460.0,3.0,2519700.0,3314900.0,4044446.0,0.623,100.0,2,1,17,4.6,4,,True
FOXA,Communication Services,Fox Corporation (Class A),2026-08-17,68.54,23.92,7.13,20.79,18.16,1.0,2,7,3,3.7,29.29,36.35,False,True,57.96,14.5,0.973,False,76.02,-10.6,3.83,23.36,12.0,7.0,4943108.0,5081257.0,1.714,5784300.0,5577600.0,5661993.0,1.022,100.0,3,1,4,2.4,1,,True
FOX,Communication Services,Fox Corporation (Class B),2026-08-17,61.05,23.56,6.66,17.47,16.29,1.0,3,8,5,4.9,31.62,22.22,False,True,51.98,14.33,1.055,False,67.81,-10.85,4.04,22.92,13.0,7.0,1079146.0,1023042.0,1.857,1090700.0,907600.0,1043326.0,1.045,100.0,4,1,2,2.4,1,,True
TTWO,Communication Services,Take-Two Interactive,2026-08-17,239.62,3.44,5.3,19.98,12.18,1.0,17,11,4,12.6,13.9,43.47,False,True,239.97,10.46,0.983,False,265.94,-9.7,-0.73,4.3,10.0,10.0,2248990.0,2288230.0,1.0,2445800.0,2351560.0,2351206.0,1.04,84.49,5,18,3,9.8,10,吃老本,True
OMC,Communication Services,Omnicom Group,2026-08-17,87.54,9.89,18.08,7.32,10.65,1.0,11,1,9,7.6,-0.39,3.13,False,True,80.08,7.27,0.849,False,88.55,-1.67,-1.46,11.77,11.0,9.0,2689618.0,3166877.0,1.222,1453600.0,1956400.0,2404846.0,0.604,89.67,6,16,19,12.6,15,吃老本,False
LYV,Communication Services,Live Nation Entertainment,2026-08-17,181.82,2.58,9.83,11.77,8.99,1.0,18,4,6,11.4,82.89,-485.68,False,True,179.67,5.29,0.933,False,189.25,-3.82,-2.17,3.39,11.0,9.0,2059981.0,2207966.0,1.222,1535300.0,1703880.0,2090646.0,0.734,85.82,7,17,13,12.2,13,吃老本,True
DIS,Communication Services,Walt Disney Company (The),2026-08-17,107.78,13.63,5.44,2.87,6.2,1.0,7,10,11,8.7,11.09,4.98,False,True,99.48,6.35,0.989,False,118.07,-9.11,2.4,15.61,15.0,5.0,10907886.0,11033380.0,3.0,7971500.0,7814010.0,10164426.0,0.784,100.0,8,1,9,5.4,5,剛爆發,True
PSKY,Communication Services,Paramount Skydance Corporation,2026-08-17,10.35,26.07,-0.58,-2.4,5.17,0.333,1,16,15,8.3,-2.33,51.38,False,True,9.41,16.66,0.993,False,20.57,-49.99,3.21,21.2,15.0,5.0,12733493.0,12819880.0,3.0,9308200.0,10542120.0,12301086.0,0.757,100.0,9,1,11,6.2,6,剛爆發,False
VZ,Communication Services,Verizon,2026-08-17,49.45,6.62,4.02,3.65,4.49,1.0,15,12,10,13.1,2.71,5.81,False,True,45.31,7.31,1.019,False,50.06,-1.74,2.01,12.25,12.0,8.0,22957083.0,22532350.0,1.5,12546300.0,15362700.0,19503493.0,0.643,98.49,10,13,16,12.4,14,,True
GOOGL,Communication Services,Alphabet Inc. (Class A),2026-08-17,344.82,7.84,-9.91,9.62,4.29,0.667,12,20,7,13.4,214.23,94.3,False,False,352.0,5.87,1.112,False,408.37,-16.58,-1.64,7.23,11.0,9.0,28545927.0,25661577.0,1.222,18570400.0,20446410.0,26499980.0,0.701,91.48,11,14,14,12.8,17,,True
WBD,Communication Services,Warner Bros. Discovery,2026-08-17,28.55,10.79,5.62,-0.7,3.75,0.667,10,9,14,10.5,153.87,-1110.3,False,True,26.69,8.69,0.873,False,30.0,-5.9,1.73,8.79,13.0,7.0,21408892.0,24527914.0,1.857,17136300.0,19206050.0,21515600.0,0.796,99.1,12,11,8,10.8,11,,True
GOOG,Communication Services,Alphabet Inc. (Class C),2026-08-17,341.75,7.1,-9.86,8.67,3.64,0.667,13,19,8,13.8,212.9,94.3,False,False,350.39,6.21,1.24,False,404.23,-16.33,-1.67,6.24,10.0,10.0,20309120.0,16376980.0,1.0,14187700.0,14165840.0,17684753.0,0.802,89.78,13,15,7,12.6,15,,True
NFLX,Communication Services,Netflix,2026-08-17,79.59,13.55,-10.17,1.17,1.43,0.667,8,21,13,12.9,1.45,-6.93,False,True,74.57,10.49,1.148,False,126.71,-36.75,2.43,16.33,12.0,8.0,36183050.0,31529650.0,1.5,27118400.0,29408090.0,30972713.0,0.876,100.0,14,1,6,7.2,7,剛爆發,True
CMCSA,Communication Services,Comcast,2026-08-17,26.85,20.4,7.96,-12.15,1.02,0.667,5,6,18,7.9,7.62,8.29,False,True,23.98,8.73,1.325,False,32.05,-17.56,0.92,20.53,13.0,6.0,30702684.0,23177866.0,2.167,18865500.0,20994580.0,24299973.0,0.776,100.0,15,1,10,8.4,9,剛爆發,True
RDDT,Communication Services,Reddit,2026-08-17,153.29,-9.15,8.2,2.08,0.8,0.667,22,5,12,14.9,29.56,26.13,False,False,173.39,25.29,0.997,False,282.95,-46.88,-4.94,-10.94,7.0,13.0,9085800.0,9114907.0,0.538,7672000.0,10094640.0,10353506.0,0.741,66.98,16,19,12,16.4,19,,True
TKO,Communication Services,TKO Group Holdings,2026-08-17,193.14,6.93,1.25,-7.79,-1.85,0.667,14,15,17,14.9,23.27,-32.11,False,True,192.78,9.07,1.195,False,225.15,-13.19,-2.12,8.93,13.0,7.0,1159200.0,969728.0,1.857,1071100.0,1010020.0,1185593.0,0.903,100.0,17,1,5,8.2,8,剛爆發,True
T,Communication Services,AT&T,2026-08-17,25.29,4.81,1.46,-7.45,-2.16,0.667,16,14,16,15.4,10.49,3.42,False,True,22.75,8.66,0.856,False,28.75,-12.52,2.32,9.54,14.0,6.0,45495614.0,53142783.0,2.333,25231400.0,33412060.0,41093400.0,0.614,100.0,18,1,18,11.2,12,剛爆發,True
TMUS,Communication Services,T-Mobile US,2026-08-17,183.04,1.64,-3.88,-14.18,-7.65,0.333,19,17,19,18.4,,,,,,,,,,,,,,,,,,,,,,,19,20,20,,20,,False
CHTR,Communication Services,Charter Communications,2026-08-17,150.17,21.78,3.46,-34.75,-11.07,0.667,4,13,23,10.5,5.94,-9.07,False,True,139.52,10.1,1.056,False,285.82,-48.3,-5.6,16.81,12.0,8.0,3342150.0,3163425.0,1.5,3606100.0,2837680.0,2737073.0,1.318,98.83,20,12,1,13.0,18,剛爆發,True
META,Communication Services,Meta Platforms,2026-08-17,549.9,-7.61,-9.81,-15.98,-12.34,0.0,21,18,20,19.9,,,,,,,,,,,,,,,,,,,,,,,21,20,20,,20,,False
ECHO,Communication Services,EchoStar,2026-08-17,86.81,-1.22,-30.1,-21.34,-18.5,0.0,20,22,21,20.8,,,,,,,,,,,,,,,,,,,,,,,22,20,20,,20,,False
APP,Communication Services,AppLovin,2026-08-17,305.77,-21.99,-36.52,-26.97,-28.11,0.0,23,23,22,22.8,,,,,,,,,,,,,,,,,,,,,,,23,20,20,,20,,False
TTD,Communication Services,Trade Desk (The),2026-08-17,13.18,-23.77,-41.11,-47.49,-39.96,0.0,24,24,24,24.0,,,,,,,,,,,,,,,,,,,,,,,24,20,20,,20,,False
EXPE,Consumer Discretionary,Expedia Group,2026-08-17,321.63,23.73,50.16,58.74,47.84,1.0,3,1,1,2.0,9.65,42.34,False,True,277.02,9.56,0.874,False,335.0,-3.23,-1.26,25.84,16.0,4.0,1586493.0,1814375.0,4.0,934200.0,1360410.0,1630533.0,0.573,100.0,1,1,24,5.6,3,,True
ABNB,Consumer Discretionary,Airbnb,2026-08-17,187.3,32.74,41.52,46.45,41.79,1.0,1,2,2,1.5,9.48,-14.13,False,True,152.43,14.06,1.541,False,189.2,-2.22,-0.07,34.48,10.0,10.0,6452160.0,4188080.0,1.0,5596800.0,6757390.0,5822280.0,0.961,100.0,2,1,12,3.6,2,,True
DASH,Consumer Discretionary,DoorDash,2026-08-17,223.49,29.25,39.46,26.77,30.57,1.0,2,4,5,3.2,-2.43,7.71,False,True,190.09,8.25,0.983,False,285.5,-22.12,2.82,30.98,16.0,4.0,4487156.0,4565175.0,4.0,5870900.0,4762920.0,4779586.0,1.228,100.0,3,1,4,2.4,1,,False
BBY,Consumer Discretionary,Best Buy,2026-08-17,85.89,0.54,41.22,37.03,28.96,1.0,30,3,3,16.5,4.32,5.83,True,True,81.86,13.25,0.939,False,91.27,-6.07,0.45,1.54,12.0,8.0,3125716.0,3329262.0,1.5,2743200.0,2931910.0,3324093.0,0.825,90.03,4,14,19,11.0,10,吃老本,True
BKNG,Consumer Discretionary,Booking Holdings,2026-08-17,209.62,18.12,30.48,29.16,26.73,1.0,5,6,4,5.1,4.49,5.67,False,True,187.08,5.87,1.355,False,229.86,-8.7,-1.63,21.43,11.0,9.0,6829145.0,5040833.0,1.222,3852800.0,4668580.0,5682273.0,0.678,100.0,5,1,20,6.4,4,,True
GRMN,Consumer Discretionary,Garmin,2026-08-17,294.85,21.32,23.03,19.44,20.81,1.0,4,8,7,5.8,22.52,13.14,False,True,261.8,7.63,1.268,False,314.28,-6.74,-6.04,22.07,10.0,10.0,1180490.0,931160.0,1.0,899600.0,762810.0,853393.0,1.054,98.01,6,8,8,7.2,5,,True
GPC,Consumer Discretionary,Genuine Parts Company,2026-08-17,133.96,7.85,38.37,15.75,19.43,1.0,13,5,11,10.2,3.47,1.26,False,True,122.52,5.78,1.04,False,148.58,-10.54,-1.8,10.72,11.0,9.0,1207109.0,1161133.0,1.222,1761400.0,1122870.0,1129033.0,1.56,92.24,7,13,2,8.4,7,吃老本,True
AMZN,Consumer Discretionary,Amazon,2026-08-17,258.63,11.43,-2.89,23.09,13.68,0.667,11,35,6,17.2,215.02,69.02,False,True,249.32,8.4,1.874,False,287.2,-9.43,-1.89,11.32,6.0,14.0,71180083.0,37981242.0,0.429,28374100.0,33205630.0,46498806.0,0.61,95.26,8,10,22,11.6,11,,True
WSM,Consumer Discretionary,"Williams-Sonoma, Inc.",2026-08-17,237.58,4.78,23.83,11.39,12.85,1.0,17,7,12,13.0,7.34,4.78,True,True,231.05,8.83,1.086,False,254.89,-7.53,-2.78,7.82,8.0,12.0,911287.0,839091.0,0.667,802200.0,816750.0,893680.0,0.898,82.59,9,22,14,15.2,15,吃老本,True
MGM,Consumer Discretionary,MGM Resorts,2026-08-17,43.74,-3.95,13.91,18.89,11.93,0.667,40,10,10,25.0,1.95,1.31,False,False,46.07,5.26,0.957,False,51.59,-16.32,-2.04,-4.05,7.0,13.0,2378585.0,2486669.0,0.538,1445600.0,1917990.0,2395120.0,0.604,71.57,10,24,23,18.2,20,吃老本,True
ROST,Consumer Discretionary,Ross Stores,2026-08-17,239.04,0.06,2.0,19.15,10.09,1.0,33,25,8,25.6,36.74,16.67,False,False,234.33,11.66,0.825,False,257.0,-10.9,-6.52,-1.46,11.0,9.0,2290590.0,2776500.0,1.222,6306500.0,2821820.0,2514853.0,2.508,79.29,11,23,1,13.8,13,吃老本,True
GM,Consumer Discretionary,General Motors,2026-08-17,87.93,6.4,11.84,8.37,8.74,1.0,14,12,14,13.4,12.0,40.19,False,True,81.97,7.12,1.181,False,91.85,-6.21,-0.28,6.79,12.0,8.0,6094233.0,5161187.0,1.5,4918500.0,4223920.0,4756793.0,1.034,97.13,12,9,9,10.2,9,,True
SBUX,Consumer Discretionary,Starbucks,2026-08-17,107.08,4.31,4.45,11.12,7.75,1.0,18,21,13,17.9,30.79,14.51,False,True,103.75,6.51,1.2,False,109.88,-5.36,-3.65,1.33,11.0,9.0,8337081.0,6944888.0,1.222,7583100.0,5463700.0,6618533.0,1.146,88.68,13,15,6,12.4,12,,True
DRI,Consumer Discretionary,Darden Restaurants,2026-08-17,221.6,12.88,9.77,3.61,7.47,1.0,9,15,17,12.4,0.64,0.29,False,True,207.34,8.68,0.953,False,229.76,-5.14,-2.48,12.28,14.0,6.0,1147828.0,1204883.0,2.333,925100.0,1036950.0,1074800.0,0.861,100.0,14,1,16,9.2,8,剛爆發,True
CVNA,Consumer Discretionary,Carvana,2026-08-17,69.91,15.63,2.39,3.84,6.42,1.0,8,24,16,14.4,10.09,11.71,False,True,67.28,15.8,0.669,False,97.38,-26.55,-2.96,18.82,15.0,5.0,9776760.0,14616480.0,3.0,11202200.0,9522030.0,9431253.0,1.188,100.0,15,1,5,7.4,6,剛爆發,True
CMG,Consumer Discretionary,Chipotle Mexican Grill,2026-08-17,36.9,16.07,12.19,-1.7,6.21,0.667,6,11,20,10.3,3.96,1.4,False,True,33.58,11.42,0.974,False,43.72,-19.28,8.22,10.25,11.0,9.0,19058763.0,19563400.0,1.222,16636800.0,16729930.0,19469713.0,0.854,94.82,16,11,17,14.2,14,,True
EBAY,Consumer Discretionary,eBay Inc.,2026-08-17,104.13,-4.81,-9.79,18.96,5.83,0.333,43,42,9,35.9,6.24,5.03,False,False,110.07,14.02,1.039,False,118.98,-12.08,0.03,-4.31,11.0,9.0,4744754.0,4566511.0,1.222,5580000.0,4674510.0,5068853.0,1.101,83.94,17,20,7,16.2,17,,True
F,Consumer Discretionary,Ford Motor Company,2026-08-17,14.41,1.36,-2.44,5.28,2.37,0.667,28,33,15,26.9,21.27,256.64,False,False,14.03,6.33,1.213,False,17.59,-20.46,0.72,-0.06,10.0,10.0,54633740.0,45044200.0,1.0,41185900.0,37379660.0,41825700.0,0.985,86.48,18,19,10,16.8,19,,True
HLT,Consumer Discretionary,Hilton Worldwide,2026-08-17,326.63,0.51,1.73,3.47,2.3,1.0,31,26,18,26.9,,,,,,,,,,,,,,,,,,,,,,,19,25,25,,25,吃老本,False
RCL,Consumer Discretionary,Royal Caribbean Group,2026-08-17,292.0,-0.52,14.61,-6.35,0.35,0.333,36,9,24,25.5,5.74,12.59,False,False,303.14,13.37,1.384,False,360.34,-20.18,-7.18,1.49,10.0,10.0,2273280.0,1642580.0,1.0,1987900.0,1559030.0,1585306.0,1.254,87.24,20,17,3,15.4,16,,True
HAS,Consumer Discretionary,Hasbro,2026-08-17,93.54,6.14,7.85,-6.35,0.32,0.667,15,18,24,17.7,12.8,29.52,False,True,86.34,6.73,1.064,False,104.6,-10.55,-2.52,7.91,11.0,8.0,1842872.0,1731712.0,1.375,1474500.0,1500750.0,1659793.0,0.888,92.99,21,12,15,16.2,17,剛爆發,True
MAR,Consumer Discretionary,Marriott International,2026-08-17,356.39,-4.62,-3.26,3.04,-0.45,0.333,42,36,19,35.6,,,,,,,,,,,,,,,,,,,,,,,22,25,25,,25,,False
PHM,Consumer Discretionary,PulteGroup,2026-08-17,129.0,0.19,11.03,-7.48,-0.93,0.667,32,14,26,25.4,5.27,-1.15,False,False,128.55,5.65,1.047,False,143.89,-11.27,-2.21,2.41,10.0,10.0,1536720.0,1468300.0,1.0,1270400.0,1281150.0,1312180.0,0.968,83.88,23,21,11,19.8,21,,True
RL,Consumer Discretionary,Ralph Lauren Corporation,2026-08-17,372.59,-0.27,-1.13,-2.73,-1.71,0.0,35,31,21,31.0,,,,,,,,,,,,,,,,,,,,,,,24,25,25,,25,,False
DPZ,Consumer Discretionary,Domino's,2026-08-17,341.85,2.67,8.67,-10.12,-2.22,0.667,24,16,28,22.4,,,,,,,,,,,,,,,,,,,,,,,25,25,25,,25,,False
YUM,Consumer Discretionary,Yum! Brands,2026-08-17,152.99,2.73,-0.91,-5.87,-2.48,0.333,22,30,23,24.6,,,,,,,,,,,,,,,,,,,,,,,26,25,25,,25,,False
ORLY,Consumer Discretionary,O'Reilly Automotive,2026-08-17,89.11,1.96,-2.87,-4.7,-2.58,0.333,26,34,22,27.6,,,,,,,,,,,,,,,,,,,,,,,27,25,25,,25,,False
HD,Consumer Discretionary,Home Depot (The),2026-08-17,335.61,0.79,8.0,-10.95,-3.28,0.667,29,17,30,25.6,,,,,,,,,,,,,,,,,,,,,,,28,25,25,,25,,False
DHI,Consumer Discretionary,D. R. Horton,2026-08-17,148.35,1.38,3.52,-9.07,-3.31,0.667,27,22,27,25.5,,,,,,,,,,,,,,,,,,,,,,,29,25,25,,25,,False
WYNN,Consumer Discretionary,Wynn Resorts,2026-08-17,100.28,3.72,3.38,-12.07,-4.26,0.667,20,23,32,23.3,,,,,,,,,,,,,,,,,,,,,,,30,25,25,,25,,False
TSLA,Consumer Discretionary,"Tesla, Inc.",2026-08-17,362.86,15.92,-14.82,-11.89,-5.67,0.333,7,46,31,23.5,-38.35,17.15,False,False,366.23,9.0,0.991,False,498.83,-30.81,1.52,7.96,10.0,10.0,35095780.0,35431130.0,1.0,30766400.0,31821900.0,32020260.0,0.961,87.72,31,16,12,21.2,23,剛爆發,False
NVR,Consumer Discretionary,"NVR, Inc.",2026-08-17,6358.51,-0.88,5.33,-16.12,-6.95,0.333,37,20,33,31.1,,,,,,,,,,,,,,,,,,,,,,,32,25,25,,25,剛爆發,False
MCD,Consumer Discretionary,McDonald's,2026-08-17,270.95,2.34,-3.36,-16.68,-8.6,0.333,25,37,34,30.4,,,,,,,,,,,,,,,,,,,,,,,33,25,25,,25,剛爆發,False
ULTA,Consumer Discretionary,Ulta Beauty,2026-08-17,521.46,9.7,1.25,-23.64,-9.08,0.667,12,27,41,22.3,12.28,-0.21,True,True,489.51,13.98,1.124,False,714.97,-27.95,-0.08,7.78,9.0,11.0,610877.0,543490.0,0.818,497000.0,608940.0,592700.0,0.839,86.58,34,18,18,24.4,24,剛爆發,True
LVS,Consumer Discretionary,Las Vegas Sands,2026-08-17,47.03,2.71,-4.25,-17.94,-9.35,0.333,23,38,36,30.1,,,,,,,,,,,,,,,,,,,,,,,35,25,25,,25,剛爆發,False
LOW,Consumer Discretionary,Lowe's,2026-08-17,216.09,4.07,1.11,-22.08,-9.74,0.667,19,28,39,25.7,,,,,,,,,,,,,,,,,,,,,,,36,25,25,,25,剛爆發,False
CCL,Consumer Discretionary,Carnival Corporation,2026-08-17,25.73,-1.77,-0.44,-18.65,-9.88,0.0,38,29,37,35.1,,,,,,,,,,,,,,,,,,,,,,,37,25,25,,25,剛爆發,False
TJX,Consumer Discretionary,TJX Companies,2026-08-17,140.53,-8.59,-10.93,-10.61,-10.19,0.0,44,43,29,40.7,,,,,,,,,,,,,,,,,,,,,,,38,25,25,,25,剛爆發,False
TSCO,Consumer Discretionary,Tractor Supply,2026-08-17,34.98,12.77,11.52,-33.12,-10.49,0.667,10,13,44,17.7,-15.89,-9.36,False,True,31.75,10.01,1.307,False,61.84,-43.32,-3.1,15.6,13.0,7.0,12875076.0,9847928.0,1.857,7545500.0,12777660.0,12235800.0,0.617,100.0,39,1,21,20.2,22,剛爆發,False
LEN,Consumer Discretionary,Lennar,2026-08-17,87.02,2.81,-1.49,-24.43,-11.89,0.333,21,32,42,28.5,,,,,,,,,,,,,,,,,,,,,,,40,25,25,,25,剛爆發,False
TPR,Consumer Discretionary,"Tapestry, Inc.",2026-08-17,130.17,-8.72,-5.74,-16.68,-11.95,0.0,45,40,34,41.3,,,,,,,,,,,,,,,,,,,,,,,41,25,25,,25,剛爆發,False
AZO,Consumer Discretionary,AutoZone,2026-08-17,2957.95,0.02,-13.17,-21.09,-13.83,0.333,34,44,38,37.8,,,,,,,,,,,,,,,,,,,,,,,42,25,25,,25,剛爆發,False
NCLH,Consumer Discretionary,Norwegian Cruise Line Holdings,2026-08-17,17.24,-11.0,5.77,-29.08,-15.85,0.333,46,19,43,37.3,,,,,,,,,,,,,,,,,,,,,,,43,25,25,,25,剛爆發,False
DECK,Consumer Discretionary,Deckers Brands,2026-08-17,91.68,-4.54,-14.05,-22.76,-16.03,0.0,41,45,40,42.0,,,,,,,,,,,,,,,,,,,,,,,44,25,25,,25,剛爆發,False
LULU,Consumer Discretionary,Lululemon Athletica,2026-08-17,121.07,5.94,-4.8,-35.36,-17.4,0.333,16,39,45,28.7,,,,,,,,,,,,,,,,,,,,,,,45,25,25,,25,剛爆發,False
NKE,Consumer Discretionary,"Nike, Inc.",2026-08-17,40.76,-2.25,-7.94,-36.7,-20.9,0.0,39,41,46,41.0,,,,,,,,,,,,,,,,,,,,,,,46,25,25,,25,剛爆發,False
APTV,Consumer Discretionary,Aptiv,2026-08-17,48.28,-14.62,-15.83,-39.32,-27.28,0.0,47,47,47,47.0,,,,,,,,,,,,,,,,,,,,,,,47,25,25,,25,剛爆發,False
TGT,Consumer Staples,Target Corporation,2026-08-17,165.44,21.88,32.73,44.22,35.76,1.0,2,2,1,1.8,75.83,17.31,False,True,139.28,11.46,1.137,False,161.98,-2.3,1.76,18.58,12.0,8.0,4498716.0,3956287.0,1.5,6059900.0,5158100.0,4644173.0,1.305,100.0,1,1,3,1.4,1,,True
SJM,Consumer Staples,J.M. Smucker Company (The),2026-08-17,124.32,6.06,21.41,14.95,14.34,1.0,12,3,5,7.9,5.01,5.18,True,True,115.09,8.34,0.998,False,126.46,-2.7,2.96,7.34,13.0,7.0,1170069.0,1172800.0,1.857,842000.0,986160.0,1052320.0,0.8,100.0,2,1,21,5.4,5,,True
KO,Consumer Staples,Coca-Cola Company (The),2026-08-17,91.1,10.76,12.53,15.63,13.64,1.0,6,10,4,6.8,4.05,5.88,False,True,84.13,7.07,0.963,False,91.87,-1.49,3.52,11.49,13.0,7.0,15744361.0,16344285.0,1.857,14928000.0,12841220.0,14190533.0,1.052,100.0,3,1,10,3.6,3,,True
CASY,Consumer Staples,Casey's,2026-08-17,835.74,-2.93,1.38,25.44,12.33,0.667,28,21,2,20.7,32.11,16.87,False,False,841.87,7.66,1.04,False,927.15,-10.65,-2.98,-5.28,10.0,10.0,295860.0,284450.0,1.0,306600.0,280610.0,285713.0,1.073,78.84,4,23,9,12.6,12,吃老本,True
DLTR,Consumer Staples,Dollar Tree,2026-08-17,131.48,9.16,38.43,-2.25,10.77,0.667,7,1,14,6.6,12.89,1.13,True,True,123.37,6.52,1.134,False,142.4,-9.8,-0.83,9.18,13.0,7.0,2049300.0,1807542.0,1.857,2813200.0,1937950.0,1907460.0,1.475,100.0,5,1,2,2.8,2,,True
KDP,Consumer Staples,Keurig Dr Pepper,2026-08-17,32.04,7.95,10.81,10.2,9.79,1.0,9,13,7,9.8,6.18,4.25,False,True,31.07,11.33,0.996,False,34.43,-8.05,1.74,6.71,12.0,8.0,12982975.0,13041400.0,1.5,10829100.0,12369330.0,12749333.0,0.849,94.64,6,11,16,10.0,9,,True
ADM,Consumer Staples,Archer Daniels Midland,2026-08-17,80.3,-5.95,4.24,19.83,9.49,0.667,31,18,3,21.5,28.02,7.8,False,True,79.58,10.68,0.827,False,87.9,-7.06,2.58,-4.78,8.0,12.0,3620725.0,4379666.0,0.667,3388500.0,3558040.0,4166513.0,0.813,72.63,7,25,20,16.8,18,吃老本,True
MDLZ,Consumer Staples,Mondelez International,2026-08-17,64.45,6.49,5.23,11.48,8.67,1.0,11,17,6,11.8,7.4,10.22,False,True,61.19,6.24,1.157,False,66.65,-3.77,0.96,6.81,13.0,7.0,9068876.0,7836271.0,1.857,5996900.0,6179050.0,7104573.0,0.844,100.0,8,1,17,7.0,6,剛爆發,True
KHC,Consumer Staples,Kraft Heinz,2026-08-17,25.58,-0.35,9.47,8.53,6.54,0.667,24,16,8,18.4,5.6,15.38,False,True,24.97,7.21,0.878,False,28.09,-8.97,0.75,0.83,11.0,9.0,14138818.0,16096733.0,1.222,11954300.0,12635640.0,14501360.0,0.824,84.5,9,20,19,15.4,15,吃老本,True
EL,Consumer Staples,Estée Lauder Companies (The),2026-08-17,101.94,26.96,15.87,-10.13,5.64,0.667,1,7,24,7.4,22.12,40.2,False,True,84.64,18.0,1.401,False,120.79,-20.4,10.11,20.31,9.0,11.0,3654477.0,2607881.0,0.818,5120100.0,4068070.0,3403973.0,1.504,100.0,10,1,1,4.6,4,剛爆發,True
KVUE,Consumer Staples,Kenvue,2026-08-17,19.06,-0.04,9.94,4.19,4.57,0.667,23,14,10,17.7,-2.82,23.03,False,True,18.82,3.48,0.897,False,20.78,-8.9,-1.41,1.28,12.0,7.0,21870933.0,24394800.0,1.714,17706400.0,19847410.0,22541193.0,0.786,91.61,11,14,22,14.4,14,,False
KMB,Consumer Staples,Kimberly-Clark,2026-08-17,109.31,-0.36,11.77,2.9,4.3,0.667,25,11,11,18.0,5.68,2.24,False,True,108.47,3.72,0.989,False,128.11,-15.16,-1.82,1.29,11.0,9.0,3457363.0,3494133.0,1.222,2431400.0,2523010.0,3622733.0,0.671,85.69,12,17,25,16.6,17,,True
GIS,Consumer Staples,General Mills,2026-08-17,39.97,10.94,20.69,-7.33,4.24,0.667,4,4,22,7.6,19.21,-12.14,False,True,36.21,11.04,0.955,False,48.32,-18.03,1.8,11.42,15.0,5.0,8370960.0,8762560.0,3.0,8278600.0,7957440.0,8209640.0,1.008,100.0,13,1,11,7.8,7,剛爆發,True
BF-B,Consumer Staples,Brown–Forman,2026-08-17,28.44,9.05,9.5,-3.46,2.91,0.667,8,15,16,11.7,-62.65,24.68,True,True,27.1,5.63,1.347,False,31.11,-8.68,1.36,10.54,9.0,11.0,2546444.0,1890681.0,0.818,2068000.0,1786890.0,1892906.0,1.092,92.71,14,12,8,12.0,10,,False
PM,Consumer Staples,Philip Morris International,2026-08-17,188.23,-2.47,0.42,4.41,1.69,0.667,27,24,9,22.5,7.31,7.07,False,True,185.63,5.44,1.033,False,207.76,-7.82,1.38,0.21,11.0,9.0,5013018.0,4851633.0,1.222,5370600.0,4589260.0,4792526.0,1.121,87.09,15,16,6,13.6,13,,True
HRL,Consumer Staples,Hormel Foods,2026-08-17,23.88,-5.65,13.78,-1.92,1.07,0.333,30,8,13,20.0,12.87,6.12,True,False,24.8,6.02,0.929,False,27.89,-13.65,-1.47,-3.76,10.0,10.0,3425830.0,3689340.0,1.0,3444600.0,3428760.0,3452866.0,0.998,78.41,16,24,12,18.4,21,吃老本,True
CLX,Consumer Staples,Clorox,2026-08-17,106.69,12.96,13.49,-11.57,0.83,0.667,3,9,26,9.4,0.86,6.16,False,True,97.87,5.66,1.37,False,125.83,-15.72,-0.47,14.37,11.0,9.0,3072118.0,2242588.0,1.222,2017800.0,2519240.0,2861946.0,0.705,100.0,17,1,24,12.0,10,剛爆發,True
SYY,Consumer Staples,Sysco,2026-08-17,84.1,1.19,10.97,-5.36,0.36,0.667,21,12,19,17.9,1.24,-0.39,False,True,82.3,4.42,0.705,False,90.56,-8.28,-0.59,1.63,12.0,8.0,3105891.0,4408050.0,1.5,3022100.0,2795160.0,3882940.0,0.778,85.57,18,18,23,19.0,22,,True
CHD,Consumer Staples,Church & Dwight,2026-08-17,98.8,1.5,2.96,-3.55,-0.66,0.667,19,19,18,18.8,,,,,,,,,,,,,,,,,,,,,,,19,26,26,,26,吃老本,False
CL,Consumer Staples,Colgate-Palmolive,2026-08-17,91.08,0.36,1.09,-3.07,-1.17,0.667,22,22,15,20.6,4.53,2.7,False,False,91.48,4.8,1.023,False,98.15,-8.61,-3.48,-0.42,10.0,10.0,4606140.0,4500810.0,1.0,5082500.0,3818440.0,4564686.0,1.113,81.27,20,21,7,17.8,20,,True
MKC,Consumer Staples,McCormick & Company,2026-08-17,55.41,10.91,16.97,-17.65,-1.85,0.667,5,6,33,10.9,14.8,10.66,False,True,51.26,9.15,0.971,False,71.13,-22.36,1.41,10.02,13.0,7.0,2849684.0,2935842.0,1.857,2885900.0,2283880.0,2516333.0,1.147,100.0,21,1,4,9.6,8,剛爆發,True
DG,Consumer Staples,Dollar General,2026-08-17,123.41,5.27,17.41,-17.27,-2.96,0.667,13,5,32,14.4,6.22,17.85,True,True,119.8,8.6,1.01,False,156.68,-23.04,-1.23,4.71,10.0,10.0,1950940.0,1930880.0,1.0,2154800.0,2036770.0,1903353.0,1.132,85.01,22,19,5,17.4,19,,True
COST,Consumer Staples,Costco,2026-08-17,947.74,1.36,-7.68,-3.52,-3.34,0.333,20,28,17,21.8,,,,,,,,,,,,,,,,,,,,,,,23,26,26,,26,,False
MO,Consumer Staples,Altria,2026-08-17,66.09,-9.45,-9.23,0.94,-4.2,0.333,33,30,12,27.9,-1.17,5.92,False,False,70.3,7.04,0.841,False,77.06,-13.13,2.86,-7.13,11.0,9.0,9523427.0,11325066.0,1.222,10277300.0,10225580.0,10333686.0,0.995,79.91,24,22,13,21.0,24,,False
TAP,Consumer Staples,Molson Coors Beverage Company,2026-08-17,42.94,4.86,2.12,-11.95,-4.23,0.667,16,20,28,19.6,,,,,,,,,,,,,,,,,,,,,,,25,26,26,,26,,False
PG,Consumer Staples,Procter & Gamble,2026-08-17,144.68,-1.85,0.91,-8.66,-4.56,0.333,26,23,23,24.5,,,,,,,,,,,,,,,,,,,,,,,26,26,26,,26,,False
PEP,Consumer Staples,PepsiCo,2026-08-17,143.48,5.01,-3.71,-11.31,-5.33,0.333,15,26,25,20.3,-0.37,3.75,False,True,140.07,4.93,0.901,False,168.19,-15.53,1.04,5.28,12.0,8.0,6684525.0,7416950.0,1.5,5350000.0,5741320.0,6470066.0,0.827,91.86,27,13,18,19.6,23,剛爆發,False
TSN,Consumer Staples,Tyson Foods,2026-08-17,58.48,1.79,-9.34,-6.91,-5.34,0.333,18,31,21,22.5,,,,,,,,,,,,,,,,,,,,,,,28,26,26,,26,,False
BG,Consumer Staples,Bunge Global,2026-08-17,113.11,-6.34,-5.71,-6.1,-6.06,0.0,32,27,20,28.1,,,,,,,,,,,,,,,,,,,,,,,29,26,26,,26,,False
HSY,Consumer Staples,Hershey Company (The),2026-08-17,186.46,7.82,-3.52,-14.61,-6.23,0.333,10,25,30,18.5,33.09,14.7,False,True,177.1,6.89,1.087,False,235.8,-20.14,1.97,10.25,13.0,7.0,1536838.0,1413371.0,1.857,1110700.0,1146510.0,1299240.0,0.855,100.0,30,1,15,15.4,15,剛爆發,True
STZ,Consumer Staples,Constellation Brands,2026-08-17,135.66,5.05,-8.54,-12.0,-6.87,0.333,14,29,29,21.5,7.13,10.79,False,False,134.91,7.32,0.956,False,166.17,-19.28,-1.62,4.58,12.0,8.0,1755016.0,1835775.0,1.5,1499300.0,1635720.0,1654066.0,0.906,91.33,31,15,14,21.2,25,剛爆發,True
KR,Consumer Staples,Kroger,2026-08-17,57.9,2.51,-13.31,-11.69,-8.54,0.333,17,32,27,23.5,,,,,,,,,,,,,,,,,,,,,,,32,26,26,,26,剛爆發,False
WMT,Consumer Staples,Walmart,2026-08-17,103.7,-5.27,-13.78,-15.35,-12.44,0.0,29,33,31,30.6,,,,,,,,,,,,,,,,,,,,,,,33,26,26,,26,剛爆發,False
MNST,Consumer Staples,Monster Beverage,2026-08-17,47.79,-48.88,-44.94,-42.94,-44.93,0.0,34,34,34,34.0,,,,,,,,,,,,,,,,,,,,,,,34,26,26,,26,剛爆發,False
MPC,Energy,Marathon Petroleum,2026-08-17,360.72,16.97,42.04,84.53,57.02,1.0,3,1,1,2.0,27.08,120.63,False,True,294.8,22.61,1.069,False,367.6,-2.55,0.8,15.03,12.0,8.0,2470641.0,2311550.0,1.5,2895700.0,2731210.0,2557906.0,1.132,100.0,1,1,6,2.0,1,,True
VLO,Energy,Valero Energy,2026-08-17,348.86,15.77,41.81,75.27,52.03,1.0,4,2,2,3.0,23.84,33.47,False,True,290.54,18.35,0.94,False,352.7,-3.17,-0.41,12.31,12.0,8.0,2517425.0,2679037.0,1.5,2263800.0,2462990.0,2657473.0,0.852,96.16,2,7,16,6.8,6,,True
PSX,Energy,Phillips 66,2026-08-17,242.87,18.08,37.41,59.2,43.47,1.0,2,3,3,2.5,25.45,225.68,False,True,197.03,20.71,0.972,False,246.95,-2.81,3.72,16.57,12.0,8.0,2682975.0,2761187.0,1.5,3109800.0,2956290.0,2956000.0,1.052,100.0,3,1,8,3.2,2,,True
APA,Energy,APA Corporation,2026-08-17,43.39,20.03,12.62,51.37,33.85,1.0,1,5,4,2.8,1.01,20.9,False,True,35.9,22.75,1.119,False,45.05,-1.47,10.97,21.88,12.0,8.0,6182766.0,5526537.0,1.5,6279400.0,5967250.0,6150126.0,1.021,100.0,4,1,10,4.0,4,,True
TRGP,Energy,Targa Resources,2026-08-17,299.1,6.81,8.58,30.54,19.12,1.0,9,7,5,7.6,14.25,7.4,False,True,271.09,18.61,1.037,False,306.73,-1.46,13.25,6.33,10.0,10.0,1323900.0,1276630.0,1.0,2292700.0,1302210.0,1316540.0,1.741,92.25,5,10,2,6.4,5,,True
COP,Energy,ConocoPhillips,2026-08-17,134.87,12.9,12.71,23.75,18.28,1.0,5,4,7,5.1,10.26,11.52,False,True,114.7,17.21,0.916,False,135.87,-0.72,9.05,12.97,14.0,6.0,6685035.0,7297366.0,2.333,9358400.0,6950060.0,7035100.0,1.33,100.0,6,1,3,3.4,3,,True
EOG,Energy,EOG Resources,2026-08-17,153.05,4.55,9.18,26.25,16.56,1.0,14,6,6,10.0,2.1,6.22,False,True,138.24,14.0,0.865,False,153.67,-0.96,7.62,4.61,11.0,9.0,2631618.0,3042177.0,1.222,2428900.0,2577360.0,2956400.0,0.822,89.28,7,13,17,11.4,13,吃老本,True
FANG,Energy,Diamondback Energy,2026-08-17,210.72,3.52,5.57,21.77,13.15,1.0,15,10,8,12.1,8.32,12.78,False,True,191.15,16.37,0.759,False,216.9,-2.71,5.77,3.26,10.0,10.0,1597330.0,2105170.0,1.0,2234400.0,1505040.0,1794973.0,1.245,82.54,8,17,4,10.8,11,吃老本,True
OXY,Energy,Occidental Petroleum,2026-08-17,61.3,6.98,4.72,19.36,12.6,1.0,8,11,9,9.1,29.8,80.35,False,True,54.7,11.92,1.085,False,67.14,-8.37,6.62,6.81,10.0,10.0,8788490.0,8100460.0,1.0,8957700.0,7915470.0,8568513.0,1.045,90.72,9,12,9,10.2,9,,True
CVX,Energy,Chevron Corporation,2026-08-17,205.27,6.3,8.17,13.61,10.42,1.0,10,8,10,9.4,8.84,45.56,False,True,183.83,12.49,1.001,False,210.92,-2.44,4.99,6.76,13.0,7.0,8082553.0,8071657.0,1.857,8200600.0,8095140.0,8356813.0,0.981,100.0,10,1,12,6.8,6,剛爆發,True
XOM,Energy,ExxonMobil,2026-08-17,165.11,5.89,7.27,13.6,10.09,1.0,12,9,11,10.9,13.26,15.14,False,True,147.8,11.28,0.983,False,174.09,-4.56,5.43,6.59,10.0,10.0,14047130.0,14294450.0,1.0,13803000.0,14521760.0,14261273.0,0.968,88.32,11,15,13,13.0,14,,True
DVN,Energy,Devon Energy,2026-08-17,49.1,9.01,4.72,11.98,9.42,1.0,7,11,12,9.2,11.26,-4.91,False,True,43.8,15.81,1.058,False,52.34,-5.8,11.06,8.85,10.0,10.0,11402150.0,10777240.0,1.0,10357900.0,11645370.0,11275006.0,0.919,93.25,12,9,14,11.2,12,,True
OKE,Energy,Oneok,2026-08-17,93.33,1.38,0.44,9.44,5.17,1.0,18,13,13,15.5,5.64,0.14,False,True,89.42,12.56,0.959,False,97.9,-3.37,2.12,2.68,10.0,10.0,3831440.0,3993670.0,1.0,2741000.0,3367090.0,3979260.0,0.689,84.24,13,16,18,15.2,17,,True
SLB,Energy,Schlumberger,2026-08-17,53.87,2.77,-5.46,6.49,2.57,0.667,16,17,14,15.9,6.3,1.13,False,True,49.69,8.11,1.061,False,58.51,-8.48,2.86,13.41,9.0,10.0,11761722.0,11087590.0,0.9,8441300.0,8068650.0,9229006.0,0.915,91.25,14,11,15,13.0,14,,True
BKR,Energy,Baker Hughes,2026-08-17,62.34,9.29,-5.28,0.91,1.46,0.667,6,16,16,11.0,31.47,17.94,False,True,59.22,6.1,1.084,False,69.92,-10.21,-1.04,12.34,13.0,7.0,8271930.0,7633357.0,1.857,6291700.0,6350650.0,6275526.0,1.003,100.0,15,1,11,8.6,8,剛爆發,True
HAL,Energy,Halliburton,2026-08-17,35.34,5.94,-14.42,1.57,-1.33,0.667,11,21,15,14.8,2.28,10.42,False,True,34.27,12.68,1.02,False,43.41,-17.78,8.68,9.11,11.0,9.0,10477945.0,10268555.0,1.222,12173500.0,8951040.0,9893433.0,1.23,95.13,16,8,5,10.6,10,剛爆發,True
EXE,Energy,Expand Energy,2026-08-17,96.09,5.62,-1.3,-9.51,-3.67,0.333,13,14,19,14.5,19.09,5.37,False,True,90.27,7.59,0.935,False,124.43,-22.79,1.47,5.36,11.0,9.0,2927490.0,3131488.0,1.222,2786800.0,2374520.0,2527020.0,1.103,88.5,17,14,7,13.8,16,,True
WMB,Energy,Williams Companies,2026-08-17,70.49,-4.74,-9.51,-2.0,-4.56,0.0,19,20,17,18.9,,,,,,,,,,,,,,,,,,,,,,,18,19,19,,19,,False
KMI,Energy,Kinder Morgan,2026-08-17,30.98,-4.84,-7.46,-3.58,-4.86,0.0,20,19,18,19.3,,,,,,,,,,,,,,,,,,,,,,,19,19,19,,19,,False
EQT,Energy,EQT Corporation,2026-08-17,53.72,1.62,-6.96,-10.68,-6.67,0.333,17,18,20,17.9,,,,,,,,,,,,,,,,,,,,,,,20,19,19,,19,,False
TPL,Energy,Texas Pacific Land Corporation,2026-08-17,383.64,-8.54,-4.43,-23.05,-14.76,0.0,21,15,21,19.2,2.14,2.47,False,False,387.48,17.26,0.772,False,545.74,-32.28,6.49,-13.16,10.0,10.0,360510.0,466680.0,1.0,1095700.0,467280.0,464393.0,2.359,73.22,21,18,1,15.8,18,,True
FDS,Financials,FactSet,2026-08-17,299.91,17.91,29.9,55.31,39.61,1.0,2,4,1,2.4,1.76,1.89,False,True,256.01,10.47,1.096,False,380.04,-21.04,4.48,23.0,12.0,8.0,905583.0,826175.0,1.5,958200.0,722590.0,720220.0,1.33,100.0,1,1,4,1.6,1,,True
PYPL,Financials,PayPal,2026-08-17,61.55,9.62,39.62,48.72,36.67,1.0,13,2,3,7.7,8.03,5.59,False,True,51.61,8.03,1.206,False,78.53,-20.67,2.82,11.25,11.0,8.0,12430690.0,10305900.0,1.375,12019600.0,9694530.0,9708113.0,1.238,99.61,2,8,7,5.4,2,吃老本,True
HOOD,Financials,Robinhood Markets,2026-08-17,108.13,13.93,46.84,42.07,36.23,1.0,6,1,5,4.3,43.71,8.63,False,False,99.87,10.7,0.87,False,153.86,-38.19,-4.3,-6.38,9.0,11.0,16955822.0,19489390.0,0.818,25193700.0,15854720.0,16770586.0,1.502,71.95,3,30,2,13.6,8,吃老本,True
XYZ,Financials,"Block, Inc.",2026-08-17,82.16,6.49,20.68,54.38,33.98,1.0,25,12,2,16.5,16.71,25.55,False,True,78.15,8.09,0.779,False,86.75,-7.69,-3.62,4.69,9.0,11.0,4135255.0,5305118.0,0.818,2869700.0,4059590.0,4963073.0,0.578,77.28,4,29,30,19.2,18,吃老本,True
STT,Financials,State Street Corporation,2026-08-17,187.13,0.93,22.16,47.97,29.76,1.0,43,11,4,25.6,9.21,7.46,False,True,179.22,7.01,1.002,False,195.18,-6.2,-3.57,-0.62,10.0,10.0,1545510.0,1542220.0,1.0,1381000.0,1295710.0,1426633.0,0.968,80.74,5,24,17,15.0,10,吃老本,True
BNY,Financials,BNY Mellon,2026-08-17,158.49,0.13,14.35,35.17,21.2,1.0,46,29,6,32.9,10.7,16.54,False,True,153.01,5.39,0.946,False,165.69,-5.1,-3.09,-1.4,10.0,10.0,2418770.0,2556490.0,1.0,2205200.0,2181080.0,2380006.0,0.927,79.48,6,26,20,16.8,16,吃老本,True
AJG,Financials,Arthur J. Gallagher & Co.,2026-08-17,263.81,6.47,29.27,22.63,20.25,1.0,26,5,14,17.3,0.94,0.98,False,True,243.09,6.66,1.045,False,310.73,-16.45,2.41,7.18,13.0,7.0,1363469.0,1304914.0,1.857,1340700.0,1247480.0,1297093.0,1.034,100.0,7,1,15,6.2,3,剛爆發,True
WTW,Financials,Willis Towers Watson,2026-08-17,341.99,15.89,33.35,14.1,19.36,1.0,4,3,32,9.3,7.78,1.8,False,True,297.7,5.9,0.89,False,349.38,-2.36,2.14,18.3,10.0,10.0,561740.0,631160.0,1.0,458800.0,529960.0,561886.0,0.817,92.41,8,19,22,15.2,11,吃老本,True
SCHW,Financials,Charles Schwab Corporation,2026-08-17,112.3,10.45,24.93,20.21,18.95,1.0,11,8,18,11.5,4.55,2.48,False,True,100.69,5.77,1.089,False,112.2,-2.15,0.05,8.37,12.0,8.0,7025841.0,6451500.0,1.5,6641000.0,6112600.0,6734286.0,0.986,96.6,9,14,16,12.4,7,,True
BX,Financials,Blackstone Inc.,2026-08-17,143.38,11.42,22.22,20.54,18.68,1.0,9,10,17,10.9,13.71,1.69,False,True,127.37,10.9,1.205,False,182.68,-22.62,-5.34,14.69,11.0,9.0,5279127.0,4379211.0,1.222,3139000.0,4233960.0,4413206.0,0.711,96.11,10,16,28,16.0,13,吃老本,True
IVZ,Financials,Invesco,2026-08-17,32.02,7.7,19.17,22.73,18.08,1.0,20,15,13,17.1,7.18,-1.21,False,True,29.23,5.98,1.0,False,32.8,-4.39,-2.44,5.94,12.0,8.0,5007400.0,5006125.0,1.5,4467500.0,4268480.0,4674020.0,0.956,92.59,11,18,18,15.2,11,吃老本,True
GPN,Financials,Global Payments,2026-08-17,93.49,15.53,28.1,14.17,17.99,1.0,5,6,31,10.5,0.63,5.43,False,True,78.87,12.65,1.078,False,95.58,-3.45,-2.69,18.52,12.0,8.0,3237950.0,3003887.0,1.5,1899600.0,2772620.0,3142246.0,0.605,100.0,12,1,29,11.0,4,剛爆發,True
BEN,Financials,Franklin Resources,2026-08-17,34.31,5.6,11.72,27.07,17.87,1.0,28,38,8,27.0,8.28,28.64,False,True,33.3,3.82,1.341,False,36.28,-6.37,0.32,5.2,10.0,9.0,5013020.0,3739300.0,1.111,3400200.0,2921700.0,4212726.0,0.807,93.38,13,17,23,16.6,14,,True
IBKR,Financials,Interactive Brokers,2026-08-17,93.87,2.32,15.51,26.43,17.67,1.0,38,26,10,28.8,7.98,0.1,False,False,91.63,10.16,1.083,False,97.84,-8.17,-1.72,-2.08,9.0,11.0,4751844.0,4387909.0,0.818,3476300.0,3889410.0,4353793.0,0.798,79.29,14,27,24,21.2,23,吃老本,True
CPAY,Financials,Corpay,2026-08-17,417.13,12.56,19.9,18.27,17.25,1.0,7,13,24,12.2,6.3,6.03,False,True,370.46,8.64,1.019,False,425.95,-3.28,-3.11,12.94,13.0,7.0,580592.0,569714.0,1.857,410800.0,475250.0,551926.0,0.744,100.0,15,1,25,11.4,5,剛爆發,True
NTRS,Financials,Northern Trust,2026-08-17,183.9,1.87,10.12,28.34,17.17,1.0,39,43,7,33.8,-8.35,16.14,False,True,181.09,7.25,1.021,False,195.78,-6.78,-4.18,2.56,11.0,9.0,1057027.0,1035311.0,1.222,1100100.0,1061400.0,1057780.0,1.04,86.06,16,22,14,18.0,17,吃老本,False
AIZ,Financials,Assurant,2026-08-17,284.04,2.56,11.85,27.06,17.13,1.0,36,35,9,30.3,23.73,11.71,False,True,275.34,8.45,1.165,False,303.94,-7.22,0.38,2.99,7.0,13.0,448457.0,384946.0,0.538,442500.0,364870.0,415660.0,1.065,80.41,17,25,13,19.4,19,吃老本,True
AMP,Financials,Ameriprise Financial,2026-08-17,555.59,5.37,23.22,18.59,16.44,1.0,30,9,23,22.3,2.37,10.25,False,True,513.45,4.62,1.118,False,572.56,-4.45,-4.13,5.52,13.0,7.0,454684.0,406842.0,1.857,382900.0,373090.0,403506.0,0.949,99.07,18,9,19,14.6,9,剛爆發,True
ALL,Financials,Allstate,2026-08-17,253.83,-2.36,17.81,24.27,16.0,0.667,60,20,11,38.2,48.03,47.01,False,True,249.15,7.49,0.826,False,277.22,-8.18,-2.28,0.01,10.0,10.0,1562550.0,1891850.0,1.0,1944100.0,1881250.0,1780233.0,1.092,78.55,19,28,11,21.0,22,吃老本,True
ARES,Financials,Ares Management,2026-08-17,141.25,11.65,14.68,17.42,15.29,1.0,8,28,27,17.8,1.44,-6.57,False,True,127.81,10.89,1.449,False,181.32,-22.66,-6.17,15.62,10.0,10.0,2940610.0,2029040.0,1.0,2169500.0,2137750.0,2426466.0,0.894,97.27,20,11,21,16.6,14,剛爆發,True
NDAQ,Financials,"Nasdaq, Inc.",2026-08-17,98.22,6.66,8.31,20.78,14.13,1.0,24,50,16,30.2,,,,,,,,,,,,,,,,,,,,,,,21,31,31,,31,吃老本,False
PRU,Financials,Prudential Financial,2026-08-17,121.15,0.99,17.94,18.72,14.09,1.0,42,19,22,31.1,,,,,,,,,,,,,,,,,,,,,,,22,31,31,,31,吃老本,False
MET,Financials,MetLife,2026-08-17,94.34,0.1,12.92,20.93,13.72,1.0,47,33,15,36.4,6.16,6.65,False,True,91.83,6.34,1.155,False,100.93,-7.4,-4.11,1.62,11.0,9.0,4119527.0,3566644.0,1.222,3817300.0,2776700.0,3482560.0,1.096,87.87,23,21,10,19.6,20,,True
MS,Financials,Morgan Stanley,2026-08-17,214.2,0.42,7.14,23.45,13.61,1.0,44,54,12,40.6,17.94,13.61,False,False,215.84,6.8,1.153,False,230.98,-10.19,-5.01,-3.06,10.0,10.0,5075060.0,4401430.0,1.0,4875200.0,3956880.0,4409286.0,1.106,81.34,24,23,9,20.6,21,,True
BAC,Financials,Bank of America,2026-08-17,61.69,-0.58,19.71,17.53,13.55,0.667,51,14,26,34.9,7.74,8.78,False,True,60.38,5.36,0.916,False,65.23,-5.17,-3.48,0.95,14.0,6.0,26875921.0,29353283.0,2.333,34979400.0,26064070.0,26329766.0,1.329,100.0,25,1,5,11.4,5,剛爆發,True
TRV,Financials,Travelers Companies (The),2026-08-17,363.58,-6.11,19.13,20.17,13.34,0.667,72,16,19,44.6,,,,,,,,,,,,,,,,,,,,,,,26,31,31,,31,,False
V,Financials,Visa Inc.,2026-08-17,371.04,4.49,13.03,16.06,12.41,1.0,31,32,28,30.7,,,,,,,,,,,,,,,,,,,,,,,27,31,31,,31,,False
GL,Financials,Globe Life,2026-08-17,171.08,-1.38,9.67,18.98,11.56,0.667,52,45,21,43.7,,,,,,,,,,,,,,,,,,,,,,,28,31,31,,31,,False
MA,Financials,Mastercard,2026-08-17,580.63,7.59,16.66,10.67,11.4,1.0,22,22,37,25.0,,,,,,,,,,,,,,,,,,,,,,,29,31,31,,31,,False
MCO,Financials,Moody's Corporation,2026-08-17,503.32,6.97,12.3,13.14,11.39,1.0,23,34,34,28.5,,,,,,,,,,,,,,,,,,,,,,,30,31,31,,31,,False
BRO,Financials,Brown & Brown,2026-08-17,72.92,8.02,26.41,5.34,11.28,1.0,18,7,52,21.5,-0.39,2.3,False,True,67.1,5.68,1.051,False,96.79,-25.53,0.66,9.9,12.0,8.0,2423750.0,2306750.0,1.5,1459600.0,1802920.0,1964233.0,0.743,97.09,31,12,26,22.4,26,剛爆發,False
TROW,Financials,T. Rowe Price,2026-08-17,111.51,-4.28,9.15,20.08,11.25,0.667,69,48,20,52.9,,,,,,,,,,,,,,,,,,,,,,,32,31,31,,31,,False
PFG,Financials,Principal Financial Group,2026-08-17,110.75,1.23,7.49,17.62,10.99,1.0,40,53,25,40.9,,,,,,,,,,,,,,,,,,,,,,,33,31,31,,31,,False
JPM,Financials,JPMorgan Chase,2026-08-17,351.58,-0.46,15.27,14.22,10.81,0.667,50,27,30,39.1,,,,,,,,,,,,,,,,,,,,,,,34,31,31,,31,,False
RJF,Financials,Raymond James Financial,2026-08-17,175.2,3.48,16.09,11.51,10.65,1.0,32,24,36,30.4,,,,,,,,,,,,,,,,,,,,,,,35,31,31,,31,,False
MRSH,Financials,Marsh McLennan,2026-08-17,192.01,6.24,17.66,8.24,10.09,1.0,27,21,44,28.6,,,,,,,,,,,,,,,,,,,,,,,36,31,31,,31,,False
KKR,Financials,KKR & Co.,2026-08-17,108.48,9.39,15.57,7.63,10.05,1.0,16,25,46,24.7,,,,,,,,,,,,,,,,,,,,,,,37,31,31,,31,剛爆發,False
JKHY,Financials,Jack Henry & Associates,2026-08-17,166.2,10.37,19.09,5.25,9.99,1.0,12,17,53,21.7,6.4,10.37,False,True,145.91,12.96,1.081,False,191.83,-13.94,5.92,11.37,11.0,9.0,970027.0,896944.0,1.222,1038600.0,1004670.0,974373.0,1.066,96.45,38,15,12,23.6,29,剛爆發,True
SYF,Financials,Synchrony Financial,2026-08-17,79.47,9.48,11.11,9.22,9.76,1.0,15,40,41,27.7,21.85,5.09,False,True,75.59,7.9,1.008,False,87.67,-12.51,-4.21,7.34,11.0,9.0,3168172.0,3144222.0,1.222,4187600.0,2763190.0,2862506.0,1.463,88.69,39,20,3,24.2,30,剛爆發,True
COIN,Financials,Coinbase,2026-08-17,186.49,17.82,0.81,8.84,9.07,1.0,3,67,42,30.0,-476.2,-3458.88,False,True,157.86,19.07,1.117,False,402.16,-57.14,11.99,6.94,11.0,9.0,8974254.0,8032111.0,1.222,17570800.0,8900880.0,9265753.0,1.896,96.85,40,13,1,21.4,24,剛爆發,True
APO,Financials,Apollo Global Management,2026-08-17,132.69,8.68,3.69,11.77,8.98,1.0,17,61,35,33.8,,,,,,,,,,,,,,,,,,,,,,,41,31,31,,31,剛爆發,False
C,Financials,Citigroup,2026-08-17,131.65,0.1,5.78,14.61,8.77,1.0,47,56,29,46.1,,,,,,,,,,,,,,,,,,,,,,,42,31,31,,31,剛爆發,False
COF,Financials,Capital One,2026-08-17,217.91,7.81,16.45,5.37,8.75,1.0,19,23,51,26.6,,,,,,,,,,,,,,,,,,,,,,,43,31,31,,31,剛爆發,False
ERIE,Financials,Erie Indemnity,2026-08-17,264.85,18.47,18.79,-1.88,8.38,0.667,1,18,67,19.3,2.92,-5.26,False,True,238.44,9.15,0.984,False,361.15,-27.37,2.53,22.27,13.0,7.0,264815.0,269171.0,1.857,195700.0,225400.0,263240.0,0.743,100.0,44,1,26,23.2,27,剛爆發,True
BLK,Financials,BlackRock,2026-08-17,1156.55,9.56,8.39,6.94,7.96,1.0,14,49,48,31.3,9.62,9.35,False,True,1064.74,5.27,0.92,False,1200.54,-5.06,-3.64,9.9,13.0,7.0,594576.0,646485.0,1.857,702200.0,504800.0,550700.0,1.275,98.44,45,10,6,23.2,27,剛爆發,True
GS,Financials,Goldman Sachs,2026-08-17,1039.28,-2.07,4.73,13.78,7.56,0.667,57,59,33,52.8,,,,,,,,,,,,,,,,,,,,,,,46,31,31,,31,剛爆發,False
SPGI,Financials,S&P Global,2026-08-17,431.29,1.15,9.42,9.71,7.49,1.0,41,47,39,42.4,,,,,,,,,,,,,,,,,,,,,,,47,31,31,,31,剛爆發,False
PGR,Financials,Progressive Corporation,2026-08-17,219.28,2.55,9.96,7.55,6.9,1.0,37,44,47,41.1,,,,,,,,,,,,,,,,,,,,,,,48,31,31,,31,剛爆發,False
AON,Financials,Aon plc,2026-08-17,355.11,-1.6,9.59,9.78,6.89,0.667,54,46,38,48.4,,,,,,,,,,,,,,,,,,,,,,,49,31,31,,31,剛爆發,False
ICE,Financials,Intercontinental Exchange,2026-08-17,161.25,10.6,5.8,5.43,6.82,1.0,10,55,50,31.5,3.36,3.86,False,True,142.17,7.2,1.026,False,179.36,-11.57,2.17,10.75,14.0,6.0,4220635.0,4112733.0,2.333,4522300.0,3151040.0,3763106.0,1.202,100.0,50,1,8,22.0,25,剛爆發,True
USB,Financials,U.S. Bancorp,2026-08-17,62.05,-3.0,14.14,7.79,6.68,0.667,61,30,45,48.5,,,,,,,,,,,,,,,,,,,,,,,51,31,31,,31,剛爆發,False
CFG,Financials,Citizens Financial Group,2026-08-17,69.86,-2.18,11.8,8.47,6.64,0.667,58,36,43,48.4,,,,,,,,,,,,,,,,,,,,,,,52,31,31,,31,剛爆發,False
PNC,Financials,PNC Financial Services,2026-08-17,243.13,-3.13,11.79,6.0,5.16,0.667,62,37,49,51.9,,,,,,,,,,,,,,,,,,,,,,,53,31,31,,31,剛爆發,False
EG,Financials,Everest Group,2026-08-17,370.06,-3.91,5.55,9.38,5.1,0.667,68,57,40,59.1,,,,,,,,,,,,,,,,,,,,,,,54,31,31,,31,剛爆發,False
MTB,Financials,M&T Bank,2026-08-17,240.34,-3.71,13.53,4.81,4.86,0.667,65,31,54,52.6,,,,,,,,,,,,,,,,,,,,,,,55,31,31,,31,剛爆發,False
RF,Financials,Regions Financial Corporation,2026-08-17,30.41,-1.46,10.31,3.11,3.77,0.667,53,42,60,51.1,,,,,,,,,,,,,,,,,,,,,,,56,31,31,,31,剛爆發,False
FITB,Financials,Fifth Third Bancorp,2026-08-17,54.82,-4.51,11.58,3.89,3.71,0.667,70,39,58,58.3,,,,,,,,,,,,,,,,,,,,,,,57,31,31,,31,剛爆發,False
MSCI,Financials,MSCI,2026-08-17,563.49,2.67,-3.92,4.31,1.84,0.667,35,72,57,50.5,,,,,,,,,,,,,,,,,,,,,,,58,31,31,,31,剛爆發,False
AXP,Financials,American Express,2026-08-17,336.0,3.01,8.06,-2.37,1.59,0.667,34,51,68,45.9,,,,,,,,,,,,,,,,,,,,,,,59,31,31,,31,剛爆發,False
CB,Financials,Chubb Limited,2026-08-17,340.99,-5.21,4.32,3.45,1.5,0.667,71,60,59,65.3,,,,,,,,,,,,,,,,,,,,,,,60,31,31,,31,剛爆發,False
CINF,Financials,Cincinnati Financial,2026-08-17,168.29,-7.94,0.66,4.42,0.39,0.667,75,68,56,69.1,,,,,,,,,,,,,,,,,,,,,,,61,31,31,,31,剛爆發,False
ACGL,Financials,Arch Capital Group,2026-08-17,99.39,-3.84,3.21,0.91,0.3,0.667,67,62,62,64.5,,,,,,,,,,,,,,,,,,,,,,,62,31,31,,31,剛爆發,False
BRK-B,Financials,Berkshire Hathaway,2026-08-17,495.82,0.18,1.94,-0.48,0.29,0.667,45,65,65,55.0,,,,,,,,,,,,,,,,,,,,,,,63,31,31,,31,剛爆發,False
TFC,Financials,Truist Financial,2026-08-17,50.42,-1.62,5.25,-1.65,0.08,0.333,55,58,66,58.1,,,,,,,,,,,,,,,,,,,,,,,64,31,31,,31,剛爆發,False
KEY,Financials,KeyCorp,2026-08-17,21.87,-3.44,2.44,0.47,-0.01,0.667,64,64,63,63.8,,,,,,,,,,,,,,,,,,,,,,,65,31,31,,31,剛爆發,False
WFC,Financials,Wells Fargo,2026-08-17,83.84,-2.3,10.37,-4.39,-0.18,0.333,59,41,73,56.4,,,,,,,,,,,,,,,,,,,,,,,66,31,31,,31,剛爆發,False
CBOE,Financials,Cboe Global Markets,2026-08-17,300.74,5.5,-15.67,4.65,-0.22,0.667,29,76,55,48.3,,,,,,,,,,,,,,,,,,,,,,,67,31,31,,31,剛爆發,False
HBAN,Financials,Huntington Bancshares,2026-08-17,17.03,-1.9,7.94,-3.62,-0.3,0.333,56,52,71,57.8,,,,,,,,,,,,,,,,,,,,,,,68,31,31,,31,剛爆發,False
AFL,Financials,Aflac,2026-08-17,116.07,-7.12,-1.02,2.83,-0.62,0.333,74,71,61,70.5,,,,,,,,,,,,,,,,,,,,,,,69,31,31,,31,剛爆發,False
L,Financials,Loews Corporation,2026-08-17,109.83,-6.79,1.0,0.23,-1.34,0.667,73,66,64,69.1,,,,,,,,,,,,,,,,,,,,,,,70,31,31,,31,剛爆發,False
HIG,Financials,Hartford (The),2026-08-17,136.1,-3.15,0.53,-3.42,-2.36,0.333,63,69,70,66.2,,,,,,,,,,,,,,,,,,,,,,,71,31,31,,31,剛爆發,False
WRB,Financials,W. R. Berkley Corporation,2026-08-17,68.6,-9.09,2.49,-2.5,-2.9,0.333,76,63,69,70.7,,,,,,,,,,,,,,,,,,,,,,,72,31,31,,31,剛爆發,False
AIG,Financials,American International Group,2026-08-17,76.12,-3.72,-0.55,-4.18,-3.16,0.0,66,70,72,68.4,,,,,,,,,,,,,,,,,,,,,,,73,31,31,,31,剛爆發,False
CME,Financials,CME Group,2026-08-17,274.98,7.7,-5.09,-8.14,-3.42,0.333,20,74,74,47.0,,,,,,,,,,,,,,,,,,,,,,,74,31,31,,31,剛爆發,False
FIS,Financials,Fidelity National Information Services,2026-08-17,41.34,-0.41,-4.01,-14.16,-8.19,0.0,49,73,75,61.4,,,,,,,,,,,,,,,,,,,,,,,75,31,31,,31,剛爆發,False
FISV,Financials,Fiserv,2026-08-17,52.58,3.06,-7.96,-14.46,-8.46,0.333,33,75,76,54.2,,,,,,,,,,,,,,,,,,,,,,,76,31,31,,31,剛爆發,False
MRNA,Health Care,Moderna,2026-08-17,145.13,168.41,209.58,191.02,190.01,1.0,1,1,1,1.0,4.33,12.37,False,True,65.62,151.54,1.441,False,176.66,-24.53,109.46,133.81,11.0,9.0,23058381.0,16001077.0,1.222,99499900.0,34608080.0,24921713.0,3.992,100.0,1,1,1,1.0,1,,True
CRL,Health Care,Charles River Laboratories,2026-08-17,295.19,30.28,84.15,74.75,65.98,1.0,3,2,3,2.7,10.31,5.42,False,True,231.96,13.66,1.487,False,299.32,-2.63,3.62,27.11,11.0,9.0,1125645.0,757211.0,1.222,1059300.0,939690.0,983366.0,1.077,100.0,2,1,11,3.4,3,,True
HUM,Health Care,Humana,2026-08-17,378.88,-2.68,23.32,101.08,55.7,0.667,52,23,2,33.3,8.79,1.05,False,False,382.77,7.75,1.107,False,428.88,-11.23,-1.1,-3.49,10.0,10.0,1477200.0,1334640.0,1.0,1316600.0,1001790.0,1152293.0,1.143,81.83,3,24,9,12.6,12,吃老本,True
IQV,Health Care,IQVIA,2026-08-17,259.82,24.88,54.75,56.88,48.35,1.0,6,4,4,5.0,3.94,2.96,False,True,211.41,12.26,1.483,False,260.3,-1.63,6.02,23.5,11.0,9.0,1814936.0,1223666.0,1.222,1787200.0,1142420.0,1245693.0,1.435,100.0,4,1,6,3.2,2,,True
VEEV,Health Care,Veeva Systems,2026-08-17,247.9,33.11,54.77,37.49,40.71,1.0,2,3,7,3.3,4.91,6.45,True,True,195.98,12.46,1.445,False,310.5,-19.31,-0.84,39.51,16.0,4.0,1871706.0,1295375.0,4.0,1305700.0,1743360.0,1810433.0,0.721,100.0,5,1,24,7.2,5,,True
CNC,Health Care,Centene Corporation,2026-08-17,65.02,2.54,9.94,50.37,28.31,1.0,45,43,5,36.4,132.64,57.91,False,False,64.97,6.69,0.903,False,69.36,-7.53,-2.88,0.63,10.0,10.0,4688110.0,5190720.0,1.0,3267700.0,3184870.0,4077306.0,0.801,80.03,6,25,21,16.6,21,吃老本,True
A,Health Care,Agilent Technologies,2026-08-17,159.0,14.74,38.58,29.92,28.29,1.0,15,7,9,11.4,5.8,-0.6,True,True,136.91,12.74,1.142,False,159.94,-2.28,4.7,11.85,10.0,10.0,1783890.0,1562480.0,1.0,2830300.0,1645300.0,1601333.0,1.767,93.97,7,20,2,11.2,10,吃老本,True
WST,Health Care,West Pharmaceutical Services,2026-08-17,353.08,7.65,11.66,46.64,28.15,1.0,35,39,6,30.4,13.86,27.07,False,True,347.21,4.8,1.139,False,385.75,-8.29,2.2,-0.42,13.0,7.0,696900.0,611942.0,1.857,588400.0,471470.0,524446.0,1.122,98.42,8,18,10,12.4,11,吃老本,True
DXCM,Health Care,Dexcom,2026-08-17,92.34,29.07,28.07,26.35,27.46,1.0,4,16,11,9.0,15.11,18.99,False,True,77.28,11.06,1.155,False,91.96,-1.89,-1.38,28.01,15.0,5.0,5933106.0,5137400.0,3.0,5164500.0,5362230.0,6053433.0,0.853,100.0,9,1,16,7.2,5,剛爆發,True
TECH,Health Care,Bio-Techne,2026-08-17,72.32,1.01,50.01,25.96,25.74,1.0,49,5,13,28.6,0.13,-0.82,False,True,68.47,0.91,1.291,True,72.62,-0.47,0.15,0.71,9.0,10.0,3847744.0,2981500.0,0.9,3540100.0,3007100.0,2968293.0,1.193,86.57,10,23,8,14.8,19,吃老本,True
BAX,Health Care,Baxter International,2026-08-17,26.34,17.59,37.4,22.18,24.84,1.0,10,8,20,11.4,52.53,15.93,False,True,23.48,8.45,1.291,False,30.0,-11.97,-2.37,21.87,12.0,8.0,8767816.0,6790662.0,1.5,3527900.0,6371840.0,7326986.0,0.481,100.0,11,1,26,10.0,9,剛爆發,True
TMO,Health Care,Thermo Fisher Scientific,2026-08-17,629.27,10.74,40.52,23.41,24.52,1.0,28,6,16,19.0,5.6,3.79,False,True,538.7,9.99,1.26,False,642.71,-2.36,5.31,9.65,11.0,9.0,2165654.0,1718866.0,1.222,2750100.0,1762900.0,1769653.0,1.554,98.3,12,19,4,13.2,14,吃老本,True
MRK,Health Care,Merck & Co.,2026-08-17,152.55,16.39,25.52,26.6,23.78,1.0,12,21,10,14.3,49.43,13.15,False,True,127.27,19.63,1.092,False,153.5,-2.94,9.92,14.19,13.0,7.0,10334146.0,9466471.0,1.857,16204700.0,11365110.0,10794280.0,1.501,100.0,13,1,5,6.6,4,剛爆發,True
INCY,Health Care,Incyte,2026-08-17,127.81,8.62,31.55,26.14,23.11,1.0,32,10,12,21.4,43.95,35.12,False,True,115.75,10.12,1.448,False,132.6,-4.06,5.56,9.02,8.0,12.0,2307087.0,1593458.0,0.667,1207100.0,1267130.0,1478920.0,0.816,92.98,14,21,17,17.4,22,吃老本,True
RVTY,Health Care,Revvity,2026-08-17,124.75,12.93,28.76,24.51,22.68,1.0,23,15,15,19.0,15.93,4.47,False,True,110.68,10.08,1.47,False,124.49,-0.29,5.64,9.68,10.0,10.0,1844350.0,1254270.0,1.0,2344500.0,1258430.0,1491786.0,1.572,98.8,15,17,3,13.4,15,,True
AMGN,Health Care,Amgen,2026-08-17,439.33,16.83,29.48,18.12,20.64,1.0,11,14,24,14.5,11.97,8.04,False,True,376.93,10.0,1.129,False,443.2,-2.14,3.8,16.75,12.0,7.0,2901908.0,2570171.0,1.714,2914300.0,2362130.0,2733426.0,1.066,100.0,16,1,13,9.4,8,剛爆發,True
LH,Health Care,Labcorp,2026-08-17,336.34,13.33,29.75,19.61,20.58,1.0,20,13,23,18.5,4.65,3.26,False,True,290.91,7.69,0.945,False,338.19,-1.59,3.17,14.36,14.0,6.0,691464.0,731500.0,2.333,731800.0,526060.0,584653.0,1.252,100.0,17,1,7,8.6,7,剛爆發,True
SOLV,Health Care,Solventum,2026-08-17,89.57,14.82,16.58,22.8,19.25,1.0,13,30,19,19.3,33.78,9.33,False,True,80.8,9.87,0.831,False,90.0,-1.54,2.49,14.72,13.0,7.0,1227176.0,1477385.0,1.857,805100.0,1120240.0,1284173.0,0.627,100.0,18,1,25,12.6,12,剛爆發,True
DGX,Health Care,Quest Diagnostics,2026-08-17,244.39,7.25,25.7,21.76,19.12,1.0,36,20,21,28.2,,,,,,,,,,,,,,,,,,,,,,,19,27,27,,27,吃老本,False
WAT,Health Care,Waters Corporation,2026-08-17,410.7,9.61,19.96,23.21,19.0,1.0,30,25,17,25.9,,,,,,,,,,,,,,,,,,,,,,,20,27,27,,27,吃老本,False
LLY,Health Care,Lilly (Eli),2026-08-17,1255.4,5.11,18.05,24.75,18.16,1.0,40,29,14,31.5,27.27,25.9,False,True,1175.69,10.94,1.1,False,1292.65,-3.73,3.08,5.09,10.0,10.0,2963100.0,2694930.0,1.0,2621400.0,2564630.0,3028680.0,0.866,88.52,21,22,15,20.2,23,,True
REGN,Health Care,Regeneron Pharmaceuticals,2026-08-17,834.04,27.29,30.7,7.26,18.13,1.0,5,12,34,12.9,39.99,6.38,False,True,690.87,9.74,1.198,False,844.92,-2.16,2.68,26.95,16.0,4.0,840056.0,700925.0,4.0,596400.0,736790.0,766826.0,0.778,100.0,22,1,22,13.6,16,剛爆發,True
VRTX,Health Care,Vertex Pharmaceuticals,2026-08-17,548.05,14.81,26.13,14.92,17.69,1.0,14,19,27,18.1,-0.32,3.81,False,True,488.61,13.68,1.335,False,553.69,-2.43,4.61,14.2,11.0,9.0,1525436.0,1142922.0,1.222,1062300.0,1288880.0,1318753.0,0.806,100.0,23,1,20,13.6,16,剛爆發,False
UNH,Health Care,UnitedHealth Group,2026-08-17,390.11,-7.28,1.0,36.34,16.6,0.667,56,49,8,44.3,29.8,9.52,False,False,414.0,7.33,0.9,False,461.62,-16.63,-3.56,-9.14,8.0,12.0,4030637.0,4480058.0,0.667,4497200.0,4030670.0,4187660.0,1.074,68.84,24,26,12,22.4,26,,True
ABBV,Health Care,AbbVie,2026-08-17,264.96,2.16,23.71,19.68,16.31,1.0,47,22,22,34.5,,,,,,,,,,,,,,,,,,,,,,,25,27,27,,27,,False
BDX,Health Care,Becton Dickinson,2026-08-17,192.0,22.79,30.97,4.96,15.92,1.0,8,11,36,14.5,2.93,4.51,False,True,160.52,9.16,1.038,False,190.01,-1.26,3.1,22.65,14.0,6.0,1917442.0,1846650.0,2.333,1972600.0,1691320.0,1907046.0,1.034,100.0,26,1,14,13.6,16,剛爆發,True
ABT,Health Care,Abbott Laboratories,2026-08-17,116.64,13.18,34.39,5.35,14.57,1.0,21,9,35,20.2,2.61,0.33,False,True,99.09,8.69,1.168,False,134.38,-15.06,2.58,13.29,14.0,6.0,8900878.0,7622633.0,2.333,5784800.0,7109840.0,7692626.0,0.752,100.0,27,1,23,15.8,20,剛爆發,True
DHR,Health Care,Danaher Corporation,2026-08-17,218.85,14.28,27.5,4.9,12.9,1.0,17,17,37,21.0,,,,,,,,,,,,,,,,,,,,,,,28,27,27,,27,,False
BMY,Health Care,Bristol Myers Squibb,2026-08-17,67.01,7.92,13.97,12.87,11.91,1.0,34,35,29,33.3,,,,,,,,,,,,,,,,,,,,,,,29,27,27,,27,,False
HSIC,Health Care,Henry Schein,2026-08-17,88.5,3.55,19.26,11.22,11.31,1.0,41,27,32,35.0,,,,,,,,,,,,,,,,,,,,,,,30,27,27,,27,,False
BIIB,Health Care,Biogen,2026-08-17,216.78,7.22,11.88,12.89,11.22,1.0,37,38,28,35.5,,,,,,,,,,,,,,,,,,,,,,,31,27,27,,27,,False
ELV,Health Care,Elevance Health,2026-08-17,400.54,6.05,1.9,18.0,10.99,1.0,38,48,25,38.4,,,,,,,,,,,,,,,,,,,,,,,32,27,27,,27,,False
JNJ,Health Care,Johnson & Johnson,2026-08-17,270.24,2.6,15.98,12.68,10.99,1.0,44,32,30,37.6,,,,,,,,,,,,,,,,,,,,,,,32,27,27,,27,,False
PFE,Health Care,Pfizer,2026-08-17,28.07,14.38,10.27,8.94,10.63,1.0,16,41,33,26.9,,,,,,,,,,,,,,,,,,,,,,,34,27,27,,27,剛爆發,False
EW,Health Care,Edwards Lifesciences,2026-08-17,89.79,8.67,4.67,12.55,9.61,1.0,31,46,31,35.5,,,,,,,,,,,,,,,,,,,,,,,35,27,27,,27,剛爆發,False
ZBH,Health Care,Zimmer Biomet,2026-08-17,100.98,10.54,18.42,2.81,8.64,1.0,29,28,39,30.7,,,,,,,,,,,,,,,,,,,,,,,36,27,27,,27,剛爆發,False
MTD,Health Care,Mettler Toledo,2026-08-17,1395.25,5.13,26.49,1.28,8.55,1.0,39,18,41,33.1,,,,,,,,,,,,,,,,,,,,,,,37,27,27,,27,剛爆發,False
CVS,Health Care,CVS Health,2026-08-17,93.02,-13.66,0.36,23.12,8.23,0.667,58,50,18,47.6,,,,,,,,,,,,,,,,,,,,,,,38,27,27,,27,剛爆發,False
MDT,Health Care,Medtronic,2026-08-17,93.35,12.19,19.84,-1.96,7.03,0.667,26,26,43,29.4,,,,,,,,,,,,,,,,,,,,,,,39,27,27,,27,剛爆發,False
CAH,Health Care,Cardinal Health,2026-08-17,229.51,0.65,14.62,2.73,5.18,1.0,50,34,40,43.2,,,,,,,,,,,,,,,,,,,,,,,40,27,27,,27,剛爆發,False
GEHC,Health Care,GE HealthCare,2026-08-17,74.82,23.51,16.55,-11.08,4.48,0.667,7,31,49,22.6,9.09,-5.71,False,True,66.41,8.18,1.271,False,89.64,-17.38,0.37,19.54,11.0,9.0,5107827.0,4017722.0,1.222,2499400.0,2617210.0,3082533.0,0.811,100.0,41,1,19,20.6,24,剛爆發,True
GILD,Health Care,Gilead Sciences,2026-08-17,146.12,13.0,9.47,-2.3,4.47,0.667,22,44,44,33.0,,,,,,,,,,,,,,,,,,,,,,,42,27,27,,27,剛爆發,False
STE,Health Care,Steris,2026-08-17,237.93,11.15,10.19,-4.79,2.94,0.667,27,42,45,35.1,,,,,,,,,,,,,,,,,,,,,,,43,27,27,,27,剛爆發,False
COO,Health Care,Cooper Companies (The),2026-08-17,76.22,8.41,21.85,-9.34,2.9,0.667,33,24,47,33.1,,,,,,,,,,,,,,,,,,,,,,,44,27,27,,27,剛爆發,False
RMD,Health Care,ResMed|,2026-08-17,231.52,18.9,11.6,-10.13,2.56,0.667,9,40,48,26.1,1.96,2.15,False,True,205.6,14.17,0.787,False,290.73,-21.43,1.04,19.39,13.0,7.0,1339600.0,1702314.0,1.857,1285700.0,1577450.0,1575280.0,0.816,100.0,45,1,17,21.8,25,剛爆發,True
VTRS,Health Care,Viatris,2026-08-17,16.32,-5.34,-1.98,4.15,0.24,0.333,55,53,38,51.0,,,,,,,,,,,,,,,,,,,,,,,46,27,27,,27,剛爆發,False
MCK,Health Care,McKesson Corporation,2026-08-17,858.9,2.14,12.24,-9.17,-0.99,0.667,48,37,46,44.3,,,,,,,,,,,,,,,,,,,,,,,47,27,27,,27,剛爆發,False
COR,Health Care,Cencora,2026-08-17,318.04,2.83,15.91,-11.55,-1.09,0.667,43,33,50,41.4,,,,,,,,,,,,,,,,,,,,,,,48,27,27,,27,剛爆發,False
CI,Health Care,Cigna,2026-08-17,277.51,-4.16,-2.49,0.12,-1.6,0.333,54,54,42,51.6,,,,,,,,,,,,,,,,,,,,,,,49,27,27,,27,剛爆發,False
DVA,Health Care,DaVita,2026-08-17,173.82,-26.17,-12.44,15.32,-1.99,0.333,59,57,26,51.8,,,,,,,,,,,,,,,,,,,,,,,50,27,27,,27,剛爆發,False
HCA,Health Care,HCA Healthcare,2026-08-17,429.19,12.3,9.13,-19.09,-4.19,0.667,24,45,54,36.3,,,,,,,,,,,,,,,,,,,,,,,51,27,27,,27,剛爆發,False
UHS,Health Care,Universal Health Services,2026-08-17,177.26,13.81,12.49,-22.91,-4.88,0.667,19,36,55,31.3,,,,,,,,,,,,,,,,,,,,,,,52,27,27,,27,剛爆發,False
SYK,Health Care,Stryker Corporation,2026-08-17,329.45,-0.24,4.38,-12.89,-5.41,0.333,51,47,52,50.0,,,,,,,,,,,,,,,,,,,,,,,53,27,27,,27,剛爆發,False
IDXX,Health Care,Idexx Laboratories,2026-08-17,556.93,2.32,-0.44,-12.39,-5.72,0.333,46,51,51,48.5,,,,,,,,,,,,,,,,,,,,,,,54,27,27,,27,剛爆發,False
ALGN,Health Care,Align Technology,2026-08-17,162.55,-2.68,-0.65,-14.46,-8.06,0.0,52,52,53,52.2,,,,,,,,,,,,,,,,,,,,,,,55,27,27,,27,剛爆發,False
ISRG,Health Care,Intuitive Surgical,2026-08-17,378.81,12.24,-13.53,-24.85,-12.75,0.333,25,59,56,41.4,,,,,,,,,,,,,,,,,,,,,,,56,27,27,,27,剛爆發,False
BSX,Health Care,Boston Scientific,2026-08-17,50.37,13.83,-12.82,-32.46,-15.98,0.333,18,58,57,37.8,,,,,,,,,,,,,,,,,,,,,,,57,27,27,,27,剛爆發,False
ZTS,Health Care,Zoetis,2026-08-17,77.73,3.16,-3.75,-38.96,-19.63,0.333,42,55,59,49.3,,,,,,,,,,,,,,,,,,,,,,,58,27,27,,27,剛爆發,False
PODD,Health Care,Insulet Corporation,2026-08-17,148.16,-9.25,-4.33,-38.75,-22.77,0.0,57,56,58,56.9,,,,,,,,,,,,,,,,,,,,,,,59,27,27,,27,剛爆發,False
AXON,Industrials,Axon Enterprise,2026-08-17,627.75,24.97,62.63,44.67,44.24,1.0,2,1,1,1.5,1.96,0.8,False,True,536.86,20.7,1.029,False,794.29,-22.67,-0.22,24.87,13.0,7.0,980884.0,952857.0,1.857,839000.0,957970.0,1028766.0,0.816,100.0,1,1,21,5.0,3,,True
PAYX,Industrials,Paychex,2026-08-17,124.47,10.76,29.66,39.62,29.92,1.0,10,4,2,6.6,0.91,2.31,False,True,109.83,6.11,1.289,False,135.23,-9.11,-1.99,12.23,14.0,6.0,3074821.0,2384683.0,2.333,2574300.0,2225530.0,2491126.0,1.033,100.0,2,1,14,4.0,2,,True
ADP,Industrials,Automatic Data Processing,2026-08-17,280.81,12.28,25.58,33.02,25.97,1.0,7,5,3,5.6,1.58,2.26,False,True,248.42,5.81,1.214,False,300.55,-7.1,1.08,14.96,13.0,7.0,2594538.0,2136957.0,1.857,1685000.0,2113100.0,2266353.0,0.743,100.0,3,1,25,6.6,5,,True
EXPD,Industrials,Expeditors International,2026-08-17,187.81,7.14,19.12,20.78,16.95,1.0,14,10,6,11.2,19.93,27.77,False,True,172.65,7.18,1.319,False,189.99,-1.89,-0.35,5.8,10.0,10.0,1217700.0,922850.0,1.0,652800.0,778150.0,1118420.0,0.584,91.43,4,16,31,14.2,14,吃老本,True
SWK,Industrials,Stanley Black & Decker,2026-08-17,100.02,9.6,32.21,11.15,16.03,1.0,12,2,20,10.6,29.86,34.6,False,True,92.37,7.52,1.28,False,104.68,-5.57,-3.29,13.09,10.0,10.0,2498660.0,1952790.0,1.0,1469600.0,1643000.0,1948380.0,0.754,93.93,5,15,24,12.8,11,吃老本,True
J,Industrials,Jacobs Solutions,2026-08-17,150.08,11.53,30.86,9.15,15.17,1.0,9,3,24,10.2,0.8,7.09,False,True,132.68,4.9,1.042,False,167.07,-11.45,2.8,12.08,13.0,7.0,935376.0,897600.0,1.857,909900.0,809790.0,902166.0,1.009,100.0,6,1,15,5.8,4,,True
NDSN,Industrials,Nordson Corporation,2026-08-17,332.24,12.33,14.93,15.18,14.4,1.0,6,22,13,12.2,5.03,1.48,False,True,297.41,10.83,1.094,False,336.7,-0.59,7.97,14.58,13.0,7.0,398192.0,364071.0,1.857,1255900.0,459980.0,413480.0,3.037,100.0,7,1,1,3.4,1,剛爆發,True
URI,Industrials,United Rentals,2026-08-17,1098.51,-3.61,17.24,21.29,14.05,0.667,54,16,5,32.8,10.11,8.63,False,False,1095.76,7.73,0.831,False,1177.15,-6.96,-2.26,-3.73,12.0,8.0,418650.0,503862.0,1.5,543300.0,414770.0,428973.0,1.267,83.9,8,21,7,13.0,12,吃老本,True
CSX,Industrials,CSX Corporation,2026-08-17,51.59,-3.08,13.68,22.71,14.01,0.667,49,24,4,32.5,4.19,10.6,False,True,49.29,3.68,0.905,False,53.6,-4.91,1.66,-3.48,10.0,10.0,10803330.0,11936740.0,1.0,7754500.0,8594110.0,10120786.0,0.766,79.41,9,25,22,18.0,18,吃老本,True
BR,Industrials,Broadridge Financial Solutions,2026-08-17,182.18,22.33,21.88,4.18,13.14,1.0,3,8,32,10.3,1.68,4.45,False,True,152.11,8.76,1.248,False,258.78,-31.02,3.63,23.61,13.0,7.0,1450261.0,1161814.0,1.857,1071600.0,1420760.0,1468013.0,0.73,100.0,10,1,27,9.8,6,剛爆發,True
FAST,Industrials,Fastenal,2026-08-17,51.26,9.62,17.3,12.11,12.78,1.0,11,15,18,13.6,1.25,0.68,False,True,47.66,5.28,1.09,False,52.92,-4.27,-1.32,10.37,14.0,6.0,7975550.0,7314050.0,2.333,5040700.0,7166330.0,7616740.0,0.662,100.0,11,1,29,10.6,8,剛爆發,True
UNP,Industrials,Union Pacific Corporation,2026-08-17,308.05,0.24,16.46,16.97,12.66,1.0,35,17,9,24.4,5.17,2.42,False,True,285.4,5.83,1.054,False,315.99,-3.8,2.08,-0.12,9.0,11.0,2837222.0,2692536.0,0.818,4107300.0,2408630.0,2472366.0,1.661,81.47,12,24,3,15.0,15,吃老本,True
IEX,Industrials,IDEX Corporation,2026-08-17,234.39,4.98,12.63,13.74,11.28,1.0,18,27,14,19.9,9.93,12.8,False,True,226.94,4.67,1.321,False,243.8,-4.12,-2.25,5.19,12.0,8.0,777283.0,588512.0,1.5,653400.0,544450.0,579013.0,1.128,97.83,13,14,8,12.4,10,,True
DAL,Industrials,Delta Air Lines,2026-08-17,82.41,-3.12,8.5,19.61,11.15,0.667,50,36,8,37.4,4.54,11.35,False,False,87.41,13.39,1.166,False,95.44,-15.07,-11.23,-1.11,9.0,11.0,5347711.0,4588072.0,0.818,6169400.0,4144890.0,4476940.0,1.378,77.51,14,27,4,17.2,17,吃老本,True
UBER,Industrials,Uber,2026-08-17,78.8,19.5,9.72,6.69,10.65,1.0,5,34,27,18.1,40.22,-81.74,False,True,72.71,11.66,0.897,False,101.99,-22.98,3.52,13.99,13.0,7.0,20182223.0,22492657.0,1.857,17575800.0,19228820.0,21261560.0,0.827,100.0,15,1,20,10.4,7,剛爆發,True
JBHT,Industrials,J.B. Hunt,2026-08-17,275.45,-4.3,6.63,20.1,10.63,0.667,57,41,7,42.2,9.55,3.09,False,False,278.74,9.72,1.068,False,299.26,-8.28,-2.78,-4.99,7.0,13.0,898114.0,840753.0,0.538,598900.0,802090.0,783146.0,0.765,72.67,16,28,23,22.2,24,吃老本,True
WAB,Industrials,Wabtec,2026-08-17,297.57,-1.53,16.17,12.64,9.98,0.667,46,18,17,31.8,,,,,,,,,,,,,,,,,,,,,,,17,32,32,,32,吃老本,False
ETN,Industrials,Eaton Corporation,2026-08-17,419.2,4.0,7.38,13.21,9.45,1.0,21,39,16,25.4,,,,,,,,,,,,,,,,,,,,,,,18,32,32,,32,吃老本,False
MMM,Industrials,3M,2026-08-17,178.96,3.67,17.4,7.68,9.11,1.0,23,14,25,20.7,6.84,7.88,False,True,168.68,3.74,1.022,False,184.9,-3.68,-2.5,5.01,11.0,8.0,3208709.0,3139425.0,1.375,3499900.0,2731090.0,2732853.0,1.281,90.52,19,17,6,15.6,16,,True
NSC,Industrials,Norfolk Southern,2026-08-17,350.72,0.41,11.95,11.83,9.0,1.0,34,31,19,30.1,,,,,,,,,,,,,,,,,,,,,,,20,32,32,,32,吃老本,False
EMR,Industrials,Emerson Electric,2026-08-17,157.26,6.66,15.67,6.6,8.88,1.0,15,19,28,18.8,1.96,0.44,False,True,147.07,7.31,1.416,False,165.79,-6.68,-5.46,7.14,12.0,8.0,3466266.0,2448112.0,1.5,1821600.0,2377550.0,3023233.0,0.603,99.38,21,13,30,19.6,19,剛爆發,True
GWW,Industrials,W. W. Grainger,2026-08-17,1312.24,-4.9,5.37,16.89,8.56,0.667,61,45,10,46.0,6.26,14.08,False,False,1341.23,4.95,0.698,False,1417.14,-8.24,-1.59,-4.72,8.0,12.0,224450.0,321541.0,0.667,238300.0,221160.0,284040.0,0.839,68.75,22,31,19,25.0,27,吃老本,True
VLTO,Industrials,Veralto,2026-08-17,98.77,7.34,13.96,6.43,8.54,1.0,13,23,29,19.2,10.34,6.41,False,True,92.01,5.36,1.256,False,109.53,-9.19,1.97,8.7,13.0,7.0,1701538.0,1354585.0,1.857,1374600.0,1234370.0,1323260.0,1.039,100.0,23,1,13,12.2,9,剛爆發,True
GD,Industrials,General Dynamics,2026-08-17,384.29,-0.64,12.57,10.34,8.16,0.667,40,30,22,33.4,,,,,,,,,,,,,,,,,,,,,,,24,32,32,,32,吃老本,False
ALLE,Industrials,Allegion,2026-08-17,162.31,5.84,24.96,0.9,8.15,1.0,16,6,43,18.4,8.29,-5.09,False,True,147.13,6.71,1.1,False,181.67,-10.98,-2.84,4.63,11.0,9.0,1253472.0,1139433.0,1.222,935500.0,1047870.0,1077246.0,0.868,89.23,25,18,18,20.8,21,剛爆發,True
EFX,Industrials,Equifax,2026-08-17,192.62,11.64,17.42,-1.85,6.34,0.667,8,13,49,17.7,2.28,9.7,False,True,171.47,10.71,1.239,False,269.54,-28.62,3.68,15.41,13.0,7.0,1389061.0,1120742.0,1.857,1194000.0,1120130.0,1124853.0,1.061,100.0,26,1,12,13.2,13,剛爆發,True
PCAR,Industrials,Paccar,2026-08-17,131.03,-0.65,20.14,2.59,6.17,0.667,41,9,39,31.0,5.39,-0.87,False,True,125.81,5.75,0.974,False,138.87,-7.15,-1.36,-1.12,9.0,11.0,3536888.0,3631581.0,0.818,2455600.0,2666970.0,3320433.0,0.74,78.1,27,26,26,26.4,30,,True
RTX,Industrials,RTX Corporation,2026-08-17,209.91,-1.03,18.98,3.2,6.09,0.667,44,11,36,32.5,13.71,16.95,False,True,202.11,6.44,1.054,False,226.41,-6.24,-3.39,1.83,11.0,9.0,5258427.0,4987400.0,1.222,4931800.0,4353930.0,4494133.0,1.097,86.53,28,19,9,20.6,20,剛爆發,True
DE,Industrials,Deere & Company,2026-08-17,647.47,3.07,22.68,-1.73,5.57,0.667,25,7,47,24.0,8.3,15.01,False,True,603.12,9.82,1.11,False,670.49,-7.39,1.4,1.79,9.0,11.0,1203777.0,1084890.0,0.818,3200600.0,1207970.0,1123713.0,2.848,83.32,29,23,2,21.2,22,剛爆發,True
CTAS,Industrials,Cintas,2026-08-17,203.79,-0.77,18.15,2.43,5.56,0.667,42,12,40,32.6,2.35,0.06,False,True,190.37,4.9,1.009,False,218.6,-6.9,1.67,0.39,10.0,10.0,2118810.0,2100500.0,1.0,2028300.0,1709980.0,1881446.0,1.078,83.56,30,22,11,23.0,26,剛爆發,True
PWR,Industrials,Quanta Services,2026-08-17,639.34,2.16,-11.61,15.72,5.5,0.667,28,74,11,38.4,28.11,31.8,False,False,671.96,9.91,1.233,False,788.63,-16.0,-1.53,1.33,9.0,11.0,1368166.0,1109681.0,0.818,1177800.0,1020220.0,1085393.0,1.085,84.03,31,20,10,22.4,25,剛爆發,True
GE,Industrials,GE Aerospace,2026-08-17,348.37,-1.52,15.18,1.78,4.3,0.667,45,21,41,37.0,,,,,,,,,,,,,,,,,,,,,,,32,32,32,,32,,False
GEV,Industrials,GE Vernova,2026-08-17,956.85,-5.71,-7.84,15.36,4.3,0.333,64,68,12,54.8,-22.44,20.38,False,False,1033.22,15.45,0.726,False,1195.94,-19.23,-7.95,-6.32,10.0,10.0,1969990.0,2714510.0,1.0,2658100.0,2002160.0,2003080.0,1.327,70.73,32,29,5,25.4,28,,False
FDX,Industrials,FedEx,2026-08-17,325.08,3.21,2.72,4.66,3.81,1.0,24,49,31,32.9,,,,,,,,,,,,,,,,,,,,,,,34,32,32,,32,,False
SNA,Industrials,Snap-on,2026-08-17,393.39,-2.05,7.96,3.94,3.45,0.667,47,38,33,41.5,,,,,,,,,,,,,,,,,,,,,,,35,32,32,,32,,False
PH,Industrials,Parker Hannifin,2026-08-17,1001.74,1.44,15.55,-1.78,3.35,0.667,32,20,48,31.6,,,,,,,,,,,,,,,,,,,,,,,36,32,32,,32,,False
ROK,Industrials,Rockwell Automation,2026-08-17,437.08,-5.14,-3.07,10.66,3.28,0.333,62,61,21,53.5,,,,,,,,,,,,,,,,,,,,,,,37,32,32,,32,,False
FIX,Industrials,Comfort Systems USA,2026-08-17,1655.61,-4.45,-9.4,13.39,3.23,0.333,59,71,15,53.8,19.85,54.44,False,False,1784.61,14.59,0.917,False,2072.1,-19.26,-3.17,-8.59,8.0,12.0,446062.0,486516.0,0.667,359900.0,372960.0,393333.0,0.915,69.62,38,30,17,30.6,31,剛爆發,True
AME,Industrials,Ametek,2026-08-17,239.55,-1.0,6.85,2.9,2.92,0.667,43,40,37,40.9,,,,,,,,,,,,,,,,,,,,,,,39,32,32,,32,剛爆發,False
HWM,Industrials,Howmet Aerospace,2026-08-17,271.68,-6.03,5.95,5.36,2.66,0.667,66,43,30,51.9,,,,,,,,,,,,,,,,,,,,,,,40,32,32,,32,剛爆發,False
RSG,Industrials,Republic Services,2026-08-17,220.67,1.73,5.93,1.11,2.47,1.0,30,44,42,36.6,,,,,,,,,,,,,,,,,,,,,,,41,32,32,,32,剛爆發,False
VRSK,Industrials,Verisk Analytics,2026-08-17,187.5,-6.87,9.88,3.28,2.39,0.667,69,33,35,51.4,,,,,,,,,,,,,,,,,,,,,,,42,32,32,,32,剛爆發,False
UAL,Industrials,United Airlines Holdings,2026-08-17,113.17,-4.31,13.22,0.12,2.29,0.667,58,26,44,45.6,,,,,,,,,,,,,,,,,,,,,,,43,32,32,,32,剛爆發,False
CPRT,Industrials,Copart,2026-08-17,33.8,20.97,0.03,-7.35,1.58,0.667,4,53,57,29.3,5.71,-8.12,True,True,29.48,19.19,1.292,False,50.11,-31.49,16.81,26.21,13.0,7.0,13290038.0,10288028.0,1.857,10797300.0,12077070.0,11097046.0,0.973,100.0,44,1,16,21.2,22,剛爆發,True
CAT,Industrials,Caterpillar Inc.,2026-08-17,827.9,-6.84,-5.73,9.38,1.55,0.333,68,66,23,58.4,,,,,,,,,,,,,,,,,,,,,,,45,32,32,,32,剛爆發,False
ITW,Industrials,Illinois Tool Works,2026-08-17,282.29,-0.26,12.61,-3.11,1.53,0.333,39,28,53,38.5,,,,,,,,,,,,,,,,,,,,,,,46,32,32,,32,剛爆發,False
FERG,Industrials,Ferguson Enterprises,2026-08-17,242.24,5.02,8.48,-4.28,1.23,0.667,17,37,54,30.4,,,,,,,,,,,,,,,,,,,,,,,47,32,32,,32,剛爆發,False
FTV,Industrials,Fortive,2026-08-17,60.08,-3.58,1.71,3.3,1.18,0.667,53,51,34,48.6,,,,,,,,,,,,,,,,,,,,,,,48,32,32,,32,剛爆發,False
JCI,Industrials,Johnson Controls,2026-08-17,143.05,-0.22,3.68,0.07,0.9,0.667,38,46,45,41.8,,,,,,,,,,,,,,,,,,,,,,,49,32,32,,32,剛爆發,False
LDOS,Industrials,Leidos,2026-08-17,141.39,26.08,12.6,-18.02,0.66,0.667,1,29,71,23.4,12.11,7.56,False,True,117.24,10.31,1.099,False,204.08,-30.73,-0.87,28.13,14.0,6.0,1651828.0,1503216.0,2.333,1160600.0,1514990.0,1699140.0,0.683,100.0,50,1,28,26.0,29,剛爆發,True
MAS,Industrials,Masco,2026-08-17,73.29,-7.54,8.97,-2.01,-0.65,0.333,70,35,51,55.7,,,,,,,,,,,,,,,,,,,,,,,51,32,32,,32,剛爆發,False
WM,Industrials,Waste Management,2026-08-17,224.06,-6.15,3.27,-1.9,-1.67,0.333,67,47,50,57.6,,,,,,,,,,,,,,,,,,,,,,,52,32,32,,32,剛爆發,False
ODFL,Industrials,Old Dominion,2026-08-17,206.47,-11.38,-1.78,2.8,-1.89,0.333,76,59,38,63.3,,,,,,,,,,,,,,,,,,,,,,,53,32,32,,32,剛爆發,False
TT,Industrials,Trane Technologies,2026-08-17,453.43,-5.73,0.76,-2.48,-2.48,0.333,65,52,52,58.5,,,,,,,,,,,,,,,,,,,,,,,54,32,32,,32,剛爆發,False
EME,Industrials,Emcor,2026-08-17,776.62,4.27,-8.47,-4.35,-3.23,0.333,20,70,55,42.0,,,,,,,,,,,,,,,,,,,,,,,55,32,32,,32,剛爆發,False
VRT,Industrials,Vertiv,2026-08-17,261.95,-9.78,-19.99,7.51,-3.69,0.333,72,79,26,64.9,,,,,,,,,,,,,,,,,,,,,,,56,32,32,,32,剛爆發,False
BA,Industrials,Boeing,2026-08-17,214.2,2.23,-2.2,-7.68,-3.83,0.333,27,60,58,43.1,,,,,,,,,,,,,,,,,,,,,,,57,32,32,,32,剛爆發,False
DD,Industrials,DuPont,2026-08-17,138.33,0.46,-4.18,-7.8,-4.83,0.333,33,64,59,47.5,,,,,,,,,,,,,,,,,,,,,,,58,32,32,,32,剛爆發,False
AOS,Industrials,A. O. Smith,2026-08-17,63.08,4.41,10.79,-17.98,-5.19,0.667,19,32,70,33.1,,,,,,,,,,,,,,,,,,,,,,,59,32,32,,32,剛爆發,False
CMI,Industrials,Cummins,2026-08-17,587.68,-11.58,-8.11,-0.63,-5.24,0.0,77,69,46,68.4,,,,,,,,,,,,,,,,,,,,,,,60,32,32,,32,剛爆發,False
IR,Industrials,Ingersoll Rand,2026-08-17,80.51,-4.59,13.57,-15.72,-5.62,0.333,60,25,68,51.1,,,,,,,,,,,,,,,,,,,,,,,61,32,32,,32,剛爆發,False
LMT,Industrials,Lockheed Martin,2026-08-17,563.57,-3.27,6.38,-13.37,-5.91,0.333,51,42,66,51.3,,,,,,,,,,,,,,,,,,,,,,,62,32,32,,32,剛爆發,False
XYL,Industrials,Xylem Inc.,2026-08-17,113.42,-5.29,3.25,-11.21,-6.11,0.333,63,48,64,58.7,,,,,,,,,,,,,,,,,,,,,,,63,32,32,,32,剛爆發,False
HUBB,Industrials,Hubbell Incorporated,2026-08-17,470.03,-3.3,-0.75,-10.25,-6.14,0.0,52,56,62,55.2,,,,,,,,,,,,,,,,,,,,,,,64,32,32,,32,剛爆發,False
TDG,Industrials,TransDigm Group,2026-08-17,1200.35,-2.94,-1.08,-10.35,-6.18,0.0,48,57,63,53.7,,,,,,,,,,,,,,,,,,,,,,,65,32,32,,32,剛爆發,False
UPS,Industrials,United Parcel Service,2026-08-17,102.01,-9.72,2.59,-9.72,-6.64,0.333,71,50,60,62.5,,,,,,,,,,,,,,,,,,,,,,,66,32,32,,32,剛爆發,False
CARR,Industrials,Carrier Global,2026-08-17,60.37,-12.35,-4.04,-5.2,-6.7,0.0,78,63,56,69.1,,,,,,,,,,,,,,,,,,,,,,,67,32,32,,32,剛爆發,False
DOV,Industrials,Dover Corporation,2026-08-17,201.92,-0.14,-3.57,-13.04,-7.45,0.0,37,62,65,50.1,,,,,,,,,,,,,,,,,,,,,,,68,32,32,,32,剛爆發,False
GNRC,Industrials,Generac,2026-08-17,205.98,1.97,-23.75,-10.13,-10.51,0.333,29,80,61,50.7,,,,,,,,,,,,,,,,,,,,,,,69,32,32,,32,剛爆發,False
OTIS,Industrials,Otis Worldwide,2026-08-17,71.49,-0.01,-1.16,-21.92,-11.25,0.0,36,58,73,50.0,,,,,,,,,,,,,,,,,,,,,,,70,32,32,,32,剛爆發,False
NOC,Industrials,Northrop Grumman,2026-08-17,551.03,1.62,-0.38,-23.26,-11.32,0.333,31,54,74,46.5,,,,,,,,,,,,,,,,,,,,,,,71,32,32,,32,剛爆發,False
HON,Industrials,Honeywell Technologies,2026-08-17,215.9,-10.94,-9.41,-14.48,-12.33,0.0,74,72,67,72.0,,,,,,,,,,,,,,,,,,,,,,,72,32,32,,32,剛爆發,False
LUV,Industrials,Southwest Airlines,2026-08-17,40.38,-10.43,-0.74,-21.81,-13.7,0.0,73,55,72,67.4,,,,,,,,,,,,,,,,,,,,,,,73,32,32,,32,剛爆發,False
TXT,Industrials,Textron,2026-08-17,82.95,-13.17,-9.65,-17.65,-14.53,0.0,79,73,69,75.2,,,,,,,,,,,,,,,,,,,,,,,74,32,32,,32,剛爆發,False
HII,Industrials,Huntington Ingalls Industries,2026-08-17,298.2,3.69,-6.59,-31.34,-16.4,0.333,22,67,78,46.7,,,,,,,,,,,,,,,,,,,,,,,75,32,32,,32,剛爆發,False
LHX,Industrials,L3Harris,2026-08-17,266.73,-11.15,-14.16,-24.54,-18.6,0.0,75,76,75,75.3,,,,,,,,,,,,,,,,,,,,,,,76,32,32,,32,剛爆發,False
BLDR,Industrials,Builders FirstSource,2026-08-17,70.21,-3.64,-5.31,-36.49,-20.48,0.0,55,65,80,63.0,,,,,,,,,,,,,,,,,,,,,,,77,32,32,,32,剛爆發,False
PNR,Industrials,Pentair,2026-08-17,64.4,2.42,-13.55,-36.41,-20.99,0.333,26,75,79,51.3,,,,,,,,,,,,,,,,,,,,,,,78,32,32,,32,剛爆發,False
CHRW,Industrials,C.H. Robinson,2026-08-17,141.63,-24.06,-18.43,-24.97,-23.11,0.0,80,78,76,78.6,,,,,,,,,,,,,,,,,,,,,,,79,32,32,,32,剛爆發,False
LII,Industrials,Lennox International,2026-08-17,402.87,-25.55,-16.67,-27.8,-24.46,0.0,81,77,77,79.0,,,,,,,,,,,,,,,,,,,,,,,80,32,32,,32,剛爆發,False
ROL,Industrials,"Rollins, Inc.",2026-08-17,36.91,-3.81,-30.62,-39.15,-28.19,0.0,56,81,81,68.5,,,,,,,,,,,,,,,,,,,,,,,81,32,32,,32,剛爆發,False
DELL,Information Technology,Dell Technologies,2026-08-17,442.08,1.05,50.01,263.28,144.4,1.0,44,2,1,22.8,63.99,10.74,True,True,426.2,21.04,1.047,False,514.0,-15.41,-12.08,-1.04,8.0,12.0,5996500.0,5729558.0,0.667,3633000.0,5481670.0,5678046.0,0.64,72.86,1,30,22,16.8,19,吃老本,True
MRVL,Information Technology,Marvell Technology,2026-08-17,237.04,22.04,20.77,198.46,109.93,1.0,15,14,2,12.1,0.64,1.05,True,True,234.13,20.63,1.221,False,329.8,-23.89,12.98,19.92,11.0,9.0,25951872.0,21262000.0,1.222,29226500.0,23513120.0,23372980.0,1.25,100.0,2,1,2,1.6,1,,True
HPE,Information Technology,Hewlett Packard Enterprise,2026-08-17,53.45,12.08,42.65,152.47,89.91,1.0,25,4,3,14.3,48.03,10.75,True,True,48.87,22.88,1.242,False,64.06,-17.44,-11.58,11.02,11.0,9.0,18276263.0,14711611.0,1.222,11165500.0,16007580.0,16987840.0,0.657,92.05,3,20,20,13.2,8,吃老本,True
PANW,Information Technology,Palo Alto Networks,2026-08-17,357.87,10.53,37.34,140.67,82.3,1.0,29,6,5,17.3,6.62,9.94,True,True,333.95,13.62,1.142,False,398.88,-12.36,-11.73,7.35,9.0,11.0,6068100.0,5312400.0,0.818,4736200.0,5117510.0,5532540.0,0.856,81.98,4,23,10,12.8,6,吃老本,True
SNDK,Information Technology,Sandisk,2026-08-17,1596.08,11.1,7.94,145.56,77.54,1.0,27,28,4,22.7,13.72,59.67,False,False,1655.12,43.44,0.827,False,2354.39,-32.02,4.75,-0.6,10.0,10.0,15877360.0,19206770.0,1.0,11459600.0,15381490.0,15997840.0,0.716,81.0,5,25,18,15.6,14,吃老本,True
MU,Information Technology,Micron Technology,2026-08-17,966.78,4.98,28.75,125.92,71.39,1.0,34,8,7,20.8,21.39,33.21,False,True,963.04,20.58,0.842,False,1254.81,-22.35,2.58,-1.6,10.0,10.0,36735300.0,43619730.0,1.0,25212200.0,31606670.0,34746360.0,0.726,79.81,6,26,17,16.2,17,吃老本,True
AMD,Information Technology,Advanced Micro Devices,2026-08-17,473.25,-9.33,1.23,136.45,66.2,0.667,69,40,6,47.7,3.21,5.82,False,False,509.82,11.81,0.9,False,584.73,-19.71,-2.81,-13.01,9.0,11.0,25632522.0,28465072.0,0.818,15178900.0,20545780.0,25283366.0,0.6,69.1,7,32,26,20.8,24,吃老本,True
NTAP,Information Technology,NetApp,2026-08-17,192.27,14.62,38.39,89.15,57.83,1.0,20,5,13,14.1,7.22,2.78,True,True,172.27,11.34,0.957,False,209.06,-7.77,-5.94,17.11,13.0,7.0,2446053.0,2554842.0,1.857,2171700.0,2465880.0,2545846.0,0.853,100.0,8,1,11,5.8,2,剛爆發,True
STX,Information Technology,Seagate Technology,2026-08-17,850.0,-0.2,4.66,107.27,54.75,0.667,50,35,8,37.1,12.09,16.76,False,False,890.63,28.7,0.981,False,1144.18,-25.69,-7.72,-6.91,11.0,9.0,5336536.0,5442666.0,1.222,3239600.0,4593600.0,4814746.0,0.673,78.26,9,27,19,18.2,21,吃老本,True
CRWD,Information Technology,CrowdStrike,2026-08-17,191.95,4.73,15.73,97.58,53.9,1.0,35,21,11,26.0,3.05,1.56,True,False,192.54,17.52,1.105,False,227.5,-16.33,-15.6,3.77,8.0,12.0,7982725.0,7226175.0,0.667,8902400.0,7284910.0,7575320.0,1.175,75.35,10,28,3,15.8,15,吃老本,True
DDOG,Information Technology,Datadog,2026-08-17,235.62,-4.55,5.98,103.72,52.22,0.667,62,31,10,42.3,11.45,18.25,False,False,249.26,14.65,0.933,False,292.72,-20.56,-7.81,-4.84,10.0,10.0,5202680.0,5573910.0,1.0,3174600.0,5097270.0,5789586.0,0.548,75.31,11,29,28,21.6,27,吃老本,True
FTNT,Information Technology,Fortinet,2026-08-17,153.51,0.75,14.62,91.89,49.79,1.0,46,24,12,32.6,20.53,32.63,False,False,155.75,10.71,1.44,False,172.09,-12.38,-8.86,-0.49,10.0,10.0,6349570.0,4409140.0,1.0,5157700.0,4254340.0,4703866.0,1.096,86.36,12,21,5,14.2,12,吃老本,True
WDAY,Information Technology,"Workday, Inc.",2026-08-17,200.01,47.78,56.09,45.13,48.53,1.0,1,1,17,4.2,5.68,6.41,True,True,149.23,28.54,1.335,False,249.85,-21.02,-4.42,54.31,11.0,9.0,5928581.0,4439966.0,1.222,3122600.0,5611440.0,4892066.0,0.638,100.0,13,1,23,10.2,3,剛爆發,True
INTC,Information Technology,Intel,2026-08-17,90.07,-2.44,-24.84,104.19,45.28,0.333,55,68,9,49.7,94.59,2108.68,False,False,108.52,17.9,0.975,False,142.35,-35.28,-11.89,-8.08,9.0,11.0,117269444.0,120243890.0,0.818,85654700.0,112315900.0,107777580.0,0.795,69.74,14,31,15,21.0,25,吃老本,True
ZBRA,Information Technology,Zebra Technologies,2026-08-17,368.51,41.78,44.2,44.28,43.64,1.0,3,3,18,6.0,45.1,11.88,False,True,287.85,9.63,1.141,False,386.23,-6.66,-5.03,40.31,12.0,8.0,927725.0,813200.0,1.5,522600.0,655000.0,904160.0,0.578,100.0,15,1,27,11.8,5,剛爆發,True
HPQ,Information Technology,HP Inc.,2026-08-17,29.71,15.38,19.14,64.39,40.82,1.0,18,16,15,16.8,20.26,5.61,True,True,25.75,13.71,1.339,False,32.19,-8.45,-5.85,20.24,10.0,10.0,16514070.0,12335450.0,1.0,11416700.0,12597060.0,13416853.0,0.851,98.23,16,19,12,16.4,18,,True
PLTR,Information Technology,Palantir Technologies,2026-08-17,179.94,46.39,31.46,33.05,35.99,1.0,2,7,22,7.5,18.51,18.08,False,True,137.94,11.62,1.937,False,207.52,-16.17,-2.82,41.01,8.0,12.0,65717162.0,33932591.0,0.667,27018400.0,38976640.0,51762426.0,0.522,100.0,17,1,31,13.4,10,剛爆發,True
IT,Information Technology,Gartner,2026-08-17,195.9,39.43,22.43,27.43,29.18,1.0,4,13,29,11.7,17.06,13.64,False,True,151.33,12.76,0.957,False,265.85,-27.15,5.66,44.87,13.0,7.0,1584815.0,1655185.0,1.857,854200.0,1422350.0,1652306.0,0.517,100.0,18,1,32,14.0,11,剛爆發,True
ANET,Information Technology,Arista Networks,2026-08-17,188.65,8.43,22.48,42.07,28.76,1.0,30,12,19,22.4,15.18,7.73,False,True,176.62,14.63,1.419,False,214.89,-14.49,-9.76,4.04,9.0,11.0,9535666.0,6720781.0,0.818,4207300.0,6606230.0,8331286.0,0.505,85.62,19,22,33,23.0,29,,True
FLEX,Information Technology,Flex Ltd.,2026-08-17,110.45,-6.8,-16.62,68.16,28.23,0.333,66,58,14,53.2,8.9,6.07,False,False,131.92,17.93,0.89,False,166.86,-33.88,-11.25,-13.77,9.0,11.0,4322111.0,4856490.0,0.818,3084200.0,2909940.0,3446833.0,0.895,65.09,20,33,9,23.0,29,吃老本,True
WDC,Information Technology,Western Digital,2026-08-17,459.44,-11.61,-5.1,61.03,26.34,0.333,70,46,16,52.0,,,,,,,,,,,,,,,,,,,,,,,21,34,34,,34,吃老本,False
NOW,Information Technology,ServiceNow,2026-08-17,128.48,30.07,25.8,23.22,25.58,1.0,7,10,32,12.9,5.05,0.39,False,True,108.47,10.85,1.267,False,194.73,-33.37,1.96,41.12,15.0,5.0,23621113.0,18648880.0,3.0,16952300.0,18519510.0,18767660.0,0.903,100.0,22,1,8,10.8,4,剛爆發,True
GEN,Information Technology,Gen Digital,2026-08-17,28.93,12.45,17.07,30.71,22.74,1.0,23,19,25,22.2,,,,,,,,,,,,,,,,,,,,,,,23,34,34,,34,吃老本,False
MSFT,Information Technology,Microsoft,2026-08-17,483.24,26.84,15.67,22.15,21.7,1.0,10,22,33,18.2,11.81,4.9,False,True,417.36,7.43,1.464,False,549.2,-12.39,-2.98,26.33,13.0,7.0,41514592.0,28360485.0,1.857,20020800.0,24506630.0,32864020.0,0.609,100.0,24,1,24,14.8,13,剛爆發,True
ROP,Information Technology,Roper Technologies,2026-08-17,411.79,12.1,26.27,23.25,21.22,1.0,24,9,31,20.9,1.78,3.49,False,True,364.95,6.2,1.116,False,533.52,-23.07,3.26,15.58,16.0,4.0,817393.0,732500.0,4.0,580600.0,690450.0,719080.0,0.807,100.0,25,1,14,13.2,8,剛爆發,True
CSCO,Information Technology,Cisco,2026-08-17,111.04,-2.74,-7.44,41.49,18.2,0.333,56,50,20,47.0,,,,,,,,,,,,,,,,,,,,,,,26,34,34,,34,吃老本,False
FFIV,Information Technology,"F5, Inc.",2026-08-17,384.63,-1.93,-2.29,38.16,18.03,0.333,53,44,21,43.9,,,,,,,,,,,,,,,,,,,,,,,27,34,34,,34,吃老本,False
CRM,Information Technology,Salesforce,2026-08-17,209.17,27.81,16.46,13.54,17.84,1.0,8,20,45,19.0,24.07,24.85,True,True,173.82,9.12,1.111,False,267.75,-23.27,2.02,30.91,13.0,7.0,13326284.0,11995057.0,1.857,11482300.0,12664000.0,12097966.0,0.949,100.0,28,1,7,13.0,7,剛爆發,True
AMAT,Information Technology,Applied Materials,2026-08-17,492.32,-8.09,14.04,31.46,17.22,0.667,68,25,23,46.1,,,,,,,,,,,,,,,,,,,,,,,29,34,34,,34,,False
LITE,Information Technology,Lumentum,2026-08-17,866.71,13.59,-8.47,29.79,16.18,0.667,22,51,27,31.7,,,,,,,,,,,,,,,,,,,,,,,30,34,34,,34,,False
LRCX,Information Technology,Lam Research,2026-08-17,314.0,2.88,2.91,28.45,15.67,1.0,38,38,28,36.0,,,,,,,,,,,,,,,,,,,,,,,31,34,34,,34,,False
SMCI,Information Technology,Supermicro,2026-08-17,37.24,23.72,4.67,14.87,14.53,1.0,13,34,41,24.9,77.55,34.51,False,True,30.32,35.13,1.641,False,58.78,-37.9,-6.79,16.99,10.0,10.0,68864110.0,41973880.0,1.0,51286600.0,72920450.0,60458606.0,0.848,100.0,32,1,13,15.8,15,剛爆發,True
VRSN,Information Technology,Verisign,2026-08-17,281.8,0.94,-8.83,31.25,13.65,0.667,45,53,24,43.2,,,,,,,,,,,,,,,,,,,,,,,33,34,34,,34,,False
TYL,Information Technology,Tyler Technologies,2026-08-17,350.73,18.03,11.96,10.64,12.82,1.0,17,27,50,26.6,,,,,,,,,,,,,,,,,,,,,,,34,34,34,,34,,False
KEYS,Information Technology,Keysight Technologies,2026-08-17,316.13,-0.8,-8.78,29.81,12.51,0.333,51,52,26,46.3,,,,,,,,,,,,,,,,,,,,,,,35,34,34,,34,,False
ADSK,Information Technology,Autodesk,2026-08-17,253.82,21.01,5.33,11.83,12.5,1.0,16,32,47,27.0,,,,,,,,,,,,,,,,,,,,,,,36,34,34,,34,,False
CDW,Information Technology,CDW Corporation,2026-08-17,137.25,2.56,23.85,11.33,12.27,1.0,40,11,48,32.9,3.97,-0.26,False,False,136.2,7.53,0.824,False,168.93,-20.95,-5.99,2.58,11.0,9.0,1732745.0,2101844.0,1.222,2403400.0,1613510.0,2045473.0,1.175,81.91,37,24,3,25.0,31,剛爆發,True
ADBE,Information Technology,Adobe Inc.,2026-08-17,275.3,22.3,12.48,6.45,11.92,1.0,14,26,56,26.0,2.5,3.18,False,True,231.91,9.26,1.291,False,370.86,-26.6,0.64,28.3,14.0,6.0,5402621.0,4185783.0,2.333,2631400.0,4256840.0,4376053.0,0.601,100.0,38,1,25,20.6,23,剛爆發,True
CTSH,Information Technology,Cognizant,2026-08-17,61.87,36.93,17.98,-3.63,11.91,0.667,5,18,65,20.9,-0.66,4.98,False,True,48.55,10.04,1.243,False,85.48,-28.73,3.35,42.47,13.0,7.0,10211261.0,8218085.0,1.857,4752400.0,8119130.0,8761046.0,0.542,100.0,39,1,29,21.8,28,剛爆發,False
TER,Information Technology,Teradyne,2026-08-17,375.74,7.38,4.83,15.71,10.91,1.0,31,33,39,33.2,,,,,,,,,,,,,,,,,,,,,,,40,34,34,,34,剛爆發,False
MSI,Information Technology,Motorola Solutions,2026-08-17,480.47,14.99,19.26,4.41,10.77,1.0,19,15,58,25.6,14.45,3.83,False,True,426.96,6.25,0.994,False,493.57,-4.04,1.85,16.37,12.0,8.0,1006275.0,1012187.0,1.5,1564800.0,977630.0,1039093.0,1.506,100.0,41,1,1,17.0,20,剛爆發,True
PTC,Information Technology,PTC Inc.,2026-08-17,154.68,30.51,4.35,-0.31,8.56,0.667,6,37,60,26.1,0.98,27.86,False,True,128.67,6.69,1.499,False,217.64,-29.46,-0.24,35.8,15.0,5.0,1600326.0,1067580.0,3.0,826400.0,1070040.0,1283133.0,0.644,100.0,42,1,21,21.4,26,剛爆發,True
INTU,Information Technology,Intuit,2026-08-17,367.0,23.85,15.22,-2.83,8.35,0.667,12,23,64,25.7,1.84,12.69,True,True,297.22,13.05,1.153,False,697.25,-48.1,1.0,28.54,14.0,6.0,3886671.0,3372350.0,2.333,3288900.0,3368610.0,3395933.0,0.968,100.0,43,1,6,18.8,22,剛爆發,True
KLAC,Information Technology,KLA Corporation,2026-08-17,183.99,-12.5,-2.46,23.28,7.9,0.333,71,45,30,55.0,,,,,,,,,,,,,,,,,,,,,,,44,34,34,,34,剛爆發,False
APH,Information Technology,Amphenol,2026-08-17,157.01,2.84,19.07,4.32,7.64,1.0,39,17,59,36.4,,,,,,,,,,,,,,,,,,,,,,,45,34,34,,34,剛爆發,False
NVDA,Information Technology,Nvidia,2026-08-17,214.72,3.81,-0.17,13.26,7.54,0.667,37,43,46,40.6,,,,,,,,,,,,,,,,,,,,,,,46,34,34,,34,剛爆發,False
AAPL,Information Technology,Apple Inc.,2026-08-17,309.35,-7.03,0.26,17.13,6.87,0.667,67,42,37,53.5,,,,,,,,,,,,,,,,,,,,,,,47,34,34,,34,剛爆發,False
GDDY,Information Technology,GoDaddy,2026-08-17,97.07,4.2,7.31,7.09,6.42,1.0,36,29,55,37.7,,,,,,,,,,,,,,,,,,,,,,,48,34,34,,34,剛爆發,False
TXN,Information Technology,Texas Instruments,2026-08-17,264.36,-4.96,-14.07,21.54,6.01,0.333,64,56,34,55.6,,,,,,,,,,,,,,,,,,,,,,,49,34,34,,34,剛爆發,False
SWKS,Information Technology,Skyworks Solutions,2026-08-17,67.14,11.51,-17.83,14.13,5.49,0.667,26,61,42,39.7,,,,,,,,,,,,,,,,,,,,,,,50,34,34,,34,剛爆發,False
JBL,Information Technology,Jabil,2026-08-17,313.21,0.22,-14.02,15.59,4.34,0.667,49,55,40,49.0,,,,,,,,,,,,,,,,,,,,,,,51,34,34,,34,剛爆發,False
COHR,Information Technology,Coherent Corp.,2026-08-17,289.52,2.52,-23.32,16.66,3.13,0.667,41,65,38,47.6,,,,,,,,,,,,,,,,,,,,,,,52,34,34,,34,剛爆發,False
AVGO,Information Technology,Broadcom,2026-08-17,368.45,-3.53,-10.89,11.17,1.98,0.333,58,54,49,55.0,,,,,,,,,,,,,,,,,,,,,,,53,34,34,,34,剛爆發,False
ACN,Information Technology,Accenture,2026-08-17,185.28,26.05,4.61,-12.19,1.57,0.667,11,36,71,30.5,2.46,3.26,False,True,152.42,9.79,0.959,False,285.21,-36.42,1.6,30.71,14.0,6.0,6463835.0,6739566.0,2.333,4383300.0,5388740.0,5760886.0,0.761,100.0,54,1,16,25.2,32,剛爆發,True
ADI,Information Technology,Analog Devices,2026-08-17,373.09,0.33,-5.78,5.7,1.49,0.667,47,48,57,49.3,,,,,,,,,,,,,,,,,,,,,,,55,34,34,,34,剛爆發,False
CIEN,Information Technology,Ciena,2026-08-17,395.79,1.24,-32.2,18.16,1.34,0.667,43,71,35,49.8,,,,,,,,,,,,,,,,,,,,,,,56,34,34,,34,剛爆發,False
AKAM,Information Technology,Akamai Technologies,2026-08-17,110.42,-4.29,-25.0,17.26,1.3,0.333,61,69,36,58.4,,,,,,,,,,,,,,,,,,,,,,,57,34,34,,34,剛爆發,False
Q,Information Technology,Qnity Electronics,2026-08-17,128.88,-4.58,-17.83,13.72,1.26,0.333,63,61,43,58.4,,,,,,,,,,,,,,,,,,,,,,,58,34,34,,34,剛爆發,False
ORCL,Information Technology,Oracle Corporation,2026-08-17,146.47,27.38,-23.48,-0.4,0.78,0.333,9,66,61,36.5,7.52,5.69,False,False,146.3,14.76,1.378,False,341.82,-58.44,-9.06,18.35,11.0,9.0,34706436.0,25195211.0,1.222,15184400.0,24866330.0,28207986.0,0.538,99.83,59,18,30,36.8,33,剛爆發,True
MPWR,Information Technology,Monolithic Power Systems,2026-08-17,1316.28,-1.31,-17.08,9.7,0.25,0.333,52,60,51,54.2,,,,,,,,,,,,,,,,,,,,,,,60,34,34,,34,剛爆發,False
TRMB,Information Technology,Trimble Inc.,2026-08-17,60.25,13.87,6.94,-10.9,-0.25,0.667,21,30,69,33.3,,,,,,,,,,,,,,,,,,,,,,,61,34,34,,34,剛爆發,False
CDNS,Information Technology,Cadence Design Systems,2026-08-17,319.02,-2.21,-14.61,7.68,-0.37,0.333,54,57,53,54.7,,,,,,,,,,,,,,,,,,,,,,,62,34,34,,34,剛爆發,False
GLW,Information Technology,Corning Inc.,2026-08-17,149.84,2.18,-22.66,7.77,-1.24,0.667,42,64,52,50.6,,,,,,,,,,,,,,,,,,,,,,,63,34,34,,34,剛爆發,False
QCOM,Information Technology,Qualcomm,2026-08-17,160.75,-3.73,-32.25,13.65,-2.17,0.333,60,72,44,60.4,,,,,,,,,,,,,,,,,,,,,,,64,34,34,,34,剛爆發,False
IBM,Information Technology,IBM,2026-08-17,235.68,10.82,-6.49,-7.02,-2.42,0.333,28,49,67,42.1,,,,,,,,,,,,,,,,,,,,,,,65,34,34,,34,剛爆發,False
TDY,Information Technology,Teledyne Technologies,2026-08-17,636.15,-2.93,2.53,-4.87,-2.54,0.333,57,39,66,53.4,,,,,,,,,,,,,,,,,,,,,,,66,34,34,,34,剛爆發,False
MCHP,Information Technology,Microchip Technology,2026-08-17,76.08,-3.53,-18.57,-1.05,-6.05,0.0,58,63,62,60.3,,,,,,,,,,,,,,,,,,,,,,,67,34,34,,34,剛爆發,False
TEL,Information Technology,TE Connectivity,2026-08-17,203.52,0.29,0.36,-12.96,-6.32,0.667,48,41,72,50.7,,,,,,,,,,,,,,,,,,,,,,,68,34,34,,34,剛爆發,False
FSLR,Information Technology,First Solar,2026-08-17,214.28,5.65,-16.9,-11.41,-8.52,0.333,33,59,70,48.2,,,,,,,,,,,,,,,,,,,,,,,69,34,34,,34,剛爆發,False
ON,Information Technology,ON Semiconductor,2026-08-17,74.21,-14.51,-36.14,7.38,-8.97,0.333,72,73,54,68.7,,,,,,,,,,,,,,,,,,,,,,,70,34,34,,34,剛爆發,False
SNPS,Information Technology,Synopsys,2026-08-17,397.87,6.53,-24.18,-9.56,-9.19,0.333,32,67,68,49.7,,,,,,,,,,,,,,,,,,,,,,,71,34,34,,34,剛爆發,False
FICO,Information Technology,Fair Isaac,2026-08-17,1172.67,-5.23,-5.42,-13.16,-9.25,0.0,65,47,73,61.2,,,,,,,,,,,,,,,,,,,,,,,72,34,34,,34,剛爆發,False
NXPI,Information Technology,NXP Semiconductors,2026-08-17,225.56,-16.22,-28.48,-2.05,-12.2,0.0,73,70,63,70.1,,,,,,,,,,,,,,,,,,,,,,,73,34,34,,34,剛爆發,False
FCX,Materials,Freeport-McMoRan,2026-08-17,76.66,22.46,23.97,19.7,21.46,1.0,3,4,4,3.5,18.5,21.95,False,True,64.31,8.67,1.043,False,72.1,-1.23,6.57,12.16,11.0,9.0,12933781.0,12395622.0,1.222,17647400.0,11538230.0,12078700.0,1.461,96.52,1,5,6,3.6,1,,True
CF,Materials,CF Industries,2026-08-17,129.6,4.16,7.04,34.6,20.1,1.0,12,13,2,10.3,-15.07,8.66,False,True,115.09,15.03,1.143,False,140.66,-10.63,7.94,-0.29,8.0,12.0,2508462.0,2194866.0,0.667,3316000.0,2448660.0,2461860.0,1.347,83.01,2,17,8,9.2,6,吃老本,False
NEM,Materials,Newmont,2026-08-17,131.58,41.2,22.53,8.21,20.03,1.0,1,5,8,3.6,5.68,33.45,False,True,100.76,15.76,1.139,False,134.29,-4.95,11.78,34.76,13.0,7.0,7753000.0,6808300.0,1.857,9674100.0,7914060.0,7533560.0,1.284,100.0,3,1,10,3.6,1,,True
NUE,Materials,Nucor,2026-08-17,243.63,-1.59,5.27,36.14,18.99,0.667,20,17,1,15.3,6.94,14.67,False,False,248.12,14.66,0.836,False,280.11,-14.15,-11.68,-0.28,12.0,8.0,1483900.0,1775100.0,1.5,2271500.0,1490850.0,1547460.0,1.468,82.29,4,19,5,10.2,11,吃老本,True
LYB,Materials,LyondellBasell,2026-08-17,67.53,11.95,-2.13,21.87,13.39,0.667,5,20,3,9.1,25.6,76.13,False,True,59.83,15.3,0.988,False,83.07,-18.02,9.13,10.34,11.0,9.0,4606154.0,4663877.0,1.222,4403500.0,4345210.0,4625840.0,0.952,95.47,5,6,16,7.6,3,,True
SW,Materials,Smurfit Westrock,2026-08-17,49.39,2.64,30.99,3.43,10.12,1.0,13,2,12,9.5,-16.91,-17.35,False,True,45.56,7.24,1.356,False,51.52,-6.46,-2.78,11.25,9.0,11.0,6137677.0,4527736.0,0.818,5625800.0,4339960.0,4493173.0,1.252,91.64,6,13,11,9.8,10,吃老本,True
AMCR,Materials,Amcor,2026-08-17,48.59,9.09,28.71,-0.88,9.01,0.667,9,3,13,8.0,4.24,0.55,False,True,44.04,7.41,0.875,False,49.46,-3.33,3.08,12.15,11.0,9.0,3837636.0,4386522.0,1.222,4900100.0,4006920.0,4128500.0,1.187,92.17,7,9,12,8.8,4,,True
PKG,Materials,Packaging Corporation of America,2026-08-17,252.79,-0.63,17.86,7.9,8.26,0.667,17,6,9,12.1,1.62,12.54,False,True,239.92,4.95,1.191,False,259.98,-4.01,-2.91,6.7,9.0,11.0,680055.0,571090.0,0.818,633500.0,456390.0,484366.0,1.308,85.96,8,15,9,11.0,12,吃老本,True
IFF,Materials,International Flavors & Fragrances,2026-08-17,84.28,10.98,12.55,4.71,8.24,1.0,6,9,11,7.9,-26.57,16.51,False,True,79.24,6.34,1.009,False,89.32,-6.64,-0.8,13.04,12.0,8.0,1633508.0,1619712.0,1.5,1263600.0,1320930.0,1623566.0,0.778,97.65,9,4,18,8.8,4,,False
APD,Materials,Air Products,2026-08-17,305.1,2.43,6.05,9.87,7.05,1.0,14,16,6,13.0,3.8,4.54,False,True,294.11,5.14,0.76,False,314.87,-4.62,-1.7,2.05,13.0,7.0,908292.0,1194785.0,1.857,1615400.0,826780.0,933073.0,1.731,91.71,10,12,2,9.2,6,,True
STLD,Materials,Steel Dynamics,2026-08-17,228.68,-7.46,-4.51,18.88,6.45,0.333,24,21,5,19.3,0.56,-0.19,False,False,247.54,20.92,0.959,False,288.09,-23.98,-15.94,-8.97,10.0,10.0,1148180.0,1196650.0,1.0,2251800.0,1182060.0,1161820.0,1.938,70.04,11,23,1,13.8,16,吃老本,True
AVY,Materials,Avery Dennison,2026-08-17,183.71,14.18,15.8,-5.65,4.67,0.667,4,7,17,7.5,17.0,1.81,False,True,166.11,6.92,0.978,False,197.29,-7.41,1.48,17.71,13.0,7.0,864192.0,883385.0,1.857,554800.0,712740.0,790433.0,0.702,100.0,12,1,22,9.6,9,剛爆發,True
IP,Materials,International Paper,2026-08-17,41.49,-0.47,34.11,-8.23,4.3,0.333,16,1,19,12.1,205.43,5.41,False,True,38.51,5.09,1.304,False,48.47,-16.73,-0.73,7.68,10.0,10.0,5544300.0,4253180.0,1.0,2880900.0,3359940.0,3903860.0,0.738,92.13,13,10,20,13.2,15,,True
DOW,Materials,Dow Inc.,2026-08-17,32.35,8.41,-9.25,8.34,3.96,0.667,10,24,7,13.6,12.62,51.7,False,True,30.3,13.32,1.022,False,42.31,-22.24,8.37,6.47,11.0,9.0,9323581.0,9123122.0,1.222,14366300.0,7869650.0,8395253.0,1.711,93.45,14,8,3,9.4,8,剛爆發,True
SHW,Materials,Sherwin-Williams,2026-08-17,346.59,9.16,12.14,-3.43,3.61,0.667,8,10,15,10.0,5.13,3.56,False,True,338.59,8.86,1.146,False,376.95,-7.97,-4.05,11.71,11.0,9.0,2122354.0,1852333.0,1.222,1828500.0,1571680.0,1727166.0,1.059,93.79,15,7,14,11.6,13,剛爆發,True
CTVA,Materials,Corteva,2026-08-17,81.79,-8.36,3.04,7.67,2.51,0.667,25,18,10,19.9,2.93,27.11,False,False,81.71,9.33,0.794,False,90.97,-12.65,4.84,-10.5,10.0,10.0,4337400.0,5463960.0,1.0,4927700.0,3740850.0,5111093.0,0.964,74.53,16,22,15,18.2,20,吃老本,True
BALL,Materials,Ball Corporation,2026-08-17,63.59,-0.39,12.94,-3.78,1.25,0.333,15,8,16,13.1,4.27,11.31,False,True,61.75,4.27,0.998,False,67.84,-7.71,1.1,0.61,8.0,12.0,1909587.0,1913583.0,0.667,1634800.0,1663280.0,1908586.0,0.857,78.27,17,21,17,18.6,21,,True
ECL,Materials,Ecolab,2026-08-17,281.63,4.79,11.48,-6.91,0.61,0.667,11,11,18,12.4,0.48,0.17,False,True,275.53,5.12,1.065,False,307.61,-8.49,1.89,6.97,11.0,9.0,1427381.0,1339733.0,1.222,1862800.0,1351090.0,1368073.0,1.362,91.92,18,11,7,13.0,14,剛爆發,True
LIN,Materials,Linde plc,2026-08-17,487.57,-4.82,-5.5,-1.16,-3.16,0.0,23,23,14,21.2,0.66,1.4,False,False,508.1,4.74,0.968,False,548.2,-12.21,0.65,-4.94,10.0,10.0,2195950.0,2267490.0,1.0,1811400.0,1964600.0,2328033.0,0.778,79.24,19,20,18,19.2,22,,True
MOS,Materials,Mosaic Company (The),2026-08-17,24.41,9.46,8.44,-15.51,-3.28,0.667,7,12,23,11.7,-5.88,-77.32,False,True,22.11,12.52,1.191,False,35.98,-35.11,7.21,4.8,10.0,10.0,8643690.0,7256260.0,1.0,12618800.0,7398860.0,8304213.0,1.52,91.61,20,14,4,14.4,17,剛爆發,True
VMC,Materials,Vulcan Materials Company,2026-08-17,276.04,-1.13,6.1,-9.06,-3.29,0.333,18,14,21,17.4,4.92,22.32,False,False,287.76,6.71,0.909,False,329.2,-17.78,-2.47,-1.37,11.0,9.0,985709.0,1084422.0,1.222,583000.0,754700.0,932106.0,0.625,82.43,21,18,23,20.2,23,,True
PPG,Materials,PPG Industries,2026-08-17,113.63,-1.43,6.08,-9.05,-3.36,0.333,19,15,20,18.0,-1.04,3.65,False,False,116.57,6.9,1.039,False,130.99,-14.16,-2.0,-0.54,11.0,9.0,1892490.0,1820933.0,1.222,1574900.0,1293280.0,1469620.0,1.072,85.4,22,16,13,17.8,19,剛爆發,False
ALB,Materials,Albemarle Corporation,2026-08-17,143.25,24.73,-16.3,-14.52,-5.15,0.333,2,25,22,12.9,15.71,124.6,False,True,132.8,8.84,1.171,False,220.44,-39.13,2.84,14.78,11.0,9.0,2414627.0,2062177.0,1.222,1618800.0,1932700.0,2287440.0,0.708,98.83,23,3,21,14.6,18,剛爆發,True
MLM,Materials,Martin Marietta Materials,2026-08-17,534.92,-4.41,-0.15,-21.81,-12.04,0.0,21,19,24,21.0,,,,,,,,,,,,,,,,,,,,,,,24,24,24,,24,,False
CRH,Materials,CRH plc,2026-08-17,95.07,-4.42,-4.9,-22.5,-13.58,0.0,22,22,25,22.6,,,,,,,,,,,,,,,,,,,,,,,25,24,24,,24,,False
DOC,Real Estate,Healthpeak Properties,2026-08-17,21.4,-3.43,10.04,29.99,16.65,0.667,17,5,1,10.2,198.62,363.12,False,False,21.21,4.58,0.993,False,22.84,-7.17,2.38,-3.51,9.0,11.0,5638777.0,5681063.0,0.818,4808700.0,4211840.0,5443586.0,0.883,78.49,1,18,7,9.0,5,吃老本,True
INVH,Real Estate,Invitation Homes,2026-08-17,30.11,1.11,3.85,21.7,12.09,1.0,7,12,2,7.5,9.76,-14.31,False,True,29.79,3.89,0.908,False,30.89,-2.02,-0.1,2.82,10.0,9.0,3714310.0,4090966.0,1.111,2959400.0,2952430.0,3672440.0,0.806,84.21,2,15,12,9.2,6,吃老本,True
HST,Real Estate,Host Hotels & Resorts,2026-08-17,23.21,-5.27,7.68,19.4,10.3,0.667,25,7,3,15.2,4.39,116.0,False,False,23.78,5.99,0.824,False,25.71,-10.19,1.49,-3.63,10.0,10.0,9253660.0,11235710.0,1.0,9739600.0,9787240.0,10519506.0,0.926,77.83,3,20,5,10.2,7,吃老本,True
BXP,Real Estate,"BXP, Inc.",2026-08-17,67.67,-2.08,13.42,13.86,9.77,0.667,16,2,7,10.0,14.75,97.57,False,True,67.63,5.7,1.181,False,75.95,-10.75,-2.02,-0.09,11.0,9.0,1532509.0,1297233.0,1.222,872800.0,1084980.0,1167973.0,0.747,88.14,4,10,16,8.8,4,吃老本,True
WELL,Real Estate,Welltower,2026-08-17,239.22,-4.74,11.08,16.14,9.66,0.667,22,4,5,13.2,-16.88,9.38,False,True,230.72,6.05,0.88,False,254.24,-6.62,1.26,-3.54,9.0,11.0,2955000.0,3356309.0,0.818,2683400.0,2820180.0,3150926.0,0.852,76.06,5,23,9,13.0,10,吃老本,False
ESS,Real Estate,Essex Property Trust,2026-08-17,289.0,-1.52,5.37,15.79,8.85,0.667,13,10,6,10.7,-35.97,15.55,False,False,287.82,3.96,1.271,False,303.35,-5.16,0.11,-1.87,13.0,7.0,461069.0,362700.0,1.857,297800.0,324750.0,378593.0,0.787,99.02,6,4,14,6.8,2,,False
CBRE,Real Estate,CBRE Group,2026-08-17,152.1,9.06,16.04,3.46,8.01,1.0,2,1,17,4.7,5.77,42.05,False,True,141.38,8.8,1.216,False,174.27,-12.9,-0.07,11.98,13.0,7.0,1833153.0,1507028.0,1.857,1915500.0,1348290.0,1447960.0,1.323,100.0,7,1,2,3.6,1,剛爆發,True
EQIX,Real Estate,Equinix,2026-08-17,1065.39,-1.27,-0.86,16.54,7.74,0.333,12,21,4,13.1,6.33,-3.8,False,True,1047.42,7.31,0.985,False,1118.65,-3.22,1.3,5.25,10.0,10.0,621120.0,630460.0,1.0,358100.0,537430.0,598066.0,0.599,85.91,8,13,24,13.2,12,,True
SPG,Real Estate,Simon Property Group,2026-08-17,218.29,-5.0,7.96,10.68,6.08,0.667,24,6,10,15.8,10.11,-17.98,False,False,222.93,2.73,0.852,False,238.5,-7.8,-0.71,-2.35,8.0,12.0,1203950.0,1412383.0,0.667,1140100.0,1209190.0,1357473.0,0.84,73.22,9,25,10,15.6,18,吃老本,True
ARE,Real Estate,Alexandria Real Estate Equities,2026-08-17,53.49,5.01,12.04,2.61,5.56,1.0,5,3,18,7.0,26.17,1359.96,False,True,50.41,15.44,1.145,False,83.17,-36.35,9.33,5.63,9.0,11.0,2248944.0,1964081.0,0.818,2965600.0,2004830.0,2176813.0,1.362,89.42,10,9,1,7.8,3,,True
PSA,Real Estate,Public Storage,2026-08-17,322.49,0.0,6.63,7.8,5.56,1.0,9,8,14,9.7,-2.93,2.19,False,True,322.17,3.22,1.149,False,335.55,-3.82,-1.82,2.45,10.0,10.0,1035770.0,901380.0,1.0,510300.0,697370.0,778493.0,0.655,85.85,10,14,21,13.8,13,,False
VMRK,Real Estate,Vivmark Residential,2026-08-17,66.79,-1.58,1.94,9.11,4.64,0.667,14,15,13,14.1,,,False,False,67.06,6.42,0.746,False,71.5,-8.9,-1.26,-4.6,10.0,9.0,3765690.0,5049855.0,1.111,4329600.0,5910560.0,4810180.0,0.9,76.45,12,22,6,14.8,15,吃老本,False
VTR,Real Estate,Ventas,2026-08-17,93.06,-7.43,6.15,9.62,4.49,0.667,29,9,12,19.6,51.73,-1.4,False,True,90.91,7.43,0.771,False,101.6,-8.78,2.65,-5.35,10.0,9.0,3155410.0,4090155.0,1.111,2090700.0,3162010.0,3284366.0,0.637,78.02,13,19,22,17.2,21,吃老本,True
IRM,Real Estate,Iron Mountain,2026-08-17,122.02,-4.9,-2.85,12.3,4.21,0.333,23,25,8,20.6,7.51,15.76,False,False,124.63,7.9,0.969,False,134.68,-8.72,-2.91,-1.29,12.0,8.0,1748375.0,1804475.0,1.5,1380000.0,1350070.0,1762386.0,0.783,87.52,14,11,15,13.0,10,,True
DLR,Real Estate,Digital Realty,2026-08-17,190.62,-4.25,-0.07,9.97,3.91,0.333,21,20,11,18.7,-15.0,2.71,False,True,186.74,6.72,1.394,False,207.47,-6.35,-1.66,8.34,10.0,10.0,3017310.0,2163950.0,1.0,1367100.0,1920130.0,2003960.0,0.682,93.74,15,5,19,11.8,8,剛爆發,False
FRT,Real Estate,Federal Realty Investment Trust,2026-08-17,116.74,-7.41,-1.61,10.83,3.16,0.333,27,22,9,21.9,35.3,165.2,False,False,121.96,3.56,1.309,False,128.21,-8.55,-1.38,-6.07,6.0,13.0,1050783.0,802630.0,0.462,741000.0,846520.0,904273.0,0.819,75.64,16,24,11,18.2,23,吃老本,True
KIM,Real Estate,Kimco Realty,2026-08-17,24.02,-7.97,0.72,5.98,1.17,0.667,30,18,15,23.4,13.48,7.45,False,False,25.19,3.3,0.704,False,26.65,-9.34,-0.94,-6.14,7.0,13.0,3513985.0,4990053.0,0.538,2957300.0,3298330.0,4427293.0,0.668,66.34,17,26,20,21.2,24,吃老本,True
UDR,Real Estate,"UDR, Inc.",2026-08-17,37.77,-4.23,0.11,3.65,0.8,0.667,20,19,16,18.9,,,,,,,,,,,,,,,,,,,,,,,18,27,27,,27,吃老本,False
WY,Real Estate,Weyerhaeuser,2026-08-17,24.43,2.05,4.14,-1.69,0.7,0.667,6,11,23,10.9,66.58,119.91,False,True,24.35,9.35,1.206,False,27.28,-9.74,-0.81,4.15,9.0,10.0,6234488.0,5170150.0,0.9,5105300.0,5168920.0,5853326.0,0.872,86.77,19,12,8,14.0,14,剛爆發,True
MAA,Real Estate,Mid-America Apartment Communities,2026-08-17,131.31,-1.92,1.29,0.74,0.21,0.667,15,16,22,16.7,33.8,26.45,False,False,134.34,4.22,0.892,False,142.76,-7.49,-1.59,-0.52,10.0,10.0,969230.0,1086840.0,1.0,953800.0,775950.0,927880.0,1.028,79.66,20,16,4,15.2,17,,True
CPT,Real Estate,Camden Property Trust,2026-08-17,107.59,-5.4,1.03,2.39,0.1,0.667,26,17,19,21.9,,,,,,,,,,,,,,,,,,,,,,,21,27,27,,27,吃老本,False
EXR,Real Estate,Extra Space Storage,2026-08-17,146.81,-0.61,3.56,-1.72,-0.12,0.333,10,13,24,13.7,8.6,3.4,False,False,147.36,4.13,1.247,False,158.88,-7.31,-1.43,1.27,11.0,8.0,1275127.0,1022487.0,1.375,664800.0,741510.0,916820.0,0.725,92.64,22,6,18,14.8,15,剛爆發,True
PLD,Real Estate,Prologis,2026-08-17,141.8,-3.95,-2.1,1.74,-0.64,0.333,18,23,20,19.9,,,,,,,,,,,,,,,,,,,,,,,23,27,27,,27,,False
AMT,Real Estate,American Tower,2026-08-17,175.8,5.48,-3.47,-4.3,-1.65,0.333,4,26,26,15.0,20.65,17.04,False,True,172.21,5.45,0.758,False,206.8,-15.03,0.88,6.72,14.0,6.0,2562500.0,3379883.0,2.333,1904200.0,1784000.0,2388620.0,0.797,100.0,24,1,13,12.6,9,剛爆發,True
O,Real Estate,Realty Income,2026-08-17,62.6,-4.17,2.25,-2.89,-1.92,0.333,19,14,25,18.7,-12.71,-17.72,False,True,62.92,3.63,1.212,False,66.87,-5.53,0.35,-1.98,7.0,12.0,6242742.0,5151933.0,0.583,3589300.0,5877230.0,5842686.0,0.614,78.91,25,17,23,21.4,25,剛爆發,True
REG,Real Estate,Regency Centers,2026-08-17,76.06,-7.41,-2.61,0.88,-2.07,0.333,27,24,21,24.9,,,,,,,,,,,,,,,,,,,,,,,26,27,27,,27,,False
SBAC,Real Estate,SBA Communications,2026-08-17,182.59,5.92,-10.57,-6.67,-4.5,0.333,3,29,27,15.6,-1.22,-0.28,False,False,183.23,4.63,0.792,False,221.58,-18.52,-2.37,3.97,9.0,11.0,986644.0,1246290.0,0.818,570100.0,726120.0,1115120.0,0.511,77.56,27,21,26,24.4,26,剛爆發,False
VICI,Real Estate,Vici Properties,2026-08-17,26.51,-0.82,-5.42,-8.96,-6.04,0.0,11,28,28,19.5,-31.75,15.01,False,False,26.63,3.87,1.125,False,31.85,-16.59,0.87,0.95,14.0,6.0,10306135.0,9158733.0,2.333,5688600.0,8372250.0,9964226.0,0.571,100.0,28,1,25,16.6,20,剛爆發,False
CCI,Real Estate,Crown Castle,2026-08-17,75.51,0.81,-16.48,-12.12,-9.97,0.333,8,30,29,18.8,36.09,6.18,False,False,78.67,4.04,0.755,False,99.81,-24.47,-0.45,1.1,13.0,7.0,3436830.0,4554071.0,1.857,2527400.0,2217700.0,3433140.0,0.736,91.54,29,7,17,17.8,22,剛爆發,True
CSGP,Real Estate,CoStar Group,2026-08-17,32.26,16.63,-4.98,-35.31,-14.74,0.333,1,27,30,14.6,11.88,24.8,False,True,30.11,11.91,0.893,False,91.89,-64.89,-2.39,18.87,10.0,10.0,6914240.0,7742170.0,1.0,6621600.0,5586950.0,6025180.0,1.099,90.99,30,8,3,15.8,19,剛爆發,True
AWK,Utilities,American Water Works,2026-08-17,135.39,1.21,8.86,6.1,5.57,1.0,1,1,1,1.0,3.97,-7.4,False,True,131.82,6.13,0.987,False,143.91,-4.66,0.55,2.76,12.0,8.0,2501416.0,2534012.0,1.5,1661700.0,2213800.0,2333213.0,0.712,91.65,1,3,20,5.6,3,,True
D,Utilities,Dominion Energy,2026-08-17,66.6,-6.33,-0.6,3.07,-0.2,0.333,8,7,3,6.7,17.2,4.37,False,False,69.14,5.51,0.942,False,72.99,-7.56,-1.56,-5.58,6.0,13.0,3218883.0,3415530.0,0.462,3071700.0,2988930.0,3377466.0,0.909,69.44,2,22,11,11.8,12,吃老本,True
PCG,Utilities,PG&E Corporation,2026-08-17,17.6,-1.4,7.04,-3.58,-0.38,0.333,4,2,11,4.8,11.64,8.83,False,True,17.25,8.72,1.427,False,19.05,-5.72,2.86,2.39,12.0,8.0,30344925.0,21266987.0,1.5,49681300.0,24358960.0,26732573.0,1.858,100.0,3,1,1,1.8,1,,True
EVRG,Utilities,Evergy,2026-08-17,80.92,-6.41,-2.79,3.38,-0.61,0.333,9,9,2,7.6,9.85,13.81,False,False,84.07,4.58,0.852,False,87.89,-5.38,0.44,-3.23,9.0,11.0,1720655.0,2019718.0,0.818,2381400.0,1869340.0,1955193.0,1.218,75.42,4,10,3,6.2,5,吃老本,True
ED,Utilities,Consolidated Edison,2026-08-17,106.35,-5.12,-1.21,-1.54,-2.35,0.0,6,8,7,6.8,7.37,-3.83,False,False,109.02,4.42,0.978,False,114.33,-5.26,0.75,-3.18,12.0,8.0,2394391.0,2448612.0,1.5,2315300.0,2302340.0,2364853.0,0.979,88.0,5,4,9,5.4,2,,True
EIX,Utilities,Edison International,2026-08-17,71.59,-10.23,1.77,-0.58,-2.4,0.333,26,4,6,15.4,26.99,7.42,False,True,73.82,12.45,0.709,False,81.62,-8.53,5.63,-6.25,9.0,11.0,2840777.0,4008900.0,0.818,3661000.0,3288810.0,3894673.0,0.94,73.17,6,16,10,10.8,9,吃老本,True
PNW,Utilities,Pinnacle West Capital,2026-08-17,97.36,-7.37,-4.56,0.79,-2.59,0.333,15,13,5,12.4,-2.66,15889.47,False,False,103.52,3.55,0.884,False,110.16,-9.78,-1.33,-4.88,9.0,11.0,1112533.0,1259136.0,0.818,925000.0,966440.0,1131366.0,0.818,74.27,7,14,14,11.2,11,吃老本,False
ES,Utilities,Eversource Energy,2026-08-17,70.21,-6.27,0.3,-2.4,-2.69,0.333,7,5,9,6.8,-0.33,6.21,False,False,72.56,3.38,0.767,False,76.57,-5.77,-0.1,-3.31,10.0,10.0,2004350.0,2614200.0,1.0,1933500.0,1833170.0,2282406.0,0.847,76.39,8,7,13,8.6,6,,False
ETR,Utilities,Entergy,2026-08-17,104.62,-9.23,-6.37,1.73,-3.04,0.333,23,21,4,18.6,2.39,2.26,False,False,110.96,5.15,0.996,False,117.75,-8.84,0.4,-6.75,9.0,11.0,2440188.0,2449718.0,0.818,1649800.0,1987150.0,2178866.0,0.757,75.81,9,9,18,10.8,9,,True
AES,Utilities,AES Corporation,2026-08-17,14.77,0.72,1.82,-8.35,-3.54,0.667,2,3,24,6.7,-6.05,108.27,False,True,14.6,0.68,1.349,True,17.23,-14.27,0.27,0.79,10.0,6.0,7009170.0,5197066.0,1.667,7883900.0,5965150.0,6719540.0,1.173,99.18,10,2,4,5.6,3,剛爆發,False
AEE,Utilities,Ameren,2026-08-17,106.13,-6.72,-3.96,-2.22,-3.78,0.0,11,11,8,10.4,4.18,8.16,False,False,111.02,4.12,0.941,False,118.32,-8.05,-0.3,-3.96,9.0,11.0,1517611.0,1613354.0,0.818,1731300.0,1456920.0,1659686.0,1.043,76.24,11,8,7,9.0,8,,True
DUK,Utilities,Duke Energy,2026-08-17,119.85,-7.37,-3.79,-3.81,-4.7,0.0,15,10,12,12.9,9.61,7.24,False,False,124.68,4.87,0.869,False,132.18,-7.18,-0.58,-4.25,9.0,11.0,4358333.0,5017327.0,0.818,3729200.0,4961370.0,5102280.0,0.731,74.69,12,12,19,13.4,13,,True
FE,Utilities,FirstEnergy,2026-08-17,45.96,-7.02,0.23,-6.58,-4.99,0.333,14,6,18,12.4,-0.48,0.63,False,False,47.53,3.8,0.773,False,51.3,-8.03,0.73,-3.72,8.0,12.0,3862975.0,4995400.0,0.667,3392800.0,3360170.0,4216100.0,0.805,71.59,13,20,15,16.2,18,吃老本,False
SO,Utilities,Southern Company,2026-08-17,88.94,-7.79,-5.16,-4.12,-5.3,0.0,18,16,13,16.4,11.82,8.87,False,False,93.83,3.48,0.89,False,98.45,-7.13,-0.65,-4.57,10.0,10.0,5157780.0,5793790.0,1.0,6415300.0,4787130.0,5524600.0,1.161,77.58,14,5,5,8.6,6,剛爆發,True
CEG,Utilities,Constellation Energy,2026-08-17,272.88,-0.38,-7.06,-7.04,-5.38,0.0,3,22,22,12.5,11.73,5.3,False,True,262.13,9.31,0.851,False,410.41,-33.5,-1.9,-0.82,8.0,12.0,2528900.0,2970850.0,0.667,2175700.0,2503120.0,2736426.0,0.795,73.64,15,15,16,15.2,16,,True
XEL,Utilities,Xcel Energy,2026-08-17,76.3,-6.58,-5.19,-5.04,-5.46,0.0,10,17,14,12.9,18.44,0.23,False,False,79.31,6.02,0.698,False,83.22,-5.42,-0.34,-2.55,9.0,11.0,3823300.0,5474681.0,0.818,5248300.0,4172570.0,4662173.0,1.126,72.83,16,18,6,14.8,15,,True
LNT,Utilities,Alliant Energy,2026-08-17,67.86,-8.76,-7.54,-2.99,-5.57,0.0,21,24,10,19.7,12.23,2.85,False,False,72.95,5.62,1.169,False,78.22,-11.19,-1.05,-5.96,7.0,13.0,2944942.0,2519069.0,0.538,1765400.0,2611250.0,2705466.0,0.653,74.54,17,13,21,16.2,18,,True
PPL,Utilities,PPL Corporation,2026-08-17,34.38,-5.08,-4.58,-6.74,-5.79,0.0,5,14,19,10.5,-4.0,2.08,False,False,35.84,6.17,0.993,False,39.79,-11.54,-1.35,-2.87,6.0,14.0,8705016.0,8768207.0,0.429,4793900.0,8994100.0,8303313.0,0.577,71.54,18,21,22,20.0,22,,False
WEC,Utilities,WEC Energy Group,2026-08-17,106.01,-7.63,-5.71,-5.68,-6.17,0.0,17,19,17,17.6,,,,,,,,,,,,,,,,,,,,,,,19,23,23,,23,,False
EXC,Utilities,Exelon,2026-08-17,43.78,-7.89,-4.41,-6.74,-6.44,0.0,20,12,19,17.4,-3.93,2.6,False,False,46.25,4.61,0.899,False,50.18,-10.2,-1.18,-4.7,9.0,11.0,6749488.0,7503672.0,0.818,4863400.0,5372990.0,6282193.0,0.774,74.72,20,11,17,15.8,17,剛爆發,False
ATO,Utilities,Atmos Energy,2026-08-17,166.85,-6.9,-5.63,-6.77,-6.52,0.0,13,18,21,16.1,5.6,1.84,False,False,173.46,3.52,0.884,False,191.43,-10.92,0.33,-4.22,8.0,12.0,981537.0,1110383.0,0.667,1128000.0,1100570.0,1107900.0,1.018,73.07,21,17,8,16.8,20,,True
DTE,Utilities,DTE Energy,2026-08-17,135.22,-9.53,-6.2,-5.26,-6.56,0.0,24,20,16,21.2,,,,,,,,,,,,,,,,,,,,,,,22,23,23,,23,,False
NEE,Utilities,NextEra Energy,2026-08-17,83.65,-6.83,-4.84,-7.97,-6.9,0.0,12,15,23,15.1,3.8,5.67,False,False,87.18,4.71,0.719,False,98.03,-13.26,-1.14,-5.3,9.0,10.0,9317588.0,12957620.0,0.9,15235400.0,10030840.0,11147500.0,1.367,72.45,23,19,2,17.2,21,,True
AEP,Utilities,American Electric Power,2026-08-17,120.94,-10.09,-7.39,-5.12,-6.93,0.0,25,23,15,22.4,-8.2,4.61,False,False,130.16,5.09,0.855,False,139.52,-9.9,0.26,-6.12,10.0,10.0,3465030.0,4050530.0,1.0,3358700.0,3052360.0,3699640.0,0.908,76.4,24,6,12,14.4,14,剛爆發,False
CMS,Utilities,CMS Energy,2026-08-17,68.27,-7.87,-7.66,-8.57,-8.17,0.0,19,25,25,22.0,,,,,,,,,,,,,,,,,,,,,,,25,23,23,,23,,False
CNP,Utilities,CenterPoint Energy,2026-08-17,38.77,-12.47,-8.94,-8.8,-9.75,0.0,29,27,26,27.8,,,,,,,,,,,,,,,,,,,,,,,26,23,23,,23,,False
SRE,Utilities,Sempra,2026-08-17,82.89,-10.85,-10.04,-10.14,-10.29,0.0,27,28,27,27.3,,,,,,,,,,,,,,,,,,,,,,,27,23,23,,23,,False
PEG,Utilities,Public Service Enterprise Group,2026-08-17,72.61,-9.02,-7.88,-13.72,-11.09,0.0,22,26,29,24.6,,,,,,,,,,,,,,,,,,,,,,,28,23,23,,23,,False
NI,Utilities,NiSource,2026-08-17,40.62,-12.4,-14.54,-11.26,-12.37,0.0,28,30,28,28.6,,,,,,,,,,,,,,,,,,,,,,,29,23,23,,23,剛爆發,False
VST,Utilities,Vistra Corp.,2026-08-17,136.21,-16.63,-12.71,-20.31,-17.49,0.0,30,29,30,29.7,,,,,,,,,,,,,,,,,,,,,,,30,23,23,,23,剛爆發,False
NRG,Utilities,NRG Energy,2026-08-17,113.11,-19.51,-17.54,-36.46,-27.49,0.0,31,31,31,31.0,,,,,,,,,,,,,,,,,,,,,,,31,23,23,,23,剛爆發,False
