symbol,sector,name,as_of_date,t_price,cum_ret_4w,cum_ret_13w,cum_ret_26w,point,di,avg_vol_4w,avg_vol_13w,avg_vol_26w,vol_change_4w,vol_change_13w,vol_change_26w,pv_state_4w,pv_state_13w,pv_state_26w,pv_verdict,cum_ret_4w_rank_in_sector,cum_ret_13w_rank_in_sector,cum_ret_26w_rank_in_sector,cms_a,surprise_l1,surprise_l2,pre_earnings_14d,above_50ma,ma50,amp_10d_pct,vp_ratio_stock,vcp,high_52w,high_52w_raw,pct_from_high,ret_5d,ret_20d,up_days_20,down_days_20,up_avg_vol,down_avg_vol,ud_ratio,vol_today,vol_10d_avg,vol_3w_avg,vol_ratio_stock_20d,vp_score_stock,rsi14,trend_state,trend_pattern,trend_signal,point_rank_in_sector,vp_score_rank_in_sector,vol_rank_in_sector,composite_in_sector,composite_rank_in_sector,stock_gap_alert,explosive_verdict,is_new_signal_3d,earnings_passed
NWSA,Communication Services,News Corp (Class A),2026-08-31,30.71,9.91,15.8,33.04,22.95,1.0,3935170,4771170,4580443,20.14,8.69,16.68,P+V+,P+V+,P+V+,⭐⭐⭐ 完美多頭,7,2,1,4.3,51.24,5.46,False,True,27.89,10.23,0.951,False,31.66,31.66,-3.0,1.09,11.43,16.0,4.0,3895337.0,4094500.0,4.0,5091800.0,3517410.0,3381800.0,1.506,100.0,64.78,多頭,頭頭高·底底高,空轉多預警,1,1,3,1.4,1,,,False,True
NWS,Communication Services,News Corp (Class B),2026-08-31,34.41,8.24,13.41,32.63,21.73,1.0,1146465,1490596,1481524,2.93,1.23,22.91,P+V+,P+V+,P+V+,⭐⭐⭐ 完美多頭,11,3,2,6.8,51.24,5.46,False,True,31.65,9.35,1.216,False,35.76,35.76,-3.78,-0.41,10.04,17.0,3.0,1177905.0,968300.0,5.667,1207100.0,984870.0,1053926.0,1.145,100.0,59.98,多頭,頭頭高·底底高,空轉多預警,2,1,10,3.2,2,,,False,True
FOXA,Communication Services,Fox Corporation (Class A),2026-08-31,67.35,14.74,2.31,20.9,14.71,1.0,5619995,6555938,5011881,18.16,89.05,38.59,P+V+,P+V+,P+V+,⭐⭐⭐ 完美多頭,2,12,3,5.2,29.29,36.35,False,True,58.99,5.78,0.998,False,76.02,76.39,-11.4,-1.74,15.66,12.0,7.0,5607766.0,5617485.0,1.714,6165600.0,5542530.0,5359400.0,1.15,100.0,60.34,多頭,頭頭高·底底高,,3,1,9,3.4,3,,🚀 暴漲中,False,True
FOX,Communication Services,Fox Corporation (Class B),2026-08-31,60.22,14.44,1.67,17.65,12.85,1.0,1051225,1722629,1598526,-14.88,16.83,-5.68,P+V-,P+V+,P+V-,⚠️ 量能背離,3,13,4,6.2,31.62,22.22,False,True,52.83,4.9,0.797,False,67.81,68.18,-11.19,-1.36,15.94,12.0,8.0,954133.0,1196862.0,1.5,1871500.0,1016350.0,936153.0,1.999,95.47,61.01,多頭,頭頭高·底底高,,4,10,2,6.0,6,吃老本,,False,True
PSKY,Communication Services,Paramount Skydance Corporation,2026-08-31,10.91,30.19,3.32,8.46,12.61,1.0,10998755,10161970,11709698,-1.81,-23.35,28.39,P+V-,P+V-,P+V+,⚠️ 頂部背離,1,11,7,5.2,-2.33,51.38,False,True,9.45,11.48,1.221,False,20.57,20.86,-46.97,5.41,37.06,18.0,1.0,11364438.0,9308200.0,18.0,11109800.0,9215420.0,10123113.0,1.097,100.0,73.7,空頭,頭頭低·底底低,多頭確認,5,1,13,5.0,4,,,False,False
OMC,Communication Services,Omnicom Group,2026-08-31,87.53,10.42,19.4,8.35,11.63,1.0,2211150,3593587,4084821,-33.57,-21.47,-8.63,P+V-,P+V-,P+V-,⚠️ 量能衰竭,5,1,8,4.4,-0.39,3.13,False,True,81.85,4.83,1.134,False,89.57,89.57,-2.28,-1.59,10.42,10.0,9.0,2251510.0,1985733.0,1.111,1888200.0,1912800.0,1951186.0,0.968,92.13,58.02,多頭,頭頭高·底底高,,6,12,18,10.8,10,吃老本,,False,False
LYV,Communication Services,Live Nation Entertainment,2026-08-31,179.89,-0.99,7.7,13.87,8.61,0.667,1821670,2247675,2598599,-9.62,-23.8,-6.31,P-V-,P+V-,P+V-,➡️ 中性,15,4,5,9.7,82.89,-485.68,False,False,180.92,5.51,1.294,False,189.25,189.25,-4.95,-1.06,3.31,9.0,11.0,2082077.0,1608609.0,0.818,1789700.0,1635790.0,1720386.0,1.04,86.48,46.59,多頭,頭頭高·底底高,,7,14,16,11.6,11,吃老本,,False,True
VZ,Communication Services,Verizon,2026-08-31,50.02,6.7,6.41,4.89,5.72,1.0,18573560,26799464,25713203,-31.62,8.82,-7.31,P+V-,P+V+,P+V-,⚠️ 量能背離,12,6,11,10.0,2.71,5.81,False,True,45.87,4.77,0.904,False,50.78,51.68,-1.5,-0.26,5.62,11.0,9.0,17730272.0,19604244.0,1.222,21403000.0,17493660.0,16522500.0,1.295,87.43,65.37,多頭,頭頭高·底底高,空轉多預警 / 多頭確認,8,13,7,9.8,9,,,False,True
DIS,Communication Services,Walt Disney Company (The),2026-08-31,107.55,9.59,4.48,2.19,4.61,1.0,9673625,10527220,10108842,-10.39,8.63,-0.14,P+V-,P+V+,P+V-,⚠️ 量能背離,8,9,13,9.3,11.09,4.98,False,True,100.69,7.63,1.213,False,118.07,119.78,-8.91,-2.77,9.59,14.0,6.0,9894350.0,8156200.0,2.333,8728700.0,7983250.0,7749566.0,1.126,100.0,57.81,擴散,頭頭高·底底低,,9,1,12,6.4,7,剛爆發,,False,True
WBD,Communication Services,Warner Bros. Discovery,2026-08-31,28.53,9.35,5.51,-2.13,2.65,0.667,19913520,22544023,22673224,-16.52,-1.13,-50.07,P+V-,P+V-,P-V-,➡️ 中性,9,8,15,9.9,153.87,-1161.59,False,True,26.99,3.81,1.079,False,30.0,30.0,-4.9,-0.59,9.35,14.0,6.0,20174628.0,18698450.0,2.333,25384600.0,18673310.0,18937340.0,1.34,100.0,62.95,擴散,頭頭高·底底低,多頭確認,10,1,6,5.6,5,剛爆發,,False,True
T,Communication Services,AT&T,2026-08-31,25.89,10.74,5.79,-4.88,1.69,0.667,35121800,61701404,50453818,-54.96,57.38,14.27,P+V-,P+V+,P-V+,➡️ 中性,4,7,16,7.3,10.49,3.42,False,True,23.17,5.45,0.75,False,28.75,29.79,-9.95,0.78,9.75,14.0,6.0,31928371.0,42573133.0,2.333,37385800.0,28750900.0,30290466.0,1.234,100.0,67.07,多頭,頭頭高·底底高,空轉多預警 / 多頭確認,11,1,8,6.4,7,剛爆發,,False,True
TTWO,Communication Services,Take-Two Interactive,2026-08-31,219.7,-8.54,-1.99,5.98,0.36,0.333,2728740,2565623,2269245,53.89,30.05,26.29,P-V+,P-V+,P+V+,⚠️ 中期出貨,20,14,10,16.2,13.9,43.47,False,False,241.57,13.48,1.001,False,265.94,265.94,-17.39,-5.91,-10.38,7.0,13.0,2729842.0,2728146.0,0.538,6843700.0,2988850.0,2574633.0,2.658,66.99,33.75,擴散,頭頭高·底底低,空頭確認,12,19,1,12.6,14,吃老本,,False,True
NFLX,Communication Services,Netflix,2026-08-31,81.05,10.17,-5.78,-2.0,0.1,0.333,28949725,42113558,42634527,-40.33,-2.41,3.61,P+V-,P-V-,P-V+,➡️ 中性,6,16,14,10.6,1.45,-6.93,False,True,74.72,7.61,1.171,False,126.71,126.71,-36.04,1.3,10.53,10.0,10.0,31233220.0,26666230.0,1.0,30710500.0,27890510.0,28431706.0,1.08,92.33,60.26,空頭,頭頭低·底底低,多頭確認,13,11,14,12.4,13,,,False,True
GOOGL,Communication Services,Alphabet Inc. (Class A),2026-08-31,339.35,-10.14,-10.72,8.59,-0.92,0.333,24138930,31801603,30125259,-21.12,11.78,-16.34,P-V-,P-V+,P+V-,➡️ 中性,21,19,6,17.4,214.23,94.3,False,False,349.2,4.2,0.924,False,408.37,408.61,-16.9,-2.5,-9.15,8.0,12.0,23010125.0,24891466.0,0.667,33450000.0,22799960.0,22403960.0,1.493,69.69,44.06,擴散,頭頭高·底底低,,14,17,4,13.2,16,,,False,True
GOOG,Communication Services,Alphabet Inc. (Class C),2026-08-31,335.41,-10.64,-10.84,7.29,-1.73,0.333,16427880,21827983,20450527,-19.4,14.44,-10.97,P-V-,P-V+,P+V-,➡️ 中性,22,20,9,18.8,212.9,94.3,False,False,347.37,4.3,0.945,False,404.23,404.47,-17.02,-2.66,-9.95,7.0,13.0,15826785.0,16751546.0,0.538,23166300.0,16276870.0,15687893.0,1.477,67.58,42.39,擴散,頭頭高·底底低,,15,18,5,14.2,17,,,False,True
RDDT,Communication Services,Reddit,2026-08-31,147.81,-4.46,-11.86,4.03,-2.06,0.333,7404525,5864632,5390668,31.41,19.28,-2.62,P-V+,P-V+,P+V-,➡️ 中性,18,21,12,17.7,29.56,26.13,False,False,171.28,22.12,1.142,False,282.95,282.95,-47.76,-3.57,5.08,7.0,13.0,8056585.0,7053415.0,0.538,3857600.0,8382730.0,7942760.0,0.486,79.68,41.92,收斂,頭頭低·底底高,多轉空預警 / 空轉多預警,16,15,19,16.2,18,,,False,True
CMCSA,Communication Services,Comcast,2026-08-31,26.62,8.39,7.24,-13.65,-2.92,0.667,22691045,33432283,32850708,-33.51,3.6,-0.23,P+V-,P+V+,P-V-,➡️ 中性,10,5,19,10.3,7.62,8.29,False,True,24.48,6.17,0.997,False,32.05,32.86,-16.93,-1.48,8.39,12.0,7.0,21902350.0,21970714.0,1.714,23305500.0,20667250.0,20665486.0,1.128,97.6,58.26,空頭,頭頭低·底底低,多轉空預警 / 多頭確認,17,9,11,12.6,14,剛爆發,,False,True
TMUS,Communication Services,T-Mobile US,2026-08-31,180.44,2.41,-3.23,-16.15,-8.28,0.333,3996890,5203693,5392878,-18.8,-6.78,2.08,P+V-,P-V-,P-V+,➡️ 中性,14,15,20,15.5,14.86,31.07,False,True,180.18,6.2,1.047,False,253.31,258.66,-28.77,-0.62,2.48,8.0,12.0,4107275.0,3923300.0,0.667,3805300.0,3948500.0,3707033.0,1.027,79.56,50.8,收斂,頭頭低·底底高,多轉空預警 / 空轉多預警,18,16,17,17.0,19,,,False,True
TKO,Communication Services,TKO Group Holdings,2026-08-31,182.61,-1.03,-10.65,-11.17,-8.51,0.0,1100380,1294515,1365263,2.34,-9.85,23.99,P-V+,P-V-,P-V+,➡️ 中性,16,18,17,16.8,,,,,,,,,,,,,,,,,,,,,,,,,,,,19,20,20,,20,,,False,False
META,Communication Services,Meta Platforms,2026-08-31,572.34,-2.65,-9.43,-12.29,-9.16,0.0,15397755,18436186,16987604,-20.72,18.64,7.05,P-V-,P-V+,P-V+,➡️ 中性,17,17,18,17.2,,,,,,,,,,,,,,,,,,,,,,,,,,,,20,20,20,,20,,,False,False
CHTR,Communication Services,Charter Communications,2026-08-31,152.44,5.79,3.52,-34.25,-14.8,0.667,2618500,3272155,2908208,-15.21,28.61,46.16,P+V-,P+V+,P-V+,➡️ 中性,13,10,23,14.1,5.94,-9.07,False,True,140.92,10.19,1.428,False,285.82,285.82,-46.67,1.51,5.15,12.0,8.0,2975316.0,2083275.0,1.5,2818500.0,3330450.0,2699646.0,1.044,100.0,54.32,空頭,頭頭低·底底低,多轉空預警,21,1,15,11.8,12,剛爆發,,False,True
ECHO,Communication Services,EchoStar,2026-08-31,86.44,-5.63,-33.09,-19.22,-19.29,0.0,3281245,7463750,7017410,-38.71,13.59,29.12,P-V-,P-V+,P-V+,➡️ 中性,19,22,21,20.3,,,,,,,,,,,,,,,,,,,,,,,,,,,,22,20,20,,20,,,False,False
APP,Communication Services,AppLovin,2026-08-31,312.06,-23.17,-47.98,-20.64,-28.11,0.0,6435540,5959080,5377351,4.14,24.26,-13.48,P-V+,P-V+,P-V-,➡️ 中性,23,24,22,23.1,,,,,,,,,,,,,,,,,,,,,,,,,,,,23,20,20,,20,,,False,False
TTD,Communication Services,Trade Desk (The),2026-08-31,13.72,-29.06,-36.36,-45.47,-39.09,0.0,30533945,22269916,21576414,122.98,6.64,55.84,P-V+,P-V+,P-V+,📉 主力出貨,24,23,24,23.7,,,,,,,,,,,,,,,,,,,,,,,,,,,,24,20,20,,20,,,False,False
EXPE,Consumer Discretionary,Expedia Group,2026-08-31,317.12,6.56,39.56,60.98,42.02,1.0,1572325,1567350,1797813,6.76,-22.73,-15.5,P+V+,P+V-,P+V-,➡️ 中性,6,2,1,3.8,9.65,42.34,False,True,288.21,8.02,1.07,False,341.51,342.0,-7.14,-1.26,7.75,12.0,8.0,1614691.0,1508775.0,1.5,1344200.0,1352580.0,1339813.0,1.003,95.37,53.81,多頭,頭頭高·底底高,,1,7,18,6.8,3,吃老本,,False,True
ABNB,Consumer Discretionary,Airbnb,2026-08-31,183.22,21.63,36.22,45.81,37.37,1.0,5749010,4327803,4100893,72.23,11.71,-14.48,P+V+,P+V+,P+V-,🚀 健康多頭,1,4,2,2.1,9.48,-14.13,False,True,159.59,7.16,1.31,False,193.45,193.45,-5.29,-3.67,21.63,11.0,9.0,6503390.0,4963866.0,1.222,7598300.0,4974830.0,5107326.0,1.488,100.0,59.3,擴散,頭頭高·底底低,,2,1,6,2.4,1,,,False,True
DASH,Consumer Discretionary,DoorDash,2026-08-31,231.74,15.58,47.89,40.98,36.36,1.0,4606990,4530212,4523197,25.62,0.31,-4.15,P+V+,P+V+,P+V-,🚀 健康多頭,2,1,3,1.9,-2.43,7.71,False,True,198.62,11.73,1.024,False,285.5,285.5,-18.83,3.69,18.14,16.0,4.0,4629125.0,4518450.0,4.0,3362700.0,4487950.0,4328706.0,0.777,100.0,69.58,多頭,頭頭高·底底高,空轉多預警 / 多頭確認,3,1,22,6.0,2,,🚀 暴漲中,False,False
GPC,Consumer Discretionary,Genuine Parts Company,2026-08-31,135.67,5.56,38.17,16.48,19.17,1.0,1156920,1694469,1784243,-40.62,-9.58,48.37,P+V-,P+V-,P+V+,⚠️ 頂部背離,7,3,9,6.2,3.47,1.26,False,True,126.46,7.76,0.971,False,148.58,151.57,-8.69,1.28,9.09,11.0,9.0,1141509.0,1175755.0,1.222,1245600.0,1211530.0,1188233.0,1.048,91.29,58.03,多頭,頭頭高·底底高,,4,8,17,8.2,4,,,False,True
BKNG,Consumer Discretionary,Booking Holdings,2026-08-31,199.09,3.31,17.53,22.92,16.67,1.0,5503075,6827383,7829111,-3.59,-22.69,11.22,P+V-,P+V-,P+V+,⚠️ 頂部背離,11,6,6,8.5,4.49,5.67,False,True,192.48,8.86,1.364,False,224.59,226.1,-11.35,-6.69,3.31,10.0,10.0,6149710.0,4509860.0,1.0,5055400.0,4655260.0,4519453.0,1.119,88.17,46.36,多頭,頭頭高·底底高,空頭確認,5,10,15,9.0,5,,,False,True
BBY,Consumer Discretionary,Best Buy,2026-08-31,80.15,-5.98,8.67,31.44,16.39,0.667,3857470,4085301,4212903,14.15,-5.88,4.64,P-V+,P+V-,P+V+,⚠️ 中期出貨,31,12,4,19.9,6.53,4.32,False,False,83.19,15.87,0.78,False,91.27,91.27,-12.18,-8.38,-5.98,11.0,9.0,3477063.0,4455555.0,1.222,5780900.0,4625890.0,3947746.0,1.464,75.05,40.96,收斂,頭頭低·底底高,多轉空預警,6,21,7,12.2,10,吃老本,,False,True
GRMN,Consumer Discretionary,Garmin,2026-08-31,284.11,-6.78,20.74,13.91,10.44,0.667,868435,931227,869265,-15.64,15.35,-11.0,P-V-,P+V+,P+V-,➡️ 中性,35,5,11,21.2,22.52,13.14,False,,,,,,,,,,,,,,,,,,,,,,,,,7,25,25,,25,吃老本,,False,True
AMZN,Consumer Discretionary,Amazon,2026-08-31,259.77,-6.36,-4.02,23.32,9.07,0.333,35997515,49114810,47018196,-25.15,9.33,0.58,P-V-,P-V+,P+V+,➡️ 中性,33,29,5,26.2,215.02,69.02,False,True,251.97,4.8,1.022,False,287.2,287.2,-9.55,-0.88,-8.54,5.0,15.0,36594720.0,35798446.0,0.333,46005900.0,33966100.0,33654413.0,1.367,67.42,50.08,多頭,頭頭高·底底高,空轉多預警,8,24,9,14.6,15,吃老本,,False,True
EBAY,Consumer Discretionary,eBay Inc.,2026-08-31,103.56,-3.04,-7.11,22.52,8.72,0.333,4777565,4026558,4843252,40.6,-28.86,-8.71,P-V+,P-V-,P+V-,➡️ 中性,27,34,7,25.1,6.24,5.03,False,False,109.26,6.62,1.258,False,118.62,119.31,-12.7,-0.25,-8.89,9.0,11.0,5385433.0,4280218.0,0.818,7524500.0,4616600.0,4295153.0,1.752,78.86,44.36,空頭,頭頭低·底底低,,9,19,2,11.6,8,吃老本,,False,True
SBUX,Consumer Discretionary,Starbucks,2026-08-31,106.25,1.8,7.77,9.76,7.27,1.0,6034100,7365235,7553883,-22.3,-4.87,-21.22,P+V-,P+V-,P+V-,⚠️ 量能衰竭,12,13,13,12.5,30.79,14.51,False,True,104.53,5.88,0.996,False,109.88,110.51,-3.3,-0.78,1.53,10.0,10.0,6220950.0,6247030.0,1.0,7211300.0,6347990.0,5736920.0,1.257,83.03,51.7,多頭,頭頭高·底底高,空轉多預警,10,15,11,12.2,10,,,False,True
CVNA,Consumer Discretionary,Carvana,2026-08-31,73.46,7.98,0.63,9.68,6.99,1.0,8562965,10404824,11869675,-20.98,-21.97,-37.53,P+V-,P+V-,P+V-,⚠️ 量能衰竭,5,22,14,11.9,10.09,11.71,False,True,68.05,16.8,0.958,False,97.38,97.38,-24.56,5.08,17.8,13.0,7.0,8701261.0,9080385.0,1.857,6085700.0,9505170.0,8788333.0,0.692,100.0,55.2,多頭,頭頭高·底底高,空轉多預警,11,1,24,9.6,6,剛爆發,,False,True
CMG,Consumer Discretionary,Chipotle Mexican Grill,2026-08-31,38.03,1.52,17.3,4.22,6.82,1.0,18355635,19828209,17875928,4.72,24.52,-12.18,P+V+,P+V+,P+V-,🚀 健康多頭,14,7,16,12.3,3.96,1.4,False,True,34.26,14.25,1.001,False,42.82,42.82,-11.19,3.06,2.18,10.0,10.0,18362730.0,18348540.0,1.0,16938200.0,15656090.0,15883793.0,1.066,85.04,64.3,多頭,頭頭高·底底高,,12,12,16,12.8,12,,🎯 潛在暴漲,False,True
WSM,Consumer Discretionary,"Williams-Sonoma, Inc.",2026-08-31,228.25,-4.82,11.39,10.03,6.66,0.667,1093020,1098827,1178269,24.05,-12.63,0.84,P-V+,P+V-,P+V+,⚠️ 中期出貨,29,9,12,19.6,37.87,7.34,False,False,233.0,11.98,1.172,False,254.89,254.89,-10.45,-3.93,-0.18,9.0,11.0,1189200.0,1014327.0,0.818,1786700.0,1261700.0,1096886.0,1.629,81.11,40.4,多頭,頭頭高·底底高,,13,17,5,13.0,14,,,False,True
MGM,Consumer Discretionary,MGM Resorts,2026-08-31,41.36,-7.06,-3.66,18.0,6.32,0.333,2200060,3405443,4089726,-8.37,-28.67,-12.62,P-V-,P-V-,P+V-,⚠️ 主升段結束,38,26,8,28.4,1.95,-7.83,False,False,45.42,7.01,1.113,False,51.59,51.59,-19.83,-5.33,-7.06,7.0,13.0,2272900.0,2042200.0,0.538,2214900.0,1826420.0,1818220.0,1.218,71.19,27.7,空頭,頭頭低·底底低,空頭確認,14,22,14,17.2,18,吃老本,,False,True
ROST,Consumer Discretionary,Ross Stores,2026-08-31,228.54,-9.64,0.79,14.42,5.0,0.667,2774520,3007543,2864253,19.44,10.53,10.36,P-V+,P+V+,P+V+,⚠️ 中期出貨,40,21,10,28.3,36.74,16.67,False,False,234.34,8.19,1.018,False,257.0,257.0,-11.07,-4.39,-8.97,8.0,12.0,2804650.0,2754433.0,0.667,2478300.0,3558500.0,3092180.0,0.801,70.68,38.55,多頭,頭頭高·底底高,空轉多預警,15,23,21,19.4,24,吃老本,,False,True
DRI,Consumer Discretionary,Darden Restaurants,2026-08-31,214.26,4.74,5.93,2.64,3.98,1.0,965820,1305163,1300796,-32.31,0.67,-7.97,P+V-,P+V+,P+V-,⚠️ 量能背離,8,15,17,11.9,0.64,0.29,False,True,208.68,7.64,1.129,False,229.76,229.76,-6.75,-3.31,5.25,13.0,7.0,1028630.0,910885.0,1.857,1194500.0,933430.0,964800.0,1.238,99.44,49.6,擴散,頭頭高·底底低,,16,6,13,11.4,7,剛爆發,,False,True
GM,Consumer Discretionary,General Motors,2026-08-31,86.32,-1.55,2.56,6.67,3.59,0.667,5039465,7384558,7320333,-32.75,1.77,-16.65,P-V-,P+V+,P+V-,➡️ 中性,24,19,15,20.7,12.0,40.19,False,True,82.6,5.55,1.045,False,91.85,91.85,-6.02,-1.83,-2.86,11.0,9.0,5138109.0,4918900.0,1.222,8256300.0,5422410.0,4955373.0,1.666,84.17,53.1,收斂,頭頭低·底底高,多轉空預警,17,13,4,12.8,12,,,False,True
HAS,Consumer Discretionary,Hasbro,2026-08-31,94.1,3.65,10.65,-4.23,1.46,0.667,1546640,2023326,1924776,-39.01,10.79,7.23,P+V-,P+V+,P-V+,➡️ 中性,10,11,21,12.5,12.8,29.52,False,True,87.95,6.55,1.138,False,104.6,106.98,-10.04,-1.37,3.65,10.0,9.0,1601430.0,1407377.0,1.111,1344200.0,1371810.0,1440026.0,0.933,88.22,55.48,多頭,頭頭高·底底高,,18,9,19,14.6,15,剛爆發,,False,True
HLT,Consumer Discretionary,Hilton Worldwide,2026-08-31,316.28,0.66,-6.26,1.26,-0.77,0.667,1977140,2145512,1919309,-4.93,26.72,8.07,P+V-,P-V+,P+V+,⚠️ 頂部背離,15,33,18,21.0,0.78,1.78,False,False,327.74,6.31,1.039,False,357.84,358.0,-11.61,-3.17,-1.27,8.0,12.0,2023200.0,1946433.0,0.667,2467000.0,1892900.0,1990473.0,1.239,76.16,42.1,空頭,頭頭低·底底低,,19,20,12,18.0,19,,,False,True
YUM,Consumer Discretionary,Yum! Brands,2026-08-31,153.31,3.81,3.62,-6.76,-1.52,0.667,2460810,2574000,2152010,-14.05,48.78,6.39,P+V-,P+V+,P-V+,➡️ 中性,9,16,23,13.9,3.71,7.95,False,True,153.19,9.77,1.343,False,170.14,170.14,-9.89,0.21,0.02,8.0,12.0,2982625.0,2221516.0,0.667,1954500.0,2615180.0,2526966.0,0.773,83.59,52.75,空頭,頭頭低·底底低,,20,14,23,18.2,21,剛爆發,,False,True
MAR,Consumer Discretionary,Marriott International,2026-08-31,341.76,-1.26,-11.23,0.19,-3.03,0.333,1771425,1611407,1544238,27.85,9.09,0.67,P-V+,P-V+,P+V+,⚠️ 中期出貨,22,37,19,25.9,,,,,,,,,,,,,,,,,,,,,,,,,,,,21,25,25,,25,,,False,False
ORLY,Consumer Discretionary,O'Reilly Automotive,2026-08-31,88.8,-1.07,-0.48,-5.86,-3.32,0.0,4644250,7500569,6605386,-47.43,31.35,23.03,P-V-,P-V+,P-V+,➡️ 中性,20,23,22,21.3,,,,,,,,,,,,,,,,,,,,,,,,,,,,22,25,25,,25,,,False,False
PHM,Consumer Discretionary,PulteGroup,2026-08-31,126.32,-2.3,7.27,-9.97,-3.74,0.333,1267090,1670956,1776099,-32.82,-11.18,-10.85,P-V-,P+V-,P-V-,➡️ 中性,26,14,25,22.2,5.27,-1.15,False,False,129.35,5.76,0.949,False,143.89,144.5,-12.21,-2.54,-2.3,10.0,10.0,1215420.0,1280480.0,1.0,1650400.0,1206290.0,1221266.0,1.351,79.22,45.61,收斂,頭頭低·底底高,多轉空預警 / 空轉多預警,23,18,10,18.4,22,,🎯 潛在暴漲,False,True
F,Consumer Discretionary,Ford Motor Company,2026-08-31,13.94,-1.05,-19.2,-1.12,-5.62,0.0,40506355,52480386,55542534,-25.72,-10.45,-25.76,P-V-,P-V-,P-V-,🧊 熊市縮量,19,45,20,27.0,,,,,,,,,,,,,,,,,,,,,,,,,,,,24,25,25,,25,,,False,False
DPZ,Consumer Discretionary,Domino's,2026-08-31,342.06,-6.96,10.82,-14.37,-6.22,0.333,830285,931120,954793,-19.45,-4.84,41.14,P-V-,P+V-,P-V+,➡️ 中性,36,10,30,27.0,-2.38,-3.32,False,True,328.46,7.41,1.384,False,460.13,469.0,-25.66,0.06,-1.55,9.0,11.0,972311.0,702745.0,0.818,2509600.0,947370.0,836566.0,3.0,85.58,50.73,多頭,頭頭高·底底高,,25,11,1,14.6,15,剛爆發,,False,True
DHI,Consumer Discretionary,D. R. Horton,2026-08-31,144.56,-1.14,-1.31,-11.3,-6.26,0.0,1922480,2329872,2453653,-29.0,-9.61,-25.01,P-V-,P-V-,P-V-,🧊 熊市縮量,21,25,26,23.2,,,,,,,,,,,,,,,,,,,,,,,,,,,,26,25,25,,25,,,False,False
TSLA,Consumer Discretionary,"Tesla, Inc.",2026-08-31,367.95,12.4,-15.57,-11.85,-6.71,0.333,34343680,41651381,51215439,-14.61,-31.47,-34.63,P+V-,P-V-,P-V-,➡️ 中性,3,44,27,20.1,-39.15,17.15,False,True,359.82,10.76,1.278,False,498.83,498.83,-26.24,5.44,14.24,11.0,9.0,38071490.0,29787466.0,1.222,61569100.0,37697800.0,35680306.0,1.726,100.0,58.69,空頭,頭頭低·底底低,多頭確認,27,1,3,11.8,9,剛爆發,,False,False
NVR,Consumer Discretionary,"NVR, Inc.",2026-08-31,6315.23,1.79,2.51,-15.85,-6.85,0.667,33220,31929,28392,6.41,28.46,23.13,P+V+,P+V+,P-V+,🚀 健康多頭,13,20,32,18.9,-6.69,-14.44,False,False,6437.51,4.87,0.939,False,8618.28,8618.28,-26.72,-1.29,1.79,10.0,10.0,31650.0,33690.0,1.0,40900.0,31770.0,29860.0,1.37,82.0,47.7,多頭,頭頭高·底底高,,28,16,8,19.2,23,剛爆發,,False,True
HD,Consumer Discretionary,Home Depot (The),2026-08-31,327.83,-3.59,2.83,-13.52,-6.95,0.333,3692520,4377564,4391176,-5.52,-0.62,8.78,P-V-,P+V-,P-V+,➡️ 中性,28,18,28,25.0,,,,,,,,,,,,,,,,,,,,,,,,,,,,29,25,25,,25,,,False,False
RL,Consumer Discretionary,Ralph Lauren Corporation,2026-08-31,346.9,-8.75,-6.21,-6.8,-7.14,0.0,650590,645498,647892,19.36,-0.74,3.84,P-V+,P-V-,P-V+,➡️ 中性,39,32,24,33.9,,,,,,,,,,,,,,,,,,,,,,,,,,,,30,25,25,,25,,,False,False
ULTA,Consumer Discretionary,Ulta Beauty,2026-08-31,537.1,0.5,3.26,-21.76,-9.94,0.667,657410,738958,739667,20.26,-0.19,13.1,P+V+,P+V-,P-V+,➡️ 中性,16,17,39,20.9,,,,,,,,,,,,,,,,,,,,,,,,,,,,31,25,25,,25,剛爆發,,False,False
AZO,Consumer Discretionary,AutoZone,2026-08-31,2991.24,0.03,-0.53,-20.96,-10.6,0.333,224520,329546,269587,23.22,57.2,85.73,P+V+,P-V+,P-V+,➡️ 中性,17,24,37,23.1,,,,,,,,,,,,,,,,,,,,,,,,,,,,32,25,25,,25,剛爆發,,False,False
MCD,Consumer Discretionary,McDonald's,2026-08-31,263.54,-0.64,-4.55,-19.89,-11.24,0.0,4553440,4610050,4053783,3.77,31.81,27.09,P-V+,P-V+,P-V+,📉 主力出貨,18,30,35,25.0,,,,,,,,,,,,,,,,,,,,,,,,,,,,33,25,25,,25,剛爆發,,False,False
TSCO,Consumer Discretionary,Tractor Supply,2026-08-31,34.9,9.44,12.02,-33.5,-11.38,0.667,11041620,11885155,10569957,9.52,28.42,85.53,P+V+,P+V+,P-V+,🚀 健康多頭,4,8,44,13.2,-15.89,-9.36,False,True,32.18,5.11,1.391,False,60.8,62.26,-42.6,-2.84,9.44,12.0,8.0,12309925.0,8849600.0,1.5,9000500.0,7861260.0,10113673.0,0.89,100.0,57.76,多頭,頭頭高·底底高,空轉多預警,34,1,20,18.0,19,剛爆發,,False,False
WYNN,Consumer Discretionary,Wynn Resorts,2026-08-31,91.28,-6.97,-9.88,-16.17,-12.3,0.0,1638415,1515438,1588306,18.34,-8.77,-3.68,P-V+,P-V-,P-V-,➡️ 中性,37,36,33,35.9,,,,,,,,,,,,,,,,,,,,,,,,,,,,35,25,25,,25,剛爆發,,False,False
RCL,Consumer Discretionary,Royal Caribbean Group,2026-08-31,268.74,-17.06,-3.97,-14.2,-12.35,0.0,1568420,2304733,2548493,-37.28,-17.46,14.97,P-V-,P-V-,P-V+,😴 弱勢縮量,43,28,29,35.7,,,,,,,,,,,,,,,,,,,,,,,,,,,,36,25,25,,25,剛爆發,,False,False
LOW,Consumer Discretionary,Lowe's,2026-08-31,204.7,-6.14,-3.92,-21.32,-13.17,0.0,2949620,3066920,2922836,-6.03,10.37,1.77,P-V-,P-V+,P-V+,➡️ 中性,32,27,38,31.7,,,,,,,,,,,,,,,,,,,,,,,,,,,,37,25,25,,25,剛爆發,,False,False
TJX,Consumer Discretionary,TJX Companies,2026-08-31,133.91,-14.71,-13.27,-14.52,-14.25,0.0,7118205,6239627,5599517,44.96,25.81,7.08,P-V+,P-V+,P-V+,📉 主力出貨,42,39,31,38.9,,,,,,,,,,,,,,,,,,,,,,,,,,,,38,25,25,,25,剛爆發,,False,False
LVS,Consumer Discretionary,Las Vegas Sands,2026-08-31,43.81,-6.75,-13.74,-19.44,-14.84,0.0,4641685,4754361,4514929,-11.75,11.2,-19.38,P-V-,P-V+,P-V-,➡️ 中性,34,40,34,35.8,,,,,,,,,,,,,,,,,,,,,,,,,,,,39,25,25,,25,剛爆發,,False,False
LEN,Consumer Discretionary,Lennar,2026-08-31,84.11,-1.28,-5.73,-26.92,-15.21,0.0,2195565,2587367,2761910,-11.27,-11.89,-39.94,P-V-,P-V-,P-V-,🧊 熊市縮量,23,31,41,29.0,,,,,,,,,,,,,,,,,,,,,,,,,,,,40,25,25,,25,剛爆發,,False,False
TPR,Consumer Discretionary,"Tapestry, Inc.",2026-08-31,123.39,-20.89,-14.93,-20.93,-19.42,0.0,3681050,2931541,2533761,68.44,37.25,-14.92,P-V+,P-V+,P-V-,➡️ 中性,46,43,36,43.1,,,,,,,,,,,,,,,,,,,,,,,,,,,,41,25,25,,25,剛爆發,,False,False
LULU,Consumer Discretionary,Lululemon Athletica,2026-08-31,120.26,-2.25,-8.32,-34.12,-19.71,0.0,3380765,3561015,3273980,36.62,19.22,-24.98,P-V+,P-V+,P-V-,➡️ 中性,25,35,45,32.0,,,,,,,,,,,,,,,,,,,,,,,,,,,,42,25,25,,25,剛爆發,,False,False
CCL,Consumer Discretionary,Carnival Corporation,2026-08-31,23.89,-18.84,-14.42,-23.78,-20.2,0.0,17560950,20999487,24997846,-7.44,-27.58,19.19,P-V-,P-V-,P-V+,😴 弱勢縮量,44,41,40,42.3,,,,,,,,,,,,,,,,,,,,,,,,,,,,43,25,25,,25,剛爆發,,False,False
DECK,Consumer Discretionary,Deckers Brands,2026-08-31,87.08,-12.48,-23.82,-28.0,-23.07,0.0,2404075,2290923,2185006,3.84,10.19,-35.06,P-V+,P-V+,P-V-,➡️ 中性,41,46,42,42.7,,,,,,,,,,,,,,,,,,,,,,,,,,,,44,25,25,,25,剛爆發,,False,False
NKE,Consumer Discretionary,"Nike, Inc.",2026-08-31,39.06,-5.95,-14.75,-37.43,-23.89,0.0,27620185,25047812,23359097,54.12,15.59,44.14,P-V+,P-V+,P-V+,📉 主力出貨,30,42,46,36.8,,,,,,,,,,,,,,,,,,,,,,,,,,,,45,25,25,,25,剛爆發,,False,False
NCLH,Consumer Discretionary,Norwegian Cruise Line Holdings,2026-08-31,16.14,-19.58,-12.0,-32.21,-24.0,0.0,13438770,16237700,19828801,-10.06,-30.67,13.35,P-V-,P-V-,P-V+,😴 弱勢縮量,45,38,43,42.5,,,,,,,,,,,,,,,,,,,,,,,,,,,,46,25,25,,25,剛爆發,,False,False
APTV,Consumer Discretionary,Aptiv,2026-08-31,44.76,-21.79,-29.7,-42.39,-34.07,0.0,5922455,4029030,3499813,154.45,35.63,59.99,P-V+,P-V+,P-V+,📉 主力出貨,47,47,47,47.0,,,,,,,,,,,,,,,,,,,,,,,,,,,,47,25,25,,25,剛爆發,,False,False
TGT,Consumer Staples,Target Corporation,2026-08-31,160.88,8.55,26.01,41.66,29.47,1.0,4995460,4516458,5175227,33.42,-22.58,-32.49,P+V+,P+V-,P+V-,➡️ 中性,5,2,1,3.3,75.83,17.31,False,True,144.06,15.12,1.158,False,170.75,170.75,-5.78,-5.3,8.55,11.0,9.0,5257509.0,4540388.0,1.222,3911400.0,5851780.0,5378593.0,0.727,91.6,60.0,多頭,頭頭高·底底高,,1,7,23,7.8,5,吃老本,,False,True
SJM,Consumer Staples,J.M. Smucker Company (The),2026-08-31,131.16,12.67,26.96,22.41,21.11,1.0,1236935,1530198,1860641,-20.44,-30.16,2.04,P+V-,P+V-,P+V+,⚠️ 頂部背離,3,1,2,2.2,46.18,5.01,False,True,116.7,14.67,1.033,False,135.89,135.89,-3.48,5.5,11.01,13.0,7.0,1250969.0,1210871.0,1.857,1246400.0,1482340.0,1328326.0,0.938,100.0,70.22,多頭,頭頭高·底底高,多頭確認,2,1,21,5.4,2,,,False,True
ADM,Consumer Staples,Archer Daniels Midland,2026-08-31,81.29,4.8,2.21,21.06,12.28,1.0,3864675,3688856,3821110,9.03,-6.69,7.73,P+V+,P+V-,P+V+,➡️ 中性,7,19,3,9.8,28.02,7.8,False,True,79.85,9.92,0.89,False,87.9,88.46,-7.52,4.0,4.8,10.0,10.0,3609100.0,4056920.0,1.0,5425800.0,3640300.0,3531833.0,1.536,85.05,53.81,收斂,頭頭低·底底高,多轉空預警 / 空轉多預警,3,12,6,7.2,3,吃老本,🎯 潛在暴漲,False,True
KO,Consumer Staples,Coca-Cola Company (The),2026-08-31,88.67,2.08,10.98,11.32,8.93,1.0,14740350,17777832,16483430,-15.0,17.04,-4.1,P+V-,P+V+,P+V-,⚠️ 量能背離,9,8,5,7.9,4.05,5.88,False,True,85.22,6.27,0.808,False,92.49,92.49,-4.13,-2.67,1.23,11.0,9.0,13313418.0,16484377.0,1.222,23764800.0,15217770.0,14257693.0,1.667,82.14,54.11,多頭,頭頭高·底底高,,4,14,3,7.8,5,吃老本,,False,True
GIS,Consumer Staples,General Mills,2026-08-31,41.2,14.44,23.67,-6.16,6.45,0.667,8121420,9993895,9640190,-16.95,7.62,40.71,P+V-,P+V+,P-V+,➡️ 中性,2,3,18,5.5,19.21,-12.14,False,True,37.22,10.58,0.944,False,48.32,51.33,-14.74,0.68,14.44,15.0,5.0,8020653.0,8498120.0,3.0,10666400.0,8162310.0,8031400.0,1.328,100.0,64.78,空頭,頭頭低·底底低,多轉空預警 / 多頭確認,5,1,12,4.8,1,,,False,True
KDP,Consumer Staples,Keurig Dr Pepper,2026-08-31,31.86,3.07,6.81,4.32,4.63,1.0,11500690,13787173,12445809,-10.37,24.16,-24.26,P+V-,P+V+,P+V-,⚠️ 量能背離,8,12,8,9.2,6.18,4.25,False,True,31.19,7.64,0.923,False,33.82,33.82,-5.8,-2.0,3.07,11.0,9.0,10881163.0,11791844.0,1.222,11511400.0,8924130.0,10349833.0,1.112,85.53,54.99,空頭,頭頭低·底底低,,6,9,17,9.4,8,,,False,True
KHC,Consumer Staples,Kraft Heinz,2026-08-31,25.67,-2.84,6.81,7.24,4.61,0.667,15034480,14209143,14715862,16.33,-6.66,-5.43,P-V+,P+V-,P+V-,➡️ 中性,26,12,6,17.8,5.6,15.38,False,True,25.14,7.13,0.748,False,28.09,28.09,-8.62,0.35,-0.7,11.0,9.0,13055663.0,17453033.0,1.222,18540100.0,14142100.0,13887233.0,1.335,81.15,53.09,擴散,頭頭高·底底低,,7,17,11,11.8,10,吃老本,,False,True
EL,Consumer Staples,Estée Lauder Companies (The),2026-08-31,102.3,20.81,13.01,-10.64,3.13,0.667,3721450,3306176,3898395,71.5,-26.38,3.36,P+V+,P+V-,P-V+,➡️ 中性,1,6,21,6.5,22.12,40.2,False,True,86.67,24.85,1.612,False,120.79,121.64,-15.31,0.35,21.93,10.0,10.0,4593820.0,2849080.0,1.0,4134500.0,5042150.0,4252006.0,0.972,100.0,67.25,多頭,頭頭高·底底高,多頭確認,8,1,20,7.6,4,剛爆發,,False,True
MDLZ,Consumer Staples,Mondelez International,2026-08-31,62.07,-0.02,2.32,5.01,3.08,0.667,7031510,8939524,8890975,-27.54,1.1,-7.5,P-V-,P+V+,P+V-,➡️ 中性,17,18,7,15.3,7.4,10.22,False,True,61.34,5.88,0.994,False,66.65,66.65,-6.87,-3.69,-0.39,12.0,8.0,7034775.0,7079087.0,1.5,7277300.0,6882280.0,6607200.0,1.101,88.18,47.45,多頭,頭頭高·底底高,空轉多預警,9,8,18,10.4,9,,,False,True
KVUE,Consumer Staples,Kenvue,2026-08-31,18.88,0.42,8.22,1.63,2.98,1.0,21633880,20841741,21186982,14.26,-3.21,-48.43,P+V+,P+V-,P+V-,➡️ 中性,12,10,11,11.2,-2.82,23.03,False,False,18.97,4.32,0.926,False,19.91,20.82,-5.16,-0.94,-0.78,9.0,10.0,21326466.0,23037770.0,0.9,27072000.0,22469010.0,20096820.0,1.347,78.86,47.02,收斂,頭頭低·底底高,,10,18,10,13.2,13,吃老本,,False,False
CASY,Consumer Staples,Casey's,2026-08-31,752.21,-11.57,-1.87,11.48,2.38,0.333,307480,469409,538062,-10.99,-22.63,65.4,P-V-,P-V-,P+V+,😴 弱勢縮量,33,23,4,24.2,32.11,16.87,True,False,832.39,16.47,0.949,False,927.15,927.85,-18.87,-9.99,-13.64,8.0,12.0,289537.0,305091.0,0.667,419800.0,308820.0,296440.0,1.416,64.43,31.96,收斂,頭頭低·底底高,空頭確認,11,23,7,15.0,17,吃老本,,False,True
PM,Consumer Staples,Philip Morris International,2026-08-31,187.3,-0.06,5.76,1.89,2.37,0.667,4525265,4965050,4977440,-11.6,-0.5,-17.47,P-V-,P+V-,P+V-,➡️ 中性,18,14,10,15.2,7.31,7.07,False,True,186.86,6.52,1.053,False,207.76,207.76,-9.85,-0.49,-1.84,11.0,9.0,4629281.0,4398133.0,1.222,4013900.0,4714690.0,4349173.0,0.923,85.45,47.34,多頭,頭頭高·底底高,,12,10,22,13.2,13,,,False,True
KMB,Consumer Staples,Kimberly-Clark,2026-08-31,107.95,0.36,9.28,-0.29,2.26,0.667,3459955,4145046,4438453,-1.47,-12.4,-9.79,P+V-,P+V-,P-V-,➡️ 中性,13,9,12,11.6,5.68,2.24,False,False,109.39,4.56,0.967,False,126.63,131.53,-14.75,-1.24,-1.24,9.0,11.0,3396022.0,3512263.0,0.818,4491100.0,3083060.0,2793633.0,1.608,77.95,45.95,空頭,頭頭低·底底低,,13,19,5,13.8,15,吃老本,,False,True
DLTR,Consumer Staples,Dollar Tree,2026-08-31,126.59,-2.13,12.03,-3.89,0.53,0.333,2323245,3171515,3294002,-13.12,-7.17,-16.32,P-V-,P+V-,P-V-,➡️ 中性,25,7,14,17.4,136.13,12.89,False,True,126.09,14.5,0.709,False,142.4,142.4,-11.1,-7.43,-2.13,11.0,9.0,1975109.0,2784433.0,1.222,3504200.0,2872750.0,2490000.0,1.407,76.49,46.57,多頭,頭頭高·底底高,,14,20,8,15.2,18,吃老本,,False,True
MO,Consumer Staples,Altria,2026-08-31,68.48,0.32,-3.43,2.05,0.25,0.667,9616975,8707943,9010884,22.04,-6.51,-0.06,P+V+,P-V-,P+V-,➡️ 中性,14,25,9,16.3,-1.17,5.92,False,False,70.02,8.01,1.02,False,77.06,77.06,-11.13,3.62,0.22,10.0,10.0,9713040.0,9520910.0,1.0,10964800.0,9503020.0,9417226.0,1.164,84.43,51.36,擴散,頭頭高·底底低,,15,13,16,14.4,16,,,False,False
BG,Consumer Staples,Bunge Global,2026-08-31,116.21,10.95,-5.46,-3.97,-0.61,0.333,1373620,1573523,1657922,0.71,-9.69,-2.89,P+V+,P-V-,P-V-,🌱 底部剛翻多,4,28,15,13.4,2.89,109.39,False,True,112.2,10.72,0.995,False,134.02,134.87,-13.29,2.74,10.08,11.0,9.0,1370700.0,1377188.0,1.222,2548600.0,1476660.0,1268506.0,2.009,92.9,56.69,空頭,頭頭低·底底低,,16,5,2,8.8,7,剛爆發,,False,True
CHD,Consumer Staples,Church & Dwight,2026-08-31,99.78,0.07,2.51,-4.44,-1.57,0.667,1761845,1919733,1966371,-2.95,-4.63,-16.09,P+V-,P+V-,P-V-,➡️ 中性,16,17,16,16.3,,,,,,,,,,,,,,,,,,,,,,,,,,,,17,24,24,,24,吃老本,,False,False
BF-B,Consumer Staples,Brown–Forman,2026-08-31,26.57,-6.67,4.21,-3.74,-2.49,0.333,1820275,2572124,4166999,-28.01,-55.36,-1.73,P-V-,P+V-,P-V-,➡️ 中性,31,15,13,22.6,-62.65,24.68,True,False,27.26,10.11,1.121,False,31.11,31.92,-14.6,-6.58,-7.52,7.0,13.0,2001628.0,1785815.0,0.538,2420700.0,2058120.0,1827613.0,1.325,70.55,40.46,多頭,頭頭高·底底高,空頭確認,18,22,13,18.6,21,,,False,False
SYY,Consumer Staples,Sysco,2026-08-31,81.08,-4.59,7.5,-8.5,-3.52,0.333,3332845,3319795,3972929,14.74,-28.24,19.8,P-V+,P+V-,P-V+,➡️ 中性,28,11,20,21.3,1.24,-0.39,False,False,82.89,5.69,1.089,False,90.56,91.85,-10.47,-3.32,-4.59,8.0,12.0,3084212.0,2831058.0,0.667,2761000.0,2086560.0,2345840.0,1.177,74.99,39.43,收斂,頭頭低·底底高,空頭確認,19,21,15,19.0,22,,,False,True
CL,Consumer Staples,Colgate-Palmolive,2026-08-31,89.82,-0.07,-1.45,-7.35,-4.05,0.0,4284480,4860909,5357876,-5.46,-16.98,-16.6,P-V-,P-V-,P-V-,🧊 熊市縮量,19,22,19,19.9,,,,,,,,,,,,,,,,,,,,,,,,,,,,20,24,24,,24,,,False,False
COST,Consumer Staples,Costco,2026-08-31,943.89,-1.07,-5.0,-5.17,-4.11,0.0,1794225,2304115,2093974,-19.08,22.31,-17.07,P-V-,P-V+,P-V-,➡️ 中性,24,26,17,23.2,,,,,,,,,,,,,,,,,,,,,,,,,,,,21,24,24,,24,,,False,False
DG,Consumer Staples,Dollar General,2026-08-31,126.75,-0.76,15.92,-16.86,-4.64,0.333,2321265,2896490,3159005,-2.73,-15.34,-4.22,P-V-,P+V-,P-V-,➡️ 中性,22,5,29,18.3,23.53,6.22,False,True,121.24,12.18,1.331,False,156.68,158.23,-19.1,2.71,-0.24,11.0,9.0,2613463.0,1964133.0,1.222,4190100.0,2783690.0,2520140.0,1.663,92.56,57.89,多頭,頭頭高·底底高,,22,6,4,12.0,11,剛爆發,,False,True
MKC,Consumer Staples,McCormick & Company,2026-08-31,54.22,5.24,16.83,-21.14,-5.05,0.667,2405850,3867044,3966128,-31.72,-4.87,28.46,P+V-,P+V-,P-V+,➡️ 中性,6,4,32,10.6,14.8,10.66,False,True,52.12,5.92,0.946,False,71.13,72.41,-23.77,-2.15,6.52,13.0,7.0,2358715.0,2493385.0,1.857,3365000.0,2653220.0,2428140.0,1.386,97.47,53.12,擴散,頭頭高·底底低,,23,4,9,12.6,12,剛爆發,,False,True
PG,Consumer Staples,Procter & Gamble,2026-08-31,145.12,0.1,0.2,-10.88,-5.36,0.667,9302180,9254998,9368206,7.7,-2.39,-0.3,P+V+,P+V-,P-V-,✨ 反彈初期,15,21,22,18.2,1.55,2.22,False,False,146.45,3.23,0.98,False,164.77,167.25,-11.93,-1.01,0.1,11.0,9.0,9069527.0,9256011.0,1.222,12097900.0,10249450.0,9482306.0,1.276,85.14,49.77,收斂,頭頭低·底底高,空轉多預警,24,11,14,16.8,19,剛爆發,,False,True
PEP,Consumer Staples,PepsiCo,2026-08-31,140.34,0.51,-3.06,-15.6,-8.44,0.333,6577210,8562060,7484106,-25.97,33.65,-6.7,P+V-,P-V+,P-V-,➡️ 中性,11,24,26,17.9,-0.37,3.75,False,True,139.8,5.82,0.803,False,168.19,171.48,-16.56,-2.19,0.56,11.0,9.0,5922609.0,7377277.0,1.222,6555600.0,6957770.0,6458120.0,1.015,81.84,49.32,收斂,頭頭低·底底高,多轉空預警 / 空轉多預警,25,15,19,19.8,23,剛爆發,,False,False
STZ,Consumer Staples,Constellation Brands,2026-08-31,130.62,-0.61,-5.17,-14.56,-8.73,0.0,1664490,2121926,2061499,-18.73,6.04,-23.35,P-V-,P-V+,P-V-,➡️ 中性,21,27,25,23.6,,,,,,,,,,,,,,,,,,,,,,,,,,,,26,24,24,,24,,,False,False
CLX,Consumer Staples,Clorox,2026-08-31,97.68,0.57,2.72,-20.99,-9.67,0.667,3093815,2682143,2671860,29.91,0.77,25.54,P+V+,P+V+,P-V+,🚀 健康多頭,10,16,31,16.0,0.86,6.16,False,False,98.83,12.05,1.027,False,125.83,128.9,-22.37,-8.45,3.45,10.0,10.0,3134840.0,3052790.0,1.0,13456500.0,3135620.0,3017340.0,4.46,81.66,38.63,多頭,頭頭高·底底高,,27,16,1,17.4,20,剛爆發,,False,True
TAP,Consumer Staples,Molson Coors Beverage Company,2026-08-31,39.76,-4.05,0.33,-17.57,-9.71,0.333,2682750,3114006,3097356,-14.88,1.08,3.91,P-V-,P+V+,P-V+,➡️ 中性,27,20,30,25.5,,,,,,,,,,,,,,,,,,,,,,,,,,,,28,24,24,,24,,,False,False
TSN,Consumer Staples,Tyson Foods,2026-08-31,55.14,-7.5,-10.31,-11.61,-10.26,0.0,2983675,3358201,3127423,0.09,15.93,6.95,P-V+,P-V+,P-V+,📉 主力出貨,32,33,23,30.5,,,,,,,,,,,,,,,,,,,,,,,,,,,,29,24,24,,24,,,False,False
KR,Consumer Staples,Kroger,2026-08-31,57.54,-0.49,-8.99,-16.51,-10.63,0.0,6063715,7780932,6889493,-20.72,29.72,0.68,P-V-,P-V+,P-V+,➡️ 中性,20,31,28,24.9,,,,,,,,,,,,,,,,,,,,,,,,,,,,30,24,24,,24,剛爆發,,False,False
HRL,Consumer Staples,Hormel Foods,2026-08-31,21.85,-13.4,-6.27,-13.07,-11.45,0.0,4647215,4982576,4884746,23.73,4.09,0.92,P-V+,P-V+,P-V+,📉 主力出貨,34,29,24,30.5,,,,,,,,,,,,,,,,,,,,,,,,,,,,31,24,24,,24,剛爆發,,False,False
WMT,Consumer Staples,Walmart,2026-08-31,104.87,-5.76,-9.18,-16.07,-11.77,0.0,27913970,25063932,22232640,33.96,29.19,-6.87,P-V+,P-V+,P-V-,➡️ 中性,30,32,27,30.0,,,,,,,,,,,,,,,,,,,,,,,,,,,,32,24,24,,24,剛爆發,,False,False
HSY,Consumer Staples,Hershey Company (The),2026-08-31,176.21,-0.81,-8.47,-22.07,-13.35,0.0,1149210,1822980,1843143,-37.19,-2.16,6.68,P-V-,P-V-,P-V+,😴 弱勢縮量,23,30,33,27.1,,,,,,,,,,,,,,,,,,,,,,,,,,,,33,24,24,,24,剛爆發,,False,False
MNST,Consumer Staples,Monster Beverage,2026-08-31,45.92,-4.71,-48.54,-45.78,-36.2,0.0,9415470,7228141,6379823,46.86,30.67,15.73,P-V+,P-V+,P-V+,📉 主力出貨,29,34,34,31.5,,,,,,,,,,,,,,,,,,,,,,,,,,,,34,24,24,,24,剛爆發,,False,False
MPC,Energy,Marathon Petroleum,2026-08-31,373.32,21.92,48.94,92.42,63.93,1.0,2601135,2397844,2493389,28.11,-7.38,20.31,P+V+,P+V-,P+V+,➡️ 中性,1,1,1,1.0,27.08,120.63,False,True,307.76,7.98,1.122,False,376.56,376.56,-0.86,3.49,18.29,13.0,7.0,2703900.0,2410285.0,1.857,3626500.0,2571440.0,2690306.0,1.348,100.0,73.16,多頭,頭頭高·底底高,空轉多預警 / 多頭確認,1,1,10,2.8,1,,,False,True
VLO,Energy,Valero Energy,2026-08-31,358.92,16.71,47.15,81.62,56.77,1.0,2537600,2852300,3278799,-5.97,-23.02,13.79,P+V-,P+V-,P+V+,⚠️ 頂部背離,5,2,2,3.5,23.84,33.47,False,True,302.36,8.0,1.042,False,362.79,362.79,-1.07,2.88,14.71,11.0,9.0,2584500.0,2480277.0,1.222,3537300.0,2181780.0,2288346.0,1.546,96.55,70.59,空頭,頭頭低·底底低,多轉空預警 / 多頭確認,2,7,8,5.2,4,,,False,True
PSX,Energy,Phillips 66,2026-08-31,246.58,20.22,40.28,61.76,46.0,1.0,2882550,2685224,2902039,14.07,-13.9,19.37,P+V+,P+V-,P+V+,➡️ 中性,3,3,3,3.0,25.45,225.68,False,True,205.11,7.84,1.051,False,250.66,250.66,-1.63,1.53,17.11,11.0,9.0,2947354.0,2803344.0,1.222,4438400.0,2926130.0,2858560.0,1.553,97.61,71.99,擴散,頭頭高·底底低,,3,5,7,4.6,3,,,False,True
APA,Energy,APA Corporation,2026-08-31,43.15,20.53,19.28,57.13,38.52,1.0,5659880,5545293,7015973,6.23,-34.66,5.75,P+V+,P+V-,P+V+,➡️ 中性,2,4,4,3.0,1.01,20.9,False,True,36.72,10.89,1.011,False,45.05,45.66,-4.22,-0.55,15.62,11.0,9.0,5772263.0,5707011.0,1.222,4251500.0,5642310.0,5638506.0,0.754,95.19,63.96,多頭,頭頭高·底底高,空轉多預警,4,9,18,8.8,8,,,False,True
TRGP,Energy,Targa Resources,2026-08-31,293.65,10.98,12.55,27.96,19.86,1.0,1336650,1259635,1324103,20.96,-9.29,-9.97,P+V+,P+V-,P+V-,➡️ 中性,8,7,5,7.1,14.25,7.4,False,True,274.44,11.63,1.092,False,307.94,307.94,-4.64,-1.82,8.61,9.0,11.0,1401622.0,1283490.0,0.818,1740700.0,1553720.0,1299066.0,1.34,85.82,58.79,多頭,頭頭高·底底高,,5,15,11,10.2,10,吃老本,,False,True
COP,Energy,ConocoPhillips,2026-08-31,132.49,11.93,15.99,21.5,17.73,1.0,7097290,7205376,8295576,13.45,-23.23,14.87,P+V+,P+V-,P+V+,➡️ 中性,7,5,6,6.2,10.26,11.52,False,True,117.37,5.98,1.011,False,135.88,135.88,-2.49,-0.64,11.93,12.0,8.0,7033083.0,6955612.0,1.5,8844800.0,6941570.0,6749320.0,1.31,97.09,65.26,多頭,頭頭高·底底高,空轉多預警,6,6,13,7.4,5,,,False,True
SLB,Energy,Schlumberger,2026-08-31,60.1,18.28,10.75,16.95,15.73,1.0,11089835,13887920,15101565,-14.71,-14.88,-11.96,P+V-,P+V-,P+V-,⚠️ 量能衰竭,4,10,10,7.0,6.3,1.13,False,True,49.8,15.59,1.322,False,60.46,60.46,-0.6,11.56,21.19,12.0,7.0,12040341.0,9107771.0,1.714,35191600.0,11789530.0,10859813.0,3.241,100.0,76.21,多頭,頭頭高·底底高,多頭確認,7,1,1,3.4,2,剛爆發,,False,True
OKE,Energy,Oneok,2026-08-31,96.01,8.81,11.65,18.61,14.42,1.0,3743785,3730626,4271020,10.15,-22.46,4.63,P+V+,P+V-,P+V+,➡️ 中性,11,8,8,9.5,5.64,0.14,False,True,90.43,7.16,1.07,False,97.9,97.9,-1.93,3.21,8.81,11.0,9.0,3758245.0,3512722.0,1.222,5214800.0,3423900.0,3384873.0,1.541,93.63,61.31,擴散,頭頭高·底底低,,8,11,9,9.4,9,,,False,True
CVX,Energy,Chevron Corporation,2026-08-31,206.14,9.21,13.96,13.91,12.75,1.0,7978255,8508646,10343432,5.38,-30.13,15.18,P+V+,P+V-,P+V+,➡️ 中性,9,6,12,8.7,8.84,45.56,False,True,186.88,5.49,1.058,False,210.92,214.71,-2.27,1.5,7.64,12.0,8.0,8156791.0,7710450.0,1.5,12048900.0,7830720.0,7593360.0,1.587,96.2,66.77,多頭,頭頭高·底底高,空轉多預警,9,8,6,8.0,7,,,False,True
OXY,Energy,Occidental Petroleum,2026-08-31,60.18,8.49,5.47,16.93,11.96,1.0,8155840,9143280,12823846,-9.64,-44.6,22.2,P+V-,P+V-,P+V+,⚠️ 頂部背離,12,15,11,12.7,29.8,80.35,False,True,55.25,7.71,1.077,False,67.14,67.45,-10.37,-1.83,5.45,11.0,9.0,8427509.0,7823800.0,1.222,8906200.0,7280040.0,7526473.0,1.183,89.72,59.3,多頭,頭頭高·底底高,空轉多預警,10,14,16,12.8,14,,,False,True
DVN,Energy,Devon Energy,2026-08-31,48.51,8.84,10.76,13.47,11.63,1.0,10527570,12515276,13970889,-2.66,-18.87,62.57,P+V-,P+V-,P+V+,⚠️ 頂部背離,10,9,13,10.3,11.26,-4.91,False,True,44.25,7.67,1.258,False,52.34,52.71,-7.31,-1.2,7.49,10.0,10.0,11728820.0,9326320.0,1.0,12617800.0,10738040.0,10262626.0,1.229,91.02,61.75,多頭,頭頭高·底底高,空轉多預警,11,12,15,12.2,13,,,False,True
EOG,Energy,EOG Resources,2026-08-31,144.96,-0.49,8.51,18.97,11.49,0.667,2918675,3405783,4044974,0.22,-27.29,1.79,P-V+,P+V-,P+V+,⚠️ 中期出貨,20,12,7,15.0,2.1,6.22,False,True,139.84,7.67,0.915,False,153.67,153.67,-5.67,-5.29,-2.51,10.0,10.0,2788520.0,3048830.0,1.0,3263300.0,2602990.0,2631540.0,1.24,77.39,51.36,多頭,頭頭高·底底高,空轉多預警,12,17,14,14.4,17,,,False,True
FANG,Energy,Diamondback Energy,2026-08-31,200.48,1.43,3.83,18.19,10.41,1.0,1862140,2244212,2712796,-1.16,-29.46,44.22,P+V-,P+V-,P+V+,⚠️ 頂部背離,19,16,9,16.1,8.32,12.78,False,True,192.74,9.86,0.725,False,216.9,216.9,-7.57,-4.86,-0.67,8.0,12.0,1516850.0,2092333.0,0.667,3619100.0,1908810.0,1700893.0,2.128,70.34,51.1,多頭,頭頭高·底底高,空轉多預警,13,18,3,13.0,15,,,False,True
XOM,Energy,ExxonMobil,2026-08-31,160.95,4.47,10.23,9.27,8.31,1.0,14418865,15837620,18350096,-1.13,-24.09,10.54,P+V-,P+V-,P+V+,⚠️ 頂部背離,15,11,14,13.6,13.26,15.14,False,True,150.26,8.23,1.038,False,174.09,176.41,-7.55,-1.89,4.47,9.0,11.0,14549588.0,14022800.0,0.818,18363400.0,14792960.0,13901720.0,1.321,82.36,57.1,多頭,頭頭高·底底高,空轉多預警,14,16,12,14.4,17,,,False,True
HAL,Energy,Halliburton,2026-08-31,36.85,13.88,-4.74,5.43,5.0,0.667,10902595,11929049,13253221,-10.98,-18.17,4.98,P+V-,P-V-,P+V+,⚠️ 頂部背離,6,20,15,12.0,2.28,10.42,False,True,33.89,13.55,1.161,False,43.41,43.59,-15.1,6.41,15.55,12.0,8.0,11541975.0,9943525.0,1.5,17779600.0,12033030.0,10728993.0,1.657,100.0,64.31,空頭,頭頭低·底底低,多頭確認,15,1,5,7.4,5,剛爆發,,False,True
WMB,Energy,Williams Companies,2026-08-31,75.05,4.95,5.9,2.94,4.19,1.0,7018110,7148938,6762641,7.52,12.12,-5.1,P+V+,P+V+,P+V-,🚀 健康多頭,13,13,16,13.6,0.25,16.43,False,True,73.47,8.61,1.191,False,79.49,80.08,-5.59,6.47,4.91,11.0,9.0,7716127.0,6479577.0,1.222,20164300.0,8093190.0,6916560.0,2.915,94.7,57.22,空頭,頭頭低·底底低,,16,10,2,10.8,11,剛爆發,,False,True
KMI,Energy,Kinder Morgan,2026-08-31,32.24,2.68,1.98,0.47,1.4,1.0,10761395,10325352,11429082,13.05,-17.61,-16.06,P+V+,P+V-,P+V-,➡️ 中性,18,17,17,17.5,,,,,,,,,,,,,,,,,,,,,,,,,,,,17,19,19,,19,,,False,False
EXE,Energy,Expand Energy,2026-08-31,98.16,4.32,5.51,-3.19,0.86,0.667,2617645,3608324,3543449,-36.96,3.73,2.72,P+V-,P+V+,P-V+,➡️ 中性,16,14,19,16.0,19.09,5.37,False,True,91.36,7.26,1.182,False,124.43,126.62,-21.11,2.15,5.02,14.0,6.0,2744157.0,2322450.0,2.333,2085100.0,2729080.0,2601740.0,0.801,100.0,63.36,多頭,頭頭高·底底高,空轉多預警,18,1,17,11.0,12,剛爆發,,False,True
BKR,Energy,Baker Hughes,2026-08-31,63.55,4.89,-1.43,-1.12,0.31,0.333,6453855,8394753,8794594,-36.45,-8.7,15.57,P+V-,P-V-,P-V+,➡️ 中性,14,19,18,16.3,31.47,17.94,False,True,59.34,6.9,1.026,False,69.92,70.41,-9.11,2.52,4.89,11.0,9.0,6477727.0,6312633.0,1.222,11223700.0,6386470.0,6488080.0,1.73,90.23,59.1,多頭,頭頭高·底底高,空轉多預警,19,13,4,13.6,16,剛爆發,,False,True
EQT,Energy,EQT Corporation,2026-08-31,54.18,2.99,-1.06,-8.21,-3.62,0.333,6221195,7214641,7621640,-19.01,-10.14,-12.32,P+V-,P-V-,P-V-,➡️ 中性,17,18,20,17.9,,,,,,,,,,,,,,,,,,,,,,,,,,,,20,19,19,,19,,,False,False
TPL,Energy,Texas Pacific Land Corporation,2026-08-31,374.34,-7.83,-6.58,-29.44,-18.32,0.0,422485,406883,445566,51.92,-15.98,4.44,P-V+,P-V-,P-V+,➡️ 中性,21,21,21,21.0,,,,,,,,,,,,,,,,,,,,,,,,,,,,21,19,19,,19,,,False,False
FDS,Financials,FactSet,2026-08-31,313.55,16.27,31.89,57.18,40.63,1.0,805270,951016,954288,-14.88,-0.68,14.19,P+V-,P+V-,P+V+,⚠️ 頂部背離,2,2,2,2.0,1.76,1.89,False,True,263.73,13.3,0.926,False,371.83,377.07,-15.67,4.55,19.13,11.0,9.0,777490.0,839222.0,1.222,1078900.0,860720.0,817420.0,1.32,97.84,68.08,多頭,頭頭高·底底高,多頭確認,1,3,10,3.6,1,,,False,True
XYZ,Financials,"Block, Inc.",2026-08-31,82.02,-0.09,10.32,60.82,32.97,0.667,4931710,5361593,6317431,7.24,-26.28,-9.45,P-V+,P+V-,P+V-,➡️ 中性,36,43,1,31.1,16.71,25.55,False,True,79.53,9.63,0.827,False,86.92,86.92,-5.64,-0.17,0.96,9.0,11.0,4421577.0,5349090.0,0.818,6106400.0,4190700.0,4232020.0,1.443,77.25,52.75,多頭,頭頭高·底底高,,2,31,6,14.4,12,吃老本,,False,True
STT,Financials,State Street Corporation,2026-08-31,191.38,3.32,23.58,47.1,30.28,1.0,1365280,2120355,2119203,-44.15,0.11,8.19,P+V-,P+V+,P+V+,⚠️ 頂部背離,20,12,3,14.2,9.21,7.46,False,True,182.22,6.81,0.966,False,195.93,195.93,-2.32,2.27,3.92,11.0,9.0,1372254.0,1420333.0,1.222,1843300.0,1395560.0,1332880.0,1.383,88.5,57.89,多頭,頭頭高·底底高,,3,14,8,8.4,2,吃老本,,False,True
IBKR,Financials,Interactive Brokers,2026-08-31,97.29,10.87,17.18,35.56,24.79,1.0,4398555,4762340,4754778,2.93,0.32,-13.48,P+V+,P+V+,P+V-,🚀 健康多頭,4,22,5,9.6,7.98,0.1,False,True,92.23,10.43,1.273,False,98.75,98.75,-1.48,4.56,10.87,10.0,10.0,4762420.0,3739860.0,1.0,3560400.0,3859200.0,3634440.0,0.98,95.63,59.91,空頭,頭頭低·底底低,多轉空預警,4,5,24,8.4,2,,,False,True
BNY,Financials,BNY Mellon,2026-08-31,161.28,3.25,15.2,39.48,24.35,1.0,2503355,3553820,3614884,-36.06,-3.32,4.1,P+V-,P+V-,P+V+,⚠️ 頂部背離,22,26,4,19.6,10.7,16.54,False,True,155.32,5.28,0.858,False,165.69,165.69,-2.66,1.76,3.17,11.0,9.0,2329272.0,2716122.0,1.222,6033800.0,2558140.0,2381460.0,2.534,85.94,54.94,多頭,頭頭高·底底高,,5,20,2,10.4,6,吃老本,,False,True
HOOD,Financials,Robinhood Markets,2026-08-31,104.81,12.08,11.15,35.19,23.4,1.0,18295345,25513621,27014506,-13.35,-10.53,-16.16,P+V-,P+V-,P+V-,⚠️ 量能衰竭,3,37,6,13.8,43.71,8.63,False,True,101.3,20.33,1.254,False,153.86,153.86,-31.88,1.15,16.02,11.0,9.0,20127218.0,16056388.0,1.222,16272500.0,22147000.0,19250480.0,0.845,100.0,54.6,擴散,頭頭高·底底低,,6,1,29,8.6,4,,,False,True
BX,Financials,Blackstone Inc.,2026-08-31,143.24,6.36,24.59,25.45,20.46,1.0,3914760,4924449,6351993,-19.03,-36.7,37.65,P+V-,P+V-,P+V+,⚠️ 頂部背離,9,9,13,9.8,13.71,1.69,False,True,130.33,6.12,1.183,False,182.68,190.09,-21.59,-0.28,6.36,11.0,9.0,4042390.0,3418411.0,1.222,3335000.0,2909180.0,3496360.0,0.954,92.73,58.65,多頭,頭頭高·底底高,,7,10,26,12.0,8,,,False,True
IVZ,Financials,Invesco,2026-08-31,32.78,6.76,17.6,27.32,19.75,1.0,4242410,5066827,5215841,-15.83,-5.56,0.39,P+V-,P+V-,P+V+,⚠️ 頂部背離,8,21,11,12.5,7.18,-1.21,False,True,29.84,7.57,1.045,False,33.66,33.66,-2.61,1.02,6.76,12.0,8.0,4215700.0,4033700.0,1.5,4394700.0,3403400.0,3741240.0,1.175,95.25,61.52,多頭,頭頭高·底底高,,8,6,17,9.0,5,,,False,True
AJG,Financials,Arthur J. Gallagher & Co.,2026-08-31,262.15,5.68,30.79,20.95,19.59,1.0,1281435,1601386,1808618,-11.42,-20.56,-2.18,P+V-,P+V-,P+V-,⚠️ 量能衰竭,12,3,21,11.1,0.94,0.98,False,True,248.77,9.95,1.138,False,310.73,313.55,-15.63,-0.63,5.1,12.0,8.0,1369258.0,1203512.0,1.5,1496700.0,1337400.0,1312346.0,1.14,95.22,56.54,擴散,頭頭高·底底低,,9,7,20,10.4,6,,,False,True
NTRS,Financials,Northern Trust,2026-08-31,185.56,1.84,10.73,32.57,19.43,1.0,1029940,1099806,1094693,-6.53,0.94,3.38,P+V-,P+V+,P+V+,⚠️ 頂部背離,27,41,7,27.2,-8.35,16.14,False,True,182.75,6.15,1.1,False,195.78,195.78,-5.22,0.9,1.85,12.0,8.0,1068625.0,971912.0,1.5,777200.0,975090.0,1052673.0,0.738,93.21,50.77,多頭,頭頭高·底底高,,10,8,34,14.0,11,,,False,False
MET,Financials,MetLife,2026-08-31,95.17,-0.57,16.84,28.08,18.11,0.667,3203805,3711204,3693737,-16.62,0.95,5.48,P-V-,P+V+,P+V+,➡️ 中性,40,25,9,29.3,6.16,6.65,False,True,92.91,5.45,1.067,False,100.93,100.93,-5.71,0.88,-0.39,9.0,11.0,3319177.0,3109409.0,0.818,2903000.0,2941290.0,2738486.0,1.06,81.07,50.19,擴散,頭頭高·底底低,,11,28,22,20.0,15,吃老本,,False,True
ALL,Financials,Allstate,2026-08-31,257.8,-1.86,25.03,24.14,17.86,0.667,1755535,1768226,1621090,8.7,19.96,3.77,P-V+,P+V+,P+V+,⚠️ 中期出貨,48,8,15,29.4,48.03,47.01,False,True,253.51,5.32,0.848,False,277.22,277.22,-7.01,1.56,-2.38,9.0,11.0,1597911.0,1884500.0,0.818,2182900.0,1563700.0,1718546.0,1.27,76.31,49.87,空頭,頭頭低·底底低,,12,32,12,20.0,15,吃老本,,False,True
V,Financials,Visa Inc.,2026-08-31,379.37,3.94,16.96,23.97,17.21,1.0,6851045,8072669,7701999,-11.33,10.11,14.89,P+V-,P+V+,P+V+,⚠️ 頂部背離,17,23,16,18.6,,,,,,,,,,,,,,,,,,,,,,,,,,,,13,35,35,,35,吃老本,,False,False
ARES,Financials,Ares Management,2026-08-31,143.17,3.32,14.77,25.11,17.08,1.0,2181105,2362884,2976484,4.83,-34.18,6.44,P+V+,P+V-,P+V+,➡️ 中性,20,28,14,21.2,1.44,-6.57,False,True,129.06,5.94,1.441,False,181.32,186.85,-21.04,1.36,11.77,10.0,10.0,2575480.0,1786730.0,1.0,1873300.0,1902890.0,2091913.0,0.895,97.83,59.39,多頭,頭頭高·底底高,空轉多預警,14,4,28,12.8,9,剛爆發,,False,True
WTW,Financials,Willis Towers Watson,2026-08-31,338.55,-0.9,34.83,17.04,17.0,0.667,523045,618061,666438,-11.5,-13.54,-1.7,P-V-,P+V-,P+V-,➡️ 中性,41,1,31,27.0,7.78,1.8,False,True,307.74,7.62,0.884,False,351.51,352.79,-3.69,-1.01,0.78,8.0,12.0,484887.0,548483.0,0.667,488000.0,476080.0,517720.0,0.943,75.54,58.7,多頭,頭頭高·底底高,,15,33,27,24.6,26,吃老本,,False,True
AIZ,Financials,Assurant,2026-08-31,281.86,-0.19,14.32,26.91,16.99,0.667,383130,396149,392783,9.51,1.73,11.2,P-V+,P+V+,P+V+,⚠️ 中期出貨,38,31,12,30.7,23.73,11.71,False,True,278.09,5.24,1.198,False,303.0,303.94,-6.98,-1.76,0.12,7.0,13.0,417728.0,348823.0,0.538,275500.0,330830.0,332406.0,0.829,78.4,50.52,多頭,頭頭高·底底高,,16,30,32,24.8,30,吃老本,,False,True
BEN,Financials,Franklin Resources,2026-08-31,34.15,-3.09,10.52,29.04,16.38,0.667,3501995,4341430,4726536,-27.31,-15.07,4.09,P-V-,P+V-,P+V+,➡️ 中性,53,42,8,40.7,8.28,28.64,False,True,33.61,5.99,1.168,False,36.28,36.28,-5.87,-0.47,0.86,8.0,11.0,3852750.0,3298972.0,0.727,3518900.0,3071380.0,2967273.0,1.186,81.67,51.71,多頭,頭頭高·底底高,空轉多預警,17,27,16,20.8,17,吃老本,,False,True
TRV,Financials,Travelers Companies (The),2026-08-31,365.93,-2.97,25.89,21.01,16.23,0.667,1586605,1953753,1685694,-26.89,37.82,20.06,P-V-,P+V+,P+V+,➡️ 中性,51,7,20,31.6,86.12,8.93,False,True,357.76,4.1,0.936,False,398.7,398.7,-8.22,0.65,-2.25,8.0,12.0,1588487.0,1696716.0,0.667,1878300.0,1607790.0,1637353.0,1.147,75.29,49.06,多頭,頭頭高·底底高,,18,34,19,24.6,26,吃老本,,False,True
JPM,Financials,JPMorgan Chase,2026-08-31,356.02,0.96,20.52,20.91,15.82,1.0,5753955,8550090,8980290,-38.58,-9.14,-2.62,P+V-,P+V-,P+V-,⚠️ 量能衰竭,29,15,22,23.4,5.86,7.78,False,True,346.88,4.31,1.01,False,366.5,366.5,-2.86,1.26,1.2,12.0,8.0,5776066.0,5720787.0,1.5,7962900.0,6007740.0,5633966.0,1.413,91.4,53.4,多頭,頭頭高·底底高,,19,12,7,13.8,10,剛爆發,,False,True
MS,Financials,Morgan Stanley,2026-08-31,213.32,0.99,5.25,27.76,15.44,1.0,4248000,5585049,5989475,-28.29,-12.65,0.26,P+V-,P+V-,P+V+,⚠️ 頂部背離,28,61,10,34.3,17.94,13.61,False,False,215.79,6.16,1.181,False,230.98,232.25,-7.65,-0.41,1.38,10.0,10.0,4600340.0,3895660.0,1.0,4206700.0,3950450.0,3859113.0,1.09,86.33,48.12,收斂,頭頭低·底底高,多轉空預警 / 空轉多預警,20,19,21,19.8,14,,,False,True
SCHW,Financials,Charles Schwab Corporation,2026-08-31,109.82,3.56,26.09,15.93,15.38,1.0,7465890,9609332,10006684,-10.37,-7.64,3.25,P+V-,P+V-,P+V+,⚠️ 頂部背離,18,5,33,17.1,4.55,2.48,False,True,103.45,7.39,1.067,False,114.53,114.53,-4.11,-3.37,4.03,10.0,10.0,7709200.0,7222580.0,1.0,6160700.0,8353780.0,7367780.0,0.836,84.75,56.13,多頭,頭頭高·底底高,,21,24,31,24.2,24,,,False,True
BAC,Financials,Bank of America,2026-08-31,61.94,-1.53,20.66,21.13,15.35,0.667,28836860,33944766,36255163,-13.29,-11.98,-2.13,P-V-,P+V-,P+V-,➡️ 中性,44,14,19,30.0,7.74,8.78,False,True,61.12,6.61,0.886,False,65.23,65.23,-5.04,0.41,-0.02,12.0,8.0,26969708.0,30450587.0,1.5,43455200.0,31478120.0,29174400.0,1.489,88.15,48.55,多頭,頭頭高·底底高,空轉多預警,22,15,4,15.6,13,剛爆發,,False,True
MA,Financials,Mastercard,2026-08-31,589.31,3.21,19.55,18.74,15.06,1.0,2929265,3532638,3526497,-4.1,0.35,14.89,P+V-,P+V+,P+V+,⚠️ 頂部背離,23,17,27,22.0,,,,,,,,,,,,,,,,,,,,,,,,,,,,23,35,35,,35,吃老本,,False,False
GPN,Financials,Global Payments,2026-08-31,91.05,3.17,21.04,17.65,14.88,1.0,3088335,3626369,3495811,0.03,7.76,27.21,P+V+,P+V+,P+V+,⭐⭐⭐ 完美多頭,24,13,30,21.9,0.63,5.43,False,True,82.59,6.5,1.157,False,95.88,95.88,-5.04,-3.45,5.64,9.0,11.0,3337311.0,2884627.0,0.818,3341600.0,2671930.0,2709546.0,1.233,84.52,56.83,多頭,頭頭高·底底高,,24,25,14,22.4,21,,,False,True
CPAY,Financials,Corpay,2026-08-31,404.3,4.8,14.74,19.34,14.56,1.0,515920,601715,602753,2.08,-0.34,5.87,P+V+,P+V-,P+V+,➡️ 中性,15,29,26,21.4,6.3,6.03,False,True,378.41,4.63,1.02,False,425.95,425.95,-5.08,-2.32,4.8,10.0,10.0,513190.0,503150.0,1.0,420200.0,413380.0,432000.0,0.973,84.8,54.29,多頭,頭頭高·底底高,空轉多預警,25,23,25,24.2,24,,,False,True
AMP,Financials,Ameriprise Financial,2026-08-31,553.11,-0.08,24.48,16.44,14.32,0.667,383575,604427,631062,-35.92,-8.1,4.35,P-V-,P+V-,P+V+,➡️ 中性,35,10,32,26.9,2.37,10.25,False,True,527.15,4.38,0.991,False,572.56,572.56,-3.4,-1.43,0.19,11.0,9.0,381936.0,385577.0,1.222,481800.0,356430.0,359120.0,1.342,85.21,53.2,多頭,頭頭高·底底高,,26,22,9,21.0,18,,,False,True
RJF,Financials,Raymond James Financial,2026-08-31,178.17,0.28,25.92,15.43,14.26,1.0,954155,1308084,1339695,-24.15,-4.61,6.53,P+V-,P+V-,P+V+,⚠️ 頂部背離,33,6,34,25.1,7.84,0.54,False,True,170.46,7.23,1.298,False,182.73,182.73,-2.5,0.84,0.28,9.0,11.0,1138755.0,877236.0,0.818,1266500.0,1150310.0,1064380.0,1.19,85.49,55.84,多頭,頭頭高·底底高,,27,21,15,22.2,20,剛爆發,,False,True
APO,Financials,Apollo Global Management,2026-08-31,136.58,5.98,7.57,20.68,13.73,1.0,3470425,4073289,4530185,-13.53,-18.32,24.61,P+V-,P+V-,P+V+,⚠️ 頂部背離,10,52,23,25.2,-2.21,2.92,False,True,126.14,7.15,0.911,False,151.39,153.29,-9.78,2.93,9.21,10.0,10.0,3309730.0,3631120.0,1.0,2603600.0,2824410.0,3288386.0,0.792,87.65,59.33,多頭,頭頭高·底底高,,28,17,33,24.6,26,剛爆發,,False,False
PRU,Financials,Prudential Financial,2026-08-31,117.6,-3.71,18.2,19.55,13.4,0.667,1801000,1868869,2056642,0.53,-16.73,14.71,P-V+,P+V-,P+V+,⚠️ 中期出貨,54,18,25,37.4,,,,,,,,,,,,,,,,,,,,,,,,,,,,29,35,35,,35,吃老本,,False,False
KKR,Financials,KKR & Co.,2026-08-31,109.72,3.16,16.91,15.07,12.55,1.0,4807715,4540143,5501131,28.23,-29.74,12.19,P+V+,P+V-,P+V+,➡️ 中性,25,24,35,26.7,,,,,,,,,,,,,,,,,,,,,,,,,,,,30,35,35,,35,,,False,False
GL,Financials,Globe Life,2026-08-31,172.67,-6.2,12.48,21.86,12.5,0.667,527640,629518,576070,-23.5,20.45,8.62,P-V-,P+V+,P+V+,➡️ 中性,70,34,17,48.6,,,,,,,,,,,,,,,,,,,,,,,,,,,,31,35,35,,35,,,False,False
NDAQ,Financials,"Nasdaq, Inc.",2026-08-31,98.61,5.33,6.96,18.2,12.17,1.0,2620385,3885129,3619838,-35.99,15.82,-4.14,P+V-,P+V+,P+V-,⚠️ 量能背離,13,57,28,29.2,8.79,2.84,False,True,91.14,5.25,1.052,False,101.11,101.79,-2.47,0.4,4.69,10.0,10.0,2763180.0,2626280.0,1.0,3599200.0,2674210.0,2486933.0,1.447,86.39,64.52,多頭,頭頭高·底底高,空轉多預警 / 多頭確認,32,18,5,21.0,18,剛爆發,,False,True
JKHY,Financials,Jack Henry & Associates,2026-08-31,167.91,7.27,23.82,8.39,11.97,1.0,962955,1409870,1236430,-17.39,32.63,29.2,P+V-,P+V+,P+V+,⚠️ 頂部背離,6,11,48,15.9,6.4,10.37,False,True,151.01,15.62,1.258,False,191.83,193.39,-12.47,1.03,9.0,10.0,10.0,1072830.0,853080.0,1.0,835500.0,1135220.0,989446.0,0.844,92.82,62.14,多頭,頭頭高·底底高,多頭確認,33,9,30,22.8,22,剛爆發,,False,True
C,Financials,Citigroup,2026-08-31,131.62,-1.46,6.1,21.32,11.82,0.667,8555585,11850353,12550617,-33.12,-10.57,-6.86,P-V-,P+V-,P+V-,➡️ 中性,43,59,18,42.8,,,,,,,,,,,,,,,,,,,,,,,,,,,,34,35,35,,35,,,False,False
TROW,Financials,T. Rowe Price,2026-08-31,111.28,-3.89,7.73,19.97,10.94,0.667,1465115,2021915,2148079,-31.18,-11.1,21.62,P-V-,P+V-,P+V+,➡️ 中性,58,51,24,49.1,,,,,,,,,,,,,,,,,,,,,,,,,,,,35,35,35,,35,,,False,False
MCO,Financials,Moody's Corporation,2026-08-31,504.64,4.62,12.27,12.25,10.35,1.0,706735,920613,1059146,-19.78,-23.13,13.62,P+V-,P+V-,P+V+,⚠️ 頂部背離,16,35,38,26.1,,,,,,,,,,,,,,,,,,,,,,,,,,,,36,35,35,,35,,,False,False
PFG,Financials,Principal Financial Group,2026-08-31,110.16,-4.32,7.47,18.12,9.85,0.667,1008630,1368338,1420360,-38.99,-7.07,6.05,P-V-,P+V-,P+V+,➡️ 中性,61,53,29,52.2,,,,,,,,,,,,,,,,,,,,,,,,,,,,37,35,35,,35,,,False,False
SPGI,Financials,S&P Global,2026-08-31,435.84,4.94,10.8,10.9,9.39,1.0,1818685,2227371,2206839,-11.55,1.88,10.33,P+V-,P+V+,P+V+,⚠️ 頂部背離,14,40,43,27.6,-2.94,3.18,False,True,419.49,8.37,1.019,False,518.88,522.47,-16.0,1.28,6.04,11.0,9.0,1834072.0,1799877.0,1.222,2030900.0,1758550.0,1747973.0,1.162,90.3,59.71,多頭,頭頭高·底底高,空轉多預警,38,13,18,24.0,23,剛爆發,,False,False
EG,Financials,Everest Group,2026-08-31,374.65,0.7,13.1,11.66,9.28,1.0,280105,397230,365210,-25.21,19.22,-4.38,P+V-,P+V+,P+V-,⚠️ 量能背離,32,33,42,34.3,,,,,,,,,,,,,,,,,,,,,,,,,,,,39,35,35,,35,,,False,False
BRO,Financials,Brown & Brown,2026-08-31,72.17,0.78,27.26,3.88,8.95,1.0,1799175,2698318,2956850,-37.9,-16.08,1.59,P+V-,P+V-,P+V+,⚠️ 頂部背離,31,4,57,28.1,-0.39,2.3,False,True,68.98,7.53,0.913,False,96.22,97.15,-24.99,-3.28,0.78,10.0,10.0,1662700.0,1820200.0,1.0,2113700.0,1578090.0,1682300.0,1.256,80.14,54.08,收斂,頭頭低·底底高,多轉空預警,40,29,13,30.2,32,剛爆發,,False,False
COF,Financials,Capital One,2026-08-31,214.51,-1.11,15.1,9.99,8.49,0.667,3066000,4308980,4582839,-33.26,-11.28,11.04,P-V-,P+V-,P+V+,➡️ 中性,42,27,44,37.9,,,,,,,,,,,,,,,,,,,,,,,,,,,,41,35,35,,35,剛爆發,,False,False
MRSH,Financials,Marsh McLennan,2026-08-31,189.8,-1.58,19.65,7.52,8.28,0.667,1933740,2554569,2760286,-30.53,-13.87,0.45,P-V-,P+V-,P+V+,➡️ 中性,45,16,50,37.3,,,,,,,,,,,,,,,,,,,,,,,,,,,,42,35,35,,35,剛爆發,,False,False
USB,Financials,U.S. Bancorp,2026-08-31,61.58,-4.13,13.23,11.95,8.25,0.667,6179465,8291696,8880424,-24.43,-12.43,-8.37,P-V-,P+V-,P+V-,➡️ 中性,59,32,40,47.1,,,,,,,,,,,,,,,,,,,,,,,,,,,,43,35,35,,35,剛爆發,,False,False
PYPL,Financials,PayPal,2026-08-31,52.67,-10.04,18.08,12.0,8.01,0.667,11686255,16070406,16296376,-38.34,-2.74,-10.81,P-V-,P+V-,P+V-,➡️ 中性,75,19,39,51.0,,,,,,,,,,,,,,,,,,,,,,,,,,,,44,35,35,,35,剛爆發,,False,False
GS,Financials,Goldman Sachs,2026-08-31,1025.9,-0.11,2.19,14.8,7.92,0.667,1860690,2121187,2150007,-7.39,-2.65,2.72,P-V-,P+V-,P+V+,➡️ 中性,37,70,36,46.7,,,,,,,,,,,,,,,,,,,,,,,,,,,,45,35,35,,35,剛爆發,,False,False
PGR,Financials,Progressive Corporation,2026-08-31,218.08,3.48,14.59,6.72,7.88,1.0,2242545,3068300,2984674,-25.5,5.77,-11.3,P+V-,P+V+,P+V-,⚠️ 量能背離,19,30,53,29.1,,,,,,,,,,,,,,,,,,,,,,,,,,,,46,35,35,,35,剛爆發,,False,False
CFG,Financials,Citizens Financial Group,2026-08-31,68.87,-5.27,11.07,12.48,7.69,0.667,2891140,4318541,4467309,-42.43,-6.45,-5.76,P-V-,P+V-,P+V-,➡️ 中性,67,38,37,52.3,,,,,,,,,,,,,,,,,,,,,,,,,,,,47,35,35,,35,剛爆發,,False,False
BLK,Financials,BlackRock,2026-08-31,1155.61,2.57,11.05,8.1,7.45,1.0,576460,759843,769669,-27.32,-2.52,18.87,P+V-,P+V-,P+V+,⚠️ 頂部背離,26,39,49,34.5,,,,,,,,,,,,,,,,,,,,,,,,,,,,48,35,35,,35,剛爆發,,False,False
COIN,Financials,Coinbase,2026-08-31,188.12,24.81,-0.48,2.27,7.22,0.667,9583420,8647330,9842219,29.76,-21.65,-0.89,P+V+,P-V-,P+V-,➡️ 中性,1,72,61,34.3,-487.47,-3458.88,False,True,160.88,26.98,1.463,False,402.16,402.16,-53.22,4.81,28.41,11.0,9.0,11176200.0,7636688.0,1.222,10672700.0,12397970.0,10458140.0,1.021,100.0,60.92,收斂,頭頭低·底底高,多轉空預警 / 空轉多預警 / 多頭確認,49,1,23,24.6,26,剛爆發,,False,True
PNC,Financials,PNC Financial Services,2026-08-31,239.63,-4.8,9.9,11.7,7.12,0.667,1460765,1980193,2117080,-27.45,-12.15,-0.11,P-V-,P+V-,P+V-,➡️ 中性,63,45,41,53.2,,,,,,,,,,,,,,,,,,,,,,,,,,,,50,35,35,,35,剛爆發,,False,False
SYF,Financials,Synchrony Financial,2026-08-31,77.08,-0.55,8.32,9.83,6.86,0.667,3193435,3670492,3804295,-23.97,-6.8,0.72,P-V-,P+V-,P+V+,➡️ 中性,39,49,45,43.2,,,,,,,,,,,,,,,,,,,,,,,,,,,,51,35,35,,35,剛爆發,,False,False
ERIE,Financials,Erie Indemnity,2026-08-31,255.56,7.89,17.8,0.58,6.71,1.0,327795,280493,258021,6.65,19.08,64.19,P+V+,P+V+,P+V+,⭐⭐⭐ 完美多頭,5,20,66,21.7,2.92,-5.26,False,True,243.56,7.97,0.513,False,347.74,355.11,-26.51,-4.87,7.89,12.0,8.0,233641.0,455587.0,1.5,1993400.0,401700.0,352406.0,5.657,84.26,52.47,擴散,頭頭高·底底低,,52,26,1,31.4,33,剛爆發,,False,True
ICE,Financials,Intercontinental Exchange,2026-08-31,160.7,5.86,8.76,4.16,5.74,1.0,3472295,4514343,3902166,-20.04,37.21,7.36,P+V-,P+V+,P+V+,⚠️ 頂部背離,11,46,55,30.3,3.36,3.86,False,True,144.88,5.88,0.965,False,174.83,177.0,-8.08,-0.34,5.39,12.0,8.0,3423025.0,3546200.0,1.5,4121700.0,3320580.0,3136360.0,1.314,92.49,68.49,收斂,頭頭低·底底高,空轉多預警 / 多頭確認,53,11,11,27.8,31,剛爆發,,False,True
MTB,Financials,M&T Bank,2026-08-31,233.94,-6.23,9.92,8.56,5.2,0.667,918870,1103223,1099939,-23.06,0.6,-0.8,P-V-,P+V+,P+V-,➡️ 中性,71,44,47,58.1,,,,,,,,,,,,,,,,,,,,,,,,,,,,54,35,35,,35,剛爆發,,False,False
FITB,Financials,Fifth Third Bancorp,2026-08-31,53.77,-5.5,8.56,8.85,5.19,0.667,5005610,6638620,7328093,-20.67,-17.2,-14.79,P-V-,P+V-,P+V-,➡️ 中性,69,47,46,57.8,,,,,,,,,,,,,,,,,,,,,,,,,,,,55,35,35,,35,剛爆發,,False,False
RF,Financials,Regions Financial Corporation,2026-08-31,29.88,-5.08,8.39,7.09,4.37,0.667,7684695,9795363,11172995,-24.37,-21.95,-42.12,P-V-,P+V-,P+V-,➡️ 中性,65,48,51,57.1,,,,,,,,,,,,,,,,,,,,,,,,,,,,56,35,35,,35,剛爆發,,False,False
CINF,Financials,Cincinnati Financial,2026-08-31,169.9,-4.57,6.77,6.91,4.01,0.667,475155,779873,764688,-51.21,4.05,35.17,P-V-,P+V+,P+V+,➡️ 中性,62,58,52,58.8,,,,,,,,,,,,,,,,,,,,,,,,,,,,57,35,35,,35,剛爆發,,False,False
WFC,Financials,Wells Fargo,2026-08-31,86.39,-1.7,12.05,0.72,2.95,0.667,11679210,14783941,16223613,-29.82,-16.3,9.64,P-V-,P+V-,P+V+,➡️ 中性,46,36,65,46.8,,,,,,,,,,,,,,,,,,,,,,,,,,,,58,35,35,,35,剛爆發,,False,False
AXP,Financials,American Express,2026-08-31,330.17,-4.22,5.06,3.63,2.03,0.667,2344010,2940018,3262465,-26.65,-17.99,19.55,P-V-,P+V-,P+V+,➡️ 中性,60,62,58,60.2,,,,,,,,,,,,,,,,,,,,,,,,,,,,59,35,35,,35,剛爆發,,False,False
BRK-B,Financials,Berkshire Hathaway,2026-08-31,504.03,-1.78,5.57,1.93,1.91,0.667,4259505,4759795,4797773,4.53,-1.57,3.59,P-V+,P+V-,P+V+,⚠️ 中期出貨,47,60,62,53.9,,,,,,,,,,,,,,,,,,,,,,,,,,,,60,35,35,,35,剛爆發,,False,False
CB,Financials,Chubb Limited,2026-08-31,338.6,-2.77,7.41,1.13,1.73,0.667,1627455,1840321,1738940,-21.4,12.38,-2.84,P-V-,P+V+,P+V-,➡️ 中性,50,54,64,54.0,,,,,,,,,,,,,,,,,,,,,,,,,,,,61,35,35,,35,剛爆發,,False,False
KEY,Financials,KeyCorp,2026-08-31,21.61,-5.26,2.27,4.95,1.73,0.667,8896280,11158320,12391913,-19.0,-18.11,-38.87,P-V-,P+V-,P+V-,➡️ 中性,66,69,54,64.5,,,,,,,,,,,,,,,,,,,,,,,,,,,,61,35,35,,35,剛爆發,,False,False
AFL,Financials,Aflac,2026-08-31,115.85,-8.11,3.38,4.07,0.85,0.667,2100150,2379132,2334271,11.57,3.92,0.37,P-V+,P+V+,P+V+,⚠️ 中期出貨,73,67,56,67.8,,,,,,,,,,,,,,,,,,,,,,,,,,,,63,35,35,,35,剛爆發,,False,False
ACGL,Financials,Arch Capital Group,2026-08-31,98.07,-3.02,8.16,-1.12,0.73,0.333,1621335,2011801,2043794,-12.23,-3.08,-4.74,P-V-,P+V-,P-V-,➡️ 中性,52,50,70,55.0,,,,,,,,,,,,,,,,,,,,,,,,,,,,64,35,35,,35,剛爆發,,False,False
HBAN,Financials,Huntington Bancshares,2026-08-31,16.69,-3.86,4.47,-0.05,0.13,0.333,21968715,23745090,23868937,-14.67,-1.03,-23.94,P-V-,P+V-,P-V-,➡️ 中性,56,63,68,60.5,,,,,,,,,,,,,,,,,,,,,,,,,,,,65,35,35,,35,剛爆發,,False,False
HIG,Financials,Hartford (The),2026-08-31,137.38,-3.86,7.03,-1.36,0.11,0.333,1439065,1713266,1628286,-14.28,11.01,8.71,P-V-,P+V+,P-V+,➡️ 中性,56,56,71,59.0,,,,,,,,,,,,,,,,,,,,,,,,,,,,66,35,35,,35,剛爆發,,False,False
TFC,Financials,Truist Financial,2026-08-31,49.58,-4.92,3.86,0.06,-0.23,0.667,5844195,8562410,8592811,-27.08,-0.71,0.6,P-V-,P+V-,P+V+,➡️ 中性,64,64,67,64.6,,,,,,,,,,,,,,,,,,,,,,,,,,,,67,35,35,,35,剛爆發,,False,False
MSCI,Financials,MSCI,2026-08-31,570.64,0.21,-9.3,3.21,-0.67,0.667,602055,693123,644762,-18.26,16.22,-1.38,P+V-,P-V+,P+V-,⚠️ 量能背離,34,75,59,51.3,,,,,,,,,,,,,,,,,,,,,,,,,,,,68,35,35,,35,剛爆發,,False,False
L,Financials,Loews Corporation,2026-08-31,108.29,-6.8,3.37,-0.79,-1.25,0.333,648440,831916,772329,-19.27,16.72,-1.5,P-V-,P+V+,P-V-,➡️ 中性,72,68,69,70.2,,,,,,,,,,,,,,,,,,,,,,,,,,,,69,35,35,,35,剛爆發,,False,False
CME,Financials,CME Group,2026-08-31,285.5,7.26,3.45,-7.9,-1.27,0.667,1820655,3172863,2759236,-34.4,35.27,40.69,P+V-,P+V+,P-V+,➡️ 中性,7,66,74,38.1,2.75,-0.25,False,True,253.99,9.16,0.984,False,319.82,329.16,-10.73,3.83,6.61,10.0,10.0,1805800.0,1835510.0,1.0,3293700.0,1937920.0,1843846.0,1.786,87.72,71.57,收斂,頭頭低·底底高,空轉多預警 / 多頭確認,70,16,3,35.0,34,剛爆發,🎯 潛在暴漲,False,True
CBOE,Financials,Cboe Global Markets,2026-08-31,300.2,0.8,-12.61,2.95,-1.48,0.667,976895,1461106,1180314,-17.41,62.43,46.03,P+V-,P-V+,P+V+,⚠️ 頂部背離,30,76,60,49.8,,,,,,,,,,,,,,,,,,,,,,,,,,,,71,35,35,,35,剛爆發,,False,False
AON,Financials,Aon plc,2026-08-31,321.52,-10.1,1.24,1.18,-1.62,0.667,902230,1419647,1408380,-34.39,1.61,14.18,P-V-,P+V+,P+V+,➡️ 中性,76,71,63,71.9,,,,,,,,,,,,,,,,,,,,,,,,,,,,72,35,35,,35,剛爆發,,False,False
AIG,Financials,American International Group,2026-08-31,76.36,-3.73,3.55,-3.53,-1.81,0.333,2958755,3716780,3969058,-9.98,-11.95,-14.5,P-V-,P+V-,P-V-,➡️ 中性,55,65,72,61.4,,,,,,,,,,,,,,,,,,,,,,,,,,,,73,35,35,,35,剛爆發,,False,False
WRB,Financials,W. R. Berkley Corporation,2026-08-31,67.56,-5.36,7.29,-4.77,-1.9,0.333,1584180,2026112,2063947,-22.5,-3.6,-20.22,P-V-,P+V-,P-V-,➡️ 中性,68,55,73,65.1,,,,,,,,,,,,,,,,,,,,,,,,,,,,74,35,35,,35,剛爆發,,False,False
FISV,Financials,Fiserv,2026-08-31,53.31,-1.91,-4.51,-9.84,-6.53,0.0,8290510,8022766,7217338,30.13,25.12,-21.09,P-V+,P-V+,P-V-,➡️ 中性,49,74,75,61.7,,,,,,,,,,,,,,,,,,,,,,,,,,,,75,35,35,,35,剛爆發,,False,False
FIS,Financials,Fidelity National Information Services,2026-08-31,40.77,-8.95,-2.33,-13.55,-9.6,0.0,6228555,6305190,6341774,7.63,-1.15,59.52,P-V+,P-V-,P-V+,➡️ 中性,74,73,76,74.1,,,,,,,,,,,,,,,,,,,,,,,,,,,,76,35,35,,35,剛爆發,,False,False
MRNA,Health Care,Moderna,2026-08-31,140.34,146.25,197.39,173.19,172.51,1.0,31018445,14750530,11078955,457.2,99.13,-3.79,P+V+,P+V+,P+V-,🚀 健康多頭,1,1,1,1.0,4.33,12.37,False,True,78.32,82.74,1.675,False,176.66,176.66,-20.56,1.04,154.52,10.0,10.0,38848930.0,23187960.0,1.0,18532100.0,56254160.0,39501340.0,0.469,100.0,64.13,多頭,頭頭高·底底高,,1,1,29,6.6,4,,🔥 追高風險,False,True
HUM,Health Care,Humana,2026-08-31,383.23,2.33,24.44,121.07,67.23,1.0,1110525,1385536,1577154,-26.8,-21.67,-15.55,P+V-,P+V-,P+V-,⚠️ 量能衰竭,34,16,2,22.2,8.79,1.05,False,False,384.84,8.23,1.221,False,428.88,428.88,-10.64,1.15,5.32,12.0,8.0,1197291.0,980375.0,1.5,1019900.0,1033640.0,999573.0,1.02,97.53,50.43,收斂,頭頭低·底底高,多轉空預警,2,13,20,10.0,6,吃老本,🔥 追高風險,False,True
VEEV,Health Care,Veeva Systems,2026-08-31,285.69,38.52,73.8,62.52,59.34,1.0,2012780,2266640,2557584,28.96,-20.43,58.96,P+V+,P+V-,P+V+,➡️ 中性,2,2,4,2.4,5.77,4.91,False,True,210.26,22.24,1.387,False,310.5,310.5,-7.99,14.98,38.52,13.0,7.0,2287892.0,1649385.0,1.857,2844900.0,2325810.0,2114066.0,1.346,100.0,77.26,多頭,頭頭高·底底高,空轉多預警 / 多頭確認,3,1,7,3.0,1,,,False,True
CRL,Health Care,Charles River Laboratories,2026-08-31,288.24,23.12,59.5,72.02,56.67,1.0,1003435,892526,903059,21.5,-2.31,-3.74,P+V+,P+V-,P+V-,➡️ 中性,3,3,3,3.0,10.31,5.42,False,True,245.04,8.32,1.168,False,303.31,303.31,-4.97,-2.35,23.97,13.0,7.0,1053776.0,902557.0,1.857,1086200.0,938290.0,970673.0,1.119,100.0,64.56,擴散,頭頭高·底底低,多頭確認,4,1,17,5.4,2,,,False,True
IQV,Health Care,IQVIA,2026-08-31,261.19,11.93,44.23,58.41,43.25,1.0,1224745,1477164,1619953,-15.06,-16.2,-0.23,P+V-,P+V-,P+V-,⚠️ 量能衰竭,8,4,5,6.2,3.94,2.96,False,True,221.24,12.34,1.148,False,265.25,265.25,-1.53,0.53,11.14,11.0,9.0,1300181.0,1132544.0,1.222,1303900.0,1274500.0,1166740.0,1.118,95.32,71.54,多頭,頭頭高·底底高,多頭確認,5,16,18,12.0,8,吃老本,,False,True
CNC,Health Care,Centene Corporation,2026-08-31,64.34,0.91,9.22,51.85,28.46,1.0,4213575,4970176,5664587,-13.65,-21.84,-39.14,P+V-,P+V-,P+V-,⚠️ 量能衰竭,42,40,6,34.2,132.64,57.91,False,False,65.27,6.56,0.975,False,69.36,69.36,-7.24,-2.0,0.91,10.0,10.0,3946470.0,4046730.0,1.0,8794500.0,3911030.0,3610306.0,2.436,81.81,47.65,收斂,頭頭低·底底高,多轉空預警 / 空轉多預警,6,26,1,13.0,10,吃老本,,False,True
RVTY,Health Care,Revvity,2026-08-31,128.67,11.67,27.2,31.99,25.71,1.0,1536050,1520729,1356655,14.48,27.52,-2.13,P+V+,P+V+,P+V-,🚀 健康多頭,10,12,9,10.4,15.93,4.47,False,True,113.79,13.09,1.275,False,129.8,129.8,-0.87,3.14,14.35,11.0,9.0,1701345.0,1334022.0,1.222,1631800.0,1520000.0,1406860.0,1.16,100.0,69.51,多頭,頭頭高·底底高,多頭確認,7,1,15,6.2,3,剛爆發,🚀 暴漲中,False,True
TECH,Health Care,Bio-Techne,2026-08-31,72.31,0.35,42.39,25.91,23.64,1.0,2680975,4709721,3639876,-34.99,83.26,65.23,P+V-,P+V+,P+V+,⚠️ 頂部背離,43,5,12,25.4,0.13,-0.82,False,True,70.53,0.55,1.097,True,72.54,72.62,-0.32,0.1,0.42,10.0,10.0,2804380.0,2557570.0,1.0,2200600.0,2467140.0,2508146.0,0.877,84.48,65.49,多頭,頭頭高·底底高,,8,24,25,17.8,19,吃老本,,False,True
MRK,Health Care,Merck & Co.,2026-08-31,147.76,15.65,24.13,20.98,20.43,1.0,11373180,10915669,10246150,32.63,13.98,-22.36,P+V+,P+V+,P+V-,🚀 健康多頭,4,17,18,10.7,49.43,13.15,False,True,131.44,15.09,1.071,False,156.92,156.92,-5.84,-3.14,13.49,12.0,8.0,11680983.0,10911475.0,1.5,11124700.0,14103070.0,11972786.0,0.929,98.07,61.6,多頭,頭頭高·底底高,多頭確認,9,11,23,12.6,9,,🚀 暴漲中,False,True
BAX,Health Care,Baxter International,2026-08-31,26.0,-8.25,38.5,25.6,20.36,0.667,6019605,6663641,7630870,-13.61,-22.5,-4.81,P-V-,P+V-,P+V-,➡️ 中性,56,6,13,32.4,52.53,15.93,False,True,24.18,3.92,1.199,False,29.99,30.0,-13.3,-1.25,-0.57,10.0,10.0,6918390.0,5769490.0,1.0,3991300.0,4737880.0,5454193.0,0.732,85.14,52.6,多頭,頭頭高·底底高,,10,23,27,18.6,21,吃老本,,False,True
DXCM,Health Care,Dexcom,2026-08-31,91.06,4.3,25.88,24.59,19.84,1.0,5035280,5105489,5081480,3.68,0.95,-12.16,P+V+,P+V+,P+V-,🚀 健康多頭,25,15,14,19.8,15.11,18.99,False,True,79.23,5.64,1.134,False,92.59,92.59,-1.65,-1.39,9.12,13.0,7.0,5252623.0,4631642.0,1.857,2999300.0,4313030.0,4725486.0,0.635,100.0,63.96,多頭,頭頭高·底底高,多頭確認,11,1,28,10.4,7,剛爆發,🎯 潛在暴漲,False,True
WST,Health Care,West Pharmaceutical Services,2026-08-31,341.11,-2.19,5.74,37.8,19.79,0.667,473115,722346,797014,-44.35,-17.13,2.22,P-V-,P+V-,P+V+,➡️ 中性,49,44,8,39.3,13.86,27.07,False,False,349.59,7.1,1.066,False,385.75,386.0,-11.57,-3.39,0.04,10.0,10.0,495780.0,465130.0,1.0,615600.0,444660.0,466920.0,1.318,82.32,41.68,多頭,頭頭高·底底高,空轉多預警 / 空頭確認,12,25,8,16.4,14,吃老本,,False,True
UNH,Health Care,UnitedHealth Group,2026-08-31,389.41,-4.45,2.98,38.87,19.07,0.667,4166580,5694223,6971543,-24.15,-30.97,-28.49,P-V-,P+V-,P+V-,➡️ 中性,51,49,7,41.6,29.8,9.52,False,False,412.6,5.7,0.963,False,461.62,461.62,-15.64,-2.34,-6.25,8.0,12.0,4073900.0,4228366.0,0.667,5748000.0,4101800.0,4045053.0,1.421,72.17,40.1,擴散,頭頭高·底底低,,13,28,4,17.2,17,吃老本,,False,True
INCY,Health Care,Incyte,2026-08-31,123.22,4.04,26.38,21.94,18.58,1.0,1333330,1851710,1666186,-30.02,25.06,-18.53,P+V-,P+V+,P+V-,⚠️ 量能背離,26,14,17,20.6,43.95,35.12,False,True,118.59,8.81,1.214,False,132.6,132.6,-7.07,-3.59,3.1,8.0,12.0,1491137.0,1228125.0,0.667,1483200.0,1234080.0,1162906.0,1.275,81.67,50.98,多頭,頭頭高·底底高,,14,27,10,18.4,20,吃老本,,False,True
TMO,Health Care,Thermo Fisher Scientific,2026-08-31,617.1,7.5,26.78,19.92,18.53,1.0,1699465,2153464,2153574,-24.05,-0.01,3.2,P+V-,P+V-,P+V+,⚠️ 頂部背離,16,13,20,15.9,5.6,3.79,False,True,557.38,10.84,1.326,False,647.0,647.0,-4.62,-1.93,7.45,10.0,10.0,1937540.0,1461390.0,1.0,1429100.0,1742360.0,1665320.0,0.858,91.9,62.75,多頭,頭頭高·底底高,多頭確認,15,19,26,18.8,22,,,False,True
WAT,Health Care,Waters Corporation,2026-08-31,414.63,4.68,8.1,29.8,18.09,1.0,810015,902809,984042,0.4,-15.25,31.07,P+V+,P+V-,P+V+,➡️ 中性,22,42,10,25.6,1.41,16.99,False,True,386.93,7.34,1.213,False,426.22,426.22,-2.72,0.96,9.89,11.0,9.0,918963.0,757655.0,1.222,679200.0,757040.0,725326.0,0.936,95.88,59.16,空頭,頭頭低·底底低,多轉空預警 / 多頭確認,16,14,22,16.4,14,,,False,True
A,Health Care,Agilent Technologies,2026-08-31,153.56,9.84,13.65,23.96,17.85,1.0,2028550,2323069,2291321,-8.25,2.81,20.21,P+V-,P+V+,P+V+,⚠️ 頂部背離,12,35,16,19.7,9.01,5.8,False,True,140.12,10.74,1.086,False,163.75,163.75,-6.22,-3.42,10.98,13.0,7.0,2086323.0,1921257.0,1.857,2765700.0,2687140.0,2213326.0,1.25,100.0,60.43,多頭,頭頭高·底底高,空轉多預警 / 多頭確認,17,1,11,9.4,5,剛爆發,,False,True
SOLV,Health Care,Solventum,2026-08-31,91.06,3.4,19.91,24.03,17.84,1.0,1197845,1505595,1480591,14.45,3.44,39.62,P+V+,P+V+,P+V+,⭐⭐⭐ 完美多頭,30,23,15,24.9,33.78,9.33,False,True,82.7,6.3,0.795,False,92.71,92.71,-1.78,-0.21,3.4,12.0,8.0,1058650.0,1330850.0,1.5,926400.0,931590.0,1008513.0,0.919,88.37,64.87,多頭,頭頭高·底底高,多頭確認,18,21,24,20.4,24,,,False,True
AMGN,Health Care,Amgen,2026-08-31,429.88,14.13,28.5,13.79,17.55,1.0,2605765,2692120,2658259,10.93,2.58,-0.42,P+V+,P+V+,P+V-,🚀 健康多頭,5,10,25,10.5,11.97,8.04,False,True,387.83,6.6,1.263,False,447.03,447.03,-3.84,-3.15,14.13,11.0,9.0,2781045.0,2202266.0,1.222,2339500.0,2285790.0,2309886.0,1.013,97.65,62.25,多頭,頭頭高·底底高,多頭確認,19,12,21,16.6,16,剛爆發,🚀 暴漲中,False,True
LH,Health Care,Labcorp,2026-08-31,332.66,8.44,27.23,16.72,17.28,1.0,593045,679964,646886,-25.43,10.78,-10.58,P+V-,P+V+,P+V-,⚠️ 量能背離,13,11,21,14.0,4.65,3.26,False,True,298.86,7.58,0.928,False,341.07,341.8,-2.47,-0.88,7.82,13.0,7.0,577423.0,622057.0,1.857,851100.0,680760.0,600900.0,1.416,98.44,66.88,多頭,頭頭高·底底高,多頭確認,20,10,5,13.0,10,剛爆發,,False,True
VRTX,Health Care,Vertex Pharmaceuticals,2026-08-31,544.52,13.75,21.67,12.73,15.22,1.0,1184680,1503667,1395995,-18.44,16.72,-5.78,P+V-,P+V+,P+V-,⚠️ 量能背離,6,19,26,13.9,-0.32,3.81,False,True,500.61,9.8,1.292,False,555.69,555.69,-2.01,-0.64,14.13,11.0,9.0,1353509.0,1047622.0,1.222,1198300.0,1060140.0,1159333.0,1.034,99.16,63.13,多頭,頭頭高·底底高,,21,9,19,15.8,13,剛爆發,,False,False
DGX,Health Care,Quest Diagnostics,2026-08-31,240.3,3.6,22.98,15.65,14.47,1.0,815225,940613,916570,-27.54,5.39,-8.76,P+V-,P+V+,P+V-,⚠️ 量能背離,29,18,23,24.5,,,,,,,,,,,,,,,,,,,,,,,,,,,,22,30,30,,30,吃老本,,False,False
ABBV,Health Care,AbbVie,2026-08-31,256.42,4.62,18.12,13.99,12.68,1.0,4835855,6542993,6594986,-19.09,-1.56,8.45,P+V-,P+V-,P+V+,⚠️ 頂部背離,23,29,24,25.0,,,,,,,,,,,,,,,,,,,,,,,,,,,,23,30,30,,30,吃老本,,False,False
BDX,Health Care,Becton Dickinson,2026-08-31,188.11,10.57,28.76,5.35,12.51,1.0,1848820,2188593,2534133,6.0,-24.0,-3.13,P+V+,P+V-,P+V-,➡️ 中性,11,8,34,14.7,2.93,4.51,False,True,166.74,6.55,1.129,False,193.07,193.07,-2.57,-1.38,10.52,11.0,9.0,1948709.0,1726733.0,1.222,2629600.0,1787650.0,1694560.0,1.552,93.84,66.59,多頭,頭頭高·底底高,空轉多預警,24,18,2,17.2,17,剛爆發,,False,True
CVS,Health Care,CVS Health,2026-08-31,93.91,-10.88,1.64,28.5,11.94,0.667,8023900,8039164,8094968,5.72,-1.37,3.96,P-V+,P+V-,P+V+,⚠️ 中期出貨,57,51,11,46.0,39.36,16.48,False,False,101.02,4.43,0.939,False,110.0,110.68,-14.63,0.96,-10.07,8.0,11.0,7811075.0,8322709.0,0.727,10674700.0,6703250.0,7091366.0,1.505,71.67,40.96,空頭,頭頭低·底底低,多轉空預警,25,29,3,22.2,26,,,False,True
ELV,Health Care,Elevance Health,2026-08-31,392.54,3.85,0.24,19.99,11.02,1.0,879525,1436149,1683604,-41.14,-25.63,-2.74,P+V-,P+V-,P+V-,⚠️ 量能衰竭,27,52,19,32.9,,,,,,,,,,,,,,,,,,,,,,,,,,,,26,30,30,,30,,,False,False
BMY,Health Care,Bristol Myers Squibb,2026-08-31,66.81,1.4,18.16,11.36,10.57,1.0,9545560,12118016,11795183,-21.76,5.63,-19.47,P+V-,P+V+,P+V-,⚠️ 量能背離,40,28,27,33.8,,,,,,,,,,,,,,,,,,,,,,,,,,,,27,30,30,,30,,,False,False
REGN,Health Care,Regeneron Pharmaceuticals,2026-08-31,799.08,5.37,28.72,3.76,10.4,1.0,727725,905524,843181,-7.35,15.97,-14.54,P+V-,P+V+,P+V-,⚠️ 量能背離,19,9,37,19.6,39.99,6.38,False,True,716.05,8.28,1.029,False,847.0,847.0,-5.66,-4.19,4.9,12.0,8.0,736050.0,715237.0,1.5,894100.0,687750.0,716046.0,1.249,91.77,58.02,擴散,頭頭高·底底低,,28,20,12,21.6,25,剛爆發,,False,True
PFE,Health Care,Pfizer,2026-08-31,28.46,13.7,10.78,8.46,10.35,1.0,39030665,42184296,39721079,-1.02,13.22,-30.42,P+V-,P+V+,P+V-,⚠️ 量能背離,7,37,32,21.0,12.87,3.93,False,True,25.38,7.69,1.434,False,28.7,28.75,-0.84,1.39,13.79,13.0,7.0,43655161.0,30442314.0,1.857,45911500.0,35804930.0,35793406.0,1.283,100.0,68.63,多頭,頭頭高·底底高,多頭確認,29,1,9,13.8,12,剛爆發,,False,True
BIIB,Health Care,Biogen,2026-08-31,216.65,7.35,10.32,11.03,9.93,1.0,772465,1136016,1139399,-47.45,-0.59,-36.17,P+V-,P+V-,P+V-,⚠️ 量能衰竭,17,38,29,25.7,,,,,,,,,,,,,,,,,,,,,,,,,,,,30,30,30,,30,,,False,False
JNJ,Health Care,Johnson & Johnson,2026-08-31,265.85,5.01,15.75,9.1,9.74,1.0,6556735,7961678,7845576,-19.13,3.0,-10.63,P+V-,P+V+,P+V-,⚠️ 量能背離,21,33,31,26.6,,,,,,,,,,,,,,,,,,,,,,,,,,,,31,30,30,,30,,,False,False
HSIC,Health Care,Henry Schein,2026-08-31,89.8,3.8,17.66,7.74,9.24,1.0,1170890,1307623,1377123,-10.37,-9.61,-2.23,P+V-,P+V-,P+V-,⚠️ 量能衰竭,28,30,33,29.6,,,,,,,,,,,,,,,,,,,,,,,,,,,,32,30,30,,30,,,False,False
DHR,Health Care,Danaher Corporation,2026-08-31,213.56,8.13,18.48,2.52,7.91,1.0,3389390,4791726,4602580,-49.24,8.57,16.44,P+V-,P+V+,P+V+,⚠️ 頂部背離,15,26,38,22.9,5.28,6.45,False,True,198.89,9.97,1.192,False,241.78,242.8,-11.67,-2.42,9.53,11.0,9.0,3654527.0,3065333.0,1.222,3608400.0,3464560.0,3199966.0,1.128,93.95,59.96,多頭,頭頭高·底底高,空轉多預警,33,17,16,23.2,27,剛爆發,,False,True
LLY,Health Care,Lilly (Eli),2026-08-31,1156.73,3.3,2.8,11.34,7.2,1.0,2881775,2945680,3001259,22.52,-3.64,-16.35,P+V+,P+V-,P+V-,➡️ 中性,31,50,28,36.1,,,,,,,,,,,,,,,,,,,,,,,,,,,,34,30,30,,30,,,False,False
EW,Health Care,Edwards Lifesciences,2026-08-31,90.75,2.17,5.57,10.13,7.0,1.0,3075075,4571283,4761404,-41.94,-7.68,12.17,P+V-,P+V-,P+V+,⚠️ 頂部背離,36,45,30,37.5,,,,,,,,,,,,,,,,,,,,,,,,,,,,35,30,30,,30,,,False,False
ABT,Health Care,Abbott Laboratories,2026-08-31,110.36,3.02,28.79,-2.39,6.76,0.667,7756530,11701884,11934961,-39.17,-3.83,63.09,P+V-,P+V-,P-V+,➡️ 中性,33,7,43,27.2,2.61,0.33,False,True,102.18,7.03,0.967,False,134.38,137.49,-17.88,-5.38,4.41,11.0,9.0,7640136.0,7898788.0,1.222,10691200.0,8378300.0,7589540.0,1.409,85.75,53.83,多頭,頭頭高·底底高,多頭確認,36,22,6,24.4,29,剛爆發,,False,True
CAH,Health Care,Cardinal Health,2026-08-31,234.62,-0.42,17.65,4.31,6.46,0.667,1864375,2193335,2080970,-18.51,11.42,-5.16,P-V-,P+V+,P+V-,➡️ 中性,46,31,36,39.5,,,,,,,,,,,,,,,,,,,,,,,,,,,,37,30,30,,30,剛爆發,,False,False
ZBH,Health Care,Zimmer Biomet,2026-08-31,100.04,3.16,21.11,0.71,6.42,1.0,2185220,2271826,2263833,-3.04,0.71,18.19,P+V-,P+V+,P+V+,⚠️ 頂部背離,32,20,40,30.0,,,,,,,,,,,,,,,,,,,,,,,,,,,,38,30,30,,30,剛爆發,,False,False
RMD,Health Care,ResMed|,2026-08-31,240.1,11.9,18.37,-4.02,5.55,0.667,1598410,1555989,1365716,13.1,32.37,30.18,P+V+,P+V+,P-V+,🚀 健康多頭,9,27,44,21.4,1.96,2.15,False,True,211.88,9.6,0.842,False,281.89,284.87,-14.82,3.29,11.9,12.0,8.0,1483283.0,1761175.0,1.5,1722100.0,1463060.0,1405826.0,1.225,95.69,69.22,多頭,頭頭高·底底高,多頭確認,39,15,13,24.2,28,剛爆發,🚀 暴漲中,False,True
MTD,Health Care,Mettler Toledo,2026-08-31,1405.14,-2.22,19.02,1.83,5.12,0.667,170220,197300,187679,0.53,10.81,33.79,P-V+,P+V+,P+V+,⚠️ 中期出貨,50,25,39,40.3,,,,,,,,,,,,,,,,,,,,,,,,,,,,40,30,30,,30,剛爆發,,False,False
GILD,Health Care,Gilead Sciences,2026-08-31,146.34,8.2,9.58,0.69,4.79,1.0,6292225,7587489,6820886,-2.14,25.32,-5.22,P+V-,P+V+,P+V-,⚠️ 量能背離,14,39,41,26.9,6.86,6.24,False,True,134.11,8.91,0.765,False,155.38,157.29,-5.82,0.15,12.39,14.0,6.0,5924900.0,7745416.0,2.333,6594700.0,5667060.0,5532413.0,1.192,100.0,62.76,收斂,頭頭低·底底高,多轉空預警 / 空轉多預警 / 多頭確認,41,1,14,19.6,23,剛爆發,,False,True
MDT,Health Care,Medtronic,2026-08-31,90.65,4.58,21.04,-4.69,4.06,0.667,6858895,9015969,8908026,-9.85,2.45,19.34,P+V-,P+V+,P-V+,➡️ 中性,24,22,45,27.6,,,,,,,,,,,,,,,,,,,,,,,,,,,,42,30,30,,30,剛爆發,,False,False
MCK,Health Care,McKesson Corporation,2026-08-31,885.32,6.61,19.38,-7.91,2.54,0.667,1009540,1043043,1011428,7.08,6.45,37.45,P+V+,P+V+,P-V+,🚀 健康多頭,18,24,47,25.6,,,,,,,,,,,,,,,,,,,,,,,,,,,,43,30,30,,30,剛爆發,,False,False
VTRS,Health Care,Viatris,2026-08-31,16.51,-5.65,3.25,5.16,1.98,0.667,10064975,9913229,10646805,8.09,-12.89,17.4,P-V+,P+V-,P+V+,⚠️ 中期出貨,54,48,35,48.4,,,,,,,,,,,,,,,,,,,,,,,,,,,,44,30,30,,30,剛爆發,,False,False
COR,Health Care,Cencora,2026-08-31,323.6,5.14,21.11,-10.81,1.16,0.667,1494845,1495996,1590290,10.2,-11.19,12.25,P+V+,P+V-,P-V+,➡️ 中性,20,20,48,25.6,,,,,,,,,,,,,,,,,,,,,,,,,,,,45,30,30,,30,剛爆發,,False,False
DVA,Health Care,DaVita,2026-08-31,176.01,-24.68,-10.7,16.63,-0.53,0.333,1044915,844216,859313,59.77,-3.45,-8.92,P-V+,P-V-,P+V-,➡️ 中性,59,58,22,51.3,,,,,,,,,,,,,,,,,,,,,,,,,,,,46,30,30,,30,剛爆發,,False,False
STE,Health Care,Steris,2026-08-31,232.64,0.0,8.33,-5.43,-0.64,0.333,712905,780204,795578,-0.22,-3.79,22.91,P-V-,P+V-,P-V+,➡️ 中性,44,41,46,43.5,,,,,,,,,,,,,,,,,,,,,,,,,,,,47,30,30,,30,剛爆發,,False,False
CI,Health Care,Cigna,2026-08-31,276.08,-2.12,-2.34,-0.64,-1.43,0.0,1755185,1685995,1688090,8.41,-0.25,-4.73,P-V+,P-V-,P-V-,➡️ 中性,48,56,42,49.2,,,,,,,,,,,,,,,,,,,,,,,,,,,,48,30,30,,30,剛爆發,,False,False
GEHC,Health Care,GE HealthCare,2026-08-31,71.23,2.15,13.38,-15.16,-3.7,0.667,2813115,4645436,4587183,-53.71,2.57,32.5,P+V-,P+V+,P-V+,➡️ 中性,37,36,52,39.7,,,,,,,,,,,,,,,,,,,,,,,,,,,,49,30,30,,30,剛爆發,,False,False
COO,Health Care,Cooper Companies (The),2026-08-31,70.09,-5.58,14.83,-16.12,-5.75,0.333,1736035,2660792,2415388,-15.17,22.62,-10.16,P-V-,P+V+,P-V-,➡️ 中性,53,34,53,47.3,,,,,,,,,,,,,,,,,,,,,,,,,,,,50,30,30,,30,剛爆發,,False,False
SYK,Health Care,Stryker Corporation,2026-08-31,323.8,-5.1,5.54,-14.63,-7.21,0.333,2229635,2521344,2428505,-9.96,7.95,45.97,P-V-,P+V+,P-V+,➡️ 中性,52,46,51,50.0,,,,,,,,,,,,,,,,,,,,,,,,,,,,51,30,30,,30,剛爆發,,False,False
HCA,Health Care,HCA Healthcare,2026-08-31,414.45,1.93,8.04,-21.01,-8.01,0.667,1187600,1594100,1392916,-34.83,33.76,11.48,P+V-,P+V+,P-V+,➡️ 中性,38,43,54,42.7,,,,,,,,,,,,,,,,,,,,,,,,,,,,52,30,30,,30,剛爆發,,False,False
IDXX,Health Care,Idexx Laboratories,2026-08-31,556.69,-1.96,-2.0,-14.25,-8.12,0.0,626475,644556,602964,7.98,14.82,21.23,P-V+,P-V+,P-V+,📉 主力出貨,47,55,50,50.0,,,,,,,,,,,,,,,,,,,,,,,,,,,,53,30,30,,30,剛爆發,,False,False
UHS,Health Care,Universal Health Services,2026-08-31,170.33,1.47,16.74,-26.0,-8.45,0.667,634685,969367,916683,-38.69,12.2,33.03,P+V-,P+V+,P-V+,➡️ 中性,39,32,56,40.3,,,,,,,,,,,,,,,,,,,,,,,,,,,,54,30,30,,30,剛爆發,,False,False
ALGN,Health Care,Align Technology,2026-08-31,159.79,-7.58,-7.77,-13.87,-10.77,0.0,841625,984172,1064341,-12.05,-14.01,-17.38,P-V-,P-V-,P-V-,🧊 熊市縮量,55,57,49,54.4,,,,,,,,,,,,,,,,,,,,,,,,,,,,55,30,30,,30,剛爆發,,False,False
ISRG,Health Care,Intuitive Surgical,2026-08-31,376.86,2.33,-11.25,-25.55,-15.0,0.333,2511360,3054601,2533915,-38.21,51.73,17.71,P+V-,P-V+,P-V+,➡️ 中性,34,59,55,45.7,,,,,,,,,,,,,,,,,,,,,,,,,,,,56,30,30,,30,剛爆發,,False,False
BSX,Health Care,Boston Scientific,2026-08-31,48.3,-0.27,-1.65,-35.73,-18.34,0.0,19533035,21001426,19021240,2.92,23.24,70.7,P-V+,P-V+,P-V+,📉 主力出貨,45,54,57,50.1,,,,,,,,,,,,,,,,,,,,,,,,,,,,57,30,30,,30,剛爆發,,False,False
ZTS,Health Care,Zoetis,2026-08-31,77.1,1.39,-0.07,-39.53,-19.43,0.333,6646645,6524109,6028848,22.46,17.9,41.76,P+V+,P-V+,P-V+,➡️ 中性,41,53,59,48.2,,,,,,,,,,,,,,,,,,,,,,,,,,,,58,30,30,,30,剛爆發,,False,False
PODD,Health Care,Insulet Corporation,2026-08-31,148.66,-12.4,4.21,-39.38,-21.74,0.333,2077435,1664000,1442031,63.63,36.39,94.71,P-V+,P+V+,P-V+,➡️ 中性,58,47,58,54.7,,,,,,,,,,,,,,,,,,,,,,,,,,,,59,30,30,,30,剛爆發,,False,False
PAYX,Industrials,Paychex,2026-08-31,127.34,8.22,34.71,47.29,34.38,1.0,2285900,3164715,3469498,-29.53,-16.15,7.15,P+V-,P+V-,P+V+,⚠️ 頂部背離,7,1,1,4.0,0.91,2.31,False,True,113.04,7.58,1.26,False,133.19,139.06,-4.39,2.3,8.99,13.0,7.0,2463869.0,1955385.0,1.857,2470400.0,2200940.0,2131653.0,1.159,100.0,67.28,多頭,頭頭高·底底高,多頭確認,1,1,17,4.2,2,,,False,True
ADP,Industrials,Automatic Data Processing,2026-08-31,286.16,6.07,31.14,41.34,29.97,1.0,2168255,2570404,3031967,-9.16,-26.42,31.09,P+V-,P+V-,P+V+,⚠️ 頂部背離,9,2,2,5.5,1.58,2.26,False,True,255.52,7.7,1.194,False,294.5,302.68,-2.83,1.91,7.39,12.0,8.0,2319283.0,1941712.0,1.5,1569200.0,2153800.0,2058406.0,0.762,98.6,68.23,多頭,頭頭高·底底高,多頭確認,2,7,28,9.2,4,,,False,True
EXPD,Industrials,Expeditors International,2026-08-31,189.65,11.17,19.92,37.31,26.43,1.0,1016615,1227749,1217586,-17.65,1.68,-12.51,P+V-,P+V+,P+V-,⚠️ 量能背離,3,7,3,4.2,19.93,27.77,False,True,175.64,3.6,1.063,False,191.79,191.79,-1.12,0.98,12.96,13.0,7.0,1038246.0,976442.0,1.857,1289200.0,751520.0,790073.0,1.632,100.0,66.44,多頭,頭頭高·底底高,,3,1,4,2.4,1,,,False,True
AXON,Industrials,Axon Enterprise,2026-08-31,566.56,-1.62,28.96,28.03,20.85,0.667,939715,1019473,1085350,14.45,-11.44,38.52,P-V+,P+V-,P+V+,⚠️ 中期出貨,26,3,4,14.7,1.96,0.8,False,True,560.14,14.99,1.079,False,792.16,792.16,-28.48,-5.19,-1.62,11.0,9.0,941854.0,872777.0,1.222,1102300.0,669030.0,741586.0,1.486,84.17,46.26,收斂,頭頭低·底底高,多轉空預警,4,21,7,11.4,8,吃老本,,False,True
J,Industrials,Jacobs Solutions,2026-08-31,149.05,7.71,25.6,11.42,14.03,1.0,922850,1082873,1074680,7.16,1.54,10.07,P+V+,P+V+,P+V+,⭐⭐⭐ 完美多頭,8,4,12,7.6,0.8,7.09,False,True,135.52,7.47,1.006,False,166.66,168.44,-10.57,-0.69,10.73,12.0,8.0,925158.0,919387.0,1.5,1366900.0,887400.0,873560.0,1.565,96.28,63.01,多頭,頭頭高·底底高,,5,8,5,6.2,3,,,False,True
CSX,Industrials,CSX Corporation,2026-08-31,50.51,1.36,10.6,19.69,12.83,1.0,9515390,12247815,12429076,-30.87,-2.87,-18.66,P+V-,P+V-,P+V-,⚠️ 量能衰竭,18,23,6,17.1,4.19,10.6,False,True,49.83,4.21,0.959,False,53.6,53.6,-5.76,-2.09,0.22,11.0,9.0,9337681.0,9732588.0,1.222,11822600.0,8952690.0,8962760.0,1.319,84.42,49.17,收斂,頭頭低·底底高,多轉空預警,6,19,12,12.4,11,吃老本,,False,True
SWK,Industrials,Stanley Black & Decker,2026-08-31,96.37,-5.89,22.64,15.51,11.94,0.667,1696770,1734818,1852807,-7.47,-11.97,-2.42,P-V-,P+V-,P+V-,➡️ 中性,52,5,9,29.3,29.86,34.6,False,True,94.3,5.66,1.421,False,104.68,104.68,-7.94,-3.65,1.89,8.0,12.0,2114487.0,1488341.0,0.667,1630100.0,1466480.0,1454540.0,1.121,84.54,46.79,多頭,頭頭高·底底高,空頭確認,7,18,18,13.6,12,吃老本,,False,True
UNP,Industrials,Union Pacific Corporation,2026-08-31,300.67,3.24,13.2,13.93,11.08,1.0,2438025,2891316,2922246,-23.92,-2.09,-20.85,P+V-,P+V-,P+V-,⚠️ 量能衰竭,15,15,10,14.0,5.17,2.42,False,True,290.31,6.18,1.096,False,315.99,315.99,-4.85,-2.4,2.92,10.0,10.0,2549920.0,2326130.0,1.0,3705900.0,2665870.0,2462213.0,1.505,84.98,52.59,多頭,頭頭高·底底高,空轉多預警,8,16,6,10.8,6,吃老本,,False,True
NDSN,Industrials,Nordson Corporation,2026-08-31,321.72,3.89,12.29,11.28,9.68,1.0,423285,400633,380502,29.01,11.17,-4.31,P+V+,P+V+,P+V-,🚀 健康多頭,14,18,13,15.0,5.03,1.48,False,True,302.69,11.15,1.217,False,339.12,339.12,-5.13,-3.17,8.04,10.0,10.0,463800.0,381120.0,1.0,435000.0,540770.0,460300.0,0.945,89.85,57.12,多頭,頭頭高·底底高,多頭確認,9,14,22,13.6,12,,🎯 潛在暴漲,False,True
URI,Industrials,United Rentals,2026-08-31,1038.0,-9.59,4.43,21.94,9.68,0.667,430090,490780,534590,-15.08,-15.15,-12.87,P-V-,P+V-,P+V-,➡️ 中性,64,37,5,44.1,10.11,8.63,False,False,1095.31,14.62,0.953,False,1177.15,1179.18,-11.82,-5.51,-3.66,12.0,8.0,417658.0,438100.0,1.5,443800.0,415900.0,417040.0,1.064,84.79,37.58,多頭,頭頭高·底底高,空轉多預警 / 空頭確認,9,17,20,14.4,14,吃老本,,False,True
JBHT,Industrials,J.B. Hunt,2026-08-31,265.47,-0.37,-2.42,19.52,9.06,0.333,768730,971310,958867,-30.73,2.63,-23.85,P-V-,P-V+,P+V-,➡️ 中性,20,51,7,26.7,9.55,3.09,False,False,276.8,11.57,1.142,False,299.26,299.76,-11.29,-3.62,-2.15,10.0,10.0,819590.0,717870.0,1.0,1067800.0,745240.0,795826.0,1.342,82.24,43.7,空頭,頭頭低·底底低,多轉空預警,11,22,10,15.2,16,吃老本,,False,True
BR,Industrials,Broadridge Financial Solutions,2026-08-31,182.38,8.3,19.45,4.12,9.0,1.0,1374505,1367769,1467403,46.03,-12.72,76.05,P+V+,P+V-,P+V+,➡️ 中性,5,8,29,10.7,1.68,4.45,False,True,156.89,10.7,1.295,False,251.57,256.67,-27.5,0.11,18.47,12.0,8.0,1544050.0,1192212.0,1.5,1126000.0,1281880.0,1267960.0,0.888,100.0,66.95,多頭,頭頭高·底底高,空轉多預警 / 多頭確認,12,1,25,10.2,5,剛爆發,,False,True
DE,Industrials,Deere & Company,2026-08-31,654.91,8.24,21.82,2.17,8.6,1.0,1199240,1283080,1271216,10.92,1.88,-15.05,P+V+,P+V+,P+V-,🚀 健康多頭,6,6,33,11.4,8.3,15.01,False,True,611.82,13.0,1.27,False,670.49,674.19,-2.32,0.97,8.24,11.0,9.0,1302700.0,1025833.0,1.222,1786500.0,1489920.0,1266560.0,1.411,95.89,61.58,擴散,頭頭高·底底低,,13,10,8,10.8,6,,,False,True
GWW,Industrials,W. W. Grainger,2026-08-31,1309.49,-4.32,5.18,16.69,8.56,0.667,261635,299086,276911,-0.78,17.41,-6.58,P-V-,P+V+,P+V-,➡️ 中性,44,32,8,33.2,6.26,14.08,False,False,1340.6,3.36,0.852,False,1417.14,1419.91,-7.6,-0.94,-4.32,9.0,11.0,230066.0,269881.0,0.818,427000.0,209600.0,204180.0,2.091,74.23,46.66,空頭,頭頭低·底底低,多轉空預警,14,26,2,16.4,17,吃老本,,False,True
VLTO,Industrials,Veralto,2026-08-31,98.57,3.95,18.25,5.57,8.34,1.0,1410670,2049552,2024458,-22.01,2.51,23.1,P+V-,P+V+,P+V+,⚠️ 頂部背離,13,10,23,14.1,10.34,6.41,False,True,93.91,5.04,1.221,False,109.28,109.86,-9.8,-0.2,4.67,11.0,9.0,1535772.0,1257766.0,1.222,2761000.0,1532070.0,1405646.0,1.964,92.42,57.38,收斂,頭頭低·底底高,多轉空預警,15,13,3,11.8,9,,,False,True
NSC,Industrials,Norfolk Southern,2026-08-31,342.79,2.23,11.78,9.35,8.18,1.0,1153780,1179227,1240043,0.14,-9.35,-12.49,P+V+,P+V-,P+V-,➡️ 中性,17,19,16,17.4,,,,,,,,,,,,,,,,,,,,,,,,,,,,16,29,29,,29,吃老本,,False,False
FAST,Industrials,Fastenal,2026-08-31,49.31,2.49,10.77,9.65,8.14,1.0,6795895,7748663,7590135,-25.42,4.27,3.68,P+V-,P+V+,P+V+,⚠️ 頂部背離,16,22,15,17.6,1.25,0.68,False,True,48.26,5.93,1.195,False,52.92,52.92,-6.82,-3.8,3.35,13.0,7.0,7207307.0,6031842.0,1.857,7233600.0,5563050.0,6143813.0,1.177,99.26,46.34,擴散,頭頭高·底底低,,17,5,16,12.0,10,剛爆發,,False,True
IEX,Industrials,IDEX Corporation,2026-08-31,228.64,-1.74,9.22,10.44,7.09,0.667,552060,687944,719962,-28.73,-8.52,0.58,P-V-,P+V-,P+V+,➡️ 中性,28,25,14,24.3,9.93,12.8,False,True,228.55,6.19,1.209,False,243.8,243.8,-6.22,-2.45,-0.79,9.0,11.0,610144.0,504536.0,0.818,521100.0,576840.0,561893.0,0.927,81.98,44.41,多頭,頭頭高·底底高,,18,23,24,21.2,21,,,False,True
UBER,Industrials,Uber,2026-08-31,75.65,5.64,6.67,5.98,6.07,1.0,19667810,20132026,18602072,21.7,17.92,-1.69,P+V+,P+V+,P+V-,🚀 健康多頭,11,31,21,19.0,40.22,-81.74,False,True,73.77,10.77,0.859,False,101.99,101.99,-25.83,-4.59,5.64,13.0,7.0,18493161.0,21527785.0,1.857,18476500.0,14966060.0,15272313.0,1.21,94.44,49.9,多頭,頭頭高·底底高,空轉多預警,19,11,15,15.0,15,剛爆發,,False,True
RTX,Industrials,RTX Corporation,2026-08-31,207.73,-3.8,16.46,5.46,5.89,0.667,4455785,5087150,5391736,-13.68,-10.69,9.25,P-V-,P+V-,P+V+,➡️ 中性,40,12,24,28.4,13.71,16.95,False,True,205.24,8.86,1.025,False,226.41,226.88,-8.25,-1.04,-3.16,10.0,10.0,4510460.0,4401110.0,1.0,3961400.0,4744400.0,4245913.0,0.933,80.62,42.84,多頭,頭頭高·底底高,,20,24,23,22.2,22,,,False,True
WAB,Industrials,Wabtec,2026-08-31,285.93,-3.46,9.58,8.36,5.71,0.667,893310,940080,953739,-14.17,-2.82,5.87,P-V-,P+V-,P+V+,➡️ 中性,36,24,17,28.6,,,,,,,,,,,,,,,,,,,,,,,,,,,,21,29,29,,29,吃老本,,False,False
CTAS,Industrials,Cintas,2026-08-31,201.79,-0.83,16.9,2.17,5.1,0.667,1825225,2262583,2259311,-30.93,0.29,10.37,P-V-,P+V+,P+V+,➡️ 中性,21,11,33,20.4,2.35,0.06,False,True,194.46,4.14,0.898,False,218.6,219.17,-7.69,-2.7,-0.83,10.0,10.0,1691950.0,1883540.0,1.0,1726500.0,1733270.0,1703806.0,1.013,79.14,51.05,擴散,頭頭高·底底低,,22,25,21,23.0,25,,,False,True
EFX,Industrials,Equifax,2026-08-31,189.16,8.64,15.45,-2.06,5.0,0.667,1068360,1632675,1636544,-42.71,-0.47,10.42,P+V-,P+V-,P-V+,➡️ 中性,4,13,44,14.7,2.28,9.7,False,True,175.24,10.75,1.329,False,268.77,271.84,-29.62,-2.53,8.96,11.0,9.0,1200909.0,903288.0,1.222,784200.0,1088030.0,1014120.0,0.773,95.96,56.39,多頭,頭頭高·底底高,,23,9,27,18.2,19,剛爆發,,False,True
MMM,Industrials,3M,2026-08-31,171.83,-2.62,12.91,4.21,4.68,0.667,2636985,3528772,3710027,-30.83,-9.32,15.53,P-V-,P+V-,P+V+,➡️ 中性,30,16,27,25.2,,,,,,,,,,,,,,,,,,,,,,,,,,,,24,29,29,,29,,,False,False
GD,Industrials,General Dynamics,2026-08-31,371.35,-2.9,6.88,6.7,4.35,0.667,826350,1149498,1244110,-30.75,-14.13,5.33,P-V-,P+V-,P+V+,➡️ 中性,33,30,20,29.5,,,,,,,,,,,,,,,,,,,,,,,,,,,,25,29,29,,29,,,False,False
FDX,Industrials,FedEx,2026-08-31,327.4,5.87,-0.87,5.93,4.22,0.667,1473405,1877043,2024564,-6.99,-13.58,-11.41,P+V-,P-V-,P+V-,⚠️ 量能背離,10,48,22,23.8,6.53,25.52,False,True,319.41,5.01,1.042,False,344.08,345.37,-4.85,0.71,6.51,9.0,10.0,1514788.0,1453940.0,0.9,1900200.0,1375120.0,1522146.0,1.248,85.92,52.48,擴散,頭頭高·底底低,,26,15,14,19.2,20,剛爆發,,False,True
VRSK,Industrials,Verisk Analytics,2026-08-31,193.78,0.35,12.43,1.9,4.14,1.0,1280995,2146776,2067650,-30.41,7.96,35.17,P+V-,P+V+,P+V+,⚠️ 頂部背離,19,17,36,21.8,,,,,,,,,,,,,,,,,,,,,,,,,,,,27,29,29,,29,,,False,False
RSG,Industrials,Republic Services,2026-08-31,220.92,5.39,8.78,0.66,3.87,1.0,1428710,1522363,1549013,5.47,-3.38,10.17,P+V+,P+V-,P+V+,➡️ 中性,12,26,39,21.6,1.7,3.77,False,True,216.03,5.1,1.041,False,232.5,235.18,-4.98,0.11,4.93,12.0,8.0,1451750.0,1394150.0,1.5,1967700.0,1457340.0,1394613.0,1.411,93.72,57.17,擴散,頭頭高·底底低,,28,12,8,17.6,18,剛爆發,,False,True
ALLE,Industrials,Allegion,2026-08-31,155.25,-3.74,18.66,-1.5,2.98,0.333,1399545,1328861,1148516,-4.29,37.25,34.45,P-V-,P+V+,P-V+,➡️ 中性,39,9,43,30.8,8.29,-5.09,False,True,150.94,7.5,0.703,False,181.67,183.11,-14.54,-4.54,-3.74,9.0,11.0,1129522.0,1607436.0,0.818,7471000.0,1673020.0,1491106.0,5.01,70.51,43.58,多頭,頭頭高·底底高,空頭確認,29,27,1,22.6,23,,,False,True
EMR,Industrials,Emerson Electric,2026-08-31,152.44,-1.22,7.88,1.79,2.56,0.667,2730025,2730630,2845434,5.47,-7.76,-3.95,P-V+,P+V-,P+V-,➡️ 中性,24,28,37,27.8,,,,,,,,,,,,,,,,,,,,,,,,,,,,30,29,29,,29,,,False,False
ETN,Industrials,Eaton Corporation,2026-08-31,401.88,-8.07,0.23,8.19,2.14,0.667,1888250,2288650,2460869,-19.92,-13.08,-7.5,P-V-,P+V-,P+V-,➡️ 中性,58,44,18,45.8,,,,,,,,,,,,,,,,,,,,,,,,,,,,31,29,29,,29,,,False,False
DAL,Industrials,Delta Air Lines,2026-08-31,78.0,-15.92,-5.2,13.31,1.37,0.333,4605045,6530761,8956771,-33.01,-42.63,10.54,P-V-,P-V-,P+V+,😴 弱勢縮量,79,54,11,57.9,4.54,11.35,False,False,87.44,13.76,0.978,False,95.44,95.68,-18.28,-5.35,-10.8,8.0,12.0,4625737.0,4731625.0,0.667,6100400.0,5160720.0,4631106.0,1.317,68.49,32.18,收斂,頭頭低·底底高,多轉空預警 / 空頭確認,32,28,13,26.6,28,,,False,True
PH,Industrials,Parker Hannifin,2026-08-31,979.44,-1.81,14.85,-4.04,1.24,0.333,697975,685720,720827,26.89,-9.29,15.17,P-V+,P+V-,P-V+,➡️ 中性,29,14,49,28.5,12.15,4.36,False,False,991.03,8.81,1.144,False,1099.94,1099.94,-10.96,-2.23,0.3,10.0,10.0,744860.0,651090.0,1.0,801800.0,661600.0,601540.0,1.333,84.31,41.82,多頭,頭頭高·底底高,,33,20,11,23.4,26,剛爆發,,False,True
FTV,Industrials,Fortive,2026-08-31,58.84,-1.04,-0.46,2.22,0.74,0.333,2117205,2863872,2977046,-27.34,-7.32,-15.86,P-V-,P-V-,P+V-,⚠️ 主升段結束,23,45,32,31.4,,,,,,,,,,,,,,,,,,,,,,,,,,,,34,29,29,,29,,,False,False
PCAR,Industrials,Paccar,2026-08-31,124.13,-5.76,10.91,-1.11,0.73,0.333,2994100,3323964,3084276,-16.15,16.85,-0.5,P-V-,P+V+,P-V-,➡️ 中性,51,21,41,40.0,,,,,,,,,,,,,,,,,,,,,,,,,,,,35,29,29,,29,剛爆發,,False,False
SNA,Industrials,Snap-on,2026-08-31,386.31,-5.06,3.8,1.12,0.24,0.667,295605,344252,368247,-22.48,-12.23,16.24,P-V-,P+V-,P+V+,➡️ 中性,46,39,38,42.3,,,,,,,,,,,,,,,,,,,,,,,,,,,,36,29,29,,29,剛爆發,,False,False
AME,Industrials,Ametek,2026-08-31,235.17,-3.53,4.47,-0.4,0.04,0.333,1376255,1230055,1266587,34.83,-5.61,-4.16,P-V+,P+V-,P-V-,➡️ 中性,37,36,40,37.3,,,,,,,,,,,,,,,,,,,,,,,,,,,,37,29,29,,29,剛爆發,,False,False
CPRT,Industrials,Copart,2026-08-31,32.99,12.4,-0.87,-6.49,-0.36,0.333,10516070,12118833,10462430,-13.48,37.62,25.89,P+V-,P-V+,P-V+,➡️ 中性,2,48,54,26.2,5.71,-8.12,True,True,29.78,11.3,1.125,False,50.11,50.11,-34.16,-2.4,13.29,12.0,8.0,11005625.0,9781737.0,1.5,9723100.0,11425290.0,11024460.0,0.882,99.2,62.41,多頭,頭頭高·底底高,空轉多預警,38,6,26,22.8,24,剛爆發,,False,True
MAS,Industrials,Masco,2026-08-31,72.16,-3.02,2.53,-1.43,-0.84,0.333,2005145,2406547,2631636,-28.27,-15.76,8.28,P-V-,P+V-,P-V+,➡️ 中性,34,40,42,37.4,,,,,,,,,,,,,,,,,,,,,,,,,,,,39,29,29,,29,剛爆發,,False,False
ITW,Industrials,Illinois Tool Works,2026-08-31,275.37,-4.55,10.97,-5.35,-1.07,0.333,955960,1357629,1340250,-38.66,2.63,11.45,P-V-,P+V+,P-V+,➡️ 中性,45,20,51,38.7,,,,,,,,,,,,,,,,,,,,,,,,,,,,40,29,29,,29,剛爆發,,False,False
WM,Industrials,Waste Management,2026-08-31,218.92,-2.81,3.98,-3.23,-1.32,0.333,2026175,2130587,2119990,10.22,1.0,9.93,P-V+,P+V+,P-V+,➡️ 中性,31,38,46,36.1,,,,,,,,,,,,,,,,,,,,,,,,,,,,41,29,29,,29,剛爆發,,False,False
CAT,Industrials,Caterpillar Inc.,2026-08-31,797.47,-3.92,-9.99,4.2,-1.38,0.333,2760470,3229981,2878363,-7.43,27.83,2.51,P-V-,P-V+,P+V+,➡️ 中性,41,66,28,45.9,,,,,,,,,,,,,,,,,,,,,,,,,,,,42,29,29,,29,剛爆發,,False,False
ROK,Industrials,Rockwell Automation,2026-08-31,424.43,-11.49,-6.39,5.37,-1.79,0.333,862725,813020,835240,23.17,-5.18,-5.51,P-V+,P-V-,P+V-,➡️ 中性,72,57,26,58.3,,,,,,,,,,,,,,,,,,,,,,,,,,,,43,29,29,,29,剛爆發,,False,False
GE,Industrials,GE Aerospace,2026-08-31,335.71,-9.0,4.77,-2.61,-2.36,0.333,3671570,4360435,5128282,-7.35,-26.05,11.86,P-V-,P+V-,P-V+,➡️ 中性,61,35,45,50.0,,,,,,,,,,,,,,,,,,,,,,,,,,,,44,29,29,,29,剛爆發,,False,False
ODFL,Industrials,Old Dominion,2026-08-31,199.96,-5.47,-9.35,1.93,-2.74,0.333,1484825,1775913,1927698,-11.74,-14.6,-12.78,P-V-,P-V-,P+V-,⚠️ 主升段結束,49,64,35,50.7,,,,,,,,,,,,,,,,,,,,,,,,,,,,45,29,29,,29,剛爆發,,False,False
JCI,Industrials,Johnson Controls,2026-08-31,138.24,-5.57,1.82,-3.91,-2.89,0.333,3070875,4005569,3853173,-12.2,8.24,-20.98,P-V-,P+V+,P-V-,➡️ 中性,50,41,48,46.9,,,,,,,,,,,,,,,,,,,,,,,,,,,,46,29,29,,29,剛爆發,,False,False
TT,Industrials,Trane Technologies,2026-08-31,444.4,-3.64,-1.51,-3.72,-3.15,0.0,962730,1265155,1297310,-25.22,-4.84,-8.0,P-V-,P-V-,P-V-,🧊 熊市縮量,38,50,47,43.4,,,,,,,,,,,,,,,,,,,,,,,,,,,,47,29,29,,29,剛爆發,,False,False
LDOS,Industrials,Leidos,2026-08-31,140.21,18.1,6.93,-18.99,-3.24,0.667,1524730,1635087,1404181,11.03,39.36,63.37,P+V+,P+V+,P-V+,🚀 健康多頭,1,29,70,23.2,12.11,7.56,False,True,119.84,9.29,1.122,False,204.08,205.77,-31.29,-0.83,21.29,14.0,6.0,1576057.0,1404966.0,2.333,1422600.0,1084840.0,1292213.0,1.101,100.0,61.44,多頭,頭頭高·底底高,空轉多預警,48,1,19,23.4,26,剛爆發,,False,True
PWR,Industrials,Quanta Services,2026-08-31,607.09,-10.75,-16.84,6.88,-3.46,0.333,1097425,1249404,1192026,-5.32,10.11,17.92,P-V-,P-V+,P+V+,➡️ 中性,69,77,19,61.4,,,,,,,,,,,,,,,,,,,,,,,,,,,,49,29,29,,29,剛爆發,,False,False
VRT,Industrials,Vertiv,2026-08-31,258.72,-1.65,-17.64,2.25,-3.7,0.333,4570880,6003635,6768998,-25.39,-20.32,-0.73,P-V-,P-V-,P+V-,⚠️ 主升段結束,27,78,30,42.9,,,,,,,,,,,,,,,,,,,,,,,,,,,,50,29,29,,29,剛爆發,,False,False
UPS,Industrials,United Parcel Service,2026-08-31,104.23,-0.92,-0.73,-6.67,-3.75,0.0,4756285,5208741,5710505,-9.64,-16.15,-19.0,P-V-,P-V-,P-V-,🧊 熊市縮量,22,47,55,36.1,,,,,,,,,,,,,,,,,,,,,,,,,,,,51,29,29,,29,剛爆發,,False,False
GEV,Industrials,GE Vernova,2026-08-31,898.53,-10.75,-9.74,2.25,-4.0,0.333,2036935,2808146,2643730,-32.68,13.26,-13.81,P-V-,P-V+,P+V-,➡️ 中性,69,65,30,60.0,,,,,,,,,,,,,,,,,,,,,,,,,,,,52,29,29,,29,剛爆發,,False,False
FIX,Industrials,Comfort Systems USA,2026-08-31,1545.62,-12.68,-16.64,5.4,-4.63,0.333,398005,496070,455043,-25.73,19.82,-6.71,P-V-,P-V+,P+V-,➡️ 中性,75,76,25,65.3,,,,,,,,,,,,,,,,,,,,,,,,,,,,53,29,29,,29,剛爆發,,False,False
LMT,Industrials,Lockheed Martin,2026-08-31,561.23,-4.27,5.16,-14.53,-7.05,0.333,1010840,1214256,1378475,-15.75,-21.29,-7.98,P-V-,P+V-,P-V-,➡️ 中性,43,33,66,44.6,,,,,,,,,,,,,,,,,,,,,,,,,,,,54,29,29,,29,剛爆發,,False,False
CARR,Industrials,Carrier Global,2026-08-31,58.22,-7.84,-8.43,-7.7,-7.92,0.0,5261150,6377656,6487987,-27.49,-3.34,-7.75,P-V-,P-V-,P-V-,🧊 熊市縮量,56,61,56,57.5,,,,,,,,,,,,,,,,,,,,,,,,,,,,55,29,29,,29,剛爆發,,False,False
HWM,Industrials,Howmet Aerospace,2026-08-31,244.95,-14.41,-5.7,-6.04,-8.05,0.0,2511360,2778370,2538476,26.47,20.87,8.94,P-V+,P-V+,P-V+,📉 主力出貨,78,55,53,66.1,,,,,,,,,,,,,,,,,,,,,,,,,,,,56,29,29,,29,剛爆發,,False,False
UAL,Industrials,United Airlines Holdings,2026-08-31,107.99,-18.57,-5.93,-4.32,-8.29,0.0,2919840,4446112,6135613,-34.76,-43.18,9.87,P-V-,P-V-,P-V+,😴 弱勢縮量,81,56,50,67.3,,,,,,,,,,,,,,,,,,,,,,,,,,,,57,29,29,,29,剛爆發,,False,False
DD,Industrials,DuPont,2026-08-31,134.59,-5.42,-6.94,-10.48,-8.33,0.0,1342080,1444106,1353758,-15.06,14.3,-35.73,P-V-,P-V+,P-V-,➡️ 中性,48,59,59,53.5,,,,,,,,,,,,,,,,,,,,,,,,,,,,58,29,29,,29,剛爆發,,False,False
TDG,Industrials,TransDigm Group,2026-08-31,1171.74,-8.1,-6.88,-9.53,-8.51,0.0,442060,397200,398792,26.76,-0.8,17.92,P-V+,P-V-,P-V+,➡️ 中性,59,58,58,58.5,,,,,,,,,,,,,,,,,,,,,,,,,,,,59,29,29,,29,剛爆發,,False,False
XYL,Industrials,Xylem Inc.,2026-08-31,110.11,-9.53,0.9,-13.49,-8.9,0.333,1592165,1892916,2031940,-23.14,-12.81,46.08,P-V-,P+V-,P-V+,➡️ 中性,63,43,63,57.0,,,,,,,,,,,,,,,,,,,,,,,,,,,,60,29,29,,29,剛爆發,,False,False
FERG,Industrials,Ferguson Enterprises,2026-08-31,224.51,-9.89,-0.5,-13.29,-9.24,0.0,4415820,2293598,1860806,242.96,60.61,16.74,P-V+,P-V+,P-V+,📉 主力出貨,66,46,61,59.0,,,,,,,,,,,,,,,,,,,,,,,,,,,,61,29,29,,29,剛爆發,,False,False
CMI,Industrials,Cummins,2026-08-31,564.4,-12.69,-15.28,-5.36,-9.67,0.0,967130,1018223,948301,8.41,15.92,4.24,P-V+,P-V+,P-V+,📉 主力出貨,76,74,52,70.6,,,,,,,,,,,,,,,,,,,,,,,,,,,,62,29,29,,29,剛爆發,,False,False
HUBB,Industrials,Hubbell Incorporated,2026-08-31,453.0,-9.52,-4.06,-13.43,-10.11,0.0,453217,581812,589946,-23.9,-2.72,14.24,P-V-,P-V-,P-V+,😴 弱勢縮量,62,53,62,59.3,,,,,,,,,,,,,,,,,,,,,,,,,,,,63,29,29,,29,剛爆發,,False,False
IR,Industrials,Ingersoll Rand,2026-08-31,77.05,-12.2,8.56,-18.53,-10.17,0.333,3738160,4128498,3835038,-12.17,16.57,12.69,P-V-,P+V+,P-V+,➡️ 中性,74,27,68,58.7,,,,,,,,,,,,,,,,,,,,,,,,,,,,64,29,29,,29,剛爆發,,False,False
OTIS,Industrials,Otis Worldwide,2026-08-31,71.13,-2.82,1.02,-19.5,-10.2,0.333,3145790,3630883,3707620,-20.26,-4.06,24.0,P-V-,P+V-,P-V+,➡️ 中性,32,42,71,42.8,,,,,,,,,,,,,,,,,,,,,,,,,,,,65,29,29,,29,剛爆發,,False,False
EME,Industrials,Emcor,2026-08-31,734.54,-10.14,-13.38,-8.86,-10.31,0.0,369505,443506,410315,-25.48,17.6,-16.26,P-V-,P-V+,P-V-,➡️ 中性,67,70,57,65.9,,,,,,,,,,,,,,,,,,,,,,,,,,,,66,29,29,,29,剛爆發,,False,False
BA,Industrials,Boeing,2026-08-31,207.78,-11.01,-9.18,-10.97,-10.53,0.0,5394975,5822961,6371773,-5.33,-15.86,-19.93,P-V-,P-V-,P-V-,🧊 熊市縮量,71,63,60,66.4,,,,,,,,,,,,,,,,,,,,,,,,,,,,67,29,29,,29,剛爆發,,False,False
DOV,Industrials,Dover Corporation,2026-08-31,194.23,-7.23,-7.86,-13.7,-10.62,0.0,965100,1106778,1067342,-24.53,7.67,-8.8,P-V-,P-V+,P-V-,➡️ 中性,55,60,64,58.3,,,,,,,,,,,,,,,,,,,,,,,,,,,,68,29,29,,29,剛爆發,,False,False
AOS,Industrials,A. O. Smith,2026-08-31,59.13,-6.69,4.88,-21.59,-11.25,0.333,1316305,1696093,1637408,-30.09,7.43,32.85,P-V-,P+V+,P-V+,➡️ 中性,53,34,73,51.3,,,,,,,,,,,,,,,,,,,,,,,,,,,,69,29,29,,29,剛爆發,,False,False
CHRW,Industrials,C.H. Robinson,2026-08-31,149.66,-3.29,-15.94,-14.34,-11.98,0.0,1396605,1752507,1797563,-43.16,-4.89,-6.29,P-V-,P-V-,P-V-,🧊 熊市縮量,35,75,65,53.0,,,,,,,,,,,,,,,,,,,,,,,,,,,,70,29,29,,29,剛爆發,,False,False
NOC,Industrials,Northrop Grumman,2026-08-31,539.7,-1.6,-3.08,-25.51,-13.92,0.0,660120,937860,877484,-29.79,14.78,8.69,P-V-,P-V+,P-V+,➡️ 中性,25,52,76,43.3,,,,,,,,,,,,,,,,,,,,,,,,,,,,71,29,29,,29,剛爆發,,False,False
HON,Industrials,Honeywell Technologies,2026-08-31,213.53,-13.21,-12.36,-15.29,-14.04,0.0,3088145,4291300,4043095,-14.45,13.08,-3.39,P-V-,P-V+,P-V-,➡️ 中性,77,69,67,72.6,,,,,,,,,,,,,,,,,,,,,,,,,,,,72,29,29,,29,剛爆發,,False,False
TXT,Industrials,Textron,2026-08-31,80.56,-6.75,-12.34,-18.58,-14.06,0.0,1358805,1593347,1485139,-23.0,15.72,-3.48,P-V-,P-V+,P-V-,➡️ 中性,54,68,69,61.2,,,,,,,,,,,,,,,,,,,,,,,,,,,,73,29,29,,29,剛爆發,,False,False
LHX,Industrials,L3Harris,2026-08-31,266.25,-4.18,-15.07,-24.28,-16.95,0.0,1657635,1515330,1464162,19.29,7.24,20.89,P-V+,P-V+,P-V+,📉 主力出貨,42,73,75,57.9,,,,,,,,,,,,,,,,,,,,,,,,,,,,74,29,29,,29,剛爆發,,False,False
LUV,Industrials,Southwest Airlines,2026-08-31,38.53,-18.14,-10.65,-23.25,-18.82,0.0,4554695,5707496,6990033,-18.26,-31.01,-26.68,P-V-,P-V-,P-V-,🧊 熊市縮量,80,67,74,74.9,,,,,,,,,,,,,,,,,,,,,,,,,,,,75,29,29,,29,剛爆發,,False,False
GNRC,Industrials,Generac,2026-08-31,185.38,-7.87,-33.66,-21.17,-20.97,0.0,1000745,1032981,971715,-11.19,13.46,-14.38,P-V-,P-V+,P-V-,➡️ 中性,57,81,72,67.2,,,,,,,,,,,,,,,,,,,,,,,,,,,,76,29,29,,29,剛爆發,,False,False
HII,Industrials,Huntington Ingalls Industries,2026-08-31,291.2,-10.24,-8.44,-34.17,-21.76,0.0,432525,509666,504948,-18.88,1.89,0.42,P-V-,P-V+,P-V+,➡️ 中性,68,62,78,68.2,,,,,,,,,,,,,,,,,,,,,,,,,,,,77,29,29,,29,剛爆發,,False,False
LII,Industrials,Lennox International,2026-08-31,382.64,-12.04,-22.83,-31.1,-24.27,0.0,513195,483792,470833,-3.96,5.66,1.66,P-V-,P-V+,P-V+,➡️ 中性,73,79,77,75.6,,,,,,,,,,,,,,,,,,,,,,,,,,,,78,29,29,,29,剛爆發,,False,False
BLDR,Industrials,Builders FirstSource,2026-08-31,66.4,-8.39,-13.45,-39.46,-25.19,0.0,1870655,2345958,2429899,-21.23,-6.68,19.32,P-V-,P-V-,P-V+,😴 弱勢縮量,60,71,79,67.1,,,,,,,,,,,,,,,,,,,,,,,,,,,,79,29,29,,29,剛爆發,,False,False
PNR,Industrials,Pentair,2026-08-31,60.46,-9.86,-14.87,-40.82,-26.59,0.0,3639200,3210992,2486413,-4.03,82.25,79.87,P-V-,P-V+,P-V+,➡️ 中性,65,72,81,70.3,,,,,,,,,,,,,,,,,,,,,,,,,,,,80,29,29,,29,剛爆發,,False,False
ROL,Industrials,"Rollins, Inc.",2026-08-31,36.07,-5.09,-26.66,-39.71,-27.79,0.0,4715575,5359943,4143118,-24.44,83.16,67.63,P-V-,P-V+,P-V+,➡️ 中性,47,80,80,63.5,,,,,,,,,,,,,,,,,,,,,,,,,,,,81,29,29,,29,剛爆發,,False,False
DELL,Information Technology,Dell Technologies,2026-08-31,456.01,-2.41,8.52,271.05,137.05,0.667,5404795,7907861,8219558,-18.13,-7.31,15.06,P-V-,P+V-,P+V+,➡️ 中性,47,25,1,31.2,63.99,10.74,True,True,433.82,14.61,1.005,False,514.0,514.0,-11.28,5.27,6.29,9.0,11.0,5419066.0,5393118.0,0.818,7639100.0,4886850.0,5149273.0,1.484,85.74,52.55,多頭,頭頭高·底底高,空轉多預警,1,28,7,13.0,8,吃老本,🔥 追高風險,False,True
PANW,Information Technology,Palo Alto Networks,2026-08-31,382.13,10.08,48.24,169.73,99.45,1.0,5699120,7221589,7758006,-13.41,-12.93,2.66,P+V-,P+V-,P+V+,⚠️ 頂部背離,19,1,2,10.2,6.62,9.88,True,True,345.3,16.44,1.206,False,398.88,398.88,-4.2,8.9,10.08,8.0,12.0,6269200.0,5196900.0,0.667,8797000.0,5683100.0,5493233.0,1.601,90.72,58.98,擴散,頭頭高·底底低,,2,23,5,11.0,6,吃老本,🔥 追高風險,False,True
CRWD,Information Technology,CrowdStrike,2026-08-31,231.0,9.36,26.4,154.33,86.11,1.0,9441810,11012024,12835384,11.8,-24.88,8.03,P+V+,P+V-,P+V+,➡️ 中性,23,10,5,15.5,6.38,3.05,False,True,197.42,25.81,1.405,False,233.88,233.88,-1.23,21.15,14.05,8.0,12.0,11414212.0,8126875.0,0.667,17811900.0,11993750.0,10145666.0,1.756,100.0,63.0,擴散,頭頭高·底底低,多頭確認,3,1,3,2.2,1,,🔥 追高風險,False,True
HPE,Information Technology,Hewlett Packard Enterprise,2026-08-31,52.24,-0.29,21.73,155.6,83.16,0.667,15983775,25369832,21542154,-6.86,43.22,-15.84,P-V-,P+V+,P+V-,➡️ 中性,44,13,4,26.7,48.03,10.75,True,True,49.68,12.69,1.093,False,64.06,64.25,-18.45,-0.36,3.98,9.0,11.0,16764900.0,15344672.0,0.818,30301100.0,14737940.0,15289426.0,1.982,83.64,49.24,多頭,頭頭高·底底高,,4,31,2,14.4,12,吃老本,🔥 追高風險,False,True
MRVL,Information Technology,Marvell Technology,2026-08-31,211.66,-3.17,3.27,161.76,80.91,0.667,24953905,39902518,33250887,1.79,50.01,80.5,P-V+,P+V+,P+V+,⚠️ 中期出貨,50,33,3,35.5,0.99,0.64,False,False,226.56,19.38,0.974,False,329.8,329.88,-35.82,-7.69,9.23,10.0,10.0,24621160.0,25286650.0,1.0,23568100.0,29543370.0,26056933.0,0.904,84.5,45.57,擴散,頭頭高·底底低,,5,29,21,17.8,18,吃老本,🔥 追高風險,False,True
SNDK,Information Technology,Sandisk,2026-08-31,1566.7,9.74,-7.57,147.75,74.42,0.667,14196360,13828758,15217670,-13.39,-16.73,24.7,P+V-,P-V-,P+V+,⚠️ 頂部背離,21,46,6,25.5,13.72,59.67,False,False,1592.28,20.03,1.057,False,2354.39,2354.39,-33.46,4.93,21.64,11.0,9.0,14546872.0,13767955.0,1.222,23290000.0,12628600.0,13925720.0,1.672,100.0,53.23,多頭,頭頭高·底底高,空轉多預警,6,1,4,3.6,2,,🔥 追高風險,False,True
FTNT,Information Technology,Fortinet,2026-08-31,170.93,4.73,31.79,127.21,72.73,1.0,4594970,5768118,5949266,-15.83,-5.91,-4.48,P+V-,P+V-,P+V-,⚠️ 量能衰竭,29,6,7,17.7,20.53,32.63,False,True,157.97,16.15,1.167,False,173.89,173.89,-1.7,12.46,4.73,9.0,11.0,4942822.0,4235645.0,0.818,6596900.0,4554700.0,4300820.0,1.534,90.52,60.75,多頭,頭頭高·底底高,空轉多預警,7,24,6,13.6,9,吃老本,🔥 追高風險,False,True
MU,Information Technology,Micron Technology,2026-08-31,958.73,7.4,-1.25,123.61,63.34,0.667,29397960,45247427,46030993,-37.3,-3.35,61.2,P+V-,P-V-,P+V+,⚠️ 頂部背離,27,38,9,26.7,21.39,33.21,False,True,951.47,10.86,0.991,False,1254.81,1255.0,-23.6,5.31,15.58,11.0,9.0,29274136.0,29549300.0,1.222,22460000.0,25332960.0,27839273.0,0.807,97.14,53.76,多頭,頭頭高·底底高,空轉多預警,8,20,27,16.6,15,吃老本,🔥 追高風險,False,True
DDOG,Information Technology,Datadog,2026-08-31,237.04,-13.36,5.24,126.98,61.46,0.667,5153840,5091649,5245529,23.46,-5.7,6.49,P-V+,P+V-,P+V+,⚠️ 中期出貨,69,31,8,45.4,11.45,18.25,False,False,249.45,15.03,1.006,False,292.72,292.72,-19.02,0.6,-11.54,9.0,11.0,5172166.0,5138845.0,0.818,4240800.0,3654090.0,4262513.0,0.995,73.2,46.91,擴散,頭頭高·底底低,,9,34,20,21.2,24,吃老本,🔥 追高風險,False,True
AMD,Information Technology,Advanced Micro Devices,2026-08-31,470.72,-9.23,-8.79,123.24,57.11,0.333,21838240,27363935,32655034,-20.84,-27.89,-31.55,P-V-,P-V-,P+V-,⚠️ 主升段結束,61,49,10,47.2,3.21,5.82,False,False,504.74,8.64,0.906,False,584.73,584.73,-19.5,3.06,-2.87,11.0,9.0,20860745.0,23032955.0,1.222,12441000.0,16666110.0,17848980.0,0.697,83.68,46.3,空頭,頭頭低·底底低,,10,30,32,22.4,26,吃老本,🔥 追高風險,False,True
NTAP,Information Technology,NetApp,2026-08-31,185.29,1.3,30.51,87.05,51.48,1.0,2445190,3050449,2760730,-7.63,23.45,28.26,P+V-,P+V+,P+V+,⚠️ 頂部背離,38,8,13,24.0,7.22,2.78,True,True,176.4,12.33,1.173,False,209.06,209.06,-11.37,-0.84,1.3,9.0,11.0,2635155.0,2247309.0,0.818,3066200.0,2136790.0,2192433.0,1.399,83.23,47.87,多頭,頭頭高·底底高,,11,32,10,19.2,21,吃老本,,False,True
STX,Information Technology,Seagate Technology,2026-08-31,828.38,-2.01,-5.78,96.85,46.48,0.333,4132575,4727609,4341362,-25.7,19.53,0.65,P-V-,P-V+,P+V+,➡️ 中性,45,43,11,37.6,12.09,16.76,False,False,875.85,28.01,0.938,False,1144.18,1145.0,-27.6,-2.54,-3.24,11.0,9.0,4135663.0,4409533.0,1.222,3458600.0,3723160.0,3936840.0,0.879,81.78,46.87,多頭,頭頭高·底底高,空轉多預警,12,33,22,22.4,26,吃老本,,False,True
HPQ,Information Technology,HP Inc.,2026-08-31,30.02,10.69,21.49,69.66,42.88,1.0,14990610,17389803,18296963,-0.13,-9.45,33.52,P+V-,P+V-,P+V+,⚠️ 頂部背離,16,14,14,15.0,19.99,20.26,False,True,26.52,15.17,0.983,False,32.19,32.19,-6.74,5.04,10.69,9.0,11.0,15061988.0,15316127.0,0.818,19355600.0,16449780.0,15258346.0,1.269,87.91,56.75,多頭,頭頭高·底底高,,13,26,15,18.6,20,吃老本,,False,True
INTC,Information Technology,Intel,2026-08-31,89.51,-11.25,-21.95,90.93,37.17,0.333,100445780,117369058,117420485,-14.33,-0.09,7.17,P-V-,P-V-,P+V+,😴 弱勢縮量,64,62,12,53.0,94.59,2108.68,False,False,104.03,15.64,1.077,False,142.35,142.35,-37.12,2.58,-1.64,11.0,9.0,103786154.0,96363100.0,1.222,65015500.0,91581780.0,102878000.0,0.632,87.23,41.56,收斂,頭頭低·底底高,多轉空預警 / 空轉多預警,14,27,34,23.2,28,吃老本,,False,True
WDAY,Information Technology,"Workday, Inc.",2026-08-31,197.45,15.28,35.06,48.29,36.73,1.0,4999775,5092576,5276532,5.7,-6.74,52.33,P+V+,P+V-,P+V+,➡️ 中性,8,4,19,9.0,5.27,5.68,False,True,157.19,7.98,1.489,False,249.85,249.85,-20.97,-1.28,23.14,9.0,11.0,5816366.0,3905363.0,0.818,4597500.0,4233970.0,5255213.0,0.875,100.0,62.84,多頭,頭頭高·底底高,空轉多預警,15,1,23,11.0,6,剛爆發,,False,True
CRM,Information Technology,Salesforce,2026-08-31,257.54,34.84,35.11,34.99,34.99,1.0,15772225,15689956,14690276,22.41,14.6,54.27,P+V+,P+V+,P+V+,⭐⭐⭐ 完美多頭,1,3,26,6.6,80.36,24.07,False,True,183.01,31.91,1.609,False,267.75,269.11,-3.81,23.19,38.5,11.0,9.0,19010054.0,11814877.0,1.222,22458000.0,20005330.0,17474340.0,1.285,100.0,81.13,收斂,頭頭低·底底高,多轉空預警 / 空轉多預警 / 多頭確認,16,1,13,9.4,3,剛爆發,🔥 追高風險,False,True
ZBRA,Information Technology,Zebra Technologies,2026-08-31,353.55,-4.14,45.12,47.92,34.21,0.667,763720,867776,863663,6.96,0.96,30.88,P-V+,P+V+,P+V+,⚠️ 中期出貨,53,2,20,31.1,45.1,11.88,False,True,303.62,7.67,1.334,False,386.23,386.23,-8.46,-4.06,20.33,9.0,11.0,927477.0,695200.0,0.818,517200.0,600000.0,615020.0,0.841,96.19,57.33,多頭,頭頭高·底底高,,17,21,24,20.0,22,,,False,True
ANET,Information Technology,Arista Networks,2026-08-31,195.69,5.84,26.03,51.97,33.95,1.0,7584555,7930935,8329757,1.79,-9.14,0.22,P+V+,P+V-,P+V+,➡️ 中性,28,11,17,20.7,15.18,7.73,False,True,180.48,12.06,1.468,False,214.89,214.89,-8.93,3.73,8.51,10.0,10.0,9023730.0,6145380.0,1.0,5021700.0,5971270.0,6269860.0,0.801,97.29,54.81,多頭,頭頭高·底底高,空轉多預警,18,19,28,20.4,23,,,False,True
NOW,Information Technology,ServiceNow,2026-08-31,147.99,25.27,18.99,41.98,32.06,1.0,18323455,24726556,24426555,-26.16,2.49,117.13,P+V-,P+V+,P+V+,⚠️ 頂部背離,3,17,23,11.2,5.05,0.36,False,True,113.14,24.12,1.541,False,194.73,194.73,-24.0,15.57,29.6,12.0,8.0,21318858.0,13830350.0,1.5,25990800.0,18679460.0,18084673.0,1.437,100.0,74.44,收斂,頭頭低·底底高,多轉空預警 / 多頭確認,19,1,9,9.8,4,剛爆發,,False,True
IT,Information Technology,Gartner,2026-08-31,198.11,30.74,22.91,34.46,30.64,1.0,1554685,1566936,1550120,18.69,2.19,16.97,P+V+,P+V+,P+V+,⭐⭐⭐ 完美多頭,2,12,27,10.0,17.06,13.64,False,True,158.98,12.78,0.998,False,265.85,265.85,-25.48,-2.3,30.74,12.0,8.0,1512158.0,1514537.0,1.5,997700.0,1176410.0,1312520.0,0.76,100.0,64.75,多頭,頭頭高·底底高,空轉多預警,20,1,30,14.4,12,剛爆發,🚀 暴漲中,False,True
GEN,Information Technology,Gen Digital,2026-08-31,31.0,10.53,26.83,42.48,30.58,1.0,5759535,5925092,6706940,47.19,-20.88,41.18,P+V+,P+V-,P+V+,➡️ 中性,17,9,22,15.6,2.99,3.4,False,True,27.05,14.61,1.34,False,31.29,31.29,-0.93,6.49,10.53,13.0,7.0,6437438.0,4802800.0,1.857,7950800.0,6051450.0,5505673.0,1.444,100.0,71.15,多頭,頭頭高·底底高,空轉多預警 / 多頭確認,21,1,8,10.4,5,剛爆發,,False,True
PLTR,Information Technology,Palantir Technologies,2026-08-31,186.38,14.58,19.06,38.89,27.86,1.0,44522025,42381230,44392552,23.47,-8.67,-17.64,P+V+,P+V-,P+V-,➡️ 中性,9,16,24,14.1,18.51,18.08,False,True,144.9,10.91,1.566,False,207.52,207.52,-10.19,5.96,48.33,10.0,10.0,54335920.0,34708130.0,1.0,25898200.0,31160520.0,31677060.0,0.818,100.0,69.32,空頭,頭頭低·底底低,多頭確認,22,1,26,14.4,12,剛爆發,,False,True
FFIV,Information Technology,"F5, Inc.",2026-08-31,407.13,0.19,6.18,49.66,26.43,1.0,581135,646924,696528,-10.37,-13.3,-25.79,P+V-,P+V-,P+V-,⚠️ 量能衰竭,43,30,18,34.1,,,,,,,,,,,,,,,,,,,,,,,,,,,,23,36,36,,36,吃老本,,False,False
WDC,Information Technology,Western Digital,2026-08-31,450.55,-14.54,-15.16,66.64,25.9,0.333,7902170,8499156,8304993,7.46,4.79,-11.02,P-V+,P-V+,P+V-,➡️ 中性,72,54,15,55.2,7.87,13.57,False,False,531.0,27.52,0.833,False,799.87,799.87,-43.67,-1.93,-17.31,9.0,11.0,7115100.0,8546136.0,0.818,5843400.0,6656370.0,6954186.0,0.84,65.68,43.85,空頭,頭頭低·底底低,多轉空預警,24,35,25,28.6,34,吃老本,,False,True
ROP,Information Technology,Roper Technologies,2026-08-31,424.64,8.17,33.14,26.38,23.52,1.0,706175,991295,1124590,-20.67,-21.19,-8.13,P+V-,P+V-,P+V-,⚠️ 量能衰竭,26,5,30,20.5,1.78,3.49,False,True,375.05,9.21,1.122,False,525.38,530.0,-19.17,3.12,8.33,15.0,5.0,725953.0,646840.0,3.0,706800.0,666220.0,692953.0,1.02,100.0,70.85,多頭,頭頭高·底底高,多頭確認,25,1,19,14.2,11,剛爆發,,False,True
FLEX,Information Technology,Flex Ltd.,2026-08-31,109.25,-13.78,-27.54,66.36,22.85,0.333,2967755,5992952,5282441,-40.86,31.08,19.85,P-V-,P-V+,P+V+,➡️ 中性,70,67,16,58.3,,,,,,,,,,,,,,,,,,,,,,,,,,,,26,36,36,,36,吃老本,,False,False
LITE,Information Technology,Lumentum,2026-08-31,914.76,17.29,6.29,32.91,22.35,1.0,4988185,5179173,5810526,15.43,-19.6,35.08,P+V+,P+V-,P+V+,➡️ 中性,7,28,28,17.5,8.79,4.62,False,True,815.55,20.96,1.184,False,1085.68,1085.68,-15.74,10.19,17.29,12.0,8.0,5278375.0,4458362.0,1.5,3206500.0,4078220.0,4855240.0,0.66,100.0,54.57,多頭,頭頭高·底底高,空轉多預警,27,1,33,17.8,18,剛爆發,,False,True
CDW,Information Technology,CDW Corporation,2026-08-31,151.58,3.12,31.12,22.66,19.89,1.0,2025440,2036420,1929023,10.56,11.79,21.07,P+V+,P+V+,P+V+,⭐⭐⭐ 完美多頭,33,7,34,25.4,3.97,-0.26,False,True,137.1,16.2,1.007,False,168.13,171.55,-9.84,10.97,3.04,10.0,10.0,2032740.0,2018140.0,1.0,2230000.0,1812130.0,1645433.0,1.355,88.84,62.67,空頭,頭頭低·底底低,多轉空預警 / 多頭確認,28,25,11,23.4,29,,,False,True
CSCO,Information Technology,Cisco,2026-08-31,110.49,-4.63,-6.52,42.7,18.56,0.333,20930580,23187113,23096870,1.03,0.78,9.84,P-V+,P-V+,P+V+,⚠️ 中期出貨,54,44,21,44.4,,,,,,,,,,,,,,,,,,,,,,,,,,,,29,36,36,,36,吃老本,,False,False
GDDY,Information Technology,GoDaddy,2026-08-31,97.88,9.87,14.04,23.71,17.83,1.0,1826905,2475712,2392851,-8.89,7.17,51.69,P+V-,P+V+,P+V+,⚠️ 頂部背離,20,21,31,22.5,,,,,,,,,,,,,,,,,,,,,,,,,,,,30,36,36,,36,吃老本,,False,False
MSFT,Information Technology,Microsoft,2026-08-31,507.29,3.13,12.88,27.15,17.58,1.0,26522825,38612389,36310090,-29.97,13.54,37.85,P+V-,P+V+,P+V+,⚠️ 頂部背離,32,23,29,28.7,,,,,,,,,,,,,,,,,,,,,,,,,,,,31,36,36,,36,,,False,False
VRSN,Information Technology,Verisign,2026-08-31,288.28,-3.27,-2.37,35.81,16.5,0.333,717135,814833,824895,-13.62,-2.41,-0.48,P-V-,P-V-,P+V-,⚠️ 主升段結束,51,40,25,42.5,,,,,,,,,,,,,,,,,,,,,,,,,,,,32,36,36,,36,,,False,False
TYL,Information Technology,Tyler Technologies,2026-08-31,372.22,18.79,18.86,11.07,14.95,1.0,966690,914292,757967,19.68,51.97,62.64,P+V+,P+V+,P+V+,⭐⭐⭐ 完美多頭,4,18,47,16.8,0.36,2.73,False,True,315.82,17.88,1.495,False,566.58,566.58,-34.3,6.13,20.23,13.0,7.0,1072176.0,717271.0,1.857,4926400.0,1144690.0,997513.0,4.939,100.0,71.12,多頭,頭頭高·底底高,多頭確認,33,1,1,13.8,10,剛爆發,,False,True
ADBE,Information Technology,Adobe Inc.,2026-08-31,292.79,13.71,12.95,13.57,13.45,1.0,4292010,6347535,5876753,-24.08,17.42,27.55,P+V-,P+V+,P+V+,⚠️ 頂部背離,10,22,42,20.0,2.5,3.18,True,True,240.2,15.65,1.323,False,370.86,370.86,-21.05,6.35,16.92,13.0,7.0,4728546.0,3573371.0,1.857,5207600.0,4325180.0,4283280.0,1.216,100.0,69.29,多頭,頭頭高·底底高,多頭確認,34,1,16,17.2,16,剛爆發,,False,True
CTSH,Information Technology,Cognizant,2026-08-31,64.58,17.74,20.63,7.14,13.16,1.0,8077790,10609093,8808096,-15.92,51.4,76.02,P+V-,P+V+,P+V+,⚠️ 頂部背離,5,15,50,17.0,-0.66,4.98,False,True,50.02,14.16,1.137,False,85.48,87.03,-24.45,4.38,17.36,13.0,7.0,8433184.0,7417771.0,1.857,8661300.0,5955980.0,7121940.0,1.216,100.0,74.67,收斂,頭頭低·底底高,空轉多預警 / 多頭確認,35,1,16,17.6,17,剛爆發,,False,False
ADSK,Information Technology,Autodesk,2026-08-31,258.53,10.15,7.3,17.03,12.88,1.0,1806765,2620090,2329331,-18.24,28.53,38.55,P+V-,P+V+,P+V+,⚠️ 頂部背離,18,27,37,24.5,,,,,,,,,,,,,,,,,,,,,,,,,,,,36,36,36,,36,,,False,False
LRCX,Information Technology,Lam Research,2026-08-31,301.49,2.34,-5.13,23.67,11.14,0.667,8095560,11297653,10588768,-31.11,14.35,-8.47,P+V-,P-V+,P+V-,⚠️ 量能背離,35,42,32,36.5,,,,,,,,,,,,,,,,,,,,,,,,,,,,37,36,36,,36,,,False,False
MSI,Information Technology,Motorola Solutions,2026-08-31,485.3,11.0,18.28,3.65,9.15,1.0,1032640,1033769,1054347,19.55,-3.83,-11.03,P+V+,P+V-,P+V-,➡️ 中性,15,19,56,24.4,14.45,3.83,False,True,438.0,6.5,1.19,False,493.57,493.57,-1.68,0.79,11.0,11.0,9.0,1088272.0,914322.0,1.222,1141200.0,1060130.0,949140.0,1.202,96.08,66.84,多頭,頭頭高·底底高,空轉多預警,38,22,18,27.6,33,剛爆發,,False,True
AAPL,Information Technology,Apple Inc.,2026-08-31,316.85,2.5,1.62,15.75,8.91,1.0,41366295,54960553,49459197,-24.43,25.03,0.4,P+V-,P+V+,P+V+,⚠️ 頂部背離,34,36,39,35.6,,,,,,,,,,,,,,,,,,,,,,,,,,,,39,36,36,,36,,,False,False
NVDA,Information Technology,Nvidia,2026-08-31,220.78,4.17,4.69,13.03,8.73,1.0,127692510,142285683,156644465,-1.16,-16.79,-13.83,P+V-,P+V-,P+V-,⚠️ 量能衰竭,30,32,43,33.2,,,,,,,,,,,,,,,,,,,,,,,,,,,,40,36,36,,36,,,False,False
AMAT,Information Technology,Applied Materials,2026-08-31,458.39,-11.45,2.05,21.57,8.43,0.667,7233085,9482101,8134713,-14.48,39.7,2.14,P-V-,P+V+,P+V+,➡️ 中性,66,35,35,50.5,,,,,,,,,,,,,,,,,,,,,,,,,,,,41,36,36,,36,,,False,False
INTU,Information Technology,Intuit,2026-08-31,359.3,12.85,15.3,0.92,7.5,1.0,4044165,4941296,4562316,-5.13,18.12,90.26,P+V-,P+V+,P+V+,⚠️ 頂部背離,11,20,63,24.1,12.34,1.84,False,True,308.77,14.08,0.737,False,697.25,705.08,-48.47,-2.87,12.85,13.0,7.0,3597861.0,4885000.0,1.857,3082600.0,4838380.0,4345980.0,0.709,97.31,60.54,擴散,頭頭高·底底低,,42,18,31,30.2,35,剛爆發,,False,True
TXN,Information Technology,Texas Instruments,2026-08-31,260.91,-3.02,-17.0,23.54,6.77,0.333,5854025,8328236,7763457,-27.37,15.69,1.27,P-V-,P-V+,P+V+,➡️ 中性,49,57,33,48.2,,,,,,,,,,,,,,,,,,,,,,,,,,,,43,36,36,,36,剛爆發,,False,False
PTC,Information Technology,PTC Inc.,2026-08-31,155.74,11.35,12.21,1.41,6.6,1.0,1200450,1746058,1489845,-26.45,41.54,61.18,P+V-,P+V+,P+V+,⚠️ 頂部背離,13,24,60,25.7,0.98,27.86,False,True,132.86,8.94,1.074,False,215.49,215.49,-27.73,0.69,13.51,12.0,8.0,1234616.0,1149200.0,1.5,1418600.0,1108940.0,1104600.0,1.284,99.68,63.45,收斂,頭頭低·底底高,空轉多預警 / 多頭確認,44,17,14,27.2,32,剛爆發,,False,True
CDNS,Information Technology,Cadence Design Systems,2026-08-31,338.78,0.78,-9.38,16.57,6.13,0.667,2049125,2404949,2392058,-13.16,1.08,22.93,P+V-,P-V+,P+V+,⚠️ 頂部背離,39,50,38,42.1,,,,,,,,,,,,,,,,,,,,,,,,,,,,45,36,36,,36,剛爆發,,False,False
QCOM,Information Technology,Qualcomm,2026-08-31,170.48,12.48,-29.67,18.94,5.17,0.667,9947805,15846313,17148165,-25.58,-14.11,80.96,P+V-,P-V-,P+V+,⚠️ 頂部背離,12,68,36,33.6,-0.49,3.34,False,False,173.64,9.33,1.04,False,258.96,259.92,-34.17,6.05,15.49,14.0,6.0,10064892.0,9674600.0,2.333,12734600.0,10537940.0,9481473.0,1.343,100.0,55.48,空頭,頭頭低·底底低,多頭確認,46,1,12,21.2,24,剛爆發,,False,False
SMCI,Information Technology,Supermicro,2026-08-31,37.28,17.64,-19.11,10.95,5.11,0.667,54989795,57674723,48271305,27.84,48.39,67.3,P+V+,P-V+,P+V+,➡️ 中性,6,60,48,30.6,77.55,34.51,False,True,31.34,14.48,1.684,False,58.78,58.78,-36.58,6.0,30.17,11.0,9.0,67292909.0,39952655.0,1.222,22849500.0,39089670.0,59492480.0,0.384,100.0,57.33,多頭,頭頭高·底底高,,47,1,35,26.2,31,剛爆發,,False,True
SWKS,Information Technology,Skyworks Solutions,2026-08-31,67.01,9.33,-17.69,12.84,4.33,0.667,5375040,5621886,4741872,-9.36,45.57,50.23,P+V-,P-V+,P+V+,⚠️ 頂部背離,24,58,44,38.2,,,,,,,,,,,,,,,,,,,,,,,,,,,,48,36,36,,36,剛爆發,,False,False
ACN,Information Technology,Accenture,2026-08-31,189.76,11.34,2.66,1.13,4.07,1.0,5243965,8416912,7466123,-35.0,29.19,58.33,P+V-,P+V+,P+V+,⚠️ 頂部背離,14,34,61,29.4,2.46,3.26,False,True,155.09,11.9,0.837,False,285.21,291.09,-33.47,2.42,14.37,14.0,6.0,5043600.0,6028350.0,2.333,4194000.0,5083690.0,5331053.0,0.787,100.0,66.74,收斂,頭頭低·底底高,空轉多預警 / 多頭確認,49,1,29,25.8,30,剛爆發,,False,True
APH,Information Technology,Amphenol,2026-08-31,158.55,-2.93,7.52,5.02,3.66,0.667,5759050,7733635,8721233,-17.05,-20.34,-1.89,P-V-,P+V-,P+V-,➡️ 中性,48,26,53,42.4,,,,,,,,,,,,,,,,,,,,,,,,,,,,50,36,36,,36,剛爆發,,False,False
KEYS,Information Technology,Keysight Technologies,2026-08-31,322.7,0.25,-4.84,7.04,2.37,0.667,1415355,1495113,1545603,11.47,-6.33,32.83,P+V+,P-V-,P+V+,➡️ 中性,41,41,51,43.0,,,,,,,,,,,,,,,,,,,,,,,,,,,,51,36,36,,36,剛爆發,,False,False
JBL,Information Technology,Jabil,2026-08-31,305.26,-4.1,-16.04,14.7,2.31,0.333,958800,1248856,1228211,-15.15,3.42,-5.15,P-V-,P-V+,P+V-,➡️ 中性,52,55,40,50.5,,,,,,,,,,,,,,,,,,,,,,,,,,,,52,36,36,,36,剛爆發,,False,False
KLAC,Information Technology,KLA Corporation,2026-08-31,175.45,-10.13,-8.6,13.71,2.17,0.333,9478545,12598595,11247174,-24.02,27.31,9.16,P-V-,P-V+,P+V+,➡️ 中性,62,48,41,53.6,,,,,,,,,,,,,,,,,,,,,,,,,,,,53,36,36,,36,剛爆發,,False,False
IBM,Information Technology,IBM,2026-08-31,233.87,4.08,-10.85,3.47,0.04,0.667,5372465,10284435,8496109,-62.52,53.32,69.78,P+V-,P-V+,P+V+,⚠️ 頂部背離,31,51,57,42.2,,,,,,,,,,,,,,,,,,,,,,,,,,,,54,36,36,,36,剛爆發,,False,False
SNPS,Information Technology,Synopsys,2026-08-31,439.59,8.85,-7.58,-2.13,-0.75,0.333,1636690,1951169,1950744,-17.77,0.04,-22.63,P+V-,P-V+,P-V-,➡️ 中性,25,47,67,40.0,,,,,,,,,,,,,,,,,,,,,,,,,,,,55,36,36,,36,剛爆發,,False,False
AVGO,Information Technology,Broadcom,2026-08-31,370.34,-11.44,-16.98,11.85,-1.18,0.333,19644410,26000138,24831991,-2.88,9.87,-7.89,P-V-,P-V+,P+V-,➡️ 中性,65,56,45,58.3,,,,,,,,,,,,,,,,,,,,,,,,,,,,56,36,36,,36,剛爆發,,False,False
CIEN,Information Technology,Ciena,2026-08-31,382.8,-2.04,-32.86,11.7,-2.87,0.333,1925195,2709260,2693277,-3.66,1.19,-12.52,P-V-,P-V+,P+V-,➡️ 中性,46,70,46,53.2,,,,,,,,,,,,,,,,,,,,,,,,,,,,57,36,36,,36,剛爆發,,False,False
FICO,Information Technology,Fair Isaac,2026-08-31,1147.21,9.73,-11.51,-6.55,-3.72,0.333,309150,315746,350883,-2.04,-18.21,22.63,P+V-,P-V-,P-V+,➡️ 中性,22,52,69,40.4,,,,,,,,,,,,,,,,,,,,,,,,,,,,58,36,36,,36,剛爆發,,False,False
TRMB,Information Technology,Trimble Inc.,2026-08-31,59.94,0.22,6.26,-10.72,-3.74,0.667,3936700,3348095,2674753,53.38,67.29,70.45,P+V+,P+V+,P-V+,🚀 健康多頭,42,29,71,43.9,,,,,,,,,,,,,,,,,,,,,,,,,,,,59,36,36,,36,剛爆發,,False,False
AKAM,Information Technology,Akamai Technologies,2026-08-31,108.62,-7.86,-24.11,8.48,-3.75,0.333,3556555,3757466,4643165,2.36,-32.04,57.66,P-V+,P-V-,P+V+,⚠️ 中期出貨,58,66,49,58.6,,,,,,,,,,,,,,,,,,,,,,,,,,,,60,36,36,,36,剛爆發,,False,False
ADI,Information Technology,Analog Devices,2026-08-31,362.14,-4.77,-12.26,0.96,-3.78,0.333,3604915,4480960,4191161,-7.58,14.86,11.81,P-V-,P-V+,P+V+,➡️ 中性,55,53,62,55.8,,,,,,,,,,,,,,,,,,,,,,,,,,,,61,36,36,,36,剛爆發,,False,False
TER,Information Technology,Teradyne,2026-08-31,349.83,-13.31,-6.54,2.08,-3.92,0.333,2597150,4007476,3789173,-32.96,12.23,8.39,P-V-,P-V+,P+V+,➡️ 中性,68,45,58,59.1,,,,,,,,,,,,,,,,,,,,,,,,,,,,62,36,36,,36,剛爆發,,False,False
MPWR,Information Technology,Monolithic Power Systems,2026-08-31,1267.77,-5.7,-22.26,4.83,-4.58,0.333,644245,916898,759149,-31.39,52.46,21.54,P-V-,P-V+,P+V+,➡️ 中性,57,63,54,58.2,,,,,,,,,,,,,,,,,,,,,,,,,,,,63,36,36,,36,剛爆發,,False,False
GLW,Information Technology,Corning Inc.,2026-08-31,148.73,1.43,-18.59,-1.55,-5.07,0.333,9799390,13811132,13570991,-28.54,3.6,72.39,P+V-,P-V+,P-V+,➡️ 中性,37,59,65,49.2,,,,,,,,,,,,,,,,,,,,,,,,,,,,64,36,36,,36,剛爆發,,False,False
ORCL,Information Technology,Oracle Corporation,2026-08-31,149.12,2.32,-33.72,1.54,-7.08,0.667,23433625,31992498,29378730,-40.34,19.53,10.66,P+V-,P-V+,P+V+,⚠️ 頂部背離,36,72,59,51.4,,,,,,,,,,,,,,,,,,,,,,,,,,,,65,36,36,,36,剛爆發,,False,False
COHR,Information Technology,Coherent Corp.,2026-08-31,277.83,-14.18,-23.14,3.71,-7.48,0.333,7582435,6215916,6823369,60.0,-16.35,53.32,P-V+,P-V-,P+V+,⚠️ 中期出貨,71,64,55,65.7,,,,,,,,,,,,,,,,,,,,,,,,,,,,66,36,36,,36,剛爆發,,False,False
TEL,Information Technology,TE Connectivity,2026-08-31,205.25,0.53,-2.03,-14.33,-7.54,0.333,1961020,2463781,2499404,-28.83,-2.81,29.43,P+V-,P-V-,P-V+,➡️ 中性,40,39,72,46.1,,,,,,,,,,,,,,,,,,,,,,,,,,,,67,36,36,,36,剛爆發,,False,False
TDY,Information Technology,Teledyne Technologies,2026-08-31,612.95,-10.49,-1.11,-9.51,-7.66,0.0,278120,353406,336731,-37.04,10.42,-0.41,P-V-,P-V+,P-V-,➡️ 中性,63,37,70,56.6,,,,,,,,,,,,,,,,,,,,,,,,,,,,68,36,36,,36,剛爆發,,False,False
MCHP,Information Technology,Microchip Technology,2026-08-31,73.45,-8.4,-21.93,-1.6,-8.38,0.0,9649590,11385753,10631631,-8.94,15.27,25.52,P-V-,P-V+,P-V+,➡️ 中性,60,61,66,61.5,,,,,,,,,,,,,,,,,,,,,,,,,,,,69,36,36,,36,剛爆發,,False,False
ON,Information Technology,ON Semiconductor,2026-08-31,74.09,-8.28,-38.58,6.33,-8.55,0.333,8501180,11047724,10590131,-11.21,9.03,19.44,P-V-,P-V+,P+V+,➡️ 中性,59,73,52,61.8,,,,,,,,,,,,,,,,,,,,,,,,,,,,70,36,36,,36,剛爆發,,False,False
Q,Information Technology,Qnity Electronics,2026-08-31,119.43,-15.64,-23.39,-0.18,-9.85,0.0,1708210,1965804,2010454,-11.32,-4.35,,P-V-,P-V-,,資料不足,73,65,64,68.8,,,,,,,,,,,,,,,,,,,,,,,,,,,,71,36,36,,36,剛爆發,,False,False
NXPI,Information Technology,NXP Semiconductors,2026-08-31,224.64,-5.45,-29.86,-3.62,-10.64,0.0,3278755,4091056,3707802,-25.13,23.06,35.73,P-V-,P-V+,P-V+,➡️ 中性,56,69,68,62.3,,,,,,,,,,,,,,,,,,,,,,,,,,,,72,36,36,,36,剛爆發,,False,False
FSLR,Information Technology,First Solar,2026-08-31,201.9,-13.25,-33.45,-16.99,-20.17,0.0,2540525,2353936,2367246,36.64,-1.12,0.99,P-V+,P-V-,P-V+,➡️ 中性,67,71,73,69.4,,,,,,,,,,,,,,,,,,,,,,,,,,,,73,36,36,,36,剛爆發,,False,False
CF,Materials,CF Industries,2026-08-31,130.03,10.66,16.33,36.5,25.0,1.0,2470215,2577823,3626573,7.73,-44.86,51.2,P+V+,P+V-,P+V+,➡️ 中性,5,2,2,3.5,-15.07,8.66,False,True,117.63,12.65,1.263,False,140.66,141.96,-7.56,0.33,4.4,9.0,11.0,2825244.0,2237554.0,0.818,3255800.0,2560090.0,2527486.0,1.288,87.14,62.83,收斂,頭頭低·底底高,空轉多預警,1,12,9,7.0,5,吃老本,🎯 潛在暴漲,False,False
NUE,Materials,Nucor,2026-08-31,249.64,-4.45,0.38,43.37,20.67,0.667,1508695,1603004,1536848,12.11,9.0,-5.79,P-V+,P+V+,P+V-,➡️ 中性,20,15,1,14.7,6.94,14.67,False,True,247.04,13.61,0.879,False,280.11,280.11,-10.88,2.47,-2.97,11.0,9.0,1420900.0,1616000.0,1.222,1330000.0,1749060.0,1492653.0,0.891,82.92,45.82,多頭,頭頭高·底底高,空轉多預警,2,13,19,9.8,8,吃老本,,False,True
FCX,Materials,Freeport-McMoRan,2026-08-31,75.74,19.01,15.26,12.1,14.62,1.0,14177975,14703626,15700412,-6.95,-11.94,-14.85,P+V-,P+V-,P+V-,⚠️ 量能衰竭,2,3,6,3.1,18.5,21.95,False,True,65.56,19.57,1.224,False,80.24,80.24,-5.61,-1.2,20.93,12.0,8.0,15297891.0,12498100.0,1.5,13983600.0,16783670.0,14484053.0,0.965,100.0,61.42,多頭,頭頭高·底底高,多頭確認,3,1,18,5.2,3,,,False,True
NEM,Materials,Newmont,2026-08-31,126.06,28.99,14.8,1.41,11.65,1.0,8426880,8374344,8753009,17.66,-8.29,-16.05,P+V+,P+V-,P+V-,➡️ 中性,1,6,11,4.5,5.68,33.45,False,True,104.32,15.23,0.833,False,135.29,135.29,-6.82,-4.2,34.52,15.0,5.0,7845893.0,9415660.0,3.0,16671300.0,9010810.0,8406286.0,1.983,100.0,61.64,收斂,頭頭低·底底高,空轉多預警 / 多頭確認,4,1,2,2.4,1,,,False,True
LYB,Materials,LyondellBasell,2026-08-31,65.08,7.6,-0.32,18.5,11.07,0.667,3900800,4871132,6280093,-22.7,-36.65,14.26,P+V-,P-V-,P+V+,⚠️ 頂部背離,7,18,4,9.7,25.6,76.13,False,True,59.39,10.73,0.985,False,82.22,83.94,-20.85,-2.63,5.91,12.0,8.0,4071400.0,4132575.0,1.5,4146600.0,3833930.0,3834866.0,1.081,92.24,57.96,多頭,頭頭高·底底高,,5,7,14,7.6,6,,,False,True
APD,Materials,Air Products,2026-08-31,309.46,5.64,9.78,12.12,9.91,1.0,955425,1258350,1252217,-16.76,0.98,-8.0,P+V-,P+V+,P+V-,⚠️ 量能背離,9,10,5,8.5,3.8,4.54,False,True,298.01,5.27,0.916,False,314.87,314.87,-1.72,1.05,5.64,14.0,6.0,902671.0,985050.0,2.333,1448900.0,1079500.0,952513.0,1.521,100.0,59.48,多頭,頭頭高·底底高,空轉多預警,6,1,3,3.4,2,,,False,True
CTVA,Materials,Corteva,2026-08-31,84.63,11.3,5.24,9.04,8.65,1.0,4788530,4390586,4118031,23.98,14.18,-2.4,P+V+,P+V+,P+V-,🚀 健康多頭,4,14,7,7.6,2.93,27.11,False,True,82.56,12.12,1.059,False,90.97,90.97,-6.97,3.47,7.52,11.0,9.0,4912527.0,4636977.0,1.222,5751000.0,4656230.0,4311206.0,1.334,92.77,61.66,擴散,頭頭高·底底低,,7,6,8,6.8,4,,,False,True
IFF,Materials,International Flavors & Fragrances,2026-08-31,86.33,7.14,11.22,6.32,7.75,1.0,1580750,1891840,1827550,-13.18,7.29,-14.12,P+V-,P+V+,P+V-,⚠️ 量能背離,8,9,8,8.3,-26.57,16.51,False,True,80.61,9.11,0.928,False,89.32,89.32,-3.35,0.61,7.14,11.0,9.0,1503390.0,1620022.0,1.222,1808100.0,1358330.0,1336040.0,1.353,89.1,59.12,多頭,頭頭高·底底高,空轉多預警,8,11,6,8.8,7,,,False,False
STLD,Materials,Steel Dynamics,2026-08-31,232.62,-9.97,-10.59,22.53,6.13,0.333,1241505,1269070,1207896,6.67,10.67,-6.97,P-V+,P-V+,P+V-,➡️ 中性,25,22,3,19.7,0.56,-0.19,False,False,242.24,16.84,1.247,False,288.09,288.74,-19.25,1.46,-9.97,9.0,11.0,1372477.0,1100945.0,0.818,916300.0,1467830.0,1238093.0,0.74,78.69,41.39,收斂,頭頭低·底底高,多轉空預警 / 空轉多預警,9,15,21,13.8,14,吃老本,,False,True
SW,Materials,Smurfit Westrock,2026-08-31,46.9,-2.46,15.01,4.13,5.2,0.667,4343715,5442547,5428728,-20.99,0.51,0.48,P-V-,P+V+,P+V+,➡️ 中性,15,5,9,10.8,-16.91,-17.35,False,True,46.41,7.95,0.974,False,51.52,52.65,-8.97,-3.68,0.95,8.0,12.0,4274712.0,4389716.0,0.667,5529500.0,4470200.0,4503233.0,1.228,76.14,46.8,多頭,頭頭高·底底高,空頭確認,10,18,10,13.2,11,吃老本,,False,True
PKG,Materials,Packaging Corporation of America,2026-08-31,233.94,-6.83,7.95,3.49,2.02,0.667,494335,640176,783505,-34.33,-30.93,-8.92,P-V-,P+V-,P+V-,➡️ 中性,23,13,10,17.4,1.62,12.54,False,False,242.3,8.8,1.055,False,259.98,259.98,-10.02,-7.46,-4.84,9.0,11.0,508966.0,482363.0,0.818,576500.0,506010.0,478546.0,1.205,74.85,34.57,多頭,頭頭高·底底高,,11,19,11,14.2,16,吃老本,,False,True
AMCR,Materials,Amcor,2026-08-31,45.89,-0.28,16.92,-5.81,1.26,0.333,3749335,3676338,4491563,2.65,-30.72,-8.92,P-V+,P+V-,P-V-,➡️ 中性,14,1,16,10.5,4.24,0.55,False,True,44.97,6.9,0.949,False,49.46,50.94,-7.21,-4.22,-0.28,9.0,11.0,3607188.0,3800927.0,0.818,4043100.0,3652340.0,4004433.0,1.01,77.02,48.03,多頭,頭頭高·底底高,,12,16,17,14.6,19,,,False,True
BALL,Materials,Ball Corporation,2026-08-31,62.97,-3.35,12.38,-4.71,-0.09,0.333,1771955,2448392,2425902,-4.99,1.87,-6.64,P-V-,P+V+,P-V-,➡️ 中性,16,7,15,13.1,4.27,11.31,False,True,62.58,6.31,0.987,False,67.84,68.29,-7.18,-0.97,-2.97,7.0,13.0,1756414.0,1780323.0,0.538,2301100.0,1554230.0,1589933.0,1.447,73.17,50.2,多頭,頭頭高·底底高,,13,20,4,14.0,15,吃老本,,False,True
SHW,Materials,Sherwin-Williams,2026-08-31,338.81,-6.08,11.77,-4.49,-0.82,0.333,1672475,2229480,2037406,-21.01,20.82,8.51,P-V-,P+V+,P-V+,➡️ 中性,22,8,14,16.2,5.13,3.56,False,False,341.53,5.19,1.035,False,375.09,377.77,-9.67,-2.24,-0.37,9.0,11.0,1727588.0,1669618.0,0.818,2134100.0,1645800.0,1588320.0,1.344,79.26,43.97,多頭,頭頭高·底底高,空頭確認,14,14,7,12.6,10,,,False,True
LIN,Materials,Linde plc,2026-08-31,489.58,1.9,-2.16,-2.23,-1.18,0.333,2078480,2318390,2314254,-0.13,0.36,-5.16,P+V-,P-V+,P-V-,➡️ 中性,11,19,13,13.8,0.66,1.4,False,False,504.17,3.45,1.101,False,548.2,548.2,-10.69,-0.09,1.9,12.0,8.0,2076050.0,1886450.0,1.5,2109600.0,2017100.0,1943240.0,1.086,92.86,48.27,空頭,頭頭低·底底低,多轉空預警,15,5,13,10.6,9,剛爆發,,False,True
ECL,Materials,Ecolab,2026-08-31,283.2,1.35,9.12,-7.6,-1.19,0.667,1453615,1539124,1551305,21.58,-1.56,13.2,P+V+,P+V-,P-V+,➡️ 中性,12,11,17,12.7,0.48,0.17,False,True,277.99,7.74,1.136,False,307.61,309.27,-7.93,0.56,2.01,11.0,9.0,1536118.0,1352777.0,1.222,1531000.0,1809770.0,1507466.0,1.016,89.63,52.74,多頭,頭頭高·底底高,,16,9,16,13.2,11,剛爆發,,False,True
DOW,Materials,Dow Inc.,2026-08-31,30.52,2.11,-11.33,0.47,-2.07,0.667,8449025,10843455,12454363,-20.48,-22.91,-3.26,P+V-,P-V-,P+V-,⚠️ 量能背離,10,23,12,14.3,12.62,51.7,False,True,29.63,11.77,1.01,False,41.82,42.74,-27.03,-1.8,3.29,11.0,8.0,8415100.0,8335087.0,1.375,9531100.0,8600120.0,8021920.0,1.188,89.55,50.83,多頭,頭頭高·底底高,空轉多預警,17,10,12,13.2,11,剛爆發,,False,True
AVY,Materials,Avery Dennison,2026-08-31,174.11,1.07,8.71,-10.82,-2.96,0.667,1048635,874840,762898,25.03,34.39,10.93,P+V+,P+V+,P-V+,🚀 健康多頭,13,12,19,13.9,17.0,1.81,False,True,168.65,6.69,0.504,False,197.29,199.54,-11.75,-5.23,2.58,11.0,9.0,726436.0,1442433.0,1.222,7318000.0,1302880.0,1127726.0,6.489,76.6,47.89,擴散,頭頭高·底底低,,18,17,1,14.2,16,,,False,True
IP,Materials,International Paper,2026-08-31,37.93,-7.45,15.13,-11.55,-3.86,0.333,3691765,5349792,6106795,-37.76,-22.06,14.8,P-V-,P+V-,P-V+,➡️ 中性,24,4,20,17.2,205.43,5.41,False,False,39.18,10.9,0.966,False,48.47,50.25,-21.75,-8.58,-6.04,7.0,13.0,3608542.0,3736576.0,0.538,4882500.0,3490070.0,3511953.0,1.39,67.92,39.85,多頭,頭頭高·底底高,空頭確認,19,21,5,17.0,21,,,False,True
MOS,Materials,Mosaic Company (The),2026-08-31,24.12,10.59,0.25,-13.76,-4.17,0.667,8103025,8662036,9360086,11.06,-13.88,53.11,P+V+,P+V-,P-V+,➡️ 中性,6,16,21,12.0,-5.88,-77.32,False,True,22.39,18.82,1.357,False,35.98,36.99,-32.97,-1.19,9.04,9.0,11.0,9474388.0,6981000.0,0.818,6906200.0,8512160.0,7797373.0,0.886,90.97,59.14,擴散,頭頭高·底底低,多頭確認,20,8,20,15.2,20,剛爆發,,False,True
PPG,Materials,PPG Industries,2026-08-31,112.17,-4.19,-0.1,-7.73,-4.94,0.0,1268835,1806461,1956960,-40.66,-14.28,-0.7,P-V-,P-V-,P-V-,🧊 熊市縮量,17,17,18,17.2,,,,,,,,,,,,,,,,,,,,,,,,,,,,21,22,22,,22,,,False,False
VMC,Materials,Vulcan Materials Company,2026-08-31,269.58,-4.76,-2.41,-14.71,-9.15,0.0,870010,1120246,1168383,-18.0,-7.91,22.65,P-V-,P-V-,P-V+,😴 弱勢縮量,21,20,22,20.9,,,,,,,,,,,,,,,,,,,,,,,,,,,,22,22,22,,22,,,False,False
CRH,Materials,CRH plc,2026-08-31,94.29,-4.22,-12.98,-20.65,-14.63,0.0,4330385,4438150,4879506,7.13,-16.59,-13.88,P-V+,P-V-,P-V-,➡️ 中性,18,24,23,20.8,,,,,,,,,,,,,,,,,,,,,,,,,,,,23,22,22,,22,,,False,False
ALB,Materials,Albemarle Corporation,2026-08-31,134.97,13.7,-23.26,-27.39,-16.09,0.333,2152005,2303729,2215837,2.26,8.26,-36.31,P+V+,P-V+,P-V-,✨ 反彈初期,3,25,25,14.0,15.71,124.6,False,True,129.71,10.46,1.206,False,220.44,221.0,-38.77,-5.78,14.73,11.0,9.0,2331272.0,1932900.0,1.222,1982700.0,1879660.0,1938160.0,1.023,95.97,54.17,空頭,頭頭低·底底低,,24,4,15,14.2,16,剛爆發,,False,True
MLM,Materials,Martin Marietta Materials,2026-08-31,518.7,-4.35,-9.68,-25.37,-16.19,0.0,553240,602650,565806,-8.35,13.93,38.0,P-V-,P-V+,P-V+,➡️ 中性,19,21,24,20.6,,,,,,,,,,,,,,,,,,,,,,,,,,,,25,22,22,,22,,,False,False
DOC,Real Estate,Healthpeak Properties,2026-08-31,20.82,-3.31,8.26,24.56,13.52,0.667,5081565,7074418,7618457,-15.3,-13.33,-10.02,P-V-,P+V-,P+V-,➡️ 中性,12,5,1,7.7,198.62,364.73,False,False,21.37,6.63,0.939,False,22.84,22.95,-8.83,-2.71,-4.16,9.0,11.0,4904988.0,5226036.0,0.818,5595600.0,4443960.0,4355693.0,1.285,75.12,43.86,擴散,頭頭高·底底低,,1,18,17,11.0,7,吃老本,,False,True
BXP,Real Estate,"BXP, Inc.",2026-08-31,67.99,-3.44,13.32,17.06,11.0,0.667,1182450,1422335,1849195,-21.64,-37.51,-0.71,P-V-,P+V-,P+V-,➡️ 中性,13,2,2,7.5,14.75,97.57,False,False,68.22,8.86,1.007,False,75.95,79.33,-10.48,0.47,-3.04,9.0,11.0,1186811.0,1178881.0,0.818,1319900.0,1240100.0,1193473.0,1.106,78.26,47.65,擴散,頭頭高·底底低,,2,13,21,10.2,5,吃老本,,False,True
WELL,Real Estate,Welltower,2026-08-31,236.24,1.73,12.76,14.09,10.67,1.0,2977490,3354312,3218926,3.64,8.78,-0.97,P+V+,P+V+,P+V-,🚀 健康多頭,4,3,5,3.9,-16.88,9.38,False,True,234.19,4.22,0.788,False,254.24,255.2,-7.08,-1.25,1.15,12.0,8.0,2687508.0,3412462.0,1.5,4911300.0,2562620.0,2729526.0,1.799,86.47,50.07,擴散,頭頭高·底底低,,3,6,8,5.2,1,,,False,False
INVH,Real Estate,Invitation Homes,2026-08-31,29.14,-4.43,0.2,16.08,6.98,0.667,3687125,4865261,5479501,-7.33,-20.16,0.43,P-V-,P+V-,P+V+,➡️ 中性,20,12,3,14.2,9.76,-14.31,False,False,29.9,5.6,0.854,False,30.89,31.16,-5.67,-3.22,-1.95,7.0,12.0,3362285.0,3938041.0,0.583,6067500.0,3571750.0,3355220.0,1.808,71.23,39.08,多頭,頭頭高·底底高,空頭確認,4,22,7,11.8,8,吃老本,,False,True
ESS,Real Estate,Essex Property Trust,2026-08-31,282.96,-1.02,3.26,11.66,6.39,0.667,393465,467961,473947,-24.08,-2.49,-4.23,P-V-,P+V-,P+V-,➡️ 中性,8,8,6,7.6,-35.97,15.55,False,False,288.94,4.97,0.996,False,303.35,303.35,-6.72,-2.09,-0.42,12.0,8.0,392841.0,394400.0,1.5,626700.0,445120.0,401080.0,1.563,88.85,44.59,收斂,頭頭低·底底高,空轉多預警,5,5,13,6.6,2,,🎯 潛在暴漲,False,False
EQIX,Real Estate,Equinix,2026-08-31,1046.72,1.97,-1.66,11.64,5.9,0.667,583655,600160,591444,9.06,2.99,8.09,P+V+,P-V+,P+V+,➡️ 中性,3,19,7,8.6,6.33,-3.8,False,False,1047.41,7.21,0.951,False,1118.65,1128.68,-6.43,-0.8,1.97,10.0,10.0,564250.0,593340.0,1.0,739200.0,519270.0,531500.0,1.391,82.5,46.86,多頭,頭頭高·底底高,,6,8,16,8.8,4,,,False,True
VTR,Real Estate,Ventas,2026-08-31,91.17,0.35,8.63,6.81,5.65,1.0,2912255,3640030,3771483,-14.83,-6.74,29.48,P+V-,P+V-,P+V+,⚠️ 頂部背離,5,4,10,5.7,51.73,-1.4,False,False,92.08,4.56,0.926,False,101.6,101.6,-10.27,-2.03,-2.5,11.0,8.0,2925900.0,3158500.0,1.375,4254100.0,2945990.0,3007653.0,1.414,84.52,45.95,擴散,頭頭高·底底低,,7,7,15,8.6,3,,,False,True
HST,Real Estate,Host Hotels & Resorts,2026-08-31,21.93,-12.59,-2.19,15.7,4.16,0.333,9923310,9705063,9165308,9.83,12.52,11.87,P-V+,P-V+,P+V+,⚠️ 中期出貨,30,20,4,21.8,4.39,116.0,False,False,23.62,7.12,0.922,False,25.71,25.71,-14.7,-5.43,-12.59,6.0,14.0,9113250.0,9882250.0,0.429,7040000.0,8271020.0,8600926.0,0.819,62.84,31.29,空頭,頭頭低·底底低,多轉空預警 / 空頭確認,8,25,26,18.4,23,吃老本,,False,True
SPG,Real Estate,Simon Property Group,2026-08-31,212.32,-6.01,4.75,8.03,3.7,0.667,1299805,1865266,1692058,-11.13,22.81,9.24,P-V-,P+V+,P+V+,➡️ 中性,24,6,9,15.6,10.11,-17.98,False,False,223.29,5.92,0.868,False,238.5,238.5,-10.98,-3.81,-7.35,6.0,14.0,1174800.0,1353378.0,0.429,2253600.0,1120270.0,1190286.0,1.893,65.69,34.07,多頭,頭頭高·底底高,空頭確認,9,24,6,14.4,14,吃老本,,False,True
CBRE,Real Estate,CBRE Group,2026-08-31,145.81,-3.47,16.61,-0.97,2.8,0.333,1358130,1881736,2049308,-24.87,-15.12,20.39,P-V-,P+V-,P-V+,➡️ 中性,15,1,19,11.6,5.77,42.05,False,True,143.37,7.22,0.997,False,174.27,174.27,-16.33,-4.14,-0.68,9.0,11.0,1356722.0,1360527.0,0.818,2287900.0,1302910.0,1289700.0,1.774,77.66,46.92,多頭,頭頭高·底底高,,10,15,9,11.8,8,,,False,True
FRT,Real Estate,Federal Realty Investment Trust,2026-08-31,116.03,-6.16,-3.24,9.9,2.6,0.333,784190,895521,873980,-3.17,5.05,27.39,P-V-,P-V+,P+V+,➡️ 中性,25,23,8,21.0,35.3,165.2,False,False,121.3,3.05,1.292,False,128.21,128.21,-9.5,-0.61,-6.5,6.0,14.0,931483.0,721064.0,0.429,680500.0,593460.0,626186.0,1.087,74.89,33.76,空頭,頭頭低·底底低,多轉空預警,11,20,22,16.8,21,吃老本,,False,True
VMRK,Real Estate,Vivmark Residential,2026-08-31,65.14,-3.77,0.56,5.07,1.73,0.667,5256040,3834764,3213466,75.32,47.94,31.94,P-V+,P+V+,P+V+,⚠️ 中期出貨,18,11,12,14.7,,,False,False,67.17,8.16,0.76,False,71.5,71.5,-8.9,-2.47,-1.97,10.0,9.0,4380950.0,5764344.0,1.111,6279100.0,6905390.0,6115560.0,1.027,77.8,44.23,空頭,頭頭低·底底低,多轉空預警,12,14,23,15.0,17,,,False,False
DLR,Real Estate,Digital Realty,2026-08-31,185.59,-2.94,-2.4,5.53,1.43,0.333,2117220,2974250,2491156,-33.57,48.12,34.61,P-V-,P-V+,P+V+,➡️ 中性,10,21,11,13.5,-15.0,2.71,False,False,187.46,9.3,0.9,False,207.47,208.14,-10.55,-2.64,-1.55,10.0,10.0,2005960.0,2228480.0,1.0,6409300.0,2152230.0,2066546.0,3.101,78.76,43.07,收斂,頭頭低·底底高,多轉空預警 / 空轉多預警,13,12,2,10.4,6,,🎯 潛在暴漲,True,False
KIM,Real Estate,Kimco Realty,2026-08-31,23.71,-6.69,-0.83,4.02,0.13,0.333,4412865,4853853,4981799,9.86,-5.01,4.53,P-V+,P-V-,P+V+,⚠️ 中期出貨,26,17,13,20.7,13.48,7.45,False,False,25.01,4.66,0.618,False,26.65,26.65,-11.03,-2.11,-6.69,6.0,14.0,3001783.0,4860892.0,0.429,10948300.0,4234570.0,3911680.0,2.799,62.38,32.57,空頭,頭頭低·底底低,多轉空預警 / 空頭確認,14,26,3,16.6,20,吃老本,,False,True
PSA,Real Estate,Public Storage,2026-08-31,306.99,-5.8,0.19,2.92,0.06,0.667,755360,1020244,1060214,-42.09,-7.27,2.19,P-V-,P+V-,P+V+,➡️ 中性,22,14,15,18.2,-2.93,2.19,False,False,321.8,7.67,0.97,False,335.55,335.55,-8.51,-5.53,-5.8,7.0,13.0,725528.0,747800.0,0.538,1445500.0,719280.0,695626.0,2.078,69.36,34.26,收斂,頭頭低·底底高,空頭確認,15,23,4,16.0,19,吃老本,,False,False
UDR,Real Estate,"UDR, Inc.",2026-08-31,36.95,-3.78,0.88,0.06,-0.7,0.667,2718955,4002753,3776261,-20.14,12.76,15.12,P-V-,P+V+,P+V+,➡️ 中性,19,9,17,15.6,61.01,269.69,False,False,38.68,4.98,1.074,False,41.69,42.0,-11.37,-2.17,-2.8,7.0,12.0,3045771.0,2835133.0,0.583,2415800.0,2907620.0,2635533.0,0.917,75.0,38.94,擴散,頭頭高·底底低,空頭確認,16,19,25,19.0,25,,,False,True
ARE,Real Estate,Alexandria Real Estate Equities,2026-08-31,51.29,-3.28,3.8,-1.74,-0.74,0.333,2254965,1993352,2192375,42.78,-16.64,-8.67,P-V+,P+V-,P-V-,➡️ 中性,11,7,22,12.0,26.17,1359.96,False,True,50.59,17.4,1.228,False,83.17,88.24,-38.33,-4.11,-0.31,9.0,11.0,2511544.0,2045036.0,0.818,2190300.0,2459730.0,2140566.0,1.023,81.93,51.79,空頭,頭頭低·底底低,多轉空預警,17,9,24,15.2,18,剛爆發,,False,True
PLD,Real Estate,Prologis,2026-08-31,139.92,-2.93,-3.23,1.26,-0.91,0.333,4412530,4335392,3871021,-0.05,27.26,12.68,P-V-,P-V+,P+V+,➡️ 中性,9,22,16,14.3,48.33,41.3,False,False,142.44,3.43,1.048,False,153.35,153.35,-8.76,-1.33,-3.24,8.0,12.0,4537062.0,4329508.0,0.667,3709900.0,3039040.0,3077806.0,1.205,75.86,43.25,收斂,頭頭低·底底高,多轉空預警 / 空轉多預警,18,17,19,17.8,22,,🎯 潛在暴漲,False,True
CPT,Real Estate,Camden Property Trust,2026-08-31,105.8,-4.71,0.2,-0.83,-1.54,0.333,809900,1051438,1092232,-22.99,-7.2,-11.39,P-V-,P+V-,P-V-,➡️ 中性,21,12,18,17.7,-33.95,-196.43,False,False,111.54,4.11,0.984,False,119.81,119.81,-11.69,-3.07,-4.44,8.0,12.0,802162.0,815058.0,0.667,1300500.0,856020.0,819886.0,1.586,73.33,37.76,空頭,頭頭低·底底低,多轉空預警 / 空頭確認,19,21,12,18.4,23,,,False,True
MAA,Real Estate,Mid-America Apartment Communities,2026-08-31,128.85,-3.46,-0.37,-1.6,-1.76,0.0,812055,1032827,977940,-30.55,11.89,2.3,P-V-,P-V+,P-V+,➡️ 中性,14,15,21,15.7,33.8,26.45,False,False,133.76,4.48,1.161,False,142.76,146.41,-9.74,-1.87,-2.64,9.0,11.0,878988.0,757290.0,0.818,1268400.0,762280.0,761046.0,1.667,80.25,39.72,空頭,頭頭低·底底低,多轉空預警 / 空頭確認,20,10,11,14.2,13,剛爆發,,False,True
SBAC,Real Estate,SBA Communications,2026-08-31,189.66,6.37,-6.67,-4.05,-2.1,0.333,962525,1019692,1095607,-4.8,-12.96,8.94,P+V-,P-V-,P-V+,➡️ 中性,2,27,25,14.1,-1.22,-0.28,False,True,181.77,7.4,0.752,False,221.58,224.46,-14.41,3.87,5.52,12.0,8.0,850383.0,1130737.0,1.5,906400.0,739530.0,756493.0,1.198,90.52,59.88,收斂,頭頭低·底底高,空轉多預警 / 多頭確認,21,4,20,14.0,12,剛爆發,🎯 潛在暴漲,False,False
AMT,Real Estate,American Tower,2026-08-31,175.7,0.26,-5.13,-1.83,-2.13,0.333,2121355,3034027,3079918,-31.98,-2.94,-0.8,P+V-,P-V-,P-V-,➡️ 中性,6,26,24,15.6,20.65,17.04,False,True,171.04,6.18,0.698,False,197.59,205.22,-11.08,-0.06,1.35,14.0,6.0,1917807.0,2747766.0,2.333,2858100.0,1969590.0,1872566.0,1.526,98.0,53.97,擴散,頭頭高·底底低,,22,2,14,12.4,10,剛爆發,,False,True
IRM,Real Estate,Iron Mountain,2026-08-31,115.35,-7.04,-8.43,3.4,-2.17,0.333,1600940,1766944,1654463,-22.84,14.59,-11.45,P-V-,P-V+,P+V-,➡️ 中性,28,29,14,25.5,7.51,15.76,False,False,123.83,13.72,0.991,False,134.68,134.68,-14.35,-4.82,-7.04,11.0,9.0,1557509.0,1571200.0,1.222,2557300.0,1374200.0,1307126.0,1.956,79.53,35.54,收斂,頭頭低·底底高,空轉多預警 / 空頭確認,23,11,5,14.6,15,剛爆發,,False,True
EXR,Real Estate,Extra Space Storage,2026-08-31,141.1,-5.85,-1.16,-1.76,-2.63,0.0,827155,1134898,1152008,-36.66,-2.93,-4.92,P-V-,P-V-,P-V-,🧊 熊市縮量,23,18,23,21.5,,,,,,,,,,,,,,,,,,,,,,,,,,,,24,27,27,,27,,,False,False
REG,Real Estate,Regency Centers,2026-08-31,74.77,-6.89,-3.88,-1.37,-3.38,0.0,1238280,1431860,1412920,-4.84,2.72,18.45,P-V-,P-V+,P-V+,➡️ 中性,27,24,20,24.7,,,,,,,,,,,,,,,,,,,,,,,,,,,,25,27,27,,27,,,False,False
O,Real Estate,Realty Income,2026-08-31,61.28,-3.47,0.63,-5.48,-3.45,0.333,5519605,5877976,5867940,11.02,0.34,-2.65,P-V+,P+V+,P-V-,➡️ 中性,15,10,27,15.9,-12.71,-17.72,False,False,63.03,3.81,1.278,False,66.87,67.94,-8.36,-2.11,-4.06,6.0,13.0,6564583.0,5136146.0,0.462,6716500.0,5103030.0,5498026.0,1.222,76.01,37.41,收斂,頭頭低·底底高,多轉空預警,26,16,18,20.4,26,剛爆發,,False,True
WY,Real Estate,Weyerhaeuser,2026-08-31,23.37,-7.37,-4.03,-4.48,-5.09,0.0,5124370,5471772,5394483,0.71,2.91,-11.09,P-V+,P-V+,P-V-,➡️ 中性,29,25,26,27.2,,,,,,,,,,,,,,,,,,,,,,,,,,,,27,27,27,,27,,,False,False
VICI,Real Estate,Vici Properties,2026-08-31,25.65,-3.54,-7.58,-12.35,-8.95,0.0,8835540,9710352,9141434,-2.56,13.27,-13.7,P-V-,P-V+,P-V-,➡️ 中性,17,28,29,22.7,,,,,,,,,,,,,,,,,,,,,,,,,,,,28,27,27,,27,,,False,False
CCI,Real Estate,Crown Castle,2026-08-31,76.14,-0.78,-15.44,-12.01,-10.06,0.0,3044580,4104830,3655527,-29.47,28.03,12.39,P-V-,P-V+,P-V+,➡️ 中性,7,30,28,18.1,36.09,6.18,False,False,77.02,4.15,0.872,False,96.97,100.5,-21.48,0.83,-0.21,13.0,7.0,2895261.0,3321885.0,1.857,4028000.0,2329250.0,2299166.0,1.752,93.32,50.23,空頭,頭頭低·底底低,,29,3,10,14.8,16,剛爆發,,False,True
CSGP,Real Estate,CoStar Group,2026-08-31,32.07,6.79,-0.71,-34.75,-15.86,0.333,7026730,7513336,7241746,-12.47,7.79,57.92,P+V-,P-V+,P-V+,➡️ 中性,1,16,30,11.3,11.88,24.8,False,True,30.09,8.78,1.651,False,91.89,91.89,-65.1,-0.59,11.51,9.0,10.0,9018655.0,5461520.0,0.9,33461800.0,7960980.0,7203426.0,4.645,99.07,53.73,擴散,頭頭高·底底低,,30,1,1,12.6,11,剛爆發,,False,True
AWK,Utilities,American Water Works,2026-08-31,138.23,5.98,13.73,4.52,7.19,1.0,2208890,2341815,2092265,-0.64,27.09,27.99,P+V-,P+V+,P+V+,⚠️ 頂部背離,1,1,2,1.2,3.97,-7.4,False,True,133.26,5.02,1.135,False,141.77,145.64,-2.5,2.1,3.71,11.0,9.0,2333963.0,2056022.0,1.222,2420100.0,2112360.0,2224793.0,1.088,91.26,56.79,多頭,頭頭高·底底高,,1,2,16,4.4,3,,,False,True
D,Utilities,Dominion Energy,2026-08-31,66.01,-3.99,-1.05,5.71,1.6,0.333,3641140,5381198,5572429,-17.31,-6.64,-0.11,P-V-,P-V-,P+V-,⚠️ 主升段結束,16,7,1,10.3,17.2,4.37,False,False,69.01,7.51,0.915,False,72.99,72.99,-9.56,-0.89,-4.57,7.0,12.0,3446828.0,3766116.0,0.583,6698300.0,3720850.0,3381473.0,1.981,71.67,33.54,空頭,頭頭低·底底低,,2,20,1,9.0,7,吃老本,,False,True
ETR,Utilities,Entergy,2026-08-31,106.31,-1.76,-1.93,1.19,-0.33,0.333,1985195,2842736,3064023,-29.18,-13.47,14.72,P-V-,P-V-,P+V+,😴 弱勢縮量,5,9,3,5.8,2.39,2.26,False,False,110.46,5.59,1.022,False,117.75,118.45,-9.71,1.62,-0.63,10.0,10.0,2086120.0,2041260.0,1.0,2903900.0,1856050.0,1936313.0,1.5,83.15,43.46,收斂,頭頭低·底底高,多轉空預警 / 空轉多預警,3,4,5,3.8,2,,,False,True
ED,Utilities,Consolidated Edison,2026-08-31,107.02,-0.47,2.15,-1.98,-0.57,0.333,2268220,2392829,2276183,5.03,10.8,5.31,P-V+,P+V+,P-V+,➡️ 中性,4,2,6,3.8,7.37,-3.83,False,False,109.07,3.98,1.127,False,114.33,116.23,-6.39,0.63,-0.87,12.0,8.0,2395291.0,2125837.0,1.5,3518900.0,2349460.0,2261806.0,1.556,91.95,45.79,空頭,頭頭低·底底低,,4,1,4,2.8,1,,,False,True
EVRG,Utilities,Evergy,2026-08-31,81.02,-2.56,-0.42,0.33,-0.58,0.333,1949945,2051747,2005340,-5.56,4.74,-4.4,P-V-,P-V+,P+V-,➡️ 中性,8,6,4,6.6,9.85,13.81,False,False,83.9,5.75,0.862,False,87.89,88.62,-7.81,-0.45,-1.84,10.0,10.0,1805040.0,2094850.0,1.0,2798200.0,1998910.0,1919853.0,1.458,78.79,40.65,空頭,頭頭低·底底低,空頭確認,5,8,8,6.8,4,,,False,True
PNW,Utilities,Pinnacle West Capital,2026-08-31,97.64,-3.14,-2.3,-0.65,-1.69,0.0,1083660,1210827,1228859,-10.79,-2.89,3.61,P-V-,P-V-,P-V+,😴 弱勢縮量,13,11,5,10.8,-2.66,15889.47,False,False,103.0,5.43,0.956,False,110.16,111.16,-11.36,0.29,-2.44,9.0,11.0,1057188.0,1105318.0,0.818,949000.0,1031480.0,1002940.0,0.946,77.66,36.09,收斂,頭頭低·底底高,多轉空預警 / 空轉多預警 / 空頭確認,6,11,20,10.8,9,,,False,False
ES,Utilities,Eversource Energy,2026-08-31,70.14,-2.52,1.52,-4.53,-2.52,0.333,2050010,2517560,2447780,-8.12,5.87,-12.4,P-V-,P+V+,P-V-,➡️ 中性,7,4,9,6.5,-0.33,6.21,False,False,72.78,4.7,0.896,False,76.57,76.57,-8.4,-0.1,-2.03,10.0,10.0,1937480.0,2162540.0,1.0,2872300.0,1944570.0,1925400.0,1.492,79.42,39.57,空頭,頭頭低·底底低,多轉空預警 / 空頭確認,7,7,6,6.8,4,,,False,False
AEE,Utilities,Ameren,2026-08-31,106.01,-3.13,-1.12,-3.55,-2.84,0.0,1402745,1661920,1677783,-5.86,-1.87,-0.73,P-V-,P-V-,P-V-,🧊 熊市縮量,12,8,7,9.8,4.18,8.16,False,False,110.73,5.71,0.883,False,118.32,118.32,-10.4,-0.11,-3.28,8.0,12.0,1354937.0,1534416.0,0.667,1253300.0,1253050.0,1354546.0,0.925,73.44,38.42,收斂,頭頭低·底底高,多轉空預警 / 空轉多預警 / 空頭確認,8,17,21,14.2,17,吃老本,,False,True
AES,Utilities,AES Corporation,2026-08-31,14.74,0.2,1.54,-7.19,-3.16,0.667,7383240,7903275,10830656,-7.53,-42.56,17.44,P+V-,P+V-,P-V+,➡️ 中性,3,3,16,5.6,-6.05,108.27,False,True,14.63,0.61,0.893,False,17.23,17.65,-14.44,-0.2,0.41,8.0,7.0,6443587.0,7217571.0,1.143,9091000.0,8294320.0,7339046.0,1.239,82.93,57.32,收斂,頭頭低·底底高,多轉空預警,9,5,12,8.0,6,,,False,False
DUK,Utilities,Duke Energy,2026-08-31,119.91,-2.67,-2.26,-5.02,-3.74,0.0,4671225,4010443,3894128,28.89,6.16,14.3,P-V+,P-V+,P-V+,📉 主力出貨,10,10,10,10.0,9.61,7.24,False,False,124.3,5.44,0.924,False,132.18,134.49,-9.28,-1.69,-2.67,8.0,12.0,4337812.0,4695783.0,0.667,4283100.0,3657310.0,3827653.0,1.119,73.89,39.27,空頭,頭頭低·底底低,多轉空預警 / 空頭確認,10,15,14,12.8,11,,,False,True
LNT,Utilities,Alliant Energy,2026-08-31,67.98,-4.62,-5.09,-3.66,-4.26,0.0,2403885,2483426,2434735,-0.33,4.08,14.2,P-V-,P-V+,P-V+,➡️ 中性,24,22,8,20.2,12.23,2.85,False,False,72.44,5.92,1.208,False,78.22,78.81,-13.09,0.18,-3.96,7.0,13.0,2706714.0,2240823.0,0.538,2360300.0,1851340.0,2313080.0,1.02,76.91,36.54,空頭,頭頭低·底底低,多轉空預警,11,12,18,12.8,11,,,False,True
WEC,Utilities,WEC Energy Group,2026-08-31,106.17,-1.97,-3.56,-6.42,-4.59,0.0,2463395,2247795,2098990,25.92,15.26,-3.94,P-V+,P-V+,P-V-,➡️ 中性,6,16,14,10.6,12.32,6.49,False,False,111.33,6.01,1.211,False,118.87,119.91,-10.69,0.15,-2.12,7.0,13.0,2811442.0,2321500.0,0.538,2087900.0,2195480.0,2513326.0,0.831,78.06,40.3,空頭,頭頭低·底底低,多轉空預警,12,10,22,13.2,13,,,False,True
FE,Utilities,FirstEnergy,2026-08-31,45.86,-4.37,0.27,-7.6,-4.82,0.333,4001430,4388615,4619913,-12.09,-9.54,1.11,P-V-,P+V-,P-V+,➡️ 中性,22,5,17,15.9,-0.48,0.63,False,False,47.51,6.31,0.816,False,51.3,52.34,-10.6,-1.52,-4.37,8.0,12.0,3359762.0,4115833.0,0.667,5125000.0,3777180.0,3531733.0,1.451,71.05,37.24,空頭,頭頭低·底底低,多轉空預警 / 空頭確認,13,22,9,15.8,19,吃老本,,False,False
AEP,Utilities,American Electric Power,2026-08-31,122.43,-3.86,-3.44,-6.14,-4.9,0.0,3636685,4623086,4177783,-10.68,23.86,22.35,P-V-,P-V+,P-V+,➡️ 中性,15,15,12,14.4,-8.2,4.61,False,False,129.4,6.93,0.848,False,139.52,140.58,-12.25,0.37,-3.86,11.0,9.0,3260009.0,3844277.0,1.222,4149100.0,3453880.0,3141533.0,1.321,81.0,38.16,空頭,頭頭低·底底低,,14,6,10,10.0,8,剛爆發,,False,False
DTE,Utilities,DTE Energy,2026-08-31,135.63,-4.3,-4.65,-5.69,-5.08,0.0,1311840,1370340,1362980,2.89,1.09,-1.36,P-V+,P-V+,P-V-,➡️ 中性,20,21,11,18.5,16.26,-4.14,False,False,144.82,6.46,1.012,False,155.75,155.75,-12.92,0.3,-4.4,9.0,10.0,1310222.0,1294390.0,0.9,1430000.0,1204000.0,1266086.0,1.129,78.7,35.84,空頭,頭頭低·底底低,多轉空預警 / 空頭確認,15,9,13,12.2,10,剛爆發,,False,True
SO,Utilities,Southern Company,2026-08-31,88.0,-4.53,-4.1,-6.63,-5.47,0.0,5769340,5906230,5533950,24.34,14.42,-3.13,P-V+,P-V+,P-V-,➡️ 中性,23,20,15,20.5,11.82,8.87,False,False,93.4,6.95,0.977,False,98.45,100.84,-10.61,-1.06,-6.15,7.0,13.0,5682328.0,5816192.0,0.538,6624600.0,5738110.0,5217626.0,1.27,71.06,30.83,空頭,頭頭低·底底低,空頭確認,16,21,11,17.0,20,,,False,True
ATO,Utilities,Atmos Energy,2026-08-31,166.13,-3.33,-3.41,-7.66,-5.51,0.0,1056245,1323301,1209893,2.64,20.69,12.13,P-V+,P-V+,P-V+,📉 主力出貨,14,14,18,14.8,5.6,1.84,False,False,172.29,4.44,0.84,False,190.28,192.51,-12.69,0.17,-3.27,8.0,12.0,948175.0,1128291.0,0.667,1148300.0,996990.0,1043333.0,1.101,72.81,38.8,收斂,頭頭低·底底高,空轉多預警 / 空頭確認,17,19,15,17.4,21,,,False,True
XEL,Utilities,Xcel Energy,2026-08-31,75.69,-2.57,-3.78,-8.44,-5.81,0.0,4741535,5519663,5115433,-4.92,17.16,0.81,P-V-,P-V+,P-V+,➡️ 中性,9,17,20,13.6,18.44,0.23,False,False,79.15,7.39,0.768,False,83.22,84.23,-9.05,-0.8,-3.21,10.0,10.0,4120400.0,5362670.0,1.0,6697700.0,5064610.0,4569680.0,1.466,76.2,36.84,空頭,頭頭低·底底低,空頭確認,18,13,7,13.8,15,,,False,True
CNP,Utilities,CenterPoint Energy,2026-08-31,39.6,-4.97,-5.65,-6.41,-5.86,0.0,6074350,6369304,5663606,-6.21,28.47,10.58,P-V-,P-V+,P-V+,➡️ 中性,26,24,13,22.8,7.4,1.1,False,False,42.0,7.17,1.031,False,44.99,45.26,-11.98,1.28,-4.97,8.0,12.0,6273750.0,6083616.0,0.667,9266100.0,6004510.0,5494853.0,1.686,75.58,40.61,空頭,頭頭低·底底低,多轉空預警,19,14,3,13.8,15,,,False,True
PPL,Utilities,PPL Corporation,2026-08-31,34.13,-3.04,-2.62,-9.07,-5.95,0.0,8103055,9003240,8646571,11.79,8.6,31.17,P-V+,P-V+,P-V+,📉 主力出貨,11,12,21,13.3,-4.0,2.08,False,False,35.7,8.11,0.968,False,39.79,40.11,-14.23,-0.73,-3.07,7.0,13.0,7930128.0,8196169.0,0.538,8425800.0,8085660.0,8270640.0,1.019,72.88,36.88,空頭,頭頭低·底底低,多轉空預警 / 空頭確認,20,18,19,19.0,22,,,False,False
EXC,Utilities,Exelon,2026-08-31,43.72,-4.19,-3.18,-8.4,-6.04,0.0,6026250,8273173,8370142,-34.4,-2.29,15.32,P-V-,P-V-,P-V+,😴 弱勢縮量,18,13,19,16.7,-3.93,2.6,False,False,46.03,7.6,0.94,False,50.18,50.65,-12.87,-0.14,-4.58,8.0,12.0,5804050.0,6174383.0,0.667,9488600.0,5816880.0,5538480.0,1.713,73.65,35.97,空頭,頭頭低·底底低,空頭確認,21,16,2,15.2,18,,,False,False
CEG,Utilities,Constellation Energy,2026-08-31,274.77,0.54,-3.88,-11.72,-6.7,0.333,2632605,3368641,3273213,-4.45,6.01,12.23,P+V-,P-V+,P-V+,➡️ 中性,2,18,25,11.4,11.73,5.3,False,True,264.6,7.64,0.787,False,410.41,412.7,-33.05,0.69,4.74,11.0,9.0,2347227.0,2981400.0,1.222,2574100.0,2401830.0,2392240.0,1.076,85.23,52.73,多頭,頭頭高·底底高,,22,3,17,13.4,14,剛爆發,,False,True
CMS,Utilities,CMS Energy,2026-08-31,68.06,-4.35,-5.46,-9.72,-7.31,0.0,3510770,3683184,3217267,-5.19,33.87,24.68,P-V-,P-V+,P-V+,➡️ 中性,21,23,22,21.8,,,,,,,,,,,,,,,,,,,,,,,,,,,,23,23,23,,23,,,False,False
NEE,Utilities,NextEra Energy,2026-08-31,82.34,-4.86,-3.96,-11.54,-7.97,0.0,10586620,11278998,10838735,1.26,8.47,11.34,P-V+,P-V+,P-V+,📉 主力出貨,25,19,24,23.0,,,,,,,,,,,,,,,,,,,,,,,,,,,,24,23,23,,23,,,False,False
PEG,Utilities,Public Service Enterprise Group,2026-08-31,73.33,-4.29,-6.55,-13.54,-9.48,0.0,2729100,2900190,2869154,-3.96,2.19,2.71,P-V-,P-V+,P-V+,➡️ 中性,19,25,27,22.4,,,,,,,,,,,,,,,,,,,,,,,,,,,,25,23,23,,23,,,False,False
SRE,Utilities,Sempra,2026-08-31,81.7,-6.87,-8.6,-11.83,-9.78,0.0,4338030,3905812,3664607,57.97,14.09,-4.85,P-V+,P-V+,P-V-,➡️ 中性,28,26,26,27.0,,,,,,,,,,,,,,,,,,,,,,,,,,,,26,23,23,,23,,,False,False
NI,Utilities,NiSource,2026-08-31,40.92,-8.11,-11.92,-10.7,-10.36,0.0,6403570,5037400,4665740,44.33,17.31,14.12,P-V+,P-V+,P-V+,📉 主力出貨,29,27,23,27.2,,,,,,,,,,,,,,,,,,,,,,,,,,,,27,23,23,,23,,,False,False
VST,Utilities,Vistra Corp.,2026-08-31,137.37,-4.09,-14.15,-21.45,-15.28,0.0,4586665,4344000,4569318,12.01,-9.4,-6.32,P-V+,P-V-,P-V-,➡️ 中性,17,28,28,22.5,,,,,,,,,,,,,,,,,,,,,,,,,,,,28,23,23,,23,,,False,False
PCG,Utilities,PG&E Corporation,2026-08-31,13.27,-23.95,-18.55,-28.44,-24.84,0.0,35483380,24583915,23205700,72.59,12.63,0.45,P-V+,P-V+,P-V+,📉 主力出貨,30,30,30,30.0,,,,,,,,,,,,,,,,,,,,,,,,,,,,29,23,23,,23,剛爆發,,False,False
EIX,Utilities,Edison International,2026-08-31,53.98,-24.46,-22.28,-26.53,-24.95,0.0,4566215,3138103,3115320,83.5,1.47,-1.99,P-V+,P-V+,P-V-,➡️ 中性,31,31,29,30.6,,,,,,,,,,,,,,,,,,,,,,,,,,,,30,23,23,,23,剛爆發,,False,False
NRG,Utilities,NRG Energy,2026-08-31,110.12,-5.91,-17.58,-39.62,-25.68,0.0,3286890,2786200,2859190,45.49,-4.98,36.65,P-V+,P-V-,P-V+,➡️ 中性,27,29,31,28.4,,,,,,,,,,,,,,,,,,,,,,,,,,,,31,23,23,,23,剛爆發,,False,False
