symbol,sector,name,as_of_date,t_price,cum_ret_4w,cum_ret_13w,cum_ret_26w,point,di,cum_ret_4w_rank_in_sector,cum_ret_13w_rank_in_sector,cum_ret_26w_rank_in_sector,cms_a,surprise_l1,surprise_l2,pre_earnings_14d,above_50ma,ma50,amp_10d_pct,vp_ratio_stock,vcp,high_52w,pct_from_high,ret_5d,ret_20d,up_days_20,down_days_20,up_avg_vol,down_avg_vol,ud_ratio,vol_today,vol_10d_avg,vol_3w_avg,vol_ratio_stock_20d,vp_score_stock,point_rank_in_sector,vp_score_rank_in_sector,vol_rank_in_sector,composite_in_sector,composite_rank_in_sector,stock_gap_alert,earnings_passed
OMC,Communication Services,Omnicom Group,2026-08-10,87.57,7.15,24.96,29.55,22.8,1.0,11,1,1,6.0,-0.39,3.13,False,True,78.52,14.31,0.777,False,88.4,-0.05,7.09,7.04,11.0,9.0,2738045.0,3524133.0,1.222,2252200.0,2767710.0,3236473.0,0.696,88.99,1,13,12,8.0,7,吃老本,False
NWSA,Communication Services,News Corp (Class A),2026-08-10,29.16,2.57,12.5,28.88,18.21,1.0,15,2,2,8.5,51.24,5.46,False,True,27.05,12.09,1.116,False,31.48,-8.06,-2.46,4.86,13.0,7.0,4049907.0,3628528.0,1.857,3222800.0,4545310.0,4104386.0,0.785,99.32,2,7,8,5.2,3,,True
FOXA,Communication Services,Fox Corporation (Class A),2026-08-10,69.04,19.82,6.46,23.12,18.13,1.0,1,7,5,3.6,29.29,36.35,False,True,58.08,13.64,1.076,False,76.02,-13.9,5.92,19.28,12.0,8.0,4854816.0,4510137.0,1.5,3734000.0,5238170.0,4637180.0,0.805,100.0,3,1,7,3.0,2,,True
NWS,Communication Services,News Corp (Class B),2026-08-10,33.17,2.31,11.53,28.05,17.49,1.0,16,4,3,9.8,51.24,5.46,False,True,30.71,12.65,1.316,False,35.31,-6.74,-2.78,4.84,13.0,7.0,1297100.0,985457.0,1.857,2207400.0,1320140.0,1219653.0,1.81,100.0,4,1,1,2.2,1,,True
FOX,Communication Services,Fox Corporation (Class B),2026-08-10,61.41,18.94,6.12,19.74,16.14,1.0,2,10,6,5.2,31.62,22.22,False,True,52.26,12.59,0.895,False,67.81,-14.32,4.93,15.69,13.0,7.0,1150930.0,1285628.0,1.857,618800.0,1064400.0,1145306.0,0.54,100.0,5,1,17,5.8,5,,True
TTWO,Communication Services,Take-Two Interactive,2026-08-10,246.95,4.34,1.86,27.51,15.31,1.0,13,15,4,11.8,13.9,38.21,False,True,237.02,11.69,1.095,False,265.94,-9.04,4.06,-0.78,8.0,12.0,2296175.0,2096708.0,0.667,1666500.0,2547260.0,2371780.0,0.703,80.32,6,16,11,11.0,11,吃老本,True
LYV,Communication Services,Live Nation Entertainment,2026-08-10,188.46,4.57,11.6,19.07,13.58,1.0,12,3,7,8.3,82.89,-485.68,False,True,176.97,7.24,0.948,False,188.1,-1.08,2.36,1.53,11.0,9.0,1907481.0,2012244.0,1.222,3001400.0,2302420.0,2114233.0,1.42,86.79,7,15,2,9.2,8,吃老本,True
VZ,Communication Services,Verizon,2026-08-10,48.48,11.22,6.33,2.12,5.45,1.0,7,8,10,7.9,2.71,5.81,False,True,44.92,6.69,0.954,False,50.06,-3.68,2.62,9.89,11.0,9.0,24756281.0,25957622.0,1.222,17931600.0,21829960.0,25432733.0,0.705,92.0,8,10,10,9.2,8,,True
DIS,Communication Services,Walt Disney Company (The),2026-08-10,106.85,9.4,4.82,2.1,4.61,1.0,9,12,11,10.3,11.09,4.98,False,True,98.77,9.47,1.087,False,118.07,-11.24,0.11,5.1,11.0,9.0,12115663.0,11146355.0,1.222,7098400.0,11448540.0,12053613.0,0.589,90.46,9,12,16,11.6,13,,True
PSKY,Communication Services,Paramount Skydance Corporation,2026-08-10,10.14,15.89,3.02,-0.76,4.35,0.667,4,14,14,9.0,-2.33,51.38,False,True,9.41,27.09,1.184,False,20.57,-51.54,10.04,9.08,12.0,8.0,13736891.0,11601787.0,1.5,15028200.0,13743070.0,13867746.0,1.084,100.0,10,1,4,5.2,3,剛爆發,False
GOOGL,Communication Services,Alphabet Inc. (Class A),2026-08-10,345.9,-0.25,-12.77,13.29,3.39,0.333,18,20,8,16.6,214.23,91.59,False,False,354.14,12.45,0.886,False,408.37,-15.18,-3.18,-2.29,10.0,10.0,29971580.0,33836680.0,1.0,17822700.0,30380340.0,30084206.0,0.592,77.86,11,18,15,14.6,17,吃老本,True
GOOG,Communication Services,Alphabet Inc. (Class C),2026-08-10,343.54,-0.75,-12.6,12.41,2.87,0.333,19,19,9,17.0,212.9,94.3,False,False,352.54,11.98,0.917,False,404.23,-14.91,-3.56,-2.79,10.0,10.0,20290290.0,22124400.0,1.0,14966700.0,19988480.0,20098300.0,0.745,77.95,12,17,9,13.4,16,,True
TKO,Communication Services,TKO Group Holdings,2026-08-10,201.28,8.72,6.31,-1.87,2.82,0.667,10,9,15,10.7,23.27,-32.11,False,True,194.64,10.35,1.125,False,225.15,-11.31,6.62,10.34,14.0,6.0,1210078.0,1075433.0,2.333,1240400.0,1359500.0,1190873.0,1.042,100.0,13,1,6,6.8,6,剛爆發,True
WBD,Communication Services,Warner Bros. Discovery,2026-08-10,27.99,4.17,3.74,0.0,1.98,0.667,14,13,13,13.5,158.92,-1104.45,False,True,26.53,10.05,0.693,False,30.0,-7.5,5.11,1.69,12.0,8.0,20987125.0,30292025.0,1.5,25253400.0,23225510.0,23968806.0,1.054,87.68,14,14,5,12.2,14,,True
NFLX,Communication Services,Netflix,2026-08-10,78.16,13.36,-10.18,1.68,1.63,0.667,6,18,12,10.8,1.45,-1.4,False,True,74.91,9.8,0.751,False,126.71,-38.25,6.17,5.23,12.0,8.0,38995041.0,51907550.0,1.5,41215000.0,31211730.0,35597360.0,1.158,91.26,15,11,3,11.0,11,,True
T,Communication Services,AT&T,2026-08-10,24.89,14.12,4.97,-11.16,-0.81,0.667,5,11,17,9.2,10.49,3.42,False,True,22.51,8.94,1.083,False,28.75,-14.5,3.67,11.83,13.0,7.0,71933815.0,66422057.0,1.857,35269900.0,46298100.0,53491686.0,0.659,100.0,16,1,13,9.4,10,剛爆發,True
CMCSA,Communication Services,Comcast,2026-08-10,26.18,10.05,7.18,-14.97,-3.18,0.667,8,6,18,9.4,7.62,8.29,False,True,23.69,11.86,0.945,False,32.05,-18.3,4.01,8.63,12.0,8.0,31377725.0,33202100.0,1.5,18078300.0,25437850.0,29872766.0,0.605,95.82,17,9,14,13.2,15,剛爆發,True
META,Communication Services,Meta Platforms,2026-08-10,589.85,-8.69,-3.88,-7.64,-6.96,0.0,21,17,16,18.8,,,,,,,,,,,,,,,,,,,,,,,18,19,19,,19,,False
TMUS,Communication Services,T-Mobile US,2026-08-10,182.61,-5.1,-0.87,-15.95,-9.47,0.0,20,16,19,18.6,,,,,,,,,,,,,,,,,,,,,,,19,19,19,,19,,False
CHTR,Communication Services,Charter Communications,2026-08-10,154.27,17.43,9.93,-35.48,-10.9,0.667,3,5,22,7.4,5.94,-9.07,False,True,138.23,14.46,0.698,False,285.82,-45.23,-0.58,19.15,12.0,8.0,2520625.0,3609775.0,1.5,1387600.0,2128630.0,3288153.0,0.422,95.98,20,8,18,14.8,18,剛爆發,True
ECHO,Communication Services,EchoStar,2026-08-10,91.89,-0.12,-33.04,-18.79,-17.68,0.0,17,21,20,18.8,,,,,,,,,,,,,,,,,,,,,,,21,19,19,,19,,False
APP,Communication Services,AppLovin,2026-08-10,315.44,-25.7,-37.04,-19.23,-25.3,0.0,23,23,21,22.6,,,,,,,,,,,,,,,,,,,,,,,22,19,19,,19,,False
TTD,Communication Services,Trade Desk (The),2026-08-10,14.14,-23.94,-33.14,-45.22,-36.88,0.0,22,22,23,22.2,,,,,,,,,,,,,,,,,,,,,,,23,19,19,,19,,False
EXPE,Consumer Discretionary,Expedia Group,2026-08-10,332.69,23.78,53.12,57.11,47.78,1.0,3,2,1,2.3,9.65,42.34,False,True,264.52,14.11,0.96,False,331.31,-0.91,7.09,23.6,15.0,5.0,1631326.0,1699720.0,3.0,832500.0,1832300.0,1732206.0,0.481,100.0,1,1,25,5.8,4,,True
ABNB,Consumer Discretionary,Airbnb,2026-08-10,184.06,26.09,38.55,51.68,42.0,1.0,1,5,2,2.4,9.48,-14.13,False,True,147.41,23.05,1.821,False,187.12,-1.06,22.09,25.26,8.0,12.0,6913025.0,3795958.0,0.667,5137100.0,6481140.0,5591973.0,0.919,100.0,2,1,4,2.0,1,,True
GRMN,Consumer Discretionary,Garmin,2026-08-10,310.2,24.3,38.02,45.65,38.4,1.0,2,6,3,3.4,22.52,13.14,False,True,254.16,9.22,1.126,False,314.28,-0.75,3.33,28.04,12.0,8.0,1128475.0,1002425.0,1.5,535500.0,855670.0,1080473.0,0.496,100.0,3,1,24,6.4,6,,True
BBY,Consumer Discretionary,Best Buy,2026-08-10,86.42,1.18,55.6,35.11,31.75,1.0,31,1,5,16.8,4.32,5.83,True,True,79.64,12.8,0.976,False,91.27,-6.49,6.66,4.53,12.0,8.0,3295191.0,3375450.0,1.5,3083900.0,3361180.0,3209753.0,0.961,94.97,4,13,3,7.4,8,吃老本,True
DASH,Consumer Discretionary,DoorDash,2026-08-10,217.02,17.86,36.32,35.35,31.22,1.0,5,8,4,5.7,-2.43,15.4,False,True,183.29,13.83,1.048,False,285.5,-24.25,1.41,13.73,13.0,7.0,4240476.0,4045385.0,1.857,3198600.0,4774610.0,4407166.0,0.726,100.0,5,1,12,4.8,2,,False
BKNG,Consumer Discretionary,Booking Holdings,2026-08-10,212.06,16.72,37.93,28.65,27.99,1.0,7,7,8,7.2,4.49,5.67,False,True,182.34,12.29,1.365,False,229.86,-7.19,2.87,16.71,10.0,10.0,7131850.0,5222990.0,1.0,3682900.0,6163880.0,6459520.0,0.57,100.0,6,1,22,7.2,7,,True
WSM,Consumer Discretionary,"Williams-Sonoma, Inc.",2026-08-10,241.58,5.77,43.73,13.41,19.08,1.0,19,4,12,13.1,7.34,4.46,True,True,226.38,10.61,1.274,False,254.89,-4.88,-1.8,12.28,10.0,10.0,1023100.0,803270.0,1.0,682100.0,922200.0,883813.0,0.772,93.93,7,14,8,10.0,9,吃老本,True
MGM,Consumer Discretionary,MGM Resorts,2026-08-10,44.1,-4.4,19.29,29.17,18.31,0.667,41,11,7,25.2,1.95,1.31,False,False,46.62,6.61,0.959,False,51.59,-14.58,-1.41,-6.71,9.0,11.0,2428566.0,2532218.0,0.818,1584300.0,2687080.0,2570120.0,0.616,74.47,8,25,19,17.0,18,吃老本,True
ROST,Consumer Discretionary,Ross Stores,2026-08-10,245.36,5.1,15.55,25.35,17.84,1.0,21,17,10,17.6,17.42,4.91,True,True,233.2,5.9,1.016,False,257.0,-4.68,-3.68,10.88,13.0,7.0,2139153.0,2106400.0,1.857,1797900.0,1958260.0,2136320.0,0.842,100.0,9,1,7,5.4,3,剛爆發,True
AMZN,Consumer Discretionary,Amazon,2026-08-10,262.65,6.24,-0.56,32.12,17.48,0.667,16,39,6,20.9,215.02,68.18,False,True,247.91,9.21,1.792,False,287.2,-7.68,-2.62,6.1,6.0,14.0,70620766.0,39418750.0,0.429,32106400.0,52896230.0,52686540.0,0.609,90.39,10,16,20,14.4,14,吃老本,True
DRI,Consumer Discretionary,Darden Restaurants,2026-08-10,225.26,13.46,15.92,8.19,11.44,1.0,9,16,14,12.1,0.64,0.29,False,True,204.73,12.8,0.909,False,229.76,-2.72,5.95,14.18,13.0,7.0,1209223.0,1329685.0,1.857,1095600.0,1137260.0,1205653.0,0.909,100.0,11,1,5,5.8,4,剛爆發,True
CVNA,Consumer Discretionary,Carvana,2026-08-10,75.59,12.25,12.54,10.23,11.31,1.0,10,22,13,14.2,10.09,11.71,False,True,66.93,21.72,0.79,False,97.38,-24.32,7.84,4.3,13.0,7.0,9717692.0,12307285.0,1.857,7905000.0,8803600.0,11086733.0,0.713,97.39,12,11,15,12.2,11,,True
GM,Consumer Discretionary,General Motors,2026-08-10,86.77,14.07,16.16,7.5,11.31,1.0,8,15,15,11.5,12.0,40.19,False,True,81.74,4.86,1.22,False,91.85,-5.94,-0.63,11.16,11.0,9.0,7724354.0,6330988.0,1.222,3541200.0,4974890.0,6187820.0,0.572,96.13,12,12,21,13.8,13,,True
GPC,Consumer Discretionary,Genuine Parts Company,2026-08-10,135.03,8.18,46.98,-6.39,10.59,0.667,11,3,24,11.2,3.47,1.26,False,True,117.54,10.22,0.809,False,148.58,-8.9,1.93,9.58,11.0,9.0,1284463.0,1588044.0,1.222,898300.0,1148900.0,1243340.0,0.722,89.01,14,17,13,15.0,15,,True
SBUX,Consumer Discretionary,Starbucks,2026-08-10,107.69,2.09,0.81,15.49,8.47,1.0,27,34,11,25.9,30.79,14.51,False,True,103.23,8.23,1.197,False,110.51,-1.77,3.22,0.17,10.0,10.0,8576880.0,7162890.0,1.0,5186200.0,7009020.0,8334940.0,0.622,87.34,15,19,18,17.2,19,,True
RL,Consumer Discretionary,Ralph Lauren Corporation,2026-08-10,388.92,2.23,19.3,5.89,8.33,1.0,26,10,16,19.2,6.19,10.07,False,False,387.81,10.06,1.138,False,420.57,-7.89,-2.13,3.44,8.0,12.0,679600.0,597116.0,0.667,576300.0,737420.0,654466.0,0.881,81.13,16,23,6,16.8,17,吃老本,True
EBAY,Consumer Discretionary,eBay Inc.,2026-08-10,103.14,-7.96,-10.94,25.97,8.26,0.333,43,46,9,37.1,6.24,5.03,False,False,110.64,12.25,0.977,False,118.98,-12.1,-5.05,-7.25,10.0,10.0,4440030.0,4542900.0,1.0,3232200.0,5030040.0,4503900.0,0.718,75.73,17,24,14,19.2,21,吃老本,True
F,Consumer Discretionary,Ford Motor Company,2026-08-10,14.37,2.08,8.4,4.17,4.7,1.0,28,24,17,24.6,,,,,,,,,,,,,,,,,,,,,,,18,26,26,,26,吃老本,False
RCL,Consumer Discretionary,Royal Caribbean Group,2026-08-10,305.0,6.29,17.78,-3.57,4.24,0.667,15,14,21,15.9,5.74,12.59,False,True,301.55,9.79,1.043,False,360.34,-14.0,-3.33,6.06,10.0,10.0,2286030.0,2192080.0,1.0,1460800.0,1583090.0,2080660.0,0.702,85.56,19,21,16,19.2,21,,True
HLT,Consumer Discretionary,Hilton Worldwide,2026-08-10,327.21,1.83,3.54,4.1,3.39,1.0,30,27,18,26.7,,,,,,,,,,,,,,,,,,,,,,,20,26,26,,26,吃老本,False
HAS,Consumer Discretionary,Hasbro,2026-08-10,96.7,18.58,2.35,-4.18,3.14,0.667,4,32,22,16.0,12.8,29.52,False,True,85.57,9.38,1.358,False,105.38,-8.24,5.46,21.59,13.0,7.0,2259823.0,1663600.0,1.857,1053900.0,1687520.0,1908073.0,0.552,100.0,21,1,23,13.4,12,剛爆發,True
DPZ,Consumer Discretionary,Domino's,2026-08-10,346.27,7.48,15.26,-6.75,2.31,0.667,12,19,25,16.7,-2.38,-3.32,False,True,321.07,8.72,1.516,False,460.13,-23.74,-2.11,13.24,10.0,9.0,1182480.0,780111.0,1.111,617300.0,733950.0,824500.0,0.749,100.0,22,1,9,11.0,10,剛爆發,True
PHM,Consumer Discretionary,PulteGroup,2026-08-10,130.18,3.25,18.48,-8.3,1.28,0.667,23,12,28,20.7,5.27,-1.15,False,True,127.23,5.88,0.956,False,143.89,-9.27,0.77,4.81,12.0,8.0,1643591.0,1718412.0,1.5,1152200.0,1324600.0,1574233.0,0.732,92.43,23,15,11,17.4,20,剛爆發,True
CCL,Consumer Discretionary,Carnival Corporation,2026-08-10,28.12,7.03,15.42,-10.48,0.37,0.667,13,18,30,17.9,21.08,8.94,False,True,27.75,10.28,1.03,False,33.49,-15.14,-0.77,6.36,10.0,10.0,18786400.0,18240050.0,1.0,13673200.0,16369500.0,18589293.0,0.736,86.53,24,20,10,19.6,23,,True
MAR,Consumer Discretionary,Marriott International,2026-08-10,356.72,-2.6,1.2,1.19,0.25,0.667,38,33,19,32.7,,,,,,,,,,,,,,,,,,,,,,,25,26,26,,26,,False
TJX,Consumer Discretionary,TJX Companies,2026-08-10,152.11,-1.21,3.5,-0.89,0.13,0.333,36,28,20,30.4,,,,,,,,,,,,,,,,,,,,,,,26,26,26,,26,,False
NCLH,Consumer Discretionary,Norwegian Cruise Line Holdings,2026-08-10,19.01,-2.31,22.49,-11.54,-0.73,0.333,37,9,32,27.6,22.8,61.25,False,False,19.64,11.92,0.936,False,27.18,-28.07,0.93,-0.31,10.0,10.0,14466440.0,15463600.0,1.0,10736300.0,13820850.0,16290366.0,0.659,81.56,27,22,17,23.0,24,,True
ORLY,Consumer Discretionary,O'Reilly Automotive,2026-08-10,91.05,5.81,2.89,-5.8,-0.73,0.667,18,30,23,22.6,,,,,,,,,,,,,,,,,,,,,,,27,26,26,,26,,False
WYNN,Consumer Discretionary,Wynn Resorts,2026-08-10,102.53,6.09,7.73,-9.14,-1.11,0.667,17,25,29,21.8,,,,,,,,,,,,,,,,,,,,,,,29,26,26,,26,,False
HD,Consumer Discretionary,Home Depot (The),2026-08-10,338.86,-0.0,14.75,-12.11,-2.37,0.333,33,20,33,29.1,,,,,,,,,,,,,,,,,,,,,,,30,26,26,,26,,False
DHI,Consumer Discretionary,D. R. Horton,2026-08-10,148.81,-0.09,10.24,-10.77,-2.85,0.333,34,23,31,30.1,,,,,,,,,,,,,,,,,,,,,,,31,26,26,,26,,False
YUM,Consumer Discretionary,Yum! Brands,2026-08-10,148.11,0.13,-0.76,-6.88,-3.6,0.333,32,41,26,33.5,,,,,,,,,,,,,,,,,,,,,,,32,26,26,,26,剛爆發,False
CMG,Consumer Discretionary,Chipotle Mexican Grill,2026-08-10,33.5,-2.73,2.6,-7.71,-3.89,0.333,39,31,27,34.2,,,,,,,,,,,,,,,,,,,,,,,33,26,26,,26,剛爆發,False
NVR,Consumer Discretionary,"NVR, Inc.",2026-08-10,6307.93,-2.81,13.38,-15.98,-5.35,0.333,40,21,36,33.5,,,,,,,,,,,,,,,,,,,,,,,34,26,26,,26,剛爆發,False
MCD,Consumer Discretionary,McDonald's,2026-08-10,272.83,1.91,-0.62,-15.68,-7.52,0.333,29,40,35,33.5,,,,,,,,,,,,,,,,,,,,,,,35,26,26,,26,剛爆發,False
TSCO,Consumer Discretionary,Tractor Supply,2026-08-10,35.83,17.44,18.16,-34.07,-8.14,0.667,6,13,45,15.9,-15.89,-8.95,False,True,31.21,20.32,1.463,False,61.84,-41.51,6.1,19.89,13.0,7.0,14833392.0,10136628.0,1.857,14447100.0,14226420.0,13002580.0,1.111,100.0,36,1,2,15.2,16,剛爆發,False
TPR,Consumer Discretionary,"Tapestry, Inc.",2026-08-10,128.98,-8.82,0.02,-15.67,-10.04,0.333,44,37,34,39.9,,,,,,,,,,,,,,,,,,,,,,,37,26,26,,26,剛爆發,False
LOW,Consumer Discretionary,Lowe's,2026-08-10,218.47,5.31,0.64,-23.14,-10.08,0.667,20,35,41,28.7,,,,,,,,,,,,,,,,,,,,,,,38,26,26,,26,剛爆發,False
ULTA,Consumer Discretionary,Ulta Beauty,2026-08-10,510.75,6.5,3.33,-25.26,-10.17,0.667,14,29,42,24.1,12.0,-0.21,True,True,485.44,11.48,1.13,False,714.97,-27.89,-4.31,8.92,10.0,10.0,601150.0,531970.0,1.0,758800.0,580330.0,558193.0,1.359,88.41,39,18,1,23.0,24,剛爆發,True
LVS,Consumer Discretionary,Las Vegas Sands,2026-08-10,46.23,2.57,-9.06,-18.12,-10.68,0.333,25,45,38,33.6,,,,,,,,,,,,,,,,,,,,,,,40,26,26,,26,剛爆發,False
LEN,Consumer Discretionary,Lennar,2026-08-10,86.83,3.5,6.13,-28.19,-11.68,0.667,22,26,43,27.4,,,,,,,,,,,,,,,,,,,,,,,41,26,26,,26,剛爆發,False
DECK,Consumer Discretionary,Deckers Brands,2026-08-10,93.09,-12.58,-0.5,-19.56,-13.05,0.0,46,38,39,42.2,,,,,,,,,,,,,,,,,,,,,,,42,26,26,,26,剛爆發,False
AZO,Consumer Discretionary,AutoZone,2026-08-10,3025.0,-0.7,-8.92,-21.59,-13.2,0.0,35,44,40,38.7,,,,,,,,,,,,,,,,,,,,,,,43,26,26,,26,剛爆發,False
LULU,Consumer Discretionary,Lululemon Athletica,2026-08-10,119.55,2.77,0.34,-32.24,-15.34,0.667,24,36,44,31.6,,,,,,,,,,,,,,,,,,,,,,,44,26,26,,26,剛爆發,False
TSLA,Consumer Discretionary,"Tesla, Inc.",2026-08-10,342.27,-10.13,-18.94,-18.01,-16.27,0.0,45,47,37,44.0,,,,,,,,,,,,,,,,,,,,,,,45,26,26,,26,剛爆發,False
NKE,Consumer Discretionary,"Nike, Inc.",2026-08-10,40.73,-6.92,-1.88,-34.47,-19.44,0.0,42,42,46,42.8,,,,,,,,,,,,,,,,,,,,,,,46,26,26,,26,剛爆發,False
APTV,Consumer Discretionary,Aptiv,2026-08-10,49.56,-13.76,-8.8,-41.83,-26.56,0.0,47,43,47,45.8,,,,,,,,,,,,,,,,,,,,,,,47,26,26,,26,剛爆發,False
TGT,Consumer Staples,Target Corporation,2026-08-10,154.48,11.51,28.08,35.74,27.77,1.0,1,2,1,1.3,17.31,12.97,True,True,135.53,11.06,1.164,False,156.47,-0.61,6.54,16.94,12.0,8.0,4020675.0,3454450.0,1.5,3648000.0,3860680.0,3638606.0,1.003,100.0,1,1,4,1.6,1,,True
CASY,Consumer Staples,Casey's,2026-08-10,846.45,-1.4,-0.66,27.3,13.14,0.333,25,24,2,20.1,32.11,16.87,False,True,826.91,7.92,0.961,False,927.15,-7.91,2.57,-0.54,12.0,8.0,301358.0,313525.0,1.5,258700.0,288300.0,302433.0,0.855,90.02,2,14,9,8.2,5,吃老本,True
DLTR,Consumer Staples,Dollar Tree,2026-08-10,129.39,2.74,44.44,2.64,13.12,1.0,14,1,13,9.9,12.89,1.13,True,True,120.62,4.24,1.196,False,142.4,-9.04,-0.12,2.49,13.0,7.0,2470361.0,2066128.0,1.857,1598600.0,1785450.0,2070366.0,0.772,100.0,3,1,15,4.6,2,,True
SJM,Consumer Staples,J.M. Smucker Company (The),2026-08-10,121.39,8.37,20.74,11.04,12.8,1.0,4,6,5,4.8,5.01,5.18,True,True,113.41,7.58,1.139,False,127.65,-5.5,1.54,9.14,13.0,7.0,1306407.0,1146642.0,1.857,932600.0,1016830.0,1205046.0,0.774,100.0,4,1,14,4.8,3,,True
KO,Consumer Staples,Coca-Cola Company (The),2026-08-10,87.71,7.54,9.23,12.97,10.68,1.0,5,14,4,7.5,4.05,5.88,False,True,83.11,3.82,0.903,False,90.92,-3.85,0.66,2.94,11.0,9.0,16247709.0,17995733.0,1.222,10133000.0,14818120.0,16960660.0,0.597,86.16,5,16,24,13.2,11,吃老本,True
HRL,Consumer Staples,Hormel Foods,2026-08-10,24.54,-3.35,25.81,5.92,8.57,0.667,29,3,8,17.0,12.87,6.12,True,False,24.61,6.26,1.116,False,27.89,-12.36,-2.59,-1.49,8.0,12.0,3487862.0,3125275.0,0.667,3084900.0,2997120.0,3204293.0,0.963,77.6,6,24,5,13.0,10,吃老本,True
ADM,Consumer Staples,Archer Daniels Midland,2026-08-10,80.45,-6.34,0.72,17.38,7.28,0.667,32,23,3,23.5,28.02,7.8,False,True,80.03,9.08,0.906,False,88.46,-9.39,3.41,-2.61,7.0,13.0,3820757.0,4215492.0,0.538,2686600.0,4655080.0,4371660.0,0.615,73.73,7,25,23,17.4,20,吃老本,True
KDP,Consumer Staples,Keurig Dr Pepper,2026-08-10,31.44,1.71,9.45,7.59,6.59,1.0,19,13,6,14.6,6.18,4.25,False,True,31.01,14.77,1.093,False,34.77,-10.5,2.47,2.77,9.0,11.0,13633488.0,12469309.0,0.818,12211400.0,13636740.0,13683620.0,0.892,84.06,8,17,7,11.4,6,吃老本,True
KVUE,Consumer Staples,Kenvue,2026-08-10,19.2,2.29,13.47,5.07,6.47,1.0,17,11,9,13.6,-2.82,23.03,False,True,18.61,5.27,0.841,False,20.84,-7.88,1.22,3.82,12.0,8.0,19076183.0,22689162.0,1.5,17042100.0,22037020.0,21721920.0,0.785,89.99,9,15,13,12.2,9,吃老本,False
KMB,Consumer Staples,Kimberly-Clark,2026-08-10,110.39,1.88,16.68,3.54,6.41,1.0,18,9,10,13.7,5.68,2.24,False,True,107.01,6.33,0.88,False,129.81,-14.72,1.88,3.91,12.0,8.0,3350775.0,3805725.0,1.5,1865100.0,4115100.0,3752546.0,0.497,91.01,10,11,26,13.6,12,,True
KHC,Consumer Staples,Kraft Heinz,2026-08-10,25.51,-1.43,13.32,6.49,6.21,0.667,26,12,7,18.0,5.6,15.38,False,True,24.72,11.6,0.973,False,28.09,-9.65,1.68,-3.24,9.0,11.0,15130955.0,15547118.0,0.818,13002900.0,16378950.0,16444446.0,0.791,78.03,11,22,12,15.6,15,吃老本,True
MDLZ,Consumer Staples,Mondelez International,2026-08-10,63.61,4.28,6.13,3.37,4.29,1.0,11,18,11,13.1,7.4,10.22,False,True,60.98,5.17,1.109,False,66.65,-4.68,1.24,3.44,11.0,9.0,9669745.0,8719144.0,1.222,4945300.0,7628130.0,9497466.0,0.521,90.3,12,12,25,14.6,14,,True
BF-B,Consumer Staples,Brown–Forman,2026-08-10,28.42,11.1,8.67,-3.4,3.24,0.667,2,15,16,8.7,-62.65,24.68,False,True,26.74,7.75,1.373,False,31.11,-9.9,-0.85,6.78,9.0,11.0,2696977.0,1964627.0,0.818,1434900.0,1756920.0,2144920.0,0.669,90.03,13,13,20,14.4,13,,False
CHD,Consumer Staples,Church & Dwight,2026-08-10,101.3,3.29,7.71,0.18,2.84,1.0,12,16,15,13.8,-0.95,2.23,False,True,98.08,6.76,0.949,False,105.69,-4.14,-1.97,4.28,10.0,10.0,1798220.0,1893860.0,1.0,1297500.0,2014300.0,1920726.0,0.676,83.4,14,18,19,16.6,17,,False
PM,Consumer Staples,Philip Morris International,2026-08-10,190.39,-1.34,1.24,3.29,1.62,0.667,24,22,12,21.0,7.31,7.07,False,True,184.28,5.02,1.018,False,207.76,-9.07,0.46,-0.49,9.0,11.0,5142911.0,5052445.0,0.818,3353900.0,4422540.0,4743026.0,0.707,79.98,15,21,16,17.6,21,吃老本,True
SYY,Consumer Staples,Sysco,2026-08-10,82.99,1.59,15.12,-7.06,0.65,0.667,20,10,21,17.2,1.24,-0.39,False,True,81.27,7.14,0.734,False,90.56,-7.74,-0.95,0.84,11.0,9.0,3165836.0,4315122.0,1.222,2646400.0,4625940.0,4036693.0,0.656,81.3,16,19,22,18.4,23,,True
CLX,Consumer Staples,Clorox,2026-08-10,105.7,11.02,18.23,-14.02,0.3,0.667,3,8,26,9.1,0.86,6.16,False,True,96.21,13.87,1.383,False,125.83,-15.33,2.07,13.76,11.0,9.0,3159872.0,2284855.0,1.222,3846700.0,3174860.0,2853066.0,1.348,100.0,17,1,1,7.4,4,剛爆發,True
CL,Consumer Staples,Colgate-Palmolive,2026-08-10,91.95,-0.54,4.93,-3.74,-0.77,0.333,23,20,17,20.9,,,,,,,,,,,,,,,,,,,,,,,18,27,27,,27,吃老本,False
STZ,Consumer Staples,Constellation Brands,2026-08-10,139.18,5.57,-1.46,-5.42,-1.68,0.333,8,25,19,15.3,7.13,10.79,False,True,135.54,6.45,1.151,False,166.17,-17.95,2.89,4.63,11.0,9.0,1972127.0,1714011.0,1.222,1892700.0,1605980.0,1799680.0,1.052,92.4,19,9,2,11.6,7,剛爆發,True
GIS,Consumer Staples,General Mills,2026-08-10,39.2,3.24,20.88,-16.11,-2.03,0.667,13,5,28,13.6,19.21,-12.14,False,True,35.54,10.08,1.022,False,48.32,-19.48,7.87,0.54,12.0,8.0,8705025.0,8515625.0,1.5,8144600.0,8428210.0,8700980.0,0.936,93.86,20,7,6,12.0,8,剛爆發,True
COST,Consumer Staples,Costco,2026-08-10,961.1,2.31,-8.23,-5.35,-4.15,0.333,16,29,18,20.3,,,,,,,,,,,,,,,,,,,,,,,21,27,27,,27,吃老本,False
PG,Consumer Staples,Procter & Gamble,2026-08-10,144.55,-2.9,2.87,-8.34,-4.18,0.333,28,21,23,24.9,,,,,,,,,,,,,,,,,,,,,,,22,27,27,,27,,False
MO,Consumer Staples,Altria,2026-08-10,65.7,-11.47,-8.77,0.82,-4.65,0.333,33,30,14,28.3,-1.17,5.92,False,False,70.76,8.11,0.92,False,77.06,-15.55,-3.94,-10.89,9.0,11.0,9029411.0,9809727.0,0.818,10794300.0,10221610.0,10259606.0,1.052,70.27,23,26,2,20.0,24,,False
DG,Consumer Staples,Dollar General,2026-08-10,123.28,-1.96,21.03,-19.07,-4.77,0.333,27,4,30,20.7,6.22,17.85,True,True,117.82,10.62,1.099,False,156.68,-22.09,-4.21,0.66,8.0,12.0,2287775.0,2081583.0,0.667,1551500.0,1842710.0,1913000.0,0.811,77.94,24,23,11,21.0,25,,True
MKC,Consumer Staples,McCormick & Company,2026-08-10,54.67,5.74,19.02,-22.15,-4.88,0.667,7,7,33,12.2,14.8,10.66,False,True,50.18,8.27,0.982,False,71.13,-23.45,4.15,3.03,12.0,8.0,3101800.0,3157912.0,1.5,2036600.0,2463060.0,2965493.0,0.687,93.17,25,8,18,16.8,18,剛爆發,True
BG,Consumer Staples,Bunge Global,2026-08-10,113.69,-4.58,-6.6,-6.12,-5.85,0.0,31,28,20,27.9,,,,,,,,,,,,,,,,,,,,,,,26,27,27,,27,,False
TSN,Consumer Staples,Tyson Foods,2026-08-10,58.17,0.69,-10.84,-7.52,-6.29,0.333,22,31,22,24.7,,,,,,,,,,,,,,,,,,,,,,,27,27,27,,27,,False
TAP,Consumer Staples,Molson Coors Beverage Company,2026-08-10,42.77,4.5,5.98,-17.84,-6.3,0.667,10,19,29,16.5,4.39,70.58,False,True,40.46,8.4,1.153,False,53.62,-21.45,-0.68,5.62,12.0,8.0,3078233.0,2668950.0,1.5,1980600.0,2821800.0,2853593.0,0.694,95.78,28,6,17,17.0,19,剛爆發,True
HSY,Consumer Staples,Hershey Company (The),2026-08-10,184.22,7.47,-1.48,-16.05,-6.53,0.333,6,26,27,16.2,33.09,14.7,False,True,178.8,7.22,1.193,False,237.65,-21.68,1.69,6.21,14.0,6.0,1657121.0,1389250.0,2.333,1075700.0,1387700.0,1626340.0,0.661,100.0,29,1,21,16.2,16,剛爆發,True
EL,Consumer Staples,Estée Lauder Companies (The),2026-08-10,86.1,4.83,7.66,-19.9,-6.82,0.667,9,17,31,15.8,40.2,6.6,True,True,84.14,6.63,1.033,False,120.79,-27.71,2.14,7.99,11.0,9.0,2361981.0,2285500.0,1.222,2036600.0,2400880.0,2301746.0,0.885,92.07,30,10,8,17.6,21,剛爆發,True
PEP,Consumer Staples,PepsiCo,2026-08-10,140.79,2.68,-4.59,-13.5,-7.23,0.333,15,27,24,20.4,-0.37,3.75,False,True,140.14,3.47,0.865,False,168.19,-16.39,1.57,0.85,10.0,10.0,6936580.0,8021260.0,1.0,6245400.0,6779760.0,7353100.0,0.849,81.28,31,20,10,22.4,26,剛爆發,False
WMT,Consumer Staples,Walmart,2026-08-10,115.27,0.9,-12.31,-13.57,-9.63,0.333,21,32,25,25.1,,,,,,,,,,,,,,,,,,,,,,,32,27,27,,27,,False
KR,Consumer Staples,Kroger,2026-08-10,56.69,-3.62,-14.13,-20.02,-14.45,0.0,30,33,32,31.3,,,,,,,,,,,,,,,,,,,,,,,33,27,27,,27,剛爆發,False
MNST,Consumer Staples,Monster Beverage,2026-08-10,46.82,-51.98,-46.24,-42.54,-45.82,0.0,34,34,34,34.0,,,,,,,,,,,,,,,,,,,,,,,34,27,27,,27,剛爆發,False
MPC,Energy,Marathon Petroleum,2026-08-10,355.42,13.7,39.9,76.41,51.6,1.0,4,1,1,2.5,27.08,120.63,False,True,286.01,20.94,1.03,False,357.2,-0.23,19.09,16.52,13.0,7.0,2339923.0,2271171.0,1.857,2232100.0,2580810.0,2371973.0,0.941,100.0,1,1,4,1.6,1,,True
VLO,Energy,Valero Energy,2026-08-10,341.67,10.77,37.44,72.16,48.13,1.0,6,2,2,4.0,23.84,33.47,False,True,281.67,16.62,0.936,False,343.73,-0.24,13.18,14.65,13.0,7.0,2658430.0,2841257.0,1.857,2184500.0,2944710.0,2748426.0,0.795,100.0,2,1,10,3.2,3,,True
PSX,Energy,Phillips 66,2026-08-10,233.61,12.93,33.54,48.49,35.86,1.0,5,3,3,4.0,25.45,225.68,False,True,192.29,15.27,0.874,False,232.89,-0.12,13.18,15.54,12.0,8.0,2444550.0,2796875.0,1.5,2390600.0,2864710.0,2572820.0,0.929,100.0,3,1,5,2.6,2,,True
APA,Energy,APA Corporation,2026-08-10,40.47,15.72,4.55,46.95,28.54,1.0,2,5,4,3.3,1.01,20.9,False,True,35.38,17.61,1.062,False,45.04,-11.19,9.5,17.51,11.0,9.0,5774709.0,5437788.0,1.222,4156700.0,6242590.0,5905300.0,0.704,100.0,4,1,14,4.8,5,,True
OXY,Energy,Occidental Petroleum,2026-08-10,58.36,6.38,-1.66,27.87,15.11,0.667,12,15,5,11.5,28.99,80.35,False,True,54.49,10.38,1.108,False,67.14,-14.06,2.96,7.55,10.0,10.0,8974380.0,8100310.0,1.0,8680500.0,9040630.0,8717873.0,0.996,90.1,5,10,3,6.6,6,,True
TRGP,Energy,Targa Resources,2026-08-10,275.79,-2.06,1.87,24.38,12.14,0.667,19,9,6,13.4,14.25,7.4,False,False,267.23,5.97,0.954,False,289.68,-7.87,-0.5,-4.03,9.0,11.0,1135744.0,1191027.0,0.818,693500.0,1146750.0,1179473.0,0.588,76.34,6,19,19,13.8,16,吃老本,True
FANG,Energy,Diamondback Energy,2026-08-10,202.47,4.11,0.01,21.75,11.91,1.0,14,12,7,12.0,8.32,12.78,False,True,190.25,9.69,0.814,False,212.17,-5.97,5.79,5.51,10.0,10.0,1691670.0,2079020.0,1.0,1269400.0,1881880.0,1927946.0,0.658,84.86,7,15,16,12.0,12,吃老本,True
COP,Energy,ConocoPhillips,2026-08-10,126.78,10.52,3.57,15.51,11.28,1.0,7,7,9,7.4,10.82,11.52,False,True,114.23,10.46,0.86,False,134.87,-7.67,6.65,10.35,14.0,6.0,6273621.0,7297250.0,2.333,7247300.0,7039270.0,6816060.0,1.063,100.0,8,1,2,4.0,4,剛爆發,True
EOG,Energy,EOG Resources,2026-08-10,142.61,1.94,2.43,19.92,11.06,1.0,18,8,8,13.0,2.1,6.22,False,True,137.31,10.78,1.023,False,149.59,-5.47,3.83,2.89,11.0,9.0,3110800.0,3039933.0,1.222,2735600.0,3331190.0,3019553.0,0.906,89.5,9,11,6,9.2,9,,True
CVX,Energy,Chevron Corporation,2026-08-10,200.0,6.73,5.62,10.92,8.55,1.0,11,4,11,8.9,8.84,45.56,False,True,183.79,6.34,0.955,False,212.76,-7.08,4.48,7.53,13.0,7.0,7709353.0,8071657.0,1.857,5907600.0,8449050.0,8047540.0,0.734,100.0,10,1,13,7.0,7,剛爆發,True
OKE,Energy,Oneok,2026-08-10,94.99,2.78,4.12,12.97,8.21,1.0,15,6,10,11.3,5.64,-5.66,False,True,88.31,11.15,0.902,False,94.94,-2.42,5.36,2.01,10.0,10.0,3634580.0,4027650.0,1.0,3476400.0,4209000.0,4043480.0,0.86,84.14,11,16,9,12.6,13,,True
BKR,Energy,Baker Hughes,2026-08-10,64.82,16.28,1.46,7.06,7.97,1.0,1,10,14,6.3,31.47,17.94,False,True,59.2,9.99,1.097,False,69.92,-9.27,1.47,12.62,12.0,8.0,9307091.0,8482225.0,1.5,7869100.0,6408930.0,8728333.0,0.902,99.86,12,7,7,9.0,8,,True
XOM,Energy,ExxonMobil,2026-08-10,160.1,8.65,1.38,8.58,6.8,1.0,9,11,12,10.2,13.26,15.14,False,True,147.42,8.05,1.003,False,175.22,-9.48,2.43,8.67,11.0,9.0,14414872.0,14365755.0,1.222,10539000.0,14442130.0,14261200.0,0.739,92.07,13,9,12,11.2,10,,True
SLB,Energy,Schlumberger,2026-08-10,53.77,14.43,-2.4,7.27,6.64,0.667,3,16,13,8.9,6.3,1.13,False,True,49.98,11.09,1.201,False,58.51,-11.03,1.01,10.58,8.0,12.0,14277462.0,11888450.0,0.667,8476700.0,10115960.0,12526480.0,0.677,87.77,14,12,15,13.4,15,,True
WMB,Energy,Williams Companies,2026-08-10,75.2,2.48,-2.53,5.56,2.77,0.667,17,17,15,16.6,2.74,16.43,False,True,73.01,7.67,0.97,False,79.49,-8.12,1.78,-1.8,10.0,10.0,6388720.0,6588800.0,1.0,3942200.0,6346720.0,6482546.0,0.608,81.6,15,17,17,16.2,18,,True
KMI,Energy,Kinder Morgan,2026-08-10,32.82,2.56,-1.5,3.44,1.99,0.667,16,14,17,15.6,18.28,22.1,False,True,31.71,5.44,0.973,False,34.49,-6.98,2.56,-0.49,11.0,9.0,10326809.0,10618777.0,1.222,16353800.0,9275920.0,10150160.0,1.611,86.08,16,13,1,11.8,11,,True
DVN,Energy,Devon Energy,2026-08-10,45.85,4.61,-6.7,3.93,1.45,0.667,13,19,16,15.4,11.26,-4.91,False,True,43.51,8.33,0.885,False,52.34,-15.19,2.97,3.16,9.0,11.0,9458155.0,10682981.0,0.818,9046300.0,10215540.0,10321613.0,0.876,80.85,17,18,8,15.6,17,,True
EQT,Energy,EQT Corporation,2026-08-10,54.42,10.15,-2.9,-6.48,-1.42,0.333,8,18,19,13.2,-3.31,11.22,False,True,51.84,6.86,0.951,False,67.84,-20.28,4.81,9.82,12.0,8.0,6839975.0,7189550.0,1.5,4625700.0,5592320.0,6068600.0,0.762,96.96,18,8,11,12.6,13,剛爆發,False
EXE,Energy,Expand Energy,2026-08-10,94.78,8.19,-1.39,-7.3,-1.95,0.333,10,13,20,12.9,19.09,5.37,False,True,89.8,8.85,0.987,False,124.43,-23.91,3.58,8.02,9.0,11.0,3468644.0,3513036.0,0.818,1980700.0,2638270.0,3257546.0,0.608,85.79,19,14,17,16.6,19,,True
HAL,Energy,Halliburton,2026-08-10,34.42,-2.27,-17.23,2.28,-3.73,0.333,20,21,18,19.9,,,,,,,,,,,,,,,,,,,,,,,20,20,20,,20,,False
TPL,Energy,Texas Pacific Land Corporation,2026-08-10,358.52,-13.76,-6.78,-16.85,-13.56,0.0,21,20,21,20.7,,,,,,,,,,,,,,,,,,,,,,,21,20,20,,20,,False
PYPL,Financials,PayPal,2026-08-10,61.66,9.02,39.3,54.01,39.08,1.0,17,1,2,9.2,8.03,5.59,False,True,49.67,7.12,1.127,False,78.53,-22.85,1.35,6.8,10.0,9.0,13816050.0,12254255.0,1.111,9562100.0,8925320.0,11301560.0,0.846,91.02,1,23,16,12.8,5,吃老本,True
XYZ,Financials,"Block, Inc.",2026-08-10,82.88,3.68,17.79,66.43,38.58,1.0,34,32,1,26.8,16.71,25.55,False,True,76.87,11.76,0.859,False,86.75,-4.22,5.15,3.88,9.0,11.0,4948577.0,5759127.0,0.818,5224500.0,5714320.0,5218046.0,1.001,81.7,2,32,8,15.2,11,吃老本,True
STT,Financials,State Street Corporation,2026-08-10,191.74,5.06,26.07,51.58,33.57,1.0,27,7,3,16.2,9.21,7.46,False,True,175.36,5.73,0.884,False,192.51,-1.38,2.67,3.38,11.0,9.0,1974790.0,2234333.0,1.222,1354300.0,1461830.0,1606406.0,0.843,86.89,3,27,17,15.4,13,吃老本,True
GPN,Financials,Global Payments,2026-08-10,93.05,19.57,38.22,36.85,32.87,1.0,1,2,6,2.3,0.63,5.43,False,True,75.92,13.08,1.187,False,95.58,-0.78,8.14,23.4,12.0,8.0,3741750.0,3151012.0,1.5,3637700.0,3586210.0,3431333.0,1.06,100.0,4,1,6,3.2,1,,True
FDS,Financials,FactSet,2026-08-10,283.49,9.84,34.01,39.14,30.53,1.0,13,3,5,8.4,1.76,1.89,False,True,252.6,9.92,1.157,False,381.24,-24.67,4.59,9.15,9.0,11.0,971777.0,840218.0,0.818,686900.0,732210.0,896980.0,0.766,89.84,5,24,21,15.8,14,吃老本,True
BNY,Financials,BNY Mellon,2026-08-10,163.24,4.3,21.38,39.75,26.3,1.0,31,24,4,23.5,10.7,16.54,False,True,150.65,6.0,0.771,False,163.66,-0.86,2.16,0.34,10.0,10.0,2743030.0,3560020.0,1.0,1945600.0,2489810.0,2596706.0,0.749,79.55,6,33,22,20.0,23,吃老本,True
CPAY,Financials,Corpay,2026-08-10,417.6,14.16,27.23,23.87,22.28,1.0,5,6,19,8.1,6.3,6.03,False,True,364.28,11.11,1.156,False,425.95,-0.17,6.77,17.45,13.0,7.0,619892.0,536157.0,1.857,583600.0,645230.0,630600.0,0.925,100.0,7,1,12,5.6,2,剛爆發,True
NTRS,Financials,Northern Trust,2026-08-10,191.41,3.64,17.36,32.11,21.3,1.0,35,34,7,29.1,-8.35,16.14,False,True,178.37,9.41,0.961,False,195.78,-2.71,3.44,3.46,10.0,10.0,1091700.0,1135960.0,1.0,806300.0,1100310.0,1118666.0,0.721,85.27,8,29,25,19.8,22,吃老本,False
MET,Financials,MetLife,2026-08-10,97.66,4.54,23.17,28.08,20.97,1.0,30,18,12,22.8,6.16,6.65,False,True,90.12,7.24,1.212,False,100.93,-3.43,-2.48,5.98,11.0,9.0,4380263.0,3615000.0,1.222,2018300.0,3827690.0,4230206.0,0.477,92.13,9,20,34,18.4,20,吃老本,True
BAC,Financials,Bank of America,2026-08-10,64.49,5.26,30.25,24.06,20.9,1.0,25,5,18,17.6,7.74,8.78,False,True,59.38,5.78,0.9,False,65.2,-1.7,1.73,4.23,14.0,6.0,29196964.0,32456583.0,2.333,27298100.0,25790490.0,27689400.0,0.986,100.0,10,1,9,6.2,3,剛爆發,True
ALL,Financials,Allstate,2026-08-10,261.41,4.61,20.89,27.28,20.01,1.0,29,26,13,24.9,48.03,47.01,False,True,243.0,7.67,0.729,False,277.22,-6.04,-5.32,4.05,12.0,8.0,1600041.0,2196025.0,1.5,1423100.0,1923930.0,1805320.0,0.788,85.55,11,28,20,19.6,21,吃老本,True
WTW,Financials,Willis Towers Watson,2026-08-10,331.59,13.0,33.99,16.04,19.77,1.0,7,4,31,10.9,7.78,1.8,False,True,287.2,6.6,0.999,False,349.38,-4.4,-1.77,13.01,8.0,12.0,585362.0,585658.0,0.667,856400.0,610680.0,599433.0,1.429,84.59,12,31,1,17.4,15,吃老本,True
TRV,Financials,Travelers Companies (The),2026-08-10,370.36,0.37,24.07,26.87,19.55,1.0,52,13,15,32.9,86.12,8.93,False,True,341.52,4.73,1.088,False,398.7,-7.2,-4.15,12.4,10.0,10.0,2280060.0,2096250.0,1.0,1788200.0,1760970.0,1994826.0,0.896,89.81,13,25,13,17.8,17,吃老本,True
IVZ,Financials,Invesco,2026-08-10,32.55,9.85,20.02,23.7,19.32,1.0,12,29,20,18.7,7.18,-1.21,False,True,28.84,10.36,0.896,False,32.55,-0.58,2.11,12.63,13.0,6.0,5082846.0,5675250.0,2.167,3746500.0,4983220.0,5323980.0,0.704,100.0,14,1,28,11.6,4,剛爆發,True
C,Financials,Citigroup,2026-08-10,139.33,8.25,13.46,26.92,18.89,1.0,19,42,14,24.9,15.62,17.91,False,True,136.3,5.96,0.847,False,147.21,-5.76,3.67,5.87,13.0,7.0,9592723.0,11322742.0,1.857,9504600.0,8862250.0,9648480.0,0.985,97.67,15,16,10,14.4,9,,True
PRU,Financials,Prudential Financial,2026-08-10,125.13,5.09,24.43,22.89,18.83,1.0,26,11,23,20.9,15.98,16.48,False,True,113.54,8.25,0.755,False,127.72,-2.33,2.67,8.68,14.0,6.0,1823135.0,2416250.0,2.333,1164300.0,2140580.0,2110740.0,0.552,100.0,16,1,32,13.2,6,剛爆發,True
AIZ,Financials,Assurant,2026-08-10,282.38,2.0,11.29,30.82,18.73,1.0,42,49,8,37.3,23.73,11.71,False,True,270.73,9.83,1.18,False,303.94,-7.57,-5.22,0.37,6.0,14.0,420266.0,356142.0,0.429,284400.0,428830.0,402686.0,0.706,75.21,17,35,27,26.2,29,吃老本,True
MS,Financials,Morgan Stanley,2026-08-10,217.36,1.42,13.53,28.39,17.93,1.0,47,41,9,37.6,17.94,13.66,False,True,215.46,6.5,0.912,False,230.98,-5.45,2.17,-3.92,10.0,10.0,5103580.0,5598970.0,1.0,3610700.0,4677220.0,5026520.0,0.718,79.46,18,34,26,26.0,28,吃老本,True
HOOD,Financials,Robinhood Markets,2026-08-10,95.56,-4.4,23.88,25.79,17.76,0.667,70,14,17,42.6,43.71,-1.98,False,True,98.84,17.92,0.864,False,153.86,-35.42,9.55,-6.27,8.0,12.0,16936337.0,19599575.0,0.667,16120300.0,16154810.0,18465000.0,0.873,75.18,19,36,14,24.8,26,吃老本,True
JPM,Financials,JPMorgan Chase,2026-08-10,362.84,6.37,22.38,21.08,17.73,1.0,23,19,26,22.4,,,,,,,,,,,,,,,,,,,,,,,20,37,37,,37,吃老本,False
PFG,Financials,Principal Financial Group,2026-08-10,113.98,0.03,14.28,28.25,17.7,1.0,54,39,11,40.9,7.07,2.94,False,True,110.39,4.91,1.033,False,116.61,-1.44,-0.42,1.16,13.0,7.0,1500853.0,1453585.0,1.857,571200.0,1141070.0,1474946.0,0.387,96.46,21,17,35,22.2,24,,True
AMP,Financials,Ameriprise Financial,2026-08-10,569.54,7.89,21.08,20.68,17.58,1.0,20,25,27,22.9,,,,,,,,,,,,,,,,,,,,,,,22,37,37,,37,吃老本,False
SCHW,Financials,Charles Schwab Corporation,2026-08-10,111.09,9.38,22.24,18.96,17.39,1.0,15,20,28,19.1,4.55,2.48,False,True,98.42,5.72,1.006,False,110.2,-0.13,2.23,7.07,13.0,7.0,7958515.0,7907214.0,1.857,5153400.0,6854590.0,6896913.0,0.747,100.0,23,1,23,14.2,8,剛爆發,True
BEN,Financials,Franklin Resources,2026-08-10,33.86,3.77,7.45,28.37,16.99,1.0,33,55,10,35.0,8.28,28.64,False,True,32.93,10.09,1.246,False,36.28,-6.67,-0.41,2.17,11.0,9.0,5027354.0,4035400.0,1.222,1815400.0,4838360.0,4793720.0,0.379,91.27,24,22,36,25.6,27,,True
AJG,Financials,Arthur J. Gallagher & Co.,2026-08-10,251.21,-1.06,26.05,21.28,16.89,0.667,56,8,24,35.2,0.94,0.98,False,True,237.35,6.49,0.937,False,310.73,-18.42,0.7,-0.13,11.0,9.0,1362500.0,1454277.0,1.222,1011600.0,1352570.0,1395253.0,0.725,84.93,25,30,24,26.8,30,,True
GL,Financials,Globe Life,2026-08-10,181.0,-2.04,16.96,26.0,16.73,0.667,61,36,16,44.5,,,,,,,,,,,,,,,,,,,,,,,26,37,37,,37,吃老本,False
BX,Financials,Blackstone Inc.,2026-08-10,143.93,14.57,23.33,13.0,15.98,1.0,4,17,39,14.9,13.71,1.69,False,True,124.6,17.51,1.259,False,182.68,-18.26,11.89,16.96,11.0,9.0,5908481.0,4692811.0,1.222,4225500.0,4896990.0,5350340.0,0.79,100.0,27,1,19,15.0,10,剛爆發,True
CFG,Financials,Citizens Financial Group,2026-08-10,74.73,3.9,23.59,16.37,15.06,1.0,32,15,30,26.5,4.39,3.73,False,True,69.34,4.72,1.093,False,74.68,-0.77,2.32,6.07,12.0,7.0,4344625.0,3976100.0,1.714,3730800.0,3000950.0,3417580.0,1.092,99.41,28,13,5,17.4,15,剛爆發,True
USB,Financials,U.S. Bancorp,2026-08-10,65.42,3.61,24.21,15.55,14.73,1.0,36,12,33,28.2,5.05,3.41,False,True,60.76,4.78,0.79,False,65.61,-0.67,2.13,4.88,14.0,5.0,6926492.0,8772660.0,2.8,3994700.0,6194210.0,6604846.0,0.605,100.0,29,1,30,18.0,18,剛爆發,True
NDAQ,Financials,"Nasdaq, Inc.",2026-08-10,97.02,5.87,6.93,22.91,14.65,1.0,24,57,22,33.5,,,,,,,,,,,,,,,,,,,,,,,30,37,37,,37,吃老本,False
KKR,Financials,KKR & Co.,2026-08-10,114.01,13.16,17.8,12.71,14.09,1.0,6,31,40,20.3,14.23,10.28,False,True,98.03,16.51,1.294,False,151.01,-23.65,11.77,18.83,12.0,8.0,5630475.0,4350150.0,1.5,7227100.0,6062720.0,5386720.0,1.342,100.0,31,1,2,13.2,6,剛爆發,True
RJF,Financials,Raymond James Financial,2026-08-10,180.81,7.39,17.74,14.78,13.67,1.0,22,33,34,27.7,,,,,,,,,,,,,,,,,,,,,,,32,37,37,,37,,False
IBKR,Financials,Interactive Brokers,2026-08-10,92.06,1.69,5.92,23.41,13.61,1.0,46,60,21,45.2,,,,,,,,,,,,,,,,,,,,,,,33,37,37,,37,,False
SYF,Financials,Synchrony Financial,2026-08-10,81.0,10.5,13.97,14.43,13.33,1.0,10,40,35,24.0,21.85,5.09,False,True,74.59,6.47,0.944,False,87.67,-8.66,1.79,9.16,12.0,8.0,3158075.0,3347112.0,1.5,2546100.0,2685090.0,3137413.0,0.812,95.22,34,18,18,24.4,25,剛爆發,True
ARES,Financials,Ares Management,2026-08-10,144.02,14.59,17.88,10.14,13.19,1.0,3,30,48,20.1,1.44,-6.57,False,True,126.52,20.46,1.254,False,184.56,-19.03,8.16,24.23,13.0,7.0,2670276.0,2129342.0,1.857,3195400.0,2675050.0,2670000.0,1.197,100.0,35,1,4,15.2,11,剛爆發,True
COF,Financials,Capital One,2026-08-10,227.34,9.28,21.98,10.52,13.08,1.0,16,21,46,23.5,,,,,,,,,,,,,,,,,,,,,,,36,37,37,,37,,False
MTB,Financials,M&T Bank,2026-08-10,254.09,1.95,24.87,12.65,13.03,1.0,43,10,41,32.7,14.12,2.65,False,True,238.04,3.73,1.137,False,255.68,-0.95,1.24,4.41,11.0,9.0,1172154.0,1031111.0,1.222,677200.0,872290.0,974606.0,0.695,91.37,37,21,29,29.0,31,剛爆發,True
PNC,Financials,PNC Financial Services,2026-08-10,256.97,2.44,21.7,13.82,12.94,1.0,39,22,37,33.5,,,,,,,,,,,,,,,,,,,,,,,38,37,37,,37,,False
APO,Financials,Apollo Global Management,2026-08-10,140.76,16.84,4.41,13.48,12.05,1.0,2,67,38,28.7,-2.21,2.92,False,True,126.55,18.25,1.176,False,152.03,-5.56,12.18,19.72,13.0,7.0,4480538.0,3809657.0,1.857,3958500.0,4326220.0,4106033.0,0.964,100.0,39,1,11,18.2,19,剛爆發,False
FITB,Financials,Fifth Third Bancorp,2026-08-10,58.06,0.09,23.49,11.62,11.7,1.0,53,16,42,39.7,,,,,,,,,,,,,,,,,,,,,,,40,37,37,,37,,False
V,Financials,Visa Inc.,2026-08-10,364.15,1.75,12.0,16.4,11.63,1.0,45,47,29,42.4,,,,,,,,,,,,,,,,,,,,,,,41,37,37,,37,,False
TROW,Financials,T. Rowe Price,2026-08-10,110.56,-5.79,9.68,21.11,11.53,0.667,74,52,25,57.6,,,,,,,,,,,,,,,,,,,,,,,42,37,37,,37,,False
MA,Financials,Mastercard,2026-08-10,569.29,4.73,15.39,10.2,10.13,1.0,28,38,47,34.8,,,,,,,,,,,,,,,,,,,,,,,43,37,37,,37,剛爆發,False
RF,Financials,Regions Financial Corporation,2026-08-10,31.9,0.79,20.8,9.33,10.06,1.0,50,28,50,43.4,,,,,,,,,,,,,,,,,,,,,,,44,37,37,,37,剛爆發,False
BLK,Financials,BlackRock,2026-08-10,1173.73,9.47,9.1,10.77,10.03,1.0,14,54,45,32.2,9.62,9.35,False,True,1047.03,10.14,0.862,False,1200.54,-1.47,4.74,14.67,12.0,8.0,697708.0,809262.0,1.5,379200.0,589920.0,660213.0,0.574,98.28,45,14,31,29.8,32,剛爆發,True
GS,Financials,Goldman Sachs,2026-08-10,1039.42,-2.42,10.07,15.95,9.89,0.667,62,50,32,52.4,,,,,,,,,,,,,,,,,,,,,,,46,37,37,,37,剛爆發,False
MRSH,Financials,Marsh McLennan,2026-08-10,187.82,3.1,16.62,8.46,9.16,1.0,37,37,53,40.2,,,,,,,,,,,,,,,,,,,,,,,47,37,37,,37,剛爆發,False
MCO,Financials,Moody's Corporation,2026-08-10,484.96,-5.07,13.07,14.24,9.12,0.667,72,43,36,56.1,,,,,,,,,,,,,,,,,,,,,,,48,37,37,,37,剛爆發,False
BRO,Financials,Brown & Brown,2026-08-10,70.54,1.95,25.63,3.56,8.68,1.0,43,9,60,36.2,-0.39,2.3,False,True,65.44,6.1,1.112,False,97.36,-26.45,0.84,4.78,10.0,10.0,2865580.0,2577500.0,1.0,2242800.0,2100490.0,2605360.0,0.861,87.66,49,26,15,33.0,35,剛爆發,False
AON,Financials,Aon plc,2026-08-10,355.83,-3.1,12.17,10.9,7.72,0.667,66,46,43,55.4,,,,,,,,,,,,,,,,,,,,,,,50,37,37,,37,剛爆發,False
WFC,Financials,Wells Fargo,2026-08-10,88.82,2.08,21.67,3.29,7.58,1.0,41,23,62,39.8,,,,,,,,,,,,,,,,,,,,,,,51,37,37,,37,剛爆發,False
KEY,Financials,KeyCorp,2026-08-10,23.31,-1.02,11.89,9.56,7.5,0.667,55,48,49,51.7,,,,,,,,,,,,,,,,,,,,,,,52,37,37,,37,剛爆發,False
HBAN,Financials,Huntington Bancshares,2026-08-10,17.91,-1.86,17.27,5.77,6.74,0.667,60,35,58,52.1,,,,,,,,,,,,,,,,,,,,,,,53,37,37,,37,剛爆發,False
EG,Financials,Everest Group,2026-08-10,370.11,-3.26,5.87,10.83,6.07,0.667,67,61,44,60.6,,,,,,,,,,,,,,,,,,,,,,,54,37,37,,37,剛爆發,False
TFC,Financials,Truist Financial,2026-08-10,53.1,1.14,13.07,3.39,5.25,1.0,48,43,61,49.1,,,,,,,,,,,,,,,,,,,,,,,55,37,37,,37,剛爆發,False
SPGI,Financials,S&P Global,2026-08-10,418.8,-7.11,10.06,8.59,5.03,0.667,75,51,51,63.0,,,,,,,,,,,,,,,,,,,,,,,56,37,37,,37,剛爆發,False
ERIE,Financials,Erie Indemnity,2026-08-10,255.99,12.62,20.84,-7.22,4.75,0.667,8,27,73,26.7,2.92,-5.26,False,True,233.83,12.57,0.987,False,363.74,-29.67,0.7,3.5,12.0,8.0,297850.0,301712.0,1.5,355100.0,271710.0,264933.0,1.34,92.16,57,19,3,31.0,34,剛爆發,True
CB,Financials,Chubb Limited,2026-08-10,343.64,-2.42,6.34,6.39,4.18,0.667,62,59,57,60.1,,,,,,,,,,,,,,,,,,,,,,,58,37,37,,37,剛爆發,False
ICE,Financials,Intercontinental Exchange,2026-08-10,154.73,10.8,0.61,2.32,4.01,1.0,9,72,64,38.9,3.36,3.86,False,True,140.65,5.44,0.855,False,180.55,-14.02,3.67,12.81,15.0,5.0,4027300.0,4711040.0,3.0,2363400.0,4027330.0,4506133.0,0.524,100.0,59,1,33,30.6,33,剛爆發,True
CINF,Financials,Cincinnati Financial,2026-08-10,173.17,-4.21,4.63,7.6,3.9,0.667,69,64,55,64.7,,,,,,,,,,,,,,,,,,,,,,,60,37,37,,37,剛爆發,False
AFL,Financials,Aflac,2026-08-10,121.45,-2.62,4.51,6.8,3.87,0.667,65,65,56,63.2,,,,,,,,,,,,,,,,,,,,,,,61,37,37,,37,剛爆發,False
L,Financials,Loews Corporation,2026-08-10,113.03,-1.24,6.9,4.03,3.43,0.667,57,58,59,57.7,,,,,,,,,,,,,,,,,,,,,,,62,37,37,,37,剛爆發,False
PGR,Financials,Progressive Corporation,2026-08-10,209.6,0.79,4.99,2.58,2.73,1.0,50,63,63,56.5,,,,,,,,,,,,,,,,,,,,,,,63,37,37,,37,剛爆發,False
JKHY,Financials,Jack Henry & Associates,2026-08-10,153.31,1.08,12.51,-1.36,2.72,0.667,49,45,70,52.0,,,,,,,,,,,,,,,,,,,,,,,64,37,37,,37,剛爆發,False
AXP,Financials,American Express,2026-08-10,342.48,-3.62,9.55,2.08,2.52,0.667,68,53,66,63.1,,,,,,,,,,,,,,,,,,,,,,,65,37,37,,37,剛爆發,False
WRB,Financials,W. R. Berkley Corporation,2026-08-10,70.51,-1.54,7.07,2.2,2.48,0.667,58,56,65,58.8,,,,,,,,,,,,,,,,,,,,,,,66,37,37,,37,剛爆發,False
BRK-B,Financials,Berkshire Hathaway,2026-08-10,504.03,2.67,4.42,1.3,2.42,1.0,38,66,67,52.2,,,,,,,,,,,,,,,,,,,,,,,67,37,37,,37,剛爆發,False
MSCI,Financials,MSCI,2026-08-10,569.13,-9.47,1.32,8.58,2.25,0.667,76,71,52,69.7,,,,,,,,,,,,,,,,,,,,,,,68,37,37,,37,剛爆發,False
CBOE,Financials,Cboe Global Markets,2026-08-10,296.14,8.31,-18.25,8.14,1.58,0.667,18,75,54,42.3,,,,,,,,,,,,,,,,,,,,,,,69,37,37,,37,剛爆發,False
ACGL,Financials,Arch Capital Group,2026-08-10,98.71,-2.6,5.03,0.34,0.77,0.667,64,62,68,64.2,,,,,,,,,,,,,,,,,,,,,,,70,37,37,,37,剛爆發,False
HIG,Financials,Hartford (The),2026-08-10,138.02,-1.6,3.55,-1.4,-0.21,0.333,59,69,71,64.4,,,,,,,,,,,,,,,,,,,,,,,71,37,37,,37,剛爆發,False
AIG,Financials,American International Group,2026-08-10,76.64,-4.8,1.37,-0.85,-1.28,0.333,71,70,69,70.3,,,,,,,,,,,,,,,,,,,,,,,72,37,37,,37,剛爆發,False
FIS,Financials,Fidelity National Information Services,2026-08-10,42.92,2.41,3.85,-6.45,-1.66,0.667,40,68,72,54.8,,,,,,,,,,,,,,,,,,,,,,,73,37,37,,37,剛爆發,False
FISV,Financials,Fiserv,2026-08-10,54.39,7.43,-1.7,-8.37,-2.75,0.333,21,73,74,47.2,,,,,,,,,,,,,,,,,,,,,,,74,37,37,,37,剛爆發,False
CME,Financials,CME Group,2026-08-10,269.8,10.1,-9.26,-8.38,-3.98,0.333,11,74,75,42.7,2.75,-0.25,False,True,250.36,4.99,1.142,False,319.82,-16.45,1.09,8.5,12.0,8.0,2448783.0,2143787.0,1.5,2023300.0,1858630.0,1987686.0,1.018,98.03,75,15,7,37.4,36,剛爆發,True
COIN,Financials,Coinbase,2026-08-10,148.47,-5.51,-24.03,-9.65,-12.21,0.0,73,76,76,74.5,,,,,,,,,,,,,,,,,,,,,,,76,37,37,,37,剛爆發,False
CRL,Health Care,Charles River Laboratories,2026-08-10,280.05,24.83,85.65,73.57,64.4,1.0,1,1,2,1.2,10.31,5.42,False,True,219.98,23.16,1.443,False,288.02,-2.34,5.94,21.65,10.0,10.0,1146520.0,794620.0,1.0,1054900.0,1082140.0,1027020.0,1.027,100.0,1,1,4,1.6,1,,True
HUM,Health Care,Humana,2026-08-10,389.05,-2.74,27.81,112.9,62.72,0.667,52,13,1,30.1,8.79,1.05,False,True,375.07,10.61,1.026,False,428.88,-10.24,4.83,-5.18,11.0,9.0,1570463.0,1530644.0,1.222,754100.0,1348110.0,1541973.0,0.489,85.11,2,25,26,16.0,16,吃老本,True
VEEV,Health Care,Veeva Systems,2026-08-10,243.75,24.76,53.44,40.0,39.55,1.0,2,4,6,3.4,4.91,6.45,True,True,188.72,24.16,1.496,False,310.5,-18.63,16.0,30.45,16.0,4.0,1839675.0,1230100.0,4.0,2589900.0,2009300.0,1871020.0,1.384,100.0,3,1,2,2.0,2,,True
CNC,Health Care,Centene Corporation,2026-08-10,67.47,1.55,15.79,66.26,37.47,1.0,45,32,3,32.7,132.64,57.91,False,True,64.62,12.11,0.913,False,69.36,-4.79,2.87,-0.86,10.0,10.0,5049110.0,5530870.0,1.0,3537900.0,4577760.0,5560420.0,0.636,81.61,4,26,21,16.2,17,吃老本,True
BAX,Health Care,Baxter International,2026-08-10,26.73,18.22,54.59,35.2,35.81,1.0,4,3,9,4.7,52.53,15.93,False,True,22.64,8.58,1.254,False,30.0,-9.83,0.15,24.08,12.0,8.0,8786283.0,7004075.0,1.5,6711300.0,8382590.0,8897346.0,0.754,100.0,5,1,13,5.0,3,,True
IQV,Health Care,IQVIA,2026-08-10,236.66,14.74,39.94,41.76,34.55,1.0,9,6,5,7.3,3.94,2.96,False,True,204.01,7.97,1.495,False,251.36,-3.91,3.91,16.21,10.0,10.0,1784740.0,1193720.0,1.0,749800.0,1254800.0,1632546.0,0.459,100.0,6,1,28,8.4,6,,True
MRNA,Health Care,Moderna,2026-08-10,63.32,2.43,29.12,49.94,32.86,1.0,41,11,4,24.6,4.33,12.37,False,True,60.52,21.7,1.024,False,85.6,-25.64,18.18,0.79,10.0,10.0,5476770.0,5349730.0,1.0,8157200.0,6208550.0,5727446.0,1.424,90.66,7,19,1,10.6,8,吃老本,True
DXCM,Health Care,Dexcom,2026-08-10,89.75,17.09,45.63,28.18,29.77,1.0,6,5,10,6.5,15.11,18.99,False,True,75.77,13.97,1.289,False,91.62,-0.15,10.19,17.31,12.0,8.0,5983433.0,4641962.0,1.5,4686400.0,6569840.0,5972033.0,0.785,100.0,8,1,10,5.6,4,剛爆發,True
TECH,Health Care,Bio-Techne,2026-08-10,72.4,0.39,67.52,21.03,27.49,1.0,46,2,14,26.4,0.13,-0.82,False,True,65.23,0.69,1.295,True,72.39,-0.3,0.38,1.14,10.0,9.0,3886980.0,3000466.0,1.111,1976200.0,3298610.0,3734640.0,0.529,90.17,9,20,25,16.6,18,吃老本,True
WST,Health Care,West Pharmaceutical Services,2026-08-10,349.42,-2.4,15.44,39.69,23.11,0.667,51,35,7,37.4,13.86,27.07,False,True,342.11,6.96,1.072,False,385.75,-10.26,-0.7,-3.7,12.0,8.0,780466.0,727812.0,1.5,777600.0,532990.0,802726.0,0.969,88.77,10,22,7,14.2,12,吃老本,True
WAT,Health Care,Waters Corporation,2026-08-10,412.17,11.71,25.2,27.46,22.96,1.0,16,20,11,16.2,1.41,16.99,False,True,376.93,12.42,1.254,False,420.26,-1.61,3.46,10.8,11.0,9.0,987736.0,787555.0,1.222,688600.0,975260.0,965113.0,0.713,98.14,11,13,19,13.4,10,,True
A,Health Care,Agilent Technologies,2026-08-10,148.53,12.98,33.23,18.56,20.83,1.0,12,9,18,12.3,5.8,-0.6,True,True,135.41,10.03,0.814,False,159.31,-6.29,5.62,10.42,10.0,10.0,1669020.0,2050600.0,1.0,1026700.0,1443760.0,1592086.0,0.645,87.75,12,23,20,18.0,20,吃老本,True
TMO,Health Care,Thermo Fisher Scientific,2026-08-10,588.29,10.48,34.34,16.77,19.59,1.0,19,8,20,15.9,5.6,3.79,False,True,526.43,7.54,1.242,False,642.71,-7.28,2.74,9.7,10.0,10.0,2498400.0,2011680.0,1.0,1448300.0,1762100.0,2024546.0,0.715,93.65,13,17,18,15.6,13,,True
UNH,Health Care,UnitedHealth Group,2026-08-10,401.73,-5.72,2.58,38.87,18.65,0.667,55,48,8,43.5,29.8,9.52,False,False,414.33,6.13,1.155,False,461.62,-13.55,-1.22,-5.74,9.0,11.0,5146711.0,4455509.0,0.818,4164400.0,4066680.0,4257180.0,0.978,78.55,14,27,5,17.4,19,吃老本,True
RVTY,Health Care,Revvity,2026-08-10,116.84,6.07,24.42,21.84,18.54,1.0,31,21,13,24.4,15.93,4.47,False,True,108.42,9.22,1.091,False,118.34,-0.71,2.85,5.82,12.0,8.0,1564400.0,1434025.0,1.5,1373200.0,1678350.0,1656746.0,0.829,96.22,15,15,8,13.6,11,,True
AMGN,Health Care,Amgen,2026-08-10,415.21,13.36,27.24,13.31,16.81,1.0,11,16,26,15.5,11.97,8.04,False,True,367.92,11.34,1.101,False,421.79,-0.94,3.21,16.61,12.0,7.0,2803591.0,2546200.0,1.714,2777900.0,2803440.0,2856800.0,0.972,100.0,16,1,6,8.0,5,剛爆發,True
INCY,Health Care,Incyte,2026-08-10,120.16,2.48,26.07,18.85,16.56,1.0,40,18,17,28.8,,,,,,,,,,,,,,,,,,,,,,,17,30,30,,30,吃老本,False
LH,Health Care,Labcorp,2026-08-10,318.13,12.27,27.4,13.15,16.49,1.0,15,15,27,17.4,4.65,3.26,False,True,282.82,9.84,0.961,False,325.58,-0.92,1.91,16.59,14.0,6.0,738342.0,768600.0,2.333,352500.0,601560.0,761520.0,0.463,100.0,18,1,27,13.0,9,剛爆發,True
DGX,Health Care,Quest Diagnostics,2026-08-10,234.4,11.26,26.12,14.26,16.48,1.0,17,17,23,18.2,,,,,,,,,,,,,,,,,,,,,,,19,30,30,,30,吃老本,False
SOLV,Health Care,Solventum,2026-08-10,88.59,8.95,19.3,17.26,15.69,1.0,23,30,19,24.3,,,,,,,,,,,,,,,,,,,,,,,20,30,30,,30,吃老本,False
EW,Health Care,Edwards Lifesciences,2026-08-10,91.6,6.85,12.56,20.73,15.22,1.0,28,40,16,29.2,,,,,,,,,,,,,,,,,,,,,,,21,30,30,,30,吃老本,False
MRK,Health Care,Merck & Co.,2026-08-10,135.84,6.54,22.84,13.52,14.11,1.0,29,23,25,26.4,,,,,,,,,,,,,,,,,,,,,,,22,30,30,,30,吃老本,False
BDX,Health Care,Becton Dickinson,2026-08-10,183.4,15.95,28.73,5.68,14.01,1.0,8,12,33,14.2,2.93,4.51,False,True,156.2,11.89,1.004,False,185.32,-1.81,2.77,18.29,12.0,8.0,1945775.0,1938487.0,1.5,2155300.0,2054900.0,1962286.0,1.098,100.0,23,1,3,10.2,7,剛爆發,True
HSIC,Health Care,Henry Schein,2026-08-10,89.77,2.22,23.45,14.81,13.82,1.0,42,22,22,32.0,,,,,,,,,,,,,,,,,,,,,,,24,30,30,,30,吃老本,False
MTD,Health Care,Mettler Toledo,2026-08-10,1419.02,8.32,37.55,4.27,13.6,1.0,25,7,36,21.8,6.0,2.33,False,True,1276.35,8.1,1.012,False,1525.17,-6.19,0.67,10.1,10.0,10.0,163660.0,161750.0,1.0,89600.0,153470.0,167980.0,0.533,89.03,25,21,24,23.2,22,,True
LLY,Health Care,Lilly (Eli),2026-08-10,1180.16,0.09,17.44,13.67,11.22,1.0,48,31,24,38.1,,,,,,,,,,,,,,,,,,,,,,,26,30,30,,30,,False
CVS,Health Care,CVS Health,2026-08-10,97.16,-9.03,1.95,25.66,11.06,0.667,57,50,12,45.9,39.36,16.48,False,False,101.74,12.97,0.756,False,110.0,-13.65,-1.28,-10.26,8.0,12.0,6909187.0,9136066.0,0.667,6492700.0,9108700.0,8430153.0,0.77,66.57,27,28,11,24.2,23,,True
ABT,Health Care,Abbott Laboratories,2026-08-10,111.25,10.5,32.64,0.06,10.81,1.0,18,10,40,20.0,2.61,0.33,False,True,96.78,8.87,1.171,False,134.38,-17.2,3.07,12.59,16.0,4.0,10121800.0,8642525.0,4.0,5523400.0,7538230.0,8689400.0,0.636,100.0,28,1,21,15.8,14,剛爆發,True
ELV,Health Care,Elevance Health,2026-08-10,400.32,7.29,2.36,16.62,10.72,1.0,26,49,21,31.9,,,,,,,,,,,,,,,,,,,,,,,29,30,30,,30,,False
ZBH,Health Care,Zimmer Biomet,2026-08-10,100.65,10.46,20.57,4.92,10.22,1.0,20,28,34,25.2,,,,,,,,,,,,,,,,,,,,,,,30,30,30,,30,,False
CAH,Health Care,Cardinal Health,2026-08-10,235.17,2.91,20.74,7.0,9.41,1.0,37,27,31,32.8,,,,,,,,,,,,,,,,,,,,,,,31,30,30,,30,,False
ABBV,Health Care,AbbVie,2026-08-10,249.46,-1.98,19.41,9.43,9.07,0.667,50,29,28,39.3,,,,,,,,,,,,,,,,,,,,,,,32,30,30,,30,,False
JNJ,Health Care,Johnson & Johnson,2026-08-10,260.35,2.89,15.5,8.13,8.66,1.0,38,34,29,35.0,,,,,,,,,,,,,,,,,,,,,,,33,30,30,,30,,False
REGN,Health Care,Regeneron Pharmaceuticals,2026-08-10,803.48,18.74,15.24,0.31,8.65,1.0,3,37,39,20.4,39.99,6.38,False,True,666.68,15.51,1.077,False,818.9,-1.58,4.39,21.55,15.0,5.0,822666.0,763920.0,3.0,709700.0,871210.0,874866.0,0.811,100.0,34,1,9,15.8,14,剛爆發,True
BMY,Health Care,Bristol Myers Squibb,2026-08-10,63.83,5.09,13.25,7.37,8.27,1.0,33,39,30,34.2,,,,,,,,,,,,,,,,,,,,,,,35,30,30,,30,,False
VRTX,Health Care,Vertex Pharmaceuticals,2026-08-10,505.75,4.14,15.75,2.91,6.42,1.0,34,33,37,34.3,,,,,,,,,,,,,,,,,,,,,,,36,30,30,,30,剛爆發,False
BIIB,Health Care,Biogen,2026-08-10,209.83,1.86,8.75,6.77,6.04,1.0,44,44,32,41.6,,,,,,,,,,,,,,,,,,,,,,,37,30,30,,30,剛爆發,False
GEHC,Health Care,GE HealthCare,2026-08-10,73.69,16.9,21.35,-8.18,5.47,0.667,7,25,48,20.6,9.09,-5.71,False,True,65.49,9.57,1.126,False,89.64,-17.68,4.95,12.38,10.0,10.0,5439860.0,4830490.0,1.0,2278200.0,3360510.0,5314180.0,0.429,94.11,38,16,29,27.4,26,剛爆發,True
COO,Health Care,Cooper Companies (The),2026-08-10,76.17,6.22,27.78,-8.22,4.39,0.667,30,14,49,29.0,10.52,7.05,False,True,69.91,7.81,0.926,False,89.83,-14.73,4.47,7.4,11.0,9.0,1884954.0,2034877.0,1.222,1387500.0,1959400.0,1921366.0,0.722,90.78,39,18,16,26.0,24,剛爆發,True
PFE,Health Care,Pfizer,2026-08-10,26.79,8.82,7.61,0.47,4.34,1.0,24,45,38,33.1,,,,,,,,,,,,,,,,,,,,,,,40,30,30,,30,剛爆發,False
MDT,Health Care,Medtronic,2026-08-10,91.27,9.7,20.94,-6.68,4.32,0.667,21,26,45,27.3,,,,,,,,,,,,,,,,,,,,,,,41,30,30,,30,剛爆發,False
DHR,Health Care,Danaher Corporation,2026-08-10,202.45,-0.68,25.3,-4.36,3.97,0.333,49,19,43,38.8,,,,,,,,,,,,,,,,,,,,,,,42,30,30,,30,剛爆發,False
ALGN,Health Care,Align Technology,2026-08-10,181.31,2.57,15.3,-2.92,3.01,0.667,39,36,42,38.7,,,,,,,,,,,,,,,,,,,,,,,43,30,30,,30,剛爆發,False
DVA,Health Care,DaVita,2026-08-10,180.06,-24.02,-9.85,20.89,1.98,0.333,59,59,15,50.2,3.55,23.18,False,False,213.79,35.87,0.556,False,247.49,-27.61,-0.83,-23.95,9.0,11.0,721233.0,1297445.0,0.818,655500.0,1498530.0,1198100.0,0.547,57.3,44,29,23,33.8,28,剛爆發,True
STE,Health Care,Steris,2026-08-10,233.28,7.09,10.31,-5.55,1.57,0.667,27,43,44,35.2,,,,,,,,,,,,,,,,,,,,,,,45,30,30,,30,剛爆發,False
MCK,Health Care,McKesson Corporation,2026-08-10,869.0,3.28,14.38,-6.85,0.99,0.667,35,38,47,38.3,,,,,,,,,,,,,,,,,,,,,,,46,30,30,,30,剛爆發,False
SYK,Health Care,Stryker Corporation,2026-08-10,339.21,6.05,10.87,-6.83,0.81,0.667,32,42,46,37.8,,,,,,,,,,,,,,,,,,,,,,,47,30,30,,30,剛爆發,False
RMD,Health Care,ResMed|,2026-08-10,224.46,12.8,11.18,-10.86,0.57,0.667,13,41,51,29.0,1.98,2.15,False,True,202.24,11.69,0.801,False,291.57,-22.23,1.57,14.23,13.0,7.0,1332292.0,1663414.0,1.857,1167600.0,1716850.0,1519440.0,0.768,100.0,48,1,12,22.0,21,剛爆發,True
VTRS,Health Care,Viatris,2026-08-10,16.23,-6.13,-0.79,4.56,0.55,0.333,56,54,35,51.2,,,,,,,,,,,,,,,,,,,,,,,49,30,30,,30,剛爆發,False
COR,Health Care,Cencora,2026-08-10,313.82,1.92,21.77,-12.83,-0.49,0.667,43,24,53,39.3,,,,,,,,,,,,,,,,,,,,,,,50,30,30,,30,剛爆發,False
CI,Health Care,Cigna,2026-08-10,282.56,0.39,-0.38,-1.95,-0.97,0.333,46,53,41,47.1,,,,,,,,,,,,,,,,,,,,,,,51,30,30,,30,剛爆發,False
GILD,Health Care,Gilead Sciences,2026-08-10,138.36,3.04,7.48,-9.63,-2.18,0.667,36,46,50,41.8,,,,,,,,,,,,,,,,,,,,,,,52,30,30,,30,剛爆發,False
IDXX,Health Care,Idexx Laboratories,2026-08-10,550.96,-2.9,4.19,-12.46,-5.91,0.333,53,47,52,51.0,,,,,,,,,,,,,,,,,,,,,,,53,30,30,,30,剛爆發,False
ISRG,Health Care,Intuitive Surgical,2026-08-10,394.51,14.21,-6.32,-18.8,-7.43,0.333,10,58,54,33.2,11.86,18.67,False,True,391.87,14.68,0.772,False,603.88,-33.55,7.37,-0.26,11.0,8.0,3687909.0,4777812.0,1.375,2355000.0,3109260.0,3283026.0,0.717,86.92,54,24,17,34.6,29,剛爆發,True
UHS,Health Care,Universal Health Services,2026-08-10,170.02,12.48,0.96,-27.42,-10.35,0.667,14,51,56,33.5,-0.45,2.95,False,True,153.69,8.86,1.268,False,245.55,-30.27,0.88,12.07,11.0,9.0,1096818.0,865255.0,1.222,761200.0,759530.0,1015820.0,0.749,98.11,55,14,14,30.4,27,剛爆發,False
HCA,Health Care,HCA Healthcare,2026-08-10,404.68,9.03,-4.14,-24.84,-11.2,0.333,22,57,55,39.1,,,,,,,,,,,,,,,,,,,,,,,56,30,30,,30,剛爆發,False
BSX,Health Care,Boston Scientific,2026-08-10,51.83,17.72,-1.61,-30.64,-11.3,0.333,5,55,57,30.4,3.86,1.62,False,True,46.13,15.97,0.837,False,109.5,-52.79,4.85,15.84,13.0,7.0,18954584.0,22650171.0,1.857,15635600.0,17875140.0,21570800.0,0.725,100.0,57,1,15,26.2,25,剛爆發,True
ZTS,Health Care,Zoetis,2026-08-10,73.79,-2.95,0.11,-41.08,-21.25,0.333,54,52,59,54.4,,,,,,,,,,,,,,,,,,,,,,,58,30,30,,30,剛爆發,False
PODD,Health Care,Insulet Corporation,2026-08-10,143.34,-12.63,-2.79,-40.95,-24.33,0.0,58,56,58,57.4,,,,,,,,,,,,,,,,,,,,,,,59,30,30,,30,剛爆發,False
AXON,Industrials,Axon Enterprise,2026-08-10,612.83,20.1,56.38,42.63,40.43,1.0,3,1,1,2.0,1.96,0.8,False,True,520.71,23.89,1.003,False,794.29,-22.5,17.83,12.53,13.0,7.0,975653.0,972257.0,1.857,836300.0,1222490.0,1078220.0,0.776,100.0,1,1,15,3.8,1,,True
PAYX,Industrials,Paychex,2026-08-10,122.02,7.78,34.68,32.31,26.77,1.0,25,4,5,14.7,0.91,2.31,False,True,107.34,9.88,1.088,False,135.23,-7.27,4.39,15.19,13.0,7.0,3230653.0,2969914.0,1.857,2431000.0,2532500.0,3020913.0,0.805,100.0,2,1,13,3.8,1,,True
URI,Industrials,United Rentals,2026-08-10,1153.83,10.58,20.25,33.19,24.31,1.0,18,15,2,13.9,10.11,8.63,False,True,1088.37,11.17,1.007,False,1177.15,-4.81,-3.45,5.32,11.0,9.0,512509.0,509155.0,1.222,437400.0,421940.0,512733.0,0.853,87.76,3,23,12,12.8,11,吃老本,True
ADP,Industrials,Automatic Data Processing,2026-08-10,272.96,6.93,28.23,30.74,24.16,1.0,28,9,7,18.1,1.58,2.26,False,True,243.42,6.6,1.102,False,301.7,-8.44,0.99,12.09,12.0,8.0,2573275.0,2334150.0,1.5,1911800.0,2286430.0,2503780.0,0.764,99.44,4,13,16,10.0,7,吃老本,True
DAL,Industrials,Delta Air Lines,2026-08-10,89.35,6.15,27.54,30.51,23.68,1.0,35,10,8,22.1,4.54,11.35,False,True,86.8,8.46,1.057,False,95.44,-4.33,-0.73,5.32,11.0,9.0,5339809.0,5052777.0,1.222,3552600.0,4249010.0,4928946.0,0.721,89.73,5,22,20,14.8,15,吃老本,True
SWK,Industrials,Stanley Black & Decker,2026-08-10,102.07,13.2,37.29,14.55,19.9,1.0,12,2,21,10.8,29.86,34.6,False,True,89.49,12.9,1.115,False,104.68,-2.36,1.16,18.12,12.0,8.0,2217500.0,1989012.0,1.5,1026000.0,2250890.0,2383820.0,0.43,100.0,6,1,31,9.0,5,,True
EXPD,Industrials,Expeditors International,2026-08-10,186.12,1.82,20.35,27.7,19.39,1.0,51,14,9,31.5,19.93,27.77,False,True,169.19,13.1,1.425,False,187.74,-0.37,4.75,6.58,10.0,10.0,1507880.0,1058270.0,1.0,861200.0,1319970.0,1166460.0,0.738,95.79,7,17,18,13.2,12,吃老本,True
UAL,Industrials,United Airlines Holdings,2026-08-10,125.34,8.6,34.99,14.69,18.24,1.0,22,3,19,15.7,7.58,9.98,False,True,121.88,11.27,0.866,False,138.77,-8.95,-2.15,4.45,11.0,9.0,3602572.0,4161444.0,1.222,2496300.0,2921980.0,3285753.0,0.76,85.29,8,24,17,16.2,17,吃老本,True
GE,Industrials,GE Aerospace,2026-08-10,368.38,5.6,31.01,17.11,17.71,1.0,37,7,14,23.4,8.62,16.31,False,True,355.17,9.49,1.128,False,388.84,-7.25,-3.71,4.31,12.0,8.0,3615358.0,3204925.0,1.5,2737300.0,3024390.0,3171866.0,0.863,93.34,9,19,10,13.2,12,吃老本,True
RTX,Industrials,RTX Corporation,2026-08-10,222.97,15.22,30.8,12.29,17.65,1.0,7,8,24,10.7,13.71,16.95,False,True,198.52,6.72,1.264,False,226.88,-2.82,-1.24,13.44,12.0,8.0,5728491.0,4533387.0,1.5,3233600.0,4222090.0,5169213.0,0.626,100.0,10,1,27,9.8,6,剛爆發,True
GEV,Industrials,GE Vernova,2026-08-10,1063.25,0.51,1.39,32.7,16.83,1.0,54,61,4,46.1,-22.44,771.56,False,True,1025.37,10.56,0.744,False,1195.94,-12.25,4.91,1.27,11.0,9.0,2318509.0,3116633.0,1.222,1707700.0,1892700.0,2381720.0,0.717,84.08,11,25,21,18.6,20,吃老本,False
WAB,Industrials,Wabtec,2026-08-10,299.02,14.09,13.45,17.06,15.42,1.0,10,30,15,17.0,5.92,7.55,False,True,274.44,4.54,1.133,False,306.64,-2.82,0.93,14.23,11.0,9.0,1044336.0,921533.0,1.222,1055000.0,921760.0,1050080.0,1.005,97.08,12,15,5,11.8,9,,True
EMR,Industrials,Emerson Electric,2026-08-10,163.17,16.93,22.64,10.6,15.19,1.0,6,12,30,12.6,1.96,0.44,False,True,145.76,11.56,1.109,False,166.35,-1.29,4.65,20.66,16.0,4.0,3366981.0,3035250.0,4.0,2694300.0,3565230.0,3432260.0,0.785,100.0,13,1,14,8.4,4,剛爆發,True
FIX,Industrials,Comfort Systems USA,2026-08-10,1774.06,6.03,-10.93,32.78,15.17,0.667,36,77,3,41.7,19.85,54.44,False,False,1798.45,10.09,0.906,False,2072.1,-16.62,0.87,-2.62,8.0,12.0,495750.0,547225.0,0.667,309400.0,410530.0,509793.0,0.607,74.63,14,30,29,23.4,26,吃老本,True
ETN,Industrials,Eaton Corporation,2026-08-10,451.51,13.16,13.31,16.97,15.1,1.0,13,31,16,19.0,2.39,2.9,False,True,411.93,18.98,1.049,False,478.0,-5.16,1.4,9.37,12.0,8.0,2533133.0,2415575.0,1.5,1564500.0,2333040.0,2560540.0,0.611,97.03,15,16,28,18.0,19,,True
J,Industrials,Jacobs Solutions,2026-08-10,144.66,9.8,31.32,9.57,15.06,1.0,19,6,31,17.5,0.8,7.09,False,True,129.8,14.64,0.973,False,167.07,-13.86,-0.08,13.73,13.0,7.0,919738.0,945200.0,1.857,1106600.0,951490.0,941026.0,1.176,100.0,16,1,3,7.4,3,剛爆發,True
PWR,Industrials,Quanta Services,2026-08-10,685.78,9.11,-10.92,30.9,15.0,0.667,21,76,6,34.5,28.11,31.8,False,False,673.38,7.98,1.128,False,788.63,-14.69,0.74,6.62,11.0,9.0,1201900.0,1065144.0,1.222,804200.0,1030670.0,1236386.0,0.65,92.35,17,20,24,19.6,22,,True
JBHT,Industrials,J.B. Hunt,2026-08-10,279.71,-3.85,6.85,26.58,14.04,0.667,70,49,10,51.7,9.55,3.09,False,True,278.96,8.33,1.228,False,299.26,-5.66,5.82,-0.07,5.0,15.0,1231880.0,1003026.0,0.333,1132900.0,831830.0,914713.0,1.239,78.78,18,29,1,19.0,21,吃老本,True
CSX,Industrials,CSX Corporation,2026-08-10,50.16,-1.16,10.19,23.51,14.01,0.667,57,40,12,42.9,4.19,10.6,False,True,48.91,4.31,1.209,False,53.6,-6.46,-1.1,-1.47,8.0,12.0,15489875.0,12810950.0,0.667,10769000.0,11239900.0,12532526.0,0.859,79.83,19,28,11,21.0,25,吃老本,True
GD,Industrials,General Dynamics,2026-08-10,395.78,7.38,18.84,14.88,13.99,1.0,27,17,18,22.2,,,,,,,,,,,,,,,,,,,,,,,20,32,32,,32,吃老本,False
FAST,Industrials,Fastenal,2026-08-10,51.02,12.77,18.59,11.13,13.4,1.0,14,19,27,18.1,1.25,0.84,False,True,47.17,12.92,0.949,False,52.92,-2.99,1.06,13.8,14.0,6.0,8395285.0,8842766.0,2.333,7703900.0,8484100.0,8408793.0,0.916,100.0,21,1,7,10.2,8,剛爆發,True
MMM,Industrials,3M,2026-08-10,182.65,14.27,25.56,6.85,13.38,1.0,9,11,36,15.0,6.84,7.88,False,True,166.0,5.39,1.198,False,184.9,-1.22,1.07,12.91,11.0,8.0,3998254.0,3337462.0,1.375,2852800.0,2589060.0,3196906.0,0.892,99.76,22,12,8,15.2,16,剛爆發,True
IEX,Industrials,IDEX Corporation,2026-08-10,238.94,6.22,15.83,14.34,12.68,1.0,33,25,22,28.4,,,,,,,,,,,,,,,,,,,,,,,23,32,32,,32,吃老本,False
HWM,Industrials,Howmet Aerospace,2026-08-10,289.18,6.2,11.13,15.68,12.17,1.0,34,37,17,31.5,,,,,,,,,,,,,,,,,,,,,,,24,32,32,,32,吃老本,False
PH,Industrials,Parker Hannifin,2026-08-10,1055.85,10.77,22.39,5.64,11.11,1.0,17,13,40,20.4,12.15,4.36,False,True,955.8,14.88,1.131,False,1099.94,-3.73,-1.02,11.31,12.0,8.0,719591.0,636050.0,1.5,617000.0,767640.0,714026.0,0.864,98.68,25,14,9,17.4,18,剛爆發,True
AME,Industrials,Ametek,2026-08-10,254.79,7.51,11.97,11.24,10.49,1.0,26,35,26,28.7,,,,,,,,,,,,,,,,,,,,,,,26,32,32,,32,吃老本,False
FDX,Industrials,FedEx,2026-08-10,334.64,6.92,10.93,11.69,10.31,1.0,29,39,25,31.2,,,,,,,,,,,,,,,,,,,,,,,27,32,32,,32,,False
JCI,Industrials,Johnson Controls,2026-08-10,153.64,9.38,7.68,10.99,9.76,1.0,20,46,29,29.6,,,,,,,,,,,,,,,,,,,,,,,28,32,32,,32,,False
ALLE,Industrials,Allegion,2026-08-10,164.78,20.07,31.68,-7.47,9.2,0.667,4,5,64,16.3,8.29,-5.09,False,True,142.92,10.55,1.243,False,181.67,-8.38,-1.34,22.06,13.0,7.0,1488215.0,1197142.0,1.857,1754000.0,1136440.0,1466320.0,1.196,100.0,29,1,2,12.4,10,剛爆發,True
UNP,Industrials,Union Pacific Corporation,2026-08-10,293.68,-2.67,9.11,13.84,8.53,0.667,65,43,23,50.0,,,,,,,,,,,,,,,,,,,,,,,30,32,32,,32,,False
GWW,Industrials,W. W. Grainger,2026-08-10,1322.64,-5.0,4.15,17.37,8.47,0.667,71,54,13,54.3,6.26,14.08,False,False,1332.87,9.78,0.658,False,1417.14,-6.76,3.23,-4.87,9.0,11.0,230066.0,349763.0,0.818,208700.0,325570.0,304126.0,0.686,72.15,31,31,22,29.2,27,,True
BR,Industrials,Broadridge Financial Solutions,2026-08-10,171.01,14.08,18.23,-0.34,7.91,0.667,11,22,48,21.7,1.68,4.45,False,True,150.33,16.05,1.22,False,260.02,-33.76,4.55,14.04,13.0,7.0,1331669.0,1091714.0,1.857,1389500.0,1573980.0,1351606.0,1.028,100.0,32,1,4,14.0,14,剛爆發,True
VRT,Industrials,Vertiv,2026-08-10,293.84,1.48,-20.77,25.34,7.85,0.667,52,80,11,52.2,6.42,15.67,False,False,297.49,23.88,1.046,False,379.86,-24.43,4.32,-2.39,10.0,10.0,6468580.0,6181800.0,1.0,3115300.0,5479280.0,7143100.0,0.436,83.61,33,26,30,29.6,28,剛爆發,True
VLTO,Industrials,Veralto,2026-08-10,97.68,4.13,15.32,5.87,7.8,1.0,42,27,38,36.7,,,,,,,,,,,,,,,,,,,,,,,34,32,32,,32,,False
PCAR,Industrials,Paccar,2026-08-10,130.79,3.91,18.87,3.58,7.48,1.0,44,16,44,35.6,,,,,,,,,,,,,,,,,,,,,,,35,32,32,,32,,False
NDSN,Industrials,Nordson Corporation,2026-08-10,308.72,6.83,12.63,4.14,6.94,1.0,30,33,42,33.3,,,,,,,,,,,,,,,,,,,,,,,36,32,32,,32,,False
LMT,Industrials,Lockheed Martin,2026-08-10,608.68,19.64,18.73,-5.62,6.78,0.667,5,18,60,19.9,10.29,-3.78,False,True,540.47,6.68,1.185,False,687.5,-13.02,2.6,16.45,13.0,7.0,1345969.0,1135842.0,1.857,797300.0,1022970.0,1162786.0,0.686,100.0,37,1,22,19.6,22,剛爆發,True
ROK,Industrials,Rockwell Automation,2026-08-10,449.37,-2.7,0.45,14.69,6.78,0.667,66,64,19,56.0,,,,,,,,,,,,,,,,,,,,,,,37,32,32,,32,,False
SNA,Industrials,Snap-on,2026-08-10,403.56,-1.81,12.97,6.32,5.95,0.667,59,32,37,46.5,,,,,,,,,,,,,,,,,,,,,,,39,32,32,,32,剛爆發,False
UBER,Industrials,Uber,2026-08-10,75.95,4.82,1.15,8.52,5.75,1.0,40,62,33,45.2,,,,,,,,,,,,,,,,,,,,,,,40,32,32,,32,剛爆發,False
CTAS,Industrials,Cintas,2026-08-10,199.52,-2.41,18.54,3.42,5.74,0.667,61,20,45,45.5,,,,,,,,,,,,,,,,,,,,,,,41,32,32,,32,剛爆發,False
FTV,Industrials,Fortive,2026-08-10,61.62,-0.26,5.04,8.52,5.46,0.667,55,52,33,49.7,,,,,,,,,,,,,,,,,,,,,,,42,32,32,,32,剛爆發,False
ITW,Industrials,Illinois Tool Works,2026-08-10,290.81,5.35,18.12,-1.73,5.0,0.667,39,23,50,36.4,,,,,,,,,,,,,,,,,,,,,,,43,32,32,,32,剛爆發,False
NSC,Industrials,Norfolk Southern,2026-08-10,334.41,-1.3,6.26,7.06,4.77,0.667,58,50,35,51.0,,,,,,,,,,,,,,,,,,,,,,,44,32,32,,32,剛爆發,False
CAT,Industrials,Caterpillar Inc.,2026-08-10,856.57,-2.51,-3.39,11.06,4.05,0.333,62,70,28,57.6,,,,,,,,,,,,,,,,,,,,,,,45,32,32,,32,剛爆發,False
LDOS,Industrials,Leidos,2026-08-10,143.83,35.08,16.69,-17.93,3.98,0.667,1,24,74,22.5,12.11,7.56,False,True,116.07,24.25,0.944,False,204.08,-30.12,5.43,33.83,15.0,5.0,1672746.0,1771380.0,3.0,1659900.0,1943370.0,1739433.0,0.954,100.0,46,1,6,20.0,24,剛爆發,True
DE,Industrials,Deere & Company,2026-08-10,608.85,1.94,8.65,1.54,3.42,1.0,50,45,46,47.7,,,,,,,,,,,,,,,,,,,,,,,47,32,32,,32,剛爆發,False
ODFL,Industrials,Old Dominion,2026-08-10,210.97,-9.78,4.0,9.48,3.3,0.667,77,55,32,61.4,,,,,,,,,,,,,,,,,,,,,,,48,32,32,,32,剛爆發,False
EME,Industrials,Emcor,2026-08-10,836.29,12.38,-8.37,4.54,3.27,0.667,15,72,41,37.3,25.29,15.85,False,True,801.35,8.92,0.824,False,951.47,-12.64,2.82,8.73,9.0,11.0,441700.0,536009.0,0.818,280400.0,421340.0,439333.0,0.638,83.06,49,27,25,35.4,29,剛爆發,True
TT,Industrials,Trane Technologies,2026-08-10,480.2,2.17,3.15,3.69,3.18,1.0,47,57,43,49.2,,,,,,,,,,,,,,,,,,,,,,,50,32,32,,32,剛爆發,False
TDG,Industrials,TransDigm Group,2026-08-10,1256.9,3.5,9.39,-2.31,2.07,0.667,45,42,54,45.9,,,,,,,,,,,,,,,,,,,,,,,51,32,32,,32,剛爆發,False
HUBB,Industrials,Hubbell Incorporated,2026-08-10,511.39,4.65,6.87,-1.87,1.94,0.667,41,48,51,45.1,,,,,,,,,,,,,,,,,,,,,,,52,32,32,,32,剛爆發,False
MAS,Industrials,Masco,2026-08-10,74.33,-5.49,14.65,-1.55,1.51,0.333,72,28,49,54.2,,,,,,,,,,,,,,,,,,,,,,,53,32,32,,32,剛爆發,False
EFX,Industrials,Equifax,2026-08-10,180.85,2.13,14.59,-5.62,1.37,0.667,48,29,60,44.7,,,,,,,,,,,,,,,,,,,,,,,54,32,32,,32,剛爆發,False
VRSK,Industrials,Verisk Analytics,2026-08-10,181.67,-9.47,12.07,0.78,1.04,0.667,76,34,47,57.6,,,,,,,,,,,,,,,,,,,,,,,55,32,32,,32,剛爆發,False
BA,Industrials,Boeing,2026-08-10,231.67,8.24,5.07,-4.65,1.0,0.667,23,51,58,38.4,,,,,,,,,,,,,,,,,,,,,,,56,32,32,,32,剛爆發,False
FERG,Industrials,Ferguson Enterprises,2026-08-10,244.94,5.57,9.44,-5.57,0.97,0.667,38,41,59,43.1,,,,,,,,,,,,,,,,,,,,,,,57,32,32,,32,剛爆發,False
DD,Industrials,DuPont,2026-08-10,146.26,8.11,-1.13,-2.14,0.67,0.333,24,66,52,42.2,,,,,,,,,,,,,,,,,,,,,,,58,32,32,,32,剛爆發,False
CMI,Industrials,Cummins,2026-08-10,631.26,-2.66,-9.09,5.72,-0.08,0.333,64,75,39,62.3,,,,,,,,,,,,,,,,,,,,,,,59,32,32,,32,剛爆發,False
XYL,Industrials,Xylem Inc.,2026-08-10,119.68,-2.52,11.13,-5.88,-0.79,0.333,63,37,62,55.0,,,,,,,,,,,,,,,,,,,,,,,60,32,32,,32,剛爆發,False
HON,Industrials,Honeywell Technologies,2026-08-10,233.96,3.97,4.61,-6.61,-1.16,0.667,43,53,63,50.0,,,,,,,,,,,,,,,,,,,,,,,61,32,32,,32,剛爆發,False
RSG,Industrials,Republic Services,2026-08-10,214.71,-3.42,3.37,-3.24,-1.63,0.333,69,56,55,62.3,,,,,,,,,,,,,,,,,,,,,,,62,32,32,,32,剛爆發,False
WM,Industrials,Waste Management,2026-08-10,224.55,-6.17,2.59,-3.45,-2.62,0.333,73,59,57,65.6,,,,,,,,,,,,,,,,,,,,,,,63,32,32,,32,剛爆發,False
NOC,Industrials,Northrop Grumman,2026-08-10,585.87,12.33,8.83,-15.98,-2.7,0.667,16,44,73,35.8,,,,,,,,,,,,,,,,,,,,,,,64,32,32,,32,剛爆發,False
IR,Industrials,Ingersoll Rand,2026-08-10,83.34,1.36,18.49,-15.35,-2.71,0.667,53,21,71,47.0,,,,,,,,,,,,,,,,,,,,,,,65,32,32,,32,剛爆發,False
CARR,Industrials,Carrier Global,2026-08-10,62.78,-8.28,-2.57,-3.32,-4.37,0.0,75,69,56,69.4,,,,,,,,,,,,,,,,,,,,,,,66,32,32,,32,剛爆發,False
LUV,Industrials,Southwest Airlines,2026-08-10,44.26,-7.95,15.46,-12.65,-4.44,0.333,74,26,68,58.4,,,,,,,,,,,,,,,,,,,,,,,67,32,32,,32,剛爆發,False
CPRT,Industrials,Copart,2026-08-10,31.61,14.49,-2.14,-15.68,-4.75,0.333,8,68,72,38.8,5.71,-8.12,False,True,29.3,5.19,1.267,False,50.11,-41.35,1.31,3.89,10.0,9.0,12293960.0,9699500.0,1.111,8137100.0,8724060.0,11038106.0,0.737,91.7,68,21,19,39.4,30,剛爆發,True
GNRC,Industrials,Generac,2026-08-10,219.3,2.04,-16.83,-2.29,-4.84,0.333,49,79,53,58.8,,,,,,,,,,,,,,,,,,,,,,,69,32,32,,32,剛爆發,False
HII,Industrials,Huntington Ingalls Industries,2026-08-10,327.71,21.77,0.91,-21.16,-4.91,0.667,2,63,76,35.1,38.02,1.68,False,True,294.94,11.67,1.15,False,458.02,-28.88,1.24,14.36,10.0,10.0,593960.0,516550.0,1.0,367200.0,546620.0,576960.0,0.636,94.23,70,18,26,40.4,31,剛爆發,True
TXT,Industrials,Textron,2026-08-10,89.0,-2.71,0.28,-9.23,-5.22,0.333,67,65,65,66.0,,,,,,,,,,,,,,,,,,,,,,,71,32,32,,32,剛爆發,False
UPS,Industrials,United Parcel Service,2026-08-10,104.5,-11.23,7.41,-9.64,-5.78,0.333,78,47,66,66.3,,,,,,,,,,,,,,,,,,,,,,,72,32,32,,32,剛爆發,False
DOV,Industrials,Dover Corporation,2026-08-10,207.07,-3.32,-1.51,-10.18,-6.3,0.0,68,67,67,67.5,,,,,,,,,,,,,,,,,,,,,,,73,32,32,,32,剛爆發,False
AOS,Industrials,A. O. Smith,2026-08-10,62.17,6.28,11.67,-21.82,-6.42,0.667,32,36,77,42.2,,,,,,,,,,,,,,,,,,,,,,,74,32,32,,32,剛爆發,False
LHX,Industrials,L3Harris,2026-08-10,291.82,3.48,-3.42,-14.9,-7.44,0.333,46,71,69,58.1,,,,,,,,,,,,,,,,,,,,,,,75,32,32,,32,剛爆發,False
OTIS,Industrials,Otis Worldwide,2026-08-10,72.63,-1.12,2.28,-18.66,-9.04,0.333,56,60,75,61.0,,,,,,,,,,,,,,,,,,,,,,,76,32,32,,32,剛爆發,False
CHRW,Industrials,C.H. Robinson,2026-08-10,148.57,-28.74,-8.87,-15.01,-16.91,0.0,81,74,70,76.7,,,,,,,,,,,,,,,,,,,,,,,77,32,32,,32,剛爆發,False
PNR,Industrials,Pentair,2026-08-10,66.16,6.4,-8.57,-34.25,-17.67,0.333,31,73,79,53.2,,,,,,,,,,,,,,,,,,,,,,,78,32,32,,32,剛爆發,False
BLDR,Industrials,Builders FirstSource,2026-08-10,72.51,-2.36,2.98,-36.8,-18.24,0.333,60,58,80,63.4,,,,,,,,,,,,,,,,,,,,,,,79,32,32,,32,剛爆發,False
LII,Industrials,Lennox International,2026-08-10,422.01,-22.41,-15.39,-25.13,-22.02,0.0,80,78,78,79.0,,,,,,,,,,,,,,,,,,,,,,,80,32,32,,32,剛爆發,False
ROL,Industrials,"Rollins, Inc.",2026-08-10,36.2,-19.36,-31.9,-36.94,-31.29,0.0,79,81,81,80.0,,,,,,,,,,,,,,,,,,,,,,,81,32,32,,32,剛爆發,False
DELL,Information Technology,Dell Technologies,2026-08-10,490.81,24.04,103.16,319.73,191.67,1.0,12,1,1,6.5,63.99,10.74,False,True,420.31,27.33,1.044,False,514.0,-3.79,12.99,26.56,11.0,9.0,6158418.0,5897922.0,1.222,8051500.0,5964050.0,6079766.0,1.324,100.0,1,1,7,2.2,2,,True
HPE,Information Technology,Hewlett Packard Enterprise,2026-08-10,58.71,28.13,77.89,161.18,107.09,1.0,8,2,4,5.4,48.03,10.75,False,True,48.42,31.91,1.224,False,64.06,-6.62,14.09,32.55,14.0,6.0,17426671.0,14238550.0,2.333,26106000.0,18395390.0,17505313.0,1.491,100.0,2,1,3,1.8,1,,True
MRVL,Information Technology,Marvell Technology,2026-08-10,222.02,17.67,25.54,182.64,102.13,1.0,23,18,2,17.3,0.64,1.05,True,False,239.66,25.62,1.134,False,329.8,-32.63,5.53,17.99,12.0,8.0,23734141.0,20921175.0,1.5,19175600.0,21581450.0,22803226.0,0.841,100.0,3,1,15,4.6,3,,True
SNDK,Information Technology,Sandisk,2026-08-10,1641.11,21.13,16.59,161.92,90.39,1.0,16,29,3,17.3,13.72,59.67,False,False,1659.43,35.0,0.731,False,2354.39,-35.1,21.42,8.29,11.0,9.0,14379527.0,19660855.0,1.222,21829200.0,15427400.0,17676513.0,1.235,94.67,4,20,8,11.2,9,吃老本,True
PANW,Information Technology,Palo Alto Networks,2026-08-10,384.27,7.13,58.25,130.17,81.43,1.0,41,5,7,23.4,6.62,9.94,False,True,324.25,21.56,1.065,False,398.88,-0.72,10.16,11.87,10.0,10.0,6241400.0,5860740.0,1.0,4591800.0,5857590.0,5909140.0,0.777,94.82,5,19,20,13.6,13,吃老本,True
AMD,Information Technology,Advanced Micro Devices,2026-08-10,514.39,3.76,21.29,148.11,80.32,1.0,55,25,5,36.0,3.21,5.82,False,False,510.96,15.45,0.863,False,584.73,-17.4,-1.28,-3.58,10.0,10.0,26714550.0,30939930.0,1.0,18704400.0,27545330.0,29334086.0,0.638,77.45,6,30,25,19.4,23,吃老本,True
MU,Information Technology,Micron Technology,2026-08-10,971.66,14.45,34.11,136.17,80.22,1.0,29,11,6,19.0,21.39,33.21,False,False,962.81,23.66,0.873,False,1254.81,-24.3,7.76,11.33,10.0,10.0,40785750.0,46692430.0,1.0,36462500.0,37022150.0,43505093.0,0.838,90.18,7,22,16,14.8,15,吃老本,True
NTAP,Information Technology,NetApp,2026-08-10,207.08,26.36,73.19,103.84,76.81,1.0,10,3,11,8.1,7.22,2.78,False,True,169.84,18.2,0.909,False,209.06,-1.95,7.06,17.44,13.0,7.0,2432046.0,2675714.0,1.857,3424100.0,2641780.0,2527513.0,1.355,100.0,8,1,5,4.6,3,剛爆發,True
STX,Information Technology,Seagate Technology,2026-08-10,973.44,23.59,22.46,129.07,76.05,1.0,13,23,8,15.0,12.09,16.76,False,True,888.21,20.45,1.032,False,1144.18,-19.47,8.02,23.59,13.0,7.0,5664638.0,5487114.0,1.857,4578900.0,4881880.0,5618900.0,0.815,100.0,9,1,17,7.4,6,剛爆發,True
CRWD,Information Technology,CrowdStrike,2026-08-10,216.95,6.83,46.07,101.98,64.22,1.0,44,7,12,26.5,3.05,1.56,True,True,189.04,20.06,1.076,False,226.9,-0.6,8.75,10.68,8.0,12.0,7981500.0,7420483.0,0.667,5812900.0,7391660.0,7390846.0,0.786,88.73,10,23,19,17.0,18,吃老本,True
INTC,Information Technology,Intel,2026-08-10,102.5,7.85,-5.76,119.06,60.05,0.667,39,55,9,37.8,92.49,2108.68,False,False,109.61,22.28,0.925,False,142.35,-26.55,4.76,7.82,10.0,10.0,116168380.0,125541970.0,1.0,116542400.0,111447140.0,125061033.0,0.932,87.79,11,26,12,17.2,19,吃老本,True
DDOG,Information Technology,Datadog,2026-08-10,255.46,-1.25,22.83,104.04,57.42,0.667,63,22,10,40.1,11.45,18.25,False,True,248.71,26.18,0.925,False,292.72,-13.83,10.01,-3.84,10.0,10.0,5088470.0,5504020.0,1.0,3606000.0,6738170.0,5886920.0,0.613,82.88,12,28,26,21.2,24,吃老本,True
FTNT,Information Technology,Fortinet,2026-08-10,160.01,-0.99,30.32,87.01,50.84,0.667,61,14,14,37.5,20.53,32.63,False,True,154.65,11.34,1.388,False,172.09,-3.86,3.33,2.9,10.0,10.0,6509150.0,4691030.0,1.0,4261600.0,5083610.0,5857680.0,0.728,92.35,13,21,22,18.0,21,吃老本,True
FLEX,Information Technology,Flex Ltd.,2026-08-10,126.16,5.79,-8.49,96.39,47.52,0.667,51,60,13,46.1,8.9,6.07,False,False,135.35,19.16,0.838,False,166.86,-25.51,1.35,2.63,10.0,10.0,4387560.0,5233320.0,1.0,2214800.0,3751630.0,5208946.0,0.425,81.79,14,29,30,23.2,26,吃老本,True
HPQ,Information Technology,HP Inc.,2026-08-10,30.11,21.22,46.45,60.81,47.32,1.0,15,6,17,12.7,20.26,5.61,True,True,25.31,21.22,1.22,False,32.19,-2.76,11.07,29.66,12.0,8.0,16374783.0,13417062.0,1.5,23440100.0,15088320.0,15875040.0,1.477,100.0,15,1,4,7.2,5,剛爆發,True
WDC,Information Technology,Western Digital,2026-08-10,508.8,6.62,5.58,80.83,43.46,1.0,45,42,15,38.1,7.87,13.57,False,False,554.11,35.62,0.822,False,799.87,-39.08,7.92,4.39,11.0,9.0,7558818.0,9195055.0,1.222,8666600.0,9100370.0,8676566.0,0.999,88.52,16,24,9,17.8,20,吃老本,True
WDAY,Information Technology,"Workday, Inc.",2026-08-10,198.68,37.23,58.93,37.57,42.83,1.0,3,4,29,8.5,5.68,6.41,True,True,144.16,42.73,1.334,False,249.85,-17.37,21.27,41.96,11.0,9.0,5726981.0,4292366.0,1.222,16311100.0,4885000.0,5376206.0,3.034,100.0,17,1,1,7.4,6,剛爆發,True
ZBRA,Information Technology,Zebra Technologies,2026-08-10,376.03,40.62,44.99,42.1,42.45,1.0,2,8,24,8.2,45.1,11.88,False,True,273.73,30.66,1.363,False,386.23,-1.71,4.23,42.34,13.0,7.0,934830.0,685714.0,1.857,760000.0,1018090.0,941813.0,0.807,100.0,18,1,18,11.2,9,剛爆發,True
SMCI,Information Technology,Supermicro,2026-08-10,39.84,64.76,28.35,30.45,38.5,1.0,1,16,33,11.9,77.55,34.51,False,True,30.96,47.28,2.189,False,58.78,-33.38,33.29,58.67,12.0,8.0,77271208.0,35305387.0,1.5,122419600.0,65005220.0,56770200.0,2.156,100.0,19,1,2,8.4,8,剛爆發,True
LITE,Information Technology,Lumentum,2026-08-10,926.14,26.38,-4.59,64.58,37.74,0.667,9,53,16,23.6,8.79,4.62,False,True,813.92,35.42,1.186,False,1085.68,-18.91,5.05,24.66,12.0,8.0,5557675.0,4687487.0,1.5,4620500.0,5730840.0,5490393.0,0.842,100.0,20,1,14,11.2,9,剛爆發,True
ANET,Information Technology,Arista Networks,2026-08-10,198.82,17.92,40.04,40.42,34.7,1.0,22,9,27,19.1,15.18,7.73,False,True,173.4,21.39,1.152,False,214.89,-5.24,5.88,20.8,13.0,7.0,8289453.0,7197100.0,1.857,7901000.0,9573650.0,8701120.0,0.908,100.0,21,1,13,11.4,12,剛爆發,True
PLTR,Information Technology,Palantir Technologies,2026-08-10,174.04,31.47,29.89,32.44,31.56,1.0,4,15,31,12.7,18.51,18.08,False,True,134.35,37.73,1.828,False,207.52,-13.74,14.81,33.15,8.0,12.0,65004287.0,35568083.0,0.667,36369500.0,63640490.0,52859793.0,0.688,100.0,22,1,24,14.0,14,剛爆發,True
KEYS,Information Technology,Keysight Technologies,2026-08-10,357.82,13.27,2.52,53.24,30.57,1.0,30,46,18,32.4,,,,,,,,,,,,,,,,,,,,,,,23,31,31,,31,吃老本,False
TER,Information Technology,Teradyne,2026-08-10,418.79,29.91,23.99,33.14,30.05,1.0,6,20,30,15.0,20.28,20.93,False,True,383.26,18.97,0.885,False,487.91,-15.86,6.66,27.37,10.0,10.0,3442090.0,3887770.0,1.0,1878900.0,2918930.0,3907073.0,0.481,99.58,24,18,29,22.6,25,剛爆發,True
JBL,Information Technology,Jabil,2026-08-10,363.1,20.63,6.85,42.7,28.22,1.0,17,37,23,24.2,,,,,,,,,,,,,,,,,,,,,,,25,31,31,,31,吃老本,False
LRCX,Information Technology,Lam Research,2026-08-10,332.36,6.08,16.81,41.38,26.41,1.0,49,28,25,37.9,,,,,,,,,,,,,,,,,,,,,,,26,31,31,,31,,False
FFIV,Information Technology,"F5, Inc.",2026-08-10,403.2,-1.44,11.2,47.19,26.04,0.667,64,33,20,45.9,,,,,,,,,,,,,,,,,,,,,,,27,31,31,,31,,False
COHR,Information Technology,Coherent Corp.,2026-08-10,325.83,17.37,-14.8,49.99,25.64,0.667,24,65,19,35.3,,,,,,,,,,,,,,,,,,,,,,,28,31,31,,31,,False
AMAT,Information Technology,Applied Materials,2026-08-10,507.18,-4.24,16.3,43.26,24.65,0.667,68,30,22,47.4,,,,,,,,,,,,,,,,,,,,,,,29,31,31,,31,,False
MSFT,Information Technology,Microsoft,2026-08-10,495.4,25.79,17.67,23.99,22.86,1.0,11,27,38,21.2,11.81,4.9,False,True,411.41,13.06,1.406,False,550.24,-9.7,-0.6,23.88,12.0,8.0,43627850.0,31039987.0,1.5,23017200.0,38301480.0,41884506.0,0.55,100.0,30,1,28,18.0,21,剛爆發,True
CSCO,Information Technology,Cisco,2026-08-10,111.68,-0.23,-5.17,46.66,21.98,0.333,60,54,21,50.4,,,,,,,,,,,,,,,,,,,,,,,31,31,31,,31,,False
KLAC,Information Technology,KLA Corporation,2026-08-10,203.72,-4.24,13.05,39.5,21.95,0.667,68,32,28,49.2,,,,,,,,,,,,,,,,,,,,,,,32,31,31,,31,,False
ROP,Information Technology,Roper Technologies,2026-08-10,399.34,9.97,24.76,24.88,21.12,1.0,36,19,35,30.7,,,,,,,,,,,,,,,,,,,,,,,33,31,31,,31,,False
NOW,Information Technology,ServiceNow,2026-08-10,124.0,20.11,30.43,15.8,20.54,1.0,19,13,46,22.6,5.05,0.39,False,True,107.53,19.58,0.921,False,194.73,-34.65,8.44,22.34,13.0,7.0,24463107.0,26567757.0,1.857,23079100.0,18943650.0,23698846.0,0.974,100.0,34,1,11,16.2,16,剛爆發,True
IT,Information Technology,Gartner,2026-08-10,181.09,29.17,23.84,14.19,20.35,1.0,7,21,50,19.8,17.06,13.64,False,True,150.87,25.42,1.07,False,265.85,-31.05,-0.82,29.71,12.0,8.0,1608100.0,1503175.0,1.5,1618800.0,1825390.0,1651553.0,0.98,100.0,35,1,10,16.4,17,剛爆發,True
CIEN,Information Technology,Ciena,2026-08-10,428.77,14.52,-22.67,41.08,18.5,0.667,28,72,26,40.8,,,,,,,,,,,,,,,,,,,,,,,36,31,31,,31,,False
APH,Information Technology,Amphenol,2026-08-10,167.11,10.52,33.89,14.29,18.25,1.0,35,12,49,30.9,13.19,11.96,False,True,159.19,12.5,1.397,False,178.52,-7.15,-2.85,8.23,8.0,12.0,8177462.0,5855225.0,0.667,4191100.0,6113340.0,7024520.0,0.597,88.24,37,25,27,30.2,29,剛爆發,True
GEN,Information Technology,Gen Digital,2026-08-10,28.48,6.51,22.1,20.71,17.51,1.0,46,24,41,38.4,,,,,,,,,,,,,,,,,,,,,,,38,31,31,,31,剛爆發,False
CDW,Information Technology,CDW Corporation,2026-08-10,139.42,4.64,37.4,11.11,16.07,1.0,52,10,52,39.4,3.97,-0.26,False,True,136.12,29.31,0.791,False,168.93,-15.91,0.06,-1.6,12.0,8.0,1876766.0,2372687.0,1.5,1466000.0,2275490.0,2012186.0,0.729,85.4,39,27,21,30.6,30,剛爆發,True
VRSN,Information Technology,Verisign,2026-08-10,284.24,2.37,-4.23,30.6,14.84,0.667,58,52,32,51.0,,,,,,,,,,,,,,,,,,,,,,,40,31,31,,31,剛爆發,False
NVDA,Information Technology,Nvidia,2026-08-10,225.16,11.02,0.05,23.32,14.42,1.0,33,49,39,39.0,,,,,,,,,,,,,,,,,,,,,,,41,31,31,,31,剛爆發,False
Q,Information Technology,Qnity Electronics,2026-08-10,142.3,4.36,-9.45,27.55,12.5,0.667,53,62,34,51.9,,,,,,,,,,,,,,,,,,,,,,,42,31,31,,31,剛爆發,False
SWKS,Information Technology,Skyworks Solutions,2026-08-10,69.62,17.3,2.47,14.44,12.17,1.0,25,47,48,36.2,,,,,,,,,,,,,,,,,,,,,,,43,31,31,,31,剛爆發,False
GLW,Information Technology,Corning Inc.,2026-08-10,165.99,7.36,-13.33,24.8,10.91,0.667,40,64,37,46.6,,,,,,,,,,,,,,,,,,,,,,,44,31,31,,31,剛爆發,False
TXN,Information Technology,Texas Instruments,2026-08-10,279.58,-1.06,-7.17,24.88,10.38,0.333,62,58,35,55.4,,,,,,,,,,,,,,,,,,,,,,,45,31,31,,31,剛爆發,False
AVGO,Information Technology,Broadcom,2026-08-10,392.99,5.98,-7.43,21.3,10.29,0.667,50,59,40,50.7,,,,,,,,,,,,,,,,,,,,,,,46,31,31,,31,剛爆發,False
ADSK,Information Technology,Autodesk,2026-08-10,251.66,15.26,6.36,8.84,9.82,1.0,26,39,53,35.3,,,,,,,,,,,,,,,,,,,,,,,47,31,31,,31,剛爆發,False
MPWR,Information Technology,Monolithic Power Systems,2026-08-10,1402.01,6.86,-9.41,20.1,9.41,0.667,43,61,42,48.2,,,,,,,,,,,,,,,,,,,,,,,48,31,31,,31,剛爆發,False
CRM,Information Technology,Salesforce,2026-08-10,196.21,14.9,13.37,3.95,9.04,1.0,27,31,57,34.2,,,,,,,,,,,,,,,,,,,,,,,49,31,31,,31,剛爆發,False
CTSH,Information Technology,Cognizant,2026-08-10,58.79,31.32,25.62,-10.58,8.94,0.667,5,17,69,21.4,-0.66,4.98,False,True,48.74,13.32,1.191,False,85.98,-31.04,4.22,37.79,14.0,6.0,10487364.0,8802966.0,2.333,7521000.0,9945570.0,10554200.0,0.713,100.0,50,1,23,25.0,27,剛爆發,False
MSI,Information Technology,Motorola Solutions,2026-08-10,466.51,12.87,18.98,1.6,8.76,1.0,31,26,60,35.3,,,,,,,,,,,,,,,,,,,,,,,51,31,31,,31,剛爆發,False
AAPL,Information Technology,Apple Inc.,2026-08-10,305.93,-8.25,1.99,19.82,8.34,0.667,71,48,43,58.5,,,,,,,,,,,,,,,,,,,,,,,52,31,31,,31,剛爆發,False
ADI,Information Technology,Analog Devices,2026-08-10,389.39,3.74,-6.48,16.19,7.41,0.667,56,57,45,54.1,,,,,,,,,,,,,,,,,,,,,,,53,31,31,,31,剛爆發,False
TYL,Information Technology,Tyler Technologies,2026-08-10,328.64,2.86,5.37,8.13,6.12,1.0,57,44,55,52.7,,,,,,,,,,,,,,,,,,,,,,,54,31,31,,31,剛爆發,False
TDY,Information Technology,Teledyne Technologies,2026-08-10,679.67,6.95,10.23,2.94,5.76,1.0,42,34,58,42.8,,,,,,,,,,,,,,,,,,,,,,,55,31,31,,31,剛爆發,False
GDDY,Information Technology,GoDaddy,2026-08-10,94.91,0.59,8.87,6.5,5.61,1.0,59,35,56,51.2,,,,,,,,,,,,,,,,,,,,,,,56,31,31,,31,剛爆發,False
ADBE,Information Technology,Adobe Inc.,2026-08-10,264.02,11.28,6.63,0.02,4.49,1.0,32,38,61,39.6,,,,,,,,,,,,,,,,,,,,,,,57,31,31,,31,剛爆發,False
QCOM,Information Technology,Qualcomm,2026-08-10,165.79,-3.49,-17.41,19.03,4.29,0.333,67,69,44,63.0,,,,,,,,,,,,,,,,,,,,,,,58,31,31,,31,剛爆發,False
PTC,Information Technology,PTC Inc.,2026-08-10,149.75,20.41,5.52,-4.48,4.24,0.667,18,43,65,34.9,,,,,,,,,,,,,,,,,,,,,,,59,31,31,,31,剛爆發,False
AKAM,Information Technology,Akamai Technologies,2026-08-10,124.99,3.99,-17.16,11.84,2.63,0.667,54,68,51,57.6,,,,,,,,,,,,,,,,,,,,,,,60,31,31,,31,剛爆發,False
CDNS,Information Technology,Cadence Design Systems,2026-08-10,324.82,-1.6,-6.46,8.47,2.22,0.333,65,56,54,60.1,,,,,,,,,,,,,,,,,,,,,,,61,31,31,,31,剛爆發,False
FSLR,Information Technology,First Solar,2026-08-10,225.56,6.4,-3.35,-0.04,0.74,0.333,47,51,62,51.2,,,,,,,,,,,,,,,,,,,,,,,62,31,31,,31,剛爆發,False
IBM,Information Technology,IBM,2026-08-10,234.32,10.97,7.62,-9.39,-0.05,0.667,34,36,68,41.4,,,,,,,,,,,,,,,,,,,,,,,63,31,31,,31,剛爆發,False
ON,Information Technology,ON Semiconductor,2026-08-10,82.66,-5.39,-26.92,14.47,-0.84,0.333,70,73,47,66.3,,,,,,,,,,,,,,,,,,,,,,,64,31,31,,31,剛爆發,False
TEL,Information Technology,TE Connectivity,2026-08-10,216.23,6.35,5.83,-7.82,-0.86,0.667,48,41,67,49.7,,,,,,,,,,,,,,,,,,,,,,,65,31,31,,31,剛爆發,False
ACN,Information Technology,Accenture,2026-08-10,176.89,23.21,6.04,-19.49,-2.43,0.667,14,40,73,33.6,2.46,3.26,False,True,152.17,16.15,0.848,False,285.21,-37.42,4.31,23.43,13.0,7.0,6685223.0,7885371.0,1.857,9335000.0,5904050.0,6903886.0,1.352,100.0,66,1,6,28.0,28,剛爆發,True
TRMB,Information Technology,Trimble Inc.,2026-08-10,57.6,9.26,4.48,-13.25,-3.19,0.667,38,45,71,46.7,,,,,,,,,,,,,,,,,,,,,,,67,31,31,,31,剛爆發,False
ORCL,Information Technology,Oracle Corporation,2026-08-10,150.52,19.07,-21.72,-5.35,-3.34,0.333,20,71,66,44.5,,,,,,,,,,,,,,,,,,,,,,,68,31,31,,31,剛爆發,False
SNPS,Information Technology,Synopsys,2026-08-10,421.5,9.69,-16.11,-3.57,-3.39,0.333,37,67,64,51.4,,,,,,,,,,,,,,,,,,,,,,,69,31,31,,31,剛爆發,False
MCHP,Information Technology,Microchip Technology,2026-08-10,79.17,-2.21,-15.22,1.88,-3.42,0.333,66,66,59,64.6,,,,,,,,,,,,,,,,,,,,,,,70,31,31,,31,剛爆發,False
INTU,Information Technology,Intuit,2026-08-10,345.66,18.75,-11.66,-12.8,-4.63,0.333,21,63,70,43.4,,,,,,,,,,,,,,,,,,,,,,,71,31,31,,31,剛爆發,False
NXPI,Information Technology,NXP Semiconductors,2026-08-10,234.71,-11.94,-19.21,-3.15,-9.36,0.0,72,70,63,69.6,,,,,,,,,,,,,,,,,,,,,,,72,31,31,,31,剛爆發,False
FICO,Information Technology,Fair Isaac,2026-08-10,1085.78,-13.63,-1.17,-19.26,-13.33,0.0,73,50,72,65.9,,,,,,,,,,,,,,,,,,,,,,,73,31,31,,31,剛爆發,False
NUE,Materials,Nucor,2026-08-10,268.91,13.65,18.74,47.62,31.91,1.0,3,6,1,3.5,6.94,14.67,False,True,248.24,10.68,1.214,False,280.11,-2.79,0.11,14.95,14.0,6.0,1486500.0,1224266.0,2.333,822300.0,1308390.0,1458640.0,0.564,100.0,1,1,19,4.6,1,,True
STLD,Materials,Steel Dynamics,2026-08-10,255.77,8.6,11.78,34.15,22.17,1.0,8,12,2,8.0,0.56,-0.19,False,True,251.71,10.77,1.064,False,288.09,-9.57,-0.36,11.27,12.0,8.0,1127683.0,1060212.0,1.5,607800.0,1008860.0,1092020.0,0.557,97.73,2,5,20,6.8,3,,True
CF,Materials,CF Industries,2026-08-10,118.3,-2.57,-5.54,25.48,10.71,0.333,21,20,3,17.1,-15.07,45.68,False,True,114.4,14.97,1.151,False,141.38,-17.21,0.27,-1.8,9.0,11.0,2540666.0,2207163.0,0.818,2065400.0,2473140.0,2296966.0,0.899,81.45,3,18,6,9.6,10,吃老本,False
PKG,Materials,Packaging Corporation of America,2026-08-10,255.48,9.62,21.26,5.02,10.23,1.0,7,4,7,6.1,1.62,12.54,False,True,236.1,5.77,1.17,False,259.98,-1.13,1.7,13.81,11.0,9.0,722081.0,617411.0,1.222,375700.0,504170.0,729666.0,0.515,97.77,4,4,22,7.6,5,,True
SW,Materials,Smurfit Westrock,2026-08-10,49.25,11.17,31.4,-2.53,9.38,0.667,6,2,13,6.2,-16.91,-17.35,False,True,45.26,10.18,1.317,False,51.99,-3.79,6.58,11.73,9.0,11.0,5985200.0,4544927.0,0.818,4190900.0,4475180.0,5493226.0,0.763,94.99,5,9,9,7.4,4,,True
APD,Materials,Air Products,2026-08-10,308.97,4.52,5.25,11.83,8.36,1.0,14,16,5,12.8,3.8,4.54,False,True,290.61,7.8,0.925,False,314.87,-2.97,1.87,1.18,13.0,7.0,1002507.0,1083928.0,1.857,710100.0,960000.0,1030466.0,0.689,95.5,6,8,14,8.4,6,,True
FCX,Materials,Freeport-McMoRan,2026-08-10,66.49,13.89,5.78,6.3,8.07,1.0,2,14,6,6.4,18.5,21.95,False,True,64.1,15.16,0.875,False,72.1,-7.32,-1.98,14.12,11.0,9.0,12852654.0,14688466.0,1.222,9292800.0,11830800.0,12730646.0,0.73,91.33,7,13,10,10.0,11,吃老本,True
IFF,Materials,International Flavors & Fragrances,2026-08-10,84.18,7.65,15.77,2.56,7.13,1.0,12,7,9,9.9,-26.57,16.51,False,True,78.08,12.94,0.854,False,89.32,-5.89,-0.58,11.93,12.0,8.0,1698633.0,1989312.0,1.5,1113200.0,1853430.0,1937906.0,0.574,94.37,8,12,16,11.2,12,,False
NEM,Materials,Newmont,2026-08-10,117.76,31.28,8.23,-5.98,6.89,0.667,1,13,15,7.4,5.68,33.45,False,True,98.89,26.34,1.044,False,134.29,-14.97,8.31,25.72,11.0,9.0,7736081.0,7411233.0,1.222,6669200.0,7494330.0,7359133.0,0.906,100.0,9,1,5,5.0,2,剛爆發,True
SHW,Materials,Sherwin-Williams,2026-08-10,359.1,8.38,19.97,-2.19,6.0,0.667,10,5,11,8.7,5.13,3.56,False,True,331.98,8.87,1.1,False,376.95,-4.09,-0.51,9.9,12.0,8.0,2161750.0,1964350.0,1.5,1723100.0,1809660.0,2192573.0,0.786,97.49,10,7,8,8.4,6,,True
AMCR,Materials,Amcor,2026-08-10,46.03,4.76,27.55,-5.35,5.4,0.667,13,3,14,10.2,4.04,0.55,False,True,43.09,7.67,0.767,False,49.46,-6.22,-1.44,6.87,10.0,10.0,3490150.0,4553280.0,1.0,4812300.0,4316170.0,4195126.0,1.147,81.96,11,17,1,11.4,13,吃老本,True
LYB,Materials,LyondellBasell,2026-08-10,63.76,7.76,-14.17,13.19,4.99,0.667,11,23,4,13.2,25.6,76.13,False,True,59.92,10.59,1.002,False,83.07,-24.88,1.56,7.59,9.0,11.0,4631888.0,4622045.0,0.818,5142500.0,4749780.0,4716853.0,1.09,84.99,12,16,3,11.8,14,,True
IP,Materials,International Paper,2026-08-10,40.74,8.47,36.64,-14.95,3.8,0.667,9,1,21,9.0,205.43,5.41,False,True,38.08,9.56,1.223,False,49.02,-16.12,1.46,12.66,11.0,9.0,5834963.0,4771011.0,1.222,3838000.0,4336960.0,5519100.0,0.695,97.91,13,3,12,8.8,9,剛爆發,True
AVY,Materials,Avery Dennison,2026-08-10,178.93,11.55,15.28,-7.57,2.92,0.667,5,8,18,8.5,17.0,1.81,False,True,163.37,10.47,1.15,False,197.29,-8.76,3.46,13.04,11.0,9.0,901890.0,784500.0,1.222,1030300.0,931390.0,912033.0,1.13,97.66,14,6,2,8.4,6,剛爆發,True
ECL,Materials,Ecolab,2026-08-10,276.11,1.2,11.81,-7.21,-0.35,0.667,16,11,16,14.5,0.48,0.17,False,True,272.76,5.56,1.104,False,307.61,-10.19,-2.54,2.41,11.0,9.0,1299818.0,1176888.0,1.222,874300.0,1186390.0,1273440.0,0.687,88.09,15,14,15,14.6,16,,True
BALL,Materials,Ball Corporation,2026-08-10,61.82,-1.42,12.4,-7.52,-1.01,0.333,17,9,17,14.6,4.27,11.31,False,True,60.51,8.32,1.004,False,67.84,-8.71,-1.9,2.43,8.0,12.0,2019325.0,2010683.0,0.667,1387300.0,2045920.0,2004673.0,0.692,78.27,16,20,13,17.0,20,,True
LIN,Materials,Linde plc,2026-08-10,482.74,-5.94,-4.32,1.02,-2.06,0.333,24,19,10,19.7,0.66,1.4,False,False,510.44,6.65,1.011,False,548.2,-12.77,-2.43,-8.49,7.0,13.0,2225857.0,2202092.0,0.538,2193200.0,2474570.0,2297306.0,0.955,69.7,17,21,4,16.0,18,,True
PPG,Materials,PPG Industries,2026-08-10,114.11,-2.16,11.87,-11.5,-3.33,0.333,19,10,19,16.3,-1.04,3.65,False,False,116.4,8.8,0.941,False,130.99,-12.42,-1.47,1.41,13.0,7.0,1825076.0,1938600.0,1.857,1175900.0,1634060.0,2058053.0,0.571,94.59,18,11,18,15.2,17,剛爆發,False
CTVA,Materials,Corteva,2026-08-10,76.68,-12.16,-6.51,2.67,-3.34,0.333,25,22,8,20.7,2.93,27.11,False,False,81.2,12.51,0.806,False,90.97,-16.69,-1.39,-10.74,9.0,11.0,4352155.0,5398463.0,0.818,2866800.0,5840260.0,5316653.0,0.539,69.38,19,22,21,20.6,22,,True
DOW,Materials,Dow Inc.,2026-08-10,31.07,3.84,-19.0,-2.25,-4.92,0.333,15,24,12,17.1,12.62,51.7,False,False,30.57,9.09,0.951,False,42.31,-28.24,0.2,3.62,11.0,9.0,9655881.0,10149788.0,1.222,6860600.0,8472430.0,9564200.0,0.717,87.23,20,15,11,16.2,19,,True
VMC,Materials,Vulcan Materials Company,2026-08-10,282.0,-2.01,5.7,-13.44,-5.8,0.333,18,15,20,17.5,4.92,22.32,False,False,288.57,6.55,1.001,False,329.2,-15.7,-1.28,-5.04,10.0,10.0,994160.0,993660.0,1.0,606400.0,1024870.0,1060706.0,0.572,78.98,21,19,17,19.4,21,,True
MLM,Materials,Martin Marietta Materials,2026-08-10,547.93,-2.61,-1.78,-19.07,-10.63,0.0,22,18,23,21.0,,,,,,,,,,,,,,,,,,,,,,,22,23,23,,23,,False
ALB,Materials,Albemarle Corporation,2026-08-10,136.15,12.73,-24.33,-17.74,-11.77,0.333,4,25,22,13.9,15.71,124.6,False,False,135.17,14.44,1.115,False,220.44,-40.81,4.03,9.22,11.0,9.0,2518845.0,2259455.0,1.222,2105400.0,2555150.0,2424026.0,0.869,94.99,23,9,7,14.2,15,剛爆發,True
MOS,Materials,Mosaic Company (The),2026-08-10,21.61,-2.35,0.32,-25.75,-13.38,0.333,20,17,25,20.1,,,,,,,,,,,,,,,,,,,,,,,24,23,23,,23,,False
CRH,Materials,CRH plc,2026-08-10,97.15,-5.61,-5.87,-22.33,-14.03,0.0,23,21,24,22.6,,,,,,,,,,,,,,,,,,,,,,,25,23,23,,23,,False
DOC,Real Estate,Healthpeak Properties,2026-08-10,20.79,-7.22,8.98,27.85,14.37,0.667,30,10,1,18.2,198.62,363.12,False,False,21.05,9.28,0.95,False,22.95,-9.32,-1.37,-3.49,10.0,10.0,6113260.0,6436550.0,1.0,3220200.0,6157230.0,6210613.0,0.518,78.98,1,19,20,12.0,9,吃老本,True
HST,Real Estate,Host Hotels & Resorts,2026-08-10,22.9,-4.34,11.22,20.82,12.13,0.667,22,4,2,12.6,4.39,116.0,False,False,23.8,13.6,0.8,False,25.71,-11.51,-2.69,-4.41,10.0,10.0,9181390.0,11475310.0,1.0,9820900.0,11765480.0,10983726.0,0.894,75.28,2,23,7,11.4,8,吃老本,True
IRM,Real Estate,Iron Mountain,2026-08-10,129.43,4.53,4.19,19.62,11.99,1.0,5,21,3,9.4,7.51,15.76,False,True,124.63,7.74,1.001,False,134.68,-5.98,3.82,3.23,13.0,7.0,2000292.0,1997842.0,1.857,1180500.0,2027560.0,1950406.0,0.605,98.84,3,3,16,5.6,2,,True
DLR,Real Estate,Digital Realty,2026-08-10,200.15,15.11,6.88,12.09,11.54,1.0,1,16,11,7.5,-15.0,2.71,False,True,185.68,7.38,1.305,False,207.47,-4.77,2.61,12.22,12.0,8.0,3053066.0,2338787.0,1.5,1521900.0,2061430.0,2824500.0,0.539,100.0,4,1,18,5.6,2,,False
EQIX,Real Estate,Equinix,2026-08-10,1102.1,8.05,4.54,16.46,11.38,1.0,4,19,5,8.7,6.33,-3.8,False,True,1051.77,7.65,1.008,False,1124.0,-4.47,1.99,5.0,11.0,9.0,605909.0,601111.0,1.222,291000.0,663140.0,645686.0,0.451,89.77,5,9,22,10.0,6,,True
BXP,Real Estate,"BXP, Inc.",2026-08-10,68.45,-2.0,18.24,14.03,11.08,0.667,15,1,9,9.6,14.75,97.57,False,True,66.62,9.71,1.091,False,75.95,-8.91,0.54,3.19,11.0,9.0,1534872.0,1406322.0,1.222,1084100.0,1229410.0,1550273.0,0.699,89.56,6,10,12,8.8,4,,True
CBRE,Real Estate,CBRE Group,2026-08-10,152.86,8.44,17.63,7.41,10.22,1.0,3,2,15,5.1,5.77,42.05,False,True,138.94,6.23,1.223,False,174.27,-12.84,3.01,14.09,13.0,7.0,1893453.0,1548285.0,1.857,1399500.0,1502790.0,1845913.0,0.758,100.0,7,1,9,5.0,1,剛爆發,True
ESS,Real Estate,Essex Property Trust,2026-08-10,287.52,-1.85,8.61,16.73,10.06,0.667,13,11,4,10.6,-35.97,15.55,False,True,286.25,3.81,1.211,False,303.35,-5.26,0.8,-3.39,11.0,9.0,475327.0,392611.0,1.222,297200.0,380560.0,420326.0,0.707,87.8,8,11,11,9.8,5,,False
INVH,Real Estate,Invitation Homes,2026-08-10,30.29,0.56,9.56,14.76,9.91,1.0,8,7,7,7.5,9.76,-14.31,False,True,29.67,5.15,0.958,False,30.89,-1.92,-0.23,0.23,8.0,11.0,4044137.0,4219554.0,0.727,2200500.0,3977440.0,4106640.0,0.536,77.73,9,20,19,15.4,17,吃老本,True
PSA,Real Estate,Public Storage,2026-08-10,325.93,2.48,12.48,10.64,9.06,1.0,7,3,12,6.8,-2.93,2.19,False,True,319.39,7.12,0.915,False,335.55,-2.04,0.53,2.13,9.0,11.0,1065511.0,1164581.0,0.818,687600.0,908360.0,1111193.0,0.619,79.77,10,17,15,13.8,12,吃老本,False
SPG,Real Estate,Simon Property Group,2026-08-10,219.58,-3.99,10.98,14.08,8.79,0.667,18,5,8,12.1,10.11,-17.98,False,True,220.41,6.06,0.861,False,238.5,-7.14,-0.16,0.09,9.0,11.0,1311800.0,1524409.0,0.818,1089600.0,1538310.0,1440080.0,0.757,77.32,11,21,10,14.8,16,吃老本,True
WELL,Real Estate,Welltower,2026-08-10,235.52,-2.81,10.61,12.97,8.44,0.667,17,6,10,12.3,-16.88,9.38,False,True,226.32,5.84,0.893,False,254.24,-7.79,-0.29,0.87,10.0,10.0,3073830.0,3440250.0,1.0,4477400.0,3593210.0,3478840.0,1.287,81.05,12,14,1,10.6,7,,False
FRT,Real Estate,Federal Realty Investment Trust,2026-08-10,118.39,-6.05,5.59,15.24,7.5,0.667,28,17,6,20.3,35.3,165.2,False,False,121.86,8.2,1.08,False,128.21,-7.27,0.83,-2.42,9.0,11.0,978622.0,906054.0,0.818,944300.0,1002680.0,969126.0,0.974,80.05,13,16,4,12.4,10,,True
KIM,Real Estate,Kimco Realty,2026-08-10,24.41,-6.55,7.29,9.88,5.13,0.667,29,15,13,21.6,13.48,7.45,False,False,25.07,7.35,0.761,False,26.65,-8.48,-0.16,-3.41,7.0,13.0,3948942.0,5192138.0,0.538,2902300.0,5200840.0,5004506.0,0.58,69.28,14,24,17,18.6,23,吃老本,True
VTR,Real Estate,Ventas,2026-08-10,91.52,-4.77,5.27,8.69,4.47,0.667,26,18,14,21.2,51.73,-1.4,False,True,89.06,7.9,0.732,False,101.6,-11.13,-2.14,-2.28,10.0,9.0,3011880.0,4117388.0,1.111,2306100.0,3257630.0,3663980.0,0.629,77.24,15,22,14,17.6,22,吃老本,True
EXR,Real Estate,Extra Space Storage,2026-08-10,147.9,-0.18,9.21,3.34,3.93,0.667,11,9,19,12.0,8.6,3.4,False,True,146.69,5.11,1.217,False,158.88,-5.97,-0.09,2.81,11.0,8.0,1341881.0,1102387.0,1.375,574200.0,1042210.0,1293346.0,0.444,93.57,16,6,23,13.4,11,剛爆發,True
CPT,Real Estate,Camden Property Trust,2026-08-10,110.36,-2.31,8.56,3.74,3.43,0.667,16,12,18,15.2,-33.95,-196.43,False,False,112.08,7.21,1.079,False,119.81,-7.8,-0.24,-3.26,9.0,11.0,1043322.0,966654.0,0.818,796000.0,925900.0,917746.0,0.867,79.11,17,18,8,15.6,19,,True
AVB,Real Estate,AvalonBay Communities,2026-08-10,184.06,-4.4,2.73,6.62,2.89,0.667,24,25,16,22.7,,,,,,,,,,,,,,,,,,,,,,,18,25,25,,25,吃老本,False
EQR,Real Estate,Equity Residential,2026-08-10,65.97,-4.39,4.34,5.64,2.81,0.667,23,20,17,20.9,,,,,,,,,,,,,,,,,,,,,,,19,25,25,,25,吃老本,False
MAA,Real Estate,Mid-America Apartment Communities,2026-08-10,133.49,0.4,7.42,0.84,2.38,1.0,9,14,23,13.3,33.8,26.45,False,False,134.39,4.86,0.976,False,142.76,-5.99,0.43,-0.1,10.0,10.0,1076910.0,1103070.0,1.0,1018500.0,1008530.0,1057546.0,0.963,82.2,20,13,5,14.2,13,剛爆發,True
PLD,Real Estate,Prologis,2026-08-10,141.03,-5.85,1.08,3.04,0.33,0.667,27,27,20,25.6,,,,,,,,,,,,,,,,,,,,,,,21,25,25,,25,,False
UDR,Real Estate,"UDR, Inc.",2026-08-10,37.94,-4.58,3.13,1.22,0.25,0.667,25,24,22,24.1,,,,,,,,,,,,,,,,,,,,,,,22,25,25,,25,,False
REG,Real Estate,Regency Centers,2026-08-10,76.71,-7.22,1.81,2.64,-0.03,0.667,30,26,21,27.0,,,,,,,,,,,,,,,,,,,,,,,23,25,25,,25,,False
WY,Real Estate,Weyerhaeuser,2026-08-10,24.56,0.29,9.22,-6.6,-0.92,0.667,10,8,27,12.8,66.58,119.91,False,True,24.36,8.62,1.143,False,27.28,-9.01,-2.48,4.29,11.0,9.0,5869118.0,5136844.0,1.222,3746000.0,6283980.0,5863806.0,0.639,89.91,24,8,13,15.4,17,剛爆發,True
O,Real Estate,Realty Income,2026-08-10,62.74,-4.12,3.99,-1.96,-1.01,0.333,20,22,24,21.4,,,,,,,,,,,,,,,,,,,,,,,25,25,25,,25,,False
AMT,Real Estate,American Tower,2026-08-10,175.58,3.25,3.88,-6.81,-1.62,0.667,6,23,28,15.5,20.65,17.04,False,True,173.98,7.6,0.884,False,206.8,-15.77,1.75,3.3,13.0,7.0,2896776.0,3275757.0,1.857,1357000.0,2608930.0,3094286.0,0.439,96.01,26,5,24,17.2,21,剛爆發,True
ARE,Real Estate,Alexandria Real Estate Equities,2026-08-10,48.14,-4.14,8.45,-5.62,-1.73,0.333,21,13,25,19.4,26.17,1359.96,False,False,50.58,12.45,0.923,False,83.17,-41.78,-0.12,0.71,11.0,9.0,1769081.0,1916988.0,1.222,1873100.0,2077790.0,1984573.0,0.944,84.86,27,12,6,16.8,20,剛爆發,True
VICI,Real Estate,Vici Properties,2026-08-10,26.36,-1.9,-3.93,-7.03,-4.97,0.0,14,29,29,21.5,-31.75,15.01,False,False,26.72,3.38,1.294,False,31.85,-17.31,-0.75,-2.98,11.0,8.0,10969181.0,8478200.0,1.375,12933800.0,11305120.0,10855073.0,1.191,91.18,28,7,2,14.4,14,剛爆發,False
SBAC,Real Estate,SBA Communications,2026-08-10,185.2,-0.26,-6.66,-6.57,-5.01,0.0,12,30,26,20.2,-1.22,-0.28,False,False,187.93,9.35,0.847,False,223.11,-16.55,1.97,-0.49,10.0,10.0,958540.0,1131100.0,1.0,609200.0,1237390.0,1185933.0,0.514,80.32,29,15,21,21.8,24,剛爆發,False
CCI,Real Estate,Crown Castle,2026-08-10,75.98,-4.03,-11.3,-13.89,-10.78,0.0,19,31,30,24.8,,,,,,,,,,,,,,,,,,,,,,,30,25,25,,25,,False
CSGP,Real Estate,CoStar Group,2026-08-10,32.38,8.73,-0.92,-28.03,-12.06,0.333,2,28,31,15.6,11.88,24.8,False,True,30.48,15.49,0.956,False,91.89,-64.03,11.73,19.4,10.0,10.0,7575920.0,7927500.0,1.0,7964700.0,6315770.0,7956273.0,1.001,98.06,31,4,3,14.6,15,剛爆發,True
D,Utilities,Dominion Energy,2026-08-10,68.77,-3.2,12.52,5.55,5.1,0.667,19,1,1,10.0,17.2,4.37,False,False,68.71,5.97,0.974,False,72.99,-6.1,2.6,-3.87,7.0,13.0,3632242.0,3729176.0,0.538,2755200.0,3724540.0,3586680.0,0.768,73.84,1,20,12,10.8,6,吃老本,True
AWK,Utilities,American Water Works,2026-08-10,136.2,1.48,10.31,3.44,4.67,1.0,3,3,3,3.0,3.97,-7.4,False,True,129.83,8.51,0.956,False,143.94,-5.2,1.89,4.44,14.0,6.0,2323228.0,2429283.0,2.333,3409000.0,2490640.0,2575780.0,1.323,100.0,2,1,4,2.0,1,,True
CEG,Utilities,Constellation Energy,2026-08-10,282.5,11.93,5.73,-1.77,3.53,0.667,1,8,14,5.7,11.73,5.3,False,True,260.79,9.17,0.853,False,411.04,-32.21,6.72,10.67,11.0,9.0,2609427.0,3057777.0,1.222,2261700.0,2846300.0,2886533.0,0.784,92.36,3,4,11,5.0,3,,True
PCG,Utilities,PG&E Corporation,2026-08-10,17.84,3.0,10.92,-1.19,2.88,0.667,2,2,11,3.8,11.64,8.83,False,True,17.13,5.31,1.162,False,19.05,-8.35,2.71,-0.29,12.0,8.0,27135408.0,23347562.0,1.5,39848000.0,27674140.0,27335186.0,1.458,93.75,4,3,3,3.4,2,,True
EVRG,Utilities,Evergy,2026-08-10,84.03,-1.82,5.26,3.34,2.53,0.667,11,9,4,9.0,9.85,13.81,False,False,84.35,3.98,1.02,False,88.62,-5.79,0.57,-3.42,7.0,12.0,1883357.0,1846550.0,0.583,2125700.0,1957230.0,1877973.0,1.132,74.77,5,17,6,10.0,4,吃老本,True
ES,Utilities,Eversource Energy,2026-08-10,72.36,-3.03,9.01,0.86,1.93,0.667,17,5,7,11.4,-0.33,6.21,False,True,72.03,3.53,0.748,False,76.57,-5.68,0.22,-3.24,9.0,11.0,1988433.0,2659027.0,0.818,1694600.0,2510970.0,2470606.0,0.686,73.5,6,22,16,14.4,15,吃老本,False
PNW,Utilities,Pinnacle West Capital,2026-08-10,101.48,-5.8,3.13,3.01,0.84,0.667,28,14,5,19.2,-2.66,814.01,False,False,103.99,4.14,0.781,False,111.16,-9.39,-0.1,-7.28,9.0,11.0,1067244.0,1365909.0,0.818,1166000.0,1181330.0,1315213.0,0.887,71.54,7,24,9,14.2,12,吃老本,False
ETR,Utilities,Entergy,2026-08-10,107.84,-4.2,-0.5,3.81,0.73,0.333,21,25,2,18.4,2.39,2.26,False,False,110.74,4.01,0.884,False,117.75,-9.2,0.99,-6.81,9.0,11.0,2496166.0,2822327.0,0.818,1682400.0,2356440.0,2652666.0,0.634,74.06,8,18,19,14.2,12,吃老本,True
AEE,Utilities,Ameren,2026-08-10,109.74,-1.62,3.91,0.27,0.7,0.667,10,12,9,10.4,4.18,9.09,False,False,110.49,3.97,0.861,False,118.32,-7.78,0.79,-3.8,9.0,11.0,1435822.0,1666863.0,0.818,2363300.0,1768620.0,1541066.0,1.534,75.38,9,15,2,10.0,4,吃老本,True
EIX,Utilities,Edison International,2026-08-10,71.41,-8.01,4.48,2.34,0.29,0.667,31,10,6,19.7,26.99,7.42,False,False,73.4,14.7,0.79,False,81.62,-13.4,5.13,-7.82,9.0,11.0,2842866.0,3600609.0,0.818,2672600.0,4122620.0,3498066.0,0.764,73.45,10,23,13,15.8,19,吃老本,True
FE,Utilities,FirstEnergy,2026-08-10,47.41,-1.34,9.27,-3.45,0.26,0.333,9,4,20,9.7,-0.48,0.63,False,False,47.2,4.36,0.796,False,51.3,-8.69,-0.14,-3.91,9.0,11.0,4192633.0,5265863.0,0.818,3499800.0,4648840.0,4939700.0,0.709,73.8,11,21,15,15.8,19,吃老本,False
XEL,Utilities,Xcel Energy,2026-08-10,79.17,0.51,2.37,-1.51,-0.04,0.667,5,17,13,10.2,18.44,0.23,False,False,79.08,4.33,0.811,False,83.22,-5.1,2.61,-0.34,9.0,11.0,4357111.0,5371163.0,0.818,3567800.0,4833050.0,4868606.0,0.733,77.31,12,11,14,12.0,8,,True
EXC,Utilities,Exelon,2026-08-10,45.86,-0.86,6.71,-3.7,-0.39,0.333,7,6,21,9.5,-3.93,2.6,False,False,46.17,4.25,0.866,False,50.18,-9.12,0.62,-0.31,10.0,10.0,7443060.0,8589880.0,1.0,4000300.0,6846920.0,7834806.0,0.511,80.23,13,6,23,12.2,9,剛爆發,False
PPL,Utilities,PPL Corporation,2026-08-10,36.02,0.47,4.1,-3.27,-0.49,0.667,6,11,19,10.1,-4.0,2.08,False,False,35.73,4.03,1.011,False,39.79,-10.33,3.06,-1.16,7.0,13.0,8150814.0,8061538.0,0.538,5714400.0,8336340.0,8919913.0,0.641,76.3,14,14,18,14.8,17,,False
SO,Utilities,Southern Company,2026-08-10,92.8,-2.62,1.1,-0.68,-0.72,0.333,14,21,10,15.3,11.82,8.87,False,False,94.3,4.61,0.946,False,99.26,-6.52,-0.12,-3.3,9.0,11.0,5204633.0,5503554.0,0.818,3447800.0,5940380.0,5736700.0,0.601,76.79,15,13,20,15.2,18,,True
LNT,Utilities,Alliant Energy,2026-08-10,70.6,-4.92,0.33,0.67,-0.81,0.667,25,23,8,21.0,12.23,2.85,False,False,72.94,5.85,1.187,False,78.22,-10.25,0.98,-7.31,7.0,13.0,3132100.0,2637738.0,0.538,3255600.0,3119420.0,2931646.0,1.111,74.86,16,16,7,14.2,12,,True
DUK,Utilities,Duke Energy,2026-08-10,123.92,-0.87,2.46,-2.5,-0.86,0.333,8,16,16,12.0,9.61,7.24,False,False,125.32,4.56,0.767,False,133.34,-6.64,0.48,-1.49,10.0,10.0,4097450.0,5341150.0,1.0,3335000.0,5684460.0,4981733.0,0.669,77.72,17,8,17,13.4,11,剛爆發,True
ED,Utilities,Consolidated Edison,2026-08-10,108.8,-3.18,3.26,-2.77,-1.36,0.333,18,13,17,16.3,7.37,-3.83,False,False,109.21,3.74,1.051,False,115.26,-5.96,-0.51,-3.19,10.0,10.0,2410300.0,2293470.0,1.0,2030000.0,2371930.0,2437873.0,0.833,81.27,18,5,10,11.2,7,剛爆發,True
DTE,Utilities,DTE Energy,2026-08-10,140.84,-4.96,1.56,-1.29,-1.49,0.333,26,18,12,20.8,16.26,-4.14,False,False,146.03,5.95,1.011,False,155.75,-10.41,-0.31,-7.38,8.0,11.0,1359775.0,1345227.0,0.727,1891500.0,1438540.0,1457126.0,1.298,74.05,19,19,5,16.2,23,,True
AEP,Utilities,American Electric Power,2026-08-10,125.6,-4.23,1.12,-1.9,-1.72,0.333,22,20,15,20.0,-8.2,4.61,False,False,130.09,4.72,0.856,False,139.52,-10.13,0.86,-4.65,10.0,10.0,3664060.0,4279080.0,1.0,2246700.0,4124240.0,4060226.0,0.553,77.54,20,9,22,16.0,21,剛爆發,False
WEC,Utilities,WEC Energy Group,2026-08-10,110.52,-2.5,1.25,-3.73,-2.18,0.333,13,19,22,16.6,12.32,5.33,False,False,112.96,4.79,1.289,False,119.91,-8.03,2.14,-4.15,6.0,14.0,2872733.0,2228364.0,0.429,4271100.0,2810060.0,2620900.0,1.63,77.36,21,10,1,12.6,10,剛爆發,True
AES,Utilities,AES Corporation,2026-08-10,14.73,0.93,3.02,-7.31,-2.67,0.667,4,15,27,11.9,-6.05,108.27,False,True,14.57,0.82,1.109,True,17.23,-14.5,0.2,0.65,11.0,6.0,6591709.0,5944783.0,1.833,2994200.0,7160140.0,6839133.0,0.438,97.38,22,2,24,14.4,15,剛爆發,False
CNP,Utilities,CenterPoint Energy,2026-08-10,40.83,-5.33,-1.15,-2.92,-3.08,0.0,27,27,18,25.2,,,,,,,,,,,,,,,,,,,,,,,23,26,26,,26,,False
CMS,Utilities,CMS Energy,2026-08-10,71.11,-2.67,0.06,-5.16,-3.23,0.333,15,24,24,19.5,3.07,2.71,False,False,73.08,4.59,1.172,False,79.1,-10.86,-0.17,-5.33,8.0,12.0,4326137.0,3692275.0,0.667,3840700.0,4084990.0,4071386.0,0.943,77.24,24,12,8,16.0,21,剛爆發,True
ATO,Utilities,Atmos Energy,2026-08-10,169.92,-4.37,-3.17,-4.14,-3.95,0.0,23,28,23,24.5,,,,,,,,,,,,,,,,,,,,,,,25,26,26,,26,,False
NEE,Utilities,NextEra Energy,2026-08-10,86.19,-2.94,-7.0,-6.81,-5.89,0.0,16,30,25,22.0,,,,,,,,,,,,,,,,,,,,,,,26,26,26,,26,,False
PEG,Utilities,Public Service Enterprise Group,2026-08-10,76.04,-3.31,0.34,-10.48,-5.98,0.333,20,22,29,22.4,,,,,,,,,,,,,,,,,,,,,,,27,26,26,,26,,False
SRE,Utilities,Sempra,2026-08-10,86.41,-6.33,-3.76,-7.54,-6.29,0.0,29,29,28,28.8,,,,,,,,,,,,,,,,,,,,,,,28,26,26,,26,,False
VST,Utilities,Vistra Corp.,2026-08-10,148.13,-4.7,6.2,-13.38,-6.32,0.333,24,7,30,20.1,-53.4,53.35,False,False,154.0,15.33,0.674,False,218.91,-33.12,3.55,-4.04,11.0,9.0,3783581.0,5610622.0,1.222,2834800.0,5277170.0,5012413.0,0.566,79.13,29,7,21,18.6,24,剛爆發,False
NI,Utilities,NiSource,2026-08-10,42.5,-6.95,-7.59,-7.13,-7.2,0.0,30,31,26,29.5,,,,,,,,,,,,,,,,,,,,,,,30,26,26,,26,,False
NRG,Utilities,NRG Energy,2026-08-10,126.24,-1.88,-0.88,-26.27,-13.82,0.0,12,26,31,20.0,-14.37,-14.04,False,False,132.47,23.01,0.784,False,188.71,-36.54,0.59,-13.14,9.0,11.0,2819133.0,3594936.0,0.818,1256900.0,3994000.0,3522033.0,0.357,68.35,31,25,25,27.4,25,剛爆發,False
