symbol,sector,name,as_of_date,t_price,cum_ret_4w,cum_ret_13w,cum_ret_26w,point,di,avg_vol_4w,avg_vol_13w,avg_vol_26w,vol_change_4w,vol_change_13w,vol_change_26w,pv_state_4w,pv_state_13w,pv_state_26w,pv_verdict,mom_12m_1m,weekly_vol_ann,spmo_score,cum_ret_4w_rank_in_sector,cum_ret_13w_rank_in_sector,cum_ret_26w_rank_in_sector,cms_a,surprise_l1,surprise_l2,pre_earnings_14d,above_50ma,ma50,amp_10d_pct,vp_ratio_stock,vcp,high_52w,high_52w_raw,pct_from_high,ret_5d,ret_20d,up_days_20,down_days_20,up_avg_vol,down_avg_vol,ud_ratio,vol_today,vol_10d_avg,vol_3w_avg,vol_ratio_stock_20d,vp_score_stock,rsi14,trend_state,trend_pattern,trend_signal,point_rank_in_sector,vp_score_rank_in_sector,vol_rank_in_sector,composite_in_sector,composite_rank_in_sector,stock_gap_alert,explosive_verdict,is_new_signal_3d,earnings_passed
NWSA,Communication Services,News Corp (Class A),2026-09-04,30.39,6.67,13.23,28.17,19.06,1.0,3546800,4731704,4586499,-6.68,6.54,15.25,P+V-,P+V+,P+V+,⚠️ 頂部背離,-2.39,26.78,-0.089,4,5,2,3.9,51.24,5.46,False,True,28.46,4.67,0.811,False,31.66,31.66,-4.01,-1.87,6.56,14.0,6.0,3314721.0,4088316.0,2.333,4012900.0,3904470.0,3692206.0,1.087,100.0,58.02,多頭,頭頭高·底底高,空轉多預警,1,1,7,2.2,2,,,False,True
NWS,Communication Services,News Corp (Class B),2026-09-04,33.9,4.31,10.14,29.77,18.49,1.0,1121420,1478613,1474958,-0.3,0.5,18.93,P+V-,P+V+,P+V+,⚠️ 頂部背離,-2.18,27.97,-0.078,8,7,1,6.3,51.24,5.46,False,True,32.25,5.56,0.799,False,35.76,35.76,-5.2,-2.73,4.47,15.0,5.0,1055020.0,1320620.0,3.0,1552800.0,1236140.0,1097880.0,1.414,100.0,52.8,多頭,頭頭高·底底高,空轉多預警,2,1,2,1.6,1,,,False,True
FOXA,Communication Services,Fox Corporation (Class A),2026-09-04,65.42,3.61,0.26,15.12,8.53,1.0,5120920,6672476,5017393,10.48,98.45,36.28,P+V+,P+V+,P+V+,⭐⭐⭐ 完美多頭,4.62,40.59,0.114,11,13,3,10.0,29.29,36.35,False,True,60.46,7.31,0.916,False,75.68,76.39,-13.56,-3.96,2.62,10.0,9.0,4872970.0,5322711.0,1.111,4823000.0,4760340.0,5163513.0,0.934,82.68,51.16,多頭,頭頭高·底底高,,3,13,12,8.8,6,吃老本,,False,True
FOX,Communication Services,Fox Corporation (Class B),2026-09-04,58.42,4.22,-0.04,12.68,7.39,0.667,981650,1707118,1570747,-22.72,19.01,-9.42,P+V-,P-V+,P+V-,⚠️ 量能背離,2.44,38.69,0.063,9,14,4,9.5,31.62,22.22,False,True,54.04,7.21,0.754,False,67.48,68.18,-13.42,-4.26,2.94,11.0,9.0,856172.0,1135011.0,1.222,1039600.0,1137930.0,1050280.0,0.99,81.6,51.29,多頭,頭頭高·底底高,,4,15,9,9.4,8,吃老本,,False,True
VZ,Communication Services,Verizon,2026-09-04,50.14,6.61,13.65,1.75,5.94,1.0,16678965,26375804,25455546,-37.96,7.5,-9.09,P+V-,P+V+,P+V-,⚠️ 量能背離,13.28,25.65,0.518,5,4,10,5.7,2.71,5.81,False,True,46.28,3.61,1.061,False,50.93,51.68,-1.55,0.08,6.54,11.0,9.0,17125200.0,16133566.0,1.222,13418500.0,18541920.0,17312140.0,0.775,90.87,63.02,多頭,頭頭高·底底高,空轉多預警 / 多頭確認,5,7,18,8.4,5,,,False,True
LYV,Communication Services,Live Nation Entertainment,2026-09-04,173.5,-6.03,7.76,7.05,3.96,0.667,1695110,2191944,2532281,-17.51,-23.7,-10.61,P-V-,P+V-,P+V-,➡️ 中性,10.55,25.61,0.412,23,8,7,15.3,82.89,-485.68,False,False,181.57,9.56,1.038,False,189.25,189.25,-8.32,-4.49,-3.96,9.0,11.0,1730266.0,1666345.0,0.818,1947200.0,1661150.0,1630286.0,1.194,76.27,38.98,收斂,頭頭低·底底高,多轉空預警 / 空頭確認,6,17,5,10.2,10,吃老本,,False,True
DIS,Communication Services,Walt Disney Company (The),2026-09-04,105.31,2.06,6.82,2.73,3.59,1.0,7590470,10349689,9897592,-36.49,9.57,-4.24,P+V-,P+V+,P+V-,⚠️ 量能背離,-9.74,22.31,-0.436,14,9,9,11.5,11.09,4.98,False,True,101.18,6.2,1.0,False,118.07,119.78,-10.81,-2.58,0.38,11.0,9.0,7590318.0,7590655.0,1.222,6103700.0,7775820.0,7626766.0,0.8,85.03,50.52,擴散,頭頭高·底底低,,7,11,17,10.6,11,,,False,True
WBD,Communication Services,Warner Bros. Discovery,2026-09-04,28.25,5.14,4.63,0.18,2.53,1.0,18233415,22012123,21857171,-29.84,1.43,-51.77,P+V-,P+V+,P+V-,⚠️ 量能背離,121.14,58.05,2.087,6,10,11,8.2,153.87,-1161.59,False,True,27.1,2.73,1.369,True,30.0,30.0,-5.83,-1.81,5.49,12.0,8.0,20437600.0,14927137.0,1.5,11491400.0,16972260.0,17521273.0,0.656,99.03,56.87,擴散,頭頭高·底底低,,8,6,20,9.6,9,,,False,True
GOOGL,Communication Services,Alphabet Inc. (Class A),2026-09-04,338.46,-5.27,-8.95,11.71,2.3,0.333,22245200,30431009,29694702,-31.64,5.09,-18.07,P-V-,P-V+,P+V-,➡️ 中性,51.2,40.28,1.271,20,19,5,16.7,214.23,91.59,False,False,348.35,5.5,0.925,False,408.1,408.61,-17.07,-2.28,-4.41,9.0,11.0,21298277.0,23019954.0,0.818,23157700.0,23945000.0,22409606.0,1.033,74.91,44.97,擴散,頭頭高·底底低,,9,19,8,12.8,13,吃老本,,False,True
OMC,Communication Services,Omnicom Group,2026-09-04,82.62,-2.4,10.41,-0.34,1.84,0.333,2175685,3521920,3986492,-34.11,-20.87,-12.5,P-V-,P+V-,P-V-,➡️ 中性,10.63,33.68,0.316,18,6,12,13.2,-0.39,3.13,False,False,82.7,10.45,0.974,False,89.57,89.57,-7.76,-6.41,-3.07,8.0,11.0,2120650.0,2178327.0,0.727,2722100.0,2429780.0,2216680.0,1.228,73.54,44.22,多頭,頭頭高·底底高,,10,20,4,12.8,13,吃老本,,False,False
GOOG,Communication Services,Alphabet Inc. (Class C),2026-09-04,335.31,-5.71,-9.08,10.68,1.64,0.333,15149400,20444752,20120123,-29.22,3.28,-13.37,P-V-,P-V+,P+V-,➡️ 中性,50.73,40.07,1.266,22,20,6,18.2,212.9,94.3,False,False,346.31,5.55,0.939,False,403.96,404.47,-17.0,-2.14,-5.08,8.0,12.0,14582300.0,15527466.0,0.667,12676800.0,16048240.0,15350326.0,0.826,72.53,44.13,擴散,頭頭高·底底低,,11,21,16,16.0,19,吃老本,,False,True
T,Communication Services,AT&T,2026-09-04,25.68,6.78,14.29,-8.28,1.13,0.667,31141695,60372735,50087754,-59.39,51.68,12.41,P+V-,P+V+,P-V+,➡️ 中性,-15.81,29.37,-0.538,3,3,15,5.4,10.49,3.42,False,True,23.48,4.76,0.956,False,28.75,29.79,-10.68,-1.27,7.94,14.0,6.0,30719171.0,32127583.0,2.333,26146000.0,29323700.0,29993546.0,0.872,100.0,60.18,多頭,頭頭高·底底高,空轉多預警 / 多頭確認,12,1,14,8.0,3,剛爆發,,False,True
PSKY,Communication Services,Paramount Skydance Corporation,2026-09-04,10.86,17.15,2.17,-11.9,-1.12,0.667,10101635,10342266,10877018,-16.87,-9.37,12.89,P+V-,P+V-,P-V+,➡️ 中性,-37.72,58.29,-0.647,1,12,16,7.3,-2.33,51.38,False,True,9.56,10.02,1.081,False,20.57,20.86,-47.22,-0.18,18.17,16.0,3.0,10160393.0,9402700.0,5.333,8468100.0,9848970.0,9489346.0,0.892,100.0,64.42,空頭,頭頭低·底底低,多頭確認,13,1,13,8.2,4,剛爆發,,False,False
CMCSA,Communication Services,Comcast,2026-09-04,26.49,5.12,15.09,-12.41,-1.15,0.667,20323425,32426107,32560053,-39.63,-0.82,-1.69,P+V-,P+V-,P-V-,➡️ 中性,-16.34,26.56,-0.615,7,2,17,7.5,7.62,8.29,False,True,24.82,4.03,0.996,False,32.05,32.86,-17.34,-2.11,4.46,10.0,9.0,20305850.0,20377722.0,1.111,17277600.0,19527360.0,20379380.0,0.848,85.94,55.47,擴散,頭頭高·底底低,,14,10,15,12.6,12,,,False,True
RDDT,Communication Services,Reddit,2026-09-04,154.46,-2.68,-16.01,6.02,-1.66,0.333,6938520,5726820,5375186,12.72,14.0,-0.32,P-V+,P-V+,P+V-,➡️ 中性,-32.63,63.63,-0.513,19,21,8,17.4,29.56,79.12,False,False,170.01,14.59,1.272,False,282.95,282.95,-45.41,0.95,-4.48,5.0,15.0,8262540.0,6497180.0,0.333,2830500.0,3778810.0,6897086.0,0.41,74.95,47.14,收斂,頭頭低·底底高,空轉多預警,15,18,22,17.6,21,,,False,True
META,Communication Services,Meta Platforms,2026-09-04,616.77,3.67,-1.63,-5.68,-2.33,0.333,16004435,18095176,17145791,-7.23,11.72,7.85,P+V-,P-V+,P-V+,➡️ 中性,-21.05,36.4,-0.578,10,16,14,12.6,-14.42,56.79,False,True,595.49,12.56,1.004,False,788.22,790.8,-21.75,6.7,4.17,13.0,7.0,16026607.0,15963257.0,1.857,15942700.0,16685300.0,17057693.0,0.935,100.0,62.4,收斂,頭頭低·底底高,多轉空預警 / 空轉多預警 / 多頭確認,16,1,11,9.0,7,剛爆發,,False,False
TTWO,Communication Services,Take-Two Interactive,2026-09-04,214.69,-15.33,-0.9,-1.09,-4.6,0.0,2623180,2505363,2278613,33.11,22.1,24.62,P-V+,P-V+,P-V+,📉 主力出貨,2.85,31.46,0.09,24,15,13,19.1,13.9,38.21,False,False,239.67,13.8,0.906,False,265.94,265.94,-19.27,-8.79,-12.9,7.0,13.0,2457400.0,2712446.0,0.538,2080000.0,3131620.0,2774040.0,0.75,62.67,31.26,擴散,頭頭高·底底低,空頭確認,17,22,19,19.4,22,,,False,True
TMUS,Communication Services,T-Mobile US,2026-09-04,181.52,2.45,3.13,-16.0,-6.61,0.667,3857090,5131995,5346653,-23.91,-7.72,-0.09,P+V-,P+V-,P-V-,➡️ 中性,-28.83,25.59,-1.126,13,11,19,13.6,14.86,31.07,False,True,180.5,8.06,1.052,False,250.45,255.74,-27.52,0.08,3.03,9.0,11.0,3964200.0,3769454.0,0.818,4509800.0,3914750.0,4104620.0,1.099,82.53,50.51,收斂,頭頭低·底底高,多轉空預警,18,14,6,14.0,16,,,False,True
TKO,Communication Services,TKO Group Holdings,2026-09-04,186.01,-1.8,-7.78,-14.76,-9.77,0.0,987570,1272749,1348140,-10.21,-10.59,19.95,P-V-,P-V-,P-V+,😴 弱勢縮量,-2.34,28.86,-0.081,17,18,18,17.5,,,,,,,,,,,,,,,,,,,,,,,,,,,,19,23,23,,23,,,False,False
NFLX,Communication Services,Netflix,2026-09-04,78.25,2.57,-4.06,-19.91,-10.33,0.333,28039055,41423449,40109153,-40.67,6.78,-8.07,P+V-,P-V+,P-V-,➡️ 中性,-40.39,41.51,-0.973,12,17,20,15.1,1.45,-1.4,False,True,75.44,6.62,1.104,False,126.71,126.71,-38.24,-4.25,5.54,8.0,12.0,29717962.0,26919783.0,0.667,40066200.0,26774540.0,27800246.0,1.441,80.95,49.16,擴散,頭頭高·底底低,,20,16,1,14.6,17,,,False,True
CHTR,Communication Services,Charter Communications,2026-09-04,151.99,-0.85,17.78,-33.75,-12.64,0.333,2664145,3230581,2949414,-15.04,21.08,48.64,P-V-,P+V+,P-V+,➡️ 中性,-41.66,51.47,-0.809,16,1,23,12.9,5.94,-9.07,False,True,143.27,10.43,1.258,False,285.82,285.82,-46.82,-1.06,-0.38,11.0,9.0,2935263.0,2332777.0,1.222,1952100.0,2490040.0,3072846.0,0.635,89.7,52.21,空頭,頭頭低·底底低,多轉空預警,21,9,21,16.2,20,剛爆發,,False,True
ECHO,Communication Services,EchoStar,2026-09-04,89.8,0.73,-27.95,-23.18,-18.4,0.333,2713160,7240598,6928081,-51.56,9.45,24.97,P+V-,P-V+,P-V+,➡️ 中性,33.91,134.63,0.252,15,22,21,18.3,-94.85,42.09,False,False,90.98,6.87,1.112,False,147.25,147.25,-39.02,3.41,-0.27,9.0,11.0,2871944.0,2583245.0,0.818,2433400.0,2427110.0,2512040.0,0.969,82.93,51.95,收斂,頭頭低·底底高,空轉多預警,22,12,10,15.6,18,剛爆發,,False,False
APP,Communication Services,AppLovin,2026-09-04,320.56,-5.44,-42.64,-26.96,-25.5,0.0,5292710,5960689,5351772,-27.14,25.68,-13.91,P-V-,P-V+,P-V-,➡️ 中性,-29.26,73.78,-0.397,21,24,22,22.1,,,,,,,,,,,,,,,,,,,,,,,,,,,,23,23,23,,23,,,False,False
TTD,Communication Services,Trade Desk (The),2026-09-04,14.43,7.77,-31.38,-42.28,-27.04,0.333,21714990,21905986,21273740,-12.81,6.13,46.55,P+V-,P-V+,P-V+,➡️ 中性,-73.5,50.52,-1.455,2,23,24,12.7,-14.62,-12.39,False,False,16.58,16.58,0.966,False,56.39,56.39,-74.41,6.34,4.57,11.0,9.0,21373781.0,22132022.0,1.222,25300700.0,18396670.0,17957840.0,1.409,90.51,46.48,空頭,頭頭低·底底低,,24,8,3,13.4,15,剛爆發,,False,False
BBY,Consumer Discretionary,Best Buy,2026-09-04,90.27,9.51,28.85,40.81,30.0,1.0,4058780,3822763,4200300,14.67,-16.49,2.88,P+V+,P+V-,P+V+,➡️ 中性,13.66,37.38,0.365,2,6,1,3.0,6.53,4.32,False,True,84.02,16.54,0.866,False,91.27,91.27,-1.1,9.5,10.09,13.0,7.0,3849630.0,4447200.0,1.857,3954700.0,5306090.0,4535053.0,0.872,100.0,60.35,空頭,頭頭低·底底低,多轉空預警 / 多頭確認,1,1,11,3.0,1,,,False,True
ABNB,Consumer Discretionary,Airbnb,2026-09-04,181.94,-1.49,36.06,36.76,27.02,0.667,5134770,4348233,4026907,19.35,17.34,-17.48,P-V+,P+V+,P+V-,➡️ 中性,43.83,33.76,1.298,17,2,3,9.7,9.48,-14.13,False,True,162.96,7.15,1.147,False,193.45,193.45,-5.95,-3.95,2.17,11.0,9.0,5448272.0,4751600.0,1.222,3405400.0,4679120.0,4652686.0,0.732,88.12,56.33,擴散,頭頭高·底底低,,2,9,18,8.0,4,吃老本,,False,True
EXPE,Consumer Discretionary,Expedia Group,2026-09-04,298.04,-4.95,31.38,39.33,26.27,0.667,1419535,1578420,1725885,-14.88,-15.74,-21.64,P-V-,P+V-,P+V-,➡️ 中性,45.4,47.13,0.963,29,4,2,16.1,9.65,42.34,False,True,294.37,14.37,0.827,False,341.51,342.0,-12.73,-9.53,-3.93,10.0,10.0,1285480.0,1553590.0,1.0,1845700.0,1504490.0,1454620.0,1.269,73.31,43.62,多頭,頭頭高·底底高,,3,20,2,9.6,7,吃老本,,False,True
GPC,Consumer Discretionary,Genuine Parts Company,2026-09-04,138.08,3.43,42.62,21.94,22.48,1.0,1095975,1629367,1751018,-32.34,-12.99,41.74,P+V-,P+V-,P+V+,⚠️ 頂部背離,-0.02,30.93,-0.001,6,1,5,4.3,3.47,1.26,False,True,128.31,4.34,0.869,False,147.43,151.57,-6.34,1.2,2.6,11.0,9.0,1026354.0,1181066.0,1.222,737200.0,1027230.0,1080753.0,0.682,85.58,62.8,多頭,頭頭高·底底高,,4,11,22,10.4,8,吃老本,,False,True
DASH,Consumer Discretionary,DoorDash,2026-09-04,211.73,0.89,32.27,20.67,18.63,1.0,4114830,4449300,4460072,3.53,-0.48,-6.7,P+V+,P+V-,P+V-,➡️ 中性,-12.39,45.47,-0.273,9,3,6,6.6,-2.43,15.4,False,True,203.63,12.1,0.987,False,285.5,285.5,-25.84,-10.56,-2.09,13.0,7.0,4095861.0,4150057.0,1.857,4170700.0,3716330.0,4149700.0,1.005,89.65,45.59,多頭,頭頭高·底底高,空轉多預警,5,6,4,5.2,2,,,False,False
CVNA,Consumer Discretionary,Carvana,2026-09-04,74.59,0.58,12.69,16.92,11.78,1.0,7936370,9955067,11528597,-24.22,-24.02,-39.54,P+V-,P+V-,P+V-,⚠️ 量能衰竭,-3.97,56.83,-0.07,10,12,9,10.4,10.09,11.71,False,True,68.77,9.46,1.004,False,97.38,97.38,-23.4,0.74,5.28,11.0,9.0,7951881.0,7917411.0,1.222,3697400.0,6149900.0,8130273.0,0.455,89.37,56.46,多頭,頭頭高·底底高,空轉多預警,6,8,26,10.8,9,,,False,True
CMG,Consumer Discretionary,Chipotle Mexican Grill,2026-09-04,36.96,15.0,31.16,0.08,11.58,1.0,14590765,18667772,17709031,-27.56,11.45,-13.11,P+V-,P+V+,P+V-,⚠️ 量能背離,-20.14,46.0,-0.438,1,5,20,6.0,3.96,1.4,False,True,34.87,6.82,1.318,False,42.82,42.82,-13.69,-2.81,12.72,9.0,10.0,16572688.0,12572290.0,0.9,9779500.0,12256430.0,14007953.0,0.698,93.07,55.4,多頭,頭頭高·底底高,,7,4,21,8.6,5,,,False,True
AMZN,Consumer Discretionary,Amazon,2026-09-04,258.51,-7.04,1.86,23.85,10.63,0.667,32696725,47758306,46409422,-34.69,5.99,-1.63,P-V-,P+V+,P+V-,➡️ 中性,18.14,41.75,0.435,32,21,4,23.1,215.02,68.18,False,True,253.95,6.03,1.028,False,287.2,287.2,-9.99,-2.97,-5.82,6.0,14.0,33336166.0,32422678.0,0.429,30698000.0,32001660.0,33129593.0,0.927,69.74,49.55,多頭,頭頭高·底底高,空轉多預警,8,23,8,14.0,11,吃老本,,False,True
BKNG,Consumer Discretionary,Booking Holdings,2026-09-04,193.29,-9.2,15.69,16.89,10.07,0.667,4817010,6688803,7314629,-25.31,-15.76,-3.66,P-V-,P+V-,P+V-,➡️ 中性,-1.98,33.09,-0.06,35,9,10,22.2,4.49,5.67,False,False,194.25,12.4,0.934,False,224.59,226.1,-13.94,-6.0,-9.85,7.0,13.0,4606328.0,4930453.0,0.538,6320100.0,5235920.0,5090040.0,1.242,66.11,41.93,多頭,頭頭高·底底高,空頭確認,9,25,3,14.2,13,吃老本,,False,True
F,Consumer Discretionary,Ford Motor Company,2026-09-04,14.62,5.56,-3.66,17.83,9.39,0.667,40444225,49468916,54652746,-26.73,-17.33,-27.62,P+V-,P-V-,P+V-,⚠️ 量能背離,23.3,38.34,0.608,4,28,7,11.8,21.27,256.64,False,True,14.02,6.47,1.098,False,17.59,17.78,-16.88,5.33,5.71,11.0,9.0,42139118.0,38372688.0,1.222,39243000.0,42455610.0,41265880.0,0.951,93.11,59.16,收斂,頭頭低·底底高,多頭確認,10,3,6,6.4,3,剛爆發,,False,True
GM,Consumer Discretionary,General Motors,2026-09-04,87.76,-0.02,5.9,14.33,8.63,0.667,5179150,7050110,7208219,-28.68,-4.29,-18.59,P-V-,P+V-,P+V-,➡️ 中性,51.28,33.6,1.526,14,17,14,14.9,12.0,40.19,False,True,83.15,5.0,1.054,False,91.66,91.85,-4.26,1.94,0.41,11.0,9.0,5300890.0,5030355.0,1.222,5440300.0,6009730.0,5565100.0,0.978,87.8,58.07,收斂,頭頭低·底底高,多轉空預警,11,10,5,9.4,6,,,False,True
SBUX,Consumer Discretionary,Starbucks,2026-09-04,104.47,0.4,11.61,9.32,7.66,1.0,5476855,7121613,7489063,-31.87,-9.35,-21.97,P+V-,P+V-,P+V-,⚠️ 量能衰竭,26.02,29.36,0.886,11,13,16,12.6,30.79,14.51,False,False,105.03,4.11,0.97,False,109.88,110.51,-4.92,-3.13,-0.48,9.0,11.0,5386600.0,5550700.0,0.818,4600800.0,5572830.0,5797546.0,0.794,77.71,45.45,收斂,頭頭低·底底高,多轉空預警 / 空轉多預警,12,15,16,14.0,11,,,False,True
WSM,Consumer Discretionary,"Williams-Sonoma, Inc.",2026-09-04,227.42,-9.33,9.65,14.79,7.47,0.667,1109730,1105024,1188619,20.93,-13.14,3.27,P-V+,P+V-,P+V+,⚠️ 中期出貨,26.14,31.3,0.835,36,16,13,25.4,37.87,7.34,False,False,232.57,12.78,1.132,False,254.89,254.89,-10.78,-3.26,-9.68,8.0,12.0,1193250.0,1054050.0,0.667,1033200.0,1413850.0,1223886.0,0.844,72.7,42.92,多頭,頭頭高·底底高,,13,22,12,16.4,17,吃老本,,False,True
GRMN,Consumer Discretionary,Garmin,2026-09-04,277.03,-11.54,15.0,11.42,6.58,0.667,821525,921103,860606,-26.89,15.12,-13.31,P-V-,P+V+,P+V-,➡️ 中性,33.11,41.9,0.79,39,10,15,25.5,22.52,13.14,False,True,272.51,10.73,0.75,False,314.28,314.28,-11.85,-2.86,-10.89,8.0,12.0,684650.0,912775.0,0.667,733500.0,899580.0,909213.0,0.807,65.45,41.4,多頭,頭頭高·底底高,空轉多預警,14,26,14,18.8,22,吃老本,,False,True
EBAY,Consumer Discretionary,eBay Inc.,2026-09-04,103.41,-3.7,-4.97,16.43,6.05,0.333,4142795,3899815,4768150,-5.96,-30.81,-10.34,P-V-,P-V-,P+V-,⚠️ 主升段結束,22.02,34.89,0.631,24,30,11,23.2,6.24,5.03,False,False,109.04,8.54,1.12,False,118.62,119.31,-12.82,-2.09,-7.37,8.0,12.0,4426775.0,3953475.0,0.667,3197800.0,3772180.0,4306306.0,0.743,74.33,44.87,收斂,頭頭低·底底高,空轉多預警,15,19,17,17.0,18,,,False,True
ROST,Consumer Discretionary,Ross Stores,2026-09-04,230.69,-9.47,-0.82,17.2,6.03,0.333,2807030,2801541,2830083,34.53,-2.0,13.34,P-V+,P-V-,P+V+,⚠️ 中期出貨,70.62,25.53,2.766,37,24,8,27.3,36.74,17.42,False,False,234.51,7.73,1.156,False,257.0,257.0,-10.24,0.94,-9.61,7.0,13.0,3076557.0,2661900.0,0.538,1381600.0,2216880.0,3022860.0,0.457,72.91,42.05,多頭,頭頭高·底底高,空轉多預警,16,21,25,19.8,23,,,False,True
DRI,Consumer Discretionary,Darden Restaurants,2026-09-04,216.88,-0.5,13.01,4.61,5.44,0.667,950160,1294890,1298250,-28.01,-0.52,-8.58,P-V-,P+V-,P+V-,➡️ 中性,4.95,28.68,0.173,15,11,17,14.2,0.64,0.29,False,True,209.33,7.54,1.144,False,229.76,229.76,-5.61,0.58,1.46,11.0,9.0,1007063.0,880611.0,1.222,620100.0,884910.0,924366.0,0.671,89.45,51.69,多頭,頭頭高·底底高,空轉多預警,17,7,24,14.4,14,剛爆發,,False,True
MGM,Consumer Discretionary,MGM Resorts,2026-09-04,41.22,-4.94,-14.02,14.98,2.75,0.333,1830490,2664043,3948030,-29.76,-49.08,-16.79,P-V-,P-V-,P+V-,⚠️ 主升段結束,21.24,35.54,0.598,28,40,12,28.4,1.95,-7.83,False,False,44.95,8.77,0.928,False,51.59,51.59,-20.1,-2.51,-7.31,7.0,13.0,1742642.0,1877792.0,0.538,1472600.0,1832110.0,1831673.0,0.804,68.93,32.21,空頭,頭頭低·底底低,空頭確認,18,24,15,19.8,23,吃老本,,False,True
HAS,Consumer Discretionary,Hasbro,2026-09-04,92.53,-1.34,10.36,-3.73,0.39,0.333,1443930,1957860,1908919,-40.78,5.26,5.46,P-V-,P+V+,P-V+,➡️ 中性,20.18,24.81,0.813,16,15,22,16.9,12.8,29.52,False,True,88.74,7.62,1.073,False,104.6,106.98,-11.54,-1.8,-0.32,8.0,11.0,1512525.0,1409963.0,0.727,1256000.0,1292200.0,1340486.0,0.937,78.77,49.31,多頭,頭頭高·底底高,,19,14,7,14.6,15,,,False,True
HLT,Consumer Discretionary,Hilton Worldwide,2026-09-04,311.18,0.1,-7.93,1.81,-1.05,0.667,1836470,2105173,1905483,-17.73,23.41,6.67,P+V-,P-V+,P+V+,⚠️ 頂部背離,16.81,22.23,0.756,12,32,18,19.2,0.78,1.78,False,False,324.78,7.91,1.142,False,357.84,358.0,-13.04,-3.32,-1.98,8.0,12.0,1984237.0,1737958.0,0.667,1572300.0,1468200.0,1720086.0,0.914,77.47,39.15,空頭,頭頭低·底底低,,20,16,9,16.2,16,,,False,True
YUM,Consumer Discretionary,Yum! Brands,2026-09-04,150.71,3.7,1.78,-5.63,-1.44,0.667,2283605,2501801,2140690,-18.81,40.58,6.16,P+V-,P+V+,P-V+,➡️ 中性,5.77,23.7,0.243,5,22,24,13.9,3.71,7.95,False,False,153.23,5.36,1.387,False,170.14,170.14,-11.42,-2.05,-0.03,8.0,12.0,2742975.0,1977358.0,0.667,1623200.0,1852350.0,2261293.0,0.718,83.44,48.22,空頭,頭頭低·底底低,,21,13,20,17.6,20,剛爆發,,False,True
ULTA,Consumer Discretionary,Ulta Beauty,2026-09-04,564.12,2.82,21.97,-15.67,-1.64,0.667,725340,697590,754166,28.58,-13.96,15.64,P+V+,P+V-,P-V+,➡️ 中性,9.77,39.06,0.25,7,7,33,12.2,5.61,12.0,False,True,505.67,12.04,0.892,False,714.97,714.97,-21.1,9.01,-0.18,10.0,10.0,683940.0,766740.0,1.0,515800.0,851530.0,763733.0,0.675,84.1,63.24,多頭,頭頭高·底底高,空轉多預警,22,12,23,18.2,21,剛爆發,,False,True
PHM,Consumer Discretionary,PulteGroup,2026-09-04,124.45,-4.31,5.49,-5.34,-2.37,0.333,1216855,1634769,1755557,-35.43,-12.87,-11.39,P-V-,P+V-,P-V-,➡️ 中性,-4.7,29.84,-0.158,26,18,23,23.0,,,,,,,,,,,,,,,,,,,,,,,,,,,,23,27,27,,27,,,False,False
MAR,Consumer Discretionary,Marriott International,2026-09-04,336.51,-3.23,-12.49,0.58,-3.64,0.333,1407820,1589760,1525026,-18.75,8.87,-2.14,P-V-,P-V+,P+V-,➡️ 中性,34.54,27.52,1.255,23,39,19,27.0,,,,,,,,,,,,,,,,,,,,,,,,,,,,24,27,27,,27,,,False,False
DHI,Consumer Discretionary,D. R. Horton,2026-09-04,142.75,-2.67,-2.21,-5.9,-4.17,0.0,1825555,2252620,2421970,-32.8,-13.07,-24.36,P-V-,P-V-,P-V-,🧊 熊市縮量,-15.9,32.26,-0.493,21,26,25,23.3,,,,,,,,,,,,,,,,,,,,,,,,,,,,25,27,27,,27,,,False,False
ORLY,Consumer Discretionary,O'Reilly Automotive,2026-09-04,87.89,-4.71,-0.58,-6.37,-4.51,0.0,4624095,7313610,6525369,-41.23,27.48,19.03,P-V-,P-V+,P-V+,➡️ 中性,-10.79,23.82,-0.453,27,23,26,25.6,,,,,,,,,,,,,,,,,,,,,,,,,,,,26,27,27,,27,,,False,False
DPZ,Consumer Discretionary,Domino's,2026-09-04,341.08,-1.95,11.6,-15.54,-5.36,0.333,813745,930740,942810,-21.45,-2.53,37.44,P-V-,P+V-,P-V+,➡️ 中性,-22.88,27.96,-0.818,18,14,32,19.6,-2.38,-3.32,False,True,333.69,6.65,0.845,False,458.38,467.22,-25.59,-2.55,-2.81,9.0,11.0,738922.0,874963.0,0.818,635000.0,955670.0,880006.0,0.722,74.34,49.35,收斂,頭頭低·底底高,多轉空預警,27,18,19,21.8,26,剛爆發,,False,True
RL,Consumer Discretionary,Ralph Lauren Corporation,2026-09-04,351.2,-13.69,-4.0,-2.18,-5.51,0.0,604100,649869,653336,-2.92,-1.06,4.8,P-V-,P-V-,P-V+,😴 弱勢縮量,28.13,33.84,0.831,41,29,21,33.4,,,,,,,,,,,,,,,,,,,,,,,,,,,,28,27,27,,27,,,False,False
HD,Consumer Discretionary,Home Depot (The),2026-09-04,321.05,-7.8,4.34,-10.6,-6.16,0.333,3644240,4202186,4334299,-5.25,-5.92,7.68,P-V-,P+V-,P-V+,➡️ 中性,-13.35,23.01,-0.58,33,19,29,28.0,,,,,,,,,,,,,,,,,,,,,,,,,,,,29,27,27,,27,,,False,False
NVR,Consumer Discretionary,"NVR, Inc.",2026-09-04,6298.85,0.1,1.97,-14.43,-6.7,0.667,32120,31736,28796,-11.18,22.74,23.63,P+V-,P+V+,P-V+,➡️ 中性,-24.84,21.17,-1.173,12,20,31,18.2,-6.69,-14.44,False,False,6416.59,3.62,0.867,False,8618.28,8618.28,-26.91,-1.52,-1.43,9.0,11.0,29611.0,34172.0,0.818,29500.0,33930.0,32860.0,0.898,75.97,47.2,多頭,頭頭高·底底高,,30,17,10,20.8,25,剛爆發,,False,True
TSLA,Consumer Discretionary,"Tesla, Inc.",2026-09-04,354.08,7.01,-15.38,-9.77,-6.98,0.333,37947370,42059498,51048888,-3.67,-29.95,-34.3,P+V-,P-V-,P-V-,➡️ 中性,-6.34,46.08,-0.138,3,42,27,19.5,-39.15,17.15,False,False,357.95,11.66,1.152,False,498.83,498.83,-29.02,1.53,7.76,11.0,9.0,40335627.0,35028388.0,1.222,64829000.0,42099670.0,40116940.0,1.616,93.75,50.93,空頭,頭頭低·底底低,,31,2,1,13.4,10,剛爆發,,False,False
TSCO,Consumer Discretionary,Tractor Supply,2026-09-04,34.99,1.77,19.96,-31.17,-10.15,0.667,10057325,11212363,10610289,-9.44,12.03,83.0,P+V-,P+V+,P-V+,➡️ 中性,-41.92,31.46,-1.333,8,8,44,15.2,-15.89,-8.95,False,True,32.57,5.75,1.351,False,59.44,60.87,-41.13,0.78,1.94,10.0,10.0,11557250.0,8557400.0,1.0,6566700.0,7721020.0,7877346.0,0.834,90.11,57.62,多頭,頭頭高·底底高,空轉多預警,32,5,13,17.4,19,剛爆發,,False,False
AZO,Consumer Discretionary,AutoZone,2026-09-04,2983.29,-2.76,-3.2,-17.98,-10.48,0.0,265580,322430,275366,71.34,41.23,86.79,P-V+,P-V+,P-V+,📉 主力出貨,-25.88,27.07,-0.956,22,27,36,26.3,,,,,,,,,,,,,,,,,,,,,,,,,,,,33,27,27,,27,剛爆發,,False,False
WYNN,Consumer Discretionary,Wynn Resorts,2026-09-04,91.54,-10.47,-11.42,-10.05,-10.5,0.0,1491890,1526812,1570833,-5.3,-5.45,-4.36,P-V-,P-V-,P-V-,🧊 熊市縮量,-14.6,28.24,-0.517,38,36,28,35.4,,,,,,,,,,,,,,,,,,,,,,,,,,,,34,27,27,,27,剛爆發,,False,False
RCL,Consumer Discretionary,Royal Caribbean Group,2026-09-04,265.19,-13.9,-9.58,-11.06,-11.4,0.0,1632600,2209680,2504656,-31.57,-21.07,12.17,P-V-,P-V-,P-V+,😴 弱勢縮量,-7.61,43.87,-0.173,42,34,30,37.2,,,,,,,,,,,,,,,,,,,,,,,,,,,,35,27,27,,27,剛爆發,,False,False
LOW,Consumer Discretionary,Lowe's,2026-09-04,204.45,-6.59,-0.88,-19.79,-11.76,0.0,3070445,3041781,2898660,-3.36,10.39,1.24,P-V-,P-V+,P-V+,➡️ 中性,-15.57,25.9,-0.601,31,25,38,30.6,,,,,,,,,,,,,,,,,,,,,,,,,,,,36,27,27,,27,剛爆發,,False,False
LVS,Consumer Discretionary,Las Vegas Sands,2026-09-04,44.37,-2.4,-11.98,-19.37,-13.28,0.0,4451435,4823555,4503216,-22.82,15.32,-20.35,P-V-,P-V+,P-V-,➡️ 中性,-12.92,31.1,-0.415,20,37,37,28.5,,,,,,,,,,,,,,,,,,,,,,,,,,,,37,27,27,,27,剛爆發,,False,False
LEN,Consumer Discretionary,Lennar,2026-09-04,83.58,-2.36,-8.49,-22.03,-13.73,0.0,2301000,2600292,2781055,-5.69,-12.21,-38.94,P-V-,P-V-,P-V-,🧊 熊市縮量,-36.6,37.99,-0.963,19,33,42,27.8,,,,,,,,,,,,,,,,,,,,,,,,,,,,38,27,27,,27,剛爆發,,False,False
MCD,Consumer Discretionary,McDonald's,2026-09-04,255.69,-5.92,-5.58,-21.95,-13.85,0.0,4186910,4589458,4089752,-11.7,27.84,27.7,P-V-,P-V+,P-V+,➡️ 中性,-11.08,15.96,-0.694,30,31,41,32.5,,,,,,,,,,,,,,,,,,,,,,,,,,,,39,27,27,,27,剛爆發,,False,False
CCL,Consumer Discretionary,Carnival Corporation,2026-09-04,23.51,-15.28,-15.14,-16.66,-15.93,0.0,18436220,20808883,24972828,-0.68,-28.58,18.03,P-V-,P-V-,P-V+,😴 弱勢縮量,-6.7,39.8,-0.168,43,41,34,40.6,,,,,,,,,,,,,,,,,,,,,,,,,,,,40,27,27,,27,剛爆發,,False,False
TJX,Consumer Discretionary,TJX Companies,2026-09-04,132.08,-16.57,-16.47,-16.77,-16.65,0.0,7446255,6232924,5636046,46.25,23.69,9.01,P-V+,P-V+,P-V+,📉 主力出貨,16.91,21.3,0.794,45,43,35,42.4,,,,,,,,,,,,,,,,,,,,,,,,,,,,41,27,27,,27,剛爆發,,False,False
DECK,Consumer Discretionary,Deckers Brands,2026-09-04,85.81,-11.94,-21.25,-21.89,-19.24,0.0,2667440,2337653,2204673,14.96,12.84,-34.41,P-V+,P-V+,P-V-,➡️ 中性,-19.05,44.02,-0.433,40,46,40,41.8,,,,,,,,,,,,,,,,,,,,,,,,,,,,42,27,27,,27,剛爆發,,False,False
TPR,Consumer Discretionary,"Tapestry, Inc.",2026-09-04,122.14,-25.6,-12.47,-20.16,-19.6,0.0,3882250,2955390,2541968,80.79,38.85,-14.06,P-V+,P-V+,P-V-,➡️ 中性,57.26,41.57,1.377,47,38,39,42.7,,,,,,,,,,,,,,,,,,,,,,,,,,,,43,27,27,,27,剛爆發,,False,False
NKE,Consumer Discretionary,"Nike, Inc.",2026-09-04,38.4,-7.84,-11.03,-34.07,-21.76,0.0,27777910,24741947,23667299,51.52,9.51,44.54,P-V+,P-V+,P-V+,📉 主力出貨,-42.33,34.14,-1.24,34,35,46,36.7,,,,,,,,,,,,,,,,,,,,,,,,,,,,44,27,27,,27,剛爆發,,False,False
NCLH,Consumer Discretionary,Norwegian Cruise Line Holdings,2026-09-04,15.57,-16.06,-18.61,-26.8,-22.07,0.0,13735390,15986155,19487773,-7.03,-30.46,9.23,P-V-,P-V-,P-V+,😴 弱勢縮量,-24.98,45.28,-0.552,44,44,43,43.8,,,,,,,,,,,,,,,,,,,,,,,,,,,,45,27,27,,27,剛爆發,,False,False
APTV,Consumer Discretionary,Aptiv,2026-09-04,47.95,-3.73,-34.24,-32.84,-25.92,0.0,4706455,3836018,3559399,23.04,16.85,62.83,P-V+,P-V+,P-V+,📉 主力出貨,-38.4,41.59,-0.923,25,47,45,35.6,,,,,,,,,,,,,,,,,,,,,,,,,,,,46,27,27,,27,剛爆發,,False,False
LULU,Consumer Discretionary,Lululemon Athletica,2026-09-04,100.61,-21.28,-19.46,-42.27,-31.32,0.0,6029040,4302178,3687981,150.75,39.96,-14.74,P-V+,P-V+,P-V-,➡️ 中性,-23.37,40.89,-0.572,46,45,47,45.9,,,,,,,,,,,,,,,,,,,,,,,,,,,,47,27,27,,27,剛爆發,,False,False
TGT,Consumer Staples,Target Corporation,2026-09-04,164.44,9.0,33.79,38.47,29.93,1.0,4878760,4404918,5076263,40.09,-23.36,-30.59,P+V+,P+V-,P+V-,➡️ 中性,65.91,32.37,2.036,3,1,1,2.0,75.83,17.31,False,True,146.36,6.43,1.018,False,170.75,170.75,-3.7,0.77,10.69,13.0,7.0,4909215.0,4822200.0,1.857,2865600.0,4260950.0,5085333.0,0.564,100.0,63.61,多頭,頭頭高·底底高,,1,1,24,5.6,2,,,False,True
SJM,Consumer Staples,J.M. Smucker Company (The),2026-09-04,126.08,7.78,25.85,14.53,15.67,1.0,1328220,1519840,1705616,-6.19,-19.64,-12.4,P+V-,P+V-,P+V-,⚠️ 量能衰竭,10.16,27.86,0.365,5,3,3,4.0,46.18,5.01,False,True,118.75,9.36,1.142,False,135.89,135.89,-7.22,-4.73,5.91,13.0,7.0,1388815.0,1215685.0,1.857,1111100.0,1595750.0,1430860.0,0.777,99.5,54.57,多頭,頭頭高·底底高,,2,5,16,6.0,3,,,False,True
ADM,Consumer Staples,Archer Daniels Midland,2026-09-04,84.61,5.79,2.13,26.06,15.01,1.0,3547345,3624284,3823061,-6.78,-9.88,9.02,P+V-,P+V-,P+V+,⚠️ 頂部背離,24.45,25.54,0.958,7,21,2,10.2,28.02,7.8,False,True,80.59,12.53,0.906,False,87.9,88.46,-3.75,3.77,11.17,12.0,8.0,3406050.0,3759287.0,1.5,2362900.0,3449070.0,3488753.0,0.677,96.57,60.78,收斂,頭頭低·底底高,多轉空預警 / 多頭確認,3,7,19,7.8,5,,,False,True
EL,Consumer Staples,Estée Lauder Companies (The),2026-09-04,103.86,19.52,25.71,5.98,14.3,1.0,4007660,3202349,3863247,89.14,-29.22,5.43,P+V+,P+V-,P+V+,➡️ 中性,0.12,53.78,0.002,1,4,11,3.9,22.12,40.2,False,True,88.23,8.99,1.724,False,120.38,121.64,-13.73,0.8,17.95,9.0,11.0,5211955.0,3022327.0,0.818,4712900.0,3556960.0,4452973.0,1.058,100.0,67.33,多頭,頭頭高·底底高,,4,1,9,3.8,1,,,False,True
KDP,Consumer Staples,Keurig Dr Pepper,2026-09-04,32.59,11.23,9.19,11.98,11.09,1.0,10045820,13465916,12191427,-19.94,23.35,-27.17,P+V-,P+V+,P+V-,⚠️ 量能背離,8.27,28.84,0.287,2,12,5,5.6,6.18,4.25,False,True,31.29,4.87,1.029,False,33.82,33.82,-3.64,1.27,8.6,13.0,7.0,10146753.0,9858371.0,1.857,5869000.0,8042450.0,8718980.0,0.673,100.0,59.05,空頭,頭頭低·底底低,,5,1,20,6.4,4,,,False,True
DLTR,Consumer Staples,Dollar Tree,2026-09-04,131.42,1.58,20.27,10.99,10.96,1.0,2296755,2789687,3268909,-5.08,-25.57,-16.51,P+V-,P+V-,P+V-,⚠️ 量能衰竭,29.45,46.19,0.638,11,6,7,8.7,136.13,12.89,False,True,127.31,14.46,0.67,False,142.4,142.4,-7.71,2.46,0.4,11.0,9.0,1880127.0,2805966.0,1.222,1209900.0,2630550.0,2459340.0,0.492,81.28,54.17,多頭,頭頭高·底底高,,6,13,25,12.6,11,吃老本,,False,True
KO,Consumer Staples,Coca-Cola Company (The),2026-09-04,88.07,1.38,15.38,12.49,10.44,1.0,14406160,17574995,16331573,-17.75,16.48,-6.1,P+V-,P+V+,P+V-,⚠️ 量能背離,31.72,19.08,1.662,12,7,4,8.9,4.05,5.88,False,True,86.07,5.32,0.863,False,92.49,92.49,-4.78,-1.77,1.17,11.0,9.0,13448345.0,15576822.0,1.222,17290700.0,15533690.0,15095700.0,1.145,83.44,50.25,多頭,頭頭高·底底高,,7,12,6,8.8,6,,,False,True
KHC,Consumer Staples,Kraft Heinz,2026-09-04,24.85,1.27,14.4,7.91,7.87,1.0,15216620,14504621,14900266,2.35,-5.17,-5.66,P+V+,P+V-,P+V-,➡️ 中性,-2.43,25.24,-0.096,13,8,9,10.7,5.6,15.38,False,False,25.04,8.59,0.769,False,27.65,28.09,-10.12,-1.76,-0.29,10.0,10.0,13228910.0,17204330.0,1.0,20431600.0,18387350.0,15829660.0,1.291,77.58,48.07,擴散,頭頭高·底底低,,8,20,2,11.6,9,吃老本,,False,True
KVUE,Consumer Staples,Kenvue,2026-09-04,18.74,-0.43,12.26,5.66,5.79,0.667,20010610,20491973,20692017,-7.31,-1.92,-50.63,P-V-,P+V-,P+V-,➡️ 中性,7.05,25.45,0.277,17,11,12,14.2,-2.82,23.03,False,False,19.04,4.56,0.97,False,19.91,20.69,-5.87,-2.24,-1.46,7.0,12.0,20128700.0,20745800.0,0.583,26856800.0,20249140.0,21563333.0,1.245,73.96,44.8,收斂,頭頭低·底底高,,9,22,4,13.2,12,吃老本,,False,False
KMB,Consumer Staples,Kimberly-Clark,2026-09-04,104.96,-1.67,13.98,4.17,5.17,0.667,2962530,3982209,4401572,-24.95,-17.4,-12.23,P-V-,P+V-,P+V-,➡️ 中性,-12.29,26.6,-0.462,18,9,14,14.5,5.68,2.24,False,False,108.45,5.75,0.85,False,125.12,131.53,-16.12,-3.04,-3.16,7.0,13.0,2657385.0,3126838.0,0.538,4149000.0,3462310.0,3211780.0,1.292,69.84,42.18,空頭,頭頭低·底底低,空頭確認,10,25,1,14.2,15,吃老本,,False,True
MNST,Consumer Staples,Monster Beverage,2026-09-04,43.82,-4.15,-1.02,10.95,4.18,0.333,9828310,11238190,10987664,-16.54,4.67,-3.03,P-V-,P-V+,P+V-,➡️ 中性,44.67,24.02,1.86,24,25,8,21.1,1.84,10.16,False,False,47.39,12.09,1.149,False,50.17,50.17,-12.66,-6.49,-3.01,10.0,10.0,10508530.0,9148090.0,1.0,12451300.0,8903090.0,9913953.0,1.256,80.7,33.58,空頭,頭頭低·底底低,空頭確認,11,16,3,11.4,8,,,False,True
DG,Consumer Staples,Dollar General,2026-09-04,133.21,8.81,29.34,-12.1,3.49,0.667,2559520,2623333,3155111,14.08,-28.85,-4.58,P+V+,P+V-,P-V-,✨ 反彈初期,18.19,37.31,0.488,4,2,25,7.6,23.53,6.22,False,True,122.74,10.76,1.176,False,156.68,158.23,-14.98,8.4,5.23,12.0,8.0,2722616.0,2314875.0,1.5,1709600.0,3088610.0,2748346.0,0.622,99.58,65.22,多頭,頭頭高·底底高,多頭確認,12,4,22,10.8,7,剛爆發,🎯 潛在暴漲,False,True
MDLZ,Consumer Staples,Mondelez International,2026-09-04,61.28,-0.41,1.32,6.06,3.26,0.667,6881635,8905400,8834810,-29.69,1.61,-8.94,P-V-,P+V+,P+V-,➡️ 中性,4.93,19.54,0.252,16,22,10,16.6,7.4,10.22,False,False,61.51,7.43,0.854,False,66.65,66.65,-8.06,-1.73,-2.12,10.0,10.0,6340370.0,7422900.0,1.0,7906400.0,7533580.0,7156500.0,1.105,77.98,43.83,收斂,頭頭低·底底高,多轉空預警 / 空轉多預警,13,19,8,14.4,16,吃老本,🎯 潛在暴漲,False,True
PM,Consumer Staples,Philip Morris International,2026-09-04,182.53,-1.87,5.17,4.36,3.01,0.667,4101975,4903226,4920404,-22.97,-0.7,-18.63,P-V-,P+V-,P+V-,➡️ 中性,21.59,24.17,0.894,19,16,13,16.9,7.31,7.07,False,False,187.93,7.62,1.121,False,207.76,207.76,-12.14,-4.88,-3.71,11.0,9.0,4310672.0,3846900.0,1.222,3155400.0,3677410.0,4263253.0,0.74,83.76,40.57,收斂,頭頭低·底底高,多轉空預警 / 空頭確認,14,11,18,13.6,14,,,False,True
CASY,Consumer Staples,Casey's,2026-09-04,756.09,-11.51,-0.65,11.64,2.78,0.333,323915,452856,524756,4.41,-24.1,52.88,P-V+,P-V-,P+V+,⚠️ 中期出貨,65.5,37.44,1.75,32,23,6,24.1,32.11,16.87,True,False,826.42,15.4,0.982,False,927.15,927.85,-18.45,0.08,-9.34,8.0,12.0,320425.0,326241.0,0.667,405200.0,359290.0,341326.0,1.187,71.62,35.45,空頭,頭頭低·底底低,,15,24,5,16.6,18,吃老本,,False,True
MO,Consumer Staples,Altria,2026-09-04,68.88,5.1,-0.98,3.18,2.62,0.667,8925850,8597749,8992979,0.63,-8.42,-0.36,P+V+,P-V-,P+V-,➡️ 中性,9.67,22.88,0.423,8,24,15,14.2,-1.17,5.92,False,False,69.83,5.57,1.032,False,77.06,77.06,-10.62,0.34,0.78,9.0,11.0,9080988.0,8798918.0,0.818,7024100.0,7641910.0,8819253.0,0.796,80.93,51.9,擴散,頭頭高·底底低,,16,15,14,15.2,17,,,False,False
BG,Consumer Staples,Bunge Global,2026-09-04,118.71,6.04,-7.7,3.05,1.11,0.667,1338200,1520004,1656840,-4.65,-15.26,-1.4,P+V-,P-V-,P+V-,⚠️ 量能背離,30.99,34.89,0.888,6,32,16,15.8,2.89,109.39,False,True,113.12,14.92,0.979,False,134.02,134.87,-11.43,2.8,10.22,12.0,8.0,1326558.0,1355662.0,1.5,1175000.0,1672360.0,1500200.0,0.783,96.88,57.15,收斂,頭頭低·底底高,空轉多預警,17,6,15,12.2,10,剛爆發,,False,True
GIS,Consumer Staples,General Mills,2026-09-04,38.29,2.76,20.97,-11.07,0.4,0.667,8314145,9813203,9735560,-11.74,1.61,41.42,P+V-,P+V+,P-V+,➡️ 中性,-22.53,24.44,-0.922,10,5,24,11.3,19.21,-12.14,False,True,37.69,9.72,0.887,False,48.32,51.33,-20.76,-7.85,3.8,12.0,8.0,7910783.0,8919187.0,1.5,7939400.0,8942950.0,8543966.0,0.929,87.16,46.15,空頭,頭頭低·底底低,多轉空預警,18,10,11,13.4,13,剛爆發,,False,True
BF-B,Consumer Staples,Brown–Forman,2026-09-04,26.73,-4.37,6.8,-2.44,-0.61,0.333,2021190,2548760,3990907,-17.11,-53.09,-9.39,P-V-,P+V-,P-V-,➡️ 中性,1.22,38.17,0.032,26,14,17,20.6,3.1,-62.65,False,False,27.01,11.18,1.224,False,30.85,31.92,-13.35,-0.96,-5.48,7.0,13.0,2293971.0,1874307.0,0.538,1991300.0,2251890.0,2239386.0,0.889,75.82,45.32,收斂,頭頭低·底底高,多轉空預警 / 空頭確認,19,21,12,18.4,22,,,False,True
CHD,Consumer Staples,Church & Dwight,2026-09-04,98.55,-4.31,5.03,-3.73,-1.69,0.333,1651895,1861606,1960625,-13.56,-9.62,-16.07,P-V-,P+V-,P-V-,➡️ 中性,8.83,20.57,0.429,25,18,18,21.5,,,,,,,,,,,,,,,,,,,,,,,,,,,,20,26,26,,26,吃老本,,False,False
PG,Consumer Staples,Procter & Gamble,2026-09-04,146.44,0.0,4.8,-6.93,-2.27,0.333,8862500,8961167,9252107,7.98,-6.1,-2.52,P-V+,P+V-,P-V-,➡️ 中性,-6.21,17.74,-0.35,15,20,20,17.5,1.55,2.22,False,True,146.3,4.02,1.049,False,164.77,167.25,-11.12,1.85,0.45,11.0,9.0,9051881.0,8631033.0,1.222,5588200.0,7784950.0,9332726.0,0.599,87.69,52.81,收斂,頭頭低·底底高,空轉多預警,21,9,23,16.6,18,剛爆發,🎯 潛在暴漲,False,True
CL,Consumer Staples,Colgate-Palmolive,2026-09-04,88.77,-4.7,4.91,-5.94,-2.92,0.333,3973390,4748492,5295552,-15.5,-18.73,-18.15,P-V-,P+V-,P-V-,➡️ 中性,12.3,20.57,0.598,30,19,19,24.5,,,,,,,,,,,,,,,,,,,,,,,,,,,,22,26,26,,26,,,False,False
SYY,Consumer Staples,Sysco,2026-09-04,80.05,-4.55,8.38,-7.75,-2.92,0.333,2408755,3225995,3956164,-31.93,-31.16,18.74,P-V-,P+V-,P-V+,➡️ 中性,5.13,26.35,0.195,28,13,21,22.1,1.24,-0.39,False,False,83.06,6.38,1.122,False,90.56,91.85,-11.61,-2.31,-5.03,7.0,13.0,2592085.0,2310038.0,0.538,2161400.0,2133100.0,2181280.0,0.991,73.77,36.58,收斂,頭頭低·底底高,空頭確認,22,23,10,20.0,24,,,False,True
TAP,Consumer Staples,Molson Coors Beverage Company,2026-09-04,40.5,-3.64,6.61,-12.84,-5.68,0.333,2429620,3029664,3063984,-22.04,-2.22,1.3,P-V-,P+V-,P-V+,➡️ 中性,-11.09,26.45,-0.419,21,15,26,20.2,4.39,70.58,False,False,40.64,9.39,0.952,False,53.0,54.82,-23.59,-2.32,-5.53,10.0,9.0,2375460.0,2494322.0,1.111,1989400.0,2551340.0,2588113.0,0.769,79.09,46.34,收斂,頭頭低·底底高,多轉空預警 / 空頭確認,24,17,17,19.8,23,剛爆發,,False,True
COST,Consumer Staples,Costco,2026-09-04,915.74,-3.88,-5.67,-8.86,-6.82,0.0,1770990,2184707,2081416,-14.79,10.44,-17.49,P-V-,P-V+,P-V-,➡️ 中性,-1.05,19.69,-0.053,22,29,22,24.1,,,,,,,,,,,,,,,,,,,,,,,,,,,,25,26,26,,26,,,False,False
KR,Consumer Staples,Kroger,2026-09-04,58.59,4.45,-5.22,-13.6,-6.99,0.333,5673680,7506098,6851834,-16.43,21.11,0.36,P+V-,P-V+,P-V+,➡️ 中性,-14.95,27.74,-0.539,9,28,27,18.3,-0.83,6.47,True,True,57.43,4.28,0.985,False,75.66,76.58,-22.56,1.51,3.99,11.0,9.0,5635263.0,5720633.0,1.222,3848500.0,5313020.0,5788413.0,0.665,88.57,56.07,收斂,頭頭低·底底高,,26,8,21,17.8,20,剛爆發,,False,False
PEP,Consumer Staples,PepsiCo,2026-09-04,137.63,0.99,-1.12,-14.0,-7.03,0.333,6568990,8438049,7455545,-16.46,30.36,-6.73,P+V-,P-V+,P-V-,➡️ 中性,-2.23,21.28,-0.105,14,26,28,20.4,-0.37,3.75,False,False,138.2,5.19,0.834,False,166.41,171.48,-17.3,-1.4,0.06,10.0,10.0,5973340.0,7164640.0,1.0,6138900.0,7207300.0,6939046.0,0.885,79.07,45.77,多頭,頭頭高·底底高,空轉多預警,27,18,13,20.6,25,剛爆發,,False,False
MKC,Consumer Staples,McCormick & Company,2026-09-04,52.08,-1.98,12.72,-21.65,-8.14,0.333,2394400,3682898,3965515,-27.49,-13.31,29.47,P-V-,P+V-,P-V+,➡️ 中性,-22.9,31.11,-0.736,20,10,33,19.6,14.8,10.66,False,False,52.81,9.01,0.916,False,71.13,72.41,-26.78,-5.87,-1.66,11.0,9.0,2299236.0,2510711.0,1.222,2804200.0,2395900.0,2533206.0,1.107,81.01,42.27,擴散,頭頭高·底底低,,28,14,7,18.2,21,剛爆發,,False,True
HRL,Consumer Staples,Hormel Foods,2026-09-04,21.54,-12.79,-6.41,-10.13,-9.86,0.0,5436005,4425972,4896068,57.21,-17.52,-0.68,P-V+,P-V-,P-V-,➡️ 中性,2.62,34.35,0.076,34,31,23,30.9,,,,,,,,,,,,,,,,,,,,,,,,,,,,29,26,26,,26,,,False,False
STZ,Consumer Staples,Constellation Brands,2026-09-04,128.18,-3.91,-6.23,-16.64,-10.86,0.0,1756070,2121558,2059283,-8.29,6.24,-23.76,P-V-,P-V+,P-V-,➡️ 中性,-5.86,32.48,-0.181,23,30,30,26.5,,,,,,,,,,,,,,,,,,,,,,,,,,,,30,26,26,,26,,,False,False
WMT,Consumer Staples,Walmart,2026-09-04,107.14,-4.67,-8.79,-15.7,-11.22,0.0,27926790,24521330,22317748,27.79,21.91,-5.35,P-V+,P-V+,P-V-,➡️ 中性,11.95,21.96,0.544,29,34,29,30.5,,,,,,,,,,,,,,,,,,,,,,,,,,,,31,26,26,,26,,,False,False
CLX,Consumer Staples,Clorox,2026-09-04,93.06,-12.58,5.04,-21.31,-12.54,0.333,2881145,2647404,2703207,8.6,-4.05,27.1,P-V+,P+V-,P-V+,➡️ 中性,-14.37,28.95,-0.496,33,17,32,28.0,,,,,,,,,,,,,,,,,,,,,,,,,,,,32,26,26,,26,剛爆發,,False,False
TSN,Consumer Staples,Tyson Foods,2026-09-04,51.42,-9.2,-8.76,-16.92,-12.95,0.0,3067420,3355647,3146890,-4.27,14.21,5.81,P-V-,P-V+,P-V+,➡️ 中性,5.92,23.51,0.252,31,33,31,31.6,,,,,,,,,,,,,,,,,,,,,,,,,,,,33,26,26,,26,剛爆發,,False,False
HSY,Consumer Staples,Hershey Company (The),2026-09-04,173.15,-4.51,-4.49,-24.9,-14.7,0.0,1148875,1788895,1834498,-30.18,-4.85,5.53,P-V-,P-V-,P-V+,😴 弱勢縮量,0.49,31.99,0.015,27,27,34,28.4,,,,,,,,,,,,,,,,,,,,,,,,,,,,34,26,26,,26,剛爆發,,False,False
MPC,Energy,Marathon Petroleum,2026-09-04,388.9,21.74,46.03,84.67,59.27,1.0,2552905,2365606,2465123,20.21,-7.76,16.29,P+V+,P+V-,P+V+,➡️ 中性,67.71,36.03,1.879,1,1,1,1.0,27.08,120.63,False,True,321.36,13.63,1.068,False,398.52,398.52,-2.41,5.44,30.77,16.0,4.0,2585662.0,2421875.0,4.0,1874700.0,2381310.0,2427860.0,0.772,100.0,78.24,多頭,頭頭高·底底高,多頭確認,1,1,15,3.8,2,,,False,True
VLO,Energy,Valero Energy,2026-09-04,370.72,17.71,43.77,71.75,51.25,1.0,2356535,2834018,3262046,-18.87,-23.2,11.72,P+V-,P+V-,P+V+,⚠️ 頂部背離,94.32,35.1,2.688,3,2,2,2.5,23.84,33.47,False,True,314.47,11.26,1.226,False,375.11,375.11,-1.17,5.21,24.27,14.0,6.0,2494628.0,2034316.0,2.333,2849000.0,2422150.0,2308220.0,1.234,100.0,75.27,空頭,頭頭低·底底低,多轉空預警 / 多頭確認,2,1,1,1.4,1,,,False,True
PSX,Energy,Phillips 66,2026-09-04,255.09,18.99,39.27,61.66,45.4,1.0,2779720,2718243,2890351,7.34,-11.24,17.33,P+V+,P+V-,P+V+,➡️ 中性,58.75,31.88,1.843,2,3,3,2.5,25.45,225.68,False,True,213.54,10.99,1.087,False,260.68,260.68,-2.14,4.54,25.76,14.0,6.0,2847971.0,2620466.0,2.333,2285000.0,2628670.0,2798486.0,0.817,100.0,75.04,多頭,頭頭高·底底高,空轉多預警 / 多頭確認,3,1,12,4.0,3,,,False,True
APA,Energy,APA Corporation,2026-09-04,42.77,4.27,12.69,36.14,22.31,1.0,5240955,5481404,6820610,-5.72,-32.82,0.44,P+V-,P+V-,P+V+,⚠️ 頂部背離,71.18,43.92,1.621,11,5,4,7.8,1.01,20.9,False,True,37.75,10.87,0.971,False,45.13,45.66,-5.23,0.54,13.66,12.0,8.0,5180000.0,5332387.0,1.5,4224600.0,4422140.0,5110973.0,0.827,97.91,57.62,多頭,頭頭高·底底高,,4,10,11,7.8,7,吃老本,,False,True
TRGP,Energy,Targa Resources,2026-09-04,290.05,8.96,8.99,20.01,14.49,1.0,1200515,1230023,1298548,-1.67,-10.03,-12.1,P+V-,P+V-,P+V-,⚠️ 量能衰竭,61.62,28.42,2.168,6,7,5,6.1,14.25,7.4,False,True,277.15,5.3,1.19,False,307.94,307.94,-5.81,0.77,12.92,10.0,10.0,1304760.0,1096270.0,1.0,582500.0,1061380.0,1337433.0,0.436,93.89,54.62,多頭,頭頭高·底底高,,5,13,19,11.0,12,吃老本,,False,True
COP,Energy,ConocoPhillips,2026-09-04,134.26,9.86,13.36,14.88,13.24,1.0,6571110,7028767,8138834,2.34,-24.0,10.37,P+V+,P+V-,P+V+,➡️ 中性,29.65,29.91,0.991,5,4,9,5.5,10.82,11.52,False,True,119.64,7.07,1.048,False,137.42,137.42,-2.3,3.0,14.92,12.0,8.0,6693041.0,6388212.0,1.5,5496100.0,6109100.0,6619633.0,0.83,100.0,63.2,多頭,頭頭高·底底高,,6,1,10,4.8,4,,,False,True
SLB,Energy,Schlumberger,2026-09-04,57.51,8.66,-0.35,19.62,11.89,0.667,11513870,13606332,15014568,-9.56,-17.15,-12.96,P+V-,P-V-,P+V-,⚠️ 量能背離,43.77,35.94,1.218,7,17,6,9.8,6.3,1.13,False,True,50.54,15.02,1.235,False,60.15,60.46,-4.39,0.83,14.4,13.0,6.0,12421776.0,10058833.0,2.167,7609700.0,15084820.0,12351700.0,0.616,100.0,62.82,多頭,頭頭高·底底高,多頭確認,7,1,18,6.8,5,剛爆發,,False,True
OKE,Energy,Oneok,2026-09-04,95.43,5.63,8.56,15.27,11.18,1.0,3380165,3659113,4128793,-12.67,-20.43,-2.79,P+V-,P+V-,P+V-,⚠️ 量能衰竭,25.45,25.02,1.017,10,8,7,8.8,5.64,-5.66,False,True,91.15,9.2,1.164,False,99.85,99.85,-4.43,0.71,10.43,11.0,9.0,3608745.0,3100788.0,1.222,3419900.0,3356530.0,3452873.0,0.99,95.24,58.37,多頭,頭頭高·底底高,空轉多預警,8,11,5,8.6,8,,,False,True
CVX,Energy,Chevron Corporation,2026-09-04,208.6,7.96,11.72,12.49,11.16,1.0,7792980,8370513,10219376,3.11,-30.64,12.72,P+V+,P+V-,P+V+,➡️ 中性,25.1,22.26,1.128,8,6,12,8.2,8.84,45.56,False,True,189.96,7.49,1.174,False,213.2,214.71,-2.16,3.34,12.79,13.0,7.0,8220361.0,6999271.0,1.857,5458400.0,7464790.0,7663793.0,0.712,100.0,64.87,多頭,頭頭高·底底高,,9,1,17,7.4,6,剛爆發,,False,True
EOG,Energy,EOG Resources,2026-09-04,145.19,2.09,3.82,15.15,9.05,1.0,2753310,3339270,3897620,-11.89,-25.06,-6.09,P+V-,P+V-,P+V-,⚠️ 量能衰竭,18.23,26.1,0.698,15,12,8,12.7,2.1,6.22,False,True,141.26,7.26,1.054,False,153.67,153.67,-5.52,1.28,7.76,11.0,9.0,2817827.0,2674455.0,1.222,2636900.0,2940790.0,2774866.0,0.95,91.94,50.58,多頭,頭頭高·底底高,,10,15,7,11.4,14,,,False,True
DVN,Energy,Devon Energy,2026-09-04,48.06,5.95,5.24,10.58,8.09,1.0,10072295,12108596,13943681,-1.48,-23.26,59.77,P+V-,P+V-,P+V+,⚠️ 頂部背離,26.86,32.03,0.839,9,11,13,10.4,11.26,-4.91,False,True,44.81,6.88,1.349,False,52.34,52.71,-8.17,1.5,11.82,11.0,9.0,11398518.0,8451355.0,1.222,8841700.0,8782970.0,10325793.0,0.856,99.63,57.25,多頭,頭頭高·底底高,,11,8,9,9.4,9,,,False,True
OXY,Energy,Occidental Petroleum,2026-09-04,60.04,2.37,2.81,12.9,7.74,1.0,7126095,8738364,12473206,-19.34,-46.09,16.03,P+V-,P+V-,P+V+,⚠️ 頂部背離,24.3,35.02,0.694,14,14,11,13.4,28.99,80.35,False,True,56.12,6.34,1.165,False,67.14,67.45,-10.57,1.59,7.39,11.0,9.0,7611845.0,6532400.0,1.222,6886300.0,6459940.0,6828346.0,1.008,93.79,56.82,多頭,頭頭高·底底高,,12,14,4,11.2,13,,,False,True
FANG,Energy,Diamondback Energy,2026-09-04,199.22,0.68,-1.29,14.13,6.91,0.667,1762540,2188733,2659723,-10.79,-30.09,36.61,P+V-,P-V-,P+V+,⚠️ 頂部背離,38.07,28.19,1.351,18,18,10,16.4,8.32,12.78,False,True,194.47,7.31,1.096,False,216.9,216.9,-8.15,0.78,6.53,10.0,10.0,1843370.0,1681710.0,1.0,1707400.0,2029310.0,1921700.0,0.888,88.41,48.64,多頭,頭頭高·底底高,,13,17,8,13.6,15,,,False,True
XOM,Energy,ExxonMobil,2026-09-04,159.47,0.45,5.57,6.43,4.72,1.0,14045210,15536535,18020542,-3.92,-24.23,6.92,P+V-,P+V-,P+V+,⚠️ 頂部背離,43.24,25.0,1.729,19,9,15,15.2,13.26,15.14,False,True,152.29,6.43,1.06,False,174.09,176.41,-8.4,1.76,4.88,9.0,11.0,14494333.0,13677745.0,0.818,16192900.0,13982750.0,14226966.0,1.138,84.45,51.61,多頭,頭頭高·底底高,,14,19,2,13.6,15,,,False,True
HAL,Energy,Halliburton,2026-09-04,37.07,10.71,-9.65,6.58,3.56,0.667,10671640,11845378,13216243,-15.22,-18.8,4.13,P+V-,P-V-,P+V+,⚠️ 頂部背離,46.54,36.95,1.26,4,20,14,10.8,2.28,10.42,False,True,33.94,14.43,1.108,False,43.2,43.59,-14.2,2.94,16.78,11.0,9.0,11159381.0,10075511.0,1.222,12547000.0,12340980.0,11365446.0,1.104,98.96,63.54,收斂,頭頭低·底底高,空轉多預警 / 多頭確認,15,9,3,10.2,10,剛爆發,,False,True
WMB,Energy,Williams Companies,2026-09-04,74.15,3.2,3.13,-0.85,1.16,0.667,6925125,7123953,6771890,-1.04,10.97,-5.81,P+V-,P+V+,P-V-,➡️ 中性,26.98,23.56,1.145,13,13,17,13.8,0.25,16.43,False,True,73.37,9.11,1.109,False,79.49,80.08,-6.72,0.57,5.33,11.0,9.0,7246636.0,6532166.0,1.222,7513800.0,8329050.0,7712400.0,0.974,91.17,53.1,收斂,頭頭低·底底高,空轉多預警,16,16,6,14.0,17,,🎯 潛在暴漲,False,True
BKR,Energy,Baker Hughes,2026-09-04,63.5,-0.89,-3.59,2.25,0.0,0.333,6212520,8183916,8688469,-31.67,-10.98,11.85,P-V-,P-V-,P+V+,😴 弱勢縮量,37.15,35.27,1.053,21,19,16,19.4,,,,,,,,,,,,,,,,,,,,,,,,,,,,17,20,20,,20,,,False,False
EXE,Energy,Expand Energy,2026-09-04,97.91,0.96,5.46,-7.74,-2.26,0.667,2451865,3456144,3494938,-33.53,-2.2,1.22,P+V-,P+V-,P-V+,➡️ 中性,-1.2,32.29,-0.037,17,10,19,15.3,19.09,5.37,False,True,92.48,5.82,1.297,False,124.43,126.62,-21.31,-0.25,6.09,12.0,7.0,2699075.0,2080471.0,1.714,1912200.0,2280880.0,2486800.0,0.769,100.0,58.31,多頭,頭頭高·底底高,空轉多預警,18,1,16,10.8,11,剛爆發,,False,True
KMI,Energy,Kinder Morgan,2026-09-04,31.4,0.03,-0.02,-5.81,-2.9,0.333,10420855,10133464,11219303,3.27,-17.65,-17.71,P+V+,P-V-,P-V-,🌱 底部剛翻多,20.69,19.18,1.079,20,16,18,18.4,,,,,,,,,,,,,,,,,,,,,,,,,,,,19,20,20,,20,,,False,False
EQT,Energy,EQT Corporation,2026-09-04,55.17,2.02,0.19,-9.92,-4.41,0.667,6256035,7167193,7499120,-13.07,-8.48,-15.14,P+V-,P+V-,P-V-,➡️ 中性,1.36,31.89,0.042,16,15,20,16.5,-3.31,11.22,False,True,52.58,7.21,1.035,False,67.84,68.24,-18.67,1.1,6.73,12.0,8.0,6342400.0,6126487.0,1.5,5233800.0,6343370.0,6484853.0,0.807,95.1,59.56,多頭,頭頭高·底底高,,20,12,13,15.4,18,剛爆發,,False,False
TPL,Energy,Texas Pacific Land Corporation,2026-09-04,362.42,3.58,-10.75,-30.57,-17.08,0.333,367380,377986,424442,14.89,-19.73,-4.55,P+V+,P-V-,P-V-,🌱 底部剛翻多,15.45,46.76,0.33,12,21,21,16.5,2.14,2.47,False,False,387.34,7.46,0.948,False,544.86,547.2,-33.48,-0.38,6.56,10.0,10.0,357570.0,377190.0,1.0,272000.0,283630.0,347246.0,0.783,85.38,44.07,空頭,頭頭低·底底低,,21,18,14,18.4,19,,,False,True
HOOD,Financials,Robinhood Markets,2026-09-04,122.11,29.19,38.24,60.52,47.12,1.0,20779075,24854083,27086896,3.2,-15.23,-14.39,P+V+,P+V-,P+V-,➡️ 中性,-7.86,66.71,-0.118,1,1,1,1.0,43.71,-1.98,False,True,102.45,21.99,1.266,False,153.86,153.86,-20.64,17.12,30.89,11.0,9.0,22949100.0,18126822.0,1.222,23675800.0,22143460.0,23185300.0,1.021,100.0,65.94,空頭,頭頭低·底底低,多轉空預警 / 多頭確認,1,1,5,1.8,1,,,False,True
STT,Financials,State Street Corporation,2026-09-04,194.26,4.06,19.96,56.09,34.05,1.0,1278920,2071760,2081009,-44.13,-0.88,4.82,P+V-,P+V-,P+V+,⚠️ 頂部背離,67.72,20.4,3.32,12,14,2,10.6,9.21,7.46,False,True,184.41,4.8,1.029,False,195.93,195.93,-0.85,0.48,5.19,12.0,8.0,1293525.0,1257012.0,1.5,1127400.0,1229260.0,1302720.0,0.865,93.81,60.47,多頭,頭頭高·底底高,,2,5,15,5.8,2,,,False,True
BNY,Financials,BNY Mellon,2026-09-04,164.84,3.39,14.91,40.87,25.01,1.0,2467090,3453081,3564265,-34.11,-6.05,1.41,P+V-,P+V-,P+V+,⚠️ 頂部背離,54.65,18.27,2.991,19,30,3,19.1,10.7,16.54,False,True,157.14,4.51,0.825,False,165.84,165.84,-0.6,1.44,4.59,12.0,8.0,2273783.0,2757050.0,1.5,2367100.0,2782580.0,2613420.0,0.906,90.26,61.85,多頭,頭頭高·底底高,,3,10,9,7.0,3,吃老本,,False,True
FDS,Financials,FactSet,2026-09-04,301.96,6.68,18.85,36.66,24.71,1.0,786180,919486,936394,-15.03,-3.55,8.83,P+V-,P+V-,P+V+,⚠️ 頂部背離,-21.94,47.06,-0.466,8,18,4,10.2,1.76,1.89,False,True,271.87,10.27,0.897,False,370.44,377.07,-18.49,-1.9,6.14,10.0,10.0,743680.0,828680.0,1.0,633300.0,893940.0,804633.0,0.787,83.63,57.19,多頭,頭頭高·底底高,多頭確認,4,22,23,15.0,13,吃老本,,False,True
MET,Financials,MetLife,2026-09-04,97.62,0.61,17.69,36.2,22.68,1.0,2796850,3639798,3612060,-34.06,1.55,0.47,P+V-,P+V+,P+V+,⚠️ 頂部背離,26.48,18.65,1.42,38,20,5,26.0,6.16,6.65,False,True,94.04,5.54,1.058,False,100.93,100.93,-3.28,1.15,-0.15,9.0,11.0,2883888.0,2725636.0,0.818,2663100.0,2763300.0,2951506.0,0.902,81.16,56.64,擴散,頭頭高·底底低,,5,26,10,14.4,11,吃老本,,False,True
IVZ,Financials,Invesco,2026-09-04,33.07,4.89,18.18,32.46,22.0,1.0,3723800,4813970,5178855,-29.71,-13.16,-1.14,P+V-,P+V-,P+V-,⚠️ 量能衰竭,47.19,24.78,1.905,10,19,10,12.7,7.18,-1.21,False,True,30.29,6.4,0.973,False,33.66,33.66,-1.75,0.64,5.42,12.0,8.0,3682633.0,3785550.0,1.5,2860600.0,3331600.0,3483633.0,0.821,93.03,60.9,多頭,頭頭高·底底高,,6,6,19,8.6,4,,,False,True
XYZ,Financials,"Block, Inc.",2026-09-04,82.76,4.79,16.74,31.57,21.17,1.0,4190365,5150618,5730898,-21.48,-18.39,-22.82,P+V-,P+V-,P+V-,⚠️ 量能衰竭,5.42,44.41,0.122,11,23,11,14.6,16.71,25.55,False,True,80.34,12.09,1.122,False,86.92,86.92,-4.79,-0.97,4.76,9.0,11.0,4456488.0,3972627.0,0.818,2456500.0,4249520.0,4148933.0,0.592,84.37,53.4,多頭,頭頭高·底底高,,7,20,34,17.6,15,吃老本,,False,True
GPN,Financials,Global Payments,2026-09-04,92.54,7.44,36.99,19.95,21.08,1.0,2594000,3380163,3420875,-25.69,-2.35,21.37,P+V-,P+V-,P+V+,⚠️ 頂部背離,-0.6,34.11,-0.018,4,2,28,8.2,0.63,5.43,False,True,84.64,6.66,1.229,False,95.88,95.88,-3.48,0.78,7.45,9.0,11.0,2890144.0,2351700.0,0.818,2970600.0,2533050.0,2533746.0,1.172,88.57,58.72,多頭,頭頭高·底底高,,8,12,3,8.6,4,,,False,True
BEN,Financials,Franklin Resources,2026-09-04,34.73,3.61,9.72,34.31,20.49,1.0,3072680,4281764,4656368,-38.33,-14.89,0.42,P+V-,P+V-,P+V+,⚠️ 頂部背離,42.45,24.63,1.723,17,47,6,23.8,8.28,28.64,False,True,33.71,7.47,1.144,False,36.28,36.28,-4.27,0.23,2.84,8.0,11.0,3322737.0,2903863.0,0.727,4847200.0,2954520.0,3177220.0,1.526,82.73,57.11,收斂,頭頭低·底底高,多轉空預警 / 空轉多預警,9,24,1,13.4,10,吃老本,,False,True
IBKR,Financials,Interactive Brokers,2026-09-04,92.62,2.25,6.48,33.71,19.04,1.0,3884655,4510833,4738998,-20.27,-9.19,-13.99,P+V-,P+V-,P+V-,⚠️ 量能衰竭,46.48,32.47,1.431,25,57,7,31.0,7.98,0.1,False,True,91.92,10.75,1.267,False,98.66,98.75,-6.12,-3.27,5.55,8.0,12.0,4446212.0,3510283.0,0.667,2499900.0,4082380.0,4035620.0,0.619,84.19,50.37,擴散,頭頭高·底底低,,10,21,32,18.8,17,吃老本,,False,True
NTRS,Financials,Northern Trust,2026-09-04,186.63,-0.19,8.85,33.18,18.76,0.667,985565,1052970,1078785,-13.03,-4.67,0.3,P-V-,P+V-,P+V+,➡️ 中性,48.14,19.17,2.511,44,52,8,39.2,-8.35,16.14,False,True,182.98,3.93,1.104,False,194.86,195.78,-4.22,0.39,1.08,11.0,9.0,1029236.0,932188.0,1.222,785400.0,855450.0,911473.0,0.862,88.46,54.85,收斂,頭頭低·底底高,多轉空預警,11,13,16,12.8,8,,,False,False
PRU,Financials,Prudential Financial,2026-09-04,122.02,1.08,19.46,26.69,18.48,1.0,1527170,1821287,2025549,-25.11,-18.32,11.03,P+V-,P+V-,P+V+,⚠️ 頂部背離,19.43,20.36,0.954,35,16,15,25.3,15.98,16.48,False,True,117.98,5.79,0.975,False,126.26,127.72,-3.36,1.86,1.77,11.0,9.0,1510100.0,1548033.0,1.222,1412100.0,1617960.0,1581760.0,0.893,87.21,56.89,收斂,頭頭低·底底高,多轉空預警,12,14,11,12.6,7,,,False,True
PFG,Financials,Principal Financial Group,2026-09-04,116.68,3.3,13.58,27.65,18.05,1.0,1114795,1401013,1400093,-33.53,0.13,1.27,P+V-,P+V+,P+V+,⚠️ 頂部背離,45.57,17.28,2.637,20,33,12,22.3,7.07,2.94,False,True,111.41,11.93,1.166,False,121.18,121.18,-3.71,5.53,3.67,9.0,11.0,1209255.0,1037509.0,0.818,1501900.0,1350920.0,1193393.0,1.259,87.09,62.52,收斂,頭頭低·底底高,多轉空預警 / 多頭確認,13,15,2,11.6,6,,,False,True
BAC,Financials,Bank of America,2026-09-04,62.68,-1.35,16.9,27.45,17.61,0.667,29057875,32831006,35469890,-12.01,-13.85,-5.69,P-V-,P+V-,P+V-,➡️ 中性,28.97,20.99,1.38,51,22,13,34.7,7.74,8.78,False,True,61.31,3.93,0.826,False,64.9,65.23,-3.42,1.09,-0.27,11.0,9.0,26543463.0,32131044.0,1.222,26587200.0,30970250.0,30554846.0,0.87,83.06,55.26,多頭,頭頭高·底底高,,14,23,14,17.6,15,吃老本,,False,True
CPAY,Financials,Corpay,2026-09-04,416.37,3.86,16.57,24.51,17.36,1.0,439885,586138,588969,-23.84,-0.96,0.96,P+V-,P+V-,P+V+,⚠️ 頂部背離,24.09,35.67,0.675,15,24,19,18.5,6.3,6.03,False,True,384.43,6.32,1.088,False,427.46,427.46,-2.59,2.08,5.96,11.0,9.0,456527.0,419544.0,1.222,329600.0,424770.0,415320.0,0.794,91.79,60.62,多頭,頭頭高·底底高,,15,7,22,13.2,9,剛爆發,,False,True
MS,Financials,Morgan Stanley,2026-09-04,217.72,1.11,0.3,32.63,16.67,1.0,3788060,5329530,5795995,-38.79,-14.9,-5.48,P+V-,P+V-,P+V-,⚠️ 量能衰竭,49.39,23.63,2.09,34,73,9,40.7,17.94,13.66,False,True,215.02,4.34,0.95,False,230.98,232.25,-5.74,1.37,0.64,9.0,11.0,3681600.0,3875163.0,0.818,3132000.0,3684520.0,3825266.0,0.819,79.83,55.0,收斂,頭頭低·底底高,多轉空預警 / 空轉多預警,16,29,20,22.0,19,吃老本,,False,True
AMP,Financials,Ameriprise Financial,2026-09-04,560.56,0.54,23.56,21.19,16.62,1.0,377030,578196,626293,-33.89,-14.26,2.39,P+V-,P+V-,P+V+,⚠️ 頂部背離,14.31,26.37,0.543,40,11,23,27.9,2.37,10.25,False,True,534.63,4.68,0.987,False,572.56,572.56,-2.1,0.22,1.55,11.0,9.0,374863.0,379677.0,1.222,372800.0,370140.0,388186.0,0.96,86.63,56.3,多頭,頭頭高·底底高,,17,16,7,14.6,12,,,False,True
ALL,Financials,Allstate,2026-09-04,259.57,-3.34,23.62,22.66,16.4,0.667,1574915,1706933,1604974,-5.61,13.57,2.44,P-V-,P+V+,P+V+,➡️ 中性,34.49,24.56,1.404,65,10,21,39.7,48.03,47.01,False,True,255.75,4.67,0.731,False,276.07,277.22,-5.98,0.03,-2.38,10.0,10.0,1330380.0,1819450.0,1.0,1267600.0,1304390.0,1423806.0,0.89,76.38,51.96,空頭,頭頭低·底底低,,18,32,12,22.4,20,吃老本,,False,True
ARES,Financials,Ares Management,2026-09-04,140.15,1.81,8.48,27.38,16.26,1.0,1986325,2229001,2877632,-13.05,-36.79,-0.68,P+V-,P+V-,P+V-,⚠️ 量能衰竭,-19.97,43.36,-0.461,29,53,14,33.2,1.44,-6.57,False,True,131.04,6.67,1.379,False,181.32,186.85,-22.71,-1.67,2.41,10.0,10.0,2302660.0,1669990.0,1.0,1013800.0,1832880.0,1825113.0,0.555,89.91,53.07,收斂,頭頭低·底底高,多轉空預警,19,11,35,19.0,18,剛爆發,,False,True
TRV,Financials,Travelers Companies (The),2026-09-04,369.35,-1.67,26.4,19.7,16.03,0.667,1561020,1928380,1682256,-28.95,34.28,19.35,P-V-,P+V+,P+V+,➡️ 中性,41.86,20.76,2.016,55,6,29,35.1,86.12,8.93,False,True,363.14,3.62,0.88,False,398.7,398.7,-7.36,-0.15,-3.89,8.0,12.0,1442450.0,1640066.0,0.667,1166800.0,1409420.0,1515866.0,0.77,73.0,51.97,收斂,頭頭低·底底高,多轉空預警,20,34,24,26.4,26,吃老本,,False,True
AJG,Financials,Arthur J. Gallagher & Co.,2026-09-04,262.69,4.06,24.91,17.38,15.93,1.0,1361055,1596410,1784822,-0.61,-19.1,-5.22,P+V-,P+V-,P+V-,⚠️ 量能衰竭,-16.31,30.52,-0.535,12,7,33,14.7,0.94,0.98,False,True,253.69,5.1,1.127,False,310.73,313.55,-15.46,-1.82,5.87,11.0,9.0,1433590.0,1272400.0,1.222,1012800.0,1472040.0,1393993.0,0.727,90.85,54.4,擴散,頭頭高·底底低,,21,9,27,17.4,14,剛爆發,,False,True
BX,Financials,Blackstone Inc.,2026-09-04,136.15,-3.89,16.02,25.15,15.61,0.667,3574585,4672147,6114116,-30.33,-38.17,27.38,P-V-,P+V-,P+V+,➡️ 中性,-16.06,33.53,-0.479,70,25,18,46.1,,,,,,,,,,,,,,,,,,,,,,,,,,,,22,36,36,,36,吃老本,,False,False
PYPL,Financials,PayPal,2026-09-04,54.96,-6.73,28.88,19.54,15.31,0.667,12460160,15882086,15693374,-33.99,2.43,-17.46,P-V-,P+V+,P+V-,➡️ 中性,-12.71,46.33,-0.274,75,4,31,44.9,8.03,5.59,False,True,54.89,18.28,0.808,False,78.34,79.21,-29.85,2.68,-6.73,9.0,10.0,11344600.0,14039470.0,0.9,13039200.0,14919270.0,13421713.0,0.972,74.67,43.97,多頭,頭頭高·底底高,空頭確認,23,33,6,23.6,22,吃老本,,False,True
AIZ,Financials,Assurant,2026-09-04,285.74,-0.21,14.28,23.49,15.27,0.667,318080,375773,385713,-16.46,-5.02,8.77,P-V-,P+V-,P+V+,➡️ 中性,38.68,19.57,1.976,45,31,20,35.8,,,,,,,,,,,,,,,,,,,,,,,,,,,,24,36,36,,36,吃老本,,False,False
APO,Financials,Apollo Global Management,2026-09-04,133.67,1.68,4.54,25.89,14.5,1.0,3004915,3941429,4280422,-27.08,-14.68,11.01,P+V-,P+V-,P+V+,⚠️ 頂部背離,-1.94,35.2,-0.055,30,63,16,37.1,,,,,,,,,,,,,,,,,,,,,,,,,,,,25,36,36,,36,吃老本,,False,False
SCHW,Financials,Charles Schwab Corporation,2026-09-04,109.29,1.5,24.56,15.5,14.26,1.0,7241340,9150698,9886057,-13.92,-13.85,1.28,P+V-,P+V-,P+V+,⚠️ 頂部背離,18.04,25.27,0.714,31,9,38,25.8,4.55,2.48,False,True,104.87,7.45,0.992,False,114.53,114.53,-4.58,-0.79,1.87,9.0,11.0,7211000.0,7266163.0,0.818,5883400.0,8391650.0,7822380.0,0.752,80.44,53.51,多頭,頭頭高·底底高,,26,28,25,26.6,27,,,False,True
JPM,Financials,JPMorgan Chase,2026-09-04,358.64,-0.32,15.88,20.6,14.19,0.667,5456605,8206487,8740563,-32.54,-11.52,-6.92,P-V-,P+V-,P+V-,➡️ 中性,23.77,19.38,1.226,46,26,26,36.0,,,,,,,,,,,,,,,,,,,,,,,,,,,,27,36,36,,36,吃老本,,False,False
V,Financials,Visa Inc.,2026-09-04,375.07,4.0,17.36,17.37,14.02,1.0,6620845,7660478,7548593,-7.58,3.01,10.17,P+V-,P+V+,P+V+,⚠️ 頂部背離,6.26,20.83,0.301,14,21,35,20.3,2.76,6.79,False,True,362.78,3.52,0.85,False,385.57,385.57,-2.72,-1.71,3.66,11.0,9.0,6132390.0,7217844.0,1.222,4645100.0,5933140.0,6692006.0,0.694,84.71,55.13,多頭,頭頭高·底底高,,28,18,29,24.2,23,剛爆發,,False,True
KKR,Financials,KKR & Co.,2026-09-04,107.73,3.76,13.07,19.43,13.92,1.0,4467440,4414472,5114936,5.68,-24.09,-3.74,P+V+,P+V-,P+V-,➡️ 中性,-23.74,33.98,-0.699,16,36,32,25.2,,,,,,,,,,,,,,,,,,,,,,,,,,,,29,36,36,,36,吃老本,,False,False
C,Financials,Citigroup,2026-09-04,137.72,1.85,2.42,25.56,13.85,1.0,8240475,11580620,12193176,-34.77,-9.57,-10.53,P+V-,P+V-,P+V-,⚠️ 量能衰竭,44.5,27.09,1.643,28,69,17,38.1,,,,,,,,,,,,,,,,,,,,,,,,,,,,30,36,36,,36,吃老本,,False,False
USB,Financials,U.S. Bancorp,2026-09-04,63.37,-1.28,15.24,19.6,13.29,0.667,5910450,8108547,8752269,-29.71,-13.7,-10.45,P-V-,P+V-,P+V-,➡️ 中性,36.25,20.36,1.78,50,29,30,39.7,,,,,,,,,,,,,,,,,,,,,,,,,,,,31,36,36,,36,,,False,False
EG,Financials,Everest Group,2026-09-04,380.87,2.97,19.92,15.04,13.24,1.0,273620,381160,363314,-27.5,10.33,-5.8,P+V-,P+V+,P+V-,⚠️ 量能背離,11.63,24.89,0.467,21,15,39,22.8,2.18,15.23,False,True,373.42,4.76,1.005,False,401.07,401.07,-5.04,0.86,1.58,9.0,11.0,274355.0,273018.0,0.818,236600.0,295070.0,277680.0,0.852,81.15,56.44,擴散,頭頭高·底底低,,32,27,17,27.0,28,,,False,True
RJF,Financials,Raymond James Financial,2026-09-04,178.29,-0.45,18.88,16.8,13.01,0.667,1095440,1286193,1340200,-9.71,-7.75,5.05,P-V-,P+V-,P+V+,➡️ 中性,8.14,24.95,0.326,47,17,37,36.0,,,,,,,,,,,,,,,,,,,,,,,,,,,,33,36,36,,36,,,False,False
SYF,Financials,Synchrony Financial,2026-09-04,79.92,2.21,13.4,17.38,12.59,1.0,3185535,3554303,3719100,-15.62,-8.49,-4.03,P+V-,P+V-,P+V-,⚠️ 量能衰竭,5.67,25.63,0.221,26,34,33,29.8,,,,,,,,,,,,,,,,,,,,,,,,,,,,34,36,36,,36,,,False,False
GL,Financials,Globe Life,2026-09-04,174.27,-4.91,13.14,20.95,12.53,0.667,465360,614215,571576,-33.84,16.12,7.94,P-V-,P+V+,P+V+,➡️ 中性,32.57,20.29,1.605,74,35,24,52.3,,,,,,,,,,,,,,,,,,,,,,,,,,,,35,36,36,,36,,,False,False
WTW,Financials,Willis Towers Watson,2026-09-04,334.74,-2.41,29.92,11.22,12.49,0.667,482025,589755,647213,-17.05,-16.31,-7.13,P-V-,P+V-,P+V-,➡️ 中性,6.03,28.9,0.209,60,3,44,39.7,7.78,1.8,False,True,315.99,5.34,0.739,False,351.51,352.79,-4.77,-2.62,-2.92,8.0,12.0,397737.0,538216.0,0.667,508300.0,426310.0,442366.0,1.149,70.13,52.24,多頭,頭頭高·底底高,,36,35,4,29.2,30,,,False,True
COF,Financials,Capital One,2026-09-04,219.6,0.64,20.29,14.24,12.35,1.0,2973430,4121241,4435857,-31.02,-13.25,3.91,P+V-,P+V-,P+V+,⚠️ 頂部背離,-0.53,27.2,-0.019,37,13,40,30.4,23.79,-3.34,False,True,211.3,5.08,0.912,False,256.64,259.64,-14.43,1.82,1.2,10.0,10.0,2837220.0,3109640.0,1.0,1921300.0,2999680.0,3147873.0,0.61,82.42,56.19,多頭,頭頭高·底底高,,37,25,33,31.4,31,剛爆發,,False,True
CFG,Financials,Citizens Financial Group,2026-09-04,70.78,-2.6,11.49,20.23,12.34,0.667,2950705,4132412,4364442,-31.95,-10.1,-9.4,P-V-,P+V-,P+V-,➡️ 中性,44.76,22.56,1.984,62,40,27,48.4,,,,,,,,,,,,,,,,,,,,,,,,,,,,38,36,36,,36,,,False,False
MA,Financials,Mastercard,2026-09-04,579.21,2.85,20.43,10.84,11.24,1.0,2745060,3332213,3436303,-11.44,-5.88,8.82,P+V-,P+V-,P+V+,⚠️ 頂部背離,-3.04,21.87,-0.139,22,12,46,23.8,5.53,4.23,False,True,557.57,3.81,0.889,False,601.23,601.62,-3.66,-2.7,2.89,9.0,11.0,2568733.0,2889327.0,0.818,1774100.0,2744820.0,2816066.0,0.63,78.48,52.91,多頭,頭頭高·底底高,,39,30,31,33.8,32,剛爆發,,False,True
TROW,Financials,T. Rowe Price,2026-09-04,109.78,-3.51,3.87,20.69,10.44,0.667,1266970,1927013,2123159,-40.28,-16.91,18.61,P-V-,P+V-,P+V+,➡️ 中性,10.93,22.66,0.482,67,67,25,58.6,,,,,,,,,,,,,,,,,,,,,,,,,,,,40,36,36,,36,,,False,False
PNC,Financials,PNC Financial Services,2026-09-04,245.6,-2.45,9.02,17.09,10.19,0.667,1428685,1930390,2044983,-21.69,-10.61,-6.11,P-V-,P+V-,P+V-,➡️ 中性,27.63,21.3,1.297,61,49,36,52.4,,,,,,,,,,,,,,,,,,,,,,,,,,,,41,36,36,,36,,,False,False
GS,Financials,Goldman Sachs,2026-09-04,1038.61,0.89,-4.48,21.53,9.87,0.667,1812310,2065970,2102434,-14.09,-3.41,-1.86,P+V-,P-V-,P+V-,⚠️ 量能背離,42.9,24.24,1.77,36,74,22,44.6,,,,,,,,,,,,,,,,,,,,,,,,,,,,42,36,36,,36,剛爆發,,False,False
COIN,Financials,Coinbase,2026-09-04,184.64,24.19,12.5,1.25,9.8,1.0,9928545,8609223,9652478,27.36,-19.51,-4.48,P+V+,P+V-,P+V-,➡️ 中性,-48.64,57.55,-0.845,2,37,62,24.5,-487.47,-3458.88,False,True,163.15,12.98,1.549,False,402.16,402.16,-54.09,3.36,20.21,10.0,10.0,12068090.0,7789000.0,1.0,8136200.0,9557380.0,11023793.0,0.738,100.0,56.4,收斂,頭頭低·底底高,多轉空預警 / 空轉多預警 / 多頭確認,43,1,26,22.8,21,剛爆發,,False,True
NDAQ,Financials,"Nasdaq, Inc.",2026-09-04,96.88,1.32,9.92,11.57,8.6,1.0,2596880,3800136,3530610,-34.27,16.53,-9.27,P+V-,P+V+,P+V-,⚠️ 量能背離,2.47,25.14,0.098,33,46,43,38.9,,,,,,,,,,,,,,,,,,,,,,,,,,,,44,36,36,,36,剛爆發,,False,False
WFC,Financials,Wells Fargo,2026-09-04,89.97,2.8,10.86,10.27,8.55,1.0,12408300,14607963,16029511,-25.25,-16.29,5.92,P+V-,P+V-,P+V+,⚠️ 頂部背離,12.91,23.99,0.538,23,42,48,33.7,,,,,,,,,,,,,,,,,,,,,,,,,,,,45,36,36,,36,剛爆發,,False,False
JKHY,Financials,Jack Henry & Associates,2026-09-04,165.64,7.2,27.16,-0.68,8.25,0.667,942115,1253426,1227627,-4.21,4.29,28.4,P+V-,P+V+,P-V+,➡️ 中性,-2.77,30.32,-0.091,5,5,64,16.8,6.4,10.37,False,True,154.6,6.74,1.316,False,191.13,193.39,-13.34,-2.05,6.6,10.0,10.0,1070540.0,813690.0,1.0,691800.0,866970.0,1023520.0,0.676,91.16,57.48,多頭,頭頭高·底底高,,46,8,30,27.6,29,剛爆發,,False,True
SPGI,Financials,S&P Global,2026-09-04,443.51,8.17,11.84,6.07,8.04,1.0,1845195,2207073,2166493,-8.24,3.82,4.4,P+V-,P+V+,P+V+,⚠️ 頂部背離,-19.28,31.59,-0.61,3,39,53,23.8,-2.94,3.18,False,True,425.61,7.3,1.173,False,518.88,522.47,-14.53,0.14,8.9,11.0,9.0,1976481.0,1684733.0,1.222,1525100.0,1912760.0,1884653.0,0.809,94.26,58.29,多頭,頭頭高·底底高,空轉多預警,47,4,21,24.6,24,剛爆發,,False,False
RF,Financials,Regions Financial Corporation,2026-09-04,30.42,-2.33,8.08,11.83,7.36,0.667,6956785,9407921,10812193,-31.3,-22.99,-44.14,P-V-,P+V-,P+V-,➡️ 中性,19.76,20.58,0.96,58,54,42,53.6,,,,,,,,,,,,,,,,,,,,,,,,,,,,48,36,36,,36,剛爆發,,False,False
FITB,Financials,Fifth Third Bancorp,2026-09-04,54.87,-3.96,6.68,12.48,6.92,0.667,4825995,6254856,7067942,-19.58,-20.63,-20.59,P-V-,P+V-,P+V-,➡️ 中性,29.39,22.71,1.294,72,56,41,61.0,,,,,,,,,,,,,,,,,,,,,,,,,,,,49,36,36,,36,剛爆發,,False,False
MCO,Financials,Moody's Corporation,2026-09-04,493.55,3.44,10.12,6.78,6.78,1.0,680825,876175,1015023,-23.75,-24.07,3.87,P+V-,P+V-,P+V+,⚠️ 頂部背離,-3.64,27.41,-0.133,18,45,51,32.7,,,,,,,,,,,,,,,,,,,,,,,,,,,,50,36,36,,36,剛爆發,,False,False
MTB,Financials,M&T Bank,2026-09-04,239.84,-3.88,8.87,11.0,6.75,0.667,893940,1088241,1078448,-25.27,1.83,-4.49,P-V-,P+V+,P+V-,➡️ 中性,28.26,21.57,1.31,69,51,45,58.8,,,,,,,,,,,,,,,,,,,,,,,,,,,,51,36,36,,36,剛爆發,,False,False
BLK,Financials,BlackRock,2026-09-04,1122.29,-0.81,10.37,7.82,6.3,0.667,553525,738535,760647,-31.02,-5.65,14.97,P-V-,P+V-,P+V+,➡️ 中性,5.06,23.75,0.213,48,44,49,47.0,,,,,,,,,,,,,,,,,,,,,,,,,,,,52,36,36,,36,剛爆發,,False,False
BRO,Financials,Brown & Brown,2026-09-04,71.42,-0.02,24.76,-0.51,5.93,0.333,1645610,2527843,2893416,-43.78,-22.43,-1.82,P-V-,P+V-,P-V-,➡️ 中性,-24.09,29.01,-0.831,42,8,63,36.0,-0.39,2.3,False,True,69.93,4.89,0.966,False,95.63,96.55,-25.31,-2.58,0.22,9.0,11.0,1614644.0,1670945.0,0.818,1361700.0,1523690.0,1557266.0,0.874,78.28,50.75,收斂,頭頭低·底底高,多轉空預警,53,31,13,36.2,33,剛爆發,,False,False
KEY,Financials,KeyCorp,2026-09-04,22.18,-1.27,3.33,10.48,5.75,0.667,9281305,10779295,12124149,-11.68,-19.97,-39.11,P-V-,P+V-,P+V-,➡️ 中性,23.76,23.03,1.032,49,68,47,54.3,,,,,,,,,,,,,,,,,,,,,,,,,,,,54,36,36,,36,剛爆發,,False,False
TFC,Financials,Truist Financial,2026-09-04,51.65,0.58,6.06,6.92,5.12,1.0,5609305,8192821,8537466,-28.62,-7.76,-0.57,P+V-,P+V-,P+V-,⚠️ 量能衰竭,16.2,21.59,0.75,39,58,50,46.9,,,,,,,,,,,,,,,,,,,,,,,,,,,,55,36,36,,36,剛爆發,,False,False
PGR,Financials,Progressive Corporation,2026-09-04,218.95,2.34,12.11,2.72,4.97,1.0,2272660,2928306,2956293,-22.23,-1.88,-12.25,P+V-,P+V-,P+V-,⚠️ 量能衰竭,-5.96,25.53,-0.234,24,38,57,34.8,,,,,,,,,,,,,,,,,,,,,,,,,,,,56,36,36,,36,剛爆發,,False,False
ICE,Financials,Intercontinental Exchange,2026-09-04,161.26,7.12,13.94,-1.46,4.54,0.667,3189855,4259347,3867038,-24.46,22.58,4.62,P+V-,P+V+,P-V+,➡️ 中性,-12.65,25.37,-0.499,6,32,66,25.8,3.36,3.86,False,True,147.94,4.78,1.206,False,174.83,176.59,-7.76,-0.66,7.29,12.0,8.0,3424050.0,2838562.0,1.5,3184100.0,3175340.0,3330500.0,0.956,97.72,59.96,收斂,頭頭低·底底高,空轉多預警 / 多頭確認,57,3,8,25.6,25,剛爆發,🎯 潛在暴漲,False,True
MRSH,Financials,Marsh McLennan,2026-09-04,185.74,-2.65,15.83,1.91,4.25,0.667,1920140,2426040,2716691,-29.4,-19.33,-3.17,P-V-,P+V-,P+V-,➡️ 中性,-4.0,22.43,-0.178,63,27,60,51.6,,,,,,,,,,,,,,,,,,,,,,,,,,,,58,36,36,,36,剛爆發,,False,False
AXP,Financials,American Express,2026-09-04,326.16,-3.75,4.65,6.58,3.52,0.667,2284685,2850570,3107936,-23.62,-15.3,7.91,P-V-,P+V-,P+V+,➡️ 中性,5.62,23.64,0.238,68,61,52,62.7,,,,,,,,,,,,,,,,,,,,,,,,,,,,59,36,36,,36,剛爆發,,False,False
BRK-B,Financials,Berkshire Hathaway,2026-09-04,506.03,-4.42,5.72,5.13,2.89,0.667,4226795,4615126,4726592,0.85,-4.61,0.61,P-V+,P+V-,P+V+,⚠️ 中期出貨,4.41,13.65,0.323,73,59,55,65.2,,,,,,,,,,,,,,,,,,,,,,,,,,,,60,36,36,,36,剛爆發,,False,False
CINF,Financials,Cincinnati Financial,2026-09-04,171.1,-1.59,7.08,2.68,2.72,0.667,435975,758969,747570,-47.71,3.1,28.32,P-V-,P+V+,P+V+,➡️ 中性,17.91,21.4,0.837,54,55,58,55.1,,,,,,,,,,,,,,,,,,,,,,,,,,,,61,36,36,,36,剛爆發,,False,False
CB,Financials,Chubb Limited,2026-09-04,341.59,-1.93,8.95,1.59,2.55,0.667,1676230,1807475,1735568,-16.79,8.64,-2.47,P-V-,P+V+,P+V-,➡️ 中性,27.06,17.53,1.543,57,50,61,55.7,,,,,,,,,,,,,,,,,,,,,,,,,,,,62,36,36,,36,剛爆發,,False,False
AFL,Financials,Aflac,2026-09-04,117.21,-3.39,2.18,5.32,2.36,0.667,2141550,2275093,2341488,4.29,-5.51,1.09,P-V+,P+V-,P+V+,⚠️ 中期出貨,18.37,14.87,1.236,66,70,54,64.8,,,,,,,,,,,,,,,,,,,,,,,,,,,,63,36,36,,36,剛爆發,,False,False
HBAN,Financials,Huntington Bancshares,2026-09-04,17.03,-3.24,3.96,3.63,2.0,0.667,20214620,23074632,23634080,-26.23,-4.62,-24.85,P-V-,P+V-,P+V-,➡️ 中性,3.28,24.02,0.137,64,66,56,63.0,,,,,,,,,,,,,,,,,,,,,,,,,,,,64,36,36,,36,剛爆發,,False,False
CBOE,Financials,Cboe Global Markets,2026-09-04,298.38,4.98,4.61,-1.51,1.64,0.667,984685,1326020,1181645,-10.4,27.84,45.95,P+V-,P+V+,P-V+,➡️ 中性,23.78,38.01,0.626,9,62,67,36.5,2.01,9.66,False,True,283.54,9.37,0.86,False,369.38,371.18,-19.22,-3.62,4.41,11.0,9.0,917390.0,1066933.0,1.222,779800.0,1058340.0,1087853.0,0.717,84.58,51.58,多頭,頭頭高·底底高,空轉多預警,65,19,28,39.2,34,剛爆發,,False,True
ACGL,Financials,Arch Capital Group,2026-09-04,98.1,-0.15,11.05,-2.37,1.54,0.333,2226110,2091523,2133876,21.89,-3.89,-0.59,P-V+,P+V-,P-V-,➡️ 中性,7.88,21.16,0.372,43,41,69,47.6,,,,,,,,,,,,,,,,,,,,,,,,,,,,66,36,36,,36,剛爆發,,False,False
HIG,Financials,Hartford (The),2026-09-04,138.37,-1.54,9.15,-1.02,1.39,0.333,1296425,1630710,1599333,-24.87,4.0,5.02,P-V-,P+V+,P-V+,➡️ 中性,10.28,18.02,0.571,53,48,65,53.9,,,,,,,,,,,,,,,,,,,,,,,,,,,,67,36,36,,36,剛爆發,,False,False
ERIE,Financials,Erie Indemnity,2026-09-04,252.8,0.18,15.82,-6.04,0.98,0.667,315155,284190,255275,0.77,25.55,55.44,P+V+,P+V+,P-V+,🚀 健康多頭,-23.02,34.46,-0.668,41,28,73,43.5,,,,,,,,,,,,,,,,,,,,,,,,,,,,68,36,36,,36,剛爆發,,False,False
MSCI,Financials,MSCI,2026-09-04,573.01,2.13,-7.08,2.04,-0.22,0.667,542830,660167,637687,-30.1,7.31,-2.77,P+V-,P-V+,P+V-,⚠️ 量能背離,2.53,30.54,0.083,27,76,59,48.1,,,,,,,,,,,,,,,,,,,,,,,,,,,,69,36,36,,36,剛爆發,,False,False
AIG,Financials,American International Group,2026-09-04,76.21,-1.8,4.46,-2.39,-0.53,0.333,3148670,3757273,3967568,-6.6,-10.07,-15.21,P-V-,P+V-,P-V-,➡️ 中性,1.83,24.52,0.075,56,64,70,61.2,,,,,,,,,,,,,,,,,,,,,,,,,,,,70,36,36,,36,剛爆發,,False,False
L,Financials,Loews Corporation,2026-09-04,109.3,-3.9,4.13,-1.86,-0.87,0.333,681685,791213,772567,-10.83,4.95,-1.36,P-V-,P+V+,P-V-,➡️ 中性,19.75,16.97,1.164,71,65,68,68.6,,,,,,,,,,,,,,,,,,,,,,,,,,,,71,36,36,,36,剛爆發,,False,False
CME,Financials,CME Group,2026-09-04,281.29,6.69,10.42,-10.96,-1.2,0.667,1907905,2896310,2731989,-22.06,12.8,36.38,P+V-,P+V+,P-V+,➡️ 中性,4.57,25.27,0.181,7,43,74,31.2,2.75,-0.25,False,True,258.44,5.92,0.847,False,319.82,329.16,-12.05,-1.58,6.69,11.0,9.0,1764072.0,2083700.0,1.222,1647900.0,2029610.0,1991973.0,0.827,86.53,60.84,收斂,頭頭低·底底高,空轉多預警 / 多頭確認,72,17,18,39.2,34,剛爆發,🎯 潛在暴漲,False,True
WRB,Financials,W. R. Berkley Corporation,2026-09-04,69.14,-2.37,5.21,-3.96,-1.27,0.333,1538705,1909358,2046923,-26.23,-12.59,-21.84,P-V-,P+V-,P-V-,➡️ 中性,2.26,22.81,0.099,59,60,71,61.7,,,,,,,,,,,,,,,,,,,,,,,,,,,,73,36,36,,36,剛爆發,,False,False
AON,Financials,Aon plc,2026-09-04,323.09,-9.49,0.49,-4.24,-4.37,0.333,1007485,1418207,1415102,-31.28,0.44,13.67,P-V-,P+V+,P-V+,➡️ 中性,-2.83,26.43,-0.107,76,72,72,74.0,,,,,,,,,,,,,,,,,,,,,,,,,,,,74,36,36,,36,剛爆發,,False,False
FIS,Financials,Fidelity National Information Services,2026-09-04,41.89,-1.46,2.14,-14.99,-7.33,0.333,5229890,6093213,6337422,-23.14,-7.42,55.73,P-V-,P+V-,P-V+,➡️ 中性,-35.77,25.92,-1.38,52,71,75,62.3,,,,,,,,,,,,,,,,,,,,,,,,,,,,75,36,36,,36,剛爆發,,False,False
FISV,Financials,Fiserv,2026-09-04,53.0,1.49,-5.74,-15.73,-8.93,0.333,6137760,7764307,7125800,-23.46,19.68,-23.32,P+V-,P-V+,P-V-,➡️ 中性,-61.51,57.69,-1.066,32,75,76,53.7,,,,,,,,,,,,,,,,,,,,,,,,,,,,76,36,36,,36,剛爆發,,False,False
MRNA,Health Care,Moderna,2026-09-04,145.55,143.35,182.13,192.09,177.42,1.0,33470120,15451155,11374751,543.04,111.71,-1.55,P+V+,P+V+,P+V-,🚀 健康多頭,135.36,132.2,1.024,1,1,1,1.0,4.33,12.37,False,True,85.5,21.37,1.855,False,176.66,176.66,-17.61,5.48,145.99,9.0,11.0,44837655.0,24169409.0,0.818,14933900.0,24282610.0,42478600.0,0.352,100.0,63.19,多頭,頭頭高·底底高,,1,1,28,6.4,1,,🔥 追高風險,False,True
HUM,Health Care,Humana,2026-09-04,401.54,4.11,15.06,122.78,66.18,1.0,974525,1360086,1538825,-37.49,-20.81,-18.37,P+V-,P+V-,P+V-,⚠️ 量能衰竭,26.84,57.63,0.466,18,29,2,18.1,8.79,1.05,False,True,388.35,8.7,1.221,False,428.88,428.88,-6.37,4.15,4.3,11.0,9.0,1061027.0,868800.0,1.222,783100.0,973400.0,988886.0,0.792,93.94,59.41,收斂,頭頭低·底底高,多轉空預警 / 多頭確認,2,11,11,7.4,4,吃老本,🔥 追高風險,False,True
CRL,Health Care,Charles River Laboratories,2026-09-04,288.5,4.15,55.28,64.21,46.96,1.0,895865,882869,888051,-2.06,-1.16,-6.7,P+V-,P+V-,P+V-,⚠️ 量能衰竭,63.11,51.37,1.229,17,2,3,9.7,10.31,5.42,False,True,254.63,7.66,1.058,False,303.31,303.31,-4.88,-1.03,7.85,11.0,9.0,918463.0,868244.0,1.222,738900.0,824540.0,849340.0,0.87,91.15,60.05,擴散,頭頭高·底底低,,3,15,7,8.6,5,吃老本,,False,True
VEEV,Health Care,Veeva Systems,2026-09-04,275.09,17.21,54.03,47.97,41.79,1.0,1943210,2083240,2543313,18.79,-30.64,53.93,P+V+,P+V-,P+V+,➡️ 中性,-15.56,45.26,-0.344,2,3,6,3.1,5.77,4.91,False,True,220.0,21.19,1.467,False,310.5,310.5,-11.4,-0.58,19.36,11.0,9.0,2267954.0,1546300.0,1.222,1152100.0,2290450.0,1975520.0,0.583,100.0,65.92,多頭,頭頭高·底底高,空轉多預警,4,1,25,7.0,3,,,False,True
IQV,Health Care,IQVIA,2026-09-04,267.77,10.65,43.28,53.93,40.45,1.0,1246060,1445215,1546350,-18.83,-12.28,-9.42,P+V-,P+V-,P+V-,⚠️ 量能衰竭,27.18,40.85,0.665,6,4,4,5.0,3.94,2.96,False,True,230.13,7.09,1.202,False,271.8,271.8,-1.48,2.3,12.18,11.0,9.0,1348200.0,1121222.0,1.222,1197800.0,1324400.0,1344340.0,0.891,97.6,69.63,多頭,頭頭高·底底高,多頭確認,5,9,5,6.6,2,,,False,True
CNC,Health Care,Centene Corporation,2026-09-04,67.04,0.71,6.92,52.99,28.4,1.0,3688510,4871809,5626197,-30.9,-23.65,-37.07,P+V-,P+V-,P+V-,⚠️ 量能衰竭,126.95,55.58,2.284,35,44,5,31.7,132.64,57.91,False,True,65.53,8.22,0.945,False,69.36,69.36,-3.34,3.54,1.93,10.0,10.0,3584810.0,3792210.0,1.0,2926200.0,4229640.0,3904106.0,0.75,84.12,55.67,收斂,頭頭低·底底高,多轉空預警 / 空轉多預警,6,24,16,15.2,14,吃老本,,False,True
RVTY,Health Care,Revvity,2026-09-04,130.22,12.24,27.25,35.91,27.83,1.0,1541480,1498669,1393513,0.08,16.32,0.28,P+V+,P+V+,P+V+,⭐⭐⭐ 完美多頭,32.71,40.33,0.811,5,9,9,7.0,15.93,4.47,False,True,116.38,9.08,1.165,False,133.0,133.0,-2.09,1.1,13.57,9.0,11.0,1671688.0,1434945.0,0.818,1175200.0,1698800.0,1661780.0,0.707,91.24,67.5,多頭,頭頭高·底底高,多頭確認,7,14,19,12.2,8,吃老本,🚀 暴漲中,True,True
BAX,Health Care,Baxter International,2026-09-04,25.83,-6.98,33.54,35.86,24.57,0.667,5166480,6508838,7323148,-32.92,-20.01,-11.57,P-V-,P+V-,P+V-,➡️ 中性,12.99,42.6,0.305,55,6,10,31.3,52.53,15.93,False,True,24.71,6.08,1.057,False,29.99,30.0,-13.87,-1.15,-6.21,9.0,11.0,5324100.0,5037518.0,0.818,3415000.0,4341310.0,4593033.0,0.744,76.58,51.1,多頭,頭頭高·底底高,,8,28,17,17.8,21,吃老本,,False,True
MRK,Health Care,Merck & Co.,2026-09-04,150.33,14.83,25.9,27.29,23.83,1.0,10869365,10700243,10082492,23.22,13.05,-23.68,P+V+,P+V+,P+V-,🚀 健康多頭,56.86,30.17,1.885,3,11,16,8.0,49.43,13.15,False,True,134.59,7.4,1.189,False,156.92,156.92,-4.2,1.33,16.92,11.0,9.0,11707900.0,9844488.0,1.222,4395400.0,9510750.0,11921746.0,0.369,99.83,62.3,多頭,頭頭高·底底高,,9,8,27,12.2,8,,🚀 暴漲中,False,True
ELV,Health Care,Elevance Health,2026-09-04,407.5,2.46,-0.07,44.94,23.07,0.667,878795,1378638,1623916,-41.4,-26.24,-7.37,P+V-,P-V-,P+V-,⚠️ 量能背離,28.33,35.27,0.803,26,53,7,30.3,19.99,16.36,False,True,396.29,6.41,1.084,False,436.24,436.24,-6.59,3.31,3.37,11.0,9.0,910490.0,840055.0,1.222,1132900.0,908530.0,909613.0,1.245,90.65,56.63,空頭,頭頭低·底底低,多轉空預警,10,17,2,11.2,7,吃老本,,False,True
TECH,Health Care,Bio-Techne,2026-09-04,72.43,0.54,36.35,27.47,22.96,1.0,2410545,4680267,3635971,-33.84,80.59,63.24,P+V-,P+V+,P+V+,⚠️ 頂部背離,33.47,42.75,0.783,36,5,15,22.5,0.13,-0.82,False,True,71.78,0.61,0.942,False,72.58,72.62,-0.21,0.11,0.3,10.0,10.0,2337940.0,2483150.0,1.0,1856300.0,1975930.0,2350673.0,0.79,81.7,65.54,多頭,頭頭高·底底高,,11,25,13,17.0,19,吃老本,,False,True
INCY,Health Care,Incyte,2026-09-04,126.75,4.28,25.2,29.24,21.99,1.0,1205775,1799087,1644888,-38.96,20.69,-20.09,P+V-,P+V+,P+V-,⚠️ 量能背離,39.15,30.67,1.277,14,13,14,13.7,43.95,35.12,False,True,120.81,7.24,1.444,False,132.6,132.6,-4.41,1.91,5.13,8.0,12.0,1478375.0,1024041.0,0.667,1031000.0,1161720.0,1267513.0,0.813,89.11,56.24,收斂,頭頭低·底底高,多轉空預警,12,18,10,14.0,11,吃老本,,False,True
SOLV,Health Care,Solventum,2026-09-04,91.69,7.6,11.25,29.49,19.46,1.0,991375,1244613,1453763,-18.83,-25.15,35.55,P+V-,P+V-,P+V+,⚠️ 頂部背離,14.11,31.0,0.455,7,38,13,17.5,33.78,9.33,False,True,84.01,5.31,1.075,False,94.16,94.16,-2.62,0.63,10.5,13.0,7.0,1016161.0,945342.0,1.857,576300.0,880400.0,942446.0,0.611,100.0,64.26,多頭,頭頭高·底底高,多頭確認,13,1,24,10.4,6,剛爆發,,False,True
UNH,Health Care,UnitedHealth Group,2026-09-04,397.14,-2.84,0.74,39.18,19.06,0.667,4094690,5547629,6806778,-25.76,-31.22,-28.61,P-V-,P+V-,P+V-,➡️ 中性,32.53,38.9,0.836,47,50,8,40.1,29.8,9.52,False,False,411.74,4.67,0.938,False,461.62,461.62,-13.97,1.07,-2.44,9.0,11.0,3951855.0,4211554.0,0.818,5565400.0,4080340.0,4289926.0,1.297,77.66,46.82,空頭,頭頭低·底底低,多轉空預警,14,27,1,16.6,18,吃老本,,False,True
WST,Health Care,West Pharmaceutical Services,2026-09-04,339.97,-3.45,7.21,35.43,18.65,0.667,445650,692484,787340,-45.29,-21.5,0.42,P-V-,P+V-,P+V+,➡️ 中性,41.66,28.18,1.478,48,42,11,38.8,13.86,27.07,False,False,350.02,5.6,1.002,False,385.75,386.0,-11.87,0.74,-3.98,9.0,11.0,446022.0,445345.0,0.818,364100.0,418790.0,423720.0,0.859,77.71,43.05,多頭,頭頭高·底底高,空轉多預警 / 空頭確認,15,26,8,18.0,22,吃老本,,False,True
TMO,Health Care,Thermo Fisher Scientific,2026-09-04,613.78,2.35,27.46,21.04,17.97,1.0,1601610,2024046,2142992,-30.21,-10.52,3.4,P+V-,P+V-,P+V+,⚠️ 頂部背離,21.02,31.39,0.67,27,8,19,19.7,5.6,3.79,False,True,570.73,7.66,1.439,False,647.0,647.0,-5.13,-1.35,3.33,9.0,11.0,1924277.0,1337609.0,0.818,1228900.0,1505380.0,1631733.0,0.753,88.91,57.43,多頭,頭頭高·底底高,,16,19,15,17.0,19,,,False,True
WAT,Health Care,Waters Corporation,2026-09-04,409.38,-0.58,8.74,31.15,17.62,0.667,662205,838103,955461,-27.8,-21.88,23.12,P-V-,P+V-,P+V+,➡️ 中性,32.82,38.09,0.862,42,40,12,35.4,1.41,16.99,False,True,391.71,5.96,1.182,False,426.22,426.22,-3.95,-1.28,0.62,10.0,10.0,717540.0,606870.0,1.0,352100.0,544360.0,662306.0,0.532,85.55,53.59,擴散,頭頭高·底底低,,17,22,26,20.8,24,,,False,True
AMGN,Health Care,Amgen,2026-09-04,437.23,5.41,27.25,17.53,16.93,1.0,2237140,2673552,2628197,-17.58,3.51,-2.93,P+V-,P+V+,P+V-,⚠️ 量能背離,48.04,28.04,1.713,10,9,23,12.3,11.97,8.04,False,True,395.32,4.79,1.123,False,447.03,447.03,-2.19,1.11,7.02,11.0,9.0,2352963.0,2095577.0,1.222,1648800.0,2082870.0,2258213.0,0.73,92.64,62.51,多頭,頭頭高·底底高,,18,13,18,16.0,16,,,False,True
A,Health Care,Agilent Technologies,2026-09-04,150.86,1.44,9.24,27.26,16.3,1.0,2304675,2211795,2243525,13.97,-2.79,11.7,P+V+,P+V-,P+V+,➡️ 中性,14.28,34.71,0.411,32,39,17,31.1,,,,,,,,,,,,,,,,,,,,,,,,,,,,19,29,29,,29,吃老本,,False,False
DXCM,Health Care,Dexcom,2026-09-04,87.9,0.29,21.09,20.28,15.48,1.0,4076910,4825995,5014076,-21.14,-7.23,-13.72,P+V-,P+V-,P+V-,⚠️ 量能衰竭,5.27,42.13,0.125,38,20,21,29.2,,,,,,,,,,,,,,,,,,,,,,,,,,,,20,29,29,,29,吃老本,,False,False
LH,Health Care,Labcorp,2026-09-04,326.89,1.95,25.53,16.08,14.91,1.0,582235,668683,645024,-28.63,7.61,-10.72,P+V-,P+V+,P+V-,⚠️ 量能背離,15.44,23.44,0.659,30,12,24,23.4,4.65,3.26,False,True,305.96,4.47,1.074,False,341.07,341.8,-4.16,-2.45,2.64,10.0,10.0,603000.0,561470.0,1.0,438600.0,602070.0,629253.0,0.697,84.4,55.74,多頭,頭頭高·底底高,,21,23,20,21.6,25,,,False,True
BIIB,Health Care,Biogen,2026-09-04,220.83,6.61,12.41,20.0,14.76,1.0,714155,1109778,1130526,-47.18,-3.6,-36.09,P+V-,P+V-,P+V-,⚠️ 量能衰竭,47.82,30.76,1.555,8,34,22,18.6,77.38,20.93,False,True,209.53,5.55,1.06,False,225.8,225.8,-2.2,1.07,6.2,11.0,9.0,732800.0,691366.0,1.222,465100.0,670760.0,695760.0,0.668,91.03,57.98,多頭,頭頭高·底底高,空轉多預警,22,16,23,19.8,23,剛爆發,,False,True
VRTX,Health Care,Vertex Pharmaceuticals,2026-09-04,546.12,4.24,23.63,15.15,14.54,1.0,1117515,1478333,1389301,-15.19,13.69,-5.41,P+V-,P+V+,P+V-,⚠️ 量能背離,25.23,29.37,0.859,15,15,26,17.2,-0.32,3.81,False,True,508.76,5.1,1.348,False,560.25,560.25,-2.52,0.82,10.09,12.0,8.0,1246275.0,924375.0,1.5,803300.0,937900.0,1037446.0,0.774,100.0,59.36,多頭,頭頭高·底底高,,23,1,14,12.4,10,剛爆發,,False,False
JNJ,Health Care,Johnson & Johnson,2026-09-04,275.23,5.64,21.22,12.74,13.08,1.0,6283485,7787246,7710054,-22.41,2.02,-12.3,P+V-,P+V+,P+V-,⚠️ 量能背離,47.83,22.29,2.146,9,19,29,16.0,1.58,0.85,False,True,260.72,6.35,0.994,False,281.07,281.07,-2.08,2.68,6.69,13.0,7.0,6269946.0,6308628.0,1.857,4320100.0,6251370.0,6417240.0,0.673,100.0,61.22,多頭,頭頭高·底底高,,24,1,22,14.4,12,剛爆發,,False,True
REGN,Health Care,Regeneron Pharmaceuticals,2026-09-04,827.72,2.55,31.8,8.25,12.72,1.0,685885,850475,837836,-13.66,3.06,-13.94,P+V-,P+V+,P+V-,⚠️ 量能背離,37.34,34.14,1.094,25,7,35,21.6,39.99,6.38,False,True,737.27,9.76,1.211,False,859.34,859.34,-3.68,4.22,5.65,11.0,9.0,744318.0,614466.0,1.222,561100.0,640060.0,656966.0,0.854,94.61,60.54,擴散,頭頭高·底底低,,25,10,9,15.8,15,剛爆發,,False,True
DGX,Health Care,Quest Diagnostics,2026-09-04,237.14,-0.21,21.41,14.77,12.69,0.667,855510,949621,916525,-23.61,7.49,-8.68,P-V-,P+V+,P+V-,➡️ 中性,32.18,26.65,1.207,40,18,27,30.8,,,,,,,,,,,,,,,,,,,,,,,,,,,,26,29,29,,29,,,False,False
CVS,Health Care,CVS Health,2026-09-04,96.74,1.12,2.66,21.99,11.94,1.0,6682895,7920230,7890773,-22.58,0.75,-0.66,P+V-,P+V+,P+V-,⚠️ 量能背離,33.83,33.77,1.002,34,47,18,34.7,,,,,,,,,,,,,,,,,,,,,,,,,,,,27,29,29,,29,,,False,False
CAH,Health Care,Cardinal Health,2026-09-04,247.18,4.22,22.79,9.71,11.6,1.0,1701235,2152176,2081820,-18.92,7.0,-3.3,P+V-,P+V+,P+V-,⚠️ 量能背離,59.71,30.42,1.963,16,16,34,19.6,,,,,,,,,,,,,,,,,,,,,,,,,,,,28,29,29,,29,,,False,False
BMY,Health Care,Bristol Myers Squibb,2026-09-04,66.82,3.05,19.39,11.52,11.37,1.0,8127055,11385400,11491568,-37.8,-1.83,-22.6,P+V-,P+V-,P+V-,⚠️ 量能衰竭,43.88,23.02,1.907,23,23,31,24.6,,,,,,,,,,,,,,,,,,,,,,,,,,,,29,29,29,,29,,,False,False
HSIC,Health Care,Henry Schein,2026-09-04,89.81,1.96,17.71,11.97,10.9,1.0,932770,1253644,1313410,-34.99,-8.7,-9.16,P+V-,P+V-,P+V-,⚠️ 量能衰竭,26.93,26.17,1.029,29,26,30,28.3,,,,,,,,,,,,,,,,,,,,,,,,,,,,30,29,29,,29,,,False,False
VTRS,Health Care,Viatris,2026-09-04,16.88,4.46,6.96,16.04,10.87,1.0,8628115,9614032,10305149,-14.69,-12.57,9.79,P+V-,P+V-,P+V+,⚠️ 頂部背離,60.82,30.54,1.991,13,43,25,24.4,15.04,17.54,False,True,16.67,6.93,0.771,False,18.25,18.39,-7.52,3.3,3.51,10.0,8.0,7456590.0,9668650.0,1.25,5732600.0,7417410.0,7240793.0,0.792,85.67,54.88,擴散,頭頭高·底底低,,31,21,11,23.0,28,剛爆發,,False,True
BDX,Health Care,Becton Dickinson,2026-09-04,184.74,2.84,24.39,7.47,10.55,1.0,1629205,2111381,2478883,-13.78,-25.82,-6.15,P+V-,P+V-,P+V-,⚠️ 量能衰竭,19.8,22.99,0.861,24,14,36,23.4,2.93,4.51,False,True,170.0,4.79,1.046,False,193.07,193.07,-4.31,-2.52,4.46,11.0,9.0,1661945.0,1589188.0,1.222,1439100.0,1499840.0,1639120.0,0.878,88.3,57.51,多頭,頭頭高·底底高,空轉多預警,32,20,6,22.0,26,剛爆發,,False,True
ABBV,Health Care,AbbVie,2026-09-04,256.46,3.42,14.82,11.36,10.24,1.0,4274050,6384953,6501470,-25.01,-3.52,6.32,P+V-,P+V-,P+V+,⚠️ 頂部背離,19.34,26.96,0.718,20,30,32,25.4,,,,,,,,,,,,,,,,,,,,,,,,,,,,33,29,29,,29,,,False,False
PFE,Health Care,Pfizer,2026-09-04,28.45,5.18,12.68,10.71,9.82,1.0,34818710,41995538,39554902,-16.58,13.15,-30.78,P+V-,P+V+,P+V-,⚠️ 量能背離,15.1,19.34,0.781,12,33,33,22.5,12.87,3.93,False,True,25.82,5.53,1.395,False,29.21,29.21,-2.6,1.75,6.32,10.0,10.0,40559500.0,29077920.0,1.0,23782900.0,32739030.0,34501493.0,0.689,93.9,63.2,多頭,頭頭高·底底高,多頭確認,34,12,21,22.6,27,剛爆發,,False,True
GILD,Health Care,Gilead Sciences,2026-09-04,151.0,13.48,17.66,3.4,9.49,1.0,5370170,7316436,6727775,-22.23,19.18,-7.39,P+V-,P+V+,P+V-,⚠️ 量能背離,18.8,24.9,0.755,4,27,38,17.7,6.86,6.24,False,True,136.6,6.3,0.913,False,155.38,157.29,-2.82,3.65,13.35,14.0,6.0,5220885.0,5718500.0,2.333,6181300.0,5209820.0,5405853.0,1.143,100.0,67.71,收斂,頭頭低·底底高,多轉空預警 / 空轉多預警 / 多頭確認,35,1,3,15.0,13,剛爆發,,False,True
DVA,Health Care,DaVita,2026-09-04,183.99,0.16,-4.26,20.83,9.39,0.667,642835,823115,846567,-34.74,-5.39,-11.19,P+V-,P-V-,P+V-,⚠️ 量能背離,33.29,48.74,0.683,39,56,20,40.3,,,,,,,,,,,,,,,,,,,,,,,,,,,,36,29,29,,29,剛爆發,,False,False
LLY,Health Care,Lilly (Eli),2026-09-04,1149.36,-6.57,2.29,14.41,6.14,0.667,2501155,2872240,2976750,-8.8,-6.78,-15.85,P-V-,P+V-,P+V-,➡️ 中性,63.84,38.92,1.64,53,48,28,46.5,,,,,,,,,,,,,,,,,,,,,,,,,,,,37,29,29,,29,剛爆發,,False,False
MDT,Health Care,Medtronic,2026-09-04,94.17,5.32,15.98,-0.95,4.85,0.667,8008170,8502367,9014633,12.94,-10.75,23.18,P+V+,P+V-,P-V+,➡️ 中性,-3.13,21.55,-0.145,11,28,43,22.5,4.51,0.56,False,True,86.74,5.95,1.063,False,103.76,106.33,-9.24,3.22,8.04,13.0,7.0,8176676.0,7695228.0,1.857,9012900.0,9014610.0,8283073.0,1.088,100.0,64.55,多頭,頭頭高·底底高,,38,1,4,16.4,17,剛爆發,,False,True
DHR,Health Care,Danaher Corporation,2026-09-04,207.66,-0.82,11.49,2.22,3.78,0.667,3114100,4669561,4579641,-54.34,4.01,15.93,P-V-,P+V+,P+V+,➡️ 中性,3.03,26.84,0.113,43,37,39,40.4,,,,,,,,,,,,,,,,,,,,,,,,,,,,39,29,29,,29,剛爆發,,False,False
ZBH,Health Care,Zimmer Biomet,2026-09-04,98.07,0.3,13.43,0.64,3.75,1.0,1691105,2176340,2240863,-35.5,-5.6,15.65,P+V-,P+V-,P+V+,⚠️ 頂部背離,-7.72,32.52,-0.237,37,32,41,36.3,,,,,,,,,,,,,,,,,,,,,,,,,,,,40,29,29,,29,剛爆發,,False,False
ABT,Health Care,Abbott Laboratories,2026-09-04,108.33,-0.27,20.18,-3.36,3.3,0.333,7470145,11286064,11867453,-39.13,-9.34,58.19,P-V-,P+V-,P-V+,➡️ 中性,-17.03,26.89,-0.633,41,21,44,35.6,,,,,,,,,,,,,,,,,,,,,,,,,,,,41,29,29,,29,剛爆發,,False,False
MTD,Health Care,Mettler Toledo,2026-09-04,1345.26,-5.76,13.96,2.17,3.13,0.667,170335,189446,187200,-1.37,2.43,32.55,P-V-,P+V+,P+V+,➡️ 中性,9.48,36.41,0.26,52,31,40,43.3,,,,,,,,,,,,,,,,,,,,,,,,,,,,42,29,29,,29,剛爆發,,False,False
EW,Health Care,Edwards Lifesciences,2026-09-04,89.9,-2.31,2.8,5.42,2.83,0.667,2805810,4250384,4679516,-44.95,-16.8,10.73,P-V-,P+V-,P+V+,➡️ 中性,10.85,24.13,0.45,46,46,37,44.2,,,,,,,,,,,,,,,,,,,,,,,,,,,,43,29,29,,29,剛爆發,,False,False
MCK,Health Care,McKesson Corporation,2026-09-04,907.99,3.31,20.08,-8.61,1.54,0.667,906445,1024846,1015278,-11.68,1.9,39.01,P+V-,P+V+,P-V+,➡️ 中性,26.87,28.52,0.942,21,22,46,26.3,,,,,,,,,,,,,,,,,,,,,,,,,,,,44,29,29,,29,剛爆發,,False,False
COR,Health Care,Cencora,2026-09-04,330.95,2.03,22.67,-10.52,0.91,0.667,1235580,1440175,1594910,-16.23,-17.69,13.87,P+V-,P+V-,P-V+,➡️ 中性,10.18,30.54,0.333,28,17,47,28.5,,,,,,,,,,,,,,,,,,,,,,,,,,,,45,29,29,,29,剛爆發,,False,False
CI,Health Care,Cigna,2026-09-04,282.52,1.48,0.66,0.63,0.85,1.0,1393915,1679113,1676300,-31.76,0.34,-6.06,P+V-,P+V+,P+V-,⚠️ 量能背離,-5.9,29.15,-0.202,31,52,42,39.5,,,,,,,,,,,,,,,,,,,,,,,,,,,,46,29,29,,29,剛爆發,,False,False
RMD,Health Care,ResMed|,2026-09-04,228.35,4.07,17.85,-11.07,-0.06,0.667,1363690,1477163,1374995,-5.29,16.05,30.48,P+V-,P+V+,P-V+,➡️ 中性,-22.91,27.71,-0.827,19,25,48,26.6,,,,,,,,,,,,,,,,,,,,,,,,,,,,47,29,29,,29,剛爆發,,False,False
STE,Health Care,Steris,2026-09-04,224.59,-5.71,6.46,-7.15,-3.39,0.333,595695,754756,778583,-22.7,-5.94,16.45,P-V-,P+V-,P-V+,➡️ 中性,-2.66,23.59,-0.113,51,45,45,48.0,,,,,,,,,,,,,,,,,,,,,,,,,,,,48,29,29,,29,剛爆發,,False,False
UHS,Health Care,Universal Health Services,2026-09-04,169.65,-1.67,19.17,-16.97,-4.11,0.333,621830,868564,894600,-38.57,-5.66,26.58,P-V-,P+V-,P-V+,➡️ 中性,-8.43,33.29,-0.253,44,24,53,39.8,,,,,,,,,,,,,,,,,,,,,,,,,,,,49,29,29,,29,剛爆發,,False,False
GEHC,Health Care,GE HealthCare,2026-09-04,68.86,-5.59,7.98,-11.77,-5.29,0.333,2565945,4440510,4584596,-57.64,-6.09,32.53,P-V-,P+V-,P-V+,➡️ 中性,-5.05,36.67,-0.138,50,41,49,47.1,,,,,,,,,,,,,,,,,,,,,,,,,,,,50,29,29,,29,剛爆發,,False,False
COO,Health Care,Cooper Companies (The),2026-09-04,69.59,-8.82,12.21,-16.53,-7.42,0.333,1647450,2471510,2409561,-14.96,5.28,-9.93,P-V-,P+V+,P-V-,➡️ 中性,9.02,30.91,0.292,56,35,52,48.9,,,,,,,,,,,,,,,,,,,,,,,,,,,,51,29,29,,29,剛爆發,,False,False
HCA,Health Care,HCA Healthcare,2026-09-04,405.0,-2.18,12.16,-24.99,-10.0,0.333,1210035,1525827,1390310,-30.92,21.6,11.25,P-V-,P+V+,P-V+,➡️ 中性,-1.09,30.41,-0.036,45,36,55,44.3,,,,,,,,,,,,,,,,,,,,,,,,,,,,52,29,29,,29,剛爆發,,False,False
ALGN,Health Care,Align Technology,2026-09-04,158.64,-9.88,-5.73,-13.14,-10.47,0.0,803710,958472,1051275,-15.6,-16.22,-17.51,P-V-,P-V-,P-V-,🧊 熊市縮量,24.83,37.91,0.655,57,58,50,55.9,,,,,,,,,,,,,,,,,,,,,,,,,,,,53,29,29,,29,剛爆發,,False,False
IDXX,Health Care,Idexx Laboratories,2026-09-04,535.38,-10.13,-5.2,-15.76,-11.71,0.0,501790,616018,598516,-23.53,6.02,18.45,P-V-,P-V+,P-V+,➡️ 中性,-8.76,31.95,-0.274,58,57,51,56.3,,,,,,,,,,,,,,,,,,,,,,,,,,,,54,29,29,,29,剛爆發,,False,False
SYK,Health Care,Stryker Corporation,2026-09-04,303.13,-12.34,0.91,-20.76,-13.24,0.333,2235675,2443975,2463509,-9.32,-1.57,47.55,P-V-,P+V-,P-V+,➡️ 中性,-12.7,24.1,-0.527,59,49,54,55.0,,,,,,,,,,,,,,,,,,,,,,,,,,,,55,29,29,,29,剛爆發,,False,False
ISRG,Health Care,Intuitive Surgical,2026-09-04,366.7,-6.78,-12.44,-26.28,-17.95,0.0,2283520,2971792,2539446,-46.68,41.04,18.3,P-V-,P-V+,P-V+,➡️ 中性,-18.86,34.4,-0.548,54,59,56,55.9,,,,,,,,,,,,,,,,,,,,,,,,,,,,56,29,29,,29,剛爆發,,False,False
PODD,Health Care,Insulet Corporation,2026-09-04,147.48,3.24,0.73,-39.02,-18.52,0.667,1601725,1622898,1444083,-9.74,28.27,89.42,P+V-,P+V+,P-V+,➡️ 中性,-59.48,33.85,-1.757,22,51,58,37.9,,,,,,,,,,,,,,,,,,,,,,,,,,,,57,29,29,,29,剛爆發,,False,False
BSX,Health Care,Boston Scientific,2026-09-04,47.8,-5.27,-2.15,-35.27,-19.49,0.0,19037730,19826824,19067381,-5.47,8.3,66.48,P-V-,P-V+,P-V+,➡️ 中性,-54.01,36.47,-1.481,49,54,57,52.1,,,,,,,,,,,,,,,,,,,,,,,,,,,,58,29,29,,29,剛爆發,,False,False
ZTS,Health Care,Zoetis,2026-09-04,75.81,1.31,-4.0,-39.12,-20.23,0.333,5014250,6303727,6032710,-26.63,9.41,40.63,P+V-,P-V+,P-V+,➡️ 中性,-51.7,41.19,-1.255,33,55,59,44.8,,,,,,,,,,,,,,,,,,,,,,,,,,,,59,29,29,,29,剛爆發,,False,False
PAYX,Industrials,Paychex,2026-09-04,121.71,0.44,23.62,30.35,21.19,1.0,2162505,3075324,3371134,-33.28,-16.13,0.75,P+V-,P+V-,P+V+,⚠️ 頂部背離,-7.47,23.88,-0.313,11,2,2,6.5,0.91,2.31,False,True,115.9,5.05,1.117,False,132.36,138.19,-8.05,-4.2,1.39,12.0,8.0,2257400.0,2020162.0,1.5,1841300.0,2083860.0,2218980.0,0.83,91.21,50.56,多頭,頭頭高·底底高,,1,5,16,5.6,2,,,False,True
ADP,Industrials,Automatic Data Processing,2026-09-04,277.62,1.44,20.93,30.41,20.8,1.0,2040215,2486040,2922096,-20.44,-25.97,19.29,P+V-,P+V-,P+V+,⚠️ 頂部背離,-5.78,25.55,-0.226,10,4,1,6.4,1.58,2.26,False,True,262.0,4.08,1.162,False,294.5,302.68,-5.73,-3.43,2.32,10.0,10.0,2193210.0,1887220.0,1.0,2209200.0,1918310.0,2097746.0,1.053,85.36,53.89,多頭,頭頭高·底底高,,2,9,6,5.6,2,吃老本,,False,True
EXPD,Industrials,Expeditors International,2026-09-04,188.8,5.47,17.9,28.19,19.94,1.0,761510,1182149,1160633,-45.34,3.78,-19.29,P+V-,P+V+,P+V-,⚠️ 量能背離,49.35,25.84,1.909,3,6,3,3.9,19.93,27.77,False,True,178.3,4.23,0.907,False,192.28,192.28,-1.81,-1.14,5.65,13.0,7.0,735100.0,810557.0,1.857,505200.0,739310.0,726286.0,0.696,96.66,61.13,多頭,頭頭高·底底高,,3,3,24,7.2,4,,,False,True
SWK,Industrials,Stanley Black & Decker,2026-09-04,97.36,-5.14,24.07,21.88,15.67,0.667,1461120,1756276,1846621,-31.48,-9.33,-1.79,P-V-,P+V-,P+V-,➡️ 中性,36.97,39.59,0.934,42,1,5,22.3,29.86,34.6,False,True,95.18,7.42,1.064,False,104.68,104.68,-6.99,-0.45,-6.29,6.0,14.0,1525750.0,1433421.0,0.429,1341200.0,1423620.0,1471273.0,0.912,71.1,50.15,收斂,頭頭低·底底高,多轉空預警,4,24,8,12.8,10,吃老本,,False,True
DE,Industrials,Deere & Company,2026-09-04,693.53,13.83,17.5,12.62,14.14,1.0,1355275,1244055,1269533,28.59,-3.93,-15.87,P+V+,P+V-,P+V-,➡️ 中性,32.82,29.91,1.097,2,7,14,5.9,8.3,14.07,False,True,618.75,13.47,1.428,False,705.88,705.88,-1.75,10.03,11.71,10.0,10.0,1594100.0,1116450.0,1.0,1053800.0,1357530.0,1548606.0,0.68,100.0,68.3,擴散,頭頭高·底底低,多頭確認,5,1,25,7.4,5,,,False,True
DAL,Industrials,Delta Air Lines,2026-09-04,80.17,-10.13,1.08,24.74,10.11,0.667,4714720,6453703,8839513,-20.62,-42.51,8.22,P-V-,P+V-,P+V+,➡️ 中性,50.93,37.24,1.368,67,42,4,46.9,4.54,11.35,False,False,86.54,11.22,0.917,False,95.44,95.68,-16.0,0.12,-12.23,8.0,12.0,4470925.0,4877250.0,0.667,5130500.0,5115580.0,5095666.0,1.007,68.75,41.68,收斂,頭頭低·底底高,多轉空預警 / 空頭確認,6,26,7,14.2,12,吃老本,,False,True
CSX,Industrials,CSX Corporation,2026-09-04,49.41,-1.15,7.17,16.5,9.75,0.667,9234300,11780012,12351116,-34.66,-8.84,-14.49,P-V-,P+V-,P+V-,➡️ 中性,56.09,18.63,3.012,21,23,9,19.2,4.19,10.6,False,False,50.02,8.3,0.887,False,53.45,53.6,-7.56,-3.38,-1.44,11.0,9.0,8735190.0,9844322.0,1.222,7816200.0,9307920.0,9318100.0,0.839,81.64,43.79,多頭,頭頭高·底底高,空頭確認,7,15,15,11.8,8,吃老本,,False,True
JBHT,Industrials,J.B. Hunt,2026-09-04,273.77,2.87,-3.2,19.0,9.42,0.667,802500,960347,958050,-24.95,0.48,-23.54,P+V-,P-V+,P+V-,⚠️ 量能背離,88.35,37.14,2.379,7,53,7,20.8,9.55,3.09,False,False,276.05,8.19,1.215,False,299.26,299.76,-8.52,4.88,1.96,11.0,9.0,872072.0,717466.0,1.222,860000.0,792010.0,771000.0,1.115,92.73,53.44,空頭,頭頭低·底底低,多轉空預警,8,4,2,5.2,1,,,False,True
NDSN,Industrials,Nordson Corporation,2026-09-04,318.36,3.13,11.44,11.28,9.28,1.0,430130,399553,378056,30.35,12.06,-2.36,P+V+,P+V+,P+V-,🚀 健康多頭,39.62,20.02,1.979,6,12,16,9.8,5.03,1.48,False,True,304.87,8.49,1.255,False,339.12,339.12,-6.12,-1.92,2.66,9.0,11.0,484177.0,385909.0,0.818,428900.0,354560.0,473720.0,0.905,85.06,53.24,多頭,頭頭高·底底高,,9,10,10,9.6,6,,🎯 潛在暴漲,False,True
GWW,Industrials,W. W. Grainger,2026-09-04,1324.49,2.08,2.92,15.49,9.0,1.0,209035,291823,273629,-32.22,14.25,-6.85,P+V-,P+V+,P+V-,⚠️ 量能背離,29.4,20.21,1.455,9,38,11,18.1,6.26,14.08,False,False,1337.85,4.15,1.096,False,1417.14,1419.91,-6.54,1.39,3.88,11.0,9.0,217572.0,198600.0,1.222,175400.0,203690.0,205433.0,0.854,90.39,51.81,空頭,頭頭低·底底低,,10,8,13,9.8,7,,,False,True
J,Industrials,Jacobs Solutions,2026-09-04,146.23,-0.5,18.63,5.88,7.47,0.667,836620,1033009,1068185,-5.91,-6.38,7.82,P-V-,P+V-,P+V+,➡️ 中性,0.58,31.93,0.018,16,5,26,14.7,0.8,7.09,False,True,138.19,5.56,0.878,False,166.66,168.44,-12.26,-3.78,1.05,11.0,9.0,787363.0,896822.0,1.222,703700.0,840970.0,833533.0,0.844,82.81,53.51,多頭,頭頭高·底底高,,11,12,14,12.0,9,,,False,True
UNP,Industrials,Union Pacific Corporation,2026-09-04,289.62,-0.44,10.26,10.02,7.46,0.667,2345490,2730913,2873953,-28.53,-9.48,-21.32,P-V-,P+V-,P+V-,➡️ 中性,35.23,19.89,1.771,15,15,18,15.6,5.17,2.42,False,False,292.36,9.01,1.075,False,314.53,315.99,-7.92,-5.35,-0.74,10.0,10.0,2430180.0,2260800.0,1.0,1279200.0,2274200.0,2442353.0,0.524,81.23,41.01,收斂,頭頭低·底底高,多轉空預警 / 空轉多預警,12,16,29,17.0,15,,🎯 潛在暴漲,False,True
URI,Industrials,United Rentals,2026-09-04,1009.86,-11.07,-6.73,21.62,6.36,0.333,414205,478833,524115,-20.14,-15.91,-15.57,P-V-,P-V-,P+V-,⚠️ 主升段結束,20.0,41.87,0.478,70,61,6,54.5,10.11,8.63,False,False,1086.46,13.62,0.847,False,1177.15,1179.18,-14.21,-1.98,-13.01,9.0,11.0,376644.0,444936.0,0.818,316100.0,401960.0,412500.0,0.766,68.49,38.33,多頭,頭頭高·底底高,空轉多預警 / 空頭確認,13,27,22,20.4,20,吃老本,,False,True
ETN,Industrials,Eaton Corporation,2026-09-04,410.85,-7.67,-1.61,16.52,5.94,0.333,1714525,2236458,2444923,-32.12,-15.71,-8.63,P-V-,P-V-,P+V-,⚠️ 主升段結束,29.98,32.72,0.916,51,48,8,41.5,2.39,2.9,False,False,414.74,10.67,0.97,False,478.0,478.0,-14.05,2.0,-8.43,9.0,11.0,1685544.0,1738236.0,0.818,1889700.0,1751820.0,1761766.0,1.073,74.98,48.11,擴散,頭頭高·底底低,,14,22,3,15.0,13,吃老本,,False,True
WAB,Industrials,Wabtec,2026-09-04,282.86,-3.74,7.86,8.69,5.37,0.667,852130,919396,949669,-22.74,-6.18,5.11,P-V-,P+V-,P+V+,➡️ 中性,51.61,26.36,1.958,32,19,20,25.7,,,,,,,,,,,,,,,,,,,,,,,,,,,,15,31,31,,31,吃老本,,False,False
VRT,Industrials,Vertiv,2026-09-04,280.53,3.86,-13.38,14.82,5.03,0.667,3993045,5863950,6659270,-38.08,-21.34,-2.86,P+V-,P-V-,P+V-,⚠️ 量能背離,119.92,55.69,2.153,4,72,12,26.0,6.42,15.67,False,False,282.7,12.3,0.964,False,379.86,379.93,-26.15,9.12,2.98,11.0,9.0,3927745.0,4072855.0,1.222,3318600.0,3921250.0,4200433.0,0.79,90.65,54.88,收斂,頭頭低·底底高,空轉多預警 / 多頭確認,16,7,19,13.0,11,剛爆發,,False,True
MMM,Industrials,3M,2026-09-04,168.56,-7.0,10.82,7.38,4.64,0.667,2616815,3413278,3669644,-32.53,-13.06,12.63,P-V-,P+V-,P+V+,➡️ 中性,19.42,25.42,0.764,50,13,25,33.9,6.84,7.88,False,False,171.01,8.62,0.862,False,184.09,184.9,-8.44,-3.32,-7.44,8.0,11.0,2392912.0,2777127.0,0.727,2175200.0,2486790.0,2660893.0,0.817,70.2,35.54,多頭,頭頭高·底底高,,17,25,17,20.2,19,吃老本,,False,True
MAS,Industrials,Masco,2026-09-04,72.7,-2.28,4.45,7.85,4.47,0.667,1837140,2352316,2617122,-36.31,-18.38,7.25,P-V-,P+V-,P+V+,➡️ 中性,3.34,33.99,0.098,25,31,23,26.4,,,,,,,,,,,,,,,,,,,,,,,,,,,,18,31,31,,31,吃老本,,False,False
FAST,Industrials,Fastenal,2026-09-04,49.6,-4.89,5.75,8.45,4.44,0.667,6218915,7690876,7569370,-33.51,3.26,2.69,P-V-,P+V+,P+V+,➡️ 中性,10.37,24.19,0.429,38,28,22,31.8,,,,,,,,,,,,,,,,,,,,,,,,,,,,19,31,31,,31,吃老本,,False,False
GEV,Industrials,GE Vernova,2026-09-04,941.95,-4.94,-2.17,12.0,4.22,0.333,2023350,2724790,2625268,-28.61,7.88,-14.08,P-V-,P-V+,P+V-,➡️ 中性,70.52,55.57,1.269,39,49,15,37.2,-22.44,771.56,False,False,1015.4,11.3,0.762,False,1195.94,1195.94,-21.24,3.29,-4.88,11.0,8.0,1773654.0,2327875.0,1.375,1236500.0,2120880.0,2169973.0,0.57,82.34,44.62,空頭,頭頭低·底底低,,20,13,28,18.8,17,剛爆發,,False,False
ALLE,Industrials,Allegion,2026-09-04,157.12,-5.08,21.03,0.0,3.99,0.667,1375000,1335444,1155094,-1.73,37.0,33.84,P-V-,P+V+,P+V+,➡️ 中性,-0.92,25.44,-0.036,41,3,40,29.4,8.29,-5.09,False,True,152.71,9.39,0.691,False,181.67,183.11,-13.51,-0.23,-7.0,8.0,12.0,1084025.0,1568983.0,0.667,746300.0,1715120.0,1474833.0,0.506,67.8,49.29,多頭,頭頭高·底底高,空頭確認,21,29,30,26.0,26,吃老本,,False,True
NSC,Industrials,Norfolk Southern,2026-09-04,329.46,-1.34,7.67,4.71,3.94,0.667,1162305,1150601,1220797,-6.48,-10.87,-12.1,P-V-,P+V-,P+V-,➡️ 中性,22.5,17.1,1.316,22,20,29,22.8,,,,,,,,,,,,,,,,,,,,,,,,,,,,22,31,31,,31,吃老本,,False,False
IEX,Industrials,IDEX Corporation,2026-09-04,223.74,-4.09,3.78,7.81,3.83,0.667,546600,669556,717648,-28.31,-12.56,1.48,P-V-,P+V-,P+V+,➡️ 中性,44.27,20.51,2.159,35,35,24,32.8,,,,,,,,,,,,,,,,,,,,,,,,,,,,23,31,31,,31,吃老本,,False,False
VLTO,Industrials,Veralto,2026-09-04,96.31,-0.82,13.82,1.0,3.75,0.667,1461275,1918713,2006920,-16.84,-8.42,19.01,P-V-,P+V-,P+V+,➡️ 中性,-6.48,20.07,-0.323,19,8,37,19.3,10.34,6.41,False,True,95.15,4.84,1.247,False,109.28,109.86,-11.87,-2.28,-2.06,9.0,11.0,1640144.0,1314927.0,0.818,1341300.0,1603960.0,1564100.0,0.858,81.95,47.29,收斂,頭頭低·底底高,多轉空預警,24,14,12,17.6,16,剛爆發,,False,True
EMR,Industrials,Emerson Electric,2026-09-04,152.82,-3.38,7.94,5.04,3.66,0.667,2233960,2693526,2824826,-27.52,-8.88,-4.69,P-V-,P+V-,P+V-,➡️ 中性,20.86,29.02,0.719,30,18,28,26.0,,,,,,,,,,,,,,,,,,,,,,,,,,,,25,31,31,,31,吃老本,,False,False
UAL,Industrials,United Airlines Holdings,2026-09-04,111.38,-10.0,6.14,8.62,3.34,0.667,3096305,4372226,6042173,-26.55,-43.31,6.78,P-V-,P+V-,P+V+,➡️ 中性,21.55,43.85,0.491,65,25,21,44.2,,,,,,,,,,,,,,,,,,,,,,,,,,,,26,31,31,,31,,,False,False
ROK,Industrials,Rockwell Automation,2026-09-04,433.81,-0.02,-5.86,9.53,3.3,0.333,668690,809970,820758,-25.11,-2.59,-8.41,P-V-,P-V-,P+V-,⚠️ 主升段結束,31.14,30.28,1.029,14,60,19,28.8,3.15,14.55,False,False,452.81,4.82,0.913,False,495.83,497.36,-12.51,0.68,-1.34,9.0,11.0,635288.0,696018.0,0.818,532300.0,683810.0,668553.0,0.796,77.72,46.93,空頭,頭頭低·底底低,,27,20,18,22.4,23,剛爆發,,False,True
FIX,Industrials,Comfort Systems USA,2026-09-04,1610.34,-3.8,-15.85,15.92,3.05,0.333,370940,478953,449896,-29.76,13.81,-8.27,P-V-,P-V+,P+V-,➡️ 中性,140.28,47.58,2.949,33,73,10,40.4,19.85,54.44,False,False,1710.33,10.05,0.95,False,2072.1,2073.99,-22.28,6.03,-4.92,10.0,10.0,361490.0,380390.0,1.0,276900.0,366040.0,383466.0,0.722,81.09,46.1,擴散,頭頭高·底底低,,28,17,23,22.6,24,剛爆發,,False,True
CTAS,Industrials,Cintas,2026-09-04,200.47,-0.85,11.69,-0.01,2.71,0.333,1680920,2178766,2239933,-37.1,-5.32,8.58,P-V-,P+V-,P-V+,➡️ 中性,0.03,23.77,0.001,20,11,41,21.5,2.35,0.4,False,True,196.93,4.9,0.971,False,218.6,219.17,-8.29,-1.82,-1.01,9.0,11.0,1653344.0,1703481.0,0.818,1320800.0,1635600.0,1720586.0,0.768,77.92,49.07,擴散,頭頭高·底底低,,29,19,21,23.4,25,剛爆發,,False,True
CAT,Industrials,Caterpillar Inc.,2026-09-04,813.94,-2.82,-13.29,13.13,2.54,0.333,2435230,3165186,2857250,-23.2,24.16,2.48,P-V-,P-V+,P+V+,➡️ 中性,100.85,34.93,2.888,26,71,13,36.9,31.83,19.3,False,False,872.16,7.84,0.847,False,1071.47,1073.46,-24.04,1.71,-3.35,10.0,10.0,2233570.0,2636890.0,1.0,2149500.0,2268980.0,2470866.0,0.87,78.5,45.48,多頭,頭頭高·底底高,空轉多預警,30,18,11,21.4,21,剛爆發,,False,True
FDX,Industrials,FedEx,2026-09-04,322.52,-0.79,-1.3,5.45,2.2,0.333,1569170,1810921,2011543,5.67,-18.14,-12.37,P-V+,P-V-,P+V-,➡️ 中性,76.99,24.94,3.088,18,46,27,28.2,,,,,,,,,,,,,,,,,,,,,,,,,,,,31,31,31,,31,,,False,False
PCAR,Industrials,Paccar,2026-09-04,124.7,-4.73,5.89,3.49,2.04,0.667,2441665,3281312,3030899,-37.59,18.01,-4.31,P-V-,P+V+,P+V-,➡️ 中性,37.34,22.95,1.627,37,27,31,32.8,,,,,,,,,,,,,,,,,,,,,,,,,,,,32,31,31,,31,,,False,False
RSG,Industrials,Republic Services,2026-09-04,222.71,3.77,7.43,-3.56,1.02,0.667,1445955,1492549,1565926,1.58,-8.95,10.86,P+V+,P+V-,P-V+,➡️ 中性,-5.53,18.83,-0.294,5,21,48,18.4,1.7,3.77,False,True,217.5,3.1,0.92,False,232.08,233.77,-4.04,0.27,3.8,12.0,8.0,1397358.0,1518850.0,1.5,1611000.0,1588440.0,1504886.0,1.071,90.99,56.93,擴散,頭頭高·底底低,,33,6,4,16.4,14,剛爆發,,False,True
JCI,Industrials,Johnson Controls,2026-09-04,144.94,-3.82,-1.4,4.45,0.92,0.333,2819705,3899796,3762091,-21.67,7.6,-23.08,P-V-,P-V+,P+V-,➡️ 中性,44.12,28.87,1.528,34,47,30,37.1,,,,,,,,,,,,,,,,,,,,,,,,,,,,34,31,31,,31,,,False,False
PWR,Industrials,Quanta Services,2026-09-04,624.41,-5.52,-13.16,10.36,0.51,0.333,1064100,1219778,1180806,-7.37,6.83,15.64,P-V-,P-V+,P+V+,➡️ 中性,80.52,41.6,1.936,43,69,17,45.6,,,,,,,,,,,,,,,,,,,,,,,,,,,,35,31,31,,31,,,False,False
BR,Industrials,Broadridge Financial Solutions,2026-09-04,172.88,0.31,13.64,-6.09,0.44,0.667,1195140,1323829,1459279,5.59,-16.99,70.84,P+V+,P+V-,P-V+,➡️ 中性,-32.31,27.07,-1.193,12,9,52,19.1,1.68,4.45,False,True,160.09,7.58,1.108,False,250.03,255.74,-30.86,-5.28,4.47,10.0,10.0,1256420.0,1133860.0,1.0,1250400.0,1072240.0,1180146.0,1.06,84.96,51.48,多頭,頭頭高·底底高,空轉多預警,36,11,5,19.8,18,剛爆發,,False,True
AME,Industrials,Ametek,2026-09-04,237.72,-5.99,4.07,1.36,0.2,0.667,1363315,1244981,1278753,15.0,-5.15,-3.3,P-V+,P+V-,P+V-,➡️ 中性,36.17,20.16,1.794,46,32,33,39.2,,,,,,,,,,,,,,,,,,,,,,,,,,,,37,31,31,,31,剛爆發,,False,False
UBER,Industrials,Uber,2026-09-04,75.76,-2.91,4.92,-0.79,0.11,0.333,15471230,19150789,18261466,-24.02,10.24,-4.53,P-V-,P+V+,P-V-,➡️ 中性,-17.55,32.85,-0.534,27,30,43,31.1,,,,,,,,,,,,,,,,,,,,,,,,,,,,38,31,31,,31,剛爆發,,False,False
CPRT,Industrials,Copart,2026-09-04,33.72,13.96,9.59,-12.37,-0.3,0.667,9959475,11760263,10285193,-13.82,33.49,20.82,P+V-,P+V+,P-V+,➡️ 中性,-38.93,26.36,-1.477,1,16,60,17.3,5.71,-8.12,True,True,30.08,7.73,1.223,False,49.16,49.16,-31.41,2.21,13.69,10.0,9.0,10913850.0,8925322.0,1.111,6588900.0,7514230.0,9871700.0,0.667,97.16,64.09,多頭,頭頭高·底底高,空轉多預警,39,2,26,21.6,22,剛爆發,,False,True
RTX,Industrials,RTX Corporation,2026-09-04,200.79,-10.11,12.29,-2.05,-0.48,0.333,4014425,4899776,5178820,-24.8,-10.23,0.79,P-V-,P+V-,P-V+,➡️ 中性,43.21,28.39,1.522,66,10,46,45.2,13.71,16.95,False,False,207.21,6.98,1.014,False,226.41,226.88,-11.32,-5.16,-9.67,7.0,13.0,4051357.0,3994538.0,0.538,2801900.0,3692900.0,4269586.0,0.656,67.96,35.26,多頭,頭頭高·底底高,,40,28,27,32.6,28,剛爆發,,False,True
SNA,Industrials,Snap-on,2026-09-04,383.0,-6.26,1.71,1.09,-0.59,0.667,252545,338098,363472,-37.03,-13.05,13.2,P-V-,P+V-,P+V+,➡️ 中性,29.3,16.49,1.776,47,41,36,43.0,,,,,,,,,,,,,,,,,,,,,,,,,,,,41,31,31,,31,剛爆發,,False,False
GE,Industrials,GE Aerospace,2026-09-04,337.12,-8.07,3.02,1.16,-0.68,0.667,3502735,4136798,5024119,-10.33,-30.02,8.05,P-V-,P+V-,P+V+,➡️ 中性,33.21,32.5,1.022,55,37,35,45.6,,,,,,,,,,,,,,,,,,,,,,,,,,,,42,31,31,,31,剛爆發,,False,False
PH,Industrials,Parker Hannifin,2026-09-04,962.59,-9.05,10.58,-2.22,-0.73,0.333,609170,645632,720623,-8.33,-18.85,15.33,P-V-,P+V-,P-V+,➡️ 中性,42.46,24.24,1.752,61,14,47,44.1,12.15,4.36,False,False,989.42,11.32,0.925,False,1097.73,1099.94,-12.31,-3.06,-10.18,7.0,13.0,578485.0,625692.0,0.538,844100.0,673960.0,651753.0,1.295,66.92,40.45,多頭,頭頭高·底底高,,43,30,1,29.4,27,剛爆發,,False,True
HWM,Industrials,Howmet Aerospace,2026-09-04,259.27,-8.61,4.04,0.26,-1.02,0.667,2774380,2786416,2585459,31.71,16.86,11.61,P-V+,P+V+,P+V+,⚠️ 中期出貨,58.51,32.88,1.78,59,33,39,47.2,,,,,,,,,,,,,,,,,,,,,,,,,,,,44,31,31,,31,剛爆發,,False,False
GD,Industrials,General Dynamics,2026-09-04,359.39,-9.24,5.7,-0.56,-1.17,0.333,880150,1164835,1246842,-26.5,-12.34,4.42,P-V-,P+V-,P-V+,➡️ 中性,23.57,21.95,1.074,63,29,42,48.6,,,,,,,,,,,,,,,,,,,,,,,,,,,,45,31,31,,31,剛爆發,,False,False
TT,Industrials,Trane Technologies,2026-09-04,447.9,-5.88,-2.97,1.17,-1.63,0.333,895515,1202501,1276257,-33.16,-10.93,-10.77,P-V-,P-V-,P+V-,⚠️ 主升段結束,17.09,23.19,0.737,44,52,34,44.4,,,,,,,,,,,,,,,,,,,,,,,,,,,,46,31,31,,31,剛爆發,,False,False
ITW,Industrials,Illinois Tool Works,2026-09-04,270.12,-8.28,8.22,-4.37,-2.2,0.333,980075,1322430,1315973,-36.2,0.99,6.64,P-V-,P+V+,P-V+,➡️ 中性,14.24,18.65,0.764,56,17,49,42.9,,,,,,,,,,,,,,,,,,,,,,,,,,,,47,31,31,,31,剛爆發,,False,False
EME,Industrials,Emcor,2026-09-04,754.16,-6.82,-10.75,2.53,-3.13,0.333,343965,432281,401250,-32.26,16.76,-20.07,P-V-,P-V+,P+V-,➡️ 中性,30.88,36.7,0.841,49,66,32,50.7,,,,,,,,,,,,,,,,,,,,,,,,,,,,48,31,31,,31,剛爆發,,False,False
FTV,Industrials,Fortive,2026-09-04,56.94,-7.68,-7.17,-1.55,-4.49,0.0,2125355,2682204,2948377,-29.58,-16.56,-15.87,P-V-,P-V-,P-V-,🧊 熊市縮量,29.48,22.68,1.3,52,62,44,53.4,,,,,,,,,,,,,,,,,,,,,,,,,,,,49,31,31,,31,剛爆發,,False,False
UPS,Industrials,United Parcel Service,2026-09-04,102.29,-0.76,-5.72,-6.67,-4.96,0.0,4178985,4933447,5662821,-25.81,-22.82,-18.17,P-V-,P-V-,P-V-,🧊 熊市縮量,28.9,25.16,1.149,17,59,53,36.8,,,,,,,,,,,,,,,,,,,,,,,,,,,,50,31,31,,31,剛爆發,,False,False
VRSK,Industrials,Verisk Analytics,2026-09-04,185.79,2.54,3.5,-13.03,-5.0,0.667,1194475,2068178,1987607,-30.77,8.45,23.73,P+V-,P+V+,P-V+,➡️ 中性,-28.39,35.45,-0.801,8,36,62,27.2,2.38,4.67,False,False,190.57,7.74,0.782,False,271.36,273.83,-31.53,-3.12,-3.14,10.0,10.0,1048490.0,1340460.0,1.0,854400.0,1070210.0,1090120.0,0.784,75.55,45.96,擴散,頭頭高·底底低,,51,21,20,32.8,29,剛爆發,,False,True
WM,Industrials,Waste Management,2026-09-04,218.99,-3.36,0.42,-9.29,-5.38,0.333,2005315,2126858,2116538,1.7,0.98,7.98,P-V+,P+V+,P-V+,➡️ 中性,5.12,19.46,0.263,29,44,56,38.9,,,,,,,,,,,,,,,,,,,,,,,,,,,,52,31,31,,31,剛爆發,,False,False
BA,Industrials,Boeing,2026-09-04,212.25,-8.82,-2.38,-5.3,-5.45,0.0,4899945,5672375,6390133,-23.01,-20.2,-18.69,P-V-,P-V-,P-V-,🧊 熊市縮量,2.09,35.36,0.059,60,50,51,55.2,,,,,,,,,,,,,,,,,,,,,,,,,,,,53,31,31,,31,剛爆發,,False,False
CARR,Industrials,Carrier Global,2026-09-04,59.71,-5.88,-12.57,-1.69,-5.46,0.0,5092025,6071420,6475933,-30.05,-11.76,-7.4,P-V-,P-V-,P-V-,🧊 熊市縮量,-0.79,28.23,-0.028,44,68,45,51.4,,,,,,,,,,,,,,,,,,,,,,,,,,,,54,31,31,,31,剛爆發,,False,False
HUBB,Industrials,Hubbell Incorporated,2026-09-04,460.72,-8.47,-4.76,-5.11,-5.86,0.0,445377,574615,593545,-28.73,-6.18,14.69,P-V-,P-V-,P-V+,😴 弱勢縮量,18.95,29.69,0.638,57,56,50,55.3,,,,,,,,,,,,,,,,,,,,,,,,,,,,55,31,31,,31,剛爆發,,False,False
EFX,Industrials,Equifax,2026-09-04,177.05,-1.92,3.84,-13.46,-6.25,0.333,1057365,1594712,1628495,-42.25,-4.06,8.43,P-V-,P+V-,P-V+,➡️ 中性,-26.26,32.97,-0.796,24,34,63,34.8,,,,,,,,,,,,,,,,,,,,,,,,,,,,56,31,31,,31,剛爆發,,False,False
CMI,Industrials,Cummins,2026-09-04,560.75,-11.34,-17.0,0.81,-6.68,0.333,907550,1030609,954940,-12.93,17.21,3.6,P-V-,P-V+,P+V+,➡️ 中性,62.88,32.68,1.924,71,76,38,65.9,,,,,,,,,,,,,,,,,,,,,,,,,,,,57,31,31,,31,剛爆發,,False,False
FERG,Industrials,Ferguson Enterprises,2026-09-04,228.41,-13.09,-0.58,-6.84,-6.84,0.0,1535965,2291264,1842305,-63.43,64.44,13.24,P-V-,P-V+,P-V+,➡️ 中性,9.35,27.65,0.338,78,45,54,63.3,,,,,,,,,,,,,,,,,,,,,,,,,,,,58,31,31,,31,剛爆發,,False,False
DD,Industrials,DuPont,2026-09-04,131.59,-6.63,-7.54,-8.37,-7.73,0.0,1207305,1452164,1361801,-29.81,14.21,-34.65,P-V-,P-V+,P-V-,➡️ 中性,47.77,28.18,1.695,48,63,55,53.9,,,,,,,,,,,,,,,,,,,,,,,,,,,,59,31,31,,31,剛爆發,,False,False
AOS,Industrials,A. O. Smith,2026-09-04,60.48,-3.09,6.73,-19.09,-8.64,0.333,1240730,1679920,1639301,-32.9,5.08,31.8,P-V-,P+V+,P-V+,➡️ 中性,-11.23,24.47,-0.459,28,24,69,35.0,,,,,,,,,,,,,,,,,,,,,,,,,,,,60,31,31,,31,剛爆發,,False,False
AXON,Industrials,Axon Enterprise,2026-09-04,515.67,-13.53,0.48,-10.95,-8.74,0.333,818635,977618,1035867,-6.63,-10.65,22.26,P-V-,P+V-,P-V+,➡️ 中性,-21.61,71.52,-0.302,81,43,58,65.0,,,,,,,,,,,,,,,,,,,,,,,,,,,,61,31,31,,31,剛爆發,,False,False
TDG,Industrials,TransDigm Group,2026-09-04,1162.05,-5.02,-5.38,-12.39,-8.79,0.0,353265,388409,394813,-19.19,-3.19,16.29,P-V-,P-V-,P-V+,😴 弱勢縮量,-3.6,26.9,-0.134,40,58,61,49.6,,,,,,,,,,,,,,,,,,,,,,,,,,,,62,31,31,,31,剛爆發,,False,False
IR,Industrials,Ingersoll Rand,2026-09-04,76.36,-11.83,6.07,-16.52,-9.7,0.333,3286100,4060000,3833023,-29.33,12.59,11.31,P-V-,P+V+,P-V+,➡️ 中性,7.52,29.28,0.257,74,26,67,58.2,,,,,,,,,,,,,,,,,,,,,,,,,,,,63,31,31,,31,剛爆發,,False,False
DOV,Industrials,Dover Corporation,2026-09-04,192.88,-7.95,-9.41,-12.18,-10.43,0.0,1056450,1143184,1072686,-14.86,14.07,-8.85,P-V-,P-V+,P-V-,➡️ 中性,19.68,20.79,0.947,54,65,59,58.3,,,,,,,,,,,,,,,,,,,,,,,,,,,,64,31,31,,31,剛爆發,,False,False
OTIS,Industrials,Otis Worldwide,2026-09-04,71.21,-1.69,2.56,-21.99,-10.77,0.333,3270065,3632549,3691270,-17.13,-3.13,25.18,P-V-,P+V-,P-V+,➡️ 中性,-13.64,18.0,-0.758,23,39,72,37.6,,,,,,,,,,,,,,,,,,,,,,,,,,,,65,31,31,,31,剛爆發,,False,False
LUV,Industrials,Southwest Airlines,2026-09-04,39.62,-11.35,-3.22,-15.91,-11.6,0.0,4292335,5591056,6777611,-23.89,-29.8,-29.92,P-V-,P-V-,P-V-,🧊 熊市縮量,51.85,45.12,1.149,72,54,65,65.2,,,,,,,,,,,,,,,,,,,,,,,,,,,,66,31,31,,31,剛爆發,,False,False
XYL,Industrials,Xylem Inc.,2026-09-04,105.69,-12.46,-3.71,-16.25,-12.17,0.0,1699870,1880232,2018034,-16.09,-12.78,41.15,P-V-,P-V-,P-V+,😴 弱勢縮量,-13.53,21.04,-0.643,77,55,66,68.2,,,,,,,,,,,,,,,,,,,,,,,,,,,,67,31,31,,31,剛爆發,,False,False
LDOS,Industrials,Leidos,2026-09-04,133.05,-4.35,7.18,-25.91,-12.24,0.333,1247680,1596912,1389336,-21.14,35.13,55.69,P-V-,P+V+,P-V+,➡️ 中性,-22.34,39.49,-0.566,36,22,74,39.4,,,,,,,,,,,,,,,,,,,,,,,,,,,,68,31,31,,31,剛爆發,,False,False
LMT,Industrials,Lockheed Martin,2026-09-04,525.28,-12.37,1.83,-20.34,-12.81,0.333,998615,1179387,1335970,-18.45,-20.98,-12.41,P-V-,P+V-,P-V-,➡️ 中性,29.22,31.48,0.928,75,40,71,63.7,,,,,,,,,,,,,,,,,,,,,,,,,,,,69,31,31,,31,剛爆發,,False,False
HON,Industrials,Honeywell Technologies,2026-09-04,209.61,-13.46,-7.89,-17.34,-14.01,0.0,2868010,4105766,4018593,-14.64,4.43,-3.8,P-V-,P-V+,P-V-,➡️ 中性,18.18,24.62,0.739,80,64,68,72.8,,,,,,,,,,,,,,,,,,,,,,,,,,,,70,31,31,,31,剛爆發,,False,False
ODFL,Industrials,Old Dominion,2026-09-04,185.87,-12.42,-24.18,-10.24,-14.27,0.0,1650730,1783212,1933056,-3.93,-14.39,-13.02,P-V-,P-V-,P-V-,🧊 熊市縮量,44.23,37.45,1.181,76,79,57,73.1,,,,,,,,,,,,,,,,,,,,,,,,,,,,71,31,31,,31,剛爆發,,False,False
TXT,Industrials,Textron,2026-09-04,79.07,-11.36,-13.18,-19.73,-16.0,0.0,1429790,1606686,1501050,-22.46,15.14,-2.76,P-V-,P-V+,P-V-,➡️ 中性,9.9,26.94,0.367,73,70,70,71.5,,,,,,,,,,,,,,,,,,,,,,,,,,,,72,31,31,,31,剛爆發,,False,False
CHRW,Industrials,C.H. Robinson,2026-09-04,147.64,-0.01,-19.4,-22.77,-16.24,0.0,1236815,1710884,1761902,-52.24,-5.63,-9.3,P-V-,P-V-,P-V-,🧊 熊市縮量,19.7,44.19,0.446,13,77,73,44.2,5.61,9.64,False,False,167.48,7.91,0.983,False,209.43,210.33,-29.5,-1.41,-0.72,7.0,13.0,1222671.0,1244430.0,0.538,1116200.0,1202280.0,1232233.0,0.906,74.28,42.85,空頭,頭頭低·底底低,多轉空預警,73,23,9,40.2,30,剛爆發,,False,True
GNRC,Industrials,Generac,2026-09-04,187.35,-9.09,-32.64,-15.31,-18.09,0.0,962660,1044540,976686,-21.95,14.93,-14.32,P-V-,P-V+,P-V-,➡️ 中性,17.05,57.65,0.296,62,81,64,68.1,,,,,,,,,,,,,,,,,,,,,,,,,,,,74,31,31,,31,剛爆發,,False,False
NOC,Industrials,Northrop Grumman,2026-09-04,514.98,-10.48,-5.11,-31.55,-19.67,0.0,676980,884436,862939,-24.51,5.11,4.8,P-V-,P-V+,P-V+,➡️ 中性,-0.44,27.1,-0.016,68,57,77,66.5,,,,,,,,,,,,,,,,,,,,,,,,,,,,75,31,31,,31,剛爆發,,False,False
HII,Industrials,Huntington Ingalls Industries,2026-09-04,285.93,-13.16,-2.47,-34.48,-21.15,0.0,393090,481829,500339,-31.79,-7.14,-1.09,P-V-,P-V-,P-V-,🧊 熊市縮量,21.1,37.92,0.557,79,51,79,70.6,,,,,,,,,,,,,,,,,,,,,,,,,,,,76,31,31,,31,剛爆發,,False,False
BLDR,Industrials,Builders FirstSource,2026-09-04,65.79,-8.6,-12.26,-32.49,-21.46,0.0,1893025,2238807,2434710,-20.66,-14.89,19.36,P-V-,P-V-,P-V+,😴 弱勢縮量,-49.94,44.33,-1.127,58,67,78,64.7,,,,,,,,,,,,,,,,,,,,,,,,,,,,77,31,31,,31,剛爆發,,False,False
LHX,Industrials,L3Harris,2026-09-04,256.45,-11.06,-16.48,-29.45,-21.61,0.0,1584985,1526912,1448229,1.25,11.49,16.29,P-V+,P-V+,P-V+,📉 主力出貨,6.48,28.88,0.224,69,74,76,71.9,,,,,,,,,,,,,,,,,,,,,,,,,,,,78,31,31,,31,剛爆發,,False,False
LII,Industrials,Lennox International,2026-09-04,390.53,-7.74,-24.44,-28.91,-22.5,0.0,466015,486200,469964,-23.84,7.16,1.03,P-V-,P-V+,P-V+,➡️ 中性,-23.12,34.51,-0.67,53,80,75,65.5,,,,,,,,,,,,,,,,,,,,,,,,,,,,79,31,31,,31,剛爆發,,False,False
PNR,Industrials,Pentair,2026-09-04,60.21,-9.77,-16.99,-37.83,-25.61,0.0,3793645,3214970,2563348,-5.35,68.17,83.27,P-V-,P-V+,P-V+,➡️ 中性,-36.97,29.99,-1.233,64,75,80,70.5,,,,,,,,,,,,,,,,,,,,,,,,,,,,80,31,31,,31,剛爆發,,False,False
ROL,Industrials,"Rollins, Inc.",2026-09-04,35.86,-3.68,-22.51,-39.91,-26.5,0.0,4454155,5137781,4199060,-30.12,57.58,65.46,P-V-,P-V+,P-V+,➡️ 中性,-32.59,25.26,-1.29,31,78,81,55.1,,,,,,,,,,,,,,,,,,,,,,,,,,,,81,31,31,,31,剛爆發,,False,False
DELL,Information Technology,Dell Technologies,2026-09-04,524.14,14.47,24.39,262.74,141.09,1.0,8318880,7772786,8338666,29.98,-12.71,10.76,P+V+,P+V-,P+V+,➡️ 中性,268.14,69.67,3.849,5,5,1,4.2,43.14,63.99,False,True,439.23,24.11,1.673,False,534.99,534.99,-2.03,14.88,15.51,10.0,10.0,10413650.0,6224110.0,1.0,11108300.0,11308160.0,9219606.0,1.205,100.0,63.67,多頭,頭頭高·底底高,空轉多預警 / 多頭確認,1,1,5,1.8,1,,🔥 追高風險,False,True
SNDK,Information Technology,Sandisk,2026-09-04,1740.0,40.56,-1.12,207.74,113.73,0.667,13284545,13959887,14971300,-22.09,-12.66,17.5,P+V-,P-V-,P+V+,⚠️ 頂部背離,1668.36,115.26,14.475,1,32,2,10.5,13.72,59.67,False,True,1550.25,21.01,1.122,False,2354.39,2354.39,-26.1,17.17,43.54,13.0,7.0,13810361.0,12308028.0,1.857,16487100.0,11825320.0,12683853.0,1.3,100.0,61.24,多頭,頭頭高·底底高,空轉多預警,2,1,4,2.0,2,,🔥 追高風險,False,True
MU,Information Technology,Micron Technology,2026-09-04,1016.59,18.07,2.08,167.9,88.99,1.0,27700620,43919341,45932314,-39.26,-8.4,58.55,P+V-,P+V-,P+V+,⚠️ 頂部背離,569.09,78.79,7.223,4,29,4,11.5,,,,True,938.26,13.74,0.987,False,1254.81,1255.0,-18.98,8.98,15.84,12.0,8.0,27554925.0,27919162.0,1.5,35116600.0,25069080.0,26357653.0,1.332,100.0,60.15,多頭,頭頭高·底底高,空轉多預警,3,1,2,2.0,2,,🔥 追高風險,False,False
MRVL,Information Technology,Marvell Technology,2026-09-04,223.55,7.19,-29.34,188.63,88.78,0.667,24465680,36554372,33398407,2.04,20.87,81.52,P+V+,P-V+,P+V+,➡️ 中性,246.1,82.57,2.98,14,65,3,27.1,0.99,0.64,False,True,220.65,24.17,0.906,False,329.8,329.88,-32.22,3.2,2.21,10.0,10.0,23254420.0,25676940.0,1.0,21150500.0,24831920.0,26270553.0,0.805,83.45,51.08,空頭,頭頭低·底底低,多轉空預警,4,22,17,13.8,10,吃老本,🔥 追高風險,False,True
AMD,Information Technology,Advanced Micro Devices,2026-09-04,477.57,1.71,-8.72,150.1,73.3,0.667,17504245,26515887,32021591,-41.71,-29.34,-32.2,P+V-,P-V-,P+V-,⚠️ 量能背離,219.81,64.86,3.389,25,43,5,26.4,3.21,5.82,False,False,499.27,10.82,1.011,False,584.73,584.73,-18.33,2.58,-1.2,10.0,10.0,17600320.0,17408170.0,1.0,19651900.0,15690200.0,16627486.0,1.182,83.0,49.67,空頭,頭頭低·底底低,,5,23,6,12.4,6,吃老本,🔥 追高風險,False,True
HPE,Information Technology,Hewlett Packard Enterprise,2026-09-04,52.0,-4.9,-2.86,142.55,69.33,0.333,21379410,21839867,22353903,26.87,-4.5,-12.92,P-V+,P-V-,P+V-,➡️ 中性,130.99,60.52,2.164,49,34,6,35.9,18.41,48.03,False,True,50.01,19.06,1.692,False,64.06,64.25,-18.83,-0.59,-2.29,8.0,12.0,28332775.0,16743833.0,0.667,30113300.0,27365970.0,22709153.0,1.326,88.0,48.79,收斂,頭頭低·底底高,多轉空預警,6,14,3,8.6,4,吃老本,🔥 追高風險,False,True
STX,Information Technology,Seagate Technology,2026-09-04,849.28,6.03,-8.22,138.07,68.49,0.667,3623050,4683130,4312997,-36.63,18.77,-0.95,P+V-,P-V+,P+V-,⚠️ 量能背離,335.52,74.24,4.519,17,41,7,22.2,12.09,16.76,False,False,853.52,13.62,1.07,False,1144.18,1145.0,-25.77,2.35,4.49,10.0,10.0,3745990.0,3500110.0,1.0,2557100.0,2965220.0,3376000.0,0.757,87.37,50.64,收斂,頭頭低·底底高,多轉空預警,7,15,21,13.0,8,吃老本,🔥 追高風險,False,True
CRWD,Information Technology,CrowdStrike,2026-09-04,213.1,-5.36,18.54,117.77,62.18,0.667,10349735,10570264,12554240,25.99,-27.29,2.54,P-V+,P+V-,P+V+,⚠️ 中期出貨,105.37,57.64,1.828,50,10,9,29.8,6.38,3.05,False,True,200.81,25.2,1.405,False,233.88,233.88,-8.88,-2.43,-0.62,7.0,13.0,12736985.0,9064292.0,0.538,8422800.0,13182660.0,11532046.0,0.73,81.33,53.12,多頭,頭頭高·底底高,空轉多預警,8,26,23,18.2,17,吃老本,🔥 追高風險,False,True
PANW,Information Technology,Palo Alto Networks,2026-09-04,333.26,-13.45,19.34,113.51,58.23,0.667,6163170,6775440,7574858,0.18,-19.09,1.24,P-V+,P+V-,P+V+,⚠️ 中期出貨,87.11,49.77,1.75,68,9,10,38.7,4.35,6.62,False,False,349.3,18.72,1.013,False,398.88,398.88,-16.45,-10.32,-8.41,8.0,12.0,6211850.0,6130716.0,0.667,5636200.0,7176350.0,6463780.0,0.872,68.56,43.5,擴散,頭頭高·底底低,,9,30,14,18.4,18,吃老本,🔥 追高風險,False,True
INTC,Information Technology,Intel,2026-09-04,95.8,-1.76,-14.3,122.27,57.12,0.333,97868430,113695269,117619793,-14.65,-6.46,11.01,P-V-,P-V-,P+V+,😴 弱勢縮量,315.07,83.3,3.782,36,48,8,34.0,94.59,2108.68,False,False,100.61,11.99,1.037,False,142.35,142.35,-32.7,7.07,-5.76,11.0,9.0,99475154.0,95904655.0,1.222,97428100.0,81930010.0,87831986.0,1.109,85.86,51.74,收斂,頭頭低·底底高,多轉空預警 / 空轉多預警,10,21,7,13.8,10,吃老本,🔥 追高風險,False,True
HPQ,Information Technology,HP Inc.,2026-09-04,32.64,9.53,25.62,76.61,47.09,1.0,14963960,15617356,17748139,-3.34,-21.44,21.91,P+V-,P+V-,P+V+,⚠️ 頂部背離,7.68,37.54,0.204,10,4,15,9.2,19.99,20.26,False,True,27.21,19.73,0.97,False,32.78,32.78,-0.43,6.95,8.62,10.0,10.0,14734580.0,15193340.0,1.0,13302000.0,18106320.0,15388513.0,0.864,89.92,66.43,多頭,頭頭高·底底高,多頭確認,11,13,15,12.6,7,,,False,True
FTNT,Information Technology,Fortinet,2026-09-04,156.29,-4.82,4.42,92.71,46.26,0.667,4354365,5517555,5854646,-22.26,-10.89,-3.45,P-V-,P+V-,P+V-,➡️ 中性,102.51,46.96,2.183,48,25,11,33.7,20.53,32.63,False,False,158.78,15.23,1.096,False,173.89,173.89,-10.12,-5.85,-2.1,9.0,11.0,4574555.0,4174209.0,0.818,3060100.0,4531650.0,4415360.0,0.693,77.85,47.82,多頭,頭頭高·底底高,空轉多預警,12,27,26,20.8,22,吃老本,,False,True
NTAP,Information Technology,NetApp,2026-09-04,185.59,-6.61,4.07,89.4,44.07,0.667,2588610,2747756,2759878,7.49,-0.87,24.59,P-V+,P+V-,P+V+,⚠️ 中期出貨,62.39,44.49,1.402,52,26,13,36.4,21.54,7.22,False,True,178.61,18.25,1.212,False,209.06,209.06,-11.23,-0.76,-2.07,9.0,11.0,2863755.0,2363490.0,0.818,2247400.0,2724130.0,2552306.0,0.881,81.93,49.08,多頭,頭頭高·底底高,,13,24,13,17.4,15,吃老本,,False,True
ZBRA,Information Technology,Zebra Technologies,2026-09-04,362.74,-4.06,47.77,60.95,41.4,0.667,590270,780180,852364,-32.97,-15.62,27.11,P-V-,P+V-,P+V+,➡️ 中性,19.98,46.98,0.425,45,1,17,26.2,45.1,11.88,False,True,314.84,7.57,0.882,False,386.23,386.23,-6.08,1.76,-3.65,9.0,11.0,549844.0,623345.0,0.818,401400.0,527050.0,572006.0,0.702,76.22,60.7,多頭,頭頭高·底底高,,14,28,24,21.6,23,吃老本,,False,True
WDC,Information Technology,Western Digital,2026-09-04,467.46,6.64,-18.75,86.67,40.31,0.667,6475075,8371253,8132368,-22.3,6.05,-14.37,P+V-,P-V+,P+V-,⚠️ 量能背離,372.59,84.23,4.424,15,55,14,26.8,7.87,13.57,False,False,506.98,13.3,1.124,False,799.87,799.87,-41.56,1.74,7.64,9.0,11.0,6892744.0,6133345.0,0.818,5805000.0,5631820.0,6116826.0,0.949,87.22,48.28,收斂,頭頭低·底底高,空轉多預警,15,16,10,14.4,12,,,False,True
DDOG,Information Technology,Datadog,2026-09-04,212.93,-18.35,-12.59,90.51,37.52,0.333,4169555,4707381,5140860,-14.62,-15.55,1.93,P-V-,P-V-,P+V+,😴 弱勢縮量,71.91,68.11,1.056,73,46,12,52.7,11.45,18.25,False,False,249.23,19.42,1.206,False,292.72,292.72,-27.26,-10.15,-8.98,8.0,12.0,4646600.0,3851525.0,0.667,2500700.0,3815570.0,3732953.0,0.67,71.67,38.65,空頭,頭頭低·底底低,多轉空預警 / 空頭確認,16,29,28,23.6,27,吃老本,,False,True
CRM,Information Technology,Salesforce,2026-09-04,259.23,31.25,37.69,32.9,33.69,1.0,16432265,15103170,14551729,28.23,7.88,47.38,P+V+,P+V+,P+V+,⭐⭐⭐ 完美多頭,-22.49,45.94,-0.489,2,2,24,6.4,80.36,24.07,False,True,191.65,28.59,1.787,False,268.27,269.11,-3.37,1.26,34.5,10.0,10.0,21072470.0,11792060.0,1.0,10490600.0,20371270.0,18083713.0,0.58,100.0,76.63,收斂,頭頭低·底底高,多轉空預警 / 空轉多預警 / 多頭確認,17,1,30,13.2,9,剛爆發,🚀 暴漲中,True,True
ANET,Information Technology,Arista Networks,2026-09-04,193.78,1.18,16.73,55.52,32.24,1.0,5707825,7474364,8192050,-29.42,-16.11,-1.49,P+V-,P+V-,P+V-,⚠️ 量能衰竭,32.08,50.29,0.638,27,15,18,21.6,15.18,7.73,False,True,182.93,12.85,1.144,False,214.89,214.89,-9.82,-0.82,2.71,10.0,10.0,6091150.0,5324500.0,1.0,4204100.0,4717910.0,5321420.0,0.79,86.32,53.25,收斂,頭頭低·底底高,多轉空預警 / 空轉多預警,18,19,20,18.8,19,,,False,True
WDAY,Information Technology,"Workday, Inc.",2026-09-04,195.79,6.3,32.37,36.33,27.83,1.0,4988250,4813869,5005466,12.82,-7.37,36.64,P+V+,P+V-,P+V+,➡️ 中性,-22.26,46.0,-0.484,16,3,23,13.5,5.27,5.68,False,True,165.79,12.0,1.513,False,249.85,249.85,-21.64,-4.36,8.99,9.0,11.0,6131022.0,4053254.0,0.818,2864300.0,4351940.0,4218433.0,0.679,92.39,56.13,多頭,頭頭高·底底高,,19,12,27,17.8,16,剛爆發,,False,True
FLEX,Information Technology,Flex Ltd.,2026-09-04,109.51,-8.51,-31.35,73.6,26.84,0.333,2888470,5766147,5280663,-41.87,20.25,19.99,P-V-,P-V+,P+V+,➡️ 中性,118.02,67.95,1.737,58,67,16,52.3,,,,,,,,,,,,,,,,,,,,,,,,,,,,20,31,31,,31,吃老本,,False,False
GEN,Information Technology,Gen Digital,2026-09-04,30.65,5.1,16.08,38.17,24.38,1.0,5496185,5631575,6683405,19.2,-27.2,37.59,P+V+,P+V-,P+V+,➡️ 中性,0.41,36.17,0.011,20,16,22,19.2,,,,,,,,,,,,,,,,,,,,,,,,,,,,21,31,31,,31,吃老本,,False,False
NOW,Information Technology,ServiceNow,2026-09-04,141.26,10.84,18.35,24.8,19.7,1.0,17535960,22411366,24321240,-31.43,-14.56,109.87,P+V-,P+V-,P+V+,⚠️ 頂部背離,-31.67,53.14,-0.596,8,11,33,13.9,5.05,0.36,False,True,117.02,20.11,1.522,False,194.73,194.73,-27.46,-2.38,13.12,10.0,10.0,21163600.0,13908320.0,1.0,12493500.0,17972540.0,17948786.0,0.696,98.55,61.04,收斂,頭頭低·底底高,多轉空預警 / 多頭確認,22,8,25,17.0,14,剛爆發,,False,True
LRCX,Information Technology,Lam Research,2026-09-04,307.65,0.41,-8.48,41.87,18.91,0.667,7468385,11176413,10464190,-34.53,14.61,-9.04,P+V-,P-V+,P+V-,⚠️ 量能背離,204.1,53.51,3.814,29,42,19,30.9,,,,,,,,,,,,,,,,,,,,,,,,,,,,23,31,31,,31,吃老本,,False,False
SMCI,Information Technology,Supermicro,2026-09-04,39.59,25.84,-15.59,29.04,17.08,0.667,54843980,56114552,48512368,25.15,37.17,67.49,P+V+,P-V+,P+V+,➡️ 中性,-22.96,87.73,-0.262,3,52,27,22.5,77.55,34.51,False,True,31.71,18.19,1.589,False,58.78,58.78,-32.65,6.77,27.18,12.0,8.0,64395483.0,40516725.0,1.5,53548400.0,36358150.0,39635713.0,1.351,100.0,62.66,收斂,頭頭低·底底高,多轉空預警 / 多頭確認,24,1,1,10.2,5,剛爆發,,False,True
FFIV,Information Technology,"F5, Inc.",2026-09-04,390.47,-4.76,-4.45,38.69,17.04,0.333,472035,597700,676433,-35.64,-20.85,-29.49,P-V-,P-V-,P+V-,⚠️ 主升段結束,26.7,31.87,0.838,47,35,21,38.2,,,,,,,,,,,,,,,,,,,,,,,,,,,,25,31,31,,31,吃老本,,False,False
APH,Information Technology,Amphenol,2026-09-04,82.78,-1.28,12.97,28.21,17.03,0.667,11156455,14638321,17185606,-20.5,-25.82,-4.02,P-V-,P+V-,P+V-,➡️ 中性,54.22,43.6,1.243,35,19,30,29.2,,,,,,,,,,,,,,,,,,,,,,,,,,,,26,31,31,,31,,,False,False
CDW,Information Technology,CDW Corporation,2026-09-04,152.38,12.22,9.79,22.94,16.97,1.0,1620310,1920578,1916703,-25.32,0.41,17.87,P+V-,P+V+,P+V+,⚠️ 頂部背離,-18.74,49.46,-0.379,7,21,37,17.2,3.97,-0.26,False,True,139.42,19.03,1.223,False,168.13,171.55,-9.37,3.18,12.74,9.0,11.0,1800944.0,1472518.0,0.818,1291200.0,1659840.0,1723066.0,0.749,92.59,60.95,收斂,頭頭低·底底高,多轉空預警 / 空轉多預警 / 多頭確認,27,11,22,19.6,20,剛爆發,,False,True
NVDA,Information Technology,Nvidia,2026-09-04,230.36,5.89,5.35,28.1,16.86,1.0,128899820,137367750,152065148,1.32,-17.63,-17.8,P+V+,P+V-,P+V-,➡️ 中性,34.27,32.44,1.056,18,24,31,22.4,,,,,,,,,,,,,,,,,,,,,,,,,,,,28,31,31,,31,,,False,False
MSFT,Information Technology,Microsoft,2026-09-04,499.7,-1.07,16.96,24.21,16.08,0.667,22996395,36600795,35646475,-42.2,5.5,32.51,P-V-,P+V+,P+V+,➡️ 中性,1.65,36.64,0.045,34,14,35,28.2,11.81,4.9,False,True,443.56,7.17,1.067,False,549.2,553.72,-9.01,-2.69,0.13,11.0,9.0,23666918.0,22176866.0,1.222,18074400.0,22119700.0,22494260.0,0.804,86.01,59.6,多頭,頭頭高·底底高,,29,20,18,23.2,26,剛爆發,,False,True
PLTR,Information Technology,Palantir Technologies,2026-09-04,174.33,-0.51,23.03,18.41,14.84,0.667,33152305,40787404,43624959,-27.89,-12.21,-15.13,P-V-,P+V-,P+V-,➡️ 中性,12.34,60.69,0.203,31,7,40,25.6,18.51,18.08,False,True,149.89,12.65,1.203,False,207.52,207.52,-15.99,-6.42,1.35,9.0,11.0,36543955.0,30377318.0,0.818,27895300.0,30978340.0,31112240.0,0.897,81.57,54.16,擴散,頭頭高·底底低,,30,25,11,24.2,28,,,False,True
GDDY,Information Technology,GoDaddy,2026-09-04,101.31,10.73,19.41,13.54,14.31,1.0,1788150,2187989,2285480,-13.91,-8.18,35.11,P+V-,P+V-,P+V+,⚠️ 頂部背離,-37.3,32.68,-1.141,9,8,46,16.1,8.01,5.44,False,True,93.45,12.03,1.011,False,150.47,150.47,-32.67,3.69,11.24,13.0,7.0,1795261.0,1774942.0,1.857,1621700.0,1778270.0,1675840.0,0.968,100.0,57.59,收斂,頭頭低·底底高,多轉空預警 / 空轉多預警,31,1,8,14.4,12,剛爆發,,False,True
SWKS,Information Technology,Skyworks Solutions,2026-09-04,74.02,7.6,-7.39,28.4,14.25,0.667,5513090,5647930,4838713,-5.68,40.16,51.77,P+V-,P-V+,P+V+,⚠️ 頂部背離,-3.05,39.77,-0.077,12,40,29,23.8,4.79,10.1,False,True,64.88,17.17,1.437,False,88.05,90.9,-15.93,12.51,4.81,9.0,11.0,6619377.0,4607945.0,0.818,4805300.0,6282160.0,5873826.0,0.818,95.3,67.74,收斂,頭頭低·底底高,空轉多預警 / 多頭確認,32,10,16,20.0,21,剛爆發,,False,True
LITE,Information Technology,Lumentum,2026-09-04,881.26,8.33,-6.75,26.9,13.85,0.667,4623460,4904490,5713739,1.27,-24.81,29.26,P+V+,P-V-,P+V+,➡️ 中性,495.59,91.59,5.411,11,39,32,23.6,8.79,4.62,False,True,816.39,20.91,1.103,False,1085.68,1085.68,-18.83,-1.54,-1.0,11.0,9.0,4826218.0,4375644.0,1.222,3558500.0,3592480.0,3977066.0,0.895,86.42,51.78,收斂,頭頭低·底底高,多轉空預警 / 空轉多預警,33,18,12,22.8,25,剛爆發,🎯 潛在暴漲,True,True
ROP,Information Technology,Roper Technologies,2026-09-04,407.28,0.84,23.06,14.98,13.47,1.0,666720,949180,1088135,-23.29,-22.65,-12.74,P+V-,P+V-,P+V-,⚠️ 量能衰竭,-21.73,28.66,-0.758,28,6,43,24.4,1.78,3.49,False,True,383.95,5.75,1.096,False,525.38,530.0,-22.48,-4.44,1.25,11.0,9.0,694045.0,633322.0,1.222,616800.0,652830.0,640153.0,0.964,86.49,52.49,多頭,頭頭高·底底高,,34,17,9,22.2,24,剛爆發,,False,True
CSCO,Information Technology,Cisco,2026-09-04,109.2,-10.91,-15.69,39.57,13.14,0.333,19547210,21986567,22768506,-2.71,-6.64,7.34,P-V-,P-V-,P+V+,😴 弱勢縮量,85.27,34.29,2.487,61,53,20,50.4,,,,,,,,,,,,,,,,,,,,,,,,,,,,35,31,31,,31,,,False,False
AAPL,Information Technology,Apple Inc.,2026-09-04,319.97,3.8,2.9,21.53,12.44,1.0,39653085,54183701,49332266,-29.62,21.81,-0.26,P+V-,P+V+,P+V-,⚠️ 量能背離,31.09,24.96,1.246,23,28,39,27.7,,,,,,,,,,,,,,,,,,,,,,,,,,,,36,31,31,,31,,,False,False
VRSN,Information Technology,Verisign,2026-09-04,292.08,-0.14,-0.29,24.76,12.27,0.333,684785,792920,816639,-19.76,-5.65,-2.82,P-V-,P-V-,P+V-,⚠️ 主升段結束,6.16,30.51,0.202,30,31,34,31.1,,,,,,,,,,,,,,,,,,,,,,,,,,,,37,31,31,,31,剛爆發,,False,False
KLAC,Information Technology,KLA Corporation,2026-09-04,185.6,-3.6,-12.81,29.08,10.44,0.333,9029810,12550878,11226123,-25.89,26.76,8.72,P-V-,P-V+,P+V+,➡️ 中性,119.82,44.97,2.664,44,47,26,41.3,,,,,,,,,,,,,,,,,,,,,,,,,,,,38,31,31,,31,剛爆發,,False,False
AMAT,Information Technology,Applied Materials,2026-09-04,454.71,-12.82,-9.27,29.73,9.34,0.333,7440955,9358295,8089920,0.7,37.19,2.18,P-V+,P-V+,P+V+,⚠️ 中期出貨,232.75,44.56,5.224,66,44,25,51.2,,,,,,,,,,,,,,,,,,,,,,,,,,,,39,31,31,,31,剛爆發,,False,False
IT,Information Technology,Gartner,2026-09-04,186.42,-3.49,13.07,13.13,8.96,0.667,1234160,1402353,1507986,-18.85,-13.09,12.69,P-V-,P+V-,P+V+,➡️ 中性,-24.53,54.79,-0.448,43,18,47,36.3,,,,,,,,,,,,,,,,,,,,,,,,,,,,40,31,31,,31,剛爆發,,False,False
TXN,Information Technology,Texas Instruments,2026-09-04,258.44,-7.84,-14.93,28.82,8.72,0.333,5382945,7948824,7670213,-34.44,7.54,-0.92,P-V-,P-V+,P+V-,➡️ 中性,56.17,40.74,1.379,56,50,28,48.6,,,,,,,,,,,,,,,,,,,,,,,,,,,,41,31,31,,31,剛爆發,,False,False
TYL,Information Technology,Tyler Technologies,2026-09-04,364.03,14.25,18.13,-0.87,7.66,0.667,964365,913096,757681,12.39,51.61,56.78,P+V+,P+V+,P-V+,🚀 健康多頭,-44.2,38.65,-1.144,6,12,59,18.4,0.36,2.73,False,True,325.26,14.03,0.613,False,566.58,566.58,-35.75,-3.68,16.51,13.0,7.0,790046.0,1288100.0,1.857,631300.0,1248980.0,1051433.0,0.6,97.02,59.51,多頭,頭頭高·底底高,多頭確認,42,9,29,26.2,30,剛爆發,,False,True
QCOM,Information Technology,Qualcomm,2026-09-04,168.74,4.62,-30.06,24.07,5.68,0.667,9096190,14779249,17080563,-30.57,-23.75,77.72,P+V-,P-V-,P+V+,⚠️ 頂部背離,6.62,53.78,0.123,22,66,36,38.0,,,,,,,,,,,,,,,,,,,,,,,,,,,,43,31,31,,31,剛爆發,,False,False
CTSH,Information Technology,Cognizant,2026-09-04,62.31,7.49,17.37,-1.9,5.26,0.667,6551000,10216926,8601206,-32.16,46.26,62.76,P+V-,P+V+,P-V+,➡️ 中性,-18.37,43.27,-0.425,13,13,61,22.6,-0.66,4.98,False,True,52.25,6.95,0.999,False,85.48,87.03,-27.11,-2.7,8.68,13.0,7.0,6548053.0,6556471.0,1.857,4473100.0,5559700.0,5583380.0,0.801,99.46,60.73,收斂,頭頭低·底底高,空轉多預警 / 多頭確認,44,7,19,24.2,28,剛爆發,,False,False
TER,Information Technology,Teradyne,2026-09-04,357.03,-2.17,-12.21,17.45,5.13,0.333,2329330,3930838,3738448,-38.94,10.85,6.49,P-V-,P-V+,P+V+,➡️ 中性,216.06,72.61,2.976,38,45,41,40.7,,,,,,,,,,,,,,,,,,,,,,,,,,,,45,31,31,,31,剛爆發,,False,False
JBL,Information Technology,Jabil,2026-09-04,310.57,-7.72,-16.9,22.21,4.95,0.333,936515,1213172,1216896,-13.05,-0.61,-5.47,P-V-,P-V-,P+V-,⚠️ 主升段結束,62.56,43.17,1.449,55,54,38,51.3,,,,,,,,,,,,,,,,,,,,,,,,,,,,46,31,31,,31,剛爆發,,False,False
MSI,Information Technology,Motorola Solutions,2026-09-04,468.05,1.31,14.3,-1.98,2.91,0.667,955165,1009521,1048692,0.62,-7.2,-12.18,P+V+,P+V-,P-V-,✨ 反彈初期,-1.28,24.5,-0.052,26,17,62,30.5,,,,,,,,,,,,,,,,,,,,,,,,,,,,47,31,31,,31,剛爆發,,False,False
KEYS,Information Technology,Keysight Technologies,2026-09-04,327.21,-2.44,-4.63,8.15,2.31,0.333,1416250,1410143,1450796,17.52,-5.45,17.24,P-V+,P-V-,P+V+,⚠️ 中期出貨,103.08,44.86,2.298,42,36,48,41.4,,,,,,,,,,,,,,,,,,,,,,,,,,,,48,31,31,,31,剛爆發,,False,False
AVGO,Information Technology,Broadcom,2026-09-04,357.9,-15.27,-14.43,14.46,-0.2,0.333,23452570,25852386,25212257,23.05,5.21,-7.19,P-V+,P-V+,P+V-,➡️ 中性,28.67,48.28,0.594,71,49,44,59.0,,,,,,,,,,,,,,,,,,,,,,,,,,,,49,31,31,,31,剛爆發,,False,False
TEL,Information Technology,TE Connectivity,2026-09-04,208.65,-2.25,-5.11,2.92,-0.38,0.333,1948815,2422055,2478268,-31.57,-4.44,25.29,P-V-,P-V-,P+V+,😴 弱勢縮量,4.36,33.11,0.132,39,37,57,42.0,,,,,,,,,,,,,,,,,,,,,,,,,,,,50,31,31,,31,剛爆發,,False,False
ADBE,Information Technology,Adobe Inc.,2026-09-04,266.51,-2.36,3.13,-1.65,-0.63,0.333,4318935,6169733,5865817,-21.56,10.93,25.65,P-V-,P+V+,P-V+,➡️ 中性,-24.0,40.14,-0.598,40,27,60,40.1,,,,,,,,,,,,,,,,,,,,,,,,,,,,51,31,31,,31,剛爆發,,False,False
ADI,Information Technology,Analog Devices,2026-09-04,362.25,-5.36,-15.25,7.48,-1.41,0.333,3599570,4384800,4165966,-9.46,11.09,12.65,P-V-,P-V+,P+V+,➡️ 中性,59.31,33.83,1.753,50,51,49,50.1,,,,,,,,,,,,,,,,,,,,,,,,,,,,52,31,31,,31,剛爆發,,False,False
ACN,Information Technology,Accenture,2026-09-04,186.72,4.75,5.65,-9.21,-2.0,0.667,5080800,8241727,7286326,-32.81,30.18,48.51,P+V-,P+V+,P-V+,➡️ 中性,-29.66,44.22,-0.671,21,23,67,30.8,,,,,,,,,,,,,,,,,,,,,,,,,,,,53,31,31,,31,剛爆發,,False,False
MPWR,Information Technology,Monolithic Power Systems,2026-09-04,1223.86,-11.39,-25.83,14.32,-2.15,0.333,570495,909420,758171,-39.72,49.84,20.97,P-V-,P-V+,P+V+,➡️ 中性,63.0,44.86,1.404,63,62,45,59.1,,,,,,,,,,,,,,,,,,,,,,,,,,,,54,31,31,,31,剛爆發,,False,False
ORCL,Information Technology,Oracle Corporation,2026-09-04,158.78,5.12,-32.58,7.3,-3.22,0.667,22719525,31307901,29318060,-39.56,14.56,8.48,P+V-,P-V+,P+V+,⚠️ 頂部背離,-36.13,71.28,-0.507,19,68,50,39.9,,,,,,,,,,,,,,,,,,,,,,,,,,,,55,31,31,,31,剛爆發,,False,False
GLW,Information Technology,Corning Inc.,2026-09-04,154.3,-2.01,-21.81,4.92,-3.49,0.333,8694060,13409130,13273850,-39.87,2.06,59.38,P-V-,P-V+,P+V+,➡️ 中性,134.32,66.13,2.031,37,59,53,46.8,,,,,,,,,,,,,,,,,,,,,,,,,,,,56,31,31,,31,剛爆發,,False,False
ON,Information Technology,ON Semiconductor,2026-09-04,74.38,-6.77,-43.57,17.28,-3.94,0.333,7105155,10924773,10614297,-32.23,6.03,19.76,P-V-,P-V+,P+V+,➡️ 中性,65.28,59.18,1.103,54,73,42,57.3,,,,,,,,,,,,,,,,,,,,,,,,,,,,57,31,31,,31,剛爆發,,False,False
NXPI,Information Technology,NXP Semiconductors,2026-09-04,227.84,-2.39,-29.05,6.76,-4.48,0.333,2914985,4057136,3722258,-36.84,19.77,37.0,P-V-,P-V+,P+V+,➡️ 中性,7.6,48.49,0.157,41,64,51,49.9,,,,,,,,,,,,,,,,,,,,,,,,,,,,58,31,31,,31,剛爆發,,False,False
TRMB,Information Technology,Trimble Inc.,2026-09-04,59.47,1.76,6.77,-14.01,-4.87,0.667,4075520,3300555,2709570,64.47,55.79,70.94,P+V+,P+V+,P-V+,🚀 健康多頭,-26.29,28.88,-0.91,24,22,70,32.6,,,,,,,,,,,,,,,,,,,,,,,,,,,,59,31,31,,31,剛爆發,,False,False
MCHP,Information Technology,Microchip Technology,2026-09-04,74.17,-8.32,-22.52,5.04,-5.19,0.333,8077955,11122160,10601340,-31.17,10.33,25.2,P-V-,P-V+,P+V+,➡️ 中性,31.05,48.6,0.639,57,61,52,57.2,,,,,,,,,,,,,,,,,,,,,,,,,,,,60,31,31,,31,剛爆發,,False,False
Q,Information Technology,Qnity Electronics,2026-09-04,120.47,-10.28,-22.13,3.87,-6.17,0.333,1693160,1947955,1920860,-13.86,2.86,,P-V-,P-V+,,資料不足,,,,59,60,54,58.3,,,,,,,,,,,,,,,,,,,,,,,,,,,,61,31,31,,31,剛爆發,,False,False
IBM,Information Technology,IBM,2026-09-04,234.89,-0.6,-21.6,-2.84,-6.97,0.0,4856135,8976664,8325118,-65.22,16.98,59.99,P-V-,P-V+,P-V+,➡️ 中性,-2.74,52.94,-0.052,33,58,64,46.7,,,,,,,,,,,,,,,,,,,,,,,,,,,,62,31,31,,31,剛爆發,,False,False
PTC,Information Technology,PTC Inc.,2026-09-04,141.02,-6.62,1.61,-13.54,-8.02,0.333,1146665,1688820,1497346,-30.44,29.32,60.01,P-V-,P+V+,P-V+,➡️ 中性,-30.94,31.12,-0.994,53,30,69,49.3,,,,,,,,,,,,,,,,,,,,,,,,,,,,63,31,31,,31,剛爆發,,False,False
TDY,Information Technology,Teledyne Technologies,2026-09-04,610.65,-11.53,-1.28,-11.02,-8.71,0.0,240045,342015,333146,-46.55,5.47,-2.18,P-V-,P-V+,P-V-,➡️ 中性,25.91,26.09,0.993,64,33,68,55.5,,,,,,,,,,,,,,,,,,,,,,,,,,,,64,31,31,,31,剛爆發,,False,False
INTU,Information Technology,Intuit,2026-09-04,332.7,-0.52,10.66,-22.65,-8.79,0.333,4046595,4650153,4421089,-0.24,10.93,73.08,P-V-,P+V+,P-V+,➡️ 中性,-51.12,47.62,-1.073,32,20,72,36.4,,,,,,,,,,,,,,,,,,,,,,,,,,,,65,31,31,,31,剛爆發,,False,False
AKAM,Information Technology,Akamai Technologies,2026-09-04,105.22,-10.57,-33.82,3.08,-9.56,0.333,2961745,3617507,4580238,-17.62,-34.74,50.59,P-V-,P-V-,P+V+,😴 弱勢縮量,40.71,66.94,0.608,60,70,56,62.2,,,,,,,,,,,,,,,,,,,,,,,,,,,,66,31,31,,31,剛爆發,,False,False
SNPS,Information Technology,Synopsys,2026-09-04,393.84,-4.33,-20.35,-7.18,-9.76,0.0,1754150,1917112,1890683,-12.94,2.84,-27.39,P-V-,P-V+,P-V-,➡️ 中性,-30.45,51.03,-0.597,46,57,66,53.3,,,,,,,,,,,,,,,,,,,,,,,,,,,,67,31,31,,31,剛爆發,,False,False
FSLR,Information Technology,First Solar,2026-09-04,204.45,-14.57,-35.08,3.5,-10.66,0.333,1881540,2163724,2244266,-25.26,-6.93,-3.46,P-V-,P-V-,P+V-,⚠️ 主升段結束,21.89,52.38,0.418,69,71,55,66.8,,,,,,,,,,,,,,,,,,,,,,,,,,,,68,31,31,,31,剛爆發,,False,False
COHR,Information Technology,Coherent Corp.,2026-09-04,281.86,-13.31,-33.19,0.37,-11.44,0.333,6928150,6020390,6657885,26.8,-17.48,43.57,P-V+,P-V-,P+V+,⚠️ 中期出貨,287.5,76.6,3.753,67,69,58,65.8,,,,,,,,,,,,,,,,,,,,,,,,,,,,69,31,31,,31,剛爆發,,False,False
CDNS,Information Technology,Cadence Design Systems,2026-09-04,292.7,-11.81,-28.9,-2.64,-11.5,0.0,2244770,2364243,2372221,-8.21,-0.67,18.05,P-V-,P-V-,P-V+,😴 弱勢縮量,-3.35,34.81,-0.096,65,63,63,64.0,,,,,,,,,,,,,,,,,,,,,,,,,,,,70,31,31,,31,剛爆發,,False,False
ADSK,Information Technology,Autodesk,2026-09-04,217.9,-14.91,-6.74,-14.01,-12.42,0.0,2027540,2511967,2307083,-6.86,19.49,30.92,P-V-,P-V+,P-V+,➡️ 中性,-23.68,34.42,-0.688,70,38,70,60.4,,,,,,,,,,,,,,,,,,,,,,,,,,,,71,31,31,,31,剛爆發,,False,False
CIEN,Information Technology,Ciena,2026-09-04,321.0,-17.2,-40.07,-3.62,-16.13,0.0,2374950,2761138,2727746,18.76,2.48,-12.46,P-V+,P-V+,P-V-,➡️ 中性,253.41,74.0,3.425,72,72,65,70.6,,,,,,,,,,,,,,,,,,,,,,,,,,,,72,31,31,,31,剛爆發,,False,False
FICO,Information Technology,Fair Isaac,2026-09-04,932.26,-11.19,-20.09,-35.62,-25.63,0.0,313255,322381,354077,-15.52,-16.43,22.94,P-V-,P-V-,P-V+,😴 弱勢縮量,-32.02,58.78,-0.545,62,56,73,62.4,,,,,,,,,,,,,,,,,,,,,,,,,,,,73,31,31,,31,剛爆發,,False,False
NUE,Materials,Nucor,2026-09-04,261.07,-4.93,-0.22,48.03,22.73,0.333,1380585,1542409,1511770,-2.89,4.14,-8.36,P-V-,P-V+,P+V-,➡️ 中性,87.62,34.37,2.549,18,17,1,14.3,6.94,14.67,False,True,248.54,10.0,0.88,False,280.11,280.11,-6.8,4.22,-4.24,9.0,11.0,1284577.0,1459136.0,0.818,776200.0,1104410.0,1514166.0,0.513,76.82,55.54,多頭,頭頭高·底底高,空轉多預警,1,12,20,9.2,9,吃老本,,False,True
CF,Materials,CF Industries,2026-09-04,133.35,10.34,14.05,26.61,19.4,1.0,2636110,2603264,3628907,17.48,-44.07,48.55,P+V+,P+V-,P+V+,➡️ 中性,37.45,31.81,1.177,2,6,2,3.2,-15.07,45.68,False,True,120.77,14.57,1.276,False,141.27,141.96,-5.61,6.01,17.22,11.0,9.0,2920172.0,2288922.0,1.222,2662100.0,2637590.0,2694053.0,0.988,100.0,60.82,多頭,頭頭高·底底高,空轉多預警 / 多頭確認,2,1,8,2.8,1,,,False,False
CTVA,Materials,Corteva,2026-09-04,87.86,15.14,13.67,11.81,13.11,1.0,4599025,4534607,4165459,-1.05,19.45,-2.53,P+V-,P+V+,P+V-,⚠️ 量能背離,7.04,25.27,0.278,1,7,4,3.4,2.93,27.11,False,True,83.19,11.46,1.146,False,90.87,90.97,-3.31,4.94,14.6,12.0,8.0,4846241.0,4228200.0,1.5,4274300.0,5327240.0,4924980.0,0.868,100.0,64.6,擴散,頭頭高·底底低,,3,1,11,3.8,2,,,False,True
NEM,Materials,Newmont,2026-09-04,128.09,9.46,18.49,8.55,11.26,1.0,8137915,8267426,8653992,7.22,-8.55,-17.66,P+V+,P+V-,P+V-,➡️ 中性,49.41,48.46,1.02,4,4,9,5.0,5.68,33.45,False,True,106.94,10.64,0.891,False,135.01,135.29,-5.12,0.29,13.61,12.0,8.0,7758025.0,8707750.0,1.5,5745900.0,8378040.0,8451473.0,0.68,96.38,60.72,多頭,頭頭高·底底高,空轉多預警,4,4,14,6.0,3,,,False,True
IFF,Materials,International Flavors & Fragrances,2026-09-04,86.35,1.48,18.54,10.31,10.16,1.0,1381085,1775521,1824882,-24.55,-5.27,-13.76,P+V-,P+V-,P+V-,⚠️ 量能衰竭,33.22,37.73,0.881,7,3,8,6.0,-26.57,16.51,False,True,81.49,5.01,0.828,False,89.32,89.32,-3.33,-1.82,0.54,9.0,11.0,1239211.0,1497163.0,0.818,1476500.0,1474100.0,1368360.0,1.079,76.35,57.87,收斂,頭頭低·底底高,多轉空預警 / 空轉多預警,5,13,4,8.0,6,吃老本,,False,False
FCX,Materials,Freeport-McMoRan,2026-09-04,72.73,3.15,4.62,11.43,7.66,1.0,13933190,14655076,15484397,-2.69,-10.17,-17.77,P+V-,P+V-,P+V-,⚠️ 量能衰竭,51.85,46.82,1.107,5,15,6,8.2,18.5,21.95,False,True,66.4,11.58,1.151,False,80.24,80.24,-9.36,-4.87,4.47,10.0,10.0,14913650.0,12952730.0,1.0,7265300.0,14605330.0,15282646.0,0.475,85.88,53.27,多頭,頭頭高·底底高,,6,6,21,9.0,8,,,False,True
APD,Materials,Air Products,2026-09-04,301.27,-2.24,7.17,11.72,7.09,0.667,919330,1230258,1219680,-17.23,1.75,-12.79,P-V-,P+V+,P+V-,➡️ 中性,7.47,25.39,0.294,11,13,5,10.4,3.8,4.54,False,True,300.07,4.48,1.0,False,314.87,314.87,-4.32,-2.21,-0.72,11.0,9.0,919281.0,919388.0,1.222,675600.0,951200.0,996006.0,0.678,84.52,47.76,多頭,頭頭高·底底高,空轉多預警,7,7,15,8.6,7,,,False,True
STLD,Materials,Steel Dynamics,2026-09-04,242.06,-9.88,-12.37,23.25,6.06,0.333,1186240,1240996,1197856,0.22,7.47,-6.74,P-V+,P-V+,P+V-,➡️ 中性,97.27,40.07,2.427,25,23,3,20.0,0.56,-0.19,False,True,241.94,10.29,1.181,False,288.09,288.74,-15.98,3.15,-7.77,8.0,12.0,1306287.0,1106208.0,0.667,1177800.0,1089940.0,1290966.0,0.912,77.26,49.52,收斂,頭頭低·底底高,多轉空預警 / 空轉多預警,8,11,10,9.6,10,,,False,True
LYB,Materials,LyondellBasell,2026-09-04,63.52,2.44,-3.03,11.4,5.55,0.667,3523105,4730978,6146102,-25.19,-37.43,10.52,P+V-,P-V-,P+V+,⚠️ 頂部背離,13.83,35.08,0.394,6,18,7,9.8,25.6,76.13,False,True,60.16,9.36,1.148,False,82.22,83.94,-22.75,-0.24,7.7,13.0,7.0,3689738.0,3213642.0,1.857,2589900.0,2906310.0,3418560.0,0.758,100.0,51.03,多頭,頭頭高·底底高,,9,1,12,6.4,4,剛爆發,,False,True
MOS,Materials,Mosaic Company (The),2026-09-04,25.85,10.14,12.88,-1.67,4.92,0.667,7837530,8694007,9327498,1.7,-12.72,48.25,P+V+,P+V-,P-V+,➡️ 中性,-26.45,42.61,-0.621,3,8,13,6.5,-5.88,-77.32,False,True,22.73,12.16,1.308,False,35.98,36.99,-28.16,9.53,12.1,9.0,11.0,9004800.0,6882490.0,0.818,8508100.0,7492730.0,8327440.0,1.022,96.24,67.08,擴散,頭頭高·底底低,多頭確認,10,5,5,7.0,5,,,False,True
AMCR,Materials,Amcor,2026-09-04,45.15,-2.78,21.68,-1.29,4.08,0.333,3716410,3580333,4433156,0.37,-32.27,-9.49,P-V+,P+V-,P-V-,➡️ 中性,18.79,31.87,0.589,15,1,12,10.2,4.24,0.55,False,True,44.7,7.43,1.061,False,48.76,50.94,-7.4,-1.87,-4.31,7.0,13.0,3861671.0,3638192.0,0.538,2524800.0,3341030.0,3445700.0,0.733,73.32,47.56,多頭,頭頭高·底底高,,11,16,13,13.4,14,,,False,True
SW,Materials,Smurfit Westrock,2026-09-04,45.83,-2.82,9.38,3.49,3.38,0.667,4431595,5408173,5389290,-13.63,0.7,-0.16,P-V-,P+V+,P+V-,➡️ 中性,5.02,40.95,0.123,16,12,11,13.8,-16.91,-17.35,False,False,46.42,12.91,0.909,False,51.52,52.65,-11.04,-5.09,-4.21,7.0,13.0,4162271.0,4576615.0,0.538,2736900.0,4478750.0,4421460.0,0.619,69.43,44.05,收斂,頭頭低·底底高,多轉空預警 / 空頭確認,12,19,19,16.2,18,吃老本,,False,True
BALL,Materials,Ball Corporation,2026-09-04,62.67,0.46,19.3,-3.22,3.33,0.667,1640260,2302886,2415663,-17.66,-8.92,-5.95,P+V-,P+V-,P-V-,➡️ 中性,25.9,29.48,0.879,8,2,15,7.6,4.27,11.31,False,False,62.73,3.95,1.029,False,67.62,68.29,-7.32,-1.41,-0.91,7.0,13.0,1670700.0,1623869.0,0.538,1887500.0,1654900.0,1633233.0,1.156,74.97,48.83,收斂,頭頭低·底底高,多轉空預警,13,14,2,11.2,11,,,False,True
PKG,Materials,Packaging Corporation of America,2026-09-04,237.25,-6.87,6.29,3.8,1.76,0.667,501415,626115,768807,-32.18,-31.31,-9.8,P-V-,P+V-,P+V-,➡️ 中性,19.12,22.75,0.84,21,14,10,16.7,1.62,12.54,False,False,242.3,11.67,1.042,False,259.98,259.98,-8.74,-1.31,-7.34,8.0,12.0,513875.0,493108.0,0.667,530400.0,548260.0,527346.0,1.006,73.31,42.62,多頭,頭頭高·底底高,,14,17,7,13.8,15,,,False,True
AVY,Materials,Avery Dennison,2026-09-04,175.06,-1.27,14.9,-6.59,0.11,0.333,1053645,878510,773051,21.38,31.59,12.28,P-V+,P+V+,P-V+,➡️ 中性,7.21,23.13,0.312,9,5,20,10.0,17.0,1.81,False,True,169.16,8.37,0.533,False,196.15,199.54,-10.75,-0.94,-0.62,9.0,11.0,710944.0,1334036.0,0.818,774400.0,1413190.0,1145720.0,0.676,70.85,51.22,擴散,頭頭高·底底低,,15,18,16,16.4,19,,,False,True
ECL,Materials,Ecolab,2026-09-04,279.28,-1.8,10.11,-5.92,-0.88,0.333,1401525,1481218,1541870,11.45,-7.57,11.96,P-V+,P+V-,P-V+,➡️ 中性,5.36,21.66,0.247,10,11,19,12.1,0.48,0.17,False,True,278.81,7.07,1.121,False,307.61,309.27,-9.21,-2.61,-2.07,9.0,11.0,1489988.0,1329145.0,0.818,1017300.0,1322290.0,1567746.0,0.649,79.61,47.23,多頭,頭頭高·底底高,,16,10,17,13.8,15,剛爆發,,False,True
SHW,Materials,Sherwin-Williams,2026-09-04,333.71,-7.78,11.46,-3.86,-1.01,0.333,1543560,2173653,2030067,-28.57,15.22,8.68,P-V-,P+V+,P-V+,➡️ 中性,-0.01,24.85,-0.001,22,9,17,17.1,5.13,3.56,False,False,342.39,8.15,0.865,False,375.09,377.77,-11.03,-3.23,-9.53,8.0,12.0,1411462.0,1631625.0,0.667,977700.0,1504130.0,1566960.0,0.624,68.13,41.78,多頭,頭頭高·底底高,空頭確認,17,20,18,18.4,21,,,False,True
PPG,Materials,PPG Industries,2026-09-04,112.53,-2.55,1.13,-3.56,-2.14,0.333,1249665,1772207,1942446,-34.66,-16.12,-2.19,P-V-,P+V-,P-V-,➡️ 中性,11.01,29.19,0.377,12,16,16,14.0,-1.04,3.65,False,False,115.35,6.34,0.877,False,130.99,133.43,-14.09,-1.48,-5.42,9.0,11.0,1160433.0,1322672.0,0.818,1174700.0,1231730.0,1243893.0,0.944,73.78,47.37,收斂,頭頭低·底底高,空轉多預警,18,15,9,15.0,17,,🎯 潛在暴漲,True,False
IP,Materials,International Paper,2026-09-04,37.24,-8.89,11.17,-9.09,-3.98,0.333,3794010,5239223,6043425,-34.21,-23.49,11.59,P-V-,P+V-,P-V+,➡️ 中性,-11.38,43.88,-0.259,24,10,21,19.2,205.43,5.41,False,False,39.19,17.29,0.903,False,48.47,50.25,-23.17,-5.27,-9.42,6.0,14.0,3528300.0,3907885.0,0.429,3906500.0,4275120.0,3873440.0,1.009,64.47,39.91,收斂,頭頭低·底底高,多轉空預警 / 空頭確認,19,21,6,17.2,20,,,False,True
LIN,Materials,Linde plc,2026-09-04,477.57,-2.7,-5.58,-3.87,-4.0,0.0,1896225,2219767,2265309,-13.15,-3.94,-9.32,P-V-,P-V-,P-V-,🧊 熊市縮量,5.43,20.05,0.271,14,19,18,16.3,0.66,1.4,False,False,499.93,3.38,1.003,False,546.4,548.2,-12.6,-2.12,-2.21,11.0,9.0,1898409.0,1893555.0,1.222,2273700.0,1796140.0,1921006.0,1.184,83.7,39.56,空頭,頭頭低·底底低,,20,9,1,11.8,12,剛爆發,,False,True
DOW,Materials,Dow Inc.,2026-09-04,29.44,-2.61,-14.4,-2.13,-5.32,0.0,8048790,10489690,12312218,-21.83,-25.79,-4.01,P-V-,P-V-,P-V-,🧊 熊市縮量,24.22,39.76,0.609,13,24,14,16.5,12.62,51.7,False,False,29.69,8.55,1.013,False,41.82,42.74,-29.61,-2.39,1.51,10.0,9.0,8182720.0,8079500.0,1.111,9411400.0,8211770.0,8346220.0,1.128,84.34,43.8,多頭,頭頭高·底底高,空頭確認,21,8,3,12.2,13,剛爆發,,False,True
VMC,Materials,Vulcan Materials Company,2026-09-04,262.63,-7.79,-7.05,-11.95,-9.68,0.0,875890,1095369,1162163,-18.97,-10.87,19.58,P-V-,P-V-,P-V+,😴 弱勢縮量,-2.89,27.09,-0.107,23,20,22,21.9,,,,,,,,,,,,,,,,,,,,,,,,,,,,22,22,22,,22,,,False,False
CRH,Materials,CRH plc,2026-09-04,94.26,-5.93,-11.2,-16.06,-12.31,0.0,4259400,4449946,4853813,-3.87,-15.36,-15.45,P-V-,P-V-,P-V-,🧊 熊市縮量,-9.93,26.26,-0.378,19,21,23,20.4,,,,,,,,,,,,,,,,,,,,,,,,,,,,23,22,22,,22,,,False,False
MLM,Materials,Martin Marietta Materials,2026-09-04,514.77,-6.18,-11.23,-21.38,-15.04,0.0,600940,614367,573470,0.65,15.36,36.88,P-V+,P-V+,P-V+,📉 主力出貨,-11.54,25.93,-0.445,20,22,24,21.4,,,,,,,,,,,,,,,,,,,,,,,,,,,,24,22,22,,22,,,False,False
ALB,Materials,Albemarle Corporation,2026-09-04,126.28,-3.76,-23.57,-22.96,-18.31,0.0,2028450,2314727,2198576,-14.48,11.16,-36.29,P-V-,P-V+,P-V-,➡️ 中性,62.97,55.61,1.132,17,25,25,21.0,,,,,,,,,,,,,,,,,,,,,,,,,,,,25,22,22,,22,,,False,False
BXP,Real Estate,"BXP, Inc.",2026-09-04,67.69,-0.31,10.24,25.5,15.23,0.667,1157550,1407341,1670563,-23.32,-27.22,-17.93,P-V-,P+V-,P+V-,➡️ 中性,-5.23,26.13,-0.2,9,4,1,5.9,14.75,97.57,False,False,68.6,8.26,0.946,False,75.95,79.33,-10.87,-2.35,-2.9,8.0,12.0,1119500.0,1182916.0,0.667,848400.0,1154210.0,1176660.0,0.721,73.88,47.06,空頭,頭頭低·底底低,多轉空預警,1,17,18,10.8,7,吃老本,,False,True
DOC,Real Estate,Healthpeak Properties,2026-09-04,20.65,-0.71,6.89,21.85,12.47,0.667,4299405,5965796,7488662,-32.06,-33.8,-11.73,P-V-,P+V-,P+V-,➡️ 中性,23.85,32.02,0.745,11,5,2,7.4,198.62,364.73,False,False,21.44,5.58,1.041,False,22.84,22.95,-9.58,-1.48,-3.07,8.0,10.0,4386675.0,4213740.0,0.8,3167900.0,4221750.0,4339486.0,0.73,77.78,41.54,空頭,頭頭低·底底低,多轉空預警,2,12,17,9.0,5,吃老本,,False,True
WELL,Real Estate,Welltower,2026-09-04,236.17,0.86,18.03,14.36,11.9,1.0,2678315,3152752,3185744,-13.97,-2.05,-3.44,P+V-,P+V-,P+V-,⚠️ 量能衰竭,42.71,26.42,1.617,6,1,4,4.1,-16.88,9.38,False,False,236.54,3.98,0.943,False,254.24,255.2,-7.11,-0.8,0.06,12.0,8.0,2615216.0,2772962.0,1.5,2254500.0,2575130.0,2549973.0,0.884,88.72,48.67,空頭,頭頭低·底底低,多轉空預警,3,3,9,4.2,1,,,False,False
HST,Real Estate,Host Hotels & Resorts,2026-09-04,22.05,-2.73,-6.36,18.06,6.76,0.333,8368430,9532290,9063868,-14.32,10.9,10.21,P-V-,P-V+,P+V+,➡️ 中性,44.62,23.29,1.915,21,25,3,18.6,4.39,116.0,False,False,23.46,8.48,0.963,False,25.71,25.71,-14.24,-1.03,-5.32,7.0,13.0,8163857.0,8478584.0,0.538,5247700.0,6954890.0,7592480.0,0.691,71.32,37.54,空頭,頭頭低·底底低,多轉空預警 / 空頭確認,4,19,20,13.2,15,吃老本,,False,True
VTR,Real Estate,Ventas,2026-09-04,90.27,-1.83,14.79,5.64,6.06,0.667,2973755,3570150,3766463,-11.32,-9.91,28.21,P-V-,P+V-,P+V+,➡️ 中性,41.0,27.98,1.465,19,2,13,12.7,51.73,-1.4,False,False,92.82,4.71,0.992,False,101.6,101.6,-11.15,-1.68,-3.31,11.0,9.0,2963672.0,2986077.0,1.222,3502800.0,2737870.0,2921346.0,1.199,83.05,42.51,空頭,頭頭低·底底低,多轉空預警,5,7,2,5.2,2,,,False,True
CBRE,Real Estate,CBRE Group,2026-09-04,147.85,2.72,12.91,3.66,5.74,1.0,1394210,1760798,2026977,-21.86,-23.22,16.92,P+V-,P+V-,P+V+,⚠️ 頂部背離,-9.86,30.06,-0.328,5,3,16,6.6,5.77,42.05,False,True,144.78,8.46,0.962,False,174.27,174.27,-15.16,-1.97,-0.22,7.0,13.0,1359614.0,1412838.0,0.538,1069100.0,1478660.0,1437853.0,0.744,74.0,50.77,多頭,頭頭高·底底高,,6,16,16,12.0,11,吃老本,,False,True
ESS,Real Estate,Essex Property Trust,2026-09-04,278.61,-1.62,-1.24,11.19,4.88,0.333,466535,479616,478880,-2.73,0.31,-3.41,P-V-,P-V+,P+V-,➡️ 中性,11.74,17.0,0.691,17,13,5,13.4,-35.97,15.55,False,False,289.2,6.96,0.804,False,303.35,303.35,-8.16,-1.91,-3.29,9.0,11.0,411355.0,511681.0,0.818,418800.0,606940.0,517713.0,0.809,73.6,40.88,多頭,頭頭高·底底高,空轉多預警 / 空頭確認,7,18,12,12.4,12,吃老本,,False,False
ARE,Real Estate,Alexandria Real Estate Equities,2026-09-04,52.65,8.89,0.42,3.76,4.21,1.0,1954215,1904296,2089722,7.95,-16.3,-16.85,P+V+,P+V-,P+V-,➡️ 中性,-37.7,45.15,-0.835,1,10,14,6.3,26.17,1359.96,False,True,50.73,7.87,1.403,False,83.17,88.24,-36.7,2.09,5.85,8.0,12.0,2360725.0,1683208.0,0.667,909300.0,1798480.0,2104873.0,0.432,88.89,56.28,空頭,頭頭低·底底低,,8,2,23,8.6,4,剛爆發,,False,True
FRT,Real Estate,Federal Realty Investment Trust,2026-09-04,117.09,-0.03,-2.18,8.02,3.46,0.333,627480,862520,864089,-34.48,-0.36,24.43,P-V-,P-V-,P+V+,😴 弱勢縮量,20.61,18.13,1.137,7,14,8,9.3,35.3,165.2,False,False,120.83,2.7,1.145,False,128.21,128.21,-8.67,0.29,-1.35,7.0,13.0,683614.0,597253.0,0.538,455200.0,597510.0,606093.0,0.751,77.42,41.9,收斂,頭頭低·底底高,多轉空預警 / 空轉多預警,9,13,15,11.8,9,,,False,True
DLR,Real Estate,Digital Realty,2026-09-04,188.39,-1.52,0.5,7.19,3.34,0.667,2023230,2951573,2486466,-31.51,46.02,32.89,P-V-,P+V+,P+V+,➡️ 中性,22.15,25.29,0.876,16,9,10,12.7,-15.0,2.71,False,True,186.75,9.09,1.312,False,207.47,208.14,-9.2,1.57,-2.79,10.0,10.0,2296250.0,1750210.0,1.0,2079000.0,2228670.0,2065913.0,1.006,86.91,48.53,收斂,頭頭低·底底高,多轉空預警 / 空轉多預警,10,4,6,6.8,3,剛爆發,🎯 潛在暴漲,True,False
INVH,Real Estate,Invitation Homes,2026-09-04,28.39,-5.02,-2.71,10.46,3.3,0.333,3368670,4651287,5363063,-22.7,-23.43,-3.66,P-V-,P-V-,P+V-,⚠️ 主升段結束,4.84,19.7,0.246,26,15,6,18.7,9.76,-14.31,False,False,29.89,8.04,0.867,False,30.89,30.89,-8.1,-2.91,-6.52,6.0,14.0,3042466.0,3508471.0,0.429,2523400.0,3852000.0,3517506.0,0.717,66.53,31.01,收斂,頭頭低·底底高,多轉空預警 / 空頭確認,11,22,19,17.0,22,吃老本,,False,True
EQIX,Real Estate,Equinix,2026-09-04,1035.98,-0.23,-4.43,7.62,2.64,0.333,542115,594360,585576,-7.6,3.05,4.91,P-V-,P-V+,P+V+,➡️ 中性,36.99,22.8,1.623,8,19,9,11.5,6.33,-3.8,False,False,1042.01,9.37,0.958,False,1118.65,1128.68,-7.39,-0.81,-0.16,9.0,11.0,529244.0,552645.0,0.818,344600.0,540100.0,532753.0,0.647,78.61,45.68,多頭,頭頭高·底底高,,12,11,22,13.6,16,,,False,True
SPG,Real Estate,Simon Property Group,2026-09-04,209.44,-5.04,2.68,6.06,2.44,0.667,1154260,1777086,1677267,-19.62,12.66,7.82,P-V-,P+V+,P+V+,➡️ 中性,28.13,19.32,1.456,27,7,12,18.0,10.11,-17.98,False,False,222.57,5.8,0.941,False,238.5,238.5,-12.18,-2.39,-6.04,6.0,14.0,1105466.0,1175171.0,0.429,828700.0,1127160.0,1087633.0,0.762,68.31,32.03,多頭,頭頭高·底底高,空頭確認,13,21,13,16.2,20,吃老本,,False,True
VMRK,Real Estate,Vivmark Residential,2026-09-04,65.35,-0.73,-2.76,6.55,2.4,0.333,5827775,3861752,3288985,99.0,42.17,33.45,P-V+,P-V+,P+V+,⚠️ 中期出貨,4.92,19.8,0.248,12,16,11,13.0,,,False,False,67.2,6.63,0.909,False,71.5,71.5,-8.6,-0.29,-2.56,10.0,9.0,5487560.0,6039677.0,1.111,6495800.0,5242280.0,6258400.0,1.038,80.91,45.99,空頭,頭頭低·底底低,,14,9,3,9.8,6,,,False,False
KIM,Real Estate,Kimco Realty,2026-09-04,23.6,-0.96,0.55,3.74,1.77,0.667,4216470,4910298,4842442,-8.76,2.84,-2.47,P-V-,P+V+,P+V-,➡️ 中性,11.28,20.73,0.544,13,8,15,11.9,13.48,7.45,False,False,24.63,3.09,0.756,False,26.34,26.65,-10.4,0.42,-2.37,6.0,14.0,3438500.0,4549885.0,0.429,6003400.0,5192220.0,4429400.0,1.355,68.4,39.24,空頭,頭頭低·底底低,多轉空預警 / 空頭確認,15,20,1,14.2,17,,,False,True
IRM,Real Estate,Iron Mountain,2026-09-04,116.86,-3.87,-9.67,10.06,1.64,0.333,1481125,1790338,1644209,-29.97,19.51,-13.75,P-V-,P-V+,P+V-,➡️ 中性,35.91,38.79,0.926,25,29,7,22.6,7.51,15.76,False,False,122.45,12.43,0.833,False,134.68,134.68,-13.23,-0.46,-3.54,11.0,9.0,1358472.0,1631033.0,1.222,1342600.0,1678620.0,1526573.0,0.879,80.6,42.84,收斂,頭頭低·底底高,空轉多預警 / 空頭確認,16,10,10,12.4,12,剛爆發,,False,True
PSA,Real Estate,Public Storage,2026-09-04,302.01,-7.28,-0.6,0.58,-1.68,0.333,745305,1014435,1048596,-43.94,-6.31,-1.12,P-V-,P-V-,P+V-,⚠️ 主升段結束,14.85,24.26,0.612,29,11,17,21.2,-2.93,2.19,False,False,320.44,9.46,0.901,False,335.55,335.55,-10.0,-3.67,-8.04,5.0,15.0,688660.0,764186.0,0.333,512100.0,837220.0,758933.0,0.675,64.48,33.89,收斂,頭頭低·底底高,空頭確認,17,23,21,20.2,23,吃老本,,False,False
PLD,Real Estate,Prologis,2026-09-04,137.34,-1.02,-3.79,-1.1,-1.75,0.0,3024045,4232466,3851010,-46.8,21.99,11.83,P-V-,P-V+,P-V+,➡️ 中性,27.32,17.99,1.519,14,18,20,16.4,48.33,41.3,False,False,142.07,5.31,1.057,False,153.35,153.35,-10.44,-2.39,-2.01,7.0,13.0,3133814.0,2964938.0,0.538,2266800.0,3056180.0,2980280.0,0.761,74.41,38.78,收斂,頭頭低·底底高,多轉空預警 / 空轉多預警,18,15,14,16.0,19,,,False,True
SBAC,Real Estate,SBA Communications,2026-09-04,189.44,5.36,-8.23,-2.11,-1.78,0.333,752430,988526,1069106,-32.5,-14.02,3.48,P+V-,P-V-,P-V+,➡️ 中性,-5.21,39.09,-0.133,2,27,22,13.5,-1.22,-0.28,False,True,182.23,6.53,0.847,False,221.58,224.46,-14.51,-0.79,3.65,10.0,10.0,690230.0,814630.0,1.0,668800.0,749090.0,739766.0,0.904,81.7,56.42,收斂,頭頭低·底底高,空轉多預警 / 多頭確認,19,8,8,12.4,12,剛爆發,🎯 潛在暴漲,False,False
O,Real Estate,Realty Income,2026-09-04,61.25,-0.6,3.84,-5.55,-1.96,0.333,5300590,5642084,5746486,6.89,-3.57,-5.99,P-V+,P+V-,P-V-,➡️ 中性,10.7,17.92,0.597,10,6,26,12.0,-12.71,-17.72,False,False,62.86,3.66,1.209,False,66.58,67.94,-8.0,-0.74,-1.59,9.0,10.0,5893733.0,4873350.0,0.9,5098100.0,4792710.0,4971446.0,1.025,83.42,40.49,收斂,頭頭低·底底高,多轉空預警 / 空頭確認,20,6,4,11.2,8,剛爆發,,False,True
CPT,Real Estate,Camden Property Trust,2026-09-04,105.69,-3.11,-4.78,-0.34,-2.14,0.0,827760,1030487,1087922,-21.47,-10.03,-12.16,P-V-,P-V-,P-V-,🧊 熊市縮量,4.61,17.66,0.261,24,20,18,21.6,,,,,,,,,,,,,,,,,,,,,,,,,,,,21,24,24,,24,,,False,False
REG,Real Estate,Regency Centers,2026-09-04,75.26,-1.12,-0.92,-3.82,-2.42,0.0,1058490,1388840,1399302,-28.12,-1.48,16.01,P-V-,P-V-,P-V+,😴 弱勢縮量,8.96,18.39,0.487,15,12,23,15.7,3.59,9.38,False,False,78.74,3.31,1.084,False,83.66,83.66,-10.04,-0.34,-2.41,8.0,12.0,1109975.0,1024166.0,0.667,884100.0,1023110.0,1071066.0,0.825,77.38,37.97,擴散,頭頭高·底底低,空頭確認,22,14,11,16.6,21,剛爆發,,False,True
UDR,Real Estate,"UDR, Inc.",2026-09-04,36.38,-3.03,-5.78,-0.93,-2.67,0.0,2556610,3377336,3752415,-27.84,-18.17,12.78,P-V-,P-V-,P-V+,😴 弱勢縮量,2.24,18.19,0.123,22,24,19,22.0,,,,,,,,,,,,,,,,,,,,,,,,,,,,23,24,24,,24,,,False,False
MAA,Real Estate,Mid-America Apartment Communities,2026-09-04,128.32,-3.04,-5.16,-1.63,-2.86,0.0,758960,1006026,969109,-34.84,7.92,0.51,P-V-,P-V+,P-V+,➡️ 中性,-2.77,16.5,-0.168,23,23,21,22.6,,,,,,,,,,,,,,,,,,,,,,,,,,,,24,24,24,,24,,,False,False
AMT,Real Estate,American Tower,2026-09-04,175.85,3.99,-8.45,-5.75,-3.99,0.333,1927420,2939573,3035177,-38.97,-6.11,-3.9,P+V-,P-V-,P-V-,➡️ 中性,-9.64,25.83,-0.373,3,28,27,15.3,20.65,17.04,False,True,171.12,5.25,0.754,False,194.23,199.4,-9.46,-0.22,1.92,13.0,7.0,1730246.0,2293600.0,1.857,1931600.0,2052280.0,2010386.0,0.961,92.12,52.86,擴散,頭頭高·底底低,,25,1,7,11.8,9,剛爆發,,False,True
EXR,Real Estate,Extra Space Storage,2026-09-04,139.25,-5.05,-3.5,-4.92,-4.6,0.0,865270,1145043,1149460,-36.26,-0.77,-5.96,P-V-,P-V-,P-V-,🧊 熊市縮量,6.26,23.19,0.27,28,17,25,24.1,,,,,,,,,,,,,,,,,,,,,,,,,,,,26,24,24,,24,,,False,False
WY,Real Estate,Weyerhaeuser,2026-09-04,23.02,-8.14,-5.14,-4.59,-5.61,0.0,4730450,5392072,5341913,-12.52,1.9,-13.19,P-V-,P-V+,P-V-,➡️ 中性,0.46,24.03,0.019,30,22,24,26.4,,,,,,,,,,,,,,,,,,,,,,,,,,,,27,24,24,,24,,,False,False
VICI,Real Estate,Vici Properties,2026-09-04,25.42,-2.49,-5.01,-13.02,-8.39,0.0,8993605,9819243,9121730,-0.69,16.56,-14.33,P-V-,P-V+,P-V-,➡️ 中性,-15.26,16.2,-0.942,20,21,28,21.9,,,,,,,,,,,,,,,,,,,,,,,,,,,,28,24,24,,24,,,False,False
CCI,Real Estate,Crown Castle,2026-09-04,75.83,3.02,-18.21,-13.94,-10.77,0.333,2368540,3996616,3608878,-48.55,24.07,9.62,P+V-,P-V+,P-V+,➡️ 中性,-17.6,30.42,-0.579,4,30,29,16.8,36.09,6.18,False,False,76.41,4.46,0.981,False,96.97,100.5,-21.8,-0.41,0.32,10.0,9.0,2260150.0,2304588.0,1.111,2460000.0,2508730.0,2411720.0,1.02,83.86,48.93,空頭,頭頭低·底底低,,29,5,5,14.6,18,剛爆發,,False,True
CSGP,Real Estate,CoStar Group,2026-09-04,30.91,-1.81,-8.17,-33.92,-19.46,0.0,6605560,7249260,7124813,-19.61,3.56,48.82,P-V-,P-V+,P-V+,➡️ 中性,-66.2,37.67,-1.757,18,26,30,22.8,,,,,,,,,,,,,,,,,,,,,,,,,,,,30,24,24,,24,剛爆發,,False,False
AWK,Utilities,American Water Works,2026-09-04,140.7,4.57,15.86,5.04,7.62,1.0,2161920,2268383,2099266,-3.55,17.52,26.3,P+V-,P+V+,P+V+,⚠️ 頂部背離,-3.84,21.14,-0.182,2,1,3,1.9,3.97,-7.4,False,True,134.56,5.21,1.162,False,142.27,145.64,-1.1,1.74,4.68,9.0,11.0,2341755.0,2014781.0,0.818,2074100.0,2035810.0,2066006.0,1.004,86.11,61.19,收斂,頭頭低·底底高,多轉空預警 / 多頭確認,1,6,10,4.8,2,,,False,True
AES,Utilities,AES Corporation,2026-09-04,14.79,0.41,1.61,6.85,3.93,1.0,7231025,7740884,10070612,3.47,-37.58,1.43,P+V+,P+V-,P+V+,➡️ 中性,19.59,24.09,0.813,8,6,2,6.2,-6.05,108.27,False,True,14.66,0.95,0.923,False,17.23,17.65,-14.15,0.41,0.41,9.0,7.0,6457577.0,6996571.0,1.286,4341100.0,8099620.0,7831866.0,0.554,85.84,62.2,收斂,頭頭低·底底高,多轉空預警,2,7,21,7.8,5,,,False,False
D,Utilities,Dominion Energy,2026-09-04,65.84,-0.96,0.01,7.17,3.34,0.667,3647130,4905630,5446156,-4.51,-18.06,-5.34,P-V-,P+V-,P+V-,➡️ 中性,19.55,17.5,1.117,24,11,1,15.5,17.2,4.37,False,False,68.07,3.99,1.234,False,72.26,72.99,-8.88,1.46,-1.31,8.0,11.0,4105712.0,3326845.0,0.727,3265200.0,4407980.0,3961933.0,0.824,82.3,42.38,空頭,頭頭低·底底低,空頭確認,3,12,18,9.6,9,吃老本,,False,True
CEG,Utilities,Constellation Energy,2026-09-04,298.96,10.72,13.16,-7.57,2.19,0.667,2451485,3132460,3215940,-14.48,-5.06,7.3,P+V-,P+V-,P-V+,➡️ 中性,-10.15,41.47,-0.245,1,2,20,5.1,11.73,5.3,False,True,266.13,11.25,0.975,False,410.41,412.7,-27.16,8.03,10.94,12.0,8.0,2426725.0,2488625.0,1.5,2896300.0,2457060.0,2477626.0,1.169,99.34,66.87,多頭,頭頭高·底底高,多頭確認,4,1,6,3.2,1,,,False,True
ETR,Utilities,Entergy,2026-09-04,107.27,2.14,-1.25,2.54,1.49,0.667,2097530,2794329,3077070,-22.86,-16.83,14.93,P+V-,P-V-,P+V+,⚠️ 頂部背離,24.44,18.51,1.321,4,14,4,7.0,2.39,2.26,False,False,109.88,4.01,0.982,False,117.75,118.45,-8.9,1.44,0.68,10.0,10.0,2078890.0,2116170.0,1.0,2794800.0,2198180.0,2097760.0,1.332,83.18,48.48,空頭,頭頭低·底底低,多轉空預警,5,10,1,6.2,3,,,False,True
ED,Utilities,Consolidated Edison,2026-09-04,107.29,1.76,3.93,-2.92,-0.04,0.667,2177470,2262013,2234359,-3.39,2.51,2.93,P+V-,P+V+,P-V+,➡️ 中性,12.85,17.13,0.75,5,3,8,5.0,7.37,-3.83,False,False,109.07,3.06,0.906,False,114.33,116.23,-6.16,-0.19,0.18,12.0,8.0,2090891.0,2307337.0,1.5,2188800.0,2037620.0,2207793.0,0.991,88.39,47.25,空頭,頭頭低·底底低,,6,4,11,6.2,3,,,False,True
EVRG,Utilities,Evergy,2026-09-04,81.54,0.16,0.4,-0.95,-0.33,0.667,2005855,2042450,1997322,3.34,4.62,-6.15,P+V+,P+V+,P-V-,✨ 反彈初期,19.52,14.7,1.327,11,8,5,8.9,9.85,13.81,False,False,83.66,3.17,0.885,False,87.89,88.62,-7.22,1.1,-1.39,10.0,10.0,1883700.0,2128010.0,1.0,1786400.0,2137320.0,2046560.0,0.873,80.1,45.71,空頭,頭頭低·底底低,,7,15,17,12.2,12,吃老本,,False,True
ES,Utilities,Eversource Energy,2026-09-04,71.05,-0.17,1.67,-2.78,-1.01,0.333,1854305,2382112,2411496,-21.18,-2.41,-14.82,P-V-,P+V-,P-V-,➡️ 中性,19.07,23.65,0.806,15,5,7,10.4,-0.33,6.21,False,False,72.77,3.24,0.881,False,76.57,76.57,-7.21,0.3,-1.77,9.0,11.0,1725711.0,1959518.0,0.818,1695700.0,1815490.0,1843386.0,0.92,76.74,46.41,空頭,頭頭低·底底低,多轉空預警,8,20,15,14.2,14,吃老本,,False,False
AEE,Utilities,Ameren,2026-09-04,106.47,-0.5,0.22,-3.61,-1.87,0.333,1360615,1607280,1667503,-12.27,-6.97,-1.95,P-V-,P+V-,P-V-,➡️ 中性,11.24,17.5,0.642,19,10,9,14.3,4.18,9.09,False,False,110.19,3.13,1.07,False,118.32,118.32,-10.02,0.33,-2.18,10.0,10.0,1406910.0,1314320.0,1.0,1666200.0,1242280.0,1294973.0,1.287,82.56,41.61,收斂,頭頭低·底底高,多轉空預警 / 空轉多預警,9,11,3,8.6,7,,🎯 潛在暴漲,False,True
FE,Utilities,FirstEnergy,2026-09-04,46.77,0.02,3.49,-5.63,-1.94,0.667,3679420,4289167,4630349,-25.93,-13.73,1.02,P+V-,P+V-,P-V+,➡️ 中性,13.56,17.55,0.773,14,4,12,10.6,-0.48,0.63,False,False,47.48,4.14,0.972,False,51.3,52.34,-8.83,1.94,-1.47,10.0,10.0,3627250.0,3731590.0,1.0,3992200.0,3965550.0,3884233.0,1.028,81.9,48.74,空頭,頭頭低·底底低,多轉空預警,10,14,8,11.2,10,,,False,False
AEP,Utilities,American Electric Power,2026-09-04,124.5,1.35,-1.83,-4.22,-2.23,0.333,3151540,4485740,4155206,-22.81,17.28,20.99,P+V-,P-V+,P-V+,➡️ 中性,19.0,20.0,0.95,6,16,10,9.8,-8.2,4.61,False,False,128.68,4.42,0.87,False,139.52,140.58,-10.76,1.79,-0.22,12.0,8.0,2973700.0,3418300.0,1.5,3148800.0,3157170.0,3247366.0,0.97,88.31,47.44,空頭,頭頭低·底底低,,11,5,12,8.8,8,剛爆發,,False,False
PNW,Utilities,Pinnacle West Capital,2026-09-04,97.52,-1.72,-2.06,-2.67,-2.28,0.0,949175,1182783,1189310,-25.93,-1.09,-2.73,P-V-,P-V-,P-V-,🧊 熊市縮量,17.91,15.81,1.133,28,19,6,20.9,-2.66,814.01,False,False,102.43,2.6,1.024,False,110.16,111.16,-11.47,-0.12,-3.47,8.0,11.0,962387.0,939581.0,0.727,492600.0,873720.0,950280.0,0.518,76.7,37.48,收斂,頭頭低·底底高,多轉空預警 / 空轉多預警 / 空頭確認,12,21,22,17.6,20,吃老本,,False,False
PPL,Utilities,PPL Corporation,2026-09-04,35.11,0.34,0.66,-6.78,-3.14,0.667,8060135,8889367,8433819,7.53,11.42,22.49,P+V+,P+V+,P-V+,🚀 健康多頭,1.74,17.64,0.099,10,7,14,9.9,-4.0,2.08,False,False,35.55,4.47,0.858,False,39.79,40.11,-11.76,2.66,-0.99,9.0,10.0,7309544.0,8514750.0,0.9,10269300.0,7595430.0,7866646.0,1.305,79.0,50.26,空頭,頭頭低·底底低,多轉空預警,13,17,2,12.4,13,,,False,False
VST,Utilities,Vistra Corp.,2026-09-04,149.3,4.5,-2.73,-7.41,-3.26,0.333,3942505,4366478,4529360,-21.34,-6.94,-8.32,P+V-,P-V-,P-V-,➡️ 中性,-24.83,35.01,-0.709,3,20,17,10.9,-54.2,53.35,False,False,149.64,10.65,1.015,False,218.91,219.82,-31.8,8.91,6.2,12.0,8.0,3966258.0,3906875.0,1.5,4599200.0,4082110.0,4154966.0,1.107,97.55,57.5,空頭,頭頭低·底底低,多轉空預警,14,2,7,7.8,5,剛爆發,,False,False
LNT,Utilities,Alliant Energy,2026-09-04,67.97,-0.35,-4.07,-4.47,-3.34,0.0,2303865,2459206,2348595,-10.46,9.88,6.07,P-V-,P-V+,P-V+,➡️ 中性,10.69,16.29,0.656,18,24,11,18.4,12.23,2.85,False,False,71.83,2.89,1.189,False,78.22,78.81,-13.1,-0.09,-2.02,7.0,13.0,2569914.0,2160607.0,0.538,1849800.0,2016070.0,1992966.0,0.928,77.65,37.58,空頭,頭頭低·底底低,多轉空預警,15,19,14,16.4,18,,,False,True
DUK,Utilities,Duke Energy,2026-09-04,120.22,0.07,-0.45,-6.93,-3.56,0.333,4118505,3991226,3850384,1.63,7.59,11.09,P+V+,P-V+,P-V+,➡️ 中性,6.21,14.68,0.423,13,12,15,13.1,9.61,7.24,False,False,123.99,2.92,0.916,False,132.18,134.49,-9.05,-0.02,-2.86,9.0,11.0,3920377.0,4280609.0,0.818,3208500.0,3222130.0,3508600.0,0.914,76.57,41.84,空頭,頭頭低·底底低,多轉空預警 / 空頭確認,16,22,16,18.4,22,吃老本,,False,True
ATO,Utilities,Atmos Energy,2026-09-04,167.56,0.39,0.36,-8.86,-4.24,0.667,960460,1163609,1188372,-6.01,-4.08,7.96,P+V-,P+V-,P-V+,➡️ 中性,3.97,14.26,0.279,9,9,23,11.8,5.6,1.84,False,False,172.03,2.99,0.919,False,190.28,192.51,-11.94,0.55,-0.95,9.0,11.0,916288.0,996600.0,0.818,694100.0,803880.0,901940.0,0.77,78.01,44.52,收斂,頭頭低·底底高,空轉多預警,17,18,19,17.8,21,,🎯 潛在暴漲,False,True
WEC,Utilities,WEC Energy Group,2026-09-04,105.94,0.7,-3.93,-7.18,-4.4,0.333,2346820,2215230,2097696,13.95,11.87,-4.2,P+V+,P-V+,P-V-,✨ 反彈初期,2.37,16.02,0.148,7,23,16,13.6,12.32,5.33,False,False,110.6,3.01,1.291,False,118.87,119.91,-10.88,-0.26,-0.71,9.0,11.0,2679022.0,2075018.0,0.818,1586900.0,1907940.0,2079420.0,0.763,84.33,40.97,空頭,頭頭低·底底低,多轉空預警,18,8,20,14.4,15,剛爆發,,False,True
DTE,Utilities,DTE Energy,2026-09-04,136.08,-0.51,-3.9,-6.66,-4.44,0.0,1211265,1319393,1353415,-8.32,-4.9,-2.85,P-V-,P-V-,P-V-,🧊 熊市縮量,5.8,18.04,0.322,20,22,13,19.2,16.26,-4.14,False,False,143.51,2.58,1.068,False,155.75,155.75,-12.63,0.16,-2.71,10.0,10.0,1251160.0,1171370.0,1.0,1170200.0,1178770.0,1151600.0,1.016,82.13,39.21,空頭,頭頭低·底底低,多轉空預警,19,13,9,14.6,16,剛爆發,,False,True
XEL,Utilities,Xcel Energy,2026-09-04,75.72,-1.5,-1.9,-7.59,-4.65,0.0,4667935,5324892,5117273,-9.42,8.46,-0.22,P-V-,P-V+,P-V-,➡️ 中性,10.73,19.46,0.551,27,17,21,22.8,,,,,,,,,,,,,,,,,,,,,,,,,,,,20,23,23,,23,,,False,False
NEE,Utilities,NextEra Energy,2026-09-04,83.43,-0.76,-1.18,-8.55,-4.76,0.0,10336200,11017838,10699113,-2.94,6.14,7.9,P-V-,P-V+,P-V+,➡️ 中性,21.91,20.72,1.057,21,13,22,18.8,3.8,5.67,False,False,85.98,4.21,0.76,False,97.3,98.75,-14.26,1.94,-0.7,12.0,6.0,9555858.0,12568883.0,2.0,10765300.0,10385580.0,11094986.0,0.97,93.66,43.38,收斂,頭頭低·底底高,空轉多預警 / 空頭確認,21,3,12,12.0,11,剛爆發,🎯 潛在暴漲,False,True
CNP,Utilities,CenterPoint Energy,2026-09-04,39.67,-0.31,-4.64,-7.52,-5.0,0.0,5478080,6326235,5619790,-19.58,28.76,7.67,P-V-,P-V+,P-V+,➡️ 中性,9.47,16.6,0.57,16,25,19,19.3,,,,,,,,,,,,,,,,,,,,,,,,,,,,22,23,23,,23,,,False,False
EXC,Utilities,Exelon,2026-09-04,43.64,-1.0,-1.29,-9.17,-5.16,0.0,6393720,8184180,8358513,-25.71,-4.09,12.87,P-V-,P-V-,P-V+,😴 弱勢縮量,7.85,19.17,0.409,25,15,24,21.8,-3.93,2.6,False,False,45.36,3.52,1.084,False,49.7,50.65,-12.2,0.29,-3.41,9.0,11.0,6678155.0,6161000.0,0.818,8368800.0,7581240.0,6864400.0,1.219,79.31,41.75,空頭,頭頭低·底底低,空頭確認,23,16,5,16.6,19,剛爆發,,False,False
SO,Utilities,Southern Company,2026-09-04,88.11,-2.74,-3.04,-7.46,-5.17,0.0,5428850,5844776,5541602,3.13,11.58,-3.95,P-V+,P-V+,P-V-,➡️ 中性,3.47,15.82,0.219,29,21,18,24.4,,,,,,,,,,,,,,,,,,,,,,,,,,,,24,23,23,,23,,,False,False
CMS,Utilities,CMS Energy,2026-09-04,68.46,-0.87,-1.92,-10.61,-6.0,0.0,3392035,3587489,3207478,-9.72,26.88,23.17,P-V-,P-V+,P-V+,➡️ 中性,2.37,18.01,0.132,22,18,26,21.6,,,,,,,,,,,,,,,,,,,,,,,,,,,,25,23,23,,23,,,False,False
PEG,Utilities,Public Service Enterprise Group,2026-09-04,73.7,-1.15,-4.79,-10.75,-6.86,0.0,2558110,2888412,2859352,-16.86,2.05,1.24,P-V-,P-V+,P-V+,➡️ 中性,-3.65,16.74,-0.218,26,26,28,26.4,,,,,,,,,,,,,,,,,,,,,,,,,,,,26,23,23,,23,,,False,False
SRE,Utilities,Sempra,2026-09-04,84.04,-0.32,-6.31,-10.62,-6.97,0.0,4193245,3902875,3696805,24.75,11.81,-5.15,P-V+,P-V+,P-V-,➡️ 中性,6.41,19.6,0.327,17,27,27,22.0,,,,,,,,,,,,,,,,,,,,,,,,,,,,27,23,23,,23,,,False,False
NI,Utilities,NiSource,2026-09-04,41.39,-0.93,-9.12,-10.29,-7.66,0.0,5520290,5130124,4663268,-2.12,22.25,11.85,P-V-,P-V+,P-V+,➡️ 中性,8.48,17.85,0.475,23,28,25,24.9,,,,,,,,,,,,,,,,,,,,,,,,,,,,28,23,23,,23,,,False,False
NRG,Utilities,NRG Energy,2026-09-04,119.02,0.09,-10.46,-26.07,-15.63,0.333,2438430,2763670,2863890,-24.94,-6.76,36.39,P+V-,P-V-,P-V+,➡️ 中性,-19.01,44.33,-0.429,12,29,31,20.9,-14.37,-14.04,False,False,127.24,9.67,0.859,False,188.71,189.96,-36.93,7.11,0.75,10.0,10.0,2253280.0,2623580.0,1.0,3396000.0,2717240.0,2646773.0,1.283,83.33,50.59,空頭,頭頭低·底底低,,29,9,4,16.0,17,剛爆發,,False,False
PCG,Utilities,PG&E Corporation,2026-09-04,14.3,-16.08,-14.73,-23.98,-19.69,0.0,48387305,29005938,25500866,101.84,31.87,12.05,P-V+,P-V+,P-V+,📉 主力出貨,16.93,36.67,0.462,30,30,30,30.0,,,,,,,,,,,,,,,,,,,,,,,,,,,,30,23,23,,23,剛爆發,,False,False
EIX,Utilities,Edison International,2026-09-04,56.77,-16.31,-20.01,-21.29,-19.72,0.0,6303260,3793646,3424024,103.21,24.2,6.36,P-V+,P-V+,P-V+,📉 主力出貨,32.97,37.0,0.891,31,31,29,30.6,,,,,,,,,,,,,,,,,,,,,,,,,,,,31,23,23,,23,剛爆發,,False,False
