symbol,sector,name,as_of_date,t_price,cum_ret_4w,cum_ret_13w,cum_ret_26w,point,di,avg_vol_4w,avg_vol_13w,avg_vol_26w,vol_change_4w,vol_change_13w,vol_change_26w,pv_state_4w,pv_state_13w,pv_state_26w,pv_verdict,mom_12m_1m,weekly_vol_ann,spmo_score,cum_ret_4w_rank_in_sector,cum_ret_13w_rank_in_sector,cum_ret_26w_rank_in_sector,cms_a,surprise_l1,surprise_l2,pre_earnings_14d,above_50ma,ma50,amp_10d_pct,vp_ratio_stock,vcp,high_52w,high_52w_raw,pct_from_high,ret_5d,ret_20d,up_days_20,down_days_20,up_avg_vol,down_avg_vol,ud_ratio,vol_today,vol_10d_avg,vol_3w_avg,vol_ratio_stock_20d,vp_score_stock,rsi14,trend_state,trend_pattern,trend_signal,point_rank_in_sector,vp_score_rank_in_sector,vol_rank_in_sector,composite_in_sector,composite_rank_in_sector,stock_gap_alert,explosive_verdict,is_new_signal_3d,earnings_passed
VZ,Communication Services,Verizon,2026-08-03,47.36,13.1,0.29,24.34,15.52,1.0,27160495,27247066,29195681,-22.0,-12.51,21.8,P+V-,P+V-,P+V+,⚠️ 頂部背離,3.06,26.79,0.114,2,7,1,3.3,2.71,5.81,False,True,44.95,13.27,1.04,False,50.06,51.68,-5.4,0.08,14.49,11.0,9.0,27634981.0,26580566.0,1.222,23007900.0,28657850.0,26982813.0,0.853,95.26,62.05,空頭,頭頭低·底底低,多轉空預警,1,4,14,4.8,1,,,False,True
LYV,Communication Services,Live Nation Entertainment,2026-08-03,181.69,-1.21,15.04,23.77,15.34,0.667,2053075,2551176,2764373,-27.74,-14.32,3.03,P-V-,P+V-,P+V+,➡️ 中性,25.42,29.74,0.855,13,1,2,7.2,82.89,-485.68,False,True,174.82,9.03,0.784,False,188.0,188.0,-3.36,1.28,-0.87,12.0,8.0,1848808.0,2359475.0,1.5,3212500.0,2423790.0,2107793.0,1.524,86.2,54.31,多頭,頭頭高·底底高,空轉多預警,2,11,3,5.8,4,吃老本,,False,True
GOOG,Communication Services,Alphabet Inc. (Class C),2026-08-03,372.23,2.43,-2.42,11.33,5.67,0.667,20381510,22684413,21726200,-18.49,9.23,-4.61,P+V-,P-V+,P+V-,⚠️ 量能背離,92.65,29.74,3.115,9,9,4,8.0,212.9,94.3,False,True,356.17,18.09,1.033,False,403.96,404.47,-7.86,14.06,2.07,9.0,11.0,20741577.0,20086909.0,0.818,27165400.0,24671480.0,22470433.0,1.209,87.21,61.45,擴散,頭頭高·底底低,,3,8,5,5.4,3,,,False,True
GOOGL,Communication Services,Alphabet Inc. (Class A),2026-08-03,373.27,1.77,-2.88,11.79,5.62,0.667,30603335,33212744,32703029,-18.31,3.17,-7.44,P+V-,P-V+,P+V-,⚠️ 量能背離,94.31,30.21,3.122,10,10,3,8.6,214.23,91.59,False,True,358.15,18.24,0.948,False,408.1,408.61,-8.54,14.38,1.92,10.0,10.0,29778560.0,31428110.0,1.0,38669700.0,36475100.0,33809960.0,1.144,88.49,61.13,擴散,頭頭高·底底低,,4,6,6,5.2,2,,,False,True
NWSA,Communication Services,News Corp (Class A),2026-08-03,27.94,3.79,6.16,5.28,5.13,1.0,3223475,5002553,4727816,-55.2,12.34,27.34,P+V-,P+V+,P+V+,⚠️ 頂部背離,-7.73,22.19,-0.348,8,3,5,5.9,5.46,6.92,False,True,26.69,10.04,1.013,False,31.48,31.61,-11.24,2.38,4.88,10.0,10.0,3244530.0,3202420.0,1.0,3358800.0,3456610.0,3254526.0,1.032,86.61,55.06,多頭,頭頭高·底底高,空轉多預警,5,10,9,7.8,8,,,False,True
NWS,Communication Services,News Corp (Class B),2026-08-03,31.79,4.33,4.3,3.46,3.89,1.0,1099455,1571021,1568590,-50.56,0.31,46.66,P+V-,P+V+,P+V+,⚠️ 頂部背離,-9.1,22.85,-0.398,7,6,8,6.9,5.46,6.92,False,True,30.33,11.01,1.214,False,35.34,35.58,-10.05,2.81,5.9,10.0,10.0,1205560.0,993350.0,1.0,1099700.0,979080.0,1017100.0,1.081,90.9,55.49,多頭,頭頭高·底底高,空轉多預警,6,5,7,5.8,4,,,False,True
T,Communication Services,AT&T,2026-08-03,23.59,13.35,-8.51,5.03,3.72,0.667,77973615,61561258,52825671,7.24,39.63,27.39,P+V+,P-V+,P+V+,➡️ 中性,-23.37,29.68,-0.787,1,17,6,6.8,10.49,3.42,False,True,22.62,15.37,1.185,False,28.75,29.79,-17.95,-3.4,16.16,14.0,6.0,81804385.0,69035150.0,2.333,53816900.0,88207040.0,84195346.0,0.639,100.0,58.2,空頭,頭頭低·底底低,,7,1,19,7.0,6,剛爆發,,False,True
OMC,Communication Services,Omnicom Group,2026-08-03,79.27,-1.94,4.43,3.7,2.47,0.667,3283115,4117672,4707017,-37.82,-22.25,15.98,P-V-,P+V-,P+V+,➡️ 中性,16.87,36.39,0.464,14,5,7,9.9,-0.39,3.13,False,True,77.11,13.6,0.685,False,87.41,87.41,-9.31,-3.81,-0.79,12.0,8.0,2772800.0,4048587.0,1.5,2638800.0,3766210.0,3396713.0,0.777,82.49,49.44,多頭,頭頭高·底底高,空轉多預警,8,13,16,11.6,10,,,False,False
TTWO,Communication Services,Take-Two Interactive,2026-08-03,245.15,-4.9,14.68,-0.15,2.37,0.333,1773185,2474469,2374913,-41.67,8.75,50.86,P-V-,P+V+,P-V+,➡️ 中性,17.15,31.95,0.537,19,2,9,11.9,38.21,-87.12,False,True,234.3,9.33,0.921,False,265.94,265.94,-7.82,0.49,-5.13,8.0,12.0,1686012.0,1831300.0,0.667,1630000.0,1762060.0,1732253.0,0.941,73.23,55.14,多頭,頭頭高·底底高,空轉多預警,9,19,12,13.6,15,吃老本,,False,True
WBD,Communication Services,Warner Bros. Discovery,2026-08-03,26.09,-0.11,-3.55,-7.05,-4.44,0.0,23711990,21421047,23111733,-2.27,-13.63,-55.24,P-V-,P-V-,P-V-,🧊 熊市縮量,102.95,55.53,1.854,12,12,12,12.0,-1161.59,-2790.17,False,False,26.58,5.16,0.784,False,30.0,30.0,-13.03,3.2,-0.11,10.0,9.0,21593220.0,27548844.0,1.111,13639700.0,23923780.0,25478020.0,0.535,81.6,47.74,擴散,頭頭高·底底低,,10,15,20,14.0,17,,,False,True
TMUS,Communication Services,T-Mobile US,2026-08-03,176.07,-4.14,-8.93,-3.03,-4.78,0.0,4921980,5320703,5928935,-25.14,-18.61,23.79,P-V-,P-V-,P-V+,😴 弱勢縮量,-21.92,24.52,-0.894,17,18,10,15.9,14.86,31.07,False,False,182.16,14.15,0.746,False,255.25,261.56,-31.02,-0.07,-2.59,11.0,9.0,4267072.0,5722422.0,1.222,4471300.0,5919390.0,5137146.0,0.87,79.8,45.52,多頭,頭頭高·底底高,空轉多預警,11,16,13,13.4,14,,,False,True
TKO,Communication Services,TKO Group Holdings,2026-08-03,183.91,-5.0,-0.79,-6.94,-4.91,0.0,1075225,1406103,1313614,-38.16,15.15,14.73,P-V-,P-V+,P-V+,➡️ 中性,17.92,28.35,0.632,20,8,11,14.6,23.27,-32.11,False,False,194.24,5.66,0.897,False,225.15,226.94,-18.32,0.57,-4.36,9.0,11.0,1011544.0,1127327.0,0.818,1809200.0,951800.0,1003240.0,1.803,75.59,44.31,擴散,頭頭高·底底低,,12,18,1,12.2,12,吃老本,,False,True
DIS,Communication Services,Walt Disney Company (The),2026-08-03,98.14,0.68,-4.68,-10.59,-6.3,0.333,10860830,10464478,10761836,-6.19,-5.38,14.81,P+V-,P-V-,P-V+,➡️ 中性,-15.24,20.62,-0.739,11,13,13,12.0,4.98,3.44,False,False,98.63,7.18,0.928,False,119.67,121.4,-17.99,1.54,0.75,9.0,11.0,10416600.0,11224290.0,0.818,11480300.0,12141920.0,11141880.0,1.03,79.58,52.19,空頭,頭頭低·底底低,,13,17,10,14.0,17,,,False,True
CMCSA,Communication Services,Comcast,2026-08-03,24.56,4.91,-7.93,-12.25,-6.88,0.333,33891420,36296360,34581910,-22.13,10.43,8.96,P+V-,P-V+,P-V+,➡️ 中性,-19.57,31.37,-0.624,5,16,15,10.3,7.62,8.29,False,True,23.6,15.38,0.927,False,32.05,32.86,-23.36,7.72,5.05,13.0,7.0,32987692.0,35569771.0,1.857,37773900.0,37644250.0,35661226.0,1.059,100.0,57.05,空頭,頭頭低·底底低,多轉空預警,14,1,8,7.6,7,剛爆發,,False,True
META,Communication Services,Meta Platforms,2026-08-03,590.24,-4.12,-3.45,-12.14,-7.96,0.0,19423125,18826744,17234892,-0.46,20.35,12.64,P-V-,P-V+,P-V+,➡️ 中性,-19.7,36.43,-0.541,16,11,14,14.1,-14.42,56.79,False,False,601.71,22.15,1.471,False,793.65,796.25,-25.63,-0.61,-1.67,7.0,13.0,24528657.0,16673992.0,0.538,25938100.0,18520520.0,17951060.0,1.445,82.57,46.97,擴散,頭頭高·底底低,,15,12,4,11.6,10,,,False,False
FOXA,Communication Services,Fox Corporation (Class A),2026-08-03,58.44,6.88,-7.54,-18.04,-9.18,0.333,4619890,5752970,4904628,-55.55,41.83,42.85,P+V-,P-V+,P-V+,➡️ 中性,1.55,38.31,0.041,4,14,17,9.6,36.35,58.6,False,True,57.95,10.17,1.152,False,75.68,76.39,-22.78,3.64,5.07,12.0,8.0,4876758.0,4234587.0,1.5,3766800.0,3369030.0,3939720.0,0.956,97.15,57.04,多頭,頭頭高·底底高,,16,3,11,9.8,9,剛爆發,,False,True
FOX,Communication Services,Fox Corporation (Class B),2026-08-03,52.36,6.95,-7.72,-18.49,-9.43,0.333,1212675,1691673,1726070,-59.86,-3.91,9.06,P+V-,P-V-,P-V+,➡️ 中性,-0.61,36.38,-0.017,3,15,18,9.6,22.22,51.85,False,True,52.04,9.89,0.879,False,67.48,68.18,-22.4,3.56,5.45,11.0,9.0,1141672.0,1299455.0,1.222,918800.0,1137150.0,1210226.0,0.759,88.4,56.99,多頭,頭頭高·底底高,,17,7,17,13.0,13,剛爆發,,False,True
CHTR,Communication Services,Charter Communications,2026-08-03,144.1,4.41,-12.76,-21.25,-12.71,0.333,3098130,3488158,2894193,-23.81,51.64,41.59,P+V-,P-V+,P-V+,➡️ 中性,-48.83,62.84,-0.777,6,20,20,13.0,5.94,-9.07,False,True,136.24,27.48,0.816,False,309.4,309.4,-53.43,9.49,6.39,10.0,10.0,2784280.0,3411980.0,1.0,2701900.0,4161260.0,3427733.0,0.788,86.91,58.47,擴散,頭頭高·底底低,,18,9,15,13.8,16,剛爆發,,False,True
NFLX,Communication Services,Netflix,2026-08-03,73.33,-3.74,-21.66,-14.31,-13.51,0.0,48513860,43457246,44696304,-2.64,-5.39,13.04,P-V-,P-V-,P-V+,😴 弱勢縮量,-34.39,37.28,-0.922,15,22,16,17.3,1.45,-1.4,False,False,76.82,10.16,0.807,False,126.71,126.71,-42.13,4.16,-3.54,11.0,9.0,43801627.0,54273255.0,1.222,33922300.0,43815510.0,52301666.0,0.649,82.0,49.82,空頭,頭頭低·底底低,,19,14,18,16.8,20,,,False,True
RDDT,Communication Services,Reddit,2026-08-03,154.71,-22.43,5.08,-21.19,-14.93,0.333,5888450,5536689,5447479,30.82,3.33,-3.68,P-V+,P+V+,P-V-,➡️ 中性,6.48,67.72,0.096,23,4,19,16.5,29.56,79.12,False,False,175.39,30.4,0.847,False,282.95,282.95,-45.32,-13.68,-22.98,8.0,12.0,5311175.0,6273300.0,0.667,10648300.0,8278920.0,6695600.0,1.59,55.56,39.5,多頭,頭頭高·底底高,空轉多預警,20,20,2,16.4,19,,,False,True
APP,Communication Services,AppLovin,2026-08-03,406.16,-23.07,-9.0,-25.28,-20.66,0.0,6119325,5573529,5643320,8.0,-2.44,-4.17,P-V+,P-V-,P-V-,➡️ 中性,43.42,74.34,0.584,24,19,21,21.9,,,,,,,,,,,,,,,,,,,,,,,,,,,,21,21,21,,21,,,False,False
PSKY,Communication Services,Paramount Skydance Corporation,2026-08-03,8.22,-17.3,-19.34,-28.12,-23.22,0.0,11201280,9899124,11264091,22.28,-21.62,-9.82,P-V+,P-V-,P-V-,➡️ 中性,-21.16,58.95,-0.359,22,21,22,21.7,,,,,,,,,,,,,,,,,,,,,,,,,,,,22,21,21,,21,,,False,False
ECHO,Communication Services,EchoStar,2026-08-03,85.63,-12.54,-30.46,-31.94,-26.72,0.0,5354000,8280724,7249507,-61.98,33.17,42.41,P-V-,P-V+,P-V+,➡️ 中性,264.98,107.9,2.456,21,24,23,22.3,,,,,,,,,,,,,,,,,,,,,,,,,,,,23,21,21,,21,,,False,False
TTD,Communication Services,Trade Desk (The),2026-08-03,18.3,-4.59,-22.42,-43.15,-28.33,0.0,13693395,18979815,19267306,-36.64,-2.94,34.42,P-V-,P-V-,P-V+,😴 弱勢縮量,-77.57,58.26,-1.332,18,23,24,20.7,,,,,,,,,,,,,,,,,,,,,,,,,,,,24,21,21,,21,,,False,False
GRMN,Consumer Discretionary,Garmin,2026-08-03,304.76,22.55,21.89,50.04,36.13,1.0,1042200,902244,917060,15.52,-3.18,-1.67,P+V+,P+V-,P+V-,➡️ 中性,13.95,32.12,0.434,1,4,1,1.9,22.52,13.14,False,True,243.99,26.15,1.063,False,305.0,305.0,-0.08,25.69,24.28,11.0,9.0,1070654.0,1007422.0,1.222,905900.0,1258620.0,1196013.0,0.757,100.0,79.88,多頭,頭頭高·底底高,空轉多預警 / 多頭確認,1,1,23,5.4,3,,,False,True
BBY,Consumer Discretionary,Best Buy,2026-08-03,85.25,8.3,42.81,33.4,29.48,1.0,3416275,4074484,4302995,-12.69,-10.09,13.16,P+V-,P+V-,P+V+,⚠️ 頂部背離,28.43,41.54,0.684,11,1,3,6.4,4.32,5.83,False,True,77.9,9.72,0.961,False,91.27,91.27,-6.6,-3.62,9.29,12.0,8.0,3361666.0,3498187.0,1.5,3956000.0,3052470.0,3261620.0,1.213,93.45,56.32,多頭,頭頭高·底底高,,2,12,8,7.2,4,吃老本,,False,True
ROST,Consumer Discretionary,Ross Stores,2026-08-03,252.91,17.81,11.25,36.53,25.53,1.0,2279690,3087133,2796746,-35.59,23.17,6.97,P+V-,P+V+,P+V+,⚠️ 頂部背離,55.67,24.53,2.269,3,12,2,5.5,17.42,4.91,False,True,229.93,10.97,1.182,False,257.0,257.0,-1.59,3.93,19.66,17.0,3.0,2333594.0,1974233.0,5.667,2457300.0,2261370.0,2185080.0,1.125,100.0,70.96,擴散,頭頭高·底底低,多頭確認,3,1,11,3.8,1,,,False,True
MGM,Consumer Discretionary,MGM Resorts,2026-08-03,44.5,-4.59,14.28,32.92,18.88,0.667,2439985,4288153,4562527,-31.6,-11.35,-1.79,P-V-,P+V-,P+V-,➡️ 中性,31.13,33.86,0.92,38,10,4,22.8,1.95,-7.83,False,False,46.22,5.83,0.901,False,51.59,51.59,-13.74,-3.89,-5.08,7.0,13.0,2277000.0,2527746.0,0.538,3210600.0,2543610.0,2439720.0,1.316,69.24,38.66,空頭,頭頭低·底底低,多轉空預警 / 空頭確認,4,27,6,13.6,12,吃老本,,False,True
WSM,Consumer Discretionary,"Williams-Sonoma, Inc.",2026-08-03,239.8,8.14,32.77,15.99,18.23,1.0,873985,1152187,1159831,-34.54,-1.31,-4.66,P+V-,P+V-,P+V-,⚠️ 量能衰竭,20.54,31.67,0.649,12,2,7,8.0,7.34,4.46,False,True,219.89,11.4,1.114,False,243.84,244.65,-1.66,2.31,7.49,11.0,9.0,916090.0,822522.0,1.222,845400.0,769360.0,846673.0,0.998,93.24,63.13,收斂,頭頭低·底底高,多轉空預警 / 多頭確認,5,13,14,10.0,6,吃老本,,False,True
RCL,Consumer Discretionary,Royal Caribbean Group,2026-08-03,324.0,14.79,23.48,12.68,15.9,1.0,2492715,2777673,2693146,-6.03,6.48,24.93,P+V-,P+V+,P+V+,⚠️ 頂部背離,-6.86,41.84,-0.164,8,3,10,6.9,5.74,12.59,False,True,294.86,16.82,1.062,False,360.34,366.5,-10.08,6.22,12.59,10.0,10.0,2567920.0,2417510.0,1.0,1987000.0,2767480.0,2579073.0,0.77,93.63,65.08,收斂,頭頭低·底底高,多轉空預警 / 多頭確認,6,11,22,11.2,9,,,False,True
TPR,Consumer Discretionary,"Tapestry, Inc.",2026-08-03,155.04,6.38,7.61,22.7,14.85,1.0,2185395,2624658,2369506,-26.88,24.14,-28.51,P+V-,P+V+,P+V-,⚠️ 量能背離,38.62,36.3,1.064,16,17,5,14.1,27.77,20.67,False,True,143.49,13.3,0.891,False,160.47,161.97,-3.38,5.56,6.97,11.0,9.0,2071690.0,2324366.0,1.222,1659600.0,1865570.0,2144160.0,0.774,90.34,65.83,收斂,頭頭低·底底高,多轉空預警 / 空轉多預警 / 多頭確認,7,15,21,13.0,11,吃老本,,False,True
EXPE,Consumer Discretionary,Expedia Group,2026-08-03,297.6,10.43,20.25,12.21,13.78,1.0,1513130,1635150,2127923,-9.08,-37.61,12.74,P+V-,P+V-,P+V+,⚠️ 頂部背離,50.99,50.59,1.008,9,7,11,8.8,42.34,12.21,False,True,251.97,21.83,0.992,False,311.95,312.4,-4.6,7.06,11.72,12.0,8.0,1508333.0,1520325.0,1.5,2169000.0,1558170.0,1504473.0,1.442,99.72,67.12,多頭,頭頭高·底底高,多頭確認,8,8,5,7.4,5,,,False,True
AMZN,Consumer Discretionary,Amazon,2026-08-03,284.02,15.46,7.15,16.08,13.69,1.0,48090830,50908109,51399133,-24.48,-1.89,16.53,P+V-,P+V-,P+V+,⚠️ 頂部背離,13.69,32.4,0.423,6,19,6,9.9,215.02,68.18,False,True,247.01,25.04,1.583,False,287.2,287.2,-1.11,22.75,16.33,9.0,11.0,60309711.0,38093563.0,0.818,90830200.0,59053090.0,52480146.0,1.731,100.0,72.23,空頭,頭頭低·底底低,多頭確認,9,1,2,4.4,2,剛爆發,,False,True
F,Consumer Discretionary,Ford Motor Company,2026-08-03,14.28,6.42,20.96,6.03,9.86,1.0,54530930,64213567,60915523,1.32,11.45,-16.64,P+V+,P+V+,P+V-,🚀 健康多頭,34.12,45.3,0.753,15,6,18,12.9,21.27,256.64,False,False,14.4,15.54,1.137,False,17.59,17.78,-18.84,-1.7,4.34,12.0,8.0,57289458.0,50393137.0,1.5,42705200.0,64445630.0,57550880.0,0.742,94.32,51.23,多頭,頭頭高·底底高,,10,10,24,12.8,10,,🎯 潛在暴漲,True,True
ABNB,Consumer Discretionary,Airbnb,2026-08-03,150.64,1.24,7.32,13.93,9.11,1.0,3389145,3805067,4050093,-14.0,-11.41,-15.81,P+V-,P+V-,P+V-,⚠️ 量能衰竭,15.33,25.25,0.607,26,18,8,20.0,-14.13,-15.65,False,True,141.49,14.14,1.015,False,156.5,156.5,-3.74,2.57,2.03,8.0,12.0,3420212.0,3368433.0,0.667,3597500.0,3358900.0,3468680.0,1.037,80.01,58.05,擴散,頭頭高·底底低,,11,22,13,15.8,15,吃老本,,False,True
GM,Consumer Discretionary,General Motors,2026-08-03,87.5,15.32,14.28,1.97,8.38,1.0,7284015,7928730,7886780,-19.29,1.07,-11.47,P+V-,P+V+,P+V-,⚠️ 量能背離,49.56,33.97,1.459,7,10,21,10.7,12.0,40.19,False,True,80.53,19.9,1.123,False,91.66,91.85,-4.54,0.74,12.63,12.0,8.0,7618916.0,6781662.0,1.5,4813400.0,8905200.0,8022813.0,0.6,100.0,64.31,收斂,頭頭低·底底高,多轉空預警 / 空轉多預警 / 多頭確認,12,1,27,10.6,7,剛爆發,,False,True
EBAY,Consumer Discretionary,eBay Inc.,2026-08-03,106.81,-6.61,3.81,13.22,5.91,0.667,3626670,4784166,5105076,5.08,-11.83,-5.51,P-V+,P+V-,P+V-,➡️ 中性,25.5,38.4,0.664,42,23,9,29.7,5.03,4.44,False,False,111.03,9.97,0.869,False,118.62,119.31,-9.96,-5.37,-5.75,10.0,10.0,3372290.0,3881050.0,1.0,6517800.0,4001960.0,4073520.0,1.6,74.61,40.71,收斂,頭頭低·底底高,多轉空預警,13,26,4,16.4,16,吃老本,,False,True
HAS,Consumer Discretionary,Hasbro,2026-08-03,90.79,19.21,-3.78,3.53,5.62,0.667,2491130,2181472,2054936,25.06,13.12,12.89,P+V+,P-V+,P+V+,➡️ 中性,8.0,28.8,0.278,2,32,20,14.6,12.8,29.52,False,True,84.09,14.29,1.49,False,104.6,106.98,-13.2,0.95,17.3,11.0,9.0,2924000.0,1962066.0,1.222,1884300.0,2863270.0,2735633.0,0.689,100.0,59.86,空頭,頭頭低·底底低,多轉空預警 / 多頭確認,14,1,25,11.0,8,剛爆發,,False,True
CCL,Consumer Discretionary,Carnival Corporation,2026-08-03,28.59,7.72,9.08,1.25,4.83,1.0,18971490,25453309,25678403,-26.99,-1.74,26.73,P+V-,P+V-,P+V+,⚠️ 頂部背離,-4.35,36.92,-0.118,13,14,22,15.1,21.08,8.94,False,True,27.53,14.7,0.939,False,33.49,34.03,-14.64,5.97,4.47,10.0,10.0,18377020.0,19565960.0,1.0,16774200.0,20601600.0,19208620.0,0.873,86.51,60.14,擴散,頭頭高·底底低,,15,19,18,17.2,18,,,False,True
DRI,Consumer Discretionary,Darden Restaurants,2026-08-03,206.24,1.67,3.66,6.4,4.53,1.0,1426925,1308870,1345527,-8.97,-5.3,-2.69,P+V-,P+V-,P+V-,⚠️ 量能衰竭,2.21,25.43,0.087,25,24,16,22.9,,,,,,,,,,,,,,,,,,,,,,,,,,,,16,28,28,,28,吃老本,,False,False
SBUX,Consumer Discretionary,Starbucks,2026-08-03,102.78,-0.23,-1.29,9.33,4.28,0.333,7766130,7789727,8127330,-3.36,-7.98,-18.27,P-V-,P-V-,P+V-,⚠️ 主升段結束,20.66,26.33,0.785,28,27,13,24.7,30.79,14.51,False,True,101.7,6.28,1.3,False,108.61,109.23,-5.36,-0.27,1.23,9.0,11.0,8893822.0,6843472.0,0.818,8830000.0,9473430.0,8313586.0,1.062,85.65,48.0,多頭,頭頭高·底底高,,17,20,12,17.2,18,,,False,True
TJX,Consumer Discretionary,TJX Companies,2026-08-03,157.0,2.2,0.81,7.06,4.28,1.0,4850085,5911212,5362151,-24.45,22.82,5.13,P+V-,P+V+,P+V+,⚠️ 頂部背離,21.56,21.17,1.018,23,25,14,21.8,18.21,14.11,False,False,157.04,6.95,1.001,False,169.47,170.0,-7.35,0.72,4.09,11.0,9.0,4851527.0,4848322.0,1.222,4549800.0,4595050.0,4880820.0,0.932,88.59,52.74,多頭,頭頭高·底底高,空轉多預警,17,16,17,16.6,17,,,False,True
RL,Consumer Discretionary,Ralph Lauren Corporation,2026-08-03,380.17,-3.83,6.26,6.81,4.01,0.667,543545,687163,664864,-26.15,6.94,6.63,P-V-,P+V+,P+V+,➡️ 中性,36.36,31.75,1.145,37,20,15,27.5,10.08,7.1,False,False,385.59,6.85,0.868,False,420.57,421.6,-9.61,0.06,-4.07,9.0,11.0,501522.0,577927.0,0.818,602700.0,486640.0,510106.0,1.182,75.04,48.5,多頭,頭頭高·底底高,,19,25,9,19.4,24,吃老本,,False,True
PHM,Consumer Discretionary,PulteGroup,2026-08-03,129.29,-0.48,5.89,4.81,3.76,0.667,1894965,1836010,1877972,0.38,-4.37,-7.04,P-V+,P+V-,P+V-,➡️ 中性,13.43,33.11,0.406,29,21,19,24.6,,,,,,,,,,,,,,,,,,,,,,,,,,,,20,28,28,,28,吃老本,,False,False
DASH,Consumer Discretionary,DoorDash,2026-08-03,200.5,2.44,18.89,-3.31,3.68,0.667,3564545,4765243,4867608,-33.57,-4.12,15.24,P+V-,P+V-,P-V+,➡️ 中性,-24.12,43.76,-0.551,22,8,26,18.6,15.4,-17.73,False,True,175.49,19.88,1.064,False,285.5,285.5,-29.77,8.75,6.39,9.0,11.0,3685633.0,3465472.0,0.818,3456300.0,3642800.0,3471606.0,0.996,88.22,62.62,多頭,頭頭高·底底高,空轉多預警 / 多頭確認,21,17,15,18.2,21,,,False,True
GPC,Consumer Discretionary,Genuine Parts Company,2026-08-03,127.53,-0.12,21.16,-5.93,2.29,0.333,1828810,1799644,1846483,-12.41,-4.95,58.5,P-V-,P+V-,P-V+,➡️ 中性,3.87,33.53,0.116,27,5,29,20.8,3.47,1.26,False,True,112.22,18.02,0.881,False,147.43,151.57,-13.5,0.64,-0.11,9.0,11.0,1702822.0,1931890.0,0.818,1126800.0,1700820.0,1785306.0,0.631,77.89,60.95,多頭,頭頭高·底底高,,22,23,26,23.2,26,,,False,True
MAR,Consumer Discretionary,Marriott International,2026-08-03,346.13,-8.91,-3.92,10.9,2.25,0.333,1519600,1534909,1570764,-11.27,-4.46,5.41,P-V-,P-V-,P+V+,😴 弱勢縮量,50.03,24.69,2.026,45,33,12,34.8,3.63,6.49,False,False,377.69,10.78,0.671,False,410.15,410.98,-15.61,-9.46,-8.67,12.0,8.0,1270233.0,1893650.0,1.5,4419300.0,1666100.0,1578446.0,2.8,75.25,32.76,空頭,頭頭低·底底低,多轉空預警 / 空頭確認,23,24,1,19.0,23,,,False,True
BKNG,Consumer Discretionary,Booking Holdings,2026-08-03,192.71,5.91,14.75,-6.06,2.13,0.667,5692890,7474030,8985984,-38.06,-28.8,53.59,P+V-,P+V-,P-V+,➡️ 中性,-15.27,31.57,-0.484,17,9,30,17.2,5.67,0.27,False,True,175.56,17.93,1.114,False,229.86,231.8,-16.16,3.17,6.45,9.0,11.0,6032822.0,5414763.0,0.818,7057500.0,6047100.0,5987773.0,1.179,86.91,59.85,收斂,頭頭低·底底高,多轉空預警 / 多頭確認,24,18,10,18.8,22,剛爆發,,False,True
CMG,Consumer Discretionary,Chipotle Mexican Grill,2026-08-03,37.46,9.05,10.21,-5.52,2.05,0.667,17438650,19341313,18020778,-18.9,15.81,-14.45,P+V-,P+V+,P-V-,➡️ 中性,-20.08,39.27,-0.511,10,13,28,14.5,3.96,1.4,False,True,32.89,22.19,1.01,False,46.61,46.61,-19.63,12.83,10.24,11.0,9.0,17518927.0,17340533.0,1.222,15259300.0,17363100.0,17903640.0,0.852,97.29,63.06,多頭,頭頭高·底底高,多頭確認,25,9,19,17.4,20,剛爆發,,False,True
NCLH,Consumer Discretionary,Norwegian Cruise Line Holdings,2026-08-03,19.76,4.94,8.69,-5.27,0.77,0.667,14941125,20435864,21385863,-22.04,-8.51,32.35,P+V-,P+V-,P-V+,➡️ 中性,-21.39,44.44,-0.481,19,15,27,19.4,22.8,61.25,False,True,19.36,15.11,1.105,False,27.18,27.18,-27.3,-1.35,2.6,8.0,12.0,15840512.0,14341533.0,0.667,19516500.0,17751210.0,15172986.0,1.286,80.35,51.25,收斂,頭頭低·底底高,,26,21,7,20.2,25,,,False,True
DPZ,Consumer Discretionary,Domino's,2026-08-03,364.41,16.37,8.03,-10.96,0.62,0.667,1030760,932803,978673,3.9,-8.95,56.23,P+V+,P+V-,P-V+,➡️ 中性,-33.11,27.31,-1.213,5,16,33,13.9,-2.38,-3.32,False,True,314.99,14.55,1.288,False,477.47,486.68,-23.68,6.08,19.12,11.0,8.0,1147827.0,891437.0,1.375,912700.0,933490.0,1111386.0,0.821,100.0,68.65,多頭,頭頭高·底底高,空轉多預警 / 多頭確認,27,1,20,15.2,14,剛爆發,,False,True
HLT,Consumer Discretionary,Hilton Worldwide,2026-08-03,314.2,-7.85,-2.96,6.23,0.42,0.333,2162395,2024493,1962794,-10.28,6.49,14.28,P-V-,P-V+,P+V+,➡️ 中性,30.39,21.43,1.418,44,30,17,34.4,,,,,,,,,,,,,,,,,,,,,,,,,,,,28,28,28,,28,,,False,False
DECK,Consumer Discretionary,Deckers Brands,2026-08-03,99.5,-6.2,-2.64,-0.66,-2.54,0.0,2320365,2275880,2297873,4.09,-1.9,-33.75,P-V+,P-V-,P-V-,➡️ 中性,2.24,43.55,0.052,41,29,23,33.8,,,,,,,,,,,,,,,,,,,,,,,,,,,,29,28,28,,28,,,False,False
DHI,Consumer Discretionary,D. R. Horton,2026-08-03,146.22,-5.82,-4.39,-0.72,-2.91,0.0,2697560,2413440,2606716,17.84,-13.81,-25.47,P-V+,P-V-,P-V-,➡️ 中性,5.59,35.92,0.156,39,34,24,34.5,,,,,,,,,,,,,,,,,,,,,,,,,,,,30,28,28,,28,,,False,False
HD,Consumer Discretionary,Home Depot (The),2026-08-03,337.53,-1.5,4.19,-9.33,-4.0,0.333,3830825,4874072,4424588,-27.35,22.61,13.04,P-V-,P+V+,P-V+,➡️ 中性,-3.66,23.67,-0.155,32,22,31,28.8,,,,,,,,,,,,,,,,,,,,,,,,,,,,31,28,28,,28,,,False,False
ULTA,Consumer Discretionary,Ulta Beauty,2026-08-03,534.41,17.77,-0.57,-17.95,-4.67,0.333,560565,752546,721845,-31.93,8.88,8.95,P+V-,P-V+,P-V+,➡️ 中性,-10.88,32.69,-0.333,4,26,37,17.2,12.0,-0.21,False,True,479.91,12.75,1.095,False,714.97,714.97,-25.25,11.22,18.1,14.0,6.0,575535.0,525633.0,2.333,977500.0,589090.0,589946.0,1.657,100.0,72.01,擴散,頭頭高·底底低,多頭確認,32,1,3,13.8,13,剛爆發,,False,True
YUM,Consumer Discretionary,Yum! Brands,2026-08-03,148.8,-11.16,-6.34,-2.46,-5.61,0.0,2863210,2367147,2105936,19.51,28.32,4.19,P-V+,P-V+,P-V+,📉 主力出貨,16.39,24.22,0.677,46,37,25,39.1,,,,,,,,,,,,,,,,,,,,,,,,,,,,33,28,28,,28,,,False,False
ORLY,Consumer Discretionary,O'Reilly Automotive,2026-08-03,89.76,3.59,-9.7,-10.79,-6.92,0.333,8322595,7987032,6879860,-11.42,38.36,33.39,P+V-,P-V+,P-V+,➡️ 中性,-15.01,24.91,-0.603,20,41,32,28.7,,,,,,,,,,,,,,,,,,,,,,,,,,,,34,28,28,,28,剛爆發,,False,False
WYNN,Consumer Discretionary,Wynn Resorts,2026-08-03,98.12,2.09,-7.93,-13.13,-8.02,0.333,1378385,1497198,1609664,-13.2,-13.06,-2.9,P+V-,P-V-,P-V-,➡️ 中性,-10.34,27.94,-0.37,24,39,34,30.5,,,,,,,,,,,,,,,,,,,,,,,,,,,,35,28,28,,28,剛爆發,,False,False
NVR,Consumer Discretionary,"NVR, Inc.",2026-08-03,6204.1,-7.31,-1.77,-17.28,-10.91,0.0,31980,29660,27640,9.58,15.76,29.15,P-V+,P-V+,P-V+,📉 主力出貨,-13.75,23.72,-0.58,43,28,36,37.1,,,,,,,,,,,,,,,,,,,,,,,,,,,,36,28,28,,28,剛爆發,,False,False
MCD,Consumer Discretionary,McDonald's,2026-08-03,263.36,-6.02,-9.05,-14.52,-11.03,0.0,4422930,4591243,3944036,-12.58,39.26,24.11,P-V-,P-V+,P-V+,➡️ 中性,-5.48,17.5,-0.313,40,40,35,39.0,,,,,,,,,,,,,,,,,,,,,,,,,,,,37,28,28,,28,剛爆發,,False,False
LEN,Consumer Discretionary,Lennar,2026-08-03,85.2,-1.19,-5.09,-21.37,-12.25,0.0,2469310,2685856,2815016,-20.99,-8.77,-39.8,P-V-,P-V-,P-V-,🧊 熊市縮量,-23.36,37.74,-0.619,30,36,40,33.8,,,,,,,,,,,,,,,,,,,,,,,,,,,,38,28,28,,28,剛爆發,,False,False
LVS,Consumer Discretionary,Las Vegas Sands,2026-08-03,46.98,2.65,-12.92,-20.79,-12.96,0.333,5378490,4823230,4777743,16.96,1.92,-11.63,P+V+,P-V+,P-V-,✨ 反彈初期,-9.08,32.88,-0.276,21,44,38,31.3,,,,,,,,,,,,,,,,,,,,,,,,,,,,39,28,28,,28,剛爆發,,False,False
LOW,Consumer Discretionary,Lowe's,2026-08-03,212.06,-3.41,-10.65,-21.74,-14.38,0.0,3138765,3078869,2895228,3.51,13.54,0.06,P-V+,P-V+,P-V+,📉 主力出貨,0.25,25.5,0.01,36,43,41,39.1,,,,,,,,,,,,,,,,,,,,,,,,,,,,40,28,28,,28,剛爆發,,False,False
APTV,Consumer Discretionary,Aptiv,2026-08-03,57.23,-2.75,-5.03,-26.64,-15.26,0.0,2445470,3410604,2946764,-20.67,37.36,28.74,P-V-,P-V+,P-V+,➡️ 中性,-9.02,41.93,-0.215,34,35,43,36.1,,,,,,,,,,,,,,,,,,,,,,,,,,,,41,28,28,,28,剛爆發,,False,False
AZO,Consumer Discretionary,AutoZone,2026-08-03,2990.27,-2.75,-19.27,-21.31,-16.16,0.0,174275,352407,256083,-68.68,120.59,80.36,P-V-,P-V+,P-V+,➡️ 中性,-23.35,30.95,-0.754,34,47,39,38.9,,,,,,,,,,,,,,,,,,,,,,,,,,,,42,28,28,,28,剛爆發,,False,False
NKE,Consumer Discretionary,"Nike, Inc.",2026-08-03,42.19,-1.32,-3.02,-31.36,-16.76,0.0,17921260,23005643,21415539,-38.92,16.04,37.63,P-V-,P-V+,P-V+,➡️ 中性,-40.33,30.67,-1.315,31,31,45,33.8,,,,,,,,,,,,,,,,,,,,,,,,,,,,43,28,28,,28,剛爆發,,False,False
LULU,Consumer Discretionary,Lululemon Athletica,2026-08-03,123.67,7.47,-10.19,-33.65,-17.5,0.333,2474510,3513160,3109683,-45.44,29.82,-31.39,P+V-,P-V+,P-V-,➡️ 中性,-40.19,44.41,-0.905,14,42,46,28.8,0.38,4.83,False,True,118.67,12.93,1.01,False,225.98,225.98,-45.27,4.96,6.94,11.0,9.0,2485509.0,2461066.0,1.222,2359800.0,2479550.0,2425380.0,0.973,92.16,59.84,收斂,頭頭低·底底高,空轉多預警 / 多頭確認,44,14,16,26.4,27,剛爆發,,False,True
CVNA,Consumer Discretionary,Carvana,2026-08-03,66.13,-2.02,-16.46,-30.79,-20.01,0.0,10835880,11346746,15094588,-5.82,-39.78,-11.26,P-V-,P-V-,P-V-,🧊 熊市縮量,-4.32,52.25,-0.083,33,46,44,39.1,,,,,,,,,,,,,,,,,,,,,,,,,,,,45,28,28,,28,剛爆發,,False,False
TSCO,Consumer Discretionary,Tractor Supply,2026-08-03,31.89,5.52,-7.78,-41.66,-21.39,0.333,10170620,12683889,10049530,-23.88,71.05,84.93,P+V-,P-V+,P-V+,➡️ 中性,-46.47,30.31,-1.533,18,38,47,29.8,,,,,,,,,,,,,,,,,,,,,,,,,,,,46,28,28,,28,剛爆發,,False,False
TSLA,Consumer Discretionary,"Tesla, Inc.",2026-08-03,322.08,-20.06,-15.6,-25.25,-21.54,0.0,40220700,47353615,55278626,-20.24,-25.08,-33.06,P-V-,P-V-,P-V-,🧊 熊市縮量,38.71,46.84,0.826,47,45,42,45.4,,,,,,,,,,,,,,,,,,,,,,,,,,,,47,28,28,,28,剛爆發,,False,False
TGT,Consumer Staples,Target Corporation,2026-08-03,148.21,17.09,16.19,46.3,31.47,1.0,3726600,4859172,5382723,-22.93,-17.73,-28.24,P+V-,P+V-,P+V-,⚠️ 量能衰竭,31.92,25.84,1.235,1,6,1,2.5,17.31,12.97,False,True,132.13,12.37,1.216,False,148.93,150.07,-0.48,6.42,18.44,10.0,10.0,4090270.0,3362930.0,1.0,4856900.0,3204500.0,3509933.0,1.384,99.92,69.51,多頭,頭頭高·底底高,多頭確認,1,3,6,2.8,1,,,False,True
CASY,Consumer Staples,Casey's,2026-08-03,860.37,7.36,4.8,39.77,22.92,1.0,345435,515449,540731,-51.82,-8.93,72.73,P+V-,P+V-,P+V+,⚠️ 頂部背離,54.82,31.03,1.767,3,18,2,7.3,32.11,16.87,False,True,824.1,5.27,1.145,False,927.15,927.85,-7.2,0.89,6.67,10.0,10.0,368790.0,322080.0,1.0,269900.0,285010.0,295873.0,0.912,89.4,54.8,多頭,頭頭高·底底高,,2,7,17,7.0,4,,,False,True
KHC,Consumer Staples,Kraft Heinz,2026-08-03,26.0,4.43,18.71,15.4,13.48,1.0,12851050,14190852,15002293,-9.23,-10.26,0.62,P+V-,P+V-,P+V+,⚠️ 頂部背離,-3.37,25.95,-0.13,7,5,5,6.0,15.38,9.12,False,True,24.05,11.12,1.134,False,27.65,29.19,-5.95,0.76,6.45,11.0,9.0,13570981.0,11971133.0,1.222,13616400.0,14404840.0,13866440.0,0.982,92.35,57.34,多頭,頭頭高·底底高,空轉多預警,3,4,15,5.8,2,,,False,True
KO,Consumer Staples,Coca-Cola Company (The),2026-08-03,86.86,3.34,11.0,19.68,13.42,1.0,17551770,17639393,17391883,-17.62,2.89,7.63,P+V-,P+V+,P+V+,⚠️ 頂部背離,23.89,18.26,1.308,10,9,3,8.3,4.05,5.88,False,True,81.96,11.78,0.98,False,90.92,90.92,-4.47,3.32,4.7,10.0,10.0,17378660.0,17724880.0,1.0,23197100.0,18255800.0,18698486.0,1.241,86.31,59.74,多頭,頭頭高·底底高,多頭確認,4,9,8,6.8,3,,,False,True
SJM,Consumer Staples,J.M. Smucker Company (The),2026-08-03,116.41,3.76,21.19,14.01,13.24,1.0,1535310,1712332,1936036,-16.6,-20.72,8.2,P+V-,P+V-,P+V+,⚠️ 頂部背離,7.46,29.22,0.255,8,3,7,6.3,5.01,5.18,False,True,110.68,12.28,1.11,False,126.46,127.65,-7.95,-2.93,5.23,11.0,9.0,1606900.0,1447811.0,1.222,1327000.0,1643490.0,1557933.0,0.852,89.72,53.11,收斂,頭頭低·底底高,多轉空預警 / 多頭確認,5,6,20,8.4,6,,,False,True
DLTR,Consumer Staples,Dollar Tree,2026-08-03,129.35,5.46,33.2,6.16,12.75,1.0,2558540,3626470,3412192,-31.23,13.4,-13.23,P+V-,P+V+,P+V-,⚠️ 量能背離,5.88,41.81,0.141,6,1,15,6.3,12.89,1.13,False,True,117.28,11.88,1.34,False,142.4,142.4,-9.16,3.03,6.5,12.0,8.0,2847600.0,2124950.0,1.5,2181100.0,2294390.0,2564400.0,0.851,100.0,60.87,多頭,頭頭高·底底高,,6,1,21,7.0,4,,,False,True
MNST,Consumer Staples,Monster Beverage,2026-08-03,46.78,-3.48,21.38,14.91,11.93,0.667,11442730,11678286,11636293,-5.58,0.72,4.52,P-V-,P+V+,P+V+,➡️ 中性,64.98,25.61,2.537,27,2,6,15.3,10.16,-4.5,False,False,46.8,6.96,0.98,False,50.17,50.17,-6.77,-1.87,-3.92,8.0,12.0,11307700.0,11532750.0,0.667,14161200.0,10354160.0,11666306.0,1.214,74.06,44.77,擴散,頭頭高·底底低,,7,23,9,13.8,11,吃老本,,False,True
ADM,Consumer Staples,Archer Daniels Midland,2026-08-03,77.57,-0.18,5.41,16.03,9.32,0.667,3599215,3803443,3846859,0.28,-2.23,11.83,P-V+,P+V-,P+V+,⚠️ 中期出貨,49.28,23.34,2.111,20,17,4,15.9,7.8,9.17,False,False,79.69,13.44,0.797,False,87.9,88.46,-11.76,-6.17,0.17,11.0,9.0,3229381.0,4051233.0,1.222,4239600.0,4079760.0,3682140.0,1.151,79.92,38.42,擴散,頭頭高·底底低,,8,18,10,12.4,7,吃老本,,False,True
KDP,Consumer Staples,Keurig Dr Pepper,2026-08-03,30.91,-1.84,5.88,13.83,7.92,0.667,12191010,13266058,12270247,-33.13,17.66,-24.95,P-V-,P+V+,P+V-,➡️ 中性,-1.5,30.04,-0.05,26,16,8,19.4,4.25,1.91,False,True,30.91,7.48,1.075,False,34.77,35.94,-11.1,2.62,-2.65,8.0,12.0,12720262.0,11838175.0,0.667,12417000.0,12503850.0,12173066.0,1.02,78.27,50.18,擴散,頭頭高·底底低,,9,21,13,14.6,16,吃老本,,False,True
KVUE,Consumer Staples,Kenvue,2026-08-03,18.8,-3.89,9.75,11.2,7.06,0.667,19434030,20774207,26596888,-7.67,-35.92,-24.92,P-V-,P+V-,P+V-,➡️ 中性,-5.19,28.34,-0.183,29,13,9,20.2,23.03,21.24,False,True,18.36,6.61,0.793,False,21.49,22.74,-12.51,-2.41,-2.81,9.0,11.0,17000322.0,21425245.0,0.818,35167400.0,20038460.0,19722326.0,1.783,73.51,49.22,多頭,頭頭高·底底高,空轉多預警,10,24,3,14.2,13,吃老本,,False,True
HRL,Consumer Staples,Hormel Foods,2026-08-03,25.23,3.37,18.92,2.76,6.95,1.0,3643100,5078770,4939955,-19.04,5.78,8.81,P+V-,P+V+,P+V+,⚠️ 頂部背離,-10.2,30.35,-0.336,9,4,18,9.3,12.87,6.12,False,True,24.24,6.7,0.899,False,27.89,29.35,-9.53,-3.15,5.16,10.0,10.0,3449800.0,3836400.0,1.0,3089100.0,3635020.0,3671040.0,0.841,82.57,53.58,收斂,頭頭低·底底高,多轉空預警,11,15,24,15.2,17,,,False,True
BF-B,Consumer Staples,Brown–Forman,2026-08-03,27.58,7.33,8.86,5.76,6.93,1.0,2528485,3109616,4538563,-19.38,-47.89,10.47,P+V-,P+V-,P+V+,⚠️ 頂部背離,-7.38,35.95,-0.205,4,14,17,9.6,-62.65,24.68,False,True,26.2,15.2,1.063,False,30.85,31.92,-10.61,1.5,8.0,10.0,10.0,2605370.0,2451600.0,1.0,2218300.0,2552750.0,2615826.0,0.848,89.0,55.34,多頭,頭頭高·底底高,,12,8,22,12.4,7,,,False,False
PM,Consumer Staples,Philip Morris International,2026-08-03,187.41,-0.2,14.47,6.58,6.86,0.667,5112140,5070363,5149917,-6.83,-3.04,-17.02,P-V-,P+V-,P+V-,➡️ 中性,17.48,29.71,0.588,21,8,13,15.5,7.31,7.07,False,True,182.9,10.59,1.061,False,207.76,207.76,-9.79,-4.22,1.43,9.0,11.0,5279211.0,4975445.0,0.818,3986100.0,5711240.0,5448413.0,0.732,80.02,49.38,多頭,頭頭高·底底高,,13,17,25,17.0,20,,,False,True
KMB,Consumer Staples,Kimberly-Clark,2026-08-03,106.28,-6.26,10.78,9.68,5.97,0.667,3698300,4443860,4883116,-25.84,-16.51,11.75,P-V-,P+V-,P+V+,➡️ 中性,-9.26,25.7,-0.36,33,11,11,22.0,2.24,2.66,False,True,104.03,8.52,0.705,False,129.49,137.46,-17.92,-3.48,-4.82,9.0,11.0,3006877.0,4264009.0,0.818,7490000.0,3452320.0,3466573.0,2.161,70.33,47.48,多頭,頭頭高·底底高,空轉多預警,14,25,2,16.0,18,吃老本,,False,True
CHD,Consumer Staples,Church & Dwight,2026-08-03,99.71,1.07,3.38,9.01,5.62,1.0,1832850,2019787,2077630,-9.34,-5.42,-10.99,P+V-,P+V-,P+V-,⚠️ 量能衰竭,5.02,21.7,0.231,13,20,12,14.9,-0.95,2.23,False,True,96.87,7.5,0.87,False,105.37,106.04,-5.38,1.33,2.63,11.0,9.0,1716990.0,1974455.0,1.222,1932300.0,2022560.0,1889033.0,1.023,85.66,56.81,多頭,頭頭高·底底高,,15,11,12,12.8,9,,,False,False
SYY,Consumer Staples,Sysco,2026-08-03,84.98,0.43,14.5,2.7,5.08,1.0,3201645,3490047,4226622,-14.52,-29.68,34.45,P+V-,P+V-,P+V+,⚠️ 頂部背離,8.44,24.71,0.341,18,7,19,14.9,-0.39,1.39,False,True,80.15,8.05,0.763,False,90.56,91.85,-6.16,1.06,0.89,10.0,10.0,2771090.0,3632200.0,1.0,10093600.0,3487470.0,3240333.0,3.115,79.31,61.81,多頭,頭頭高·底底高,,16,19,1,14.2,13,,,False,False
MDLZ,Consumer Staples,Mondelez International,2026-08-03,61.73,2.51,1.31,6.38,4.15,1.0,9704005,8978309,9584446,-7.1,-11.9,5.15,P+V-,P+V-,P+V+,⚠️ 頂部背離,-4.23,21.63,-0.196,11,23,14,15.2,7.4,10.22,False,True,60.77,12.25,1.149,False,67.97,70.33,-9.18,1.75,4.33,9.0,11.0,10449788.0,9093818.0,0.818,9585200.0,10808850.0,10456506.0,0.917,85.68,52.75,空頭,頭頭低·底底低,多轉空預警,17,10,16,14.0,12,剛爆發,,False,True
CL,Consumer Staples,Colgate-Palmolive,2026-08-03,89.88,-4.88,5.9,6.06,3.29,0.667,4559510,5203196,5813956,-17.64,-19.01,-4.19,P-V-,P+V-,P+V-,➡️ 中性,13.97,20.19,0.692,31,15,16,23.2,4.53,2.7,False,False,90.47,6.79,0.845,False,98.15,99.33,-8.43,-2.28,-3.21,10.0,10.0,4175510.0,4943510.0,1.0,5731800.0,4837460.0,4566900.0,1.255,76.94,45.46,空頭,頭頭低·底底低,多轉空預警,18,22,7,17.4,21,,,False,True
MO,Consumer Staples,Altria,2026-08-03,68.26,-6.44,-4.64,10.72,2.59,0.333,8065330,8658096,9183436,-6.17,-10.82,5.23,P-V-,P-V-,P+V+,😴 弱勢縮量,24.24,23.36,1.038,34,27,10,27.1,-1.17,5.92,False,False,71.37,14.26,0.916,False,77.06,77.06,-11.42,-6.35,-5.04,11.0,9.0,7744390.0,8457588.0,1.222,9750400.0,9254580.0,8747313.0,1.115,78.8,38.84,擴散,頭頭高·底底低,空頭確認,19,20,11,17.8,23,,,False,False
DG,Consumer Staples,Dollar General,2026-08-03,127.72,10.65,10.78,-12.65,-0.97,0.667,2377005,3326829,3198356,-23.42,8.37,-3.3,P+V-,P+V+,P-V-,➡️ 中性,8.75,35.67,0.245,2,11,30,10.3,6.22,17.85,False,True,115.35,13.62,1.122,False,156.68,158.23,-18.49,3.65,10.41,10.0,10.0,2513960.0,2240050.0,1.0,1953600.0,1978860.0,2309020.0,0.846,92.35,61.06,多頭,頭頭高·底底高,,20,4,23,14.2,13,剛爆發,,False,True
PG,Consumer Staples,Procter & Gamble,2026-08-03,144.97,-4.38,-0.71,-0.8,-1.67,0.0,8663170,8863226,9722159,-8.96,-16.24,10.88,P-V-,P-V-,P-V+,😴 弱勢縮量,1.27,17.4,0.073,30,24,20,26.2,,,,,,,,,,,,,,,,,,,,,,,,,,,,21,26,26,,26,,,False,False
COST,Consumer Staples,Costco,2026-08-03,954.08,0.85,-5.67,-1.24,-1.82,0.333,2201615,2383378,2154740,-16.03,23.74,-14.39,P+V-,P-V+,P-V-,➡️ 中性,0.18,19.87,0.009,16,28,21,20.6,,,,,,,,,,,,,,,,,,,,,,,,,,,,22,26,26,,26,,,False,False
HSY,Consumer Staples,Hershey Company (The),2026-08-03,176.28,0.98,-3.61,-5.96,-3.64,0.333,1829650,2067467,2042493,-26.53,2.48,26.14,P+V-,P-V+,P-V+,➡️ 中性,-3.27,30.66,-0.107,14,26,25,19.8,33.09,14.93,False,False,178.01,10.82,1.059,False,235.8,239.48,-25.24,-1.4,0.09,10.0,10.0,1881990.0,1777310.0,1.0,1555100.0,1847630.0,1707760.0,0.911,83.03,50.92,收斂,頭頭低·底底高,空轉多預警,23,14,18,18.4,24,剛爆發,,False,True
TAP,Consumer Staples,Molson Coors Beverage Company,2026-08-03,41.44,6.75,-0.74,-11.56,-4.28,0.333,3093535,3334301,3221350,-11.13,7.27,11.56,P+V-,P-V+,P-V+,➡️ 中性,-15.94,24.99,-0.638,5,25,29,15.8,70.58,4.95,False,True,39.83,9.53,1.065,False,53.0,54.82,-21.82,1.92,7.87,13.0,7.0,3160915.0,2968400.0,1.857,2978900.0,2981020.0,3019780.0,0.986,100.0,56.28,多頭,頭頭高·底底高,空轉多預警,24,1,14,12.8,9,剛爆發,,False,True
CLX,Consumer Staples,Clorox,2026-08-03,97.13,0.87,1.89,-11.12,-4.87,0.667,2483890,2864220,2572459,0.46,25.59,25.1,P+V+,P+V+,P-V+,🚀 健康多頭,-17.44,27.32,-0.638,15,22,28,19.7,0.86,6.16,False,True,94.41,8.59,1.024,False,125.83,130.41,-22.81,0.87,1.04,9.0,11.0,2516788.0,2456972.0,0.818,3982600.0,2422350.0,2516326.0,1.583,81.17,54.23,多頭,頭頭高·底底高,,25,16,5,17.4,21,剛爆發,,False,True
TSN,Consumer Staples,Tyson Foods,2026-08-03,59.06,1.34,-6.18,-7.84,-5.13,0.333,3145285,3380486,3151278,-13.49,15.69,9.09,P+V-,P-V+,P-V+,➡️ 中性,15.73,24.89,0.632,12,29,26,19.9,0.34,11.6,False,True,58.08,14.42,1.111,False,68.26,69.48,-13.48,-1.81,1.46,10.0,10.0,3310020.0,2980550.0,1.0,5809000.0,3515300.0,3261006.0,1.781,84.59,53.98,空頭,頭頭低·底底低,多頭確認,26,12,4,16.0,18,剛爆發,,False,True
PEP,Consumer Staples,PepsiCo,2026-08-03,138.15,-3.69,-10.97,-4.32,-5.82,0.0,8766875,8576235,7937306,-14.74,17.51,2.62,P-V-,P-V+,P-V+,➡️ 中性,6.95,23.71,0.293,28,30,22,27.4,,,,,,,,,,,,,,,,,,,,,,,,,,,,27,26,26,,26,,,False,False
KR,Consumer Staples,Kroger,2026-08-03,57.82,-0.55,-14.02,-5.3,-6.29,0.0,7498220,7600263,7001868,-21.41,18.69,2.52,P-V-,P-V+,P-V+,➡️ 中性,-16.67,25.19,-0.662,22,31,24,25.1,,,,,,,,,,,,,,,,,,,,,,,,,,,,28,26,26,,26,,,False,False
WMT,Consumer Staples,Walmart,2026-08-03,110.45,-0.74,-15.92,-4.95,-6.64,0.0,20836945,22723984,22190747,-17.09,4.92,1.52,P-V-,P-V+,P-V+,➡️ 中性,13.29,24.82,0.535,23,33,23,26.0,,,,,,,,,,,,,,,,,,,,,,,,,,,,29,26,26,,26,,,False,False
GIS,Consumer Staples,General Mills,2026-08-03,36.0,-1.29,3.72,-16.7,-7.74,0.333,9592515,10431981,9654200,-17.43,17.52,50.16,P-V-,P+V+,P-V+,➡️ 中性,-22.94,24.25,-0.946,24,19,31,23.9,,,,,,,,,,,,,,,,,,,,,,,,,,,,30,26,26,,26,,,False,False
MKC,Consumer Staples,McCormick & Company,2026-08-03,51.52,-1.34,2.26,-17.28,-8.41,0.333,3545390,4236986,4202955,-35.17,1.63,49.51,P-V-,P+V+,P-V+,➡️ 中性,-23.94,31.48,-0.761,25,21,33,25.4,,,,,,,,,,,,,,,,,,,,,,,,,,,,31,26,26,,26,,,False,False
BG,Consumer Staples,Bunge Global,2026-08-03,104.74,-4.97,-16.55,-8.19,-9.47,0.0,1370055,1643340,1690017,-22.94,-5.38,-4.12,P-V-,P-V-,P-V-,🧊 熊市縮量,43.39,30.31,1.431,32,34,27,31.6,,,,,,,,,,,,,,,,,,,,,,,,,,,,32,26,26,,26,剛爆發,,False,False
EL,Consumer Staples,Estée Lauder Companies (The),2026-08-03,84.39,0.28,10.82,-26.77,-10.61,0.667,2122330,3332829,4053365,-41.36,-30.19,12.53,P+V-,P+V-,P-V+,➡️ 中性,-5.38,43.88,-0.123,19,10,34,19.3,40.2,6.6,False,True,83.66,10.64,0.859,False,120.38,121.64,-29.9,1.78,-0.26,11.0,9.0,1976318.0,2300788.0,1.222,1893000.0,2063540.0,2121866.0,0.892,83.92,54.85,收斂,頭頭低·底底高,空轉多預警,33,13,19,22.2,25,剛爆發,,False,True
STZ,Consumer Staples,Constellation Brands,2026-08-03,131.36,0.48,-15.45,-16.81,-12.15,0.333,2048220,2216927,2162315,-23.52,5.18,-15.91,P+V-,P-V+,P-V-,➡️ 中性,-19.7,30.23,-0.652,17,32,32,24.5,,,,,,,,,,,,,,,,,,,,,,,,,,,,34,26,26,,26,剛爆發,,False,False
MPC,Energy,Marathon Petroleum,2026-08-03,306.19,15.28,24.13,80.31,50.01,1.0,2049705,2323701,2451014,-18.05,-9.88,23.63,P+V-,P+V-,P+V+,⚠️ 頂部背離,65.68,35.61,1.845,3,1,1,2.0,120.63,50.13,False,True,274.27,7.05,0.935,False,326.03,326.92,-6.08,-1.7,14.14,13.0,7.0,2000876.0,2140385.0,1.857,2105300.0,2057470.0,2051020.0,1.026,100.0,59.17,擴散,頭頭高·底底低,,1,1,9,2.6,1,,,False,True
VLO,Energy,Valero Energy,2026-08-03,307.54,15.97,22.81,70.63,45.01,1.0,2776330,3024563,3342157,-16.05,-17.36,16.92,P+V-,P+V-,P+V+,⚠️ 頂部背離,106.48,32.17,3.31,1,2,2,1.5,23.84,33.47,False,True,270.44,8.47,1.044,False,319.01,320.24,-3.59,1.25,14.21,11.0,9.0,2829681.0,2711122.0,1.222,3302200.0,2560230.0,2806326.0,1.177,95.62,62.05,擴散,頭頭高·底底低,,2,11,5,6.2,7,吃老本,,False,True
PSX,Energy,Phillips 66,2026-08-03,205.1,15.29,15.93,49.56,32.58,1.0,2530490,2551764,2844848,-10.25,-18.68,18.14,P+V-,P+V-,P+V+,⚠️ 頂部背離,53.35,32.66,1.634,2,3,3,2.5,225.68,14.7,False,True,185.3,7.32,1.039,False,214.94,216.08,-4.58,-0.78,16.27,13.0,7.0,2563992.0,2468271.0,1.857,1992200.0,2348560.0,2394686.0,0.832,100.0,60.63,多頭,頭頭高·底底高,空轉多預警,3,1,17,5.0,5,,,False,True
APA,Energy,APA Corporation,2026-08-03,36.87,9.2,-8.84,44.71,22.45,0.667,5327970,5883024,7196303,-8.54,-30.87,6.75,P+V-,P-V-,P+V+,⚠️ 頂部背離,80.7,37.44,2.155,9,16,4,10.1,20.9,41.73,False,True,35.21,9.91,1.082,False,45.04,45.66,-18.14,6.13,14.39,12.0,8.0,5495316.0,5076950.0,1.5,4977600.0,5365150.0,5282100.0,0.942,100.0,58.62,空頭,頭頭低·底底低,,4,1,13,4.6,2,,,False,True
EOG,Energy,EOG Resources,2026-08-03,145.68,9.08,4.4,36.2,21.47,1.0,2933750,3550589,4400583,-31.04,-32.38,22.08,P+V-,P+V-,P+V+,⚠️ 頂部背離,13.98,23.15,0.604,10,4,6,7.4,6.22,3.38,False,True,136.67,6.77,1.062,False,149.59,151.87,-2.61,3.83,13.43,13.0,7.0,2995123.0,2819771.0,1.857,2775800.0,2631290.0,2837680.0,0.978,100.0,59.17,空頭,頭頭低·底底低,多頭確認,5,1,11,4.6,2,,,False,True
TRGP,Energy,Targa Resources,2026-08-03,264.6,-2.91,2.21,37.67,18.66,0.667,1101410,1217103,1347909,-17.18,-17.69,-8.82,P-V-,P+V-,P+V-,➡️ 中性,64.46,28.26,2.281,19,5,5,12.0,7.4,12.12,False,False,268.3,11.42,0.951,False,289.68,291.04,-8.66,-0.67,0.88,12.0,8.0,1079258.0,1134637.0,1.5,797600.0,1125130.0,1125480.0,0.709,89.4,44.5,多頭,頭頭高·底底高,,6,13,18,11.2,12,吃老本,,False,True
FANG,Energy,Diamondback Energy,2026-08-03,197.66,10.07,-2.81,26.34,14.99,0.667,1891300,2366318,2761491,-31.03,-25.04,47.6,P+V-,P-V-,P+V+,⚠️ 頂部背離,21.95,28.2,0.778,6,10,7,7.4,8.32,12.78,False,True,190.62,10.25,0.972,False,212.17,214.51,-6.84,1.51,14.4,12.0,8.0,1869908.0,1923387.0,1.5,2204900.0,1909430.0,1839113.0,1.199,98.76,54.91,空頭,頭頭低·底底低,多轉空預警,7,9,4,7.2,9,,,False,True
OXY,Energy,Occidental Petroleum,2026-08-03,55.47,7.33,-8.01,25.68,12.67,0.667,9126175,10407161,13539538,-5.36,-37.58,34.88,P+V-,P-V-,P+V+,⚠️ 頂部背離,14.76,30.48,0.484,11,14,8,11.3,80.35,83.77,False,True,54.63,9.32,1.194,False,67.14,67.45,-17.38,0.98,13.64,11.0,9.0,9847318.0,8244777.0,1.222,8665100.0,8003560.0,8152366.0,1.063,97.81,52.38,空頭,頭頭低·底底低,,8,10,8,8.8,10,,,False,True
COP,Energy,ConocoPhillips,2026-08-03,118.37,9.89,-4.56,21.14,11.9,0.667,6315215,7260424,8482640,-22.42,-25.19,21.09,P+V-,P-V-,P+V+,⚠️ 頂部背離,15.37,27.08,0.567,7,11,9,8.6,11.52,-6.47,False,True,112.8,7.75,0.907,False,133.97,135.87,-11.65,3.1,15.04,14.0,6.0,6126235.0,6756166.0,2.333,6555200.0,6100810.0,6060300.0,1.082,100.0,58.85,擴散,頭頭高·底底低,,9,1,7,5.4,6,剛爆發,,False,True
CVX,Energy,Chevron Corporation,2026-08-03,191.51,11.02,0.85,16.45,11.19,1.0,7570815,9182401,10897672,-24.16,-27.2,25.37,P+V-,P+V-,P+V+,⚠️ 頂部背離,15.68,21.71,0.722,5,7,12,7.0,8.84,45.56,False,True,181.2,5.69,1.033,False,210.92,214.71,-9.2,1.67,14.92,14.0,6.0,7644628.0,7398583.0,2.333,9544100.0,7690960.0,7432100.0,1.284,100.0,60.31,擴散,頭頭高·底底低,,10,1,2,4.8,4,剛爆發,,False,True
XOM,Energy,ExxonMobil,2026-08-03,154.06,9.44,1.15,14.85,10.07,1.0,14614360,16740667,19619527,-20.57,-25.59,26.78,P+V-,P+V-,P+V+,⚠️ 頂部背離,28.41,22.41,1.268,8,6,13,8.4,13.26,15.14,False,True,145.43,6.82,0.941,False,174.09,176.41,-11.51,0.19,13.65,13.0,7.0,14302953.0,15192685.0,1.857,14532800.0,14250050.0,14449333.0,1.006,100.0,62.19,空頭,頭頭低·底底低,多轉空預警 / 多頭確認,11,1,10,6.8,8,剛爆發,,False,True
OKE,Energy,Oneok,2026-08-03,88.24,-1.52,-2.27,17.83,7.97,0.333,3469485,3822224,4448723,-11.36,-24.69,13.88,P-V-,P-V-,P+V+,😴 弱勢縮量,15.32,27.07,0.566,17,8,11,13.1,5.64,-5.66,False,True,88.22,9.08,0.9,False,94.94,96.07,-7.06,-0.19,2.13,10.0,10.0,3286150.0,3652820.0,1.0,4526500.0,3883430.0,3648480.0,1.241,81.95,47.08,多頭,頭頭高·底底高,空轉多預警,12,18,3,12.6,13,吃老本,,False,True
TPL,Energy,Texas Pacific Land Corporation,2026-08-03,405.5,0.84,-8.32,17.97,7.12,0.667,279020,396664,469340,-39.29,-26.82,12.68,P+V-,P-V-,P+V+,⚠️ 頂部背離,30.08,50.89,0.591,16,15,10,14.5,2.47,-50.22,False,True,395.05,14.59,1.04,False,544.86,547.2,-25.58,2.4,0.83,9.0,11.0,285122.0,274027.0,0.818,365800.0,284650.0,271106.0,1.349,81.94,51.34,收斂,頭頭低·底底高,多轉空預警 / 空轉多預警,13,19,1,13.0,14,吃老本,,False,True
DVN,Energy,Devon Energy,2026-08-03,44.57,5.09,-12.62,14.38,5.31,0.667,10313205,13927140,14231108,-35.2,-4.18,80.03,P+V-,P-V-,P+V+,⚠️ 頂部背離,28.84,29.39,0.981,14,19,14,15.5,-4.91,-0.81,False,True,43.71,8.57,1.074,False,52.34,52.71,-14.84,3.27,10.43,11.0,9.0,10644354.0,9908466.0,1.222,8660000.0,9723580.0,9767860.0,0.887,94.7,54.01,空頭,頭頭低·底底低,,14,12,15,13.4,15,,,False,False
BKR,Energy,Baker Hughes,2026-08-03,60.59,11.64,-12.43,8.4,4.0,0.667,9691930,8735206,9234106,6.51,-10.25,24.49,P+V+,P-V-,P+V+,➡️ 中性,24.5,36.58,0.67,4,18,17,10.8,31.47,17.94,False,True,59.44,14.1,1.117,False,69.92,70.41,-13.35,0.36,14.2,13.0,7.0,10061938.0,9004771.0,1.857,6714000.0,11059140.0,10015573.0,0.67,100.0,59.57,多頭,頭頭高·底底高,空轉多預警,15,1,20,10.4,11,剛爆發,,False,True
KMI,Energy,Kinder Morgan,2026-08-03,31.4,-2.45,-2.69,9.15,3.29,0.333,9612665,10177724,11969809,-10.17,-26.04,-14.44,P-V-,P-V-,P+V-,⚠️ 主升段結束,16.22,21.16,0.767,18,9,15,14.7,18.28,22.1,False,False,31.79,6.26,1.008,False,34.49,34.81,-8.95,-0.18,0.01,10.0,10.0,9649380.0,9575950.0,1.0,9056000.0,11812670.0,10505126.0,0.862,82.57,44.78,收斂,頭頭低·底底高,空轉多預警 / 空頭確認,16,17,16,16.4,18,,,False,True
WMB,Energy,Williams Companies,2026-08-03,70.43,-6.19,-7.02,9.13,1.26,0.333,6527035,7065296,6980188,-16.07,2.47,1.15,P-V-,P-V+,P+V+,➡️ 中性,24.66,24.85,0.992,21,13,16,17.6,0.25,16.43,False,False,73.32,9.92,0.897,False,79.49,80.08,-11.4,-0.51,-3.28,10.0,10.0,6170890.0,6883180.0,1.0,7524500.0,6557120.0,6631300.0,1.135,78.52,39.97,收斂,頭頭低·底底高,空頭確認,17,20,6,16.0,16,,,False,True
EQT,Energy,EQT Corporation,2026-08-03,53.39,3.48,-10.6,-1.01,-2.28,0.333,7681080,7295140,8114520,-3.6,-18.34,-6.14,P+V-,P-V-,P-V-,➡️ 中性,-0.05,27.92,-0.002,15,17,18,16.2,-3.31,11.22,False,True,52.28,10.87,0.914,False,67.84,68.24,-21.29,3.0,3.58,11.0,9.0,7370572.0,8060588.0,1.222,5073300.0,7942950.0,7562560.0,0.671,87.68,58.3,擴散,頭頭高·底底低,,18,14,19,16.6,19,,,False,False
SLB,Energy,Schlumberger,2026-08-03,49.06,6.23,-12.85,-1.58,-2.45,0.333,13002540,14109566,16358936,-24.25,-24.18,0.58,P+V-,P-V-,P-V+,➡️ 中性,42.11,39.0,1.08,12,20,19,15.8,6.3,1.13,False,False,50.38,16.29,1.16,False,58.21,58.82,-15.73,-4.31,7.85,9.0,11.0,14068600.0,12130309.0,0.818,13000000.0,15636050.0,13720226.0,0.948,85.56,51.48,多頭,頭頭高·底底高,空轉多預警,19,15,12,16.0,16,,,False,True
EXE,Energy,Expand Energy,2026-08-03,94.09,5.69,-6.77,-12.01,-6.27,0.333,4162200,3634556,3773032,3.74,-7.08,11.02,P+V+,P-V-,P-V+,➡️ 中性,-10.03,28.79,-0.348,13,12,21,14.3,19.09,5.37,False,True,89.73,9.27,0.901,False,124.43,126.62,-24.38,4.59,6.49,9.0,11.0,3924500.0,4356681.0,0.818,3758200.0,4115170.0,4012413.0,0.937,83.77,61.96,擴散,頭頭高·底底低,多頭確認,20,16,14,17.2,20,,,False,True
HAL,Energy,Halliburton,2026-08-03,31.74,-5.62,-24.29,-6.07,-10.51,0.0,12247475,11805884,13483911,-3.79,-22.13,4.83,P-V-,P-V-,P-V+,😴 弱勢縮量,56.32,39.49,1.426,20,21,20,20.3,,,,,,,,,,,,,,,,,,,,,,,,,,,,21,21,21,,21,,,False,False
STT,Financials,State Street Corporation,2026-08-03,183.67,2.07,20.77,45.6,28.51,1.0,2444620,2272732,2192258,-5.72,7.62,13.3,P+V-,P+V+,P+V+,⚠️ 頂部背離,66.21,22.26,2.975,42,8,1,23.6,9.21,7.46,False,True,171.47,6.28,0.964,False,192.51,192.51,-4.59,-0.54,4.38,11.0,9.0,2404472.0,2493688.0,1.222,1199600.0,1866370.0,2474800.0,0.485,87.62,58.19,多頭,頭頭高·底底高,,1,26,33,17.4,15,吃老本,,False,True
BEN,Financials,Franklin Resources,2026-08-03,35.24,2.56,18.76,41.62,26.14,1.0,5007935,4681956,5237398,10.36,-19.18,25.77,P+V+,P+V-,P+V+,➡️ 中性,51.46,26.7,1.927,39,17,2,25.0,8.28,28.64,False,True,32.49,11.18,1.409,False,35.43,35.43,-0.54,6.08,2.32,10.0,10.0,5858430.0,4157440.0,1.0,7392300.0,5487000.0,5096540.0,1.45,93.49,66.06,擴散,頭頭高·底底低,多頭確認,2,19,2,8.8,5,吃老本,,False,True
TRV,Financials,Travelers Companies (The),2026-08-03,373.82,8.75,23.02,33.95,24.92,1.0,2170065,1862169,1707090,0.41,19.98,28.67,P+V+,P+V+,P+V+,⭐⭐⭐ 完美多頭,33.39,22.1,1.511,15,5,5,10.0,86.12,8.93,False,True,330.23,9.56,1.042,False,398.7,398.7,-6.24,-4.23,10.22,11.0,9.0,2210609.0,2120511.0,1.222,2313300.0,2366960.0,2422980.0,0.955,91.01,61.7,多頭,頭頭高·底底高,空轉多預警 / 多頭確認,3,23,14,13.2,9,吃老本,,False,True
ALL,Financials,Allstate,2026-08-03,261.59,4.46,21.54,36.26,24.63,1.0,1604315,1765369,1627110,-15.38,18.57,6.7,P+V-,P+V+,P+V+,⚠️ 頂部背離,26.83,24.44,1.098,26,6,3,15.4,47.01,40.74,False,True,234.94,10.64,0.934,False,276.07,277.22,-5.24,0.54,5.76,12.0,8.0,1560425.0,1670150.0,1.5,1302700.0,1417290.0,1596986.0,0.816,92.52,60.77,多頭,頭頭高·底底高,多頭確認,4,21,21,14.2,10,吃老本,,False,True
GL,Financials,Globe Life,2026-08-03,184.09,4.2,19.53,34.55,23.21,1.0,692170,648156,580500,-1.49,26.38,1.48,P+V-,P+V+,P+V+,⚠️ 頂部背離,30.0,24.21,1.239,30,13,4,19.7,-1.96,-1.35,False,True,171.08,9.86,0.71,False,191.55,191.55,-3.89,5.57,4.02,14.0,6.0,616750.0,868150.0,2.333,655000.0,852880.0,761200.0,0.86,100.0,62.35,擴散,頭頭高·底底低,,5,1,20,6.4,1,,,False,False
BNY,Financials,BNY Mellon,2026-08-03,156.2,2.56,16.71,32.45,21.04,1.0,3853145,3868921,3798340,-6.94,3.79,10.61,P+V-,P+V+,P+V+,⚠️ 頂部背離,52.26,19.36,2.699,39,20,6,26.7,10.7,16.54,False,True,147.86,5.45,1.173,False,163.12,163.77,-4.24,-1.0,4.58,8.0,12.0,4227325.0,3603691.0,0.667,2739000.0,3067810.0,4006606.0,0.684,82.88,56.59,多頭,頭頭高·底底高,空轉多預警,6,31,27,20.2,22,吃老本,,False,True
MET,Financials,MetLife,2026-08-03,95.72,5.06,21.16,27.45,20.28,1.0,3860595,3757307,3835882,-4.79,-4.01,11.53,P+V-,P+V-,P+V+,⚠️ 頂部背離,25.9,21.75,1.191,25,7,7,16.0,6.65,6.3,False,True,88.2,6.78,0.997,False,97.2,97.8,-1.52,1.18,6.47,12.0,8.0,3855758.0,3867850.0,1.5,4466800.0,4653390.0,4231013.0,1.056,94.3,66.2,多頭,頭頭高·底底高,多頭確認,7,18,9,11.8,7,吃老本,,False,True
CPAY,Financials,Corpay,2026-08-03,385.78,8.03,25.88,21.33,19.14,1.0,501070,616624,644260,-36.24,-8.23,19.48,P+V-,P+V-,P+V+,⚠️ 頂部背離,12.69,40.63,0.312,17,3,11,11.6,6.03,1.68,False,True,356.94,12.18,1.139,False,395.49,395.49,-2.46,1.6,8.2,13.0,7.0,523423.0,459557.0,1.857,397600.0,549720.0,523326.0,0.76,100.0,62.24,多頭,頭頭高·底底高,空轉多預警 / 多頭確認,8,1,25,8.6,4,剛爆發,,False,True
XYZ,Financials,"Block, Inc.",2026-08-03,82.09,5.84,16.42,27.09,19.11,1.0,4623620,5705555,6870168,-24.86,-28.99,-14.77,P+V-,P+V-,P+V-,⚠️ 量能衰竭,6.61,46.01,0.144,23,21,8,19.4,25.55,0.15,False,True,75.65,10.31,1.011,False,84.08,84.08,-2.37,1.05,4.02,10.0,10.0,4649040.0,4598200.0,1.0,4284100.0,4301600.0,4795786.0,0.893,85.52,59.02,多頭,頭頭高·底底高,,9,29,19,19.0,18,吃老本,,False,True
PFG,Financials,Principal Financial Group,2026-08-03,114.26,1.99,15.0,26.96,17.73,1.0,1660690,1388100,1541051,12.34,-18.06,20.16,P+V+,P+V-,P+V+,➡️ 中性,54.49,18.8,2.899,43,26,9,31.1,7.07,2.94,False,True,108.23,8.45,0.906,False,114.84,115.71,-0.5,3.45,2.29,12.0,8.0,1594308.0,1760262.0,1.5,1161500.0,1971840.0,1818693.0,0.639,91.11,61.97,多頭,頭頭高·底底高,多頭確認,10,22,29,18.6,17,吃老本,,False,True
WTW,Financials,Willis Towers Watson,2026-08-03,341.63,16.24,33.83,9.45,17.24,1.0,586425,751610,779850,-18.26,-6.99,30.66,P+V-,P+V-,P+V+,⚠️ 頂部背離,-7.47,30.6,-0.244,2,1,39,9.1,7.78,1.8,False,True,276.45,19.49,0.953,False,349.38,352.79,-2.22,12.88,18.76,10.0,10.0,572280.0,600570.0,1.0,782600.0,655380.0,618206.0,1.266,98.09,81.62,多頭,頭頭高·底底高,多頭確認,11,14,5,11.0,6,,,False,True
PRU,Financials,Prudential Financial,2026-08-03,121.58,6.5,27.06,17.62,17.2,1.0,1791435,1916464,2202338,-8.14,-22.98,33.82,P+V-,P+V-,P+V+,⚠️ 頂部背離,19.64,21.0,0.935,21,2,18,14.7,16.48,-24.33,False,True,109.67,6.39,1.088,False,123.15,124.57,-1.28,0.89,7.61,14.0,6.0,1836142.0,1687116.0,2.333,2061100.0,1909370.0,1837860.0,1.121,100.0,69.33,多頭,頭頭高·底底高,多頭確認,12,1,7,6.6,2,剛爆發,,False,True
GPN,Financials,Global Payments,2026-08-03,86.19,11.08,20.23,17.69,16.67,1.0,3087385,3782333,3659896,-25.19,6.92,45.41,P+V-,P+V+,P+V+,⚠️ 頂部背離,0.5,39.82,0.012,10,10,17,11.4,5.43,0.62,False,True,73.98,14.2,1.235,False,89.46,90.64,-3.66,2.53,11.34,12.0,8.0,3341583.0,2706087.0,1.5,3280200.0,2940060.0,3202646.0,1.024,100.0,62.91,多頭,頭頭高·底底高,多頭確認,13,1,10,7.6,3,剛爆發,,False,True
BAC,Financials,Bank of America,2026-08-03,62.16,4.38,17.48,21.07,16.0,1.0,33255940,35841921,38004605,-8.92,-10.77,5.77,P+V-,P+V-,P+V+,⚠️ 頂部背離,34.04,21.53,1.581,28,18,12,21.8,7.74,8.78,False,True,57.13,4.72,0.992,False,62.67,62.99,-0.81,0.56,4.31,12.0,8.0,33155175.0,33407087.0,1.5,24013700.0,32112060.0,35136833.0,0.683,92.68,64.9,多頭,頭頭高·底底高,空轉多預警,14,20,28,19.2,19,吃老本,,False,True
IVZ,Financials,Invesco,2026-08-03,30.7,12.81,18.85,15.62,15.73,1.0,5135550,5106273,5602556,-6.83,-16.27,8.62,P+V-,P+V-,P+V+,⚠️ 頂部背離,39.76,27.4,1.451,5,16,25,12.3,7.18,-1.21,False,True,28.09,10.27,0.853,False,30.81,31.02,-0.35,2.66,11.07,12.0,7.0,4851050.0,5689885.0,1.714,4767300.0,5315230.0,5242713.0,0.909,98.34,61.48,擴散,頭頭高·底底低,,15,13,17,14.6,11,,,False,True
AIZ,Financials,Assurant,2026-08-03,281.52,0.81,19.93,20.02,15.2,1.0,350040,423986,411035,-17.85,6.51,19.28,P+V-,P+V+,P+V+,⚠️ 頂部背離,52.04,21.93,2.373,48,11,13,29.9,11.71,1.94,False,True,265.71,5.34,1.007,False,283.76,284.64,-0.79,1.99,1.11,11.0,9.0,351209.0,348611.0,1.222,433200.0,372590.0,346213.0,1.251,87.43,63.23,多頭,頭頭高·底底高,,16,27,6,18.4,16,吃老本,,False,True
NTRS,Financials,Northern Trust,2026-08-03,181.34,0.45,10.04,22.75,14.0,1.0,1114800,1077078,1114762,2.08,-6.54,2.41,P+V+,P+V-,P+V+,➡️ 中性,45.8,19.94,2.297,51,43,10,40.4,-8.35,16.14,False,True,175.33,5.96,0.695,False,190.7,191.6,-4.91,-0.18,0.59,11.0,9.0,930845.0,1339633.0,1.222,981800.0,1257550.0,1204806.0,0.815,80.77,53.75,多頭,頭頭高·底底高,,17,32,22,24.0,24,吃老本,,False,False
JPM,Financials,JPMorgan Chase,2026-08-03,352.64,3.96,13.09,18.56,13.54,1.0,9256260,9281523,9686211,-9.56,-8.02,10.02,P+V-,P+V-,P+V+,⚠️ 頂部背離,18.94,19.09,0.992,32,32,14,28.4,5.86,7.78,False,True,327.87,6.27,0.825,False,359.3,359.3,-1.85,-1.0,4.42,14.0,6.0,8701985.0,10549566.0,2.333,6436600.0,7581980.0,8700953.0,0.74,100.0,61.34,多頭,頭頭高·底底高,多頭確認,18,1,26,12.8,8,剛爆發,,False,True
AFL,Financials,Aflac,2026-08-03,126.08,4.3,12.05,18.14,13.16,1.0,1902420,2417163,2386349,-31.28,2.62,2.34,P+V-,P+V+,P+V+,⚠️ 頂部背離,25.44,16.67,1.526,29,36,15,28.3,-2.55,-7.34,False,True,119.23,6.17,1.207,False,129.57,130.22,-2.7,0.12,5.18,10.0,10.0,2080810.0,1724030.0,1.0,1963300.0,1822210.0,2009886.0,0.977,89.28,61.64,多頭,頭頭高·底底高,多頭確認,19,25,12,20.0,21,吃老本,,False,True
PYPL,Financials,PayPal,2026-08-03,57.73,26.77,15.8,4.91,13.1,1.0,18954220,17226712,20038370,6.85,-24.61,35.96,P+V+,P+V-,P+V+,➡️ 中性,-32.23,46.0,-0.701,1,23,49,17.2,8.03,5.59,False,True,47.17,7.97,1.796,False,78.62,79.5,-26.58,3.21,28.34,12.0,8.0,23039091.0,12826912.0,1.5,9303200.0,14043080.0,21282060.0,0.437,100.0,73.55,多頭,頭頭高·底底高,多頭確認,20,1,34,15.2,12,剛爆發,,False,True
MTB,Financials,M&T Bank,2026-08-03,247.88,4.06,14.91,16.31,12.9,1.0,1209465,1106463,1161832,-0.14,-9.1,10.77,P+V-,P+V-,P+V+,⚠️ 頂部背離,33.55,21.16,1.585,31,27,22,28.0,,,,,,,,,,,,,,,,,,,,,,,,,,,,21,35,35,,35,吃老本,,False,False
AMP,Financials,Ameriprise Financial,2026-08-03,552.07,9.05,17.07,11.87,12.46,1.0,598610,662170,700418,-23.09,-10.36,28.78,P+V-,P+V-,P+V+,⚠️ 頂部背離,2.54,25.85,0.098,12,19,33,18.3,2.37,10.25,False,True,484.01,8.34,0.845,False,553.82,553.82,-0.32,2.93,9.12,14.0,6.0,567292.0,671683.0,2.333,366700.0,568150.0,581473.0,0.631,100.0,72.6,多頭,頭頭高·底底高,多頭確認,22,1,30,15.2,12,剛爆發,,False,True
CFG,Financials,Citizens Financial Group,2026-08-03,72.7,1.94,12.49,17.02,12.12,1.0,4923815,4530713,4807274,4.64,-10.88,4.94,P+V+,P+V-,P+V+,➡️ 中性,57.63,20.9,2.757,44,35,20,36.5,,,,,,,,,,,,,,,,,,,,,,,,,,,,23,35,35,,35,吃老本,,False,False
USB,Financials,U.S. Bancorp,2026-08-03,63.94,1.67,13.81,15.25,11.5,1.0,8177120,8882346,9584035,-20.68,-13.64,2.84,P+V-,P+V-,P+V+,⚠️ 頂部背離,48.69,19.82,2.457,46,29,26,36.9,,,,,,,,,,,,,,,,,,,,,,,,,,,,24,35,35,,35,吃老本,,False,False
RF,Financials,Regions Financial Corporation,2026-08-03,31.16,2.91,11.32,15.13,11.12,1.0,10231200,10677369,12134978,-7.12,-21.45,-38.33,P+V-,P+V-,P+V-,⚠️ 量能衰竭,27.36,22.24,1.23,38,40,27,36.4,,,,,,,,,,,,,,,,,,,,,,,,,,,,25,35,35,,35,吃老本,,False,False
MRSH,Financials,Marsh McLennan,2026-08-03,192.84,8.95,15.63,9.34,10.82,1.0,2746495,2792621,2999433,2.96,-12.9,14.51,P+V+,P+V-,P+V+,➡️ 中性,-10.35,23.75,-0.436,13,24,40,21.7,2.26,2.14,False,True,171.39,12.94,0.99,False,209.5,213.8,-7.95,5.2,10.99,11.0,9.0,2734618.0,2761011.0,1.222,2355800.0,3089830.0,2981146.0,0.79,94.34,64.66,多頭,頭頭高·底底高,空轉多預警 / 多頭確認,26,17,23,21.8,23,剛爆發,,False,True
PNC,Financials,PNC Financial Services,2026-08-03,251.72,-0.11,13.78,14.29,10.56,0.667,2000925,2029820,2276547,-19.82,-19.56,14.64,P-V-,P+V-,P+V+,➡️ 中性,39.58,20.45,1.935,52,30,28,40.6,,,,,,,,,,,,,,,,,,,,,,,,,,,,27,35,35,,35,吃老本,,False,False
MS,Financials,Morgan Stanley,2026-08-03,211.23,-4.34,11.44,17.55,10.55,0.667,5944640,5923476,6523127,-4.2,-16.84,17.91,P-V-,P+V-,P+V+,➡️ 中性,62.41,23.01,2.712,66,39,19,48.5,,,,,,,,,,,,,,,,,,,,,,,,,,,,28,35,35,,35,吃老本,,False,False
MA,Financials,Mastercard,2026-08-03,570.97,7.58,13.72,10.09,10.37,1.0,3051015,3754232,3708292,-28.19,2.51,30.47,P+V-,P+V+,P+V+,⚠️ 頂部背離,-4.35,19.8,-0.22,18,31,38,25.9,,,,,,,,,,,,,,,,,,,,,,,,,,,,29,35,35,,35,吃老本,,False,False
V,Financials,Visa Inc.,2026-08-03,364.99,3.82,11.09,12.89,10.17,1.0,7421690,8254624,7946118,-20.37,8.08,24.23,P+V-,P+V+,P+V+,⚠️ 頂部背離,6.11,18.82,0.324,34,41,32,35.7,,,,,,,,,,,,,,,,,,,,,,,,,,,,30,35,35,,35,,,False,False
FITB,Financials,Fifth Third Bancorp,2026-08-03,56.9,-1.76,12.89,13.73,9.65,0.667,6288255,6767056,9122849,-18.53,-41.05,35.92,P-V-,P+V-,P+V+,➡️ 中性,46.31,23.42,1.978,59,33,31,45.6,,,,,,,,,,,,,,,,,,,,,,,,,,,,31,35,35,,35,,,False,False
CBOE,Financials,Cboe Global Markets,2026-08-03,297.0,15.15,-0.55,11.62,9.46,0.667,1170085,1463313,1175389,-38.11,64.89,44.84,P+V-,P-V+,P+V+,⚠️ 頂部背離,-0.64,36.9,-0.017,3,70,34,29.3,2.01,9.66,False,True,282.2,13.05,0.943,False,369.38,371.18,-19.59,3.1,21.52,15.0,5.0,1152713.0,1222200.0,3.0,1063800.0,1153380.0,1129380.0,0.942,100.0,57.7,空頭,頭頭低·底底低,多轉空預警,32,1,15,16.2,14,剛爆發,,False,True
EG,Financials,Everest Group,2026-08-03,372.05,-0.31,4.91,16.26,9.28,0.667,371695,411516,386570,-24.13,13.8,5.03,P-V-,P+V+,P+V+,➡️ 中性,13.93,23.29,0.598,53,57,23,48.2,,,,,,,,,,,,,,,,,,,,,,,,,,,,33,35,35,,35,,,False,False
C,Financials,Citigroup,2026-08-03,133.57,-4.63,5.39,18.12,9.25,0.667,12490515,12525993,13308275,-11.86,-11.1,-2.77,P-V-,P+V-,P+V-,➡️ 中性,60.21,23.56,2.555,67,55,16,53.2,,,,,,,,,,,,,,,,,,,,,,,,,,,,34,35,35,,35,,,False,False
IBKR,Financials,Interactive Brokers,2026-08-03,87.67,-7.21,10.49,16.5,9.07,0.667,4305865,4885700,4846809,-11.83,1.62,-10.82,P-V-,P+V+,P+V-,➡️ 中性,51.6,35.0,1.474,72,42,21,52.8,,,,,,,,,,,,,,,,,,,,,,,,,,,,35,35,35,,35,,,False,False
CB,Financials,Chubb Limited,2026-08-03,348.23,-3.08,6.82,16.21,9.04,0.667,2044210,1791610,1762579,19.37,3.35,-3.49,P-V+,P+V+,P+V-,➡️ 中性,34.14,17.47,1.955,63,52,24,51.9,,,,,,,,,,,,,,,,,,,,,,,,,,,,36,35,35,,35,,,False,False
GS,Financials,Goldman Sachs,2026-08-03,1022.05,-1.53,11.67,11.54,8.31,0.667,2006850,2158010,2229144,-16.1,-6.18,10.71,P-V-,P+V-,P+V+,➡️ 中性,51.72,27.31,1.894,57,37,35,46.6,,,,,,,,,,,,,,,,,,,,,,,,,,,,37,35,35,,35,,,False,False
AON,Financials,Aon plc,2026-08-03,357.63,-0.38,15.32,8.66,8.06,0.667,1411685,1621406,1561646,-25.82,7.96,31.59,P-V-,P+V+,P+V+,➡️ 中性,1.24,24.53,0.051,54,25,41,42.7,,,,,,,,,,,,,,,,,,,,,,,,,,,,38,35,35,,35,,,False,False
CINF,Financials,Cincinnati Financial,2026-08-03,178.03,-5.83,9.42,14.06,7.93,0.667,974655,824906,814843,8.46,2.5,51.49,P-V+,P+V+,P+V+,⚠️ 中期出貨,32.59,20.82,1.565,70,44,29,54.0,,,,,,,,,,,,,,,,,,,,,,,,,,,,39,35,35,,35,,,False,False
RJF,Financials,Raymond James Financial,2026-08-03,177.68,6.01,12.63,5.89,7.61,1.0,1260580,1395016,1450337,-22.03,-7.35,24.57,P+V-,P+V-,P+V+,⚠️ 頂部背離,3.47,24.31,0.143,22,34,48,30.8,,,,,,,,,,,,,,,,,,,,,,,,,,,,40,35,35,,35,,,False,False
L,Financials,Loews Corporation,2026-08-03,116.18,-0.6,3.29,13.77,7.56,0.667,812625,896572,789040,-9.17,31.56,1.04,P-V-,P+V+,P+V+,➡️ 中性,29.12,17.98,1.619,55,62,30,52.1,,,,,,,,,,,,,,,,,,,,,,,,,,,,41,35,35,,35,剛爆發,,False,False
HIG,Financials,Hartford (The),2026-08-03,142.28,2.33,4.95,10.65,7.15,1.0,1726220,1781310,1667288,-3.83,14.68,12.59,P+V-,P+V+,P+V+,⚠️ 頂部背離,13.86,19.34,0.717,41,56,37,44.7,,,,,,,,,,,,,,,,,,,,,,,,,,,,42,35,35,,35,剛爆發,,False,False
TROW,Financials,T. Rowe Price,2026-08-03,113.51,-5.53,11.66,10.7,6.88,0.667,2129000,2180018,2302162,-10.38,-10.08,42.36,P-V-,P+V-,P+V+,➡️ 中性,21.63,20.08,1.077,68,38,36,52.6,,,,,,,,,,,,,,,,,,,,,,,,,,,,43,35,35,,35,剛爆發,,False,False
BRK-B,Financials,Berkshire Hathaway,2026-08-03,513.14,1.81,8.35,8.1,6.59,1.0,4081100,4942732,4890040,-27.14,2.18,5.36,P+V-,P+V+,P+V+,⚠️ 頂部背離,7.14,13.07,0.546,45,48,45,45.9,,,,,,,,,,,,,,,,,,,,,,,,,,,,44,35,35,,35,剛爆發,,False,False
FDS,Financials,FactSet,2026-08-03,268.67,4.41,19.08,1.39,6.57,1.0,912810,965000,1030871,-15.09,-12.01,47.78,P+V-,P+V-,P+V+,⚠️ 頂部背離,-34.45,50.87,-0.677,27,15,55,29.0,1.76,1.89,False,True,245.02,21.19,1.054,False,410.64,419.22,-34.57,1.42,6.93,9.0,11.0,939122.0,891281.0,0.818,497900.0,969640.0,948673.0,0.525,85.44,57.81,收斂,頭頭低·底底高,多轉空預警,45,30,32,36.4,32,剛爆發,,False,True
WRB,Financials,W. R. Berkley Corporation,2026-08-03,72.09,0.77,8.84,8.33,6.57,1.0,2044195,2113684,2155319,-2.49,-3.79,-16.26,P+V-,P+V-,P+V-,⚠️ 量能衰竭,5.25,21.41,0.245,50,46,43,47.4,,,,,,,,,,,,,,,,,,,,,,,,,,,,45,35,35,,35,剛爆發,,False,False
SCHW,Financials,Charles Schwab Corporation,2026-08-03,105.56,3.87,15.94,2.79,6.34,1.0,8329990,10607153,10985574,-30.45,-6.66,24.39,P+V-,P+V-,P+V+,⚠️ 頂部背離,6.66,22.88,0.291,33,22,53,33.7,,,,,,,,,,,,,,,,,,,,,,,,,,,,47,35,35,,35,剛爆發,,False,False
ARES,Financials,Ares Management,2026-08-03,138.57,14.81,19.22,-5.03,5.99,0.667,2152040,2581353,3366588,-16.08,-37.83,47.59,P+V-,P+V-,P-V+,➡️ 中性,-30.9,41.02,-0.753,4,14,65,19.2,1.44,-6.57,False,True,123.67,17.31,1.213,False,188.31,195.26,-26.41,8.46,13.74,11.0,9.0,2337027.0,1925944.0,1.222,3538200.0,2557820.0,2320200.0,1.525,100.0,69.3,收斂,頭頭低·底底高,多轉空預警 / 空轉多預警 / 多頭確認,48,1,1,19.8,20,剛爆發,,False,True
BLK,Financials,BlackRock,2026-08-03,1126.63,11.61,6.32,2.95,5.96,1.0,799760,760643,802003,-7.21,-9.81,32.4,P+V-,P+V-,P+V+,⚠️ 頂部背離,-5.44,25.49,-0.213,8,53,51,30.1,9.62,9.35,False,True,1033.67,9.15,1.061,False,1200.54,1219.94,-6.16,6.07,11.41,9.0,11.0,826066.0,778236.0,0.818,745900.0,748830.0,828780.0,0.9,90.13,64.76,擴散,頭頭高·底底低,多頭確認,49,24,18,32.8,28,剛爆發,,False,True
COF,Financials,Capital One,2026-08-03,216.91,7.29,14.28,1.08,5.93,1.0,4613225,4753992,4895808,-7.41,-5.63,22.31,P+V-,P+V-,P+V+,⚠️ 頂部背離,1.0,25.47,0.039,19,28,57,29.3,,,,,,,,,,,,,,,,,,,,,,,,,,,,50,35,35,,35,剛爆發,,False,False
AJG,Financials,Arthur J. Gallagher & Co.,2026-08-03,247.79,-2.7,20.45,2.91,5.89,0.667,1446580,1814832,2085863,-29.65,-23.0,27.22,P-V-,P+V-,P+V+,➡️ 中性,-11.12,32.44,-0.343,61,9,52,43.6,0.94,0.98,False,True,231.26,11.5,1.076,False,311.49,315.0,-20.45,-2.2,-0.79,8.0,12.0,1510875.0,1403716.0,0.667,1581800.0,1408720.0,1417226.0,1.116,77.48,51.22,多頭,頭頭高·底底高,,51,33,8,35.2,31,剛爆發,,False,True
ACGL,Financials,Arch Capital Group,2026-08-03,101.12,-1.68,7.05,8.2,5.44,0.667,1830760,2281695,2099705,-20.8,18.98,-5.16,P-V-,P+V+,P+V-,➡️ 中性,15.69,20.66,0.76,58,50,44,52.8,,,,,,,,,,,,,,,,,,,,,,,,,,,,52,35,35,,35,剛爆發,,False,False
SYF,Financials,Synchrony Financial,2026-08-03,77.51,3.07,2.57,7.5,5.16,1.0,4218710,3844130,4155270,23.71,-13.93,18.57,P+V+,P+V-,P+V+,➡️ 中性,16.0,24.69,0.648,37,64,47,47.1,,,,,,,,,,,,,,,,,,,,,,,,,,,,53,35,35,,35,剛爆發,,False,False
AIG,Financials,American International Group,2026-08-03,78.79,-2.8,6.03,8.0,4.81,0.667,3286950,4138998,4119869,-33.32,0.93,-12.43,P-V-,P+V+,P+V-,➡️ 中性,7.37,24.48,0.301,62,54,46,56.4,,,,,,,,,,,,,,,,,,,,,,,,,,,,54,35,35,,35,剛爆發,,False,False
KEY,Financials,KeyCorp,2026-08-03,22.59,-2.4,4.19,8.41,4.65,0.667,10764820,11399864,13590385,-15.84,-27.76,-39.9,P-V-,P+V-,P+V-,➡️ 中性,38.36,21.04,1.824,60,61,42,56.7,,,,,,,,,,,,,,,,,,,,,,,,,,,,55,35,35,,35,剛爆發,,False,False
BRO,Financials,Brown & Brown,2026-08-03,71.61,3.62,19.68,-2.65,4.5,0.667,2899180,3243949,3326887,-7.28,-4.86,16.12,P+V-,P+V-,P-V+,➡️ 中性,-25.15,31.93,-0.788,35,12,61,33.3,-0.39,2.3,False,True,63.53,15.52,1.113,False,102.94,104.1,-30.43,2.98,4.9,9.0,11.0,3071111.0,2758509.0,0.818,2551900.0,3303680.0,3258333.0,0.783,85.89,59.87,多頭,頭頭高·底底高,多頭確認,56,28,24,38.4,33,剛爆發,,False,False
TFC,Financials,Truist Financial,2026-08-03,51.41,1.09,1.88,4.14,2.81,1.0,8014155,8832553,9239893,-27.61,-8.44,15.43,P+V-,P+V-,P+V+,⚠️ 頂部背離,25.11,22.84,1.099,47,68,50,53.9,,,,,,,,,,,,,,,,,,,,,,,,,,,,57,35,35,,35,剛爆發,,False,False
BX,Financials,Blackstone Inc.,2026-08-03,134.68,12.54,9.34,-6.4,2.27,0.667,4951965,5181218,7065490,-7.96,-42.11,82.3,P+V-,P+V-,P-V+,➡️ 中性,-24.94,32.89,-0.758,6,45,66,29.7,13.71,1.69,False,True,120.6,12.96,1.17,False,182.68,190.09,-26.28,2.6,10.24,11.0,9.0,5298200.0,4528788.0,1.222,5503800.0,5908930.0,5456273.0,1.009,95.99,64.83,多頭,頭頭高·底底高,,58,15,11,31.4,27,剛爆發,,False,True
WFC,Financials,Wells Fargo,2026-08-03,87.39,0.81,7.49,0.13,2.14,1.0,16642310,16355893,16823938,10.03,-5.41,14.28,P+V+,P+V-,P+V+,➡️ 中性,14.9,26.95,0.553,48,49,58,50.3,,,,,,,,,,,,,,,,,,,,,,,,,,,,59,35,35,,35,剛爆發,,False,False
APO,Financials,Apollo Global Management,2026-08-03,128.88,8.46,0.97,-0.93,1.89,0.667,3993540,4066781,4823636,-16.7,-27.13,45.95,P+V-,P+V-,P-V+,➡️ 中性,-10.24,33.48,-0.306,16,69,60,40.7,,,,,,,,,,,,,,,,,,,,,,,,,,,,60,35,35,,35,剛爆發,,False,False
NDAQ,Financials,"Nasdaq, Inc.",2026-08-03,94.14,8.92,2.79,-3.78,1.04,0.667,4093740,4000041,4192516,-15.9,-8.78,25.38,P+V-,P+V-,P-V+,➡️ 中性,-10.12,30.24,-0.335,14,63,64,38.7,8.79,2.84,False,True,88.06,7.89,1.107,False,101.11,101.79,-6.89,0.21,11.45,11.0,9.0,4280618.0,3865333.0,1.222,4015800.0,3887610.0,4158740.0,0.966,94.67,60.36,擴散,頭頭高·底底低,,61,16,13,33.4,30,剛爆發,,False,True
HBAN,Financials,Huntington Bancshares,2026-08-03,17.36,-3.61,4.52,1.52,0.99,0.667,25852165,23101306,27110632,15.81,-25.77,-8.6,P-V+,P+V-,P+V-,➡️ 中性,15.72,22.84,0.688,65,60,54,61.3,,,,,,,,,,,,,,,,,,,,,,,,,,,,62,35,35,,35,剛爆發,,False,False
KKR,Financials,KKR & Co.,2026-08-03,106.36,12.0,2.33,-7.79,-0.31,0.667,3846115,4548472,6139968,-19.34,-41.17,51.84,P+V-,P+V-,P-V+,➡️ 中性,-32.23,35.01,-0.921,7,65,68,36.6,14.23,10.28,False,True,96.02,13.16,1.254,False,152.56,153.87,-30.29,4.85,11.03,13.0,7.0,4139553.0,3301157.0,1.857,5799500.0,3998870.0,4118320.0,1.408,100.0,65.75,多頭,頭頭高·底底高,多頭確認,63,1,3,26.2,25,剛爆發,,False,True
AXP,Financials,American Express,2026-08-03,344.72,-1.39,7.0,-3.53,-0.36,0.333,3162470,3170886,3422361,-1.23,-13.69,32.74,P-V-,P+V-,P-V+,➡️ 中性,22.28,23.48,0.949,56,51,62,55.7,,,,,,,,,,,,,,,,,,,,,,,,,,,,64,35,35,,35,剛爆發,,False,False
PGR,Financials,Progressive Corporation,2026-08-03,210.46,-10.21,4.61,1.24,-0.78,0.667,3010260,3262246,3201959,-18.59,3.84,-2.56,P-V-,P+V+,P+V-,➡️ 中性,2.34,25.25,0.093,74,59,56,65.9,,,,,,,,,,,,,,,,,,,,,,,,,,,,65,35,35,,35,剛爆發,,False,False
CME,Financials,CME Group,2026-08-03,266.17,10.56,-7.04,-3.7,-0.97,0.333,2704575,3316526,2832402,-36.5,41.23,47.14,P+V-,P-V+,P-V+,➡️ 中性,-13.13,28.47,-0.461,11,74,63,40.3,2.75,-0.25,False,True,252.0,12.75,0.966,False,319.82,329.16,-16.77,4.23,13.38,15.0,5.0,2681280.0,2774460.0,3.0,1622600.0,2650560.0,2639213.0,0.615,100.0,64.7,空頭,頭頭低·底底低,多轉空預警,66,1,31,33.0,29,剛爆發,,False,True
MSCI,Financials,MSCI,2026-08-03,572.38,-5.54,-2.52,-0.51,-2.27,0.0,736540,706967,689479,3.98,5.2,2.96,P-V+,P-V+,P-V+,📉 主力出貨,11.7,27.86,0.42,69,71,59,67.6,,,,,,,,,,,,,,,,,,,,,,,,,,,,67,35,35,,35,剛爆發,,False,False
MCO,Financials,Moody's Corporation,2026-08-03,482.34,-3.42,4.91,-6.42,-2.84,0.333,872845,1007047,1218996,-20.83,-29.62,56.04,P-V-,P+V-,P-V+,➡️ 中性,0.33,26.05,0.013,64,57,67,62.5,,,,,,,,,,,,,,,,,,,,,,,,,,,,68,35,35,,35,剛爆發,,False,False
JKHY,Financials,Jack Henry & Associates,2026-08-03,155.96,6.69,2.27,-11.82,-3.67,0.667,1133620,1530061,1284033,-34.79,47.4,48.16,P+V-,P+V+,P-V+,➡️ 中性,-11.17,30.0,-0.372,20,66,70,43.8,,,,,,,,,,,,,,,,,,,,,,,,,,,,69,35,35,,35,剛爆發,,False,False
ICE,Financials,Intercontinental Exchange,2026-08-03,151.8,11.25,-3.62,-11.79,-3.99,0.333,4247705,4507178,4134057,-20.37,19.84,22.51,P+V-,P-V+,P-V+,➡️ 中性,-25.98,25.33,-1.026,9,73,69,40.2,3.36,3.86,False,True,140.08,13.56,0.988,False,186.96,189.35,-18.81,2.06,12.52,14.0,6.0,4232757.0,4282583.0,2.333,5682400.0,4775610.0,4311300.0,1.318,100.0,64.03,空頭,頭頭低·底底低,,70,1,4,29.2,26,剛爆發,,False,True
ERIE,Financials,Erie Indemnity,2026-08-03,236.86,-7.61,8.81,-12.08,-5.74,0.333,313480,245927,243194,33.22,2.27,65.45,P-V+,P+V+,P-V+,➡️ 中性,-25.56,36.94,-0.692,73,47,71,64.8,,,,,,,,,,,,,,,,,,,,,,,,,,,,71,35,35,,35,剛爆發,,False,False
HOOD,Financials,Robinhood Markets,2026-08-03,90.34,-19.98,23.94,-14.16,-6.09,0.333,21114235,27049069,30194543,-37.96,-18.87,-6.78,P-V-,P+V-,P-V-,➡️ 中性,17.67,67.37,0.262,76,4,72,53.6,43.71,-1.98,False,False,96.93,25.85,0.845,False,153.86,153.86,-41.28,-5.55,-23.15,7.0,13.0,18861242.0,22327384.0,0.538,19740500.0,20548280.0,21286173.0,0.927,56.75,41.09,多頭,頭頭高·底底高,空頭確認,72,34,16,45.6,34,剛爆發,,False,True
SPGI,Financials,S&P Global,2026-08-03,415.32,-6.14,2.27,-16.07,-9.0,0.333,2025445,2323274,2551718,-27.14,-16.43,61.77,P-V-,P+V-,P-V+,➡️ 中性,-12.64,31.45,-0.402,71,66,73,69.9,,,,,,,,,,,,,,,,,,,,,,,,,,,,73,35,35,,35,剛爆發,,False,False
FIS,Financials,Fidelity National Information Services,2026-08-03,44.78,5.12,-2.66,-21.32,-10.05,0.333,6137220,6698489,6356362,-1.63,11.38,75.39,P+V-,P-V+,P-V+,➡️ 中性,-45.63,34.65,-1.317,24,72,75,48.6,,,,,,,,,,,,,,,,,,,,,,,,,,,,74,35,35,,35,剛爆發,,False,False
FISV,Financials,Fiserv,2026-08-03,54.35,3.11,-13.25,-18.01,-11.54,0.333,6819430,7742778,7516959,-25.99,6.19,-13.51,P+V-,P-V+,P-V-,➡️ 中性,-62.73,60.82,-1.031,36,75,74,55.3,,,,,,,,,,,,,,,,,,,,,,,,,,,,75,35,35,,35,剛爆發,,False,False
COIN,Financials,Coinbase,2026-08-03,146.5,-10.4,-21.98,-30.51,-23.35,0.0,7385330,8642936,10620337,-16.13,-31.39,10.34,P-V-,P-V-,P-V+,😴 弱勢縮量,-46.34,61.31,-0.756,75,76,76,75.5,,,,,,,,,,,,,,,,,,,,,,,,,,,,76,35,35,,35,剛爆發,,False,False
DVA,Health Care,DaVita,2026-08-03,233.68,-0.27,50.63,121.27,73.22,0.667,677795,866360,930768,-19.9,-12.94,8.38,P-V-,P+V-,P+V+,➡️ 中性,70.21,45.4,1.546,37,3,1,19.6,23.18,6.51,False,True,217.6,7.38,0.76,False,247.49,247.49,-5.58,-1.11,-0.86,11.0,9.0,593381.0,780966.0,1.222,1346600.0,663520.0,628446.0,2.143,80.67,55.35,多頭,頭頭高·底底高,空轉多預警,1,29,2,12.4,6,吃老本,🔥 追高風險,True,True
HUM,Health Care,Humana,2026-08-03,374.5,-5.1,58.76,81.45,54.14,0.667,1519255,1563043,1909850,-1.4,-30.74,15.21,P-V-,P+V-,P+V+,➡️ 中性,61.18,57.88,1.057,52,2,2,27.0,8.79,1.05,False,True,368.67,13.47,0.877,False,428.88,428.88,-12.68,-1.74,-4.67,11.0,9.0,1428827.0,1629777.0,1.222,1394300.0,1628010.0,1613426.0,0.864,80.17,47.2,多頭,頭頭高·底底高,空頭確認,2,30,20,16.8,14,吃老本,,False,True
BAX,Health Care,Baxter International,2026-08-03,28.09,22.92,59.92,43.73,42.58,1.0,6967940,7181327,8262102,-0.32,-23.14,1.94,P+V-,P+V-,P+V+,⚠️ 頂部背離,3.7,43.5,0.085,1,1,7,2.2,52.53,15.93,False,True,21.42,35.61,1.184,False,29.99,30.0,-6.33,20.39,24.45,12.0,8.0,7430425.0,6274212.0,1.5,10447100.0,8235460.0,7392860.0,1.413,100.0,76.43,多頭,頭頭高·底底高,多頭確認,3,1,6,2.8,1,,,False,True
CVS,Health Care,CVS Health,2026-08-03,105.37,1.62,27.29,48.55,31.5,1.0,7573335,8230580,8452638,-10.17,-5.12,11.71,P+V-,P+V-,P+V+,⚠️ 頂部背離,67.56,29.15,2.318,32,11,5,20.3,16.48,9.38,False,True,100.83,6.54,0.984,False,110.0,110.68,-4.21,-1.59,3.86,12.0,8.0,7524875.0,7646025.0,1.5,5377300.0,7304040.0,7775900.0,0.692,91.4,52.8,多頭,頭頭高·底底高,,4,17,28,14.0,7,吃老本,,False,True
CNC,Health Care,Centene Corporation,2026-08-03,63.76,-3.57,18.76,53.53,30.56,0.667,4987050,5431050,6126284,-13.47,-20.38,-45.94,P-V-,P+V-,P+V-,➡️ 中性,154.92,51.73,2.995,48,23,3,31.5,132.64,57.91,False,True,63.73,17.21,0.815,False,69.36,69.36,-8.07,-0.5,-3.47,10.0,10.0,4477740.0,5496360.0,1.0,6866300.0,6100690.0,5461060.0,1.257,76.98,49.03,多頭,頭頭高·底底高,,5,33,8,16.8,14,吃老本,,False,True
UNH,Health Care,UnitedHealth Group,2026-08-03,415.36,-3.0,12.75,48.91,26.9,0.667,5493270,6386295,8314436,-19.63,-37.65,-26.85,P-V-,P+V-,P+V-,➡️ 中性,80.5,40.39,1.993,46,33,4,33.7,29.8,9.52,False,True,410.09,6.08,1.409,False,461.62,461.62,-10.02,-0.55,-0.63,9.0,11.0,6537588.0,4638827.0,0.818,3209600.0,4625780.0,5798486.0,0.554,86.34,47.73,多頭,頭頭高·底底高,,6,22,34,18.0,20,吃老本,,False,True
WST,Health Care,West Pharmaceutical Services,2026-08-03,347.94,-2.22,17.0,44.99,26.19,0.667,850120,816498,898388,3.01,-16.71,22.38,P-V+,P+V-,P+V+,⚠️ 中期出貨,49.85,34.28,1.454,45,27,6,31.8,13.86,27.07,False,True,338.83,17.67,0.839,False,385.75,386.0,-9.8,5.11,-2.65,11.0,9.0,782645.0,932588.0,1.222,643100.0,1057920.0,915093.0,0.703,83.47,52.65,擴散,頭頭高·底底低,,7,23,27,17.4,18,吃老本,,False,True
DXCM,Health Care,Dexcom,2026-08-03,87.31,18.68,46.62,18.51,25.58,1.0,5084925,5836501,5158168,-1.69,30.28,-7.46,P+V-,P+V+,P+V-,⚠️ 量能背離,-8.7,45.33,-0.192,2,5,14,5.3,15.11,18.99,False,True,73.45,23.57,1.411,False,89.98,89.98,-2.97,19.0,20.63,11.0,9.0,5851754.0,4147688.0,1.222,9191500.0,5615360.0,5281053.0,1.74,100.0,72.64,多頭,頭頭高·底底高,多頭確認,8,1,3,4.2,2,剛爆發,,False,True
VTRS,Health Care,Viatris,2026-08-03,17.5,3.95,18.87,36.52,23.97,1.0,9180695,10871253,10631200,-11.28,4.62,17.99,P+V-,P+V+,P+V+,⚠️ 頂部背離,98.21,35.99,2.729,22,21,8,18.9,17.54,7.39,False,True,16.37,7.47,0.897,False,17.94,18.07,-2.43,-0.06,4.94,9.0,11.0,8634566.0,9627527.0,0.818,8797100.0,9800940.0,9476520.0,0.928,80.91,59.94,多頭,頭頭高·底底高,空轉多預警 / 多頭確認,9,27,19,18.2,21,吃老本,,False,True
DGX,Health Care,Quest Diagnostics,2026-08-03,231.95,9.66,19.92,26.96,20.88,1.0,1129710,930130,966566,22.19,-7.27,-4.55,P+V+,P+V-,P+V-,➡️ 中性,26.61,27.76,0.959,10,20,9,12.8,10.51,5.61,False,True,207.18,15.84,1.953,False,240.13,240.13,-3.41,0.05,9.11,6.0,14.0,1715783.0,878535.0,0.429,839200.0,1420540.0,1268973.0,0.661,96.09,69.94,多頭,頭頭高·底底高,多頭確認,10,13,30,15.2,10,,,False,True
SOLV,Health Care,Solventum,2026-08-03,88.07,15.46,30.75,13.48,18.29,1.0,1056345,1679258,1468883,-31.04,33.43,38.11,P+V-,P+V+,P+V+,⚠️ 頂部背離,8.66,30.82,0.281,3,9,19,8.0,9.33,5.0,False,True,78.61,14.37,1.242,False,88.65,88.65,-0.65,9.44,13.0,10.0,10.0,1170390.0,942300.0,1.0,1285100.0,1142390.0,1123213.0,1.144,98.31,66.71,多頭,頭頭高·底底高,多頭確認,11,9,11,10.2,4,,,False,True
BMY,Health Care,Bristol Myers Squibb,2026-08-03,65.47,12.94,9.27,20.4,15.75,1.0,12200515,12439473,12385343,-8.5,0.88,-14.78,P+V-,P+V+,P+V-,⚠️ 量能背離,34.35,29.21,1.176,4,38,11,15.6,27.74,11.18,False,True,57.91,13.17,1.29,False,68.1,68.1,-3.86,4.65,15.47,14.0,6.0,13082785.0,10141883.0,2.333,32970900.0,13588260.0,13002406.0,2.536,100.0,71.77,多頭,頭頭高·底底高,空轉多預警 / 多頭確認,12,1,1,5.4,3,剛爆發,,False,True
MRK,Health Care,Merck & Co.,2026-08-03,127.77,-0.85,17.87,20.13,14.32,0.667,8657875,10192630,10575025,-31.37,-6.98,-18.37,P-V-,P+V-,P+V-,➡️ 中性,65.24,30.3,2.153,40,26,12,30.2,13.15,1.47,False,True,122.88,8.45,0.971,False,135.05,135.05,-5.39,-2.29,0.78,10.0,10.0,8531460.0,8784290.0,1.0,11153800.0,8125610.0,8965553.0,1.244,81.55,52.72,多頭,頭頭高·底底高,空轉多預警,13,24,9,16.6,13,吃老本,,False,True
LH,Health Care,Labcorp,2026-08-03,306.76,8.3,20.04,13.99,14.08,1.0,807115,709920,678616,23.82,9.67,-4.87,P+V+,P+V+,P+V-,🚀 健康多頭,9.9,26.78,0.37,13,17,18,15.2,4.65,3.26,False,True,274.43,13.01,1.353,False,315.43,316.11,-2.75,2.08,8.1,8.0,12.0,956787.0,707333.0,0.667,727000.0,1027280.0,919893.0,0.79,89.36,65.43,多頭,頭頭高·底底高,多頭確認,14,20,23,18.2,21,吃老本,🎯 潛在暴漲,True,True
INCY,Health Care,Incyte,2026-08-03,118.43,0.32,24.31,14.46,13.39,1.0,1912425,1826960,1749723,-14.99,9.24,-14.73,P+V-,P+V+,P+V-,⚠️ 量能背離,52.96,32.48,1.63,35,12,17,24.5,43.95,35.12,False,True,109.56,15.02,1.132,False,132.6,132.6,-10.69,-0.37,2.43,11.0,9.0,2018481.0,1782800.0,1.222,1418900.0,2250470.0,2014966.0,0.704,89.46,53.36,多頭,頭頭高·底底高,,15,19,25,18.6,23,,,False,True
ZBH,Health Care,Zimmer Biomet,2026-08-03,96.98,8.47,17.96,13.39,13.3,1.0,2242545,2311392,2301603,-4.48,0.85,26.02,P+V-,P+V+,P+V+,⚠️ 頂部背離,0.09,31.49,0.003,12,25,20,17.5,12.21,0.93,False,True,88.83,10.47,1.05,False,107.16,108.29,-9.5,5.33,8.04,10.0,10.0,2297300.0,2187790.0,1.0,2247000.0,2214340.0,2366893.0,0.949,90.34,61.64,多頭,頭頭高·底底高,空轉多預警 / 多頭確認,16,18,18,17.2,16,,,False,True
IQV,Health Care,IQVIA,2026-08-03,233.36,12.07,47.35,-3.19,13.26,0.667,1479335,1681529,1890269,-8.7,-19.89,26.19,P+V-,P+V-,P-V+,➡️ 中性,12.89,46.03,0.28,7,4,40,12.7,3.94,2.96,False,True,195.19,24.16,1.551,False,251.36,251.36,-7.16,9.45,13.3,9.0,11.0,1838422.0,1185536.0,0.818,1644700.0,1864430.0,1602746.0,1.026,100.0,66.41,多頭,頭頭高·底底高,多頭確認,17,1,15,10.2,4,剛爆發,,False,True
CRL,Health Care,Charles River Laboratories,2026-08-03,230.87,0.96,38.27,5.17,12.39,1.0,825905,888500,936738,-4.88,-9.79,2.13,P+V-,P+V-,P+V+,⚠️ 頂部背離,38.66,51.61,0.749,34,6,30,24.8,5.42,1.91,False,True,206.02,12.8,1.251,False,242.73,242.73,-4.89,2.93,-0.24,5.0,15.0,972420.0,777066.0,0.333,608100.0,813470.0,835646.0,0.728,77.93,58.06,擴散,頭頭高·底底低,,18,32,24,24.8,27,吃老本,,False,True
TECH,Health Care,Bio-Techne,2026-08-03,72.06,2.17,30.65,6.07,11.24,1.0,3949305,4983046,3643199,-50.67,116.34,67.1,P+V-,P+V+,P+V+,⚠️ 頂部背離,29.99,49.28,0.609,29,10,28,23.1,-0.82,5.84,False,True,62.78,1.28,1.043,True,72.29,72.37,-0.32,0.73,1.72,12.0,7.0,3898283.0,3736385.0,1.714,3285600.0,4207450.0,3865393.0,0.85,95.3,74.77,多頭,頭頭高·底底高,空轉多預警 / 多頭確認,19,15,21,17.8,19,,,False,False
CAH,Health Care,Cardinal Health,2026-08-03,235.6,-1.71,22.41,10.58,10.46,0.667,2268745,2413029,2067430,-8.47,40.14,-9.83,P-V-,P+V+,P+V-,➡️ 中性,53.84,29.89,1.801,42,13,23,29.5,13.7,11.17,False,True,222.16,6.72,0.875,False,243.21,243.21,-3.13,2.73,-0.81,10.0,10.0,2117690.0,2419800.0,1.0,2094400.0,1924170.0,2073320.0,1.01,80.92,59.55,多頭,頭頭高·底底高,,20,26,16,21.6,25,吃老本,,False,True
HSIC,Health Care,Henry Schein,2026-08-03,86.51,-0.38,15.98,12.54,10.17,0.667,1339250,1523603,1408806,-3.94,17.74,-7.65,P-V-,P+V+,P+V-,➡️ 中性,27.42,30.18,0.909,38,29,21,31.9,,,,,,,,,,,,,,,,,,,,,,,,,,,,21,35,35,,35,吃老本,,False,False
BDX,Health Care,Becton Dickinson,2026-08-03,170.21,8.9,15.01,7.88,9.92,1.0,1744110,2656201,2781896,-39.59,-8.65,6.09,P+V-,P+V-,P+V+,⚠️ 頂部背離,14.93,26.66,0.56,11,30,26,19.7,4.51,3.47,False,True,151.87,11.94,0.973,False,184.86,187.35,-7.92,7.1,9.43,12.0,8.0,1725316.0,1772300.0,1.5,1727600.0,1717350.0,1773093.0,0.974,98.04,68.28,多頭,頭頭高·底底高,空轉多預警 / 多頭確認,22,10,17,16.2,12,剛爆發,,False,True
RVTY,Health Care,Revvity,2026-08-03,115.22,2.89,33.1,0.67,9.34,1.0,1420885,1531493,1365201,-6.13,27.74,-2.31,P+V-,P+V+,P+V-,⚠️ 量能背離,28.29,38.22,0.74,27,7,34,22.4,4.47,7.8,False,True,106.38,12.47,1.432,False,118.13,118.3,-2.47,6.62,2.07,11.0,9.0,1644154.0,1148000.0,1.222,2589100.0,1725400.0,1509853.0,1.715,97.29,60.57,收斂,頭頭低·底底高,多轉空預警 / 空轉多預警,23,11,4,14.4,9,剛爆發,,False,True
BIIB,Health Care,Biogen,2026-08-03,201.82,-1.89,6.63,15.91,9.14,0.667,1456190,1241107,1245025,20.36,-0.63,-30.54,P-V+,P+V-,P+V-,➡️ 中性,57.98,31.83,1.822,43,43,15,37.4,77.38,20.93,False,True,200.8,10.67,1.108,False,219.72,219.72,-8.15,0.84,-3.19,9.0,11.0,1538455.0,1388881.0,0.818,940900.0,1101290.0,1397933.0,0.673,80.08,49.12,空頭,頭頭低·底底低,多轉空預警,24,31,29,27.8,32,吃老本,,False,True
ABBV,Health Care,AbbVie,2026-08-03,245.1,-3.07,16.81,11.15,9.01,0.667,5919435,6841380,6981715,-34.82,-3.94,22.01,P-V-,P+V-,P+V+,➡️ 中性,33.6,27.15,1.237,47,28,22,36.3,,,,,,,,,,,,,,,,,,,,,,,,,,,,25,35,35,,35,吃老本,,False,False
JNJ,Health Care,Johnson & Johnson,2026-08-03,253.16,-4.8,11.32,14.61,8.94,0.667,8173890,8244573,8288604,-10.4,-1.06,-3.85,P-V-,P+V-,P+V-,➡️ 中性,58.85,21.57,2.728,51,34,16,38.9,,,,,,,,,,,,,,,,,,,,,,,,,,,,26,35,35,,35,吃老本,,False,False
A,Health Care,Agilent Technologies,2026-08-03,139.8,6.6,21.22,3.26,8.59,1.0,2200625,2393038,2297030,-4.23,8.72,27.23,P+V-,P+V+,P+V+,⚠️ 頂部背離,15.99,32.13,0.498,18,14,32,19.6,5.8,-0.6,False,True,132.07,12.62,1.045,False,159.31,160.27,-12.25,1.39,7.04,10.0,10.0,2249520.0,2151730.0,1.0,1795400.0,2094270.0,2200366.0,0.816,88.08,60.87,空頭,頭頭低·底底低,多頭確認,27,21,22,23.6,26,剛爆發,,False,True
ELV,Health Care,Elevance Health,2026-08-03,382.77,-8.61,2.1,19.75,8.25,0.667,1494250,1645333,1842809,-17.6,-19.36,-1.02,P-V-,P+V-,P+V-,➡️ 中性,51.73,36.53,1.416,55,45,13,43.6,19.99,16.36,False,False,395.93,8.66,0.904,False,436.24,436.24,-12.26,1.17,-6.22,11.0,9.0,1425909.0,1577777.0,1.222,1140000.0,1161660.0,1619546.0,0.704,80.88,46.39,擴散,頭頭高·底底低,,28,28,25,27.4,31,,,False,True
AMGN,Health Care,Amgen,2026-08-03,376.67,2.93,10.25,9.41,8.0,1.0,2379260,2743984,2731874,-26.5,0.89,7.77,P+V-,P+V+,P+V+,⚠️ 頂部背離,27.14,25.71,1.056,26,36,24,28.6,,,,,,,,,,,,,,,,,,,,,,,,,,,,29,35,35,,35,吃老本,,False,False
ABT,Health Care,Abbott Laboratories,2026-08-03,107.12,12.57,18.83,0.27,7.98,1.0,12359645,13136335,12460703,-14.46,11.47,90.21,P+V-,P+V+,P+V+,⚠️ 頂部背離,-23.68,26.98,-0.878,5,22,35,16.1,2.61,0.33,False,True,93.22,10.27,1.379,False,134.38,137.49,-20.29,2.52,12.81,13.0,7.0,13675630.0,9915671.0,1.857,7409600.0,10385190.0,13320086.0,0.556,100.0,69.28,多頭,頭頭高·底底高,多頭確認,30,1,33,19.0,24,剛爆發,,False,True
MRNA,Health Care,Moderna,2026-08-03,55.14,-30.88,20.03,21.32,7.95,0.667,5566890,7639886,8009580,-42.98,-8.82,-28.14,P-V-,P+V-,P+V-,➡️ 中性,196.32,65.18,3.012,59,18,10,36.9,4.33,12.37,False,False,58.55,14.52,0.785,False,85.6,85.6,-35.58,-0.88,-32.59,8.0,12.0,4779912.0,6091541.0,0.667,5176700.0,4960080.0,4930260.0,1.05,53.82,41.34,多頭,頭頭高·底底高,空轉多預警,31,34,13,28.6,33,,,False,True
VEEV,Health Care,Veeva Systems,2026-08-03,206.25,7.25,32.24,-5.33,7.21,0.667,1577325,3013518,2639459,-41.13,33.02,87.81,P+V-,P+V+,P-V+,➡️ 中性,-31.75,39.87,-0.796,16,8,43,19.0,4.91,6.45,False,True,178.89,16.53,1.247,False,310.5,310.5,-33.57,6.06,7.42,13.0,7.0,1694730.0,1359285.0,1.857,2608900.0,1592170.0,1537853.0,1.696,100.0,63.76,多頭,頭頭高·底底高,空轉多預警 / 多頭確認,32,1,5,14.2,8,剛爆發,,False,True
MTD,Health Care,Mettler Toledo,2026-08-03,1445.0,11.53,13.19,1.39,6.88,1.0,169330,212160,184074,-28.26,36.01,27.75,P+V-,P+V+,P+V+,⚠️ 頂部背離,8.21,34.01,0.241,8,32,33,20.2,6.09,2.33,False,True,1238.53,18.25,0.968,False,1525.17,1525.17,-5.26,8.14,11.53,13.0,7.0,167415.0,172885.0,1.857,216300.0,200380.0,182546.0,1.185,100.0,73.76,多頭,頭頭高·底底高,多頭確認,33,1,10,15.6,11,剛爆發,,False,True
LLY,Health Care,Lilly (Eli),2026-08-03,1119.76,-9.24,20.19,8.24,6.86,0.667,2381385,3109983,3132112,-30.1,-1.4,-22.21,P-V-,P+V-,P+V-,➡️ 中性,58.53,38.05,1.538,56,16,25,37.8,,,,,,,,,,,,,,,,,,,,,,,,,,,,34,35,35,,35,,,False,False
REGN,Health Care,Regeneron Pharmaceuticals,2026-08-03,758.35,12.28,7.54,-1.29,4.31,0.667,791835,1004355,854043,-27.29,42.72,-15.86,P+V-,P+V+,P-V-,➡️ 中性,16.91,31.46,0.538,6,42,38,23.2,39.99,6.38,False,True,645.12,19.41,1.288,False,817.95,821.11,-7.29,13.8,16.84,12.0,8.0,869666.0,675087.0,1.5,842600.0,927410.0,820713.0,1.027,100.0,76.44,擴散,頭頭高·底底低,多頭確認,35,1,14,17.2,16,剛爆發,,False,True
TMO,Health Care,Thermo Fisher Scientific,2026-08-03,574.03,11.11,19.97,-7.81,3.86,0.667,2224075,2370003,2298672,-1.99,6.41,7.31,P+V-,P+V+,P-V+,➡️ 中性,12.19,34.97,0.349,9,19,45,19.2,5.6,3.79,False,True,507.1,16.62,1.14,False,642.71,643.99,-10.69,2.59,10.9,11.0,9.0,2354381.0,2064811.0,1.222,1588900.0,2811470.0,2487180.0,0.639,95.87,68.54,多頭,頭頭高·底底高,空轉多預警 / 多頭確認,36,14,31,26.2,29,剛爆發,,False,True
WAT,Health Care,Waters Corporation,2026-08-03,374.74,-0.05,21.18,-3.93,3.32,0.333,806785,1002323,1094926,-16.22,-15.6,65.19,P-V-,P+V-,P-V+,➡️ 中性,30.51,34.83,0.876,36,15,42,30.9,16.99,0.46,False,True,368.68,12.4,1.239,False,414.15,414.15,-9.52,0.95,-1.1,8.0,12.0,912300.0,736441.0,0.667,1162300.0,951130.0,865846.0,1.342,81.4,51.53,空頭,頭頭低·底底低,多轉空預警,37,25,7,26.2,29,剛爆發,,False,True
EW,Health Care,Edwards Lifesciences,2026-08-03,88.82,-6.33,6.37,6.24,3.13,0.667,5296930,5060418,5068198,9.66,-0.31,20.48,P-V+,P+V-,P+V+,⚠️ 中期出貨,19.98,22.62,0.883,53,44,27,45.1,,,,,,,,,,,,,,,,,,,,,,,,,,,,38,35,35,,35,,,False,False
CI,Health Care,Cigna,2026-08-03,282.06,-1.59,-2.37,5.62,1.82,0.333,1619870,1679212,1710026,-3.6,-3.54,-5.54,P-V-,P-V-,P+V-,⚠️ 主升段結束,9.91,27.97,0.354,41,54,29,42.5,,,,,,,,,,,,,,,,,,,,,,,,,,,,39,35,35,,35,,,False,False
SYK,Health Care,Stryker Corporation,2026-08-03,341.2,3.48,8.56,-3.25,1.38,0.667,2500620,2792698,2436656,-5.27,34.22,59.15,P+V-,P+V+,P-V+,➡️ 中性,-13.17,25.75,-0.511,23,39,41,31.4,,,,,,,,,,,,,,,,,,,,,,,,,,,,40,35,35,,35,,,False,False
COO,Health Care,Cooper Companies (The),2026-08-03,74.23,3.25,18.01,-8.02,1.31,0.667,2055890,2849516,2423200,-45.58,42.7,-9.3,P+V-,P+V+,P-V-,➡️ 中性,2.46,31.16,0.079,25,24,46,28.9,,,,,,,,,,,,,,,,,,,,,,,,,,,,41,35,35,,35,剛爆發,,False,False
MCK,Health Care,McKesson Corporation,2026-08-03,826.26,2.45,1.58,-0.65,0.68,0.667,942825,1181513,991009,-19.16,47.6,34.13,P+V-,P+V+,P-V+,➡️ 中性,12.68,27.08,0.468,28,46,36,35.0,,,,,,,,,,,,,,,,,,,,,,,,,,,,42,35,35,,35,剛爆發,,False,False
VRTX,Health Care,Vertex Pharmaceuticals,2026-08-03,470.72,-9.87,10.14,-0.73,-0.3,0.333,1452605,1534996,1448433,-23.37,12.71,-10.5,P-V-,P+V+,P-V-,➡️ 中性,14.6,32.97,0.443,57,37,37,47.0,,,,,,,,,,,,,,,,,,,,,,,,,,,,43,35,35,,35,剛爆發,,False,False
ALGN,Health Care,Align Technology,2026-08-03,172.89,-6.66,-1.77,3.5,-0.36,0.333,951635,1031013,1153294,-15.61,-19.17,-20.67,P-V-,P-V-,P+V-,⚠️ 主升段結束,37.99,51.34,0.74,54,53,31,49.1,,,,,,,,,,,,,,,,,,,,,,,,,,,,44,35,35,,35,剛爆發,,False,False
PFE,Health Care,Pfizer,2026-08-03,25.03,5.81,-3.04,-2.31,-0.46,0.333,38537700,41270812,41519000,-25.04,-1.19,-26.21,P+V-,P-V-,P-V-,➡️ 中性,6.2,23.55,0.263,19,55,39,33.8,,,,,,,,,,,,,,,,,,,,,,,,,,,,45,35,35,,35,剛爆發,,False,False
GEHC,Health Care,GE HealthCare,2026-08-03,69.73,7.52,14.68,-13.09,-1.0,0.667,6048800,5599315,4721783,22.99,45.65,33.11,P+V+,P+V+,P-V+,🚀 健康多頭,-7.05,31.98,-0.22,15,31,50,26.8,9.09,-5.71,False,True,64.12,18.19,0.982,False,89.64,89.77,-22.21,14.09,7.6,10.0,9.0,6178890.0,6291933.0,1.111,4369000.0,6626730.0,6908146.0,0.632,94.05,60.92,空頭,頭頭低·底底低,多轉空預警 / 多頭確認,46,16,32,31.2,34,剛爆發,,False,True
STE,Health Care,Steris,2026-08-03,231.93,8.01,7.59,-11.08,-1.64,0.667,722270,823498,838573,-18.29,-3.53,42.68,P+V-,P+V-,P-V+,➡️ 中性,-5.22,25.85,-0.202,14,41,47,28.7,-0.65,-0.1,False,True,212.9,12.21,1.016,False,267.14,269.44,-13.18,6.52,9.08,11.0,8.0,734463.0,722925.0,1.375,776800.0,718080.0,724280.0,1.073,96.46,63.66,多頭,頭頭高·底底高,多頭確認,47,12,12,26.0,28,剛爆發,,False,False
MDT,Health Care,Medtronic,2026-08-03,86.68,3.4,8.02,-12.43,-3.36,0.667,7411675,9941012,9276968,-27.08,15.42,31.78,P+V-,P+V+,P-V+,➡️ 中性,-4.01,23.83,-0.168,24,40,48,33.6,,,,,,,,,,,,,,,,,,,,,,,,,,,,48,35,35,,35,剛爆發,,False,False
GILD,Health Care,Gilead Sciences,2026-08-03,131.15,-3.82,0.9,-5.82,-3.64,0.333,6429770,7538806,7079879,-31.21,13.86,1.45,P-V-,P+V+,P-V+,➡️ 中性,17.5,25.4,0.689,49,49,44,48.0,,,,,,,,,,,,,,,,,,,,,,,,,,,,49,35,35,,35,剛爆發,,False,False
DHR,Health Care,Danaher Corporation,2026-08-03,197.5,1.7,10.59,-15.87,-4.86,0.667,6591675,5177233,4830641,55.47,15.46,24.21,P+V+,P+V+,P-V+,🚀 健康多頭,-1.04,33.72,-0.031,31,35,52,36.4,,,,,,,,,,,,,,,,,,,,,,,,,,,,50,35,35,,35,剛爆發,,False,False
COR,Health Care,Cencora,2026-08-03,307.77,1.28,0.35,-13.07,-6.13,0.667,1337395,1767295,1575453,-14.85,27.73,12.77,P+V-,P+V+,P-V+,➡️ 中性,4.32,28.0,0.154,33,51,49,41.6,,,,,,,,,,,,,,,,,,,,,,,,,,,,51,35,35,,35,剛爆發,,False,False
UHS,Health Care,Universal Health Services,2026-08-03,168.84,4.82,0.6,-16.38,-6.84,0.667,1035265,1082740,922417,4.93,42.07,22.95,P+V+,P+V+,P-V+,🚀 健康多頭,-2.61,36.66,-0.071,21,50,53,36.1,,,,,,,,,,,,,,,,,,,,,,,,,,,,52,35,35,,35,剛爆發,,False,False
RMD,Health Care,ResMed|,2026-08-03,214.57,-2.08,0.94,-15.33,-7.95,0.333,1300460,1534476,1331449,-18.91,35.98,30.05,P-V-,P+V+,P-V+,➡️ 中性,-21.01,29.01,-0.724,44,48,51,46.6,,,,,,,,,,,,,,,,,,,,,,,,,,,,53,35,35,,35,剛爆發,,False,False
IDXX,Health Care,Idexx Laboratories,2026-08-03,567.84,-0.42,1.26,-18.27,-8.93,0.333,609020,654489,594275,-9.48,22.55,8.66,P-V-,P+V+,P-V+,➡️ 中性,5.5,31.94,0.172,39,47,54,44.4,,,,,,,,,,,,,,,,,,,,,,,,,,,,54,35,35,,35,剛爆發,,False,False
HCA,Health Care,HCA Healthcare,2026-08-03,406.61,-3.9,-6.22,-19.34,-12.2,0.0,1817400,1659746,1401112,12.75,45.28,7.98,P-V+,P-V+,P-V+,📉 主力出貨,17.63,34.96,0.504,50,56,55,52.8,,,,,,,,,,,,,,,,,,,,,,,,,,,,55,35,35,,35,剛爆發,,False,False
PODD,Health Care,Insulet Corporation,2026-08-03,169.7,5.04,-1.42,-35.94,-17.06,0.333,1271450,1561258,1311254,-22.58,47.11,96.07,P+V-,P-V+,P-V+,➡️ 中性,-43.92,35.4,-1.241,20,52,57,37.0,,,,,,,,,,,,,,,,,,,,,,,,,,,,56,35,35,,35,剛爆發,,False,False
ISRG,Health Care,Intuitive Surgical,2026-08-03,375.41,-12.14,-17.96,-28.5,-21.78,0.0,4064605,2971681,2471391,57.65,50.76,14.28,P-V+,P-V+,P-V+,📉 主力出貨,-10.41,33.91,-0.307,58,58,56,57.6,,,,,,,,,,,,,,,,,,,,,,,,,,,,57,35,35,,35,剛爆發,,False,False
BSX,Health Care,Boston Scientific,2026-08-03,48.43,6.91,-15.93,-48.26,-26.39,0.333,19142185,20903455,19163180,-11.26,19.98,109.28,P+V-,P-V+,P-V+,➡️ 中性,-57.69,38.05,-1.516,17,57,59,37.4,,,,,,,,,,,,,,,,,,,,,,,,,,,,58,35,35,,35,剛爆發,,False,False
ZTS,Health Care,Zoetis,2026-08-03,77.1,1.77,-32.47,-37.6,-26.48,0.333,5427730,7417041,5751066,-25.2,81.56,41.39,P+V-,P-V+,P-V+,➡️ 中性,-48.2,38.45,-1.254,30,59,58,44.3,,,,,,,,,,,,,,,,,,,,,,,,,,,,59,35,35,,35,剛爆發,,False,False
DAL,Industrials,Delta Air Lines,2026-08-03,91.59,3.59,35.4,39.57,29.53,1.0,6874185,7474770,9548276,-16.19,-35.68,19.84,P+V-,P+V-,P+V+,⚠️ 頂部背離,80.75,34.94,2.311,31,3,4,17.2,4.54,11.35,False,True,84.95,13.05,0.878,False,95.44,95.68,-4.04,5.68,0.15,10.0,10.0,6427650.0,7320720.0,1.0,5485700.0,5893940.0,6092560.0,0.9,82.72,61.09,多頭,頭頭高·底底高,,1,23,19,13.4,5,吃老本,,False,True
FIX,Industrials,Comfort Systems USA,2026-08-03,1770.04,5.2,-3.73,52.76,26.75,0.667,538455,494547,461494,0.28,15.43,-6.57,P+V+,P-V+,P+V-,➡️ 中性,158.46,54.23,2.922,26,56,1,30.0,19.85,54.44,False,False,1815.43,22.6,0.776,False,2072.1,2073.99,-14.58,2.34,-1.23,10.0,10.0,470700.0,606210.0,1.0,391500.0,574520.0,567726.0,0.69,78.79,51.04,擴散,頭頭高·底底低,,2,28,29,17.8,17,吃老本,,False,True
UAL,Industrials,United Airlines Holdings,2026-08-03,128.39,0.06,42.66,23.4,22.38,1.0,4475270,5390827,6583983,-23.26,-30.68,19.0,P+V-,P+V-,P+V+,⚠️ 頂部背離,56.67,43.55,1.301,48,2,19,28.4,7.58,9.98,False,True,118.92,15.39,0.908,False,138.77,138.77,-7.48,6.49,-3.1,9.0,11.0,4237933.0,4669454.0,0.818,4251300.0,4050770.0,4539006.0,0.937,78.89,59.64,多頭,頭頭高·底底高,,3,27,16,15.2,9,吃老本,,False,True
HWM,Industrials,Howmet Aerospace,2026-08-03,286.2,3.96,17.87,32.99,21.95,1.0,1941780,2747556,2638516,-47.87,8.62,15.64,P+V-,P+V+,P+V+,⚠️ 頂部背離,51.17,27.06,1.891,30,13,7,20.3,10.28,8.7,False,True,269.7,8.85,0.873,False,295.14,295.28,-3.03,-0.56,3.03,12.0,8.0,1834591.0,2102562.0,1.5,1509400.0,2133970.0,2029560.0,0.744,89.37,58.75,多頭,頭頭高·底底高,,4,19,25,14.2,7,吃老本,,False,True
SWK,Industrials,Stanley Black & Decker,2026-08-03,98.11,9.78,26.87,23.69,21.0,1.0,1833770,1750090,1931576,0.88,-17.18,2.19,P+V+,P+V-,P+V+,➡️ 中性,44.49,38.42,1.158,12,7,17,11.5,29.86,34.6,False,True,86.2,12.69,0.863,False,98.13,98.13,-0.02,4.18,6.0,12.0,8.0,1724400.0,1997825.0,1.5,2071400.0,2372830.0,2032873.0,1.019,92.88,66.39,收斂,頭頭低·底底高,多轉空預警 / 多頭確認,5,15,13,10.6,1,吃老本,,False,True
PWR,Industrials,Quanta Services,2026-08-03,680.2,3.56,-6.52,41.97,20.25,0.667,1158235,1306752,1207050,-22.93,18.01,16.89,P+V-,P-V+,P+V+,⚠️ 頂部背離,70.71,34.17,2.07,32,64,3,35.8,28.11,31.8,False,False,680.43,21.0,1.058,False,788.63,788.75,-13.75,9.66,0.91,10.0,10.0,1190770.0,1125700.0,1.0,1105400.0,1353790.0,1230226.0,0.899,87.92,55.27,空頭,頭頭低·底底低,多轉空預警,6,20,20,14.4,8,吃老本,,False,True
WAB,Industrials,Wabtec,2026-08-03,296.16,14.38,9.98,28.25,20.22,1.0,1041780,946469,963847,18.81,-3.54,-1.79,P+V+,P+V-,P+V-,➡️ 中性,40.51,28.64,1.415,2,26,12,11.2,5.94,7.55,False,True,269.58,17.35,1.332,False,306.32,306.64,-3.32,-1.47,13.46,11.0,9.0,1173545.0,880733.0,1.222,697800.0,1353500.0,1171020.0,0.596,99.14,63.46,擴散,頭頭高·底底低,多頭確認,7,5,33,11.4,3,,,False,True
GWW,Industrials,W. W. Grainger,2026-08-03,1368.58,1.09,18.31,30.17,19.94,1.0,266425,308736,293163,-29.66,11.22,0.87,P+V-,P+V+,P+V+,⚠️ 頂部背離,48.22,24.92,1.935,41,11,10,25.8,14.08,-0.22,False,True,1331.79,6.2,0.802,False,1417.14,1419.91,-3.43,-1.98,0.08,9.0,11.0,234611.0,292454.0,0.818,343600.0,293220.0,285886.0,1.202,75.57,52.54,多頭,頭頭高·底底高,,8,29,10,16.8,14,吃老本,,False,True
CSX,Industrials,CSX Corporation,2026-08-03,49.69,2.72,10.02,33.12,19.75,1.0,13914700,12978089,12972517,11.95,0.09,-21.25,P+V+,P+V+,P+V-,🚀 健康多頭,41.39,22.33,1.853,35,25,6,26.2,4.19,10.6,False,True,48.07,8.32,1.02,False,53.45,53.6,-7.03,-3.8,2.09,10.0,10.0,14055170.0,13774230.0,1.0,12822800.0,16466550.0,15405046.0,0.832,82.59,50.77,多頭,頭頭高·底底高,,9,24,22,17.6,16,吃老本,🎯 潛在暴漲,True,True
GEV,Industrials,GE Vernova,2026-08-03,1006.76,-6.53,-7.03,45.5,19.36,0.333,2982135,2852890,2804642,-10.56,3.5,-7.75,P-V-,P-V+,P+V-,➡️ 中性,75.88,49.29,1.54,71,67,2,56.0,-22.44,771.56,False,False,1024.29,24.5,0.753,False,1195.94,1195.94,-15.82,1.02,-12.61,9.0,11.0,2525444.0,3355790.0,0.818,2011400.0,3316820.0,3085980.0,0.652,68.29,48.24,收斂,頭頭低·底底高,多轉空預警 / 空轉多預警 / 空頭確認,10,31,30,22.4,25,吃老本,,False,False
GE,Industrials,GE Aerospace,2026-08-03,368.93,0.53,27.41,24.36,19.16,1.0,3927965,4817049,5406640,-23.44,-19.67,22.27,P+V-,P+V-,P+V+,⚠️ 頂部背離,41.29,26.6,1.552,43,6,15,26.3,8.62,16.31,False,True,346.29,8.84,0.892,False,382.49,382.97,-3.55,2.02,-2.57,13.0,7.0,3767700.0,4225600.0,1.857,3371900.0,3581960.0,4135473.0,0.815,92.73,60.51,多頭,頭頭高·底底高,,11,16,24,15.6,10,,,False,True
PAYX,Industrials,Paychex,2026-08-03,117.67,9.97,30.01,15.95,17.97,1.0,3254985,3404981,3787215,-16.99,-18.33,30.53,P+V-,P+V-,P+V+,⚠️ 頂部背離,-21.85,25.81,-0.847,10,4,26,11.4,0.91,2.31,False,True,103.62,14.36,0.992,False,141.86,148.11,-17.05,2.96,12.81,12.0,8.0,3244950.0,3270037.0,1.5,2857200.0,3578770.0,3438913.0,0.831,98.74,64.05,多頭,頭頭高·底底高,空轉多預警,12,7,23,12.2,4,,,False,True
ETN,Industrials,Eaton Corporation,2026-08-03,437.15,10.75,1.49,29.2,17.66,1.0,2451395,2654635,2685996,-4.82,-2.31,4.57,P+V-,P+V-,P+V+,⚠️ 頂部背離,9.68,33.45,0.29,9,45,11,20.2,2.39,2.9,False,True,403.61,20.08,0.937,False,437.68,438.76,-0.12,9.93,6.0,12.0,8.0,2387458.0,2547300.0,1.5,3635400.0,2874640.0,2676706.0,1.358,96.48,60.36,空頭,頭頭低·底底低,多頭確認,13,11,5,10.6,1,,,False,True
URI,Industrials,United Rentals,2026-08-03,1114.0,5.67,16.5,23.5,17.3,1.0,506440,515886,594779,-1.96,-23.42,2.51,P+V-,P+V-,P+V+,⚠️ 頂部背離,29.0,45.59,0.636,23,16,18,19.9,,,,,,,,,,,,,,,,,,,,,,,,,,,,14,34,34,,34,吃老本,,False,False
JBHT,Industrials,J.B. Hunt,2026-08-03,266.46,-2.94,6.31,32.07,16.88,0.667,1119940,1027747,1023620,7.49,0.81,-16.73,P-V+,P+V+,P+V-,➡️ 中性,100.93,39.11,2.581,58,36,8,41.4,9.55,3.09,False,False,279.19,10.77,1.118,False,299.26,299.76,-10.96,-5.0,-3.9,6.0,14.0,1209583.0,1081521.0,0.429,847700.0,1033810.0,1188146.0,0.713,71.66,38.62,多頭,頭頭高·底底高,空頭確認,15,30,27,23.4,26,吃老本,,False,True
UNP,Industrials,Union Pacific Corporation,2026-08-03,289.88,2.86,8.63,26.54,16.15,1.0,3201945,2972072,3179605,16.96,-12.25,-18.33,P+V+,P+V-,P+V-,➡️ 中性,31.73,22.12,1.435,34,29,13,28.3,5.17,2.42,False,True,276.43,10.55,1.054,False,314.53,315.99,-7.84,-2.7,3.06,10.0,10.0,3285490.0,3118400.0,1.0,2342600.0,3788200.0,3591900.0,0.652,84.19,53.42,擴散,頭頭高·底底低,,16,22,30,21.2,23,吃老本,,False,True
MMM,Industrials,3M,2026-08-03,176.46,12.16,21.59,13.22,15.05,1.0,3840525,3895752,3955314,-3.45,-2.97,26.26,P+V-,P+V-,P+V+,⚠️ 頂部背離,12.27,26.33,0.466,6,10,31,12.2,6.84,7.88,False,True,160.56,9.46,1.212,False,184.09,184.9,-4.15,-0.56,11.36,11.0,8.0,4102718.0,3385850.0,1.375,2749500.0,4782340.0,4343913.0,0.633,98.42,65.86,多頭,頭頭高·底底高,多頭確認,17,8,32,16.4,13,剛爆發,,False,True
JCI,Industrials,Johnson Controls,2026-08-03,146.39,4.1,0.52,25.9,14.1,1.0,3494020,4172216,4204730,-34.45,-1.53,-14.95,P+V-,P+V-,P+V-,⚠️ 量能衰竭,34.82,27.89,1.249,29,47,14,31.4,9.01,6.46,False,True,142.18,8.51,0.819,False,151.18,151.18,-3.17,2.09,2.57,11.0,9.0,3178218.0,3880000.0,1.222,3172500.0,3674700.0,3512160.0,0.903,85.05,57.52,收斂,頭頭低·底底高,多轉空預警 / 空轉多預警,18,21,18,19.2,19,,,False,True
ADP,Industrials,Automatic Data Processing,2026-08-03,269.78,9.85,28.26,7.69,13.37,1.0,2442235,2787867,3292700,-18.92,-26.59,67.22,P+V-,P+V-,P+V+,⚠️ 頂部背離,-18.07,23.73,-0.761,11,5,44,15.8,1.58,2.26,False,True,235.95,15.61,1.053,False,307.44,315.98,-12.25,5.8,12.65,11.0,9.0,2498372.0,2373622.0,1.222,3103700.0,2715390.0,2622093.0,1.184,96.66,66.78,多頭,頭頭高·底底高,多頭確認,19,10,11,13.8,6,剛爆發,,False,True
IEX,Industrials,IDEX Corporation,2026-08-03,232.7,5.26,7.55,20.24,13.32,1.0,775850,724484,799568,7.99,-17.17,17.13,P+V+,P+V-,P+V+,➡️ 中性,43.16,23.71,1.821,24,32,21,25.8,,,,,,,,,,,,,,,,,,,,,,,,,,,,20,34,34,,34,吃老本,,False,False
ROK,Industrials,Rockwell Automation,2026-08-03,479.5,2.58,17.99,15.34,12.81,1.0,753505,820261,903589,-16.57,-16.89,5.67,P+V-,P+V-,P+V+,⚠️ 頂部背離,42.15,24.56,1.716,37,12,27,27.5,3.15,14.55,False,True,463.11,8.36,1.005,False,495.83,497.36,-3.29,3.21,-0.39,12.0,8.0,754966.0,751312.0,1.5,1676100.0,817560.0,768066.0,2.182,91.14,57.7,多頭,頭頭高·底底高,,21,18,2,16.0,11,,,False,True
LUV,Industrials,Southwest Airlines,2026-08-03,46.85,-4.77,24.67,14.85,12.4,0.667,5637350,6369564,8106547,-19.79,-35.29,-15.21,P-V-,P+V-,P+V-,➡️ 中性,73.71,47.79,1.542,65,8,28,40.5,80.17,-5.03,False,True,46.13,10.46,1.013,False,54.38,55.11,-13.85,3.72,-7.36,10.0,10.0,5674490.0,5600210.0,1.0,7846600.0,6286370.0,5883566.0,1.334,79.81,50.91,收斂,頭頭低·底底高,多轉空預警 / 空頭確認,22,26,6,20.4,21,,,False,True
RTX,Industrials,RTX Corporation,2026-08-03,215.93,7.87,23.56,8.44,12.08,1.0,5024060,5426744,5743852,-9.81,-10.46,24.07,P+V-,P+V-,P+V+,⚠️ 頂部背離,30.46,28.88,1.055,16,9,41,18.9,13.71,16.95,False,True,190.63,14.85,1.108,False,220.61,221.34,-2.12,-0.81,7.59,12.0,8.0,5228308.0,4717687.0,1.5,3814300.0,6122960.0,5436333.0,0.702,96.12,71.53,多頭,頭頭高·底底高,多頭確認,23,12,28,19.6,20,剛爆發,,False,True
NSC,Industrials,Norfolk Southern,2026-08-03,335.32,4.31,7.05,17.52,11.6,1.0,1147495,1175089,1255708,0.75,-12.07,-25.19,P+V+,P+V-,P+V-,➡️ 中性,18.71,18.85,0.992,27,35,24,28.8,,,,,,,,,,,,,,,,,,,,,,,,,,,,24,34,34,,34,吃老本,,False,False
ITW,Industrials,Illinois Tool Works,2026-08-03,288.49,6.42,12.49,12.9,11.18,1.0,1565400,1494812,1448696,3.92,6.58,30.32,P+V+,P+V+,P+V+,⭐⭐⭐ 完美多頭,11.45,20.44,0.56,19,19,32,21.6,,,,,,,,,,,,,,,,,,,,,,,,,,,,25,34,34,,34,吃老本,,False,False
VRT,Industrials,Vertiv,2026-08-03,263.05,-13.92,-19.9,39.09,11.09,0.333,6280485,6404275,7113333,-15.63,-18.13,1.51,P-V-,P-V-,P+V+,😴 弱勢縮量,125.17,57.84,2.164,78,78,5,63.4,6.42,15.67,False,False,304.67,34.17,1.031,False,379.86,379.93,-30.75,-8.54,-17.4,9.0,11.0,6385988.0,6194163.0,0.818,9517100.0,8223920.0,6968673.0,1.366,66.46,42.71,空頭,頭頭低·底底低,空頭確認,26,33,4,24.4,27,吃老本,,False,True
CTAS,Industrials,Cintas,2026-08-03,203.48,12.2,17.09,7.23,10.94,1.0,2650110,2319109,2261831,20.09,5.2,14.84,P+V+,P+V+,P+V+,⭐⭐⭐ 完美多頭,-18.77,23.03,-0.815,5,15,46,16.2,2.35,0.4,False,True,183.12,11.2,1.084,False,224.04,226.75,-9.17,-3.3,14.46,12.0,8.0,2734908.0,2522912.0,1.5,2093600.0,2580880.0,2875260.0,0.728,98.82,59.7,擴散,頭頭高·底底低,,27,6,26,18.4,18,剛爆發,,False,True
CAT,Industrials,Caterpillar Inc.,2026-08-03,830.03,-11.55,-6.58,30.4,10.67,0.333,3025655,3199186,2982468,-22.92,15.67,7.21,P-V-,P-V+,P+V+,➡️ 中性,127.87,35.31,3.622,76,65,9,59.3,19.3,9.51,False,False,917.87,15.69,0.875,False,1071.47,1073.46,-22.53,-4.95,-14.26,9.0,11.0,2805166.0,3206054.0,0.818,3314300.0,3202380.0,3099320.0,1.069,67.05,39.66,空頭,頭頭低·底底低,多轉空預警 / 空頭確認,28,32,12,26.4,29,,,False,True
FDX,Industrials,FedEx,2026-08-03,309.24,-1.16,-4.49,23.8,10.49,0.333,1560285,2033376,2175158,-34.35,-12.24,-4.82,P-V-,P-V-,P+V-,⚠️ 主升段結束,80.62,24.53,3.286,53,58,16,47.1,,,,,,,,,,,,,,,,,,,,,,,,,,,,29,34,34,,34,,,False,False
ODFL,Industrials,Old Dominion,2026-08-03,211.19,-1.85,-0.3,21.58,10.25,0.333,1713695,1893640,2115126,-13.39,-18.96,-0.47,P-V-,P-V-,P+V-,⚠️ 主升段結束,53.58,39.36,1.361,57,51,20,47.8,,,,,,,,,,,,,,,,,,,,,,,,,,,,30,34,34,,34,,,False,False
PCAR,Industrials,Paccar,2026-08-03,131.71,6.11,11.51,9.94,9.37,1.0,3669720,3249610,3203114,6.7,2.95,5.88,P+V+,P+V+,P+V+,⭐⭐⭐ 完美多頭,33.81,24.19,1.398,20,21,40,24.3,,,,,,,,,,,,,,,,,,,,,,,,,,,,31,34,34,,34,,,False,False
DE,Industrials,Deere & Company,2026-08-03,605.06,0.24,2.84,17.18,9.36,1.0,1079780,1283915,1401716,-19.58,-15.51,0.39,P+V-,P+V-,P+V+,⚠️ 頂部背離,28.39,25.7,1.105,46,43,25,40.9,,,,,,,,,,,,,,,,,,,,,,,,,,,,32,34,34,,34,,,False,False
EXPD,Industrials,Expeditors International,2026-08-03,170.59,2.93,15.94,8.26,8.85,1.0,1301540,1269601,1362954,-4.07,-12.82,4.69,P+V-,P+V-,P+V+,⚠️ 頂部背離,46.04,25.71,1.791,33,17,42,30.0,,,,,,,,,,,,,,,,,,,,,,,,,,,,33,34,34,,34,,,False,False
HON,Industrials,Honeywell Technologies,2026-08-03,246.03,9.65,10.39,7.63,8.82,1.0,3396805,4554596,4204340,-44.06,18.18,1.03,P+V-,P+V+,P+V+,⚠️ 頂部背離,9.77,24.5,0.399,13,24,45,22.7,7.22,5.55,False,True,233.48,10.96,0.902,False,258.09,260.28,-4.67,0.42,6.74,14.0,6.0,3289028.0,3648283.0,2.333,3279000.0,3611330.0,3395746.0,0.966,100.0,62.06,多頭,頭頭高·底底高,空轉多預警,34,1,15,17.0,15,剛爆發,,False,True
EMR,Industrials,Emerson Electric,2026-08-03,154.33,12.28,10.71,5.69,8.59,1.0,2665130,2874633,3123952,-8.12,-14.78,8.7,P+V-,P+V-,P+V+,⚠️ 頂部背離,1.47,27.34,0.054,4,23,48,18.5,0.44,3.39,False,True,141.85,12.85,1.078,False,163.3,165.15,-5.5,3.72,9.39,15.0,5.0,2714020.0,2518460.0,3.0,3431800.0,3057220.0,2843873.0,1.207,100.0,66.02,擴散,頭頭高·底底低,多頭確認,35,1,9,16.2,12,剛爆發,,False,True
NDSN,Industrials,Nordson Corporation,2026-08-03,302.62,5.8,5.21,11.39,8.45,1.0,328105,398932,392683,-29.01,3.23,6.7,P+V-,P+V+,P+V+,⚠️ 頂部背離,42.18,17.99,2.345,22,37,37,29.5,,,,,,,,,,,,,,,,,,,,,,,,,,,,36,34,34,,34,,,False,False
SNA,Industrials,Snap-on,2026-08-03,406.89,0.16,7.51,12.78,8.31,1.0,379515,356849,386448,1.32,-14.23,30.84,P+V+,P+V-,P+V+,➡️ 中性,33.74,16.34,2.065,47,34,33,40.3,,,,,,,,,,,,,,,,,,,,,,,,,,,,37,34,34,,34,,,False,False
FAST,Industrials,Fastenal,2026-08-03,48.11,2.68,7.67,11.26,8.22,1.0,9012790,7746513,7890886,18.7,-3.59,14.52,P+V+,P+V-,P+V+,➡️ 中性,8.03,24.41,0.329,36,30,38,34.6,,,,,,,,,,,,,,,,,,,,,,,,,,,,38,34,34,,34,,,False,False
AME,Industrials,Ametek,2026-08-03,243.77,5.21,3.67,10.86,7.65,1.0,1062200,1230912,1277656,-16.58,-7.06,-3.35,P+V-,P+V-,P+V-,⚠️ 量能衰竭,30.86,17.85,1.729,25,40,39,32.3,,,,,,,,,,,,,,,,,,,,,,,,,,,,39,34,34,,34,,,False,False
PH,Industrials,Parker Hannifin,2026-08-03,995.52,4.18,9.94,8.17,7.61,1.0,552960,729341,728692,-18.04,0.18,16.47,P+V-,P+V+,P+V+,⚠️ 頂部背離,37.59,23.25,1.617,28,28,43,31.0,,,,,,,,,,,,,,,,,,,,,,,,,,,,40,34,34,,34,剛爆發,,False,False
ALLE,Industrials,Allegion,2026-08-03,161.28,15.76,17.8,-2.6,7.09,0.667,1462650,1219653,1086181,17.98,28.02,24.78,P+V+,P+V+,P-V+,🚀 健康多頭,-14.46,29.45,-0.491,1,14,58,16.3,8.29,-5.09,False,True,137.9,17.73,1.362,False,181.67,183.11,-11.22,1.99,15.08,11.0,9.0,1661563.0,1219533.0,1.222,1345400.0,1694020.0,1511480.0,0.89,100.0,73.25,多頭,頭頭高·底底高,多頭確認,41,1,21,21.0,22,剛爆發,🚀 暴漲中,True,True
TT,Industrials,Trane Technologies,2026-08-03,460.12,-3.05,-6.15,18.12,6.76,0.333,1301320,1390707,1411756,-8.71,-2.94,3.99,P-V-,P-V-,P+V+,😴 弱勢縮量,11.7,27.34,0.428,59,62,22,52.5,,,,,,,,,,,,,,,,,,,,,,,,,,,,42,34,34,,34,剛爆發,,False,False
EME,Industrials,Emcor,2026-08-03,817.42,6.44,-8.28,14.24,6.66,0.667,499575,441172,410296,6.02,16.27,-16.92,P+V+,P-V+,P+V-,➡️ 中性,26.22,38.49,0.681,18,68,29,35.2,,,,,,,,,,,,,,,,,,,,,,,,,,,,43,34,34,,34,剛爆發,,False,False
IR,Industrials,Ingersoll Rand,2026-08-03,87.76,11.52,9.95,1.8,6.27,1.0,4431335,4185080,4128750,2.18,2.77,33.04,P+V+,P+V+,P+V+,⭐⭐⭐ 完美多頭,7.64,31.01,0.246,8,27,52,22.5,4.06,4.03,False,True,77.96,10.72,0.921,False,100.89,100.96,-13.01,3.69,8.87,12.0,8.0,4284933.0,4650937.0,1.5,5741200.0,4746420.0,4684760.0,1.226,95.42,65.26,多頭,頭頭高·底底高,多頭確認,44,13,8,24.4,27,剛爆發,🚀 暴漲中,True,True
GD,Industrials,General Dynamics,2026-08-03,382.43,2.08,11.56,5.26,6.04,1.0,1175580,1258873,1336556,-19.38,-10.99,16.91,P+V-,P+V-,P+V+,⚠️ 頂部背離,23.42,21.44,1.093,38,20,49,34.8,,,,,,,,,,,,,,,,,,,,,,,,,,,,45,34,34,,34,剛爆發,,False,False
MAS,Industrials,Masco,2026-08-03,74.4,-5.81,4.55,12.27,5.82,0.667,2823010,2622136,2806798,17.89,-12.35,18.09,P-V+,P+V-,P+V+,⚠️ 中期出貨,19.94,36.32,0.549,69,39,34,53.0,,,,,,,,,,,,,,,,,,,,,,,,,,,,46,34,34,,34,剛爆發,,False,False
LMT,Industrials,Lockheed Martin,2026-08-03,582.69,9.51,13.93,-0.29,5.72,0.667,1214765,1303272,1481442,-12.97,-21.47,-7.56,P+V-,P+V-,P-V-,➡️ 中性,31.23,29.97,1.042,14,18,55,23.4,10.29,-3.78,False,True,526.29,18.88,1.471,False,683.27,692.0,-14.72,1.08,8.98,9.0,11.0,1474288.0,1002427.0,0.818,1236400.0,1560700.0,1343533.0,0.92,93.83,68.71,空頭,頭頭低·底底低,多轉空預警 / 多頭確認,47,14,17,27.8,30,剛爆發,,False,True
AXON,Industrials,Axon Enterprise,2026-08-03,575.88,-10.08,43.34,-5.63,5.5,0.333,817135,1113020,1120835,-31.03,-1.38,53.33,P-V-,P+V-,P-V+,➡️ 中性,-16.18,75.03,-0.216,74,1,62,49.7,0.8,34.51,False,True,495.99,17.53,1.014,False,885.92,885.92,-35.0,9.59,-7.47,10.0,10.0,822820.0,811450.0,1.0,1105700.0,737190.0,712526.0,1.552,82.1,61.64,多頭,頭頭高·底底高,,48,25,3,29.8,31,剛爆發,,False,True
CMI,Industrials,Cummins,2026-08-03,646.44,-1.71,-3.0,13.34,5.49,0.333,923480,1034347,978703,-22.26,12.06,9.71,P-V-,P-V+,P+V+,➡️ 中性,93.65,29.82,3.14,56,55,30,50.5,,,,,,,,,,,,,,,,,,,,,,,,,,,,49,34,34,,34,剛爆發,,False,False
FTV,Industrials,Fortive,2026-08-03,59.39,-4.94,-0.45,12.1,4.7,0.333,2894155,3136590,3439726,-3.82,-16.2,-0.72,P-V-,P-V-,P+V-,⚠️ 主升段結束,37.23,25.17,1.479,66,52,35,55.6,,,,,,,,,,,,,,,,,,,,,,,,,,,,50,34,34,,34,剛爆發,,False,False
J,Industrials,Jacobs Solutions,2026-08-03,138.38,6.47,7.53,2.01,4.51,1.0,860870,1275441,1106433,-38.15,36.06,20.63,P+V-,P+V+,P+V+,⚠️ 頂部背離,-6.3,29.1,-0.216,17,33,51,28.6,,,,,,,,,,,,,,,,,,,,,,,,,,,,51,34,34,,34,剛爆發,,False,False
DD,Industrials,DuPont,2026-08-03,140.66,1.2,3.55,6.41,4.39,1.0,1580075,1460229,1405359,6.4,8.13,-37.6,P+V+,P+V+,P+V-,🚀 健康多頭,63.64,29.52,2.156,40,41,47,41.7,,,,,,,,,,,,,,,,,,,,,,,,,,,,52,34,34,,34,剛爆發,,False,False
CARR,Industrials,Carrier Global,2026-08-03,63.17,-7.68,-5.28,11.48,2.5,0.333,7271480,6729267,7017058,21.86,-7.88,7.98,P-V+,P-V-,P+V+,⚠️ 中期出貨,5.98,31.3,0.191,73,60,36,61.7,,,,,,,,,,,,,,,,,,,,,,,,,,,,53,34,34,,34,剛爆發,,False,False
FERG,Industrials,Ferguson Enterprises,2026-08-03,249.15,12.05,-6.23,0.16,1.54,0.667,1765465,1522286,1463036,28.12,8.44,-6.49,P+V+,P-V+,P+V-,➡️ 中性,4.63,26.09,0.178,7,63,53,33.0,4.34,0.55,False,True,229.86,14.88,1.75,False,268.59,271.64,-7.24,6.83,9.24,11.0,9.0,2187363.0,1249811.0,1.222,10851500.0,2293360.0,1897033.0,5.72,100.0,66.39,收斂,頭頭低·底底高,多轉空預警 / 空轉多預警 / 多頭確認,54,1,1,22.2,24,剛爆發,🎯 潛在暴漲,True,True
UPS,Industrials,United Parcel Service,2026-08-03,105.19,-4.55,-0.12,2.79,0.23,0.333,5391095,5642846,6094694,7.15,-13.8,-18.06,P-V+,P-V-,P+V-,➡️ 中性,39.16,30.33,1.291,64,50,50,57.0,,,,,,,,,,,,,,,,,,,,,,,,,,,,55,34,34,,34,剛爆發,,False,False
GNRC,Industrials,Generac,2026-08-03,201.21,-14.67,-22.38,18.05,-0.24,0.333,1178380,991790,1038830,20.26,-8.66,-7.35,P-V+,P-V-,P+V-,➡️ 中性,33.15,65.17,0.509,79,80,23,68.1,,,,,,,,,,,,,,,,,,,,,,,,,,,,56,34,34,,34,剛爆發,,False,False
VLTO,Industrials,Veralto,2026-08-03,94.82,1.85,7.66,-5.43,-0.34,0.667,1791850,2262733,2202122,-29.68,5.66,51.67,P+V-,P+V+,P-V+,➡️ 中性,-11.24,20.4,-0.551,39,31,61,41.0,,,,,,,,,,,,,,,,,,,,,,,,,,,,57,34,34,,34,剛爆發,,False,False
BA,Industrials,Boeing,2026-08-03,233.49,0.78,1.95,-4.53,-1.58,0.667,5896880,6422381,6683383,-0.87,-7.52,-15.58,P+V-,P+V-,P-V-,➡️ 中性,5.7,30.69,0.186,42,44,60,46.2,,,,,,,,,,,,,,,,,,,,,,,,,,,,58,34,34,,34,剛爆發,,False,False
HUBB,Industrials,Hubbell Incorporated,2026-08-03,474.57,-0.6,-6.04,-1.11,-2.21,0.0,595526,676829,612787,-14.48,23.34,18.74,P-V-,P-V+,P-V+,➡️ 中性,17.54,31.45,0.558,52,61,56,55.5,,,,,,,,,,,,,,,,,,,,,,,,,,,,59,34,34,,34,剛爆發,,False,False
WM,Industrials,Waste Management,2026-08-03,226.43,-4.54,-2.21,-1.31,-2.34,0.0,1838325,2161067,2196207,-24.77,-3.15,20.43,P-V-,P-V-,P-V+,😴 弱勢縮量,1.65,22.03,0.075,63,54,57,59.1,,,,,,,,,,,,,,,,,,,,,,,,,,,,60,34,34,,34,剛爆發,,False,False
RSG,Industrials,Republic Services,2026-08-03,209.62,-5.77,0.48,-2.93,-2.79,0.333,1353875,1665356,1575894,-17.7,12.04,14.69,P-V-,P+V+,P-V+,➡️ 中性,-6.12,19.17,-0.319,68,48,59,60.2,,,,,,,,,,,,,,,,,,,,,,,,,,,,61,34,34,,34,剛爆發,,False,False
TDG,Industrials,TransDigm Group,2026-08-03,1285.56,-3.31,10.83,-9.92,-3.08,0.333,348730,388658,395826,-13.0,-3.56,19.29,P-V-,P+V-,P-V+,➡️ 中性,-9.23,28.51,-0.324,60,22,64,49.4,,,,,,,,,,,,,,,,,,,,,,,,,,,,62,34,34,,34,剛爆發,,False,False
DOV,Industrials,Dover Corporation,2026-08-03,205.18,-3.89,-8.92,-0.27,-3.34,0.0,1278740,1059526,1159798,13.22,-15.92,5.36,P-V+,P-V-,P-V+,➡️ 中性,24.01,23.18,1.036,62,70,54,62.8,,,,,,,,,,,,,,,,,,,,,,,,,,,,63,34,34,,34,剛爆發,,False,False
VRSK,Industrials,Verisk Analytics,2026-08-03,193.11,0.45,4.96,-10.24,-3.77,0.667,1818245,2324341,2270386,-45.55,4.87,71.52,P+V-,P+V+,P-V+,➡️ 中性,-30.3,40.37,-0.751,44,38,65,46.4,,,,,,,,,,,,,,,,,,,,,,,,,,,,64,34,34,,34,剛爆發,,False,False
AOS,Industrials,A. O. Smith,2026-08-03,60.73,-0.35,-1.2,-12.59,-6.68,0.0,1882790,1849870,1676041,-1.81,23.14,37.51,P-V-,P-V+,P-V+,➡️ 中性,-9.87,24.81,-0.398,51,53,68,55.0,,,,,,,,,,,,,,,,,,,,,,,,,,,,65,34,34,,34,剛爆發,,False,False
XYL,Industrials,Xylem Inc.,2026-08-03,118.63,-1.3,1.17,-14.57,-7.32,0.333,2071535,2010410,2124527,5.29,-10.2,72.64,P-V+,P+V-,P-V+,➡️ 中性,-14.92,22.48,-0.664,54,46,69,54.6,,,,,,,,,,,,,,,,,,,,,,,,,,,,66,34,34,,34,剛爆發,,False,False
EFX,Industrials,Equifax,2026-08-03,173.61,-0.27,0.44,-15.79,-7.85,0.333,1840015,1776269,1821433,-6.44,-4.84,37.68,P-V-,P+V-,P-V+,➡️ 中性,-27.6,38.98,-0.708,50,49,70,53.7,,,,,,,,,,,,,,,,,,,,,,,,,,,,67,34,34,,34,剛爆發,,False,False
UBER,Industrials,Uber,2026-08-03,71.61,-3.66,-4.02,-11.85,-7.85,0.0,16017975,19795780,19381120,-30.76,4.37,7.49,P-V-,P-V+,P-V+,➡️ 中性,-16.67,25.28,-0.659,61,57,66,60.8,,,,,,,,,,,,,,,,,,,,,,,,,,,,67,34,34,,34,剛爆發,,False,False
TXT,Industrials,Textron,2026-08-03,86.39,-5.67,-9.95,-8.28,-8.05,0.0,1775005,1598386,1630516,6.08,-3.86,10.71,P-V+,P-V-,P-V+,➡️ 中性,21.62,24.52,0.882,67,71,63,67.4,,,,,,,,,,,,,,,,,,,,,,,,,,,,69,34,34,,34,剛爆發,,False,False
BR,Industrials,Broadridge Financial Solutions,2026-08-03,156.38,5.88,2.87,-22.84,-9.23,0.667,941235,1454606,1512823,-43.91,-7.41,106.54,P+V-,P+V-,P-V+,➡️ 中性,-39.61,28.43,-1.393,21,42,76,38.3,,,,,,,,,,,,,,,,,,,,,,,,,,,,70,34,34,,34,剛爆發,,False,False
HII,Industrials,Huntington Ingalls Industries,2026-08-03,324.44,12.61,-10.14,-22.33,-10.55,0.333,541790,558009,531610,6.65,10.45,8.88,P+V+,P-V+,P-V+,➡️ 中性,10.84,33.44,0.324,3,72,74,37.9,38.02,1.68,False,True,290.88,23.94,1.395,False,455.9,460.0,-28.84,13.08,10.83,9.0,11.0,641811.0,459954.0,0.818,606000.0,681110.0,617453.0,0.981,98.42,67.14,空頭,頭頭低·底底低,多頭確認,71,8,14,34.4,32,剛爆發,,False,True
NOC,Industrials,Northrop Grumman,2026-08-03,545.99,-0.1,-4.93,-18.58,-10.55,0.0,927995,961081,920681,-15.43,9.18,15.61,P-V-,P-V+,P-V+,➡️ 中性,-5.13,28.84,-0.178,49,59,72,56.6,,,,,,,,,,,,,,,,,,,,,,,,,,,,71,34,34,,34,剛爆發,,False,False
OTIS,Industrials,Otis Worldwide,2026-08-03,71.76,-1.69,-6.74,-19.42,-11.82,0.0,3945195,3873818,3934835,2.1,-3.05,33.79,P-V+,P-V-,P-V+,➡️ 中性,-11.71,22.94,-0.511,55,66,73,61.9,,,,,,,,,,,,,,,,,,,,,,,,,,,,73,34,34,,34,剛爆發,,False,False
LHX,Industrials,L3Harris,2026-08-03,276.54,-5.94,-12.97,-22.35,-15.9,0.0,1515435,1459960,1428031,-3.25,4.57,16.04,P-V-,P-V+,P-V+,➡️ 中性,10.02,27.6,0.363,70,74,75,72.2,,,,,,,,,,,,,,,,,,,,,,,,,,,,74,34,34,,34,剛爆發,,False,False
LII,Industrials,Lennox International,2026-08-03,435.0,-21.89,-18.48,-12.32,-16.26,0.0,557910,463298,482498,33.8,-7.65,10.58,P-V+,P-V-,P-V+,➡️ 中性,-5.26,31.77,-0.166,80,76,67,76.2,,,,,,,,,,,,,,,,,,,,,,,,,,,,75,34,34,,34,剛爆發,,False,False
CPRT,Industrials,Copart,2026-08-03,29.35,0.27,-11.36,-27.3,-16.42,0.333,12038320,11672046,10409317,-14.06,27.61,35.98,P+V-,P-V+,P-V+,➡️ 中性,-35.75,26.82,-1.333,45,73,77,59.8,,,,,,,,,,,,,,,,,,,,,,,,,,,,76,34,34,,34,剛爆發,,False,False
CHRW,Industrials,C.H. Robinson,2026-08-03,146.37,-23.02,-18.87,-17.97,-19.46,0.0,2457225,1963158,2132241,71.69,-14.69,31.39,P-V+,P-V-,P-V+,➡️ 中性,68.23,42.34,1.612,81,77,71,77.8,,,,,,,,,,,,,,,,,,,,,,,,,,,,77,34,34,,34,剛爆發,,False,False
LDOS,Industrials,Leidos,2026-08-03,118.72,9.35,-20.16,-36.18,-20.79,0.333,1373015,1612055,1344699,-33.06,49.63,60.42,P+V-,P-V+,P-V+,➡️ 中性,-30.99,33.65,-0.921,15,79,78,46.8,7.56,5.91,False,True,113.74,13.79,0.975,False,204.08,205.77,-41.83,3.28,9.2,11.0,9.0,1357536.0,1391933.0,1.222,1838100.0,1343450.0,1408813.0,1.305,92.23,62.02,收斂,頭頭低·底底高,空轉多預警 / 多頭確認,78,17,7,39.4,33,剛爆發,,False,True
BLDR,Industrials,Builders FirstSource,2026-08-03,72.48,-7.57,-8.36,-38.2,-23.09,0.0,2433750,2697958,2505160,0.49,16.68,23.09,P-V+,P-V+,P-V+,📉 主力出貨,-36.76,48.22,-0.762,72,69,80,72.7,,,,,,,,,,,,,,,,,,,,,,,,,,,,79,34,34,,34,剛爆發,,False,False
PNR,Industrials,Pentair,2026-08-03,67.07,-10.4,-16.54,-37.2,-25.34,0.0,3861060,2716476,2279466,87.09,47.44,69.94,P-V+,P-V+,P-V+,📉 主力出貨,-24.35,31.82,-0.765,75,75,79,75.8,,,,,,,,,,,,,,,,,,,,,,,,,,,,80,34,34,,34,剛爆發,,False,False
ROL,Industrials,"Rollins, Inc.",2026-08-03,38.0,-12.45,-31.24,-39.46,-30.65,0.0,6312185,4868207,4052313,36.81,50.42,90.67,P-V+,P-V+,P-V+,📉 主力出貨,-25.07,26.61,-0.942,77,81,81,79.0,,,,,,,,,,,,,,,,,,,,,,,,,,,,81,34,34,,34,剛爆發,,False,False
DELL,Information Technology,Dell Technologies,2026-08-03,429.02,2.98,105.66,275.95,165.13,1.0,6601710,8658672,8533643,-21.71,2.97,27.37,P+V-,P+V+,P+V+,⚠️ 頂部背離,227.02,86.23,2.633,37,2,1,19.3,63.99,10.74,False,True,402.18,23.1,1.05,False,468.7,469.47,-8.47,0.49,4.35,10.0,10.0,6761970.0,6441450.0,1.0,4838300.0,5885900.0,6498220.0,0.745,86.18,54.54,空頭,頭頭低·底底低,多轉空預警,1,21,29,14.6,11,吃老本,🔥 追高風險,False,True
HPE,Information Technology,Hewlett Packard Enterprise,2026-08-03,50.24,15.57,75.14,134.78,90.07,1.0,17161880,25688920,21685045,-36.14,45.29,-14.08,P+V-,P+V+,P+V-,⚠️ 量能背離,122.36,54.33,2.252,5,6,3,4.9,48.03,10.75,False,True,46.24,15.33,0.942,False,64.06,64.25,-21.58,4.25,16.43,12.0,8.0,16750233.0,17779350.0,1.5,17026300.0,15294700.0,16274620.0,1.046,100.0,59.57,多頭,頭頭高·底底高,空轉多預警,2,1,8,2.8,1,,🔥 追高風險,False,True
SNDK,Information Technology,Sandisk,2026-08-03,1288.03,-20.38,17.47,167.54,83.04,0.667,16390495,14048898,16579258,37.04,-26.48,84.03,P-V+,P+V-,P+V+,⚠️ 中期出貨,4120.74,116.37,35.41,71,22,2,42.5,59.67,74.97,False,False,1707.12,52.07,0.704,False,2354.39,2354.39,-45.29,0.77,-26.16,10.0,10.0,13538340.0,19242650.0,1.0,14759300.0,18440150.0,17529853.0,0.842,61.92,43.19,空頭,頭頭低·底底低,多轉空預警 / 空頭確認,3,30,21,17.4,16,吃老本,🔥 追高風險,False,True
DDOG,Information Technology,Datadog,2026-08-03,273.6,6.54,106.97,97.96,77.36,1.0,4190900,5654964,5587066,-14.24,2.46,18.2,P+V-,P+V+,P+V+,⚠️ 頂部背離,88.33,70.19,1.258,22,1,11,13.5,18.25,6.33,False,True,246.1,15.99,1.131,False,278.76,278.76,-1.85,8.63,7.14,11.0,9.0,4420927.0,3909755.0,1.222,5082000.0,4210410.0,3959733.0,1.283,95.86,64.3,收斂,頭頭低·底底高,多轉空預警 / 空轉多預警,4,14,3,7.8,2,吃老本,,False,True
FTNT,Information Technology,Fortinet,2026-08-03,163.21,2.86,93.58,99.74,73.98,1.0,5496515,6351401,6409878,-18.81,-1.81,-1.03,P+V-,P+V-,P+V-,⚠️ 量能衰竭,66.75,45.91,1.454,39,3,10,22.4,20.53,32.63,False,True,150.34,16.42,1.297,False,170.35,170.35,-4.19,7.11,0.53,10.0,10.0,6207700.0,4785330.0,1.0,5916900.0,6374110.0,5805840.0,1.019,90.86,61.34,多頭,頭頭高·底底高,,5,17,9,10.6,3,吃老本,,False,True
PANW,Information Technology,Palo Alto Networks,2026-08-03,347.13,2.99,93.58,89.17,68.73,1.0,6509585,7955963,9313497,-14.81,-25.44,35.01,P+V-,P+V-,P+V+,⚠️ 頂部背離,106.81,44.52,2.399,36,3,13,21.5,6.62,9.88,False,True,307.28,13.24,1.049,False,368.8,368.8,-5.88,9.39,-2.91,9.0,11.0,6681455.0,6368963.0,0.818,7306700.0,6141000.0,6225393.0,1.174,82.64,60.6,多頭,頭頭高·底底高,,6,22,6,12.4,4,吃老本,,False,True
STX,Information Technology,Seagate Technology,2026-08-03,831.06,0.41,23.46,124.1,68.02,1.0,5562340,4782587,4515182,14.26,12.59,11.19,P+V+,P+V+,P+V+,⭐⭐⭐ 完美多頭,465.49,65.18,7.141,43,19,5,28.2,12.09,16.76,False,False,891.68,28.16,1.043,False,1144.18,1145.0,-27.37,1.72,-4.28,12.0,8.0,5656033.0,5421800.0,1.5,5329400.0,6281050.0,5960913.0,0.894,88.87,47.85,空頭,頭頭低·底底低,,7,20,14,13.6,7,吃老本,🔥 追高風險,False,True
MRVL,Information Technology,Marvell Technology,2026-08-03,193.78,-15.98,17.36,133.84,67.27,0.667,24515710,40551558,31381423,-59.88,82.57,66.72,P-V-,P+V+,P+V+,➡️ 中性,235.45,70.06,3.361,66,23,4,40.7,0.64,1.05,False,False,239.55,27.18,0.951,False,329.8,329.88,-41.24,2.44,-22.24,10.0,10.0,23897640.0,25133780.0,1.0,21015800.0,22948900.0,24442800.0,0.86,69.27,43.95,擴散,頭頭高·底底低,,8,27,19,17.8,17,吃老本,🔥 追高風險,False,True
MU,Information Technology,Micron Technology,2026-08-03,829.5,-11.6,60.42,102.31,63.36,0.667,46889995,53023378,47299956,-19.54,27.53,83.15,P-V-,P+V+,P+V+,➡️ 中性,840.44,76.11,11.043,63,8,9,35.7,21.39,33.21,False,False,966.71,31.02,0.885,False,1254.81,1255.0,-33.89,-7.85,-15.77,8.0,12.0,43484725.0,49160175.0,0.667,42607100.0,50065450.0,48935893.0,0.871,62.88,44.07,空頭,頭頭低·底底低,多轉空預警,9,29,16,18.4,18,吃老本,🔥 追高風險,False,True
NTAP,Information Technology,NetApp,2026-08-03,182.92,10.67,65.64,84.62,61.39,1.0,2563975,3169261,2748525,-15.73,36.15,36.32,P+V-,P+V+,P+V+,⚠️ 頂部背離,64.1,52.44,1.222,13,7,14,11.4,7.22,2.78,False,True,162.42,12.24,0.909,False,192.25,192.83,-4.85,7.73,12.18,12.0,8.0,2465366.0,2711887.0,1.5,1964500.0,2029240.0,2268453.0,0.866,98.81,68.04,收斂,頭頭低·底底高,多轉空預警 / 多頭確認,10,12,18,12.4,4,,,False,True
WDC,Information Technology,Western Digital,2026-08-03,527.22,-0.92,21.37,108.82,59.52,0.667,7387750,8506898,8911092,-31.26,-8.68,2.07,P-V-,P+V-,P+V+,➡️ 中性,656.4,66.63,9.852,45,20,7,29.9,13.57,10.47,False,False,562.62,30.3,0.903,False,799.87,799.87,-34.09,5.88,-8.7,11.0,9.0,7046445.0,7804900.0,1.222,8279900.0,7550040.0,7761873.0,1.067,81.27,48.73,空頭,頭頭低·底底低,多轉空預警,11,24,7,15.4,13,吃老本,🔥 追高風險,True,True
CRWD,Information Technology,CrowdStrike,2026-08-03,202.54,4.07,81.75,69.97,56.44,1.0,8445035,11937024,14148647,-33.21,-27.04,31.7,P+V-,P+V-,P+V+,⚠️ 頂部背離,78.55,48.17,1.631,30,5,16,19.7,3.05,1.56,False,True,182.2,15.56,1.037,False,217.5,217.5,-6.88,12.45,1.58,7.0,13.0,8646057.0,8336792.0,0.538,10302600.0,8068930.0,8622686.0,1.195,82.16,61.99,多頭,頭頭高·底底高,,12,23,5,15.0,12,吃老本,,False,True
LITE,Information Technology,Lumentum,2026-08-03,779.89,11.59,-13.57,110.41,54.71,0.667,4340940,5521112,5894123,-23.45,-11.9,50.74,P+V-,P-V-,P+V+,⚠️ 頂部背離,585.46,79.82,7.334,11,64,6,25.9,4.62,18.56,False,False,824.38,40.74,1.006,False,1085.68,1085.68,-28.17,9.54,6.65,11.0,9.0,4352800.0,4326444.0,1.222,4198400.0,4626350.0,4506106.0,0.932,93.75,51.22,空頭,頭頭低·底底低,,13,15,13,13.8,8,,🔥 追高風險,True,True
AMD,Information Technology,Advanced Micro Devices,2026-08-03,484.64,-6.1,36.71,92.29,53.8,0.667,27587440,33061633,35715850,-14.22,-13.83,-31.44,P-V-,P+V-,P+V-,➡️ 中性,221.52,72.09,3.073,52,10,12,31.4,5.82,15.98,False,False,512.95,27.58,0.882,False,584.73,584.73,-17.12,-2.08,-12.21,9.0,11.0,25688511.0,29141109.0,0.818,24422300.0,29657290.0,28550053.0,0.855,69.54,46.69,空頭,頭頭低·底底低,,14,26,20,20.0,20,吃老本,,False,True
INTC,Information Technology,Intel,2026-08-03,91.0,-17.56,-3.68,107.15,48.26,0.333,117244225,129700256,117784450,-11.38,22.51,4.41,P-V-,P-V+,P+V+,➡️ 中性,532.83,83.06,6.415,68,51,8,50.9,94.59,2108.68,False,False,112.25,26.87,0.844,False,142.35,142.35,-36.07,-0.73,-25.53,6.0,14.0,103768083.0,123019714.0,0.429,96633600.0,129178450.0,121853506.0,0.793,55.58,40.72,擴散,頭頭高·底底低,,15,31,26,23.6,24,吃老本,🔥 追高風險,False,True
FLEX,Information Technology,Flex Ltd.,2026-08-03,117.45,-10.7,28.29,80.41,44.61,0.667,5018385,7235983,5499882,-48.89,92.25,25.6,P-V-,P+V+,P+V+,➡️ 中性,179.99,63.48,2.835,62,16,15,38.8,8.9,6.07,False,False,138.8,27.36,0.817,False,166.86,166.86,-29.61,1.19,-15.29,9.0,11.0,4466444.0,5469972.0,0.818,4319900.0,6100410.0,5438626.0,0.794,67.86,43.42,空頭,頭頭低·底底低,,16,28,25,22.6,22,吃老本,,False,True
HPQ,Information Technology,HP Inc.,2026-08-03,27.12,18.12,31.59,44.01,34.43,1.0,15031370,18644961,19038085,-10.97,-4.05,60.71,P+V-,P+V-,P+V+,⚠️ 頂部背離,-2.82,42.46,-0.066,3,12,23,9.7,20.26,5.61,False,True,24.67,18.4,1.052,False,29.29,29.65,-7.42,2.15,20.0,14.0,6.0,15257714.0,14503233.0,2.333,11622700.0,15356360.0,15408906.0,0.754,100.0,61.51,收斂,頭頭低·底底高,多轉空預警 / 多頭確認,17,1,28,12.8,6,剛爆發,,False,True
AMAT,Information Technology,Applied Materials,2026-08-03,517.66,-6.54,31.53,56.14,34.32,0.667,8325745,9603783,8365616,-36.97,34.74,7.4,P-V-,P+V+,P+V+,➡️ 中性,231.76,56.43,4.107,54,13,18,34.5,6.5,7.89,False,False,544.83,27.08,0.969,False,738.88,739.67,-29.94,0.26,-12.58,9.0,11.0,8182933.0,8442590.0,0.818,5978900.0,7819480.0,7877853.0,0.759,71.79,46.88,多頭,頭頭高·底底高,,18,25,27,22.6,22,吃老本,,False,True
CSCO,Information Technology,Cisco,2026-08-03,115.86,3.64,27.1,48.61,31.99,1.0,20457100,25091980,24246227,-22.89,7.23,20.94,P+V-,P+V+,P+V+,⚠️ 頂部背離,73.36,35.29,2.079,31,17,21,24.8,,,,,,,,,,,,,,,,,,,,,,,,,,,,19,32,32,,32,吃老本,,False,False
FFIV,Information Technology,"F5, Inc.",2026-08-03,406.35,-2.58,25.46,50.26,30.85,0.667,677940,685309,748503,9.51,-15.57,-15.96,P-V+,P+V-,P+V-,➡️ 中性,36.3,31.52,1.152,48,18,20,33.4,,,,,,,,,,,,,,,,,,,,,,,,,,,,20,32,32,,32,吃老本,,False,False
TER,Information Technology,Teradyne,2026-08-03,365.66,6.61,6.54,53.21,29.9,1.0,3874090,4406729,4016902,-31.75,21.5,11.12,P+V-,P+V+,P+V+,⚠️ 頂部背離,265.3,64.99,4.082,21,33,19,24.2,,,,,,,,,,,,,,,,,,,,,,,,,,,,21,32,32,,32,吃老本,,False,False
KEYS,Information Technology,Keysight Technologies,2026-08-03,321.89,4.13,-8.01,47.78,22.92,0.667,1253640,1563518,1519319,-23.9,5.99,38.28,P+V-,P-V+,P+V+,⚠️ 頂部背離,101.49,41.44,2.449,29,56,22,35.7,,,,,,,,,,,,,,,,,,,,,,,,,,,,22,32,32,,32,吃老本,,False,False
ZBRA,Information Technology,Zebra Technologies,2026-08-03,291.64,10.2,28.9,22.25,20.9,1.0,714020,966400,885424,-22.34,20.13,41.94,P+V-,P+V+,P+V+,⚠️ 頂部背離,-19.37,39.81,-0.487,15,15,33,18.6,11.88,-0.11,False,True,255.17,17.21,1.018,False,352.66,352.66,-17.3,10.22,7.9,9.0,11.0,720866.0,708418.0,0.818,1301100.0,858690.0,760833.0,1.71,88.91,68.0,多頭,頭頭高·底底高,空轉多預警 / 多頭確認,23,19,1,17.0,15,,,False,True
CIEN,Information Technology,Ciena,2026-08-03,390.76,-6.72,-25.93,57.87,20.77,0.333,1994075,2697175,3062225,-48.47,-21.3,15.06,P-V-,P-V-,P+V+,😴 弱勢縮量,389.48,69.66,5.591,55,73,17,52.8,,,,,,,,,,,,,,,,,,,,,,,,,,,,24,32,32,,32,吃老本,,False,False
GEN,Information Technology,Gen Digital,2026-08-03,28.05,5.19,46.82,12.94,19.47,1.0,3873710,6813898,7038617,-46.01,-6.19,70.42,P+V-,P+V-,P+V+,⚠️ 頂部背離,-5.8,38.62,-0.15,26,9,41,23.9,3.4,1.43,False,True,25.55,13.2,1.002,False,31.46,32.22,-10.86,5.35,5.9,11.0,9.0,3876436.0,3870377.0,1.222,3835900.0,3910170.0,4013393.0,0.956,91.54,65.71,空頭,頭頭低·底底低,多頭確認,25,16,11,18.6,19,剛爆發,,False,True
ANET,Information Technology,Arista Networks,2026-08-03,184.89,11.07,7.05,26.04,17.55,1.0,7442230,9586838,8614642,-8.86,25.44,2.62,P+V-,P+V+,P+V+,⚠️ 頂部背離,47.38,53.3,0.889,12,32,30,21.6,7.73,8.17,False,True,167.47,17.14,0.931,False,189.82,189.82,-2.6,8.27,6.7,12.0,8.0,7226841.0,7765312.0,1.5,8335700.0,6562780.0,6885906.0,1.211,96.12,59.41,收斂,頭頭低·底底高,多轉空預警 / 多頭確認,26,13,4,16.4,14,剛爆發,,False,True
TXN,Information Technology,Texas Instruments,2026-08-03,269.04,-7.8,-3.3,39.13,16.79,0.333,8124835,8799615,8327373,-23.24,12.02,11.2,P-V-,P-V+,P+V+,➡️ 中性,71.28,47.09,1.514,56,50,24,47.8,,,,,,,,,,,,,,,,,,,,,,,,,,,,27,32,32,,32,,,False,False
VRSN,Information Technology,Verisign,2026-08-03,298.02,12.04,11.55,20.5,16.15,1.0,838725,840235,859619,-4.43,-4.41,-2.04,P+V-,P+V-,P+V-,⚠️ 量能衰竭,-1.14,30.72,-0.037,9,28,34,19.7,1.11,4.2,False,True,275.34,17.11,1.037,False,311.57,312.48,-4.35,8.76,15.34,13.0,7.0,849315.0,819057.0,1.857,861500.0,1018380.0,904506.0,0.952,100.0,67.16,擴散,頭頭高·底底低,,28,1,12,14.0,9,剛爆發,,False,True
Q,Information Technology,Qnity Electronics,2026-08-03,133.21,-5.15,-5.18,34.19,14.51,0.333,1926205,2043206,2112104,-14.26,-6.32,,P-V-,P-V-,,資料不足,,,,51,52,26,46.3,,,,,,,,,,,,,,,,,,,,,,,,,,,,29,32,32,,32,,,False,False
JBL,Information Technology,Jabil,2026-08-03,318.32,-0.84,-5.64,31.49,14.12,0.333,1100935,1347724,1242680,-33.06,18.47,-6.39,P-V-,P-V+,P+V-,➡️ 中性,54.95,40.13,1.369,44,53,28,43.5,,,,,,,,,,,,,,,,,,,,,,,,,,,,30,32,32,,32,,,False,False
CDW,Information Technology,CDW Corporation,2026-08-03,147.0,6.08,8.52,19.08,13.19,1.0,1843680,2159209,1924603,-6.04,27.76,30.07,P+V-,P+V+,P+V+,⚠️ 頂部背離,-19.0,45.93,-0.414,23,31,36,28.0,,,,,,,,,,,,,,,,,,,,,,,,,,,,31,32,32,,32,,,False,False
LRCX,Information Technology,Lam Research,2026-08-03,294.61,-9.66,14.33,23.78,13.06,0.667,11573085,11646338,11142790,-22.36,9.47,-4.47,P-V-,P+V+,P+V-,➡️ 中性,265.4,56.71,4.68,59,26,31,43.5,,,,,,,,,,,,,,,,,,,,,,,,,,,,32,32,32,,32,,,False,False
COHR,Information Technology,Coherent Corp.,2026-08-03,288.14,-8.27,-9.87,34.64,12.79,0.333,4738905,5798967,6598598,-20.96,-21.62,53.96,P-V-,P-V-,P+V+,😴 弱勢縮量,226.59,75.98,2.982,57,59,25,51.2,,,,,,,,,,,,,,,,,,,,,,,,,,,,33,32,32,,32,,,False,False
MSFT,Information Technology,Microsoft,2026-08-03,486.73,25.41,19.85,1.92,12.28,1.0,37873045,41070132,39340195,-23.15,9.2,74.65,P+V-,P+V+,P+V+,⚠️ 頂部背離,-25.62,29.91,-0.856,2,21,48,16.9,11.81,4.9,False,True,399.98,27.68,1.344,False,550.01,555.45,-11.51,25.33,26.09,13.0,7.0,41600692.0,30950271.0,1.857,66762100.0,45548180.0,41174160.0,1.621,100.0,78.28,多頭,頭頭高·底底高,多頭確認,34,1,2,14.4,10,剛爆發,,False,True
AKAM,Information Technology,Akamai Technologies,2026-08-03,117.88,3.07,14.47,14.16,11.46,1.0,3483425,4939704,4900853,-13.0,1.6,96.09,P+V-,P+V+,P+V+,⚠️ 頂部背離,51.56,60.71,0.849,34,25,39,32.3,,,,,,,,,,,,,,,,,,,,,,,,,,,,35,32,32,,32,,,False,False
AAPL,Information Technology,Apple Inc.,2026-08-03,303.16,-2.33,11.92,17.7,11.25,0.667,54740310,57664890,51565366,-21.3,26.83,2.07,P-V-,P+V+,P+V+,➡️ 中性,55.1,27.75,1.986,47,27,38,39.2,,,,,,,,,,,,,,,,,,,,,,,,,,,,36,32,32,,32,,,False,False
GLW,Information Technology,Corning Inc.,2026-08-03,146.36,-20.9,-10.58,34.08,9.17,0.333,13747095,15457175,14066983,-23.62,21.93,104.45,P-V-,P-V+,P+V+,➡️ 中性,217.37,71.81,3.027,72,61,27,59.7,,,,,,,,,,,,,,,,,,,,,,,,,,,,37,32,32,,32,,,False,False
AVGO,Information Technology,Broadcom,2026-08-03,392.23,5.79,-5.89,18.3,9.12,0.667,20227705,25669258,25560596,-37.83,0.85,-1.17,P+V-,P-V+,P+V-,⚠️ 量能背離,30.49,50.78,0.6,24,54,37,35.6,,,,,,,,,,,,,,,,,,,,,,,,,,,,38,32,32,,32,剛爆發,,False,False
MPWR,Information Technology,Monolithic Power Systems,2026-08-03,1344.37,5.62,-16.6,23.15,8.83,0.667,956865,938355,772920,-22.58,54.47,24.66,P+V-,P-V+,P+V+,⚠️ 頂部背離,72.55,42.97,1.688,25,67,32,39.0,,,,,,,,,,,,,,,,,,,,,,,,,,,,39,32,32,,32,剛爆發,,False,False
ROP,Information Technology,Roper Technologies,2026-08-03,392.57,8.19,10.92,6.85,8.2,1.0,893795,1109829,1389826,-33.27,-33.54,46.54,P+V-,P+V-,P+V+,⚠️ 頂部背離,-32.39,30.04,-1.078,18,30,45,27.0,,,,,,,,,,,,,,,,,,,,,,,,,,,,40,32,32,,32,剛爆發,,False,False
NVDA,Information Technology,Nvidia,2026-08-03,206.64,4.93,3.66,9.75,7.02,1.0,129189350,153159823,163660092,-16.26,-12.06,-8.52,P+V-,P+V-,P+V-,⚠️ 量能衰竭,12.72,35.36,0.36,27,39,42,33.6,,,,,,,,,,,,,,,,,,,,,,,,,,,,41,32,32,,32,剛爆發,,False,False
TDY,Information Technology,Teledyne Technologies,2026-08-03,670.56,4.5,3.83,8.85,6.51,1.0,441710,357806,353599,28.66,2.41,3.15,P+V+,P+V+,P+V+,⭐⭐⭐ 完美多頭,20.25,21.83,0.927,28,38,43,34.0,,,,,,,,,,,,,,,,,,,,,,,,,,,,42,32,32,,32,剛爆發,,False,False
ADI,Information Technology,Analog Devices,2026-08-03,360.78,-4.52,-9.79,19.81,6.32,0.333,3900760,4743943,4352425,-33.48,19.77,21.18,P-V-,P-V+,P+V+,➡️ 中性,77.73,37.26,2.086,49,58,35,48.9,,,,,,,,,,,,,,,,,,,,,,,,,,,,43,32,32,,32,剛爆發,,False,False
WDAY,Information Technology,"Workday, Inc.",2026-08-03,165.05,14.9,34.84,-12.48,6.2,0.667,4730325,5144404,5384096,-7.39,-8.52,76.13,P+V-,P+V-,P-V+,➡️ 中性,-37.9,51.88,-0.731,6,11,57,17.7,5.68,6.41,False,True,137.0,28.95,0.949,False,249.85,249.85,-33.94,11.87,19.61,13.0,7.0,4642538.0,4893357.0,1.857,3979500.0,5261090.0,4844213.0,0.821,100.0,64.26,收斂,頭頭低·底底高,多轉空預警 / 空轉多預警 / 多頭確認,44,1,22,22.4,21,剛爆發,,False,True
ON,Information Technology,ON Semiconductor,2026-08-03,80.4,-11.75,-20.25,28.37,6.19,0.333,9574540,12513040,10859394,-37.25,35.93,20.07,P-V-,P-V+,P+V+,➡️ 中性,66.65,63.51,1.049,64,71,29,59.1,,,,,,,,,,,,,,,,,,,,,,,,,,,,45,32,32,,32,剛爆發,,False,False
MSI,Information Technology,Motorola Solutions,2026-08-03,437.19,3.06,-0.12,8.27,4.87,0.667,875175,1117783,1088126,-24.19,5.6,-5.61,P+V-,P-V+,P+V-,⚠️ 量能背離,-2.09,25.56,-0.082,35,46,44,40.1,,,,,,,,,,,,,,,,,,,,,,,,,,,,46,32,32,,32,剛爆發,,False,False
KLAC,Information Technology,KLA Corporation,2026-08-03,182.54,-15.58,4.54,13.36,3.92,0.667,12474435,12913150,11666913,-24.85,23.92,15.18,P-V-,P+V+,P+V+,➡️ 中性,164.84,56.16,2.935,65,36,40,51.3,,,,,,,,,,,,,,,,,,,,,,,,,,,,47,32,32,,32,剛爆發,,False,False
FSLR,Information Technology,First Solar,2026-08-03,232.73,2.2,15.28,-0.99,3.88,0.667,2029155,2488175,2384520,-6.35,9.09,-0.21,P+V-,P+V+,P-V-,➡️ 中性,26.68,49.32,0.541,41,24,51,37.9,,,,,,,,,,,,,,,,,,,,,,,,,,,,48,32,32,,32,剛爆發,,False,False
APH,Information Technology,Amphenol,2026-08-03,81.67,2.98,11.08,-1.41,2.81,0.667,13838800,19163104,19485475,-28.82,-3.25,15.62,P+V-,P+V-,P-V+,➡️ 中性,61.01,41.4,1.474,37,29,52,37.6,,,,,,,,,,,,,,,,,,,,,,,,,,,,49,32,32,,32,剛爆發,,False,False
NOW,Information Technology,ServiceNow,2026-08-03,114.19,3.12,29.31,-13.36,1.43,0.667,24813545,27854903,25573759,-1.46,19.59,190.82,P+V-,P+V+,P-V+,➡️ 中性,-40.98,53.81,-0.762,33,14,58,32.3,5.05,0.36,False,True,105.84,26.63,1.057,False,201.15,201.15,-43.23,8.18,5.8,10.0,10.0,25506630.0,24120460.0,1.0,24517500.0,32284660.0,27794433.0,0.882,90.26,59.0,收斂,頭頭低·底底高,多轉空預警 / 多頭確認,50,18,15,30.2,29,剛爆發,,False,True
CDNS,Information Technology,Cadence Design Systems,2026-08-03,336.15,-9.41,1.99,5.58,0.94,0.667,2356900,2413655,2565675,-8.19,-11.19,45.63,P-V-,P+V-,P+V+,➡️ 中性,5.27,37.42,0.141,58,44,46,51.4,,,,,,,,,,,,,,,,,,,,,,,,,,,,51,32,32,,32,剛爆發,,False,False
SWKS,Information Technology,Skyworks Solutions,2026-08-03,61.29,2.56,-11.9,4.19,-0.24,0.667,5988600,5741141,4603496,4.07,65.65,58.41,P+V+,P-V+,P+V+,➡️ 中性,-4.69,43.69,-0.107,40,63,47,48.3,,,,,,,,,,,,,,,,,,,,,,,,,,,,52,32,32,,32,剛爆發,,False,False
SMCI,Information Technology,Supermicro,2026-08-03,28.64,9.1,4.53,-8.21,-0.69,0.667,43014235,53665949,44930403,-42.89,48.27,48.55,P+V-,P+V+,P-V+,➡️ 中性,-52.0,87.93,-0.591,17,37,54,30.4,,,,,,,,,,,,,,,,,,,,,,,,,,,,53,32,32,,32,剛爆發,,False,False
ADSK,Information Technology,Autodesk,2026-08-03,234.71,10.51,-0.97,-12.45,-3.84,0.333,2222405,2646204,2420620,-36.12,20.55,58.73,P+V-,P-V+,P-V+,➡️ 中性,-30.13,39.47,-0.763,14,47,56,32.3,5.15,7.81,False,True,215.71,20.96,1.269,False,329.09,329.09,-28.68,3.9,13.09,12.0,8.0,2427991.0,1914025.0,1.5,1920200.0,2408640.0,2361866.0,0.813,100.0,61.47,多頭,頭頭高·底底高,多頭確認,54,1,23,26.6,25,剛爆發,,False,True
ADBE,Information Technology,Adobe Inc.,2026-08-03,251.34,13.45,2.13,-15.49,-3.85,0.667,5653090,6383467,6171001,-36.66,7.13,46.41,P+V-,P+V+,P-V+,➡️ 中性,-37.3,40.06,-0.931,8,41,61,28.5,2.5,3.18,False,True,228.3,23.25,1.148,False,376.16,376.16,-33.18,5.72,15.26,13.0,7.0,5919400.0,5158514.0,1.857,4293800.0,5877900.0,5836980.0,0.736,100.0,60.21,收斂,頭頭低·底底高,多轉空預警 / 空轉多預警 / 多頭確認,55,1,30,28.4,26,剛爆發,,False,True
PTC,Information Technology,PTC Inc.,2026-08-03,139.86,11.85,2.61,-15.05,-3.91,0.667,1607405,1845326,1526267,-31.19,52.86,77.53,P+V-,P+V+,P-V+,➡️ 中性,-41.08,32.64,-1.259,10,40,60,29.0,0.98,27.86,False,True,126.8,25.06,0.938,False,219.69,219.69,-36.34,11.7,11.91,14.0,6.0,1576135.0,1680366.0,2.333,1258500.0,1930660.0,1721666.0,0.731,100.0,67.62,收斂,頭頭低·底底高,空轉多預警 / 多頭確認,56,1,31,29.0,28,剛爆發,,False,True
TEL,Information Technology,TE Connectivity,2026-08-03,204.17,3.6,-2.79,-10.57,-5.08,0.333,2805760,2725498,2560688,10.73,13.76,34.96,P+V+,P-V+,P-V+,➡️ 中性,0.16,32.73,0.005,32,49,55,41.7,,,,,,,,,,,,,,,,,,,,,,,,,,,,57,32,32,,32,剛爆發,,False,False
CRM,Information Technology,Salesforce,2026-08-03,185.95,9.69,5.61,-18.22,-5.28,0.667,12885050,14872024,14442487,-23.6,6.13,70.21,P+V-,P+V+,P-V+,➡️ 中性,-33.38,41.72,-0.8,16,34,63,30.8,,,,,,,,,,,,,,,,,,,,,,,,,,,,58,32,32,,32,剛爆發,,False,False
MCHP,Information Technology,Microchip Technology,2026-08-03,74.77,-10.61,-18.63,1.17,-6.72,0.333,10596435,11899336,10686013,-24.05,25.62,25.59,P-V-,P-V+,P+V+,➡️ 中性,35.57,49.48,0.719,61,69,49,61.0,,,,,,,,,,,,,,,,,,,,,,,,,,,,59,32,32,,32,剛爆發,,False,False
GDDY,Information Technology,GoDaddy,2026-08-03,88.45,-0.97,1.91,-14.83,-7.18,0.333,2005105,2573204,2435098,-26.79,12.02,50.0,P-V-,P+V+,P-V+,➡️ 中性,-45.29,39.45,-1.148,46,45,59,48.3,,,,,,,,,,,,,,,,,,,,,,,,,,,,60,32,32,,32,剛爆發,,False,False
QCOM,Information Technology,Qualcomm,2026-08-03,150.75,-17.16,-15.29,0.04,-8.09,0.333,13276040,22140546,17448282,-41.77,73.57,93.03,P-V-,P-V+,P+V+,➡️ 中性,28.49,53.34,0.534,67,66,50,63.3,,,,,,,,,,,,,,,,,,,,,,,,,,,,61,32,32,,32,剛爆發,,False,False
CTSH,Information Technology,Cognizant,2026-08-03,54.85,25.56,5.03,-34.03,-9.37,0.667,9507870,10717612,8831246,-34.2,54.32,96.78,P+V-,P+V+,P-V+,➡️ 中性,-40.16,46.32,-0.867,1,35,70,25.0,-0.66,4.98,False,True,47.37,31.22,1.203,False,85.48,87.03,-35.84,17.26,33.36,11.0,9.0,10287972.0,8554411.0,1.222,7987500.0,9606770.0,9184613.0,0.87,100.0,69.26,收斂,頭頭低·底底高,空轉多預警 / 多頭確認,62,1,17,28.6,27,剛爆發,,False,False
TRMB,Information Technology,Trimble Inc.,2026-08-03,57.79,7.56,-14.16,-17.45,-10.38,0.333,2566675,2939826,2460986,-26.32,48.32,64.8,P+V-,P-V+,P-V+,➡️ 中性,-36.51,31.98,-1.142,20,65,62,41.9,,,,,,,,,,,,,,,,,,,,,,,,,,,,63,32,32,,32,剛爆發,,False,False
NXPI,Information Technology,NXP Semiconductors,2026-08-03,224.17,-17.93,-23.39,-1.45,-11.05,0.0,4379255,4290770,3719940,-8.9,36.25,39.63,P-V-,P-V+,P-V+,➡️ 中性,36.0,44.88,0.802,69,72,53,66.7,,,,,,,,,,,,,,,,,,,,,,,,,,,,64,32,32,,32,剛爆發,,False,False
ORCL,Information Technology,Oracle Corporation,2026-08-03,141.85,0.53,-11.8,-18.33,-11.98,0.333,39276685,30993616,30557370,18.68,2.9,31.23,P+V+,P-V+,P-V+,➡️ 中性,-40.72,78.44,-0.519,42,62,64,52.4,,,,,,,,,,,,,,,,,,,,,,,,,,,,65,32,32,,32,剛爆發,,False,False
IT,Information Technology,Gartner,2026-08-03,151.53,7.62,2.05,-34.69,-14.93,0.667,1334745,1606973,1648505,-10.39,-4.91,33.9,P+V-,P+V-,P-V+,➡️ 中性,-58.88,61.13,-0.963,19,42,71,36.3,,,,,,,,,,,,,,,,,,,,,,,,,,,,66,32,32,,32,剛爆發,,False,False
PLTR,Information Technology,Palantir Technologies,2026-08-03,125.65,-6.49,-9.68,-24.17,-16.13,0.0,36059385,41628566,46989820,-16.94,-20.48,-12.79,P-V-,P-V-,P-V-,🧊 熊市縮量,-14.09,50.94,-0.277,53,57,67,57.0,,,,,,,,,,,,,,,,,,,,,,,,,,,,67,32,32,,32,剛爆發,,False,False
ACN,Information Technology,Accenture,2026-08-03,165.76,18.02,-6.13,-38.66,-16.36,0.333,8067745,8564370,7682874,-35.01,25.92,73.43,P+V-,P-V+,P-V+,➡️ 中性,-45.91,51.1,-0.899,4,55,72,32.9,2.46,3.26,False,True,152.9,26.03,1.145,False,285.21,291.09,-41.88,7.59,22.48,11.0,9.0,8556509.0,7470366.0,1.222,6741900.0,8055070.0,8385160.0,0.804,100.0,62.24,空頭,頭頭低·底底低,多頭確認,68,1,24,32.4,31,剛爆發,,False,True
IBM,Information Technology,IBM,2026-08-03,224.7,-26.07,-1.3,-21.98,-17.83,0.0,14373140,11058612,8749412,72.12,71.71,74.44,P-V+,P-V+,P-V+,📉 主力出貨,22.85,52.3,0.437,73,48,65,63.9,,,,,,,,,,,,,,,,,,,,,,,,,,,,69,32,32,,32,剛爆發,,False,False
TYL,Information Technology,Tyler Technologies,2026-08-03,305.54,-4.95,-10.44,-28.3,-18.0,0.0,807735,860363,767880,-19.03,27.39,108.1,P-V-,P-V+,P-V+,➡️ 中性,-45.15,42.36,-1.066,50,60,68,56.6,,,,,,,,,,,,,,,,,,,,,,,,,,,,70,32,32,,32,剛爆發,,False,False
SNPS,Information Technology,Synopsys,2026-08-03,392.07,-10.21,-18.76,-22.01,-18.24,0.0,1990310,1988096,2076660,-5.94,-8.18,-12.14,P-V-,P-V-,P-V-,🧊 熊市縮量,-28.51,52.64,-0.542,60,70,66,64.2,,,,,,,,,,,,,,,,,,,,,,,,,,,,71,32,32,,32,剛爆發,,False,False
FICO,Information Technology,Fair Isaac,2026-08-03,1045.46,-19.6,2.0,-32.33,-20.57,0.333,339300,335627,357223,9.81,-11.4,23.54,P-V+,P+V-,P-V+,➡️ 中性,-6.85,51.1,-0.134,70,43,69,61.7,,,,,,,,,,,,,,,,,,,,,,,,,,,,72,32,32,,32,剛爆發,,False,False
INTU,Information Technology,Intuit,2026-08-03,318.39,13.74,-17.68,-41.18,-21.58,0.333,4187560,5218020,4645058,-28.7,28.14,136.51,P+V-,P-V+,P-V+,➡️ 中性,-64.7,48.76,-1.327,7,68,73,38.5,1.84,12.69,False,True,289.87,19.0,1.196,False,804.66,813.7,-60.43,4.76,17.51,12.0,8.0,4481508.0,3746637.0,1.5,4036200.0,3953950.0,4099286.0,0.985,100.0,60.08,空頭,頭頭低·底底低,多頭確認,73,1,10,31.6,30,剛爆發,,False,True
NUE,Materials,Nucor,2026-08-03,261.28,14.89,16.26,51.41,33.49,1.0,1336505,1550755,1609878,-30.03,-7.08,1.0,P+V-,P+V-,P+V+,⚠️ 頂部背離,63.64,34.88,1.825,1,5,1,2.2,6.94,14.67,False,True,243.12,14.93,0.988,False,270.24,270.9,-3.31,5.41,16.68,15.0,5.0,1332360.0,1348940.0,3.0,1286400.0,1500050.0,1379646.0,0.932,100.0,65.26,擴散,頭頭高·底底低,,1,1,13,3.4,1,,,False,True
STLD,Materials,Steel Dynamics,2026-08-03,258.38,12.53,13.25,47.89,30.39,1.0,1166050,1197087,1236638,-16.91,-6.2,-3.43,P+V-,P+V-,P+V-,⚠️ 量能衰竭,87.78,35.49,2.474,2,7,2,3.5,0.56,-0.19,False,True,248.73,13.52,1.0,False,288.09,288.74,-10.31,3.24,13.79,13.0,7.0,1166169.0,1165828.0,1.857,1037700.0,1226100.0,1192973.0,0.87,100.0,62.32,擴散,頭頭高·底底低,,2,1,16,4.4,2,,,False,True
CF,Materials,CF Industries,2026-08-03,117.69,2.92,-4.36,30.17,14.72,0.667,2292925,2765227,3605473,-22.09,-37.8,45.23,P+V-,P-V-,P+V+,⚠️ 頂部背離,26.29,34.39,0.764,14,16,3,12.4,45.68,10.41,False,True,114.18,9.93,1.201,False,140.66,141.96,-16.33,-1.24,4.51,10.0,10.0,2502520.0,2083330.0,1.0,2173200.0,2020360.0,2159613.0,1.006,88.23,48.16,空頭,頭頭低·底底低,,3,7,8,5.6,4,,,False,True
PKG,Materials,Packaging Corporation of America,2026-08-03,251.09,8.04,18.41,13.69,13.46,1.0,757295,699736,893873,15.86,-35.69,15.46,P+V+,P+V-,P+V+,➡️ 中性,26.55,23.41,1.134,5,4,7,5.1,1.62,12.54,False,True,230.77,14.75,1.178,False,258.81,258.81,-2.98,-0.51,6.22,8.0,12.0,832662.0,707050.0,0.667,640500.0,960760.0,810813.0,0.79,84.14,64.24,多頭,頭頭高·底底高,多頭確認,4,10,18,9.2,7,吃老本,,False,True
SW,Materials,Smurfit Westrock,2026-08-03,46.46,4.18,23.51,11.35,12.6,1.0,5497835,5671212,5916446,-17.44,-7.96,21.94,P+V-,P+V-,P+V+,⚠️ 頂部背離,6.05,43.61,0.139,9,2,8,6.7,-16.91,-17.35,False,True,43.5,20.39,1.112,False,51.52,52.65,-9.83,-6.41,2.72,9.0,11.0,5819333.0,5234790.0,0.818,4543200.0,6099720.0,5484980.0,0.828,80.79,54.33,多頭,頭頭高·底底高,,5,13,17,10.6,9,吃老本,,False,True
IP,Materials,International Paper,2026-08-03,40.98,9.31,38.29,0.68,12.24,1.0,5940080,6369175,6865046,-3.92,-13.47,42.53,P+V-,P+V-,P+V+,⚠️ 頂部背離,-12.89,46.88,-0.275,4,1,17,5.7,205.43,5.41,False,True,36.38,21.68,1.18,False,52.96,56.13,-22.62,-2.26,7.44,11.0,9.0,6378163.0,5404644.0,1.222,4307300.0,6660010.0,6125733.0,0.703,92.54,59.02,多頭,頭頭高·底底高,空轉多預警 / 多頭確認,6,5,19,8.2,5,,,False,True
BALL,Materials,Ball Corporation,2026-08-03,64.94,3.97,7.06,15.04,10.28,1.0,1842420,2773127,2540130,-45.0,20.2,-2.18,P+V-,P+V+,P+V-,⚠️ 量能背離,11.78,27.61,0.427,10,11,5,9.3,11.31,1.51,False,True,59.46,9.26,1.029,False,67.62,68.29,-3.96,0.74,3.49,9.0,11.0,1871900.0,1818300.0,0.818,2195900.0,1930580.0,1933360.0,1.136,82.68,62.49,多頭,頭頭高·底底高,空轉多預警 / 多頭確認,7,11,6,8.4,6,,,False,True
LYB,Materials,LyondellBasell,2026-08-03,60.0,11.03,-17.89,22.94,9.75,0.667,5046060,5344095,6820253,-9.77,-35.59,29.56,P+V-,P-V-,P+V+,⚠️ 頂部背離,6.82,43.41,0.157,3,23,4,9.2,25.6,76.13,False,False,60.15,11.78,1.105,False,82.22,83.94,-27.03,3.41,14.44,11.0,9.0,5270790.0,4771388.0,1.222,6072700.0,4794520.0,4661433.0,1.303,97.69,53.03,收斂,頭頭低·底底高,空轉多預警,8,3,3,5.0,3,,,False,True
AMCR,Materials,Amcor,2026-08-03,45.37,3.53,22.99,5.99,9.63,1.0,3677040,3873678,4899205,5.07,-34.62,2.52,P+V+,P+V-,P+V+,➡️ 中性,-1.16,28.91,-0.04,11,3,12,8.8,0.55,2.47,False,True,41.19,11.21,0.746,False,48.76,50.94,-6.95,1.72,3.14,10.0,10.0,3141800.0,4212280.0,1.0,3596500.0,4145040.0,3978466.0,0.904,80.62,61.33,收斂,頭頭低·底底高,多轉空預警 / 多頭確認,9,14,14,12.0,13,,,False,True
IFF,Materials,International Flavors & Fragrances,2026-08-03,80.58,-1.53,15.39,11.3,9.12,0.667,1794570,2033087,1891588,-10.52,16.17,-14.7,P-V-,P+V+,P+V-,➡️ 中性,22.01,32.82,0.671,17,6,9,12.1,16.51,-3.81,False,True,76.77,12.24,0.772,False,83.83,84.45,-3.88,5.47,-2.65,9.0,11.0,1543900.0,1999663.0,0.818,1659800.0,1784920.0,1671913.0,0.993,76.39,58.89,空頭,頭頭低·底底低,多轉空預警 / 多頭確認,10,19,9,13.4,15,吃老本,,False,True
APD,Materials,Air Products,2026-08-03,292.94,-3.97,-1.76,14.47,5.8,0.333,1159660,1317807,1351036,-31.66,-4.8,6.82,P-V-,P-V-,P+V+,😴 弱勢縮量,12.54,26.04,0.482,18,14,6,14.4,3.8,4.54,False,True,288.57,7.07,1.042,False,314.87,314.87,-6.96,0.12,-5.15,9.0,11.0,1186155.0,1137981.0,0.818,1605500.0,1275160.0,1194313.0,1.344,77.47,48.76,多頭,頭頭高·底底高,空轉多預警,11,17,2,11.6,11,吃老本,,False,True
FCX,Materials,Freeport-McMoRan,2026-08-03,63.64,7.52,10.41,1.69,5.33,1.0,14867890,14464255,16752744,-3.32,-24.04,-5.94,P+V-,P+V-,P+V-,⚠️ 量能衰竭,53.65,44.09,1.217,6,9,16,8.9,18.5,21.95,False,True,63.53,11.53,0.788,False,72.1,72.28,-11.74,1.47,4.58,9.0,11.0,12951955.0,16435472.0,0.818,8951400.0,14464190.0,14418933.0,0.621,79.4,53.59,擴散,頭頭高·底底低,,12,16,21,15.4,18,,,False,True
SHW,Materials,Sherwin-Williams,2026-08-03,353.4,3.49,10.43,2.84,4.9,1.0,2117265,2382253,2078436,-27.23,34.24,8.21,P+V-,P+V+,P+V+,⚠️ 頂部背離,2.62,24.66,0.106,12,8,15,11.4,5.13,3.56,False,True,323.43,16.86,1.098,False,376.08,379.65,-6.03,8.23,1.46,10.0,10.0,2216090.0,2018440.0,1.0,2083100.0,2436470.0,2208793.0,0.943,88.38,61.6,多頭,頭頭高·底底高,空轉多預警 / 多頭確認,13,6,12,10.0,8,剛爆發,,False,True
PPG,Materials,PPG Industries,2026-08-03,113.31,-5.17,5.76,4.65,2.48,0.667,2138325,1984564,2135274,6.44,-13.19,11.51,P-V+,P+V-,P+V+,⚠️ 中期出貨,21.93,25.84,0.849,19,12,13,15.7,-1.04,3.65,False,False,115.52,12.11,0.797,False,130.99,133.43,-13.5,-3.76,-8.09,12.0,8.0,1941091.0,2434175.0,1.5,2056400.0,2467920.0,2073640.0,0.992,80.1,46.91,收斂,頭頭低·底底高,多轉空預警 / 空轉多預警,14,15,10,13.6,17,,,False,False
ECL,Materials,Ecolab,2026-08-03,279.43,-1.29,7.52,-1.11,1.0,0.333,1223100,1607156,1541625,-35.22,8.88,14.8,P-V-,P+V+,P-V+,➡️ 中性,9.86,22.13,0.445,16,10,18,14.6,0.48,0.17,False,True,268.81,8.83,1.12,False,307.6,309.27,-9.16,2.97,-1.51,9.0,11.0,1299622.0,1160490.0,0.818,1595400.0,1402420.0,1295826.0,1.231,82.15,56.79,多頭,頭頭高·底底高,,15,12,5,11.8,12,,,False,True
LIN,Materials,Linde plc,2026-08-03,478.88,-10.73,-3.82,6.75,-0.27,0.333,2106620,2312213,2437080,-19.37,-9.75,9.07,P-V-,P-V-,P+V+,😴 弱勢縮量,19.24,17.72,1.086,24,15,11,18.7,0.66,1.4,False,False,512.0,10.96,0.931,False,546.4,548.2,-12.36,-5.24,-11.11,6.0,14.0,2002300.0,2151328.0,0.429,2806200.0,2296380.0,2203840.0,1.273,63.95,31.82,擴散,頭頭高·底底低,空頭確認,16,21,4,15.6,19,,,False,True
DOW,Materials,Dow Inc.,2026-08-03,29.55,4.36,-25.43,9.86,-0.34,0.667,10662740,11678612,13400107,-18.13,-22.77,-1.99,P+V-,P-V-,P+V-,⚠️ 量能背離,31.99,47.68,0.671,8,24,10,13.2,12.62,51.7,False,False,30.92,14.96,1.065,False,41.82,42.74,-29.35,3.97,9.37,11.0,9.0,10965600.0,10292577.0,1.222,9264400.0,11358840.0,10377400.0,0.893,94.18,47.76,收斂,頭頭低·底底高,空轉多預警,17,4,15,11.4,10,剛爆發,,False,True
AVY,Materials,Avery Dennison,2026-08-03,171.27,4.82,5.76,-6.8,-0.75,0.667,852705,760981,707118,11.09,16.49,2.43,P+V+,P+V+,P-V+,🚀 健康多頭,2.4,24.08,0.1,7,12,20,11.1,17.0,1.81,False,True,159.63,20.17,1.128,False,196.15,199.54,-12.68,5.67,3.75,9.0,11.0,909455.0,806272.0,0.818,888100.0,1021230.0,900873.0,0.986,86.53,61.0,空頭,頭頭低·底底低,多轉空預警 / 多頭確認,18,8,11,12.6,14,剛爆發,,False,True
CTVA,Materials,Corteva,2026-08-03,75.88,-12.35,-5.92,4.64,-2.25,0.333,4051810,4120584,4072839,-14.87,2.37,-3.19,P-V-,P-V+,P+V-,➡️ 中性,22.56,21.31,1.059,25,19,14,21.0,2.93,27.11,False,False,81.75,17.39,0.639,False,90.78,90.97,-16.41,-13.18,-11.98,11.0,9.0,3231200.0,5054777.0,1.222,7955600.0,4858000.0,4471593.0,1.779,67.06,31.43,多頭,頭頭高·底底高,空轉多預警 / 空頭確認,19,20,1,15.8,20,,,False,True
VMC,Materials,Vulcan Materials Company,2026-08-03,283.06,-5.44,-5.83,-4.68,-5.16,0.0,1097755,1180772,1227279,-17.11,-7.3,32.68,P-V-,P-V-,P-V+,😴 弱勢縮量,11.68,27.58,0.424,20,18,19,19.2,,,,,,,,,,,,,,,,,,,,,,,,,,,,20,22,22,,22,,,False,False
MOS,Materials,Mosaic Company (The),2026-08-03,21.81,3.27,-5.32,-21.88,-11.45,0.333,7299155,8841052,9006220,-33.25,-3.6,48.37,P+V-,P-V-,P-V+,➡️ 中性,-37.93,38.26,-0.991,13,17,23,16.2,-77.32,-53.0,False,False,22.17,7.41,0.948,False,35.98,37.08,-39.39,-2.37,2.97,11.0,9.0,7125009.0,7512000.0,1.222,7808100.0,7508350.0,7209193.0,1.083,85.77,46.43,收斂,頭頭低·底底高,空轉多預警,21,9,7,13.4,15,剛爆發,,False,False
MLM,Materials,Martin Marietta Materials,2026-08-03,541.39,-8.73,-12.28,-16.26,-13.38,0.0,606805,606072,565603,-8.3,15.41,43.5,P-V-,P-V+,P-V+,➡️ 中性,5.31,26.46,0.201,23,20,21,21.7,,,,,,,,,,,,,,,,,,,,,,,,,,,,22,22,22,,22,,,False,False
NEM,Materials,Newmont,2026-08-03,95.17,0.33,-13.95,-24.58,-15.69,0.333,7161935,7866038,9085583,-24.83,-23.67,-12.7,P+V-,P-V-,P-V-,➡️ 中性,58.56,38.86,1.507,15,21,24,18.6,5.68,33.45,False,False,98.34,8.49,0.865,False,134.02,134.88,-28.98,2.03,-2.88,9.0,11.0,6594088.0,7626536.0,0.818,5050200.0,6941680.0,7524613.0,0.671,76.49,50.53,空頭,頭頭低·底底低,,23,18,20,20.4,21,,,False,True
CRH,Materials,CRH plc,2026-08-03,98.2,-7.17,-16.44,-19.71,-15.76,0.0,4042340,4762620,4931724,-18.52,-6.63,-13.18,P-V-,P-V-,P-V-,🧊 熊市縮量,13.77,31.18,0.442,21,22,22,21.5,,,,,,,,,,,,,,,,,,,,,,,,,,,,24,22,22,,22,,,False,False
ALB,Materials,Albemarle Corporation,2026-08-03,118.71,-7.99,-39.5,-38.56,-31.15,0.0,2135420,2300301,2337339,-20.32,-3.12,-39.69,P-V-,P-V-,P-V-,🧊 熊市縮量,99.72,67.26,1.483,22,25,25,23.5,,,,,,,,,,,,,,,,,,,,,,,,,,,,25,22,22,,22,,,False,False
HST,Real Estate,Host Hotels & Resorts,2026-08-03,25.09,7.45,23.29,41.71,28.54,1.0,9050875,9255704,9169486,-14.89,1.9,9.05,P+V-,P+V+,P+V+,⚠️ 頂部背離,62.03,23.45,2.646,3,3,1,2.6,116.0,4.07,False,True,23.64,7.56,1.06,False,25.71,25.71,-2.41,0.48,7.91,14.0,6.0,9207142.0,8686250.0,2.333,9784900.0,9238850.0,9070046.0,1.079,100.0,63.15,多頭,頭頭高·底底高,,1,1,10,2.8,1,,,False,True
DOC,Real Estate,Healthpeak Properties,2026-08-03,21.53,-0.87,35.82,26.28,21.88,0.667,6040645,8236380,8553243,-15.88,-7.14,6.15,P-V-,P+V-,P+V+,➡️ 中性,38.16,32.31,1.181,22,1,6,12.5,364.73,59.33,False,True,20.81,5.89,1.055,False,22.84,22.95,-5.71,-3.91,-0.05,10.0,10.0,6201610.0,5879680.0,1.0,5963600.0,5984760.0,6051726.0,0.985,81.86,49.03,多頭,頭頭高·底底高,,2,17,15,10.6,6,吃老本,,False,True
IRM,Real Estate,Iron Mountain,2026-08-03,124.08,7.2,-0.84,37.32,20.25,0.667,2073635,1783427,1756985,20.7,3.06,0.33,P+V+,P-V+,P+V+,➡️ 中性,27.85,33.92,0.821,5,23,2,9.8,15.76,3.81,False,False,125.0,10.46,1.064,False,134.68,134.68,-7.87,-2.29,6.62,12.0,8.0,2125058.0,1996500.0,1.5,1889800.0,1823750.0,1992646.0,0.948,94.18,50.15,空頭,頭頭低·底底低,多轉空預警,3,6,17,7.0,2,,,False,True
SPG,Real Estate,Simon Property Group,2026-08-03,229.16,0.87,13.73,26.98,17.14,1.0,1462660,1883344,1760391,-46.58,15.02,16.35,P+V-,P+V+,P+V+,⚠️ 頂部背離,46.69,17.72,2.635,12,5,5,8.5,-17.98,-47.1,False,True,218.34,6.21,0.891,False,238.5,238.5,-3.92,-1.08,1.85,10.0,10.0,1378050.0,1547270.0,1.0,1308300.0,1324320.0,1371506.0,0.954,81.26,56.5,多頭,頭頭高·底底高,,4,18,16,12.0,12,吃老本,,False,True
FRT,Real Estate,Federal Realty Investment Trust,2026-08-03,123.65,1.26,12.53,24.29,15.59,1.0,807905,945075,909326,-23.39,8.18,34.06,P+V-,P+V+,P+V+,⚠️ 頂部背離,38.81,17.06,2.275,10,6,7,8.2,35.3,165.2,False,True,122.23,4.21,0.854,False,128.21,128.21,-3.56,-2.74,2.56,10.0,8.0,730700.0,855850.0,1.25,829000.0,888420.0,874766.0,0.948,84.13,50.25,擴散,頭頭高·底底低,,5,14,17,11.0,8,吃老本,,False,True
WELL,Real Estate,Welltower,2026-08-03,232.22,-1.89,7.62,27.92,15.39,0.667,2919415,3481220,3269086,-22.47,13.88,3.96,P-V-,P+V+,P+V+,➡️ 中性,42.12,23.82,1.768,23,10,4,15.3,-16.88,9.38,False,True,223.42,9.54,1.007,False,254.24,255.2,-8.66,-6.14,0.18,9.0,11.0,2930066.0,2910700.0,0.818,3786200.0,3156440.0,3036280.0,1.247,77.54,47.16,多頭,頭頭高·底底高,空轉多預警,6,20,3,11.0,8,吃老本,,False,False
KIM,Real Estate,Kimco Realty,2026-08-03,25.11,0.47,8.66,24.05,14.31,1.0,4160250,4864858,5311499,-33.89,-15.51,19.61,P+V-,P+V-,P+V+,⚠️ 頂部背離,26.45,17.83,1.484,15,9,8,11.8,7.45,-3.79,False,True,24.79,5.29,0.806,False,26.34,26.65,-4.65,-3.68,1.44,9.0,11.0,3673977.0,4558109.0,0.818,6128900.0,4711490.0,4449866.0,1.377,75.77,48.11,多頭,頭頭高·底底高,,7,22,2,12.0,12,吃老本,,False,True
EQIX,Real Estate,Equinix,2026-08-03,1026.54,0.83,-4.27,28.74,13.51,0.667,535865,594290,617448,-22.36,-7.23,22.15,P+V-,P-V-,P+V+,⚠️ 頂部背離,32.37,21.15,1.53,13,25,3,14.6,6.33,-3.8,False,False,1048.59,9.98,1.006,False,1118.65,1128.68,-8.23,-1.47,3.26,10.0,10.0,537410.0,534320.0,1.0,574300.0,613410.0,575200.0,0.998,83.97,48.44,多頭,頭頭高·底底高,空轉多預警,8,15,14,12.0,12,吃老本,,False,True
PSA,Real Estate,Public Storage,2026-08-03,325.9,-0.85,8.75,19.65,11.8,0.667,1304040,1044673,1128241,25.95,-13.79,14.57,P-V+,P+V-,P+V+,⚠️ 中期出貨,21.0,22.68,0.926,20,8,10,14.4,-2.93,2.19,False,True,316.39,8.72,0.806,False,335.55,335.55,-2.88,0.58,0.59,11.0,9.0,1176727.0,1459644.0,1.222,840800.0,1639620.0,1475220.0,0.57,83.03,54.94,空頭,頭頭低·底底低,多轉空預警,9,16,25,15.0,18,吃老本,,False,False
BXP,Real Estate,"BXP, Inc.",2026-08-03,70.41,2.65,21.71,10.59,11.39,1.0,1530980,1516749,2109445,-5.63,-43.87,24.26,P+V-,P+V-,P+V+,⚠️ 頂部背離,13.1,25.6,0.512,8,4,17,8.6,14.75,97.57,False,True,65.69,11.09,1.175,False,75.95,79.33,-7.29,1.73,0.63,12.0,8.0,1628183.0,1385175.0,1.5,1813500.0,1908460.0,1691400.0,1.072,94.14,58.18,多頭,頭頭高·底底高,,10,7,11,9.0,3,,,False,True
VTR,Real Estate,Ventas,2026-08-03,90.85,-3.42,4.01,21.09,10.69,0.667,3419300,4194175,3804113,-23.99,22.85,33.81,P-V-,P+V+,P+V+,➡️ 中性,40.11,23.06,1.739,25,18,9,19.7,51.73,-1.4,False,True,88.81,11.73,0.782,False,101.6,101.6,-10.58,-9.25,-1.47,10.0,10.0,3000340.0,3838260.0,1.0,4408000.0,3882400.0,3562606.0,1.237,74.09,44.18,多頭,頭頭高·底底高,,11,23,5,14.6,17,吃老本,,False,True
DLR,Real Estate,Digital Realty,2026-08-03,191.22,9.33,-4.2,18.78,10.67,0.667,3088105,2917720,2496320,-21.38,40.62,42.41,P+V-,P-V+,P+V+,⚠️ 頂部背離,3.78,22.78,0.166,1,24,11,9.9,-15.0,2.71,False,True,184.81,16.57,1.371,False,207.47,208.14,-7.83,-2.32,10.09,12.0,8.0,3463041.0,2525700.0,1.5,2407900.0,3419980.0,3237206.0,0.744,100.0,56.28,擴散,頭頭高·底底低,,12,1,22,9.6,4,剛爆發,,False,False
INVH,Real Estate,Invitation Homes,2026-08-03,30.49,0.96,7.06,16.46,10.24,1.0,4061090,5421066,5986599,-38.33,-17.26,19.49,P+V-,P+V-,P+V+,⚠️ 頂部背離,3.32,21.66,0.154,11,11,12,11.2,9.76,-14.31,False,True,29.51,4.44,1.032,False,30.73,32.04,-0.78,2.9,1.57,10.0,10.0,4124640.0,3997540.0,1.0,5331700.0,4554980.0,4353046.0,1.225,85.16,58.88,多頭,頭頭高·底底高,,13,12,6,11.2,10,,,False,True
ESS,Real Estate,Essex Property Trust,2026-08-03,285.88,-4.17,9.57,15.81,9.25,0.667,524335,491176,503375,11.35,-4.73,-0.27,P-V+,P+V-,P+V-,➡️ 中性,20.71,21.62,0.958,27,7,13,18.2,-35.97,15.55,False,True,285.4,6.39,1.212,False,303.35,303.35,-5.76,-1.65,-4.07,13.0,7.0,558515.0,460857.0,1.857,545900.0,534790.0,520340.0,1.049,95.96,45.61,收斂,頭頭低·底底高,多轉空預警 / 空頭確認,14,4,13,9.8,5,剛爆發,,False,False
REG,Real Estate,Regency Centers,2026-08-03,80.3,-0.54,4.12,14.81,8.3,0.667,1314610,1504900,1435728,-22.71,10.12,22.02,P-V-,P+V+,P+V+,➡️ 中性,17.92,16.47,1.088,18,17,14,16.9,3.59,9.38,False,True,79.45,4.38,0.987,False,83.66,83.66,-4.02,-2.48,0.58,11.0,9.0,1306690.0,1324288.0,1.222,1627400.0,1451210.0,1400140.0,1.162,84.96,48.18,多頭,頭頭高·底底高,,15,13,8,12.8,16,,,False,True
PLD,Real Estate,Prologis,2026-08-03,144.15,0.38,2.24,13.73,7.52,1.0,4394200,3875004,3698812,4.94,10.0,6.66,P+V+,P+V+,P+V+,⭐⭐⭐ 完美多頭,37.97,17.41,2.18,16,21,15,17.3,48.33,41.3,False,True,143.57,5.27,1.153,False,153.35,153.35,-6.0,-2.11,2.82,10.0,10.0,4706930.0,4081470.0,1.0,2739100.0,4887980.0,4766780.0,0.575,86.03,48.85,多頭,頭頭高·底底高,空轉多預警,16,11,24,15.6,19,,,False,True
ARE,Real Estate,Alexandria Real Estate Equities,2026-08-03,53.03,7.33,32.62,-6.13,6.92,0.667,1611515,1914876,2216250,-19.19,-23.94,-3.96,P+V-,P+V-,P-V-,➡️ 中性,-30.39,49.4,-0.615,4,2,27,8.0,26.17,1359.96,False,True,50.64,13.03,0.949,False,83.17,88.24,-36.24,3.19,6.34,11.0,9.0,1573281.0,1658244.0,1.222,2387700.0,1726200.0,1613746.0,1.48,90.02,58.1,擴散,頭頭高·底底低,,17,9,1,10.6,6,剛爆發,,False,True
EXR,Real Estate,Extra Space Storage,2026-08-03,149.73,1.35,5.6,9.53,6.5,1.0,1305860,1194926,1256867,-0.74,-9.39,5.58,P+V-,P+V-,P+V+,⚠️ 頂部背離,9.8,22.55,0.434,9,14,18,12.3,8.6,3.4,False,True,145.97,9.92,1.146,False,158.88,158.88,-5.76,0.97,2.46,11.0,9.0,1385345.0,1208711.0,1.222,1689100.0,1728020.0,1488826.0,1.135,90.25,55.22,多頭,頭頭高·底底高,空轉多預警,18,8,9,12.2,15,剛爆發,,False,True
VMRK,Real Estate,Vivmark Residential,2026-08-03,67.57,-3.68,4.42,11.18,5.78,0.667,2997890,3069003,2889796,-4.86,13.22,24.33,P-V-,P+V+,P+V+,➡️ 中性,16.47,20.03,0.822,26,16,16,21.0,,,,,,,,,,,,,,,,,,,,,,,,,,,,19,26,26,,26,吃老本,,False,False
O,Real Estate,Realty Income,2026-08-03,63.2,-0.41,0.1,7.39,3.62,0.667,5030915,5923913,6030226,-23.93,-3.46,4.61,P-V-,P+V-,P+V+,➡️ 中性,17.33,15.35,1.129,17,22,19,18.9,,,,,,,,,,,,,,,,,,,,,,,,,,,,20,26,26,,26,吃老本,,False,False
UDR,Real Estate,"UDR, Inc.",2026-08-03,38.54,-5.85,6.85,5.97,3.24,0.667,3404440,4380426,4130836,-17.28,12.86,43.4,P-V-,P+V+,P+V+,➡️ 中性,9.82,21.08,0.466,30,12,20,22.6,61.01,269.69,False,False,38.78,6.36,0.84,False,41.69,42.0,-7.55,-1.48,-5.2,7.0,13.0,3030528.0,3605776.0,0.538,4591700.0,4114670.0,3692566.0,1.243,69.07,45.52,多頭,頭頭高·底底高,,21,25,4,19.2,22,,,False,True
CPT,Real Estate,Camden Property Trust,2026-08-03,110.72,-5.83,6.39,3.71,1.99,0.667,1051745,1161203,1178523,-15.53,-2.9,0.22,P-V-,P+V-,P+V+,➡️ 中性,13.8,20.94,0.659,29,13,21,22.6,-33.95,-196.43,False,False,111.79,6.98,1.029,False,119.81,119.81,-7.59,-1.88,-5.33,7.0,13.0,1071114.0,1041315.0,0.538,1213100.0,1096810.0,1148333.0,1.056,72.13,43.95,收斂,頭頭低·底底高,多轉空預警 / 空頭確認,22,24,12,20.8,23,,,False,True
WY,Real Estate,Weyerhaeuser,2026-08-03,25.0,8.33,3.78,-2.15,1.95,0.667,5119600,5577889,5647842,-16.65,-2.45,-1.61,P+V-,P+V-,P-V-,➡️ 中性,-3.4,22.46,-0.151,2,20,24,11.8,66.58,119.91,False,True,23.91,10.42,1.26,False,27.03,27.75,-7.51,5.52,7.82,11.0,9.0,5644027.0,4478633.0,1.222,6142800.0,5299340.0,5191406.0,1.183,97.29,59.79,空頭,頭頭低·底底低,多轉空預警 / 多頭確認,23,3,7,11.8,11,剛爆發,,False,True
MAA,Real Estate,Mid-America Apartment Communities,2026-08-03,133.47,-4.72,4.52,1.44,0.67,0.667,1172135,1057592,1016220,8.66,8.49,8.66,P-V+,P+V+,P+V+,⚠️ 中期出貨,4.12,20.14,0.204,28,15,22,22.9,33.8,26.45,False,False,133.88,5.04,0.949,False,145.45,152.35,-8.23,0.01,-4.09,9.0,11.0,1138177.0,1199918.0,0.818,1061000.0,1257910.0,1234380.0,0.86,76.42,48.65,多頭,頭頭高·底底高,,24,21,19,21.8,24,,,False,True
AMT,Real Estate,American Tower,2026-08-03,173.0,4.69,-4.41,-2.04,-0.95,0.333,3118565,3263812,3249128,-14.96,0.91,9.05,P+V-,P-V+,P-V+,➡️ 中性,-20.62,25.11,-0.821,6,26,23,15.4,20.65,17.04,False,False,175.62,10.18,1.046,False,220.55,229.07,-21.56,3.75,6.72,10.0,10.0,3188540.0,3048590.0,1.0,2505900.0,3621410.0,3218833.0,0.779,88.84,52.77,收斂,頭頭低·底底高,多轉空預警 / 空轉多預警 / 多頭確認,25,10,21,18.2,21,剛爆發,,False,True
VICI,Real Estate,Vici Properties,2026-08-03,26.54,-0.86,-7.58,-3.77,-4.0,0.0,9067800,9511416,9286516,-20.06,4.96,-7.89,P-V-,P-V+,P-V-,➡️ 中性,-14.14,17.77,-0.796,21,27,26,23.8,,,,,,,,,,,,,,,,,,,,,,,,,,,,26,26,26,,26,,,False,False
CBRE,Real Estate,CBRE Group,2026-08-03,148.43,3.27,3.99,-12.37,-4.37,0.667,1807635,2214036,2311575,-13.29,-8.1,54.12,P+V-,P+V-,P-V+,➡️ 中性,-8.7,31.05,-0.28,7,19,29,15.0,5.77,42.05,False,True,136.14,13.19,1.469,False,174.27,174.27,-14.83,3.16,5.61,10.0,10.0,2151180.0,1464090.0,1.0,1497100.0,2043200.0,1878220.0,0.797,95.34,61.8,收斂,頭頭低·底底高,多轉空預警 / 多頭確認,27,5,20,16.8,20,剛爆發,,False,True
SBAC,Real Estate,SBA Communications,2026-08-03,178.31,-2.01,-18.34,-2.64,-6.41,0.0,1041260,979380,1097839,-3.16,-19.48,9.79,P-V-,P-V-,P-V+,😴 弱勢縮量,-19.14,37.76,-0.507,24,30,25,26.0,,,,,,,,,,,,,,,,,,,,,,,,,,,,28,26,26,,26,,,False,False
CCI,Real Estate,Crown Castle,2026-08-03,76.74,-0.62,-12.55,-9.39,-7.99,0.0,4315945,4229812,3837216,-10.97,22.79,21.84,P-V-,P-V+,P-V+,➡️ 中性,-26.53,25.19,-1.053,19,28,28,23.5,,,,,,,,,,,,,,,,,,,,,,,,,,,,29,26,26,,26,,,False,False
CSGP,Real Estate,CoStar Group,2026-08-03,30.03,0.54,-13.23,-54.65,-30.5,0.333,7993055,7910081,7357378,9.93,16.24,86.82,P+V+,P-V+,P-V+,➡️ 中性,-69.66,42.67,-1.633,14,29,30,21.7,11.88,24.8,False,False,30.63,19.09,0.931,False,97.43,97.43,-69.18,2.95,4.63,8.0,12.0,7654225.0,8218941.0,0.667,6026900.0,8881340.0,8762313.0,0.688,80.26,52.27,空頭,頭頭低·底底低,,30,19,23,24.2,25,剛爆發,,False,True
PCG,Utilities,PG&E Corporation,2026-08-03,17.43,1.46,5.18,15.56,9.44,1.0,20559750,19465627,21158196,12.1,-14.81,-11.34,P+V+,P+V-,P+V-,➡️ 中性,20.38,27.2,0.749,3,2,2,2.5,11.64,8.83,False,True,17.0,8.43,1.009,False,19.05,19.16,-8.5,-0.97,3.63,13.0,7.0,20623123.0,20442057.0,1.857,39509100.0,27993980.0,23496666.0,1.681,97.3,51.12,多頭,頭頭高·底底高,,1,2,2,1.6,1,,,False,True
D,Utilities,Dominion Energy,2026-08-03,68.06,-1.55,7.66,14.8,8.93,0.667,4296320,6809895,5909876,-36.18,35.93,8.52,P-V-,P+V+,P+V+,➡️ 中性,19.71,17.57,1.122,7,1,3,4.4,17.2,4.37,False,True,68.0,5.29,1.467,False,72.26,72.99,-5.81,-2.16,-0.74,9.0,11.0,5208155.0,3550272.0,0.818,2900500.0,3355630.0,3588760.0,0.808,86.64,43.73,多頭,頭頭高·底底高,空頭確認,2,4,25,7.4,4,,,False,True
EIX,Utilities,Edison International,2026-08-03,71.46,-5.65,4.06,16.85,8.02,0.667,2548785,2595975,2942567,6.24,-21.07,-9.18,P-V+,P+V-,P+V-,➡️ 中性,46.88,21.75,2.156,21,4,1,11.9,26.99,7.42,False,False,73.72,13.47,0.834,False,81.62,81.62,-12.45,-9.13,-3.38,11.0,9.0,2339509.0,2804566.0,1.222,3824000.0,2971980.0,2712186.0,1.41,77.25,35.67,多頭,頭頭高·底底高,,3,11,4,6.4,3,吃老本,,False,True
EVRG,Utilities,Evergy,2026-08-03,82.54,-4.47,1.31,9.79,4.11,0.667,2064670,2120783,2061279,-0.72,5.95,-3.11,P-V-,P+V+,P+V-,➡️ 中性,24.89,13.7,1.817,18,8,5,12.4,13.81,-24.26,False,False,83.82,6.12,0.885,False,87.89,88.62,-6.08,-3.04,-3.52,8.0,11.0,1907287.0,2154018.0,0.727,1891400.0,1942550.0,1929260.0,0.98,73.07,40.75,空頭,頭頭低·底底低,多轉空預警 / 空頭確認,4,21,18,13.6,12,吃老本,,False,True
ETR,Utilities,Entergy,2026-08-03,107.42,-6.19,-7.85,13.24,3.11,0.333,2803155,3535978,3216633,-18.96,22.04,21.94,P-V-,P-V+,P+V+,➡️ 中性,30.19,17.67,1.709,23,27,4,20.4,2.39,2.26,False,False,111.48,8.89,0.817,False,117.75,118.45,-8.77,-5.01,-5.07,10.0,10.0,2521660.0,3084650.0,1.0,3018200.0,2994970.0,2884746.0,1.046,74.26,36.67,多頭,頭頭高·底底高,空轉多預警 / 空頭確認,5,16,16,11.6,10,吃老本,,False,True
PNW,Utilities,Pinnacle West Capital,2026-08-03,100.81,-6.34,-1.05,9.37,2.84,0.333,1239110,1276438,1249864,-8.1,4.34,4.12,P-V-,P-V+,P+V+,➡️ 中性,21.36,16.46,1.297,25,10,6,16.7,814.01,162.15,False,False,103.45,7.56,0.759,False,110.16,111.16,-8.49,-3.47,-4.85,7.0,13.0,1027600.0,1353000.0,0.538,1571300.0,1505470.0,1330446.0,1.181,67.07,38.61,擴散,頭頭高·底底低,,6,26,10,14.8,16,吃老本,,False,True
FE,Utilities,FirstEnergy,2026-08-03,47.95,0.08,2.97,3.95,2.74,1.0,4678980,5087587,4864710,10.01,9.6,11.86,P+V+,P+V+,P+V+,⭐⭐⭐ 完美多頭,14.95,15.92,0.939,6,6,16,8.0,-0.48,0.63,False,True,47.1,4.93,0.807,False,51.3,52.34,-6.52,-1.8,1.51,11.0,9.0,4224900.0,5233966.0,1.222,6103600.0,5126490.0,5114406.0,1.193,82.64,49.77,多頭,頭頭高·底底高,多頭確認,7,7,9,7.4,4,,,False,False
AES,Utilities,AES Corporation,2026-08-03,14.71,1.82,4.29,2.2,2.63,1.0,7918820,9232813,11197709,-3.5,-29.86,22.03,P+V-,P+V-,P+V+,⚠️ 頂部背離,14.24,27.76,0.513,2,3,21,6.1,108.27,33.04,False,True,14.54,0.85,1.252,True,17.23,17.65,-14.62,0.38,2.17,12.0,7.0,8633650.0,6895585.0,1.714,7474500.0,6540730.0,6762366.0,1.105,99.08,67.8,擴散,頭頭高·底底低,,8,1,12,6.0,2,剛爆發,,False,True
ES,Utilities,Eversource Energy,2026-08-03,71.95,-3.75,2.98,4.17,1.89,0.667,2253220,2659524,2596911,-25.81,4.94,-1.94,P-V-,P+V+,P+V-,➡️ 中性,16.83,23.69,0.71,14,5,14,11.3,-0.33,6.21,False,True,71.79,7.09,0.795,False,76.57,76.57,-6.03,-3.67,-1.75,10.0,10.0,1996330.0,2510110.0,1.0,2812800.0,2564850.0,2349140.0,1.197,76.4,43.61,多頭,頭頭高·底底高,空頭確認,9,12,8,10.0,6,,,False,False
LNT,Utilities,Alliant Energy,2026-08-03,71.27,-7.52,-2.2,8.55,1.85,0.333,2464410,2589206,2541687,-6.45,3.81,29.51,P-V-,P-V+,P+V+,➡️ 中性,19.7,14.83,1.328,30,12,8,20.2,12.23,2.85,False,False,73.42,6.83,0.878,False,78.22,78.81,-8.88,-2.86,-6.23,8.0,12.0,2274750.0,2590850.0,0.667,3303500.0,2685360.0,2607020.0,1.267,70.48,40.25,多頭,頭頭高·底底高,空轉多預警 / 空頭確認,10,24,6,14.8,16,吃老本,,False,True
AEE,Utilities,Ameren,2026-08-03,109.5,-4.31,-2.97,6.79,1.58,0.333,1490085,1791003,1772080,-24.58,2.16,10.25,P-V-,P-V+,P+V+,➡️ 中性,13.81,15.43,0.895,16,14,9,14.0,4.18,9.09,False,False,110.72,6.86,0.813,False,118.32,118.32,-7.45,-2.33,-3.09,9.0,11.0,1323122.0,1626690.0,0.818,2292200.0,1496640.0,1540553.0,1.488,73.72,44.27,多頭,頭頭高·底底高,空轉多預警,11,18,3,12.2,11,吃老本,,False,True
AEP,Utilities,American Electric Power,2026-08-03,127.35,-6.7,-5.73,9.08,1.43,0.333,3950705,5027123,4176887,-37.31,51.12,21.78,P-V-,P-V+,P+V+,➡️ 中性,23.51,17.21,1.366,26,21,7,20.7,-8.2,4.61,False,False,130.63,7.76,0.937,False,139.52,140.58,-8.72,-3.94,-5.63,9.0,11.0,3809355.0,4066354.0,0.818,4882900.0,4043200.0,3967686.0,1.231,73.71,39.58,收斂,頭頭低·底底高,多轉空預警 / 空頭確認,12,19,7,13.8,13,吃老本,,False,False
SO,Utilities,Southern Company,2026-08-03,92.18,-4.47,-3.09,6.31,1.26,0.333,4841680,5936812,5813111,-31.75,4.35,7.14,P-V-,P-V+,P+V+,➡️ 中性,4.36,15.31,0.284,18,15,11,15.7,11.82,8.87,False,False,93.73,6.44,0.923,False,98.45,100.84,-6.37,-3.67,-3.18,9.0,11.0,4628522.0,5016081.0,0.818,8958400.0,5479390.0,4951906.0,1.809,75.05,40.96,多頭,頭頭高·底底高,空轉多預警 / 空頭確認,13,15,1,11.4,9,,,False,True
AWK,Utilities,American Water Works,2026-08-03,130.43,-2.61,2.97,2.0,1.09,0.667,2166455,2221244,2058940,-14.54,17.12,29.38,P-V-,P+V+,P+V+,➡️ 中性,-6.26,19.67,-0.318,9,6,23,10.9,3.97,-7.4,False,True,128.53,7.81,0.961,False,143.94,147.87,-9.39,-2.42,-1.34,11.0,9.0,2127527.0,2214033.0,1.222,2497600.0,2682300.0,2352480.0,1.062,83.37,46.51,收斂,頭頭低·底底高,多轉空預警 / 空轉多預警,14,5,14,10.4,7,剛爆發,🎯 潛在暴漲,True,True
DUK,Utilities,Duke Energy,2026-08-03,123.2,-3.07,-3.24,5.1,0.97,0.333,3590085,3617003,3947261,-10.17,-15.44,23.78,P-V-,P-V-,P+V+,😴 弱勢縮量,6.07,13.85,0.438,11,16,13,12.9,7.24,0.49,False,False,124.47,7.17,0.894,False,132.18,134.49,-6.79,-3.53,-1.34,10.0,10.0,3388810.0,3791360.0,1.0,5075600.0,3825310.0,3789653.0,1.339,78.42,42.82,多頭,頭頭高·底底高,,15,10,5,11.0,8,,,False,True
CNP,Utilities,CenterPoint Energy,2026-08-03,41.67,-5.76,-3.44,6.41,0.91,0.333,6340705,6128738,5725333,-6.51,15.16,13.91,P-V-,P-V+,P+V+,➡️ 中性,15.92,14.0,1.137,22,17,10,18.1,7.4,1.1,False,False,42.9,8.26,0.919,False,44.99,45.26,-7.38,-4.75,-4.73,8.0,12.0,6021525.0,6553491.0,0.667,5552400.0,6298820.0,6419073.0,0.865,71.34,39.22,多頭,頭頭高·底底高,空轉多預警 / 空頭確認,16,22,22,19.6,22,吃老本,,False,True
EXC,Utilities,Exelon,2026-08-03,45.2,-4.08,0.15,3.62,0.83,0.667,9011215,9002621,8870263,-2.41,3.03,30.53,P-V-,P+V+,P+V+,➡️ 中性,9.13,16.26,0.561,15,9,17,13.6,-3.93,2.6,False,False,45.75,8.05,0.966,False,49.7,50.65,-9.06,-3.22,-3.02,9.0,11.0,8838844.0,9152245.0,0.818,6520400.0,9863390.0,8965733.0,0.727,76.07,43.54,多頭,頭頭高·底底高,,17,13,26,17.2,19,,,False,False
ED,Utilities,Consolidated Edison,2026-08-03,107.07,-4.46,-2.36,4.14,0.36,0.333,2159535,2457427,2286428,-11.13,16.17,5.82,P-V-,P-V+,P+V+,➡️ 中性,10.74,16.91,0.635,17,13,15,15.4,-3.83,3.44,False,False,108.36,6.46,1.024,False,114.33,116.23,-6.35,-3.18,-3.56,10.0,10.0,2185330.0,2133740.0,1.0,2042900.0,2401120.0,2215026.0,0.922,79.51,40.78,空頭,頭頭低·底底低,多轉空預警 / 空頭確認,18,8,19,14.2,14,剛爆發,,False,False
XEL,Utilities,Xcel Energy,2026-08-03,77.69,-3.69,-5.63,3.31,-0.68,0.333,4966345,5720933,5139925,-22.46,25.49,4.79,P-V-,P-V+,P+V+,➡️ 中性,12.76,17.13,0.745,13,20,19,16.3,18.44,0.23,False,False,79.32,7.1,0.814,False,83.22,84.23,-6.65,-3.74,-3.33,8.0,12.0,4367537.0,5365550.0,0.667,5178100.0,4978540.0,5165493.0,1.002,70.75,40.67,多頭,頭頭高·底底高,空頭確認,19,23,17,20.2,24,,,False,True
DTE,Utilities,DTE Energy,2026-08-03,141.72,-7.88,-5.83,5.33,-0.76,0.333,1301045,1502190,1422384,-8.02,11.89,7.15,P-V-,P-V+,P+V+,➡️ 中性,12.92,16.71,0.773,31,23,12,24.8,16.26,-4.14,False,False,146.79,7.16,0.949,False,155.75,155.75,-9.01,-3.74,-6.37,7.0,13.0,1257171.0,1324669.0,0.538,1381300.0,1425500.0,1304980.0,1.058,69.37,37.3,多頭,頭頭高·底底高,空頭確認,20,25,15,21.0,25,,,False,True
ATO,Utilities,Atmos Energy,2026-08-03,171.85,-2.64,-8.48,3.43,-1.06,0.333,1012750,1400815,1284512,-32.05,19.91,30.58,P-V-,P-V+,P+V+,➡️ 中性,14.06,15.26,0.921,10,28,18,17.0,1.84,0.07,False,False,172.64,6.29,0.898,False,190.28,192.51,-9.68,-2.99,-0.54,8.0,12.0,948337.0,1055691.0,0.667,812400.0,870600.0,990393.0,0.82,74.2,43.18,空頭,頭頭低·底底低,,21,17,24,20.0,23,,,False,True
CEG,Utilities,Constellation Energy,2026-08-03,273.29,14.18,-12.42,-4.94,-2.03,0.333,2703650,3613272,3510756,-34.54,6.02,32.01,P+V-,P-V+,P-V+,➡️ 中性,-27.47,45.04,-0.61,1,31,30,15.8,5.3,2.41,False,True,262.65,8.93,0.895,False,410.41,412.7,-33.41,1.37,11.32,12.0,8.0,2582125.0,2885937.0,1.5,2329800.0,2739230.0,2675900.0,0.871,95.5,58.48,多頭,頭頭高·底底高,空轉多預警,22,3,21,14.2,14,剛爆發,,False,True
NI,Utilities,NiSource,2026-08-03,44.53,-5.6,-7.15,2.32,-2.03,0.333,4487810,4574407,4415176,-2.99,7.48,10.07,P-V-,P-V+,P+V+,➡️ 中性,12.68,15.46,0.82,20,26,20,21.8,,,,,,,,,,,,,,,,,,,,,,,,,,,,22,27,27,,27,,,False,False
SRE,Utilities,Sempra,2026-08-03,87.73,-7.25,-7.11,2.14,-2.52,0.333,2757740,3613047,3667877,-37.79,-2.95,-1.93,P-V-,P-V-,P+V-,⚠️ 主升段結束,18.12,15.53,1.167,29,25,22,26.4,,,,,,,,,,,,,,,,,,,,,,,,,,,,24,27,27,,27,,,False,False
CMS,Utilities,CMS Energy,2026-08-03,71.17,-6.86,-5.79,1.11,-2.61,0.333,3702970,3376361,3251975,2.67,7.95,37.3,P-V+,P-V+,P+V+,⚠️ 中期出貨,6.12,16.53,0.37,27,22,24,24.9,,,,,,,,,,,,,,,,,,,,,,,,,,,,25,27,27,,27,,,False,False
VST,Utilities,Vistra Corp.,2026-08-03,155.94,0.13,-1.07,-4.8,-2.63,0.333,4094810,4744710,4709530,-8.22,1.51,-1.78,P+V-,P-V+,P-V-,➡️ 中性,-24.04,40.99,-0.586,5,11,29,11.6,53.35,-76.52,False,False,156.3,17.66,0.877,False,218.91,219.82,-28.76,-0.73,-0.81,11.0,9.0,3852209.0,4391322.0,1.222,4022300.0,4005860.0,4383093.0,0.918,82.91,50.11,擴散,頭頭高·底底低,,26,6,20,16.8,18,剛爆發,,False,True
NEE,Utilities,NextEra Energy,2026-08-03,85.9,-2.17,-10.93,0.72,-2.91,0.333,10454775,11727321,10665047,-12.76,22.12,9.48,P-V-,P-V+,P+V+,➡️ 中性,27.8,22.3,1.247,8,30,25,18.0,3.8,5.67,False,False,86.56,5.97,0.966,False,97.3,98.75,-11.71,-2.57,-1.02,8.0,12.0,10241350.0,10597058.0,0.667,11862300.0,10791330.0,10336953.0,1.148,75.28,41.18,擴散,頭頭高·底底低,,27,14,11,18.6,20,剛爆發,,False,True
WEC,Utilities,WEC Energy Group,2026-08-03,108.34,-7.14,-6.55,0.72,-3.06,0.333,1956265,2132452,2131016,-13.33,0.13,0.64,P-V-,P-V+,P+V+,➡️ 中性,9.36,15.02,0.623,28,24,25,26.2,,,,,,,,,,,,,,,,,,,,,,,,,,,,28,27,27,,27,,,False,False
PPL,Utilities,PPL Corporation,2026-08-03,35.2,-3.27,-5.23,-2.64,-3.45,0.0,7240425,9367093,9143414,-35.62,5.02,52.79,P-V-,P-V+,P-V+,➡️ 中性,4.48,17.46,0.256,12,18,27,16.8,2.08,-1.25,False,False,35.8,5.39,0.919,False,39.79,40.11,-11.54,-2.25,-2.52,8.0,12.0,6874550.0,7484341.0,0.667,6078500.0,8072940.0,7396213.0,0.822,73.66,42.11,空頭,頭頭低·底底低,多轉空預警,29,20,23,24.2,26,剛爆發,,False,True
PEG,Utilities,Public Service Enterprise Group,2026-08-03,76.62,-6.32,-5.36,-3.12,-4.48,0.0,2899395,3046124,2888470,-4.57,11.55,4.67,P-V-,P-V+,P-V+,➡️ 中性,-6.19,16.09,-0.385,24,19,28,23.3,,,,,,,,,,,,,,,,,,,,,,,,,,,,30,27,27,,27,,,False,False
NRG,Utilities,NRG Energy,2026-08-03,138.47,0.69,-10.41,-10.39,-7.63,0.333,2259115,2665013,2685133,-21.17,-1.49,18.23,P+V-,P-V-,P-V+,➡️ 中性,-15.14,41.33,-0.366,4,29,31,16.9,-14.04,16.38,False,True,135.23,16.09,1.099,False,188.71,189.96,-26.62,1.8,-1.45,8.0,12.0,2388475.0,2172875.0,0.667,2647400.0,2556420.0,2433980.0,1.088,79.09,53.17,空頭,頭頭低·底底低,,31,9,13,18.6,20,剛爆發,,False,False
