symbol,sector,name,as_of_date,t_price,cum_ret_4w,cum_ret_13w,cum_ret_26w,point,di,avg_vol_4w,avg_vol_13w,avg_vol_26w,vol_change_4w,vol_change_13w,vol_change_26w,pv_state_4w,pv_state_13w,pv_state_26w,pv_verdict,mom_12m_1m,weekly_vol_ann,spmo_score,cum_ret_4w_rank_in_sector,cum_ret_13w_rank_in_sector,cum_ret_26w_rank_in_sector,cms_a,surprise_l1,surprise_l2,pre_earnings_14d,above_50ma,ma50,amp_10d_pct,vp_ratio_stock,vcp,high_52w,high_52w_raw,pct_from_high,ret_5d,ret_20d,up_days_20,down_days_20,up_avg_vol,down_avg_vol,ud_ratio,vol_today,vol_10d_avg,vol_3w_avg,vol_ratio_stock_20d,vp_score_stock,rsi14,trend_state,trend_pattern,trend_signal,point_rank_in_sector,vp_score_rank_in_sector,vol_rank_in_sector,composite_in_sector,composite_rank_in_sector,stock_gap_alert,explosive_verdict,is_new_signal_3d,earnings_passed
ECHO,Communication Services,EchoStar,2026-02-27,115.53,2.04,62.9,290.04,161.26,1.0,4243890,5679689,5508213,-38.64,6.43,74.32,P+V-,P+V+,P+V+,⚠️ 頂部背離,273.1,136.27,2.004,12,1,1,6.5,1.98,-1.75,False,True,114.08,13.39,0.961,False,132.25,132.25,-12.64,4.68,1.82,11.0,9.0,4168618.0,4335888.0,1.222,7897700.0,3356370.0,3599273.0,2.194,88.13,54.26,收斂,頭頭低·底底高,多轉空預警,1,11,4,5.6,2,吃老本,🔥 追高風險,True,True
WBD,Communication Services,Warner Bros. Discovery,2026-02-27,28.17,2.29,23.23,133.78,73.27,1.0,25610140,38921483,45397630,8.35,-24.97,-11.83,P+V+,P+V-,P+V-,➡️ 中性,150.91,73.83,2.044,11,6,2,7.7,-2790.17,28.65,False,False,28.32,4.53,0.979,False,30.0,30.0,-6.1,-2.02,2.07,9.0,11.0,25305211.0,25859627.0,0.818,68764300.0,25987220.0,26163120.0,2.628,79.83,48.98,擴散,頭頭高·底底低,,2,12,3,6.2,6,吃老本,🔥 追高風險,True,False
GOOGL,Communication Services,Alphabet Inc. (Class A),2026-02-27,311.15,-7.76,-2.08,51.51,23.29,0.333,42003395,36308126,36303610,38.41,0.02,-4.98,P-V+,P-V+,P+V-,➡️ 中性,101.53,30.7,3.307,15,13,3,12.0,7.01,26.88,False,False,319.36,7.55,0.869,False,348.32,349.0,-10.67,-1.02,-7.83,6.0,14.0,37990550.0,43723185.0,0.429,44640600.0,35334860.0,38780460.0,1.151,66.53,45.27,擴散,頭頭高·底底低,,3,19,13,11.4,14,吃老本,,False,True
GOOG,Communication Services,Alphabet Inc. (Class C),2026-02-27,310.82,-8.01,-2.15,50.89,22.91,0.333,25610285,23162226,23253856,26.01,-0.78,-6.94,P-V+,P-V-,P+V-,➡️ 中性,99.74,30.35,3.286,16,14,4,13.0,6.78,26.88,False,False,319.91,7.31,0.985,False,349.47,350.15,-11.06,-1.1,-8.04,6.0,14.0,25331266.0,25729864.0,0.429,33389200.0,21560640.0,23538046.0,1.419,68.39,44.6,擴散,頭頭高·底底低,,4,16,6,9.2,12,吃老本,,False,True
TKO,Communication Services,TKO Group Holdings,2026-02-27,222.11,10.51,23.71,21.16,19.13,1.0,858240,985629,1122260,-10.57,-21.71,-15.88,P+V-,P+V-,P+V-,⚠️ 量能衰竭,35.55,32.42,1.097,8,5,5,6.5,-113.67,-8.04,False,True,206.32,13.08,1.193,False,225.15,226.94,-1.35,6.04,11.32,13.0,7.0,909784.0,762514.0,1.857,1161200.0,907420.0,858500.0,1.353,100.0,63.32,多頭,頭頭高·底底高,空轉多預警 / 多頭確認,5,1,7,3.8,1,,,False,False
VZ,Communication Services,Verizon,2026-02-27,48.57,12.62,26.86,16.76,18.25,1.0,40468680,30527678,27966495,39.69,20.16,33.87,P+V+,P+V+,P+V+,⭐⭐⭐ 完美多頭,-1.7,25.06,-0.068,4,3,6,4.1,3.28,1.53,False,True,41.61,5.39,1.647,False,48.9,50.48,-0.67,1.81,25.95,14.0,6.0,45877092.0,27849050.0,2.333,34693500.0,27161020.0,31458053.0,1.103,100.0,72.66,擴散,頭頭高·底底低,,6,1,15,5.8,3,,,False,True
OMC,Communication Services,Omnicom Group,2026-02-27,83.55,10.71,15.11,9.07,10.99,1.0,6585860,5555556,4560552,83.71,55.81,17.24,P+V+,P+V+,P+V+,⭐⭐⭐ 完美多頭,-3.85,36.82,-0.104,6,8,7,6.8,-11.8,3.06,False,True,75.98,23.75,1.188,False,84.29,89.27,-0.87,2.44,12.56,13.0,7.0,6972215.0,5868342.0,1.857,6074300.0,7713440.0,6802086.0,0.893,100.0,65.48,收斂,頭頭低·底底高,空轉多預警 / 多頭確認,7,1,19,7.0,7,剛爆發,🚀 暴漲中,True,False
LYV,Communication Services,Live Nation Entertainment,2026-02-27,162.14,11.47,29.08,-2.16,9.06,0.667,3160390,2885615,2823126,20.55,4.53,7.23,P+V+,P+V+,P-V+,🚀 健康多頭,4.84,33.21,0.146,5,2,11,5.3,-1.22,-51.15,False,True,147.24,9.99,1.282,False,175.25,175.25,-7.48,-0.33,9.72,11.0,9.0,3507190.0,2736522.0,1.222,5352800.0,3615110.0,3433580.0,1.559,96.46,64.63,擴散,頭頭高·底底低,,8,9,5,7.8,9,,,False,True
CMCSA,Communication Services,Comcast,2026-02-27,30.19,4.07,26.31,-1.09,7.05,0.667,30063870,36355341,33155003,-19.32,21.37,31.93,P+V-,P+V+,P-V+,➡️ 中性,-8.21,23.24,-0.353,10,4,9,8.0,10.76,1.72,False,True,28.58,4.98,1.105,False,33.34,35.6,-9.44,-1.21,5.88,12.0,8.0,31252333.0,28281175.0,1.5,34865700.0,26127350.0,27343873.0,1.275,94.88,55.41,多頭,頭頭高·底底高,,9,10,9,9.4,13,,,False,True
T,Communication Services,AT&T,2026-02-27,27.35,6.87,10.61,-0.44,4.15,0.667,45757605,41935627,44516496,-1.64,-10.96,20.28,P+V-,P+V-,P-V+,➡️ 中性,-2.49,23.71,-0.105,9,9,8,8.8,11.58,0.45,False,True,24.84,5.87,1.488,False,28.61,29.79,-4.4,0.11,11.46,11.0,8.0,53979736.0,36269137.0,1.375,54509300.0,37196900.0,40808633.0,1.336,100.0,61.33,擴散,頭頭高·底底低,,10,1,8,6.0,5,剛爆發,,False,True
CHTR,Communication Services,Charter Communications,2026-02-27,234.63,13.83,17.86,-15.47,0.19,0.667,2266190,1955073,1986553,15.95,-3.12,27.17,P+V+,P+V-,P-V+,➡️ 中性,-46.66,43.37,-1.076,3,7,19,7.4,4.09,-10.27,False,True,212.87,8.19,1.54,False,437.06,437.06,-46.32,1.94,22.51,11.0,9.0,2690990.0,1746988.0,1.222,2144300.0,1458310.0,1790300.0,1.198,100.0,59.09,擴散,頭頭高·底底低,,11,1,12,7.2,8,剛爆發,,False,True
TMUS,Communication Services,T-Mobile US,2026-02-27,214.68,10.61,5.73,-12.69,-2.26,0.667,7391745,5969801,5340612,31.48,26.71,20.56,P+V+,P+V+,P-V+,🚀 健康多頭,-27.23,29.13,-0.935,7,11,16,10.0,-8.92,0.39,False,True,197.28,5.84,1.218,False,268.83,276.49,-20.14,1.24,15.24,15.0,5.0,7738366.0,6351880.0,3.0,6916400.0,6294840.0,7213073.0,0.959,100.0,61.62,空頭,頭頭低·底底低,多頭確認,12,1,17,8.6,11,剛爆發,,False,False
PSKY,Communication Services,Paramount Skydance Corporation,2026-02-27,13.38,20.52,-9.95,-15.01,-4.86,0.333,13272435,10336230,9538995,93.98,18.24,-20.74,P+V+,P-V+,P-V-,✨ 反彈初期,1.69,55.25,0.031,1,17,18,9.2,-732.18,-129.59,False,True,11.75,35.09,2.09,False,20.57,20.86,-34.99,26.14,19.98,9.0,11.0,18609800.0,8905500.0,0.818,91699600.0,18336360.0,14918913.0,6.147,100.0,70.27,空頭,頭頭低·底底低,多頭確認,13,1,1,5.8,3,剛爆發,,False,False
DIS,Communication Services,Walt Disney Company (The),2026-02-27,105.23,-5.99,4.73,-10.18,-5.41,0.333,14175640,11511616,10281802,47.89,27.17,2.47,P-V+,P+V+,P-V+,➡️ 中性,1.35,33.31,0.041,14,12,15,13.6,3.44,8.42,False,False,109.29,6.22,0.867,False,122.91,124.69,-14.38,0.44,-4.97,9.0,11.0,13072322.0,15078354.0,0.818,13954000.0,10495110.0,11472140.0,1.216,74.64,46.87,空頭,頭頭低·底底低,,14,15,11,13.8,15,,,False,True
TTWO,Communication Services,Take-Two Interactive,2026-02-27,211.48,-4.0,-11.54,-7.66,-7.72,0.0,3527940,2003387,1821700,173.68,22.16,-11.97,P-V+,P-V+,P-V-,➡️ 中性,14.92,28.37,0.526,13,20,14,15.3,-87.12,-17.1,False,False,230.33,12.63,0.647,False,264.79,264.79,-20.13,5.89,-11.61,11.0,9.0,2832500.0,4377922.0,1.222,2234800.0,2150740.0,2807333.0,0.796,75.04,48.63,空頭,頭頭低·底底低,多轉空預警,15,14,20,15.6,16,,,False,False
META,Communication Services,Meta Platforms,2026-02-27,647.03,-9.54,5.82,-14.0,-7.93,0.333,13945700,15847636,15904140,-20.05,-0.71,4.68,P-V-,P+V-,P-V+,➡️ 中性,12.52,37.24,0.336,18,10,17,15.4,8.0,-84.34,False,False,655.53,5.45,0.877,False,793.65,796.25,-18.47,-1.14,-12.21,8.0,12.0,12867712.0,14664358.0,0.667,15703000.0,12029240.0,12868593.0,1.22,67.58,47.22,多頭,頭頭高·底底高,空轉多預警,16,18,10,15.6,16,,,False,True
APP,Communication Services,AppLovin,2026-02-27,434.77,-8.1,-22.33,-1.56,-8.39,0.0,8293435,5470341,6232841,62.42,-21.8,-18.22,P-V+,P-V-,P-V-,➡️ 中性,77.62,87.73,0.885,17,22,10,17.1,10.05,2.61,False,False,547.26,21.71,0.686,False,745.61,745.61,-41.69,3.84,-23.62,11.0,9.0,6877927.0,10023500.0,1.222,4889900.0,6399280.0,7757780.0,0.63,67.71,46.16,空頭,頭頭低·底底低,多轉空預警,17,17,21,17.8,19,,,False,True
NFLX,Communication Services,Netflix,2026-02-27,96.24,15.27,-10.03,-20.11,-8.74,0.333,54246140,49998238,43256377,5.77,36.93,5.19,P+V+,P-V+,P-V+,➡️ 中性,-13.65,34.78,-0.393,2,18,21,10.6,1.43,-15.79,False,True,86.35,27.0,1.309,False,134.12,134.12,-28.24,22.33,15.73,13.0,7.0,59125361.0,45184728.0,1.857,200767000.0,59785810.0,56277640.0,3.567,100.0,71.6,空頭,頭頭低·底底低,多頭確認,18,1,2,8.0,10,剛爆發,,False,True
FOX,Communication Services,Fox Corporation (Class B),2026-02-27,51.2,-21.11,-10.36,-4.48,-10.11,0.0,1995655,1610252,1727266,53.14,-12.69,37.93,P-V+,P-V-,P-V+,➡️ 中性,23.56,35.04,0.672,22,19,12,19.1,51.85,38.53,False,False,60.76,7.82,0.89,False,67.48,68.18,-24.12,-1.0,-20.05,8.0,12.0,1857762.0,2087583.0,0.667,2265300.0,1962020.0,1980920.0,1.144,63.15,33.66,多頭,頭頭高·底底高,空頭確認,19,20,14,18.4,20,,,False,True
FOXA,Communication Services,Fox Corporation (Class A),2026-02-27,55.82,-22.59,-12.38,-4.75,-11.12,0.0,5021195,3820941,3676446,65.06,8.18,-9.06,P-V+,P-V+,P-V-,➡️ 中性,28.56,34.89,0.819,24,21,13,20.9,58.6,37.42,False,False,67.61,8.54,0.845,False,75.68,76.39,-26.25,-1.19,-21.58,7.0,13.0,4487971.0,5308315.0,0.538,4759300.0,4520980.0,4985460.0,0.955,59.45,32.27,收斂,頭頭低·底底高,多轉空預警 / 空頭確認,20,21,18,20.0,21,,,False,True
NWSA,Communication Services,News Corp (Class A),2026-02-27,24.19,-10.14,-3.73,-20.09,-13.51,0.0,4993995,3861449,3965710,68.12,-5.12,14.94,P-V+,P-V-,P-V+,➡️ 中性,-3.92,29.76,-0.132,19,15,20,18.0,6.92,16.76,False,False,25.27,9.08,0.737,False,31.48,31.61,-23.16,2.71,-9.26,11.0,9.0,4301736.0,5840088.0,1.222,4757300.0,3961770.0,4783246.0,0.995,76.75,49.9,擴散,頭頭高·底底低,,21,13,16,16.8,18,剛爆發,,False,True
NWS,Communication Services,News Corp (Class B),2026-02-27,26.68,-13.89,-7.21,-23.62,-17.08,0.0,1748265,1199046,1231741,78.66,-5.17,64.11,P-V+,P-V-,P-V+,➡️ 中性,-3.4,30.19,-0.113,20,16,22,19.2,,,,,,,,,,,,,,,,,,,,,,,,,,,,22,22,22,,22,,,False,False
RDDT,Communication Services,Reddit,2026-02-27,145.81,-19.12,-25.23,-32.9,-27.54,0.0,7378225,5192741,5424405,72.84,-8.19,-35.59,P-V+,P-V-,P-V-,➡️ 中性,18.94,83.78,0.226,21,23,23,22.0,,,,,,,,,,,,,,,,,,,,,,,,,,,,23,22,22,,22,,,False,False
TTD,Communication Services,Trade Desk (The),2026-02-27,23.82,-21.46,-39.02,-55.23,-42.73,0.0,18722590,14577447,14439263,58.65,1.93,15.16,P-V+,P-V+,P-V+,📉 主力出貨,-56.29,72.24,-0.779,23,24,24,23.5,,,,,,,,,,,,,,,,,,,,,,,,,,,,24,22,22,,22,,,False,False
TPR,Consumer Discretionary,"Tapestry, Inc.",2026-02-27,154.03,22.5,47.61,57.14,46.1,1.0,2759545,2607764,2964385,30.01,-21.48,-39.22,P+V+,P+V-,P+V-,➡️ 中性,53.46,41.52,1.288,2,1,1,1.5,20.67,8.91,False,True,135.98,7.94,1.316,False,160.47,161.97,-4.01,-1.03,22.1,13.0,7.0,3012892.0,2289042.0,1.857,3056700.0,2270330.0,2505200.0,1.22,100.0,62.15,擴散,頭頭高·底底低,,1,1,11,3.0,2,,,False,True
ROST,Consumer Discretionary,Ross Stores,2026-02-27,204.8,9.01,18.36,40.35,27.02,1.0,2381260,2524586,2533042,0.66,-0.67,-23.29,P+V+,P+V-,P+V-,➡️ 中性,36.62,26.75,1.369,7,13,2,7.8,10.9,1.36,False,True,189.46,6.51,0.977,False,205.56,206.4,-0.37,2.08,10.26,15.0,4.0,2411680.0,2468850.0,3.75,4422700.0,2268890.0,2295760.0,1.926,100.0,76.19,多頭,頭頭高·底底高,多頭確認,2,1,1,1.4,1,,,False,True
ULTA,Consumer Discretionary,Ulta Beauty,2026-02-27,684.79,5.78,33.07,29.33,24.38,1.0,504150,653110,653912,-8.14,-0.24,-25.13,P+V-,P+V-,P+V-,⚠️ 量能衰竭,72.54,29.38,2.469,17,4,4,10.5,11.73,14.65,False,True,655.2,7.99,0.963,False,714.97,714.97,-4.22,0.28,8.51,12.0,8.0,496591.0,515487.0,1.5,663000.0,477000.0,477633.0,1.388,94.57,53.91,多頭,頭頭高·底底高,,3,11,3,6.2,5,吃老本,,False,True
HAS,Consumer Discretionary,Hasbro,2026-02-27,98.05,12.28,26.37,23.65,21.49,1.0,2414885,1858538,1805244,45.01,6.08,-18.67,P+V+,P+V+,P+V-,🚀 健康多頭,42.51,35.94,1.183,4,7,7,5.5,59.28,2.87,False,True,88.87,5.93,1.233,False,104.6,106.98,-6.27,-1.84,10.85,10.0,10.0,2667130.0,2162640.0,1.0,2106200.0,1788040.0,2539106.0,0.83,92.36,59.33,多頭,頭頭高·底底高,,4,14,27,12.6,10,吃老本,🚀 暴漲中,True,True
GM,Consumer Discretionary,General Motors,2026-02-27,78.19,-6.3,11.08,35.47,18.93,0.667,8054580,8913403,8834103,-13.41,1.81,-25.7,P-V-,P+V+,P+V-,➡️ 中性,82.98,34.4,2.412,40,24,3,27.8,10.65,20.55,False,False,81.59,7.51,0.892,False,87.04,87.62,-10.17,-3.44,-8.75,11.0,9.0,7638772.0,8562788.0,1.222,13351400.0,7972830.0,8099426.0,1.648,77.32,42.49,收斂,頭頭低·底底高,多轉空預警 / 空轉多預警 / 空頭確認,5,26,2,12.8,11,吃老本,,False,True
MAR,Consumer Discretionary,Marriott International,2026-02-27,340.37,8.59,15.58,25.34,18.71,1.0,1876555,1634852,1555036,24.74,10.82,-9.76,P+V+,P+V+,P+V-,🚀 健康多頭,16.22,31.61,0.513,9,16,6,10.5,-1.51,3.46,False,True,324.88,6.86,1.046,False,367.81,370.0,-7.46,-1.59,7.07,9.0,11.0,1922833.0,1838690.0,0.818,1664600.0,1839890.0,2036226.0,0.817,84.18,53.38,多頭,頭頭高·底底高,,6,23,28,17.2,17,吃老本,🎯 潛在暴漲,True,False
GRMN,Consumer Discretionary,Garmin,2026-02-27,250.75,25.39,31.97,8.03,18.35,1.0,1234205,1057396,990886,37.45,14.39,0.36,P+V+,P+V+,P+V+,⭐⭐⭐ 完美多頭,-7.18,38.57,-0.186,1,5,15,5.0,16.63,0.0,False,True,211.31,21.68,1.128,False,258.43,261.69,-2.97,1.58,23.54,13.0,7.0,1285423.0,1139085.0,1.857,1704900.0,1511200.0,1267493.0,1.345,100.0,76.58,擴散,頭頭高·底底低,,7,1,6,4.4,3,剛爆發,,False,True
RL,Consumer Discretionary,Ralph Lauren Corporation,2026-02-27,360.73,2.6,3.87,27.58,15.41,1.0,763380,656623,623029,59.18,11.4,-29.99,P+V+,P+V+,P+V-,🚀 健康多頭,32.82,36.5,0.899,23,29,5,21.2,7.1,9.86,False,False,360.85,8.33,0.726,False,387.14,389.15,-6.82,-5.83,2.11,14.0,6.0,685564.0,944950.0,2.333,807400.0,580320.0,672293.0,1.201,96.64,48.25,擴散,頭頭高·底底低,,8,10,13,9.8,7,,,False,True
F,Consumer Discretionary,Ford Motor Company,2026-02-27,13.77,2.61,9.9,22.72,14.49,1.0,73431910,59368418,75106096,16.65,-34.65,-27.38,P+V+,P+V-,P+V-,➡️ 中性,56.74,29.89,1.899,22,26,8,20.4,-32.87,25.41,False,True,13.31,8.74,1.222,False,14.46,14.8,-4.8,0.57,1.73,9.0,11.0,81582744.0,66763045.0,0.818,73157000.0,66153110.0,74705146.0,0.979,84.93,54.8,多頭,頭頭高·底底高,,9,22,25,17.4,18,吃老本,,False,False
TJX,Consumer Discretionary,TJX Companies,2026-02-27,160.63,8.22,8.91,19.08,13.82,1.0,5694935,5291238,5176612,4.07,4.53,-7.75,P+V+,P+V+,P+V-,🚀 健康多頭,20.53,20.17,1.018,11,28,9,15.7,14.11,4.95,False,True,153.61,6.36,1.053,False,161.64,162.68,-0.63,2.17,9.93,14.0,6.0,5781700.0,5492483.0,2.333,7099900.0,5390250.0,5273960.0,1.346,100.0,65.64,擴散,頭頭高·底底低,多頭確認,10,1,5,5.4,4,剛爆發,,False,True
DECK,Consumer Discretionary,Deckers Brands,2026-02-27,117.27,-1.73,41.07,7.49,13.58,0.667,2897395,2986930,3363398,2.46,-20.13,-2.61,P-V+,P+V-,P+V-,➡️ 中性,-27.86,50.96,-0.547,33,2,16,20.3,20.47,15.06,False,True,108.09,7.51,1.191,False,151.58,151.58,-22.63,-1.2,17.39,8.0,12.0,3205825.0,2691775.0,0.667,2236200.0,2158340.0,2164140.0,1.033,90.8,58.02,擴散,頭頭高·底底低,,11,16,19,14.6,13,,,False,True
YUM,Consumer Discretionary,Yum! Brands,2026-02-27,167.34,8.64,12.35,15.34,12.92,1.0,2164020,2105015,2018971,10.94,8.9,-5.51,P+V+,P+V+,P+V-,🚀 健康多頭,2.62,22.76,0.115,8,23,11,13.1,-1.49,6.68,False,True,155.74,6.51,1.145,False,168.57,169.39,-0.73,2.96,8.65,14.0,6.0,2249342.0,1964933.0,2.333,1902300.0,1909280.0,1829386.0,1.04,100.0,70.33,多頭,頭頭高·底底高,多頭確認,12,1,18,8.8,6,剛爆發,🎯 潛在暴漲,True,False
SBUX,Consumer Discretionary,Starbucks,2026-02-27,96.89,7.29,18.37,12.43,12.63,1.0,7804450,9388207,9600121,-33.01,-4.32,-9.03,P+V-,P+V-,P+V-,⚠️ 量能衰竭,-16.28,35.9,-0.453,14,12,13,13.2,-4.59,-6.51,False,True,90.76,6.49,0.876,False,112.99,117.46,-14.25,0.54,5.08,11.0,9.0,7338654.0,8373755.0,1.222,7286900.0,7220320.0,7496720.0,0.972,86.94,58.62,收斂,頭頭低·底底高,多轉空預警,13,20,26,18.4,21,吃老本,,False,True
NCLH,Consumer Discretionary,Norwegian Cruise Line Holdings,2026-02-27,24.79,12.89,39.66,-1.04,12.62,0.667,23224040,19043232,17641612,26.62,17.26,14.16,P+V+,P+V+,P-V+,🚀 健康多頭,-3.37,50.82,-0.066,3,3,25,7.4,3.31,-1.09,False,True,22.85,16.86,1.185,False,27.18,27.18,-8.79,1.97,8.16,9.0,11.0,25408277.0,21436936.0,0.818,25518300.0,25091420.0,23524720.0,1.085,88.7,58.2,擴散,頭頭高·底底低,,14,19,17,16.6,16,,,False,True
HLT,Consumer Discretionary,Hilton Worldwide,2026-02-27,311.49,4.49,13.71,12.53,10.82,1.0,2143200,1853324,1779143,15.47,8.7,-16.33,P+V+,P+V+,P+V-,🚀 健康多頭,15.71,26.24,0.598,20,20,12,18.4,3.16,2.96,False,True,301.67,6.63,1.055,False,333.4,333.86,-6.57,-1.28,4.23,11.0,9.0,2195118.0,2079744.0,1.222,2140100.0,1786580.0,2100013.0,1.019,88.83,52.78,多頭,頭頭高·底底高,,15,18,21,17.4,18,,🎯 潛在暴漲,True,True
MCD,Consumer Discretionary,McDonald's,2026-02-27,334.5,8.27,12.53,9.87,10.13,1.0,3686160,3366607,3189195,19.47,11.78,-13.45,P+V+,P+V+,P+V-,🚀 健康多頭,4.17,16.18,0.258,10,22,14,14.4,2.22,-3.36,False,True,310.66,5.28,1.131,False,334.79,341.35,-0.08,3.59,8.1,12.0,8.0,3865541.0,3417087.0,1.5,4269100.0,3458250.0,3642940.0,1.172,98.59,74.5,多頭,頭頭高·底底高,空轉多預警 / 多頭確認,16,8,14,12.4,9,剛爆發,,False,True
DRI,Consumer Discretionary,Darden Restaurants,2026-02-27,210.51,7.27,24.31,4.13,9.96,1.0,1246025,1553850,1419296,-27.23,20.95,2.87,P+V-,P+V+,P+V+,⚠️ 頂部背離,5.34,29.54,0.181,15,8,17,13.3,-0.82,-2.05,False,True,199.78,4.99,1.177,False,219.71,228.27,-4.19,-1.57,7.28,12.0,8.0,1325816.0,1126337.0,1.5,1177300.0,1085620.0,1140926.0,1.032,96.84,55.71,多頭,頭頭高·底底高,,17,9,20,14.4,12,剛爆發,,False,True
CCL,Consumer Discretionary,Carnival Corporation,2026-02-27,31.19,5.58,28.01,1.26,9.03,1.0,20921275,20749023,21074315,11.93,-3.04,-13.88,P+V+,P+V-,P+V-,➡️ 中性,32.55,50.05,0.65,18,6,22,15.2,38.64,8.54,False,True,30.5,10.2,0.993,False,33.49,34.03,-6.86,-1.38,1.75,9.0,11.0,20835844.0,20991172.0,0.818,19943500.0,18786730.0,19683253.0,1.013,80.14,50.71,多頭,頭頭高·底底高,空轉多預警,18,24,22,21.2,25,吃老本,,False,True
PHM,Consumer Discretionary,PulteGroup,2026-02-27,136.62,9.68,15.26,4.06,8.27,1.0,1869090,1842950,1994487,-1.57,-14.12,-6.61,P+V-,P+V-,P+V-,⚠️ 量能衰竭,24.64,32.67,0.754,6,17,18,11.7,-9.5,2.14,False,True,128.43,9.52,0.977,False,143.89,144.5,-5.05,-2.01,7.81,13.0,7.0,1853884.0,1897328.0,1.857,2184900.0,1690030.0,1746133.0,1.251,98.84,54.72,多頭,頭頭高·底底高,,19,7,9,12.2,8,剛爆發,,False,False
ABNB,Consumer Discretionary,Airbnb,2026-02-27,135.11,4.44,18.09,3.99,7.63,1.0,6073005,4882463,4878221,52.08,0.17,-11.25,P+V+,P+V+,P+V-,🚀 健康多頭,-5.51,35.34,-0.156,21,14,19,18.5,-15.65,-4.76,False,True,131.03,13.96,1.047,False,157.75,157.75,-14.35,5.65,2.53,11.0,9.0,6198736.0,5919333.0,1.222,6498500.0,6667080.0,6558973.0,0.991,90.44,60.34,擴散,頭頭高·底底低,,20,17,24,19.6,23,,,False,False
TSLA,Consumer Discretionary,"Tesla, Inc.",2026-02-27,402.51,-6.48,-3.66,18.38,6.66,0.333,60305685,66198230,78003726,-2.85,-26.29,-29.7,P-V-,P-V-,P+V-,⚠️ 主升段結束,47.74,58.74,0.813,41,37,10,33.6,10.96,-10.53,False,False,436.14,7.32,0.916,False,498.83,498.83,-19.31,-2.26,-3.37,12.0,8.0,58180225.0,63493875.0,1.5,56890100.0,55952790.0,57362326.0,0.992,85.61,41.24,空頭,頭頭低·底底低,,21,21,23,21.4,26,,,False,True
WSM,Consumer Discretionary,"Williams-Sonoma, Inc.",2026-02-27,204.15,0.49,18.75,1.77,5.7,1.0,995780,1103606,1157375,-5.2,-8.88,-43.79,P+V-,P+V-,P+V-,⚠️ 量能衰竭,8.61,35.56,0.242,29,11,21,22.0,4.87,11.59,False,True,201.57,9.82,0.91,False,220.38,222.0,-7.36,-4.29,-0.0,9.0,11.0,944633.0,1037627.0,0.818,1337500.0,971640.0,972073.0,1.376,76.49,47.29,多頭,頭頭高·底底高,,22,27,4,20.4,24,,,False,True
LOW,Consumer Discretionary,Lowe's,2026-02-27,261.69,-0.93,16.17,1.26,4.44,0.667,2946990,2876752,2869207,1.52,0.53,0.92,P-V+,P+V+,P+V+,⚠️ 中期出貨,10.8,27.34,0.395,31,15,22,24.4,1.93,3.61,False,False,262.18,10.81,0.921,False,289.87,293.06,-9.72,-5.63,-0.78,13.0,7.0,2861538.0,3105685.0,1.857,3252500.0,2996170.0,2937960.0,1.107,91.26,41.89,多頭,頭頭高·底底高,空轉多預警,23,15,16,18.4,21,剛爆發,,False,True
MGM,Consumer Discretionary,MGM Resorts,2026-02-27,36.86,9.9,13.84,-3.15,4.36,0.667,5674080,4598676,4745076,25.81,-5.99,-11.56,P+V+,P+V-,P-V-,✨ 反彈初期,-3.84,41.52,-0.092,5,19,26,13.4,189.62,-19.85,False,True,35.57,12.48,1.026,False,40.16,40.16,-8.22,0.19,10.56,11.0,9.0,5739600.0,5594000.0,1.222,6606700.0,4997680.0,5023260.0,1.315,92.7,54.8,多頭,頭頭高·底底高,空轉多預警,24,13,8,16.4,15,剛爆發,🎯 潛在暴漲,True,True
DHI,Consumer Discretionary,D. R. Horton,2026-02-27,159.43,8.07,10.11,-5.47,1.81,0.667,2871895,3171121,3230740,-22.47,-3.62,-15.77,P+V-,P+V-,P-V-,➡️ 中性,20.03,36.15,0.554,13,25,28,19.6,5.86,-7.16,False,True,153.19,9.7,1.052,False,182.36,184.55,-12.57,-2.27,6.93,12.0,8.0,2930250.0,2784362.0,1.5,3264500.0,2359720.0,2873660.0,1.136,94.17,52.39,多頭,頭頭高·底底高,空轉多預警,25,12,15,17.8,20,剛爆發,,False,True
LVS,Consumer Discretionary,Las Vegas Sands,2026-02-27,56.03,8.13,-13.18,3.99,0.73,0.667,5443180,5714581,5641340,-22.63,2.63,1.91,P+V-,P-V+,P+V+,⚠️ 頂部背離,22.38,44.16,0.507,12,45,19,23.3,10.53,25.37,False,False,59.28,9.93,1.309,False,69.24,70.45,-19.07,-2.22,8.17,12.0,8.0,6009991.0,4592962.0,1.5,5698800.0,4501590.0,4696746.0,1.213,99.41,46.07,空頭,頭頭低·底底低,,26,6,12,15.2,14,剛爆發,,False,True
HD,Consumer Discretionary,Home Depot (The),2026-02-27,372.63,1.64,13.85,-6.65,0.55,0.667,4106265,4434800,4031038,-7.29,22.26,9.52,P+V-,P+V+,P-V+,➡️ 中性,-2.35,23.49,-0.1,25,18,31,24.1,,,,,,,,,,,,,,,,,,,,,,,,,,,,27,29,29,,29,,,False,False
RCL,Consumer Discretionary,Royal Caribbean Group,2026-02-27,307.72,-4.22,22.09,-9.19,-0.13,0.333,2239780,2389012,2219546,-11.27,16.53,-13.82,P-V-,P+V+,P-V-,➡️ 中性,47.14,51.29,0.919,36,9,37,28.1,0.13,1.24,False,True,300.86,10.21,0.913,False,360.34,366.5,-14.6,-1.31,-10.12,8.0,12.0,2118587.0,2320575.0,0.667,2986500.0,2289260.0,2224300.0,1.343,69.38,48.43,擴散,頭頭高·底底低,,28,28,7,23.8,27,,,False,True
EBAY,Consumer Discretionary,eBay Inc.,2026-02-27,90.03,-0.39,12.72,-7.81,-0.83,0.333,6885650,4955249,5335231,70.84,-13.3,-9.22,P-V+,P+V-,P-V-,➡️ 中性,51.0,35.0,1.457,30,21,32,27.7,,,,,,,,,,,,,,,,,,,,,,,,,,,,29,29,29,,29,,,False,False
LULU,Consumer Discretionary,Lululemon Athletica,2026-02-27,185.17,6.11,9.14,-10.8,-1.59,0.667,2120675,3648729,4331790,-27.33,-27.24,48.36,P+V-,P+V-,P-V+,➡️ 中性,-52.36,51.13,-1.024,16,27,39,23.9,,,,,,,,,,,,,,,,,,,,,,,,,,,,30,29,29,,29,,,False,False
CMG,Consumer Discretionary,Chipotle Mexican Grill,2026-02-27,37.22,-4.24,19.33,-14.71,-3.58,0.333,19597285,18306170,20349045,26.15,-18.25,35.3,P-V+,P+V-,P-V+,➡️ 中性,-25.86,42.11,-0.614,37,10,41,29.7,4.89,0.87,False,False,38.44,8.2,1.152,False,58.42,58.42,-36.29,-0.85,-4.81,9.0,11.0,21131422.0,18342081.0,0.818,20764600.0,14673570.0,16613193.0,1.25,79.21,46.05,擴散,頭頭高·底底低,,31,25,10,24.4,28,剛爆發,,False,True
NVR,Consumer Discretionary,"NVR, Inc.",2026-02-27,7517.79,-1.54,3.5,-8.46,-3.74,0.333,26845,26258,23240,-17.13,29.84,5.35,P-V-,P+V+,P-V+,➡️ 中性,6.15,23.83,0.258,32,30,35,32.0,,,,,,,,,,,,,,,,,,,,,,,,,,,,32,29,29,,29,,,False,False
APTV,Consumer Discretionary,Aptiv,2026-02-27,73.54,-2.92,-1.75,-6.23,-4.28,0.0,2220390,2180272,2187161,-6.22,-0.63,-25.42,P-V-,P-V-,P-V-,🧊 熊市縮量,20.68,41.95,0.493,35,34,29,33.5,,,,,,,,,,,,,,,,,,,,,,,,,,,,33,29,29,,29,,,False,False
AZO,Consumer Discretionary,AutoZone,2026-02-27,3755.58,1.38,-2.49,-8.64,-4.6,0.333,137620,164232,146250,-27.2,28.04,6.83,P+V-,P-V+,P-V+,➡️ 中性,7.52,25.98,0.289,26,36,36,31.0,,,,,,,,,,,,,,,,,,,,,,,,,,,,34,29,29,,29,,,False,False
WYNN,Consumer Discretionary,Wynn Resorts,2026-02-27,107.64,0.91,-12.02,-4.95,-5.25,0.333,1819510,1502615,1631520,50.07,-14.64,-32.37,P+V+,P-V-,P-V-,🌱 底部剛翻多,24.35,44.07,0.553,27,43,27,31.8,,,,,,,,,,,,,,,,,,,,,,,,,,,,35,29,29,,29,剛爆發,,False,False
DPZ,Consumer Discretionary,Domino's,2026-02-27,398.03,-1.91,0.36,-10.04,-5.41,0.333,1046790,746370,683977,50.86,20.08,2.61,P-V+,P+V+,P-V+,➡️ 中性,-14.25,25.88,-0.55,34,33,38,34.5,,,,,,,,,,,,,,,,,,,,,,,,,,,,36,29,29,,29,剛爆發,,False,False
ORLY,Consumer Discretionary,O'Reilly Automotive,2026-02-27,93.88,-4.6,-5.17,-8.24,-6.56,0.0,6903710,5980081,5459253,16.65,21.09,-5.17,P-V+,P-V+,P-V-,➡️ 中性,9.55,23.16,0.412,38,39,34,37.5,,,,,,,,,,,,,,,,,,,,,,,,,,,,37,29,29,,29,剛爆發,,False,False
CVNA,Consumer Discretionary,Carvana,2026-02-27,66.83,-16.69,0.99,-6.61,-7.23,0.333,24658825,23315869,19100338,26.92,56.64,-10.29,P-V+,P+V+,P-V-,➡️ 中性,91.5,69.6,1.315,46,32,30,38.6,,,,,,,,,,,,,,,,,,,,,,,,,,,,38,29,29,,29,剛爆發,,False,False
TSCO,Consumer Discretionary,Tractor Supply,2026-02-27,51.07,2.34,-1.81,-14.79,-7.26,0.333,6604025,6658046,5762576,-21.98,36.8,4.01,P+V-,P-V+,P-V+,➡️ 中性,-5.68,27.72,-0.205,24,35,42,30.9,,,,,,,,,,,,,,,,,,,,,,,,,,,,39,29,29,,29,剛爆發,,False,False
EXPE,Consumer Discretionary,Expedia Group,2026-02-27,214.46,-18.56,-13.43,0.77,-7.61,0.333,4042615,2412629,2195193,143.74,21.99,4.16,P-V+,P-V+,P+V+,⚠️ 中期出貨,42.07,47.78,0.88,47,46,24,42.1,,,,,,,,,,,,,,,,,,,,,,,,,,,,40,29,29,,29,剛爆發,,False,False
LEN,Consumer Discretionary,Lennar,2026-02-27,113.08,5.05,-6.58,-15.02,-7.89,0.333,2507185,4354383,4567882,-25.35,-8.93,49.07,P+V-,P-V-,P-V+,➡️ 中性,-6.36,39.61,-0.161,19,41,43,30.4,,,,,,,,,,,,,,,,,,,,,,,,,,,,41,29,29,,29,剛爆發,,False,False
AMZN,Consumer Discretionary,Amazon,2026-02-27,210.0,-12.24,-7.19,-8.23,-8.98,0.0,65492835,46858160,47113306,59.77,-1.08,0.89,P-V+,P-V-,P-V+,➡️ 中性,15.8,34.86,0.453,42,42,33,40.2,,,,,,,,,,,,,,,,,,,,,,,,,,,,42,29,29,,29,剛爆發,,False,False
NKE,Consumer Discretionary,"Nike, Inc.",2026-02-27,60.58,0.6,1.04,-19.75,-9.46,0.667,15046935,17867895,16340584,-12.6,20.62,-6.61,P+V-,P+V+,P-V-,➡️ 中性,-19.93,42.37,-0.47,28,31,45,32.3,,,,,,,,,,,,,,,,,,,,,,,,,,,,43,29,29,,29,剛爆發,,False,False
GPC,Consumer Discretionary,Genuine Parts Company,2026-02-27,116.0,-14.2,-4.98,-13.19,-11.39,0.0,1687185,1268663,1233871,59.65,5.8,-9.45,P-V+,P-V+,P-V-,➡️ 中性,16.84,32.94,0.511,44,38,40,41.4,,,,,,,,,,,,,,,,,,,,,,,,,,,,44,29,29,,29,剛爆發,,False,False
BBY,Consumer Discretionary,Best Buy,2026-02-27,60.24,-4.81,-16.97,-15.64,-13.26,0.0,4554245,4627918,4049363,4.92,33.34,4.07,P-V+,P-V+,P-V+,📉 主力出貨,-22.53,35.72,-0.631,39,47,44,42.4,,,,,,,,,,,,,,,,,,,,,,,,,,,,45,29,29,,29,剛爆發,,False,False
DASH,Consumer Discretionary,DoorDash,2026-02-27,176.47,-13.76,-6.17,-28.65,-19.31,0.0,7323715,5269036,4778553,88.83,22.88,-6.01,P-V+,P-V+,P-V-,➡️ 中性,6.05,43.94,0.138,43,40,47,42.9,,,,,,,,,,,,,,,,,,,,,,,,,,,,46,29,29,,29,剛爆發,,False,False
BKNG,Consumer Discretionary,Booking Holdings,2026-02-27,168.76,-15.24,-12.88,-25.63,-19.84,0.0,15955375,8871769,7525403,205.89,43.58,22.42,P-V+,P-V+,P-V+,📉 主力出貨,4.74,28.33,0.167,45,44,46,44.9,,,,,,,,,,,,,,,,,,,,,,,,,,,,47,29,29,,29,剛爆發,,False,False
DG,Consumer Staples,Dollar General,2026-02-27,154.71,8.93,54.3,40.44,36.03,1.0,2683205,3556038,3305975,-20.27,16.37,-13.76,P+V-,P+V+,P+V-,⚠️ 量能背離,95.87,41.64,2.303,17,1,1,9.0,37.55,18.47,False,True,143.71,7.65,1.164,False,156.68,158.23,-1.26,3.72,10.2,14.0,6.0,2801857.0,2406350.0,2.333,3443100.0,2690280.0,2584260.0,1.332,100.0,64.51,多頭,頭頭高·底底高,多頭確認,1,1,9,2.6,2,,,False,True
BG,Consumer Staples,Bunge Global,2026-02-27,119.18,6.55,29.76,40.32,29.24,1.0,1664195,1529550,1697124,-4.18,-17.97,-9.64,P+V-,P+V-,P+V-,⚠️ 量能衰竭,61.13,38.37,1.593,22,3,2,12.3,9.62,15.32,False,True,105.94,5.55,1.158,False,123.03,124.78,-3.13,-1.07,5.38,10.0,10.0,1785710.0,1542680.0,1.0,1725900.0,1439540.0,1477260.0,1.168,88.06,62.53,擴散,頭頭高·底底低,,2,25,13,13.4,14,吃老本,,False,True
HSY,Consumer Staples,Hershey Company (The),2026-02-27,232.65,22.12,28.0,32.1,28.58,1.0,2487750,1883892,1738636,37.16,18.23,-3.51,P+V+,P+V+,P+V-,🚀 健康多頭,13.21,37.41,0.353,1,4,6,2.9,21.77,22.22,False,True,197.71,9.81,1.129,False,233.14,236.78,-0.21,6.54,24.82,13.0,7.0,2591223.0,2295585.0,1.857,2289800.0,2061370.0,2373393.0,0.965,100.0,74.86,多頭,頭頭高·底底高,多頭確認,3,1,23,6.2,4,,🚀 暴漲中,True,True
CASY,Consumer Staples,Casey's,2026-02-27,684.6,13.04,26.89,36.51,28.24,1.0,434115,351861,342370,33.82,5.7,-7.17,P+V+,P+V+,P+V-,🚀 健康多頭,49.92,29.47,1.694,3,6,3,3.9,6.26,14.26,False,True,615.81,5.31,1.657,False,689.0,690.0,-0.64,2.75,12.25,13.0,7.0,504076.0,304185.0,1.857,2365200.0,490190.0,455453.0,5.193,100.0,72.2,多頭,頭頭高·底底高,多頭確認,4,1,1,2.2,1,,🚀 暴漲中,True,True
WMT,Consumer Staples,Walmart,2026-02-27,127.14,7.39,23.21,32.41,23.85,1.0,28116560,30499612,23700138,-37.4,80.46,18.34,P+V-,P+V+,P+V+,⚠️ 頂部背離,22.46,29.7,0.756,21,10,5,14.5,1.79,3.11,False,True,119.35,10.76,0.88,False,133.84,134.69,-5.0,4.03,8.98,11.0,9.0,26485900.0,30109588.0,1.222,29205500.0,28776990.0,27922493.0,1.046,90.73,56.67,多頭,頭頭高·底底高,,5,23,18,14.8,16,吃老本,,False,True
MNST,Consumer Staples,Monster Beverage,2026-02-27,42.65,5.62,16.47,35.74,23.39,1.0,14683840,11792400,11290044,37.22,9.31,-8.27,P+V+,P+V+,P+V-,🚀 健康多頭,54.16,20.53,2.638,23,18,4,17.7,-4.5,9.22,False,True,39.94,8.16,0.785,False,43.69,43.69,-2.38,1.84,6.57,14.0,6.0,13566657.0,17290600.0,2.333,27123200.0,14721460.0,13614040.0,1.992,100.0,63.99,收斂,頭頭低·底底高,多轉空預警 / 多頭確認,6,1,3,3.4,3,,🎯 潛在暴漲,True,False
TGT,Consumer Staples,Target Corporation,2026-02-27,111.87,8.99,35.97,17.29,19.88,1.0,6431765,6651587,7370427,3.43,-17.77,-2.66,P+V+,P+V-,P+V-,➡️ 中性,-13.09,31.45,-0.416,16,2,9,10.4,4.09,0.82,False,True,104.63,6.82,1.206,False,122.34,130.15,-8.56,-2.49,11.77,11.0,8.0,7090090.0,5876600.0,1.375,6417000.0,5815330.0,5841386.0,1.099,97.81,55.14,多頭,頭頭高·底底高,空轉多預警,7,17,17,13.0,13,吃老本,,False,True
CL,Consumer Staples,Colgate-Palmolive,2026-02-27,97.97,9.8,25.98,16.84,17.37,1.0,7211375,6624089,6452680,2.22,5.46,22.38,P+V+,P+V+,P+V+,⭐⭐⭐ 完美多頭,-3.17,23.02,-0.138,12,8,10,10.4,4.19,2.36,False,True,85.74,6.15,1.269,False,98.15,100.18,-0.19,4.26,16.31,13.0,7.0,7789723.0,6137300.0,1.857,6096300.0,6087380.0,6070620.0,1.004,100.0,72.6,多頭,頭頭高·底底高,空轉多預警 / 多頭確認,8,1,20,7.6,7,剛爆發,,False,True
SYY,Consumer Staples,Sysco,2026-02-27,89.88,8.72,22.94,15.12,15.47,1.0,4011770,3676701,3331558,-4.94,23.11,1.53,P+V-,P+V+,P+V+,⚠️ 頂部背離,15.72,23.0,0.683,18,11,13,14.9,1.39,2.57,False,True,79.46,4.29,1.062,False,90.56,91.85,-0.75,1.14,8.38,11.0,9.0,4119772.0,3879766.0,1.222,3742300.0,3217820.0,3816380.0,0.981,92.4,73.0,多頭,頭頭高·底底高,空轉多預警,9,21,22,16.4,18,吃老本,,False,True
PEP,Consumer Staples,PepsiCo,2026-02-27,164.73,10.49,17.8,15.66,14.9,1.0,9632030,8407413,7977440,20.13,11.39,-9.93,P+V+,P+V+,P+V-,🚀 健康多頭,1.72,25.59,0.067,9,17,12,12.0,1.02,1.33,False,True,148.6,5.79,1.162,False,166.41,171.48,-1.01,2.91,14.16,14.0,6.0,10051442.0,8653400.0,2.333,10585200.0,7400190.0,8125380.0,1.303,100.0,66.7,多頭,頭頭高·底底高,空轉多預警,10,1,10,6.4,5,剛爆發,🚀 暴漲中,True,True
CHD,Consumer Staples,Church & Dwight,2026-02-27,104.2,9.28,27.13,11.08,14.64,1.0,2316945,2473370,2335483,-13.19,12.55,7.26,P+V-,P+V+,P+V+,⚠️ 頂部背離,-15.09,21.41,-0.705,13,5,16,11.2,3.02,9.93,False,True,92.21,6.64,1.432,False,114.24,116.46,-8.79,1.73,14.38,13.0,7.0,2590323.0,1809242.0,1.857,2271300.0,1982260.0,1977426.0,1.149,100.0,71.04,多頭,頭頭高·底底高,多頭確認,11,1,15,7.8,8,剛爆發,,False,True
KO,Consumer Staples,Coca-Cola Company (The),2026-02-27,80.48,9.02,13.15,18.01,14.55,1.0,20841795,18199035,17353400,18.57,10.25,3.08,P+V+,P+V+,P+V+,⭐⭐⭐ 完美多頭,6.67,16.69,0.4,15,24,8,16.3,2.69,5.32,False,True,72.9,4.84,1.082,False,80.92,82.0,-0.54,2.15,11.07,14.0,6.0,21324550.0,19715366.0,2.333,28483500.0,17439660.0,19591066.0,1.454,100.0,74.36,擴散,頭頭高·底底低,多頭確認,12,1,7,6.6,6,剛爆發,,False,True
DLTR,Consumer Staples,Dollar Tree,2026-02-27,126.48,7.56,26.16,11.61,14.24,1.0,2880360,3228440,3909776,-9.45,-29.68,-12.08,P+V-,P+V-,P+V-,⚠️ 量能衰竭,60.35,38.15,1.582,19,7,14,14.4,11.8,87.65,False,False,127.56,12.9,1.315,False,142.4,142.4,-11.18,-5.97,7.82,11.0,9.0,3228545.0,2454800.0,1.222,2394300.0,2887460.0,2864353.0,0.836,93.65,48.68,空頭,頭頭低·底底低,多轉空預警,13,20,26,18.4,26,吃老本,,False,True
EL,Consumer Staples,Estée Lauder Companies (The),2026-02-27,108.68,-4.74,18.03,21.28,13.96,0.667,4978950,3835896,3655098,50.51,10.41,-11.65,P-V+,P+V+,P+V-,➡️ 中性,60.67,42.22,1.437,34,16,7,23.2,6.6,81.88,False,False,109.54,10.32,0.719,False,120.38,121.64,-9.72,-3.87,-4.68,12.0,8.0,4306816.0,5987150.0,1.5,5885200.0,3714330.0,4315153.0,1.364,80.73,48.46,擴散,頭頭高·底底低,,14,27,8,18.0,23,吃老本,,False,True
PM,Consumer Staples,Philip Morris International,2026-02-27,183.65,4.12,24.81,10.8,12.63,1.0,5690355,5682595,6056959,10.8,-11.64,-1.5,P+V+,P+V-,P+V-,➡️ 中性,19.58,26.25,0.746,26,9,17,19.1,0.0,6.88,False,True,169.49,5.97,1.302,False,188.05,191.3,-2.34,1.87,5.03,11.0,9.0,6353454.0,4879900.0,1.222,5024300.0,4512420.0,5022333.0,1.0,94.88,62.35,多頭,頭頭高·底底高,,15,18,21,17.4,22,,,False,False
CLX,Consumer Staples,Clorox,2026-02-27,124.13,12.74,21.68,7.98,12.6,1.0,2285360,2267390,2123834,1.98,14.5,24.17,P+V+,P+V+,P+V+,⭐⭐⭐ 完美多頭,-26.03,24.3,-1.071,4,13,18,9.5,-3.04,9.23,False,True,108.41,6.36,1.159,False,149.13,159.04,-16.77,2.88,15.92,14.0,6.0,2383550.0,2056250.0,2.333,1879500.0,1843910.0,1966586.0,0.956,100.0,72.65,多頭,頭頭高·底底高,空轉多預警 / 多頭確認,16,1,24,11.6,11,剛爆發,🚀 暴漲中,True,False
TSN,Consumer Staples,Tyson Foods,2026-02-27,63.85,0.28,15.61,15.76,11.85,1.0,3112950,3061253,2967127,5.98,6.55,6.6,P+V+,P+V+,P+V+,⭐⭐⭐ 完美多頭,10.74,25.54,0.42,32,19,11,23.9,3.08,37.77,False,True,59.95,5.83,0.985,False,64.72,66.41,-1.35,2.59,0.45,12.0,8.0,3093608.0,3141962.0,1.5,5717700.0,3197640.0,2892306.0,1.977,91.04,61.03,多頭,頭頭高·底底高,空轉多預警,17,22,4,16.4,18,,,False,True
MO,Consumer Staples,Altria,2026-02-27,66.9,11.37,22.63,5.57,11.29,1.0,9454385,9769795,9043543,-14.48,17.46,-5.15,P+V-,P+V+,P+V-,⚠️ 量能背離,16.27,24.83,0.655,7,12,21,11.3,-1.33,0.13,False,True,60.05,6.24,1.17,False,68.33,70.51,-2.08,2.18,15.53,14.0,5.0,9758850.0,8337680.0,2.8,12272900.0,7787940.0,8422513.0,1.457,100.0,69.04,擴散,頭頭高·底底低,多頭確認,18,1,6,8.8,9,剛爆發,,False,False
ADM,Consumer Staples,Archer Daniels Midland,2026-02-27,68.16,3.34,18.6,11.49,11.23,1.0,3886775,3332010,3523700,7.18,-10.32,-12.75,P+V+,P+V-,P+V-,➡️ 中性,47.59,31.16,1.527,29,15,15,22.0,9.17,7.91,False,True,63.14,5.36,1.031,False,68.67,70.09,-0.76,1.71,3.95,11.0,9.0,3939800.0,3821966.0,1.222,5021100.0,3103880.0,3347140.0,1.5,89.42,61.63,多頭,頭頭高·底底高,,19,24,5,18.2,24,,,False,True
PG,Consumer Staples,Procter & Gamble,2026-02-27,164.72,10.17,14.56,6.87,9.62,1.0,11733080,11332672,9466387,0.02,49.11,12.63,P+V+,P+V+,P+V+,⭐⭐⭐ 完美多頭,-10.44,19.23,-0.543,11,22,19,15.9,1.25,4.92,False,True,148.03,7.08,0.947,False,172.58,179.99,-4.56,3.99,11.54,15.0,5.0,11572726.0,12214140.0,3.0,14878500.0,11825250.0,11584960.0,1.284,100.0,72.2,多頭,頭頭高·底底高,空轉多預警 / 多頭確認,20,1,11,10.6,10,剛爆發,🚀 暴漲中,True,True
COST,Consumer Staples,Costco,2026-02-27,1007.72,7.5,14.23,5.74,8.3,1.0,2217870,2620363,2531416,-18.58,7.28,11.6,P+V-,P+V+,P+V+,⚠️ 頂部背離,-6.35,23.6,-0.269,20,23,20,20.9,,,,,,,,,,,,,,,,,,,,,,,,,,,,21,28,28,,28,吃老本,,False,False
SJM,Consumer Staples,J.M. Smucker Company (The),2026-02-27,113.61,11.68,12.31,4.5,8.25,1.0,2679545,1916215,1944584,79.02,-2.88,14.34,P+V+,P+V-,P+V+,➡️ 中性,-2.34,28.72,-0.081,5,25,22,14.4,5.18,-0.03,False,True,101.02,13.7,0.666,False,116.98,121.48,-2.88,5.05,13.17,12.0,8.0,2232283.0,3350437.0,1.5,12228500.0,3624810.0,2984573.0,4.097,94.08,67.15,多頭,頭頭高·底底高,多頭確認,22,19,2,16.8,21,,,False,True
MKC,Consumer Staples,McCormick & Company,2026-02-27,69.78,14.9,6.9,-0.31,5.29,0.667,3590980,3492135,3071888,-20.99,31.7,28.93,P+V-,P+V+,P-V+,➡️ 中性,-22.93,28.73,-0.798,2,30,23,14.6,-1.83,4.15,False,True,65.93,7.01,1.009,False,82.55,86.24,-15.47,3.71,15.85,15.0,5.0,3599326.0,3565940.0,3.0,3762000.0,3069440.0,3227286.0,1.166,100.0,61.19,擴散,頭頭高·底底低,,23,1,14,12.4,12,剛爆發,,False,False
KR,Consumer Staples,Kroger,2026-02-27,67.42,9.12,6.68,-0.88,3.51,0.667,6764030,6732390,6838994,0.65,-3.07,-8.63,P+V+,P+V-,P-V-,✨ 反彈初期,-1.93,27.26,-0.071,14,31,24,21.1,1.69,4.25,False,True,63.41,9.0,1.227,False,72.87,74.9,-7.48,2.83,11.06,12.0,8.0,7304983.0,5952600.0,1.5,6773500.0,5704910.0,6617513.0,1.024,100.0,55.28,多頭,頭頭高·底底高,空轉多預警,24,1,19,13.8,15,剛爆發,🎯 潛在暴漲,True,True
MDLZ,Consumer Staples,Mondelez International,2026-02-27,60.54,5.32,10.6,-1.2,3.38,0.667,11439515,11330033,9701356,0.85,40.35,14.65,P+V+,P+V+,P-V+,🚀 健康多頭,-7.6,23.76,-0.32,25,27,25,25.6,,,,,,,,,,,,,,,,,,,,,,,,,,,,25,28,28,,28,,,False,False
STZ,Consumer Staples,Constellation Brands,2026-02-27,155.59,0.74,20.27,-4.47,3.02,0.667,2350025,2605670,2702953,-22.87,-6.95,17.13,P+V-,P+V-,P-V+,➡️ 中性,-8.35,31.74,-0.263,31,14,26,24.9,16.21,6.51,False,True,149.95,7.92,0.831,False,190.21,196.91,-18.2,0.93,2.01,11.0,9.0,2152818.0,2591055.0,1.222,2880000.0,2500610.0,2356480.0,1.222,84.45,51.76,擴散,頭頭高·底底低,,26,26,12,23.2,27,,,False,True
KVUE,Consumer Staples,Kenvue,2026-02-27,18.68,11.15,15.39,-9.38,1.95,0.667,52516950,44374909,41714237,9.35,13.63,125.47,P+V+,P+V+,P-V+,🚀 健康多頭,-23.35,27.8,-0.84,8,20,30,16.0,21.24,5.72,False,True,17.14,4.2,1.427,False,23.58,25.17,-20.76,2.14,12.44,16.0,4.0,55858993.0,39148775.0,4.0,24293100.0,37530560.0,49378893.0,0.492,100.0,69.48,多頭,頭頭高·底底高,空轉多預警 / 多頭確認,27,1,27,16.6,20,剛爆發,🚀 暴漲中,True,True
TAP,Consumer Staples,Molson Coors Beverage Company,2026-02-27,47.36,1.98,7.07,-5.38,-0.42,0.667,3435835,3362224,3007590,19.59,26.73,16.04,P+V+,P+V+,P-V+,🚀 健康多頭,-20.43,26.83,-0.762,30,29,27,29.1,,,,,,,,,,,,,,,,,,,,,,,,,,,,28,28,28,,28,,,False,False
HRL,Consumer Staples,Hormel Foods,2026-02-27,24.94,4.02,14.72,-10.26,-0.44,0.667,5464160,5066446,4916820,21.86,6.28,52.54,P+V+,P+V+,P-V+,🚀 健康多頭,-9.99,25.52,-0.391,27,21,32,26.2,,,,,,,,,,,,,,,,,,,,,,,,,,,,29,28,28,,28,,,False,False
KDP,Consumer Staples,Keurig Dr Pepper,2026-02-27,29.8,10.35,11.59,-12.33,-0.68,0.667,11241195,12253196,16713096,7.19,-42.13,31.88,P+V+,P+V-,P-V+,➡️ 中性,-17.69,28.54,-0.62,10,26,33,19.4,1.91,0.44,False,True,27.82,8.92,1.029,False,34.77,36.12,-14.29,2.51,12.9,14.0,6.0,11337771.0,11015850.0,2.333,13256600.0,11710130.0,11731740.0,1.13,100.0,62.75,擴散,頭頭高·底底低,多頭確認,30,1,16,15.6,17,剛爆發,,False,True
BF-B,Consumer Staples,Brown–Forman,2026-02-27,28.11,5.44,1.88,-6.22,-1.28,0.667,5064050,5131175,4388170,0.88,40.77,10.38,P+V+,P+V+,P-V+,🚀 健康多頭,-16.17,38.3,-0.422,24,32,28,27.2,,,,,,,,,,,,,,,,,,,,,,,,,,,,31,28,28,,28,,,False,False
KMB,Consumer Staples,Kimberly-Clark,2026-02-27,107.3,11.45,7.39,-14.67,-2.62,0.667,5711435,5869572,5005130,-13.94,41.75,112.22,P+V-,P+V+,P-V+,➡️ 中性,-26.74,26.09,-1.025,6,28,34,18.2,2.66,3.93,False,True,99.02,4.2,1.178,False,140.41,150.45,-23.58,2.22,12.95,16.0,4.0,5889137.0,5000625.0,4.0,4413000.0,4843000.0,5080946.0,0.869,100.0,66.76,多頭,頭頭高·底底高,空轉多預警 / 多頭確認,32,1,25,18.2,24,剛爆發,,False,True
KHC,Consumer Staples,Kraft Heinz,2026-02-27,23.4,3.66,-0.91,-9.59,-4.11,0.333,16428070,15014350,15753689,0.38,-8.97,22.14,P+V+,P-V-,P-V+,➡️ 中性,-19.99,23.53,-0.849,28,33,31,30.1,,,,,,,,,,,,,,,,,,,,,,,,,,,,33,28,28,,28,,,False,False
GIS,Consumer Staples,General Mills,2026-02-27,43.72,-2.23,-2.31,-7.45,-4.86,0.0,8142365,7732981,6870078,-2.26,28.73,18.15,P-V-,P-V+,P-V+,➡️ 中性,-22.22,21.52,-1.032,33,34,29,32.5,,,,,,,,,,,,,,,,,,,,,,,,,,,,34,28,28,,28,剛爆發,,False,False
TPL,Energy,Texas Pacific Land Corporation,2026-02-27,522.05,50.5,79.74,73.15,69.14,1.0,675375,494127,441316,87.32,27.19,3.98,P+V+,P+V+,P+V+,⭐⭐⭐ 完美多頭,-21.38,44.5,-0.48,1,1,1,1.0,-50.22,-8.7,False,True,357.4,27.84,1.404,False,544.86,547.2,-4.19,4.88,48.44,13.0,7.0,751038.0,534857.0,1.857,794900.0,869390.0,773553.0,1.028,100.0,80.45,多頭,頭頭高·底底高,多頭確認,1,1,16,4.0,2,,🔥 追高風險,True,False
HAL,Energy,Halliburton,2026-02-27,35.51,7.4,41.13,63.91,44.09,1.0,11764415,12534566,12669070,-29.12,-2.1,-11.08,P+V-,P+V-,P+V-,⚠️ 量能衰竭,31.73,45.59,0.696,15,3,2,8.8,26.32,16.93,False,True,31.93,8.81,0.999,False,35.7,36.19,-0.53,2.53,7.82,11.0,9.0,11758709.0,11771388.0,1.222,10172700.0,10506120.0,11042673.0,0.921,91.52,63.61,多頭,頭頭高·底底高,多頭確認,2,14,19,10.2,11,吃老本,,False,True
TRGP,Energy,Targa Resources,2026-02-27,233.53,17.33,39.51,46.12,37.27,1.0,1503815,1419749,1469376,20.03,-6.53,-25.32,P+V+,P+V-,P+V-,➡️ 中性,4.96,35.99,0.138,2,4,5,3.2,12.12,10.4,False,True,196.07,8.36,1.0,False,235.21,237.5,-0.72,1.92,17.59,13.0,7.0,1503661.0,1504100.0,1.857,2369500.0,1670910.0,1561640.0,1.517,100.0,78.79,擴散,頭頭高·底底低,多頭確認,3,1,3,2.2,1,,,False,True
SLB,Energy,Schlumberger,2026-02-27,50.81,6.74,45.76,47.34,36.8,1.0,17575635,18021901,17217086,-25.42,9.81,3.42,P+V-,P+V+,P+V+,⚠️ 頂部背離,21.34,39.52,0.54,16,2,3,9.2,4.96,3.95,False,True,45.61,6.82,1.103,False,51.86,52.4,-2.02,0.96,6.59,7.0,13.0,18706642.0,16966630.0,0.538,16691400.0,15209430.0,16195153.0,1.031,81.71,61.03,多頭,頭頭高·底底高,,4,19,15,12.2,14,吃老本,,False,True
BKR,Energy,Baker Hughes,2026-02-27,64.8,16.89,32.71,47.05,35.92,1.0,8633785,8497516,7722817,-13.46,22.3,-1.45,P+V-,P+V+,P+V-,⚠️ 量能背離,32.31,36.66,0.881,4,5,4,4.3,16.74,9.29,False,True,53.47,10.8,0.99,False,65.32,65.78,-0.79,4.9,15.47,14.0,6.0,8608864.0,8691933.0,2.333,8773800.0,7254850.0,8206453.0,1.069,100.0,77.4,擴散,頭頭高·底底低,多頭確認,5,1,13,5.0,4,,,False,True
APA,Energy,APA Corporation,2026-02-27,29.96,14.99,25.6,43.26,31.78,1.0,7179835,6075430,6747183,19.05,-18.11,-19.47,P+V+,P+V-,P+V-,➡️ 中性,35.25,50.34,0.7,5,11,6,7.0,41.73,17.59,False,True,25.69,12.73,1.438,False,30.01,30.42,-0.16,4.51,15.65,11.0,9.0,8320481.0,5785711.0,1.222,8707300.0,7439840.0,6828340.0,1.275,100.0,66.34,多頭,頭頭高·底底高,空轉多預警 / 多頭確認,6,1,6,4.0,2,,,False,True
XOM,Energy,ExxonMobil,2026-02-27,150.5,8.57,32.38,39.16,29.82,1.0,22413700,18752344,16716217,16.4,27.74,-2.59,P+V+,P+V+,P+V-,🚀 健康多頭,31.07,25.55,1.216,12,6,8,9.4,1.12,3.03,False,True,132.14,5.69,1.136,False,153.84,156.93,-2.18,3.54,9.26,11.0,9.0,23688154.0,20856033.0,1.222,30275100.0,19738740.0,20363000.0,1.487,95.18,64.79,多頭,頭頭高·底底高,,7,13,4,8.8,9,吃老本,🎯 潛在暴漲,True,True
VLO,Energy,Valero Energy,2026-02-27,202.89,13.48,18.08,42.53,29.15,1.0,2675405,3113833,2893800,-32.52,16.46,-12.51,P+V-,P+V+,P+V-,⚠️ 量能背離,44.03,41.25,1.067,6,15,7,8.9,16.95,19.88,False,True,182.34,5.7,1.169,False,205.0,206.77,-1.03,1.93,12.82,11.0,9.0,2861418.0,2448055.0,1.222,2993500.0,2210350.0,2337660.0,1.281,97.26,64.26,多頭,頭頭高·底底高,空轉多預警,8,12,5,9.0,10,,,False,True
WMB,Energy,Williams Companies,2026-02-27,73.64,11.09,26.77,33.13,26.03,1.0,8464315,7249698,7175032,19.02,2.1,-7.36,P+V+,P+V+,P+V-,🚀 健康多頭,23.65,27.07,0.874,8,9,9,8.5,-3.09,-5.28,False,True,64.03,6.37,0.823,False,74.5,75.59,-1.15,2.38,11.12,14.0,5.0,8186378.0,9942720.0,2.8,10392900.0,6620380.0,8285513.0,1.254,100.0,79.52,擴散,頭頭高·底底低,多頭確認,9,1,10,6.0,5,剛爆發,,False,True
KMI,Energy,Kinder Morgan,2026-02-27,32.66,10.18,25.25,27.24,22.48,1.0,13793685,13431709,13614386,-10.2,-2.65,-4.53,P+V-,P+V-,P+V-,⚠️ 量能衰竭,19.2,23.14,0.83,10,12,10,10.6,6.82,-2.84,False,True,28.62,5.15,1.004,False,32.74,33.35,-0.24,1.65,11.09,15.0,5.0,13806546.0,13755100.0,3.0,16322300.0,12916510.0,12915700.0,1.264,100.0,82.32,多頭,頭頭高·底底高,空轉多預警 / 多頭確認,10,1,8,6.0,5,剛爆發,,False,True
DVN,Energy,Devon Energy,2026-02-27,43.0,8.26,21.93,25.47,20.28,1.0,11980510,9634301,8662726,21.9,25.26,-2.62,P+V+,P+V+,P+V-,🚀 健康多頭,14.42,39.33,0.367,14,13,11,13.1,-0.81,10.56,False,True,38.95,10.07,1.15,False,45.59,46.15,-5.68,-1.94,8.99,10.0,9.0,13107530.0,11396655.0,1.111,9521400.0,10094320.0,9839953.0,0.968,91.41,59.52,擴散,頭頭高·底底低,,11,15,18,14.0,16,,,False,False
OXY,Energy,Occidental Petroleum,2026-02-27,52.59,16.94,28.86,17.11,20.01,1.0,12662325,10928600,10586078,7.19,6.69,-14.4,P+V+,P+V+,P+V-,🚀 健康多頭,-4.58,38.47,-0.119,3,8,18,7.5,83.77,22.73,False,True,44.05,16.46,1.368,False,52.83,53.33,-0.47,2.39,16.86,12.0,8.0,14189766.0,10371162.0,1.5,13123200.0,13939690.0,12522180.0,1.048,100.0,70.99,多頭,頭頭高·底底高,多頭確認,12,1,14,8.0,8,剛爆發,🚀 暴漲中,True,True
COP,Energy,ConocoPhillips,2026-02-27,111.88,9.7,30.59,19.24,19.69,1.0,7971130,7947321,7271839,-12.34,20.48,-14.03,P+V-,P+V+,P+V-,⚠️ 量能背離,8.35,32.2,0.259,11,7,15,10.6,-6.47,14.05,False,True,99.14,6.11,1.049,False,112.21,113.8,-0.3,2.65,11.23,12.0,8.0,8122791.0,7743637.0,1.5,9009900.0,7273330.0,7505660.0,1.2,98.65,67.41,多頭,頭頭高·底底高,,13,10,11,11.4,13,,,False,False
CVX,Energy,Chevron Corporation,2026-02-27,183.46,6.61,25.93,20.55,18.41,1.0,11222730,10519246,9014310,-9.01,40.08,-7.48,P+V-,P+V+,P+V-,⚠️ 量能背離,13.08,24.75,0.528,18,10,14,14.8,5.2,8.39,False,True,164.06,4.98,1.256,False,184.58,187.9,-0.61,1.54,10.16,12.0,8.0,12218633.0,9728875.0,1.5,12035500.0,9264560.0,9480180.0,1.27,100.0,70.99,多頭,頭頭高·底底高,空轉多預警,14,1,7,7.4,7,剛爆發,,False,True
FANG,Energy,Diamondback Energy,2026-02-27,171.16,6.18,17.91,22.33,17.19,1.0,2326765,1996593,1922496,15.36,8.02,-24.24,P+V+,P+V+,P+V-,🚀 健康多頭,7.78,35.9,0.217,19,16,12,16.7,-13.16,4.59,False,True,155.09,8.01,1.054,False,174.27,177.25,-1.79,-1.1,6.75,10.0,10.0,2388090.0,2265440.0,1.0,2459400.0,2548810.0,2417120.0,1.017,87.06,61.55,空頭,頭頭低·底底低,多轉空預警 / 多頭確認,15,17,17,16.2,19,,,False,False
PSX,Energy,Phillips 66,2026-02-27,152.41,8.39,16.82,20.76,16.68,1.0,2696320,2461709,2461446,10.23,0.02,-26.54,P+V+,P+V+,P+V-,🚀 健康多頭,16.28,40.2,0.405,13,18,13,14.5,14.7,16.81,False,True,140.56,7.62,1.252,False,160.43,163.79,-5.0,-0.1,7.99,8.0,12.0,3067000.0,2449200.0,0.667,4251200.0,2761950.0,2534180.0,1.678,86.67,58.52,多頭,頭頭高·底底高,空轉多預警,16,18,2,14.0,16,,🎯 潛在暴漲,True,True
OKE,Energy,Oneok,2026-02-27,80.83,5.95,19.47,13.86,13.29,1.0,5171370,4490956,4218541,15.07,13.81,7.57,P+V+,P+V+,P+V+,⭐⭐⭐ 完美多頭,-15.34,32.4,-0.473,20,14,20,18.2,3.85,2.45,False,True,75.34,10.88,0.742,False,95.86,103.64,-15.69,-5.22,6.8,13.0,6.0,4679315.0,6308600.0,2.167,5880800.0,5693350.0,5075580.0,1.159,97.47,53.71,多頭,頭頭高·底底高,空轉多預警 / 多頭確認,17,11,12,13.6,15,剛爆發,,False,True
MPC,Energy,Marathon Petroleum,2026-02-27,196.92,13.06,4.74,17.16,13.03,1.0,2402250,2280212,2104210,7.34,18.26,-17.96,P+V+,P+V+,P+V-,🚀 健康多頭,20.7,36.99,0.56,7,20,17,12.9,50.13,-4.86,False,True,179.79,8.06,1.074,False,207.91,210.32,-5.29,0.74,13.35,12.0,8.0,2470041.0,2300562.0,1.5,4760400.0,2192420.0,2107080.0,2.259,99.59,57.98,多頭,頭頭高·底底高,空轉多預警,18,9,1,11.0,12,剛爆發,🚀 暴漲中,True,True
EQT,Energy,EQT Corporation,2026-02-27,61.06,6.69,7.04,18.87,12.87,1.0,9549615,9751355,8805340,-21.45,24.07,4.71,P+V-,P+V+,P+V+,⚠️ 頂部背離,21.89,36.21,0.605,17,19,16,17.4,,,,,,,,,,,,,,,,,,,,,,,,,,,,19,20,20,,20,,,False,False
EOG,Energy,EOG Resources,2026-02-27,122.22,10.66,17.52,4.42,9.25,1.0,5526070,4494581,4097794,23.3,21.44,8.84,P+V+,P+V+,P+V+,⭐⭐⭐ 完美多頭,-11.01,28.52,-0.386,9,17,21,13.8,3.38,10.77,False,True,108.65,6.87,0.861,False,129.05,135.87,-5.29,0.81,10.71,11.0,9.0,5152100.0,5983144.0,1.222,6899700.0,5690700.0,5457473.0,1.264,90.15,66.23,多頭,頭頭高·底底高,,20,16,8,16.0,18,,🚀 暴漲中,True,True
EXE,Energy,Expand Energy,2026-02-27,106.05,-3.99,-7.4,14.56,4.43,0.333,4170000,3584564,3457544,19.76,7.63,-13.28,P-V+,P-V+,P+V-,➡️ 中性,15.96,32.83,0.486,21,21,19,20.6,,,,,,,,,,,,,,,,,,,,,,,,,,,,21,20,20,,20,,,False,False
CBOE,Financials,Cboe Global Markets,2026-02-27,298.26,13.36,18.06,21.93,18.82,1.0,952060,798916,806270,15.49,-1.81,-10.37,P+V+,P+V-,P+V-,➡️ 中性,28.4,22.15,1.282,1,2,3,1.7,3.76,5.58,False,True,266.31,11.41,0.965,False,301.65,303.12,-1.12,4.08,13.16,14.0,6.0,941764.0,976083.0,2.333,1352900.0,859870.0,904493.0,1.496,100.0,74.8,多頭,頭頭高·底底高,多頭確認,1,1,15,3.8,1,,,False,True
CB,Financials,Chubb Limited,2026-02-27,338.8,10.11,15.23,22.75,17.71,1.0,1865965,1757236,1775773,17.99,-2.07,-1.49,P+V+,P+V-,P+V-,➡️ 中性,9.4,20.05,0.469,3,8,2,4.3,10.98,21.68,False,True,314.02,6.13,1.113,False,340.62,342.69,-0.53,2.79,11.33,14.0,6.0,1924621.0,1729100.0,2.333,2218000.0,1724650.0,1784146.0,1.243,100.0,70.37,多頭,頭頭高·底底高,多頭確認,2,1,23,5.8,2,,,False,True
CME,Financials,CME Group,2026-02-27,310.43,10.53,16.43,19.66,16.57,1.0,2545210,2070052,1996564,27.51,7.64,-17.88,P+V+,P+V+,P+V-,🚀 健康多頭,18.21,18.09,1.007,2,6,6,4.0,0.99,1.98,False,True,278.5,7.46,1.059,False,313.41,322.57,-0.95,3.7,10.24,14.0,6.0,2588814.0,2443466.0,2.333,2806000.0,2523590.0,2518386.0,1.114,100.0,69.79,擴散,頭頭高·底底低,多頭確認,3,1,26,6.8,4,,,False,True
IVZ,Financials,Invesco,2026-02-27,25.88,-3.0,11.18,23.92,14.01,0.667,6075465,5678804,5225576,0.96,18.99,-11.78,P-V+,P+V+,P+V-,➡️ 中性,66.33,38.83,1.708,33,17,1,21.8,7.1,37.73,False,False,26.7,8.9,0.869,False,28.95,29.61,-10.6,-0.79,-4.5,11.0,9.0,5690754.0,6545666.0,1.222,5292600.0,4388500.0,5117300.0,1.034,80.53,47.14,擴散,頭頭高·底底低,,4,20,29,15.4,13,吃老本,,False,True
PFG,Financials,Principal Financial Group,2026-02-27,93.11,0.74,13.91,20.5,13.91,1.0,1938465,1539803,1381957,29.61,25.79,-0.34,P+V+,P+V+,P+V-,🚀 健康多頭,12.46,26.6,0.468,20,11,4,14.1,-1.57,-4.54,False,True,89.75,8.9,0.921,False,95.51,97.88,-2.51,-0.36,0.7,8.0,12.0,1843687.0,2001650.0,0.667,3749100.0,2080840.0,2056413.0,1.823,76.39,55.1,多頭,頭頭高·底底高,空轉多預警,5,26,9,14.2,8,吃老本,🎯 潛在暴漲,True,True
CFG,Financials,Citizens Financial Group,2026-02-27,59.37,-3.76,14.82,20.47,13.0,0.667,5509230,5175066,4809800,-0.17,16.44,-4.19,P-V-,P+V+,P+V-,➡️ 中性,44.68,33.05,1.352,37,9,5,22.2,2.24,2.27,False,False,61.23,10.72,0.964,False,67.86,68.79,-12.5,-7.81,-4.53,10.0,10.0,5409270.0,5609190.0,1.0,9710000.0,5146550.0,5291720.0,1.835,76.03,38.62,多頭,頭頭高·底底高,,6,27,8,14.8,10,吃老本,,False,True
BNY,Financials,BNY Mellon,2026-02-27,118.16,-0.68,10.69,17.24,11.12,0.667,3985770,3740800,3521173,2.5,13.3,-18.08,P-V+,P+V+,P+V-,➡️ 中性,42.76,23.22,1.841,24,19,7,19.1,4.91,8.08,False,False,118.21,8.7,0.863,False,127.74,128.76,-7.5,0.77,-1.97,11.0,9.0,3719890.0,4310733.0,1.222,5822400.0,3768150.0,4186360.0,1.391,82.56,49.36,擴散,頭頭高·底底低,,7,18,20,14.0,7,吃老本,,False,True
USB,Financials,U.S. Bancorp,2026-02-27,53.64,-2.58,15.58,15.54,11.02,0.667,10956085,10355469,9801682,-7.91,11.98,-9.46,P-V-,P+V+,P+V-,➡️ 中性,27.09,28.7,0.944,32,7,10,20.1,6.03,8.46,False,False,54.92,8.68,1.034,False,60.05,61.19,-10.67,-6.82,-2.96,10.0,10.0,11139900.0,10772270.0,1.0,13058400.0,9132930.0,9995053.0,1.306,78.59,41.72,多頭,頭頭高·底底高,,8,23,21,16.6,18,吃老本,,False,True
FITB,Financials,Fifth Third Bancorp,2026-02-27,48.68,-1.49,17.86,12.38,10.28,0.667,17012045,10636215,8858486,76.59,50.21,77.4,P-V+,P+V+,P+V+,⚠️ 中期出貨,20.07,29.15,0.688,26,3,16,17.1,4.93,5.86,False,False,49.58,10.46,2.01,False,54.56,55.44,-10.77,-7.74,-0.64,11.0,9.0,21983727.0,10935544.0,1.222,16710000.0,9963790.0,10481740.0,1.594,100.0,41.27,多頭,頭頭高·底底高,,9,1,10,6.0,3,剛爆發,,False,True
C,Financials,Citigroup,2026-02-27,109.12,-4.27,11.11,16.97,10.19,0.667,14811060,14309370,13637616,1.77,10.36,-13.53,P-V+,P+V+,P+V-,➡️ 中性,49.08,36.71,1.337,43,18,9,28.7,-23.43,17.44,False,False,114.89,8.42,0.815,False,123.94,125.16,-11.96,-5.01,-3.85,10.0,10.0,13302750.0,16319370.0,1.0,29106900.0,15222360.0,15040393.0,1.935,74.95,43.27,擴散,頭頭高·底底低,,10,28,7,16.6,18,吃老本,,False,False
TRV,Financials,Travelers Companies (The),2026-02-27,306.24,8.48,6.54,12.6,10.06,1.0,1742640,1592949,1411425,2.37,29.52,6.23,P+V+,P+V+,P+V+,⭐⭐⭐ 完美多頭,13.4,23.69,0.566,4,27,15,13.1,24.02,27.6,False,True,287.4,5.88,0.98,False,307.4,309.81,-0.38,1.22,8.57,15.0,5.0,1733586.0,1769800.0,3.0,1868600.0,1479490.0,1653113.0,1.13,100.0,70.1,擴散,頭頭高·底底低,多頭確認,11,1,25,9.8,5,剛爆發,,False,True
IBKR,Financials,Interactive Brokers,2026-02-27,71.05,-4.83,14.29,14.5,9.62,0.667,4867735,4454404,5498294,-7.72,-31.91,-22.2,P-V-,P+V-,P+V-,➡️ 中性,49.5,46.93,1.055,46,10,11,28.2,11.05,6.05,False,False,71.4,7.85,0.766,False,78.94,79.18,-9.99,-4.21,-5.81,9.0,11.0,4165988.0,5441890.0,0.818,6182100.0,3983850.0,4310706.0,1.434,70.5,45.17,擴散,頭頭高·底底低,,12,31,19,21.0,25,吃老本,,False,True
KEY,Financials,KeyCorp,2026-02-27,20.14,-3.62,17.22,11.67,9.24,0.667,17334330,16117989,20105109,8.15,-33.1,10.4,P-V+,P+V-,P+V+,⚠️ 中期出貨,33.52,33.35,1.005,36,4,17,22.6,6.28,7.6,False,False,20.87,9.94,1.113,False,22.68,23.35,-11.18,-6.58,-4.11,9.0,11.0,18358166.0,16496645.0,0.818,27546900.0,19599110.0,17540180.0,1.571,76.65,40.92,擴散,頭頭高·底底低,,13,25,11,17.4,21,吃老本,,False,True
BEN,Financials,Franklin Resources,2026-02-27,25.9,-0.3,22.13,7.43,9.17,0.667,6565200,4848415,4630460,41.95,9.88,2.84,P-V+,P+V+,P+V+,⚠️ 中期出貨,38.22,26.12,1.463,22,1,22,15.7,27.53,14.03,False,True,25.16,7.0,1.257,False,27.63,28.32,-6.29,-4.08,2.55,12.0,8.0,7149291.0,5689062.0,1.5,5444800.0,4891880.0,4982126.0,1.093,94.39,48.05,多頭,頭頭高·底底高,空頭確認,14,13,27,16.2,17,,,False,True
STT,Financials,State Street Corporation,2026-02-27,127.13,-1.71,12.48,12.93,9.15,0.667,1944720,2091413,1985427,-17.94,11.28,-5.27,P-V-,P+V+,P+V-,➡️ 中性,38.81,29.8,1.302,27,15,14,20.8,-1.32,4.98,False,False,128.42,8.32,0.769,False,135.47,137.05,-6.15,0.53,-2.14,11.0,9.0,1713254.0,2227622.0,1.222,3839400.0,1846720.0,1907060.0,2.013,80.72,48.68,空頭,頭頭低·底底低,多轉空預警,15,19,5,14.6,9,,,False,False
L,Financials,Loews Corporation,2026-02-27,109.89,4.28,2.75,14.38,8.95,1.0,793170,787923,783826,13.27,1.05,-1.91,P+V+,P+V+,P+V-,🚀 健康多頭,22.26,20.23,1.1,11,39,12,19.6,52.52,-67.52,False,True,106.28,2.78,0.979,False,114.7,114.9,-4.19,0.29,5.16,12.0,8.0,786433.0,803275.0,1.5,1119400.0,721180.0,779586.0,1.436,92.84,59.89,多頭,頭頭高·底底高,空轉多預警,16,14,18,15.6,14,,🎯 潛在暴漲,True,True
GS,Financials,Goldman Sachs,2026-02-27,847.17,-8.11,9.25,17.06,8.81,0.667,2564040,2334800,2135130,4.37,20.63,-15.86,P-V+,P+V+,P+V-,➡️ 中性,57.78,33.39,1.73,57,21,8,36.4,19.09,10.49,False,False,908.47,10.28,0.742,False,970.49,984.7,-12.71,-6.8,-8.57,11.0,9.0,2216690.0,2988577.0,1.222,5552300.0,2452330.0,2565800.0,2.164,73.45,38.09,擴散,頭頭高·底底低,空頭確認,17,30,4,19.6,24,吃老本,,False,True
MTB,Financials,M&T Bank,2026-02-27,212.61,-2.07,16.59,10.32,8.79,0.667,1372550,1145250,1128806,13.19,2.96,-10.75,P-V+,P+V+,P+V-,➡️ 中性,20.44,27.03,0.756,29,5,19,19.8,4.5,9.79,False,False,213.19,8.55,1.025,False,234.19,239.0,-9.21,-6.68,-2.01,10.0,10.0,1389340.0,1355760.0,1.0,1988700.0,1317820.0,1288440.0,1.543,79.05,42.63,多頭,頭頭高·底底高,,18,21,13,18.2,23,,,False,True
NTRS,Financials,Northern Trust,2026-02-27,140.97,-4.24,11.81,11.37,7.58,0.667,1180415,1055778,1075316,16.1,-3.57,-35.9,P-V+,P+V-,P+V-,➡️ 中性,41.86,29.66,1.411,42,16,18,29.4,,,,,,,,,,,,,,,,,,,,,,,,,,,,19,32,32,,32,吃老本,,False,False
ACGL,Financials,Arch Capital Group,2026-02-27,100.15,4.28,8.93,7.22,6.91,1.0,1961810,2173100,2150323,-13.91,2.14,11.94,P+V-,P+V+,P+V+,⚠️ 頂部背離,3.93,23.04,0.171,11,23,23,17.0,15.83,46.61,False,True,96.12,4.98,0.922,False,103.39,103.39,-3.13,1.69,4.63,16.0,4.0,1929143.0,2092475.0,4.0,2222300.0,1756710.0,1960753.0,1.133,100.0,61.41,多頭,頭頭高·底底高,空轉多預警,20,1,24,13.2,6,剛爆發,,False,True
TFC,Financials,Truist Financial,2026-02-27,48.32,-3.14,9.47,9.75,6.46,0.667,9540730,8872927,8587648,-5.09,6.87,-1.43,P-V-,P+V+,P+V-,➡️ 中性,16.5,30.98,0.533,34,20,20,27.0,,,,,,,,,,,,,,,,,,,,,,,,,,,,21,32,32,,32,吃老本,,False,False
RF,Financials,Regions Financial Corporation,2026-02-27,27.03,-2.35,13.17,6.12,5.76,0.667,14445765,13044033,19388640,-5.95,-49.31,82.41,P-V-,P+V-,P+V+,➡️ 中性,26.91,29.96,0.898,31,14,26,24.9,-6.81,5.78,False,False,27.82,9.19,0.997,False,30.62,31.53,-11.73,-7.42,-2.21,13.0,7.0,14431115.0,14472971.0,1.857,21072100.0,13959250.0,13584026.0,1.551,91.01,39.84,擴散,頭頭高·底底低,,22,16,12,17.6,22,剛爆發,,False,False
PNC,Financials,PNC Financial Services,2026-02-27,209.06,-4.9,13.51,7.07,5.68,0.667,2578955,2413204,2153033,-14.95,27.49,-8.29,P-V-,P+V+,P+V-,➡️ 中性,23.38,28.26,0.827,47,12,24,31.9,15.36,7.58,False,False,217.47,11.08,1.139,False,240.17,243.94,-12.95,-8.85,-5.4,10.0,10.0,2746290.0,2411620.0,1.0,3569400.0,2378570.0,2387046.0,1.495,78.15,36.85,多頭,頭頭高·底底高,,23,24,16,22.0,27,,,False,True
MS,Financials,Morgan Stanley,2026-02-27,164.71,-8.91,2.82,13.8,5.38,0.667,8250810,6684669,6113284,20.29,20.62,-7.77,P-V+,P+V+,P+V-,➡️ 中性,44.13,32.36,1.364,59,38,13,43.5,9.41,35.32,False,False,176.95,8.27,0.726,False,189.56,192.68,-13.11,-5.07,-8.21,11.0,9.0,7054254.0,9713266.0,1.222,12400400.0,7502450.0,8390606.0,1.478,74.09,40.85,空頭,頭頭低·底底低,多轉空預警,24,29,17,24.6,29,,,False,True
ALL,Financials,Allstate,2026-02-27,211.44,7.8,1.49,5.39,5.02,1.0,1854690,1748309,1565480,-0.08,26.45,-9.21,P+V-,P+V+,P+V-,⚠️ 量能背離,3.7,25.57,0.145,5,42,28,20.7,40.74,84.4,False,True,201.56,6.83,0.945,False,213.64,216.75,-1.03,3.95,8.13,14.0,6.0,1822828.0,1929033.0,2.333,2318500.0,1725940.0,1824146.0,1.271,100.0,61.25,收斂,頭頭低·底底高,多轉空預警 / 多頭確認,25,1,22,14.8,10,剛爆發,,False,True
HIG,Financials,Hartford (The),2026-02-27,138.96,4.27,3.52,5.96,4.93,1.0,1792110,1597801,1523166,26.54,10.3,-7.3,P+V+,P+V+,P+V-,🚀 健康多頭,14.59,22.88,0.638,13,34,27,22.1,26.23,17.59,False,True,135.43,3.55,0.895,False,142.58,144.5,-2.54,-0.96,6.39,12.0,7.0,1720575.0,1921742.0,1.714,3944600.0,1742610.0,1709766.0,2.307,94.83,55.99,擴散,頭頭高·底底低,,26,12,2,15.6,14,剛爆發,,False,True
GL,Financials,Globe Life,2026-02-27,144.65,3.59,9.21,3.25,4.82,1.0,549665,505890,529980,16.92,-8.7,-21.19,P+V+,P+V-,P+V-,➡️ 中性,13.65,25.44,0.537,14,22,32,20.0,-3.2,3.94,False,True,141.03,4.51,1.189,False,152.07,152.71,-4.88,0.6,3.77,14.0,6.0,577228.0,485350.0,2.333,504900.0,461490.0,465860.0,1.084,100.0,56.96,收斂,頭頭低·底底高,多轉空預警 / 空轉多預警,27,1,28,16.8,20,剛爆發,🎯 潛在暴漲,True,False
AFL,Financials,Aflac,2026-02-27,111.79,2.33,2.85,5.22,3.91,1.0,2474480,2400836,2317752,15.11,7.44,2.47,P+V+,P+V+,P+V+,⭐⭐⭐ 完美多頭,4.54,21.9,0.207,17,37,29,25.4,,,,,,,,,,,,,,,,,,,,,,,,,,,,28,32,32,,32,,,False,False
AIZ,Financials,Assurant,2026-02-27,228.1,-3.19,2.39,7.58,3.59,0.667,526500,383216,354986,64.7,17.28,-31.04,P-V+,P+V+,P+V-,➡️ 中性,14.34,26.89,0.533,35,41,21,34.0,,,,,,,,,,,,,,,,,,,,,,,,,,,,29,32,32,,32,,,False,False
CINF,Financials,Cincinnati Financial,2026-02-27,162.13,1.92,-1.12,6.67,3.53,0.667,811950,652872,577359,27.75,30.09,-14.57,P+V+,P-V+,P+V-,➡️ 中性,11.96,27.52,0.435,18,49,25,28.7,,,,,,,,,,,,,,,,,,,,,,,,,,,,30,32,32,,32,,,False,False
CPAY,Financials,Corpay,2026-02-27,325.1,3.33,13.26,-1.84,3.23,0.667,869640,632395,581176,74.08,19.33,14.7,P+V+,P+V+,P-V+,🚀 健康多頭,-11.56,39.47,-0.293,15,13,40,19.4,1.68,1.02,False,True,323.42,10.08,0.993,False,380.3,380.3,-14.51,-7.83,0.86,11.0,9.0,866727.0,873200.0,1.222,759600.0,823880.0,784953.0,0.968,83.09,47.25,多頭,頭頭高·底底高,空轉多預警,31,17,31,25.4,30,剛爆發,🎯 潛在暴漲,True,True
BRK-B,Financials,Berkshire Hathaway,2026-02-27,504.95,5.08,-0.56,3.26,2.76,0.667,4715930,4709344,4640175,-1.14,3.03,-8.82,P+V-,P-V+,P+V-,⚠️ 量能背離,-5.1,19.16,-0.266,9,47,31,24.8,9.0,2.71,False,True,495.48,3.66,1.366,False,542.07,542.07,-6.85,1.35,5.91,12.0,8.0,5281708.0,3867262.0,1.5,6364900.0,4081700.0,4127000.0,1.542,100.0,59.39,擴散,頭頭高·底底低,,32,1,14,16.0,16,剛爆發,,False,True
AIG,Financials,American International Group,2026-02-27,79.49,7.49,7.72,-2.39,2.61,0.667,4189930,4933395,4682290,-28.99,11.33,0.28,P+V-,P+V+,P-V+,➡️ 中性,-4.69,26.36,-0.178,6,25,41,18.7,3.01,28.5,False,True,77.67,5.65,1.238,False,86.21,88.07,-7.79,0.06,8.24,13.0,7.0,4492476.0,3628057.0,1.857,8279500.0,3996670.0,4241353.0,1.952,100.0,62.77,擴散,頭頭高·底底低,,33,1,6,14.8,10,剛爆發,,False,True
EG,Financials,Everest Group,2026-02-27,331.43,1.27,8.23,-2.46,1.15,0.667,427475,379450,384778,30.68,-2.73,-2.24,P+V+,P+V-,P-V-,✨ 反彈初期,-4.03,23.28,-0.173,19,24,42,25.1,,,,,,,,,,,,,,,,,,,,,,,,,,,,34,32,32,,32,,,False,False
JPM,Financials,JPMorgan Chase,2026-02-27,297.43,-1.83,1.23,2.32,1.01,0.667,10751315,10618666,9390466,-9.11,30.09,-5.44,P-V-,P+V+,P+V-,➡️ 中性,20.71,29.28,0.707,28,43,33,33.5,,,,,,,,,,,,,,,,,,,,,,,,,,,,35,32,32,,32,,,False,False
WRB,Financials,W. R. Berkley Corporation,2026-02-27,71.06,4.68,-5.92,1.23,0.3,0.667,2133490,2836093,2617331,-18.37,18.24,36.71,P+V-,P-V+,P+V+,⚠️ 頂部背離,12.82,24.81,0.517,10,59,35,29.7,0.45,14.04,False,True,68.9,4.43,1.017,False,76.93,78.96,-7.63,1.0,5.17,11.0,8.0,2179318.0,2142337.0,1.375,4799500.0,2288920.0,2169686.0,2.212,91.93,59.02,擴散,頭頭高·底底低,,36,15,3,21.0,25,剛爆發,,False,True
HBAN,Financials,Huntington Bancshares,2026-02-27,16.48,-3.89,6.52,-1.5,-0.09,0.333,42484000,31987356,31540144,32.28,2.88,16.85,P-V+,P+V+,P-V+,➡️ 中性,10.8,33.24,0.325,39,28,39,35.7,,,,,,,,,,,,,,,,,,,,,,,,,,,,37,32,32,,32,,,False,False
MSCI,Financials,MSCI,2026-02-27,567.74,-5.77,3.14,0.18,-0.56,0.667,875990,667001,655416,93.69,3.6,5.66,P-V+,P+V+,P+V+,⚠️ 中期出貨,5.63,25.8,0.218,50,35,36,42.7,,,,,,,,,,,,,,,,,,,,,,,,,,,,38,32,32,,32,剛爆發,,False,False
SCHW,Financials,Charles Schwab Corporation,2026-02-27,94.58,-8.08,5.53,-0.04,-0.66,0.333,14100075,10488375,9772055,57.94,15.82,4.57,P-V+,P+V+,P-V+,➡️ 中性,33.1,27.21,1.217,56,30,37,44.4,,,,,,,,,,,,,,,,,,,,,,,,,,,,39,32,32,,32,剛爆發,,False,False
WFC,Financials,Wells Fargo,2026-02-27,80.52,-9.55,-3.32,4.02,-1.21,0.333,16158145,15288470,15052517,-4.82,3.18,-14.97,P-V-,P-V+,P+V-,➡️ 中性,20.27,33.69,0.602,61,52,30,52.1,,,,,,,,,,,,,,,,,,,,,,,,,,,,40,32,32,,32,剛爆發,,False,False
BAC,Financials,Bank of America,2026-02-27,49.04,-6.33,-3.55,1.79,-1.57,0.333,43948090,39713472,37645095,13.53,11.63,-13.9,P-V+,P-V+,P+V-,➡️ 中性,23.09,31.88,0.724,51,54,34,48.5,,,,,,,,,,,,,,,,,,,,,,,,,,,,41,32,32,,32,剛爆發,,False,False
BLK,Financials,BlackRock,2026-02-27,1051.42,-4.98,4.8,-6.51,-3.3,0.333,828055,706698,659513,9.93,15.41,-12.03,P-V+,P+V+,P-V-,➡️ 中性,21.8,26.17,0.833,48,32,45,42.6,,,,,,,,,,,,,,,,,,,,,,,,,,,,42,32,32,,32,剛爆發,,False,False
PGR,Financials,Progressive Corporation,2026-02-27,213.45,2.72,0.96,-8.78,-3.47,0.667,3388185,3411044,3368553,-13.49,2.56,-1.59,P+V-,P+V+,P-V-,➡️ 中性,-20.46,26.09,-0.784,16,44,53,31.8,,,,,,,,,,,,,,,,,,,,,,,,,,,,43,32,32,,32,剛爆發,,False,False
ICE,Financials,Intercontinental Exchange,2026-02-27,163.0,-5.55,7.66,-8.63,-3.79,0.333,5075300,3712636,3679269,59.69,1.83,22.77,P-V+,P+V+,P-V+,➡️ 中性,3.65,23.23,0.157,49,26,52,42.7,,,,,,,,,,,,,,,,,,,,,,,,,,,,44,32,32,,32,剛爆發,,False,False
JKHY,Financials,Jack Henry & Associates,2026-02-27,160.56,-9.35,-4.44,-1.19,-4.04,0.0,1309650,908607,956108,94.98,-9.47,46.22,P-V+,P-V-,P-V+,➡️ 中性,4.93,25.98,0.19,60,57,38,54.7,,,,,,,,,,,,,,,,,,,,,,,,,,,,45,32,32,,32,剛爆發,,False,False
GPN,Financials,Global Payments,2026-02-27,75.92,6.58,5.35,-14.55,-4.29,0.667,4533575,3392947,2804844,37.32,53.06,-8.31,P+V+,P+V+,P-V-,✨ 反彈初期,-30.07,41.06,-0.732,7,31,61,25.0,0.62,0.79,False,True,75.63,18.92,0.861,False,104.89,106.9,-27.62,-7.29,7.16,9.0,11.0,4162611.0,4837090.0,0.818,4923500.0,5309850.0,4787266.0,1.028,78.71,51.77,擴散,頭頭高·底底低,,46,22,30,33.2,31,剛爆發,,False,True
MRSH,Financials,Marsh McLennan,2026-02-27,184.74,-0.77,4.51,-10.46,-4.29,0.333,3493865,2907644,2801578,29.82,7.87,22.38,P-V+,P+V+,P-V+,➡️ 中性,-18.51,22.47,-0.824,25,33,56,33.6,,,,,,,,,,,,,,,,,,,,,,,,,,,,46,32,32,,32,剛爆發,,False,False
V,Financials,Visa Inc.,2026-02-27,318.89,-0.32,-2.58,-8.17,-4.81,0.0,8821595,7683713,6838605,8.28,28.2,1.21,P-V+,P-V+,P-V+,📉 主力出貨,-6.22,24.68,-0.252,23,50,50,36.5,,,,,,,,,,,,,,,,,,,,,,,,,,,,48,32,32,,32,剛爆發,,False,False
SYF,Financials,Synchrony Financial,2026-02-27,68.53,-4.46,-6.88,-4.81,-5.24,0.0,5245860,4300481,3870155,5.85,25.02,-6.3,P-V+,P-V+,P-V-,➡️ 中性,25.56,38.99,0.655,44,61,44,49.1,,,,,,,,,,,,,,,,,,,,,,,,,,,,49,32,32,,32,剛爆發,,False,False
RJF,Financials,Raymond James Financial,2026-02-27,151.97,-7.71,0.29,-6.79,-5.25,0.333,1655885,1372007,1271705,37.44,17.13,-3.44,P-V+,P+V+,P-V-,➡️ 中性,11.93,28.41,0.42,53,45,46,49.2,,,,,,,,,,,,,,,,,,,,,,,,,,,,50,32,32,,32,剛爆發,,False,False
AMP,Financials,Ameriprise Financial,2026-02-27,466.95,-10.56,5.71,-8.47,-5.45,0.333,823940,656800,611331,49.69,16.07,22.97,P-V+,P+V+,P-V+,➡️ 中性,0.1,31.25,0.003,67,29,51,52.4,,,,,,,,,,,,,,,,,,,,,,,,,,,,51,32,32,,32,剛爆發,,False,False
MCO,Financials,Moody's Corporation,2026-02-27,474.42,-7.36,-0.24,-7.26,-5.53,0.0,1932445,1113035,967003,169.36,35.58,20.47,P-V+,P-V+,P-V+,📉 主力出貨,5.19,29.97,0.173,52,46,48,49.4,,,,,,,,,,,,,,,,,,,,,,,,,,,,52,32,32,,32,剛爆發,,False,False
NDAQ,Financials,"Nasdaq, Inc.",2026-02-27,86.99,-9.61,-0.68,-7.03,-6.09,0.0,6654045,4501692,3870675,98.59,38.96,13.49,P-V+,P-V+,P-V+,📉 主力出貨,22.9,27.82,0.823,62,48,47,54.8,,,,,,,,,,,,,,,,,,,,,,,,,,,,53,32,32,,32,剛爆發,,False,False
WTW,Financials,Willis Towers Watson,2026-02-27,303.06,-3.87,-3.62,-9.55,-6.65,0.0,1301855,805767,693508,172.86,38.63,2.55,P-V+,P-V+,P-V+,📉 主力出貨,-4.62,25.29,-0.182,38,55,54,46.3,,,,,,,,,,,,,,,,,,,,,,,,,,,,54,32,32,,32,剛爆發,,False,False
AON,Financials,Aon plc,2026-02-27,333.83,-4.05,-2.68,-10.57,-6.97,0.0,1863415,1268867,1244277,65.67,4.03,-11.0,P-V+,P-V+,P-V-,➡️ 中性,-14.75,21.03,-0.702,41,51,58,47.4,,,,,,,,,,,,,,,,,,,,,,,,,,,,55,32,32,,32,剛爆發,,False,False
XYZ,Financials,"Block, Inc.",2026-02-27,63.7,5.41,2.97,-19.49,-7.65,0.667,11365060,7937689,7366826,87.22,16.8,-33.0,P+V+,P+V+,P-V-,✨ 反彈初期,-3.22,59.77,-0.054,8,36,62,27.2,0.15,-18.09,False,True,61.5,32.37,1.127,False,85.55,85.55,-25.54,19.69,2.4,12.0,8.0,11901633.0,10560200.0,1.5,40658100.0,13346610.0,12183453.0,3.337,100.0,62.19,空頭,頭頭低·底底低,多轉空預警,56,1,1,23.0,28,剛爆發,,False,True
AXP,Financials,American Express,2026-02-27,307.09,-12.29,-13.02,-2.75,-7.7,0.0,4054230,3084869,2853193,37.86,17.67,-5.57,P-V+,P-V+,P-V-,➡️ 中性,23.15,33.66,0.688,68,67,43,62.7,,,,,,,,,,,,,,,,,,,,,,,,,,,,57,32,32,,32,剛爆發,,False,False
MET,Financials,MetLife,2026-02-27,71.08,-7.98,-3.46,-10.28,-8.0,0.0,4480630,3706895,3590928,30.68,6.67,7.3,P-V+,P-V+,P-V+,📉 主力出貨,-4.84,25.68,-0.188,55,53,55,54.4,,,,,,,,,,,,,,,,,,,,,,,,,,,,58,32,32,,32,剛爆發,,False,False
PRU,Financials,Prudential Financial,2026-02-27,95.95,-10.26,-6.97,-8.06,-8.34,0.0,2857880,2020396,1822374,65.04,24.38,2.37,P-V+,P-V+,P-V+,📉 主力出貨,1.27,27.5,0.046,64,62,49,60.4,,,,,,,,,,,,,,,,,,,,,,,,,,,,59,32,32,,32,剛爆發,,False,False
MA,Financials,Mastercard,2026-02-27,515.46,-4.01,-3.69,-13.4,-8.63,0.0,4164245,3616795,3146584,-1.2,35.14,10.81,P-V-,P-V+,P-V+,➡️ 中性,-3.18,25.19,-0.126,40,56,60,48.8,,,,,,,,,,,,,,,,,,,,,,,,,,,,60,32,32,,32,剛爆發,,False,False
TROW,Financials,T. Rowe Price,2026-02-27,92.14,-10.46,-4.64,-10.47,-9.01,0.0,2543815,1990384,1788795,52.55,25.4,-2.77,P-V+,P-V+,P-V-,➡️ 中性,6.41,26.71,0.24,66,58,57,61.8,,,,,,,,,,,,,,,,,,,,,,,,,,,,61,32,32,,32,剛爆發,,False,False
COF,Financials,Capital One,2026-02-27,194.12,-10.3,-5.96,-10.89,-9.51,0.0,5405900,4849881,4249437,-14.38,32.91,-9.04,P-V-,P-V+,P-V-,➡️ 中性,12.42,38.14,0.326,65,60,59,62.3,,,,,,,,,,,,,,,,,,,,,,,,,,,,62,32,32,,32,剛爆發,,False,False
BRO,Financials,Brown & Brown,2026-02-27,71.44,-0.16,-9.17,-25.37,-15.02,0.0,4045745,3071429,2939500,36.18,9.4,5.07,P-V+,P-V+,P-V+,📉 主力出貨,-37.8,29.27,-1.292,21,65,66,43.2,,,,,,,,,,,,,,,,,,,,,,,,,,,,63,32,32,,32,剛爆發,,False,False
ERIE,Financials,Erie Indemnity,2026-02-27,266.37,-4.79,-7.22,-25.75,-15.88,0.0,247290,186920,163563,58.86,33.32,13.48,P-V+,P-V+,P-V+,📉 主力出貨,-29.15,34.04,-0.856,45,63,67,54.8,,,,,,,,,,,,,,,,,,,,,,,,,,,,64,32,32,,32,剛爆發,,False,False
AJG,Financials,Arthur J. Gallagher & Co.,2026-02-27,226.75,-8.49,-7.82,-24.37,-16.26,0.0,3086985,2160812,1877147,56.08,35.6,26.98,P-V+,P-V+,P-V+,📉 主力出貨,-25.57,33.1,-0.772,58,64,65,61.2,,,,,,,,,,,,,,,,,,,,,,,,,,,,65,32,32,,32,剛爆發,,False,False
SPGI,Financials,S&P Global,2026-02-27,416.15,-16.08,-9.29,-20.14,-16.41,0.0,4387622,2438721,2060714,184.17,44.93,54.03,P-V+,P-V+,P-V+,📉 主力出貨,1.18,29.65,0.04,71,66,63,67.9,,,,,,,,,,,,,,,,,,,,,,,,,,,,66,32,32,,32,剛爆發,,False,False
APO,Financials,Apollo Global Management,2026-02-27,103.72,-21.94,-19.27,-21.43,-21.02,0.0,6433050,4016921,3822044,112.15,10.75,4.15,P-V+,P-V+,P-V+,📉 主力出貨,-7.76,44.55,-0.174,73,69,64,70.0,,,,,,,,,,,,,,,,,,,,,,,,,,,,67,32,32,,32,剛爆發,,False,False
FIS,Financials,Fidelity National Information Services,2026-02-27,49.96,-7.76,-20.4,-28.13,-21.11,0.0,6095670,4010930,4050008,72.57,-1.91,9.52,P-V+,P-V-,P-V+,➡️ 中性,-18.48,28.61,-0.646,54,71,68,61.9,,,,,,,,,,,,,,,,,,,,,,,,,,,,68,32,32,,32,剛爆發,,False,False
BX,Financials,Blackstone Inc.,2026-02-27,111.19,-19.47,-18.9,-32.14,-25.66,0.0,9364110,5472661,4766534,137.51,34.78,6.69,P-V+,P-V+,P-V+,📉 主力出貨,-7.17,37.9,-0.189,72,68,70,70.4,,,,,,,,,,,,,,,,,,,,,,,,,,,,69,32,32,,32,剛爆發,,False,False
PYPL,Financials,PayPal,2026-02-27,45.81,-12.3,-23.7,-33.74,-25.87,0.0,39089230,22408672,18951245,155.0,44.63,71.12,P-V+,P-V+,P-V+,📉 主力出貨,-24.74,41.04,-0.603,69,72,71,70.3,,,,,,,,,,,,,,,,,,,,,,,,,,,,70,32,32,,32,剛爆發,,False,False
FISV,Financials,Fiserv,2026-02-27,62.29,-2.26,2.67,-55.51,-27.65,0.333,9941755,10024772,9281288,8.13,17.42,91.08,P-V+,P+V+,P-V+,➡️ 中性,-72.39,55.75,-1.298,30,40,76,42.2,,,,,,,,,,,,,,,,,,,,,,,,,,,,71,32,32,,32,剛爆發,,False,False
FDS,Financials,FactSet,2026-02-27,214.95,-14.32,-19.49,-42.5,-29.7,0.0,1379660,941300,857210,143.09,21.75,151.56,P-V+,P-V+,P-V+,📉 主力出貨,-43.76,35.98,-1.216,70,70,74,70.8,,,,,,,,,,,,,,,,,,,,,,,,,,,,72,32,32,,32,剛爆發,,False,False
HOOD,Financials,Robinhood Markets,2026-02-27,75.85,-23.75,-34.03,-30.62,-29.75,0.0,39383275,27815529,31741683,86.73,-22.02,-30.7,P-V+,P-V-,P-V-,➡️ 中性,107.54,80.09,1.343,75,76,69,74.1,,,,,,,,,,,,,,,,,,,,,,,,,,,,73,32,32,,32,剛爆發,,False,False
KKR,Financials,KKR & Co.,2026-02-27,87.34,-23.12,-25.46,-37.94,-31.12,0.0,10599195,6062344,5239845,147.65,37.24,5.1,P-V+,P-V+,P-V+,📉 主力出貨,-12.64,44.36,-0.285,74,74,73,73.8,,,,,,,,,,,,,,,,,,,,,,,,,,,,74,32,32,,32,剛爆發,,False,False
ARES,Financials,Ares Management,2026-02-27,109.4,-25.16,-24.9,-37.35,-31.19,0.0,5006065,3881616,2883474,148.5,105.89,63.94,P-V+,P-V+,P-V+,📉 主力出貨,-6.73,45.85,-0.147,76,73,72,74.3,,,,,,,,,,,,,,,,,,,,,,,,,,,,75,32,32,,32,剛爆發,,False,False
COIN,Financials,Coinbase,2026-02-27,175.85,-9.7,-31.3,-45.02,-32.76,0.0,15483790,10640876,10110233,69.87,11.08,-17.67,P-V+,P-V+,P-V-,➡️ 中性,-4.41,74.51,-0.059,63,75,75,69.0,,,,,,,,,,,,,,,,,,,,,,,,,,,,76,32,32,,32,剛爆發,,False,False
MRNA,Health Care,Moderna,2026-02-27,53.57,21.56,121.82,97.53,84.61,1.0,10374075,11422478,11551963,-29.18,-2.22,12.32,P+V-,P+V-,P+V+,⚠️ 頂部背離,50.72,69.61,0.729,2,1,1,1.5,18.88,76.6,False,True,40.64,26.17,0.825,False,55.2,55.2,-2.95,7.42,14.32,14.0,6.0,9754707.0,11819266.0,2.333,9069700.0,10235520.0,10056466.0,0.902,100.0,74.64,多頭,頭頭高·底底高,,1,1,23,5.4,4,,,False,True
VTRS,Health Care,Viatris,2026-02-27,14.59,14.06,41.25,41.81,34.73,1.0,11841345,9354203,9329006,41.92,0.54,-31.32,P+V+,P+V+,P+V-,🚀 健康多頭,44.11,38.02,1.16,6,2,7,5.0,7.39,8.52,False,True,13.33,10.27,1.081,False,16.09,16.47,-9.35,-6.22,14.23,11.0,8.0,12385581.0,11455737.0,1.375,22029300.0,11745710.0,12332453.0,1.786,95.6,51.82,多頭,頭頭高·底底高,,2,13,3,6.6,5,吃老本,🚀 暴漲中,True,True
CAH,Health Care,Cardinal Health,2026-02-27,228.18,6.68,8.81,55.67,31.71,1.0,1719690,1860892,2160057,3.04,-24.33,-11.12,P+V+,P+V-,P+V-,➡️ 中性,67.79,29.37,2.308,19,21,2,16.2,11.17,17.6,False,True,212.06,6.13,0.902,False,229.75,230.81,-0.68,2.13,8.52,12.0,8.0,1648433.0,1826575.0,1.5,2066800.0,1272040.0,1487786.0,1.389,94.26,62.14,多頭,頭頭高·底底高,,3,15,8,8.8,9,吃老本,,False,True
CNC,Health Care,Centene Corporation,2026-02-27,44.88,3.6,17.58,52.6,31.6,1.0,6326495,6411061,8996526,-3.14,-44.65,-6.94,P+V-,P+V-,P+V-,⚠️ 量能衰竭,-25.07,54.91,-0.457,32,11,3,19.9,2.46,404.28,False,True,42.62,14.21,0.615,False,66.03,66.03,-32.03,3.79,2.94,10.0,10.0,4818760.0,7834230.0,1.0,5992500.0,4721230.0,6099226.0,0.983,79.04,60.61,擴散,頭頭高·底底低,,4,24,21,15.4,16,吃老本,,False,True
MRK,Health Care,Merck & Co.,2026-02-27,122.03,12.29,24.38,44.34,31.34,1.0,13879925,13681064,13213553,15.21,7.34,-15.49,P+V+,P+V+,P+V-,🚀 健康多頭,24.1,33.33,0.723,10,6,5,7.8,1.47,9.85,False,True,110.48,5.02,1.138,False,123.33,125.14,-1.05,1.28,14.29,15.0,5.0,14315146.0,12574260.0,3.0,17636400.0,10334890.0,11251933.0,1.567,100.0,65.03,多頭,頭頭高·底底高,多頭確認,5,1,6,3.6,1,,🚀 暴漲中,False,True
MCK,Health Care,McKesson Corporation,2026-02-27,984.41,18.79,13.57,43.52,29.85,1.0,902905,739532,735687,57.68,1.05,-19.88,P+V+,P+V+,P+V-,🚀 健康多頭,33.01,23.52,1.403,3,14,6,6.9,0.71,8.94,False,True,863.06,7.57,0.675,False,984.41,987.37,0.0,4.21,20.07,15.0,5.0,806000.0,1193620.0,3.0,1059700.0,677820.0,800320.0,1.324,100.0,70.01,多頭,頭頭高·底底高,多頭確認,6,1,9,4.6,2,,🚀 暴漲中,True,True
JNJ,Health Care,Johnson & Johnson,2026-02-27,245.8,9.9,21.98,41.21,28.58,1.0,9615590,9022387,8794963,4.28,5.31,-2.56,P+V+,P+V+,P+V-,🚀 健康多頭,41.93,20.49,2.047,13,7,8,10.2,-0.11,1.49,False,True,220.37,4.07,0.905,False,246.3,248.94,-0.2,2.99,9.88,12.0,8.0,9229700.0,10194425.0,1.5,16428600.0,10338930.0,9654886.0,1.702,95.47,73.13,空頭,頭頭低·底底低,多轉空預警 / 多頭確認,7,14,4,9.2,11,吃老本,,False,False
BMY,Health Care,Bristol Myers Squibb,2026-02-27,61.04,13.3,32.13,33.5,28.11,1.0,13975095,14410196,14801483,12.81,-5.15,7.18,P+V+,P+V-,P+V+,➡️ 中性,-3.02,29.58,-0.102,7,4,11,6.9,4.57,7.55,False,True,55.46,5.66,1.15,False,61.35,63.33,-0.49,2.82,14.9,13.0,7.0,14644807.0,12731342.0,1.857,20742600.0,12797060.0,13138200.0,1.579,100.0,69.22,多頭,頭頭高·底底高,多頭確認,8,1,5,4.6,2,剛爆發,,False,True
ALGN,Health Care,Align Technology,2026-02-27,190.1,16.6,32.35,27.1,25.79,1.0,1495355,1300153,1278002,77.68,3.53,-3.51,P+V+,P+V+,P+V-,🚀 健康多頭,-11.65,49.9,-0.234,4,3,16,6.1,10.81,8.36,False,True,171.78,9.23,1.151,False,208.31,208.31,-8.74,0.04,15.83,15.0,5.0,1545926.0,1343640.0,3.0,1530600.0,1158720.0,1388220.0,1.103,100.0,60.46,多頭,頭頭高·底底高,,9,1,16,7.2,8,剛爆發,🚀 暴漲中,True,True
AMGN,Health Care,Amgen,2026-02-27,383.01,14.32,16.92,34.02,24.82,1.0,3020815,2878989,2698449,12.17,14.34,-2.42,P+V+,P+V+,P+V-,🚀 健康多頭,14.86,29.57,0.503,5,13,10,8.4,11.94,12.47,False,True,341.37,7.51,1.067,False,384.97,390.14,-0.51,3.58,13.97,12.0,8.0,3098433.0,2904387.0,1.5,3441000.0,2663620.0,2803140.0,1.228,100.0,67.79,多頭,頭頭高·底底高,多頭確認,10,1,13,7.0,7,剛爆發,🚀 暴漲中,True,True
LLY,Health Care,Lilly (Eli),2026-02-27,1048.68,1.6,-1.53,48.28,24.16,0.667,3790430,3276566,3538573,32.0,-13.79,-16.92,P+V+,P-V-,P+V-,➡️ 中性,13.79,45.24,0.305,36,36,4,29.6,9.14,19.15,False,True,1048.37,6.25,1.082,False,1128.5,1133.95,-7.07,4.21,2.89,9.0,11.0,3955211.0,3655609.0,0.818,4325900.0,3136030.0,3293513.0,1.313,84.62,52.54,多頭,頭頭高·底底高,空轉多預警,11,22,10,15.2,15,吃老本,,False,True
DVA,Health Care,DaVita,2026-02-27,156.3,42.95,30.81,11.36,24.12,1.0,1485440,1078407,951173,65.16,30.88,2.82,P+V+,P+V+,P+V+,⭐⭐⭐ 完美多頭,-26.92,39.64,-0.679,1,5,25,7.0,6.51,-20.9,False,True,123.87,7.91,1.534,False,157.91,157.91,-1.02,3.7,45.75,13.0,7.0,1691669.0,1102442.0,1.857,1080900.0,848340.0,1071946.0,1.008,100.0,73.76,擴散,頭頭高·底底低,多頭確認,12,1,19,9.0,10,剛爆發,🔥 追高風險,True,True
BIIB,Health Care,Biogen,2026-02-27,191.82,6.63,8.48,37.69,22.63,1.0,1454465,1801929,1772836,-5.07,3.34,11.21,P+V-,P+V+,P+V+,⚠️ 頂部背離,25.95,34.24,0.758,20,22,9,18.4,23.18,23.88,False,True,181.47,7.45,1.256,False,202.41,202.41,-5.23,-0.11,8.88,8.0,12.0,1657112.0,1319366.0,0.667,1402100.0,1010840.0,1339986.0,1.046,87.26,55.12,擴散,頭頭高·底底低,,13,19,18,16.4,18,吃老本,,False,True
GILD,Health Care,Gilead Sciences,2026-02-27,147.14,4.93,19.69,31.55,21.93,1.0,7991215,7334769,7252010,7.46,2.31,-14.75,P+V+,P+V+,P+V-,🚀 健康多頭,28.09,27.65,1.016,27,8,13,18.5,2.82,15.68,False,True,133.6,9.22,1.072,False,155.38,157.29,-5.3,-1.62,6.74,11.0,9.0,8241327.0,7685522.0,1.222,11195500.0,7200200.0,8002840.0,1.399,90.49,56.69,擴散,頭頭高·底底低,,14,18,7,14.2,14,,,False,True
HCA,Health Care,HCA Healthcare,2026-02-27,527.86,8.49,5.88,31.23,19.2,1.0,1161165,1210644,1251724,2.68,-6.36,-19.13,P+V+,P+V-,P+V-,➡️ 中性,51.48,26.99,1.907,15,26,14,18.1,7.14,21.55,False,True,491.09,5.14,1.333,False,550.97,552.9,-4.2,-0.49,9.78,13.0,7.0,1272453.0,954485.0,1.857,2291500.0,1158980.0,1197000.0,1.914,100.0,57.6,擴散,頭頭高·底底低,,15,1,2,6.8,6,剛爆發,,False,True
VRTX,Health Care,Vertex Pharmaceuticals,2026-02-27,496.83,5.73,17.18,25.74,18.6,1.0,1510035,1448129,1471569,0.09,-3.14,-11.82,P+V+,P+V-,P+V-,➡️ 中性,0.25,31.4,0.008,23,12,17,18.5,-2.3,4.87,False,True,465.7,8.49,1.034,False,519.68,519.68,-4.4,4.18,4.45,9.0,11.0,1538088.0,1487081.0,0.818,1782900.0,1495610.0,1610986.0,1.107,84.71,61.95,多頭,頭頭高·底底高,空轉多預警,16,21,15,17.8,20,,,False,False
REGN,Health Care,Regeneron Pharmaceuticals,2026-02-27,779.59,5.55,2.78,32.93,18.55,1.0,780160,863329,978513,-10.83,-21.06,-14.33,P+V-,P+V-,P+V-,⚠️ 量能衰竭,7.09,39.27,0.181,25,31,12,24.2,6.38,22.66,False,True,767.31,7.68,1.048,False,817.95,821.11,-4.69,0.26,4.43,10.0,10.0,798550.0,761770.0,1.0,726400.0,690680.0,726366.0,1.0,86.1,52.99,多頭,頭頭高·底底高,空轉多預警,17,20,20,18.8,21,,,False,True
DGX,Health Care,Quest Diagnostics,2026-02-27,210.14,13.3,11.7,18.64,15.57,1.0,1167255,1037480,1003815,19.63,6.94,-16.34,P+V+,P+V+,P+V-,🚀 健康多頭,8.27,21.04,0.393,7,16,19,12.1,2.63,3.85,False,True,186.11,6.07,1.31,False,211.71,213.5,-0.74,4.69,16.21,12.0,8.0,1289316.0,984162.0,1.5,1058700.0,896070.0,1159753.0,0.913,100.0,71.53,多頭,頭頭高·底底高,,18,1,22,12.0,12,剛爆發,🚀 暴漲中,True,True
COR,Health Care,Cencora,2026-02-27,370.57,3.77,0.15,27.61,14.79,1.0,1336710,1333070,1406175,19.71,-9.88,-10.54,P+V+,P+V-,P+V-,➡️ 中性,42.17,18.56,2.273,31,35,15,29.0,0.99,1.44,False,True,349.12,6.34,0.894,False,375.3,377.54,-1.26,3.06,5.87,12.0,8.0,1276275.0,1427362.0,1.5,1406800.0,961730.0,1122140.0,1.254,92.9,61.1,擴散,頭頭高·底底低,,19,16,11,16.2,17,,,False,True
HSIC,Health Care,Henry Schein,2026-02-27,82.39,9.15,10.65,18.38,14.14,1.0,1648570,1337936,1446189,37.04,-13.93,-21.48,P+V+,P+V-,P+V-,➡️ 中性,3.08,27.87,0.11,14,18,20,16.4,3.48,7.89,False,True,77.81,16.41,1.126,False,89.29,89.29,-7.73,3.54,10.83,12.0,8.0,1725833.0,1532675.0,1.5,1562500.0,1974080.0,1830486.0,0.854,100.0,60.28,多頭,頭頭高·底底高,空轉多預警,20,1,24,13.2,13,剛爆發,,False,True
BDX,Health Care,Becton Dickinson,2026-02-27,174.13,10.32,18.19,13.66,13.96,1.0,3662106,2723007,2640763,68.87,6.43,-24.69,P+V+,P+V+,P+V-,🚀 健康多頭,-8.35,32.18,-0.26,11,9,22,12.6,3.47,1.15,False,True,161.81,7.38,0.962,False,184.86,187.35,-5.8,-4.81,11.63,9.0,11.0,3583848.0,3726134.0,0.818,4624900.0,2953330.0,3727272.0,1.241,84.16,57.02,多頭,頭頭高·底底高,多頭確認,21,23,12,20.0,22,,🚀 暴漲中,True,True
GEHC,Health Care,GE HealthCare,2026-02-27,84.18,6.71,7.75,12.13,9.68,1.0,3575435,3363783,3460438,4.6,-5.43,-19.52,P+V+,P+V-,P+V-,➡️ 中性,-11.72,40.0,-0.293,18,23,23,20.5,,,,,,,,,,,,,,,,,,,,,,,,,,,,22,26,26,,26,,,False,False
CVS,Health Care,CVS Health,2026-02-27,78.72,7.22,3.41,13.91,9.61,1.0,8728425,8452495,7900639,-12.41,15.02,-12.51,P+V-,P+V+,P+V-,⚠️ 量能背離,19.85,25.91,0.766,16,30,21,21.2,,,,,,,,,,,,,,,,,,,,,,,,,,,,23,26,26,,26,,,False,False
PFE,Health Care,Pfizer,2026-02-27,26.73,4.58,11.47,10.54,9.28,1.0,47426285,47444436,57087720,-2.04,-28.9,21.45,P+V-,P+V-,P+V+,⚠️ 頂部背離,7.26,24.9,0.292,29,17,28,25.2,,,,,,,,,,,,,,,,,,,,,,,,,,,,24,26,26,,26,,,False,False
COO,Health Care,Cooper Companies (The),2026-02-27,83.67,2.81,10.08,11.23,8.84,1.0,1768970,2482416,2677526,-18.93,-13.58,13.46,P+V-,P+V-,P+V+,⚠️ 頂部背離,-10.57,34.94,-0.303,33,19,27,27.6,,,,,,,,,,,,,,,,,,,,,,,,,,,,25,26,26,,26,,,False,False
INCY,Health Care,Incyte,2026-02-27,101.27,1.2,-4.68,19.09,8.67,0.667,1965730,2019483,2056875,-3.06,-3.57,6.6,P+V-,P-V-,P+V+,⚠️ 頂部背離,38.13,32.94,1.157,38,41,18,34.9,,,,,,,,,,,,,,,,,,,,,,,,,,,,26,26,26,,26,,,False,False
ABBV,Health Care,AbbVie,2026-02-27,228.54,4.07,1.93,11.89,7.44,1.0,7220010,6489200,6100312,1.24,13.62,-10.75,P+V+,P+V+,P+V-,🚀 健康多頭,11.12,24.63,0.452,30,34,24,30.0,,,,,,,,,,,,,,,,,,,,,,,,,,,,27,26,26,,26,,,False,False
LH,Health Care,Labcorp,2026-02-27,287.71,6.75,9.54,4.74,6.44,1.0,769510,732144,722767,-2.0,2.63,-3.19,P+V-,P+V+,P+V-,⚠️ 量能背離,9.78,21.91,0.446,17,20,34,21.3,,,,,,,,,,,,,,,,,,,,,,,,,,,,28,26,26,,26,,,False,False
EW,Health Care,Edwards Lifesciences,2026-02-27,86.47,6.28,2.08,5.67,4.92,1.0,5355790,3928153,4220904,49.86,-12.97,-6.52,P+V+,P+V-,P+V-,➡️ 中性,14.13,23.21,0.609,22,33,33,27.5,,,,,,,,,,,,,,,,,,,,,,,,,,,,29,26,26,,26,,,False,False
UHS,Health Care,Universal Health Services,2026-02-27,205.37,2.4,-12.95,11.27,3.0,0.667,795265,744086,706175,7.45,11.35,-23.56,P+V+,P-V+,P+V-,➡️ 中性,8.01,31.89,0.251,34,52,26,37.8,,,,,,,,,,,,,,,,,,,,,,,,,,,,30,26,26,,26,,,False,False
CRL,Health Care,Charles River Laboratories,2026-02-27,178.49,-15.2,4.72,10.29,2.53,0.667,1342985,896327,955031,95.42,-11.58,-28.3,P-V+,P+V-,P+V-,➡️ 中性,28.38,58.49,0.485,57,29,29,43.0,,,,,,,,,,,,,,,,,,,,,,,,,,,,31,26,26,,26,,,False,False
WST,Health Care,West Pharmaceutical Services,2026-02-27,253.98,10.05,-7.09,2.79,2.14,0.667,1109525,891318,783491,14.99,31.92,-12.67,P+V+,P-V+,P+V-,➡️ 中性,4.9,39.24,0.125,12,45,39,27.3,11.54,14.55,False,False,256.3,7.27,0.881,False,321.34,322.34,-20.96,5.48,9.32,11.0,9.0,1046109.0,1187033.0,1.222,814400.0,806230.0,1039766.0,0.783,91.54,55.41,收斂,頭頭低·底底高,多轉空預警 / 空轉多預警,32,17,25,24.6,23,剛爆發,,False,True
SYK,Health Care,Stryker Corporation,2026-02-27,385.39,4.84,4.92,-1.25,1.82,0.667,2128400,1847683,1662156,12.8,25.13,15.61,P+V+,P+V+,P-V+,🚀 健康多頭,-8.05,21.98,-0.366,28,28,46,31.6,,,,,,,,,,,,,,,,,,,,,,,,,,,,33,26,26,,26,剛爆發,,False,False
CI,Health Care,Cigna,2026-02-27,286.57,5.73,7.36,-3.76,1.39,0.667,1915565,1663829,1783190,26.7,-12.55,-4.08,P+V+,P+V-,P-V-,✨ 反彈初期,-8.61,32.95,-0.261,23,24,48,28.3,,,,,,,,,,,,,,,,,,,,,,,,,,,,34,26,26,,26,剛爆發,,False,False
MDT,Health Care,Medtronic,2026-02-27,96.0,-5.15,-4.67,6.92,1.0,0.333,9255000,7589818,7306356,19.71,8.07,-7.49,P-V+,P-V+,P+V-,➡️ 中性,14.82,21.06,0.704,49,40,30,42.5,,,,,,,,,,,,,,,,,,,,,,,,,,,,35,26,26,,26,剛爆發,,False,False
ZBH,Health Care,Zimmer Biomet,2026-02-27,97.91,13.06,5.54,-8.14,0.58,0.667,2373210,2190130,1927603,7.07,31.53,-8.07,P+V+,P+V+,P-V-,✨ 反彈初期,-16.51,31.78,-0.52,9,27,50,22.6,0.93,1.83,False,True,90.96,6.51,1.025,False,112.96,114.44,-13.32,-0.31,14.44,13.0,7.0,2393730.0,2335100.0,1.857,2827800.0,2011350.0,2444580.0,1.157,100.0,63.88,空頭,頭頭低·底底低,多頭確認,36,1,14,17.6,19,剛爆發,,False,True
ISRG,Health Care,Intuitive Surgical,2026-02-27,503.51,-0.14,-11.43,5.74,-0.02,0.333,2092185,1852038,2148829,2.03,-24.27,5.31,P-V+,P-V-,P+V+,⚠️ 中期出貨,-9.97,37.08,-0.269,40,50,31,41.2,,,,,,,,,,,,,,,,,,,,,,,,,,,,37,26,26,,26,剛爆發,,False,False
MTD,Health Care,Mettler Toledo,2026-02-27,1366.69,-0.48,-7.04,3.42,-0.17,0.333,152895,139761,140594,18.28,-1.18,-22.86,P-V+,P-V-,P+V-,➡️ 中性,11.13,33.08,0.336,41,43,38,41.0,,,,,,,,,,,,,,,,,,,,,,,,,,,,38,26,26,,26,剛爆發,,False,False
RVTY,Health Care,Revvity,2026-02-27,98.17,-9.64,-2.2,4.56,-0.68,0.333,1469640,1514296,1387086,2.76,20.19,12.06,P-V+,P-V+,P+V+,⚠️ 中期出貨,-1.5,39.62,-0.038,53,37,35,44.6,,,,,,,,,,,,,,,,,,,,,,,,,,,,39,26,26,,26,剛爆發,,False,False
DXCM,Health Care,Dexcom,2026-02-27,73.43,0.53,18.04,-10.73,-0.72,0.667,5096680,5224352,5811405,-14.74,-18.35,46.18,P+V-,P+V-,P-V+,➡️ 中性,-15.73,43.79,-0.359,39,10,51,32.7,4.5,7.51,False,True,70.07,16.02,0.906,False,91.87,91.87,-20.07,0.48,-0.77,9.0,11.0,4820522.0,5322627.0,0.818,5454000.0,4874800.0,5145600.0,1.06,77.85,58.0,擴散,頭頭高·底底低,,40,25,17,29.4,25,剛爆發,,False,True
ELV,Health Care,Elevance Health,2026-02-27,316.75,-7.44,-2.41,2.17,-1.38,0.333,1656520,1645553,1741366,-3.65,-10.43,-14.79,P-V-,P-V-,P+V-,⚠️ 主升段結束,-9.97,37.65,-0.265,50,38,40,44.4,,,,,,,,,,,,,,,,,,,,,,,,,,,,41,26,26,,26,剛爆發,,False,False
STE,Health Care,Steris,2026-02-27,250.84,-3.66,-3.83,0.71,-1.52,0.333,1074180,701601,665381,128.3,11.51,7.62,P-V+,P-V+,P+V+,⚠️ 中期出貨,19.48,22.7,0.858,47,39,43,43.8,,,,,,,,,,,,,,,,,,,,,,,,,,,,42,26,26,,26,剛爆發,,False,False
TECH,Health Care,Bio-Techne,2026-02-27,58.83,-7.82,-6.95,3.62,-1.88,0.333,2662205,2160535,2224427,17.4,-5.58,0.74,P-V+,P-V-,P+V+,⚠️ 中期出貨,4.96,43.8,0.113,51,42,37,45.5,,,,,,,,,,,,,,,,,,,,,,,,,,,,43,26,26,,26,剛爆發,,False,False
IDXX,Health Care,Idexx Laboratories,2026-02-27,656.73,-2.05,-12.69,1.73,-2.82,0.333,565210,525727,503968,25.12,9.02,-30.51,P-V+,P-V+,P+V-,➡️ 中性,53.44,38.92,1.373,43,51,41,45.0,,,,,,,,,,,,,,,,,,,,,,,,,,,,44,26,26,,26,剛爆發,,False,False
DHR,Health Care,Danaher Corporation,2026-02-27,209.76,-3.77,-7.07,-0.23,-2.83,0.0,4452285,3799655,3951726,19.81,-7.41,-5.34,P-V+,P-V-,P-V-,➡️ 中性,7.43,31.33,0.237,48,44,45,46.2,,,,,,,,,,,,,,,,,,,,,,,,,,,,45,26,26,,26,剛爆發,,False,False
UNH,Health Care,UnitedHealth Group,2026-02-27,289.35,2.21,-7.46,-3.36,-2.99,0.333,9326570,8733306,9586567,-17.05,-16.35,-35.15,P+V-,P-V-,P-V-,➡️ 中性,-36.08,56.7,-0.636,35,46,47,40.7,,,,,,,,,,,,,,,,,,,,,,,,,,,,46,26,26,,26,剛爆發,,False,False
TMO,Health Care,Thermo Fisher Scientific,2026-02-27,520.07,-9.94,-11.02,4.4,-3.04,0.333,2485685,2143770,2070390,-2.59,7.35,-19.6,P-V-,P-V+,P+V-,➡️ 中性,13.57,35.87,0.378,54,49,36,48.9,,,,,,,,,,,,,,,,,,,,,,,,,,,,47,26,26,,26,剛爆發,,False,False
SOLV,Health Care,Solventum,2026-02-27,74.2,-3.6,-11.01,0.88,-3.21,0.333,1217195,1077343,1070883,31.19,1.21,-4.9,P-V+,P-V+,P+V-,➡️ 中性,-8.29,32.45,-0.256,45,48,42,45.3,,,,,,,,,,,,,,,,,,,,,,,,,,,,48,26,26,,26,剛爆發,,False,False
BAX,Health Care,Baxter International,2026-02-27,20.35,1.54,12.16,-16.32,-4.74,0.667,11719315,9325263,8275448,32.71,29.06,50.92,P+V+,P+V+,P-V+,🚀 健康多頭,-42.77,49.35,-0.867,37,15,55,34.0,-17.8,15.4,False,True,20.13,16.63,1.162,False,37.2,37.74,-45.29,-5.56,3.29,12.0,7.0,12542366.0,10791728.0,1.714,36636900.0,11911770.0,12530506.0,2.924,95.81,48.26,擴散,頭頭高·底底低,,49,12,1,24.6,23,剛爆發,,False,False
ZTS,Health Care,Zoetis,2026-02-27,129.63,5.03,7.15,-15.64,-4.78,0.667,4729120,5127341,4284837,4.29,48.95,36.56,P+V+,P+V+,P-V+,🚀 健康多頭,-25.15,28.51,-0.882,26,25,54,31.3,,,,,,,,,,,,,,,,,,,,,,,,,,,,50,26,26,,26,剛爆發,,False,False
WAT,Health Care,Waters Corporation,2026-02-27,319.38,-13.85,-20.06,5.69,-5.63,0.333,1678760,874864,770169,258.97,31.46,18.03,P-V+,P-V+,P+V+,⚠️ 中期出貨,0.57,37.44,0.015,56,54,32,50.6,,,,,,,,,,,,,,,,,,,,,,,,,,,,51,26,26,,26,剛爆發,,False,False
RMD,Health Care,ResMed|,2026-02-27,254.77,-0.56,2.53,-12.35,-5.68,0.333,1278600,1029487,1051276,36.67,-4.06,4.66,P-V+,P+V-,P-V+,➡️ 中性,12.13,23.34,0.52,42,32,53,41.2,,,,,,,,,,,,,,,,,,,,,,,,,,,,52,26,26,,26,剛爆發,,False,False
ABT,Health Care,Abbott Laboratories,2026-02-27,114.81,6.45,-8.06,-11.41,-6.11,0.333,10265010,8958361,7474470,-8.48,49.54,9.65,P+V-,P-V+,P-V+,➡️ 中性,-20.45,24.21,-0.845,21,47,52,35.0,,,,,,,,,,,,,,,,,,,,,,,,,,,,53,26,26,,26,剛爆發,,False,False
A,Health Care,Agilent Technologies,2026-02-27,120.87,-9.32,-20.84,0.17,-7.45,0.333,2506130,2228996,1991698,29.02,27.05,-0.99,P-V+,P-V+,P+V-,➡️ 中性,5.72,32.3,0.177,52,55,44,51.3,,,,,,,,,,,,,,,,,,,,,,,,,,,,54,26,26,,26,剛爆發,,False,False
IQV,Health Care,IQVIA,2026-02-27,178.81,-22.31,-21.64,-6.46,-14.21,0.0,3440775,1944104,1705651,186.14,32.5,-18.56,P-V+,P-V+,P-V-,➡️ 中性,26.34,45.72,0.576,59,57,49,56.4,,,,,,,,,,,,,,,,,,,,,,,,,,,,55,26,26,,26,剛爆發,,False,False
PODD,Health Care,Insulet Corporation,2026-02-27,246.61,-3.6,-26.94,-25.44,-20.36,0.0,1162955,893460,757123,33.48,43.92,-7.67,P-V+,P-V+,P-V-,➡️ 中性,-4.49,37.38,-0.12,45,59,56,51.4,,,,,,,,,,,,,,,,,,,,,,,,,,,,56,26,26,,26,剛爆發,,False,False
HUM,Health Care,Humana,2026-02-27,189.13,-2.39,-16.58,-35.94,-22.71,0.0,2513000,1939236,1887720,28.11,5.61,8.74,P-V+,P-V+,P-V+,📉 主力出貨,-23.72,51.87,-0.457,44,53,58,49.5,,,,,,,,,,,,,,,,,,,,,,,,,,,,57,26,26,,26,剛爆發,,False,False
BSX,Health Care,Boston Scientific,2026-02-27,76.85,-17.83,-21.61,-27.62,-23.67,0.0,20792555,13646484,11439848,75.87,47.8,45.42,P-V+,P-V+,P-V+,📉 主力出貨,-8.4,32.26,-0.26,58,56,57,57.2,,,,,,,,,,,,,,,,,,,,,,,,,,,,58,26,26,,26,剛爆發,,False,False
VEEV,Health Care,Veeva Systems,2026-02-27,182.01,-10.74,-22.79,-37.42,-27.1,0.0,2578680,1959555,1641397,49.4,48.09,19.89,P-V+,P-V+,P-V+,📉 主力出貨,-4.98,40.37,-0.123,55,58,59,56.7,,,,,,,,,,,,,,,,,,,,,,,,,,,,59,26,26,,26,剛爆發,,False,False
VRT,Industrials,Vertiv,2026-02-27,254.78,36.91,50.96,102.47,73.2,1.0,6962440,6176083,6857461,39.72,-18.08,-23.39,P+V+,P+V-,P+V-,➡️ 中性,111.43,61.54,1.811,1,4,2,2.1,4.9,25.02,False,True,192.68,15.23,0.998,False,264.74,264.86,-3.76,4.57,30.65,10.0,10.0,6956770.0,6968110.0,1.0,6967900.0,5799340.0,7451280.0,0.935,100.0,70.81,多頭,頭頭高·底底高,,1,1,16,4.0,2,,🔥 追高風險,True,True
FIX,Industrials,Comfort Systems USA,2026-02-27,1427.33,25.15,51.24,107.44,72.82,1.0,469640,583913,491539,17.99,46.28,6.13,P+V+,P+V+,P+V+,⭐⭐⭐ 完美多頭,229.64,48.97,4.689,4,3,1,3.1,38.71,31.26,False,True,1143.52,15.9,0.989,False,1497.86,1500.0,-4.71,-2.25,22.02,10.0,10.0,467110.0,472170.0,1.0,489600.0,539490.0,487040.0,1.005,94.62,65.9,多頭,頭頭高·底底高,多頭確認,2,15,15,9.8,10,吃老本,🔥 追高風險,True,True
FDX,Industrials,FedEx,2026-02-27,309.42,20.09,45.7,65.32,49.11,1.0,2507465,2253325,2298370,10.78,-3.84,-9.42,P+V+,P+V-,P+V-,➡️ 中性,26.67,35.19,0.758,7,8,5,6.9,17.16,6.01,False,True,263.19,7.37,1.151,False,314.11,316.57,-1.49,-0.38,20.96,15.0,5.0,2592507.0,2252340.0,3.0,3411757.0,1943480.0,2180106.0,1.565,100.0,76.31,多頭,頭頭高·底底高,多頭確認,3,1,4,2.4,1,,,False,True
CAT,Industrials,Caterpillar Inc.,2026-02-27,740.05,13.0,33.05,71.39,47.21,1.0,3422665,2773049,2798106,41.66,-1.78,-2.2,P+V+,P+V-,P+V-,➡️ 中性,98.35,32.77,3.001,17,11,3,12.4,9.51,9.43,False,True,659.08,7.32,0.983,False,786.85,789.81,-5.95,-2.23,11.66,9.0,11.0,3391366.0,3448272.0,0.818,3441900.0,2855410.0,3149266.0,1.093,85.59,57.97,多頭,頭頭高·底底高,,4,18,13,11.4,13,吃老本,,False,True
HII,Industrials,Huntington Ingalls Industries,2026-02-27,440.55,6.04,44.51,66.71,45.99,1.0,599055,545486,503746,-3.1,18.07,-21.27,P+V-,P+V+,P+V-,⚠️ 量能背離,151.23,34.88,4.336,45,9,4,26.0,5.03,8.31,False,True,391.26,10.52,0.844,False,446.43,451.86,-1.32,1.91,4.23,11.0,9.0,552954.0,655400.0,1.222,411200.0,502400.0,531820.0,0.773,86.4,61.98,擴散,頭頭高·底底低,多頭確認,5,17,19,12.6,15,吃老本,,False,True
JBHT,Industrials,J.B. Hunt,2026-02-27,232.58,15.37,40.34,56.18,42.02,1.0,1186480,1126003,1257630,16.72,-18.95,8.28,P+V+,P+V-,P+V+,➡️ 中性,30.31,38.93,0.778,11,10,7,9.9,4.77,20.66,False,True,209.67,7.95,0.915,False,233.99,234.82,-0.6,1.41,13.97,13.0,7.0,1149323.0,1255485.0,1.857,1481100.0,798550.0,1042360.0,1.421,100.0,63.95,多頭,頭頭高·底底高,,6,1,8,4.4,3,,,False,True
HWM,Industrials,Howmet Aerospace,2026-02-27,262.29,26.24,31.26,53.7,41.23,1.0,3023585,2539666,2322421,18.61,20.64,-25.55,P+V+,P+V+,P+V-,🚀 健康多頭,56.89,34.49,1.65,3,14,8,7.3,8.7,4.48,False,True,222.21,6.88,1.078,False,262.39,262.63,-0.04,1.72,25.73,13.0,7.0,3102146.0,2877685.0,1.857,3401200.0,2626050.0,2954353.0,1.151,100.0,77.11,多頭,頭頭高·底底高,多頭確認,7,1,12,5.6,4,剛爆發,🚀 暴漲中,True,True
GEV,Industrials,GE Vernova,2026-02-27,872.63,20.27,50.6,44.07,39.75,1.0,2775760,3093612,3057736,-12.01,2.37,-12.95,P+V-,P+V+,P+V-,⚠️ 量能背離,120.39,48.94,2.46,6,5,14,7.3,316.08,-11.67,False,True,721.22,12.36,1.067,False,893.93,894.93,-2.38,5.21,21.77,11.0,9.0,2856763.0,2676755.0,1.222,2456200.0,2070560.0,2336820.0,1.051,100.0,72.64,多頭,頭頭高·底底高,多頭確認,8,1,14,6.4,5,剛爆發,,False,True
DD,Industrials,DuPont,2026-02-27,148.28,13.93,30.74,56.29,39.31,1.0,1682289,1639629,2088402,4.97,-35.38,-13.64,P+V+,P+V-,P+V-,➡️ 中性,34.57,38.39,0.901,14,15,6,12.7,6.6,11.16,False,True,133.4,6.11,1.219,False,156.04,157.98,-4.98,-0.73,12.2,12.0,8.0,1812374.0,1487162.0,1.5,1280767.0,1286410.0,1668291.0,0.768,100.0,60.21,擴散,頭頭高·底底低,,9,1,20,8.0,8,剛爆發,,False,True
LUV,Industrials,Southwest Airlines,2026-02-27,48.61,3.66,48.66,51.82,38.99,1.0,10760800,10257813,9659002,9.45,13.22,-22.33,P+V+,P+V+,P+V-,🚀 健康多頭,61.75,49.73,1.242,54,6,9,30.6,1.76,400.96,False,True,45.43,12.4,1.111,False,54.38,55.11,-10.62,-5.43,1.57,10.0,10.0,11327010.0,10194590.0,1.0,9146300.0,10105370.0,10430886.0,0.877,83.21,49.68,多頭,頭頭高·底底高,空轉多預警 / 空頭確認,10,19,18,15.2,17,吃老本,,False,True
LMT,Industrials,Lockheed Martin,2026-02-27,646.37,3.76,47.0,49.69,37.54,1.0,1614725,1686940,1514819,-26.15,25.64,-12.08,P+V-,P+V+,P+V-,⚠️ 量能背離,43.54,29.57,1.473,52,7,10,30.1,-2.71,9.31,False,True,565.43,5.45,1.023,False,657.84,669.75,-1.74,-0.03,5.71,12.0,8.0,1629325.0,1592825.0,1.5,2599900.0,1491980.0,1439146.0,1.807,93.82,63.84,多頭,頭頭高·底底高,空轉多預警,11,16,2,11.2,12,,,False,False
PWR,Industrials,Quanta Services,2026-02-27,562.88,18.64,27.24,48.32,35.63,1.0,1240870,1030930,1022885,28.56,1.59,-27.48,P+V+,P+V+,P+V-,🚀 健康多頭,86.68,35.48,2.443,9,20,12,12.9,4.69,2.18,False,True,475.02,12.01,0.917,False,573.74,573.94,-1.89,1.89,16.48,11.0,9.0,1192545.0,1299933.0,1.222,1537400.0,1192580.0,1193873.0,1.288,95.03,70.66,空頭,頭頭低·底底低,多轉空預警 / 多頭確認,12,14,11,12.6,15,,,False,True
ODFL,Industrials,Old Dominion,2026-02-27,202.2,17.23,53.75,28.09,31.79,1.0,2795330,2348680,2215601,50.39,12.78,15.42,P+V+,P+V+,P+V+,⭐⭐⭐ 完美多頭,-0.54,39.7,-0.014,10,2,24,10.4,2.8,5.24,False,True,177.32,8.48,0.915,False,207.86,208.74,-2.73,0.82,17.65,13.0,7.0,2707238.0,2958928.0,1.857,3549200.0,1961490.0,2407560.0,1.474,100.0,62.31,多頭,頭頭高·底底高,,13,1,7,7.0,6,剛爆發,🚀 暴漲中,True,True
GNRC,Industrials,Generac,2026-02-27,225.37,34.12,55.72,15.79,30.35,1.0,1448360,1137578,1139932,36.74,-0.41,19.57,P+V+,P+V-,P+V+,➡️ 中性,24.79,54.95,0.451,2,1,41,9.5,-9.02,-16.72,False,True,174.71,12.11,1.452,False,241.09,241.09,-6.52,-1.67,32.56,12.0,8.0,1654350.0,1139375.0,1.5,1125000.0,1358610.0,1589686.0,0.708,100.0,66.33,擴散,頭頭高·底底低,,14,1,21,10.2,11,剛爆發,,False,True
WAB,Industrials,Wabtec,2026-02-27,263.36,14.83,32.13,35.17,29.33,1.0,1000845,815086,903407,51.98,-17.81,-17.19,P+V+,P+V-,P+V-,➡️ 中性,28.87,26.69,1.082,13,13,15,13.4,0.88,1.96,False,True,233.95,5.65,1.248,False,265.67,266.27,-0.87,-0.31,13.6,13.0,7.0,1075561.0,862085.0,1.857,1382400.0,939860.0,1067606.0,1.295,100.0,75.88,多頭,頭頭高·底底高,多頭確認,15,1,10,8.4,9,剛爆發,,False,True
JCI,Industrials,Johnson Controls,2026-02-27,143.46,21.0,26.37,34.53,29.11,1.0,5699445,5542626,4910333,-4.31,29.56,2.74,P+V-,P+V+,P+V+,⚠️ 頂部背離,43.93,32.41,1.355,5,22,18,12.7,5.7,4.66,False,True,124.32,6.04,1.425,False,145.64,146.49,-1.49,0.35,19.97,13.0,7.0,6363815.0,4465614.0,1.857,7554100.0,4831780.0,4833653.0,1.563,100.0,72.2,擴散,頭頭高·底底低,多頭確認,16,1,5,7.8,7,剛爆發,,False,True
CMI,Industrials,Cummins,2026-02-27,579.88,1.21,20.64,46.25,28.59,1.0,1190675,950150,920416,47.06,6.68,2.73,P+V+,P+V+,P+V+,⭐⭐⭐ 完美多頭,62.79,32.06,1.958,60,36,13,43.4,-14.89,-19.04,False,True,557.29,5.45,1.011,False,611.7,617.98,-5.2,-1.59,0.32,9.0,11.0,1197911.0,1184754.0,0.818,1688300.0,938570.0,1100506.0,1.534,79.53,51.1,收斂,頭頭低·底底高,多轉空預警,17,21,6,16.4,18,,,False,True
CHRW,Industrials,C.H. Robinson,2026-02-27,183.2,-4.98,20.33,49.3,28.49,0.667,3357525,2190789,1934335,72.95,30.57,40.71,P-V+,P+V+,P+V+,⚠️ 中期出貨,99.49,36.07,2.758,70,39,11,48.9,9.22,7.37,False,True,175.61,12.64,0.831,False,201.09,203.34,-8.9,-2.53,-4.37,11.0,9.0,3076745.0,3700700.0,1.222,1944900.0,2774640.0,3456753.0,0.563,79.25,52.32,擴散,頭頭高·底底低,,18,22,22,20.4,21,,,False,True
UPS,Industrials,United Parcel Service,2026-02-27,112.25,10.69,25.67,34.68,26.43,1.0,6147445,5939467,6960359,1.67,-25.58,9.07,P+V+,P+V-,P+V+,➡️ 中性,-5.06,32.24,-0.157,24,24,17,22.6,,,,,,,,,,,,,,,,,,,,,,,,,,,,19,23,23,,23,,,False,False
LHX,Industrials,L3Harris,2026-02-27,360.08,6.33,32.37,33.33,26.34,1.0,1312710,1360250,1228312,-28.14,24.07,-15.67,P+V-,P+V+,P+V-,⚠️ 量能背離,77.08,24.17,3.189,41,12,19,27.9,3.63,5.09,False,True,328.34,10.33,0.897,False,365.07,369.59,-1.37,2.36,2.39,10.0,10.0,1241570.0,1383850.0,1.0,1963500.0,1256280.0,1193613.0,1.645,83.08,62.29,多頭,頭頭高·底底高,,20,20,3,16.6,19,,,False,True
DE,Industrials,Deere & Company,2026-02-27,626.25,19.26,29.69,27.84,26.16,1.0,2159490,1702546,1510115,61.79,29.21,11.38,P+V+,P+V+,P+V+,⭐⭐⭐ 完美多頭,11.81,28.77,0.411,8,18,25,14.4,15.42,2.5,False,True,532.07,13.25,1.188,False,670.49,674.19,-6.6,-4.95,18.8,11.0,9.0,2324872.0,1957355.0,1.222,2015300.0,2464110.0,2225766.0,0.905,98.42,64.47,多頭,頭頭高·底底高,空轉多預警,21,13,17,17.0,20,剛爆發,🚀 暴漲中,True,True
PH,Industrials,Parker Hannifin,2026-02-27,1004.88,8.04,20.36,35.0,24.6,1.0,690050,630506,624913,6.99,1.81,-19.67,P+V+,P+V+,P+V-,🚀 健康多頭,45.86,28.4,1.615,34,38,16,31.6,,,,,,,,,,,,,,,,,,,,,,,,,,,,22,23,23,,23,,,False,False
NDSN,Industrials,Nordson Corporation,2026-02-27,291.71,6.89,26.36,30.1,23.36,1.0,502115,481856,389592,25.26,62.06,-0.59,P+V+,P+V+,P+V-,🚀 健康多頭,33.19,28.14,1.179,38,23,21,30.1,,,,,,,,,,,,,,,,,,,,,,,,,,,,23,23,23,,23,,,False,False
CSX,Industrials,CSX Corporation,2026-02-27,42.44,13.43,25.0,24.81,22.02,1.0,12962610,13215853,14977779,-15.86,-21.05,-10.27,P+V-,P+V-,P+V-,⚠️ 量能衰竭,20.2,23.1,0.875,15,25,28,20.6,-5.32,3.79,False,True,37.84,6.89,1.075,False,42.52,42.82,-0.19,1.23,13.1,16.0,4.0,13145743.0,12230075.0,4.0,17413300.0,11745390.0,12586086.0,1.384,100.0,75.74,多頭,頭頭高·底底高,多頭確認,24,1,9,11.8,14,剛爆發,,False,False
AME,Industrials,Ametek,2026-02-27,238.48,6.8,22.73,28.37,21.57,1.0,1426025,1361130,1320782,15.73,6.3,-4.24,P+V+,P+V+,P+V-,🚀 健康多頭,21.79,20.81,1.047,39,32,23,33.7,,,,,,,,,,,,,,,,,,,,,,,,,,,,25,23,23,,23,,,False,False
GE,Industrials,GE Aerospace,2026-02-27,341.34,11.56,16.53,28.72,21.38,1.0,5404115,5368509,4659469,-10.41,35.9,-23.41,P+V-,P+V+,P+V-,⚠️ 量能背離,49.21,32.69,1.506,22,46,22,29.2,,,,,,,,,,,,,,,,,,,,,,,,,,,,26,23,23,,23,,,False,False
DOV,Industrials,Dover Corporation,2026-02-27,224.35,12.17,23.83,24.16,21.08,1.0,1481790,1212520,1175246,19.13,6.55,5.84,P+V+,P+V+,P+V+,⭐⭐⭐ 完美多頭,4.22,29.34,0.144,18,28,29,23.2,,,,,,,,,,,,,,,,,,,,,,,,,,,,27,23,23,,23,,,False,False
NOC,Industrials,Northrop Grumman,2026-02-27,717.94,4.98,29.01,23.64,20.32,1.0,917475,886761,816843,-21.2,18.72,-20.0,P+V-,P+V+,P+V-,⚠️ 量能背離,53.8,28.17,1.91,50,19,30,36.7,,,,,,,,,,,,,,,,,,,,,,,,,,,,28,23,23,,23,,,False,False
PCAR,Industrials,Paccar,2026-02-27,125.37,2.85,24.95,26.56,20.23,1.0,3606065,3368712,3172602,9.01,13.18,6.09,P+V+,P+V+,P+V+,⭐⭐⭐ 完美多頭,19.58,28.71,0.682,57,27,26,41.8,,,,,,,,,,,,,,,,,,,,,,,,,,,,29,23,23,,23,剛爆發,,False,False
RTX,Industrials,RTX Corporation,2026-02-27,201.11,1.18,17.37,30.63,19.95,1.0,6851915,5671027,5075043,15.01,26.61,-5.86,P+V+,P+V+,P+V-,🚀 健康多頭,55.21,31.11,1.775,61,44,20,47.7,,,,,,,,,,,,,,,,,,,,,,,,,,,,30,23,23,,23,剛爆發,,False,False
IEX,Industrials,IDEX Corporation,2026-02-27,208.05,5.5,23.73,25.26,19.94,1.0,1029275,748878,711600,58.33,11.06,0.9,P+V+,P+V+,P+V+,⭐⭐⭐ 完美多頭,4.7,26.55,0.177,47,29,27,37.6,,,,,,,,,,,,,,,,,,,,,,,,,,,,31,23,23,,23,剛爆發,,False,False
TXT,Industrials,Textron,2026-02-27,98.61,12.03,19.76,21.06,18.48,1.0,1883665,1719581,1537549,-3.53,26.86,-2.26,P+V-,P+V+,P+V-,⚠️ 量能背離,20.01,30.35,0.659,21,41,32,29.2,,,,,,,,,,,,,,,,,,,,,,,,,,,,32,23,23,,23,剛爆發,,False,False
HON,Industrials,Honeywell Technologies,2026-02-27,253.31,7.59,29.76,17.26,17.97,1.0,3843501,3988833,4176162,-18.16,-8.59,1.53,P+V-,P+V-,P+V+,⚠️ 頂部背離,16.06,23.5,0.683,36,17,37,30.5,,,,,,,,,,,,,,,,,,,,,,,,,,,,33,23,23,,23,剛爆發,,False,False
UNP,Industrials,Union Pacific Corporation,2026-02-27,262.39,13.3,19.34,18.32,17.32,1.0,4022065,3376012,3673003,20.21,-14.96,5.1,P+V+,P+V-,P+V+,➡️ 中性,-2.41,22.98,-0.105,16,42,35,27.6,,,,,,,,,,,,,,,,,,,,,,,,,,,,34,23,23,,23,剛爆發,,False,False
SWK,Industrials,Stanley Black & Decker,2026-02-27,84.64,9.95,30.24,14.14,17.12,1.0,2238565,1785618,1894478,40.0,-10.87,-24.34,P+V+,P+V-,P+V-,➡️ 中性,-3.29,51.41,-0.064,25,16,42,25.7,,,,,,,,,,,,,,,,,,,,,,,,,,,,35,23,23,,23,剛爆發,,False,False
FTV,Industrials,Fortive,2026-02-27,59.01,12.1,12.98,20.34,16.44,1.0,5202630,3731846,3514219,57.29,13.2,-18.16,P+V+,P+V+,P+V-,🚀 健康多頭,-11.11,27.82,-0.4,20,51,33,31.9,,,,,,,,,,,,,,,,,,,,,,,,,,,,36,23,23,,23,剛爆發,,False,False
IR,Industrials,Ingersoll Rand,2026-02-27,94.07,9.35,21.1,16.79,16.0,1.0,5288995,3497886,3438263,74.74,3.53,10.57,P+V+,P+V+,P+V+,⭐⭐⭐ 完美多頭,7.06,36.47,0.194,27,35,40,32.0,,,,,,,,,,,,,,,,,,,,,,,,,,,,37,23,23,,23,剛爆發,,False,False
HUBB,Industrials,Hubbell Incorporated,2026-02-27,508.52,5.14,21.37,17.1,15.18,1.0,577870,494581,516626,18.81,-8.18,-17.82,P+V+,P+V-,P+V-,➡️ 中性,36.64,27.38,1.338,49,34,38,42.3,,,,,,,,,,,,,,,,,,,,,,,,,,,,38,23,23,,23,剛爆發,,False,False
EME,Industrials,Emcor,2026-02-27,723.89,0.54,20.27,18.86,14.63,1.0,417285,371224,500517,21.45,-41.06,4.35,P+V+,P+V-,P+V+,➡️ 中性,81.75,37.54,2.178,62,40,34,49.8,,,,,,,,,,,,,,,,,,,,,,,,,,,,39,23,23,,23,剛爆發,,False,False
SNA,Industrials,Snap-on,2026-02-27,380.25,5.89,16.41,17.27,14.21,1.0,413390,324220,320530,48.23,2.33,-14.78,P+V+,P+V+,P+V-,🚀 健康多頭,11.07,23.4,0.473,46,48,36,44.6,,,,,,,,,,,,,,,,,,,,,,,,,,,,40,23,23,,23,剛爆發,,False,False
GWW,Industrials,W. W. Grainger,2026-02-27,1140.19,6.2,23.33,12.5,13.63,1.0,362160,295576,294629,57.03,0.65,2.47,P+V+,P+V+,P+V+,⭐⭐⭐ 完美多頭,7.8,26.2,0.298,42,30,45,39.0,,,,,,,,,,,,,,,,,,,,,,,,,,,,41,23,23,,23,剛爆發,,False,False
ITW,Industrials,Illinois Tool Works,2026-02-27,287.07,11.24,20.61,9.25,12.59,1.0,1807165,1392832,1230905,35.16,30.3,10.44,P+V+,P+V+,P+V+,⭐⭐⭐ 完美多頭,3.18,23.45,0.136,23,37,49,32.4,,,,,,,,,,,,,,,,,,,,,,,,,,,,42,23,23,,23,剛爆發,,False,False
EMR,Industrials,Emerson Electric,2026-02-27,149.64,2.97,17.66,13.62,11.97,1.0,4443205,3129007,2972704,52.31,11.1,-7.08,P+V+,P+V+,P+V-,🚀 健康多頭,27.2,30.68,0.887,56,43,43,49.5,,,,,,,,,,,,,,,,,,,,,,,,,,,,43,23,23,,23,剛爆發,,False,False
NSC,Industrials,Norfolk Southern,2026-02-27,312.15,8.55,11.66,11.61,10.86,1.0,1399975,1255658,1416250,30.64,-20.37,-14.13,P+V+,P+V-,P+V-,➡️ 中性,21.72,22.54,0.964,30,53,47,40.3,,,,,,,,,,,,,,,,,,,,,,,,,,,,44,23,23,,23,剛爆發,,False,False
AOS,Industrials,A. O. Smith,2026-02-27,77.09,6.14,22.29,7.07,10.64,1.0,1341550,1327469,1241155,-3.46,14.95,-20.71,P+V-,P+V+,P+V-,⚠️ 量能背離,12.68,24.25,0.523,44,33,52,42.3,,,,,,,,,,,,,,,,,,,,,,,,,,,,45,23,23,,23,剛爆發,,False,False
TT,Industrials,Trane Technologies,2026-02-27,459.08,9.92,12.78,9.26,10.3,1.0,1508090,1565469,1430623,-25.91,20.81,-0.76,P+V-,P+V+,P+V-,⚠️ 量能背離,24.65,29.85,0.826,26,52,48,38.2,,,,,,,,,,,,,,,,,,,,,,,,,,,,46,23,23,,23,剛爆發,,False,False
ETN,Industrials,Eaton Corporation,2026-02-27,372.8,6.97,13.77,8.44,9.41,1.0,3126550,2973503,2676806,8.26,24.93,-8.82,P+V+,P+V+,P+V-,🚀 健康多頭,23.61,33.45,0.706,37,50,50,43.5,,,,,,,,,,,,,,,,,,,,,,,,,,,,47,23,23,,23,剛爆發,,False,False
ROK,Industrials,Rockwell Automation,2026-02-27,404.95,-3.03,6.37,16.85,9.26,0.667,1359940,940815,894582,102.45,10.9,-7.22,P-V+,P+V+,P+V-,➡️ 中性,51.86,32.62,1.59,67,60,39,59.3,,,,,,,,,,,,,,,,,,,,,,,,,,,,48,23,23,,23,剛爆發,,False,False
FERG,Industrials,Ferguson Enterprises,2026-02-27,257.83,3.29,8.76,12.48,9.25,1.0,1568380,1419649,1630358,31.16,-22.89,-7.57,P+V+,P+V-,P+V-,➡️ 中性,48.78,34.26,1.424,55,56,46,53.5,,,,,,,,,,,,,,,,,,,,,,,,,,,,49,23,23,,23,剛爆發,,False,False
WM,Industrials,Waste Management,2026-02-27,238.85,8.37,14.13,6.9,9.07,1.0,2411305,2093500,1951076,11.12,15.75,12.25,P+V+,P+V+,P+V+,⭐⭐⭐ 完美多頭,-1.38,18.64,-0.074,32,49,53,41.3,,,,,,,,,,,,,,,,,,,,,,,,,,,,50,23,23,,23,剛爆發,,False,False
EXPD,Industrials,Expeditors International,2026-02-27,144.29,-9.66,1.06,21.47,8.59,0.667,2098255,1544196,1434003,58.69,16.65,-1.14,P-V+,P+V+,P+V-,➡️ 中性,39.66,31.42,1.262,80,67,31,66.3,,,,,,,,,,,,,,,,,,,,,,,,,,,,51,23,23,,23,剛爆發,,False,False
GD,Industrials,General Dynamics,2026-02-27,353.84,1.7,6.03,12.66,8.26,1.0,1315705,1311590,1189513,-14.19,22.87,-14.05,P+V-,P+V+,P+V-,⚠️ 量能背離,41.76,24.11,1.732,59,61,44,56.6,,,,,,,,,,,,,,,,,,,,,,,,,,,,52,23,23,,23,剛爆發,,False,False
LII,Industrials,Lennox International,2026-02-27,566.91,15.12,22.85,-3.22,7.88,0.667,527005,478770,464640,8.31,6.27,13.38,P+V+,P+V+,P-V+,🚀 健康多頭,-16.83,31.04,-0.542,12,31,61,27.5,-5.74,2.02,False,True,517.38,7.51,1.06,False,682.27,689.44,-16.91,1.59,14.88,12.0,8.0,539233.0,508662.0,1.5,928800.0,471360.0,506353.0,1.834,100.0,62.61,擴散,頭頭高·底底低,,53,1,1,21.8,22,剛爆發,,False,False
OTIS,Industrials,Otis Worldwide,2026-02-27,91.45,8.86,6.93,5.46,6.68,1.0,4352010,3325844,2952161,35.17,28.98,-0.41,P+V+,P+V+,P+V-,🚀 健康多頭,-9.91,22.57,-0.439,28,58,56,42.6,,,,,,,,,,,,,,,,,,,,,,,,,,,,54,23,23,,23,剛爆發,,False,False
CARR,Industrials,Carrier Global,2026-02-27,63.94,8.09,24.98,-4.17,6.18,0.667,7956135,7799543,7008049,3.85,25.46,35.38,P+V+,P+V+,P-V+,🚀 健康多頭,-5.35,36.25,-0.148,33,26,63,36.9,,,,,,,,,,,,,,,,,,,,,,,,,,,,55,23,23,,23,剛爆發,,False,False
DAL,Industrials,Delta Air Lines,2026-02-27,65.36,-0.02,8.58,7.12,5.7,0.667,8483110,8001547,8157512,5.54,-3.75,-27.41,P-V+,P+V-,P+V-,➡️ 中性,12.43,47.29,0.263,63,57,51,58.8,,,,,,,,,,,,,,,,,,,,,,,,,,,,56,23,23,,23,剛爆發,,False,False
BA,Industrials,Boeing,2026-02-27,227.53,-2.65,27.03,-1.13,5.53,0.333,5875315,7759904,7889412,-35.16,-3.23,-7.29,P-V-,P+V-,P-V-,➡️ 中性,34.64,47.05,0.736,66,21,58,50.9,,,,,,,,,,,,,,,,,,,,,,,,,,,,57,23,23,,23,剛爆發,,False,False
UAL,Industrials,United Airlines Holdings,2026-02-27,106.3,3.89,11.17,3.22,5.38,1.0,5912195,5318241,5638043,18.81,-10.74,-32.19,P+V+,P+V-,P+V-,➡️ 中性,12.77,48.57,0.263,51,54,57,53.1,,,,,,,,,,,,,,,,,,,,,,,,,,,,58,23,23,,23,剛爆發,,False,False
MMM,Industrials,3M,2026-02-27,163.75,8.42,-2.06,5.56,4.37,0.667,4152695,3525666,3242563,1.51,19.13,-14.35,P+V+,P-V+,P+V-,➡️ 中性,5.34,30.7,0.174,31,71,55,47.8,,,,,,,,,,,,,,,,,,,,,,,,,,,,59,23,23,,23,剛爆發,,False,False
MAS,Industrials,Masco,2026-02-27,70.97,8.83,16.5,-4.36,4.15,0.667,3104925,2601793,2442513,40.39,13.95,5.74,P+V+,P+V+,P-V+,🚀 健康多頭,-9.99,32.02,-0.312,29,47,64,41.4,,,,,,,,,,,,,,,,,,,,,,,,,,,,60,23,23,,23,剛爆發,,False,False
RSG,Industrials,Republic Services,2026-02-27,227.69,6.47,6.75,-1.71,2.45,0.667,1598210,1503293,1414716,14.99,13.36,3.68,P+V+,P+V+,P-V+,🚀 健康多頭,-6.74,18.06,-0.373,40,59,60,49.7,,,,,,,,,,,,,,,,,,,,,,,,,,,,61,23,23,,23,剛爆發,,False,False
ROL,Industrials,"Rollins, Inc.",2026-02-27,60.39,-3.58,1.59,5.65,2.33,0.667,4065160,2843310,2531110,86.87,28.14,34.45,P-V+,P+V+,P+V+,⚠️ 中期出貨,23.72,22.37,1.06,68,66,54,64.6,,,,,,,,,,,,,,,,,,,,,,,,,,,,62,23,23,,23,剛爆發,,False,False
FAST,Industrials,Fastenal,2026-02-27,45.55,6.18,16.94,-7.65,1.95,0.667,8649790,8240693,7355014,-8.07,27.38,9.69,P+V-,P+V+,P-V+,➡️ 中性,19.4,29.71,0.653,43,45,68,48.6,,,,,,,,,,,,,,,,,,,,,,,,,,,,63,23,23,,23,剛爆發,,False,False
CTAS,Industrials,Cintas,2026-02-27,200.06,5.33,10.67,-6.27,0.87,0.667,1989090,1898764,2064786,19.37,-14.88,23.6,P+V+,P+V-,P-V+,➡️ 中性,-6.16,20.35,-0.303,48,55,65,53.5,,,,,,,,,,,,,,,,,,,,,,,,,,,,64,23,23,,23,剛爆發,,False,False
J,Industrials,Jacobs Solutions,2026-02-27,137.09,2.19,4.28,-6.69,-1.73,0.667,1172185,993464,989886,73.79,0.73,18.7,P+V+,P+V+,P-V+,🚀 健康多頭,9.56,28.46,0.336,58,62,67,61.0,,,,,,,,,,,,,,,,,,,,,,,,,,,,65,23,23,,23,剛爆發,,False,False
URI,Industrials,United Rentals,2026-02-27,836.82,7.65,3.81,-9.28,-1.77,0.667,733350,696816,620746,4.91,27.93,-3.26,P+V+,P+V+,P-V-,✨ 反彈初期,25.12,42.95,0.585,35,63,71,50.6,,,,,,,,,,,,,,,,,,,,,,,,,,,,66,23,23,,23,剛爆發,,False,False
TDG,Industrials,TransDigm Group,2026-02-27,1302.79,-8.74,-2.47,-1.14,-3.37,0.0,439470,356393,338616,30.03,11.08,13.51,P-V+,P-V+,P-V+,📉 主力出貨,12.62,26.16,0.482,77,73,59,72.2,,,,,,,,,,,,,,,,,,,,,,,,,,,,67,23,23,,23,剛爆發,,False,False
ALLE,Industrials,Allegion,2026-02-27,159.88,-2.56,-0.7,-6.44,-4.04,0.0,981315,887133,861770,16.93,6.06,-15.42,P-V+,P-V+,P-V-,➡️ 中性,30.11,26.34,1.143,65,70,66,66.7,,,,,,,,,,,,,,,,,,,,,,,,,,,,68,23,23,,23,剛爆發,,False,False
LDOS,Industrials,Leidos,2026-02-27,174.05,-7.0,-6.06,-3.22,-4.88,0.0,1242745,977167,884887,34.77,23.29,-34.18,P-V+,P-V+,P-V-,➡️ 中性,45.83,27.22,1.684,76,76,61,73.0,,,,,,,,,,,,,,,,,,,,,,,,,,,,69,23,23,,23,剛爆發,,False,False
VLTO,Industrials,Veralto,2026-02-27,97.14,-1.57,-0.6,-10.53,-5.81,0.0,2700745,1953075,1683723,108.1,38.09,24.08,P-V+,P-V+,P-V+,📉 主力出貨,-0.04,21.52,-0.002,64,69,72,67.1,,,,,,,,,,,,,,,,,,,,,,,,,,,,70,23,23,,23,剛爆發,,False,False
PNR,Industrials,Pentair,2026-02-27,98.46,-5.87,-4.49,-8.23,-6.7,0.0,2172035,1621173,1398464,27.81,37.88,-12.69,P-V+,P-V+,P-V-,➡️ 中性,15.07,26.06,0.579,74,74,69,73.0,,,,,,,,,,,,,,,,,,,,,,,,,,,,71,23,23,,23,剛爆發,,False,False
XYL,Industrials,Xylem Inc.,2026-02-27,128.56,-5.71,-8.08,-9.05,-7.97,0.0,2203330,1600267,1417959,61.47,29.51,-4.81,P-V+,P-V+,P-V-,➡️ 中性,8.04,25.3,0.318,72,77,70,73.1,,,,,,,,,,,,,,,,,,,,,,,,,,,,72,23,23,,23,剛爆發,,False,False
EFX,Industrials,Equifax,2026-02-27,207.08,3.75,-0.31,-17.7,-7.99,0.333,2290575,1771489,1501133,38.5,43.93,42.39,P+V+,P-V+,P-V+,➡️ 中性,-15.39,29.69,-0.518,53,68,73,61.5,,,,,,,,,,,,,,,,,,,,,,,,,,,,73,23,23,,23,剛爆發,,False,False
AXON,Industrials,Axon Enterprise,2026-02-27,542.4,12.16,3.39,-29.21,-10.72,0.667,1436975,965361,840188,105.38,35.01,13.28,P+V+,P+V+,P-V+,🚀 健康多頭,-3.02,60.5,-0.05,19,65,79,44.8,,,,,,,,,,,,,,,,,,,,,,,,,,,,74,23,23,,23,剛爆發,,False,False
CPRT,Industrials,Copart,2026-02-27,38.09,-6.14,-2.11,-22.2,-13.16,0.0,11125805,9215749,8486953,36.76,18.79,36.44,P-V+,P-V+,P-V+,📉 主力出貨,-27.07,27.06,-1.0,75,72,75,74.1,,,,,,,,,,,,,,,,,,,,,,,,,,,,75,23,23,,23,剛爆發,,False,False
VRSK,Industrials,Verisk Analytics,2026-02-27,206.48,-4.55,-5.39,-23.13,-14.05,0.0,2943925,1779373,1589298,140.79,27.17,65.49,P-V+,P-V+,P-V+,📉 主力出貨,-24.83,26.87,-0.924,69,75,76,72.2,,,,,,,,,,,,,,,,,,,,,,,,,,,,76,23,23,,23,剛爆發,,False,False
UBER,Industrials,Uber,2026-02-27,75.42,-5.78,-9.88,-22.08,-14.96,0.0,24889465,20682626,19049492,34.58,18.75,-5.03,P-V+,P-V+,P-V-,➡️ 中性,10.09,35.99,0.28,73,78,74,74.7,,,,,,,,,,,,,,,,,,,,,,,,,,,,77,23,23,,23,剛爆發,,False,False
BLDR,Industrials,Builders FirstSource,2026-02-27,104.29,-8.84,3.74,-27.8,-15.18,0.333,2394250,2026747,2051942,17.85,-2.43,-0.52,P-V+,P+V-,P-V-,➡️ 中性,-17.19,49.73,-0.346,78,64,77,73.6,,,,,,,,,,,,,,,,,,,,,,,,,,,,78,23,23,,23,剛爆發,,False,False
BR,Industrials,Broadridge Financial Solutions,2026-02-27,182.49,-5.7,-17.49,-28.53,-20.06,0.0,1713430,1024384,851930,118.82,50.76,37.81,P-V+,P-V+,P-V+,📉 主力出貨,-16.16,23.63,-0.684,71,81,78,75.4,,,,,,,,,,,,,,,,,,,,,,,,,,,,79,23,23,,23,剛爆發,,False,False
ADP,Industrials,Automatic Data Processing,2026-02-27,211.0,-13.15,-13.74,-29.58,-21.51,0.0,4142180,2925250,2424531,83.06,52.05,38.36,P-V+,P-V+,P-V+,📉 主力出貨,-19.23,22.31,-0.862,81,79,80,80.2,,,,,,,,,,,,,,,,,,,,,,,,,,,,80,23,23,,23,剛爆發,,False,False
PAYX,Industrials,Paychex,2026-02-27,91.51,-9.19,-13.91,-32.15,-21.85,0.0,4567990,3771555,3332897,46.23,30.31,48.84,P-V+,P-V+,P-V+,📉 主力出貨,-28.85,24.6,-1.173,79,80,81,79.7,,,,,,,,,,,,,,,,,,,,,,,,,,,,81,23,23,,23,剛爆發,,False,False
SNDK,Information Technology,Sandisk,2026-02-27,635.36,10.26,179.94,1270.2,682.65,1.0,23393195,16058949,12624210,46.68,74.75,275.81,P+V+,P+V+,P+V+,⭐⭐⭐ 完美多頭,1094.2,98.48,11.111,15,1,1,8.0,74.97,36.89,False,True,457.0,18.54,1.116,False,725.0,725.0,-12.36,-2.25,17.81,11.0,9.0,24543136.0,21987711.0,1.222,18208200.0,21390390.0,20681313.0,0.88,97.66,60.16,收斂,頭頭低·底底高,多轉空預警,1,10,19,8.2,8,吃老本,🔥 追高風險,False,True
LITE,Information Technology,Lumentum,2026-02-27,700.91,78.88,134.14,487.32,296.91,1.0,5853610,4654680,4388010,37.32,12.94,67.36,P+V+,P+V+,P+V+,⭐⭐⭐ 完美多頭,447.89,83.23,5.381,1,2,2,1.5,18.56,7.04,False,True,448.61,36.32,1.356,False,765.0,765.0,-8.38,4.96,83.75,16.0,4.0,6178025.0,4555950.0,4.0,8912200.0,4920310.0,5016466.0,1.777,100.0,73.72,多頭,頭頭高·底底高,多頭確認,2,1,3,1.8,1,,🔥 追高風險,True,True
CIEN,Information Technology,Ciena,2026-02-27,348.7,38.48,79.1,288.26,173.53,1.0,4461555,3352201,3111603,88.98,16.76,40.77,P+V+,P+V+,P+V+,⭐⭐⭐ 完美多頭,224.91,57.73,3.896,4,7,3,4.7,18.24,27.56,False,True,263.1,29.05,1.657,False,365.9,365.9,-4.7,4.11,37.54,12.0,8.0,5302350.0,3200362.0,1.5,3083000.0,2492320.0,4758020.0,0.648,100.0,72.52,收斂,頭頭低·底底高,多轉空預警 / 多頭確認,3,1,21,5.8,4,,🔥 追高風險,True,True
WDC,Information Technology,Western Digital,2026-02-27,279.49,11.78,85.47,264.1,156.36,1.0,11471680,9252660,9489756,22.29,-4.88,23.81,P+V+,P+V-,P+V+,➡️ 中性,479.83,58.14,8.254,11,4,4,7.5,10.47,12.93,False,True,235.24,15.32,0.994,False,309.67,309.9,-9.75,-2.04,0.46,10.0,10.0,11437920.0,11505440.0,1.0,9899000.0,9734780.0,10058740.0,0.984,81.86,55.18,多頭,頭頭高·底底高,,4,15,16,10.8,10,吃老本,🔥 追高風險,True,True
MU,Information Technology,Micron Technology,2026-02-27,412.13,-0.6,84.23,250.78,146.29,0.667,36134735,32033809,28870400,0.87,24.61,26.35,P-V+,P+V+,P+V+,⚠️ 中期出貨,376.17,62.7,5.999,34,5,5,19.5,20.58,5.94,False,True,361.26,10.59,1.049,False,455.24,455.5,-9.47,-3.69,-5.37,8.0,12.0,37184825.0,35434675.0,0.667,28653900.0,29640940.0,32944193.0,0.87,73.66,54.99,收斂,頭頭低·底底高,多轉空預警,5,18,20,13.2,15,吃老本,🔥 追高風險,False,True
TER,Information Technology,Teradyne,2026-02-27,319.79,32.82,92.9,178.17,120.52,1.0,4229125,3285278,3523244,53.77,-12.65,-3.81,P+V+,P+V-,P+V-,➡️ 中性,132.24,57.29,2.308,5,3,7,4.8,30.11,7.45,False,True,250.99,13.83,1.035,False,344.66,344.92,-7.22,-1.48,27.11,12.0,8.0,4287016.0,4142287.0,1.5,4426300.0,2945100.0,3428166.0,1.291,100.0,61.68,多頭,頭頭高·底底高,,6,1,8,4.4,3,,🔥 追高風險,True,True
COHR,Information Technology,Coherent Corp.,2026-02-27,258.93,22.03,70.56,188.02,117.16,1.0,6983295,5126675,4588685,60.3,26.56,20.47,P+V+,P+V+,P+V+,⭐⭐⭐ 完美多頭,188.12,70.19,2.68,7,9,6,7.4,6.82,11.27,False,True,207.71,29.69,0.693,False,276.5,276.5,-6.35,4.33,19.95,13.0,7.0,6046330.0,8723371.0,1.857,15226100.0,6181500.0,6280113.0,2.424,100.0,64.22,多頭,頭頭高·底底高,空轉多預警 / 多頭確認,7,1,2,3.6,2,剛爆發,🔥 追高風險,True,True
GLW,Information Technology,Corning Inc.,2026-02-27,149.87,45.92,82.4,130.79,97.47,1.0,12867715,8459861,8236820,76.27,5.57,47.61,P+V+,P+V+,P+V+,⭐⭐⭐ 完美多頭,114.2,40.84,2.796,2,6,10,4.8,2.08,0.8,False,True,106.56,26.2,1.016,False,161.25,162.1,-7.06,7.99,46.27,14.0,6.0,12930307.0,12721666.0,2.333,14555400.0,13518110.0,13203626.0,1.102,100.0,70.68,空頭,頭頭低·底底低,多轉空預警 / 多頭確認,8,1,11,5.8,4,剛爆發,🔥 追高風險,True,True
STX,Information Technology,Seagate Technology,2026-02-27,406.84,0.04,61.38,157.65,94.18,1.0,4208025,4164564,4336766,-7.99,-7.64,7.87,P+V-,P+V-,P+V+,⚠️ 頂部背離,352.21,52.9,6.657,31,11,8,20.4,9.58,8.76,False,True,355.85,10.11,1.012,False,458.71,459.84,-11.31,-0.8,-8.67,8.0,12.0,4239275.0,4187191.0,0.667,3605500.0,3163210.0,3369406.0,1.07,72.2,53.47,多頭,頭頭高·底底高,,9,19,14,14.0,16,吃老本,🔥 追高風險,False,True
AMAT,Information Technology,Applied Materials,2026-02-27,371.44,15.65,61.43,129.86,84.2,1.0,8853095,7569672,7930113,17.71,-8.7,3.28,P+V+,P+V-,P+V+,➡️ 中性,119.59,43.59,2.744,9,10,11,9.7,7.89,3.65,False,True,312.6,13.09,0.915,False,395.04,395.95,-5.97,-0.82,9.21,12.0,8.0,8537108.0,9327075.0,1.5,9041400.0,8639310.0,8393833.0,1.077,93.71,61.76,多頭,頭頭高·底底高,多頭確認,10,12,12,11.2,11,,🔥 追高風險,True,True
LRCX,Information Technology,Lam Research,2026-02-27,233.45,0.18,55.79,134.55,81.27,1.0,11104840,11591166,11499053,-17.84,1.62,-4.36,P+V-,P+V+,P+V-,⚠️ 量能背離,228.79,47.38,4.829,30,12,9,20.4,8.7,3.27,False,True,213.46,11.57,0.857,False,256.19,256.68,-8.88,-4.5,-5.75,10.0,10.0,10252580.0,11957100.0,1.0,12988900.0,9445440.0,9760486.0,1.331,74.75,52.49,多頭,頭頭高·底底高,,11,17,6,12.4,13,吃老本,🔥 追高風險,True,True
KEYS,Information Technology,Keysight Technologies,2026-02-27,307.33,42.07,72.98,84.17,70.85,1.0,1796700,1355869,1230983,79.54,22.58,21.02,P+V+,P+V+,P+V+,⭐⭐⭐ 完美多頭,39.8,34.75,1.145,3,8,12,6.3,8.75,3.01,False,True,224.35,31.46,1.68,False,311.81,311.81,-1.44,26.19,38.96,14.0,6.0,2044942.0,1217466.0,2.333,2998000.0,2410830.0,1987946.0,1.508,100.0,88.27,收斂,頭頭低·底底高,多轉空預警 / 多頭確認,12,1,5,6.2,6,剛爆發,🔥 追高風險,True,True
INTC,Information Technology,Intel,2026-02-27,45.61,-1.85,27.44,83.91,48.35,0.667,91728860,101682607,107026489,-36.35,-9.51,4.74,P-V-,P+V-,P+V+,➡️ 中性,110.74,66.76,1.659,39,22,13,28.7,81.51,3162.41,False,True,44.22,10.57,1.086,False,54.6,54.6,-16.47,3.4,-6.27,8.0,12.0,96310787.0,88674241.0,0.667,79327200.0,74675040.0,83535153.0,0.95,76.61,48.98,收斂,頭頭低·底底高,多轉空預警,13,16,18,15.2,17,,,False,True
KLAC,Information Technology,KLA Corporation,2026-02-27,152.09,6.9,34.29,75.7,48.15,1.0,11904350,10458753,10339830,3.08,2.33,-10.52,P+V+,P+V+,P+V-,🚀 健康多頭,142.47,43.7,3.261,18,18,14,17.2,0.59,2.24,False,True,140.98,10.0,0.674,False,168.71,169.34,-9.85,1.91,-9.39,10.0,10.0,9586000.0,14222700.0,1.0,11069000.0,8280000.0,9650266.0,1.147,71.92,57.59,多頭,頭頭高·底底高,,14,20,10,15.6,19,吃老本,,False,True
ADI,Information Technology,Analog Devices,2026-02-27,352.64,14.45,49.14,42.13,36.96,1.0,4834350,4124163,3710818,37.36,25.07,-10.0,P+V+,P+V+,P+V-,🚀 健康多頭,44.72,37.42,1.195,10,13,15,11.9,6.55,1.13,False,True,305.98,9.92,0.909,False,359.98,363.2,-2.04,0.21,11.64,14.0,6.0,4693821.0,5162250.0,2.333,6109500.0,4977940.0,4716760.0,1.295,100.0,71.81,多頭,頭頭高·底底高,多頭確認,15,1,7,7.8,7,剛爆發,🚀 暴漲中,True,True
ON,Information Technology,ON Semiconductor,2026-02-27,66.48,11.0,40.28,28.22,26.93,1.0,10074270,9233895,8894826,15.39,7.93,-11.89,P+V+,P+V+,P+V-,🚀 健康多頭,31.28,51.46,0.608,14,15,18,15.1,2.55,6.63,False,True,62.08,11.78,1.043,False,73.76,73.76,-9.87,-3.81,6.88,10.0,10.0,10288400.0,9860140.0,1.0,9310400.0,7316090.0,9581353.0,0.972,85.87,51.05,多頭,頭頭高·底底高,空頭確認,16,14,17,15.4,18,,🚀 暴漲中,True,True
MPWR,Information Technology,Monolithic Power Systems,2026-02-27,1138.72,1.65,28.19,35.86,25.39,1.0,703315,665358,626798,29.42,13.11,-19.74,P+V+,P+V+,P+V-,🚀 健康多頭,95.77,47.5,2.016,24,21,16,21.5,,,,,,,,,,,,,,,,,,,,,,,,,,,,17,22,22,,22,,,False,False
JBL,Information Technology,Jabil,2026-02-27,264.87,11.76,34.45,26.37,24.74,1.0,1096970,1205949,1284953,-3.61,-11.58,-10.49,P+V-,P+V-,P+V-,⚠️ 量能衰竭,58.46,45.27,1.291,12,17,20,15.1,4.36,11.69,False,True,243.52,12.63,0.838,False,281.25,281.37,-5.82,-2.25,8.67,13.0,7.0,1027415.0,1226142.0,1.857,1834300.0,1170840.0,1119053.0,1.639,96.82,56.05,多頭,頭頭高·底底高,多頭確認,18,11,4,12.4,13,剛爆發,,False,True
TDY,Information Technology,Teledyne Technologies,2026-02-27,681.1,9.8,38.34,23.6,23.83,1.0,367265,362615,339583,-15.85,14.55,-1.92,P+V-,P+V+,P+V-,⚠️ 量能背離,24.85,25.88,0.96,16,16,21,17.0,,,,,,,,,,,,,,,,,,,,,,,,,,,,19,22,22,,22,,,False,False
APH,Information Technology,Amphenol,2026-02-27,72.78,1.37,6.14,34.0,18.88,1.0,19901760,18574480,17795000,-9.26,9.16,3.56,P+V-,P+V+,P+V+,⚠️ 頂部背離,130.26,35.44,3.675,26,29,17,25.1,,,,,,,,,,,,,,,,,,,,,,,,,,,,20,22,22,,22,,,False,False
DELL,Information Technology,Dell Technologies,2026-02-27,147.38,29.4,16.91,14.08,18.61,1.0,9421780,7506924,7461205,32.96,1.23,8.43,P+V+,P+V+,P+V+,⭐⭐⭐ 完美多頭,11.93,49.57,0.241,6,24,26,15.4,10.74,4.55,False,True,120.75,29.42,1.166,False,166.56,168.08,-11.51,21.11,24.97,11.0,9.0,10068109.0,8631822.0,1.222,33475600.0,10438700.0,9380246.0,3.569,100.0,71.41,多頭,頭頭高·底底高,空轉多預警 / 多頭確認,21,1,1,9.0,9,剛爆發,🚀 暴漲中,True,True
AKAM,Information Technology,Akamai Technologies,2026-02-27,98.39,1.28,11.38,26.73,16.53,1.0,5064060,3783366,3019670,48.24,67.7,17.9,P+V+,P+V+,P+V+,⭐⭐⭐ 完美多頭,27.58,44.22,0.624,27,26,19,25.1,,,,,,,,,,,,,,,,,,,,,,,,,,,,22,22,22,,22,,,False,False
MCHP,Information Technology,Microchip Technology,2026-02-27,73.82,-1.11,46.5,9.57,16.13,0.667,9968865,9138069,8522700,11.46,15.56,-20.54,P-V+,P+V+,P+V-,➡️ 中性,42.25,59.59,0.709,36,14,29,28.0,2.75,4.93,False,True,72.15,10.7,0.984,False,81.96,83.35,-9.92,-3.41,-5.39,7.0,13.0,9867557.0,10023415.0,0.538,10302500.0,7370320.0,9583520.0,1.075,70.7,47.01,多頭,頭頭高·底底高,,23,21,13,20.2,20,,,False,True
MSI,Information Technology,Motorola Solutions,2026-02-27,479.55,19.8,31.37,4.99,15.29,1.0,1248540,1361841,1190727,6.38,33.56,24.47,P+V+,P+V+,P+V+,⭐⭐⭐ 完美多頭,-5.12,24.53,-0.209,8,20,31,16.2,5.44,5.45,False,True,406.05,7.35,1.077,False,486.73,492.22,-1.47,4.21,19.62,16.0,4.0,1266643.0,1176125.0,4.0,1461100.0,1174040.0,1268826.0,1.152,100.0,84.24,擴散,頭頭高·底底低,多頭確認,24,1,9,11.8,12,剛爆發,,False,True
FLEX,Information Technology,Flex Ltd.,2026-02-27,63.02,-0.03,10.66,21.38,13.35,0.667,4420235,5020758,4398513,42.56,32.96,4.35,P-V+,P+V+,P+V+,⚠️ 中期出貨,73.25,45.54,1.608,32,27,22,28.5,,,,,,,,,,,,,,,,,,,,,,,,,,,,25,22,22,,22,,,False,False
CSCO,Information Technology,Cisco,2026-02-27,78.74,1.46,4.78,19.38,11.25,1.0,29260300,22060423,21198305,59.36,8.48,-3.13,P+V+,P+V+,P+V-,🚀 健康多頭,25.9,28.02,0.924,25,31,23,26.4,,,,,,,,,,,,,,,,,,,,,,,,,,,,26,22,22,,22,,,False,False
TXN,Information Technology,Texas Instruments,2026-02-27,209.96,-1.6,32.39,4.53,9.97,0.667,8435415,7719026,7736500,0.63,-0.45,3.67,P-V+,P+V-,P+V+,⚠️ 中期出貨,17.31,41.02,0.422,38,19,32,31.1,,,,,,,,,,,,,,,,,,,,,,,,,,,,27,22,22,,22,,,False,False
TEL,Information Technology,TE Connectivity,2026-02-27,228.37,3.62,4.82,12.61,8.42,1.0,2360120,2096715,1953243,15.51,15.86,3.55,P+V+,P+V+,P+V+,⭐⭐⭐ 完美多頭,50.28,33.04,1.522,19,30,27,23.9,,,,,,,,,,,,,,,,,,,,,,,,,,,,28,22,22,,22,剛爆發,,False,False
AAPL,Information Technology,Apple Inc.,2026-02-27,263.71,1.91,-4.17,16.21,7.54,0.667,54068220,47992832,49465480,10.92,-5.78,-14.59,P+V+,P-V-,P+V-,➡️ 中性,9.21,36.92,0.25,22,39,25,27.7,,,,,,,,,,,,,,,,,,,,,,,,,,,,29,22,22,,22,剛爆發,,False,False
MRVL,Information Technology,Marvell Technology,2026-02-27,81.63,3.51,-2.44,12.06,6.3,0.667,13179450,15630364,18393587,-7.91,-26.12,-5.88,P+V-,P-V-,P+V-,⚠️ 量能背離,-6.89,54.83,-0.126,20,36,28,26.4,,,,,,,,,,,,,,,,,,,,,,,,,,,,30,22,22,,22,剛爆發,,False,False
AMD,Information Technology,Advanced Micro Devices,2026-02-27,200.21,-15.43,-6.9,19.34,4.09,0.333,43057695,36295664,47307090,16.81,-37.76,-1.51,P-V+,P-V-,P+V-,➡️ 中性,153.42,59.41,2.582,64,41,24,49.1,,,,,,,,,,,,,,,,,,,,,,,,,,,,31,22,22,,22,剛爆發,,False,False
NXPI,Information Technology,NXP Semiconductors,2026-02-27,225.07,0.38,19.04,-2.45,3.63,0.667,3287620,3001626,2727223,25.01,22.37,-12.26,P+V+,P+V+,P-V-,✨ 反彈初期,9.69,40.93,0.237,28,23,38,28.5,,,,,,,,,,,,,,,,,,,,,,,,,,,,32,22,22,,22,剛爆發,,False,False
ANET,Information Technology,Arista Networks,2026-02-27,133.5,-5.81,9.27,0.19,0.96,0.667,9267275,7697781,8319950,13.56,-13.92,-23.46,P-V+,P+V-,P+V-,➡️ 中性,61.79,51.04,1.211,50,28,34,40.2,,,,,,,,,,,,,,,,,,,,,,,,,,,,33,22,22,,22,剛爆發,,False,False
AVGO,Information Technology,Broadcom,2026-02-27,318.38,-3.55,-15.29,9.09,-0.17,0.333,24991590,30654192,27133344,-0.4,29.82,6.87,P-V-,P-V+,P+V+,➡️ 中性,68.72,48.98,1.403,44,53,30,43.9,,,,,,,,,,,,,,,,,,,,,,,,,,,,34,22,22,,22,剛爆發,,False,False
HPE,Information Technology,Hewlett Packard Enterprise,2026-02-27,21.27,-0.23,2.41,-3.28,-1.1,0.333,17878270,20352744,25688903,8.24,-34.4,31.09,P-V+,P+V-,P-V+,➡️ 中性,13.93,48.25,0.289,33,32,40,34.1,,,,,,,,,,,,,,,,,,,,,,,,,,,,35,22,22,,22,剛爆發,,False,False
FTNT,Information Technology,Fortinet,2026-02-27,79.03,-2.74,-0.93,-1.24,-1.54,0.0,7992820,6518660,6070842,27.79,15.93,4.39,P-V+,P-V+,P-V+,📉 主力出貨,-23.89,39.37,-0.607,42,34,37,38.6,,,,,,,,,,,,,,,,,,,,,,,,,,,,36,22,22,,22,剛爆發,,False,False
NVDA,Information Technology,Nvidia,2026-02-27,176.97,-7.29,-2.93,-0.44,-2.78,0.0,196246725,177688780,184723717,21.41,-7.34,-20.32,P-V+,P-V-,P-V-,➡️ 中性,60.27,41.52,1.451,54,38,35,45.4,,,,,,,,,,,,,,,,,,,,,,,,,,,,37,22,22,,22,剛爆發,,False,False
FFIV,Information Technology,"F5, Inc.",2026-02-27,271.36,-1.54,14.91,-14.46,-3.89,0.333,743550,1104858,957894,-37.17,36.25,83.54,P-V-,P+V+,P-V+,➡️ 中性,-2.9,32.58,-0.089,37,25,47,35.4,,,,,,,,,,,,,,,,,,,,,,,,,,,,38,22,22,,22,剛爆發,,False,False
FICO,Information Technology,Fair Isaac,2026-02-27,1409.36,-3.68,-19.38,-0.46,-6.0,0.0,336225,266526,288757,12.55,-14.3,4.65,P-V+,P-V-,P-V+,➡️ 中性,-18.21,49.28,-0.37,45,59,36,47.4,,,,,,,,,,,,,,,,,,,,,,,,,,,,39,22,22,,22,剛爆發,,False,False
NTAP,Information Technology,NetApp,2026-02-27,98.23,2.78,-8.67,-9.57,-6.26,0.333,2629745,2338912,2207120,7.47,12.7,1.37,P+V+,P-V+,P-V+,➡️ 中性,-15.11,38.33,-0.394,21,45,42,32.4,,,,,,,,,,,,,,,,,,,,,,,,,,,,40,22,22,,22,剛爆發,,False,False
CDNS,Information Technology,Cadence Design Systems,2026-02-27,301.4,1.7,-1.01,-13.79,-6.72,0.333,3398910,2206849,1997213,82.61,23.45,-7.88,P+V+,P-V+,P-V-,✨ 反彈初期,21.77,40.97,0.531,23,35,46,31.2,,,,,,,,,,,,,,,,,,,,,,,,,,,,41,22,22,,22,剛爆發,,False,False
SWKS,Information Technology,Skyworks Solutions,2026-02-27,59.07,8.14,-4.37,-20.36,-9.24,0.333,3855975,3441047,3186264,-10.16,17.38,-7.55,P+V-,P-V+,P-V-,➡️ 中性,-10.28,41.82,-0.246,17,40,54,31.3,,,,,,,,,,,,,,,,,,,,,,,,,,,,42,22,22,,22,剛爆發,,False,False
QCOM,Information Technology,Qualcomm,2026-02-27,140.17,-6.09,-13.31,-8.93,-9.31,0.0,11888005,9409872,9601135,30.86,-3.91,12.71,P-V+,P-V-,P-V+,➡️ 中性,0.77,36.75,0.021,51,48,41,48.1,,,,,,,,,,,,,,,,,,,,,,,,,,,,43,22,22,,22,剛爆發,,False,False
IBM,Information Technology,IBM,2026-02-27,236.76,-21.23,-20.56,0.34,-10.28,0.333,7473435,5044401,5179661,64.86,-5.09,9.55,P-V+,P-V-,P+V+,⚠️ 中期出貨,24.44,32.83,0.745,70,61,33,59.9,,,,,,,,,,,,,,,,,,,,,,,,,,,,44,22,22,,22,剛爆發,,False,False
FSLR,Information Technology,First Solar,2026-02-27,197.2,-12.56,-24.11,-2.51,-10.42,0.0,3012170,2396476,2340678,23.18,4.88,-44.75,P-V+,P-V+,P-V-,➡️ 中性,58.67,69.09,0.849,61,64,39,57.5,,,,,,,,,,,,,,,,,,,,,,,,,,,,45,22,22,,22,剛爆發,,False,False
SMCI,Information Technology,Supermicro,2026-02-27,32.39,11.27,-2.79,-26.19,-10.97,0.333,34021620,28211413,28928273,5.65,-4.84,-48.43,P+V+,P-V-,P-V-,🌱 底部剛翻多,-29.87,72.6,-0.411,13,37,58,29.2,41.43,-10.08,False,True,30.95,14.32,1.367,False,62.47,62.47,-48.15,-0.09,7.54,9.0,11.0,39920555.0,29195218.0,0.818,27204800.0,25475540.0,27409313.0,0.993,90.69,52.63,多頭,頭頭高·底底高,,46,13,15,26.6,21,剛爆發,,False,True
VRSN,Information Technology,Verisign,2026-02-27,226.67,-6.32,-8.33,-14.86,-11.09,0.0,984070,799984,838716,63.25,-8.83,-7.27,P-V+,P-V-,P-V-,➡️ 中性,4.81,28.54,0.169,52,44,49,49.0,,,,,,,,,,,,,,,,,,,,,,,,,,,,47,22,22,,22,剛爆發,,False,False
ADSK,Information Technology,Autodesk,2026-02-27,245.87,-2.77,-15.17,-15.28,-12.13,0.0,2666085,2061409,1752391,35.23,42.82,6.31,P-V+,P-V+,P-V+,📉 主力出貨,-9.45,30.97,-0.305,43,52,50,47.1,,,,,,,,,,,,,,,,,,,,,,,,,,,,48,22,22,,22,剛爆發,,False,False
PLTR,Information Technology,Palantir Technologies,2026-02-27,137.19,-6.41,-15.45,-13.58,-12.25,0.0,62723205,44657601,51625610,63.7,-23.78,-45.1,P-V+,P-V-,P-V-,➡️ 中性,79.14,66.01,1.199,53,55,45,52.0,,,,,,,,,,,,,,,,,,,,,,,,,,,,49,22,22,,22,剛爆發,,False,False
TRMB,Information Technology,Trimble Inc.,2026-02-27,66.87,-1.08,-15.42,-19.02,-13.64,0.0,2419105,1820612,1573740,23.99,37.21,-5.01,P-V+,P-V+,P-V-,➡️ 中性,-3.27,31.73,-0.103,35,54,51,43.9,,,,,,,,,,,,,,,,,,,,,,,,,,,,50,22,22,,22,剛爆發,,False,False
CTSH,Information Technology,Cognizant,2026-02-27,63.61,-21.08,-13.56,-10.13,-13.73,0.0,9448795,6084520,5275026,111.87,36.26,31.42,P-V+,P-V+,P-V+,📉 主力出貨,-0.59,31.21,-0.019,69,49,43,57.8,,,,,,,,,,,,,,,,,,,,,,,,,,,,51,22,22,,22,剛爆發,,False,False
PTC,Information Technology,PTC Inc.,2026-02-27,156.59,0.29,-7.97,-27.18,-15.51,0.333,1430400,1033998,933150,65.45,24.23,-11.86,P+V+,P-V+,P-V-,✨ 反彈初期,-5.7,26.9,-0.212,29,43,59,39.2,,,,,,,,,,,,,,,,,,,,,,,,,,,,52,22,22,,22,剛爆發,,False,False
CRM,Information Technology,Salesforce,2026-02-27,193.8,-8.24,-13.98,-21.28,-16.2,0.0,15563705,10830375,9848927,68.48,22.14,32.14,P-V+,P-V+,P-V+,📉 主力出貨,-26.93,33.97,-0.793,56,50,55,54.0,,,,,,,,,,,,,,,,,,,,,,,,,,,,53,22,22,,22,剛爆發,,False,False
CRWD,Information Technology,CrowdStrike,2026-02-27,93.0,-15.73,-26.61,-11.55,-16.36,0.0,19293260,12865120,12195550,75.3,11.62,-19.81,P-V+,P-V+,P-V-,➡️ 中性,16.93,51.5,0.329,65,65,44,60.8,,,,,,,,,,,,,,,,,,,,,,,,,,,,54,22,22,,22,剛爆發,,False,False
CDW,Information Technology,CDW Corporation,2026-02-27,121.34,-2.48,-12.76,-25.58,-16.6,0.0,2066925,1776012,1625312,39.29,20.44,24.56,P-V+,P-V+,P-V+,📉 主力出貨,-29.24,33.79,-0.865,41,46,57,45.7,,,,,,,,,,,,,,,,,,,,,,,,,,,,55,22,22,,22,剛爆發,,False,False
MSFT,Information Technology,Microsoft,2026-02-27,391.15,-8.52,-16.95,-22.25,-17.49,0.0,42941205,32052538,26814501,33.96,48.55,20.18,P-V+,P-V+,P-V+,📉 主力出貨,11.03,25.77,0.428,57,56,56,56.5,,,,,,,,,,,,,,,,,,,,,,,,,,,,56,22,22,,22,剛爆發,,False,False
DDOG,Information Technology,Datadog,2026-02-27,111.96,-13.42,-29.34,-14.68,-18.03,0.0,7308915,5400770,5017303,27.36,16.55,-18.1,P-V+,P-V+,P-V-,➡️ 中性,12.9,58.82,0.219,63,67,48,61.2,,,,,,,,,,,,,,,,,,,,,,,,,,,,57,22,22,,22,剛爆發,,False,False
SNPS,Information Technology,Synopsys,2026-02-27,414.0,-10.99,2.32,-31.74,-18.04,0.333,2772590,2237544,2579070,57.28,-23.39,69.83,P-V+,P+V-,P-V+,➡️ 中性,5.56,57.09,0.097,59,33,64,52.2,,,,,,,,,,,,,,,,,,,,,,,,,,,,58,22,22,,22,剛爆發,,False,False
ZBRA,Information Technology,Zebra Technologies,2026-02-27,223.96,-4.69,-7.63,-30.62,-18.39,0.0,941660,700313,667246,50.71,10.43,10.47,P-V+,P-V+,P-V+,📉 主力出貨,-23.49,46.73,-0.503,47,42,63,48.7,,,,,,,,,,,,,,,,,,,,,,,,,,,,59,22,22,,22,剛爆發,,False,False
ACN,Information Technology,Accenture,2026-02-27,204.51,-20.83,-14.33,-19.48,-18.53,0.0,7553845,5191550,4874191,72.31,13.93,30.23,P-V+,P-V+,P-V+,📉 主力出貨,-26.07,30.81,-0.846,68,51,52,59.7,,,,,,,,,,,,,,,,,,,,,,,,,,,,60,22,22,,22,剛爆發,,False,False
GEN,Information Technology,Gen Digital,2026-02-27,22.35,-5.42,-13.23,-27.81,-18.57,0.0,7771630,5610923,4844049,68.84,37.62,11.66,P-V+,P-V+,P-V+,📉 主力出貨,-11.24,27.8,-0.404,48,47,61,50.3,,,,,,,,,,,,,,,,,,,,,,,,,,,,61,22,22,,22,剛爆發,,False,False
PANW,Information Technology,Palo Alto Networks,2026-02-27,148.92,-15.85,-19.02,-19.88,-18.66,0.0,17133500,9446144,7470923,173.26,71.88,13.85,P-V+,P-V+,P-V+,📉 主力出貨,-6.03,40.99,-0.147,66,58,53,61.0,,,,,,,,,,,,,,,,,,,,,,,,,,,,62,22,22,,22,剛爆發,,False,False
ADBE,Information Technology,Adobe Inc.,2026-02-27,262.41,-10.52,-17.67,-27.53,-20.81,0.0,6249375,5053843,4665047,29.03,18.18,22.93,P-V+,P-V+,P-V+,📉 主力出貨,-33.29,29.11,-1.143,58,57,60,58.1,,,,,,,,,,,,,,,,,,,,,,,,,,,,63,22,22,,22,剛爆發,,False,False
HPQ,Information Technology,HP Inc.,2026-02-27,18.46,-2.31,-21.18,-30.03,-20.89,0.0,23017650,17479958,14468523,33.73,52.57,65.27,P-V+,P-V+,P-V+,📉 主力出貨,-38.88,36.23,-1.073,40,62,62,51.0,,,,,,,,,,,,,,,,,,,,,,,,,,,,64,22,22,,22,剛爆發,,False,False
ROP,Information Technology,Roper Technologies,2026-02-27,347.97,-5.79,-20.29,-34.61,-23.83,0.0,2181900,1511006,1241693,50.25,55.39,100.84,P-V+,P-V+,P-V+,📉 主力出貨,-35.82,23.78,-1.507,49,60,65,55.5,,,,,,,,,,,,,,,,,,,,,,,,,,,,65,22,22,,22,剛爆發,,False,False
TYL,Information Technology,Tyler Technologies,2026-02-27,354.69,-3.98,-21.71,-36.79,-24.82,0.0,1086635,597543,481139,193.88,63.83,57.65,P-V+,P-V+,P-V+,📉 主力出貨,-37.23,29.74,-1.252,46,63,66,55.1,,,,,,,,,,,,,,,,,,,,,,,,,,,,66,22,22,,22,剛爆發,,False,False
ORCL,Information Technology,Oracle Corporation,2026-02-27,144.39,-11.65,-27.21,-38.22,-28.82,0.0,30302305,28319646,26925404,33.79,10.92,127.66,P-V+,P-V+,P-V+,📉 主力出貨,3.62,60.83,0.059,60,66,69,63.6,,,,,,,,,,,,,,,,,,,,,,,,,,,,67,22,22,,22,剛爆發,,False,False
NOW,Information Technology,ServiceNow,2026-02-27,108.01,-7.69,-33.8,-39.1,-29.92,0.0,24428280,15760404,11516760,62.29,116.69,32.93,P-V+,P-V+,P-V+,📉 主力出貨,-36.63,44.81,-0.817,55,70,70,62.5,,,,,,,,,,,,,,,,,,,,,,,,,,,,68,22,22,,22,剛爆發,,False,False
GDDY,Information Technology,GoDaddy,2026-02-27,87.16,-13.29,-30.43,-40.74,-31.3,0.0,2782670,1864350,1679912,84.04,24.67,-0.56,P-V+,P-V+,P-V-,➡️ 中性,-43.27,31.23,-1.386,62,68,72,65.8,,,,,,,,,,,,,,,,,,,,,,,,,,,,69,22,22,,22,剛爆發,,False,False
IT,Information Technology,Gartner,2026-02-27,157.2,-25.0,-31.72,-37.09,-32.73,0.0,2346155,1379480,1337443,150.77,6.49,49.35,P-V+,P-V+,P-V+,📉 主力出貨,-56.71,48.21,-1.176,72,69,67,70.1,,,,,,,,,,,,,,,,,,,,,,,,,,,,70,22,22,,22,剛爆發,,False,False
INTU,Information Technology,Intuit,2026-02-27,405.97,-18.02,-37.27,-38.05,-32.85,0.0,5340740,3190075,2559638,92.37,65.36,42.71,P-V+,P-V+,P-V+,📉 主力出貨,-15.66,37.73,-0.415,67,71,68,68.4,,,,,,,,,,,,,,,,,,,,,,,,,,,,71,22,22,,22,剛爆發,,False,False
WDAY,Information Technology,"Workday, Inc.",2026-02-27,133.76,-23.84,-40.98,-39.55,-35.98,0.0,6957700,4404306,3681431,106.6,48.87,47.9,P-V+,P-V+,P-V+,📉 主力出貨,-32.97,37.51,-0.879,71,72,71,71.3,,,,,,,,,,,,,,,,,,,,,,,,,,,,72,22,22,,22,剛爆發,,False,False
ALB,Materials,Albemarle Corporation,2026-02-27,177.77,4.71,54.65,121.52,75.6,1.0,2952730,3133307,3460338,-15.86,-17.27,-9.05,P+V-,P+V-,P+V-,⚠️ 量能衰竭,133.57,54.55,2.449,17,2,1,9.3,-8.6,78.33,False,True,164.58,27.89,0.736,False,204.97,206.0,-13.27,6.09,-1.12,12.0,8.0,2582808.0,3507612.0,1.5,2405600.0,2445890.0,2608940.0,0.922,87.15,53.81,收斂,頭頭低·底底高,多轉空預警,1,18,18,11.2,12,吃老本,🔥 追高風險,True,False
NEM,Materials,Newmont,2026-02-27,129.17,15.71,50.67,84.84,59.02,1.0,10196905,9548346,10478240,5.88,-16.3,-15.88,P+V+,P+V-,P+V-,➡️ 中性,206.46,46.34,4.455,4,3,2,3.3,24.25,18.84,False,True,114.12,10.48,0.752,False,134.02,134.88,-3.62,6.44,2.42,13.0,7.0,9142146.0,12155742.0,1.857,15016600.0,9310430.0,8934726.0,1.681,95.05,61.92,收斂,頭頭低·底底高,多轉空預警 / 多頭確認,2,11,1,5.4,2,吃老本,,False,True
FCX,Materials,Freeport-McMoRan,2026-02-27,67.77,13.03,67.32,58.26,49.22,1.0,19700365,18894706,18791529,-15.3,1.1,18.24,P+V-,P+V+,P+V+,⚠️ 頂部背離,76.47,46.47,1.646,6,1,3,3.9,46.66,22.84,False,True,58.6,16.18,0.797,False,69.43,69.75,-2.39,5.81,4.53,12.0,8.0,17880841.0,22429650.0,1.5,19425700.0,16115680.0,16442066.0,1.181,91.49,63.99,收斂,頭頭低·底底高,多轉空預警 / 多頭確認,3,15,6,8.4,8,吃老本,,False,True
STLD,Materials,Steel Dynamics,2026-02-27,192.1,7.55,20.17,46.52,30.19,1.0,1373595,1317307,1292490,2.43,3.92,-17.59,P+V+,P+V+,P+V-,🚀 健康多頭,38.47,31.73,1.212,13,13,4,11.2,7.92,4.16,False,True,180.94,5.9,0.875,False,207.36,208.47,-7.36,-0.13,6.13,13.0,7.0,1308000.0,1495414.0,1.857,1320900.0,1291730.0,1268766.0,1.041,96.79,54.64,多頭,頭頭高·底底高,,4,10,13,8.2,7,吃老本,🎯 潛在暴漲,True,True
BALL,Materials,Ball Corporation,2026-02-27,66.47,18.04,38.03,25.92,26.98,1.0,2576580,2426176,2571767,27.64,-10.72,-1.72,P+V+,P+V-,P+V-,➡️ 中性,10.35,29.54,0.35,1,6,6,3.5,1.51,-0.17,False,True,58.25,3.9,1.366,False,67.62,68.29,-1.7,0.9,18.67,12.0,8.0,2886150.0,2112225.0,1.5,2660500.0,1933520.0,2084500.0,1.276,100.0,71.05,多頭,頭頭高·底底高,空轉多預警,5,1,5,3.4,1,,,False,True
DOW,Materials,Dow Inc.,2026-02-27,30.07,12.86,40.06,27.49,26.97,1.0,13627990,12222564,12880643,12.92,-9.72,11.97,P+V+,P+V-,P+V+,➡️ 中性,-24.04,51.26,-0.469,7,5,5,6.0,33.7,36.84,False,True,26.89,12.72,1.242,False,36.08,40.09,-16.64,1.88,14.48,11.0,9.0,14939836.0,12024622.0,1.222,13297800.0,11136200.0,11505766.0,1.156,99.52,55.65,多頭,頭頭高·底底高,,6,6,7,6.2,4,,,False,True
IFF,Materials,International Flavors & Fragrances,2026-02-27,81.32,17.79,22.66,22.51,21.37,1.0,1910805,1941861,2120894,17.73,-15.57,11.06,P+V+,P+V-,P+V+,➡️ 中性,-12.11,29.93,-0.404,2,11,7,5.7,-3.81,3.32,False,True,71.78,6.46,1.2,False,83.51,84.45,-2.63,1.03,18.15,13.0,7.0,2029215.0,1690900.0,1.857,1406300.0,1825150.0,1942273.0,0.724,100.0,67.22,多頭,頭頭高·底底高,空轉多預警,7,1,21,7.4,6,剛爆發,,False,False
CF,Materials,CF Industries,2026-02-27,98.63,7.34,28.86,16.37,17.23,1.0,2353350,2391106,2415012,-6.9,-1.96,-15.1,P+V-,P+V-,P+V-,⚠️ 量能衰竭,20.26,29.96,0.676,14,8,9,11.2,10.41,5.59,False,True,86.71,13.59,1.088,False,104.3,105.27,-5.44,2.43,6.42,13.0,7.0,2421723.0,2226371.0,1.857,2700800.0,2745340.0,2436066.0,1.109,100.0,64.6,多頭,頭頭高·底底高,空轉多預警,8,1,9,5.4,2,剛爆發,,False,True
SW,Materials,Smurfit Westrock,2026-02-27,46.06,13.92,40.69,3.78,15.54,1.0,7624645,5866215,5392633,44.29,19.25,40.9,P+V+,P+V+,P+V+,⭐⭐⭐ 完美多頭,-16.94,47.35,-0.358,5,4,20,7.7,-43.0,-19.83,False,True,41.9,16.04,1.401,False,52.55,55.16,-12.36,-3.55,12.6,11.0,9.0,8750763.0,6248277.0,1.222,7949000.0,6608430.0,8150906.0,0.975,98.98,55.46,多頭,頭頭高·底底高,,9,7,17,9.8,10,,🚀 暴漲中,True,False
NUE,Materials,Nucor,2026-02-27,175.85,-0.47,15.51,20.46,13.99,0.667,1925495,1714684,1648152,7.1,8.41,-29.65,P-V+,P+V+,P+V-,➡️ 中性,35.63,32.26,1.104,24,19,8,19.3,-4.37,21.26,False,True,173.88,8.02,0.819,False,195.75,196.9,-10.17,-1.74,-1.68,11.0,9.0,1750790.0,2139022.0,1.222,2367000.0,1784960.0,1743833.0,1.357,80.95,45.61,多頭,頭頭高·底底高,,10,20,2,12.4,14,吃老本,,False,False
LYB,Materials,LyondellBasell,2026-02-27,55.67,17.39,30.46,3.09,13.51,1.0,7316165,6185704,5547455,27.28,26.0,33.38,P+V+,P+V+,P+V+,⭐⭐⭐ 完美多頭,-27.79,45.95,-0.605,3,7,21,7.8,-204.95,25.86,False,True,48.87,8.69,1.144,False,70.3,78.41,-20.81,1.5,15.16,10.0,10.0,7807680.0,6824650.0,1.0,6480700.0,6199190.0,6018326.0,1.077,94.71,59.98,多頭,頭頭高·底底高,,11,12,11,11.4,13,,🚀 暴漲中,True,False
PPG,Materials,PPG Industries,2026-02-27,121.71,7.22,27.6,9.3,13.36,1.0,2103765,2071115,1980512,-7.63,9.59,-3.03,P+V-,P+V+,P+V-,⚠️ 量能背離,4.59,29.15,0.157,15,9,15,13.2,-4.37,2.26,False,True,112.45,9.15,0.936,False,130.99,133.43,-7.08,-2.58,6.41,11.0,9.0,2040672.0,2180877.0,1.222,1892400.0,1916970.0,1875093.0,1.009,87.52,54.92,多頭,頭頭高·底底高,空轉多預警,12,17,15,14.6,18,,,False,False
AMCR,Materials,Amcor,2026-02-27,46.96,10.88,15.86,12.66,13.02,1.0,6275460,5121190,4900110,11.28,9.45,-22.52,P+V+,P+V+,P+V-,🚀 健康多頭,-11.51,24.31,-0.473,9,18,10,11.9,2.47,4.9,False,True,43.05,5.36,1.159,False,49.31,52.25,-4.77,-2.82,11.79,12.0,8.0,6640766.0,5727500.0,1.5,5734600.0,4774910.0,5441360.0,1.054,98.74,58.84,擴散,頭頭高·底底低,多頭確認,13,8,12,10.8,11,,,False,True
CTVA,Materials,Corteva,2026-02-27,79.59,10.05,22.35,9.76,12.98,1.0,4412295,3846576,4263190,18.6,-17.8,11.93,P+V+,P+V-,P+V+,➡️ 中性,18.75,23.9,0.785,10,12,14,11.4,-1.6,50.61,False,True,71.17,8.24,0.835,False,79.69,80.22,-0.13,4.99,8.5,15.0,5.0,4204966.0,5034280.0,3.0,5332100.0,4040600.0,4167833.0,1.279,100.0,74.19,多頭,頭頭高·底底高,多頭確認,14,1,4,6.8,5,剛爆發,,False,False
LIN,Materials,Linde plc,2026-02-27,503.13,11.18,25.09,6.21,12.17,1.0,2961665,2817981,2488336,28.13,30.54,23.79,P+V+,P+V+,P+V+,⭐⭐⭐ 完美多頭,0.18,20.56,0.009,8,10,17,10.4,0.54,0.75,False,True,448.47,7.53,1.049,False,505.67,510.65,-0.5,2.33,11.67,17.0,3.0,2982441.0,2843933.0,5.667,3239500.0,2897780.0,2962613.0,1.093,100.0,72.98,多頭,頭頭高·底底高,多頭確認,15,1,10,8.4,8,剛爆發,🚀 暴漲中,True,True
AVY,Materials,Avery Dennison,2026-02-27,193.02,5.84,17.8,11.22,11.52,1.0,695760,674549,690253,18.61,-4.45,-6.33,P+V+,P+V-,P+V-,➡️ 中性,2.08,23.27,0.089,16,16,12,15.2,2.65,1.91,False,True,184.65,4.18,0.86,False,196.15,199.54,-1.6,-0.29,5.92,12.0,8.0,653350.0,759375.0,1.5,646000.0,520630.0,563020.0,1.147,90.99,60.06,多頭,頭頭高·底底高,,16,16,8,14.4,17,,,False,True
PKG,Materials,Packaging Corporation of America,2026-02-27,229.27,4.31,18.37,10.43,10.88,1.0,1093370,953090,858548,6.73,24.75,3.73,P+V+,P+V+,P+V+,⭐⭐⭐ 完美多頭,7.13,26.98,0.264,18,15,13,16.1,-3.88,-3.09,False,True,219.23,12.61,0.959,False,246.42,249.51,-6.96,-2.14,5.42,13.0,7.0,1077261.0,1123285.0,1.857,1037100.0,1113860.0,1047586.0,0.99,97.04,52.53,多頭,頭頭高·底底高,,17,9,16,13.6,16,剛爆發,,False,False
ECL,Materials,Ecolab,2026-02-27,306.69,9.35,15.04,9.24,10.72,1.0,1403315,1334264,1375053,25.87,-5.76,4.48,P+V+,P+V-,P+V+,➡️ 中性,6.95,22.5,0.309,11,20,16,14.7,0.65,-0.09,False,True,280.26,3.66,1.047,False,307.6,309.27,-0.3,1.38,9.02,11.0,9.0,1432118.0,1368111.0,1.222,1832600.0,1241820.0,1431520.0,1.28,92.62,71.93,多頭,頭頭高·底底高,多頭確認,18,13,3,13.0,15,,,False,True
MLM,Materials,Martin Marietta Materials,2026-02-27,673.68,3.78,12.05,11.6,9.76,1.0,588175,463301,417489,45.01,24.65,-15.25,P+V+,P+V+,P+V-,🚀 健康多頭,36.23,21.0,1.725,19,21,11,18.0,-7.18,2.53,False,True,652.29,7.58,0.833,False,707.94,710.97,-4.84,-1.37,3.56,11.0,9.0,539645.0,647488.0,1.222,521100.0,595660.0,643640.0,0.81,84.51,52.83,多頭,頭頭高·底底高,,19,19,20,19.2,20,,🎯 潛在暴漲,True,False
VMC,Materials,Vulcan Materials Company,2026-02-27,308.23,3.15,7.94,6.2,5.87,1.0,1352510,1030927,967044,52.11,14.15,-15.04,P+V+,P+V+,P+V-,🚀 健康多頭,23.08,23.91,0.965,20,23,18,20.5,,,,,,,,,,,,,,,,,,,,,,,,,,,,20,22,22,,22,,,False,False
CRH,Materials,CRH plc,2026-02-27,118.65,-1.99,6.52,5.87,4.07,0.667,4953820,7693609,5720655,4.48,105.29,-4.38,P-V+,P+V+,P+V-,➡️ 中性,22.81,30.97,0.736,25,25,19,23.8,,,,,,,,,,,,,,,,,,,,,,,,,,,,21,22,22,,22,,,False,False
IP,Materials,International Paper,2026-02-27,42.43,9.09,17.01,-8.92,2.06,0.667,7780875,6297404,5412003,9.72,39.12,5.81,P+V+,P+V+,P-V+,🚀 健康多頭,-28.44,46.05,-0.618,12,17,24,15.9,-131.89,-173.0,False,True,41.31,15.94,1.234,False,53.34,57.09,-20.45,-6.16,12.78,10.0,10.0,8597290.0,6964460.0,1.0,6097200.0,6240470.0,6735526.0,0.905,91.81,46.19,擴散,頭頭高·底底低,,22,14,19,18.2,19,剛爆發,,False,True
SHW,Materials,Sherwin-Williams,2026-02-27,360.02,2.24,7.28,-2.55,1.11,0.667,1842345,1738766,1872683,1.42,-13.35,1.39,P+V+,P+V-,P-V+,➡️ 中性,0.63,22.23,0.028,21,24,22,22.1,,,,,,,,,,,,,,,,,,,,,,,,,,,,23,22,22,,22,,,False,False
APD,Materials,Air Products,2026-02-27,272.26,1.16,8.22,-6.61,-0.96,0.667,1573265,1643433,1390547,5.39,44.46,17.69,P+V+,P+V+,P-V+,🚀 健康多頭,-15.87,26.57,-0.597,23,22,23,22.7,,,,,,,,,,,,,,,,,,,,,,,,,,,,24,22,22,,22,,,False,False
MOS,Materials,Mosaic Company (The),2026-02-27,27.33,1.24,19.05,-13.1,-1.48,0.667,6476280,7107183,6252513,-11.83,31.67,9.43,P+V-,P+V+,P-V+,➡️ 中性,15.29,40.7,0.376,22,14,25,20.2,-53.0,9.4,False,True,26.53,14.85,0.849,False,36.94,38.23,-26.01,-5.4,-0.71,10.0,10.0,5946450.0,7006110.0,1.0,6439800.0,6595500.0,6230386.0,1.034,77.26,47.57,多頭,頭頭高·底底高,空轉多預警,25,21,14,21.2,21,,,False,False
EQIX,Real Estate,Equinix,2026-02-27,964.85,19.32,28.79,25.31,24.68,1.0,777840,631146,557451,47.49,30.47,-14.14,P+V+,P+V+,P+V-,🚀 健康多頭,-7.66,31.19,-0.246,1,2,4,1.9,-13.02,13.15,False,True,814.53,7.27,1.26,False,977.98,992.9,-1.34,5.54,18.58,11.0,9.0,857400.0,680600.0,1.222,1141200.0,778720.0,845846.0,1.349,100.0,74.66,多頭,頭頭高·底底高,,1,1,12,3.2,2,,🚀 暴漲中,True,False
IRM,Real Estate,Iron Mountain,2026-02-27,106.72,17.58,29.19,17.58,20.48,1.0,2354170,2106755,1901637,21.9,24.18,5.33,P+V+,P+V+,P+V+,⭐⭐⭐ 完美多頭,5.09,36.64,0.139,2,1,7,2.7,3.81,2.44,False,True,91.81,9.21,1.156,False,113.53,115.24,-6.0,-1.78,16.45,11.0,9.0,2506345.0,2168177.0,1.222,3133200.0,2243230.0,2479620.0,1.264,97.72,63.17,多頭,頭頭高·底底高,空轉多預警 / 多頭確認,2,10,17,8.2,8,吃老本,🚀 暴漲中,True,True
PLD,Real Estate,Prologis,2026-02-27,140.41,9.2,13.63,29.11,20.26,1.0,3272240,3464256,3446254,-12.28,1.05,-24.47,P+V-,P+V+,P+V-,⚠️ 量能背離,10.01,26.77,0.374,10,9,1,7.9,113.52,8.84,False,True,130.54,5.06,0.96,False,141.77,143.95,-0.96,0.75,9.32,11.0,9.0,3212300.0,3345500.0,1.222,5263800.0,3076170.0,3168760.0,1.661,91.03,65.07,擴散,頭頭高·底底低,多頭確認,3,16,8,9.2,10,吃老本,,False,True
VTR,Real Estate,Ventas,2026-02-27,85.11,10.93,10.01,28.77,19.62,1.0,3289195,3065427,2941509,18.69,8.8,-8.48,P+V+,P+V+,P+V-,🚀 健康多頭,15.11,18.84,0.802,5,14,2,7.1,40.89,141.94,False,True,78.86,4.42,0.902,False,86.8,87.87,-1.95,0.26,12.09,13.0,7.0,3169076.0,3512271.0,1.857,7071000.0,3199160.0,3520340.0,2.009,100.0,70.32,多頭,頭頭高·底底高,空轉多預警,4,1,3,2.6,1,,🚀 暴漲中,True,True
WELL,Real Estate,Welltower,2026-02-27,205.64,10.35,2.75,26.9,16.73,1.0,3396675,3363941,3291920,10.76,4.47,9.41,P+V+,P+V+,P+V+,⭐⭐⭐ 完美多頭,24.15,22.93,1.053,6,22,3,10.2,-7.07,3.09,False,True,190.86,4.82,1.051,False,214.12,216.43,-3.96,-0.16,11.94,13.0,7.0,3455507.0,3287414.0,1.857,6204200.0,3257920.0,3618473.0,1.715,100.0,63.76,擴散,頭頭高·底底低,,5,1,7,3.8,4,,,False,False
O,Real Estate,Realty Income,2026-02-27,65.28,9.99,20.76,17.38,16.38,1.0,7071290,6614098,6119479,10.06,17.59,7.3,P+V+,P+V+,P+V+,⭐⭐⭐ 完美多頭,13.12,18.62,0.704,7,3,8,6.0,-18.46,-10.79,False,True,58.97,5.24,1.243,False,66.19,67.94,-1.38,1.71,11.18,14.0,6.0,7511814.0,6043400.0,2.333,13326200.0,6949370.0,6963020.0,1.914,100.0,72.13,多頭,頭頭高·底底高,空轉多預警 / 多頭確認,6,1,4,3.6,3,,,False,False
HST,Real Estate,Host Hotels & Resorts,2026-02-27,18.67,5.72,15.25,19.48,14.98,1.0,9467030,7959672,8217650,23.48,-6.09,-20.61,P+V+,P+V-,P+V-,➡️ 中性,23.56,27.2,0.866,17,7,5,11.6,4.07,428.25,False,True,17.94,7.85,0.794,False,20.01,21.0,-6.71,-3.97,4.98,13.0,7.0,8678707.0,10931057.0,1.857,11340200.0,10143500.0,9040633.0,1.254,93.15,51.94,多頭,頭頭高·底底高,,7,14,18,12.0,11,吃老本,,False,True
SPG,Real Estate,Simon Property Group,2026-02-27,199.34,6.55,12.97,18.27,14.02,1.0,1760270,1529092,1553783,17.85,-3.13,-7.84,P+V+,P+V-,P+V-,➡️ 中性,9.23,23.85,0.387,16,11,6,12.5,-47.1,-4.66,False,True,185.97,6.94,1.055,False,200.58,205.12,-0.62,1.07,7.4,11.0,9.0,1802563.0,1708577.0,1.222,2113500.0,1480170.0,1592713.0,1.327,91.66,66.57,多頭,頭頭高·底底高,多頭確認,8,15,15,12.2,13,吃老本,,False,False
KIM,Real Estate,Kimco Realty,2026-02-27,22.77,11.72,16.65,8.65,11.41,1.0,6838285,5432083,4929580,32.22,22.7,1.02,P+V+,P+V+,P+V+,⭐⭐⭐ 完美多頭,0.51,20.75,0.025,3,5,11,5.2,-3.79,-2.59,False,True,20.54,6.65,0.864,False,23.12,23.91,-1.51,1.64,13.71,13.0,7.0,6482638.0,7498771.0,1.857,13790200.0,7800910.0,6800513.0,2.028,100.0,71.06,多頭,頭頭高·底底高,多頭確認,9,1,2,4.4,5,剛爆發,🚀 暴漲中,True,False
FRT,Real Estate,Federal Realty Investment Trust,2026-02-27,106.63,7.52,13.24,11.86,11.12,1.0,1048025,773889,693626,54.11,26.17,-15.09,P+V+,P+V+,P+V-,🚀 健康多頭,1.21,19.77,0.061,13,10,9,11.3,104.68,-11.3,False,True,100.91,5.64,1.168,False,107.77,109.94,-1.06,1.23,8.13,15.0,5.0,1087166.0,930600.0,3.0,1733500.0,1044130.0,996373.0,1.74,100.0,65.39,多頭,頭頭高·底底高,多頭確認,10,1,6,5.6,6,剛爆發,🎯 潛在暴漲,True,True
REG,Real Estate,Regency Centers,2026-02-27,77.5,8.41,12.25,11.51,10.92,1.0,1405750,1316707,1205089,7.18,20.42,5.58,P+V+,P+V+,P+V+,⭐⭐⭐ 完美多頭,-0.81,17.62,-0.046,11,13,10,11.4,89.07,4.6,False,True,70.9,5.65,0.836,False,77.58,79.08,-0.1,2.8,9.75,14.0,6.0,1327571.0,1588166.0,2.333,2420500.0,1204850.0,1364400.0,1.774,100.0,70.51,多頭,頭頭高·底底高,多頭確認,11,1,5,5.8,7,剛爆發,,False,True
EXR,Real Estate,Extra Space Storage,2026-02-27,147.69,9.47,17.28,8.28,10.83,1.0,1509705,1343600,1220174,10.33,22.51,2.9,P+V+,P+V+,P+V+,⭐⭐⭐ 完美多頭,-5.3,27.35,-0.194,8,4,12,7.6,17.89,-34.22,False,True,136.55,9.87,1.051,False,152.12,162.77,-2.91,-1.13,8.76,13.0,7.0,1535784.0,1461271.0,1.857,1793900.0,1536110.0,1459220.0,1.229,100.0,62.55,收斂,頭頭低·底底高,多轉空預警 / 多頭確認,12,1,19,9.0,9,剛爆發,,False,True
PSA,Real Estate,Public Storage,2026-02-27,301.17,11.18,15.33,6.79,10.03,1.0,1255705,1216280,1055766,6.36,35.86,26.26,P+V+,P+V+,P+V+,⭐⭐⭐ 完美多頭,-5.42,22.08,-0.245,4,6,14,6.6,4.62,3.14,False,True,275.52,8.44,1.065,False,304.24,322.49,-1.01,0.68,10.67,12.0,8.0,1287016.0,1208737.0,1.5,1667000.0,1331870.0,1296226.0,1.286,97.81,65.79,多頭,頭頭高·底底高,空轉多預警 / 多頭確認,13,9,16,12.0,11,,🚀 暴漲中,True,True
DLR,Real Estate,Digital Realty,2026-02-27,174.84,6.78,12.33,7.68,8.62,1.0,2195340,2079970,1869863,9.69,25.32,-8.53,P+V+,P+V+,P+V-,🚀 健康多頭,9.75,28.07,0.347,15,12,13,13.7,2.21,46.53,False,True,161.49,4.74,1.15,False,182.32,184.79,-4.11,0.87,5.83,12.0,8.0,2316275.0,2013937.0,1.5,3258300.0,1971220.0,2243013.0,1.453,96.47,61.25,多頭,頭頭高·底底高,空轉多預警,14,12,11,12.6,14,,🎯 潛在暴漲,False,True
DOC,Real Estate,Healthpeak Properties,2026-02-27,17.13,3.2,0.88,3.18,2.61,1.0,10908790,9046290,8504577,17.06,13.61,34.09,P+V+,P+V+,P+V+,⭐⭐⭐ 完美多頭,-10.03,24.84,-0.404,18,25,15,19.5,59.33,-403.17,False,True,16.26,9.69,0.87,False,19.34,21.28,-11.44,4.06,3.8,9.0,10.0,10350922.0,11891980.0,0.9,13324700.0,9435830.0,9995253.0,1.333,82.64,61.51,收斂,頭頭低·底底高,空轉多預警,15,18,14,16.0,17,,🎯 潛在暴漲,True,True
CPT,Real Estate,Camden Property Trust,2026-02-27,106.19,-0.65,4.58,0.99,1.47,0.667,1285685,1379807,1234243,-2.89,26.74,23.05,P-V-,P+V+,P+V+,➡️ 中性,-8.14,19.97,-0.408,24,20,16,21.2,,,,,,,,,,,,,,,,,,,,,,,,,,,,16,20,20,,20,,,False,False
VMRK,Real Estate,Vivmark Residential,2026-02-27,61.81,1.43,5.55,-1.01,1.24,0.667,3123055,2576458,2456820,27.92,10.24,22.8,P+V+,P+V+,P-V+,🚀 健康多頭,-12.48,21.81,-0.572,20,19,17,19.1,,,,,,,,,,,,,,,,,,,,,,,,,,,,17,20,20,,20,,,False,False
UDR,Real Estate,"UDR, Inc.",2026-02-27,36.76,0.94,6.49,-2.04,0.84,0.667,4665370,3906584,3324534,-0.84,42.45,45.74,P+V-,P+V+,P-V+,➡️ 中性,-12.94,21.71,-0.596,22,18,18,20.0,,,,,,,,,,,,,,,,,,,,,,,,,,,,18,20,20,,20,,,False,False
VICI,Real Estate,Vici Properties,2026-02-27,29.23,7.59,6.89,-6.8,0.22,0.667,10337735,12038684,10682549,-3.49,29.08,54.17,P+V-,P+V+,P-V+,➡️ 中性,-7.96,19.02,-0.419,12,17,21,15.3,-19.11,3.37,False,True,27.69,5.22,0.768,False,31.94,34.03,-8.48,0.4,7.47,12.0,8.0,9222866.0,12010037.0,1.5,14681600.0,9907730.0,9675373.0,1.517,90.58,65.39,多頭,頭頭高·底底高,空轉多預警 / 多頭確認,19,17,10,16.4,18,,,False,False
AMT,Real Estate,American Tower,2026-02-27,188.17,7.02,7.88,-7.76,-0.16,0.667,3295625,3253055,3150350,4.94,6.74,16.57,P+V+,P+V+,P-V+,🚀 健康多頭,-7.97,26.91,-0.296,14,15,23,16.1,19.05,10.06,False,True,174.97,7.58,1.015,False,225.61,234.33,-16.6,2.43,5.8,12.0,8.0,3315066.0,3266462.0,1.5,4964400.0,3174720.0,3136240.0,1.583,94.71,60.35,多頭,頭頭高·底底高,空轉多預警 / 多頭確認,20,13,9,15.0,16,剛爆發,🎯 潛在暴漲,True,True
WY,Real Estate,Weyerhaeuser,2026-02-27,23.89,-4.85,15.13,-6.95,-0.91,0.333,6613090,7162164,6148687,-17.46,39.47,46.79,P-V-,P+V+,P-V+,➡️ 中性,-10.87,28.11,-0.387,27,8,22,20.3,30.79,177.36,False,False,24.73,13.85,1.194,False,29.85,31.66,-19.95,-2.97,-5.4,10.0,10.0,7196940.0,6029240.0,1.0,7837100.0,5601420.0,5813006.0,1.348,81.46,33.9,多頭,頭頭高·底底高,空頭確認,21,19,13,18.6,19,,,False,True
ESS,Real Estate,Essex Property Trust,2026-02-27,250.18,1.29,-1.0,-2.47,-1.17,0.333,589685,540929,495063,0.69,20.42,-0.52,P+V+,P-V+,P-V-,✨ 反彈初期,-14.67,23.6,-0.622,21,26,19,22.1,,,,,,,,,,,,,,,,,,,,,,,,,,,,22,20,20,,20,,,False,False
SBAC,Real Estate,SBA Communications,2026-02-27,197.24,9.26,4.18,-9.24,-1.26,0.667,1066895,847700,1026156,43.84,-29.63,16.49,P+V+,P+V-,P-V+,➡️ 中性,-12.17,24.86,-0.489,9,21,24,15.6,-14.33,1.78,False,True,186.56,6.68,0.817,False,236.73,245.16,-16.68,0.81,7.13,13.0,7.0,989246.0,1211100.0,1.857,2197700.0,1146170.0,1025533.0,2.143,96.75,59.14,擴散,頭頭高·底底低,,23,11,1,13.8,15,剛爆發,,False,False
MAA,Real Estate,Mid-America Apartment Communities,2026-02-27,130.73,-0.33,1.55,-4.26,-1.83,0.333,1099715,1004198,964252,17.4,8.64,2.6,P-V+,P+V+,P-V+,➡️ 中性,-16.44,19.81,-0.83,23,24,20,22.7,,,,,,,,,,,,,,,,,,,,,,,,,,,,24,20,20,,20,,,False,False
CCI,Real Estate,Crown Castle,2026-02-27,87.41,3.14,1.77,-11.73,-4.63,0.667,4360210,3271655,3285935,52.64,-0.87,-1.75,P+V+,P+V-,P-V-,✨ 反彈初期,-2.2,28.36,-0.077,19,23,26,21.6,,,,,,,,,,,,,,,,,,,,,,,,,,,,25,20,20,,20,,,False,False
INVH,Real Estate,Invitation Homes,2026-02-27,25.76,-1.46,-5.36,-13.95,-8.68,0.0,7108295,6433707,5554176,-4.45,37.63,62.07,P-V-,P-V+,P-V+,➡️ 中性,-17.83,21.34,-0.835,26,27,27,26.5,,,,,,,,,,,,,,,,,,,,,,,,,,,,26,20,20,,20,剛爆發,,False,False
CBRE,Real Estate,CBRE Group,2026-02-27,147.66,-13.31,-6.57,-10.19,-10.06,0.0,3279250,1918880,1729639,161.74,24.57,-3.73,P-V+,P-V+,P-V-,➡️ 中性,22.77,30.54,0.746,29,28,25,27.9,,,,,,,,,,,,,,,,,,,,,,,,,,,,27,20,20,,20,剛爆發,,False,False
ARE,Real Estate,Alexandria Real Estate Equities,2026-02-27,52.51,-1.1,7.06,-31.16,-14.09,0.333,2687155,2848295,2504353,-2.14,31.84,52.14,P-V-,P+V+,P-V+,➡️ 中性,-43.0,46.91,-0.917,25,16,29,23.1,,,,,,,,,,,,,,,,,,,,,,,,,,,,28,20,20,,20,剛爆發,,False,False
BXP,Real Estate,"BXP, Inc.",2026-02-27,56.21,-10.96,-17.68,-15.36,-14.84,0.0,3577625,2156440,2024495,91.99,13.94,26.87,P-V+,P-V+,P-V+,📉 主力出貨,-2.57,28.2,-0.091,28,29,28,28.3,,,,,,,,,,,,,,,,,,,,,,,,,,,,29,20,20,,20,剛爆發,,False,False
CSGP,Real Estate,CoStar Group,2026-02-27,44.63,-27.43,-33.93,-51.07,-40.88,0.0,7778680,6098235,4761019,9.67,78.11,41.48,P-V+,P-V+,P-V+,📉 主力出貨,-16.72,37.34,-0.448,30,30,30,30.0,,,,,,,,,,,,,,,,,,,,,,,,,,,,30,20,20,,20,剛爆發,,False,False
EIX,Utilities,Edison International,2026-02-27,72.98,20.01,28.15,38.5,31.29,1.0,3635850,3245972,3214644,21.23,1.97,-17.32,P+V+,P+V+,P+V-,🚀 健康多頭,28.71,27.62,1.039,2,1,1,1.5,28.62,7.28,False,True,62.08,10.09,1.034,False,73.72,75.5,-1.01,1.36,20.22,14.0,6.0,3671950.0,3551616.0,2.333,4914200.0,3870550.0,3623873.0,1.356,100.0,75.99,多頭,頭頭高·底底高,多頭確認,1,1,6,2.0,2,,🚀 暴漲中,True,True
AES,Utilities,AES Corporation,2026-02-27,16.87,17.95,25.97,31.26,26.61,1.0,10658930,8506955,9361309,19.3,-16.73,-40.71,P+V+,P+V-,P+V-,➡️ 中性,51.39,44.01,1.168,3,2,2,2.5,-2.1,28.96,False,True,14.54,10.53,1.137,False,17.23,17.65,-2.1,4.66,16.25,13.0,7.0,11129153.0,9785657.0,1.857,26333000.0,10300750.0,9658586.0,2.726,100.0,72.15,多頭,頭頭高·底底高,多頭確認,2,1,1,1.4,1,,,False,False
PCG,Utilities,PG&E Corporation,2026-02-27,18.89,23.22,19.49,25.68,23.52,1.0,21799385,21438463,22827103,0.89,-11.47,0.86,P+V+,P+V-,P+V+,➡️ 中性,-3.76,29.72,-0.127,1,3,3,2.0,-1.13,17.33,False,True,16.21,7.71,1.181,False,18.98,19.09,-0.47,3.49,25.33,15.0,5.0,22669473.0,19189120.0,3.0,26572900.0,19880930.0,20728726.0,1.282,100.0,80.84,多頭,頭頭高·底底高,空轉多預警 / 多頭確認,3,1,8,3.2,3,,,False,False
NRG,Utilities,NRG Energy,2026-02-27,177.78,17.62,7.59,24.05,18.33,1.0,2298330,1965801,2100783,17.68,-12.07,-35.4,P+V+,P+V-,P+V-,➡️ 中性,47.6,54.72,0.87,4,20,5,9.0,16.38,30.73,False,True,157.6,16.01,0.999,False,188.71,189.96,-5.79,-0.12,16.78,12.0,8.0,2297050.0,2300250.0,1.5,2614100.0,2466790.0,2295113.0,1.139,100.0,64.13,空頭,頭頭低·底底低,多頭確認,4,1,11,4.2,4,,,False,True
NEE,Utilities,NextEra Energy,2026-02-27,92.39,7.41,12.09,25.5,17.62,1.0,10422900,9803115,9938566,8.93,-2.69,-17.27,P+V+,P+V-,P+V-,➡️ 中性,31.06,27.81,1.117,26,8,4,16.2,,,,True,83.95,5.7,0.919,False,93.86,95.91,-1.56,2.42,7.06,13.0,7.0,10112984.0,10998457.0,1.857,25138500.0,11879300.0,10483153.0,2.398,99.15,63.37,空頭,頭頭低·底底低,多轉空預警 / 多頭確認,5,18,2,9.6,12,吃老本,,False,False
ETR,Utilities,Entergy,2026-02-27,105.9,12.44,12.92,21.5,17.09,1.0,2984555,2682036,2675712,25.36,0.47,-23.64,P+V+,P+V+,P+V-,🚀 健康多頭,14.95,21.85,0.684,8,7,6,7.3,-2.55,6.7,False,True,95.23,4.96,1.239,False,106.0,107.21,-0.09,2.97,12.27,14.0,6.0,3167892.0,2556766.0,2.333,3008300.0,2932710.0,2999340.0,1.003,100.0,74.28,多頭,頭頭高·底底高,多頭確認,6,1,17,6.2,5,,🚀 暴漲中,True,False
ES,Utilities,Eversource Energy,2026-02-27,74.53,10.24,17.33,17.15,15.47,1.0,3000195,2554267,2823843,31.12,-17.43,9.78,P+V+,P+V-,P+V+,➡️ 中性,15.73,25.39,0.619,12,4,10,9.2,1.64,3.62,False,True,68.04,7.85,0.848,False,74.72,76.41,-0.26,3.6,10.58,12.0,8.0,2799891.0,3300650.0,1.5,3171700.0,3098200.0,2966966.0,1.069,95.13,71.9,多頭,頭頭高·底底高,多頭確認,7,21,14,14.0,17,吃老本,,False,True
AEP,Utilities,American Electric Power,2026-02-27,131.85,12.6,10.52,19.23,15.39,1.0,3672250,3418466,3429758,16.71,-0.66,-5.19,P+V+,P+V-,P+V-,➡️ 中性,16.22,20.23,0.802,7,9,7,7.6,3.6,-0.28,False,True,117.89,6.11,0.895,False,132.62,134.6,-0.58,3.44,13.14,16.0,4.0,3588300.0,4008050.0,4.0,3332600.0,3531590.0,3559273.0,0.936,100.0,77.34,多頭,頭頭高·底底高,空轉多預警 / 多頭確認,8,1,19,7.4,9,剛爆發,,False,True
FE,Utilities,FirstEnergy,2026-02-27,50.14,9.1,9.1,19.1,14.1,1.0,5416720,4743141,4580341,23.93,7.37,-11.65,P+V+,P+V+,P+V-,🚀 健康多頭,26.6,20.07,1.325,20,14,8,15.8,-0.91,7.46,False,True,45.59,5.22,0.76,False,50.32,51.34,-0.35,1.91,9.13,12.0,6.0,5142083.0,6761983.0,2.0,4262400.0,5123160.0,5054980.0,0.843,99.55,76.64,多頭,頭頭高·底底高,多頭確認,9,17,21,14.6,19,吃老本,,False,False
CNP,Utilities,CenterPoint Energy,2026-02-27,43.01,10.2,10.12,15.6,12.88,1.0,6905780,5347218,5227123,42.09,4.7,-5.98,P+V+,P+V+,P+V-,🚀 健康多頭,19.39,16.21,1.196,13,10,12,11.9,-0.36,12.59,False,True,39.17,5.26,1.015,False,43.09,43.58,-0.18,1.16,10.48,13.0,7.0,6942300.0,6837957.0,1.857,7499300.0,7925320.0,7352546.0,1.02,100.0,73.68,多頭,頭頭高·底底高,多頭確認,10,1,16,7.6,10,剛爆發,🚀 暴漲中,True,False
EVRG,Utilities,Evergy,2026-02-27,81.59,9.03,8.62,16.78,12.81,1.0,2446510,2110569,2122323,20.97,-1.1,-14.53,P+V+,P+V-,P+V-,➡️ 中性,15.81,19.17,0.824,21,16,11,17.5,-24.26,-1.41,False,True,74.54,6.7,0.908,False,82.0,84.08,-0.5,4.24,9.55,14.0,6.0,2374185.0,2615266.0,2.333,3150900.0,2634810.0,2398046.0,1.314,100.0,70.59,多頭,頭頭高·底底高,空轉多預警 / 多頭確認,11,1,7,6.2,5,剛爆發,,False,False
SRE,Utilities,Sempra,2026-02-27,94.93,10.64,3.26,17.82,12.39,1.0,4285990,3965350,3893061,7.73,3.78,-14.64,P+V+,P+V+,P+V-,🚀 健康多頭,25.11,31.15,0.806,9,29,9,15.0,9.2,21.74,False,True,88.11,6.25,0.926,False,96.09,97.45,-1.21,2.91,10.53,15.0,5.0,4202033.0,4537860.0,3.0,4816300.0,3849280.0,3978706.0,1.211,100.0,71.0,擴散,頭頭高·底底低,多頭確認,12,1,10,7.2,8,剛爆發,,False,True
ATO,Utilities,Atmos Energy,2026-02-27,184.63,12.92,7.6,12.89,11.57,1.0,1460675,1307020,1098146,3.73,46.98,11.15,P+V+,P+V+,P+V+,⭐⭐⭐ 完美多頭,12.77,17.95,0.712,6,19,14,11.5,0.07,6.85,False,True,168.49,6.74,1.06,False,185.64,187.82,-0.55,3.79,13.15,17.0,3.0,1473088.0,1390333.0,5.667,2836600.0,1177370.0,1231173.0,2.304,100.0,81.2,擴散,頭頭高·底底低,多頭確認,13,1,3,6.2,5,剛爆發,,False,True
ED,Utilities,Consolidated Edison,2026-02-27,110.68,6.35,14.64,12.49,11.49,1.0,2643295,2218170,2171116,41.31,4.43,-23.02,P+V+,P+V+,P+V-,🚀 健康多頭,8.73,21.56,0.405,28,5,16,18.7,3.44,8.28,False,True,102.26,4.74,0.807,False,112.48,115.25,-1.6,2.47,7.03,12.0,8.0,2412291.0,2989800.0,1.5,5310700.0,3315900.0,2829520.0,1.877,91.82,65.14,多頭,頭頭高·底底高,,14,23,4,15.6,20,吃老本,🎯 潛在暴漲,True,True
PNW,Utilities,Pinnacle West Capital,2026-02-27,98.52,8.26,13.24,12.03,11.39,1.0,1375585,1248932,1220276,7.58,4.81,1.52,P+V+,P+V+,P+V+,⭐⭐⭐ 完美多頭,5.5,16.08,0.342,23,6,17,16.7,162.15,9.67,False,True,90.66,4.64,0.886,False,99.34,101.13,-0.82,1.99,8.86,12.0,8.0,1308158.0,1476725.0,1.5,1528000.0,1583960.0,1488006.0,1.027,94.12,69.92,多頭,頭頭高·底底高,多頭確認,15,22,15,17.8,22,吃老本,,False,True
AEE,Utilities,Ameren,2026-02-27,111.73,9.68,8.88,12.71,11.0,1.0,2096385,1806850,1694513,48.03,14.2,-5.05,P+V+,P+V+,P+V-,🚀 健康多頭,7.38,17.99,0.41,18,15,15,16.5,32.65,10.95,False,True,102.39,4.67,1.115,False,111.89,113.44,-0.14,2.94,9.16,15.0,5.0,2151906.0,1929820.0,3.0,1748600.0,1974010.0,2166920.0,0.807,100.0,74.88,多頭,頭頭高·底底高,空轉多預警 / 多頭確認,16,1,22,11.2,14,剛爆發,,False,True
XEL,Utilities,Xcel Energy,2026-02-27,82.13,9.6,4.66,14.01,10.57,1.0,5261420,5402198,5125880,1.11,11.4,38.74,P+V+,P+V+,P+V+,⭐⭐⭐ 完美多頭,10.87,21.3,0.51,19,27,13,20.2,0.06,-5.94,False,True,75.32,5.91,0.938,False,82.99,84.23,-1.03,2.22,9.73,12.0,8.0,5125041.0,5465987.0,1.5,5827600.0,4996150.0,5246933.0,1.111,95.63,70.91,多頭,頭頭高·底底高,多頭確認,17,20,12,17.2,21,,,False,True
NI,Utilities,NiSource,2026-02-27,46.69,7.53,9.71,11.65,10.14,1.0,4903645,3886600,4163192,32.59,-12.46,-10.0,P+V+,P+V-,P+V-,➡️ 中性,13.66,19.5,0.701,24,13,18,19.5,2.94,-3.21,False,True,42.9,5.26,1.084,False,46.74,47.35,-0.11,2.01,6.66,13.0,7.0,5040323.0,4649814.0,1.857,4282000.0,4316600.0,4743140.0,0.903,100.0,72.01,多頭,頭頭高·底底高,多頭確認,18,1,20,11.6,16,剛爆發,,False,True
EXC,Utilities,Exelon,2026-02-27,48.13,10.47,7.01,10.99,9.87,1.0,9692280,8093313,7364263,30.89,21.98,-1.8,P+V+,P+V+,P+V-,🚀 健康多頭,4.13,18.4,0.225,10,21,19,15.1,7.98,10.54,False,True,43.7,6.09,1.18,False,48.53,49.88,-0.82,3.52,11.39,14.0,6.0,10157057.0,8607800.0,2.333,15389300.0,9292770.0,10085353.0,1.526,100.0,73.02,擴散,頭頭高·底底低,多頭確認,19,1,5,9.0,11,剛爆發,,False,True
LNT,Utilities,Alliant Energy,2026-02-27,71.26,9.76,6.6,9.72,8.95,1.0,3431310,2427178,2208667,52.91,21.96,4.06,P+V+,P+V+,P+V+,⭐⭐⭐ 完美多頭,6.36,17.41,0.365,17,22,20,19.1,,,,,,,,,,,,,,,,,,,,,,,,,,,,20,24,24,,24,,,False,False
DTE,Utilities,DTE Energy,2026-02-27,145.92,10.31,9.93,7.75,8.94,1.0,1671180,1597667,1393009,8.65,34.44,-3.67,P+V+,P+V+,P+V-,🚀 健康多頭,5.41,18.36,0.295,11,12,23,13.7,8.29,6.47,False,True,133.19,9.33,0.893,False,152.21,154.63,-4.13,2.23,10.26,13.0,7.0,1604223.0,1795528.0,1.857,1666500.0,1502590.0,1531500.0,1.088,100.0,75.82,多頭,頭頭高·底底高,空轉多預警,21,1,13,11.4,15,剛爆發,🚀 暴漲中,True,True
CMS,Utilities,CMS Energy,2026-02-27,76.85,10.02,5.86,8.38,8.16,1.0,3673825,2843226,2598488,26.59,20.8,1.96,P+V+,P+V+,P+V+,⭐⭐⭐ 完美多頭,0.22,16.37,0.014,14,24,22,18.6,1.49,8.39,False,True,70.58,5.67,1.274,False,77.08,78.31,-0.31,2.91,10.94,13.0,7.0,3972923.0,3118357.0,1.857,4608200.0,3810610.0,3667453.0,1.257,100.0,76.3,擴散,頭頭高·底底低,多頭確認,22,1,9,11.0,13,剛爆發,,False,True
WEC,Utilities,WEC Energy Group,2026-02-27,114.96,6.57,6.24,9.54,7.97,1.0,2610755,2231550,2185567,23.01,4.3,-2.14,P+V+,P+V+,P+V-,🚀 健康多頭,7.18,16.91,0.425,27,23,21,24.6,,,,,,,,,,,,,,,,,,,,,,,,,,,,23,24,24,,24,,,False,False
DUK,Utilities,Duke Energy,2026-02-27,128.6,8.75,8.09,7.05,7.74,1.0,4909825,3945927,3444106,29.59,34.11,-5.95,P+V+,P+V+,P+V-,🚀 健康多頭,7.1,17.53,0.405,22,17,25,21.1,,,,,,,,,,,,,,,,,,,,,,,,,,,,24,24,24,,24,,,False,False
PPL,Utilities,PPL Corporation,2026-02-27,38.38,7.53,7.72,7.32,7.47,1.0,12936885,8392901,6864713,109.85,57.27,15.74,P+V+,P+V+,P+V+,⭐⭐⭐ 完美多頭,8.82,19.01,0.464,24,18,24,22.2,,,,,,,,,,,,,,,,,,,,,,,,,,,,25,24,24,,24,,,False,False
SO,Utilities,Southern Company,2026-02-27,95.79,9.89,10.1,4.73,7.37,1.0,7610795,6211644,5755299,45.91,17.22,10.13,P+V+,P+V+,P+V+,⭐⭐⭐ 完美多頭,3.46,18.01,0.192,15,11,28,16.4,-1.37,6.04,False,True,87.47,7.55,1.024,False,97.62,100.84,-1.87,3.27,10.1,14.0,6.0,7663728.0,7487283.0,2.333,8010100.0,8607770.0,8141926.0,0.984,100.0,71.08,多頭,頭頭高·底底高,多頭確認,26,1,18,14.4,18,剛爆發,,False,False
CEG,Utilities,Constellation Energy,2026-02-27,328.42,17.53,-6.84,6.48,5.91,0.667,4293485,3346138,2984253,10.13,27.6,-12.71,P+V+,P-V+,P+V-,➡️ 中性,15.74,54.75,0.288,5,31,26,17.0,2.41,-2.57,False,True,312.85,19.02,1.132,False,410.41,412.7,-19.98,11.88,14.76,9.0,11.0,4587266.0,4053118.0,0.818,3439500.0,4046330.0,4287406.0,0.802,95.69,64.6,空頭,頭頭低·底底低,,27,19,23,23.0,23,剛爆發,,False,True
D,Utilities,Dominion Energy,2026-02-27,61.89,6.05,4.76,5.45,5.43,1.0,6699560,6573473,5735725,15.87,34.21,5.65,P+V+,P+V+,P+V+,⭐⭐⭐ 完美多頭,12.84,21.75,0.59,30,26,27,28.2,,,,,,,,,,,,,,,,,,,,,,,,,,,,28,24,24,,24,,,False,False
PEG,Utilities,Public Service Enterprise Group,2026-02-27,84.65,4.5,5.62,4.48,4.77,1.0,2792545,2937267,2820024,-12.42,8.68,-6.67,P+V-,P+V+,P+V-,⚠️ 量能背離,4.89,20.71,0.236,31,25,29,28.8,,,,,,,,,,,,,,,,,,,,,,,,,,,,29,24,24,,24,,,False,False
AWK,Utilities,American Water Works,2026-02-27,134.17,6.06,4.14,-5.72,-0.31,0.667,2034400,1834010,1658330,38.15,23.7,11.94,P+V+,P+V+,P-V+,🚀 健康多頭,-1.99,26.31,-0.076,29,28,30,28.9,,,,,,,,,,,,,,,,,,,,,,,,,,,,30,24,24,,24,剛爆發,,False,False
VST,Utilities,Vistra Corp.,2026-02-27,173.41,9.81,-0.58,-8.47,-1.93,0.333,5766375,5282004,4927226,-6.81,15.52,-25.47,P+V-,P-V+,P-V-,➡️ 中性,25.74,58.46,0.44,16,30,31,23.2,,,,,,,,,,,,,,,,,,,,,,,,,,,,31,24,24,,24,剛爆發,,False,False
