Date,Code,Name,TradeVolume,TradeValue,OpeningPrice,HighestPrice,LowestPrice,ClosingPrice,Change,Transaction
2026-09-04,00400A,主動國泰動能高息,40967762,617618687,15.26,15.27,14.89,15.17,0.2900,7174
2026-09-04,00401A,主動摩根台灣鑫收,5626685,79251678,14.20,14.20,13.95,14.13,0.1700,839
2026-09-04,00402A,主動安聯美國科技,1845411,17472033,9.42,9.52,9.42,9.51,0.1600,645
2026-09-04,00403A,主動統一升級50,134610878,1373651907,10.24,10.30,10.06,10.26,0.2000,17871
2026-09-04,00404A,主動聯博動能50,11639856,114313302,9.84,9.89,9.76,9.86,0.1600,1534
2026-09-04,00405A,主動富邦台灣龍耀,38522995,333785485,8.77,8.80,8.54,8.68,0.1100,4663
2026-09-04,00406A,主動中信台灣收益,125639325,1196900636,9.61,9.65,9.43,9.57,0.1100,20635
2026-09-04,00407A,主動凱基台灣,28833124,278947409,9.71,9.82,9.51,9.73,0.1700,3225
2026-09-04,00408A,主動第一金優股息,3071603,32165001,10.50,10.56,10.38,10.53,0.1800,213
2026-09-04,00409A,主動復華全球50,56501502,555254681,9.77,9.92,9.73,9.90,0.3100,5290
2026-09-04,00410A,主動永豐科技趨勢,10194523,122291866,12.16,12.19,11.75,12.18,0.3400,1445
2026-09-04,0050,元大台灣50,46705557,5017991081,107.70,108.00,106.85,107.90,1.7000,49703
2026-09-04,0051,元大中型100,40803,5906634,144.55,145.95,144.00,145.95,1.9500,390
2026-09-04,0052,富邦科技,10899217,679516857,62.45,62.75,61.95,62.70,1.1000,8555
2026-09-04,0053,元大電子,26407,6417653,242.30,243.65,241.30,243.65,3.9500,695
2026-09-04,0055,元大MSCI金融,984778,47843501,48.20,49.00,48.13,49.00,0.8000,1872
2026-09-04,0056,元大高股息,22979939,1266699879,55.15,55.50,54.70,55.40,0.9000,16346
2026-09-04,0057,富邦摩台,30924,9935314,320.55,321.60,320.55,321.60,3.8500,536
2026-09-04,0061,元大寶滬深,148246,3605250,24.19,24.39,24.19,24.36,0.3100,162
2026-09-04,006203,元大MSCI台灣,9841,1920317,194.10,195.80,194.10,195.80,2.0500,531
2026-09-04,006204,永豐臺灣加權,2187,503825,232.25,232.25,232.25,232.25,1.4500,93
2026-09-04,006205,富邦上証,371144,15137930,40.52,40.91,40.52,40.78,0.2800,172
2026-09-04,006206,元大上證50,114751,4381650,38.11,38.30,38.10,38.13,0.3900,133
2026-09-04,006207,復華滬深,117730,3799592,32.27,32.34,32.23,32.34,0.3200,70
2026-09-04,006208,富邦台50,1594212,392563337,246.40,247.50,245.00,247.25,3.4500,6567
2026-09-04,00625K,富邦上証+R,,,,,,,0.0000,
2026-09-04,00631L,元大台灣50正2,149757483,5434412870,36.46,36.70,35.80,36.64,1.2300,38559
2026-09-04,00632R,元大台灣50反1,113182173,1114971087,9.83,9.93,9.79,9.81,-0.1900,12653
2026-09-04,00633L,富邦上証正2,1393172,68071114,48.30,49.20,48.19,48.87,1.2200,459
2026-09-04,00634R,富邦上証反1,25848,80368,3.13,3.13,3.10,3.11,-0.0400,19
2026-09-04,00635U,期元大S&P黃金,2939587,135807317,46.24,46.28,46.13,46.21,0.4500,2090
2026-09-04,00636,國泰中國A50,244769,6777876,27.38,27.78,27.38,27.75,0.3700,170
2026-09-04,00636K,國泰中國A50+U,200,1748,8.74,8.74,8.74,8.74,0.0400,2
2026-09-04,00637L,元大滬深300正2,16116742,323517412,19.81,20.25,19.81,20.12,0.5100,3119
2026-09-04,00638R,元大滬深300反1,45699,302813,6.70,6.70,6.60,6.64,-0.0800,16
2026-09-04,00639,富邦深100,769670,12442317,16.20,16.23,16.09,16.10,0.0900,233
2026-09-04,00640L,富邦日本正2,73329,7911011,107.75,108.50,107.45,108.50,0.8000,70
2026-09-04,00641R,富邦日本反1,323098,1185720,3.67,3.69,3.66,3.67,0.0000,32
2026-09-04,00642U,期元大S&P石油,3122901,94894171,30.30,30.47,30.26,30.27,0.3200,852
2026-09-04,00643,群益深証中小,1701391,30829540,18.23,18.28,18.10,18.14,0.0800,118
2026-09-04,00643K,群益深証中小+R,5000,19150,3.83,3.83,3.83,3.83,0.0000,1
2026-09-04,00645,富邦日本,112772,6525099,57.80,58.05,57.80,58.00,0.2500,207
2026-09-04,00646,元大S&P500,6044591,468209891,77.30,77.60,77.25,77.55,1.0500,2649
2026-09-04,00647L,元大S&P500正2,125162,17565550,140.15,140.50,140.15,140.50,3.3000,63
2026-09-04,00648R,元大S&P500反1,1106836,4305311,3.88,3.90,3.88,3.88,-0.0600,85
2026-09-04,00650L,復華香港正2,4244947,74089073,17.04,17.61,17.04,17.48,0.7200,949
2026-09-04,00651R,復華香港反1,224810,1146134,5.12,5.12,5.09,5.11,-0.1000,58
2026-09-04,00652,富邦印度,69546,2298934,33.10,33.13,33.02,33.05,-0.0900,171
2026-09-04,00653L,富邦印度正2,30787,1407635,45.75,45.88,45.60,45.88,0.1300,30
2026-09-04,00654R,富邦印度反1,92000,621920,6.76,6.76,6.76,6.76,0.0200,2
2026-09-04,00655L,國泰中國A50正2,483744,16442261,33.51,34.20,33.51,34.00,0.9300,188
2026-09-04,00656R,國泰中國A50反1,12824,74904,5.84,5.84,5.84,5.84,-0.0800,10
2026-09-04,00657,國泰日經225,24787,1892794,76.20,76.85,76.15,76.50,1.5500,84
2026-09-04,00657K,國泰日經225+U,200,4846,24.23,24.23,24.23,24.23,0.2900,2
2026-09-04,00660,元大歐洲50,4134,192524,46.66,46.67,46.66,46.67,0.0000,101
2026-09-04,00661,元大日經225,37681,3162077,83.60,84.15,83.60,84.15,1.3500,152
2026-09-04,00662,富邦NASDAQ,1734089,208491540,120.00,120.55,120.00,120.55,2.1000,1825
2026-09-04,00663L,國泰臺灣加權正2,4246769,446334951,105.55,106.45,103.55,106.25,3.9500,2264
2026-09-04,00664R,國泰臺灣加權反1,10522218,16768637,1.59,1.61,1.58,1.59,-0.0200,772
2026-09-04,00665L,富邦恒生國企正2,14509570,139268784,9.38,9.71,9.38,9.63,0.3700,1389
2026-09-04,00666R,富邦恒生國企反1,542150,4816812,8.98,8.98,8.88,8.94,-0.1500,47
2026-09-04,00668,國泰美國道瓊,41042,2556151,62.20,62.35,62.20,62.35,0.8000,78
2026-09-04,00668K,國泰美國道瓊+U,200,3932,19.66,19.66,19.66,19.66,0.2400,2
2026-09-04,00669R,國泰美國道瓊反1,482266,2485712,5.16,5.16,5.14,5.16,-0.0500,89
2026-09-04,00670L,富邦NASDAQ正2,562287,112370283,199.50,201.10,199.30,200.95,7.2500,705
2026-09-04,00671R,富邦NASDAQ反1,5432213,13154942,2.43,2.43,2.42,2.42,-0.0500,182
2026-09-04,00673R,期元大S&P原油反1,67217771,753453129,11.23,11.26,11.16,11.26,-0.1400,6196
2026-09-04,00674R,期元大S&P黃金反1,103167,2819387,27.29,27.36,27.28,27.36,-0.2600,59
2026-09-04,00675L,富邦臺灣加權正2,1196569,380181455,319.95,322.75,313.60,322.05,12.0500,1218
2026-09-04,00676R,富邦臺灣加權反1,7649150,41704178,5.43,5.48,5.42,5.44,-0.0800,534
2026-09-04,00678,群益那斯達克生技,438840,19569296,44.44,44.65,44.43,44.65,0.2500,124
2026-09-04,00680L,元大美債20正2,9368617,59980593,6.41,6.42,6.38,6.42,0.0200,350
2026-09-04,00681R,元大美債20反1,195000,4234500,21.78,21.78,21.70,21.70,-0.0600,6
2026-09-04,00682U,期元大美元指數,2152,43961,20.44,20.44,20.41,20.41,0.0000,4
2026-09-04,00683L,期元大美元指正2,11171,237103,21.23,21.23,21.20,21.22,-0.2000,7
2026-09-04,00684R,期元大美元指反1,21,322,,,,,0.0000,1
2026-09-04,00685L,群益臺灣加權正2,211518705,2538787841,12.07,12.16,11.82,12.13,0.4400,28250
2026-09-04,00686R,群益臺灣加權反1,6266737,6093090,0.98,0.98,0.97,0.98,0.0000,193
2026-09-04,00688L,國泰20年美債正2,3196509,20442692,6.39,6.41,6.37,6.40,0.0100,139
2026-09-04,00689R,國泰20年美債反1,205131,4664580,22.74,22.74,22.72,22.72,-0.0100,7
2026-09-04,00690,兆豐藍籌30,294434,23320546,79.05,79.70,78.60,79.70,1.9000,532
2026-09-04,00692,富邦公司治理,523566,48154447,92.05,92.55,91.55,92.55,1.3500,849
2026-09-04,00693U,期街口S&P黃豆,1746893,41731654,23.87,23.97,23.80,23.89,-0.0300,348
2026-09-04,00700,富邦恒生國企,181391,3192607,17.45,17.65,17.45,17.55,0.3800,122
2026-09-04,00701,國泰股利精選30,777460,31034952,39.63,40.14,39.61,40.08,0.4800,660
2026-09-04,00702,國泰標普低波高息,102193,2551667,24.98,24.98,24.97,24.97,0.0500,68
2026-09-04,00703,台新MSCI中國,37006,724944,19.32,19.65,19.32,19.62,0.3000,107
2026-09-04,00706L,期元大S&P日圓正2,4018432,79027030,19.75,19.76,19.57,19.59,0.3000,812
2026-09-04,00707R,期元大S&P日圓反1,1000,31620,31.62,31.62,31.62,31.62,0.0000,1
2026-09-04,00708L,期元大S&P黃金正2,4938548,413398239,84.15,84.15,83.35,83.55,1.5000,2488
2026-09-04,00709,富邦歐洲,5222,213684,40.94,40.94,40.92,40.92,0.2400,116
2026-09-04,00710B,復華彭博非投等債,180258,3444242,19.08,19.12,19.08,19.10,0.0100,56
2026-09-04,00711B,復華彭博新興債,114792,1783916,15.55,15.56,15.54,15.56,0.0200,91
2026-09-04,00712,復華富時不動產,20471502,177489039,8.64,8.69,8.64,8.68,0.0400,3482
2026-09-04,00713,元大台灣高息低波,4445604,281373274,63.20,63.50,62.95,63.45,0.3500,3692
2026-09-04,00714,群益道瓊美國地產,147290,3201499,21.75,21.75,21.73,21.73,0.2200,21
2026-09-04,00715L,期街口布蘭特正2,4524464,259649820,57.30,57.85,56.95,57.00,0.9500,1492
2026-09-04,00717,富邦美國特別股,166564,2440760,14.66,14.70,14.64,14.70,0.0600,184
2026-09-04,00728,第一金工業30,232388,16101916,68.75,69.65,68.45,69.65,1.6000,279
2026-09-04,00730,富邦臺灣優質高息,76271,2189163,28.59,29.00,28.40,29.00,0.6000,204
2026-09-04,00731,復華富時高息低波,605279,59039593,97.30,98.40,96.95,98.40,1.2500,192
2026-09-04,00733,富邦臺灣中小,1102185,73601498,66.75,67.40,65.50,67.35,2.4000,636
2026-09-04,00735,國泰臺韓科技,1616183,166556471,103.00,104.10,102.05,104.05,3.4500,1522
2026-09-04,00736,國泰新興市場,159071,5064955,31.81,31.91,31.81,31.91,0.2800,15
2026-09-04,00737,國泰AI機器人,126547,5129098,40.29,40.66,40.29,40.63,0.6000,110
2026-09-04,00738U,期元大道瓊白銀,2290311,121570147,53.30,53.40,52.85,52.95,0.7500,997
2026-09-04,00739,元大MSCI A股,96615,2681884,27.78,27.86,27.70,27.73,0.2900,79
2026-09-04,00752,中信中國50,863885,20019273,22.85,23.25,22.85,23.17,0.3800,394
2026-09-04,00753L,中信中國50正2,11996940,113547298,9.28,9.53,9.28,9.48,0.3500,1368
2026-09-04,00757,統一FANG+,735304,103833944,140.95,141.70,140.90,141.55,3.3000,1666
2026-09-04,00762,元大全球AI,439017,49599896,112.45,113.45,112.20,113.35,3.2500,346
2026-09-04,00763U,期街口道瓊銅,352821,12312387,34.87,35.02,34.79,34.80,0.4300,148
2026-09-04,00770,國泰北美科技,967694,65686624,68.25,68.25,67.65,68.15,1.1500,697
2026-09-04,00771,元大US高息特別股,18986,289593,15.25,15.27,15.23,15.23,-0.0200,67
2026-09-04,00775B,台新投等債15+,160033,4929019,30.80,30.80,30.80,30.80,-0.0600,5
2026-09-04,00783,富邦中証500,59594,1663760,27.93,27.96,27.80,27.80,0.0400,76
2026-09-04,00830,國泰費城半導體,5222790,419888680,80.20,80.95,80.10,80.95,1.5500,5016
2026-09-04,00850,元大臺灣ESG永續,1018796,94080563,92.00,92.75,91.75,92.65,1.6000,920
2026-09-04,00851,台新全球AI,45858,3224949,70.15,70.45,70.15,70.30,0.9000,90
2026-09-04,00852L,國泰美國道瓊正2,406503,14631542,36.00,36.01,35.94,36.01,0.8500,44
2026-09-04,00861,元大全球未來通訊,45835,3843295,83.25,85.00,83.25,84.25,1.7500,224
2026-09-04,00865B,國泰US短期公債,2092693,101894745,48.71,48.72,48.65,48.71,0.0000,522
2026-09-04,00875,國泰網路資安,100223,5334683,53.20,53.35,53.15,53.35,1.1500,164
2026-09-04,00876,元大全球5G,151616,12842604,84.55,85.45,84.45,85.00,1.3000,349
2026-09-04,00878,國泰永續高股息,58017725,1971994187,33.90,34.13,33.81,34.11,0.5300,18668
2026-09-04,00881,國泰台灣科技龍頭,16314746,817599489,50.40,50.60,49.79,50.35,0.5500,7078
2026-09-04,00882,中信中國高股息,5421339,81859822,15.05,15.14,15.04,15.09,0.1300,1184
2026-09-04,00885,富邦越南,4581590,86035431,18.55,18.90,18.51,18.83,0.3000,1339
2026-09-04,00891,中信關鍵半導體,7513202,261527193,34.98,35.08,34.55,34.96,0.5800,3368
2026-09-04,00892,富邦台灣半導體,3403649,138556184,41.05,41.10,40.43,40.90,0.6100,654
2026-09-04,00893,國泰智能電動車,627091,26640195,42.27,42.61,42.27,42.59,0.8800,379
2026-09-04,00894,中信小資高價30,372991,17573213,47.64,47.70,46.65,47.42,0.8200,647
2026-09-04,00895,富邦未來車,443553,22201553,50.30,50.30,49.95,50.20,1.1000,363
2026-09-04,00896,中信綠能及電動車,10022950,283252850,28.26,28.49,28.04,28.40,0.5400,3043
2026-09-04,00897,富邦基因免疫生技,756048,10113174,13.32,13.39,13.32,13.38,0.0800,265
2026-09-04,00898,國泰基因免疫革命,1019454,11230898,11.00,11.05,10.99,11.02,0.0500,267
2026-09-04,00899,FT潔淨能源,19996,462007,23.08,23.20,23.08,23.09,0.1400,122
2026-09-04,00900,富邦特選高股息30,9301609,182853168,19.64,19.78,19.55,19.75,0.2200,1997
2026-09-04,00901,永豐智能車供應鏈,221803,10213535,46.30,46.39,45.79,46.39,0.8900,156
2026-09-04,00902,中信電池及儲能,326870,4297626,13.21,13.21,13.11,13.17,0.1600,246
2026-09-04,00903,富邦元宇宙,278558,5924875,21.00,21.30,21.00,21.30,0.3500,170
2026-09-04,00904,台新臺灣半導體30,688884,27883070,40.58,40.78,40.19,40.53,0.5200,480
2026-09-04,00905,FT臺灣Smart,507250,13338577,26.35,26.47,26.10,26.41,0.3400,536
2026-09-04,00907,永豐優息存股,632573,11165098,17.61,17.74,17.58,17.74,0.1300,310
2026-09-04,00908,富邦入息REITs+,49884,761303,15.20,15.27,15.20,15.26,0.0600,58
2026-09-04,00909,國泰數位支付服務,4206663,203916999,48.34,48.68,48.33,48.66,3.8000,2919
2026-09-04,00910,第一金太空衛星,509001,28819209,56.55,57.05,56.35,57.05,0.5500,1078
2026-09-04,00911,兆豐洲際半導體,728018,36827025,50.70,50.95,50.25,50.95,0.7500,457
2026-09-04,00912,中信臺灣智慧50,80235,2807676,34.63,35.15,34.63,35.15,0.5300,208
2026-09-04,00913,兆豐台灣晶圓製造,689909,32628467,47.56,47.60,46.81,47.60,0.8800,429
2026-09-04,00915,凱基優選高股息30,2034188,66249834,32.46,32.72,32.40,32.64,0.3600,882
2026-09-04,00916,國泰全球品牌50,1597171,43313782,27.00,27.21,26.99,27.19,0.4800,641
2026-09-04,00917,中信特選金融,458126,11102769,24.17,24.27,24.11,24.27,0.3300,262
2026-09-04,00918,大華優利高填息30,59428621,2121906080,35.84,35.88,35.58,35.88,0.4200,15895
2026-09-04,00919,群益台灣精選高息,79166055,2603240195,32.70,33.02,32.66,33.02,0.5000,26169
2026-09-04,00920,富邦ESG綠色電力,95394,2346275,24.98,24.98,24.51,24.65,0.6700,182
2026-09-04,00921,兆豐龍頭等權重,766852,18843068,24.57,24.73,24.40,24.73,0.3100,433
2026-09-04,00922,國泰台灣領袖50,5169022,216957021,42.04,42.20,41.68,42.13,0.7000,2410
2026-09-04,00923,群益台ESG低碳50,3087750,123583649,40.16,40.24,39.69,40.14,0.6200,1830
2026-09-04,00924,復華S&P500成長,1412462,46971667,33.08,33.30,33.08,33.29,0.5000,857
2026-09-04,00926,凱基全球菁英55,114290,3035020,26.31,26.59,26.31,26.59,0.3200,180
2026-09-04,00927,群益半導體收益,7506879,274954982,36.81,36.90,36.36,36.80,0.5700,3049
2026-09-04,00929,復華台灣科技優息,24816752,724356937,29.30,29.43,28.91,29.40,0.5100,8610
2026-09-04,00930,永豐ESG低碳高息,1666396,40335572,24.28,24.31,24.10,24.31,0.3100,516
2026-09-04,00932,兆豐永續高息等權,470427,8229923,17.48,17.55,17.40,17.55,0.1500,208
2026-09-04,00934,中信成長高股息,2354992,71537512,30.44,30.65,30.04,30.56,0.5600,924
2026-09-04,00935,野村臺灣新科技50,8856362,516982120,58.80,58.95,57.70,58.65,1.2000,3952
2026-09-04,00936,台新永續高息中小,656540,14041720,21.40,21.50,21.24,21.42,0.1500,307
2026-09-04,00938,凱基優選30,1180487,31081417,26.10,26.46,26.10,26.46,0.3600,197
2026-09-04,00939,統一台灣高息動能,3612189,85803519,23.69,23.89,23.60,23.89,0.3200,976
2026-09-04,00940,元大台灣價值高息,23896929,309705274,12.89,13.03,12.85,13.01,0.2300,4884
2026-09-04,00941,中信上游半導體,546765,13479753,24.51,24.76,24.51,24.73,0.2500,554
2026-09-04,00943,兆豐電子高息等權,149191,3181404,21.28,21.50,21.15,21.50,0.3600,112
2026-09-04,00944,野村趨勢動能高息,217376,4648974,21.34,21.50,21.30,21.50,0.3400,176
2026-09-04,00945B,凱基美國非投等債,2926460,42196559,14.41,14.43,14.41,14.43,0.0200,342
2026-09-04,00946,群益科技高息成長,2988467,46185157,15.39,15.60,15.34,15.55,0.3100,774
2026-09-04,00947,台新臺灣IC設計,3775424,140534357,37.10,37.77,36.69,37.43,0.7400,1670
2026-09-04,00949,復華日本龍頭,327191,7201225,21.90,22.04,21.90,22.01,0.1900,241
2026-09-04,00951,台新日本半導體,1814732,30642394,16.85,17.02,16.75,17.00,0.6100,660
2026-09-04,00952,凱基台灣AI50,2619576,48153052,18.08,18.53,18.08,18.53,0.5200,485
2026-09-04,00953B,群益優選非投等債,25453254,243594106,9.57,9.58,9.56,9.57,0.0100,3506
2026-09-04,00954,中信日本半導體,1811109,32606679,18.00,18.13,17.89,18.12,0.6400,490
2026-09-04,00956,中信日經高股息,141670,1936343,13.74,13.74,13.64,13.66,0.0100,143
2026-09-04,00960,野村全球航運龍頭,592637,12603301,21.50,21.50,21.18,21.27,-0.0500,2593
2026-09-04,00961,FT臺灣永續高息,25097594,340173428,13.55,13.60,13.49,13.60,0.1800,4434
2026-09-04,00962,台新AI優息動能,3303028,51404306,15.52,15.67,15.45,15.66,0.3800,817
2026-09-04,00963,中信全球高股息,284227,3769199,13.27,13.30,13.24,13.30,0.0800,241
2026-09-04,00964,中信亞太高股息,1241241,18608688,14.99,15.04,14.95,15.04,0.1700,279
2026-09-04,00965,元大航太防衛科技,991624,24996133,25.15,25.24,25.15,25.24,0.3200,565
2026-09-04,00971,野村美國研發龍頭,417708,7371800,17.50,17.72,17.50,17.72,0.3300,175
2026-09-04,00972,野村日本動能高息,103557,2298498,22.24,22.24,22.15,22.18,-0.0900,42
2026-09-04,009800,中信NASDAQ,864536,11259842,13.04,13.07,12.99,13.07,0.2500,385
2026-09-04,009801,中信美國創新科技,546021,6125359,11.19,11.25,11.19,11.25,0.2100,263
2026-09-04,009802,富邦旗艦50,8272408,166211965,20.16,20.25,19.91,20.23,0.4600,1983
2026-09-04,009803,玉山市值動能50,4958157,109104109,22.09,22.16,21.87,22.14,0.3600,1882
2026-09-04,009804,聯邦台精彩50,1607477,36788852,23.00,23.10,22.77,23.07,0.4300,335
2026-09-04,009805,台新美國電力基建,5648064,84713593,14.95,15.04,14.95,15.04,0.2600,1553
2026-09-04,009808,華南永昌優選50,132476,4122731,31.00,31.28,30.99,31.28,0.5100,64
2026-09-04,009809,富邦淨零ESG50,607688,10909109,17.87,18.01,17.83,17.98,0.2600,71
2026-09-04,00980A,主動野村臺灣優選,7003637,171550562,24.72,24.77,24.16,24.72,0.5100,2210
2026-09-04,009810,玉山全球藍籌100,103445,2223861,21.35,21.52,21.32,21.52,0.2700,54
2026-09-04,009811,統一美國50,1153954,15455101,13.40,13.42,13.35,13.41,0.2300,365
2026-09-04,009812,野村日本東證,383303,4989291,13.03,13.05,12.99,13.03,0.1400,129
2026-09-04,009813,貝萊德標普卓越50,2709003,30786400,11.33,11.40,11.33,11.40,0.1800,394
2026-09-04,009816,凱基台灣TOP50,74456140,1176784208,15.82,15.90,15.72,15.90,0.2800,16985
2026-09-04,009817,國泰日本不動產,1028628,9348472,9.08,9.11,9.07,9.10,0.0700,151
2026-09-04,009818,華南永昌NASDAQxT,287962,5762453,19.74,20.06,19.74,20.05,0.4000,108
2026-09-04,009819,中信數據及電力,2814908,27333597,9.64,9.75,9.64,9.74,0.1400,1041
2026-09-04,00981A,主動統一台股增長,113174114,3344033416,29.77,29.86,29.16,29.77,0.6400,31157
2026-09-04,00981T,平衡凱基雙核收息,1903588,22522891,11.80,11.85,11.80,11.85,0.0600,210
2026-09-04,009820,元大納斯達克精選,4648045,45544876,9.73,9.83,9.73,9.82,0.1600,553
2026-09-04,009821,野村稀土關鍵資源,4356701,66002172,15.14,15.20,15.12,15.15,0.2400,1332
2026-09-04,009824,群益美國科技巨頭,14937916,151042204,10.09,10.16,10.08,10.15,0.1800,2141
2026-09-04,009826,貝萊德世界股票,6794962,68826397,10.11,10.16,10.10,10.16,0.1100,2236
2026-09-04,009827,玉山未來全球算力,16071928,162439251,10.05,10.20,10.04,10.20,0.2700,2682
2026-09-04,009828,中信台日韓PCB,103246680,964269916,9.50,9.50,9.18,9.43,0.1000,18450
2026-09-04,009829,大華韓國KOSPI50,19781160,205442155,10.33,10.55,10.25,10.50,0.4700,2099
2026-09-04,00982A,主動群益台灣強棒,15056672,342976406,22.95,23.03,22.39,22.96,0.5500,4100
2026-09-04,00982D,主動富邦動態入息,164573,1589833,9.68,9.68,9.64,9.66,0.0100,107
2026-09-04,00982T,平衡兆豐台美動能,111691,1753245,15.65,15.76,15.65,15.76,0.2300,59
2026-09-04,00983A,主動中信ARK創新,1855821,23596588,12.62,12.76,12.62,12.75,0.5400,654
2026-09-04,00983D,主動富邦複合收益,572841,5642731,9.87,9.87,9.84,9.86,0.0100,138
2026-09-04,00984A,主動安聯台灣高息,3896284,60571104,15.60,15.68,15.38,15.64,0.1700,1465
2026-09-04,00984D,主動聯博全球非投,23199067,229515923,9.91,9.91,9.89,9.90,-0.0100,2150
2026-09-04,00985A,主動野村台灣50,3380128,77881484,23.26,23.26,22.86,23.23,0.3900,1004
2026-09-04,00985B,群益ESG投等債0-5,6483604,65728394,10.14,10.15,10.12,10.15,0.0200,396
2026-09-04,00986A,主動台新龍頭成長,148958,2116305,14.20,14.26,14.18,14.25,0.2100,112
2026-09-04,00987A,主動台新優勢成長,1287588,21015215,16.53,16.55,16.03,16.40,0.2300,446
2026-09-04,00988A,主動統一全球創新,24690800,392560730,15.85,16.00,15.76,15.99,0.4600,6497
2026-09-04,00989A,主動摩根美國科技,741356,12549047,16.93,16.99,16.88,16.99,0.4600,161
2026-09-04,00990A,主動元大AI新經濟,35645099,529864644,14.86,15.22,14.77,14.96,0.3100,6437
2026-09-04,00991A,主動復華未來50,60208108,1056753053,17.70,17.79,17.24,17.73,0.4200,12336
2026-09-04,00991B,貝萊德A級公司債,835419,12330497,14.75,14.77,14.75,14.77,0.0000,22
2026-09-04,00992A,主動群益科技創新,41302146,753328429,18.46,18.49,17.94,18.47,0.4300,6496
2026-09-04,00993A,主動安聯台灣,2949755,38984817,13.35,13.39,13.03,13.34,0.2600,860
2026-09-04,00994A,主動第一金台股優,3821903,64107423,16.89,16.95,16.54,16.91,0.3300,765
2026-09-04,00995A,主動中信台灣卓越,3506619,60377569,17.37,17.37,16.96,17.25,0.2500,638
2026-09-04,00996A,主動兆豐台灣豐收,3728657,51503233,13.96,13.98,13.61,13.94,0.3400,641
2026-09-04,00997A,主動群益美國增長,7450875,81375020,10.97,10.98,10.87,10.97,0.1700,1501
2026-09-04,00999A,主動野村臺灣高息,16357713,187924984,11.56,11.59,11.38,11.54,0.1800,3028
2026-09-04,01001T,土銀富邦R1,169180,1894791,11.23,11.23,11.15,11.15,-0.0800,19
2026-09-04,01002T,土銀國泰R1,58000,754700,13.01,13.02,13.01,13.01,0.0000,17
2026-09-04,01004T,土銀富邦R2,79000,794840,10.06,10.10,10.05,10.06,0.0000,34
2026-09-04,01007T,兆豐國泰R2,88000,991540,11.26,11.29,11.26,11.26,-0.1000,63
2026-09-04,01009T,王道圓滿R1,18000,102100,5.68,5.68,5.66,5.68,0.0000,9
2026-09-04,01010T,京城樂富R1,95000,950000,10.00,10.00,10.00,10.00,0.0000,17
2026-09-04,020000,富邦特選蘋果N,102000,3163390,31.22,31.25,30.83,31.18,0.1400,33
2026-09-04,020011,統一微波高息20N,,,,,,,0.0000,
2026-09-04,020012,富邦行動通訊N,,,,,,,0.0000,
2026-09-04,02001L,富邦蘋果正二N,115000,15743900,138.85,139.10,134.70,138.05,6.3500,42
2026-09-04,020020,元大台股領航N,16000,461600,28.71,28.95,28.71,28.95,0.3000,9
2026-09-04,020028,元大特選電動車N,10000,213000,21.30,21.30,21.30,21.30,-0.1400,1
2026-09-04,020029,元大ESG高股息N,4000,77780,19.43,19.45,19.43,19.45,-0.0400,3
2026-09-04,020030,統一智慧電動車N,24000,473930,19.57,19.80,19.57,19.80,0.1600,5
2026-09-04,020031,統一IC設計臺灣N,,,,,,,0.0000,
2026-09-04,020032,元大綠能N,,,,,,,0.0000,
2026-09-04,020034,元大IC設計N,57000,873710,15.53,15.53,15.16,15.37,-0.1600,22
2026-09-04,020036,元大金融配息N,,,,,,,0.0000,
2026-09-04,020037,元大金融高股息N,6000,76860,12.76,12.82,12.76,12.82,0.0000,2
2026-09-04,020038,元大ESG配息N,1000,14960,14.96,14.96,14.96,14.96,-0.0900,1
2026-09-04,020039,元大加權N,2000,29570,14.77,14.80,14.77,14.80,0.0000,2
2026-09-04,1101,台泥,18895624,462918305,24.60,24.70,24.35,24.60,0.1500,5687
2026-09-04,1101B,台泥乙特,8289,360438,43.50,43.50,43.45,43.45,-0.1500,48
2026-09-04,1102,亞泥,4402567,154067883,35.20,35.25,34.75,35.10,-0.1000,2309
2026-09-04,1103,嘉泥,225637,2987742,13.25,13.30,13.20,13.30,0.0500,180
2026-09-04,1104,環泥,683091,18842309,27.80,27.80,27.45,27.70,-0.1000,787
2026-09-04,1108,幸福,426229,4938995,11.60,11.65,11.50,11.65,0.0500,170
2026-09-04,1109,信大,90488,1221913,13.50,13.55,13.45,13.50,0.0500,72
2026-09-04,1110,東泥,207934,3365271,16.00,16.35,16.00,16.30,0.2000,183
2026-09-04,1201,味全,455494,5548007,12.15,12.25,12.10,12.25,0.1000,296
2026-09-04,1203,味王,25709,1138878,43.65,45.35,43.65,44.70,1.5000,60
2026-09-04,1210,大成,926251,48241362,51.90,52.30,51.70,52.20,0.4000,784
2026-09-04,1213,大飲,5301,40138,7.47,7.70,7.47,7.70,0.2300,10
2026-09-04,1215,卜蜂,399725,43844378,110.00,110.50,108.50,110.50,0.5000,630
2026-09-04,1216,統一,6727435,507895823,75.80,75.80,75.10,75.60,0.0000,3269
2026-09-04,1217,愛之味,402005,4002902,9.96,9.99,9.93,9.95,-0.0100,395
2026-09-04,1218,泰山,757854,10931005,14.45,14.50,14.35,14.45,0.1000,309
2026-09-04,1219,福壽,142231,1644204,11.50,11.60,11.45,11.60,0.1000,127
2026-09-04,1220,台榮,43208,463026,10.70,10.75,10.70,10.70,0.0000,120
2026-09-04,1225,福懋油,211683,5296732,24.85,25.30,24.85,25.00,0.1000,138
2026-09-04,1227,佳格,418426,11937258,28.65,28.65,28.45,28.55,0.0000,357
2026-09-04,1229,聯華,1167970,48813943,42.10,42.10,41.60,41.85,-0.2500,3382
2026-09-04,1231,聯華食,288502,23144105,80.20,81.00,79.90,80.60,0.6000,947
2026-09-04,1232,大統益,107183,16801890,155.50,157.50,155.50,157.00,1.5000,174
2026-09-04,1233,天仁,15247,430315,28.50,28.50,28.00,28.00,-0.3000,25
2026-09-04,1234,黑松,79529,2654715,33.30,33.45,33.15,33.45,0.1500,108
2026-09-04,1235,興泰,12100,460950,37.50,38.60,37.50,38.05,0.0500,15
2026-09-04,1236,宏亞,93934,2448353,25.95,26.15,25.95,26.15,0.1000,137
2026-09-04,1256,鮮活果汁-KY,73843,12739336,174.00,174.50,171.50,173.00,0.0000,273
2026-09-04,1301,台塑,26921626,1752844824,66.50,66.90,64.10,66.00,0.3000,16617
2026-09-04,1303,南亞,67299234,15031119549,226.50,229.00,218.00,225.50,4.5000,48266
2026-09-04,1304,台聚,2068871,25446103,12.60,12.60,12.20,12.35,-0.1000,971
2026-09-04,1305,華夏,2186765,26639861,12.40,12.40,12.05,12.20,-0.1500,923
2026-09-04,1307,三芳,667231,20268866,30.40,30.50,30.30,30.45,0.1000,459
2026-09-04,1308,亞聚,1099385,15536885,14.45,14.45,14.00,14.15,-0.2500,572
2026-09-04,1309,台達化,1192472,16105248,13.65,13.65,13.40,13.65,0.0500,703
2026-09-04,1310,台苯,3093178,26680110,8.78,8.79,8.55,8.72,-0.1000,1413
2026-09-04,1312,國喬,33051814,477852348,15.05,15.10,14.15,14.60,-0.3000,10473
2026-09-04,1312A,國喬特,,,,,,,0.0000,
2026-09-04,1313,聯成,2009479,23794810,12.00,12.05,11.70,11.90,0.0000,886
2026-09-04,1314,中石化,16389736,132587166,8.15,8.21,8.02,8.12,0.0000,3950
2026-09-04,1315,達新,16915,1111797,65.80,65.90,65.60,65.80,0.1000,46
2026-09-04,1316,上曜,2288111,24353072,10.80,10.80,10.55,10.60,-0.1500,1039
2026-09-04,1319,東陽,1654806,135168018,81.70,82.80,80.60,82.60,1.2000,1243
2026-09-04,1321,大洋,73200,2370770,32.30,32.60,32.20,32.50,-0.1000,65
2026-09-04,1323,永裕,8422,179177,21.35,21.35,21.25,21.25,-0.1000,32
2026-09-04,1324,地球,55600,566852,10.10,10.25,10.00,10.10,-0.1500,43
2026-09-04,1325,恆大,142532,3612304,25.50,25.55,25.10,25.50,0.1000,116
2026-09-04,1326,台化,41291535,2844287406,70.00,70.80,67.40,69.80,0.1000,23371
2026-09-04,1337,再生-KY,212201,961376,4.56,4.59,4.51,4.57,0.0500,211
2026-09-04,1338,廣華-KY,33010,475998,14.45,14.45,14.40,14.45,0.0000,25
2026-09-04,1339,昭輝,107185,4595945,42.80,43.25,42.60,43.00,0.4000,124
2026-09-04,1340,勝悅-KY,126992,663881,5.26,5.26,5.16,5.23,0.0700,145
2026-09-04,1341,富林-KY,4004,237733,59.00,59.50,59.00,59.50,0.6000,7
2026-09-04,1342,八貫,87343,8957732,103.00,103.00,102.50,102.50,0.5000,103
2026-09-04,1402,遠東新,5541724,161227803,29.20,29.25,28.80,29.15,0.0500,2964
2026-09-04,1409,新纖,10734570,261467504,24.90,24.90,24.00,24.55,-0.0500,5230
2026-09-04,1410,南染,134868,3327420,24.75,24.95,24.50,24.55,0.0000,139
2026-09-04,1413,宏洲,23203,214228,9.37,9.37,9.18,9.19,0.1100,24
2026-09-04,1414,東和,243211,4315395,18.00,18.00,17.50,17.85,-0.0500,183
2026-09-04,1416,廣豐,233226,2734258,11.85,11.85,11.65,11.75,0.0500,155
2026-09-04,1417,嘉裕,93580,773001,8.29,8.32,8.21,8.28,-0.0100,107
2026-09-04,1418,東華,6217,109626,17.65,17.65,17.60,17.60,0.1500,22
2026-09-04,1419,新紡,45815,3048798,66.70,67.00,66.20,66.90,0.5000,114
2026-09-04,1423,利華,1288,45542,35.45,35.45,35.45,35.45,0.0000,10
2026-09-04,1432,大魯閣,94601,1421882,15.15,15.15,15.00,15.00,0.0000,210
2026-09-04,1434,福懋,1555115,28094974,18.15,18.20,17.90,18.20,0.1000,844
2026-09-04,1435,中福,33135,741530,21.05,23.10,21.05,22.00,0.9500,66
2026-09-04,1436,華友聯,128475,4909541,38.15,38.55,37.90,38.35,0.2000,238
2026-09-04,1437,勤益控,57017,1823849,31.95,32.10,31.80,32.05,0.1000,64
2026-09-04,1438,三地開發,23716,530258,22.30,22.40,22.30,22.40,0.1000,39
2026-09-04,1439,雋揚,11025,321222,29.20,29.20,28.95,29.10,0.2000,13
2026-09-04,1440,南紡,5324876,73129567,14.30,14.30,13.50,13.90,-0.3000,2119
2026-09-04,1441,大東,11626,102509,8.78,8.82,8.78,8.80,0.0000,89
2026-09-04,1442,名軒,186199,5537665,29.75,30.00,29.50,30.00,0.5000,126
2026-09-04,1443,立益物流,19140,455268,23.75,23.90,23.60,23.70,-0.1000,23
2026-09-04,1444,力麗,1918026,13538666,7.12,7.16,7.00,7.09,-0.0100,851
2026-09-04,1445,大宇,99505,1014424,10.15,10.35,10.15,10.15,-0.0500,33
2026-09-04,1446,宏和,89623,1204703,13.50,13.50,13.40,13.40,-0.0500,53
2026-09-04,1447,力鵬,1149095,7715465,6.78,6.88,6.66,6.71,-0.0400,536
2026-09-04,1449,佳和,325186,3967498,12.30,12.30,12.15,12.25,0.1000,184
2026-09-04,1451,年興,40827,703643,17.20,17.25,17.20,17.25,0.0000,82
2026-09-04,1452,宏益,74855,849493,11.30,11.40,11.25,11.35,0.0000,71
2026-09-04,1453,大將,22757,253544,11.05,11.20,11.05,11.15,0.0500,34
2026-09-04,1454,台富,20468,249238,12.05,12.30,12.05,12.15,0.0500,39
2026-09-04,1455,集盛,891137,8877875,10.10,10.10,9.93,9.96,-0.0100,642
2026-09-04,1456,怡華,55000,779400,14.20,14.30,14.00,14.00,0.0000,25
2026-09-04,1457,宜進,151236,2181956,14.50,14.50,14.35,14.50,0.1000,152
2026-09-04,1459,聯發,306543,4759991,15.50,15.70,15.45,15.65,0.3500,189
2026-09-04,1460,宏遠,244422,1612273,6.62,6.63,6.56,6.60,0.0400,144
2026-09-04,1463,強盛新,15492,269379,17.35,17.50,17.20,17.40,0.0500,35
2026-09-04,1464,得力,225463,2270479,10.05,10.15,10.00,10.10,0.0500,198
2026-09-04,1465,偉全,156805,1868938,11.90,12.05,11.85,11.90,-0.0500,163
2026-09-04,1466,聚隆,120192,1901038,15.65,15.95,15.65,15.95,0.2500,103
2026-09-04,1467,南緯,193561,1598441,8.33,8.33,8.16,8.19,-0.0200,209
2026-09-04,1468,昶和,71061,901562,12.75,13.00,12.55,13.00,0.1000,47
2026-09-04,1470,大統新創,31000,735100,23.70,24.25,23.50,23.90,0.0000,10
2026-09-04,1471,首利,226266,2201722,9.85,9.85,9.65,9.74,0.0100,111
2026-09-04,1472,三洋實業,27682,2473075,89.50,90.90,88.50,89.90,1.7000,28
2026-09-04,1473,台南,26702,537022,20.10,20.15,20.00,20.10,0.0000,39
2026-09-04,1474,弘裕,21477,214414,10.00,10.00,9.96,10.00,0.0100,29
2026-09-04,1475,業旺,12000,315150,26.50,26.65,26.10,26.40,0.1500,11
2026-09-04,1476,儒鴻,870350,272612478,314.50,316.00,312.00,313.00,-0.5000,1114
2026-09-04,1477,聚陽,984999,192363734,195.50,196.50,193.50,196.50,2.5000,896
2026-09-04,1503,士電,1280615,263665994,204.50,208.50,203.00,207.50,6.5000,1791
2026-09-04,1504,東元,4919804,354432618,72.50,73.00,71.20,72.20,1.2000,4566
2026-09-04,1506,正道,148462,1489591,10.05,10.10,10.00,10.10,0.0500,56
2026-09-04,1512,瑞利,78282,484672,6.21,6.25,6.18,6.25,0.0500,58
2026-09-04,1513,中興電,1475029,242550640,164.50,166.00,162.50,165.50,3.0000,1905
2026-09-04,1514,亞力,1169826,119391596,102.00,103.00,101.00,102.00,1.5000,2009
2026-09-04,1515,力山,1318907,40204658,31.30,31.50,30.00,30.80,-0.2000,1198
2026-09-04,1516,川飛,4540,65239,14.45,14.45,14.35,14.35,0.0000,43
2026-09-04,1517,利奇,284817,3096930,10.90,10.95,10.80,10.95,0.1500,259
2026-09-04,1519,華城,1702643,1261309624,730.00,755.00,724.00,746.00,24.0000,5137
2026-09-04,1521,大億,17551,451725,25.70,25.85,25.70,25.75,-0.0500,17
2026-09-04,1522,堤維西,522099,13998293,27.10,27.15,26.70,26.95,0.0000,478
2026-09-04,1522A,堤維西甲特,,,,,,,0.0000,
2026-09-04,1524,耿鼎,257060,6886943,26.80,26.90,26.65,26.90,0.1500,188
2026-09-04,1525,江申,36122,2386383,66.50,66.60,65.70,66.60,0.0000,47
2026-09-04,1526,日馳,123410,1939231,16.20,16.20,15.50,15.75,0.3500,103
2026-09-04,1527,鑽全,65919,2149119,32.55,32.70,32.50,32.70,0.0500,81
2026-09-04,1528,恩德,525394,9991705,18.75,19.20,18.75,19.15,0.4500,414
2026-09-04,1529,樂事綠能,496224,8151695,16.80,16.80,16.25,16.45,-0.2500,416
2026-09-04,1530,亞崴,20162,571544,28.30,28.50,28.25,28.25,-0.3500,47
2026-09-04,1531,高林股,176459,2107645,11.80,12.20,11.75,12.05,0.1500,157
2026-09-04,1532,勤美,169733,3910301,23.20,23.20,22.85,23.00,-0.0500,166
2026-09-04,1533,車王電,86609,2661469,31.20,31.20,30.50,30.95,-0.4500,94
2026-09-04,1535,中宇,22201,1008924,46.20,46.20,45.20,45.35,0.0500,26
2026-09-04,1536,和大,1176427,58136609,50.20,50.20,48.80,49.80,0.6000,911
2026-09-04,1537,廣隆,217745,25178597,116.00,116.00,115.00,115.50,-1.0000,402
2026-09-04,1538,正峰,218,1876,,,,,0.0000,2
2026-09-04,1539,巨庭,48414,752434,15.60,15.65,15.50,15.60,0.0000,35
2026-09-04,1540,喬福,119510,2360461,19.80,19.95,19.60,19.85,0.1500,134
2026-09-04,1541,錩泰,6099,130533,21.45,21.50,21.25,21.30,-0.2500,10
2026-09-04,1558,伸興,80444,8524818,106.00,106.50,105.50,106.50,0.5000,109
2026-09-04,1560,中砂,1570777,1094320259,728.00,731.00,683.00,695.00,-16.0000,4106
2026-09-04,1568,倉佑,268227,7807125,28.80,29.55,28.65,29.45,0.7500,212
2026-09-04,1582,信錦,302724,22292329,73.60,74.50,72.80,74.10,0.9000,336
2026-09-04,1583,程泰,10155,493540,48.25,48.95,48.25,48.95,0.7000,13
2026-09-04,1587,吉茂,131215,3152216,24.40,24.45,23.85,24.05,-0.1500,111
2026-09-04,1590,亞德客-KY,289906,402538681,1375.00,1415.00,1370.00,1395.00,20.0000,525
2026-09-04,1597,直得,7090442,1078318662,151.50,158.00,147.00,155.00,10.5000,6520
2026-09-04,1598,岱宇,233793,4708601,19.90,20.55,19.70,20.20,0.3000,196
2026-09-04,1603,華電,188210,5664006,30.40,30.40,29.85,30.40,0.0500,155
2026-09-04,1604,聲寶,226923,5337955,23.65,23.65,23.45,23.50,0.0500,166
2026-09-04,1605,華新,15702040,597285452,38.45,38.90,37.35,38.40,0.8000,7774
2026-09-04,1608,華榮,1715109,62425148,36.80,36.85,36.00,36.50,0.1500,1397
2026-09-04,1609,大亞,2202291,81801778,37.40,37.50,36.70,37.35,0.3500,1675
2026-09-04,1611,中電,438818,5137398,11.70,11.80,11.60,11.75,0.1000,326
2026-09-04,1612,宏泰,380239,13222758,34.95,35.05,34.55,34.85,0.1000,300
2026-09-04,1614,三洋電,68778,2108706,30.65,30.75,30.60,30.60,0.0500,59
2026-09-04,1615,大山,72692,3201814,44.20,44.20,43.90,44.00,-0.3000,78
2026-09-04,1616,億泰,235261,4440775,19.00,19.00,18.70,19.00,0.2000,149
2026-09-04,1617,榮星,290783,5401694,18.60,18.80,18.30,18.55,0.2500,239
2026-09-04,1618,合機,229424,9069831,39.70,39.75,39.40,39.65,0.1500,344
2026-09-04,1623,大東電,55139,11343960,210.00,210.00,203.50,208.00,1.0000,560
2026-09-04,1626,艾美特-KY,46167,444441,9.55,9.67,9.55,9.66,0.0300,41
2026-09-04,1702,南僑,170611,5531322,32.45,32.60,32.30,32.60,0.1500,146
2026-09-04,1707,葡萄王,179864,16318202,91.50,91.50,90.30,90.50,-0.2000,269
2026-09-04,1708,東鹼,2355430,120235449,51.80,51.90,50.40,51.20,0.6000,1634
2026-09-04,1709,和益,8132636,278989554,34.10,34.90,33.80,34.00,0.5500,5259
2026-09-04,1710,東聯,8694844,137799441,16.30,16.30,15.55,15.95,-0.2500,2885
2026-09-04,1711,永光,3891631,163148960,42.35,42.65,40.50,42.30,0.7500,3014
2026-09-04,1712,興農,594127,24078019,40.50,40.70,40.30,40.65,0.0500,606
2026-09-04,1713,國化,744550,32344248,44.00,44.00,43.30,43.45,-0.5000,341
2026-09-04,1714,和桐,9337144,154280885,16.75,16.85,16.25,16.65,0.1000,5118
2026-09-04,1717,長興,23667655,1778208185,78.00,78.50,73.10,76.10,-0.7000,17696
2026-09-04,1718,中纖,17782501,188006353,10.80,10.80,10.45,10.60,-0.1000,4397
2026-09-04,1720,生達,138309,7736480,56.40,56.40,55.80,56.00,0.0000,272
2026-09-04,1721,三晃,445734,8933853,20.20,20.40,19.80,20.40,0.4000,322
2026-09-04,1722,台肥,1890696,84755852,45.00,45.05,44.65,44.80,0.1500,1164
2026-09-04,1723,中碳,822693,70334696,86.50,86.50,84.60,86.00,-0.9000,1020
2026-09-04,1725,元禎,40132,1277110,31.90,32.00,31.50,32.00,0.6500,42
2026-09-04,1726,永記,14000,1079800,77.20,77.40,77.00,77.40,0.5000,14
2026-09-04,1727,中華化,5890316,544274351,90.00,95.20,88.20,94.70,5.5000,5769
2026-09-04,1730,花仙子,12078,622423,51.70,51.70,51.40,51.50,0.0000,35
2026-09-04,1731,美吾華,98682,2068738,21.00,21.00,20.90,20.95,0.0500,95
2026-09-04,1732,毛寶,40655,1054172,25.85,26.10,25.85,26.10,0.2500,54
2026-09-04,1733,五鼎,246259,7960819,32.25,32.45,32.15,32.35,0.1000,195
2026-09-04,1734,杏輝,117624,3597746,30.60,30.70,30.45,30.60,0.0000,184
2026-09-04,1735,日勝化,39609,800460,20.10,20.45,20.05,20.25,0.1500,57
2026-09-04,1736,喬山,137123,17066009,124.00,125.50,123.00,125.50,3.5000,211
2026-09-04,1737,臺鹽,282361,8672252,30.65,30.90,30.60,30.65,0.0000,375
2026-09-04,1752,南光,29128,922939,31.80,31.85,31.50,31.85,0.4000,28
2026-09-04,1760,寶齡富錦,155052,8721281,56.40,56.80,56.00,56.30,0.0000,143
2026-09-04,1762,中化生,99270,3539614,35.90,36.20,35.40,35.75,-0.1500,132
2026-09-04,1773,勝一,432260,70190557,163.50,164.50,160.00,162.50,1.5000,543
2026-09-04,1776,展宇,25000,427550,17.25,17.25,17.00,17.20,0.2000,16
2026-09-04,1783,和康生,71794,2758227,38.65,38.95,38.30,38.30,-0.5000,166
2026-09-04,1786,科妍,231246,10656982,44.90,47.65,44.55,47.05,2.7500,255
2026-09-04,1789,神隆,347013,6598230,19.00,19.15,18.90,19.10,0.2000,219
2026-09-04,1795,美時,750900,135937148,182.00,183.00,179.50,182.00,0.5000,1104
2026-09-04,1802,台玻,20537951,1207838626,60.10,60.70,57.50,59.10,0.5000,12888
2026-09-04,1805,寶徠,38009,385039,10.15,10.15,10.10,10.10,-0.0500,21
2026-09-04,1806,冠軍,333200,2671538,8.02,8.05,8.01,8.04,0.0200,151
2026-09-04,1808,潤隆,1770833,61752009,35.50,35.50,34.55,34.70,-1.1000,1606
2026-09-04,1809,中釉,1120950,42070290,37.95,38.25,36.70,37.75,0.6500,988
2026-09-04,1810,和成,2477267,59685133,24.55,24.55,23.90,24.25,0.2500,1120
2026-09-04,1817,凱撒衛,18713,750585,40.15,40.15,40.05,40.05,0.0000,47
2026-09-04,1903,士紙,55123,2618757,47.50,47.70,47.40,47.65,0.0500,57
2026-09-04,1904,正隆,1652062,41124407,25.30,25.30,24.75,24.80,-0.3000,1157
2026-09-04,1905,華紙,1518467,20492909,13.90,13.90,13.35,13.50,-0.1500,767
2026-09-04,1906,寶隆,16715,186620,11.10,11.25,11.05,11.20,0.0000,30
2026-09-04,1907,永豐餘,1034877,30886047,30.30,30.35,29.65,29.85,-0.4500,825
2026-09-04,1909,榮成,2960356,32492692,11.10,11.20,10.85,11.00,-0.1500,876
2026-09-04,2002,中鋼,14449723,275414448,19.15,19.15,19.00,19.10,0.1000,4841
2026-09-04,2002A,中鋼特,7098,264853,37.30,37.35,37.30,37.30,0.1500,10
2026-09-04,2006,東和鋼鐵,1379368,112491251,82.60,82.70,81.20,81.60,-1.0000,3227
2026-09-04,2007,燁興,109271,759422,7.00,7.00,6.93,7.00,0.0700,82
2026-09-04,2008,高興昌,12343,380062,30.75,30.95,30.75,30.80,0.3000,22
2026-09-04,2009,第一銅,1090587,42796420,39.70,39.90,38.85,39.40,0.2000,907
2026-09-04,2010,春源,803093,18020979,22.60,22.60,22.35,22.55,0.0000,408
2026-09-04,2012,春雨,66317,957589,14.50,14.50,14.35,14.50,0.0500,74
2026-09-04,2013,中鋼構,46346,1931583,41.75,41.75,41.50,41.75,0.0500,94
2026-09-04,2014,中鴻,1688324,28569793,17.05,17.05,16.85,17.00,0.1000,777
2026-09-04,2015,豐興,191579,12364578,64.40,64.90,64.10,64.90,0.5000,181
2026-09-04,2017,官田鋼,588119,5327892,9.04,9.19,9.00,9.15,0.1500,386
2026-09-04,2020,美亞,261361,5707380,21.80,21.95,21.75,21.85,0.0500,218
2026-09-04,2022,聚亨,221339,1665468,7.60,7.65,7.46,7.55,-0.0400,200
2026-09-04,2023,燁輝,743607,10279362,13.90,13.90,13.70,13.85,0.0500,391
2026-09-04,2024,志聯,6052,80183,13.25,13.25,13.25,13.25,0.0000,22
2026-09-04,2025,千興,254736,3214836,12.75,12.75,12.55,12.70,0.0500,151
2026-09-04,2027,大成鋼,17349221,863118634,50.70,50.80,49.00,50.20,0.0000,14711
2026-09-04,2028,威致,65045,1022851,15.70,15.75,15.65,15.75,0.1000,47
2026-09-04,2029,盛餘,325010,7048620,21.90,21.90,21.55,21.80,-0.1000,170
2026-09-04,2030,彰源,2348312,54922640,23.50,23.75,23.00,23.45,0.0500,1476
2026-09-04,2031,新光鋼,808729,36186868,45.30,45.40,44.40,44.95,-0.4000,1147
2026-09-04,2032,新鋼,320444,5467085,17.05,17.30,16.95,17.30,0.4000,145
2026-09-04,2033,佳大,1673188,43256145,25.15,26.65,24.45,26.05,0.5000,1196
2026-09-04,2034,允強,3109891,64974295,20.70,21.10,20.50,21.10,0.4500,1456
2026-09-04,2038,海光,239542,3022890,12.60,12.80,12.50,12.75,0.1500,254
2026-09-04,2049,上銀,4629639,1640396315,350.00,364.00,342.00,363.00,18.5000,5990
2026-09-04,2059,川湖,476556,6485707205,13890.00,14050.00,13150.00,13860.00,410.0000,6390
2026-09-04,2062,橋椿,129659,2507147,19.30,19.40,19.25,19.40,0.1500,121
2026-09-04,2069,運錩,276772,5805280,21.15,21.30,20.80,21.00,0.0500,200
2026-09-04,2072,世紀風電,454223,61770645,138.50,138.50,135.00,136.00,-2.0000,750
2026-09-04,2101,南港,745924,23406999,31.65,31.65,31.30,31.35,-0.0500,410
2026-09-04,2102,泰豐,181082,3298213,18.25,18.35,18.15,18.25,0.0000,195
2026-09-04,2103,台橡,3274701,91675885,28.20,28.30,27.70,28.25,0.3000,1460
2026-09-04,2104,國際中橡,2238720,23008532,10.45,10.45,10.20,10.30,0.0000,992
2026-09-04,2105,正新,2051707,63269547,30.80,30.95,30.65,30.95,0.2500,1547
2026-09-04,2106,建大,628048,10813226,17.20,17.35,17.10,17.30,0.1000,426
2026-09-04,2107,厚生,108761,2908624,26.80,26.85,26.65,26.80,0.0500,121
2026-09-04,2108,南帝,614304,18181711,30.35,30.35,29.25,29.70,-0.1500,489
2026-09-04,2109,華豐,56407,836887,14.85,14.90,14.80,14.80,0.0000,62
2026-09-04,2114,鑫永銓,18108,1610522,89.00,89.40,88.80,88.80,-0.4000,116
2026-09-04,2115,六暉-KY,39050,929989,23.80,24.10,23.70,23.80,0.0000,30
2026-09-04,2201,裕隆,5753813,178431830,31.15,31.25,30.85,31.10,-0.3000,3524
2026-09-04,2204,中華,522421,28235182,54.50,54.50,53.80,54.10,-0.3000,569
2026-09-04,2206,三陽工業,510772,32133281,63.10,63.40,62.40,63.40,0.3000,535
2026-09-04,2207,和泰車,388294,207397224,521.00,539.00,521.00,539.00,18.0000,980
2026-09-04,2208,台船,2173173,40901124,18.90,19.05,18.75,18.80,-0.0500,1127
2026-09-04,2211,長榮鋼,357617,29682522,83.60,83.60,82.70,83.00,-0.6000,560
2026-09-04,2227,裕日車,39553,1877642,47.50,47.90,47.10,47.65,0.0500,71
2026-09-04,2228,劍麟,141080,10437039,74.30,74.50,73.50,73.80,-0.5000,383
2026-09-04,2231,為升,147374,13344598,91.20,91.40,90.00,90.60,0.6000,199
2026-09-04,2233,宇隆,460742,76711696,166.00,169.00,164.00,168.50,3.5000,566
2026-09-04,2236,百達-KY,148367,18313156,125.50,126.50,121.50,121.50,-3.0000,137
2026-09-04,2237,華德動能-創,176160,4867725,27.70,27.90,27.50,27.70,0.0000,105
2026-09-04,2239,英利-KY,33036,656155,19.80,20.00,19.75,19.85,0.1000,33
2026-09-04,2241,艾姆勒,458358,16044910,34.40,36.10,34.20,35.35,1.1000,417
2026-09-04,2243,宏旭-KY,300575,13664013,44.50,46.50,43.85,46.00,2.1000,273
2026-09-04,2247,汎德永業,40934,9446806,231.00,231.50,229.50,231.50,2.0000,83
2026-09-04,2248,華勝-KY,42261,2594955,61.50,62.30,61.00,61.50,-0.2000,43
2026-09-04,2250,IKKA-KY,44061,2530396,57.50,58.00,56.80,57.60,0.5000,40
2026-09-04,2254,巨鎧精密-創,1536055,95277510,62.00,62.70,61.40,62.10,0.1000,590
2026-09-04,2258,鴻華先進-創,657298,19835911,30.50,30.90,30.00,30.30,0.2000,405
2026-09-04,2301,光寶科,27528977,8524055944,308.00,316.00,302.00,308.00,9.0000,25000
2026-09-04,2302,麗正,3020957,129718591,43.30,43.95,41.40,43.10,0.7500,2442
2026-09-04,2303,聯電,142867105,18470733693,128.50,131.00,126.50,130.00,5.0000,72525
2026-09-04,2305,全友,12795506,390331818,30.40,31.80,29.05,30.85,0.7500,7147
2026-09-04,2308,台達電,9195063,16707356595,1810.00,1850.00,1790.00,1825.00,65.0000,29993
2026-09-04,2312,金寶,11344593,371681086,32.20,33.15,32.10,32.85,1.0500,6100
2026-09-04,2313,華通,51923966,12859676469,246.50,255.00,238.00,249.50,13.5000,46853
2026-09-04,2314,台揚,73769,830701,11.50,11.50,11.15,11.35,-0.1500,110
2026-09-04,2316,楠梓電,2704675,426428022,157.50,165.00,154.00,155.00,2.0000,2587
2026-09-04,2317,鴻海,49402342,12576410974,252.50,256.00,251.00,256.00,8.5000,40906
2026-09-04,2321,東訊,4023,58208,14.50,14.50,14.50,14.50,0.0000,17
2026-09-04,2323,中環,5015060,54034306,10.90,10.95,10.65,10.80,-0.0500,1567
2026-09-04,2324,仁寶,141506043,5781097796,39.00,42.10,39.00,41.60,2.8500,57604
2026-09-04,2327,國巨*,57702985,31856140839,535.00,562.00,532.00,562.00,51.0000,84043
2026-09-04,2328,廣宇,1003854,46549501,46.30,46.70,45.80,46.60,0.8000,888
2026-09-04,2329,華泰,1438258,61397501,42.45,43.05,42.35,42.90,0.6500,1335
2026-09-04,2330,台積電,14102018,33917316870,2415.00,2415.00,2390.00,2410.00,20.0000,43438
2026-09-04,2331,精英,1404987,27504783,19.55,19.75,19.35,19.60,0.3500,628
2026-09-04,2332,友訊,20151630,387296042,19.05,19.80,18.65,19.55,0.9000,7750
2026-09-04,2337,旺宏,29768667,3559413747,120.50,123.00,116.50,121.50,4.5000,21222
2026-09-04,2338,光罩,746049,28595955,38.70,38.85,37.90,38.60,0.5500,792
2026-09-04,2340,台亞,2360654,79603197,33.65,34.65,32.75,34.05,0.8500,1836
2026-09-04,2342,茂矽,1592793,62806148,40.20,40.55,38.55,39.70,0.2000,1435
2026-09-04,2344,華邦電,100505993,17191041947,174.00,176.00,165.50,174.00,5.0000,78711
2026-09-04,2345,智邦,2163787,4571878280,2145.00,2190.00,2075.00,2100.00,10.0000,5477
2026-09-04,2347,聯強,5869385,515072011,87.20,88.40,86.70,88.00,1.6000,2984
2026-09-04,2348,海悅,286185,20544348,70.80,72.40,70.70,72.10,1.0000,473
2026-09-04,2348A,海悅甲特,36142,1391766,38.50,38.60,38.50,38.55,0.0500,17
2026-09-04,2349,錸德,1141475,12406127,11.05,11.05,10.80,10.95,0.1000,472
2026-09-04,2351,順德,6731626,1581202815,230.00,239.50,226.50,239.50,16.5000,9805
2026-09-04,2352,佳世達,7864250,228813780,28.95,29.30,28.75,29.25,0.7500,3364
2026-09-04,2353,宏碁,40071025,1305114004,31.95,33.05,31.95,32.70,1.4500,16502
2026-09-04,2354,鴻準,12470759,814039696,65.40,66.00,64.60,65.60,1.9000,9109
2026-09-04,2355,敬鵬,1236989,52821057,42.40,43.65,42.00,42.80,0.9500,1317
2026-09-04,2356,英業達,27074525,1821646579,66.30,67.90,66.20,67.50,2.5000,14896
2026-09-04,2357,華碩,5102743,5168660572,988.00,1030.00,986.00,1025.00,54.0000,11255
2026-09-04,2359,所羅門,2839159,402171813,142.00,143.50,139.50,142.00,1.5000,2883
2026-09-04,2360,致茂,1618618,3291340550,2095.00,2150.00,1975.00,2030.00,15.0000,3385
2026-09-04,2362,藍天,2070709,100875306,47.75,49.30,47.75,49.30,2.0500,1582
2026-09-04,2363,矽統,1964400,99852794,50.70,51.20,50.40,51.10,1.0000,1806
2026-09-04,2364,倫飛,285482,19153856,66.20,67.60,66.10,67.40,1.4000,280
2026-09-04,2365,昆盈,743600,21703210,29.50,29.50,28.85,29.15,0.0000,674
2026-09-04,2367,燿華,3650974,157294469,43.40,44.20,42.30,43.10,0.8000,3286
2026-09-04,2368,金像電,9549227,10209436370,1140.00,1145.00,1030.00,1045.00,-55.0000,25296
2026-09-04,2369,菱生,2779791,85826046,31.10,31.20,30.40,31.05,0.6500,1838
2026-09-04,2371,大同,7257358,201434248,27.95,28.20,27.30,28.15,0.5500,3442
2026-09-04,2373,震旦行,33919,1797677,52.80,53.40,52.80,53.20,0.3000,65
2026-09-04,2374,佳能,1527219,103787517,68.80,69.00,67.10,68.30,0.4000,1589
2026-09-04,2375,凱美,6198270,770602308,124.00,127.00,121.00,125.00,7.0000,5332
2026-09-04,2376,技嘉,7465984,2688078160,352.50,365.50,352.50,361.00,10.5000,8204
2026-09-04,2377,微星,23321408,3714731589,153.00,163.00,153.00,161.50,11.0000,19082
2026-09-04,2379,瑞昱,1403920,1003024735,710.00,725.00,706.00,713.00,6.0000,2810
2026-09-04,2380,虹光,57979,1059097,18.45,18.45,18.15,18.20,0.0000,202
2026-09-04,2382,廣達,20571056,7095877034,340.50,347.00,340.50,345.00,10.0000,20864
2026-09-04,2383,台光電,1701788,9122954390,5390.00,5515.00,5255.00,5415.00,125.0000,11633
2026-09-04,2385,群光,3413888,374587094,108.50,111.00,108.00,110.50,3.0000,2620
2026-09-04,2387,精元,354164,12902964,36.70,36.70,36.30,36.40,-0.2000,319
2026-09-04,2388,威盛,14272565,1151365614,75.40,82.40,75.40,81.40,6.4000,10256
2026-09-04,2390,云辰,391211,3987345,10.30,10.30,10.10,10.25,0.1500,283
2026-09-04,2392,正崴,3267943,148024712,45.60,46.00,44.55,45.60,0.2500,2677
2026-09-04,2393,億光,787223,50786130,65.30,65.30,64.10,64.80,0.2000,792
2026-09-04,2395,研華,5020071,3559124419,688.00,727.00,685.00,711.00,37.0000,7831
2026-09-04,2397,友通,204498,12653278,62.40,62.50,61.20,62.20,0.8000,298
2026-09-04,2399,映泰,11766820,552377023,45.00,47.80,44.35,47.30,2.9000,7329
2026-09-04,2401,凌陽,2130021,54191980,25.30,25.70,25.00,25.70,0.8500,1298
2026-09-04,2402,毅嘉,1420518,81204982,58.00,58.40,56.40,57.10,-0.2000,1410
2026-09-04,2404,漢唐,1780078,1861523700,1040.00,1085.00,1010.00,1070.00,35.0000,5829
2026-09-04,2405,輔信,921648,13928694,15.10,15.25,15.00,15.10,0.1000,575
2026-09-04,2406,國碩,3061571,82902324,27.40,27.40,26.75,27.25,0.2000,2096
2026-09-04,2408,南亞科,75118695,36433061345,490.50,496.00,470.00,496.00,18.5000,83002
2026-09-04,2409,友達,158253125,4252112854,27.35,27.65,26.35,26.80,0.2500,56701
2026-09-04,2412,中華電,7383449,1016319907,138.00,138.00,137.00,137.50,-0.5000,4196
2026-09-04,2413,環科,4428068,199808945,41.90,45.80,41.90,45.80,4.1500,3649
2026-09-04,2414,精技,50786,2659537,52.30,52.50,52.10,52.50,0.1000,76
2026-09-04,2415,錩新,123437,3472254,28.05,28.70,27.90,28.20,0.3000,122
2026-09-04,2417,圓剛,378620,15944973,42.15,42.70,41.65,42.40,0.7000,480
2026-09-04,2419,仲琦,3179347,86683347,27.50,27.55,27.00,27.10,-0.2000,2028
2026-09-04,2420,新巨,206377,11257897,54.80,54.80,54.40,54.40,0.0000,517
2026-09-04,2421,建準,8051994,1395253384,168.50,179.00,166.00,178.00,13.5000,8515
2026-09-04,2423,固緯,112258,8204033,74.00,74.00,72.50,73.60,0.4000,146
2026-09-04,2424,隴華,24412,197608,8.18,8.18,8.02,8.02,0.0000,17
2026-09-04,2425,承啟,969164,35861140,36.50,38.00,36.35,37.90,1.5500,1097
2026-09-04,2426,鼎元,62192930,6273693508,98.00,104.50,95.20,104.50,9.5000,43510
2026-09-04,2427,三商電,220034,4855792,21.95,22.20,21.90,22.20,0.3000,256
2026-09-04,2428,興勤,2467223,637880356,250.00,263.00,250.00,260.00,15.5000,2814
2026-09-04,2429,銘旺科,269146,8411316,31.20,31.60,30.90,31.50,0.4000,275
2026-09-04,2430,燦坤,50888,905320,17.80,17.90,17.65,17.85,0.0500,79
2026-09-04,2431,聯昌,64269,648952,10.15,10.15,10.05,10.10,0.0500,49
2026-09-04,2432,倚天酷碁-創,15214,411870,27.00,27.20,26.95,27.15,0.2500,17
2026-09-04,2433,互盛電,34767,1443332,41.55,41.65,41.40,41.60,0.0500,42
2026-09-04,2434,統懋,1775042,117912284,65.20,68.40,65.00,67.30,3.2000,1562
2026-09-04,2436,偉詮電,2148121,139790734,65.50,66.20,64.10,65.20,0.1000,2109
2026-09-04,2438,翔耀,905569,20168285,22.50,23.00,21.10,21.90,-0.1500,653
2026-09-04,2439,美律,1030060,79901964,77.90,78.30,77.20,77.90,0.3000,856
2026-09-04,2440,太空梭,302298,4266273,14.15,14.20,14.00,14.20,0.0500,199
2026-09-04,2441,超豐,2382848,274336413,115.00,116.50,113.50,116.00,2.5000,1602
2026-09-04,2442,新美齊,2896580,55755197,19.30,19.35,19.15,19.30,0.0000,1410
2026-09-04,2444,兆勁,263506,2873140,10.80,11.05,10.80,10.80,0.0000,189
2026-09-04,2449,京元電子,15925999,4179234514,265.00,267.50,259.00,262.00,1.0000,19476
2026-09-04,2450,神腦,153029,4315382,28.20,28.30,28.05,28.25,0.0500,163
2026-09-04,2451,創見,4821567,1367541515,288.00,292.00,280.00,284.50,-1.5000,5919
2026-09-04,2453,凌群,155758,8078363,52.00,52.00,51.80,51.80,0.0000,185
2026-09-04,2454,聯發科,9051589,39901626245,4435.00,4490.00,4340.00,4415.00,75.0000,47659
2026-09-04,2455,全新,24125544,12429070854,548.00,548.00,492.50,528.00,3.0000,28058
2026-09-04,2457,飛宏,804555,18230347,22.80,22.85,22.45,22.75,0.2000,520
2026-09-04,2458,義隆,1513536,201074064,133.00,134.00,131.50,133.00,0.0000,1757
2026-09-04,2459,敦吉,52489,3483398,66.40,67.00,66.10,66.40,0.1000,75
2026-09-04,2460,建通,121096,3430798,28.50,28.50,28.15,28.50,0.2500,135
2026-09-04,2461,光群雷,832211,15092057,18.50,18.50,18.00,18.25,-0.0500,436
2026-09-04,2462,良得電,187550,3730678,19.80,20.00,19.65,20.00,0.3000,175
2026-09-04,2464,盟立,54753350,11658495126,223.50,224.00,203.00,211.00,-11.0000,56325
2026-09-04,2465,麗臺,5766066,563908226,97.50,102.00,94.40,99.20,3.0000,4453
2026-09-04,2466,冠西電,788259,76342048,95.10,98.50,95.10,97.20,2.5000,716
2026-09-04,2467,志聖,1244842,742998215,620.00,622.00,570.00,603.00,8.0000,2879
2026-09-04,2468,華經,236310,7905137,33.05,33.90,32.80,33.90,1.1000,179
2026-09-04,2471,資通,74100,3718314,49.85,50.40,49.85,50.20,0.2000,157
2026-09-04,2472,立隆電,3532039,784431017,214.50,227.00,214.50,225.00,18.0000,5302
2026-09-04,2474,可成,2055216,428085505,209.50,210.00,207.00,209.50,3.0000,1812
2026-09-04,2476,鉅祥,1628089,196880466,124.50,124.50,119.50,121.00,-1.5000,7063
2026-09-04,2477,美隆電,136037,2938044,21.85,21.85,21.45,21.65,0.1000,511
2026-09-04,2478,大毅,5868369,724854167,117.50,125.50,117.50,125.50,11.0000,5436
2026-09-04,2480,敦陽科,109129,17004263,157.00,157.00,155.00,156.00,0.5000,191
2026-09-04,2481,強茂,71771734,11002218111,161.00,161.50,146.00,156.00,0.0000,58593
2026-09-04,2482,連宇,141632,2268646,15.90,16.25,15.80,16.10,0.2000,171
2026-09-04,2483,百容,898009,29999143,33.90,34.40,32.85,33.35,-0.1500,689
2026-09-04,2484,希華,5947607,420485606,71.00,72.50,69.30,70.40,0.3000,4792
2026-09-04,2485,兆赫,1944821,80646101,41.50,42.55,40.85,41.30,0.6000,1873
2026-09-04,2486,一詮,12714300,3262262979,265.00,265.00,250.50,256.00,-3.5000,20025
2026-09-04,2488,漢平,67607,3280205,48.65,48.65,48.40,48.55,0.1500,81
2026-09-04,2489,瑞軒,30904519,1248541314,41.05,41.45,39.20,41.00,0.1000,17555
2026-09-04,2491,吉祥全,3035624,130625562,44.85,44.85,41.70,42.00,-3.0000,2402
2026-09-04,2492,華新科,27375569,8064570394,282.50,298.50,282.50,298.50,27.0000,26725
2026-09-04,2493,揚博,821388,146941646,182.00,183.50,175.00,181.50,2.5000,1134
2026-09-04,2495,普安,1297422,48418868,37.00,38.45,36.05,37.45,0.5500,1229
2026-09-04,2496,卓越,8432,462898,54.90,55.00,54.50,55.00,0.5000,21
2026-09-04,2497,怡利電,249790,11175009,44.85,45.30,44.30,45.00,0.3500,221
2026-09-04,2498,宏達電,9265593,389555041,42.35,42.55,41.60,41.60,0.0000,5348
2026-09-04,2501,國建,1580752,35515624,22.50,22.65,22.30,22.55,0.0500,806
2026-09-04,2504,國產,1164094,36403514,31.60,31.60,31.15,31.25,-0.2500,706
2026-09-04,2505,國揚,205032,3486582,17.00,17.20,16.85,17.20,0.2000,122
2026-09-04,2506,太設,138525,1180405,8.52,8.54,8.50,8.53,-0.0100,75
2026-09-04,2509,全坤建,115508,1718750,14.95,15.00,14.75,14.95,0.0000,95
2026-09-04,2511,太子,1490016,12553875,8.40,8.46,8.38,8.43,0.0900,539
2026-09-04,2514,龍邦,106986,1250478,11.75,11.80,11.60,11.80,0.1000,109
2026-09-04,2515,中工,2645552,32005220,12.05,12.20,12.00,12.15,0.2000,831
2026-09-04,2516,新建,130893,1848609,14.00,14.25,13.90,14.20,0.2500,130
2026-09-04,2520,冠德,3575465,132635184,37.10,37.55,36.45,37.10,0.2000,2737
2026-09-04,2524,京城,53919,1862720,34.15,34.75,34.10,34.70,0.7000,94
2026-09-04,2527,宏璟,389304,16800909,43.35,43.80,42.85,42.95,-0.2500,397
2026-09-04,2528,皇普,286346,5745906,19.80,20.25,19.80,20.25,0.4500,197
2026-09-04,2530,華建,1303433,25990317,19.65,20.20,19.55,20.15,0.6000,835
2026-09-04,2534,宏盛,341644,5813319,17.00,17.15,16.90,17.10,-0.0500,278
2026-09-04,2535,達欣工,156836,13946548,88.50,89.60,88.40,89.40,0.8000,392
2026-09-04,2536,宏普,1211805,23259801,19.00,19.80,18.65,19.20,0.4000,672
2026-09-04,2537,聯上發,677936,7917513,11.65,11.80,11.55,11.65,0.0000,335
2026-09-04,2538,基泰,538369,4755581,8.96,8.96,8.77,8.89,0.0000,317
2026-09-04,2539,櫻花建,840293,29521055,35.55,35.55,34.95,35.00,-0.1000,1005
2026-09-04,2540,愛山林,251467,11849237,46.80,47.35,46.80,47.15,0.0000,378
2026-09-04,2542,興富發,6938993,335815733,48.65,48.75,48.10,48.55,-0.1000,5131
2026-09-04,2543,皇昌,430616,16547805,38.40,38.70,38.30,38.45,0.1000,415
2026-09-04,2545,皇翔,206574,7191333,34.75,34.90,34.60,34.85,0.2000,220
2026-09-04,2546,根基,153701,16477999,106.00,108.00,106.00,107.50,0.5000,486
2026-09-04,2547,日勝生,1329476,13285537,10.00,10.05,9.95,9.98,-0.0100,534
2026-09-04,2548,華固,598093,56388731,93.60,94.70,93.50,94.60,1.1000,706
2026-09-04,2597,潤弘,130510,22041413,169.50,171.00,167.00,169.00,1.0000,207
2026-09-04,2601,益航,1738088,11777009,6.69,6.98,6.69,6.79,0.0500,1168
2026-09-04,2603,長榮,17620657,4084716502,238.00,238.50,228.50,233.00,-6.0000,15292
2026-09-04,2605,新興,9121757,326911269,36.00,36.60,35.30,35.85,0.3500,4277
2026-09-04,2606,裕民,7702734,600112373,79.00,79.90,76.10,78.20,0.0000,8350
2026-09-04,2607,榮運,352808,18821714,53.90,53.90,53.10,53.50,0.1000,308
2026-09-04,2608,嘉里大榮,254658,7242054,28.55,28.55,28.40,28.50,0.0500,184
2026-09-04,2609,陽明,29297988,1704482035,58.00,59.30,57.20,58.20,0.4000,19568
2026-09-04,2610,華航,13363037,272370750,20.55,20.60,20.30,20.45,-0.1000,4294
2026-09-04,2611,志信,547197,7895680,14.65,14.65,14.35,14.45,-0.1000,399
2026-09-04,2612,中航,996828,63176409,63.60,64.90,62.30,63.30,0.0000,1312
2026-09-04,2613,中櫃,357182,8059655,22.85,22.85,22.35,22.70,0.2000,351
2026-09-04,2614,東森,471370,8568407,18.25,18.35,18.05,18.30,0.1500,429
2026-09-04,2615,萬海,19809367,2269973354,115.00,118.50,111.50,115.00,-0.5000,17264
2026-09-04,2616,山隆,82134,1100789,13.40,13.45,13.35,13.45,0.0000,215
2026-09-04,2617,台航,2542585,82663408,32.80,32.95,32.00,32.45,0.1500,1970
2026-09-04,2618,長榮航,10032140,424905908,42.75,42.75,42.10,42.50,-0.3000,8026
2026-09-04,2630,亞航,837197,41786232,50.20,50.40,49.10,50.20,0.6500,707
2026-09-04,2633,台灣高鐵,3708592,96722773,26.20,26.25,26.00,26.10,-0.1000,1476
2026-09-04,2634,漢翔,9832345,637461195,65.40,65.60,64.00,65.00,0.6000,6894
2026-09-04,2636,台驊控股,432633,29893173,69.80,69.80,68.70,69.40,-0.1000,384
2026-09-04,2637,慧洋-KY,6217733,621703095,99.90,104.50,97.90,99.80,0.0000,12962
2026-09-04,2642,宅配通,20101,409080,20.40,20.50,20.25,20.45,0.1000,55
2026-09-04,2645,長榮航太,905169,156278665,173.50,175.00,170.50,173.50,2.0000,1243
2026-09-04,2646,星宇航空,3332509,68710533,20.70,20.85,20.50,20.65,-0.0500,1903
2026-09-04,2701,萬企,42044,437362,10.35,10.45,10.35,10.40,0.0500,39
2026-09-04,2702,華園,14826,188252,12.80,12.80,12.65,12.70,0.0000,27
2026-09-04,2704,國賓,59528,2701049,45.25,45.55,45.15,45.50,0.2500,70
2026-09-04,2705,六福,30427,479105,15.75,15.85,15.65,15.75,0.1000,80
2026-09-04,2706,第一店,76384,956765,12.50,12.55,12.50,12.55,0.0500,46
2026-09-04,2707,晶華,99857,17823300,178.50,179.50,177.50,179.00,0.5000,177
2026-09-04,2712,遠雄來,19156,273264,14.20,14.45,14.20,14.45,0.2500,15
2026-09-04,2722,夏都,46897,1014994,21.70,21.85,21.40,21.45,0.1500,43
2026-09-04,2723,美食-KY,315999,25933772,83.00,83.00,81.50,82.50,-0.3000,341
2026-09-04,2727,王品,113698,26268203,232.00,232.00,230.00,232.00,0.5000,376
2026-09-04,2731,雄獅,142838,20486947,144.00,144.00,143.00,144.00,1.0000,227
2026-09-04,2739,寒舍,72638,2752270,38.00,38.00,37.75,38.00,0.1000,81
2026-09-04,2748,雲品,37051,1438074,38.70,38.95,38.65,38.85,0.1500,56
2026-09-04,2753,八方雲集,82395,14809911,180.50,180.50,179.50,179.50,-0.5000,179
2026-09-04,2762,世界健身-KY,25548,2095078,81.70,82.30,81.70,81.90,0.1000,37
2026-09-04,2801,彰銀,25691019,679948302,26.60,26.70,26.20,26.60,0.0000,12827
2026-09-04,2812,台中銀,9780826,188821005,19.50,19.50,19.20,19.35,-0.1000,3723
2026-09-04,2816,旺旺保,615358,24580157,39.95,40.25,39.60,40.00,0.4500,543
2026-09-04,2820,華票,1607797,27477004,17.10,17.15,17.05,17.10,0.0500,535
2026-09-04,2832,台產,104924,6108418,58.00,58.50,58.00,58.50,0.5000,94
2026-09-04,2834,臺企銀,65441010,1109422794,16.85,17.10,16.85,17.00,-0.1000,14024
2026-09-04,2836,高雄銀,1634258,20028034,12.30,12.30,12.20,12.25,0.0000,789
2026-09-04,2836A,高雄銀甲特,6050,145550,24.05,24.10,24.05,24.10,0.0000,3
2026-09-04,2838,聯邦銀,1593874,32962934,20.70,20.85,20.45,20.85,0.2000,755
2026-09-04,2838A,聯邦銀甲特,39002,2022104,51.90,52.00,51.80,52.00,0.1000,26
2026-09-04,2845,遠東銀,15750287,213669917,13.70,13.75,13.40,13.65,0.0000,4724
2026-09-04,2849,安泰銀,230553,3447247,14.70,15.10,14.50,15.05,0.5000,227
2026-09-04,2850,新產,148462,23655700,159.00,160.50,158.50,159.00,0.0000,370
2026-09-04,2851,中再保,2671524,125668071,47.45,47.85,46.30,46.65,-0.6500,2761
2026-09-04,2852,第一保,332402,9420049,28.25,28.50,28.20,28.30,0.0500,260
2026-09-04,2855,統一證,4309596,218487143,50.90,51.20,50.10,50.70,0.1000,2687
2026-09-04,2880,華南金,12694801,555086904,43.75,44.00,43.15,44.00,0.5500,7501
2026-09-04,2881,富邦金,19146551,2868790167,147.50,151.50,147.00,150.50,3.5000,12743
2026-09-04,2881A,富邦特,45586,2811959,61.90,61.90,61.60,61.70,-0.1000,25
2026-09-04,2881B,富邦金乙特,50726,3076966,60.80,60.80,60.50,60.80,-0.1000,35
2026-09-04,2881C,富邦金丙特,25221,1299761,51.60,51.60,51.50,51.50,-0.1000,63
2026-09-04,2882,國泰金,17419167,1985489661,113.00,115.00,112.50,115.00,2.5000,8153
2026-09-04,2882A,國泰特,58405,3518747,60.20,60.30,60.20,60.30,0.0000,19
2026-09-04,2882B,國泰金乙特,25339,1488798,58.80,58.90,58.70,58.90,0.0000,27
2026-09-04,2883,凱基金,42802542,1560014425,36.40,36.70,35.95,36.70,0.8000,14264
2026-09-04,2883B,凱基金乙特,2239848,18373182,8.22,8.22,8.19,8.22,0.0100,309
2026-09-04,2884,玉山金,61355856,2652165923,43.25,43.55,42.80,43.55,0.3500,19908
2026-09-04,2885,元大金,20306355,1412153015,68.90,70.00,68.50,69.80,1.3000,10474
2026-09-04,2886,兆豐金,31950981,1588968092,50.80,50.90,49.40,49.55,-0.8500,22437
2026-09-04,2887,台新新光金,47708121,1984201079,41.60,42.00,41.25,41.50,0.0500,18849
2026-09-04,2887E,台新新光戊特一,125140,6084778,48.65,48.65,48.60,48.65,0.0000,95
2026-09-04,2887F,台新新光戊特二,14571,667925,45.85,45.85,45.80,45.80,-0.0500,34
2026-09-04,2887G,台新新光庚特一,30412,1341358,44.10,44.15,44.10,44.10,-0.0500,30
2026-09-04,2887H,台新新光庚特二,81070,3427650,42.15,42.40,42.15,42.25,0.1000,36
2026-09-04,2887I,台新新光辛特,7563566,72062008,9.52,9.53,9.51,9.52,0.0000,663
2026-09-04,2887Z1,台新新光己特,141861,3085577,21.75,21.90,21.70,21.75,0.0000,38
2026-09-04,2889,國票金,20648721,341869310,16.55,16.75,16.35,16.60,0.1500,4877
2026-09-04,2890,永豐金,19136125,817200898,42.65,43.10,42.35,42.85,0.2500,14413
2026-09-04,2891,中信金,29198109,1980398521,67.30,68.40,66.70,68.40,0.9000,13301
2026-09-04,2891B,中信金乙特,13635,840956,62.00,62.00,61.60,62.00,0.0000,17
2026-09-04,2891C,中信金丙特,3259,199400,61.10,61.30,61.10,61.30,-0.2000,8
2026-09-04,2892,第一金,30570826,1128178723,36.95,37.30,36.40,37.30,0.4500,11686
2026-09-04,2897,王道銀行,4659233,50555097,10.95,11.00,10.80,10.85,-0.0500,1314
2026-09-04,2897B,王道銀乙特,26000,304200,11.70,11.70,11.70,11.70,0.0000,12
2026-09-04,2901,欣欣,6104,143595,23.45,23.60,23.45,23.60,0.0000,25
2026-09-04,2903,遠百,676033,15103298,22.30,22.45,22.20,22.30,0.0000,514
2026-09-04,2904,匯僑,32426,412238,12.75,12.75,12.70,12.75,-0.0500,43
2026-09-04,2905,三商,1543732,27942949,18.25,18.35,17.95,18.15,-0.0500,783
2026-09-04,2906,高林,91548,1269707,13.95,13.95,13.80,13.85,0.0500,93
2026-09-04,2908,特力,244804,5422358,22.00,22.25,22.00,22.25,0.1500,213
2026-09-04,2910,統領,10222,241369,23.65,23.75,23.40,23.65,0.4000,14
2026-09-04,2911,麗嬰房,104522,669256,6.33,6.48,6.28,6.42,0.0800,107
2026-09-04,2912,統一超,825935,178657720,216.50,217.00,215.50,216.00,-0.5000,1835
2026-09-04,2913,農林,1656797,18283293,11.15,11.15,10.95,11.10,0.0000,560
2026-09-04,2915,潤泰全,1487767,85067951,56.90,57.60,56.60,57.60,0.8000,885
2026-09-04,2923,鼎固-KY,252971,6291623,24.25,25.60,24.00,25.60,1.9500,289
2026-09-04,2929,淘帝-KY,153684,882699,5.65,5.81,5.59,5.77,0.1200,162
2026-09-04,2939,永邑-KY,355000,7089900,19.75,20.00,19.50,20.00,0.3000,25
2026-09-04,2945,三商家購,11103,444450,40.10,40.10,39.95,40.05,0.0500,11
2026-09-04,3002,歐格,55293,944364,16.90,17.35,16.90,17.15,0.2000,71
2026-09-04,3003,健和興,366975,24027797,66.40,66.50,64.60,65.50,0.1000,419
2026-09-04,3004,豐達科,683184,83977535,124.50,125.50,121.50,121.50,-1.5000,722
2026-09-04,3005,神基,2162222,245897235,113.50,115.00,112.50,115.00,2.0000,1454
2026-09-04,3006,晶豪科,26605989,7287760518,285.00,289.00,263.50,278.50,1.5000,25674
2026-09-04,3008,大立光,1626455,11572708090,7205.00,7450.00,6880.00,7400.00,250.0000,20205
2026-09-04,3010,華立,296890,38212425,129.50,130.00,127.50,129.00,1.5000,357
2026-09-04,3011,今皓,421937,4288173,10.10,10.35,10.10,10.15,0.0500,249
2026-09-04,3013,晟銘電,782108,68472900,87.60,88.40,86.00,88.00,2.0000,808
2026-09-04,3014,聯陽,1276070,166151740,132.00,132.00,129.00,131.50,1.0000,1394
2026-09-04,3015,全漢,274008,14485892,52.70,53.40,52.20,53.30,1.1000,258
2026-09-04,3016,嘉晶,3591167,357764025,100.00,101.50,97.50,101.00,2.7000,2955
2026-09-04,3017,奇鋐,4515440,15836041480,3465.00,3570.00,3410.00,3570.00,270.0000,20403
2026-09-04,3018,隆銘綠能,38745,454492,11.75,12.10,11.65,11.80,0.1500,80
2026-09-04,3019,亞光,7894390,1135944592,146.00,147.00,140.50,144.50,1.5000,7196
2026-09-04,3021,鴻名,316529,7691648,24.30,24.30,24.30,24.30,2.2000,157
2026-09-04,3022,威強電,4749366,445986224,88.00,95.90,88.00,95.90,8.7000,4884
2026-09-04,3023,信邦,1659541,552202611,329.00,340.00,317.50,340.00,15.0000,5217
2026-09-04,3024,憶聲,1741939,24796506,14.65,14.65,14.05,14.05,-0.6000,951
2026-09-04,3025,星通,131874,6880954,52.00,52.60,51.90,52.30,0.3000,118
2026-09-04,3026,禾伸堂,7288466,5091207225,692.00,701.00,683.00,701.00,63.0000,10030
2026-09-04,3027,盛達,198937,3595264,18.30,18.35,17.95,18.25,0.3000,185
2026-09-04,3028,增你強,488941,31267843,64.60,64.90,63.30,64.10,0.1000,521
2026-09-04,3029,零壹,624017,69049179,110.50,111.50,109.50,111.50,2.5000,587
2026-09-04,3030,德律,2693954,768144140,299.50,300.50,278.50,284.00,-9.5000,6290
2026-09-04,3031,佰鴻,947060,23334577,24.40,25.10,24.00,24.75,0.4000,795
2026-09-04,3032,偉訓,267320,21107734,79.80,79.80,78.50,78.80,0.0000,232
2026-09-04,3033,威健,3416436,150017087,44.55,44.65,43.55,43.95,-0.2000,2456
2026-09-04,3034,聯詠,2053343,1072929998,527.00,530.00,519.00,524.00,-3.0000,3614
2026-09-04,3035,智原,1470816,264909608,183.50,184.50,177.50,179.50,-0.5000,1967
2026-09-04,3036,文曄,7410058,1414484348,194.00,195.00,188.50,192.50,2.0000,6487
2026-09-04,3037,欣興,40890597,36706619508,930.00,940.00,873.00,902.00,-21.0000,97967
2026-09-04,3038,全台,118564,2381253,20.20,20.20,20.00,20.10,0.0500,111
2026-09-04,3040,遠見,61598,2185456,35.40,35.70,35.20,35.70,0.0500,170
2026-09-04,3041,揚智,521418,12054520,23.20,23.35,22.80,23.30,0.3500,388
2026-09-04,3042,晶技,6407392,1108911069,177.50,179.00,170.00,173.50,-0.5000,6714
2026-09-04,3043,科風,73621,1524943,20.90,20.90,20.55,20.90,0.0500,72
2026-09-04,3044,健鼎,2267532,1096677267,489.50,494.00,475.00,488.50,1.0000,3686
2026-09-04,3045,台灣大,5076578,597378118,117.50,118.00,116.50,118.00,0.0000,3028
2026-09-04,3046,建碁,217403,11966220,55.40,55.60,54.50,55.40,0.4000,233
2026-09-04,3047,訊舟,443585,5988833,13.60,13.65,13.40,13.65,0.2500,302
2026-09-04,3048,益登,1031546,55060468,53.40,53.80,52.70,53.40,1.0000,939
2026-09-04,3049,精金,6300109,80455133,12.85,13.10,12.55,12.80,0.0000,2915
2026-09-04,3050,鈺德,286246,3262826,11.50,11.50,11.30,11.50,0.2000,140
2026-09-04,3051,力特,491504,10719365,22.00,22.00,21.65,21.85,0.1000,414
2026-09-04,3052,夆典,497075,5192844,10.55,10.55,10.35,10.50,-0.0500,430
2026-09-04,3054,立萬利,54577,2999902,56.70,56.70,54.40,55.20,-0.5000,123
2026-09-04,3055,蔚華科,3367359,443676603,133.00,136.00,128.00,132.50,1.5000,3400
2026-09-04,3056,富華新,686858,9596556,13.95,14.15,13.85,14.10,0.1000,497
2026-09-04,3057,喬鼎,45336,774618,17.00,17.35,16.85,17.35,0.3500,97
2026-09-04,3058,立德,438013,3534584,8.08,8.16,8.04,8.05,-0.0200,279
2026-09-04,3059,華晶科,1268968,49321557,38.90,39.30,38.30,39.30,0.8500,1053
2026-09-04,3060,銘異,696812,18316247,26.30,26.60,25.85,26.50,0.8000,500
2026-09-04,3062,建漢,893211,18303629,20.80,20.80,20.20,20.65,0.2500,660
2026-09-04,3090,日電貿,12141957,2110656414,167.50,177.00,167.50,176.50,14.0000,10794
2026-09-04,3092,鴻碩,113460,2659736,23.55,23.55,23.30,23.55,0.0500,149
2026-09-04,3094,聯傑,17920641,825572807,43.20,46.50,43.15,46.50,4.2000,12376
2026-09-04,3130,一零四,17752,3732140,210.00,210.50,210.00,210.00,0.5000,154
2026-09-04,3135,凌航,768886,132766030,174.50,175.00,171.00,173.00,0.5000,979
2026-09-04,3138,耀登,152268,14451329,94.20,96.50,92.60,95.50,2.5000,204
2026-09-04,3149,正達,6260505,373899044,60.00,60.90,58.40,60.60,1.1000,4766
2026-09-04,3150,鈺寶-創,3003,49747,16.50,16.60,16.50,16.60,0.1000,6
2026-09-04,3164,景岳,12606,199542,15.95,15.95,15.70,15.90,0.0000,38
2026-09-04,3167,大量,4823725,3725304965,752.00,803.00,719.00,803.00,73.0000,7779
2026-09-04,3168,眾福科,12949,553215,43.00,43.00,42.45,42.75,0.3000,27
2026-09-04,3189,景碩,19778741,15770884241,797.00,828.00,766.00,819.00,44.0000,32030
2026-09-04,3209,全科,1153069,53680345,47.50,47.60,46.10,46.60,-0.4000,979
2026-09-04,3229,晟鈦,1111049,54952075,48.75,51.10,48.40,49.80,1.2000,668
2026-09-04,3231,緯創,82904263,16291830429,195.50,200.00,193.00,198.00,9.5000,62558
2026-09-04,3257,虹冠電,192580,9527341,49.70,49.75,49.00,49.70,0.0500,171
2026-09-04,3266,昇陽,26046,361634,13.80,13.90,13.80,13.90,0.2000,23
2026-09-04,3296,勝德,28411,667776,23.65,23.90,23.05,23.90,0.2500,189
2026-09-04,3305,昇貿,852632,93953343,110.50,112.00,108.50,111.00,2.5000,897
2026-09-04,3308,聯德,54131,1178700,22.30,22.30,21.40,22.00,0.2500,65
2026-09-04,3311,閎暉,87050,2767242,31.75,32.00,31.60,31.95,0.2000,111
2026-09-04,3312,弘憶股,837677,43973514,52.70,53.30,51.80,52.80,0.8000,722
2026-09-04,3321,同泰,154529,2786228,18.50,18.50,17.80,18.10,0.1000,119
2026-09-04,3338,泰碩,376395,24452209,63.80,66.00,63.60,65.40,2.3000,368
2026-09-04,3346,麗清,235367,4435793,18.80,19.00,18.70,18.95,0.1500,263
2026-09-04,3356,奇偶,623983,38422292,62.60,62.60,61.20,61.30,-1.1000,1652
2026-09-04,3376,新日興,3570664,743411458,209.00,212.00,204.00,211.00,7.0000,3841
2026-09-04,3380,明泰,2949133,87366251,29.40,30.10,28.90,30.00,1.0000,1692
2026-09-04,3406,玉晶光,2626231,2674315650,1020.00,1070.00,962.00,1055.00,64.0000,6063
2026-09-04,3413,京鼎,528092,148746036,282.00,284.50,279.00,282.50,2.5000,937
2026-09-04,3416,融程電,260738,44419763,168.50,172.50,166.50,172.50,7.5000,369
2026-09-04,3419,譁裕,129245,1500378,11.75,11.75,11.50,11.70,0.0000,88
2026-09-04,3432,台端,58468,842338,14.55,14.60,14.20,14.55,0.0000,16
2026-09-04,3437,榮創,787329,14415075,17.80,18.70,17.70,18.35,0.7500,617
2026-09-04,3443,創意,1581762,9187836880,5945.00,6000.00,5680.00,5810.00,10.0000,7311
2026-09-04,3447,展達,96958,2783898,28.50,29.20,28.25,28.95,0.7000,102
2026-09-04,3450,聯鈞,1645637,934142969,574.00,585.00,554.00,580.00,26.0000,3213
2026-09-04,3481,群創,130554353,6346827398,49.00,49.40,48.10,48.50,0.4000,67838
2026-09-04,3494,誠研,54757,387835,7.04,7.11,7.04,7.09,0.0100,43
2026-09-04,3501,維熹,210653,8329604,40.10,40.10,39.30,39.80,-0.1000,138
2026-09-04,3504,揚明光,3328889,294114625,88.40,90.30,85.50,89.70,1.9000,3294
2026-09-04,3515,華擎,548846,123387718,222.00,227.50,221.00,227.00,7.0000,627
2026-09-04,3518,柏騰,1515283,46585588,31.55,32.30,30.00,30.80,-1.0500,1114
2026-09-04,3528,安馳,88607,7392374,83.70,84.30,82.80,83.30,0.9000,88
2026-09-04,3530,晶相光,94043,5455011,58.10,58.50,57.50,58.30,0.5000,121
2026-09-04,3532,台勝科,6836299,2716271714,392.00,406.50,385.00,399.00,18.0000,8050
2026-09-04,3533,嘉澤,438794,738621540,1695.00,1705.00,1665.00,1685.00,15.0000,1742
2026-09-04,3535,晶彩科,447882,38764267,86.40,87.60,85.00,86.80,1.3000,487
2026-09-04,3543,州巧,1688446,75874876,45.95,46.40,44.15,44.70,-0.2000,1436
2026-09-04,3545,敦泰,639243,32263196,50.70,51.30,50.00,50.70,0.3000,577
2026-09-04,3550,聯穎,1254082,29006638,23.15,23.95,22.45,23.20,0.2500,821
2026-09-04,3557,嘉威,21900,526681,24.00,24.20,23.90,24.20,0.2000,33
2026-09-04,3563,牧德,455156,312639122,695.00,704.00,670.00,693.00,17.0000,1059
2026-09-04,3576,聯合再生,3629368,62070271,17.20,17.25,17.00,17.15,0.1000,1810
2026-09-04,3583,辛耘,2003875,1444952710,766.00,773.00,704.00,711.00,-31.0000,5519
2026-09-04,3588,通嘉,95548,4990147,52.40,53.00,51.80,52.40,0.5000,148
2026-09-04,3591,艾笛森,5265540,128962392,22.85,24.95,22.20,24.90,2.2000,4131
2026-09-04,3592,瑞鼎,177809,39608403,224.00,224.00,221.50,224.00,3.0000,485
2026-09-04,3593,力銘,3347,36102,10.85,10.85,10.75,10.75,0.3500,12
2026-09-04,3596,智易,767291,122075089,158.50,160.50,157.00,159.50,2.5000,695
2026-09-04,3605,宏致,12601654,1491000022,118.50,124.50,113.50,118.00,3.5000,8936
2026-09-04,3607,谷崧,97217,1331952,13.80,13.90,13.55,13.75,0.1000,106
2026-09-04,3617,碩天,265876,65263667,243.50,248.00,242.00,248.00,6.5000,429
2026-09-04,3622,洋華,412250,21767418,53.00,53.00,52.50,52.70,0.0000,295
2026-09-04,3645,達邁,2138640,153031359,71.20,73.30,69.70,71.60,1.3000,1792
2026-09-04,3652,精聯,104598,3395756,32.20,33.15,31.80,33.05,1.2500,118
2026-09-04,3653,健策,943058,5504530385,5835.00,5995.00,5725.00,5875.00,260.0000,4371
2026-09-04,3661,世芯-KY,1757291,7372893575,4155.00,4275.00,4110.00,4220.00,170.0000,8284
2026-09-04,3665,貿聯-KY,1458584,3121725115,2135.00,2175.00,2115.00,2145.00,45.0000,3259
2026-09-04,3669,圓展,95465,3350029,34.95,35.25,34.90,35.10,0.3000,86
2026-09-04,3673,TPK-KY,2734304,179383724,66.00,67.20,64.70,65.50,0.8000,2089
2026-09-04,3679,新至陞,131817,14024902,107.50,108.50,105.50,105.50,-2.5000,115
2026-09-04,3686,達能,53847,766106,14.40,14.40,14.15,14.20,-0.2000,85
2026-09-04,3694,海華,549491,27636633,51.00,51.00,49.85,50.40,0.4000,454
2026-09-04,3701,大眾控,1781015,74584093,40.55,43.25,39.90,41.95,1.5000,1927
2026-09-04,3702,大聯大,5376062,554428078,103.50,104.00,101.50,104.00,2.0000,3611
2026-09-04,3703,欣陸,1135786,22644544,20.00,20.15,19.80,20.00,0.0500,586
2026-09-04,3704,合勤控,2882332,116011803,41.15,41.15,39.50,40.10,0.1000,1781
2026-09-04,3705,永信,124401,6939539,55.90,56.10,55.50,56.10,0.2000,107
2026-09-04,3706,神達,10563096,977687809,93.40,94.40,91.50,92.50,1.0000,7675
2026-09-04,3708,上緯投控,391115,39054083,100.00,100.50,98.70,100.50,0.5000,408
2026-09-04,3711,日月光投控,15751048,9245301728,600.00,603.00,578.00,588.00,-1.0000,27695
2026-09-04,3712,永崴投控,761792,15909084,21.05,21.25,20.50,21.20,0.2000,2156
2026-09-04,3714,富采,35248872,2325415795,63.90,67.20,63.20,66.80,5.3000,22805
2026-09-04,3715,定穎投控,3581294,422145336,122.00,122.50,115.50,118.00,0.0000,3604
2026-09-04,3716,中化控股,635533,21618278,34.55,34.55,33.80,34.10,-0.2500,713
2026-09-04,3717,聯嘉投控,907714,20277014,22.60,22.60,22.05,22.30,0.2500,452
2026-09-04,4104,佳醫,81530,5785622,70.80,71.30,70.70,70.90,0.1000,166
2026-09-04,4106,雃博,282641,6854282,24.40,24.50,24.05,24.50,0.0000,230
2026-09-04,4108,懷特,123929,1407108,11.50,11.50,11.25,11.40,0.0500,115
2026-09-04,4119,旭富,200170,11032887,56.60,56.60,54.50,56.10,0.0000,372
2026-09-04,4133,亞諾法,85969,1761909,20.50,20.55,20.45,20.55,0.0500,92
2026-09-04,4137,麗豐-KY,318575,25279821,80.00,80.20,78.90,79.30,-0.6000,597
2026-09-04,4142,國光生,453115,7948414,17.65,17.65,17.45,17.55,-0.0500,324
2026-09-04,4148,全宇生技-KY,9000,284300,31.75,31.80,31.35,31.80,0.5000,8
2026-09-04,4155,訊映,230639,3293723,14.30,14.45,14.20,14.45,0.1500,701
2026-09-04,4164,承業醫,303406,7881249,26.20,26.20,25.75,26.15,0.1500,247
2026-09-04,4169,泰宗,165669,24918524,151.00,151.50,150.00,150.50,0.0000,174
2026-09-04,4178,永笙-KY,61272,1029321,16.90,16.90,16.75,16.90,0.3000,51
2026-09-04,4190,佐登-KY,7294,187648,25.45,25.95,25.45,25.95,0.1500,36
2026-09-04,4195,基米-創,221577,3027319,14.05,14.20,13.45,13.75,-0.2000,186
2026-09-04,4306,炎洲,918854,13939353,15.35,15.35,15.05,15.25,0.0000,524
2026-09-04,4414,如興,208923,1738981,8.20,8.41,8.20,8.22,0.0300,174
2026-09-04,4426,利勤,64570,489456,7.65,7.65,7.56,7.57,-0.0100,42
2026-09-04,4438,廣越,41240,2404946,58.30,58.50,58.20,58.30,0.1000,35
2026-09-04,4439,冠星-KY,21072,2042842,98.70,99.00,96.20,96.20,0.0000,23
2026-09-04,4440,宜新實業,64000,1130500,17.55,17.75,17.55,17.75,0.2000,57
2026-09-04,4441,振大環球,67455,11625486,171.50,175.00,171.00,175.00,3.5000,84
2026-09-04,4526,東台,7752405,250484875,31.70,33.20,31.35,32.00,0.6000,5319
2026-09-04,4532,瑞智,443375,10562305,23.70,23.95,23.70,23.80,0.1000,337
2026-09-04,4536,拓凱,105109,17242979,163.50,165.00,163.50,164.50,1.0000,108
2026-09-04,4540,全球傳動,2466731,149796202,61.30,62.60,59.70,60.80,1.3000,2064
2026-09-04,4545,銘鈺,27019,857087,32.00,32.00,31.55,31.80,0.1500,46
2026-09-04,4551,智伸科,2021752,339769848,165.00,173.00,164.00,171.50,10.5000,2003
2026-09-04,4552,力達-KY,263124,4323054,16.65,16.65,16.25,16.50,-0.1500,172
2026-09-04,4555,氣立,114116,5227368,45.30,46.25,45.30,46.25,1.0000,95
2026-09-04,4557,永新-KY,25837,1285507,49.50,50.20,49.50,50.10,0.5500,39
2026-09-04,4560,強信-KY,337050,9813542,29.50,29.55,28.85,28.90,-0.5500,210
2026-09-04,4562,穎漢,145272,4404721,30.25,30.65,30.00,30.35,0.2500,167
2026-09-04,4564,元翎,1214549,19510525,16.20,16.45,15.90,16.45,0.3500,566
2026-09-04,4566,時碩工業,556332,35339685,64.00,64.50,62.80,63.90,1.0000,586
2026-09-04,4569,六方科-KY,267754,48195444,179.50,183.50,174.50,180.00,7.5000,946
2026-09-04,4571,鈞興-KY,235470,37219693,155.00,161.50,154.50,161.50,7.0000,310
2026-09-04,4572,駐龍,2537,356476,140.50,141.50,140.50,141.50,1.5000,23
2026-09-04,4576,大銀微系統,3520267,817830237,236.00,239.50,223.00,238.00,7.0000,4927
2026-09-04,4581,光隆精密-KY,5149,245588,47.40,48.00,47.40,48.00,0.0000,14
2026-09-04,4582,聚恆-創,52250,1229186,23.65,23.80,23.20,23.50,0.1000,37
2026-09-04,4583,台灣精銳,60070,27987301,465.00,475.00,458.50,473.50,11.5000,147
2026-09-04,4585,達明,145138,42465244,291.50,295.50,288.00,294.50,6.5000,390
2026-09-04,4588,玖鼎電力,40544,2117332,53.10,53.10,51.50,51.90,-0.9000,47
2026-09-04,4590,富田-創,214565,19334402,90.50,91.20,89.20,89.60,0.5000,177
2026-09-04,4720,德淵,287832,5337559,18.75,18.75,18.35,18.60,0.1000,224
2026-09-04,4722,國精化,391934,77923217,201.50,202.00,194.50,200.50,5.0000,705
2026-09-04,4736,泰博,154800,19581242,127.50,127.50,125.50,127.00,0.0000,461
2026-09-04,4737,華廣,209634,12193989,57.80,58.80,57.30,58.60,0.9000,141
2026-09-04,4739,康普,589799,49058972,83.40,84.00,81.70,83.60,1.3000,857
2026-09-04,4746,台耀,856389,38811090,46.10,46.10,45.00,45.35,-0.6500,873
2026-09-04,4755,三福化,77118,9036138,117.50,118.50,116.00,118.00,2.0000,167
2026-09-04,4763,材料*-KY,4973396,249533772,50.10,50.60,49.60,50.30,1.2000,3324
2026-09-04,4764,雙鍵,1167672,261463004,223.50,231.50,211.00,231.50,14.0000,1160
2026-09-04,4766,南寶,94278,32447680,343.50,346.00,342.00,346.00,4.0000,259
2026-09-04,4770,上品,882741,198383445,224.50,228.00,219.00,226.50,9.5000,1122
2026-09-04,4771,望隼,119957,25037536,210.50,213.00,206.50,208.50,-1.0000,1274
2026-09-04,4807,日成-KY,252786,7140547,27.25,29.25,27.25,28.55,1.0000,226
2026-09-04,4904,遠傳,3337751,344340552,103.00,104.00,102.00,104.00,0.5000,2233
2026-09-04,4906,正文,5952016,219233546,36.70,37.45,36.20,36.90,1.4000,3526
2026-09-04,4912,聯德控股-KY,1168288,118069178,103.00,104.00,99.20,102.00,0.5000,984
2026-09-04,4915,致伸,2126259,128746254,60.10,61.00,59.90,60.80,1.2000,1548
2026-09-04,4916,事欣科,963654,93673972,98.70,99.30,95.60,97.30,0.6000,1467
2026-09-04,4919,新唐,1945505,230946756,118.00,120.50,116.00,120.00,5.0000,1794
2026-09-04,4927,泰鼎-KY,2401251,98271805,41.05,41.95,40.00,41.90,1.3500,1701
2026-09-04,4930,燦星網,12762,204668,16.00,16.15,16.00,16.15,0.0500,48
2026-09-04,4934,太極,404998,5609894,14.00,14.00,13.65,13.90,0.2500,325
2026-09-04,4935,茂林-KY,118198,3935518,33.40,33.40,33.20,33.30,-0.2500,77
2026-09-04,4938,和碩,18644249,1755066742,91.50,95.50,91.10,95.40,5.0000,11831
2026-09-04,4942,嘉彰,33516,1106802,33.05,33.10,32.95,33.10,0.0500,39
2026-09-04,4943,康控-KY,158672,1142243,7.23,7.71,7.11,7.11,-0.7900,137
2026-09-04,4949,有成精密,666291,51789287,78.00,78.90,76.40,77.80,0.3000,626
2026-09-04,4952,凌通,180511,9113833,51.10,51.20,50.10,50.60,0.4000,179
2026-09-04,4956,光鋐,5271439,196291370,35.20,38.10,35.00,37.65,2.8500,3777
2026-09-04,4958,臻鼎-KY,33930146,15553303956,476.00,477.50,446.50,463.00,-1.0000,51896
2026-09-04,4960,誠美材,1159961,24284864,21.20,21.35,20.65,21.10,0.3000,732
2026-09-04,4961,天鈺,342104,56504743,167.50,167.50,164.00,165.50,-0.5000,541
2026-09-04,4967,十銓,2395597,656540418,275.50,277.00,270.50,276.00,3.5000,4797
2026-09-04,4968,立積,205051,18637583,90.40,91.50,90.30,91.00,0.6000,268
2026-09-04,4976,佳凌,2910101,110995205,38.05,38.75,37.50,38.30,0.6000,2160
2026-09-04,4977,眾達-KY,6114009,1095369476,177.00,185.00,172.00,185.00,12.5000,6957
2026-09-04,4989,榮科,2536700,154618423,62.30,62.30,59.70,61.10,0.6000,2274
2026-09-04,4994,傳奇,13010,1069120,83.50,83.50,81.20,81.70,-0.2000,17
2026-09-04,4999,鑫禾,25049,462207,18.50,18.50,18.35,18.45,0.0500,71
2026-09-04,5007,三星,25000,1401100,55.80,56.40,55.80,56.40,0.6000,20
2026-09-04,5203,訊連,97383,5704246,58.50,59.00,58.00,58.80,0.0000,127
2026-09-04,5215,科嘉-KY,26409,1028370,39.10,39.25,38.65,38.95,-0.1500,30
2026-09-04,5222,全訊,153687,16016989,105.00,105.00,103.00,104.50,0.5000,231
2026-09-04,5225,東科-KY,1162649,67562100,60.50,60.60,57.10,57.40,-3.6000,1122
2026-09-04,5234,達興材料,229981,67191631,292.00,295.00,288.50,293.00,3.5000,518
2026-09-04,5236,凌陽創新,112420,15321925,137.00,137.50,134.50,137.50,1.5000,124
2026-09-04,5243,乙盛-KY,753864,67795381,90.10,91.90,88.00,90.00,1.7000,760
2026-09-04,5244,弘凱,143122,4965424,34.90,35.00,34.25,35.00,0.1000,134
2026-09-04,5258,虹堡,158918,7247445,45.80,46.00,45.30,45.75,0.6500,182
2026-09-04,5269,祥碩,317637,455952705,1450.00,1465.00,1425.00,1430.00,-10.0000,1509
2026-09-04,5283,禾聯碩,74382,4014882,54.00,54.90,53.60,54.20,0.4000,235
2026-09-04,5284,jpp-KY,948538,301512130,318.50,335.00,305.50,330.00,7.0000,1413
2026-09-04,5285,界霖,1524276,133041765,86.90,89.80,85.50,87.30,1.0000,1603
2026-09-04,5288,豐祥-KY,68427,12864147,187.00,189.00,186.50,189.00,2.0000,83
2026-09-04,5292,華懋,80905,17786551,215.50,223.00,215.50,220.50,1.5000,741
2026-09-04,5306,桂盟,207714,19286686,94.50,94.50,92.30,92.60,-1.9000,234
2026-09-04,5388,中磊,2650839,198967244,75.10,75.80,74.40,75.60,0.5000,2299
2026-09-04,5434,崇越,644721,346332966,543.00,547.00,528.00,538.00,11.0000,1079
2026-09-04,5469,瀚宇博,804330,57555096,71.80,72.20,70.90,71.60,0.4000,755
2026-09-04,5471,松翰,1394477,84741943,61.20,61.40,60.00,61.10,1.2000,1732
2026-09-04,5484,慧友,126932,4976029,39.60,39.60,39.00,39.50,0.4000,118
2026-09-04,5515,建國,420373,21912411,52.90,53.10,51.60,52.50,-0.4000,762
2026-09-04,5519,隆大,229512,6271389,27.25,27.50,27.20,27.35,0.1000,260
2026-09-04,5521,工信,980722,10339255,10.70,10.70,10.50,10.60,0.0500,417
2026-09-04,5522,遠雄,373008,23770125,63.50,64.00,63.50,64.00,0.2000,425
2026-09-04,5525,順天,119502,2647601,21.95,22.30,21.95,22.15,0.1500,80
2026-09-04,5531,鄉林,529045,3897361,7.42,7.42,7.34,7.34,-0.1300,412
2026-09-04,5533,皇鼎,109303,1520860,13.90,13.95,13.90,13.95,0.0500,47
2026-09-04,5534,長虹,449333,34411209,76.60,77.10,76.30,76.60,0.0000,480
2026-09-04,5538,東明-KY,45050,1658550,36.60,37.40,36.55,36.90,0.2500,45
2026-09-04,5546,永固-KY,75897,1128316,14.85,15.40,14.45,14.80,0.0000,56
2026-09-04,5607,遠雄港,1778056,101834444,57.40,58.40,56.50,56.80,-0.4000,1923
2026-09-04,5608,四維航,9849972,171237299,17.65,17.95,17.00,17.20,-0.2500,5090
2026-09-04,5706,鳳凰,111711,4993635,44.90,44.95,44.50,44.70,0.0000,261
2026-09-04,5871,中租-KY,4552601,507874077,112.50,112.50,111.00,111.50,0.0000,3742
2026-09-04,5871A,中租-KY甲特,57883,5788299,100.00,100.00,100.00,100.00,0.0000,48
2026-09-04,5876,上海商銀,7546959,346870316,45.95,46.30,45.25,46.30,0.3500,3979
2026-09-04,5880,合庫金,21410399,567768502,26.70,26.70,26.30,26.65,-0.0500,6564
2026-09-04,5906,台南-KY,716,25924,,,,,0.0000,4
2026-09-04,5907,大洋-KY,283196,1397135,4.97,4.97,4.89,4.95,0.0400,182
2026-09-04,6005,群益證,4226625,137821338,32.60,32.80,32.35,32.75,0.4000,2521
2026-09-04,6024,群益期,308371,19496250,63.60,63.60,63.00,63.40,0.4000,1016
2026-09-04,6108,競國,1378795,31712561,23.25,23.50,22.70,22.95,-0.1000,786
2026-09-04,6112,邁達特,357232,16356071,45.05,46.20,45.00,45.90,0.9500,382
2026-09-04,6115,鎰勝,137695,6086802,44.00,44.50,44.00,44.50,0.5500,119
2026-09-04,6116,彩晶,14313503,201006323,14.25,14.35,13.85,14.05,0.1500,5155
2026-09-04,6117,迎廣,137970,8782560,65.10,65.10,63.00,64.00,0.0000,164
2026-09-04,6120,達運,2164346,26705081,12.60,12.60,12.20,12.30,-0.1000,881
2026-09-04,6128,上福,48830,962227,19.80,19.80,19.65,19.75,-0.1000,80
2026-09-04,6133,金橋,868657,20608913,24.15,24.30,23.30,23.75,0.0000,695
2026-09-04,6136,富爾特,128649,3178643,24.65,24.85,24.65,24.85,0.2000,120
2026-09-04,6139,亞翔,2366253,1700124816,722.00,745.00,703.00,736.00,24.0000,6376
2026-09-04,6141,柏承,2389780,125689610,54.00,54.00,50.60,52.50,0.8000,1741
2026-09-04,6142,友勁,283913,2492775,8.74,8.90,8.65,8.81,0.1600,219
2026-09-04,6152,百一,319028,4375219,13.80,13.80,13.60,13.80,0.2500,234
2026-09-04,6153,嘉聯益,2238233,39322939,17.40,17.80,17.30,17.65,0.4500,1022
2026-09-04,6155,鈞寶,1342545,75068322,55.10,57.00,54.70,56.20,2.4000,1148
2026-09-04,6164,華興,266666,3176376,12.05,12.05,11.75,11.95,0.0500,168
2026-09-04,6165,浪凡,143329,7013497,49.40,49.40,48.75,48.90,-0.3000,225
2026-09-04,6166,凌華,2903193,349251444,116.00,122.50,116.00,121.50,7.5000,2802
2026-09-04,6168,宏齊,9647758,280146134,28.00,29.65,28.00,29.05,1.4500,6514
2026-09-04,6176,瑞儀,1541021,140742738,90.40,92.30,90.40,91.90,1.6000,1839
2026-09-04,6177,達麗,3109308,154707015,49.35,50.30,48.90,49.20,0.4500,3959
2026-09-04,6183,關貿,13928,1273649,91.30,91.60,91.30,91.60,0.3000,317
2026-09-04,6184,大豐電,174661,7004295,40.60,40.60,40.00,40.30,0.0000,185
2026-09-04,6189,豐藝,261289,12569180,48.05,48.35,47.95,48.15,0.1000,352
2026-09-04,6191,精成科,879229,72053794,81.90,82.70,81.30,82.50,1.1000,1065
2026-09-04,6192,巨路,156700,18062590,116.00,116.50,114.50,116.50,1.0000,167
2026-09-04,6196,帆宣,2366376,1220479257,516.00,528.00,501.00,516.00,16.0000,5041
2026-09-04,6197,佳必琪,3153237,970621094,301.00,317.50,294.50,315.00,16.0000,4282
2026-09-04,6201,亞弘電,33288,1482919,44.40,44.85,44.40,44.55,0.1000,25
2026-09-04,6202,盛群,1009937,58733704,57.80,58.90,57.00,58.80,1.8000,945
2026-09-04,6205,詮欣,259519,17034958,66.40,66.70,64.70,65.90,0.5000,272
2026-09-04,6206,飛捷,978782,135693250,135.50,140.00,135.50,138.50,4.0000,944
2026-09-04,6209,今國光,10548829,847035670,81.80,82.20,78.20,81.50,0.4000,9068
2026-09-04,6213,聯茂,13261099,6788173006,537.00,545.00,493.50,517.00,5.0000,16225
2026-09-04,6214,精誠,1621496,299822846,183.50,186.00,183.50,185.50,2.5000,1561
2026-09-04,6215,和椿,545798,53629145,98.80,100.50,96.40,99.00,1.2000,710
2026-09-04,6216,居易,120288,2467661,20.65,20.65,20.45,20.50,0.0500,97
2026-09-04,6224,聚鼎,3448628,292599011,83.00,87.40,81.20,84.80,5.2000,5841
2026-09-04,6225,天瀚,57656,3449793,60.00,60.90,59.80,60.00,-0.4000,93
2026-09-04,6226,光鼎,4993207,162528352,33.00,33.50,30.70,33.50,1.5000,3715
2026-09-04,6230,尼得科超眾,42039,4572968,106.50,110.50,106.50,110.50,4.5000,65
2026-09-04,6235,華孚,236973,9344060,40.00,40.00,39.05,39.45,0.0000,373
2026-09-04,6239,力成,9540575,2632483304,280.50,283.50,272.50,276.50,1.5000,12794
2026-09-04,6243,迅杰,370306,14473109,39.10,39.55,38.55,39.40,0.5500,414
2026-09-04,6257,矽格,5818105,1228308784,213.00,214.50,207.50,212.00,3.0000,5915
2026-09-04,6269,台郡,7463442,502324238,65.30,68.50,65.30,67.70,2.7000,5646
2026-09-04,6271,同欣電,15374517,3622880650,227.50,237.00,227.50,237.00,21.5000,17187
2026-09-04,6272,驊陞,2206728,66424618,29.80,31.20,29.05,29.80,0.8500,1550
2026-09-04,6277,宏正,231753,18720125,79.30,81.90,79.30,80.30,0.4000,534
2026-09-04,6278,台表科,4324695,860260367,196.00,202.00,194.00,200.00,8.5000,4422
2026-09-04,6281,全國電,49390,2531566,51.30,51.40,51.10,51.40,0.1000,54
2026-09-04,6282,康舒,4546000,198616261,43.80,44.30,43.05,44.00,0.8000,3339
2026-09-04,6283,淳安,65228,1303152,20.10,20.10,19.85,20.05,0.0500,64
2026-09-04,6285,啟碁,3374956,813966029,239.50,245.00,235.00,243.50,10.0000,3737
2026-09-04,6405,悅城,650887,26178942,39.25,41.40,39.25,40.10,0.9000,760
2026-09-04,6409,旭隼,329319,318866196,981.00,992.00,946.00,965.00,-7.0000,1692
2026-09-04,6412,群電,661067,51044706,77.40,77.90,76.40,77.40,0.1000,725
2026-09-04,6414,樺漢,1386327,547385986,387.00,399.00,385.50,395.00,14.0000,1996
2026-09-04,6415,矽力*-KY,2292237,971220659,421.00,429.00,418.50,428.50,17.5000,3067
2026-09-04,6416,瑞祺電通,546695,54316450,95.80,100.50,95.80,100.50,5.0000,563
2026-09-04,6426,統新,3252179,861111188,270.00,274.00,251.00,269.50,4.0000,13175
2026-09-04,6431,光麗-KY,206000,4141700,19.90,20.35,19.65,19.85,0.0500,116
2026-09-04,6438,迅得,437355,67943212,156.50,158.50,152.00,156.50,2.5000,1439
2026-09-04,6442,光聖,4006278,7039670075,1860.00,1875.00,1655.00,1755.00,-15.0000,13976
2026-09-04,6443,元晶,3099595,76722626,24.70,25.00,24.35,24.95,0.4000,2083
2026-09-04,6446,藥華藥,3488695,4672817755,1360.00,1370.00,1310.00,1310.00,-40.0000,9493
2026-09-04,6449,鈺邦,1582396,366571780,225.00,238.00,224.50,237.50,21.0000,2890
2026-09-04,6451,訊芯-KY,5030233,2266874784,455.50,459.50,440.50,449.00,-1.0000,6395
2026-09-04,6456,GIS-KY,1705385,117200460,68.40,69.50,67.60,68.80,1.4000,1498
2026-09-04,6464,台數科,37189,2907211,77.80,78.80,77.50,77.60,0.8000,52
2026-09-04,6472,保瑞,324890,134933764,415.50,417.50,411.50,416.00,4.5000,820
2026-09-04,6477,安集,563588,19559497,35.25,35.25,34.20,34.80,0.2000,552
2026-09-04,6491,晶碩,208009,79752650,388.00,388.50,377.00,385.00,4.5000,341
2026-09-04,6504,南六,22471,831819,37.00,37.20,36.85,37.10,-0.3000,77
2026-09-04,6505,台塑化,14976818,1152578269,76.60,78.20,75.40,78.10,1.6000,10655
2026-09-04,6515,穎崴,688477,4935246575,7275.00,7320.00,6955.00,7075.00,75.0000,3827
2026-09-04,6525,捷敏-KY,774279,106830104,139.50,140.50,136.00,138.00,2.5000,819
2026-09-04,6526,達發,367471,232892985,646.00,649.00,620.00,635.00,5.0000,1053
2026-09-04,6531,愛普*,2888036,2651566742,942.00,949.00,901.00,911.00,-1.0000,5333
2026-09-04,6533,晶心科,811244,215085302,270.00,271.00,262.00,264.00,0.0000,6405
2026-09-04,6534,正瀚-創,20632,1877614,91.40,91.40,90.90,91.10,0.1000,24
2026-09-04,6541,泰福-KY,441700,13860225,31.40,31.90,30.80,31.70,0.4500,357
2026-09-04,6550,北極星藥業-KY,825107,8486755,10.30,10.40,10.20,10.35,0.0500,513
2026-09-04,6552,易華電,71613,1720235,24.15,24.25,23.65,24.25,0.0000,90
2026-09-04,6558,興能高,103759,2550674,24.70,24.75,24.35,24.75,0.2000,140
2026-09-04,6573,虹揚-KY,198413,3297643,16.75,16.95,16.25,16.95,0.6500,175
2026-09-04,6579,研揚,584626,87461240,145.00,152.00,144.00,150.50,8.0000,705
2026-09-04,6581,鋼聯,13515,1474650,109.50,109.50,109.00,109.50,1.0000,18
2026-09-04,6582,申豐,21223,674661,31.75,31.90,31.70,31.90,0.2000,23
2026-09-04,6585,鼎基,162619,18289816,112.00,113.50,111.50,113.00,1.5000,140
2026-09-04,6589,台康生技,364628,17453132,47.90,48.20,47.30,48.05,0.1500,488
2026-09-04,6591,動力-KY,65486,2783666,42.35,42.80,42.20,42.70,0.2000,89
2026-09-04,6592,和潤企業,286519,17445145,60.90,61.20,60.60,61.00,0.1000,538
2026-09-04,6592A,和潤企業甲特,13466,1293142,95.80,96.40,95.80,96.00,0.2000,12
2026-09-04,6592B,和潤企業乙特,2693,255411,94.90,95.00,94.90,95.00,0.1000,48
2026-09-04,6598,ABC-KY,205586,5559833,27.35,27.45,26.85,27.00,-0.2000,127
2026-09-04,6605,帝寶,330086,45416365,138.50,138.50,136.50,138.50,1.5000,273
2026-09-04,6606,建德工業,153335,3939628,25.90,25.95,25.35,25.40,-0.2000,132
2026-09-04,6614,資拓宏宇,23853,845502,35.70,35.70,35.35,35.35,-0.0500,23
2026-09-04,6625,必應,96860,7282265,75.40,75.50,74.90,75.30,-0.2000,123
2026-09-04,6641,基士德-KY,13000,222050,17.00,17.55,17.00,17.25,0.2500,8
2026-09-04,6645,金萬林-創,34108,418978,12.20,12.45,12.20,12.35,-0.0500,21
2026-09-04,6655,科定,16000,1859000,115.00,117.50,115.00,117.50,0.0000,15
2026-09-04,6657,華安,140222,4239291,30.40,30.85,29.95,30.00,-0.2000,88
2026-09-04,6658,聯策,265109,46544777,175.00,178.00,172.50,178.00,4.0000,668
2026-09-04,6666,羅麗芬-KY,29025,1280301,44.80,44.80,43.95,44.35,0.3000,22
2026-09-04,6668,中揚光,1415349,60066570,43.00,43.40,41.50,42.60,0.0000,1247
2026-09-04,6669,緯穎,4361234,10980517460,2505.00,2570.00,2485.00,2565.00,90.0000,23596
2026-09-04,6670,復盛應用,115088,31662701,276.00,277.00,273.50,275.50,0.5000,461
2026-09-04,6671,三能-KY,22100,508165,23.40,23.40,22.55,23.20,0.1000,14
2026-09-04,6672,騰輝電子-KY,5927842,1707017382,289.00,289.00,278.00,289.00,26.0000,6864
2026-09-04,6674,鋐寶科技,34211,535320,15.90,16.10,15.50,15.65,-0.1500,25
2026-09-04,6689,伊雲谷,98542,6040287,61.40,61.90,60.90,61.00,0.2000,92
2026-09-04,6691,洋基工程,704992,430567869,611.00,629.00,598.00,619.00,16.0000,1679
2026-09-04,6695,芯鼎,200020,9859042,49.50,49.80,48.80,49.50,0.4000,291
2026-09-04,6698,旭暉應材,70993,2239051,31.15,32.00,31.15,31.50,0.1000,110
2026-09-04,6706,惠特,1473399,183651681,124.00,127.00,121.50,127.00,6.5000,1501
2026-09-04,6715,嘉基,1156529,370441214,317.50,328.50,311.50,320.00,12.5000,1390
2026-09-04,6719,力智,435003,82531967,191.00,191.50,187.50,191.00,4.0000,1135
2026-09-04,6722,輝創,33001,1076682,32.60,33.30,32.05,33.05,0.3500,31
2026-09-04,6742,澤米,342646,15203877,44.55,45.20,43.50,44.95,0.9500,316
2026-09-04,6743,安普新,257713,7347401,28.80,28.90,28.25,28.60,0.1000,205
2026-09-04,6753,龍德造船,844400,115530859,138.50,139.00,135.00,137.50,0.5000,1101
2026-09-04,6754,匯僑設計,2084,87553,42.00,42.00,42.00,42.00,0.6500,4
2026-09-04,6756,威鋒電子,206257,21054439,100.50,104.00,100.50,101.50,1.0000,264
2026-09-04,6757,台灣虎航,394103,21876440,56.00,56.00,55.10,55.90,0.0000,514
2026-09-04,6768,志強-KY,167557,10725430,64.00,64.30,63.60,64.10,0.1000,147
2026-09-04,6770,力積電,85248242,5807832780,69.30,70.00,67.00,68.50,0.7000,47868
2026-09-04,6771,平和環保-創,32505,1360487,41.85,42.20,41.50,41.80,0.1000,37
2026-09-04,6776,展碁國際,56728,2995027,53.20,53.20,52.50,53.10,0.4000,68
2026-09-04,6781,AES-KY,354859,389330830,1085.00,1115.00,1075.00,1115.00,55.0000,1162
2026-09-04,6782,視陽,392765,90397549,236.00,236.00,228.00,229.50,-5.5000,4153
2026-09-04,6789,采鈺,1130577,527406026,470.50,477.00,458.00,468.00,2.5000,2314
2026-09-04,6790,永豐實,135927,5172784,38.00,38.15,38.00,38.15,0.1500,100
2026-09-04,6792,詠業,14030,837682,59.90,60.20,59.30,60.10,0.9000,15
2026-09-04,6794,向榮生技,27029,1980653,73.70,74.00,72.50,73.70,-1.3000,28
2026-09-04,6796,晉弘,44706,2638625,59.30,59.80,58.50,59.70,0.4000,51
2026-09-04,6799,來頡,104959,8450329,81.60,81.60,80.00,80.60,0.4000,155
2026-09-04,6805,富世達,564271,1219816205,2150.00,2200.00,2080.00,2200.00,105.0000,2774
2026-09-04,6807,峰源-KY,10000,325100,32.45,33.00,32.30,32.75,0.0500,9
2026-09-04,6830,汎銓,3050638,1831187872,610.00,625.00,574.00,597.00,7.0000,5886
2026-09-04,6831,邁科,1037685,616401686,608.00,613.00,565.00,605.00,20.0000,1635
2026-09-04,6834,天二科技,4355140,403752905,90.00,94.40,89.10,94.00,6.8000,3903
2026-09-04,6835,圓裕,28306,874701,30.80,31.70,30.65,31.00,-0.0500,35
2026-09-04,6838,台新藥,208514,5082116,24.00,24.90,23.75,24.65,0.6500,198
2026-09-04,6854,錼創科技-KY創,306930,28774894,93.00,96.30,92.40,92.80,0.1000,296
2026-09-04,6861,睿生光電,231207,42089867,180.50,185.50,180.00,183.00,4.5000,333
2026-09-04,6862,三集瑞-KY,206724,29214256,141.00,143.50,139.50,140.00,1.0000,211
2026-09-04,6863,永道-KY,87350,9087537,104.50,105.00,103.00,104.50,0.5000,92
2026-09-04,6869,雲豹能源,313785,20348941,65.30,65.60,64.50,64.50,-0.5000,511
2026-09-04,6873,泓德能源,204206,13833638,68.20,68.30,67.20,68.10,0.0000,284
2026-09-04,6885,全福生技,526421,12623952,23.25,24.40,23.25,24.10,0.8500,335
2026-09-04,6887,寶綠特-KY,15020,568872,37.60,38.05,37.60,38.05,0.9000,18
2026-09-04,6890,來億-KY,524946,92770636,183.50,184.00,169.50,169.50,0.5000,962
2026-09-04,6901,鑽石投資,1355411,20205908,15.15,15.15,14.75,14.95,0.0500,862
2026-09-04,6902,GOGOLOOK,33422,4117168,123.00,125.00,122.50,125.00,1.0000,91
2026-09-04,6906,現觀科,496558,41124804,80.40,85.40,79.50,84.30,0.9000,512
2026-09-04,6908,宏碁遊戲-創,35350,1063801,30.10,30.35,30.00,30.10,0.0000,22
2026-09-04,6909,創控,143880,5795869,40.10,40.70,39.85,40.70,1.1000,144
2026-09-04,6914,阜爾運通,93581,11312955,121.50,121.50,120.50,121.00,-1.0000,220
2026-09-04,6916,華凌,18088,336267,18.80,18.80,18.55,18.70,0.2000,12
2026-09-04,6918,愛派司,51160,3991845,77.90,80.00,76.80,77.80,0.7000,46
2026-09-04,6919,康霈*,8669515,731811227,83.50,87.20,81.60,86.40,1.9000,7333
2026-09-04,6921,嘉雨思-創,3011,190203,63.30,63.60,62.60,63.60,-0.1000,9
2026-09-04,6923,中台,16230,1220756,74.30,75.70,74.30,75.30,-0.1000,23
2026-09-04,6924,榮惠-KY創,57652,6824834,113.00,123.00,112.50,123.00,9.5000,76
2026-09-04,6928,攸泰科技,72405,3489721,47.95,48.60,47.30,48.50,0.5500,67
2026-09-04,6931,青松健康,50400,2058400,40.90,41.05,40.50,41.00,0.0500,34
2026-09-04,6933,AMAX-KY,956572,296226243,309.00,319.00,299.00,317.00,15.0000,1583
2026-09-04,6934,心誠鎂,34062,2492687,74.10,74.10,72.60,72.60,-1.4000,32
2026-09-04,6936,永鴻生技,11000,361050,32.75,32.90,32.75,32.80,0.0000,7
2026-09-04,6937,天虹,532250,152506436,284.00,295.50,278.00,283.00,5.0000,825
2026-09-04,6944,兆聯實業,340084,235688637,705.00,705.00,685.00,696.00,1.0000,1999
2026-09-04,6947,台鎔科技,269535,18791206,69.30,71.00,68.70,69.80,1.4000,231
2026-09-04,6951,青新-創,50851,3620817,71.00,71.60,70.90,71.00,-0.8000,226
2026-09-04,6952,大武山,13080,501550,38.50,38.70,38.15,38.20,0.0000,16
2026-09-04,6955,邦睿生技-創,3000,300000,100.00,100.00,100.00,100.00,1.1000,3
2026-09-04,6957,裕慶-KY,53322,11629732,218.00,221.00,216.00,219.50,2.0000,289
2026-09-04,6958,日盛台駿,25691,445546,17.30,17.45,17.20,17.35,0.1500,27
2026-09-04,6958A,日盛台駿甲特,29000,597550,20.60,20.70,20.50,20.60,0.0000,17
2026-09-04,6962,奕力-KY,1115333,35469474,32.10,32.30,31.45,31.95,0.1500,807
2026-09-04,6965,中傑-KY,11036,815349,73.70,74.10,73.70,73.80,0.1000,13
2026-09-04,6969,成信實業*-創,84665,2786879,33.35,33.40,32.60,33.40,0.0500,72
2026-09-04,6988,威力暘-創,25000,290350,11.40,11.90,11.40,11.85,0.5500,13
2026-09-04,6994,富威電力,406928,14306125,35.30,35.65,34.85,35.20,-0.3500,297
2026-09-04,7610,聯友金屬-創,395227,719313140,1820.00,1820.00,1820.00,1820.00,165.0000,1454
2026-09-04,7631,聚賢研發-創,66565,9592034,144.50,146.50,142.00,146.00,5.0000,60
2026-09-04,7689,大鵬科CLMX,46692,8004081,170.50,172.50,170.50,172.50,2.0000,71
2026-09-04,7705,三商餐飲,68260,2028323,29.80,29.85,29.50,29.85,0.0500,165
2026-09-04,7711,永擎,2356476,1431399909,597.00,632.00,575.00,632.00,57.0000,4187
2026-09-04,7721,微程式,37691,2270374,61.00,61.00,59.70,60.90,0.6000,45
2026-09-04,7722,LINEPAY,47394,13214733,275.00,281.50,275.00,280.00,5.5000,154
2026-09-04,7730,暉盛-創,253549,46478986,190.00,193.00,175.50,186.50,-1.5000,257
2026-09-04,7732,金興精密,4000,134550,33.90,33.90,33.35,33.55,0.0500,4
2026-09-04,7736,虎山,6000,418100,70.00,70.00,69.40,69.40,-0.5000,6
2026-09-04,7740,熙特爾-創,78660,10206239,129.00,135.00,128.00,132.00,3.0000,112
2026-09-04,7749,意騰-KY,149005,54315959,364.50,369.00,359.00,368.50,5.0000,239
2026-09-04,7750,新代,346468,812979760,2205.00,2420.00,2205.00,2415.00,215.0000,2697
2026-09-04,7760,享溫馨,65895,2179871,33.20,33.20,33.00,33.20,0.0000,21
2026-09-04,7765,中華資安,37495,8302215,221.00,222.50,220.50,221.50,-0.5000,145
2026-09-04,7768,頌勝科技,96312,27512176,280.00,288.50,280.00,282.50,4.5000,144
2026-09-04,7769,鴻勁,412749,2464228565,6070.00,6125.00,5885.00,5980.00,110.0000,4160
2026-09-04,7780,大研生醫*,583651,9746693,16.70,16.80,16.65,16.70,0.0500,344
2026-09-04,7786,東方風能,71301,8319940,116.50,117.50,116.50,116.50,0.0000,108
2026-09-04,7788,松川精密,4593320,1496116629,319.00,339.50,315.00,335.00,20.0000,5754
2026-09-04,7791,皇家可口,39959,2204090,55.30,55.50,55.00,55.00,-0.3000,72
2026-09-04,7795,長廣,1085335,546585383,508.00,520.00,492.50,505.00,16.0000,1329
2026-09-04,7799,禾榮科,318974,116334857,355.00,373.00,353.50,370.00,18.0000,449
2026-09-04,7803,雲象科技-創,13000,254250,19.80,19.80,19.40,19.50,0.4000,11
2026-09-04,7818,溢泰實業,40705,2466209,60.70,60.90,60.40,60.70,-0.1000,41
2026-09-04,7821,神數,27855,1101292,39.30,39.75,39.30,39.55,0.1500,51
2026-09-04,7822,倍利科,99311,90542599,906.00,924.00,896.00,922.00,24.0000,559
2026-09-04,7823,奧義賽博-KY創,11322,939416,84.00,84.00,82.60,83.00,-0.7000,13
2026-09-04,7827,漢康-KY創,141733,21164341,151.50,153.00,145.00,151.00,-0.5000,191
2026-09-04,7835,永悅健康-創,81300,1885460,23.90,23.90,23.00,23.00,-0.7500,47
2026-09-04,7855,和運租車,652988,27934806,42.80,42.95,42.70,42.75,-0.0500,466
2026-09-04,8011,台通,246571,3872206,15.85,15.85,15.65,15.70,-0.0500,226
2026-09-04,8016,矽創,245676,71719674,295.00,295.00,289.50,293.50,3.5000,937
2026-09-04,8021,尖點,6332673,2659196942,425.00,426.00,413.00,420.00,6.5000,8201
2026-09-04,8028,昇陽半導體,1322617,315311070,242.00,244.00,234.50,239.00,2.5000,1954
2026-09-04,8033,雷虎,2868742,502221111,176.50,177.50,171.50,176.00,3.0000,3664
2026-09-04,8039,台虹,40392394,12392791079,307.00,321.00,295.50,297.50,4.5000,35162
2026-09-04,8045,達運光電,345195,17340471,50.50,51.20,50.00,50.20,-0.2000,179
2026-09-04,8046,南電,18619387,19503732175,1075.00,1095.00,1010.00,1055.00,-25.0000,36641
2026-09-04,8070,長華*,1640539,82301333,49.70,50.70,49.30,50.50,1.3000,1191
2026-09-04,8072,陞泰,43561,1137206,26.15,26.20,25.95,26.20,0.1500,61
2026-09-04,8081,致新,268723,67942514,255.00,255.00,251.00,254.50,3.0000,665
2026-09-04,8101,華冠,7308,87110,11.90,12.00,11.90,12.00,0.3500,14
2026-09-04,8103,瀚荃,5723721,701626643,123.00,126.00,118.50,122.50,1.5000,15595
2026-09-04,8104,錸寶,190480,5820857,30.70,30.85,30.30,30.65,0.2000,272
2026-09-04,8105,凌巨,3908652,58087525,14.80,15.10,14.70,15.00,0.0000,1540
2026-09-04,8110,華東,2324035,101201874,44.40,44.55,42.90,43.55,0.3000,1806
2026-09-04,8112,至上,5572317,500631670,90.30,90.90,88.60,90.50,1.2000,4879
2026-09-04,8112A,至上甲特,6045,273229,45.20,45.20,45.20,45.20,0.0000,15
2026-09-04,8114,振樺電,290290,56185924,192.00,195.00,190.50,194.50,5.5000,401
2026-09-04,8131,福懋科,1123218,68483456,61.20,61.90,60.10,61.40,0.9000,1071
2026-09-04,8150,南茂,17066972,1530039784,91.00,92.80,87.90,90.10,1.0000,15114
2026-09-04,8162,微矽電子-創,54307,3288634,59.30,61.80,59.30,60.60,1.7000,72
2026-09-04,8163,達方,536149,16947120,31.40,31.85,31.40,31.50,0.4000,454
2026-09-04,8201,無敵,26006,303256,11.65,11.80,11.55,11.80,0.1500,34
2026-09-04,8210,勤誠,923601,897560390,957.00,986.00,949.00,986.00,38.0000,2326
2026-09-04,8213,志超,264499,8717967,32.90,33.20,32.70,32.95,0.1500,242
2026-09-04,8215,明基材,638897,16236567,25.50,25.90,24.95,25.55,0.2500,551
2026-09-04,8222,寶一,406169,14932909,37.05,37.25,36.35,37.00,0.2500,413
2026-09-04,8249,菱光,268687,10900739,40.35,41.00,40.20,40.95,0.7500,233
2026-09-04,8261,富鼎,3505933,631171535,178.50,185.50,174.50,180.50,7.5000,5325
2026-09-04,8271,宇瞻,1937182,420002491,220.00,222.00,213.00,217.00,0.0000,2509
2026-09-04,8341,日友,158056,11904337,75.80,75.80,75.10,75.20,0.1000,165
2026-09-04,8367,建新國際,10062,412930,41.15,41.15,41.00,41.00,-0.1500,12
2026-09-04,8374,羅昇,300406,24356332,81.00,82.40,79.20,81.70,2.5000,292
2026-09-04,8404,百和興業-KY,271052,4381027,16.25,16.25,16.10,16.20,-0.0500,172
2026-09-04,8411,福貞-KY,45578,589484,12.85,13.00,12.85,13.00,0.1000,64
2026-09-04,8422,可寧衛*,2983275,77940368,26.20,26.35,26.00,26.10,-0.0500,1991
2026-09-04,8429,金麗-KY,71480,431617,6.00,6.06,6.00,6.04,0.0400,95
2026-09-04,8438,昶昕,184526,12595605,70.90,70.90,67.30,68.80,0.0000,744
2026-09-04,8442,威宏-KY,19966,907447,45.30,45.70,45.15,45.55,0.2500,25
2026-09-04,8443,阿瘦,31632,350982,11.15,11.20,11.05,11.15,-0.0500,53
2026-09-04,8454,富邦媒,395847,96075235,239.00,246.00,237.00,245.00,7.0000,892
2026-09-04,8462,柏文,75398,12447017,165.00,166.00,163.00,165.50,0.0000,171
2026-09-04,8463,潤泰材,12510,268394,21.35,21.45,21.35,21.40,0.0000,14
2026-09-04,8464,億豐,173096,64308973,367.00,373.50,367.00,373.50,6.0000,220
2026-09-04,8466,美吉吉-KY,14295,216253,15.30,15.30,15.05,15.10,-0.2000,16
2026-09-04,8467,波力-KY,24081,2179190,90.00,91.90,88.80,90.20,0.2000,26
2026-09-04,8473,山林水,691431,31800372,46.50,46.50,45.70,45.70,-0.4500,594
2026-09-04,8476,台境*,225236,4338032,19.40,19.40,19.15,19.30,0.1000,99
2026-09-04,8478,東哥遊艇,64405,9127503,141.50,142.50,141.00,142.00,1.0000,95
2026-09-04,8481,政伸,20068,821488,40.80,41.00,40.80,41.00,0.4000,11
2026-09-04,8482,商億-KY,13181,634932,47.90,48.50,47.90,48.45,1.3500,17
2026-09-04,8487,愛爾達-創,2295,161717,70.40,70.50,70.40,70.50,0.1000,14
2026-09-04,8488,吉源-KY,191213,1958741,9.90,10.65,9.90,10.40,0.6300,156
2026-09-04,8499,鼎炫-KY,5116,1306257,259.50,259.50,253.00,253.00,0.5000,11
2026-09-04,8926,台汽電,1959811,112049060,56.70,57.70,56.60,57.50,0.9000,1730
2026-09-04,8940,新天地,46954,704493,15.05,15.30,14.95,15.00,-0.0500,76
2026-09-04,8996,高力,5561008,6933380315,1255.00,1300.00,1170.00,1300.00,115.0000,10460
2026-09-04,9103,美德醫療-DR,451388,2287268,5.04,5.14,5.02,5.14,0.1100,158
2026-09-04,910322,康師傅-DR,5472,136875,24.95,25.00,24.95,25.00,-0.2000,12
2026-09-04,9105,泰金寶-DR,15263374,131278703,8.60,8.68,8.48,8.65,0.1100,3355
2026-09-04,910861,神州-DR,69000,249850,3.68,3.69,3.60,3.67,-0.0100,29
2026-09-04,9110,越南控-DR,41100,118705,2.87,3.00,2.82,3.00,0.0000,18
2026-09-04,911608,明輝-DR,31066,82331,2.62,2.71,2.60,2.70,-0.0200,21
2026-09-04,911622,泰聚亨-DR,,,,,,,0.0000,
2026-09-04,911868,同方友友-DR,224300,260217,1.17,1.17,1.15,1.17,0.0100,43
2026-09-04,912000,晨訊科-DR,71400,176430,2.45,2.49,2.45,2.48,0.0400,35
2026-09-04,9136,巨騰-DR,49000,537200,11.00,11.05,10.90,11.00,0.1000,26
2026-09-04,9802,鈺齊-KY,406124,29276274,72.70,72.70,71.80,72.30,0.1000,392
2026-09-04,9902,台火,37564,511756,13.60,13.70,13.60,13.65,0.0500,75
2026-09-04,9904,寶成,5728739,141042164,24.70,24.75,24.50,24.60,0.0500,2679
2026-09-04,9905,大華,52824,1134540,21.45,21.50,21.40,21.50,0.0500,53
2026-09-04,9906,欣巴巴,47379,2007951,43.00,43.00,42.00,42.20,-0.4000,128
2026-09-04,9907,統一實,1115761,17057488,15.40,15.40,15.25,15.25,-0.1000,626
2026-09-04,9908,大台北,159230,4626180,29.05,29.10,29.00,29.05,0.0000,132
2026-09-04,9910,豐泰,801231,54938908,67.70,69.00,67.70,68.90,1.2000,697
2026-09-04,9911,櫻花,623832,50963767,82.00,82.30,81.20,81.20,-0.9000,551
2026-09-04,9912,偉聯,86338,1107521,12.60,13.00,12.60,12.95,0.3500,91
2026-09-04,9914,美利達,916724,72960962,80.10,80.80,78.90,79.30,-0.3000,1035
2026-09-04,9917,中保科,277915,29525554,106.50,106.50,106.00,106.50,0.5000,388
2026-09-04,9918,欣天然,41513,1794601,43.10,43.50,42.80,43.10,-0.3500,57
2026-09-04,9919,康那香,225472,3130907,13.85,13.95,13.80,13.95,0.1000,184
2026-09-04,9921,巨大,1344515,133296539,101.00,101.50,97.80,98.90,-1.6000,1528
2026-09-04,9924,福興,74968,2886434,38.40,38.65,38.40,38.45,0.0500,100
2026-09-04,9925,新保,1248600,49384156,39.70,39.75,39.40,39.55,-0.1500,1228
2026-09-04,9926,新海,13120,647665,49.40,49.40,49.30,49.35,0.2000,21
2026-09-04,9927,泰銘,59528,4144927,69.90,69.90,69.50,69.50,0.0000,109
2026-09-04,9928,中視,39002,696785,17.90,17.95,17.80,17.85,-0.1500,25
2026-09-04,9929,秋雨,21050,237918,11.40,11.40,11.20,11.30,-0.1000,13
2026-09-04,9930,中聯資源,81176,5076131,62.40,63.10,62.30,63.10,0.7000,94
2026-09-04,9931,欣高,8639,292931,33.90,33.95,33.90,33.90,0.0000,20
2026-09-04,9933,中鼎,2456816,99212868,40.80,40.90,40.15,40.40,-0.4000,3563
2026-09-04,9934,成霖,539581,5931749,11.15,11.15,10.90,11.10,0.0500,312
2026-09-04,9935,慶豐富,159699,3144256,19.60,19.80,19.55,19.65,0.0500,135
2026-09-04,9937,全國,78151,4291365,55.00,55.20,54.50,55.20,0.1000,54
2026-09-04,9938,百和,753669,30982394,41.40,41.40,41.00,41.15,-0.1000,661
2026-09-04,9939,宏全,385249,50428178,131.50,131.50,130.00,131.50,0.0000,531
2026-09-04,9940,信義,254682,5204079,20.40,20.50,20.35,20.50,0.2000,191
2026-09-04,9941,裕融,493562,39987521,81.20,81.50,80.60,81.30,0.4000,581
2026-09-04,9941A,裕融甲特,32805,1603180,48.90,48.90,48.85,48.85,-0.1000,32
2026-09-04,9942,茂順,45796,5235150,114.00,115.00,114.00,114.50,0.5000,66
2026-09-04,9943,好樂迪,34463,1766062,51.30,51.40,51.00,51.20,0.2000,57
2026-09-04,9944,新麗,54895,942873,17.25,17.30,17.00,17.20,0.0000,43
2026-09-04,9945,潤泰新,3851767,108853378,28.30,28.50,28.05,28.45,0.2000,1820
2026-09-04,9946,三發地產,225215,3929508,17.25,17.75,17.20,17.60,0.4500,197
2026-09-04,9955,佳龍,194070,4632027,24.35,24.35,23.65,23.85,0.2000,170
2026-09-04,9958,世紀鋼,1659464,145979633,88.60,89.10,87.30,88.10,-0.3000,1997
