Date,Code,Name,TradeVolume,TradeValue,OpeningPrice,HighestPrice,LowestPrice,ClosingPrice,Change,Transaction
2026-09-30,00400A,主動國泰動能高息,25570681,400451537,15.77,15.77,15.56,15.56,0.0500,5361
2026-09-30,00401A,主動摩根台灣鑫收,3180459,45366081,14.29,14.32,14.22,14.22,0.0100,769
2026-09-30,00402A,主動安聯美國科技,9630088,96574871,10.03,10.04,10.01,10.02,0.0800,1183
2026-09-30,00403A,主動統一升級50,144635371,1568191443,10.83,10.90,10.78,10.79,0.0900,20040
2026-09-30,00404A,主動聯博動能50,9762463,96563681,9.85,9.93,9.84,9.85,0.0600,1381
2026-09-30,00405A,主動富邦台灣龍耀,55732051,519646097,9.38,9.40,9.24,9.26,0.0100,5542
2026-09-30,00406A,主動中信台灣收益,343691070,3416063443,9.99,10.00,9.89,9.91,0.0600,44614
2026-09-30,00407A,主動凱基台灣,43173000,437461800,10.18,10.20,10.06,10.06,0.0400,4470
2026-09-30,00408A,主動第一金優股息,1061078,11159460,10.52,10.56,10.48,10.49,0.0500,185
2026-09-30,00409A,主動復華全球50,31256502,315872967,10.06,10.14,10.06,10.09,0.1300,2362
2026-09-30,00410A,主動永豐科技趨勢,2963354,37005645,12.56,12.56,12.41,12.43,0.0600,521
2026-09-30,0050,元大台灣50,60951975,6863160831,112.50,113.05,112.05,112.05,0.7500,61201
2026-09-30,0051,元大中型100,61482,9135358,148.00,149.05,147.75,149.05,2.1500,483
2026-09-30,0052,富邦科技,17975548,1180675733,65.60,65.95,65.30,65.45,0.5000,11176
2026-09-30,0053,元大電子,209342,53150000,253.40,255.20,252.05,252.05,1.2500,1363
2026-09-30,0055,元大MSCI金融,1341348,66191454,49.51,49.60,49.22,49.27,0.0600,4841
2026-09-30,0056,元大高股息,31983738,1822284578,56.95,57.15,56.75,56.95,0.4000,20805
2026-09-30,0057,富邦摩台,14480,4849895,335.60,336.40,333.45,333.45,1.7000,816
2026-09-30,0061,元大寶滬深,83401,1943627,23.34,23.36,23.25,23.25,-0.0900,171
2026-09-30,006203,元大MSCI台灣,13490,2738417,203.50,203.75,202.40,203.20,1.1500,184
2026-09-30,006204,永豐臺灣加權,23040,5527781,239.90,240.85,239.90,240.85,3.6500,104
2026-09-30,006205,富邦上証,561935,22077398,39.20,39.32,39.20,39.32,0.1200,217
2026-09-30,006206,元大上證50,35399,1299260,36.96,36.96,36.41,36.72,0.0900,106
2026-09-30,006207,復華滬深,119439,3723526,31.06,31.19,31.06,31.11,0.0700,117
2026-09-30,006208,富邦台50,2160643,557248027,257.60,258.75,256.30,256.30,1.1000,6984
2026-09-30,00625K,富邦上証+R,,,,,,,0.0000,
2026-09-30,00631L,元大台灣50正2,137367770,5391079493,39.10,39.51,38.94,38.99,0.7100,40818
2026-09-30,00632R,元大台灣50反1,92757064,876532047,9.46,9.49,9.42,9.47,-0.1000,9479
2026-09-30,00633L,富邦上証正2,1816054,80257202,44.05,44.35,43.99,44.24,0.3200,347
2026-09-30,00634R,富邦上証反1,64000,208440,3.29,3.29,3.25,3.27,0.0000,9
2026-09-30,00635U,期元大S&P黃金,2104417,90528182,43.02,43.10,42.92,43.04,0.4000,2333
2026-09-30,00636,國泰中國A50,686564,18203420,26.40,26.55,26.40,26.54,0.0700,239
2026-09-30,00636K,國泰中國A50+U,1100,8976,8.16,8.16,8.16,8.16,-0.0400,1
2026-09-30,00637L,元大滬深300正2,11406223,208447304,18.27,18.35,18.18,18.32,0.1500,1555
2026-09-30,00638R,元大滬深300反1,107000,743460,6.97,6.97,6.93,6.95,-0.0100,12
2026-09-30,00639,富邦深100,473226,7197951,15.20,15.29,15.18,15.20,0.0000,231
2026-09-30,00640L,富邦日本正2,101504,11056887,107.35,110.00,107.35,109.90,3.9500,108
2026-09-30,00641R,富邦日本反1,433061,1577983,3.68,3.68,3.62,3.63,-0.0800,89
2026-09-30,00642U,期元大S&P石油,1720291,52909603,30.70,30.87,30.63,30.83,-1.5900,1010
2026-09-30,00643,群益深証中小,2293362,39531025,17.32,17.33,17.21,17.26,0.0600,130
2026-09-30,00643K,群益深証中小+R,,,,,,,0.0000,
2026-09-30,00645,富邦日本,86931,5040820,57.55,58.45,57.55,58.35,1.0500,266
2026-09-30,00646,元大S&P500,938153,72367607,76.95,77.20,76.95,77.15,0.2500,3027
2026-09-30,00647L,元大S&P500正2,14167,1957291,138.15,138.30,138.00,138.30,1.1000,45
2026-09-30,00648R,元大S&P500反1,303383,1189624,3.94,3.94,3.91,3.91,-0.0300,29
2026-09-30,00650L,復華香港正2,1413810,22379796,15.88,15.98,15.66,15.96,0.0400,356
2026-09-30,00651R,復華香港反1,130148,698852,5.38,5.39,5.34,5.35,-0.0100,23
2026-09-30,00652,富邦印度,312760,9760620,31.21,31.28,31.18,31.20,-0.1400,359
2026-09-30,00653L,富邦印度正2,396035,16282926,41.10,41.29,40.96,41.00,0.1800,97
2026-09-30,00654R,富邦印度反1,30087,215212,7.26,7.26,7.12,7.13,-0.0100,13
2026-09-30,00655L,國泰中國A50正2,409781,12600793,30.67,30.89,30.62,30.83,0.2900,108
2026-09-30,00656R,國泰中國A50反1,8100,49755,6.15,6.15,6.13,6.13,-0.0200,6
2026-09-30,00657,國泰日經225,60051,4722871,78.20,79.35,78.20,79.30,2.5000,106
2026-09-30,00657K,國泰日經225+U,200,4968,24.84,24.84,24.84,24.84,0.7300,2
2026-09-30,00660,元大歐洲50,16383,757839,46.15,46.43,46.11,46.43,0.2300,74
2026-09-30,00661,元大日經225,135622,11715107,86.20,86.85,85.90,86.70,2.4000,198
2026-09-30,00662,富邦NASDAQ,2286303,284069712,124.15,124.50,124.00,124.20,0.9500,2454
2026-09-30,00663L,國泰臺灣加權正2,5011119,568145897,113.00,114.25,112.50,112.85,2.4000,2134
2026-09-30,00664R,國泰臺灣加權反1,15354569,23464519,1.53,1.54,1.52,1.53,-0.0100,775
2026-09-30,00665L,富邦恒生國企正2,8112958,71081803,8.76,8.86,8.66,8.84,0.0500,834
2026-09-30,00666R,富邦恒生國企反1,2000,18710,9.38,9.38,9.33,9.33,-0.0500,2
2026-09-30,00668,國泰美國道瓊,122679,7362116,59.90,60.15,59.90,60.10,0.2000,106
2026-09-30,00668K,國泰美國道瓊+U,200,3756,18.78,18.78,18.78,18.78,-0.0600,2
2026-09-30,00669R,國泰美國道瓊反1,852000,4575310,5.38,5.38,5.37,5.37,-0.0100,27
2026-09-30,00670L,富邦NASDAQ正2,376194,78976407,210.00,210.45,209.30,209.50,2.5000,507
2026-09-30,00671R,富邦NASDAQ反1,536671,1263960,2.35,2.36,2.35,2.36,-0.0200,61
2026-09-30,00673R,期元大S&P原油反1,34957965,380582822,10.89,10.92,10.84,10.86,0.4700,3116
2026-09-30,00674R,期元大S&P黃金反1,122336,3580695,29.27,29.29,29.22,29.28,-0.3200,61
2026-09-30,00675L,富邦臺灣加權正2,1056287,362941905,342.85,346.25,341.00,341.85,7.8500,1123
2026-09-30,00676R,富邦臺灣加權反1,5208493,27207063,5.23,5.25,5.20,5.24,-0.0500,388
2026-09-30,00678,群益那斯達克生技,256497,11224092,43.43,43.85,43.43,43.83,0.4000,90
2026-09-30,00680L,元大美債20正2,12311796,71686544,5.82,5.84,5.80,5.83,-0.0100,1002
2026-09-30,00681R,元大美債20反1,162308,3705022,22.83,22.83,22.79,22.79,-0.0700,10
2026-09-30,00682U,期元大美元指數,2000,41620,20.81,20.81,20.81,20.81,0.0200,1
2026-09-30,00683L,期元大美元指正2,38000,845060,22.16,22.29,22.16,22.29,0.1300,10
2026-09-30,00684R,期元大美元指反1,,,,,,,0.0000,
2026-09-30,00685L,群益臺灣加權正2,176435813,2288395935,12.92,13.07,12.86,12.91,0.2700,27235
2026-09-30,00686R,群益臺灣加權反1,9519336,8882201,0.94,0.94,0.93,0.94,-0.0100,370
2026-09-30,00688L,國泰20年美債正2,5272275,30559734,5.80,5.81,5.78,5.80,0.0000,414
2026-09-30,00689R,國泰20年美債反1,100000,2391000,23.91,23.91,23.91,23.91,0.0500,2
2026-09-30,00690,兆豐藍籌30,164001,13544090,82.75,83.10,82.30,82.30,0.6000,396
2026-09-30,00692,富邦公司治理,1481681,143660544,96.80,97.35,96.55,96.60,0.7000,1054
2026-09-30,00693U,期街口S&P黃豆,698891,16523853,23.58,23.70,23.58,23.68,0.2600,154
2026-09-30,00700,富邦恒生國企,49910,841342,16.75,16.93,16.75,16.92,0.0700,148
2026-09-30,00701,國泰股利精選30,279284,11602719,41.42,41.65,41.42,41.42,0.0000,380
2026-09-30,00702,國泰標普低波高息,115907,2710201,23.43,23.43,23.38,23.38,-0.0500,93
2026-09-30,00703,台新MSCI中國,13484,252161,18.73,18.81,18.69,18.81,0.0800,66
2026-09-30,00706L,期元大S&P日圓正2,762730,14786485,19.32,19.51,19.31,19.34,0.0600,197
2026-09-30,00707R,期元大S&P日圓反1,,,,,,,0.0000,
2026-09-30,00708L,期元大S&P黃金正2,4659810,336728690,72.35,72.60,72.00,72.20,1.3000,2222
2026-09-30,00709,富邦歐洲,24563,969979,39.48,39.55,39.46,39.46,-0.1000,195
2026-09-30,00710B,復華彭博非投等債,327078,6065335,18.55,18.57,18.52,18.52,-0.1400,113
2026-09-30,00711B,復華彭博新興債,183419,2709176,14.77,14.78,14.77,14.77,-0.0100,71
2026-09-30,00712,復華富時不動產,72962505,549825734,7.55,7.55,7.53,7.54,-0.0200,14092
2026-09-30,00713,元大台灣高息低波,8779001,553178514,63.25,63.25,62.80,63.00,0.1000,4156
2026-09-30,00714,群益道瓊美國地產,842940,17388821,20.57,20.67,20.57,20.61,-0.0100,80
2026-09-30,00715L,期街口布蘭特正2,3198688,201985085,62.80,63.75,62.65,63.35,-4.5500,1721
2026-09-30,00717,富邦美國特別股,215000,3108234,14.47,14.47,14.42,14.47,-0.0200,195
2026-09-30,00728,第一金工業30,102052,7189837,70.40,70.85,70.20,70.20,0.3000,334
2026-09-30,00730,富邦臺灣優質高息,291212,8622310,29.35,29.79,29.35,29.72,0.3700,367
2026-09-30,00731,復華富時高息低波,578942,56741952,98.20,98.30,97.90,98.00,0.2500,213
2026-09-30,00733,富邦臺灣中小,488301,34960333,71.00,71.90,71.00,71.55,1.3500,765
2026-09-30,00735,國泰臺韓科技,1467540,159415732,108.80,109.15,107.95,107.95,0.7000,1311
2026-09-30,00736,國泰新興市場,102257,3226684,31.56,31.63,31.56,31.63,0.0200,69
2026-09-30,00737,國泰AI機器人,35229,1441565,40.91,40.97,40.87,40.87,0.1200,136
2026-09-30,00738U,期元大道瓊白銀,2673211,129402666,48.57,48.60,48.25,48.37,0.3000,1350
2026-09-30,00739,元大MSCI A股,84756,2246395,26.48,26.70,26.38,26.60,0.1400,132
2026-09-30,00752,中信中國50,566124,12598500,22.22,22.35,22.18,22.34,0.0100,435
2026-09-30,00753L,中信中國50正2,8487013,72891783,8.61,8.66,8.52,8.64,0.0300,1400
2026-09-30,00757,統一FANG+,298849,42816358,143.30,143.50,143.10,143.20,1.3000,982
2026-09-30,00762,元大全球AI,164402,19825615,119.60,121.05,119.60,120.75,1.2500,415
2026-09-30,00763U,期街口道瓊銅,196495,6817052,34.70,34.77,34.61,34.67,0.1100,135
2026-09-30,00770,國泰北美科技,224667,14654403,65.40,65.40,65.15,65.20,0.4500,545
2026-09-30,00771,元大US高息特別股,35290,528027,14.99,14.99,14.94,14.96,-0.1100,92
2026-09-30,00775B,台新投等債15+,81132,2414865,29.77,29.77,29.77,29.77,-0.0600,99
2026-09-30,00783,富邦中証500,3860,104480,27.08,27.15,27.08,27.15,0.3000,153
2026-09-30,00830,國泰費城半導體,7131175,633258668,88.75,89.00,88.55,88.80,1.9500,7479
2026-09-30,00850,元大臺灣ESG永續,704073,67858810,96.50,96.85,96.05,96.05,0.5500,999
2026-09-30,00851,台新全球AI,43693,3189133,72.75,73.15,72.75,73.15,0.9000,98
2026-09-30,00852L,國泰美國道瓊正2,121253,4005951,33.02,33.11,32.99,33.09,0.2600,85
2026-09-30,00861,元大全球未來通訊,132354,11746198,88.45,88.95,88.45,88.50,0.9000,335
2026-09-30,00865B,國泰US短期公債,2756639,134977215,48.93,49.01,48.88,48.99,0.0700,744
2026-09-30,00875,國泰網路資安,208053,11878550,56.85,57.15,56.85,57.05,0.1500,1448
2026-09-30,00876,元大全球5G,302106,27562259,89.95,91.55,89.95,91.25,1.7000,653
2026-09-30,00878,國泰永續高股息,23859788,835573161,35.07,35.14,34.90,34.90,0.0700,16332
2026-09-30,00881,國泰台灣科技龍頭,10067003,528249976,52.50,52.80,52.15,52.20,0.3000,6078
2026-09-30,00882,中信中國高股息,3605821,53587754,14.88,14.92,14.75,14.92,0.0700,1093
2026-09-30,00885,富邦越南,945548,17030835,17.99,18.07,17.98,18.00,0.0100,698
2026-09-30,00891,中信關鍵半導體,7905312,298483824,37.92,37.92,37.53,37.53,0.2300,4432
2026-09-30,00892,富邦台灣半導體,3149361,136214585,43.47,43.55,43.05,43.05,0.0600,1080
2026-09-30,00893,國泰智能電動車,381675,17464239,45.50,45.83,45.50,45.73,0.3500,414
2026-09-30,00894,中信小資高價30,807889,40467137,50.00,50.35,49.81,49.84,0.3500,708
2026-09-30,00895,富邦未來車,173943,8998705,51.60,51.80,51.60,51.70,0.2000,309
2026-09-30,00896,中信綠能及電動車,6148810,171235270,27.77,27.90,27.72,27.77,0.2700,2053
2026-09-30,00897,富邦基因免疫生技,2352137,33311802,14.07,14.24,14.07,14.22,0.4100,788
2026-09-30,00898,國泰基因免疫革命,1274712,15336661,11.95,12.09,11.95,12.08,0.3300,581
2026-09-30,00899,FT潔淨能源,43492,959300,22.09,22.14,22.03,22.14,0.1100,143
2026-09-30,00900,富邦特選高股息30,3838876,74608840,19.43,19.48,19.40,19.40,0.0300,1111
2026-09-30,00901,永豐智能車供應鏈,246944,11950970,48.13,48.57,48.13,48.15,0.4100,208
2026-09-30,00902,中信電池及儲能,462556,5744359,12.34,12.46,12.34,12.43,0.1800,291
2026-09-30,00903,富邦元宇宙,151418,3306819,21.84,21.88,21.83,21.85,0.0800,159
2026-09-30,00904,台新臺灣半導體30,1121934,48880240,43.25,43.72,43.25,43.43,0.4600,560
2026-09-30,00905,FT臺灣Smart,915053,25382902,27.65,27.83,27.65,27.65,0.2500,804
2026-09-30,00907,永豐優息存股,676264,12011821,17.68,17.78,17.68,17.74,0.0800,248
2026-09-30,00908,富邦入息REITs+,395314,5738055,14.53,14.54,14.50,14.54,0.0100,213
2026-09-30,00909,國泰數位支付服務,926783,45028892,48.56,49.34,48.48,48.62,0.1200,783
2026-09-30,00910,第一金太空衛星,425841,24369127,57.00,57.35,57.00,57.25,-0.4500,1227
2026-09-30,00911,兆豐洲際半導體,505461,28653479,56.70,56.85,56.50,56.70,0.9000,2464
2026-09-30,00912,中信臺灣智慧50,133662,4860420,36.02,36.56,36.02,36.20,0.2100,295
2026-09-30,00913,兆豐台灣晶圓製造,1687638,89082677,52.75,52.95,52.55,52.70,0.9500,919
2026-09-30,00915,凱基優選高股息30,3678461,121815880,32.99,33.18,32.99,33.07,0.1600,613
2026-09-30,00916,國泰全球品牌50,412916,11083169,26.88,26.92,26.82,26.85,-0.0300,324
2026-09-30,00917,中信特選金融,886419,19894188,22.50,22.50,22.42,22.45,-0.0500,699
2026-09-30,00918,大華優利高填息30,32128943,1091013393,34.04,34.09,33.89,33.89,-0.0100,19172
2026-09-30,00919,群益台灣精選高息,55289642,1766797539,32.03,32.04,31.86,31.88,0.0000,30394
2026-09-30,00920,富邦ESG綠色電力,153122,3810113,24.88,24.94,24.86,24.88,0.5500,198
2026-09-30,00921,兆豐龍頭等權重,255137,6011249,23.45,23.61,23.45,23.61,0.2300,219
2026-09-30,00922,國泰台灣領袖50,5388660,236176734,43.90,43.98,43.60,43.65,0.2600,3570
2026-09-30,00923,群益台ESG低碳50,2896619,120939828,41.65,41.90,41.51,41.51,0.1800,1566
2026-09-30,00924,復華S&P500成長,1166451,39393037,33.72,33.82,33.71,33.78,0.1900,943
2026-09-30,00926,凱基全球菁英55,847162,22540448,26.63,26.63,26.58,26.59,0.0000,205
2026-09-30,00927,群益半導體收益,11859076,473747476,39.95,40.10,39.69,39.89,0.5000,5212
2026-09-30,00929,復華台灣科技優息,20855032,612884210,29.37,29.44,29.32,29.35,0.1900,7132
2026-09-30,00930,永豐ESG低碳高息,1425424,33950402,23.92,23.92,23.76,23.80,0.1100,503
2026-09-30,00932,兆豐永續高息等權,689217,12079081,17.48,17.56,17.48,17.52,0.0800,252
2026-09-30,00934,中信成長高股息,2448099,73467622,29.96,30.06,29.92,29.95,0.1600,740
2026-09-30,00935,野村臺灣新科技50,8883858,543796260,61.20,61.60,60.90,60.95,0.5500,4378
2026-09-30,00936,台新永續高息中小,624004,13448343,21.54,21.60,21.47,21.58,0.2600,344
2026-09-30,00938,凱基優選30,375256,10133920,26.84,27.06,26.84,26.91,0.0700,194
2026-09-30,00939,統一台灣高息動能,2677225,64572540,24.11,24.22,24.06,24.10,0.0800,1078
2026-09-30,00940,元大台灣價值高息,9321863,122605600,13.13,13.19,13.12,13.12,0.0400,2106
2026-09-30,00941,中信上游半導體,989798,25545615,25.65,25.87,25.65,25.81,0.6200,627
2026-09-30,00943,兆豐電子高息等權,60813,1279271,21.05,21.08,21.00,21.02,0.0100,113
2026-09-30,00944,野村趨勢動能高息,181166,3980249,21.90,22.04,21.90,21.95,0.1200,200
2026-09-30,00945B,凱基美國非投等債,4727040,67055671,14.21,14.21,14.18,14.19,-0.0200,836
2026-09-30,00946,群益科技高息成長,2008191,30977742,15.44,15.52,15.37,15.42,0.0400,620
2026-09-30,00947,台新臺灣IC設計,6169532,250116439,40.50,40.72,40.33,40.46,0.4600,2160
2026-09-30,00949,復華日本龍頭,833020,18290147,21.74,22.18,21.74,22.15,0.4100,335
2026-09-30,00951,台新日本半導體,2478366,45022773,18.10,18.26,18.09,18.10,0.4600,793
2026-09-30,00952,凱基台灣AI50,1545524,28501583,18.30,18.53,18.30,18.39,0.1000,460
2026-09-30,00953B,群益優選非投等債,35216543,334557015,9.51,9.51,9.49,9.51,0.0000,6532
2026-09-30,00954,中信日本半導體,1573699,30507860,19.28,19.49,19.27,19.33,0.4900,636
2026-09-30,00956,中信日經高股息,249226,3359228,13.42,13.59,13.42,13.59,0.1700,176
2026-09-30,00960,野村全球航運龍頭,313321,7018307,22.00,22.40,22.00,22.38,0.3500,1962
2026-09-30,00961,FT臺灣永續高息,15051291,199286371,13.28,13.30,13.21,13.24,0.0300,3666
2026-09-30,00962,台新AI優息動能,1909017,28809064,15.09,15.15,15.05,15.05,0.0300,774
2026-09-30,00963,中信全球高股息,1651978,20694605,12.69,12.69,12.51,12.52,-0.0300,556
2026-09-30,00964,中信亞太高股息,967579,14320193,14.90,14.90,14.77,14.82,0.0900,258
2026-09-30,00965,元大航太防衛科技,8760356,220710611,25.00,25.27,25.00,25.19,0.1000,889
2026-09-30,00971,野村美國研發龍頭,84896,1511531,17.78,17.84,17.78,17.80,0.0200,170
2026-09-30,00972,野村日本動能高息,156852,3387100,21.58,21.82,21.58,21.82,0.3100,27
2026-09-30,009800,中信NASDAQ,3372292,45323563,13.44,13.46,13.42,13.42,0.0800,527
2026-09-30,009801,中信美國創新科技,1733861,20200592,11.64,11.67,11.63,11.64,0.0500,233
2026-09-30,009802,富邦旗艦50,2920051,58873944,20.20,20.22,20.07,20.07,0.1100,920
2026-09-30,009803,玉山市值動能50,3055016,66335851,21.75,21.79,21.61,21.61,0.1100,1336
2026-09-30,009804,聯邦台精彩50,661234,15940702,24.00,24.19,24.00,24.01,0.1600,371
2026-09-30,009805,台新美國電力基建,2630568,39329926,14.87,14.99,14.87,14.96,0.2000,940
2026-09-30,009808,華南永昌優選50,82543,2657086,32.10,32.33,32.05,32.05,0.2000,48
2026-09-30,009809,富邦淨零ESG50,257200,4792947,18.60,18.69,18.56,18.58,0.1300,78
2026-09-30,00980A,主動野村臺灣優選,18882373,481499441,25.62,25.76,25.38,25.41,0.0100,7299
2026-09-30,009810,玉山全球藍籌100,384646,8205959,21.37,21.37,21.32,21.32,-0.0500,64
2026-09-30,009811,統一美國50,297670,4019183,13.54,13.54,13.49,13.49,0.0200,397
2026-09-30,009812,野村日本東證,635826,8325080,13.00,13.19,13.00,13.17,0.2600,224
2026-09-30,009813,貝萊德標普卓越50,1879190,21622053,11.46,11.52,11.46,11.49,0.0300,320
2026-09-30,009816,凱基台灣TOP50,81829044,1356191736,16.60,16.65,16.49,16.49,0.0900,21837
2026-09-30,009817,國泰日本不動產,613858,5389755,8.73,8.80,8.73,8.80,0.0100,239
2026-09-30,009818,華南永昌NASDAQxT,213222,4506867,21.13,21.17,21.13,21.17,0.1800,49
2026-09-30,009819,中信數據及電力,3223649,31166050,9.64,9.69,9.64,9.67,0.1400,768
2026-09-30,00981A,主動統一台股增長,98951609,3038092034,30.75,30.88,30.50,30.54,0.2300,28691
2026-09-30,00981T,平衡凱基雙核收息,3033317,35341352,11.67,11.67,11.64,11.64,-0.0600,893
2026-09-30,009820,元大納斯達克精選,11647082,121897977,10.44,10.49,10.44,10.46,0.1400,1216
2026-09-30,009821,野村稀土關鍵資源,9846698,131065584,13.35,13.40,13.29,13.30,-0.0300,3990
2026-09-30,009824,群益美國科技巨頭,3647844,38544378,10.54,10.59,10.54,10.56,0.0700,851
2026-09-30,009826,貝萊德世界股票,9478444,95086553,10.02,10.04,10.02,10.03,0.0100,2573
2026-09-30,009827,玉山未來全球算力,2745236,28228702,10.28,10.31,10.26,10.29,0.0900,540
2026-09-30,009828,中信台日韓PCB,52762550,531926910,10.03,10.13,10.03,10.12,0.1400,5374
2026-09-30,009829,大華韓國KOSPI50,17138475,185801358,10.90,10.92,10.76,10.78,0.0400,1975
2026-09-30,00982A,主動群益台灣強棒,12843060,297653525,23.23,23.26,23.03,23.07,0.2400,4062
2026-09-30,00982D,主動富邦動態入息,2574593,24044222,9.35,9.36,9.33,9.34,-0.0200,211
2026-09-30,00982T,平衡兆豐台美動能,39522,610345,15.40,15.49,15.40,15.41,0.0900,42
2026-09-30,00983A,主動中信ARK創新,1426988,18934956,13.21,13.32,13.21,13.30,0.1000,386
2026-09-30,00983D,主動富邦複合收益,692059,6633764,9.60,9.61,9.58,9.59,-0.0100,245
2026-09-30,00984A,主動安聯台灣高息,3428942,53927034,15.72,15.77,15.66,15.71,0.0900,1612
2026-09-30,00984D,主動聯博全球非投,26042276,253666193,9.78,9.79,9.72,9.73,-0.0400,3375
2026-09-30,00985A,主動野村台灣50,2130737,50139418,23.61,23.65,23.47,23.50,0.2000,802
2026-09-30,00985B,群益ESG投等債0-5,10445852,105179436,10.06,10.08,10.05,10.08,0.0200,799
2026-09-30,00986A,主動台新龍頭成長,149673,2217322,14.81,14.83,14.79,14.80,0.2000,110
2026-09-30,00987A,主動台新優勢成長,2226469,38482591,17.38,17.47,17.18,17.27,0.1200,465
2026-09-30,00988A,主動統一全球創新,17586031,295568087,16.83,16.85,16.77,16.79,0.3100,5179
2026-09-30,00989A,主動摩根美國科技,897047,15854932,17.70,17.70,17.64,17.66,0.1400,165
2026-09-30,00990A,主動元大AI新經濟,11867034,189333718,15.89,16.00,15.89,15.95,0.3700,3289
2026-09-30,00991A,主動復華未來50,46302512,838082771,18.16,18.20,17.99,18.00,0.0500,9449
2026-09-30,00991B,貝萊德A級公司債,281729,4035630,14.31,14.35,14.31,14.33,0.0200,19
2026-09-30,00992A,主動群益科技創新,23528949,444457329,18.94,18.99,18.76,18.82,0.1400,5316
2026-09-30,00993A,主動安聯台灣,3291967,45638054,13.89,13.94,13.77,13.78,0.0500,852
2026-09-30,00994A,主動第一金台股優,2668046,46194303,17.36,17.41,17.19,17.23,0.1200,618
2026-09-30,00995A,主動中信台灣卓越,3383036,60200512,17.86,17.92,17.69,17.78,0.1900,639
2026-09-30,00996A,主動兆豐台灣豐收,2137571,31036697,14.57,14.60,14.45,14.48,0.1300,526
2026-09-30,00997A,主動群益美國增長,10437458,122039520,11.64,11.75,11.64,11.72,0.2300,1961
2026-09-30,00999A,主動野村臺灣高息,5595800,63437877,11.34,11.40,11.27,11.28,0.0500,1355
2026-09-30,01001T,土銀富邦R1,53000,589850,11.11,11.20,11.11,11.13,0.0200,9
2026-09-30,01002T,土銀國泰R1,135000,1726400,12.74,12.80,12.74,12.80,0.0600,11
2026-09-30,01004T,土銀富邦R2,72000,719700,9.96,10.03,9.95,10.01,0.0000,54
2026-09-30,01007T,兆豐國泰R2,46000,517890,11.32,11.32,11.24,11.31,-0.0100,42
2026-09-30,01009T,王道圓滿R1,2000,11180,5.59,5.59,5.59,5.59,0.0000,2
2026-09-30,01010T,京城樂富R1,27000,269750,9.99,10.00,9.99,10.00,0.0000,6
2026-09-30,020000,富邦特選蘋果N,19000,627080,33.01,33.09,32.87,32.87,0.0400,7
2026-09-30,020011,統一微波高息20N,,,,,,,0.0000,
2026-09-30,020012,富邦行動通訊N,,,,,,,0.0000,
2026-09-30,02001L,富邦蘋果正二N,109000,16838150,155.80,156.00,153.25,153.25,1.6000,32
2026-09-30,020020,元大台股領航N,26000,791280,30.37,30.60,30.30,30.30,0.4400,8
2026-09-30,020028,元大特選電動車N,23000,486280,21.17,21.17,21.11,21.16,0.0000,8
2026-09-30,020029,元大ESG高股息N,2000,41620,20.81,20.81,20.81,20.81,0.0900,2
2026-09-30,020030,統一智慧電動車N,2000,42150,21.10,21.10,21.05,21.05,0.0000,2
2026-09-30,020031,統一IC設計臺灣N,3000,35350,11.78,11.79,11.78,11.79,0.0600,3
2026-09-30,020032,元大綠能N,3000,33630,11.21,11.21,11.21,11.21,0.0000,1
2026-09-30,020034,元大IC設計N,3000,51610,17.23,17.23,17.15,17.15,0.2100,3
2026-09-30,020036,元大金融配息N,,,,,,,0.0000,
2026-09-30,020037,元大金融高股息N,,,,,,,0.0000,
2026-09-30,020038,元大ESG配息N,,,,,,,0.0000,
2026-09-30,020039,元大加權N,15000,231330,15.40,15.48,15.40,15.41,0.0600,3
2026-09-30,1101,台泥,104957435,2745271403,25.35,26.70,25.20,26.30,1.0000,28474
2026-09-30,1101B,台泥乙特,5544,240400,43.30,43.40,43.30,43.40,0.1000,17
2026-09-30,1102,亞泥,6224968,221842889,35.40,35.80,35.20,35.80,0.5000,2855
2026-09-30,1103,嘉泥,573331,7515709,13.05,13.20,13.05,13.20,0.2000,225
2026-09-30,1104,環泥,320855,8561414,26.70,26.75,26.60,26.70,0.1500,356
2026-09-30,1108,幸福,142436,1585889,11.05,11.20,11.05,11.15,0.1500,102
2026-09-30,1109,信大,341349,4548738,13.30,13.40,13.25,13.35,0.0500,178
2026-09-30,1110,東泥,229386,3321339,14.45,14.65,14.35,14.65,0.3000,187
2026-09-30,1201,味全,693645,8040725,11.55,11.65,11.50,11.65,0.1500,312
2026-09-30,1203,味王,25825,1127344,44.75,44.75,43.00,43.70,0.4000,77
2026-09-30,1210,大成,1146249,59368792,51.70,52.00,51.50,52.00,0.4000,976
2026-09-30,1213,大飲,5100,37285,7.27,7.47,7.26,7.47,0.1800,7
2026-09-30,1215,卜蜂,440336,46255881,105.50,106.00,104.50,105.00,-0.5000,931
2026-09-30,1216,統一,6953647,515613194,74.50,74.50,73.70,74.20,0.3000,3617
2026-09-30,1217,愛之味,364373,3620501,9.91,9.98,9.91,9.95,0.0500,288
2026-09-30,1218,泰山,490161,7118127,14.50,14.60,14.40,14.60,0.1500,336
2026-09-30,1219,福壽,135251,1540968,11.30,11.45,11.30,11.45,0.1000,120
2026-09-30,1220,台榮,35150,380533,10.75,10.85,10.75,10.85,0.1000,86
2026-09-30,1225,福懋油,37924,939682,24.30,25.50,24.30,24.55,0.1500,75
2026-09-30,1227,佳格,505728,14187915,28.00,28.15,28.00,28.10,0.1000,429
2026-09-30,1229,聯華,1909872,76317317,40.00,40.20,39.60,39.90,0.3500,1506
2026-09-30,1231,聯華食,234157,18626050,79.60,79.70,79.30,79.60,0.0000,520
2026-09-30,1232,大統益,69908,10738630,153.50,154.00,153.50,153.50,-0.5000,189
2026-09-30,1233,天仁,17097,478951,27.85,28.15,27.85,28.10,0.5000,21
2026-09-30,1234,黑松,74514,2454832,32.90,33.00,32.90,33.00,0.1000,121
2026-09-30,1235,興泰,41618,1393170,32.85,34.40,32.85,33.15,0.3000,49
2026-09-30,1236,宏亞,33518,846669,25.10,25.45,25.10,25.45,0.1000,48
2026-09-30,1256,鮮活果汁-KY,59699,10001890,168.50,169.00,166.00,168.00,-0.5000,218
2026-09-30,1301,台塑,52831958,3553622281,65.50,68.40,65.40,68.10,3.5000,26570
2026-09-30,1303,南亞,123417554,31518363920,250.50,265.00,245.50,255.50,8.5000,100733
2026-09-30,1304,台聚,3275499,41200291,12.35,12.75,12.30,12.65,0.3500,1159
2026-09-30,1305,華夏,1620362,19924917,12.15,12.40,12.10,12.35,0.2500,733
2026-09-30,1307,三芳,831627,26022194,30.80,31.55,30.80,31.50,0.6500,506
2026-09-30,1308,亞聚,1215427,17397792,14.20,14.50,14.10,14.45,0.3500,564
2026-09-30,1309,台達化,1404303,19558668,13.75,14.05,13.70,13.95,0.3000,792
2026-09-30,1310,台苯,6433878,59119133,8.98,9.33,8.90,9.25,0.3500,2644
2026-09-30,1312,國喬,15580635,231617392,14.55,15.05,14.45,15.00,0.5500,5083
2026-09-30,1312A,國喬特,7001,158972,22.65,23.05,22.65,23.05,0.0000,3
2026-09-30,1313,聯成,2318981,28440388,12.15,12.35,12.05,12.30,0.2500,873
2026-09-30,1314,中石化,85223275,760402367,8.77,9.07,8.71,9.00,0.2600,14780
2026-09-30,1315,達新,34262,2352540,68.30,68.80,68.30,68.80,0.7000,46
2026-09-30,1316,上曜,1091176,11586566,10.50,10.70,10.50,10.70,0.2500,413
2026-09-30,1319,東陽,1448175,112711748,78.00,78.30,77.60,77.90,0.1000,1246
2026-09-30,1321,大洋,76006,2446892,32.40,32.40,32.00,32.40,0.0500,54
2026-09-30,1323,永裕,59437,1264706,21.15,21.45,21.15,21.45,0.2500,68
2026-09-30,1324,地球,36984,369510,9.99,10.05,9.98,9.99,0.0100,52
2026-09-30,1325,恆大,216678,5588451,25.55,26.00,25.55,25.90,0.3500,159
2026-09-30,1326,台化,33017994,2291666298,68.30,70.50,67.60,69.70,2.2000,19752
2026-09-30,1337,再生-KY,431397,1926264,4.44,4.48,4.44,4.47,0.0400,160
2026-09-30,1338,廣華-KY,392221,6070211,14.80,16.10,14.80,15.60,0.8500,279
2026-09-30,1339,昭輝,56093,2373780,42.20,42.45,42.10,42.35,0.0500,84
2026-09-30,1340,勝悅-KY,190565,997926,5.21,5.26,5.21,5.24,0.0300,152
2026-09-30,1341,富林-KY,2302,138080,60.00,60.00,59.90,59.90,0.0000,3
2026-09-30,1342,八貫,135099,13505601,100.50,100.50,99.60,100.00,-1.0000,728
2026-09-30,1402,遠東新,7103613,199993142,27.95,28.30,27.85,28.25,0.5000,2606
2026-09-30,1409,新纖,14204556,350948045,24.50,24.95,24.35,24.90,0.5500,5305
2026-09-30,1410,南染,67802,1637076,24.15,24.50,24.00,24.10,0.0000,68
2026-09-30,1413,宏洲,36968,338952,9.08,9.22,9.08,9.22,0.1400,26
2026-09-30,1414,東和,162007,2836671,17.50,17.65,17.40,17.65,0.1500,113
2026-09-30,1416,廣豐,61565,704587,11.45,11.50,11.40,11.45,0.1000,63
2026-09-30,1417,嘉裕,204181,1655036,8.10,8.14,8.05,8.14,0.1000,124
2026-09-30,1418,東華,45014,827102,18.35,18.50,18.35,18.35,0.0500,25
2026-09-30,1419,新紡,40647,2677210,65.60,66.10,65.50,66.10,0.5000,52
2026-09-30,1423,利華,19091,670176,34.35,36.20,34.35,36.00,1.6500,36
2026-09-30,1432,大魯閣,77492,1159935,14.95,15.00,14.95,15.00,0.0500,230
2026-09-30,1434,福懋,1720461,31166739,18.05,18.20,17.95,18.15,0.1500,984
2026-09-30,1435,中福,7893,176243,22.30,22.90,22.20,22.40,0.6500,22
2026-09-30,1436,華友聯,121863,4328903,35.50,35.75,35.30,35.70,0.2000,148
2026-09-30,1437,勤益控,297005,9494748,32.80,32.80,31.65,31.85,0.0000,235
2026-09-30,1438,三地開發,155431,3279576,21.65,21.65,20.95,21.15,0.0000,76
2026-09-30,1439,雋揚,91000,2622250,28.55,29.00,28.20,28.90,0.7500,26
2026-09-30,1440,南紡,3288885,44491532,13.35,13.70,13.35,13.65,0.3500,1114
2026-09-30,1441,大東,94731,952209,10.15,10.15,10.00,10.00,-0.1500,434
2026-09-30,1442,名軒,597660,16181979,27.00,27.45,26.70,27.20,0.3000,448
2026-09-30,1443,立益物流,15618,362467,22.85,23.65,22.85,23.45,0.4500,33
2026-09-30,1444,力麗,3209953,22820957,6.95,7.21,6.95,7.12,0.1800,1150
2026-09-30,1445,大宇,57497,578068,10.05,10.10,10.00,10.10,0.1000,39
2026-09-30,1446,宏和,226998,3032924,13.35,13.60,13.30,13.40,0.0500,129
2026-09-30,1447,力鵬,2189075,14753694,6.50,6.94,6.50,6.77,0.2700,858
2026-09-30,1449,佳和,288196,3579318,12.25,12.50,12.25,12.50,0.1500,204
2026-09-30,1451,年興,83975,1419747,16.90,17.05,16.85,17.00,0.1000,90
2026-09-30,1452,宏益,49014,527591,10.85,10.90,10.70,10.80,0.1000,42
2026-09-30,1453,大將,25495,277452,10.80,10.95,10.80,10.90,0.1000,88
2026-09-30,1454,台富,20501,251371,12.25,12.50,12.15,12.20,0.0500,45
2026-09-30,1455,集盛,813294,8034862,9.77,9.95,9.74,9.94,0.2600,474
2026-09-30,1456,怡華,70560,1022914,14.60,14.75,14.35,14.65,0.0500,59
2026-09-30,1457,宜進,53751,772314,14.45,14.45,14.30,14.40,0.1000,54
2026-09-30,1459,聯發,356148,5842490,16.00,16.70,16.00,16.70,0.7000,243
2026-09-30,1460,宏遠,421176,2639242,6.24,6.32,6.24,6.26,0.0200,230
2026-09-30,1463,強盛新,34041,596007,18.05,18.05,17.35,17.50,-0.0500,43
2026-09-30,1464,得力,294368,2933477,9.95,10.00,9.93,9.98,0.0400,218
2026-09-30,1465,偉全,33443,388477,11.60,11.65,11.55,11.65,0.1000,67
2026-09-30,1466,聚隆,179670,2650330,14.65,14.85,14.65,14.85,0.0000,131
2026-09-30,1467,南緯,150421,1208622,8.05,8.10,7.99,8.03,0.0000,140
2026-09-30,1468,昶和,79041,1034937,13.00,13.50,12.85,13.50,0.3500,53
2026-09-30,1470,大統新創,60030,1439972,23.70,24.15,23.70,24.15,0.7000,15
2026-09-30,1471,首利,258382,2434429,9.30,9.47,9.30,9.46,0.1600,138
2026-09-30,1472,三洋實業,81515,7230171,89.00,89.00,88.00,88.80,0.7000,39
2026-09-30,1473,台南,121246,2340002,19.30,19.35,19.25,19.25,-0.0500,402
2026-09-30,1474,弘裕,80549,808089,10.10,10.10,9.96,10.05,0.0000,60
2026-09-30,1475,業旺,7010,182560,25.85,26.25,25.85,26.00,0.2000,8
2026-09-30,1476,儒鴻,1501297,409478599,275.00,275.00,270.50,274.00,1.0000,2569
2026-09-30,1477,聚陽,1246992,238477930,190.50,193.00,189.50,192.00,2.0000,1238
2026-09-30,1503,士電,779812,153848304,197.00,199.00,196.00,197.50,3.5000,1046
2026-09-30,1504,東元,4881465,337910377,69.40,69.50,69.00,69.10,0.6000,3577
2026-09-30,1506,正道,354064,3374833,9.55,9.58,9.49,9.53,-0.0400,144
2026-09-30,1512,瑞利,47461,289846,6.12,6.23,6.10,6.11,-0.0100,35
2026-09-30,1513,中興電,2911349,490048561,168.00,169.00,167.50,168.00,1.0000,3311
2026-09-30,1514,亞力,669400,68804312,103.00,103.50,102.50,102.50,0.5000,982
2026-09-30,1515,力山,463662,13777561,29.60,29.95,29.45,29.80,0.5000,381
2026-09-30,1516,川飛,16626,222376,13.20,13.70,13.20,13.70,0.2000,240
2026-09-30,1517,利奇,200511,2095408,10.40,10.55,10.35,10.50,0.1500,154
2026-09-30,1519,華城,1201359,837416537,697.00,703.00,693.00,693.00,5.0000,2963
2026-09-30,1521,大億,29104,750761,25.60,26.20,25.60,25.60,0.0500,29
2026-09-30,1522,堤維西,293420,7828933,26.65,26.85,26.55,26.80,0.2500,274
2026-09-30,1522A,堤維西甲特,19344,990744,51.20,51.30,51.10,51.30,0.3000,16
2026-09-30,1524,耿鼎,231553,6020987,25.90,26.15,25.85,26.10,0.2500,207
2026-09-30,1525,江申,7106,453678,63.70,64.50,63.70,63.70,0.0000,9
2026-09-30,1526,日馳,131514,1960442,14.65,15.15,14.60,15.05,0.5000,106
2026-09-30,1527,鑽全,77100,2517866,32.65,32.80,32.55,32.70,0.1000,107
2026-09-30,1528,恩德,6869318,178155702,25.50,26.50,25.30,25.85,0.3500,4225
2026-09-30,1529,樂事綠能,1020769,16325160,15.50,16.15,15.50,15.95,0.5000,844
2026-09-30,1530,亞崴,16544,442462,26.35,26.95,26.35,26.80,0.3500,27
2026-09-30,1531,高林股,56069,654498,11.65,11.80,11.60,11.65,0.0500,71
2026-09-30,1532,勤美,309452,6890101,22.20,22.40,22.15,22.30,0.2000,249
2026-09-30,1533,車王電,127079,3854994,30.50,30.55,30.05,30.30,-0.1000,114
2026-09-30,1535,中宇,46672,2133411,45.55,45.85,45.40,45.80,0.2500,72
2026-09-30,1536,和大,461528,21581382,46.50,46.95,46.50,46.90,0.3500,433
2026-09-30,1537,廣隆,131686,15126444,115.50,115.50,114.50,115.00,-0.5000,167
2026-09-30,1538,正峰,15937,119261,7.48,7.48,7.48,7.48,0.0000,14
2026-09-30,1539,巨庭,18001,279115,15.50,15.60,15.45,15.45,0.0000,11
2026-09-30,1540,喬福,174910,3381139,19.35,19.40,19.25,19.30,-0.0500,260
2026-09-30,1541,錩泰,5007,104945,21.00,21.00,20.90,20.90,-0.1000,7
2026-09-30,1558,伸興,71838,8066275,112.50,113.50,111.00,112.50,-1.5000,131
2026-09-30,1560,中砂,1307523,1258051165,958.00,971.00,953.00,963.00,7.0000,2744
2026-09-30,1563,巧新,236232,18010368,76.50,77.50,75.60,75.60,-0.5000,456
2026-09-30,1568,倉佑,483918,15820585,32.25,33.10,32.25,32.80,0.4000,521
2026-09-30,1582,信錦,409247,29358166,70.70,72.20,70.70,71.90,1.8000,600
2026-09-30,1583,程泰,11000,515750,47.35,47.45,46.55,46.80,-0.1500,11
2026-09-30,1587,吉茂,185100,4448982,23.70,24.45,23.70,24.45,0.6000,112
2026-09-30,1590,亞德客-KY,1005155,1210975065,1220.00,1225.00,1195.00,1200.00,-10.0000,1640
2026-09-30,1597,直得,3566141,532058218,148.50,155.00,146.00,146.50,0.0000,4316
2026-09-30,1598,岱宇,104908,2142239,20.40,20.55,20.30,20.50,0.2000,80
2026-09-30,1603,華電,256741,7810297,30.35,30.85,30.15,30.60,0.5500,182
2026-09-30,1604,聲寶,132639,3105290,23.30,23.50,23.30,23.45,0.1500,148
2026-09-30,1605,華新,42069458,1596464883,36.80,38.80,36.75,38.40,2.0500,17371
2026-09-30,1608,華榮,2427498,87639904,35.50,36.35,35.40,36.25,1.0500,1545
2026-09-30,1609,大亞,4929151,190864179,38.50,39.00,38.40,38.75,0.2500,3558
2026-09-30,1611,中電,756518,8697353,11.35,11.60,11.35,11.55,0.2000,458
2026-09-30,1612,宏泰,1257378,44797637,35.45,35.75,35.45,35.70,0.3500,671
2026-09-30,1614,三洋電,101924,3166516,31.05,31.25,30.90,31.15,0.1000,377
2026-09-30,1615,大山,96846,4142370,42.65,43.00,42.65,42.95,0.3500,101
2026-09-30,1616,億泰,193401,3588874,18.50,18.70,18.35,18.65,0.3500,162
2026-09-30,1617,榮星,6232917,147966674,22.75,24.05,22.40,24.05,2.1500,3569
2026-09-30,1618,合機,276774,10724175,38.70,39.00,38.50,38.95,0.6000,263
2026-09-30,1623,大東電,51926,10428155,200.50,202.00,200.00,200.50,2.5000,85
2026-09-30,1626,艾美特-KY,36723,353593,9.56,9.79,9.56,9.60,0.0000,58
2026-09-30,1702,南僑,173534,5725507,33.00,33.10,32.95,33.05,0.1000,189
2026-09-30,1707,葡萄王,271255,23312822,85.90,86.40,85.70,85.70,-0.2000,438
2026-09-30,1708,東鹼,7804224,417147162,52.50,54.50,52.10,53.80,1.8000,6602
2026-09-30,1709,和益,46895616,2202765145,44.10,48.40,44.00,48.40,4.4000,24075
2026-09-30,1710,東聯,4001262,66923748,16.60,16.85,16.50,16.75,0.2000,1308
2026-09-30,1711,永光,4703451,193258899,41.00,41.55,40.60,40.90,0.3500,4449
2026-09-30,1712,興農,315842,12554724,39.70,39.90,39.65,39.80,0.2000,351
2026-09-30,1713,國化,341316,14380675,41.80,42.70,41.75,42.45,0.6500,269
2026-09-30,1714,和桐,12665645,207543015,16.00,16.70,16.00,16.50,0.7500,4866
2026-09-30,1717,長興,11731553,872119572,73.30,75.00,73.20,74.00,1.5000,8828
2026-09-30,1718,中纖,16182557,174714222,10.60,10.95,10.55,10.85,0.3000,4290
2026-09-30,1720,生達,92624,5193306,56.10,56.30,55.90,56.30,0.2000,235
2026-09-30,1721,國慶科技,3916189,102820356,25.90,26.65,25.60,26.45,0.3500,2513
2026-09-30,1722,台肥,1760588,73084867,41.35,41.75,41.15,41.55,0.4000,1442
2026-09-30,1723,中碳,381879,30876299,80.40,81.30,80.40,80.70,0.7000,378
2026-09-30,1725,元禎,36001,1227533,34.40,34.40,34.00,34.15,0.1500,30
2026-09-30,1726,永記,13203,1008528,76.40,76.50,76.30,76.50,0.3000,25
2026-09-30,1727,中華化,29883184,3312272306,117.00,117.00,108.00,109.00,-9.5000,22637
2026-09-30,1730,花仙子,33165,1698167,51.10,51.20,51.10,51.20,0.0000,53
2026-09-30,1731,美吾華,201621,4195247,20.80,20.95,20.70,20.90,0.0500,127
2026-09-30,1732,毛寶,181113,4725920,26.05,26.25,25.90,26.15,0.2000,139
2026-09-30,1733,五鼎,106719,3140197,29.35,29.70,29.30,29.60,0.1500,312
2026-09-30,1734,杏輝,107102,3419761,31.75,32.10,31.75,32.10,0.0000,190
2026-09-30,1735,日勝化,31602,641341,20.40,20.50,20.20,20.20,0.1500,43
2026-09-30,1736,喬山,270466,34826036,129.00,130.00,127.50,128.50,0.5000,377
2026-09-30,1737,臺鹽,150145,4506844,30.05,30.10,29.95,30.05,0.1000,147
2026-09-30,1752,南光,27600,868741,31.40,31.50,31.40,31.50,0.1500,38
2026-09-30,1760,寶齡富錦,105446,5736477,54.60,54.60,54.10,54.60,0.7000,230
2026-09-30,1762,中化生,51529,1756948,34.50,34.50,33.80,34.35,0.6500,97
2026-09-30,1773,勝一,1291274,218880434,169.50,172.00,167.50,167.50,0.0000,1288
2026-09-30,1776,展宇,27010,489881,18.25,18.25,17.90,18.15,-0.0500,24
2026-09-30,1783,和康生,72471,2686046,37.05,37.25,36.80,37.25,0.6000,86
2026-09-30,1786,科妍,150930,6535078,43.00,43.50,43.00,43.30,0.6500,156
2026-09-30,1789,神隆,344088,6490620,18.70,19.10,18.65,18.95,0.4000,263
2026-09-30,1795,美時,733951,131049675,178.00,179.50,177.50,179.00,1.5000,893
2026-09-30,1802,台玻,23784387,1411506215,58.40,60.20,57.90,59.90,2.3000,14285
2026-09-30,1805,寶徠,129495,1298841,10.05,10.10,9.96,10.05,0.0000,58
2026-09-30,1806,冠軍,151784,1209878,7.99,8.01,7.94,8.00,0.0600,185
2026-09-30,1808,潤隆,690982,21789190,31.75,31.75,31.25,31.65,0.0500,439
2026-09-30,1809,中釉,19478355,916061919,45.10,48.60,45.05,47.85,2.8500,18800
2026-09-30,1810,和成,2605886,63308227,24.00,24.60,23.80,24.45,0.7500,1451
2026-09-30,1817,凱撒衛,30163,1202745,39.85,40.10,39.80,39.85,0.0000,30
2026-09-30,1903,士紙,78429,3725030,47.00,47.80,47.00,47.80,0.8000,82
2026-09-30,1904,正隆,1196699,29407363,24.30,24.70,24.30,24.60,0.3500,833
2026-09-30,1905,華紙,2106374,27470921,12.95,13.15,12.90,13.05,0.2000,908
2026-09-30,1906,寶隆,68443,741942,10.90,10.90,10.60,10.90,0.1000,148
2026-09-30,1907,永豐餘,732317,20718524,27.95,28.45,27.95,28.40,0.5000,611
2026-09-30,1909,榮成,2014017,20593600,10.05,10.35,10.05,10.30,0.2500,699
2026-09-30,2002,中鋼,90608564,1732565446,18.95,19.25,18.90,19.20,0.4000,19024
2026-09-30,2002A,中鋼特,9412,352194,37.45,37.45,37.25,37.25,-0.2000,13
2026-09-30,2006,東和鋼鐵,2294770,195683157,85.40,87.00,84.20,85.40,0.0000,7367
2026-09-30,2007,燁興,300167,2100509,6.99,7.02,6.96,7.00,0.1000,160
2026-09-30,2008,高興昌,14409,444115,30.60,31.10,30.60,31.10,0.6000,25
2026-09-30,2009,第一銅,2129405,85060357,39.20,40.20,39.20,40.00,0.8500,1266
2026-09-30,2010,春源,2630914,60357643,22.65,23.10,22.65,23.00,0.5500,1388
2026-09-30,2012,春雨,83056,1185543,14.40,14.55,14.15,14.40,0.2500,108
2026-09-30,2013,中鋼構,65633,2727507,41.50,41.70,41.40,41.60,0.4000,119
2026-09-30,2014,中鴻,6303314,108509102,16.90,17.40,16.90,17.40,0.6000,2213
2026-09-30,2015,豐興,269520,17233438,63.20,64.30,63.20,64.20,1.1000,198
2026-09-30,2017,官田鋼,971752,8902753,8.95,9.24,8.95,9.13,0.2100,534
2026-09-30,2020,美亞,5306101,141671746,26.70,26.70,26.65,26.70,2.4000,1945
2026-09-30,2022,聚亨,198729,1452137,7.22,7.35,7.22,7.33,0.0300,185
2026-09-30,2023,燁輝,1279312,17593266,13.70,13.80,13.70,13.75,0.2000,652
2026-09-30,2024,志聯,12230,156698,12.75,12.90,12.75,12.90,0.1500,35
2026-09-30,2025,千興,4961003,71495832,13.50,14.65,13.40,14.65,1.3000,1974
2026-09-30,2027,大成鋼,9157975,436456867,47.50,48.35,47.25,47.45,0.3000,5394
2026-09-30,2028,威致,453189,7686926,16.65,17.15,16.60,17.15,0.5500,277
2026-09-30,2029,盛餘,947984,21332958,22.40,22.80,22.30,22.45,0.3000,486
2026-09-30,2030,彰源,19477677,712895096,36.60,36.70,36.00,36.70,3.3000,5241
2026-09-30,2031,新光鋼,1042897,48296063,45.70,46.50,45.70,46.50,0.8000,756
2026-09-30,2032,新鋼,8296361,168330494,20.15,21.00,19.95,20.30,0.4000,4019
2026-09-30,2033,佳大,3593142,147101981,38.85,42.35,38.65,42.35,3.8500,2199
2026-09-30,2034,允強,18962893,464618320,24.10,25.00,23.80,24.80,1.4000,9858
2026-09-30,2038,海光,747233,9767977,12.75,13.20,12.75,13.20,0.5500,512
2026-09-30,2049,上銀,1637089,551876993,338.50,343.00,334.50,335.00,-0.5000,2514
2026-09-30,2059,川湖,375310,4620281775,12350.00,12785.00,12055.00,12055.00,-60.0000,6263
2026-09-30,2062,橋椿,51090,925268,18.15,18.20,18.05,18.05,0.0500,45
2026-09-30,2069,運錩,2227220,59695010,26.70,27.35,26.35,26.70,0.2000,1482
2026-09-30,2072,世紀風電,123671,16278663,132.00,133.00,131.00,131.50,0.0000,183
2026-09-30,2101,南港,1676417,50062676,30.00,30.00,29.70,29.90,0.1000,1033
2026-09-30,2102,泰豐,224249,3702246,16.35,16.55,16.35,16.55,0.2500,215
2026-09-30,2103,台橡,2618484,73205165,27.50,28.20,27.50,28.15,0.7500,1349
2026-09-30,2104,國際中橡,5196783,57307259,10.80,11.20,10.75,11.15,0.4500,1524
2026-09-30,2105,正新,5030299,153368853,30.20,30.70,30.20,30.65,0.5500,2358
2026-09-30,2106,建大,533046,8835403,16.50,16.65,16.45,16.65,0.2000,377
2026-09-30,2107,厚生,272160,7343087,27.00,27.05,26.80,27.00,0.2000,188
2026-09-30,2108,南帝,340904,9727294,28.25,28.75,28.25,28.75,0.5500,314
2026-09-30,2109,華豐,166561,2380788,14.45,14.45,14.20,14.40,0.0500,106
2026-09-30,2114,鑫永銓,16450,1475854,89.70,89.90,89.60,89.90,0.2000,31
2026-09-30,2115,六暉-KY,87805,2087700,23.70,23.90,23.70,23.90,0.2000,43
2026-09-30,2201,裕隆,2067671,60518090,29.25,29.35,29.20,29.25,0.0500,1238
2026-09-30,2204,中華,446380,23320902,52.40,52.50,52.00,52.30,0.3000,531
2026-09-30,2206,三陽工業,760246,47369629,62.50,62.80,62.10,62.10,-0.4000,618
2026-09-30,2207,和泰車,332322,169526048,513.00,514.00,508.00,509.00,3.0000,576
2026-09-30,2208,台船,2008362,38469552,19.20,19.25,19.05,19.15,0.0500,1064
2026-09-30,2211,長榮鋼,534048,42468660,78.80,80.00,78.80,79.70,0.9000,560
2026-09-30,2227,裕日車,36377,1632841,44.85,45.00,44.80,45.00,0.2500,69
2026-09-30,2228,劍麟,56671,4250323,75.00,75.30,74.60,74.80,-0.2000,122
2026-09-30,2231,為升,242159,22585416,93.40,94.70,92.00,94.70,2.7000,277
2026-09-30,2233,宇隆,695280,116821053,170.00,171.00,165.00,167.00,-1.0000,1271
2026-09-30,2236,百達-KY,233695,25266042,107.00,110.00,106.00,109.50,2.5000,337
2026-09-30,2237,華德動能-創,108531,2915070,26.90,27.00,26.75,26.75,-0.1500,68
2026-09-30,2239,英利-KY,53001,998718,18.80,19.00,18.75,18.95,0.1500,35
2026-09-30,2241,艾姆勒,8099138,373668408,43.50,47.90,43.45,46.15,2.1500,4850
2026-09-30,2243,宏旭-KY,254061,13229773,50.70,53.00,50.20,52.60,2.1000,264
2026-09-30,2247,汎德永業,73412,16412103,223.00,224.50,222.50,224.50,1.5000,1298
2026-09-30,2248,華勝-KY,21020,1288822,62.20,62.20,60.80,61.30,-0.2000,20
2026-09-30,2250,IKKA-KY,122177,6960728,56.50,58.30,56.20,57.00,0.2000,92
2026-09-30,2254,巨鎧精密-創,2109236,195392528,92.20,93.10,92.10,92.60,0.8000,787
2026-09-30,2258,鴻華先進-創,866835,27426499,31.00,32.00,31.00,32.00,1.0500,475
2026-09-30,2301,光寶科,12833072,3609018227,285.00,285.00,279.50,279.50,-1.5000,14054
2026-09-30,2302,麗正,2760078,125362382,45.55,46.30,45.00,45.00,-0.3000,3259
2026-09-30,2303,聯電,102405360,16015869276,157.50,158.00,154.50,154.50,1.0000,52276
2026-09-30,2305,全友,6402746,448573745,70.00,72.50,66.40,68.70,-0.4000,6329
2026-09-30,2308,台達電,11094898,21131265412,1885.00,1930.00,1870.00,1890.00,55.0000,32532
2026-09-30,2312,金寶,6465397,201671175,30.95,31.35,30.95,31.25,0.5500,3351
2026-09-30,2313,華通,12970500,2939761765,229.50,229.50,224.00,226.50,0.5000,12652
2026-09-30,2314,台揚,89891,1003496,11.40,11.40,11.10,11.20,0.1500,108
2026-09-30,2316,楠梓電,1637974,270691475,164.00,167.50,163.00,166.00,4.0000,1984
2026-09-30,2317,鴻海,27366648,6907802068,253.50,254.00,251.50,251.50,1.0000,17134
2026-09-30,2321,東訊,3840,94816,24.30,24.30,24.30,24.30,-0.7000,18
2026-09-30,2323,中環,14064496,154700698,10.85,11.15,10.80,11.00,0.3000,3177
2026-09-30,2324,仁寶,46326977,1723349078,36.30,37.70,36.30,37.10,1.0500,16925
2026-09-30,2327,國巨*,25009393,13857054263,557.00,564.00,548.00,548.00,0.0000,36503
2026-09-30,2328,廣宇,1592348,75854133,47.45,47.85,47.40,47.55,0.5500,1251
2026-09-30,2329,華泰,3783130,169225163,44.30,45.15,44.05,44.80,1.0000,2206
2026-09-30,2330,台積電,34282491,85388527300,2495.00,2510.00,2480.00,2480.00,5.0000,83797
2026-09-30,2331,精英,1099713,20930593,18.95,19.20,18.75,19.20,0.5000,704
2026-09-30,2332,友訊,8101037,165424018,20.20,20.60,20.20,20.60,0.5000,3568
2026-09-30,2337,旺宏,31932411,3882431198,120.00,123.00,119.50,122.50,4.0000,18459
2026-09-30,2338,光罩,2755701,130954464,47.35,47.95,47.20,47.30,0.2000,2253
2026-09-30,2340,台亞,34478123,1363754374,38.50,41.50,37.70,40.80,2.8000,20394
2026-09-30,2342,茂矽,14272757,711625139,49.15,51.40,49.10,50.30,0.2000,10226
2026-09-30,2344,華邦電,85028121,15095910819,176.00,179.50,175.00,179.50,5.5000,58318
2026-09-30,2345,智邦,7123574,12726527295,1830.00,1855.00,1770.00,1775.00,-35.0000,33182
2026-09-30,2347,聯強,3253120,308915437,96.20,96.20,94.50,94.90,0.4000,2485
2026-09-30,2348,海悅,207657,14633792,70.50,70.70,70.30,70.60,0.1000,303
2026-09-30,2348A,海悅甲特,4034,155509,38.55,38.55,38.55,38.55,-0.0500,6
2026-09-30,2349,錸德,5431197,57892542,10.45,10.90,10.40,10.70,0.3000,1253
2026-09-30,2351,順德,6834221,1432735415,217.00,217.00,204.00,209.00,-6.5000,7782
2026-09-30,2352,佳世達,5731705,169925233,29.30,29.95,29.25,29.65,0.6500,3228
2026-09-30,2353,宏碁,10089843,319968178,31.75,31.95,31.50,31.65,0.2500,4153
2026-09-30,2354,鴻準,8525278,562518930,65.60,66.40,65.50,65.70,0.6000,5030
2026-09-30,2355,敬鵬,1399726,58608805,41.80,42.10,41.70,41.80,0.2000,1415
2026-09-30,2356,英業達,11590267,692468599,60.00,60.40,59.40,59.50,0.3000,6932
2026-09-30,2357,華碩,2057274,1981556636,969.00,973.00,958.00,961.00,-2.0000,3247
2026-09-30,2359,所羅門,1004251,129299998,129.00,129.50,128.00,128.50,0.0000,1312
2026-09-30,2360,致茂,2716984,5929036488,2245.00,2280.00,2135.00,2135.00,-50.0000,7609
2026-09-30,2362,藍天,457594,21489542,46.90,47.25,46.85,46.90,0.2000,588
2026-09-30,2363,矽統,7012027,415353094,59.20,59.90,58.70,59.10,-0.1000,5416
2026-09-30,2364,倫飛,74242,4823029,65.30,65.40,64.60,65.00,0.1000,251
2026-09-30,2365,昆盈,741030,20892100,28.35,28.35,28.00,28.35,0.2500,675
2026-09-30,2367,燿華,4608523,198635676,42.65,43.60,42.45,43.55,1.3000,4320
2026-09-30,2368,金像電,19360258,21537635580,1115.00,1160.00,1070.00,1120.00,0.0000,30442
2026-09-30,2369,菱生,5052431,162294774,31.85,32.30,31.75,32.15,0.5500,2927
2026-09-30,2371,大同,25702091,776908862,29.40,30.80,29.35,30.45,1.1000,10772
2026-09-30,2373,震旦行,26281,1386090,52.70,52.90,52.60,52.90,0.4000,136
2026-09-30,2374,佳能,1452171,97307325,66.80,67.30,66.60,67.20,1.0000,1285
2026-09-30,2375,凱美,1118973,132590097,119.00,120.00,117.50,118.00,0.5000,1291
2026-09-30,2376,技嘉,4868638,1767427166,367.00,369.50,358.50,358.50,-3.5000,5139
2026-09-30,2377,微星,3325440,504317523,152.50,153.00,151.00,151.00,0.0000,3010
2026-09-30,2379,瑞昱,2067727,1572457961,763.00,767.00,750.00,760.00,0.0000,3837
2026-09-30,2380,虹光,84939,1435791,16.85,17.30,16.70,17.00,0.4500,158
2026-09-30,2382,廣達,12063193,4049755007,340.00,340.50,333.50,333.50,-3.0000,14103
2026-09-30,2383,台光電,1549084,7715507295,4990.00,5030.00,4935.00,4935.00,15.0000,10684
2026-09-30,2385,群光,2617470,273957320,104.50,105.50,104.00,104.50,0.0000,1633
2026-09-30,2387,精元,178317,6493394,36.80,36.80,36.30,36.45,0.2000,152
2026-09-30,2388,威盛,2586687,187581148,72.40,73.30,71.80,73.00,1.8000,2122
2026-09-30,2390,云辰,296395,3037806,10.20,10.30,10.20,10.30,0.1000,166
2026-09-30,2392,正崴,2838358,117794238,40.70,42.15,40.70,41.60,0.7500,2003
2026-09-30,2393,億光,1624941,104514776,63.90,64.60,63.80,64.50,0.9000,1079
2026-09-30,2395,研華,2193924,1605736089,731.00,746.00,726.00,726.00,-4.0000,3584
2026-09-30,2397,友通,104686,6597336,63.50,63.50,62.60,63.00,0.0000,353
2026-09-30,2399,映泰,4266570,210314488,49.65,50.00,48.80,48.95,-0.2500,3482
2026-09-30,2401,凌陽,4146961,110281372,26.10,26.90,26.10,26.75,0.7000,2459
2026-09-30,2402,毅嘉,3323935,194703978,57.40,59.50,57.20,58.50,1.6000,2917
2026-09-30,2404,漢唐,3585103,4594077710,1230.00,1300.00,1230.00,1290.00,70.0000,8040
2026-09-30,2405,輔信,1249040,19171010,15.35,15.45,15.25,15.25,0.1000,670
2026-09-30,2406,國碩,18980568,598238708,30.30,32.00,30.20,31.45,1.1500,10503
2026-09-30,2408,南亞科,40070207,20619314967,511.00,520.00,507.00,519.00,13.0000,44369
2026-09-30,2409,友達,432086519,16307234372,36.00,38.55,35.65,38.55,3.5000,120206
2026-09-30,2412,中華電,10607859,1524028999,145.00,145.00,143.00,143.50,-0.5000,3442
2026-09-30,2413,環科,1359582,70000656,51.60,52.00,51.10,51.40,0.4000,1411
2026-09-30,2414,精技,84155,4472957,53.20,53.30,52.90,53.30,0.2000,113
2026-09-30,2415,錩新,97264,2652239,27.25,27.45,27.15,27.20,-0.0500,97
2026-09-30,2417,圓剛,300977,11765591,39.10,39.35,38.85,39.30,0.6000,305
2026-09-30,2419,仲琦,1515464,44774945,29.30,29.85,29.30,29.70,0.7000,1007
2026-09-30,2420,新巨,290433,15876163,54.20,55.20,54.10,55.00,1.1000,335
2026-09-30,2421,建準,2575748,415478432,164.50,165.50,160.00,160.50,-3.0000,3203
2026-09-30,2423,固緯,156525,11253524,72.00,72.20,71.70,72.10,0.1000,191
2026-09-30,2424,隴華,21000,175510,8.12,8.57,8.12,8.30,0.1800,19
2026-09-30,2425,承啟,379607,14273704,37.70,37.80,37.50,37.50,0.0500,363
2026-09-30,2426,鼎元,65671370,6846364995,100.50,107.50,100.00,104.00,4.2000,41148
2026-09-30,2427,三商電,674941,15756308,23.30,23.45,23.25,23.35,0.1000,393
2026-09-30,2428,興勤,437048,110280359,254.50,255.00,251.00,251.50,0.0000,665
2026-09-30,2429,銘旺科,509815,15583650,30.65,30.95,30.25,30.95,0.3000,336
2026-09-30,2430,燦坤,64269,1166841,18.00,18.25,17.90,18.25,0.1500,78
2026-09-30,2431,聯昌,80852,815530,10.00,10.15,10.00,10.15,0.1500,84
2026-09-30,2432,倚天酷碁-創,3000,82950,27.65,27.65,27.65,27.65,0.0000,3
2026-09-30,2433,互盛電,32175,1289547,40.00,40.55,39.95,40.45,0.4500,32
2026-09-30,2434,統懋,837812,55703148,66.80,69.10,64.80,65.40,0.6000,820
2026-09-30,2436,偉詮電,9601609,721270009,76.80,77.50,74.00,74.50,-1.4000,7744
2026-09-30,2438,翔耀,91740,1834618,19.70,20.35,19.65,19.90,0.2000,75
2026-09-30,2439,美律,1996651,155001183,78.10,78.60,77.20,77.30,-0.8000,1778
2026-09-30,2440,太空梭,230906,3303646,14.05,14.45,14.05,14.40,0.2500,126
2026-09-30,2441,超豐,4050745,508559601,123.50,126.50,123.00,125.50,3.5000,3264
2026-09-30,2442,新美齊,527504,7599796,14.50,14.50,14.35,14.40,0.0500,364
2026-09-30,2444,兆勁,3239205,51608064,15.30,16.50,15.05,15.90,0.8500,1874
2026-09-30,2449,京元電子,24039103,7170101060,299.00,304.00,294.00,294.50,0.0000,27953
2026-09-30,2450,神腦,67908,1917351,28.15,28.35,28.15,28.20,0.0000,107
2026-09-30,2451,創見,2749434,795649725,288.50,291.00,287.50,289.00,3.0000,2825
2026-09-30,2453,凌群,155714,8359388,53.60,54.00,53.50,53.60,0.1000,183
2026-09-30,2454,聯發科,8292336,41454142305,5010.00,5100.00,4920.00,4920.00,10.0000,52843
2026-09-30,2455,全新,1395143,770995682,544.00,555.00,544.00,552.00,9.0000,3094
2026-09-30,2457,飛宏,1577143,35268611,22.10,22.60,21.75,22.55,0.8000,944
2026-09-30,2458,義隆,1489305,203637981,137.00,137.50,135.50,137.50,1.5000,1693
2026-09-30,2459,敦吉,89452,5806440,65.10,65.10,64.70,65.00,0.1000,96
2026-09-30,2460,建通,291976,8842001,30.10,30.60,29.95,30.55,0.7000,303
2026-09-30,2461,光群雷,749481,13242397,17.40,18.10,17.40,17.85,0.4500,317
2026-09-30,2462,良得電,84776,1685488,19.90,19.95,19.80,19.95,0.1000,90
2026-09-30,2464,盟立,8431839,1634668497,194.00,197.50,191.50,192.50,0.5000,7173
2026-09-30,2465,麗臺,1236989,113827895,92.50,94.10,91.10,91.20,-0.7000,2925
2026-09-30,2466,冠西電,3211857,396394077,115.00,124.50,115.00,124.50,11.0000,1717
2026-09-30,2467,志聖,1037845,570479050,554.00,566.00,539.00,539.00,-5.0000,2355
2026-09-30,2468,華經,817306,37377962,46.30,46.50,45.30,45.50,-0.5500,977
2026-09-30,2471,資通,153886,7953763,51.80,51.90,51.30,51.80,0.5000,187
2026-09-30,2472,立隆電,1051547,225589772,215.00,218.00,213.00,213.50,0.5000,1481
2026-09-30,2474,可成,1471237,303617672,207.50,207.50,205.50,206.50,1.0000,3173
2026-09-30,2476,鉅祥,596238,73965225,125.00,125.50,123.00,123.50,-1.0000,755
2026-09-30,2477,美隆電,138152,3197894,23.20,23.30,23.05,23.15,0.0500,178
2026-09-30,2478,大毅,985080,117944323,119.50,121.00,118.50,120.00,2.5000,1093
2026-09-30,2480,敦陽科,94728,15136064,161.00,161.00,159.00,160.00,0.5000,201
2026-09-30,2481,強茂,28472274,4921288678,177.00,178.50,170.00,172.00,-3.5000,23693
2026-09-30,2482,連宇,131185,2157981,16.30,16.60,16.30,16.45,0.1000,110
2026-09-30,2483,百容,1702959,59644508,32.80,35.75,32.60,35.75,3.2500,924
2026-09-30,2484,希華,23947173,1872496771,77.50,79.70,76.40,78.00,1.1000,24462
2026-09-30,2485,兆赫,4139983,170283455,40.30,41.80,40.30,41.70,1.9500,3789
2026-09-30,2486,一詮,3719747,891214181,238.00,242.50,236.00,240.00,3.0000,4820
2026-09-30,2488,漢平,71337,3491668,49.15,49.15,48.65,48.85,0.1500,76
2026-09-30,2489,瑞軒,23864644,998583369,41.65,42.35,41.20,41.80,0.7000,14435
2026-09-30,2491,吉祥全,623561,25579392,40.90,41.45,40.60,40.80,0.6000,531
2026-09-30,2492,華新科,18146633,5460393834,306.00,309.00,298.50,299.50,-2.5000,26130
2026-09-30,2493,揚博,1606105,318486994,199.50,201.50,195.50,197.50,1.5000,5096
2026-09-30,2495,普安,974342,38147557,39.35,39.50,38.90,39.05,0.1000,911
2026-09-30,2496,卓越,14052,771269,55.10,55.20,54.70,55.00,-0.1000,39
2026-09-30,2497,怡利電,240102,10695498,44.55,44.80,44.20,44.35,0.7500,250
2026-09-30,2498,宏達電,13288766,577086422,44.05,44.20,42.90,42.90,-0.1000,7756
2026-09-30,2501,國建,3115570,65946960,21.20,21.35,21.05,21.10,-0.0500,1134
2026-09-30,2504,國產,1251684,38301511,30.70,30.75,30.45,30.65,0.1000,699
2026-09-30,2505,國揚,398504,6772485,17.30,17.30,16.95,17.00,0.0500,124
2026-09-30,2506,太設,85550,719625,8.41,8.43,8.38,8.43,0.0200,72
2026-09-30,2509,全坤建,30901,439410,14.15,14.30,14.15,14.30,0.2500,47
2026-09-30,2511,太子,545474,4539962,8.32,8.34,8.30,8.34,0.0200,258
2026-09-30,2514,龍邦,67416,783851,11.45,11.70,11.45,11.70,0.3000,96
2026-09-30,2515,中工,3359728,40064634,11.85,12.00,11.85,11.90,0.1000,1172
2026-09-30,2516,新建,174965,2677225,15.35,15.40,15.15,15.35,0.4500,162
2026-09-30,2520,冠德,1750284,64169860,37.00,37.05,36.45,36.50,-0.5000,985
2026-09-30,2524,京城,54715,1889141,34.40,34.70,34.25,34.70,0.4500,79
2026-09-30,2527,宏璟,1603695,79922644,49.05,51.00,48.85,50.00,1.6500,1527
2026-09-30,2528,皇普,164650,3191612,19.40,19.50,19.30,19.40,0.1000,118
2026-09-30,2530,華建,541805,10861633,20.10,20.20,19.95,20.05,-0.0500,311
2026-09-30,2534,宏盛,283189,4759584,16.80,16.95,16.70,16.95,0.0500,248
2026-09-30,2535,達欣工,138514,12356608,89.70,89.70,89.00,89.20,0.1000,203
2026-09-30,2536,宏普,464468,8892486,19.35,19.35,19.10,19.15,0.0000,251
2026-09-30,2537,聯上發,395251,4444414,11.35,11.35,11.20,11.25,0.0000,195
2026-09-30,2538,基泰,691830,6085802,8.68,8.99,8.68,8.92,0.2100,258
2026-09-30,2539,櫻花建,657424,22423265,34.15,34.30,33.90,34.30,0.3000,1083
2026-09-30,2540,愛山林,291504,14036210,47.80,48.45,47.70,48.45,0.8500,419
2026-09-30,2542,興富發,12284297,471840556,38.50,38.85,38.10,38.65,0.0500,7568
2026-09-30,2543,皇昌,832916,32088382,38.50,38.80,38.30,38.50,0.3500,608
2026-09-30,2545,皇翔,151207,5193329,34.00,34.45,34.00,34.45,0.5500,156
2026-09-30,2546,根基,111421,11735716,106.00,106.00,104.50,105.00,-1.0000,263
2026-09-30,2547,日勝生,1404389,13795636,9.88,9.89,9.79,9.79,-0.0600,600
2026-09-30,2548,華固,1628153,149666365,92.70,92.70,91.60,91.60,-0.6000,1577
2026-09-30,2597,潤弘,161609,27183478,167.00,169.00,167.00,168.00,1.0000,209
2026-09-30,2603,長榮,4735702,1133165062,239.50,241.00,238.00,239.50,1.5000,3577
2026-09-30,2605,新興,10034189,356046357,35.55,35.80,35.25,35.55,0.1500,4316
2026-09-30,2606,裕民,2063214,151893823,73.50,74.50,73.20,73.60,0.2000,1537
2026-09-30,2607,榮運,305124,16362626,53.30,53.90,53.30,53.80,0.7000,279
2026-09-30,2608,嘉里大榮,105210,3007504,28.60,28.60,28.55,28.60,0.0500,115
2026-09-30,2609,陽明,16623183,985377645,58.80,59.60,58.70,59.40,1.0000,6974
2026-09-30,2610,華航,16977467,346194421,20.25,20.45,20.20,20.45,0.3500,4143
2026-09-30,2611,志信,497762,7139191,14.15,14.50,14.15,14.50,0.4500,339
2026-09-30,2612,中航,288104,17687280,60.80,62.00,60.80,61.80,1.0000,331
2026-09-30,2613,中櫃,207361,4591411,21.95,22.40,21.95,22.40,0.4500,249
2026-09-30,2614,東森,1808945,34537552,19.00,19.25,18.95,19.20,0.3500,1063
2026-09-30,2615,萬海,5251682,595453043,112.50,114.00,112.00,114.00,3.0000,3401
2026-09-30,2616,山隆,62310,825957,13.20,13.30,13.20,13.30,0.1000,163
2026-09-30,2617,台航,570281,17862402,31.10,31.50,31.10,31.45,0.2000,434
2026-09-30,2618,長榮航,27537928,1176443791,41.95,43.15,41.85,42.85,1.3500,10342
2026-09-30,2630,亞航,816616,38316812,46.80,47.65,46.45,47.05,0.7500,841
2026-09-30,2633,台灣高鐵,3377957,86874395,25.60,25.90,25.55,25.65,0.2000,1601
2026-09-30,2634,漢翔,6006596,383586870,63.70,64.50,63.30,64.00,0.9000,4699
2026-09-30,2636,台驊控股,323394,23087184,70.40,71.80,70.40,71.70,1.3000,339
2026-09-30,2637,慧洋-KY,1545010,149143670,95.00,97.30,95.00,96.40,1.4000,1485
2026-09-30,2642,宅配通,37125,753339,20.15,20.40,20.15,20.40,0.1000,70
2026-09-30,2645,長榮航太,738475,128175180,172.50,175.00,172.50,173.00,1.0000,969
2026-09-30,2646,星宇航空,2874381,57843067,20.10,20.20,20.00,20.15,0.1000,1773
2026-09-30,2701,萬企,47342,486568,10.30,10.30,10.25,10.30,0.0500,45
2026-09-30,2702,華園,351887,4307246,12.55,12.55,12.05,12.25,-0.4000,360
2026-09-30,2704,國賓,56258,2546050,45.40,45.50,45.00,45.45,0.4500,69
2026-09-30,2705,六福,107869,1629668,15.05,15.15,15.05,15.10,0.0500,118
2026-09-30,2706,第一店,41574,506238,12.15,12.20,12.15,12.20,0.1000,63
2026-09-30,2707,晶華,87939,15441551,175.50,176.00,175.00,175.50,0.5000,173
2026-09-30,2712,遠雄來,15156,204434,13.45,13.55,13.45,13.55,0.1500,16
2026-09-30,2722,夏都,29571,630616,21.40,21.40,21.20,21.40,0.2000,31
2026-09-30,2723,美食-KY,127865,9884500,76.70,77.70,76.70,77.40,0.8000,161
2026-09-30,2727,王品,287550,67288152,233.50,236.00,232.00,236.00,1.0000,1280
2026-09-30,2731,雄獅,107592,15489416,144.50,144.50,143.50,144.50,1.5000,182
2026-09-30,2739,寒舍,46707,1696717,36.50,36.55,36.05,36.55,0.3000,54
2026-09-30,2748,雲品,48387,1871968,38.65,38.80,38.65,38.80,0.1000,59
2026-09-30,2753,八方雲集,145323,26125041,179.00,180.50,179.00,180.00,1.0000,200
2026-09-30,2762,世界健身-KY,28650,2272151,79.50,79.50,79.20,79.20,0.2000,48
2026-09-30,2801,彰銀,17386776,479975042,27.75,27.80,27.45,27.60,0.1000,5472
2026-09-30,2812,台中銀,14055128,265348802,18.90,19.00,18.85,18.85,0.0500,3621
2026-09-30,2816,旺旺保,142682,5730409,39.90,40.35,39.90,40.30,0.4500,313
2026-09-30,2820,華票,1915905,32315274,16.85,16.95,16.80,16.85,0.0000,945
2026-09-30,2832,台產,124358,7072897,57.40,57.40,56.70,56.90,0.1000,188
2026-09-30,2834,臺企銀,19394771,344419482,17.75,17.90,17.65,17.75,0.1500,5053
2026-09-30,2836,高雄銀,594652,7187692,12.05,12.15,12.05,12.10,0.1000,363
2026-09-30,2836A,高雄銀甲特,9000,215600,23.95,24.00,23.95,24.00,0.0000,7
2026-09-30,2838,聯邦銀,1921569,39645601,20.55,20.75,20.55,20.60,0.0500,823
2026-09-30,2838A,聯邦銀甲特,62005,3237360,52.00,52.60,51.90,52.00,0.0000,14
2026-09-30,2845,遠東銀,7130250,93796007,13.25,13.25,13.10,13.10,0.0000,3046
2026-09-30,2849,安泰銀,174179,2776535,15.50,16.20,15.50,16.05,0.5500,122
2026-09-30,2850,新產,1404165,228389065,160.50,163.00,159.50,163.00,2.0000,1123
2026-09-30,2851,中再保,1080401,50894781,47.05,47.45,46.85,47.20,0.1500,863
2026-09-30,2852,第一保,145286,4039972,27.90,27.90,27.70,27.85,0.1500,132
2026-09-30,2855,統一證,5195072,293417187,55.90,56.80,55.80,56.60,1.1000,2312
2026-09-30,2880,華南金,13559866,616547767,45.70,46.00,45.10,45.35,0.4500,5083
2026-09-30,2881,富邦金,11350421,1724333710,153.00,153.50,151.00,151.00,-0.5000,5731
2026-09-30,2881A,富邦特,66974,4114412,61.40,61.60,61.40,61.60,0.2000,35
2026-09-30,2881B,富邦金乙特,3215,195430,60.80,60.90,60.70,60.70,-0.2000,7
2026-09-30,2881C,富邦金丙特,26537,1374460,51.80,51.80,51.80,51.80,0.0000,48
2026-09-30,2882,國泰金,22090817,2465098313,111.50,112.50,111.00,111.00,-0.5000,6705
2026-09-30,2882A,國泰特,16212,974904,60.20,60.20,60.10,60.20,0.0000,23
2026-09-30,2882B,國泰金乙特,9201,539670,58.60,58.80,58.60,58.80,0.0000,14
2026-09-30,2883,凱基金,34492869,1343812058,39.40,39.40,38.75,38.85,-0.1000,9911
2026-09-30,2883B,凱基金乙特,1847182,15767971,8.54,8.56,8.52,8.56,0.0200,468
2026-09-30,2884,玉山金,30746754,1382100554,45.20,45.35,44.75,44.85,-0.0500,11891
2026-09-30,2885,元大金,16759201,1151461438,69.20,69.30,68.50,68.50,-0.2000,7535
2026-09-30,2886,兆豐金,16038181,788776431,49.55,49.55,49.00,49.15,0.0500,6548
2026-09-30,2887,台新新光金,34912298,1469904233,42.45,42.45,41.95,41.95,0.1500,9457
2026-09-30,2887E,台新新光戊特一,209796,10155165,48.45,48.45,48.35,48.40,-0.0500,171
2026-09-30,2887F,台新新光戊特二,110646,5038709,45.60,45.60,45.50,45.55,-0.0500,64
2026-09-30,2887G,台新新光庚特一,83517,3714031,44.45,44.50,44.45,44.45,0.0000,57
2026-09-30,2887H,台新新光庚特二,124806,5369335,43.10,43.10,42.95,43.05,0.0000,39
2026-09-30,2887I,台新新光辛特,692835,6596852,9.53,9.53,9.52,9.53,0.0100,723
2026-09-30,2887Z1,台新新光己特,102719,2331524,22.65,22.85,22.65,22.85,0.1000,35
2026-09-30,2889,國票金,6708250,110874596,16.50,16.65,16.45,16.50,0.1000,1800
2026-09-30,2890,永豐金,18029307,799358599,44.30,44.75,44.00,44.25,0.3500,5068
2026-09-30,2891,中信金,26479156,1817598899,69.60,69.60,68.40,68.40,-0.3000,10401
2026-09-30,2891B,中信金乙特,2383,147428,61.90,61.90,61.90,61.90,0.0000,7
2026-09-30,2891C,中信金丙特,30856,1876084,60.80,61.20,60.50,60.50,0.0000,45
2026-09-30,2892,第一金,29031962,1123113166,39.25,39.25,38.45,38.65,0.0500,6926
2026-09-30,2897,王道銀行,3869500,42321415,11.00,11.00,10.90,10.90,-0.0500,1076
2026-09-30,2897B,王道銀乙特,58852,697276,11.85,11.85,11.85,11.85,0.0000,12
2026-09-30,2901,欣欣,35495,857323,23.85,24.50,23.85,24.15,0.3500,65
2026-09-30,2903,遠百,1760740,38860336,22.10,22.20,21.95,22.15,0.2500,982
2026-09-30,2904,匯僑,29328,370247,12.55,12.65,12.55,12.60,0.0000,26
2026-09-30,2905,三商,770644,14057198,18.10,18.35,18.10,18.30,0.3000,480
2026-09-30,2906,高林,79256,1056598,13.30,13.40,13.30,13.40,0.1000,80
2026-09-30,2908,特力,256712,5629011,21.70,22.05,21.70,22.05,0.3500,122
2026-09-30,2910,統領,33005,775268,23.65,23.65,23.25,23.60,0.5000,32
2026-09-30,2911,麗嬰房,111425,673467,6.04,6.09,6.02,6.08,0.0500,128
2026-09-30,2912,統一超,1661585,353129823,214.00,214.00,212.00,212.50,0.5000,2250
2026-09-30,2913,農林,883050,9784260,11.05,11.15,11.00,11.15,0.1500,452
2026-09-30,2915,潤泰全,1295830,76292360,58.50,59.20,58.50,58.80,0.3000,689
2026-09-30,2923,鼎固-KY,152576,3850704,24.80,25.55,24.35,25.45,1.5500,139
2026-09-30,2929,淘帝-KY,81468,475154,5.81,5.91,5.78,5.83,0.0200,85
2026-09-30,2939,永邑-KY,92004,1951436,20.05,22.00,20.05,21.90,1.6500,52
2026-09-30,2945,三商家購,20699,824667,39.85,39.85,39.80,39.85,0.0500,42
2026-09-30,3002,歐格,327819,6348201,19.10,19.85,19.10,19.30,0.4000,257
2026-09-30,3003,健和興,334494,20142556,60.50,60.70,59.90,60.40,0.7000,306
2026-09-30,3004,豐達科,165706,19681796,118.50,119.50,118.00,119.00,1.5000,238
2026-09-30,3005,神基,1298870,151611312,117.50,118.00,116.00,116.50,-0.5000,1185
2026-09-30,3006,晶豪科,8256303,2358397757,286.00,290.00,282.00,286.00,1.0000,8963
2026-09-30,3008,大立光,1670350,10008548010,6010.00,6090.00,5945.00,5945.00,-75.0000,22911
2026-09-30,3010,華立,343187,43205586,127.00,127.00,125.00,125.50,0.5000,386
2026-09-30,3011,今皓,270226,2733980,9.97,10.20,9.97,10.15,0.2500,160
2026-09-30,3013,晟銘電,2758145,241809732,85.10,91.40,85.10,86.80,2.8000,2528
2026-09-30,3014,聯陽,1815815,257675983,144.50,144.50,141.00,141.50,-2.0000,2102
2026-09-30,3015,全漢,529686,29036595,54.20,55.40,53.80,55.20,1.5000,485
2026-09-30,3016,嘉晶,43282581,7295121737,170.00,172.50,165.00,169.00,-3.5000,35186
2026-09-30,3017,奇鋐,3653169,12740725441,3455.00,3575.00,3405.00,3435.00,35.0000,11302
2026-09-30,3018,隆銘綠能,36173,432040,11.95,12.00,11.90,12.00,0.0500,91
2026-09-30,3019,亞光,1304111,177918851,136.00,137.00,136.00,136.50,1.0000,1437
2026-09-30,3021,鴻名,3337096,96583919,30.90,31.00,28.00,28.45,-1.1500,2165
2026-09-30,3022,威強電,1114495,102948571,93.60,93.90,91.90,92.30,-0.7000,4144
2026-09-30,3023,信邦,1125085,345197292,312.00,312.50,304.50,307.00,-0.5000,1441
2026-09-30,3024,憶聲,473733,6727756,14.20,14.35,14.15,14.20,0.0000,289
2026-09-30,3025,星通,156196,8248601,52.60,53.10,52.50,52.90,0.5000,180
2026-09-30,3026,禾伸堂,6314086,5052036887,815.00,822.00,790.00,791.00,-5.0000,9111
2026-09-30,3027,盛達,249111,4682691,18.45,19.00,18.45,18.90,0.5000,208
2026-09-30,3028,增你強,562381,35412926,63.00,63.40,62.70,62.90,0.2000,620
2026-09-30,3029,零壹,1546881,184130566,118.50,121.50,116.50,120.00,2.5000,1672
2026-09-30,3030,德律,975680,272208615,279.00,284.50,275.00,279.00,3.0000,3102
2026-09-30,3031,佰鴻,3719886,115129962,31.25,31.45,30.40,30.80,-0.4500,2531
2026-09-30,3032,偉訓,165408,12970263,77.90,78.80,77.90,78.30,0.4000,248
2026-09-30,3033,威健,3088593,131512696,42.35,43.00,42.20,42.60,0.6000,2106
2026-09-30,3034,聯詠,4490920,2455705590,543.00,556.00,537.00,546.00,6.0000,4723
2026-09-30,3035,智原,5825258,1228911393,210.50,215.50,208.00,210.50,0.5000,10709
2026-09-30,3036,文曄,7228161,1498048664,209.50,210.00,205.50,205.50,-2.0000,5785
2026-09-30,3037,欣興,10764941,12643337637,1175.00,1190.00,1155.00,1175.00,10.0000,16621
2026-09-30,3038,全台,540962,11186331,20.40,21.00,20.40,20.80,0.5000,306
2026-09-30,3040,遠見,114291,3874503,34.35,34.35,33.70,33.85,0.0000,352
2026-09-30,3041,揚智,1284122,31110351,23.95,24.50,23.90,24.35,0.7500,927
2026-09-30,3042,晶技,26893773,5696932060,208.50,218.50,206.00,210.00,1.5000,36692
2026-09-30,3043,科風,46179,938476,20.65,20.65,20.25,20.35,0.2500,77
2026-09-30,3044,健鼎,2375027,1254976074,525.00,537.00,522.00,525.00,4.0000,3893
2026-09-30,3045,台灣大,9996628,1190363577,121.00,121.00,118.00,119.50,-1.5000,3775
2026-09-30,3046,建碁,106783,5738758,53.60,54.00,53.50,53.60,0.0000,338
2026-09-30,3047,訊舟,706314,10416591,14.70,14.85,14.65,14.75,0.2000,566
2026-09-30,3048,益登,783996,40471615,51.80,52.00,51.40,51.70,0.6000,677
2026-09-30,3049,精金,9024072,114416882,12.25,12.90,12.25,12.65,0.5000,3605
2026-09-30,3050,鈺德,774861,9188439,11.65,12.00,11.65,11.95,0.3000,383
2026-09-30,3051,力特,1256851,29333136,22.95,23.75,22.90,23.30,0.6500,728
2026-09-30,3052,夆典,235038,2444232,10.35,10.45,10.35,10.40,0.0500,157
2026-09-30,3054,立萬利,151637,8943991,59.10,59.50,58.50,59.40,0.6000,132
2026-09-30,3055,蔚華科,15323703,3097152118,201.00,211.00,195.00,209.50,6.0000,14967
2026-09-30,3056,富華新,508737,7028416,13.85,13.90,13.70,13.85,0.0000,392
2026-09-30,3057,喬鼎,15334,248946,16.25,16.30,16.10,16.20,-0.0500,93
2026-09-30,3058,立德,336204,2754859,8.23,8.23,8.16,8.20,0.0500,216
2026-09-30,3059,華晶科,1575182,60659453,38.25,38.80,38.15,38.75,0.9000,1296
2026-09-30,3060,銘異,2271586,64368371,28.00,29.00,27.65,28.10,0.6500,1829
2026-09-30,3062,建漢,3202355,72858359,22.55,23.10,22.30,22.90,0.9000,1780
2026-09-30,3090,日電貿,1199853,194077843,163.00,163.50,161.00,161.00,0.0000,1598
2026-09-30,3092,鴻碩,1373868,34001904,22.80,25.00,22.75,25.00,2.2500,1162
2026-09-30,3094,聯傑,38839091,2360132779,62.10,62.50,59.00,61.60,1.9000,24177
2026-09-30,3130,一零四,46556,9743064,209.00,210.00,209.00,209.00,0.0000,71
2026-09-30,3135,凌航,336645,53069476,157.50,158.50,157.00,158.00,1.5000,876
2026-09-30,3138,耀登,589688,59638193,99.00,102.50,99.00,101.00,2.9000,764
2026-09-30,3149,正達,18806124,1366203127,69.50,74.00,69.00,74.00,6.7000,13089
2026-09-30,3150,鈺寶-創,23000,352550,15.20,15.65,15.15,15.65,0.5000,17
2026-09-30,3164,景岳,33172,545622,16.40,16.55,16.35,16.55,-0.0500,60
2026-09-30,3167,大量,4139180,3677095107,902.00,906.00,879.00,887.00,-16.0000,8776
2026-09-30,3168,眾福科,12455,528121,42.25,42.80,42.20,42.80,0.6500,17
2026-09-30,3189,景碩,23925434,22859601320,961.00,972.00,937.00,970.00,15.0000,26541
2026-09-30,3209,全科,797503,36382685,45.95,45.95,45.35,45.35,-0.1500,608
2026-09-30,3229,晟鈦,2112106,124838845,57.60,60.40,57.60,58.60,1.5000,1766
2026-09-30,3231,緯創,20375740,3777479677,187.00,187.50,184.00,184.50,-1.0000,13412
2026-09-30,3257,虹冠電,120801,5981343,49.30,49.65,49.20,49.60,0.3000,172
2026-09-30,3266,昇陽,38070,531371,13.75,14.05,13.75,14.00,0.2500,34
2026-09-30,3296,勝德,64326,1806019,27.70,28.40,27.60,28.40,0.6000,71
2026-09-30,3305,昇貿,715550,75998112,106.00,107.00,105.50,106.00,1.5000,783
2026-09-30,3308,聯德,154833,3486636,22.25,22.70,22.25,22.35,0.1500,162
2026-09-30,3311,閎暉,4650953,191720721,38.00,41.95,38.00,41.05,2.9000,3466
2026-09-30,3312,弘憶股,1021388,53332410,51.20,53.20,51.00,52.00,1.1000,1062
2026-09-30,3321,同泰,87626,1596197,18.05,18.40,18.05,18.25,0.1000,108
2026-09-30,3338,泰碩,394432,26853524,68.20,68.50,67.70,68.00,0.1000,548
2026-09-30,3346,麗清,592546,14260980,23.85,24.25,23.85,24.15,0.3500,415
2026-09-30,3356,奇偶,162786,10745309,66.40,66.40,65.70,66.00,0.4000,308
2026-09-30,3376,新日興,2518660,439549380,173.50,177.00,171.00,174.50,3.0000,2545
2026-09-30,3380,明泰,5494158,177643017,32.70,33.10,32.05,32.15,0.5500,3528
2026-09-30,3406,玉晶光,3631717,3263904656,890.00,921.00,878.00,890.00,8.0000,5557
2026-09-30,3413,京鼎,705048,206521292,294.00,296.00,291.00,291.00,0.0000,1872
2026-09-30,3416,融程電,154921,25180871,162.50,164.50,161.50,162.50,0.5000,237
2026-09-30,3419,譁裕,1020624,12435649,11.70,12.50,11.70,12.05,0.2500,447
2026-09-30,3432,台端,50972,755254,14.80,14.90,14.80,14.90,0.1000,31
2026-09-30,3437,榮創,2199034,49493662,22.20,23.00,22.20,22.45,0.0500,1415
2026-09-30,3443,創意,669082,5348477330,8090.00,8110.00,7860.00,8040.00,115.0000,6831
2026-09-30,3447,展達,84450,2330866,27.20,27.80,27.15,27.55,0.4000,77
2026-09-30,3450,聯鈞,5074962,2679088895,534.00,540.00,523.00,523.00,-2.0000,6733
2026-09-30,3481,群創,486059149,26083084106,50.60,54.70,50.30,54.70,4.9500,179855
2026-09-30,3494,誠研,27333,193425,7.00,7.11,7.00,7.10,0.0100,27
2026-09-30,3501,維熹,196299,7378115,37.55,37.75,37.50,37.65,0.1500,137
2026-09-30,3504,揚明光,690793,54973072,79.80,80.50,79.00,79.10,-0.4000,757
2026-09-30,3515,華擎,131882,28016960,213.00,213.00,211.50,212.00,1.0000,220
2026-09-30,3518,柏騰,8426466,345394585,40.50,41.10,40.05,41.10,3.7000,2474
2026-09-30,3528,安馳,162785,13825918,84.40,85.80,84.40,85.60,0.9000,389
2026-09-30,3530,晶相光,114627,6781819,58.80,59.40,58.80,59.20,0.8000,127
2026-09-30,3532,台勝科,14082552,6646150402,459.50,488.50,453.00,471.00,17.0000,17395
2026-09-30,3533,嘉澤,2399430,4222597445,1730.00,1785.00,1705.00,1770.00,60.0000,6143
2026-09-30,3535,晶彩科,1514606,139049262,89.90,93.30,89.90,92.00,2.2000,2155
2026-09-30,3543,州巧,10696796,539927283,49.70,51.90,49.00,51.20,1.0000,6650
2026-09-30,3545,敦泰,950180,49051160,51.90,52.10,51.00,51.80,-0.1000,1103
2026-09-30,3550,聯穎,8130123,214256953,26.20,27.45,25.75,25.90,-0.3000,5215
2026-09-30,3557,嘉威,54872,1250143,23.05,23.10,22.65,23.00,0.2000,61
2026-09-30,3563,牧德,1867198,1503800297,811.00,825.00,784.00,807.00,13.0000,4185
2026-09-30,3576,聯合再生,86571378,1695058962,18.25,19.70,18.25,19.70,1.7500,18053
2026-09-30,3583,辛耘,1276364,917873995,722.00,744.00,704.00,707.00,-6.0000,2734
2026-09-30,3588,通嘉,209992,11371820,54.80,54.80,53.80,53.90,0.2000,352
2026-09-30,3591,艾笛森,2368305,64762574,26.45,27.80,26.45,27.45,1.0500,2077
2026-09-30,3592,瑞鼎,1755009,412781512,228.50,239.00,225.50,237.50,12.5000,2262
2026-09-30,3593,力銘,39768,415142,10.75,11.00,10.30,11.00,0.7000,55
2026-09-30,3596,智易,626621,96142606,155.00,155.00,153.00,153.00,-0.5000,763
2026-09-30,3605,宏致,17829847,3089588280,183.00,183.50,168.50,170.50,-12.0000,16102
2026-09-30,3607,谷崧,220285,3055821,13.80,14.05,13.70,14.00,0.3000,175
2026-09-30,3617,碩天,211371,51409531,244.50,245.50,242.00,242.00,1.5000,302
2026-09-30,3622,洋華,191623,8778622,45.20,46.20,45.20,46.10,1.4500,186
2026-09-30,3645,達邁,5003116,372149781,72.90,75.50,72.90,75.30,2.6000,4227
2026-09-30,3652,精聯,54046,1831304,33.95,34.25,33.60,34.20,0.3500,137
2026-09-30,3653,健策,1303905,8907982620,6980.00,7080.00,6720.00,6800.00,-95.0000,6418
2026-09-30,3661,世芯-KY,1125493,4238207900,3745.00,3810.00,3730.00,3740.00,55.0000,7184
2026-09-30,3665,貿聯-KY,6154465,15914427580,2500.00,2685.00,2485.00,2595.00,150.0000,19567
2026-09-30,3669,圓展,102848,3379071,32.90,33.20,32.50,33.00,0.5500,109
2026-09-30,3673,TPK-KY,37006920,2713186828,69.10,75.50,68.90,75.50,6.8000,27130
2026-09-30,3679,新至陞,35968,3894114,109.00,109.00,108.00,108.00,-0.5000,55
2026-09-30,3686,達能,569233,9128561,15.00,16.30,15.00,16.30,1.4500,420
2026-09-30,3694,海華,365930,18754156,50.90,51.50,50.90,51.50,1.1000,343
2026-09-30,3701,大眾控,4549945,205587194,42.25,45.90,42.25,45.90,4.1500,3501
2026-09-30,3702,大聯大,5939004,678123187,115.00,115.50,113.50,114.00,-1.0000,3944
2026-09-30,3703,欣陸,690262,13497834,19.50,19.65,19.45,19.60,0.1000,468
2026-09-30,3704,合勤控,926509,37584077,40.70,40.80,40.35,40.50,0.2500,692
2026-09-30,3705,永信,167862,9480009,56.70,56.70,56.00,56.70,0.8000,179
2026-09-30,3706,神達,3956421,314191740,79.30,79.80,79.00,79.30,0.4000,3429
2026-09-30,3708,上緯投控,282790,27855971,98.10,99.00,97.90,98.90,1.3000,590
2026-09-30,3711,日月光投控,14687120,10400841185,716.00,723.00,703.00,703.00,16.0000,23980
2026-09-30,3712,永崴投控,663198,13619392,20.60,20.75,20.20,20.65,0.0000,418
2026-09-30,3714,富采,21400350,1497026010,68.60,70.90,68.10,69.90,1.8000,17674
2026-09-30,3715,定穎投控,4275577,539302731,126.00,128.00,124.00,126.50,2.0000,4256
2026-09-30,3716,中化控股,252547,8630371,34.20,34.40,34.00,34.25,0.3500,380
2026-09-30,3717,聯嘉投控,31519820,884996636,28.60,28.85,27.30,27.70,-0.1500,13996
2026-09-30,4104,佳醫,149094,10809947,72.10,72.70,72.10,72.70,0.6000,221
2026-09-30,4106,雃博,86882,2104555,24.25,24.45,24.10,24.35,0.1000,131
2026-09-30,4108,懷特,171221,1946403,11.35,11.50,11.30,11.50,0.1500,130
2026-09-30,4119,旭富,107841,5943526,54.50,55.50,54.50,55.50,0.1000,255
2026-09-30,4133,亞諾法,35808,736826,20.50,20.70,20.50,20.65,0.2000,75
2026-09-30,4137,麗豐-KY,71880,5555292,76.90,77.60,76.90,77.30,0.8000,87
2026-09-30,4142,國光生,1460885,26567930,18.15,18.30,18.05,18.25,0.1500,700
2026-09-30,4148,全宇生技-KY,12150,389350,31.95,32.15,31.95,32.00,0.0500,16
2026-09-30,4155,訊映,165507,2415900,14.60,14.70,14.55,14.65,0.0500,368
2026-09-30,4164,承業醫,266148,7252974,26.95,27.40,26.95,27.35,0.4500,279
2026-09-30,4169,泰宗,104867,15879314,151.50,154.00,149.00,152.00,3.5000,165
2026-09-30,4178,永笙-KY,88100,1456435,16.80,16.80,16.45,16.70,0.1500,65
2026-09-30,4190,佐登-KY,11798,295925,25.15,25.20,24.95,24.95,-0.1000,34
2026-09-30,4195,基米-創,802116,13411108,17.35,17.35,16.00,16.10,0.3000,362
2026-09-30,4306,炎洲,707952,10386014,14.60,14.75,14.60,14.70,0.0500,403
2026-09-30,4414,如興,272697,2213174,8.17,8.17,8.07,8.14,0.0300,167
2026-09-30,4426,利勤,45126,343439,7.62,7.67,7.55,7.61,0.0000,44
2026-09-30,4438,廣越,34204,1946127,56.50,58.40,56.50,57.00,0.3000,35
2026-09-30,4439,冠星-KY,37233,3624975,97.40,98.40,95.90,98.40,1.9000,37
2026-09-30,4440,宜新實業,30000,525150,17.45,17.70,17.45,17.55,0.1000,28
2026-09-30,4441,振大環球,83293,14218273,170.50,171.50,170.00,171.50,1.5000,81
2026-09-30,4526,東台,6948777,235354359,32.60,34.75,32.60,34.05,1.9000,4677
2026-09-30,4532,瑞智,731570,18213078,25.10,25.15,24.80,24.85,-0.2000,558
2026-09-30,4536,拓凱,248132,40024271,162.50,163.00,160.50,161.00,-0.5000,309
2026-09-30,4540,全球傳動,4250729,267032480,63.00,63.60,62.00,62.10,-0.5000,5447
2026-09-30,4545,銘鈺,931770,36067015,35.80,39.10,35.80,39.10,3.5500,525
2026-09-30,4551,智伸科,5389854,964692439,183.50,188.00,173.50,174.50,-5.0000,4888
2026-09-30,4552,力達-KY,189447,2955694,15.35,15.85,15.35,15.80,0.4500,133
2026-09-30,4555,氣立,76991,3230341,42.00,42.20,41.70,42.15,0.5500,101
2026-09-30,4557,永新-KY,56850,2860411,50.70,50.90,50.00,50.30,0.2000,76
2026-09-30,4560,強信-KY,367002,10809358,29.45,29.90,29.30,29.90,0.5500,141
2026-09-30,4562,穎漢,153575,4696158,30.10,31.00,30.10,30.95,0.9500,153
2026-09-30,4564,元翎,570788,9310318,16.35,16.40,16.20,16.40,0.2000,376
2026-09-30,4566,時碩工業,3316709,247913494,74.50,77.10,73.20,74.10,0.9000,3158
2026-09-30,4569,六方科-KY,28293,4456216,157.50,159.00,155.50,157.50,3.5000,50
2026-09-30,4571,鈞興-KY,97627,14997405,152.50,154.50,152.50,153.50,1.0000,133
2026-09-30,4572,駐龍,14722,2043432,140.00,140.00,138.00,138.50,-0.5000,31
2026-09-30,4576,大銀微系統,2005719,477641490,242.00,243.00,235.50,236.00,-5.0000,4148
2026-09-30,4581,光隆精密-KY,12000,575800,47.70,48.20,47.70,48.20,0.5000,10
2026-09-30,4582,聚恆-創,132010,2941472,22.20,22.55,22.20,22.50,0.3000,66
2026-09-30,4583,台灣精銳,85489,36560233,429.00,432.00,422.00,426.50,-2.5000,302
2026-09-30,4585,達明,78377,22871666,292.00,292.50,290.00,292.00,2.0000,238
2026-09-30,4588,玖鼎電力,34489,1931809,55.30,56.60,55.10,56.00,0.7000,38
2026-09-30,4590,富田-創,118271,10559026,88.90,90.00,88.80,89.10,0.6000,111
2026-09-30,4720,德淵,230066,4452176,19.35,19.50,19.30,19.30,0.1500,176
2026-09-30,4722,國精化,647858,124749038,193.00,197.00,190.00,190.50,0.5000,685
2026-09-30,4736,泰博,151308,19598536,130.00,130.00,128.50,130.00,1.5000,203
2026-09-30,4737,華廣,46490,2584952,56.40,56.70,55.40,55.40,-0.2000,175
2026-09-30,4739,康普,4293114,376777904,85.10,89.90,84.50,88.40,5.2000,3833
2026-09-30,4746,台耀,1019870,49376084,48.00,49.00,47.60,48.95,1.2500,788
2026-09-30,4755,三福化,261884,31180474,119.00,120.00,118.00,118.00,0.0000,313
2026-09-30,4763,材料*-KY,11831200,568339728,47.00,49.20,46.75,48.90,2.0500,5817
2026-09-30,4764,雙鍵,1350451,254088566,185.50,193.00,183.00,189.00,6.0000,1951
2026-09-30,4766,南寶,84164,28731712,341.50,343.50,340.50,340.50,-0.5000,239
2026-09-30,4770,上品,1405600,396811725,288.00,288.50,277.50,282.00,-4.5000,2055
2026-09-30,4771,望隼,117834,25105135,212.00,214.50,211.50,214.50,3.0000,278
2026-09-30,4807,日成-KY,129235,3761640,29.00,29.60,28.90,29.35,0.2000,101
2026-09-30,4904,遠傳,6217738,643469371,105.00,105.00,103.00,103.50,-1.0000,3224
2026-09-30,4906,正文,17574239,726846249,40.25,42.45,40.00,42.30,2.1000,9781
2026-09-30,4912,聯德控股-KY,999173,100315215,97.10,102.00,97.10,100.00,3.2000,774
2026-09-30,4915,致伸,1919020,122202649,64.00,64.00,63.50,63.50,0.0000,1329
2026-09-30,4916,事欣科,2099007,217297500,102.50,105.00,102.00,104.00,2.5000,2112
2026-09-30,4919,新唐,13131385,1807948483,136.00,142.00,134.00,138.50,3.0000,10559
2026-09-30,4927,泰鼎-KY,3204069,141946511,44.15,44.90,43.70,44.50,0.7500,2405
2026-09-30,4930,燦星網,12846,204213,15.85,15.90,15.85,15.90,0.0500,31
2026-09-30,4934,太極,945249,13973807,14.20,15.00,14.20,14.95,0.8000,542
2026-09-30,4935,茂林-KY,91355,3060703,33.35,34.25,32.75,34.20,1.5500,86
2026-09-30,4938,和碩,11785297,1063421155,91.60,91.80,89.80,89.80,-1.0000,6654
2026-09-30,4942,嘉彰,89065,2840229,31.95,31.95,31.60,31.90,-0.0500,66
2026-09-30,4943,康控-KY,8611,59265,6.98,6.98,6.71,6.91,-0.0700,26
2026-09-30,4949,有成精密,382077,29332957,76.70,77.50,76.20,76.30,0.3000,535
2026-09-30,4952,凌通,152291,7549969,49.35,49.90,49.35,49.40,0.2000,175
2026-09-30,4956,光鋐,30014622,1416172674,46.25,49.80,45.50,46.50,0.5000,18854
2026-09-30,4958,臻鼎-KY,30846660,15514245297,510.00,510.00,494.00,507.00,8.5000,40055
2026-09-30,4960,誠美材,9365650,226441657,23.50,24.80,23.40,24.40,0.9500,4270
2026-09-30,4961,天鈺,1363490,245737512,183.50,186.00,177.00,181.00,-3.5000,5500
2026-09-30,4967,十銓,1312927,360496011,275.00,276.00,272.50,275.00,3.0000,2423
2026-09-30,4968,立積,669041,63740949,93.80,96.70,93.80,96.60,3.8000,867
2026-09-30,4976,佳凌,552113,19732743,35.70,36.00,35.55,35.80,0.3000,436
2026-09-30,4977,眾達-KY,2213717,377439949,170.00,173.00,169.00,169.00,0.5000,3213
2026-09-30,4989,榮科,2282700,139136216,60.40,61.60,60.30,61.00,1.5000,2003
2026-09-30,4994,傳奇,12902,1056563,82.00,82.50,81.50,81.80,-0.5000,120
2026-09-30,4999,鑫禾,36315,646281,17.70,17.90,17.70,17.85,0.1500,66
2026-09-30,5007,三星,86561,4854181,56.00,56.40,56.00,56.40,1.0000,135
2026-09-30,5203,訊連,82172,4811022,58.80,59.00,58.20,58.40,-0.2000,182
2026-09-30,5215,科嘉-KY,14700,556226,37.80,37.90,37.80,37.90,0.6000,28
2026-09-30,5222,全訊,134599,14256811,106.50,106.50,105.00,106.50,2.0000,230
2026-09-30,5225,東科-KY,94519,5227227,55.30,55.60,55.00,55.40,0.1000,111
2026-09-30,5234,達興材料,1311283,416658033,329.00,329.00,308.50,308.50,-13.5000,2588
2026-09-30,5236,凌陽創新,106889,14620500,136.50,138.00,135.50,137.50,2.0000,140
2026-09-30,5243,乙盛-KY,1599795,146929714,89.90,93.40,89.40,91.50,2.8000,1688
2026-09-30,5244,弘凱,63010,2240604,35.50,35.90,35.35,35.60,0.1000,55
2026-09-30,5258,虹堡,211970,8873053,41.30,42.40,41.30,42.40,1.2000,177
2026-09-30,5269,祥碩,321237,471631365,1480.00,1490.00,1455.00,1460.00,-15.0000,1559
2026-09-30,5283,禾聯碩,59873,3161612,52.60,53.00,52.60,52.80,0.2000,81
2026-09-30,5284,jpp-KY,233706,70131307,302.00,304.50,298.00,299.50,-0.5000,4819
2026-09-30,5285,界霖,789941,71320342,91.80,92.10,89.70,90.10,-0.4000,920
2026-09-30,5288,豐祥-KY,377477,69946072,191.50,194.00,181.50,183.50,-3.0000,3048
2026-09-30,5292,華懋,335629,75721809,216.50,234.00,216.50,230.00,11.5000,620
2026-09-30,5306,桂盟,49644,4401669,88.20,89.00,88.20,88.80,0.2000,164
2026-09-30,5388,中磊,1747043,125402511,72.30,72.30,71.50,71.50,-0.2000,1425
2026-09-30,5434,崇越,1043200,580374901,550.00,565.00,547.00,555.00,15.0000,3057
2026-09-30,5469,瀚宇博,1291750,95388613,74.10,74.50,73.40,74.00,0.4000,1095
2026-09-30,5471,松翰,728369,38242800,53.00,53.30,52.10,52.30,-0.4000,1083
2026-09-30,5484,慧友,176593,6955795,39.90,39.90,39.10,39.60,0.3500,176
2026-09-30,5515,建國,329036,17084564,53.00,53.00,51.50,51.90,-0.8000,658
2026-09-30,5519,隆大,178645,4494576,25.05,25.30,25.05,25.30,0.3000,170
2026-09-30,5521,工信,799798,8456065,10.60,10.60,10.55,10.60,0.1000,334
2026-09-30,5522,遠雄,666357,40708094,60.80,61.50,60.70,61.00,0.3000,453
2026-09-30,5525,順天,66276,1452727,21.95,22.00,21.85,22.00,0.0500,66
2026-09-30,5531,鄉林,533591,3671298,6.90,6.92,6.85,6.92,0.0700,276
2026-09-30,5533,皇鼎,48000,668050,13.85,13.95,13.80,13.95,0.1000,37
2026-09-30,5534,長虹,710625,52080740,73.30,73.80,73.10,73.10,-0.2000,563
2026-09-30,5538,東明-KY,120054,4335239,35.80,36.50,35.70,36.25,0.8500,144
2026-09-30,5546,永固-KY,10700,153300,14.10,14.35,14.10,14.35,0.2500,10
2026-09-30,5607,遠雄港,269626,14067677,52.20,52.50,51.80,52.40,0.5000,281
2026-09-30,5608,四維航,1479942,24932439,16.85,16.95,16.75,16.95,0.2500,761
2026-09-30,5706,鳳凰,52928,2329731,43.90,44.20,43.85,44.15,0.2500,79
2026-09-30,5871,中租-KY,7836885,835682093,107.50,107.50,106.00,107.00,0.0000,5298
2026-09-30,5871A,中租-KY甲特,49632,4962911,100.00,100.00,99.90,100.00,0.1000,37
2026-09-30,5876,上海商銀,6919056,340333296,49.30,49.40,48.75,49.15,0.3000,3050
2026-09-30,5880,合庫金,17943411,468701327,26.40,26.40,26.05,26.10,0.0500,4988
2026-09-30,5906,台南-KY,3000,122800,40.85,41.00,40.85,41.00,0.0000,3
2026-09-30,5907,大洋-KY,116501,562309,4.80,4.89,4.80,4.81,0.0200,77
2026-09-30,6005,群益證,5523115,177156535,31.95,32.30,31.85,32.05,0.4000,2428
2026-09-30,6024,群益期,139673,8421118,60.50,60.50,60.10,60.40,0.2000,207
2026-09-30,6108,競國,1909273,47735878,24.50,25.40,24.50,25.05,0.6500,1288
2026-09-30,6112,邁達特,1097280,52250640,47.45,48.20,47.10,48.05,0.7000,990
2026-09-30,6115,鎰勝,109408,4811124,44.00,44.00,43.90,44.00,0.0000,118
2026-09-30,6116,彩晶,154482312,2485225493,15.10,16.35,15.05,16.35,1.4500,39283
2026-09-30,6117,迎廣,171113,10676959,62.60,63.30,61.80,62.20,0.5000,228
2026-09-30,6120,達運,13054101,185954940,13.75,14.35,13.70,14.35,1.3000,2799
2026-09-30,6128,上福,47106,905676,19.20,19.30,19.10,19.20,0.1000,38
2026-09-30,6133,金橋,20089110,587348192,29.40,30.45,28.20,29.60,1.1000,11261
2026-09-30,6136,富爾特,153563,3843641,24.95,25.15,24.95,25.05,0.1000,116
2026-09-30,6139,亞翔,3371103,2542282840,741.00,762.00,740.00,756.00,24.0000,7502
2026-09-30,6141,柏承,1723520,90299656,53.70,53.70,51.70,51.80,-1.1000,1814
2026-09-30,6142,友勁,1277527,12020289,9.14,9.80,9.03,9.44,0.3800,813
2026-09-30,6152,百一,947654,14403547,15.30,15.30,15.05,15.30,0.2000,557
2026-09-30,6153,嘉聯益,3919781,70855449,17.80,18.30,17.65,18.20,0.5500,2165
2026-09-30,6155,鈞寶,3733214,238575059,65.00,65.20,63.00,63.30,-0.7000,3795
2026-09-30,6164,華興,534842,6711505,12.50,12.65,12.40,12.60,0.2000,316
2026-09-30,6165,浪凡,3627663,181350998,49.50,50.20,49.35,50.00,1.1500,311
2026-09-30,6166,凌華,2569354,347713880,139.00,140.00,132.50,133.00,-2.0000,3822
2026-09-30,6168,宏齊,6398422,293490665,46.55,47.00,44.50,45.25,0.0500,5196
2026-09-30,6176,瑞儀,1303911,118958929,90.30,91.80,90.30,91.20,1.0000,1162
2026-09-30,6177,達麗,654604,30453470,46.90,46.90,46.25,46.45,0.2000,561
2026-09-30,6183,關貿,33475,3058006,91.50,92.00,90.80,91.80,1.3000,54
2026-09-30,6184,大豐電,31187,1253526,39.95,40.30,39.95,40.30,0.2000,50
2026-09-30,6189,豐藝,409293,20533308,50.10,50.50,49.90,50.40,0.2000,438
2026-09-30,6191,精成科,1190164,99631754,83.30,84.10,83.00,84.00,0.9000,1301
2026-09-30,6192,巨路,85425,9369014,109.50,110.00,109.50,109.50,0.0000,111
2026-09-30,6196,帆宣,3126316,1812654545,552.00,588.00,551.00,585.00,41.0000,6957
2026-09-30,6197,佳必琪,1635769,531462097,323.00,327.00,322.00,326.00,7.0000,3247
2026-09-30,6201,亞弘電,12416,552999,44.80,44.80,44.30,44.60,0.4000,21
2026-09-30,6202,盛群,1071210,63003091,58.90,59.40,58.50,58.60,0.2000,915
2026-09-30,6205,詮欣,1504797,107681031,71.50,72.90,70.70,71.30,0.2000,1692
2026-09-30,6206,飛捷,858975,120654216,143.00,144.00,139.50,139.50,-3.5000,1029
2026-09-30,6209,今國光,7141009,583406788,81.80,82.50,81.20,81.70,0.2000,9972
2026-09-30,6213,聯茂,23593063,14986668262,624.00,649.00,622.00,623.00,3.0000,28117
2026-09-30,6214,精誠,1869735,348650276,188.00,189.50,183.00,188.00,-1.0000,7391
2026-09-30,6215,和椿,254513,24903404,98.60,98.70,97.30,97.70,0.5000,406
2026-09-30,6216,居易,94737,1892996,19.60,20.40,19.60,19.95,0.4500,107
2026-09-30,6224,聚鼎,897148,71547116,82.20,82.50,78.60,78.80,-2.4000,1217
2026-09-30,6225,天瀚,195797,11887316,60.10,60.90,60.10,60.90,5.5000,176
2026-09-30,6226,光鼎,2207400,99471598,45.55,45.70,44.40,45.10,-0.4500,1915
2026-09-30,6230,尼得科超眾,32198,3624612,113.50,113.50,112.00,113.00,1.5000,76
2026-09-30,6235,華孚,231475,9059161,38.75,39.45,38.75,39.10,0.2500,253
2026-09-30,6239,力成,14456581,4206617233,285.00,295.50,284.50,289.50,8.5000,15849
2026-09-30,6243,迅杰,400561,15781346,39.20,39.75,39.05,39.50,0.5000,422
2026-09-30,6257,矽格,21848796,5550196685,239.00,260.00,238.50,254.00,17.5000,22063
2026-09-30,6269,台郡,4586762,302850401,65.40,66.90,65.10,66.00,1.1000,3429
2026-09-30,6271,同欣電,2695749,616166994,228.00,231.50,226.50,226.50,-0.5000,3000
2026-09-30,6272,驊陞,123853,3192601,25.55,26.20,25.55,25.60,0.2000,119
2026-09-30,6277,宏正,109764,8433028,76.30,77.40,76.30,77.00,0.3000,181
2026-09-30,6278,台表科,8876929,1938003242,220.00,223.00,214.00,218.00,2.0000,9657
2026-09-30,6281,全國電,39683,2021324,50.90,51.00,50.80,51.00,-0.2000,64
2026-09-30,6282,康舒,7065343,309250918,43.90,44.70,43.35,43.70,0.9000,4946
2026-09-30,6283,淳安,121498,2371371,19.00,20.00,19.00,19.50,0.7000,109
2026-09-30,6285,啟碁,2235971,528426223,235.50,238.00,235.00,236.00,3.5000,2816
2026-09-30,6405,悅城,470287,23561361,50.10,50.10,50.10,50.10,4.5500,287
2026-09-30,6409,旭隼,261917,234954581,888.00,915.00,877.00,907.00,30.0000,855
2026-09-30,6412,群電,298725,22308472,74.70,74.90,74.40,74.80,0.7000,333
2026-09-30,6414,樺漢,2337611,927347230,400.00,410.00,392.00,392.00,-6.0000,4284
2026-09-30,6415,矽力*-KY,1878392,770832548,414.00,416.00,408.50,409.00,0.0000,2445
2026-09-30,6416,瑞祺電通,596099,68331409,117.00,117.00,113.50,114.50,-1.5000,799
2026-09-30,6426,統新,2470102,867261990,351.50,360.50,342.00,345.00,-9.0000,3466
2026-09-30,6431,光麗-KY,49379,859522,17.55,17.95,17.05,17.60,0.0500,65
2026-09-30,6438,迅得,1457858,242903653,162.00,170.00,162.00,164.00,2.0000,2092
2026-09-30,6442,光聖,1329824,1993421785,1525.00,1540.00,1480.00,1490.00,-10.0000,6945
2026-09-30,6443,元晶,13159959,377467258,27.65,29.55,27.65,28.75,1.2500,7486
2026-09-30,6446,藥華藥,1685359,2056487315,1210.00,1240.00,1200.00,1215.00,20.0000,5831
2026-09-30,6449,鈺邦,802853,170049651,208.50,216.00,208.00,209.50,4.0000,998
2026-09-30,6451,訊芯-KY,1219243,512195696,427.50,427.50,414.50,420.50,4.0000,1826
2026-09-30,6456,GIS-KY,63213414,5878777895,91.50,95.70,89.50,92.00,2.6000,37144
2026-09-30,6464,台數科,17923,1374395,76.30,77.10,76.30,76.80,1.0000,26
2026-09-30,6472,保瑞,280635,119116439,425.00,427.00,422.50,424.00,1.5000,706
2026-09-30,6477,安集,2304661,81560846,34.50,35.85,34.30,35.60,1.5000,1876
2026-09-30,6491,晶碩,445515,183773093,412.00,418.00,407.50,413.00,7.0000,830
2026-09-30,6504,南六,31050,1147410,36.85,37.30,36.60,36.95,-0.2500,25
2026-09-30,6505,台塑化,37924444,3651739449,94.00,98.60,93.00,97.30,3.0000,33609
2026-09-30,6515,穎崴,478498,2798667535,5690.00,5985.00,5655.00,5930.00,255.0000,7387
2026-09-30,6525,捷敏-KY,477358,64726191,135.50,136.50,134.00,135.50,2.0000,538
2026-09-30,6526,達發,987850,830445571,830.00,855.00,819.00,840.00,26.0000,2820
2026-09-30,6531,愛普*,2135333,1999028671,943.00,964.00,924.00,927.00,-2.0000,3786
2026-09-30,6533,晶心科,9824741,3149660245,316.00,333.50,301.00,333.50,30.0000,10188
2026-09-30,6534,正瀚-創,23100,2086580,89.90,91.20,89.80,90.60,0.8000,23
2026-09-30,6541,泰福-KY,434509,13483274,30.35,31.45,30.35,31.10,1.1500,362
2026-09-30,6550,北極星藥業-KY,1576465,27373817,17.25,17.95,16.90,17.85,0.4500,1039
2026-09-30,6552,易華電,60143,1508689,24.95,25.30,24.95,25.00,0.2000,73
2026-09-30,6558,興能高,353873,8925533,25.45,25.65,25.00,25.00,-0.4000,280
2026-09-30,6573,虹揚-KY,186907,3028003,15.85,16.45,15.85,16.45,0.5500,136
2026-09-30,6579,研揚,457961,73117373,159.00,161.50,158.00,159.00,1.5000,527
2026-09-30,6581,鋼聯,11265,1221745,108.00,108.50,108.00,108.50,0.5000,16
2026-09-30,6582,申豐,24323,755731,30.85,31.20,30.85,31.10,0.3000,50
2026-09-30,6585,鼎基,132610,13710991,104.00,104.00,103.00,104.00,0.5000,530
2026-09-30,6589,台康生技,951463,50663872,51.40,54.00,51.40,53.40,1.8000,851
2026-09-30,6591,動力-KY,109515,4687686,42.85,43.75,42.50,42.85,-0.3500,149
2026-09-30,6592,和潤企業,475961,27102602,57.00,57.20,56.80,56.90,0.0000,553
2026-09-30,6592A,和潤企業甲特,2683,258081,96.20,96.20,96.10,96.10,0.0000,8
2026-09-30,6592B,和潤企業乙特,1589,150286,94.60,94.60,94.60,94.60,-0.9000,37
2026-09-30,6598,ABC-KY,194798,5272335,28.00,28.00,26.60,27.40,0.2000,232
2026-09-30,6605,帝寶,156952,21547825,139.50,139.50,136.50,137.50,-0.5000,506
2026-09-30,6606,建德工業,64034,1589205,25.40,25.40,24.60,24.80,0.0500,57
2026-09-30,6614,資拓宏宇,33278,1176636,35.45,35.55,35.20,35.30,0.1500,28
2026-09-30,6625,必應,48873,3601940,73.90,74.00,73.50,74.00,0.1000,62
2026-09-30,6641,基士德-KY,12014,203336,17.30,17.30,16.75,17.00,0.0500,15
2026-09-30,6645,金萬林-創,12061,153767,12.95,12.95,12.75,12.85,0.3500,28
2026-09-30,6655,科定,2404,296526,125.50,125.50,125.00,125.00,0.5000,8
2026-09-30,6657,華安,97680,3181994,32.25,32.95,32.00,32.70,0.2500,94
2026-09-30,6658,聯策,363469,66034784,182.00,187.50,179.00,180.50,-0.5000,438
2026-09-30,6666,羅麗芬-KY,20511,926994,45.10,45.75,44.20,45.55,-0.1000,25
2026-09-30,6668,中揚光,1721346,81839434,47.95,48.55,46.90,47.05,-0.6000,1429
2026-09-30,6669,緯穎,1887580,3980903315,2130.00,2145.00,2090.00,2090.00,-10.0000,15174
2026-09-30,6670,復盛應用,181000,49262480,273.50,274.00,271.00,272.00,-1.0000,626
2026-09-30,6671,三能-KY,7143,162463,23.20,23.20,22.55,22.70,-0.1500,14
2026-09-30,6672,騰輝電子-KY,8259557,2942032398,337.50,369.00,335.50,369.00,33.5000,8214
2026-09-30,6674,鋐寶科技,148899,2725547,18.30,18.40,18.25,18.25,0.0000,91
2026-09-30,6689,伊雲谷,188502,12171864,65.00,65.20,64.20,64.80,0.4000,267
2026-09-30,6691,洋基工程,2580611,1832553958,666.00,719.00,665.00,719.00,65.0000,8341
2026-09-30,6695,芯鼎,1104717,60367997,53.80,55.80,53.70,55.00,0.9000,1166
2026-09-30,6698,旭暉應材,489189,16174890,33.80,33.80,32.55,33.30,-0.6000,577
2026-09-30,6706,惠特,4351935,666002120,154.00,158.00,149.50,150.00,-1.0000,3962
2026-09-30,6715,嘉基,686089,305628181,452.00,453.50,441.00,442.00,-10.0000,1182
2026-09-30,6719,力智,577285,107239890,185.50,188.50,184.00,186.50,2.5000,728
2026-09-30,6722,輝創,13701,443641,32.30,32.50,32.30,32.50,0.2000,17
2026-09-30,6742,澤米,1743025,98888402,54.30,58.60,54.20,56.30,2.1000,1673
2026-09-30,6743,安普新,553663,17539167,31.30,32.05,30.95,31.85,0.7500,350
2026-09-30,6753,龍德造船,299764,40008835,133.00,134.50,132.50,133.50,1.0000,432
2026-09-30,6754,匯僑設計,13201,547970,41.25,41.80,41.00,41.50,0.1000,16
2026-09-30,6756,威鋒電子,76342,7548782,99.20,99.80,98.50,98.70,-0.1000,261
2026-09-30,6757,台灣虎航,875362,47140174,53.40,54.10,53.40,54.00,0.6000,691
2026-09-30,6768,志強-KY,88705,5553508,62.50,62.90,62.40,62.70,0.2000,113
2026-09-30,6770,力積電,137017155,10186832981,73.50,75.40,73.30,75.30,3.0000,74709
2026-09-30,6771,平和環保-創,56644,2400899,41.80,42.65,41.80,42.60,0.8000,48
2026-09-30,6776,展碁國際,64252,3383919,52.40,52.90,52.40,52.90,1.0000,56
2026-09-30,6781,AES-KY,310063,316919355,1025.00,1030.00,1015.00,1020.00,10.0000,1000
2026-09-30,6782,視陽,228952,55013653,237.00,243.00,236.50,242.00,7.5000,390
2026-09-30,6789,采鈺,2486076,1223967217,485.50,503.00,480.00,494.00,15.5000,4909
2026-09-30,6790,永豐實,57248,2157771,37.70,37.80,37.60,37.80,0.2000,67
2026-09-30,6792,詠業,30112,1776013,60.30,60.30,58.00,59.60,0.7000,33
2026-09-30,6794,向榮生技,19022,1353717,71.80,71.80,70.80,71.80,0.0000,19
2026-09-30,6796,晉弘,26823,1409006,51.90,53.00,51.90,53.00,1.3000,73
2026-09-30,6799,來頡,363126,33038358,90.50,91.90,90.50,91.70,1.4000,485
2026-09-30,6805,富世達,2379419,6132856444,2580.00,2720.00,2440.00,2455.00,-60.0000,6110
2026-09-30,6807,峰源-KY,7031,224341,31.90,32.30,31.20,32.30,0.4000,9
2026-09-30,6830,汎銓,749406,401338961,545.00,548.00,531.00,533.00,0.0000,1718
2026-09-30,6831,邁科,1088907,521786053,496.00,498.00,469.50,471.50,-20.5000,3433
2026-09-30,6834,天二科技,2684385,298830491,114.00,115.00,109.00,109.00,-3.5000,2851
2026-09-30,6835,圓裕,8299,258012,31.20,31.20,30.80,31.20,0.3000,10
2026-09-30,6838,台新藥,135088,3480512,26.00,26.00,25.60,25.80,0.1500,141
2026-09-30,6854,錼創科技-KY創,228806,21327188,92.20,94.20,91.10,93.30,2.3000,222
2026-09-30,6861,睿生光電,2023999,620990101,294.00,313.50,294.00,313.50,28.5000,2009
2026-09-30,6862,三集瑞-KY,78777,10884254,139.00,139.00,137.50,138.00,0.0000,123
2026-09-30,6863,永道-KY,104641,9930702,96.80,96.80,94.00,95.30,-0.9000,119
2026-09-30,6869,雲豹能源,377186,26897289,72.00,72.00,70.60,71.90,1.0000,433
2026-09-30,6873,泓德能源,145527,9913620,67.90,68.90,67.70,68.40,0.5000,153
2026-09-30,6885,全福生技,1025210,31775370,30.80,32.00,30.40,32.00,1.0000,697
2026-09-30,6887,寶綠特-KY,39319,1491247,39.30,39.30,37.65,38.10,0.0000,44
2026-09-30,6890,來億-KY,66816,9879396,147.00,148.50,147.00,148.00,1.0000,179
2026-09-30,6901,鑽石投資,5739727,97034829,17.25,17.25,16.55,16.85,-0.4000,2502
2026-09-30,6902,GOGOLOOK,556230,88293816,162.50,163.50,156.00,159.00,-3.5000,733
2026-09-30,6906,現觀科,51103,4282142,84.20,85.30,82.50,83.60,-0.1000,80
2026-09-30,6908,宏碁遊戲-創,110917,2953076,27.20,27.20,26.40,26.65,-0.4000,188
2026-09-30,6909,創控,242662,10373620,42.50,43.10,42.20,42.85,0.9000,238
2026-09-30,6914,阜爾運通,84330,10072737,119.50,120.00,119.00,119.00,-0.5000,384
2026-09-30,6916,華凌,35000,658350,19.00,19.00,18.65,18.70,0.2500,28
2026-09-30,6918,愛派司,12045,892075,74.00,74.40,73.50,74.30,0.3000,14
2026-09-30,6919,康霈*,5214982,416674011,81.00,81.40,79.00,79.00,-0.5000,4231
2026-09-30,6921,嘉雨思-創,51043,3437681,67.00,68.00,67.00,68.00,1.0000,20
2026-09-30,6923,中台,47949,3601102,76.70,76.70,74.70,75.20,0.4000,49
2026-09-30,6924,榮惠-KY創,25372,3360234,135.50,135.50,131.50,135.00,0.0000,31
2026-09-30,6928,攸泰科技,38980,1780703,46.50,46.50,45.10,46.00,0.5000,60
2026-09-30,6931,青松健康,24293,945564,38.80,39.00,38.80,38.90,0.1500,35
2026-09-30,6933,AMAX-KY,2429689,921848392,380.50,392.00,371.00,371.00,-7.0000,3174
2026-09-30,6934,心誠鎂,56001,4215576,74.40,76.50,74.40,75.30,-0.8000,18
2026-09-30,6936,永鴻生技,15333,487441,32.25,32.25,31.70,32.00,0.3000,16
2026-09-30,6937,天虹,748880,232443738,312.00,314.00,306.00,308.00,0.0000,3757
2026-09-30,6944,兆聯實業,494392,386215566,780.00,795.00,774.00,775.00,-1.0000,1544
2026-09-30,6947,台鎔科技,193105,13139149,68.20,68.60,67.40,68.40,1.2000,194
2026-09-30,6949,沛爾生醫*-創,2970817,150772725,49.50,51.50,49.35,50.60,1.4000,1560
2026-09-30,6951,青新-創,23347,1618069,69.20,69.60,69.20,69.20,0.1000,74
2026-09-30,6952,大武山,2014,78152,38.80,38.80,38.80,38.80,0.0000,4
2026-09-30,6955,邦睿生技-創,5001,477594,95.20,96.00,95.20,96.00,0.7000,4
2026-09-30,6957,裕慶-KY,302581,111463051,365.00,371.00,356.00,371.00,33.5000,257
2026-09-30,6958,日盛台駿,37766,655653,17.35,17.50,17.20,17.50,0.4500,64
2026-09-30,6958A,日盛台駿甲特,1000,22000,22.00,22.00,22.00,22.00,0.1500,1
2026-09-30,6962,奕力-KY,2061933,66746311,32.35,32.60,32.10,32.45,0.6000,1139
2026-09-30,6965,中傑-KY,245983,15586325,65.00,65.00,62.50,63.70,-1.1000,221
2026-09-30,6969,成信實業*-創,99500,3107229,31.70,31.70,30.95,31.35,-0.3000,71
2026-09-30,6988,威力暘-創,352000,4031500,11.50,11.90,11.35,11.70,0.2000,95
2026-09-30,6994,富威電力,626298,16432009,26.20,26.65,25.90,26.50,-0.1000,558
2026-09-30,7610,聯友金屬-創,764301,1351122035,1785.00,1845.00,1730.00,1735.00,5.0000,2889
2026-09-30,7631,聚賢研發-創,125692,17622982,139.50,142.00,138.00,140.50,3.0000,127
2026-09-30,7689,大鵬科CLMX,86269,13784212,158.50,161.50,158.00,159.50,1.0000,514
2026-09-30,7705,三商餐飲,39354,1169843,29.70,29.85,29.70,29.85,0.1000,86
2026-09-30,7711,永擎,806691,450112039,553.00,566.00,549.00,560.00,14.0000,1393
2026-09-30,7721,微程式,33227,2066992,62.70,62.70,61.90,62.20,0.4000,41
2026-09-30,7722,LINEPAY,32803,8499189,259.00,260.00,258.00,259.00,1.0000,209
2026-09-30,7730,暉盛-創,93887,16843559,180.00,181.00,177.00,179.50,5.0000,86
2026-09-30,7732,金興精密,1026,34370,33.50,33.50,33.50,33.50,0.0000,4
2026-09-30,7736,虎山,16073,1099185,69.20,69.20,68.20,68.50,0.3000,14
2026-09-30,7740,熙特爾-創,143471,14934302,102.50,105.50,102.50,104.50,2.5000,174
2026-09-30,7749,意騰-KY,200702,78821237,391.00,397.00,388.50,391.00,5.0000,402
2026-09-30,7750,新代,128342,248405660,1960.00,1980.00,1915.00,1915.00,-45.0000,1635
2026-09-30,7760,享溫馨,35224,1147630,33.25,33.25,32.50,32.55,-0.7000,30
2026-09-30,7765,中華資安,74827,17718564,237.50,238.50,235.50,237.00,0.0000,194
2026-09-30,7768,頌勝科技,84548,25673362,304.50,308.00,298.50,299.50,-4.5000,379
2026-09-30,7769,鴻勁,926671,5115715460,5650.00,5650.00,5380.00,5505.00,-80.0000,13294
2026-09-30,7780,大研生醫*,585103,9452823,16.15,16.25,16.05,16.25,0.2000,393
2026-09-30,7786,東方風能,71350,8491490,118.50,119.50,118.00,119.50,1.0000,69
2026-09-30,7788,松川精密,926113,270452528,292.00,296.00,286.50,294.00,6.5000,2456
2026-09-30,7791,皇家可口,18558,1026680,55.10,55.40,55.10,55.30,-0.1000,47
2026-09-30,7795,長廣,538793,265912543,499.50,501.00,487.50,488.00,-8.0000,1243
2026-09-30,7799,禾榮科,2151874,1140877098,509.00,539.00,503.00,539.00,48.5000,2501
2026-09-30,7803,雲象科技-創,144259,2556652,17.75,18.05,17.50,17.95,0.2000,77
2026-09-30,7812,稜研科技*-創,248351,16681207,69.20,69.70,66.50,66.70,-2.7000,220
2026-09-30,7818,溢泰實業,66255,3958928,60.20,60.20,59.50,60.10,0.2000,54
2026-09-30,7821,神數,197607,7075227,36.05,36.05,35.60,35.90,-0.2000,216
2026-09-30,7822,倍利科,469058,473284679,998.00,1025.00,989.00,998.00,22.0000,2862
2026-09-30,7823,奧義賽博-KY創,37185,2972220,80.10,80.20,79.30,80.20,0.2000,33
2026-09-30,7827,漢康-KY創,205107,33548996,162.50,165.00,162.50,165.00,1.5000,511
2026-09-30,7835,永悅健康-創,66347,1311016,20.00,20.20,19.70,20.20,0.2000,50
2026-09-30,7855,和運租車,486814,20149177,41.50,41.70,41.30,41.40,-0.1000,564
2026-09-30,8011,台通,893666,14353233,15.90,16.25,15.85,16.10,0.3000,405
2026-09-30,8016,矽創,420563,119759609,286.00,286.50,283.50,284.00,-1.0000,1561
2026-09-30,8021,尖點,855758,414473209,486.00,487.50,480.00,486.00,6.0000,1938
2026-09-30,8028,昇陽半導體,11750104,3353212472,292.00,292.00,281.00,282.50,-6.5000,25100
2026-09-30,8033,雷虎,2559779,443584769,170.00,176.50,169.50,174.50,5.5000,3307
2026-09-30,8039,台虹,31798678,9283785370,279.50,300.50,277.50,300.50,27.0000,31098
2026-09-30,8045,達運光電,75705,4064651,52.60,54.10,52.60,53.90,0.5000,75
2026-09-30,8046,南電,13649185,17635392385,1285.00,1340.00,1250.00,1340.00,70.0000,23234
2026-09-30,8070,長華*,942453,47300120,50.00,50.40,50.00,50.20,0.5000,832
2026-09-30,8072,陞泰,99285,2757919,27.90,27.95,27.60,27.85,0.0500,142
2026-09-30,8081,致新,457504,115694171,258.00,258.00,251.50,251.50,-4.0000,908
2026-09-30,8101,華冠,9092,98348,10.55,11.05,10.50,11.05,0.3500,20
2026-09-30,8103,瀚荃,3891707,468930126,118.00,124.50,116.00,121.50,4.5000,3288
2026-09-30,8104,錸寶,654927,21042139,31.70,32.45,31.70,32.10,0.7000,583
2026-09-30,8105,凌巨,8120178,128435478,15.00,16.35,15.00,16.35,1.4500,3205
2026-09-30,8110,華東,6104836,297888267,48.85,49.30,48.35,49.20,0.8000,4607
2026-09-30,8112,至上,5267062,436689902,83.30,83.30,82.80,82.80,0.1000,2944
2026-09-30,8112A,至上甲特,8061,368861,45.75,45.80,45.75,45.80,0.0500,14
2026-09-30,8114,振樺電,291044,52114079,180.00,180.50,177.50,179.00,0.0000,356
2026-09-30,8131,福懋科,1896520,118932616,62.00,63.20,62.00,62.60,1.0000,1713
2026-09-30,8150,南茂,78992086,8801572800,106.00,114.50,105.50,114.50,10.0000,47026
2026-09-30,8162,微矽電子-創,495524,32862932,66.00,67.70,65.40,66.80,1.4000,485
2026-09-30,8163,達方,670760,20326945,30.30,30.50,30.15,30.25,0.1000,494
2026-09-30,8201,無敵,1763068,27980865,15.50,16.05,15.50,16.05,1.4500,1038
2026-09-30,8210,勤誠,4742387,4014637136,870.00,871.00,832.00,836.00,-41.0000,16732
2026-09-30,8213,志超,1000110,33888917,33.25,34.50,32.90,34.50,1.7000,709
2026-09-30,8215,明基材,4627241,136746513,28.35,30.00,28.20,29.65,1.6500,3357
2026-09-30,8222,寶一,250901,8943958,35.45,35.95,35.30,35.80,0.5000,241
2026-09-30,8249,菱光,218355,8596454,39.30,39.75,38.50,39.50,0.4500,229
2026-09-30,8261,富鼎,1185324,209254039,179.00,180.00,175.00,176.00,-0.5000,2142
2026-09-30,8271,宇瞻,700298,140896332,202.00,202.50,200.00,202.00,2.5000,926
2026-09-30,8341,日友,159705,11875301,74.80,74.80,74.20,74.40,0.1000,204
2026-09-30,8367,建新國際,12141,488602,40.05,40.50,40.05,40.45,0.4000,16
2026-09-30,8374,羅昇,134980,10444467,77.10,77.70,77.00,77.60,1.6000,219
2026-09-30,8404,百和興業-KY,313492,4164148,13.25,13.45,13.20,13.25,0.1000,219
2026-09-30,8411,福貞-KY,347046,4077510,11.80,11.90,11.60,11.90,0.0000,254
2026-09-30,8422,可寧衛*,2700362,69574239,25.55,26.00,25.55,25.90,0.4000,1628
2026-09-30,8429,金麗-KY,263105,1544940,5.86,5.91,5.84,5.91,0.0600,201
2026-09-30,8438,昶昕,431834,34574704,80.00,81.00,78.60,80.80,0.8000,568
2026-09-30,8442,威宏-KY,66431,3010039,45.50,45.65,44.35,45.60,0.8000,61
2026-09-30,8443,阿瘦,45352,501883,11.15,11.15,11.00,11.15,0.0000,92
2026-09-30,8454,富邦媒,417352,100382796,239.50,242.50,238.00,240.50,4.5000,788
2026-09-30,8462,柏文,28747,4563235,159.00,160.00,157.50,158.50,1.5000,69
2026-09-30,8463,潤泰材,30140,637807,21.00,21.25,21.00,21.25,0.3000,27
2026-09-30,8464,億豐,349317,128840067,371.50,373.50,366.50,366.50,-6.0000,462
2026-09-30,8466,美吉吉-KY,31241,469847,15.10,15.10,15.00,15.10,-0.1500,28
2026-09-30,8467,波力-KY,7709,680656,88.90,88.90,87.70,87.70,-0.3000,12
2026-09-30,8473,山林水,393467,15555634,39.30,39.75,39.20,39.75,0.2500,396
2026-09-30,8476,台境*,171300,3431525,20.00,20.20,19.90,20.10,0.2500,109
2026-09-30,8478,東哥遊艇,60602,8478874,139.00,141.00,139.00,141.00,2.0000,89
2026-09-30,8481,政伸,9000,365750,40.70,40.95,40.55,40.95,0.2500,8
2026-09-30,8482,商億-KY,6000,292350,48.00,49.20,48.00,49.20,2.1500,5
2026-09-30,8487,愛爾達-創,11006,778824,71.00,71.20,70.30,70.80,0.4000,16
2026-09-30,8488,吉源-KY,19078,188672,9.95,9.95,9.85,9.95,0.1500,17
2026-09-30,8499,鼎炫-KY,14215,3673633,258.50,260.00,257.00,258.00,1.0000,41
2026-09-30,8926,台汽電,1978422,116330602,58.60,59.40,58.30,59.20,0.9000,1449
2026-09-30,8940,新天地,42047,631616,15.10,15.15,14.95,15.10,0.1000,43
2026-09-30,8996,高力,4880876,7879740980,1600.00,1665.00,1565.00,1605.00,20.0000,7671
2026-09-30,9103,美德醫療-DR,369795,1842273,4.96,5.00,4.96,4.98,0.0200,104
2026-09-30,910322,康師傅-DR,7436,174120,23.45,23.45,23.30,23.45,0.0000,13
2026-09-30,9105,泰金寶-DR,26440436,229274321,8.78,8.86,8.52,8.53,-0.1300,6157
2026-09-30,910861,神州-DR,99420,470401,4.77,4.83,4.69,4.70,-0.0100,32
2026-09-30,9110,越南控-DR,8005,22464,2.70,2.99,2.70,2.99,0.1400,8
2026-09-30,911608,明輝-DR,55262,147844,2.69,2.70,2.65,2.70,0.0000,278
2026-09-30,911622,泰聚亨-DR,10000,36000,3.60,3.60,3.60,3.60,0.0000,5
2026-09-30,911868,同方友友-DR,680308,790830,1.16,1.17,1.16,1.16,0.0000,79
2026-09-30,912000,晨訊科-DR,273598,679544,2.52,2.52,2.47,2.49,0.0000,71
2026-09-30,9136,巨騰-DR,177001,1608730,9.17,9.17,9.04,9.14,0.0100,80
2026-09-30,9802,鈺齊-KY,489032,31587181,64.90,64.90,64.30,64.80,0.1000,473
2026-09-30,9902,台火,65224,862652,13.25,13.30,13.20,13.20,0.1500,69
2026-09-30,9904,寶成,8192793,203796406,24.80,24.95,24.75,24.95,0.1500,2618
2026-09-30,9905,大華,89183,1897287,21.20,21.35,21.20,21.35,0.1500,64
2026-09-30,9906,欣巴巴,21351,846162,40.00,40.00,39.45,39.45,0.1500,30
2026-09-30,9907,統一實,1106791,16507854,14.80,15.00,14.80,14.90,0.2000,652
2026-09-30,9908,大台北,99014,2868330,28.95,29.05,28.90,29.00,0.1000,106
2026-09-30,9910,豐泰,604415,41675572,69.10,69.30,68.70,68.80,-0.3000,630
2026-09-30,9911,櫻花,180209,14704986,81.80,81.80,81.50,81.50,-0.1000,325
2026-09-30,9912,偉聯,15869,206801,12.90,13.20,12.90,13.10,0.1500,40
2026-09-30,9914,美利達,1937571,131154520,67.10,68.50,66.90,68.30,1.2000,1334
2026-09-30,9917,中保科,321080,33967856,106.00,106.50,105.50,105.50,0.0000,412
2026-09-30,9918,欣天然,12142,522292,42.90,43.20,42.90,43.15,0.6500,34
2026-09-30,9919,康那香,171604,2359641,13.65,13.85,13.65,13.85,0.1500,155
2026-09-30,9921,巨大,1131060,105836315,96.00,96.50,92.40,93.10,-1.0000,2417
2026-09-30,9924,福興,111746,4266827,38.15,38.25,38.05,38.20,0.4500,115
2026-09-30,9925,新保,401737,15860772,39.50,39.70,39.40,39.55,0.1000,253
2026-09-30,9926,新海,19672,961884,48.80,49.10,48.75,49.10,0.3000,34
2026-09-30,9927,泰銘,863826,60771713,70.10,70.60,70.10,70.10,0.2000,777
2026-09-30,9928,中視,31338,554533,17.90,17.90,17.65,17.75,-0.0500,32
2026-09-30,9929,秋雨,13001,144760,11.15,11.15,11.10,11.10,0.2000,10
2026-09-30,9930,中聯資源,207014,12445584,60.10,60.50,59.90,60.20,0.0000,223
2026-09-30,9931,欣高,14641,498308,34.30,34.30,33.70,34.20,0.5000,24
2026-09-30,9933,中鼎,1377637,55913652,40.50,40.75,40.35,40.70,0.3500,1255
2026-09-30,9934,成霖,418919,4138750,9.84,9.91,9.84,9.87,0.0200,254
2026-09-30,9935,慶豐富,94453,1726863,18.30,18.35,18.25,18.30,0.1000,88
2026-09-30,9937,全國,22000,1196578,54.10,54.50,54.10,54.50,0.4000,42
2026-09-30,9938,百和,497792,19032175,38.25,38.45,38.10,38.25,0.0500,397
2026-09-30,9939,宏全,1079093,134988343,124.50,126.00,123.50,126.00,1.5000,794
2026-09-30,9940,信義,192092,3844002,20.05,20.15,19.90,20.10,0.2000,134
2026-09-30,9941,裕融,838459,65540245,78.40,78.70,77.90,77.90,-0.4000,1237
2026-09-30,9941A,裕融甲特,4001,195248,48.80,48.80,48.80,48.80,0.0000,3
2026-09-30,9942,茂順,39570,4525258,114.00,115.00,114.00,114.50,1.5000,63
2026-09-30,9943,好樂迪,68891,3460481,50.30,50.40,50.10,50.40,0.2000,123
2026-09-30,9944,新麗,29624,507613,17.10,17.20,17.10,17.20,0.1000,40
2026-09-30,9945,潤泰新,4088023,120779897,29.45,29.85,29.30,29.45,0.4000,2128
2026-09-30,9946,三發地產,181251,3070156,17.10,17.10,16.70,17.00,0.1500,152
2026-09-30,9955,佳龍,204353,4682771,22.95,23.10,22.55,23.10,0.4000,346
2026-09-30,9958,世紀鋼,763092,70905433,92.20,93.40,92.20,93.00,0.9000,1226
