Date,Code,Name,TradeVolume,TradeValue,OpeningPrice,HighestPrice,LowestPrice,ClosingPrice,Change,Transaction
2026-09-08,00400A,主動國泰動能高息,27893443,421794590,15.25,15.28,14.95,15.00,-0.2100,9000
2026-09-08,00401A,主動摩根台灣鑫收,5784695,83033189,14.38,14.41,14.28,14.29,-0.0300,1464
2026-09-08,00402A,主動安聯美國科技,3950583,37633741,9.52,9.56,9.50,9.52,0.0000,683
2026-09-08,00403A,主動統一升級50,112048474,1156829307,10.42,10.43,10.21,10.24,-0.1500,20109
2026-09-08,00404A,主動聯博動能50,34321150,344110058,10.15,10.15,9.98,9.99,-0.0400,6184
2026-09-08,00405A,主動富邦台灣龍耀,45687519,401558867,8.85,8.88,8.67,8.71,-0.1200,5744
2026-09-08,00406A,主動中信台灣收益,123874950,1195423654,9.73,9.75,9.58,9.61,-0.0800,23561
2026-09-08,00407A,主動凱基台灣,23616132,229912707,9.85,9.87,9.62,9.68,-0.1400,5526
2026-09-08,00408A,主動第一金優股息,1697661,17709048,10.51,10.51,10.36,10.40,-0.0900,300
2026-09-08,00409A,主動復華全球50,21887061,217271969,9.95,9.97,9.89,9.90,-0.0100,3007
2026-09-08,00410A,主動永豐科技趨勢,7836020,94234745,12.18,12.20,11.86,11.91,-0.2100,1672
2026-09-08,0050,元大台灣50,75243156,8285982385,110.00,110.75,109.55,109.65,-0.2500,87371
2026-09-08,0051,元大中型100,28386,4160992,147.80,147.80,145.95,146.05,-1.4000,427
2026-09-08,0052,富邦科技,22549037,1443965723,63.80,64.45,63.50,63.60,-0.1500,12987
2026-09-08,0053,元大電子,32805,8136210,249.15,249.15,246.00,246.00,-2.3000,1382
2026-09-08,0055,元大MSCI金融,481438,23582951,48.63,49.30,48.53,49.24,0.6100,2112
2026-09-08,0056,元大高股息,17306149,964392261,55.95,55.95,55.50,55.75,-0.1000,20301
2026-09-08,0057,富邦摩台,35830,11805524,328.10,330.85,327.60,327.85,0.9500,860
2026-09-08,0061,元大寶滬深,82466,1987067,24.26,24.26,24.05,24.08,-0.1900,166
2026-09-08,006203,元大MSCI台灣,9886,1981992,200.30,201.35,200.00,200.45,1.3500,986
2026-09-08,006204,永豐臺灣加權,5415,1278603,236.75,236.80,236.25,236.25,-0.1000,127
2026-09-08,006205,富邦上証,187855,7547887,40.16,40.24,40.11,40.21,0.0300,310
2026-09-08,006206,元大上證50,21310,800178,37.53,38.18,37.50,37.50,-0.0500,126
2026-09-08,006207,復華滬深,284274,9106633,32.04,32.08,31.99,32.01,-0.0600,126
2026-09-08,006208,富邦台50,2323306,585132981,251.70,253.35,250.05,250.05,-1.6000,9784
2026-09-08,00625K,富邦上証+R,,,,,,,0.0000,
2026-09-08,00631L,元大台灣50正2,139853861,5296001315,37.93,38.28,37.40,37.49,-0.3500,45945
2026-09-08,00632R,元大台灣50反1,79737481,770973956,9.60,9.72,9.60,9.70,0.0600,7158
2026-09-08,00633L,富邦上証正2,1195043,57765232,48.46,48.70,47.97,48.12,-0.3200,256
2026-09-08,00634R,富邦上証反1,3000,9350,3.11,3.13,3.11,3.13,0.0200,3
2026-09-08,00635U,期元大S&P黃金,2107589,96424212,45.69,45.89,45.62,45.69,0.1200,1528
2026-09-08,00636,國泰中國A50,288094,7896028,27.50,27.50,27.30,27.38,-0.1200,272
2026-09-08,00636K,國泰中國A50+U,200,1748,8.74,8.74,8.74,8.74,0.0300,2
2026-09-08,00637L,元大滬深300正2,10868025,215597970,19.98,20.01,19.71,19.77,-0.1700,1282
2026-09-08,00638R,元大滬深300反1,,,,,,,0.0000,
2026-09-08,00639,富邦深100,297059,4806988,16.20,16.23,16.08,16.13,-0.0700,227
2026-09-08,00640L,富邦日本正2,43431,4689588,108.45,108.50,107.25,107.25,-1.8000,96
2026-09-08,00641R,富邦日本反1,889160,3252564,3.65,3.69,3.64,3.69,0.0600,58
2026-09-08,00642U,期元大S&P石油,1561596,47953591,30.66,30.85,30.57,30.85,0.1800,605
2026-09-08,00643,群益深証中小,2255083,40868540,18.14,18.20,18.06,18.13,0.0300,137
2026-09-08,00643K,群益深証中小+R,,,,,,,0.0000,
2026-09-08,00645,富邦日本,192843,11183200,58.05,58.05,57.65,57.85,-0.3500,349
2026-09-08,00646,元大S&P500,3698242,283049802,76.50,76.65,76.40,76.50,-0.3500,4268
2026-09-08,00647L,元大S&P500正2,21378,2955301,137.85,138.50,137.85,138.40,-0.3500,48
2026-09-08,00648R,元大S&P500反1,1044150,4082445,3.91,3.91,3.90,3.90,-0.0100,34
2026-09-08,00650L,復華香港正2,2321890,39020290,16.94,16.97,16.70,16.86,-0.1600,545
2026-09-08,00651R,復華香港反1,37986,196211,5.18,5.19,5.15,5.16,0.0000,19
2026-09-08,00652,富邦印度,367222,11944384,32.80,32.80,32.48,32.48,-0.3300,537
2026-09-08,00653L,富邦印度正2,343492,15348478,45.15,45.15,44.59,44.63,-0.5200,122
2026-09-08,00654R,富邦印度反1,57350,392140,6.84,6.84,6.82,6.83,0.0200,8
2026-09-08,00655L,國泰中國A50正2,713610,23945457,33.70,33.85,33.30,33.42,-0.2600,148
2026-09-08,00656R,國泰中國A50反1,636,3710,,,,,0.0000,4
2026-09-08,00657,國泰日經225,174561,13725491,78.65,78.80,78.10,78.10,0.0500,113
2026-09-08,00657K,國泰日經225+U,200,5000,25.00,25.00,25.00,25.00,0.2100,2
2026-09-08,00660,元大歐洲50,15603,727161,46.76,46.76,46.62,46.75,0.0500,85
2026-09-08,00661,元大日經225,39728,3419833,86.20,86.25,85.75,85.75,-0.1500,150
2026-09-08,00662,富邦NASDAQ,2251635,270181936,120.00,120.30,119.75,120.00,-0.1000,2550
2026-09-08,00663L,國泰臺灣加權正2,3583578,390271778,109.75,110.10,107.60,107.90,-1.8000,2194
2026-09-08,00664R,國泰臺灣加權反1,17726157,27795605,1.56,1.58,1.55,1.58,0.0100,754
2026-09-08,00665L,富邦恒生國企正2,6404741,59000615,9.29,9.29,9.16,9.23,-0.0800,980
2026-09-08,00666R,富邦恒生國企反1,6020,54682,9.11,9.11,9.07,9.07,-0.0100,5
2026-09-08,00668,國泰美國道瓊,109382,6683614,61.15,61.15,61.05,61.15,-0.2500,132
2026-09-08,00668K,國泰美國道瓊+U,200,3912,19.56,19.56,19.56,19.56,-0.0200,2
2026-09-08,00669R,國泰美國道瓊反1,571100,2958378,5.18,5.19,5.18,5.19,0.0100,20
2026-09-08,00670L,富邦NASDAQ正2,470449,94719924,200.70,202.40,200.45,201.45,0.8500,512
2026-09-08,00671R,富邦NASDAQ反1,1186514,2870905,2.42,2.42,2.41,2.41,-0.0100,55
2026-09-08,00673R,期元大S&P原油反1,46226798,510917469,11.12,11.13,10.99,11.00,-0.1100,5680
2026-09-08,00674R,期元大S&P黃金反1,91695,2525970,27.54,27.59,27.51,27.59,-0.0700,40
2026-09-08,00675L,富邦臺灣加權正2,798337,263347745,332.65,333.55,326.20,327.00,-5.7500,1207
2026-09-08,00676R,富邦臺灣加權反1,2355195,12611266,5.35,5.38,5.33,5.37,0.0200,289
2026-09-08,00678,群益那斯達克生技,690815,30245599,43.77,43.82,43.75,43.75,-0.1400,159
2026-09-08,00680L,元大美債20正2,6318668,40507154,6.38,6.43,6.38,6.39,0.0200,343
2026-09-08,00681R,元大美債20反1,60140,1302052,21.67,21.67,21.64,21.64,-0.1000,61
2026-09-08,00682U,期元大美元指數,750,15300,,,,,0.0000,2
2026-09-08,00683L,期元大美元指正2,88190,1864077,21.06,21.17,21.06,21.17,-0.0800,12
2026-09-08,00684R,期元大美元指反1,51000,778770,15.27,15.27,15.27,15.27,0.0000,3
2026-09-08,00685L,群益臺灣加權正2,159664310,1988113216,12.54,12.59,12.30,12.35,-0.1700,30104
2026-09-08,00686R,群益臺灣加權反1,7352221,6991176,0.96,0.96,0.95,0.95,0.0000,273
2026-09-08,00688L,國泰20年美債正2,2737780,17518621,6.38,6.42,6.37,6.41,0.0300,155
2026-09-08,00689R,國泰20年美債反1,101132,2288596,22.63,22.63,22.60,22.60,-0.1000,4
2026-09-08,00690,兆豐藍籌30,329961,26618253,81.25,81.25,79.85,80.25,-0.9500,726
2026-09-08,00692,富邦公司治理,809042,76259941,94.25,94.80,93.80,93.95,-0.3500,1105
2026-09-08,00693U,期街口S&P黃豆,925242,22093130,23.91,23.95,23.80,23.93,0.2100,237
2026-09-08,00700,富邦恒生國企,263353,4495512,17.19,17.19,17.02,17.10,-0.1300,186
2026-09-08,00701,國泰股利精選30,1320271,53579646,40.68,40.75,40.38,40.62,-0.0800,766
2026-09-08,00702,國泰標普低波高息,12606,311888,24.75,24.75,24.75,24.75,-0.0500,87
2026-09-08,00703,台新MSCI中國,78805,1519728,19.78,19.78,19.24,19.26,-0.0300,102
2026-09-08,00706L,期元大S&P日圓正2,3827515,77642780,20.21,20.43,20.20,20.31,0.6500,1033
2026-09-08,00707R,期元大S&P日圓反1,90,2829,,,,,0.0000,1
2026-09-08,00708L,期元大S&P黃金正2,3246356,266129806,81.80,82.45,81.45,81.65,0.4000,1533
2026-09-08,00709,富邦歐洲,12284,498470,40.68,40.68,40.45,40.45,-0.2300,179
2026-09-08,00710B,復華彭博非投等債,214060,4071839,19.05,19.05,18.98,19.04,-0.0300,69
2026-09-08,00711B,復華彭博新興債,103439,1599128,15.46,15.48,15.46,15.47,-0.0300,60
2026-09-08,00712,復華富時不動產,34526997,298979255,8.70,8.70,8.65,8.67,-0.0200,6162
2026-09-08,00713,元大台灣高息低波,7443679,473104028,63.40,63.75,63.20,63.65,0.2000,4323
2026-09-08,00714,群益道瓊美國地產,116972,2506583,21.44,21.45,21.40,21.40,-0.0900,37
2026-09-08,00715L,期街口布蘭特正2,3248014,191033355,58.65,59.60,58.35,59.60,0.4500,989
2026-09-08,00717,富邦美國特別股,26446,385809,14.61,14.61,14.56,14.58,-0.0500,192
2026-09-08,00728,第一金工業30,401451,28102843,70.80,70.85,69.10,69.25,-1.5500,689
2026-09-08,00730,富邦臺灣優質高息,124462,3566245,28.88,28.88,28.55,28.58,-0.4200,374
2026-09-08,00731,復華富時高息低波,528023,51442413,96.95,97.60,96.95,97.55,0.1500,268
2026-09-08,00733,富邦臺灣中小,321745,21737713,68.00,68.00,67.00,67.15,-0.8500,1038
2026-09-08,00735,國泰臺韓科技,2216304,239002060,107.70,108.25,106.95,107.05,0.2000,2861
2026-09-08,00736,國泰新興市場,51437,1642685,31.94,31.98,31.94,31.98,-0.0200,105
2026-09-08,00737,國泰AI機器人,89456,3588921,40.38,40.38,40.03,40.03,-0.3500,188
2026-09-08,00738U,期元大道瓊白銀,1758106,93221675,52.90,53.20,52.65,52.80,0.4000,973
2026-09-08,00739,元大MSCI A股,18836,516444,27.43,27.48,27.38,27.43,-0.0500,71
2026-09-08,00752,中信中國50,857884,19434900,22.81,22.81,22.55,22.74,-0.1000,700
2026-09-08,00753L,中信中國50正2,5506770,50395995,9.22,9.22,9.11,9.21,-0.0200,934
2026-09-08,00757,統一FANG+,1440022,200575969,139.65,139.65,139.10,139.15,-0.7500,1445
2026-09-08,00762,元大全球AI,100750,11539533,114.40,114.90,114.25,114.70,0.3000,408
2026-09-08,00763U,期街口道瓊銅,606264,21435570,35.18,35.50,35.14,35.41,0.6100,303
2026-09-08,00770,國泰北美科技,1467432,100590890,68.50,69.15,68.30,68.35,-0.1000,1290
2026-09-08,00771,元大US高息特別股,31119,470397,15.17,15.17,15.10,15.16,-0.0400,83
2026-09-08,00775B,台新投等債15+,81559,2495526,30.60,30.69,30.60,30.69,-0.0200,67
2026-09-08,00783,富邦中証500,17779,491733,27.66,27.75,27.66,27.70,0.0400,88
2026-09-08,00830,國泰費城半導體,5665209,473597499,83.70,83.85,83.20,83.70,0.4000,5771
2026-09-08,00850,元大臺灣ESG永續,326327,30665827,94.45,94.45,93.40,93.70,-0.5500,910
2026-09-08,00851,台新全球AI,46313,3269158,70.50,70.65,70.50,70.65,0.0000,69
2026-09-08,00852L,國泰美國道瓊正2,45248,1582364,34.96,35.01,34.91,34.96,-0.2300,34
2026-09-08,00861,元大全球未來通訊,33651,2895310,85.70,86.55,85.40,86.10,0.4000,303
2026-09-08,00865B,國泰US短期公債,3348053,161931522,48.55,48.56,48.30,48.33,-0.2200,1357
2026-09-08,00875,國泰網路資安,93395,4937628,52.80,52.95,52.80,52.95,-0.0500,255
2026-09-08,00876,元大全球5G,287941,25292703,89.10,89.10,87.50,87.60,-0.2500,518
2026-09-08,00878,國泰永續高股息,35251328,1202546101,34.35,34.35,34.04,34.07,-0.3200,27646
2026-09-08,00881,國泰台灣科技龍頭,12176154,622415930,51.50,51.55,50.70,50.80,-0.5500,10515
2026-09-08,00882,中信中國高股息,3845894,57210212,14.96,14.97,14.83,14.90,-0.0400,1511
2026-09-08,00885,富邦越南,1084309,20074358,18.70,18.70,18.45,18.47,-0.2600,821
2026-09-08,00891,中信關鍵半導體,17898920,646162926,36.00,36.29,35.85,35.88,0.0200,6787
2026-09-08,00892,富邦台灣半導體,5710252,245368733,42.60,43.25,42.43,42.89,0.4700,1763
2026-09-08,00893,國泰智能電動車,415895,17818636,43.00,43.00,42.80,42.87,0.0400,418
2026-09-08,00894,中信小資高價30,1374522,66513673,48.50,48.75,47.89,47.99,-0.4100,959
2026-09-08,00895,富邦未來車,350804,17763952,50.45,50.75,50.45,50.55,0.1000,368
2026-09-08,00896,中信綠能及電動車,11181592,319269724,28.81,28.81,28.41,28.48,-0.2600,5923
2026-09-08,00897,富邦基因免疫生技,751517,9873601,13.16,13.17,13.11,13.14,-0.0300,300
2026-09-08,00898,國泰基因免疫革命,338455,3667189,10.83,10.85,10.82,10.85,-0.0300,220
2026-09-08,00899,FT潔淨能源,66649,1553110,23.26,23.33,23.25,23.29,0.1200,173
2026-09-08,00900,富邦特選高股息30,3722828,72585205,19.60,19.60,19.46,19.54,-0.0500,1225
2026-09-08,00901,永豐智能車供應鏈,848777,40210949,47.45,47.51,47.02,47.02,-0.3800,192
2026-09-08,00902,中信電池及儲能,461391,5974563,13.03,13.03,12.87,12.90,-0.1300,472
2026-09-08,00903,富邦元宇宙,271459,5735011,21.15,21.17,21.11,21.12,-0.0500,169
2026-09-08,00904,台新臺灣半導體30,1616773,68105178,41.87,42.39,41.87,41.87,0.0000,767
2026-09-08,00905,FT臺灣Smart,745354,20065874,27.03,27.10,26.77,26.78,-0.1900,928
2026-09-08,00907,永豐優息存股,710481,12544835,17.66,17.70,17.62,17.69,0.0300,322
2026-09-08,00908,富邦入息REITs+,68215,1038160,15.26,15.26,15.21,15.24,-0.0300,77
2026-09-08,00909,國泰數位支付服務,789835,38332783,48.56,48.65,48.25,48.48,-0.0800,765
2026-09-08,00910,第一金太空衛星,413050,23400787,56.95,56.95,56.50,56.50,-0.4000,1124
2026-09-08,00911,兆豐洲際半導體,628230,32984681,52.80,52.80,52.25,52.60,0.4500,392
2026-09-08,00912,中信臺灣智慧50,273846,9852086,35.86,36.14,35.78,35.84,-0.0200,291
2026-09-08,00913,兆豐台灣晶圓製造,1114898,55659488,50.20,50.30,49.50,49.65,-0.3000,876
2026-09-08,00915,凱基優選高股息30,1634274,53508747,32.91,32.91,32.66,32.76,-0.1500,767
2026-09-08,00916,國泰全球品牌50,414699,11089564,26.80,26.80,26.70,26.75,-0.0800,358
2026-09-08,00917,中信特選金融,889159,21346211,24.08,24.11,23.96,23.99,-0.0900,544
2026-09-08,00918,大華優利高填息30,103021618,3646799674,35.64,35.64,35.33,35.44,-0.3400,43960
2026-09-08,00919,群益台灣精選高息,107470925,3519292952,32.89,32.89,32.66,32.71,-0.2000,60865
2026-09-08,00920,富邦ESG綠色電力,379969,9439175,24.84,24.87,24.70,24.70,-0.1400,217
2026-09-08,00921,兆豐龍頭等權重,559517,13807767,24.71,24.74,24.61,24.66,-0.0100,428
2026-09-08,00922,國泰台灣領袖50,5488494,234634304,42.93,43.00,42.55,42.56,-0.2900,4735
2026-09-08,00923,群益台ESG低碳50,3808474,155398288,40.88,41.01,40.54,40.55,-0.3100,2437
2026-09-08,00924,復華S&P500成長,1517137,50099969,33.14,33.14,32.95,33.02,-0.0900,1105
2026-09-08,00926,凱基全球菁英55,1170894,30760637,26.21,26.31,26.20,26.29,-0.0500,238
2026-09-08,00927,群益半導體收益,10434607,394471101,38.06,38.30,37.47,37.61,-0.3200,5791
2026-09-08,00929,復華台灣科技優息,76771961,2224741086,29.40,29.40,28.84,28.89,-0.4900,37311
2026-09-08,00930,永豐ESG低碳高息,1651548,40081088,24.37,24.38,24.20,24.20,-0.1700,1054
2026-09-08,00932,兆豐永續高息等權,427028,7400080,17.38,17.38,17.32,17.32,-0.1100,306
2026-09-08,00934,中信成長高股息,2419552,73172517,30.66,30.66,30.08,30.12,-0.4900,1848
2026-09-08,00935,野村臺灣新科技50,9919191,598280779,60.75,60.80,59.70,59.85,-0.7500,6840
2026-09-08,00936,台新永續高息中小,392835,8436389,21.60,21.60,21.43,21.45,-0.0900,444
2026-09-08,00938,凱基優選30,1779366,47423799,26.55,26.72,26.55,26.60,0.1600,257
2026-09-08,00939,統一台灣高息動能,3445179,81854659,23.81,23.86,23.64,23.84,0.0200,900
2026-09-08,00940,元大台灣價值高息,7926216,101621362,12.93,12.93,12.79,12.82,0.0000,2729
2026-09-08,00941,中信上游半導體,1880464,47712215,25.23,25.45,25.23,25.38,0.1900,1160
2026-09-08,00943,兆豐電子高息等權,266884,5633731,21.33,21.33,21.01,21.02,-0.3100,304
2026-09-08,00944,野村趨勢動能高息,432817,9307722,21.67,21.67,21.47,21.48,-0.2200,308
2026-09-08,00945B,凱基美國非投等債,10060562,144323636,14.38,14.38,14.33,14.34,-0.0600,1157
2026-09-08,00946,群益科技高息成長,3149205,48007884,15.52,15.52,15.20,15.24,-0.2800,859
2026-09-08,00947,台新臺灣IC設計,4920182,190861398,38.87,39.08,38.42,38.50,-0.0400,2758
2026-09-08,00949,復華日本龍頭,363256,7964272,21.95,22.04,21.86,21.86,-0.1300,353
2026-09-08,00951,台新日本半導體,2430697,43886455,18.14,18.23,17.83,17.83,0.0400,845
2026-09-08,00952,凱基台灣AI50,4201762,76127275,18.50,18.50,17.95,17.98,-0.4700,1259
2026-09-08,00953B,群益優選非投等債,38854741,369410854,9.52,9.53,9.50,9.51,-0.0300,7536
2026-09-08,00954,中信日本半導體,2311283,44666988,19.38,19.48,19.03,19.11,0.1600,778
2026-09-08,00956,中信日經高股息,26995,367824,13.65,13.65,13.57,13.57,-0.0200,156
2026-09-08,00960,野村全球航運龍頭,757673,16331101,21.74,21.74,21.50,21.54,-0.2000,3009
2026-09-08,00961,FT臺灣永續高息,41837529,561761727,13.51,13.51,13.39,13.44,-0.1100,9660
2026-09-08,00962,台新AI優息動能,12386866,189001437,15.52,15.52,15.15,15.19,-0.4100,3900
2026-09-08,00963,中信全球高股息,1004861,13203059,13.19,13.19,13.12,13.13,-0.0800,398
2026-09-08,00964,中信亞太高股息,1643272,24591992,15.14,15.14,14.94,14.96,-0.0500,461
2026-09-08,00965,元大航太防衛科技,571907,14465316,25.38,25.38,25.20,25.23,-0.1000,828
2026-09-08,00971,野村美國研發龍頭,297945,5194306,17.44,17.47,17.42,17.46,0.0200,165
2026-09-08,00972,野村日本動能高息,134231,2967553,22.08,22.14,22.05,22.05,-0.0300,53
2026-09-08,009800,中信NASDAQ,1323798,17205075,12.99,13.02,12.96,13.00,0.0100,528
2026-09-08,009801,中信美國創新科技,831249,9359732,11.24,11.28,11.23,11.24,0.0000,293
2026-09-08,009802,富邦旗艦50,8294220,169822960,20.64,20.64,20.35,20.40,-0.2500,2993
2026-09-08,009803,玉山市值動能50,22252657,496295882,22.46,22.46,22.14,22.19,-0.2100,7451
2026-09-08,009804,聯邦台精彩50,1612488,37796032,23.50,23.54,23.29,23.32,-0.1800,400
2026-09-08,009805,台新美國電力基建,2854577,43373189,15.23,15.23,15.16,15.19,-0.0200,1301
2026-09-08,009808,華南永昌優選50,179780,5699451,31.84,31.84,31.60,31.61,-0.2300,89
2026-09-08,009809,富邦淨零ESG50,286373,5254309,18.29,18.38,18.23,18.26,-0.0300,104
2026-09-08,00980A,主動野村臺灣優選,6516441,162679996,25.23,25.23,24.72,24.83,-0.2600,2163
2026-09-08,009810,玉山全球藍籌100,27988,594947,21.28,21.28,21.21,21.24,-0.0400,51
2026-09-08,009811,統一美國50,2101392,27799439,13.28,13.28,13.20,13.25,-0.0100,472
2026-09-08,009812,野村日本東證,1249985,16503362,13.13,13.23,13.13,13.16,0.0800,199
2026-09-08,009813,貝萊德標普卓越50,3258860,36637110,11.30,11.30,11.22,11.26,-0.0300,352
2026-09-08,009816,凱基台灣TOP50,97206710,1571126593,16.18,16.24,16.10,16.12,-0.0500,25811
2026-09-08,009817,國泰日本不動產,1025777,9322193,9.06,9.12,9.06,9.10,0.0700,223
2026-09-08,009818,華南永昌NASDAQxT,262829,5264124,20.00,20.07,19.99,20.05,0.0600,102
2026-09-08,009819,中信數據及電力,5031796,49039496,9.75,9.77,9.71,9.75,0.0100,1015
2026-09-08,00981A,主動統一台股增長,141878564,4239262477,30.20,30.27,29.52,29.73,-0.3900,51327
2026-09-08,00981T,平衡凱基雙核收息,2881477,34222304,11.93,11.93,11.86,11.87,-0.0200,363
2026-09-08,009820,元大納斯達克精選,5563242,55118147,9.89,9.94,9.86,9.91,0.0300,696
2026-09-08,009821,野村稀土關鍵資源,3531671,53010997,15.02,15.05,14.98,15.02,0.0000,934
2026-09-08,009824,群益美國科技巨頭,5970546,60432088,10.12,10.14,10.09,10.11,-0.0100,1112
2026-09-08,009826,貝萊德世界股票,10025476,101176626,10.11,10.11,10.08,10.09,-0.0200,3195
2026-09-08,009827,玉山未來全球算力,7199873,73108263,10.16,10.17,10.13,10.15,-0.0400,1481
2026-09-08,009828,中信台日韓PCB,71853860,695977515,9.77,9.81,9.59,9.63,-0.0900,17360
2026-09-08,009829,大華韓國KOSPI50,39086926,440639147,11.21,11.37,11.18,11.18,0.2100,4603
2026-09-08,00982A,主動群益台灣強棒,12332585,282953468,23.25,23.28,22.67,22.77,-0.3600,6312
2026-09-08,00982D,主動富邦動態入息,245125,2353390,9.62,9.62,9.59,9.61,-0.0100,161
2026-09-08,00982T,平衡兆豐台美動能,259649,4220170,16.36,16.36,16.15,16.18,-0.1600,143
2026-09-08,00983A,主動中信ARK創新,1653717,20728853,12.61,12.61,12.49,12.53,-0.0200,380
2026-09-08,00983D,主動富邦複合收益,687948,6736089,9.83,9.83,9.78,9.80,-0.0300,280
2026-09-08,00984A,主動安聯台灣高息,2884624,45056029,15.77,15.78,15.50,15.54,-0.1600,1911
2026-09-08,00984D,主動聯博全球非投,20121685,197953051,9.86,9.87,9.82,9.82,-0.0600,3530
2026-09-08,00985A,主動野村台灣50,2209061,51260192,23.37,23.37,23.04,23.10,-0.2200,1109
2026-09-08,00985B,群益ESG投等債0-5,10448424,105121054,10.09,10.09,10.05,10.06,-0.0500,1214
2026-09-08,00986A,主動台新龍頭成長,592295,8538621,14.35,14.46,14.35,14.46,0.1100,145
2026-09-08,00987A,主動台新優勢成長,3262036,54004953,16.60,16.75,16.30,16.37,-0.1300,524
2026-09-08,00988A,主動統一全球創新,19134898,311506297,16.38,16.38,16.19,16.27,0.0100,5916
2026-09-08,00989A,主動摩根美國科技,663936,11241870,16.99,16.99,16.89,16.89,0.0000,154
2026-09-08,00990A,主動元大AI新經濟,10489281,158991615,15.16,15.24,15.09,15.12,-0.0500,3130
2026-09-08,00991A,主動復華未來50,68169995,1214663373,18.10,18.16,17.56,17.67,-0.3300,19329
2026-09-08,00991B,貝萊德A級公司債,1013528,14863370,14.69,14.69,14.66,14.66,-0.0300,32
2026-09-08,00992A,主動群益科技創新,35004385,636100710,18.46,18.46,17.96,18.05,-0.3600,10304
2026-09-08,00993A,主動安聯台灣,6093188,82088744,13.64,13.64,13.31,13.34,-0.2000,854
2026-09-08,00994A,主動第一金台股優,2786224,47480453,17.18,17.19,16.80,16.85,-0.2400,1038
2026-09-08,00995A,主動中信台灣卓越,3073089,53750092,17.62,17.65,17.27,17.41,-0.2100,731
2026-09-08,00996A,主動兆豐台灣豐收,2709940,38129053,14.20,14.20,13.94,13.96,-0.1600,693
2026-09-08,00997A,主動群益美國增長,6248627,69282204,11.06,11.12,11.04,11.07,0.0300,1526
2026-09-08,00999A,主動野村臺灣高息,14700893,169850893,11.66,11.66,11.48,11.50,-0.1300,3948
2026-09-08,01001T,土銀富邦R1,133000,1484760,11.15,11.18,11.15,11.17,0.0200,23
2026-09-08,01002T,土銀國泰R1,81008,1054117,13.01,13.03,13.01,13.02,0.0100,14
2026-09-08,01004T,土銀富邦R2,139004,1398791,10.05,10.10,10.04,10.04,-0.0100,36
2026-09-08,01007T,兆豐國泰R2,171000,1914130,11.21,11.26,11.17,11.18,-0.0300,59
2026-09-08,01009T,王道圓滿R1,22000,124920,5.67,5.70,5.67,5.70,-0.0300,5
2026-09-08,01010T,京城樂富R1,133000,1329700,9.99,10.00,9.97,10.00,0.0000,19
2026-09-08,020000,富邦特選蘋果N,34000,1064230,31.50,31.50,31.15,31.15,-0.6800,13
2026-09-08,020011,統一微波高息20N,,,,,,,0.0000,
2026-09-08,020012,富邦行動通訊N,,,,,,,0.0000,
2026-09-08,02001L,富邦蘋果正二N,64000,8926250,142.85,142.85,137.50,138.80,-5.4000,45
2026-09-08,020020,元大台股領航N,13000,384800,29.64,29.64,29.42,29.42,-0.4600,4
2026-09-08,020028,元大特選電動車N,,,,,,,0.0000,
2026-09-08,020029,元大ESG高股息N,2000,40180,20.14,20.14,20.04,20.04,-0.1000,2
2026-09-08,020030,統一智慧電動車N,1000,20000,20.00,20.00,20.00,20.00,-0.1400,1
2026-09-08,020031,統一IC設計臺灣N,1000,11040,11.04,11.04,11.04,11.04,0.0800,1
2026-09-08,020032,元大綠能N,,,,,,,0.0000,
2026-09-08,020034,元大IC設計N,160000,2593690,16.13,16.33,16.07,16.10,-0.0300,34
2026-09-08,020036,元大金融配息N,11000,127660,11.56,11.61,11.56,11.61,0.1100,2
2026-09-08,020037,元大金融高股息N,13000,168280,12.96,12.96,12.94,12.94,0.2200,2
2026-09-08,020038,元大ESG配息N,3000,46350,15.45,15.45,15.45,15.45,-0.1000,3
2026-09-08,020039,元大加權N,2000,30300,15.15,15.15,15.15,15.15,0.0300,1
2026-09-08,1101,台泥,16729814,406258635,24.30,24.50,24.20,24.30,0.0000,6050
2026-09-08,1101B,台泥乙特,81016,3496091,43.15,43.20,43.15,43.20,0.0500,12
2026-09-08,1102,亞泥,5994897,210508410,35.15,35.20,34.85,35.20,0.1500,2725
2026-09-08,1103,嘉泥,230667,3047608,13.20,13.25,13.15,13.15,-0.0500,184
2026-09-08,1104,環泥,477678,13126333,27.40,27.65,27.25,27.45,-0.0500,404
2026-09-08,1108,幸福,265848,3078595,11.65,11.65,11.50,11.60,-0.0500,130
2026-09-08,1109,信大,99418,1340569,13.55,13.55,13.40,13.50,-0.0500,93
2026-09-08,1110,東泥,83653,1332873,15.85,16.05,15.85,16.00,0.1000,72
2026-09-08,1201,味全,271883,3296396,12.20,12.20,12.10,12.10,-0.1000,366
2026-09-08,1203,味王,9775,447052,45.80,45.85,45.40,45.85,0.7000,44
2026-09-08,1210,大成,1365033,71677088,52.40,52.80,52.00,52.50,0.4000,961
2026-09-08,1213,大飲,24123,177801,7.30,7.59,7.29,7.59,-0.0600,24
2026-09-08,1215,卜蜂,308491,34052489,111.00,111.00,110.00,110.00,-1.0000,586
2026-09-08,1216,統一,12646668,964614321,75.30,76.70,75.10,76.70,1.5000,6326
2026-09-08,1217,愛之味,321554,3195549,9.92,9.97,9.91,9.96,0.0300,256
2026-09-08,1218,泰山,460386,6675683,14.55,14.55,14.45,14.45,-0.0500,280
2026-09-08,1219,福壽,257088,2999623,11.60,11.75,11.55,11.75,0.1000,143
2026-09-08,1220,台榮,180306,1971604,10.70,11.10,10.70,11.00,0.3000,191
2026-09-08,1225,福懋油,41514,1045341,25.00,25.45,25.00,25.05,0.0500,61
2026-09-08,1227,佳格,475468,13571983,28.50,28.65,28.30,28.55,0.1500,376
2026-09-08,1229,聯華,1352666,56423046,41.65,42.00,41.45,41.70,0.0500,1005
2026-09-08,1231,聯華食,194240,15617232,80.10,80.60,80.10,80.40,0.3000,593
2026-09-08,1232,大統益,88952,13956020,156.50,157.50,156.00,157.00,-0.5000,207
2026-09-08,1233,天仁,22851,640668,28.10,28.10,27.85,28.10,0.0000,73
2026-09-08,1234,黑松,57519,1921154,33.25,33.55,33.25,33.40,0.1000,78
2026-09-08,1235,興泰,16113,624843,39.00,39.00,38.45,38.95,0.0000,19
2026-09-08,1236,宏亞,28620,750693,26.20,26.30,26.10,26.25,0.0500,68
2026-09-08,1256,鮮活果汁-KY,42492,7441325,173.50,176.50,173.50,174.00,0.5000,143
2026-09-08,1301,台塑,28241360,1847628069,67.40,67.40,64.70,65.10,-1.5000,17986
2026-09-08,1303,南亞,65193109,15306594271,236.00,239.50,229.00,235.00,4.5000,53932
2026-09-08,1304,台聚,2632612,32507979,12.30,12.50,12.20,12.35,0.1500,1084
2026-09-08,1305,華夏,788385,9635010,12.10,12.30,12.10,12.15,0.0000,436
2026-09-08,1307,三芳,344722,10504068,30.30,30.65,30.30,30.65,0.1500,203
2026-09-08,1308,亞聚,1562220,22075964,14.10,14.35,13.95,14.15,0.2000,587
2026-09-08,1309,台達化,1431811,19528525,13.60,13.75,13.50,13.60,0.1000,646
2026-09-08,1310,台苯,1970702,16823789,8.64,8.64,8.49,8.57,-0.0300,857
2026-09-08,1312,國喬,13294342,184984388,14.10,14.15,13.80,13.90,-0.2000,4375
2026-09-08,1312A,國喬特,1248,28578,,,,,0.0000,6
2026-09-08,1313,聯成,1313635,15530271,11.85,11.90,11.70,11.80,0.0000,566
2026-09-08,1314,中石化,14930552,120704806,8.10,8.12,8.06,8.11,0.0100,2306
2026-09-08,1315,達新,30210,1991856,65.80,66.20,65.50,66.10,0.1000,73
2026-09-08,1316,上曜,2578141,27937505,10.80,11.00,10.75,10.80,0.0500,875
2026-09-08,1319,東陽,2841504,226918642,81.70,81.70,78.80,79.00,-2.7000,2882
2026-09-08,1321,大洋,61579,1994217,32.50,32.55,32.20,32.35,-0.2000,68
2026-09-08,1323,永裕,8138,173104,21.10,21.25,21.10,21.25,0.0000,91
2026-09-08,1324,地球,34573,346486,10.05,10.10,10.00,10.00,-0.2000,97
2026-09-08,1325,恆大,112268,2917058,26.20,26.20,25.85,25.95,-0.2500,195
2026-09-08,1326,台化,24157597,1709253189,72.60,72.60,70.10,70.60,-1.3000,18306
2026-09-08,1337,再生-KY,308961,1394128,4.55,4.56,4.50,4.51,-0.0500,189
2026-09-08,1338,廣華-KY,105057,1490499,14.40,14.40,14.05,14.15,-0.3000,115
2026-09-08,1339,昭輝,67017,2882261,42.90,43.30,42.85,42.95,0.1500,92
2026-09-08,1340,勝悅-KY,95223,494423,5.24,5.24,5.12,5.23,0.1200,141
2026-09-08,1341,富林-KY,1471,88084,59.80,59.80,59.80,59.80,-0.2000,40
2026-09-08,1342,八貫,191202,19505475,103.50,103.50,101.00,102.50,-1.0000,285
2026-09-08,1402,遠東新,7430750,212103523,28.70,28.75,28.35,28.65,-0.0500,2531
2026-09-08,1409,新纖,8755855,212445493,24.45,24.70,24.00,24.45,0.1000,4107
2026-09-08,1410,南染,53675,1319285,24.60,24.75,24.50,24.55,-0.2000,88
2026-09-08,1413,宏洲,11914,110691,9.25,9.46,9.25,9.29,0.0000,45
2026-09-08,1414,東和,186565,3300926,17.95,17.95,17.60,17.65,-0.1000,128
2026-09-08,1416,廣豐,287604,3302134,11.60,11.60,11.40,11.50,-0.1000,295
2026-09-08,1417,嘉裕,160563,1313020,8.27,8.27,8.13,8.20,-0.0300,194
2026-09-08,1418,東華,23422,417223,17.85,17.85,17.80,17.80,-0.0500,53
2026-09-08,1419,新紡,45959,3110902,68.30,68.60,67.30,67.50,-0.8000,219
2026-09-08,1423,利華,2756,97943,35.60,35.60,35.60,35.60,0.0500,45
2026-09-08,1432,大魯閣,72707,1094978,15.10,15.10,15.00,15.05,0.0000,244
2026-09-08,1434,福懋,2221461,39645052,18.05,18.05,17.70,17.80,-0.3000,1136
2026-09-08,1435,中福,9690,223149,22.20,23.40,22.20,23.35,0.6000,58
2026-09-08,1436,華友聯,214110,8034933,37.90,37.90,37.15,37.15,-0.7500,219
2026-09-08,1437,勤益控,66198,2117775,32.20,32.25,31.85,31.95,-0.2500,82
2026-09-08,1438,三地開發,194440,4525345,23.40,23.60,22.95,23.30,0.6000,237
2026-09-08,1439,雋揚,5816,170537,29.10,29.45,29.10,29.40,-0.1000,81
2026-09-08,1440,南紡,4140239,56151846,13.60,13.85,13.25,13.60,0.1000,1126
2026-09-08,1441,大東,31570,274823,8.72,8.80,8.67,8.80,0.0000,126
2026-09-08,1442,名軒,94880,2850311,29.90,30.25,29.80,30.05,0.1500,107
2026-09-08,1443,立益物流,7925,187593,23.40,23.80,23.40,23.65,-0.1500,48
2026-09-08,1444,力麗,2540661,17625836,7.03,7.03,6.87,6.99,-0.0400,1042
2026-09-08,1445,大宇,181191,1860524,10.30,10.40,10.15,10.40,0.0000,65
2026-09-08,1446,宏和,109897,1466398,13.40,13.40,13.30,13.35,-0.0500,89
2026-09-08,1447,力鵬,817178,5431461,6.66,6.70,6.61,6.69,0.0100,431
2026-09-08,1449,佳和,212415,2588460,12.15,12.25,12.10,12.20,0.0500,210
2026-09-08,1451,年興,27096,466897,17.30,17.30,17.20,17.30,0.0000,59
2026-09-08,1452,宏益,73496,826755,11.25,11.30,11.20,11.30,0.0500,118
2026-09-08,1453,大將,27410,302109,11.00,11.05,11.00,11.00,-0.0500,94
2026-09-08,1454,台富,36122,443648,12.25,12.40,12.20,12.30,-0.0500,75
2026-09-08,1455,集盛,933596,9179202,9.80,9.90,9.73,9.90,0.1000,647
2026-09-08,1456,怡華,95038,1343810,13.90,14.40,13.70,14.35,0.7500,99
2026-09-08,1457,宜進,66266,950925,14.30,14.45,14.30,14.35,0.0500,52
2026-09-08,1459,聯發,119369,1847347,15.50,15.70,15.35,15.60,0.2500,85
2026-09-08,1460,宏遠,214830,1411143,6.61,6.62,6.55,6.55,-0.0400,94
2026-09-08,1463,強盛新,26345,452697,17.30,17.30,17.10,17.25,-0.0500,34
2026-09-08,1464,得力,472500,4733819,10.05,10.10,10.00,10.05,0.0000,191
2026-09-08,1465,偉全,187562,2219889,11.95,11.95,11.75,11.85,-0.0500,353
2026-09-08,1466,聚隆,305319,4731073,15.55,15.65,15.40,15.50,-0.1000,185
2026-09-08,1467,南緯,116361,955026,8.28,8.28,8.15,8.21,0.1600,152
2026-09-08,1468,昶和,46415,617571,13.35,13.50,13.10,13.50,0.0000,58
2026-09-08,1470,大統新創,25385,613225,24.85,24.85,23.90,23.90,-0.6000,23
2026-09-08,1471,首利,132450,1282191,9.79,9.79,9.65,9.65,-0.0400,139
2026-09-08,1472,三洋實業,102539,9094292,88.60,90.00,88.60,90.00,-0.5000,44
2026-09-08,1473,台南,41036,822233,20.00,20.10,20.00,20.10,0.0000,73
2026-09-08,1474,弘裕,43560,434943,9.99,10.00,9.95,9.97,-0.0200,68
2026-09-08,1475,業旺,31871,825649,25.80,26.10,25.80,26.00,-0.3500,73
2026-09-08,1476,儒鴻,2603139,783377988,306.50,307.00,299.00,300.00,-6.0000,5005
2026-09-08,1477,聚陽,1213497,240414428,195.00,199.50,195.00,198.00,3.0000,1245
2026-09-08,1503,士電,1075972,221020109,207.50,208.50,204.00,204.50,-3.0000,3615
2026-09-08,1504,東元,5634282,399948593,72.20,72.40,70.40,70.40,-1.3000,5133
2026-09-08,1506,正道,305639,3053334,10.00,10.05,9.97,10.00,-0.1000,149
2026-09-08,1512,瑞利,18513,116628,6.24,6.36,6.24,6.35,0.1100,57
2026-09-08,1513,中興電,1320066,218545189,167.50,167.50,164.50,165.00,-2.0000,1758
2026-09-08,1514,亞力,723891,74019814,103.00,103.00,101.50,102.00,-0.5000,1231
2026-09-08,1515,力山,796746,24012177,30.25,30.55,30.00,30.00,-0.5500,635
2026-09-08,1516,川飛,9406,134688,14.75,14.75,14.15,14.15,-0.6000,65
2026-09-08,1517,利奇,195427,2108617,10.80,10.85,10.70,10.70,0.0000,121
2026-09-08,1519,華城,1125985,825579541,748.00,748.00,728.00,728.00,-11.0000,6702
2026-09-08,1521,大億,22854,581416,25.50,25.60,25.30,25.30,-0.3500,68
2026-09-08,1522,堤維西,231329,6196939,26.80,26.90,26.70,26.80,-0.2500,296
2026-09-08,1522A,堤維西甲特,4000,203300,50.90,50.90,50.80,50.80,-0.1000,3
2026-09-08,1524,耿鼎,164875,4401546,26.95,26.95,26.60,26.60,-0.1500,198
2026-09-08,1525,江申,5924,393673,65.60,66.40,65.50,66.40,0.0000,85
2026-09-08,1526,日馳,96709,1488617,15.55,15.55,15.25,15.30,-0.2500,122
2026-09-08,1527,鑽全,116142,3804840,32.80,32.95,32.60,32.80,0.0500,240
2026-09-08,1528,恩德,3489297,72604000,19.50,21.05,19.50,21.05,1.9000,1589
2026-09-08,1529,樂事綠能,642841,10244379,16.05,16.40,15.75,15.80,-0.3500,451
2026-09-08,1530,亞崴,10324,296032,28.80,28.80,28.50,28.50,-0.5000,54
2026-09-08,1531,高林股,206015,2439930,12.15,12.15,11.75,11.80,-0.0500,126
2026-09-08,1532,勤美,196800,4488978,22.80,22.90,22.65,22.75,-0.0500,152
2026-09-08,1533,車王電,61306,1885513,31.00,31.00,30.60,30.95,0.1500,100
2026-09-08,1535,中宇,36278,1653886,45.50,45.75,45.40,45.65,-0.3500,73
2026-09-08,1536,和大,1643040,79040018,48.90,48.90,47.85,47.90,-1.0500,1437
2026-09-08,1537,廣隆,177460,20348492,115.00,115.00,114.00,114.00,-1.5000,384
2026-09-08,1538,正峰,33672,278633,8.10,8.45,8.10,8.23,-0.7700,26
2026-09-08,1539,巨庭,11579,181130,15.70,15.70,15.60,15.60,-0.1500,51
2026-09-08,1540,喬福,120350,2344920,19.50,19.60,19.40,19.45,-0.0500,221
2026-09-08,1541,錩泰,5609,120670,21.20,21.45,21.20,21.45,0.0000,31
2026-09-08,1558,伸興,73609,7797755,107.50,107.50,104.50,106.00,-0.5000,458
2026-09-08,1560,中砂,665337,481705343,730.00,736.00,713.00,717.00,-13.0000,1840
2026-09-08,1563,巧新,1230096,94726742,79.10,79.10,75.50,77.10,-2.4000,2202
2026-09-08,1568,倉佑,159580,4626504,29.25,29.45,28.75,28.95,-0.3000,207
2026-09-08,1582,信錦,277640,20128641,73.70,73.70,72.10,72.20,-1.3000,451
2026-09-08,1583,程泰,14063,681526,48.30,48.50,48.30,48.35,-0.9500,60
2026-09-08,1587,吉茂,193191,4634809,24.05,24.30,23.85,23.90,-0.1500,195
2026-09-08,1590,亞德客-KY,366835,490534735,1380.00,1385.00,1315.00,1335.00,-35.0000,1301
2026-09-08,1597,直得,2378357,346829541,150.00,150.50,143.00,143.00,-9.0000,3593
2026-09-08,1598,岱宇,126129,2593958,20.50,20.65,20.50,20.55,0.0500,98
2026-09-08,1603,華電,146023,4394305,30.20,30.30,29.80,30.05,-0.3000,111
2026-09-08,1604,聲寶,168159,3972698,23.65,23.70,23.55,23.65,0.0000,150
2026-09-08,1605,華新,14978729,573852638,37.95,38.65,37.80,38.10,0.2000,7015
2026-09-08,1608,華榮,2718335,99950083,36.30,37.30,36.10,36.65,0.6000,1672
2026-09-08,1609,大亞,3522401,132563224,37.50,38.00,37.40,37.60,0.4000,2306
2026-09-08,1611,中電,214633,2507903,11.70,11.75,11.65,11.65,-0.0500,187
2026-09-08,1612,宏泰,304473,10597227,34.90,34.95,34.60,34.70,0.0000,230
2026-09-08,1614,三洋電,23659,726852,30.80,30.80,30.65,30.65,-0.2000,49
2026-09-08,1615,大山,56543,2477924,43.85,44.15,43.70,43.90,0.0500,126
2026-09-08,1616,億泰,135648,2554943,18.90,19.05,18.70,18.75,0.0500,135
2026-09-08,1617,榮星,322735,5675195,17.85,17.85,17.50,17.55,-0.3000,251
2026-09-08,1618,合機,424326,16788933,39.55,39.80,39.25,39.50,0.2000,270
2026-09-08,1623,大東電,50056,10211334,203.00,205.00,203.00,204.00,-1.0000,128
2026-09-08,1626,艾美特-KY,23684,228915,9.66,9.72,9.61,9.72,-0.0100,70
2026-09-08,1702,南僑,138337,4505444,32.60,32.70,32.50,32.60,0.0000,126
2026-09-08,1707,葡萄王,282713,25715006,91.00,91.50,90.50,90.50,-0.5000,512
2026-09-08,1708,東鹼,1711870,85780774,50.70,50.70,49.70,50.20,0.2000,1662
2026-09-08,1709,和益,6585442,219986866,33.75,34.10,32.80,33.60,-0.6000,4616
2026-09-08,1710,東聯,4191097,65933253,15.65,16.00,15.45,15.85,0.2000,1195
2026-09-08,1711,永光,3919965,156908778,41.30,41.35,39.40,39.50,-1.4000,3018
2026-09-08,1712,興農,892009,36404472,40.30,40.95,40.30,40.85,0.5500,686
2026-09-08,1713,國化,91091,3952767,43.50,43.50,43.30,43.35,-0.1500,122
2026-09-08,1714,和桐,5029928,82227205,16.50,16.60,16.25,16.25,-0.2000,2639
2026-09-08,1717,長興,7878136,571858832,73.60,73.70,72.10,72.30,-1.2000,7046
2026-09-08,1718,中纖,9237489,95327908,10.45,10.45,10.25,10.40,-0.0500,3155
2026-09-08,1720,生達,223193,12527309,56.30,56.40,55.90,56.00,-0.2000,238
2026-09-08,1721,國慶科技,1839015,45239711,24.60,24.60,24.60,24.60,2.2000,866
2026-09-08,1722,台肥,1496267,66793919,44.60,44.80,44.45,44.55,-0.0500,1029
2026-09-08,1723,中碳,513244,43270983,83.70,85.90,83.40,83.90,-0.1000,487
2026-09-08,1725,元禎,22211,716166,32.10,32.35,31.85,32.30,0.2000,30
2026-09-08,1726,永記,49512,3834793,78.00,78.10,77.00,77.50,-0.3000,79
2026-09-08,1727,中華化,1525491,139207193,91.50,92.30,90.50,90.60,-0.4000,2339
2026-09-08,1730,花仙子,23710,1219454,51.60,51.60,51.30,51.30,-0.5000,93
2026-09-08,1731,美吾華,65748,1377966,20.90,21.05,20.90,21.00,0.0500,121
2026-09-08,1732,毛寶,103402,2702866,26.00,26.30,26.00,26.20,0.1500,114
2026-09-08,1733,五鼎,135410,4252724,31.75,31.75,31.15,31.15,-0.5500,213
2026-09-08,1734,杏輝,165140,5125383,31.00,31.20,30.85,31.10,-0.0500,189
2026-09-08,1735,日勝化,38493,774446,20.10,20.25,20.05,20.20,-0.0500,109
2026-09-08,1736,喬山,103834,13054418,125.50,126.50,125.00,126.50,0.5000,136
2026-09-08,1737,臺鹽,204581,6251633,30.65,30.65,30.50,30.65,0.1000,342
2026-09-08,1752,南光,33745,1065860,31.55,31.80,31.45,31.50,-0.2500,72
2026-09-08,1760,寶齡富錦,134950,7544759,56.40,56.40,55.70,56.00,-0.4000,231
2026-09-08,1762,中化生,67508,2363081,35.95,35.95,34.80,35.00,0.0000,244
2026-09-08,1773,勝一,1209298,199941226,164.50,169.00,162.00,164.00,3.5000,1288
2026-09-08,1776,展宇,46535,800793,17.20,17.25,17.10,17.25,0.1000,68
2026-09-08,1783,和康生,34312,1301725,38.00,38.00,37.80,37.80,-0.2500,324
2026-09-08,1786,科妍,170354,7875085,46.60,46.80,45.70,46.30,0.4000,190
2026-09-08,1789,神隆,317930,6131387,19.30,19.50,19.15,19.15,-0.2500,221
2026-09-08,1795,美時,661252,120066806,182.00,183.00,180.50,180.50,0.0000,1039
2026-09-08,1802,台玻,17724258,1068092289,61.10,61.20,59.40,59.90,-0.8000,15181
2026-09-08,1805,寶徠,92387,924906,10.05,10.10,9.96,9.96,-0.1400,84
2026-09-08,1806,冠軍,71915,577669,8.05,8.06,8.01,8.03,-0.0200,81
2026-09-08,1808,潤隆,1180519,41133993,34.25,35.10,34.10,34.85,0.6000,755
2026-09-08,1809,中釉,1633625,63287679,37.90,39.85,37.65,38.10,0.2000,1951
2026-09-08,1810,和成,1919007,46478898,24.10,24.55,24.00,24.00,-0.0500,1106
2026-09-08,1817,凱撒衛,38077,1522100,40.20,40.20,39.90,40.00,-0.1000,74
2026-09-08,1903,士紙,92339,4412414,47.60,47.95,47.50,47.85,0.2500,87
2026-09-08,1904,正隆,1460928,35788935,24.60,24.65,24.25,24.45,0.0000,976
2026-09-08,1905,華紙,1146696,15148884,13.25,13.30,13.15,13.20,0.0000,510
2026-09-08,1906,寶隆,23634,262886,11.15,11.15,11.10,11.10,-0.1000,81
2026-09-08,1907,永豐餘,501262,14623217,29.10,29.35,29.00,29.15,0.0500,391
2026-09-08,1909,榮成,1563028,16907100,10.85,10.90,10.75,10.75,-0.1000,516
2026-09-08,2002,中鋼,20868836,397961969,19.05,19.15,18.95,19.10,0.1000,6409
2026-09-08,2002A,中鋼特,4160,155040,37.30,37.30,37.30,37.30,0.0500,29
2026-09-08,2006,東和鋼鐵,768679,62868127,80.80,82.40,80.70,81.90,1.1000,935
2026-09-08,2007,燁興,209694,1453797,6.90,7.00,6.90,6.92,-0.0700,116
2026-09-08,2008,高興昌,10963,339776,30.70,31.25,30.70,30.75,-0.6500,19
2026-09-08,2009,第一銅,4686373,189613901,39.85,41.20,39.25,40.60,1.6500,3163
2026-09-08,2010,春源,662880,14794147,22.30,22.45,22.15,22.40,0.1000,334
2026-09-08,2012,春雨,59916,860571,14.55,14.55,14.30,14.45,-0.1500,63
2026-09-08,2013,中鋼構,134269,5619843,41.70,42.15,41.70,41.70,-0.0500,128
2026-09-08,2014,中鴻,1600249,27289001,17.00,17.15,16.90,17.00,0.0000,652
2026-09-08,2015,豐興,157287,10165818,64.70,65.00,64.20,64.70,0.0000,253
2026-09-08,2017,官田鋼,245375,2208188,8.92,9.08,8.92,8.97,0.0400,208
2026-09-08,2020,美亞,354285,7714223,21.75,21.95,21.65,21.80,0.1500,245
2026-09-08,2022,聚亨,214036,1591097,7.50,7.50,7.39,7.46,-0.0200,167
2026-09-08,2023,燁輝,1092052,15275928,13.95,14.05,13.90,13.95,0.0000,583
2026-09-08,2024,志聯,10921,144484,13.25,13.25,13.20,13.20,-0.1500,63
2026-09-08,2025,千興,450964,5685434,12.60,12.70,12.55,12.55,0.1000,266
2026-09-08,2027,大成鋼,12192930,602117483,49.10,50.00,48.70,49.35,0.2500,5298
2026-09-08,2028,威致,133372,2106364,15.85,15.85,15.65,15.65,-0.1000,71
2026-09-08,2029,盛餘,606380,12956757,21.40,21.55,21.30,21.30,-0.1000,383
2026-09-08,2030,彰源,4564495,107443232,22.65,23.95,22.65,23.80,0.9500,2378
2026-09-08,2031,新光鋼,348694,15598349,44.75,44.90,44.30,44.85,0.5500,338
2026-09-08,2032,新鋼,179347,3065055,17.00,17.20,16.95,17.05,-0.0500,163
2026-09-08,2033,佳大,531067,13620005,25.70,26.30,25.00,25.45,-0.2500,562
2026-09-08,2034,允強,1114968,23410430,20.95,21.15,20.85,20.95,0.0500,646
2026-09-08,2038,海光,205429,2552404,12.60,12.60,12.05,12.40,-0.0500,162
2026-09-08,2049,上銀,2971158,1058022887,367.00,367.00,349.00,350.00,-14.5000,5123
2026-09-08,2059,川湖,1284516,16662072085,14000.00,14200.00,12515.00,12520.00,-1385.0000,34532
2026-09-08,2062,橋椿,307101,5955068,19.50,19.55,19.25,19.30,-0.1500,213
2026-09-08,2069,運錩,2647458,58970512,21.35,22.40,20.95,22.40,2.0000,1228
2026-09-08,2072,世紀風電,734535,96730195,132.50,134.50,129.50,131.00,-1.0000,791
2026-09-08,2101,南港,2030971,62605105,31.05,31.20,30.65,30.65,-0.4500,1170
2026-09-08,2102,泰豐,219698,3903757,18.00,18.00,17.70,17.80,-0.1000,205
2026-09-08,2103,台橡,14934234,386436309,27.25,27.25,25.30,25.75,-1.6500,5590
2026-09-08,2104,國際中橡,2038819,20533571,10.05,10.15,10.00,10.10,0.0500,538
2026-09-08,2105,正新,3924204,120088356,30.85,30.85,30.50,30.60,-0.1000,2067
2026-09-08,2106,建大,405612,6896727,16.95,17.15,16.85,16.95,0.0000,303
2026-09-08,2107,厚生,163017,4344425,26.40,26.80,26.40,26.75,0.2500,157
2026-09-08,2108,南帝,408270,11865108,29.25,29.25,28.85,29.15,0.1500,361
2026-09-08,2109,華豐,46841,698799,14.90,14.95,14.85,14.95,0.0500,73
2026-09-08,2114,鑫永銓,35836,3210009,89.40,90.00,89.10,89.80,-0.2000,91
2026-09-08,2115,六暉-KY,60450,1451859,24.20,24.25,23.80,23.80,0.0000,115
2026-09-08,2201,裕隆,5930444,181489754,30.80,31.00,30.40,30.45,-0.3500,3322
2026-09-08,2204,中華,375041,20049209,53.50,53.70,53.30,53.30,-0.3000,457
2026-09-08,2206,三陽工業,335699,21277534,63.10,63.70,62.90,63.70,0.3000,465
2026-09-08,2207,和泰車,200205,106829407,535.00,538.00,529.00,535.00,-4.0000,438
2026-09-08,2208,台船,991788,18690140,18.95,18.95,18.80,18.80,0.0000,538
2026-09-08,2211,長榮鋼,235671,19616806,83.10,83.50,82.90,83.20,0.2000,375
2026-09-08,2227,裕日車,19759,948608,47.70,48.20,47.50,48.00,-0.3000,54
2026-09-08,2228,劍麟,92507,6904067,74.90,75.70,73.50,75.50,0.6000,317
2026-09-08,2231,為升,190322,17000384,90.30,90.50,89.00,89.20,-1.1000,317
2026-09-08,2233,宇隆,557995,91076007,168.00,168.50,160.50,161.00,-7.5000,1163
2026-09-08,2236,百達-KY,288981,35837535,120.50,129.00,120.50,122.00,2.0000,606
2026-09-08,2237,華德動能-創,91770,2540902,27.85,27.85,27.60,27.75,-0.1000,79
2026-09-08,2239,英利-KY,22047,439837,19.95,20.05,19.70,19.90,0.0000,64
2026-09-08,2241,艾姆勒,175148,6004441,34.35,34.60,34.10,34.20,-0.1500,227
2026-09-08,2243,宏旭-KY,171826,7827393,45.35,46.95,44.90,45.45,0.2000,373
2026-09-08,2247,汎德永業,14304,3315439,231.00,233.00,231.00,233.00,-1.0000,86
2026-09-08,2248,華勝-KY,31421,1898213,60.00,61.30,60.00,60.30,-0.1000,95
2026-09-08,2250,IKKA-KY,67703,3839558,57.10,57.50,56.40,56.40,-0.7000,99
2026-09-08,2254,巨鎧精密-創,1201567,75758551,62.30,64.30,62.30,63.10,0.7000,456
2026-09-08,2258,鴻華先進-創,471753,14981759,31.60,32.05,31.40,31.85,0.3500,383
2026-09-08,2301,光寶科,18980605,5547265273,300.00,301.50,289.00,291.00,-8.0000,25399
2026-09-08,2302,麗正,2178017,92308086,43.00,43.55,41.70,41.80,-1.5000,1697
2026-09-08,2303,聯電,219176053,30312382562,142.00,142.50,135.00,137.00,-6.0000,148228
2026-09-08,2305,全友,21635033,737681365,33.95,36.20,32.75,33.20,-0.2000,13340
2026-09-08,2308,台達電,6331851,11509936580,1860.00,1860.00,1795.00,1805.00,-45.0000,34258
2026-09-08,2312,金寶,9390867,296903589,32.35,32.35,31.25,31.30,-1.0000,5901
2026-09-08,2313,華通,40022863,9282640957,240.00,241.00,227.50,231.00,-9.0000,48960
2026-09-08,2314,台揚,132807,1444380,11.00,11.00,10.75,10.95,-0.2500,146
2026-09-08,2316,楠梓電,1776222,285104504,160.00,164.00,158.00,158.00,-1.0000,1787
2026-09-08,2317,鴻海,40240647,10119470867,256.00,256.00,250.00,251.50,-4.5000,36634
2026-09-08,2321,東訊,10805,151060,14.10,14.40,13.80,13.80,-0.6000,18
2026-09-08,2323,中環,3112524,33427345,10.90,10.90,10.70,10.70,-0.1000,1124
2026-09-08,2324,仁寶,70154546,2732926627,39.85,39.90,38.60,39.05,-1.0000,32224
2026-09-08,2327,國巨*,39419068,22558357199,580.00,584.00,565.00,567.00,-22.0000,77376
2026-09-08,2328,廣宇,1908851,88927556,46.90,47.40,46.00,46.00,0.0000,1306
2026-09-08,2329,華泰,2702343,116626076,43.55,43.65,42.60,42.70,-0.6000,2441
2026-09-08,2330,台積電,28931697,71769230740,2465.00,2505.00,2460.00,2470.00,10.0000,106768
2026-09-08,2331,精英,1464358,27938181,19.25,19.30,18.90,19.00,-0.3500,868
2026-09-08,2332,友訊,6674263,127049827,19.40,19.50,18.75,18.75,-0.7000,3156
2026-09-08,2337,旺宏,58876929,7502333504,125.50,130.00,125.00,126.00,1.5000,36509
2026-09-08,2338,光罩,826344,31516941,38.85,38.85,37.75,37.75,-0.8000,777
2026-09-08,2340,台亞,2018706,66528275,33.05,33.90,32.20,32.35,-0.8500,1582
2026-09-08,2342,茂矽,1940235,76524938,40.20,40.70,38.75,38.95,-0.8000,1702
2026-09-08,2344,華邦電,222260653,41927685454,185.00,192.00,183.50,188.00,8.0000,161486
2026-09-08,2345,智邦,6441295,12850208590,2130.00,2140.00,1950.00,1955.00,-145.0000,43820
2026-09-08,2347,聯強,2774953,246447234,89.90,89.90,88.30,88.90,-0.4000,2268
2026-09-08,2348,海悅,314800,22557799,71.20,72.40,70.80,71.90,0.7000,735
2026-09-08,2348A,海悅甲特,43652,1685916,38.65,38.65,38.60,38.65,0.0500,19
2026-09-08,2349,錸德,1765906,18861048,10.75,10.85,10.60,10.65,-0.1500,632
2026-09-08,2351,順德,6840234,1541034399,233.50,235.00,218.00,227.50,-6.0000,7157
2026-09-08,2352,佳世達,2485220,71443123,29.20,29.20,28.60,28.65,-0.3500,2018
2026-09-08,2353,宏碁,23191817,726157330,32.00,32.00,31.00,31.05,-1.2500,11905
2026-09-08,2354,鴻準,16276643,1061877119,66.20,66.30,64.30,64.50,-1.2000,10380
2026-09-08,2355,敬鵬,1267634,53362621,42.30,42.55,41.85,41.90,-0.3000,1120
2026-09-08,2356,英業達,36613724,2327037948,65.50,65.50,62.60,64.00,-2.1000,22447
2026-09-08,2357,華碩,4968506,4802028430,992.00,992.00,956.00,968.00,-31.0000,13310
2026-09-08,2359,所羅門,4778130,656810415,142.50,142.50,135.00,135.50,-6.5000,6140
2026-09-08,2360,致茂,4951555,11251705715,2235.00,2340.00,2185.00,2265.00,35.0000,8962
2026-09-08,2362,藍天,784543,37272824,48.05,48.05,47.25,47.55,-0.4000,807
2026-09-08,2363,矽統,15792771,849118673,53.20,56.30,51.60,51.80,-0.7000,9655
2026-09-08,2364,倫飛,206131,13517167,66.50,66.50,65.40,65.70,-0.5000,302
2026-09-08,2365,昆盈,581252,16533920,29.00,29.00,28.20,28.45,-0.2000,758
2026-09-08,2367,燿華,2966685,123963633,42.35,42.50,41.50,41.50,-0.9000,2890
2026-09-08,2368,金像電,4987962,5454341715,1100.00,1115.00,1070.00,1075.00,-45.0000,12354
2026-09-08,2369,菱生,4146317,126425123,31.30,31.40,30.15,30.20,-0.7500,2743
2026-09-08,2371,大同,3759948,104813200,28.15,28.25,27.70,27.80,-0.3500,2987
2026-09-08,2373,震旦行,23076,1226234,53.30,53.40,52.80,53.40,-0.4000,78
2026-09-08,2374,佳能,4149447,284341302,70.00,71.00,67.30,67.40,-0.1000,3245
2026-09-08,2375,凱美,2195567,273409239,127.50,127.50,122.50,123.00,-4.0000,2286
2026-09-08,2376,技嘉,6385642,2273309994,364.50,364.50,351.00,357.00,-7.5000,7378
2026-09-08,2377,微星,9119002,1401420406,157.50,157.50,152.50,152.50,-6.0000,8946
2026-09-08,2379,瑞昱,4835169,3365561232,717.00,721.00,680.00,692.00,0.0000,9788
2026-09-08,2380,虹光,225463,4014836,18.20,18.25,17.10,17.70,-0.6000,848
2026-09-08,2382,廣達,35435507,11741782175,344.50,344.50,328.00,328.00,-19.5000,33632
2026-09-08,2383,台光電,1474956,7957811260,5500.00,5550.00,5315.00,5340.00,-155.0000,17712
2026-09-08,2385,群光,5370064,568964568,108.00,108.00,105.00,105.50,-5.0000,4938
2026-09-08,2387,精元,236438,8517750,36.15,36.35,35.75,36.25,0.0500,225
2026-09-08,2388,威盛,8501828,666112513,78.10,81.20,75.80,76.10,-1.6000,6928
2026-09-08,2390,云辰,346689,3482477,10.10,10.10,10.00,10.05,0.0000,241
2026-09-08,2392,正崴,3507000,152290508,44.40,45.00,42.60,42.80,-1.5500,2513
2026-09-08,2393,億光,1115350,70056307,63.50,63.50,62.50,62.60,-0.9000,1051
2026-09-08,2395,研華,4049282,2675271532,681.00,681.00,651.00,657.00,-23.0000,9338
2026-09-08,2397,友通,440127,26633201,61.90,61.90,59.40,59.80,-2.1000,619
2026-09-08,2399,映泰,3464596,159189648,47.25,47.25,45.25,45.65,-1.1500,3033
2026-09-08,2401,凌陽,2278556,57118692,25.60,25.65,24.85,24.85,-0.7000,1684
2026-09-08,2402,毅嘉,1590173,87698319,56.10,56.40,54.50,54.60,-1.5000,1831
2026-09-08,2404,漢唐,651640,691840715,1085.00,1085.00,1050.00,1055.00,-25.0000,3006
2026-09-08,2405,輔信,568800,8510950,15.05,15.10,14.90,14.90,-0.1500,446
2026-09-08,2406,國碩,2237101,60580248,27.45,27.45,26.90,26.90,-0.3500,1542
2026-09-08,2408,南亞科,76221279,40694980627,527.00,540.00,524.00,531.00,14.0000,82812
2026-09-08,2409,友達,623892482,18452065566,28.80,30.70,28.20,29.60,0.9000,196518
2026-09-08,2412,中華電,11188451,1547651594,137.50,139.00,137.00,139.00,1.0000,6093
2026-09-08,2413,環科,4634982,219909204,47.95,49.60,45.85,45.95,-2.4000,4341
2026-09-08,2414,精技,146537,7584509,52.00,52.00,51.60,51.70,-0.4000,213
2026-09-08,2415,錩新,179099,4973123,28.50,28.50,27.45,27.90,-0.7000,218
2026-09-08,2417,圓剛,916301,35430400,39.65,39.65,38.30,38.30,-1.5000,1008
2026-09-08,2419,仲琦,1284774,34627771,27.35,27.45,26.70,26.70,-0.2500,870
2026-09-08,2420,新巨,326120,17531764,54.20,54.20,53.50,53.70,-0.5000,338
2026-09-08,2421,建準,3308402,555711805,172.00,172.00,165.50,168.00,-3.5000,3859
2026-09-08,2423,固緯,38462,2857731,76.50,76.50,73.40,73.90,-0.4000,166
2026-09-08,2424,隴華,26004,209757,7.85,8.39,7.85,7.96,-0.1400,32
2026-09-08,2425,承啟,546180,20344975,37.30,37.70,36.95,37.20,-0.1000,616
2026-09-08,2426,鼎元,39992731,3992511163,100.50,102.50,97.10,97.50,-1.6000,28024
2026-09-08,2427,三商電,455247,10077243,22.15,22.50,21.85,22.05,0.2500,349
2026-09-08,2428,興勤,979542,247837417,258.50,259.00,251.00,253.50,-6.0000,11889
2026-09-08,2429,銘旺科,180330,5523953,31.00,31.00,30.40,30.40,-0.6000,261
2026-09-08,2430,燦坤,47670,851816,17.90,17.90,17.75,17.90,0.0000,87
2026-09-08,2431,聯昌,186176,1860093,10.00,10.10,9.93,9.93,-0.1700,165
2026-09-08,2432,倚天酷碁-創,9764,272427,27.85,28.00,27.75,28.00,0.1000,44
2026-09-08,2433,互盛電,27500,1141170,41.50,41.60,41.40,41.50,-0.1000,65
2026-09-08,2434,統懋,582800,36439898,63.30,64.40,61.30,61.70,-3.1000,674
2026-09-08,2436,偉詮電,18280129,1264003782,71.40,73.00,66.70,67.10,-4.6000,12830
2026-09-08,2438,翔耀,186053,3766180,20.85,20.85,20.00,20.00,-0.8500,275
2026-09-08,2439,美律,1213081,92134750,76.50,76.60,75.70,76.10,-0.8000,1261
2026-09-08,2440,太空梭,217604,3090670,14.35,14.40,14.10,14.25,-0.2000,199
2026-09-08,2441,超豐,4808086,558906931,119.50,120.50,114.00,114.50,-3.5000,3297
2026-09-08,2442,新美齊,3136109,49969428,16.00,16.05,15.70,15.95,0.0000,1669
2026-09-08,2444,兆勁,1185893,14459654,12.90,12.90,11.50,11.55,-0.3000,702
2026-09-08,2449,京元電子,16085950,4357371033,277.50,277.50,267.00,268.50,-4.5000,29584
2026-09-08,2450,神腦,66620,1876627,28.35,28.35,28.10,28.15,-0.2000,121
2026-09-08,2451,創見,2886271,834290655,290.50,294.00,285.00,286.00,-3.5000,3413
2026-09-08,2453,凌群,95926,4980782,51.90,52.20,51.80,51.80,-0.1000,139
2026-09-08,2454,聯發科,6511906,30947800640,4800.00,4830.00,4685.00,4710.00,-50.0000,53906
2026-09-08,2455,全新,4653069,2430918918,528.00,535.00,506.00,515.00,15.0000,5876
2026-09-08,2457,飛宏,644403,14588918,22.90,23.00,22.55,22.55,-0.3500,510
2026-09-08,2458,義隆,1544886,199416266,131.00,131.00,128.00,130.50,-0.5000,1792
2026-09-08,2459,敦吉,80028,5275244,66.20,66.20,65.80,66.10,-0.3000,279
2026-09-08,2460,建通,158157,4467845,28.65,28.65,28.10,28.10,-0.3500,224
2026-09-08,2461,光群雷,438497,8065427,18.20,18.45,18.20,18.40,0.1000,270
2026-09-08,2462,良得電,233433,4522736,19.70,19.70,19.20,19.20,-0.3500,314
2026-09-08,2464,盟立,16615042,3326072619,206.00,210.00,192.00,194.50,-8.5000,16709
2026-09-08,2465,麗臺,6742508,680106850,106.00,107.00,95.50,96.90,-5.6000,5932
2026-09-08,2466,冠西電,706107,70222823,101.00,102.00,98.60,98.60,-1.9000,1220
2026-09-08,2467,志聖,1191148,741500169,622.00,637.00,605.00,610.00,-9.0000,2434
2026-09-08,2468,華經,239894,7860384,33.10,33.45,32.50,32.50,-1.0000,264
2026-09-08,2471,資通,59055,2922040,49.75,49.75,49.35,49.40,-0.3500,126
2026-09-08,2472,立隆電,2197572,478054503,226.50,226.50,214.50,215.50,-10.5000,3806
2026-09-08,2474,可成,4577901,932687551,205.00,206.00,202.00,205.00,-3.5000,3851
2026-09-08,2476,鉅祥,1514963,181683509,122.00,123.50,118.00,119.50,-2.5000,2133
2026-09-08,2477,美隆電,97251,2103073,21.65,21.65,21.50,21.60,-0.0500,624
2026-09-08,2478,大毅,2622527,321856283,126.00,126.00,121.00,121.00,-6.0000,2230
2026-09-08,2480,敦陽科,78582,12272406,157.50,158.00,155.50,155.50,-2.0000,302
2026-09-08,2481,強茂,26855469,4159236367,159.00,161.50,151.00,152.50,-5.5000,23084
2026-09-08,2482,連宇,133980,2141816,15.90,16.25,15.85,15.85,0.3500,194
2026-09-08,2483,百容,1091631,35073981,33.35,33.35,31.75,31.90,-1.1500,786
2026-09-08,2484,希華,4502261,314937795,71.10,72.00,68.80,69.00,-1.3000,4851
2026-09-08,2485,兆赫,1875649,75398820,40.85,40.85,39.90,39.90,-0.8000,2049
2026-09-08,2486,一詮,6410708,1598279444,257.00,258.50,245.00,245.50,-9.0000,10121
2026-09-08,2488,漢平,48132,2329910,48.35,48.50,48.35,48.35,-0.3500,104
2026-09-08,2489,瑞軒,14853323,593022200,41.15,41.50,39.15,39.15,-1.7500,9525
2026-09-08,2491,吉祥全,1327944,55211057,43.00,43.00,40.50,40.60,-2.4000,1152
2026-09-08,2492,華新科,25418303,7992320153,313.00,320.00,309.50,318.50,-4.5000,39491
2026-09-08,2493,揚博,727385,131694907,186.00,186.00,178.00,179.50,-4.5000,1338
2026-09-08,2495,普安,1161268,42533067,37.85,37.85,36.05,36.05,-1.3500,1101
2026-09-08,2496,卓越,5240,289472,55.40,55.40,55.00,55.10,0.1000,46
2026-09-08,2497,怡利電,261868,11524021,44.00,44.30,43.90,43.90,-0.3500,257
2026-09-08,2498,宏達電,3851454,156942495,41.00,41.45,40.20,40.20,-0.8000,2890
2026-09-08,2501,國建,1185856,26581578,22.30,22.50,22.25,22.40,0.1000,435
2026-09-08,2504,國產,928674,29223814,31.40,31.60,31.25,31.60,0.3000,599
2026-09-08,2505,國揚,143895,2487174,17.25,17.40,17.20,17.25,0.0000,125
2026-09-08,2506,太設,63619,543392,8.57,8.58,8.51,8.58,0.0000,74
2026-09-08,2509,全坤建,46415,693367,14.85,15.00,14.85,14.95,0.0500,48
2026-09-08,2511,太子,685341,5827536,8.55,8.56,8.47,8.47,-0.0500,354
2026-09-08,2514,龍邦,59765,699043,11.75,11.75,11.60,11.60,-0.1500,100
2026-09-08,2515,中工,1720203,20531131,11.90,12.00,11.90,11.90,0.0000,596
2026-09-08,2516,新建,143188,2028730,14.10,14.25,14.10,14.10,0.0000,93
2026-09-08,2520,冠德,722466,26427363,36.60,36.80,36.25,36.80,0.2000,700
2026-09-08,2524,京城,78333,2790734,35.05,36.00,34.90,35.70,0.0000,73
2026-09-08,2527,宏璟,267876,11606908,43.80,43.80,42.95,43.35,-0.0500,249
2026-09-08,2528,皇普,118347,2367968,20.15,20.25,19.85,20.15,0.0500,106
2026-09-08,2530,華建,855690,16912731,19.65,19.90,19.60,19.85,0.1000,532
2026-09-08,2534,宏盛,144019,2445133,17.10,17.10,16.90,16.90,-0.0500,181
2026-09-08,2535,達欣工,101544,9068339,88.90,89.90,88.90,89.10,-0.1000,145
2026-09-08,2536,宏普,650753,12262799,18.85,18.95,18.80,18.85,0.0000,227
2026-09-08,2537,聯上發,276918,3143475,11.30,11.40,11.30,11.40,0.1000,171
2026-09-08,2538,基泰,273481,2428947,8.81,8.94,8.80,8.87,0.0800,215
2026-09-08,2539,櫻花建,950243,33644468,35.20,35.60,35.10,35.25,0.1000,526
2026-09-08,2540,愛山林,591170,28236255,47.00,48.20,46.70,48.20,1.3000,534
2026-09-08,2542,興富發,4033278,192297271,48.00,48.00,47.55,47.70,-0.3000,5164
2026-09-08,2543,皇昌,879180,34149973,38.65,39.20,38.35,39.05,0.4000,641
2026-09-08,2545,皇翔,188403,6581071,34.75,35.05,34.75,34.80,0.3000,181
2026-09-08,2546,根基,114460,11952399,104.50,105.00,103.50,105.00,-0.5000,326
2026-09-08,2547,日勝生,931719,9278743,10.00,10.00,9.94,9.96,0.0100,393
2026-09-08,2548,華固,440165,41557622,94.00,94.80,93.90,94.60,0.4000,587
2026-09-08,2597,潤弘,189046,32435533,172.00,172.50,170.00,171.00,0.0000,209
2026-09-08,2601,益航,1726038,11746082,6.80,6.85,6.77,6.80,0.0000,1052
2026-09-08,2603,長榮,6325453,1453747463,233.00,233.00,228.50,229.00,-4.0000,7021
2026-09-08,2605,新興,9484244,343956526,36.00,37.15,35.45,36.50,0.1500,5631
2026-09-08,2606,裕民,2421495,187798305,78.20,78.20,77.00,77.80,-0.8000,2128
2026-09-08,2607,榮運,247289,13119804,53.50,53.50,52.70,53.20,0.1000,244
2026-09-08,2608,嘉里大榮,107951,3074748,28.55,28.55,28.40,28.40,-0.1500,120
2026-09-08,2609,陽明,15542080,893707445,58.20,58.20,57.10,57.30,-0.8000,11075
2026-09-08,2610,華航,15148183,311489105,20.45,20.65,20.35,20.60,0.1500,4732
2026-09-08,2611,志信,1044992,14688599,14.25,14.25,13.95,14.00,-0.2500,561
2026-09-08,2612,中航,292164,18642504,63.80,64.20,63.30,64.00,0.0000,305
2026-09-08,2613,中櫃,283521,6449115,22.70,22.90,22.65,22.90,0.2000,296
2026-09-08,2614,東森,278641,5055784,18.10,18.20,18.10,18.15,0.1000,267
2026-09-08,2615,萬海,11368928,1274261617,114.50,115.00,111.00,112.00,-2.5000,11807
2026-09-08,2616,山隆,63799,852216,13.40,13.40,13.30,13.35,-0.0500,180
2026-09-08,2617,台航,1240620,40224194,32.90,32.90,32.20,32.35,-0.5500,1007
2026-09-08,2618,長榮航,10255863,433403572,42.05,42.45,41.80,42.45,0.3500,5060
2026-09-08,2630,亞航,709942,35143948,50.40,50.40,49.00,49.00,-0.8000,929
2026-09-08,2633,台灣高鐵,2675238,69813690,26.00,26.20,25.95,26.10,0.1000,1502
2026-09-08,2634,漢翔,20073721,1337627668,67.90,67.90,65.20,65.90,-0.4000,12890
2026-09-08,2636,台驊控股,168222,11588278,69.50,69.50,68.70,68.70,-0.8000,311
2026-09-08,2637,慧洋-KY,1829124,178817731,99.30,99.30,97.10,98.10,-1.1000,2256
2026-09-08,2642,宅配通,34034,692873,20.40,20.50,20.20,20.20,-0.2000,120
2026-09-08,2645,長榮航太,1095147,189648904,175.00,175.00,172.00,172.50,-1.5000,1425
2026-09-08,2646,星宇航空,6487081,135779694,21.90,21.90,20.55,20.60,0.1000,2531
2026-09-08,2701,萬企,66332,687825,10.40,10.40,10.35,10.35,-0.0500,44
2026-09-08,2702,華園,38110,486750,12.80,12.80,12.60,12.70,0.0000,57
2026-09-08,2704,國賓,77242,3529928,45.80,46.00,45.50,45.55,-0.0500,79
2026-09-08,2705,六福,35841,559616,15.60,15.70,15.55,15.60,-0.0500,119
2026-09-08,2706,第一店,157618,1922433,12.15,12.25,12.15,12.20,0.0000,138
2026-09-08,2707,晶華,123196,21927522,178.00,178.50,177.50,178.00,-1.0000,232
2026-09-08,2712,遠雄來,13003,188083,14.55,14.60,14.30,14.30,-0.3000,45
2026-09-08,2722,夏都,26274,567432,21.90,21.90,21.55,21.55,-0.3000,74
2026-09-08,2723,美食-KY,331809,27143169,83.00,83.00,81.00,81.70,-0.7000,621
2026-09-08,2727,王品,158491,36504847,229.00,231.50,229.00,230.00,0.0000,468
2026-09-08,2731,雄獅,229888,32965508,144.50,144.50,143.00,143.00,-1.5000,441
2026-09-08,2739,寒舍,20863,785623,38.00,38.00,37.55,37.70,-0.2500,186
2026-09-08,2748,雲品,174568,6855639,39.00,39.55,39.00,39.40,0.5500,218
2026-09-08,2753,八方雲集,66837,11982288,179.50,180.00,179.00,179.00,-0.5000,221
2026-09-08,2762,世界健身-KY,34896,2863609,81.60,82.40,81.60,81.80,-0.4000,94
2026-09-08,2801,彰銀,35457646,956211614,26.50,27.30,26.30,27.25,0.7500,9774
2026-09-08,2812,台中銀,10612005,205266496,19.30,19.50,19.10,19.40,0.1500,3034
2026-09-08,2816,旺旺保,179854,6997114,38.85,39.15,38.70,39.15,0.3500,166
2026-09-08,2820,華票,2638962,44688722,16.85,17.05,16.80,17.00,0.1500,649
2026-09-08,2832,台產,108536,6289180,57.90,58.20,57.80,58.00,0.1000,117
2026-09-08,2834,臺企銀,64877865,1137988807,17.20,17.70,17.10,17.70,0.5000,13499
2026-09-08,2836,高雄銀,1056940,12933991,12.15,12.30,12.15,12.25,0.0500,627
2026-09-08,2836A,高雄銀甲特,12060,289590,24.00,24.10,24.00,24.10,0.0500,7
2026-09-08,2838,聯邦銀,2715438,57411693,20.95,21.35,20.85,21.30,0.3500,1055
2026-09-08,2838A,聯邦銀甲特,22000,1142100,51.90,52.00,51.90,52.00,0.0000,11
2026-09-08,2845,遠東銀,12487760,169614553,13.75,13.75,13.45,13.70,-0.0500,3241
2026-09-08,2849,安泰銀,553577,8817146,15.70,16.20,15.60,16.20,0.5000,294
2026-09-08,2850,新產,106920,16866154,157.00,158.50,156.50,157.50,0.5000,254
2026-09-08,2851,中再保,2582791,117019809,44.50,45.70,44.50,45.65,0.7000,1540
2026-09-08,2852,第一保,173978,4882483,28.00,28.25,27.90,28.05,0.1000,151
2026-09-08,2855,統一證,5246454,272378746,52.20,52.30,51.20,52.20,0.2000,3407
2026-09-08,2880,華南金,13254248,595052169,44.50,45.25,44.10,45.15,0.8000,8802
2026-09-08,2881,富邦金,12457783,1865067138,149.50,150.50,148.00,149.00,-0.5000,6472
2026-09-08,2881A,富邦特,30985,1909436,61.60,61.70,61.60,61.70,0.0000,21
2026-09-08,2881B,富邦金乙特,71928,4376729,60.70,60.90,60.70,60.90,0.0000,32
2026-09-08,2881C,富邦金丙特,18883,972466,51.50,51.50,51.50,51.50,-0.1000,40
2026-09-08,2882,國泰金,19991277,2272611683,114.50,115.50,112.50,113.50,-1.0000,12986
2026-09-08,2882A,國泰特,71413,4313222,60.40,60.40,60.40,60.40,0.0000,30
2026-09-08,2882B,國泰金乙特,4024,236309,58.70,58.80,58.70,58.80,0.0000,6
2026-09-08,2883,凱基金,34505752,1288349759,36.90,37.60,36.75,37.30,0.3500,13406
2026-09-08,2883B,凱基金乙特,1579903,12962204,8.20,8.22,8.19,8.22,0.0100,224
2026-09-08,2884,玉山金,66912684,3013404846,43.55,45.65,43.40,45.55,2.0000,30135
2026-09-08,2885,元大金,15507453,1090344945,70.20,70.80,69.80,70.60,0.4000,7703
2026-09-08,2886,兆豐金,24420363,1231956698,49.85,50.70,49.75,50.60,0.4000,11107
2026-09-08,2887,台新新光金,67844119,2865321914,41.10,42.80,40.95,42.80,1.7000,22838
2026-09-08,2887E,台新新光戊特一,107161,5208829,48.65,48.65,48.60,48.60,-0.0500,88
2026-09-08,2887F,台新新光戊特二,19222,880443,45.80,45.85,45.80,45.80,0.0000,22
2026-09-08,2887G,台新新光庚特一,78148,3446405,44.10,44.15,44.10,44.15,0.0500,38
2026-09-08,2887H,台新新光庚特二,26515,1118841,42.25,42.25,42.20,42.25,0.0500,28
2026-09-08,2887I,台新新光辛特,1591494,15173264,9.53,9.54,9.53,9.53,-0.0100,474
2026-09-08,2887Z1,台新新光己特,239164,5234995,21.70,22.25,21.70,22.20,0.4500,101
2026-09-08,2889,國票金,12640762,209017237,16.45,16.70,16.35,16.60,0.1500,3086
2026-09-08,2890,永豐金,30010862,1296826792,42.35,43.50,42.15,43.45,0.8500,10440
2026-09-08,2891,中信金,28102434,1909132824,67.50,68.30,67.20,68.20,0.8000,10288
2026-09-08,2891B,中信金乙特,1223,75714,62.00,62.00,62.00,62.00,0.0000,3
2026-09-08,2891C,中信金丙特,12094,738634,61.00,61.40,61.00,61.40,-0.1000,16
2026-09-08,2892,第一金,28543044,1073486259,37.20,37.90,36.85,37.85,0.5500,10577
2026-09-08,2897,王道銀行,3694946,40115830,10.75,10.95,10.70,10.95,0.2000,872
2026-09-08,2897B,王道銀乙特,55230,648075,11.70,11.75,11.70,11.75,0.1000,24
2026-09-08,2901,欣欣,19100,451473,23.75,23.75,23.30,23.75,0.0500,64
2026-09-08,2903,遠百,1039929,23316660,22.25,22.55,22.20,22.45,0.2000,720
2026-09-08,2904,匯僑,22083,279460,12.70,12.70,12.60,12.70,0.0500,64
2026-09-08,2905,三商,1332893,24065430,17.90,18.40,17.65,18.25,0.3500,675
2026-09-08,2906,高林,120327,1649381,13.75,13.80,13.60,13.75,0.0000,79
2026-09-08,2908,特力,246093,5459187,22.15,22.35,22.05,22.25,0.0000,105
2026-09-08,2910,統領,9040,218772,24.20,24.35,24.05,24.05,0.3000,10
2026-09-08,2911,麗嬰房,39269,250770,6.39,6.47,6.30,6.42,0.0300,104
2026-09-08,2912,統一超,1948723,423434286,215.50,218.50,215.00,217.00,2.0000,2066
2026-09-08,2913,農林,463261,5088457,11.00,11.05,10.95,11.00,0.0500,248
2026-09-08,2915,潤泰全,1332452,75986367,57.00,57.60,56.40,57.40,0.7000,772
2026-09-08,2923,鼎固-KY,112876,2992924,27.20,27.50,25.55,26.70,-0.4000,167
2026-09-08,2929,淘帝-KY,33290,189031,5.70,5.73,5.63,5.71,-0.0100,85
2026-09-08,2939,永邑-KY,8401,167770,19.75,20.00,19.75,20.00,0.2500,40
2026-09-08,2945,三商家購,653,26457,,,,,0.0000,42
2026-09-08,3002,歐格,66040,1148809,17.40,17.50,17.25,17.35,0.0500,161
2026-09-08,3003,健和興,1588467,93357931,59.60,59.90,58.10,58.70,-0.3000,1248
2026-09-08,3004,豐達科,282107,34246493,122.00,122.50,120.50,121.00,1.0000,452
2026-09-08,3005,神基,1571494,176868799,113.00,113.50,112.00,112.50,-0.5000,1393
2026-09-08,3006,晶豪科,18083273,5389079212,298.50,306.00,291.50,298.50,1.5000,24042
2026-09-08,3008,大立光,1975094,12757771195,6430.00,6660.00,6350.00,6500.00,-160.0000,30855
2026-09-08,3010,華立,337014,43047120,129.50,129.50,127.00,127.00,-2.5000,440
2026-09-08,3011,今皓,1670722,16575056,10.00,10.10,9.78,9.97,-0.0300,729
2026-09-08,3013,晟銘電,944628,80039907,86.50,86.90,83.80,83.80,-2.5000,1447
2026-09-08,3014,聯陽,555777,72566909,133.00,133.00,130.00,130.00,-2.0000,772
2026-09-08,3015,全漢,186113,9776265,53.00,53.20,52.30,52.40,-0.6000,239
2026-09-08,3016,嘉晶,11481206,1202736587,102.00,108.50,101.00,101.50,1.0000,7874
2026-09-08,3017,奇鋐,3350997,11125560060,3455.00,3455.00,3245.00,3285.00,-135.0000,18392
2026-09-08,3018,隆銘綠能,50412,576379,11.60,11.60,11.20,11.20,-0.4000,169
2026-09-08,3019,亞光,3749025,526879742,141.50,143.50,138.50,138.50,-3.5000,3964
2026-09-08,3021,鴻名,1338642,33962255,25.20,26.70,24.35,25.10,-0.3500,1153
2026-09-08,3022,威強電,3966075,345178231,89.40,89.40,85.50,86.40,-5.1000,3700
2026-09-08,3023,信邦,1362519,441234744,339.50,339.50,318.00,323.00,-16.5000,3772
2026-09-08,3024,憶聲,1104427,15387945,14.45,14.45,13.70,13.80,-0.5000,548
2026-09-08,3025,星通,173371,8768944,50.50,51.30,50.00,50.40,-0.5000,225
2026-09-08,3026,禾伸堂,11962376,9027794980,750.00,776.00,738.00,747.00,-24.0000,16691
2026-09-08,3027,盛達,159512,2876124,18.00,18.35,17.90,18.05,0.0000,191
2026-09-08,3028,增你強,965578,60743109,64.10,64.40,62.20,62.30,-1.1000,1142
2026-09-08,3029,零壹,2431884,276296892,112.50,115.50,111.50,111.50,2.0000,2146
2026-09-08,3030,德律,1837612,502104084,277.00,278.00,268.50,270.00,-12.0000,4108
2026-09-08,3031,佰鴻,445010,10687703,24.40,24.50,23.80,23.80,-0.8000,425
2026-09-08,3032,偉訓,197789,15565082,79.20,79.20,78.30,78.60,0.0000,182
2026-09-08,3033,威健,2464313,106574638,43.50,43.70,42.80,43.30,0.0500,1875
2026-09-08,3034,聯詠,2042980,1085106937,543.00,543.00,524.00,534.00,-6.0000,3255
2026-09-08,3035,智原,2837813,502855334,182.00,183.00,174.50,175.00,-4.0000,3580
2026-09-08,3036,文曄,5644207,1071022720,193.50,193.50,188.00,189.50,-3.0000,6503
2026-09-08,3037,欣興,17812108,17042118575,964.00,975.00,939.00,954.00,5.0000,34523
2026-09-08,3038,全台,246952,4950468,20.10,20.35,19.95,20.00,-0.1000,222
2026-09-08,3040,遠見,118849,4184266,35.20,35.80,34.70,35.80,0.1000,278
2026-09-08,3041,揚智,437292,9939684,23.35,23.35,22.50,22.50,-0.4000,449
2026-09-08,3042,晶技,5736921,1002682602,178.00,181.00,171.50,172.00,-4.5000,6062
2026-09-08,3043,科風,66223,1377827,20.90,21.00,20.70,20.85,-0.1000,99
2026-09-08,3044,健鼎,1287611,630749314,498.50,499.00,483.50,484.00,-9.0000,2916
2026-09-08,3045,台灣大,4457218,524569988,116.50,118.00,116.50,118.00,1.0000,1993
2026-09-08,3046,建碁,278687,15036857,54.60,54.60,53.80,54.00,-0.4000,231
2026-09-08,3047,訊舟,378337,5033694,13.55,13.55,13.25,13.25,-0.1500,306
2026-09-08,3048,益登,1473165,77296312,53.40,53.90,51.90,52.00,-1.5000,1514
2026-09-08,3049,精金,4528862,57172244,12.85,12.95,12.50,12.50,-0.2500,2608
2026-09-08,3050,鈺德,357146,4022172,11.45,11.45,11.20,11.30,-0.1000,285
2026-09-08,3051,力特,450697,9642986,21.55,21.70,21.20,21.25,-0.2500,343
2026-09-08,3052,夆典,133865,1399233,10.45,10.50,10.40,10.50,0.0500,133
2026-09-08,3054,立萬利,189041,11014127,58.50,60.10,56.90,57.00,-0.8000,522
2026-09-08,3055,蔚華科,8161748,1152877218,135.50,146.00,135.50,146.00,11.5000,7854
2026-09-08,3056,富華新,347504,4849209,14.00,14.05,13.90,13.95,-0.1000,267
2026-09-08,3057,喬鼎,60831,1024609,16.85,17.00,16.60,16.60,-0.4500,156
2026-09-08,3058,立德,433080,3484165,8.09,8.10,8.00,8.02,0.0200,281
2026-09-08,3059,華晶科,1574545,60968802,39.05,39.20,38.40,38.50,-0.5000,1455
2026-09-08,3060,銘異,652758,17018549,26.35,26.45,25.90,25.95,-0.2500,663
2026-09-08,3062,建漢,635424,12989169,20.75,20.75,20.35,20.40,-0.1000,470
2026-09-08,3090,日電貿,4056114,685703420,171.00,172.00,167.50,167.50,-4.0000,8223
2026-09-08,3092,鴻碩,160743,3804623,23.55,23.85,23.50,23.65,0.1000,201
2026-09-08,3094,聯傑,10973412,462566055,44.75,45.80,40.60,41.25,-3.5500,7906
2026-09-08,3130,一零四,12907,2707499,210.00,210.00,209.00,210.00,0.0000,103
2026-09-08,3135,凌航,659184,114032363,173.00,174.50,171.00,171.00,-2.0000,909
2026-09-08,3138,耀登,137501,12656358,94.10,94.10,91.20,91.20,-2.4000,390
2026-09-08,3149,正達,2386590,144614243,61.20,61.60,60.00,60.20,-0.6000,2587
2026-09-08,3150,鈺寶-創,92383,1473923,16.35,16.55,15.70,16.10,-0.5500,69
2026-09-08,3164,景岳,12734,202573,15.85,16.00,15.75,15.75,-0.2000,90
2026-09-08,3167,大量,16040426,14952181089,871.00,971.00,871.00,938.00,55.0000,29290
2026-09-08,3168,眾福科,23171,1001743,43.25,43.50,43.10,43.50,0.4000,54
2026-09-08,3189,景碩,11072227,8940456936,822.00,832.00,792.00,800.00,-13.0000,25961
2026-09-08,3209,全科,1133810,51562820,46.35,46.35,45.35,45.35,-0.5500,924
2026-09-08,3229,晟鈦,2773017,149504673,50.30,55.60,49.00,55.20,4.6000,2825
2026-09-08,3231,緯創,123233695,22910532283,189.00,189.00,182.50,186.50,-10.5000,67799
2026-09-08,3257,虹冠電,501217,24109687,49.10,49.85,47.80,47.80,-1.3000,412
2026-09-08,3266,昇陽,24105,336479,14.00,14.05,13.90,14.00,-0.0500,17
2026-09-08,3296,勝德,11176,268752,24.05,24.20,24.00,24.00,-0.2500,64
2026-09-08,3305,昇貿,3067841,322046502,108.50,109.00,103.00,103.50,-6.0000,3479
2026-09-08,3308,聯德,21493,469978,22.30,22.30,21.70,21.75,-0.1500,75
2026-09-08,3311,閎暉,134953,4258860,32.00,32.00,31.40,31.55,-0.2000,198
2026-09-08,3312,弘憶股,869514,44123924,51.50,51.80,50.10,50.10,0.0000,773
2026-09-08,3321,同泰,252186,4376283,17.70,17.80,17.15,17.20,-0.5000,192
2026-09-08,3338,泰碩,2118978,147943700,68.30,71.80,67.40,68.20,2.2000,2525
2026-09-08,3346,麗清,227329,4212486,18.70,18.70,18.30,18.40,-0.3000,270
2026-09-08,3356,奇偶,416766,24903954,59.80,60.10,59.50,59.60,-0.7000,1075
2026-09-08,3376,新日興,2819423,580312771,208.00,210.00,203.00,203.50,-3.0000,3506
2026-09-08,3380,明泰,3060824,92027472,30.20,30.55,29.75,29.90,0.0500,1710
2026-09-08,3406,玉晶光,1972893,1993222953,987.00,1050.00,970.00,1010.00,23.0000,5391
2026-09-08,3413,京鼎,600878,169659502,285.00,286.00,281.00,281.50,-2.5000,1044
2026-09-08,3416,融程電,1024018,166204406,165.00,166.50,160.50,160.50,-9.0000,1633
2026-09-08,3419,譁裕,296550,3357484,11.50,11.60,11.25,11.25,-0.2500,153
2026-09-08,3432,台端,12531,177642,14.25,14.25,14.10,14.10,-0.2500,13
2026-09-08,3437,榮創,264138,4766682,18.10,18.25,17.80,17.95,0.0000,377
2026-09-08,3443,創意,1602965,9512725720,5940.00,6100.00,5730.00,5960.00,25.0000,7201
2026-09-08,3447,展達,48739,1381583,28.85,28.85,28.10,28.10,-0.7500,88
2026-09-08,3450,聯鈞,2990181,1619897526,585.00,585.00,527.00,527.00,-58.0000,10606
2026-09-08,3481,群創,188143635,9315338344,50.00,50.60,48.80,48.80,-1.1500,84439
2026-09-08,3494,誠研,60049,421272,7.16,7.16,6.95,7.08,-0.0200,54
2026-09-08,3501,維熹,55555,2202725,39.50,39.85,39.50,39.55,-0.0500,95
2026-09-08,3504,揚明光,1740496,146020123,84.50,86.00,82.60,83.20,-1.3000,1951
2026-09-08,3515,華擎,574568,129356634,231.50,232.00,221.50,221.50,-9.5000,3570
2026-09-08,3518,柏騰,513193,15103238,29.80,30.35,29.10,29.10,-0.6500,480
2026-09-08,3528,安馳,178681,14630331,83.30,83.30,81.30,81.30,-1.7000,251
2026-09-08,3530,晶相光,101169,5841536,59.40,59.40,56.50,56.80,-0.8000,230
2026-09-08,3532,台勝科,9378177,3918611910,415.00,438.50,397.00,398.00,-5.0000,11769
2026-09-08,3533,嘉澤,679777,1117337600,1690.00,1695.00,1610.00,1620.00,-75.0000,6275
2026-09-08,3535,晶彩科,1601469,145116011,92.00,93.30,88.30,89.20,-1.7000,1692
2026-09-08,3543,州巧,1277806,55958444,44.35,44.90,43.20,43.35,-1.0500,1215
2026-09-08,3545,敦泰,578481,29538971,51.30,51.60,50.20,51.10,0.1000,485
2026-09-08,3550,聯穎,689530,15648755,22.70,23.05,22.50,22.65,-0.3000,540
2026-09-08,3557,嘉威,15848,385853,24.45,24.50,24.20,24.50,0.0000,56
2026-09-08,3563,牧德,297279,207367150,708.00,709.00,691.00,695.00,-4.0000,862
2026-09-08,3576,聯合再生,3627139,61378973,17.05,17.10,16.85,16.90,-0.1500,1962
2026-09-08,3583,辛耘,1736193,1292771627,733.00,764.00,723.00,740.00,18.0000,3316
2026-09-08,3588,通嘉,407029,21998498,54.00,55.50,52.40,52.40,-0.8000,447
2026-09-08,3591,艾笛森,980618,22961387,23.65,23.80,23.10,23.40,-0.2000,1098
2026-09-08,3592,瑞鼎,336605,73952236,223.50,223.50,218.50,218.50,-3.0000,674
2026-09-08,3593,力銘,5355,55475,10.35,10.40,10.35,10.40,-0.1000,15
2026-09-08,3596,智易,1540332,241430192,159.50,159.50,155.00,155.50,-4.0000,2076
2026-09-08,3605,宏致,16952861,2159676202,122.00,132.50,120.00,124.00,3.5000,14031
2026-09-08,3607,谷崧,256224,3466589,13.70,13.70,13.40,13.55,-0.1500,191
2026-09-08,3617,碩天,322028,80068208,252.00,252.50,244.50,245.00,-3.5000,484
2026-09-08,3622,洋華,357385,17893374,50.40,50.50,49.60,49.60,0.0000,405
2026-09-08,3645,達邁,4826440,353897417,71.80,74.50,71.00,73.70,1.9000,4379
2026-09-08,3652,精聯,51094,1645473,32.45,32.50,32.00,32.00,-0.4000,173
2026-09-08,3653,健策,990252,5523289740,5700.00,5720.00,5480.00,5550.00,-105.0000,5765
2026-09-08,3661,世芯-KY,1620933,6523980920,4090.00,4105.00,3985.00,4030.00,-10.0000,8651
2026-09-08,3665,貿聯-KY,3246234,6422307915,2070.00,2070.00,1930.00,1935.00,-135.0000,26795
2026-09-08,3669,圓展,192211,6325300,33.40,33.40,32.75,32.75,-0.3000,202
2026-09-08,3673,TPK-KY,3450909,223227803,66.30,66.80,63.70,63.90,-1.9000,3108
2026-09-08,3679,新至陞,24352,2611851,107.50,107.50,106.50,107.50,-0.5000,76
2026-09-08,3686,達能,20140,286710,14.15,14.55,14.15,14.20,-0.2000,110
2026-09-08,3694,海華,685411,34134307,50.50,50.50,49.15,49.40,-1.1000,686
2026-09-08,3701,大眾控,498043,20253180,40.50,41.35,40.35,40.60,-0.4000,552
2026-09-08,3702,大聯大,3765681,393522413,105.50,105.50,103.50,104.50,-0.5000,2758
2026-09-08,3703,欣陸,380111,7528547,19.80,19.90,19.70,19.85,0.1000,301
2026-09-08,3704,合勤控,1557833,61208448,39.80,40.15,38.90,38.90,-0.8000,1071
2026-09-08,3705,永信,301995,16973971,56.50,56.50,56.00,56.10,-0.3000,248
2026-09-08,3706,神達,16006347,1465870708,92.70,92.70,91.10,91.30,-1.3000,12844
2026-09-08,3708,上緯投控,324742,32416663,99.60,100.00,99.30,99.60,0.0000,311
2026-09-08,3711,日月光投控,13336567,8220755524,619.00,623.00,608.00,618.00,-3.0000,18211
2026-09-08,3712,永崴投控,429005,8845670,20.65,20.75,20.55,20.65,0.0000,897
2026-09-08,3714,富采,11427655,755237406,66.80,67.50,64.60,64.90,-2.3000,10037
2026-09-08,3715,定穎投控,12850292,1636196114,124.50,130.50,124.00,126.50,7.0000,10619
2026-09-08,3716,中化控股,179928,6143437,33.90,34.30,33.90,34.00,0.1000,275
2026-09-08,3717,聯嘉投控,1473154,31687391,21.95,21.95,21.30,21.40,-0.4500,898
2026-09-08,4104,佳醫,76342,5422910,71.00,71.20,70.90,71.10,-0.1000,277
2026-09-08,4106,雃博,105217,2553306,24.35,24.50,24.10,24.50,0.0500,175
2026-09-08,4108,懷特,134299,1512431,11.30,11.45,11.20,11.20,-0.2000,144
2026-09-08,4119,旭富,281897,15033711,54.60,54.60,52.20,53.80,-0.8000,279
2026-09-08,4133,亞諾法,96061,1961181,20.50,20.55,20.20,20.30,-0.2000,226
2026-09-08,4137,麗豐-KY,227060,17609322,78.00,78.10,77.10,77.10,-1.0000,313
2026-09-08,4142,國光生,653045,11504471,17.85,17.85,17.55,17.55,-0.1500,419
2026-09-08,4148,全宇生技-KY,10729,335443,31.10,31.30,31.10,31.10,-0.5500,55
2026-09-08,4155,訊映,80397,1140748,14.30,14.30,14.15,14.15,-0.1500,372
2026-09-08,4164,承業醫,166514,4322093,25.95,26.15,25.80,25.80,-0.1000,212
2026-09-08,4169,泰宗,120659,18106123,152.00,152.00,149.00,149.00,-1.5000,260
2026-09-08,4178,永笙-KY,65393,1101629,16.90,16.95,16.80,16.85,-0.1500,41
2026-09-08,4190,佐登-KY,5943,154354,25.85,26.00,25.85,26.00,0.0000,53
2026-09-08,4195,基米-創,95929,1307497,13.70,13.90,13.45,13.80,0.0500,114
2026-09-08,4306,炎洲,930151,14055543,15.00,15.25,15.00,15.10,0.1000,382
2026-09-08,4414,如興,96522,789470,8.17,8.26,8.14,8.16,0.0900,76
2026-09-08,4426,利勤,84686,640670,7.52,7.60,7.52,7.55,-0.0400,57
2026-09-08,4438,廣越,121495,6962371,57.80,57.80,57.00,57.60,-0.3000,118
2026-09-08,4439,冠星-KY,17459,1664336,95.50,96.10,94.90,96.10,-0.2000,312
2026-09-08,4440,宜新實業,14784,260075,17.55,17.65,17.55,17.60,-0.1000,67
2026-09-08,4441,振大環球,40920,7134794,173.00,175.50,172.50,175.00,0.5000,473
2026-09-08,4526,東台,7125604,233738952,32.50,33.45,31.95,32.15,-0.2000,4477
2026-09-08,4532,瑞智,731282,17340613,23.55,23.80,23.55,23.75,0.2500,388
2026-09-08,4536,拓凱,106217,17346113,163.00,164.50,162.50,162.50,-0.5000,138
2026-09-08,4540,全球傳動,1484966,86284845,59.80,59.80,57.50,57.70,-2.1000,1786
2026-09-08,4545,銘鈺,37807,1200589,31.90,31.90,31.50,31.65,-0.7000,93
2026-09-08,4551,智伸科,976163,159874071,168.00,168.00,162.00,163.00,-4.5000,1056
2026-09-08,4552,力達-KY,405959,6546417,16.50,16.50,16.00,16.05,-0.4000,217
2026-09-08,4555,氣立,354730,15372576,44.60,44.75,42.80,42.95,-1.9500,413
2026-09-08,4557,永新-KY,27513,1377643,50.20,50.20,49.55,49.65,-0.1500,111
2026-09-08,4560,強信-KY,187751,5413420,28.80,29.25,28.60,29.15,0.5500,145
2026-09-08,4562,穎漢,103634,3114815,30.40,30.50,29.80,30.05,-0.4500,175
2026-09-08,4564,元翎,821169,12947456,16.00,16.00,15.70,15.80,-0.1500,470
2026-09-08,4566,時碩工業,647852,40759650,63.50,63.60,62.60,62.70,-0.9000,690
2026-09-08,4569,六方科-KY,95974,16750403,177.00,178.00,171.50,171.50,-6.0000,1828
2026-09-08,4571,鈞興-KY,92157,14379285,158.00,158.00,155.00,155.00,-3.0000,234
2026-09-08,4572,駐龍,19554,2785645,143.00,143.50,141.50,141.50,-1.5000,92
2026-09-08,4576,大銀微系統,4225651,1014282995,249.50,252.00,230.50,235.50,-11.5000,15263
2026-09-08,4581,光隆精密-KY,434,21180,,,,,0.0000,79
2026-09-08,4582,聚恆-創,42806,987886,23.25,23.25,23.00,23.00,-0.0500,81
2026-09-08,4583,台灣精銳,52009,24061717,461.00,467.50,459.00,463.00,1.0000,221
2026-09-08,4585,達明,304054,89936652,299.50,299.50,294.00,297.00,-0.5000,542
2026-09-08,4588,玖鼎電力,37752,1922768,51.70,51.70,50.20,51.40,-0.7000,90
2026-09-08,4590,富田-創,195382,17408866,89.50,90.00,88.50,89.10,-0.5000,221
2026-09-08,4720,德淵,277279,5102659,18.50,18.60,18.20,18.50,0.0500,223
2026-09-08,4722,國精化,1129829,220193526,202.00,202.00,190.50,193.00,-7.0000,1455
2026-09-08,4736,泰博,260921,32397206,124.50,125.00,123.00,124.50,-1.0000,285
2026-09-08,4737,華廣,82691,4805075,58.70,58.80,57.20,58.80,-0.2000,92
2026-09-08,4739,康普,667204,54752903,82.60,82.80,81.60,82.10,-0.4000,751
2026-09-08,4746,台耀,823677,37688680,46.40,46.40,45.50,45.55,-0.8500,689
2026-09-08,4755,三福化,285434,32773569,117.00,117.00,114.00,115.00,-1.0000,344
2026-09-08,4763,材料*-KY,5671156,281318118,50.50,50.80,49.15,49.15,-1.4500,4176
2026-09-08,4764,雙鍵,733389,161521267,226.50,227.00,217.00,218.50,-9.5000,933
2026-09-08,4766,南寶,139314,47971275,346.00,347.00,342.50,346.00,1.5000,303
2026-09-08,4770,上品,515629,122008369,239.00,240.00,233.00,234.00,-5.0000,626
2026-09-08,4771,望隼,355982,75196208,213.00,214.00,207.50,211.50,5.5000,1448
2026-09-08,4807,日成-KY,183312,5119659,28.30,28.65,27.40,27.60,0.2000,206
2026-09-08,4904,遠傳,3937909,406850250,102.00,104.00,102.00,104.00,2.0000,2018
2026-09-08,4906,正文,4312150,156500059,36.85,36.95,35.80,36.10,-0.7000,2584
2026-09-08,4912,聯德控股-KY,377069,38102150,102.00,102.00,99.70,100.50,-1.5000,589
2026-09-08,4915,致伸,1685600,101910140,60.00,60.70,60.00,60.50,0.3000,1391
2026-09-08,4916,事欣科,1393046,133892282,97.40,97.40,95.30,95.30,-1.8000,2694
2026-09-08,4919,新唐,2625723,313462835,124.50,124.50,117.50,118.00,-4.5000,2852
2026-09-08,4927,泰鼎-KY,7483397,330772964,44.10,46.00,42.80,43.05,0.0500,5180
2026-09-08,4930,燦星網,6961,113982,16.30,16.30,16.20,16.20,0.0000,60
2026-09-08,4934,太極,272653,3749229,13.70,13.90,13.60,13.70,0.1000,169
2026-09-08,4935,茂林-KY,77227,2552722,33.10,33.10,32.85,33.10,0.0000,103
2026-09-08,4938,和碩,11774680,1074368050,92.70,92.80,90.10,91.70,-1.9000,6921
2026-09-08,4942,嘉彰,99851,3278951,33.00,33.00,32.75,32.75,-0.2500,104
2026-09-08,4943,康控-KY,49548,343049,6.86,7.00,6.86,7.00,0.3900,68
2026-09-08,4949,有成精密,333569,25642891,77.00,77.80,76.40,76.50,-0.7000,509
2026-09-08,4952,凌通,439269,21633211,51.10,51.10,48.50,48.60,-2.0000,457
2026-09-08,4956,光鋐,1610806,55847275,35.10,35.45,34.10,34.10,-1.0000,1228
2026-09-08,4958,臻鼎-KY,33442577,17072598189,516.00,524.00,500.00,505.00,4.0000,44250
2026-09-08,4960,誠美材,1561141,32206052,21.00,21.05,20.45,20.65,-0.3500,905
2026-09-08,4961,天鈺,3232322,564542796,171.50,179.00,168.00,177.50,12.0000,5969
2026-09-08,4967,十銓,7121214,2022957014,283.00,287.50,280.50,280.50,3.0000,7489
2026-09-08,4968,立積,408887,36505791,91.10,91.10,88.60,89.00,-1.3000,790
2026-09-08,4976,佳凌,1726227,64031706,37.20,37.80,36.70,36.70,-0.5000,1309
2026-09-08,4977,眾達-KY,2716824,475156259,180.00,180.00,170.00,173.00,-6.5000,3390
2026-09-08,4989,榮科,2454256,149618713,61.80,62.20,60.30,60.30,-1.5000,3343
2026-09-08,4994,傳奇,6687,548287,81.70,83.00,81.20,81.90,0.2000,178
2026-09-08,4999,鑫禾,53875,979009,18.35,18.35,18.05,18.05,-0.3000,175
2026-09-08,5007,三星,54849,3101958,56.10,56.60,56.00,56.60,0.0000,38
2026-09-08,5203,訊連,239909,13693694,57.70,57.70,56.60,56.60,-1.6000,322
2026-09-08,5215,科嘉-KY,30988,1195697,38.80,38.95,38.30,38.40,-0.6000,101
2026-09-08,5222,全訊,165821,17278597,105.50,105.50,103.50,104.00,-1.5000,299
2026-09-08,5225,東科-KY,364090,20142676,56.70,56.80,54.70,54.70,-1.7000,451
2026-09-08,5234,達興材料,189626,56648847,302.00,302.00,296.00,296.00,-6.0000,722
2026-09-08,5236,凌陽創新,105112,14192568,138.00,138.00,134.00,134.50,-3.0000,444
2026-09-08,5243,乙盛-KY,1133051,105478744,95.40,95.50,91.40,91.60,-3.8000,2026
2026-09-08,5244,弘凱,114214,3960723,34.60,35.00,34.40,34.50,0.2500,151
2026-09-08,5258,虹堡,680239,30731302,47.40,47.40,44.30,44.30,-1.6000,581
2026-09-08,5269,祥碩,468647,660409605,1440.00,1445.00,1395.00,1400.00,-40.0000,2402
2026-09-08,5283,禾聯碩,76378,4134535,53.90,54.30,53.90,54.00,-0.1000,150
2026-09-08,5284,jpp-KY,366710,114369777,320.00,320.00,308.00,309.50,-9.0000,1965
2026-09-08,5285,界霖,769712,66712899,87.80,88.20,85.40,85.90,-1.8000,1149
2026-09-08,5288,豐祥-KY,120363,22582611,190.00,190.50,186.00,186.00,-5.0000,170
2026-09-08,5292,華懋,79586,17303369,220.00,220.50,215.00,217.50,-2.5000,1310
2026-09-08,5306,桂盟,45655,4236229,93.30,93.40,92.30,92.70,-0.4000,232
2026-09-08,5388,中磊,4057357,300911982,75.70,75.80,73.30,73.50,-1.8000,3873
2026-09-08,5434,崇越,577176,307687051,546.00,546.00,529.00,532.00,-9.0000,1317
2026-09-08,5469,瀚宇博,914139,65460636,72.60,72.70,71.10,71.10,-1.2000,1016
2026-09-08,5471,松翰,4871986,273787573,59.00,59.00,55.00,55.00,-6.0000,4387
2026-09-08,5484,慧友,832855,35132641,39.60,43.30,38.85,43.30,3.9000,741
2026-09-08,5515,建國,211461,10925229,51.80,52.10,51.30,52.10,0.3000,221
2026-09-08,5519,隆大,270007,7232673,26.80,26.85,26.70,26.80,0.0000,254
2026-09-08,5521,工信,880559,9309837,10.55,10.65,10.50,10.55,0.0000,326
2026-09-08,5522,遠雄,212521,13523124,63.30,63.90,63.10,63.60,0.3000,221
2026-09-08,5525,順天,80555,1781170,22.25,22.25,22.05,22.20,-0.0500,58
2026-09-08,5531,鄉林,430159,3130445,7.23,7.31,7.22,7.24,0.0200,233
2026-09-08,5533,皇鼎,128830,1782912,14.00,14.00,13.65,13.90,0.0000,41
2026-09-08,5534,長虹,219909,16643991,75.60,76.00,75.20,75.90,0.3000,235
2026-09-08,5538,東明-KY,44369,1642326,37.55,37.55,36.65,36.80,-0.2000,45
2026-09-08,5546,永固-KY,89056,1314704,15.00,15.60,14.40,14.60,-0.3500,114
2026-09-08,5607,遠雄港,703208,38628375,55.00,55.70,54.60,54.90,-0.3000,1524
2026-09-08,5608,四維航,2391936,41057329,17.30,17.30,17.05,17.25,-0.0500,1109
2026-09-08,5706,鳳凰,85168,3812096,45.40,45.40,44.65,44.85,-0.1500,248
2026-09-08,5871,中租-KY,9698513,1108623497,113.00,115.00,113.00,115.00,2.5000,5451
2026-09-08,5871A,中租-KY甲特,34111,3411106,100.00,100.00,100.00,100.00,0.0000,12
2026-09-08,5876,上海商銀,19081290,914318637,46.55,48.75,46.45,48.75,1.8000,7423
2026-09-08,5880,合庫金,20999269,558956280,26.45,26.85,26.20,26.85,0.3500,7284
2026-09-08,5906,台南-KY,565,21668,,,,,0.0000,21
2026-09-08,5907,大洋-KY,386324,1870806,4.94,4.94,4.78,4.80,-0.0500,112
2026-09-08,6005,群益證,4008690,130946681,32.90,32.95,32.45,32.65,-0.0500,2413
2026-09-08,6024,群益期,1181502,72003807,62.00,62.00,60.60,61.20,-1.7000,1336
2026-09-08,6108,競國,1446413,32363262,22.80,22.90,22.15,22.25,-0.7000,942
2026-09-08,6112,邁達特,440031,19819432,45.20,45.30,44.50,44.55,-0.7000,386
2026-09-08,6115,鎰勝,91489,4043666,44.30,44.40,44.00,44.10,0.0000,70
2026-09-08,6116,彩晶,24707474,354705731,14.35,14.50,14.10,14.30,0.1000,8194
2026-09-08,6117,迎廣,148919,9375549,63.10,63.20,62.60,62.60,-0.8000,201
2026-09-08,6120,達運,621940,7658177,12.45,12.45,12.20,12.20,-0.1500,387
2026-09-08,6128,上福,130572,2552987,19.75,19.75,19.40,19.45,-0.3500,113
2026-09-08,6133,金橋,4155855,102902967,25.15,25.20,24.20,24.50,-0.3000,2420
2026-09-08,6136,富爾特,189102,4652360,24.50,24.65,24.45,24.65,0.6000,234
2026-09-08,6139,亞翔,1159350,863969704,744.00,753.00,739.00,742.00,3.0000,3089
2026-09-08,6141,柏承,3064017,151791783,51.50,51.60,48.80,49.40,-2.5000,2302
2026-09-08,6142,友勁,166097,1420379,8.57,8.60,8.50,8.51,-0.0400,167
2026-09-08,6152,百一,514532,6904269,13.60,13.65,13.30,13.45,-0.0500,372
2026-09-08,6153,嘉聯益,2802158,49485550,17.40,18.10,17.30,17.40,0.0500,1356
2026-09-08,6155,鈞寶,964475,54945210,58.30,58.30,56.20,56.40,-1.8000,837
2026-09-08,6164,華興,418948,4886585,11.75,11.85,11.50,11.55,-0.1500,313
2026-09-08,6165,浪凡,433917,20837000,49.00,49.00,47.55,47.60,-1.1500,714
2026-09-08,6166,凌華,1558215,179615277,117.00,118.00,114.00,114.50,-1.5000,1714
2026-09-08,6168,宏齊,5198942,151674373,29.75,30.10,28.50,28.55,-0.8500,3359
2026-09-08,6176,瑞儀,1675053,152081989,92.40,92.40,90.20,91.10,-0.3000,4007
2026-09-08,6177,達麗,643443,30697519,47.40,48.00,47.20,47.75,0.3500,455
2026-09-08,6183,關貿,17235,1592602,92.50,92.50,91.70,92.50,0.0000,233
2026-09-08,6184,大豐電,144133,5736642,40.10,40.10,39.60,39.90,-0.2000,284
2026-09-08,6189,豐藝,427783,20115762,47.45,47.45,46.85,46.85,-0.7000,553
2026-09-08,6191,精成科,1082500,88989082,83.00,83.40,81.70,81.70,-1.1000,1430
2026-09-08,6192,巨路,79746,9136263,114.50,115.00,114.00,115.00,0.0000,116
2026-09-08,6196,帆宣,1322242,671038596,514.00,522.00,499.00,503.00,-11.0000,2907
2026-09-08,6197,佳必琪,1048510,318126089,310.00,310.00,300.00,300.50,-7.5000,4594
2026-09-08,6201,亞弘電,21759,967880,44.80,44.80,44.10,44.80,0.0000,67
2026-09-08,6202,盛群,1868060,106364641,59.10,59.10,56.40,56.90,-2.1000,1725
2026-09-08,6205,詮欣,213366,13750922,65.80,65.80,64.00,64.70,-0.5000,337
2026-09-08,6206,飛捷,957548,127830353,136.50,136.50,132.50,134.00,-2.0000,986
2026-09-08,6209,今國光,7464127,591504530,80.50,81.10,77.10,77.50,-1.6000,6278
2026-09-08,6213,聯茂,15951216,8219489956,521.00,539.00,500.00,510.00,-3.0000,18138
2026-09-08,6214,精誠,1357191,250847211,185.00,186.00,184.00,185.00,0.0000,1017
2026-09-08,6215,和椿,527807,50817068,98.00,98.80,95.00,95.60,-2.2000,718
2026-09-08,6216,居易,536087,10744575,20.40,20.40,19.80,19.85,-0.6000,336
2026-09-08,6224,聚鼎,2150301,184792807,89.00,89.00,84.60,84.60,-4.2000,7043
2026-09-08,6225,天瀚,84622,5192460,60.80,62.10,60.80,61.50,0.6000,113
2026-09-08,6226,光鼎,17602029,537414317,31.60,32.70,29.60,29.60,-2.8000,11177
2026-09-08,6230,尼得科超眾,37897,4135737,111.50,111.50,108.00,108.00,-5.0000,118
2026-09-08,6235,華孚,195147,7562478,39.40,39.40,38.40,38.40,-0.6000,236
2026-09-08,6239,力成,14541717,4084627222,285.00,290.50,274.00,275.50,-4.5000,17228
2026-09-08,6243,迅杰,370023,14154080,38.90,39.05,37.75,37.75,-1.3000,441
2026-09-08,6257,矽格,7134116,1504952157,217.50,218.50,208.00,209.00,-4.0000,8155
2026-09-08,6269,台郡,6142014,414321133,68.20,69.60,65.50,65.80,-2.0000,4792
2026-09-08,6271,同欣電,4123139,930429790,230.50,232.00,222.00,223.00,-9.5000,30469
2026-09-08,6272,驊陞,393566,11391548,29.50,29.50,28.60,28.60,-1.1000,352
2026-09-08,6277,宏正,171703,13435012,79.30,79.30,77.70,78.10,-1.5000,291
2026-09-08,6278,台表科,3990059,755947759,196.00,196.00,187.50,188.50,-6.5000,4827
2026-09-08,6281,全國電,16976,874319,51.60,51.60,51.40,51.40,-0.2000,95
2026-09-08,6282,康舒,5100061,222236735,44.35,44.75,43.15,43.25,-1.1000,4532
2026-09-08,6283,淳安,73315,1464746,20.15,20.15,19.85,20.05,0.0000,119
2026-09-08,6285,啟碁,2327055,555546276,241.00,245.00,235.50,236.00,-3.5000,3314
2026-09-08,6405,悅城,416013,16259274,39.35,39.80,38.65,38.65,-0.5500,918
2026-09-08,6409,旭隼,377702,364199140,982.00,985.00,954.00,958.00,-19.0000,1738
2026-09-08,6412,群電,1487988,112144170,77.10,77.10,74.60,74.70,-2.3000,1983
2026-09-08,6414,樺漢,1639469,621257516,389.00,389.00,375.00,376.00,-13.5000,3870
2026-09-08,6415,矽力*-KY,2783162,1145249344,420.00,420.00,406.00,410.00,-8.0000,4177
2026-09-08,6416,瑞祺電通,2854526,308706750,104.50,109.50,104.50,105.50,5.7000,3321
2026-09-08,6426,統新,8927916,2839134072,316.50,325.50,297.50,307.00,11.0000,13397
2026-09-08,6431,光麗-KY,15520,300383,19.55,19.55,19.25,19.25,-0.3000,77
2026-09-08,6438,迅得,251085,38694391,155.50,155.50,152.50,152.50,-3.0000,442
2026-09-08,6442,光聖,1850559,3200412730,1705.00,1775.00,1690.00,1695.00,-5.0000,5344
2026-09-08,6443,元晶,2764685,66692927,24.50,24.60,24.00,24.00,-0.6000,1888
2026-09-08,6446,藥華藥,4860872,6829452740,1345.00,1450.00,1345.00,1405.00,80.0000,11808
2026-09-08,6449,鈺邦,1749066,400979240,233.50,234.50,225.00,225.00,-6.5000,3026
2026-09-08,6451,訊芯-KY,2689560,1193595622,457.00,458.00,433.00,435.00,-13.5000,4589
2026-09-08,6456,GIS-KY,2827203,190054713,68.80,69.40,66.10,66.80,-2.0000,2805
2026-09-08,6464,台數科,6214,483616,77.00,78.00,77.00,78.00,0.0000,91
2026-09-08,6472,保瑞,650695,272347634,425.00,428.00,412.50,412.50,-3.5000,1553
2026-09-08,6477,安集,503720,17289818,34.80,34.80,34.20,34.20,-0.4000,432
2026-09-08,6491,晶碩,128416,48420902,379.50,381.00,375.00,376.00,-3.5000,347
2026-09-08,6504,南六,30118,1135098,37.70,38.10,37.35,37.35,-0.3500,46
2026-09-08,6505,台塑化,11368497,903910025,80.10,80.50,78.30,79.60,-0.1000,9810
2026-09-08,6515,穎崴,819272,6110561680,7290.00,7700.00,6945.00,7700.00,700.0000,8357
2026-09-08,6525,捷敏-KY,989725,130027016,135.00,136.00,129.50,130.50,-3.0000,1335
2026-09-08,6526,達發,335172,216042592,648.00,653.00,636.00,643.00,-1.0000,1060
2026-09-08,6531,愛普*,2388928,2267831314,979.00,979.00,924.00,931.00,-29.0000,4943
2026-09-08,6533,晶心科,1516453,391592243,256.50,261.50,252.50,256.00,-1.0000,2149
2026-09-08,6534,正瀚-創,33039,3051985,92.40,93.20,91.60,92.10,-0.3000,79
2026-09-08,6541,泰福-KY,203704,6482548,32.10,32.10,31.35,31.80,0.2000,214
2026-09-08,6550,北極星藥業-KY,2022559,20466936,10.25,10.35,9.99,10.15,-0.1500,621
2026-09-08,6552,易華電,28600,682769,24.10,24.10,23.70,23.75,-0.2500,236
2026-09-08,6558,興能高,207150,4936658,24.50,24.50,23.50,23.55,-0.7000,233
2026-09-08,6573,虹揚-KY,196787,3220174,16.45,16.95,16.20,16.30,0.1000,168
2026-09-08,6579,研揚,388630,57498737,152.00,152.50,146.50,147.50,-4.5000,898
2026-09-08,6581,鋼聯,39626,4410806,111.00,112.00,110.00,111.50,2.5000,87
2026-09-08,6582,申豐,13498,430397,31.90,32.00,31.70,31.95,0.0500,64
2026-09-08,6585,鼎基,138609,15538226,114.00,114.00,111.00,111.00,-3.0000,204
2026-09-08,6589,台康生技,490988,23300888,47.50,47.90,47.05,47.45,-0.0500,430
2026-09-08,6591,動力-KY,39716,1678208,42.00,42.50,42.00,42.10,0.0500,105
2026-09-08,6592,和潤企業,289057,17487362,60.30,60.90,60.20,60.30,-0.3000,286
2026-09-08,6592A,和潤企業甲特,10077,967284,96.00,96.10,95.90,95.90,0.0000,10
2026-09-08,6592B,和潤企業乙特,8374,795227,94.90,95.00,94.90,95.00,0.1000,15
2026-09-08,6598,ABC-KY,255878,7203594,27.40,28.70,27.35,28.40,1.3000,199
2026-09-08,6605,帝寶,185192,25231613,138.00,138.00,135.50,135.50,-2.0000,475
2026-09-08,6606,建德工業,138811,3585869,25.50,26.00,25.40,25.85,0.8000,119
2026-09-08,6614,資拓宏宇,15740,561864,35.85,35.85,35.55,35.85,0.0000,47
2026-09-08,6625,必應,69515,5258479,75.50,75.90,75.50,75.90,0.1000,235
2026-09-08,6641,基士德-KY,43322,747332,17.65,17.65,17.00,17.10,-0.1500,53
2026-09-08,6645,金萬林-創,49203,608849,12.25,12.55,12.20,12.20,0.0000,62
2026-09-08,6655,科定,20205,2465496,121.00,123.00,121.00,122.50,2.5000,61
2026-09-08,6657,華安,361956,11873278,30.80,33.45,30.50,33.45,3.0000,279
2026-09-08,6658,聯策,240032,41626501,177.00,178.50,171.50,171.50,-4.0000,347
2026-09-08,6666,羅麗芬-KY,26521,1180725,45.10,45.20,44.00,44.95,0.1500,98
2026-09-08,6668,中揚光,737832,29902926,41.20,41.20,40.05,40.20,-0.7000,656
2026-09-08,6669,緯穎,5080716,12065729035,2455.00,2485.00,2315.00,2340.00,-150.0000,75216
2026-09-08,6670,復盛應用,182864,50693756,276.00,279.00,273.50,279.00,3.0000,484
2026-09-08,6671,三能-KY,19992,461156,23.00,23.10,23.00,23.10,0.0000,57
2026-09-08,6672,騰輝電子-KY,7324357,2186933855,300.50,317.50,290.00,294.00,-5.5000,19793
2026-09-08,6674,鋐寶科技,22786,371855,16.50,16.65,16.15,16.15,-0.3500,58
2026-09-08,6689,伊雲谷,43306,2651219,61.20,61.50,60.90,61.00,-1.0000,136
2026-09-08,6691,洋基工程,258676,160057890,621.00,624.00,615.00,615.00,-9.0000,1080
2026-09-08,6695,芯鼎,503656,23845226,48.50,48.50,46.90,47.10,-1.5000,514
2026-09-08,6698,旭暉應材,93014,2930321,31.05,31.90,31.00,31.50,-0.1000,138
2026-09-08,6706,惠特,768978,95510360,123.50,126.50,122.50,123.00,-0.5000,890
2026-09-08,6715,嘉基,717970,236600814,333.00,340.00,322.00,325.00,-14.0000,1193
2026-09-08,6719,力智,842219,156003956,189.50,190.00,183.00,183.50,-6.5000,1933
2026-09-08,6722,輝創,42286,1374772,32.30,32.95,32.25,32.55,-0.3500,108
2026-09-08,6742,澤米,459382,20668006,44.20,46.10,43.60,44.25,0.0500,509
2026-09-08,6743,安普新,274697,7921127,28.50,29.05,28.40,29.00,0.3500,281
2026-09-08,6753,龍德造船,741569,100675798,137.50,138.00,134.00,134.50,-3.0000,1055
2026-09-08,6754,匯僑設計,11315,479796,41.60,42.75,41.60,42.75,0.1000,32
2026-09-08,6756,威鋒電子,187153,18573312,101.50,103.00,97.40,98.30,-1.6000,1294
2026-09-08,6757,台灣虎航,288253,15931750,55.30,55.50,55.00,55.40,-0.1000,431
2026-09-08,6768,志強-KY,114582,7308867,63.70,64.10,63.50,63.70,-0.1000,115
2026-09-08,6770,力積電,172801850,12658034103,73.20,75.30,71.90,72.40,-0.5000,97526
2026-09-08,6771,平和環保-創,16381,685048,42.40,42.40,41.50,41.80,0.0000,47
2026-09-08,6776,展碁國際,86687,4547323,52.50,52.60,52.30,52.40,-0.6000,123
2026-09-08,6781,AES-KY,327967,350557435,1090.00,1090.00,1055.00,1065.00,-15.0000,1463
2026-09-08,6782,視陽,245971,56978976,230.00,234.00,228.00,232.50,3.5000,2624
2026-09-08,6789,采鈺,1140485,535951947,477.00,480.00,463.00,463.00,-8.0000,2535
2026-09-08,6790,永豐實,56131,2136932,38.05,38.25,37.95,38.00,-0.1000,59
2026-09-08,6792,詠業,172941,10603221,60.40,63.00,59.80,60.20,0.0000,184
2026-09-08,6794,向榮生技,9416,708076,75.00,76.10,73.70,75.00,0.0000,40
2026-09-08,6796,晉弘,92371,5312985,59.70,59.70,56.70,56.80,-1.8000,129
2026-09-08,6799,來頡,125830,9901643,79.40,79.40,78.30,78.30,-1.3000,246
2026-09-08,6805,富世達,325778,710931680,2235.00,2235.00,2145.00,2155.00,-110.0000,2992
2026-09-08,6807,峰源-KY,1465,50521,33.35,33.35,33.35,33.35,-0.4000,8
2026-09-08,6830,汎銓,2067152,1226480128,580.00,609.00,574.00,576.00,-6.0000,3976
2026-09-08,6831,邁科,733589,412112748,576.00,578.00,551.00,560.00,-8.0000,1595
2026-09-08,6834,天二科技,7653879,770984282,100.00,105.00,97.80,98.70,1.7000,7974
2026-09-08,6835,圓裕,38197,1176151,31.40,31.40,30.40,31.15,-0.1500,71
2026-09-08,6838,台新藥,88065,2128008,24.30,24.40,23.75,23.95,-0.7500,164
2026-09-08,6854,錼創科技-KY創,203238,18817573,95.80,95.80,90.70,91.00,-4.1000,325
2026-09-08,6861,睿生光電,1596997,317572489,189.00,205.00,186.00,195.50,9.0000,1503
2026-09-08,6862,三集瑞-KY,90162,12505076,141.50,141.50,138.00,138.00,-2.5000,183
2026-09-08,6863,永道-KY,61257,6234907,103.00,103.00,101.00,101.00,-2.5000,152
2026-09-08,6869,雲豹能源,223942,14426599,66.10,66.10,64.00,64.10,-0.9000,381
2026-09-08,6873,泓德能源,126843,8686750,68.50,68.80,68.10,68.30,-0.3000,210
2026-09-08,6885,全福生技,559479,14140257,25.20,25.55,25.05,25.35,0.2000,425
2026-09-08,6887,寶綠特-KY,13690,519857,38.40,38.50,37.55,37.75,-0.2000,62
2026-09-08,6890,來億-KY,327605,53070643,166.00,166.00,160.50,162.00,-4.0000,429
2026-09-08,6901,鑽石投資,977186,14822633,15.10,15.35,14.90,15.25,0.3000,556
2026-09-08,6902,GOGOLOOK,58118,7343121,126.00,128.00,125.00,127.00,1.0000,108
2026-09-08,6906,現觀科,168082,14138036,86.50,86.60,80.90,81.90,-4.6000,353
2026-09-08,6908,宏碁遊戲-創,17372,541288,32.10,32.10,30.40,30.40,0.3000,48
2026-09-08,6909,創控,155372,6215392,40.10,40.35,39.85,39.95,-0.1500,182
2026-09-08,6914,阜爾運通,37298,4502081,120.50,121.00,120.50,120.50,-0.5000,110
2026-09-08,6916,華凌,175733,3421675,19.00,20.35,18.80,18.80,0.2500,210
2026-09-08,6918,愛派司,35708,2758616,77.70,77.70,76.90,77.50,-0.5000,68
2026-09-08,6919,康霈*,7796917,645731534,85.30,86.20,81.60,81.60,-3.6000,8221
2026-09-08,6921,嘉雨思-創,9515,604512,64.00,64.00,62.90,62.90,-1.1000,30
2026-09-08,6923,中台,27811,2118983,76.60,76.70,75.90,76.40,-0.2000,88
2026-09-08,6924,榮惠-KY創,46988,5991124,127.00,130.00,123.50,125.50,0.5000,103
2026-09-08,6928,攸泰科技,46300,2230367,47.90,48.75,47.75,48.00,0.1000,84
2026-09-08,6931,青松健康,40054,1630084,40.70,40.80,40.60,40.65,-0.3500,74
2026-09-08,6933,AMAX-KY,345717,110751247,322.50,325.00,315.00,317.50,4.5000,782
2026-09-08,6934,心誠鎂,34449,2636475,78.80,78.80,75.30,76.80,-0.8000,356
2026-09-08,6936,永鴻生技,16006,522911,32.85,32.90,32.50,32.80,-0.1000,59
2026-09-08,6937,天虹,301998,87005583,286.50,293.50,283.50,287.50,1.0000,566
2026-09-08,6944,兆聯實業,277390,198086701,720.00,724.00,706.00,706.00,-13.0000,1280
2026-09-08,6947,台鎔科技,148768,10250669,69.60,69.60,68.60,68.70,-0.6000,196
2026-09-08,6949,沛爾生醫*-創,18561472,1123579102,60.40,62.70,60.40,60.40,-6.7000,5095
2026-09-08,6951,青新-創,19881,1414411,71.30,71.30,70.80,71.00,-0.3000,144
2026-09-08,6952,大武山,5800,227634,39.25,39.25,39.15,39.15,-0.1000,128
2026-09-08,6955,邦睿生技-創,2264,226325,99.90,99.90,99.90,99.90,-0.1000,29
2026-09-08,6957,裕慶-KY,81970,17860053,222.00,222.00,216.00,216.00,-5.0000,519
2026-09-08,6958,日盛台駿,18482,320229,17.15,17.40,17.15,17.40,-0.0500,18
2026-09-08,6958A,日盛台駿甲特,18000,368400,20.50,20.50,20.45,20.45,-0.0500,5
2026-09-08,6962,奕力-KY,1844932,58380539,32.25,32.50,31.25,31.25,-0.5500,1307
2026-09-08,6965,中傑-KY,8377,630642,74.80,75.00,73.90,74.90,0.1000,41
2026-09-08,6969,成信實業*-創,799920,29425044,34.45,37.15,34.45,36.95,3.1500,1651
2026-09-08,6988,威力暘-創,78421,956149,12.50,12.50,11.70,11.95,-0.3000,59
2026-09-08,6994,富威電力,306767,10864869,36.20,36.20,35.20,35.20,-0.3000,251
2026-09-08,7610,聯友金屬-創,2424763,5075985000,2000.00,2170.00,2000.00,2065.00,65.0000,9064
2026-09-08,7631,聚賢研發-創,17687,2537816,146.00,146.00,142.00,142.00,-3.5000,72
2026-09-08,7689,大鵬科CLMX,124438,20989959,171.50,171.50,165.00,165.00,-9.0000,3034
2026-09-08,7705,三商餐飲,28694,855165,29.80,29.90,29.75,29.80,0.0000,89
2026-09-08,7711,永擎,2433484,1482834764,650.00,650.00,594.00,594.00,-66.0000,5653
2026-09-08,7721,微程式,21556,1325690,62.50,62.50,60.70,60.70,-0.4000,54
2026-09-08,7722,LINEPAY,83524,22889818,278.00,278.00,272.00,272.50,-6.5000,522
2026-09-08,7730,暉盛-創,79384,13970403,182.00,182.00,172.50,172.50,-8.0000,112
2026-09-08,7732,金興精密,3574,124834,34.50,34.50,34.50,34.50,-0.3500,40
2026-09-08,7736,虎山,9677,668478,69.50,69.50,68.70,69.40,0.0000,39
2026-09-08,7740,熙特爾-創,48133,6166000,130.00,130.00,127.50,129.00,1.0000,97
2026-09-08,7749,意騰-KY,183788,65011958,360.00,360.50,349.00,355.00,1.0000,354
2026-09-08,7750,新代,327199,764693175,2390.00,2395.00,2280.00,2315.00,-60.0000,1474
2026-09-08,7760,享溫馨,53640,1770788,33.15,33.15,33.00,33.00,-0.2000,80
2026-09-08,7765,中華資安,130408,28599234,220.50,221.00,218.50,218.50,-2.0000,350
2026-09-08,7768,頌勝科技,57676,16043399,281.00,281.00,275.50,275.50,-7.5000,820
2026-09-08,7769,鴻勁,1903897,13156802150,6565.00,7160.00,6500.00,6970.00,405.0000,17411
2026-09-08,7780,大研生醫*,636335,10529151,16.60,16.60,16.50,16.55,-0.1000,442
2026-09-08,7786,東方風能,51261,5931922,115.50,116.50,115.00,115.00,-0.5000,85
2026-09-08,7788,松川精密,3837173,1119873316,300.00,304.50,285.00,291.50,-25.0000,5329
2026-09-08,7791,皇家可口,36213,2029936,55.50,57.40,55.30,57.20,1.4000,123
2026-09-08,7795,長廣,2757172,1558722448,554.00,587.00,541.00,555.00,19.0000,5757
2026-09-08,7799,禾榮科,318908,123651080,396.00,397.50,381.00,382.50,-12.5000,1790
2026-09-08,7803,雲象科技-創,14831,290666,19.05,19.80,19.05,19.25,-0.2500,41
2026-09-08,7818,溢泰實業,28658,1728882,60.20,60.80,60.10,60.20,-0.5000,64
2026-09-08,7821,神數,58993,2339372,39.70,39.80,39.60,39.65,-0.1000,150
2026-09-08,7822,倍利科,192009,175786244,928.00,939.00,899.00,899.00,-31.0000,5468
2026-09-08,7823,奧義賽博-KY創,61019,4934250,81.50,82.80,79.00,80.70,-2.5000,89
2026-09-08,7827,漢康-KY創,114971,17473155,154.00,154.00,151.00,151.00,-3.0000,149
2026-09-08,7835,永悅健康-創,46000,1018950,21.80,23.10,21.75,23.10,-0.1000,33
2026-09-08,7855,和運租車,880794,37109417,42.30,42.35,42.05,42.10,-0.1000,586
2026-09-08,8011,台通,262309,4076185,15.65,15.65,15.50,15.50,-0.2000,336
2026-09-08,8016,矽創,1445548,403181275,285.00,286.50,275.50,278.00,-13.5000,3119
2026-09-08,8021,尖點,15127276,6795505286,441.00,461.00,431.00,450.00,-12.0000,19085
2026-09-08,8028,昇陽半導體,5180911,1243356923,249.00,249.00,235.50,236.50,-13.0000,12638
2026-09-08,8033,雷虎,2067173,364857987,179.00,180.50,173.50,174.50,-2.5000,3088
2026-09-08,8039,台虹,40437247,12419425467,327.50,327.50,294.50,294.50,-32.5000,46562
2026-09-08,8045,達運光電,93427,4608204,49.80,49.85,48.90,48.90,-0.9000,153
2026-09-08,8046,南電,6472507,6718372010,1065.00,1075.00,1015.00,1025.00,-25.0000,19578
2026-09-08,8070,長華*,2123393,105779766,50.40,50.60,49.20,50.00,0.1000,1345
2026-09-08,8072,陞泰,78181,2032065,26.20,26.20,25.80,26.05,0.1500,153
2026-09-08,8081,致新,511500,127742408,253.50,254.50,248.00,248.50,-4.5000,940
2026-09-08,8101,華冠,4067,46428,11.25,11.95,11.25,11.95,-0.0500,13
2026-09-08,8103,瀚荃,3392006,408328440,123.50,124.50,117.50,119.50,-4.0000,3766
2026-09-08,8104,錸寶,308823,9327666,30.55,30.55,30.05,30.10,-0.4500,314
2026-09-08,8105,凌巨,1837254,27758662,15.15,15.35,14.85,15.10,-0.1000,856
2026-09-08,8110,華東,2739098,121096232,44.65,44.80,43.65,43.75,-0.1000,2283
2026-09-08,8112,至上,5469272,491332941,90.70,90.90,89.40,89.50,-0.9000,5500
2026-09-08,8112A,至上甲特,9050,409060,45.20,45.20,45.20,45.20,0.0000,7
2026-09-08,8114,振樺電,1287310,233683760,186.00,187.00,179.00,180.00,-9.5000,1769
2026-09-08,8131,福懋科,1898288,118765500,62.80,63.60,61.80,61.90,0.0000,2039
2026-09-08,8150,南茂,13892407,1262389477,92.20,93.50,89.70,90.30,-1.0000,13370
2026-09-08,8162,微矽電子-創,194256,12004321,61.50,64.50,60.00,61.20,0.1000,209
2026-09-08,8163,達方,926953,28081814,31.05,31.05,30.05,30.15,-0.8000,866
2026-09-08,8201,無敵,11842,137417,11.60,11.60,11.55,11.55,-0.0500,68
2026-09-08,8210,勤誠,2470120,2250948829,937.00,938.00,901.00,907.00,-30.0000,9894
2026-09-08,8213,志超,277278,9032670,32.80,32.80,32.45,32.55,-0.4000,223
2026-09-08,8215,明基材,426607,10789501,25.35,25.55,25.05,25.15,-0.2000,389
2026-09-08,8222,寶一,313723,11453553,37.00,37.15,36.20,36.45,-0.2500,819
2026-09-08,8249,菱光,162176,6469786,39.90,40.15,39.65,39.75,-0.2500,191
2026-09-08,8261,富鼎,4186344,725029008,179.50,180.00,170.50,170.50,-10.5000,7468
2026-09-08,8271,宇瞻,1607586,357504758,223.00,227.00,219.50,219.50,-2.5000,2413
2026-09-08,8341,日友,238417,17839664,75.10,75.10,74.60,74.60,-0.5000,388
2026-09-08,8367,建新國際,23885,972295,40.45,40.75,40.45,40.70,-0.5000,65
2026-09-08,8374,羅昇,386493,31286263,84.00,84.00,80.10,80.10,-2.8000,597
2026-09-08,8404,百和興業-KY,832347,12946917,15.80,15.95,15.30,15.55,-0.4000,408
2026-09-08,8411,福貞-KY,60320,774021,12.95,12.95,12.80,12.80,-0.2000,64
2026-09-08,8422,可寧衛*,4435785,117587766,26.35,26.80,26.20,26.60,0.5500,2851
2026-09-08,8429,金麗-KY,179043,1068939,5.99,6.00,5.96,5.96,-0.0200,136
2026-09-08,8438,昶昕,99416,6802990,68.80,69.70,67.50,68.00,-0.7000,382
2026-09-08,8442,威宏-KY,85027,3958048,45.90,47.10,45.90,46.65,1.0000,143
2026-09-08,8443,阿瘦,10328,115593,11.15,11.20,11.15,11.15,-0.1000,67
2026-09-08,8454,富邦媒,194492,46926931,244.50,245.50,239.50,239.50,-2.5000,772
2026-09-08,8462,柏文,44886,7453756,164.50,167.00,164.50,167.00,2.5000,109
2026-09-08,8463,潤泰材,9471,205263,21.30,21.50,21.30,21.50,0.0000,46
2026-09-08,8464,億豐,262648,96689815,362.00,372.00,360.00,371.50,10.5000,395
2026-09-08,8466,美吉吉-KY,5835,87570,14.90,15.00,14.90,15.00,-0.3000,41
2026-09-08,8467,波力-KY,9669,865162,88.20,90.40,88.20,90.40,0.1000,45
2026-09-08,8473,山林水,1689140,67156271,40.45,40.55,39.25,39.50,0.0000,1379
2026-09-08,8476,台境*,244094,4624508,18.90,19.40,18.70,19.40,0.5500,140
2026-09-08,8478,東哥遊艇,28677,4057874,141.50,142.50,141.00,141.50,-1.0000,119
2026-09-08,8481,政伸,9830,405566,41.30,41.40,41.20,41.40,-0.1000,43
2026-09-08,8482,商億-KY,3976,195316,48.50,49.60,48.50,49.60,0.6500,35
2026-09-08,8487,愛爾達-創,6339,451487,71.50,71.50,70.50,71.30,-0.1000,47
2026-09-08,8488,吉源-KY,67869,712259,10.90,10.90,10.35,10.35,-0.4000,94
2026-09-08,8499,鼎炫-KY,18443,4779860,267.00,267.00,257.00,257.00,-1.0000,63
2026-09-08,8926,台汽電,1903278,109183955,58.20,58.30,57.10,57.20,-0.7000,1590
2026-09-08,8940,新天地,23639,353743,15.00,15.00,14.85,14.85,-0.1000,118
2026-09-08,8996,高力,4527634,5606161445,1240.00,1285.00,1205.00,1225.00,-15.0000,8794
2026-09-08,9103,美德醫療-DR,362153,1852440,5.14,5.14,5.09,5.11,-0.0400,124
2026-09-08,910322,康師傅-DR,105,2630,,,,,0.0000,7
2026-09-08,9105,泰金寶-DR,24981848,217335423,8.86,8.86,8.63,8.68,-0.1700,5112
2026-09-08,910861,神州-DR,221145,826837,3.70,4.00,3.64,3.65,-0.0500,88
2026-09-08,9110,越南控-DR,5005,14914,2.98,2.98,2.98,2.98,-0.0100,2
2026-09-08,911608,明輝-DR,74000,194150,2.69,2.70,2.58,2.70,0.0000,30
2026-09-08,911622,泰聚亨-DR,4000,14480,3.62,3.62,3.62,3.62,0.0000,3
2026-09-08,911868,同方友友-DR,112222,130220,1.18,1.18,1.16,1.16,0.0000,21
2026-09-08,912000,晨訊科-DR,69020,168418,2.45,2.46,2.43,2.43,-0.0200,33
2026-09-08,9136,巨騰-DR,174060,1847446,10.70,10.90,10.45,10.45,-0.6000,105
2026-09-08,9802,鈺齊-KY,680120,48783332,72.30,72.30,71.20,71.20,-0.8000,610
2026-09-08,9902,台火,82107,1118293,13.65,13.75,13.55,13.65,0.0000,111
2026-09-08,9904,寶成,6406499,157711260,24.65,24.75,24.50,24.70,0.1000,2298
2026-09-08,9905,大華,50251,1077384,21.45,21.50,21.35,21.40,0.0000,56
2026-09-08,9906,欣巴巴,87948,3689839,42.00,42.60,41.40,41.80,-0.7500,298
2026-09-08,9907,統一實,451893,6906039,15.30,15.35,15.25,15.25,-0.0500,273
2026-09-08,9908,大台北,66716,1945843,29.20,29.30,29.10,29.10,-0.1000,86
2026-09-08,9910,豐泰,3761722,271342607,71.00,73.40,70.70,71.80,2.0000,3147
2026-09-08,9911,櫻花,142177,11632057,81.60,82.10,81.60,81.70,0.0000,376
2026-09-08,9912,偉聯,81330,1040188,12.90,12.90,12.75,12.80,-0.1000,108
2026-09-08,9914,美利達,896379,69129236,78.00,78.00,76.70,77.00,-0.8000,1015
2026-09-08,9917,中保科,260810,27778231,106.50,107.00,106.00,106.50,0.0000,364
2026-09-08,9918,欣天然,9138,394617,43.15,43.30,43.15,43.20,0.0500,21
2026-09-08,9919,康那香,196207,2761504,14.05,14.15,14.05,14.05,0.1000,106
2026-09-08,9921,巨大,1773467,168966664,97.40,97.60,93.70,95.60,-1.7000,2044
2026-09-08,9924,福興,120914,4659524,38.45,38.65,38.40,38.45,0.0000,192
2026-09-08,9925,新保,298228,11817902,39.50,39.75,39.50,39.60,0.0500,265
2026-09-08,9926,新海,13000,642579,49.55,49.55,49.10,49.50,-0.0500,23
2026-09-08,9927,泰銘,37426,2605816,69.90,69.90,69.50,69.50,-0.2000,141
2026-09-08,9928,中視,59101,1045934,17.75,17.80,17.60,17.75,-0.0500,48
2026-09-08,9929,秋雨,2183,24540,11.25,11.25,11.25,11.25,-0.0500,41
2026-09-08,9930,中聯資源,77273,4849485,63.10,63.10,62.50,62.70,-0.4000,105
2026-09-08,9931,欣高,24519,834896,33.90,34.20,33.90,34.10,-0.1000,137
2026-09-08,9933,中鼎,3250532,126362431,39.00,39.35,38.65,39.10,0.0000,3861
2026-09-08,9934,成霖,455589,4920472,10.85,10.90,10.75,10.80,0.0000,194
2026-09-08,9935,慶豐富,75098,1459996,19.45,19.50,19.40,19.50,0.0500,68
2026-09-08,9937,全國,11923,662025,55.50,55.60,55.20,55.20,-0.5000,27
2026-09-08,9938,百和,1332660,54065344,41.10,41.20,40.35,40.35,-0.7500,1170
2026-09-08,9939,宏全,699671,89717903,129.50,129.50,127.50,128.50,-0.5000,837
2026-09-08,9940,信義,209167,4266770,20.40,20.45,20.25,20.25,-0.1500,141
2026-09-08,9941,裕融,657911,53298477,80.80,81.40,80.50,81.00,0.5000,621
2026-09-08,9941A,裕融甲特,14533,708560,48.85,48.85,48.75,48.75,0.0000,15
2026-09-08,9942,茂順,61155,6961597,114.50,114.50,113.50,114.00,0.0000,145
2026-09-08,9943,好樂迪,62298,3198205,51.00,51.70,51.00,51.00,-0.5000,104
2026-09-08,9944,新麗,26418,454808,17.20,17.35,17.20,17.20,0.0000,74
2026-09-08,9945,潤泰新,2456877,68658732,27.90,28.15,27.75,28.05,0.1500,1321
2026-09-08,9946,三發地產,309837,5307602,17.45,17.45,17.00,17.10,-0.1000,166
2026-09-08,9955,佳龍,126904,3023243,23.85,24.00,23.70,23.80,-0.1000,188
2026-09-08,9958,世紀鋼,1441757,130817192,91.40,92.00,90.00,90.10,-1.5000,2580
