Date,Code,Name,TradeVolume,TradeValue,OpeningPrice,HighestPrice,LowestPrice,ClosingPrice,Change,Transaction
2026-09-15,00400A,主動國泰動能高息,30253882,439135297,14.64,14.68,14.39,14.42,-0.3000,12047
2026-09-15,00401A,主動摩根台灣鑫收,3943004,54451010,13.86,13.90,13.72,13.76,-0.1100,1207
2026-09-15,00402A,主動安聯美國科技,4199319,39581398,9.44,9.45,9.40,9.40,-0.0400,679
2026-09-15,00403A,主動統一升級50,130139135,1302673080,10.04,10.13,9.95,9.95,-0.1400,32441
2026-09-15,00404A,主動聯博動能50,30000271,292577557,9.80,9.82,9.70,9.72,-0.0800,6597
2026-09-15,00405A,主動富邦台灣龍耀,49122906,413322983,8.52,8.56,8.31,8.32,-0.2400,9470
2026-09-15,00406A,主動中信台灣收益,172774482,1611699130,9.37,9.44,9.27,9.28,-0.1100,44028
2026-09-15,00407A,主動凱基台灣,21526541,201279517,9.42,9.47,9.26,9.27,-0.1900,6509
2026-09-15,00408A,主動第一金優股息,545154,5533679,10.20,10.24,10.10,10.11,-0.1100,341
2026-09-15,00409A,主動復華全球50,9957771,94931367,9.53,9.58,9.47,9.49,-0.0400,3274
2026-09-15,00410A,主動永豐科技趨勢,4935015,56834101,11.60,11.67,11.42,11.42,-0.2600,1386
2026-09-15,0050,元大台灣50,63373313,6750982162,106.75,106.95,106.15,106.25,-0.6500,139485
2026-09-15,0051,元大中型100,120538,17107298,142.95,143.05,141.00,141.00,-2.4500,633
2026-09-15,0052,富邦科技,10671485,658972018,61.70,62.10,61.50,61.60,-0.3000,14062
2026-09-15,0053,元大電子,281948,67343867,237.55,239.55,237.35,237.35,-1.6000,3001
2026-09-15,0055,元大MSCI金融,1206727,60198495,50.60,50.65,49.61,49.76,-0.5400,4393
2026-09-15,0056,元大高股息,25385973,1396603917,55.20,55.25,54.85,55.00,-0.4000,34717
2026-09-15,0057,富邦摩台,15926,5095608,318.35,319.60,317.50,317.50,-0.8500,1165
2026-09-15,0061,元大寶滬深,64399,1538109,23.77,23.99,23.77,23.91,-0.0400,164
2026-09-15,006203,元大MSCI台灣,25871,5032700,194.55,194.55,192.95,192.95,-1.6500,1231
2026-09-15,006204,永豐臺灣加權,25179,5744629,229.00,229.00,228.00,228.00,-2.1000,109
2026-09-15,006205,富邦上証,74924,2991179,39.90,40.01,39.80,39.87,0.0500,186
2026-09-15,006206,元大上證50,27531,1023043,37.25,37.30,37.02,37.24,0.0500,112
2026-09-15,006207,復華滬深,105315,3350827,31.82,31.82,31.73,31.73,0.0100,119
2026-09-15,006208,富邦台50,1901072,463956809,244.40,245.00,243.20,243.50,-1.1500,14245
2026-09-15,00625K,富邦上証+R,,,,,,,0.0000,
2026-09-15,00631L,元大台灣50正2,100717095,3556021324,35.40,35.59,35.06,35.09,-0.3100,37592
2026-09-15,00632R,元大台灣50反1,89060360,890517872,9.98,10.03,9.95,10.03,0.0600,6516
2026-09-15,00633L,富邦上証正2,4042976,189123818,47.00,47.30,46.45,46.57,-0.4300,401
2026-09-15,00634R,富邦上証反1,209000,661110,3.17,3.19,3.16,3.18,0.0200,18
2026-09-15,00635U,期元大S&P黃金,1432851,63649989,44.33,44.57,44.30,44.40,-0.2400,1876
2026-09-15,00636,國泰中國A50,164587,4465894,27.22,27.25,27.02,27.03,-0.1500,184
2026-09-15,00636K,國泰中國A50+U,200,1710,8.55,8.55,8.55,8.55,-0.0500,2
2026-09-15,00637L,元大滬深300正2,22168646,429543575,19.45,19.51,19.21,19.26,-0.0900,1422
2026-09-15,00638R,元大滬深300反1,41000,278030,6.77,6.80,6.77,6.80,0.0600,17
2026-09-15,00639,富邦深100,584185,9268362,15.89,15.97,15.78,15.80,-0.0600,233
2026-09-15,00640L,富邦日本正2,78537,8220676,105.10,105.40,103.60,104.35,-0.4500,66
2026-09-15,00641R,富邦日本反1,364000,1357260,3.72,3.75,3.71,3.74,0.0100,43
2026-09-15,00642U,期元大S&P石油,2015240,68024901,33.66,33.92,33.50,33.92,0.3000,804
2026-09-15,00643,群益深証中小,2365593,42363167,17.85,18.00,17.79,17.87,0.0300,152
2026-09-15,00643K,群益深証中小+R,5000,18900,3.78,3.78,3.78,3.78,0.0100,1
2026-09-15,00645,富邦日本,97901,5596928,57.20,57.35,56.85,57.05,-0.2000,289
2026-09-15,00646,元大S&P500,1452783,110798684,76.20,76.40,76.10,76.20,0.0500,3517
2026-09-15,00647L,元大S&P500正2,11034,1498662,135.85,135.85,135.80,135.80,0.4000,38
2026-09-15,00648R,元大S&P500反1,174040,689071,3.97,3.97,3.95,3.97,0.0100,37
2026-09-15,00650L,復華香港正2,764888,12542140,16.50,16.57,16.27,16.27,-0.1400,250
2026-09-15,00651R,復華香港反1,52048,274731,5.28,5.30,5.27,5.30,0.0400,15
2026-09-15,00652,富邦印度,116489,3736598,32.16,32.22,31.90,31.93,-0.2000,227
2026-09-15,00653L,富邦印度正2,612928,26660335,43.70,43.85,43.13,43.15,-0.4200,75
2026-09-15,00654R,富邦印度反1,21344,148170,6.92,6.99,6.92,6.99,0.0700,6
2026-09-15,00655L,國泰中國A50正2,787415,25665431,32.76,32.85,32.33,32.39,-0.2600,138
2026-09-15,00656R,國泰中國A50反1,2200,13074,5.94,5.94,5.94,5.94,0.0100,2
2026-09-15,00657,國泰日經225,86560,6545693,75.55,76.10,75.25,75.25,0.0000,85
2026-09-15,00657K,國泰日經225+U,200,4752,23.76,23.76,23.76,23.76,0.0600,2
2026-09-15,00660,元大歐洲50,6402,294264,46.00,46.00,45.83,45.96,-0.1200,87
2026-09-15,00661,元大日經225,285739,23580543,82.50,83.10,82.15,82.20,-0.0500,161
2026-09-15,00662,富邦NASDAQ,1962635,233334071,118.65,119.20,118.50,118.55,0.4000,2713
2026-09-15,00663L,國泰臺灣加權正2,3572643,363241924,102.00,102.55,101.00,101.00,-1.2500,1807
2026-09-15,00664R,國泰臺灣加權反1,13601652,22007711,1.62,1.63,1.61,1.62,0.0000,677
2026-09-15,00665L,富邦恒生國企正2,3905447,35241677,9.11,9.13,8.96,8.96,-0.0600,488
2026-09-15,00666R,富邦恒生國企反1,55000,508380,9.18,9.27,9.18,9.27,0.0400,16
2026-09-15,00668,國泰美國道瓊,13081,797027,61.00,61.00,60.80,60.80,-0.1500,94
2026-09-15,00668K,國泰美國道瓊+U,200,3840,19.20,19.20,19.20,19.20,-0.0600,2
2026-09-15,00669R,國泰美國道瓊反1,588005,3107806,5.28,5.30,5.27,5.29,0.0200,53
2026-09-15,00670L,富邦NASDAQ正2,467003,90713218,194.45,194.85,192.45,192.75,0.2000,452
2026-09-15,00671R,富邦NASDAQ反1,2333110,5760763,2.47,2.48,2.46,2.48,0.0100,98
2026-09-15,00673R,期元大S&P原油反1,24682706,247334472,10.02,10.08,9.99,9.99,-0.0500,2725
2026-09-15,00674R,期元大S&P黃金反1,152773,4338023,28.42,28.44,28.32,28.44,0.1900,56
2026-09-15,00675L,富邦臺灣加權正2,468288,144394743,309.15,310.85,306.15,306.30,-3.4000,1002
2026-09-15,00676R,富邦臺灣加權反1,3218655,17761199,5.52,5.54,5.50,5.53,0.0300,308
2026-09-15,00678,群益那斯達克生技,496151,21129352,42.38,42.66,42.38,42.66,0.5500,110
2026-09-15,00680L,元大美債20正2,14139896,87384718,6.19,6.20,6.14,6.14,-0.0600,588
2026-09-15,00681R,元大美債20反1,16000,352910,22.03,22.23,22.03,22.23,0.0800,4
2026-09-15,00682U,期元大美元指數,,,,,,,0.0000,
2026-09-15,00683L,期元大美元指正2,132254,2843891,21.43,21.51,21.43,21.51,0.1300,12
2026-09-15,00684R,期元大美元指反1,122000,1846780,15.08,15.14,15.08,15.14,-0.0400,4
2026-09-15,00685L,群益臺灣加權正2,142156318,1652501706,11.66,11.74,11.54,11.55,-0.1300,27428
2026-09-15,00686R,群益臺灣加權反1,2118372,2080806,0.99,0.99,0.98,0.98,-0.0100,113
2026-09-15,00688L,國泰20年美債正2,4315652,26468460,6.18,6.19,6.12,6.12,-0.0500,281
2026-09-15,00689R,國泰20年美債反1,109815,2548899,23.08,23.24,23.08,23.24,0.1200,8
2026-09-15,00690,兆豐藍籌30,410759,31866574,77.65,78.30,77.15,77.20,-1.0000,646
2026-09-15,00692,富邦公司治理,589641,54002972,91.90,92.05,91.30,91.35,-0.5500,1154
2026-09-15,00693U,期街口S&P黃豆,987602,23308292,23.62,23.66,23.57,23.64,0.0400,166
2026-09-15,00700,富邦恒生國企,68095,1160257,17.05,17.08,16.99,17.00,0.0000,144
2026-09-15,00701,國泰股利精選30,1628574,67313422,41.54,41.65,41.10,41.33,-0.2100,1192
2026-09-15,00702,國泰標普低波高息,109822,2678423,24.38,24.40,24.38,24.40,0.1000,64
2026-09-15,00703,台新MSCI中國,43985,831399,19.07,19.07,18.88,18.92,-0.0100,62
2026-09-15,00706L,期元大S&P日圓正2,624401,12468981,20.00,20.00,19.94,19.94,-0.2100,177
2026-09-15,00707R,期元大S&P日圓反1,2000,62480,31.24,31.24,31.24,31.24,0.1400,2
2026-09-15,00708L,期元大S&P黃金正2,3535918,272668975,76.85,77.75,76.70,77.10,-1.0500,2265
2026-09-15,00709,富邦歐洲,15728,629083,39.98,39.99,39.96,39.96,-0.0200,138
2026-09-15,00710B,復華彭博非投等債,257198,4902479,19.05,19.08,19.05,19.07,0.0000,54
2026-09-15,00711B,復華彭博新興債,127812,1957870,15.32,15.33,15.31,15.33,0.0400,106
2026-09-15,00712,復華富時不動產,59203742,491045865,8.32,8.32,8.28,8.29,-0.0300,14833
2026-09-15,00713,元大台灣高息低波,2437498,156455316,64.40,64.40,64.10,64.25,-0.1000,3599
2026-09-15,00714,群益道瓊美國地產,135691,2883996,21.28,21.28,21.23,21.26,-0.0800,83
2026-09-15,00715L,期街口布蘭特正2,3840419,271130821,70.65,71.40,69.65,71.40,0.9000,1297
2026-09-15,00717,富邦美國特別股,439152,6388620,14.49,14.58,14.49,14.54,0.0400,159
2026-09-15,00728,第一金工業30,97221,6521885,67.05,67.55,66.70,66.80,-1.0500,521
2026-09-15,00730,富邦臺灣優質高息,183731,5157858,28.01,28.19,27.95,28.19,-0.0300,460
2026-09-15,00731,復華富時高息低波,569498,55634225,98.40,98.50,97.45,97.75,-0.7000,237
2026-09-15,00733,富邦臺灣中小,252515,16650297,65.95,66.55,65.35,65.35,-0.6500,407
2026-09-15,00735,國泰臺韓科技,955540,97266059,101.80,102.50,100.90,100.90,-1.3000,1936
2026-09-15,00736,國泰新興市場,102219,3199204,31.30,31.39,31.30,31.39,-0.0200,92
2026-09-15,00737,國泰AI機器人,52051,2072177,39.28,39.91,39.28,39.69,0.5000,144
2026-09-15,00738U,期元大道瓊白銀,1087748,54659694,50.15,50.50,50.05,50.10,-0.5500,879
2026-09-15,00739,元大MSCI A股,13539,368522,27.25,27.32,27.11,27.23,-0.0200,113
2026-09-15,00752,中信中國50,517142,11658059,22.40,22.63,22.40,22.56,0.1600,372
2026-09-15,00753L,中信中國50正2,7163610,63876401,8.94,9.01,8.86,8.88,-0.0100,790
2026-09-15,00757,統一FANG+,1930267,268631265,139.25,139.55,138.75,138.85,1.7000,1330
2026-09-15,00762,元大全球AI,120824,13544471,111.85,112.40,111.70,111.70,0.1000,364
2026-09-15,00763U,期街口道瓊銅,331209,11063754,33.39,33.50,33.31,33.45,-0.3500,343
2026-09-15,00770,國泰北美科技,4666434,317297129,68.00,68.15,67.65,67.75,0.0000,3560
2026-09-15,00771,元大US高息特別股,45055,679912,15.08,15.13,15.08,15.13,0.0500,75
2026-09-15,00775B,台新投等債15+,80000,2432000,30.40,30.40,30.40,30.40,0.0400,2
2026-09-15,00783,富邦中証500,9371,255226,27.30,27.37,27.20,27.20,-0.0300,55
2026-09-15,00830,國泰費城半導體,12678858,1005248974,79.45,79.60,78.95,79.00,-1.9500,23789
2026-09-15,00850,元大臺灣ESG永續,544177,49690185,91.55,91.80,90.80,90.95,-0.6000,3847
2026-09-15,00851,台新全球AI,46826,3283559,70.20,70.20,69.90,69.90,-0.2500,115
2026-09-15,00852L,國泰美國道瓊正2,203593,6923690,34.13,34.13,33.96,33.96,-0.3100,18
2026-09-15,00861,元大全球未來通訊,24002,2000817,84.35,84.35,83.00,83.00,-1.6000,405
2026-09-15,00865B,國泰US短期公債,2715985,132653831,48.65,48.90,48.65,48.86,0.2100,645
2026-09-15,00875,國泰網路資安,913385,51458534,55.75,58.00,55.75,56.15,3.2500,837
2026-09-15,00876,元大全球5G,73380,6173991,84.75,84.75,83.50,83.75,-1.7500,611
2026-09-15,00878,國泰永續高股息,41758073,1426459335,34.23,34.25,34.05,34.20,-0.0300,49563
2026-09-15,00881,國泰台灣科技龍頭,21742653,1077190219,49.48,49.83,49.20,49.21,-0.3300,21374
2026-09-15,00882,中信中國高股息,2639818,39069092,14.85,14.88,14.77,14.78,-0.0500,1028
2026-09-15,00885,富邦越南,1474641,26880621,18.23,18.30,18.16,18.24,0.0100,633
2026-09-15,00891,中信關鍵半導體,11757872,408805922,34.97,35.01,34.54,34.54,-0.4700,11595
2026-09-15,00892,富邦台灣半導體,3211336,131581959,41.29,41.29,40.67,40.72,-0.6000,1393
2026-09-15,00893,國泰智能電動車,761716,32162432,42.50,42.50,42.07,42.09,-0.4900,410
2026-09-15,00894,中信小資高價30,1100578,51292470,46.64,47.00,46.20,46.30,-0.5200,1513
2026-09-15,00895,富邦未來車,436150,21438025,49.40,49.40,49.01,49.01,-0.3900,339
2026-09-15,00896,中信綠能及電動車,26399495,733474169,28.00,28.00,27.65,27.69,-0.1400,11107
2026-09-15,00897,富邦基因免疫生技,351827,4549296,12.88,12.95,12.88,12.93,0.3400,263
2026-09-15,00898,國泰基因免疫革命,436694,4763081,10.84,10.93,10.84,10.92,0.2600,307
2026-09-15,00899,FT潔淨能源,28298,644655,22.78,22.78,22.76,22.77,-0.4300,152
2026-09-15,00900,富邦特選高股息30,4607219,89963202,19.54,19.58,19.50,19.52,-0.0700,1133
2026-09-15,00901,永豐智能車供應鏈,429970,19515687,45.43,45.60,44.99,45.00,-0.4300,190
2026-09-15,00902,中信電池及儲能,490964,6226994,12.72,12.78,12.62,12.66,-0.0500,305
2026-09-15,00903,富邦元宇宙,63049,1332237,21.03,21.17,21.03,21.09,0.1000,156
2026-09-15,00904,台新臺灣半導體30,547390,22123415,40.60,40.61,40.10,40.14,-0.4800,487
2026-09-15,00905,FT臺灣Smart,1040528,27090621,26.16,26.20,25.90,25.90,-0.2600,1266
2026-09-15,00907,永豐優息存股,690046,12228295,17.83,17.83,17.66,17.69,-0.1800,364
2026-09-15,00908,富邦入息REITs+,41789,621433,14.86,14.89,14.86,14.89,-0.0100,85
2026-09-15,00909,國泰數位支付服務,751540,35403511,46.90,47.20,46.90,46.96,0.2700,654
2026-09-15,00910,第一金太空衛星,428785,23989367,55.75,56.10,55.70,55.80,0.0500,927
2026-09-15,00911,兆豐洲際半導體,213284,10798348,50.90,50.90,50.40,50.40,-1.3000,825
2026-09-15,00912,中信臺灣智慧50,378996,13121686,34.68,34.80,34.45,34.45,-0.2900,336
2026-09-15,00913,兆豐台灣晶圓製造,872750,41697551,48.11,48.30,47.47,47.47,-0.6500,671
2026-09-15,00915,凱基優選高股息30,5207011,171521992,32.82,33.20,32.82,32.89,-0.2500,874
2026-09-15,00916,國泰全球品牌50,671864,18137827,26.69,27.04,26.69,26.93,0.2000,445
2026-09-15,00917,中信特選金融,1148132,27097265,23.75,23.75,23.59,23.61,-0.1900,783
2026-09-15,00918,大華優利高填息30,85508489,3030862532,35.56,35.56,35.36,35.43,-0.0800,31186
2026-09-15,00919,群益台灣精選高息,219696767,7190142722,32.96,32.97,32.65,32.74,-0.1500,95001
2026-09-15,00920,富邦ESG綠色電力,330559,7957214,24.00,24.14,23.96,23.96,-0.4700,413
2026-09-15,00921,兆豐龍頭等權重,1179100,28354555,24.08,24.14,23.99,24.04,-0.0600,851
2026-09-15,00922,國泰台灣領袖50,3857428,160061116,41.59,41.77,41.32,41.37,-0.2700,4360
2026-09-15,00923,群益台ESG低碳50,6896097,272697485,39.60,39.78,39.34,39.40,-0.2000,6188
2026-09-15,00924,復華S&P500成長,1176897,38485271,32.66,32.80,32.61,32.64,0.1000,1083
2026-09-15,00926,凱基全球菁英55,1268824,33232328,26.19,26.22,26.15,26.17,0.1600,225
2026-09-15,00927,群益半導體收益,9984571,367655006,36.92,37.08,36.62,36.63,-0.4700,6101
2026-09-15,00929,復華台灣科技優息,39914078,1138581534,28.60,28.63,28.46,28.46,-0.1400,19725
2026-09-15,00930,永豐ESG低碳高息,1143018,27236449,23.85,23.92,23.77,23.79,-0.0600,771
2026-09-15,00932,兆豐永續高息等權,387388,6647706,17.17,17.18,17.09,17.10,-0.1600,173
2026-09-15,00934,中信成長高股息,2692368,79781848,29.70,29.70,29.50,29.56,-0.1400,1757
2026-09-15,00935,野村臺灣新科技50,13104275,757441482,57.80,58.40,57.35,57.40,-0.6000,9893
2026-09-15,00936,台新永續高息中小,549394,11513025,21.01,21.08,20.88,20.89,0.0000,536
2026-09-15,00938,凱基優選30,2968291,79091975,27.21,27.21,26.56,26.64,-0.1800,786
2026-09-15,00939,統一台灣高息動能,3476048,83409753,24.11,24.11,23.89,23.90,-0.2100,1127
2026-09-15,00940,元大台灣價值高息,5832399,74514596,12.80,12.82,12.73,12.74,-0.1000,1781
2026-09-15,00941,中信上游半導體,1028063,24649907,24.13,24.13,23.90,23.93,-0.5100,1224
2026-09-15,00943,兆豐電子高息等權,434227,9039812,20.90,20.98,20.75,20.78,-0.0900,185
2026-09-15,00944,野村趨勢動能高息,284859,6123875,21.50,21.55,21.42,21.42,-0.1200,338
2026-09-15,00945B,凱基美國非投等債,4820632,69399366,14.37,14.41,14.36,14.41,0.0400,468
2026-09-15,00946,群益科技高息成長,912056,13665839,15.07,15.07,14.96,14.96,-0.1100,654
2026-09-15,00947,台新臺灣IC設計,3147816,114341015,36.45,36.69,36.00,36.00,-0.6300,2507
2026-09-15,00949,復華日本龍頭,542909,11895923,21.93,21.97,21.84,21.91,-0.0200,295
2026-09-15,00951,台新日本半導體,1715441,28314155,16.41,16.65,16.30,16.35,-0.0600,521
2026-09-15,00952,凱基台灣AI50,1372687,24365326,17.75,17.87,17.65,17.66,-0.1300,779
2026-09-15,00953B,群益優選非投等債,40984374,391694214,9.54,9.57,9.53,9.56,0.0300,3257
2026-09-15,00954,中信日本半導體,1857069,32734017,17.41,17.81,17.39,17.45,-0.0500,729
2026-09-15,00956,中信日經高股息,248558,3407290,13.72,13.73,13.68,13.69,-0.0800,177
2026-09-15,00960,野村全球航運龍頭,1433298,32015855,22.16,22.40,22.16,22.36,0.2400,2040
2026-09-15,00961,FT臺灣永續高息,54044811,721026764,13.41,13.42,13.31,13.33,-0.0700,10710
2026-09-15,00962,台新AI優息動能,5785329,85169620,14.84,14.84,14.65,14.66,0.0000,1798
2026-09-15,00963,中信全球高股息,2125809,27844205,13.21,13.21,13.07,13.11,0.0400,370
2026-09-15,00964,中信亞太高股息,2196724,32701929,14.94,14.94,14.84,14.85,-0.0800,651
2026-09-15,00965,元大航太防衛科技,635709,15875892,25.23,25.23,24.88,24.99,-0.2400,716
2026-09-15,00971,野村美國研發龍頭,26433,458510,17.42,17.42,17.28,17.28,0.1100,154
2026-09-15,00972,野村日本動能高息,19655,435251,22.18,22.18,22.11,22.15,-0.0600,30
2026-09-15,009800,中信NASDAQ,887668,11435896,12.84,12.92,12.84,12.85,0.0600,470
2026-09-15,009801,中信美國創新科技,995503,11020309,11.10,11.10,11.04,11.04,-0.0800,498
2026-09-15,009802,富邦旗艦50,4654743,92165698,19.80,19.95,19.69,19.70,-0.1100,1471
2026-09-15,009803,玉山市值動能50,10379622,214152605,20.68,20.72,20.55,20.56,0.0000,6480
2026-09-15,009804,聯邦台精彩50,637103,14475959,22.83,22.83,22.66,22.66,-0.1700,349
2026-09-15,009805,台新美國電力基建,6622673,97399860,14.70,14.74,14.67,14.68,-0.3800,4175
2026-09-15,009808,華南永昌優選50,53819,1656785,30.89,30.89,30.69,30.71,-0.1800,71
2026-09-15,009809,富邦淨零ESG50,47845,860633,18.00,18.03,17.95,17.95,-0.0800,103
2026-09-15,00980A,主動野村臺灣優選,5195070,124334973,24.00,24.18,23.72,23.73,-0.3800,4415
2026-09-15,009810,玉山全球藍籌100,34965,738644,21.10,21.13,21.10,21.10,0.0000,38
2026-09-15,009811,統一美國50,526440,6947674,13.16,13.22,13.16,13.18,0.0300,415
2026-09-15,009812,野村日本東證,159011,2074503,13.06,13.08,13.00,13.05,-0.0100,144
2026-09-15,009813,貝萊德標普卓越50,2880199,32353354,11.20,11.26,11.20,11.21,0.0000,343
2026-09-15,009816,凱基台灣TOP50,91384211,1441989173,15.81,15.86,15.74,15.75,-0.0700,28113
2026-09-15,009817,國泰日本不動產,354068,3203316,9.09,9.09,9.03,9.09,-0.0100,114
2026-09-15,009818,華南永昌NASDAQxT,192453,3841840,19.99,19.99,19.94,19.95,0.1700,38
2026-09-15,009819,中信數據及電力,7163359,68012156,9.50,9.52,9.46,9.46,-0.1900,3733
2026-09-15,00981A,主動統一台股增長,164063144,4769542517,29.30,29.42,28.85,28.86,-0.4600,72645
2026-09-15,00981T,平衡凱基雙核收息,1690115,19825883,11.73,11.75,11.71,11.72,-0.0100,398
2026-09-15,009820,元大納斯達克精選,2132823,20652591,9.68,9.71,9.65,9.65,-0.0300,543
2026-09-15,009821,野村稀土關鍵資源,2909581,40822435,14.03,14.05,14.00,14.03,-0.1800,1496
2026-09-15,009824,群益美國科技巨頭,2608063,26045907,9.96,10.01,9.95,9.96,-0.0100,824
2026-09-15,009826,貝萊德世界股票,10194808,101821427,10.00,10.00,9.97,9.98,0.0000,4144
2026-09-15,009827,玉山未來全球算力,5659145,56330416,9.96,9.97,9.93,9.94,-0.0600,2033
2026-09-15,009828,中信台日韓PCB,30047817,280548837,9.36,9.44,9.25,9.26,-0.0900,8854
2026-09-15,009829,大華韓國KOSPI50,16539024,172700536,10.50,10.56,10.30,10.36,-0.1500,3379
2026-09-15,00982A,主動群益台灣強棒,15220494,336485727,22.15,22.35,21.88,21.88,-0.2900,8965
2026-09-15,00982D,主動富邦動態入息,93402,889289,9.53,9.53,9.51,9.51,-0.0100,203
2026-09-15,00982T,平衡兆豐台美動能,653203,10309289,15.84,15.88,15.73,15.78,-0.0600,297
2026-09-15,00983A,主動中信ARK創新,1149416,14244888,12.35,12.41,12.35,12.36,0.3300,394
2026-09-15,00983D,主動富邦複合收益,892863,8731073,9.79,9.79,9.77,9.77,0.0100,210
2026-09-15,00984A,主動安聯台灣高息,3866325,58482452,15.20,15.24,15.06,15.06,-0.2000,2356
2026-09-15,00984D,主動聯博全球非投,11065077,108927815,9.82,9.86,9.82,9.86,0.0400,813
2026-09-15,00985A,主動野村台灣50,1457307,32799297,22.55,22.65,22.37,22.37,-0.1800,1256
2026-09-15,00985B,群益ESG投等債0-5,3762436,38007441,10.09,10.11,10.08,10.11,0.0200,366
2026-09-15,00986A,主動台新龍頭成長,159544,2239525,14.12,14.12,14.01,14.01,-0.1100,133
2026-09-15,00987A,主動台新優勢成長,1872066,29698338,16.16,16.16,15.66,15.66,-0.4800,899
2026-09-15,00988A,主動統一全球創新,19901926,313834093,15.80,15.85,15.67,15.67,-0.0900,6730
2026-09-15,00989A,主動摩根美國科技,757454,12730026,16.78,16.86,16.78,16.78,0.2200,158
2026-09-15,00990A,主動元大AI新經濟,9342623,136449057,14.54,14.69,14.52,14.53,-0.0700,3252
2026-09-15,00991A,主動復華未來50,44203712,752305660,17.08,17.22,16.86,16.87,-0.2700,19317
2026-09-15,00991B,貝萊德A級公司債,136998,1999416,14.58,14.60,14.58,14.59,0.0300,17
2026-09-15,00992A,主動群益科技創新,18888093,330257700,17.58,17.69,17.31,17.31,-0.3100,6516
2026-09-15,00993A,主動安聯台灣,2229100,28843893,13.00,13.06,12.79,12.79,-0.2300,1071
2026-09-15,00994A,主動第一金台股優,3426625,56026198,16.51,16.58,16.18,16.27,-0.2800,1227
2026-09-15,00995A,主動中信台灣卓越,4031614,67732526,16.84,16.98,16.59,16.59,-0.3300,845
2026-09-15,00996A,主動兆豐台灣豐收,2083914,28288659,13.64,13.73,13.42,13.42,-0.2400,607
2026-09-15,00997A,主動群益美國增長,4196561,45335436,10.75,10.85,10.75,10.77,0.0200,1324
2026-09-15,00999A,主動野村臺灣高息,17165006,192993584,11.29,11.35,11.18,11.18,-0.1500,4718
2026-09-15,01001T,土銀富邦R1,23283,258232,11.09,11.09,11.09,11.09,0.0000,12
2026-09-15,01002T,土銀國泰R1,90249,1171331,12.95,12.99,12.90,12.98,0.0000,15
2026-09-15,01004T,土銀富邦R2,61000,613790,10.06,10.08,10.06,10.06,0.0000,38
2026-09-15,01007T,兆豐國泰R2,84390,941479,11.20,11.20,11.12,11.20,0.0000,59
2026-09-15,01009T,王道圓滿R1,20000,111450,5.58,5.59,5.57,5.57,0.0000,11
2026-09-15,01010T,京城樂富R1,70000,699320,9.99,10.00,9.99,10.00,0.0000,16
2026-09-15,020000,富邦特選蘋果N,9000,276360,30.72,30.72,30.70,30.70,0.4800,3
2026-09-15,020011,統一微波高息20N,,,,,,,0.0000,
2026-09-15,020012,富邦行動通訊N,,,,,,,0.0000,
2026-09-15,02001L,富邦蘋果正二N,53000,6927250,131.75,134.25,129.90,129.90,-1.5500,19
2026-09-15,020020,元大台股領航N,4000,114240,28.56,28.56,28.56,28.56,-0.2100,1
2026-09-15,020028,元大特選電動車N,9000,180090,20.03,20.03,19.95,19.95,0.0400,4
2026-09-15,020029,元大ESG高股息N,1000,20040,20.04,20.04,20.04,20.04,-0.3200,1
2026-09-15,020030,統一智慧電動車N,6000,116400,19.40,19.40,19.40,19.40,-0.0300,1
2026-09-15,020031,統一IC設計臺灣N,2000,21050,10.52,10.53,10.52,10.53,-0.2100,2
2026-09-15,020032,元大綠能N,,,,,,,0.0000,
2026-09-15,020034,元大IC設計N,6000,92550,15.44,15.44,15.39,15.39,-0.2600,3
2026-09-15,020036,元大金融配息N,,,,,,,0.0000,
2026-09-15,020037,元大金融高股息N,3000,39300,13.15,13.15,13.05,13.05,-0.1600,3
2026-09-15,020038,元大ESG配息N,,,,,,,0.0000,
2026-09-15,020039,元大加權N,97000,1412320,14.56,14.56,14.56,14.56,-0.1000,1
2026-09-15,1101,台泥,20277886,484020484,24.00,24.05,23.80,23.80,-0.1000,7380
2026-09-15,1101B,台泥乙特,10000,431000,43.10,43.10,43.10,43.10,0.0000,5
2026-09-15,1102,亞泥,5120946,179410163,34.95,35.20,34.80,35.20,0.2000,1831
2026-09-15,1103,嘉泥,365933,4764066,13.10,13.10,12.95,13.00,-0.0500,252
2026-09-15,1104,環泥,413954,11044594,26.85,26.85,26.60,26.65,-0.2000,386
2026-09-15,1108,幸福,123202,1361629,11.00,11.10,11.00,11.05,-0.0500,85
2026-09-15,1109,信大,52197,699389,13.40,13.45,13.35,13.45,0.0500,73
2026-09-15,1110,東泥,523661,8091819,15.65,15.65,15.40,15.40,-0.1500,132
2026-09-15,1201,味全,357441,4286534,12.00,12.05,11.95,12.05,0.0500,271
2026-09-15,1203,味王,21867,932142,42.10,42.75,42.10,42.65,-0.5500,124
2026-09-15,1210,大成,1335950,69050175,51.80,52.00,51.50,51.60,-0.2000,1496
2026-09-15,1213,大飲,36550,271884,7.25,7.49,7.19,7.19,0.0000,10
2026-09-15,1215,卜蜂,866770,92007670,107.50,108.00,105.50,105.50,-2.0000,1787
2026-09-15,1216,統一,10616868,788330290,74.90,74.90,73.90,74.50,-0.1000,6204
2026-09-15,1217,愛之味,340167,3387652,9.96,9.98,9.93,9.97,0.0100,234
2026-09-15,1218,泰山,408681,5811349,14.30,14.30,14.15,14.25,-0.0500,321
2026-09-15,1219,福壽,191741,2152457,11.25,11.35,11.15,11.20,-0.0500,177
2026-09-15,1220,台榮,44095,474494,10.80,10.80,10.70,10.75,0.0000,74
2026-09-15,1225,福懋油,44496,1103755,24.50,25.15,24.50,24.65,-0.3000,77
2026-09-15,1227,佳格,475914,13417576,28.30,28.35,28.10,28.15,-0.1500,500
2026-09-15,1229,聯華,1425646,57373683,40.30,40.40,40.10,40.35,0.0000,1809
2026-09-15,1231,聯華食,381816,30376737,79.80,79.80,79.20,79.30,-0.7000,936
2026-09-15,1232,大統益,81651,12590313,154.00,155.00,153.50,154.50,1.0000,160
2026-09-15,1233,天仁,16020,447205,28.00,28.00,27.85,27.85,-0.1000,17
2026-09-15,1234,黑松,100499,3330845,33.15,33.25,33.05,33.10,-0.0500,106
2026-09-15,1235,興泰,11021,403027,37.05,37.05,35.90,36.90,-0.2000,14
2026-09-15,1236,宏亞,61821,1588410,25.80,26.10,25.40,25.55,-0.3000,60
2026-09-15,1256,鮮活果汁-KY,27564,4752426,173.00,174.00,171.00,171.00,-1.0000,286
2026-09-15,1301,台塑,17895998,1106799845,62.10,62.50,61.20,62.00,-0.9000,8085
2026-09-15,1303,南亞,55715933,12503434125,230.00,230.50,221.00,221.50,-12.5000,53640
2026-09-15,1304,台聚,1673059,20208828,12.15,12.20,12.00,12.15,-0.1000,789
2026-09-15,1305,華夏,1005203,11822889,11.95,11.95,11.70,11.70,-0.2000,642
2026-09-15,1307,三芳,279688,8446988,30.25,30.30,30.15,30.15,-0.1500,232
2026-09-15,1308,亞聚,1101680,15343433,14.05,14.10,13.85,13.90,-0.2500,560
2026-09-15,1309,台達化,1260046,17079139,13.65,13.70,13.45,13.65,-0.1000,686
2026-09-15,1310,台苯,1468489,12514851,8.68,8.68,8.45,8.45,-0.2000,812
2026-09-15,1312,國喬,9867693,142802878,14.45,14.70,14.30,14.35,-0.1000,3790
2026-09-15,1312A,國喬特,,,,,,,0.0000,
2026-09-15,1313,聯成,1678846,19717261,11.70,11.95,11.65,11.80,0.0500,643
2026-09-15,1314,中石化,12078524,98137175,8.23,8.24,8.08,8.11,-0.1100,2526
2026-09-15,1315,達新,16053,1052697,65.50,65.80,65.40,65.80,-0.5000,40
2026-09-15,1316,上曜,1750884,18368195,10.70,10.70,10.40,10.40,-0.3000,733
2026-09-15,1319,東陽,950303,74893646,78.20,79.30,78.10,79.00,0.7000,931
2026-09-15,1321,大洋,36026,1156039,31.90,32.30,31.90,32.15,-0.1500,32
2026-09-15,1323,永裕,73861,1592069,21.70,21.90,21.35,21.35,-0.3500,68
2026-09-15,1324,地球,53590,538346,10.05,10.10,9.99,10.00,-0.0500,34
2026-09-15,1325,恆大,122292,3101991,25.50,25.60,25.20,25.35,-0.1500,174
2026-09-15,1326,台化,23789944,1558736967,66.60,66.80,64.90,65.80,-1.8000,13407
2026-09-15,1337,再生-KY,269204,1188102,4.48,4.48,4.39,4.39,-0.0900,282
2026-09-15,1338,廣華-KY,95767,1369675,14.50,14.55,14.20,14.30,-0.3000,96
2026-09-15,1339,昭輝,36880,1559386,42.25,42.70,42.15,42.70,0.2500,54
2026-09-15,1340,勝悅-KY,110986,567794,5.13,5.18,5.06,5.07,-0.0900,133
2026-09-15,1341,富林-KY,3510,206651,58.20,59.40,58.20,59.40,0.0000,8
2026-09-15,1342,八貫,74895,7551069,99.80,101.50,99.80,100.50,0.7000,110
2026-09-15,1402,遠東新,9055012,251891399,28.05,28.05,27.70,27.80,-0.3000,3339
2026-09-15,1409,新纖,9754438,233941560,24.25,24.25,23.80,23.90,-0.4500,5141
2026-09-15,1410,南染,208159,5012366,24.10,24.55,23.80,23.90,-0.3000,206
2026-09-15,1413,宏洲,2000,18420,9.20,9.22,9.20,9.22,0.0200,2
2026-09-15,1414,東和,102554,1776375,17.65,17.65,17.20,17.20,-0.4000,110
2026-09-15,1416,廣豐,309661,3478185,11.30,11.35,11.15,11.25,0.0000,91
2026-09-15,1417,嘉裕,315338,2524601,8.12,8.14,7.96,7.98,-0.1000,162
2026-09-15,1418,東華,5242,91301,17.45,17.55,17.30,17.55,0.1500,18
2026-09-15,1419,新紡,128424,8414864,66.50,66.50,64.90,65.90,-0.6000,157
2026-09-15,1423,利華,2001,69787,34.50,35.25,34.50,35.25,0.4500,3
2026-09-15,1432,大魯閣,103442,1548219,15.00,15.05,14.95,14.95,0.0000,195
2026-09-15,1434,福懋,1208799,21163862,17.65,17.65,17.45,17.50,-0.1500,777
2026-09-15,1435,中福,5278,115428,22.35,22.35,21.75,21.75,-0.6000,18
2026-09-15,1436,華友聯,62288,2250626,36.20,36.45,36.00,36.10,-0.3500,104
2026-09-15,1437,勤益控,125672,4023811,32.00,32.25,31.85,32.25,0.2000,86
2026-09-15,1438,三地開發,19606,414500,21.20,21.20,21.10,21.20,-0.1500,24
2026-09-15,1439,雋揚,57437,1603432,28.05,28.15,27.55,27.70,-1.2000,56
2026-09-15,1440,南紡,1700760,22385290,13.35,13.35,13.05,13.05,-0.2000,798
2026-09-15,1441,大東,21949,189701,8.59,8.74,8.58,8.61,-0.1400,115
2026-09-15,1442,名軒,119625,3574893,29.95,30.00,29.80,29.90,0.0500,111
2026-09-15,1443,立益物流,7032,160729,22.75,23.10,22.55,23.00,-0.3000,13
2026-09-15,1444,力麗,884227,5919152,6.70,6.74,6.66,6.66,-0.0700,469
2026-09-15,1445,大宇,59192,608347,10.30,10.30,10.10,10.15,-0.0500,14
2026-09-15,1446,宏和,79045,1051498,13.35,13.40,13.25,13.30,-0.0500,48
2026-09-15,1447,力鵬,736501,4666289,6.43,6.43,6.30,6.31,-0.1200,368
2026-09-15,1449,佳和,204958,2498403,12.30,12.30,12.10,12.10,-0.2000,122
2026-09-15,1451,年興,97725,1653837,17.15,17.15,16.90,16.90,-0.1500,75
2026-09-15,1452,宏益,14255,157131,11.20,11.20,11.00,11.00,-0.1000,23
2026-09-15,1453,大將,47026,511509,10.95,11.00,10.80,10.80,-0.1000,83
2026-09-15,1454,台富,43194,541500,12.85,12.85,12.45,12.55,0.1000,32
2026-09-15,1455,集盛,470308,4534551,9.70,9.72,9.59,9.60,-0.1000,337
2026-09-15,1456,怡華,241173,3439061,14.30,14.60,13.90,13.90,-0.4000,128
2026-09-15,1457,宜進,37872,544469,14.35,14.45,14.30,14.35,-0.1000,41
2026-09-15,1459,聯發,172508,2669867,15.35,15.50,15.35,15.35,0.1000,58
2026-09-15,1460,宏遠,386923,2444725,6.42,6.42,6.26,6.28,-0.1400,165
2026-09-15,1463,強盛新,281006,4889056,17.15,17.60,17.15,17.60,0.5500,69
2026-09-15,1464,得力,492932,4900759,10.00,10.00,9.90,9.96,0.0100,260
2026-09-15,1465,偉全,30280,359079,11.90,11.95,11.80,11.95,0.0500,29
2026-09-15,1466,聚隆,171002,2511230,14.95,14.95,14.60,14.70,-0.1500,123
2026-09-15,1467,南緯,62059,490643,7.91,7.94,7.90,7.90,-0.0500,48
2026-09-15,1468,昶和,92000,1184500,13.00,13.10,12.75,13.10,-0.1500,60
2026-09-15,1470,大統新創,4003,95220,23.70,23.90,23.70,23.85,0.0500,5
2026-09-15,1471,首利,114788,1075611,9.50,9.50,9.30,9.30,-0.2000,109
2026-09-15,1472,三洋實業,25050,2213275,88.60,89.10,87.50,88.30,0.0000,24
2026-09-15,1473,台南,164728,3236519,19.70,19.95,19.55,19.65,-0.1000,118
2026-09-15,1474,弘裕,81744,800615,9.83,9.88,9.71,9.72,-0.1600,85
2026-09-15,1475,業旺,18528,483641,26.10,26.50,25.80,26.25,0.2000,14
2026-09-15,1476,儒鴻,1039100,297010878,290.00,290.00,285.00,285.00,-3.0000,1994
2026-09-15,1477,聚陽,726664,140001916,195.00,195.00,192.00,192.00,-2.5000,1248
2026-09-15,1503,士電,839563,164888917,197.00,198.50,195.00,195.00,-2.0000,1762
2026-09-15,1504,東元,3641620,253710804,70.50,70.90,69.00,69.00,-1.3000,5215
2026-09-15,1506,正道,274176,2663547,9.85,9.85,9.68,9.77,-0.0800,119
2026-09-15,1512,瑞利,20719,126848,6.11,6.18,6.10,6.13,0.0200,25
2026-09-15,1513,中興電,1255434,204252701,163.50,164.50,162.00,162.00,-1.5000,1884
2026-09-15,1514,亞力,595972,59671528,100.00,101.50,99.60,99.60,-0.4000,967
2026-09-15,1515,力山,516938,15219905,29.65,29.80,29.15,29.15,-0.7000,444
2026-09-15,1516,川飛,24241,348227,14.40,14.40,14.35,14.40,0.4000,816
2026-09-15,1517,利奇,253540,2658998,10.50,10.55,10.40,10.50,0.0000,238
2026-09-15,1519,華城,1232165,860137215,704.00,708.00,694.00,694.00,-3.0000,3739
2026-09-15,1521,大億,26502,653059,24.60,25.00,24.50,24.75,0.3000,32
2026-09-15,1522,堤維西,355332,8932022,25.15,25.30,24.90,25.05,-0.0500,350
2026-09-15,1522A,堤維西甲特,18071,921593,51.00,51.00,51.00,51.00,0.1000,13
2026-09-15,1524,耿鼎,117411,3037829,25.85,25.95,25.80,25.80,-0.0500,117
2026-09-15,1525,江申,1001,64270,64.20,64.20,64.20,64.20,-0.3000,2
2026-09-15,1526,日馳,83980,1253309,15.00,15.00,14.70,14.70,-0.3000,81
2026-09-15,1527,鑽全,130444,4202413,32.30,32.35,32.10,32.20,-0.1000,109
2026-09-15,1528,恩德,37110090,909378722,23.75,25.30,23.60,24.65,1.3500,17545
2026-09-15,1529,樂事綠能,431421,6683346,15.55,15.65,15.25,15.25,-0.4500,343
2026-09-15,1530,亞崴,23037,630212,27.50,27.50,27.25,27.25,-0.1000,18
2026-09-15,1531,高林股,44280,511113,11.55,11.60,11.50,11.55,0.0000,70
2026-09-15,1532,勤美,315519,7081263,22.50,22.70,22.30,22.30,-0.2500,195
2026-09-15,1533,車王電,81172,2438408,30.80,30.80,29.90,29.95,-0.3500,114
2026-09-15,1535,中宇,53337,2367467,44.65,44.65,44.10,44.35,-0.3000,67
2026-09-15,1536,和大,1446637,67049740,46.85,47.05,46.00,46.00,-0.8500,1291
2026-09-15,1537,廣隆,28063,3210040,114.50,114.50,114.00,114.00,-1.0000,125
2026-09-15,1538,正峰,5,41,,,,,0.0000,3
2026-09-15,1539,巨庭,11315,175566,15.45,15.70,15.45,15.50,-0.1500,20
2026-09-15,1540,喬福,110532,2124214,19.30,19.50,19.10,19.10,-0.1000,266
2026-09-15,1541,錩泰,27193,563073,20.50,21.05,20.50,20.75,0.1000,15
2026-09-15,1558,伸興,107345,11557027,107.50,108.50,106.50,108.50,1.0000,125
2026-09-15,1560,中砂,702383,521683961,746.00,752.00,735.00,735.00,-18.0000,2035
2026-09-15,1563,巧新,419146,31256783,74.50,75.60,74.00,74.00,-0.8000,606
2026-09-15,1568,倉佑,105428,3038524,29.20,29.20,28.60,28.80,-0.1500,109
2026-09-15,1582,信錦,275233,19135010,70.00,70.60,69.10,69.10,-0.9000,700
2026-09-15,1583,程泰,11167,525724,47.20,47.20,46.85,46.85,-0.3500,16
2026-09-15,1587,吉茂,147335,3431767,23.40,23.50,23.20,23.25,-0.2500,146
2026-09-15,1590,亞德客-KY,445567,567323270,1260.00,1285.00,1255.00,1280.00,10.0000,685
2026-09-15,1597,直得,1501685,203710931,136.00,139.00,133.00,133.50,-4.5000,1624
2026-09-15,1598,岱宇,132445,2667805,20.40,20.40,20.00,20.10,-0.3000,201
2026-09-15,1603,華電,142859,4270625,30.20,30.20,29.80,29.95,-0.1500,137
2026-09-15,1604,聲寶,280935,6554809,23.40,23.45,23.30,23.35,-0.0500,142
2026-09-15,1605,華新,12337053,450183891,37.00,37.00,36.20,36.35,-0.6500,6141
2026-09-15,1608,華榮,1271056,45255506,36.00,36.00,35.35,35.40,-0.6000,1196
2026-09-15,1609,大亞,1529214,57176698,37.70,37.70,37.20,37.20,-0.1000,1421
2026-09-15,1611,中電,341988,3878296,11.40,11.40,11.30,11.30,-0.1500,331
2026-09-15,1612,宏泰,317949,10996178,34.70,34.80,34.50,34.50,-0.2000,341
2026-09-15,1614,三洋電,34728,1075472,30.75,31.00,30.75,30.90,-0.1000,259
2026-09-15,1615,大山,47605,2054850,43.70,43.70,43.05,43.05,-0.3000,64
2026-09-15,1616,億泰,157515,2895886,18.60,18.60,18.25,18.35,-0.0500,127
2026-09-15,1617,榮星,203969,3593353,17.65,17.80,17.45,17.60,-0.0500,159
2026-09-15,1618,合機,185429,7154245,38.70,38.85,38.45,38.45,-0.2500,175
2026-09-15,1623,大東電,52457,10628817,203.00,205.00,200.00,204.00,1.0000,1116
2026-09-15,1626,艾美特-KY,47811,455998,9.52,9.66,9.41,9.41,-0.2500,54
2026-09-15,1702,南僑,122852,3958433,32.10,32.35,32.10,32.35,-0.0500,147
2026-09-15,1707,葡萄王,345389,29923003,87.20,87.20,86.20,86.30,-0.8000,734
2026-09-15,1708,東鹼,873025,41842109,47.95,48.35,47.40,48.00,0.0500,840
2026-09-15,1709,和益,8469055,300912003,36.00,36.35,34.30,35.50,-0.5500,5148
2026-09-15,1710,東聯,3352053,52966806,15.95,16.10,15.60,15.70,-0.3500,1083
2026-09-15,1711,永光,2825800,108806910,37.95,39.10,37.95,38.10,0.1500,2614
2026-09-15,1712,興農,366057,14553366,40.05,40.05,39.65,39.90,0.0000,440
2026-09-15,1713,國化,440957,18734712,42.70,42.80,42.05,42.05,-0.4500,227
2026-09-15,1714,和桐,5071270,76779657,14.90,15.35,14.90,15.15,0.2000,2610
2026-09-15,1717,長興,4705926,323541670,69.20,69.50,68.10,68.10,-1.1000,4698
2026-09-15,1718,中纖,6493005,67740935,10.60,10.60,10.30,10.40,-0.1500,2329
2026-09-15,1720,生達,73488,4115065,55.90,56.10,55.90,56.10,0.2000,114
2026-09-15,1721,國慶科技,501644,10741804,21.80,21.85,21.10,21.10,-1.0000,772
2026-09-15,1722,台肥,3554623,149109131,42.30,42.45,41.80,42.00,-0.4000,2285
2026-09-15,1723,中碳,274991,22396998,81.80,81.80,81.20,81.30,-0.6000,344
2026-09-15,1725,元禎,51131,1674875,32.50,33.25,32.50,32.65,-0.3500,55
2026-09-15,1726,永記,18872,1444314,76.50,76.80,76.50,76.50,-0.1000,31
2026-09-15,1727,中華化,2685038,244729473,88.00,92.80,87.60,90.10,1.9000,3595
2026-09-15,1730,花仙子,23148,1188255,51.50,51.50,51.20,51.20,-0.1000,40
2026-09-15,1731,美吾華,45977,956160,20.80,20.90,20.75,20.75,-0.1500,56
2026-09-15,1732,毛寶,39067,1007125,25.95,25.95,25.70,25.85,-0.1000,43
2026-09-15,1733,五鼎,114872,3457518,30.40,30.50,29.85,29.90,-0.4500,163
2026-09-15,1734,杏輝,163938,5111546,30.90,31.30,30.90,31.30,0.1500,244
2026-09-15,1735,日勝化,72692,1423262,19.70,19.70,19.30,19.30,-0.4000,126
2026-09-15,1736,喬山,274367,34259676,125.00,126.50,123.50,125.00,1.0000,293
2026-09-15,1737,臺鹽,235619,7158497,30.45,30.50,30.30,30.40,-0.0500,203
2026-09-15,1752,南光,63210,1973464,31.10,31.50,31.10,31.20,-0.1000,76
2026-09-15,1760,寶齡富錦,102984,5563471,53.90,54.50,53.80,53.80,-0.1000,120
2026-09-15,1762,中化生,30739,1020654,33.25,33.50,33.05,33.50,0.0000,119
2026-09-15,1773,勝一,284373,44773142,156.50,159.00,155.50,157.50,1.0000,545
2026-09-15,1776,展宇,53577,947815,17.60,17.85,17.50,17.75,0.2000,41
2026-09-15,1783,和康生,56653,2060174,36.50,36.50,36.20,36.20,-0.2000,59
2026-09-15,1786,科妍,75399,3250486,43.40,43.55,42.75,43.05,-0.5000,133
2026-09-15,1789,神隆,313893,5662508,18.05,18.10,17.90,18.10,0.1000,240
2026-09-15,1795,美時,725132,128307233,175.00,178.50,173.00,178.50,5.0000,1035
2026-09-15,1802,台玻,10001475,567282405,57.60,57.80,56.00,56.00,-1.8000,8550
2026-09-15,1805,寶徠,22556,227215,10.05,10.10,10.05,10.10,0.0000,15
2026-09-15,1806,冠軍,91760,731330,7.96,8.01,7.93,7.99,0.0100,177
2026-09-15,1808,潤隆,1211558,40198530,33.20,33.50,32.90,33.00,-0.2000,716
2026-09-15,1809,中釉,778635,28378454,36.90,37.15,36.00,36.00,-1.0000,721
2026-09-15,1810,和成,861105,20299551,23.70,23.85,23.40,23.45,-0.3500,641
2026-09-15,1817,凱撒衛,9362,376386,40.25,40.25,40.20,40.20,-0.1000,18
2026-09-15,1903,士紙,47531,2245041,47.35,47.35,47.05,47.20,-0.3000,93
2026-09-15,1904,正隆,1308734,32138939,24.65,24.90,24.35,24.40,-0.4000,1540
2026-09-15,1905,華紙,1357003,17745732,13.20,13.25,12.95,13.05,-0.1000,686
2026-09-15,1906,寶隆,39045,421997,10.85,10.85,10.75,10.75,-0.1500,37
2026-09-15,1907,永豐餘,561160,16222958,29.00,29.15,28.80,28.85,-0.1500,571
2026-09-15,1909,榮成,1943300,19705331,10.15,10.25,10.05,10.10,-0.1500,677
2026-09-15,2002,中鋼,30609530,572343422,18.80,18.80,18.65,18.65,-0.1500,10481
2026-09-15,2002A,中鋼特,5192,192799,37.15,37.15,37.15,37.15,-0.0500,21
2026-09-15,2006,東和鋼鐵,1149181,93131149,81.90,82.10,80.70,80.90,-1.2000,2058
2026-09-15,2007,燁興,253053,1698994,6.76,6.76,6.63,6.65,-0.1100,127
2026-09-15,2008,高興昌,39282,1198154,30.50,30.55,30.50,30.50,0.0000,12
2026-09-15,2009,第一銅,868888,33227862,38.30,38.45,38.15,38.20,-0.3000,727
2026-09-15,2010,春源,544328,11766778,21.80,21.80,21.50,21.55,-0.2500,383
2026-09-15,2012,春雨,22527,313926,13.95,14.15,13.85,13.95,0.0000,42
2026-09-15,2013,中鋼構,33224,1375942,41.15,41.60,41.15,41.40,-0.1000,67
2026-09-15,2014,中鴻,2321052,37853711,16.50,16.50,16.20,16.25,-0.2500,1218
2026-09-15,2015,豐興,89765,5761972,63.90,64.50,63.90,64.50,-0.1000,84
2026-09-15,2017,官田鋼,340434,2935309,8.64,8.72,8.58,8.62,-0.0500,207
2026-09-15,2020,美亞,387958,8300421,21.35,21.55,21.35,21.55,0.2000,118
2026-09-15,2022,聚亨,310625,2229853,7.30,7.30,7.12,7.19,-0.0900,295
2026-09-15,2023,燁輝,1486524,20362088,13.80,13.85,13.60,13.70,-0.1500,530
2026-09-15,2024,志聯,14997,193928,13.00,13.00,12.85,12.85,-0.2000,32
2026-09-15,2025,千興,392957,4718210,12.15,12.20,11.85,11.85,-0.4500,241
2026-09-15,2027,大成鋼,12037554,544616108,45.75,45.75,44.95,45.00,-0.7500,5395
2026-09-15,2028,威致,65002,1010430,15.65,15.65,15.40,15.60,-0.0500,41
2026-09-15,2029,盛餘,326731,6759473,20.90,20.90,20.60,20.65,-0.2000,228
2026-09-15,2030,彰源,2317619,52339894,23.25,23.25,22.10,22.20,-1.0000,1784
2026-09-15,2031,新光鋼,228735,9915751,43.85,43.85,43.20,43.30,-0.2500,292
2026-09-15,2032,新鋼,300586,4966866,16.60,16.85,16.25,16.85,0.2000,183
2026-09-15,2033,佳大,768559,20013768,26.70,27.05,25.45,25.50,-1.1500,546
2026-09-15,2034,允強,1226459,25150331,20.25,20.80,20.25,20.45,0.1500,618
2026-09-15,2038,海光,299531,3550746,12.05,12.05,11.75,11.75,-0.2000,215
2026-09-15,2049,上銀,5290726,1737785287,318.00,334.50,313.50,329.00,5.5000,7043
2026-09-15,2059,川湖,211570,2508624160,11920.00,12075.00,11665.00,11715.00,-275.0000,6673
2026-09-15,2062,橋椿,88301,1592033,18.15,18.15,18.00,18.00,-0.1500,85
2026-09-15,2069,運錩,1388503,32147571,24.00,24.00,22.80,22.80,-1.1000,845
2026-09-15,2072,世紀風電,157128,20137997,128.00,129.50,127.50,127.50,-0.5000,272
2026-09-15,2101,南港,843126,25366601,30.05,30.30,29.95,30.00,-0.1500,700
2026-09-15,2102,泰豐,120061,2135369,17.75,17.85,17.75,17.80,-0.1000,103
2026-09-15,2103,台橡,1765093,45218799,25.50,25.80,25.35,25.75,0.3000,867
2026-09-15,2104,國際中橡,823029,8466306,10.30,10.35,10.25,10.30,0.0000,344
2026-09-15,2105,正新,4049274,121749901,30.15,30.20,30.00,30.00,-0.1500,2426
2026-09-15,2106,建大,707336,11691908,16.55,16.60,16.45,16.60,0.0500,509
2026-09-15,2107,厚生,202629,5410872,26.60,26.85,26.55,26.70,0.1000,187
2026-09-15,2108,南帝,561831,15576116,27.90,27.90,27.55,27.75,-0.1500,431
2026-09-15,2109,華豐,136987,2034438,14.85,15.00,14.65,14.70,-0.0500,114
2026-09-15,2114,鑫永銓,4239,375432,88.60,88.60,88.50,88.60,-0.2000,11
2026-09-15,2115,六暉-KY,53840,1278373,23.65,23.90,23.65,23.70,-0.1000,37
2026-09-15,2201,裕隆,2929514,87659426,30.35,30.40,29.60,29.65,-0.7500,2329
2026-09-15,2204,中華,699842,36525244,52.50,52.80,51.90,52.00,-0.6000,928
2026-09-15,2206,三陽工業,1052906,66551066,63.50,63.50,62.90,63.40,0.3000,744
2026-09-15,2207,和泰車,172922,91978382,538.00,538.00,529.00,530.00,-8.0000,1200
2026-09-15,2208,台船,928659,17528575,19.00,19.05,18.75,18.75,-0.3500,717
2026-09-15,2211,長榮鋼,586677,47105176,80.70,80.90,80.00,80.10,-0.5000,739
2026-09-15,2227,裕日車,114872,5259225,46.55,46.60,45.50,45.60,-0.9500,151
2026-09-15,2228,劍麟,72925,5476160,74.90,75.60,74.80,74.90,0.0000,78
2026-09-15,2231,為升,84419,7525783,89.60,89.70,88.90,89.00,-0.7000,137
2026-09-15,2233,宇隆,263805,41486412,157.50,159.00,156.00,156.50,-0.5000,367
2026-09-15,2236,百達-KY,314246,36958800,118.00,120.00,116.00,118.00,-2.0000,271
2026-09-15,2237,華德動能-創,39290,1051838,26.80,26.90,26.70,26.80,0.0000,35
2026-09-15,2239,英利-KY,16200,312330,19.60,19.60,19.15,19.30,-0.0500,14
2026-09-15,2241,艾姆勒,155149,5209173,33.65,34.00,33.25,33.35,-0.1000,137
2026-09-15,2243,宏旭-KY,127776,6074742,47.85,48.00,47.15,47.45,-0.1500,198
2026-09-15,2247,汎德永業,26645,6094607,228.50,230.00,227.50,229.50,0.0000,102
2026-09-15,2248,華勝-KY,26006,1544854,60.00,60.00,59.10,59.30,0.1000,20
2026-09-15,2250,IKKA-KY,54040,2969830,55.80,55.80,54.60,54.80,-0.2000,45
2026-09-15,2254,巨鎧精密-創,1509097,110088563,70.90,74.40,70.90,73.10,2.3000,806
2026-09-15,2258,鴻華先進-創,286831,8605811,29.90,30.25,29.80,30.05,-0.0500,160
2026-09-15,2301,光寶科,17907973,4985979884,281.00,286.00,273.00,274.00,-3.5000,23378
2026-09-15,2302,麗正,1486684,61055051,41.60,42.10,40.20,40.20,-1.4000,2015
2026-09-15,2303,聯電,102009653,14225802799,140.50,141.00,138.00,138.50,-4.0000,50768
2026-09-15,2305,全友,93620288,4305591015,45.60,48.05,44.20,44.95,-0.2000,49265
2026-09-15,2308,台達電,14802962,24912933435,1590.00,1715.00,1585.00,1670.00,50.0000,38454
2026-09-15,2312,金寶,8006946,248022678,30.90,31.45,30.50,31.10,0.2500,4767
2026-09-15,2313,華通,11772158,2595328027,218.50,224.00,217.00,218.50,-2.5000,14546
2026-09-15,2314,台揚,90417,1001907,10.90,11.20,10.90,11.00,-0.3500,56
2026-09-15,2316,楠梓電,1022268,160121061,157.00,160.00,154.50,155.00,0.0000,1003
2026-09-15,2317,鴻海,15812094,3918516707,247.50,250.00,246.50,246.50,-2.0000,17468
2026-09-15,2323,中環,3498973,36682241,10.55,10.60,10.40,10.40,-0.1000,1520
2026-09-15,2324,仁寶,46454725,1733483277,38.30,38.45,36.90,36.95,-0.9500,21939
2026-09-15,2327,國巨*,22575963,12369577524,550.00,558.00,535.00,537.00,-8.0000,34096
2026-09-15,2328,廣宇,1828166,82695367,45.40,45.85,44.85,44.90,-0.5000,1381
2026-09-15,2329,華泰,1213027,50626961,41.75,42.20,41.25,41.45,-0.3000,1248
2026-09-15,2330,台積電,15215752,36376152215,2405.00,2405.00,2380.00,2385.00,5.0000,84331
2026-09-15,2331,精英,728374,13567439,18.75,18.90,18.50,18.50,-0.2000,492
2026-09-15,2332,友訊,8493922,161495098,18.90,19.20,18.75,18.80,-0.1000,3022
2026-09-15,2337,旺宏,28359737,3268645705,116.00,116.50,114.00,114.50,-1.5000,13905
2026-09-15,2338,光罩,29585483,1415225406,47.30,49.85,45.70,46.10,-1.9000,30065
2026-09-15,2340,台亞,1931697,61180138,32.05,32.35,31.15,31.15,-0.9000,1702
2026-09-15,2342,茂矽,5432362,215452651,41.65,41.90,38.35,38.40,-1.3000,4724
2026-09-15,2344,華邦電,71179694,11454285195,162.50,164.00,158.50,159.50,-0.5000,51839
2026-09-15,2345,智邦,2272078,4228856595,1870.00,1895.00,1830.00,1840.00,-35.0000,13883
2026-09-15,2347,聯強,2705824,241017372,89.30,90.20,88.50,88.50,-1.1000,3983
2026-09-15,2348,海悅,171609,12008828,69.80,70.50,69.70,70.20,-0.3000,359
2026-09-15,2348A,海悅甲特,19224,741484,38.55,38.60,38.55,38.55,0.0000,12
2026-09-15,2349,錸德,1210342,12285818,10.20,10.25,10.10,10.10,-0.1000,523
2026-09-15,2351,順德,12699025,3181259669,252.50,256.00,244.00,251.50,-5.5000,22650
2026-09-15,2352,佳世達,3647989,104389245,28.75,29.05,28.30,28.30,-0.4500,2086
2026-09-15,2353,宏碁,9020306,279632088,31.40,31.45,30.80,30.90,-0.5000,5530
2026-09-15,2354,鴻準,6936955,446596773,64.50,65.10,63.90,64.60,-0.1000,5769
2026-09-15,2355,敬鵬,1165926,47427022,40.85,41.30,40.30,40.40,-0.4500,1041
2026-09-15,2356,英業達,9229037,566109736,61.80,62.70,60.50,60.50,-1.2000,7478
2026-09-15,2357,華碩,2598522,2391372023,930.00,933.00,908.00,928.00,-6.0000,5971
2026-09-15,2359,所羅門,2049232,259870863,127.00,129.00,125.00,125.00,-1.5000,2342
2026-09-15,2360,致茂,985458,2071207415,2100.00,2155.00,2075.00,2080.00,-60.0000,3169
2026-09-15,2362,藍天,613204,28433723,46.55,46.65,46.25,46.25,-0.4000,703
2026-09-15,2363,矽統,2106753,106861605,51.00,51.30,50.30,50.30,-1.1000,1832
2026-09-15,2364,倫飛,164571,10580339,65.10,65.30,63.80,64.00,-0.6000,348
2026-09-15,2365,昆盈,781512,21434762,27.80,27.85,27.05,27.10,-0.7000,883
2026-09-15,2367,燿華,2130451,85017373,39.80,40.40,39.55,39.55,-0.3500,2774
2026-09-15,2368,金像電,6666940,6585750355,1010.00,1015.00,971.00,972.00,-48.0000,26068
2026-09-15,2369,菱生,1907224,55568137,29.20,29.50,28.80,28.85,-0.3500,1597
2026-09-15,2371,大同,7713128,216493798,27.95,28.30,27.70,28.10,0.4500,3683
2026-09-15,2373,震旦行,39389,2069470,52.40,52.70,52.40,52.50,-0.4000,189
2026-09-15,2374,佳能,1326411,87741169,66.60,66.90,65.70,65.70,-0.9000,1479
2026-09-15,2375,凱美,1600067,191644588,119.50,122.50,117.50,117.50,-2.0000,1704
2026-09-15,2376,技嘉,2237694,769300032,346.50,346.50,341.50,343.00,-1.0000,2745
2026-09-15,2377,微星,3410222,508851812,150.50,151.00,148.00,148.00,-2.5000,3333
2026-09-15,2379,瑞昱,1859893,1317522073,717.00,717.00,703.00,703.00,-10.0000,3293
2026-09-15,2380,虹光,37785,640207,17.00,17.00,16.80,16.80,-0.2000,141
2026-09-15,2382,廣達,7988351,2667055915,331.00,338.00,330.50,333.00,0.5000,7516
2026-09-15,2383,台光電,1525730,7960468005,5300.00,5365.00,5110.00,5115.00,-230.0000,23701
2026-09-15,2385,群光,1455229,153040078,105.50,106.50,104.50,105.50,0.0000,1465
2026-09-15,2387,精元,121236,4365908,36.10,36.30,35.90,36.10,0.0000,293
2026-09-15,2388,威盛,3721940,263329176,72.10,72.80,69.40,69.40,-2.9000,5688
2026-09-15,2390,云辰,239914,2399523,9.98,10.10,9.94,9.94,-0.0100,213
2026-09-15,2392,正崴,1985053,82419547,41.60,42.25,41.10,41.10,-0.4000,1621
2026-09-15,2393,億光,516010,31935659,62.50,62.50,61.60,61.70,-0.8000,682
2026-09-15,2395,研華,3502426,2424818521,696.00,705.00,683.00,685.00,15.0000,5624
2026-09-15,2397,友通,136367,8114192,59.40,60.00,59.00,59.00,-0.7000,343
2026-09-15,2399,映泰,4643801,212248302,45.00,46.60,44.25,46.00,1.1000,4059
2026-09-15,2401,凌陽,1721054,41105263,24.00,24.20,23.70,23.75,-0.5000,1288
2026-09-15,2402,毅嘉,1091415,58798645,55.00,55.00,53.30,53.40,-1.0000,1467
2026-09-15,2404,漢唐,965057,1001083915,1015.00,1050.00,1015.00,1035.00,20.0000,2146
2026-09-15,2405,輔信,497201,7315405,14.70,14.85,14.60,14.65,-0.0500,296
2026-09-15,2406,國碩,1698955,44563990,26.50,26.95,25.85,25.85,-0.6500,2088
2026-09-15,2408,南亞科,34239430,16117638243,473.50,476.50,465.50,465.50,-7.5000,55651
2026-09-15,2409,友達,238024652,6676787546,28.35,28.75,27.75,27.90,-0.8000,79732
2026-09-15,2412,中華電,16914018,2421792026,143.50,143.50,142.50,143.50,1.0000,7183
2026-09-15,2413,環科,3950916,193916576,49.20,51.20,47.50,48.20,-2.4000,3773
2026-09-15,2414,精技,129546,6803887,52.40,52.80,52.20,52.50,-0.2000,216
2026-09-15,2415,錩新,39205,1056173,27.15,27.15,26.80,26.95,-0.2500,77
2026-09-15,2417,圓剛,277605,10568316,37.95,38.50,37.90,37.95,-0.1000,271
2026-09-15,2419,仲琦,493599,13181448,26.90,26.90,26.55,26.60,-0.1500,397
2026-09-15,2420,新巨,233052,12505764,53.60,54.10,53.30,53.40,-0.6000,264
2026-09-15,2421,建準,2719238,435068128,163.50,163.50,158.00,158.00,-5.0000,3555
2026-09-15,2423,固緯,44303,3203535,72.10,72.70,72.00,72.00,-0.8000,91
2026-09-15,2424,隴華,16185,128851,7.70,7.98,7.70,7.97,-0.0100,8
2026-09-15,2425,承啟,539910,19283571,36.00,36.30,35.25,35.60,-0.7000,674
2026-09-15,2426,鼎元,26180761,2417990045,92.90,94.50,90.60,90.80,-2.5000,19323
2026-09-15,2427,三商電,5301477,125604206,22.95,24.50,22.65,24.35,1.5500,3498
2026-09-15,2428,興勤,794119,202912388,252.00,260.00,252.00,253.00,0.0000,1400
2026-09-15,2429,銘旺科,113436,3424494,30.40,30.40,30.00,30.05,-0.4500,215
2026-09-15,2430,燦坤,34539,619308,17.85,18.00,17.80,18.00,0.0500,77
2026-09-15,2431,聯昌,206137,2035960,9.96,10.00,9.70,9.76,-0.2000,128
2026-09-15,2432,倚天酷碁-創,46000,1248550,27.15,27.20,27.05,27.05,-0.2500,20
2026-09-15,2433,互盛電,77767,3131905,40.60,40.60,40.00,40.25,-0.6000,103
2026-09-15,2434,統懋,323108,19661116,63.10,63.10,59.30,59.30,-2.0000,576
2026-09-15,2436,偉詮電,3379379,225630389,68.00,68.10,66.00,66.30,-1.6000,3372
2026-09-15,2438,翔耀,84810,1625045,19.00,19.80,18.80,19.80,0.8000,69
2026-09-15,2439,美律,920480,71330995,78.30,78.50,76.60,76.60,-0.7000,964
2026-09-15,2440,太空梭,214588,2954653,13.80,13.95,13.65,13.80,-0.1500,130
2026-09-15,2441,超豐,6099917,717380064,114.00,121.00,114.00,115.00,1.0000,4537
2026-09-15,2442,新美齊,1093630,15830688,14.50,14.60,14.35,14.45,-0.1500,746
2026-09-15,2444,兆勁,250935,2931444,11.55,11.80,11.50,11.65,-0.0500,147
2026-09-15,2449,京元電子,7605273,1965195253,260.50,261.50,256.50,257.00,-4.5000,20138
2026-09-15,2450,神腦,47457,1336534,28.10,28.25,28.10,28.25,0.0000,77
2026-09-15,2451,創見,1233606,336720249,276.00,276.50,271.50,273.00,-1.0000,1866
2026-09-15,2453,凌群,1042773,56467950,54.70,55.30,53.20,53.60,-1.7000,1264
2026-09-15,2454,聯發科,6209254,27933518180,4505.00,4575.00,4430.00,4430.00,-130.0000,49941
2026-09-15,2455,全新,1671642,871247057,528.00,536.00,506.00,520.00,-15.0000,2932
2026-09-15,2457,飛宏,1203973,25749760,21.50,21.75,21.00,21.05,-0.4500,761
2026-09-15,2458,義隆,724849,91146615,126.50,127.00,125.00,125.00,-1.5000,931
2026-09-15,2459,敦吉,31265,2042198,65.40,65.50,65.10,65.30,0.0000,42
2026-09-15,2460,建通,347798,10011538,29.00,29.30,28.35,28.80,-0.6500,310
2026-09-15,2461,光群雷,246569,4308795,17.40,17.55,17.35,17.40,0.0000,166
2026-09-15,2462,良得電,148131,2802064,19.15,19.15,18.70,18.90,-0.3000,200
2026-09-15,2464,盟立,6261941,1114739890,174.00,181.50,173.00,176.00,0.5000,5963
2026-09-15,2465,麗臺,1093990,98095331,88.80,91.00,88.60,89.50,0.9000,2100
2026-09-15,2466,冠西電,701940,71887708,103.00,104.50,100.50,102.00,-1.0000,775
2026-09-15,2467,志聖,794077,417575613,527.00,541.00,515.00,516.00,-21.0000,2740
2026-09-15,2468,華經,7140627,301954555,40.95,43.25,40.05,43.25,3.9000,4217
2026-09-15,2471,資通,1987251,104450058,51.00,54.00,50.80,51.70,0.8000,2118
2026-09-15,2472,立隆電,2251524,475402890,211.00,216.00,208.00,208.00,-2.5000,2276
2026-09-15,2474,可成,1707551,348071614,205.00,205.00,203.00,203.50,-2.0000,1409
2026-09-15,2476,鉅祥,691939,81628793,118.00,120.00,116.50,117.00,-2.5000,591
2026-09-15,2477,美隆電,71307,1558313,21.95,21.95,21.70,21.75,-0.1000,287
2026-09-15,2478,大毅,1494229,178030228,118.50,121.50,116.50,117.00,-2.0000,1400
2026-09-15,2480,敦陽科,428248,68700856,158.00,162.00,158.00,161.00,3.5000,596
2026-09-15,2481,強茂,58386182,9179278766,158.00,163.50,152.00,153.50,-5.5000,45427
2026-09-15,2482,連宇,34970,551033,15.95,15.95,15.60,15.65,-0.1000,131
2026-09-15,2483,百容,304112,9303962,30.95,30.95,30.30,30.30,-0.5500,323
2026-09-15,2484,希華,4704529,322159527,66.80,69.80,66.80,68.00,0.8000,5548
2026-09-15,2485,兆赫,1328003,50567838,38.70,38.75,37.55,37.55,-0.9500,2278
2026-09-15,2486,一詮,3063177,708951872,234.00,237.50,228.00,228.00,-6.5000,4653
2026-09-15,2488,漢平,55198,2670678,48.20,48.85,48.20,48.30,-0.0500,72
2026-09-15,2489,瑞軒,15674743,605375349,39.30,39.60,37.40,37.50,-1.8000,11028
2026-09-15,2491,吉祥全,628740,25172570,40.15,40.70,39.70,39.95,0.4500,662
2026-09-15,2492,華新科,21610352,6628801351,305.50,315.50,300.00,300.00,-5.5000,22569
2026-09-15,2493,揚博,522879,89851244,170.50,174.50,169.50,171.00,0.5000,1046
2026-09-15,2495,普安,1455835,54621838,37.20,38.50,36.45,36.45,-0.8500,1338
2026-09-15,2496,卓越,3531,193686,55.00,55.00,54.60,54.90,0.0000,17
2026-09-15,2497,怡利電,155751,6708800,43.05,43.65,42.85,42.95,-0.1000,115
2026-09-15,2498,宏達電,2667623,105767003,39.95,40.15,39.20,39.25,-0.6500,1994
2026-09-15,2501,國建,3634884,78181433,21.85,21.90,21.30,21.30,-0.5500,2056
2026-09-15,2504,國產,1858662,56974490,31.00,31.05,30.50,30.50,-0.4500,1241
2026-09-15,2505,國揚,253507,4333362,17.20,17.30,17.00,17.15,-0.2000,163
2026-09-15,2506,太設,146181,1253076,8.55,8.59,8.52,8.57,-0.0100,59
2026-09-15,2509,全坤建,95860,1358990,14.35,14.35,14.05,14.05,-0.3000,87
2026-09-15,2511,太子,480766,4015501,8.40,8.40,8.33,8.37,-0.0300,256
2026-09-15,2514,龍邦,137769,1578979,11.50,11.55,11.40,11.50,0.0000,308
2026-09-15,2515,中工,5105437,60311919,11.95,11.95,11.70,11.75,-0.2500,1770
2026-09-15,2516,新建,57316,826198,14.60,14.60,14.35,14.35,-0.2500,45
2026-09-15,2520,冠德,1083142,39514176,36.70,36.70,36.15,36.50,-0.1000,617
2026-09-15,2524,京城,88830,2978388,33.90,33.90,33.30,33.30,-0.7000,279
2026-09-15,2527,宏璟,499243,21327841,43.35,43.40,42.30,42.50,-1.2000,564
2026-09-15,2528,皇普,221913,4307090,19.70,19.70,19.30,19.50,0.1000,169
2026-09-15,2530,華建,805807,16113820,20.25,20.25,19.70,20.15,-0.4500,534
2026-09-15,2534,宏盛,213067,3567488,16.65,16.95,16.65,16.70,-0.0500,194
2026-09-15,2535,達欣工,170019,15129121,89.50,89.70,88.60,88.60,-1.1000,512
2026-09-15,2536,宏普,438700,8444797,19.50,19.50,19.10,19.10,-0.3500,228
2026-09-15,2537,聯上發,616251,6865093,11.30,11.30,11.05,11.05,-0.2000,196
2026-09-15,2538,基泰,633201,5459937,8.68,8.68,8.59,8.63,-0.0400,254
2026-09-15,2539,櫻花建,908259,30978631,34.60,34.60,33.95,34.05,-0.5500,912
2026-09-15,2540,愛山林,406019,19387403,47.90,48.05,47.45,47.50,-0.5500,416
2026-09-15,2542,興富發,9711683,439183072,45.60,45.60,44.85,45.25,-0.4500,5455
2026-09-15,2543,皇昌,525134,19705669,37.50,37.80,37.35,37.35,-0.2500,477
2026-09-15,2545,皇翔,84780,2810825,33.00,33.30,32.95,33.15,0.1000,90
2026-09-15,2546,根基,238982,25031858,103.50,106.00,102.50,105.50,3.5000,391
2026-09-15,2547,日勝生,2249415,21720815,9.75,9.75,9.60,9.69,-0.0600,932
2026-09-15,2548,華固,1610583,148124478,92.90,93.00,91.60,91.60,-1.3000,2334
2026-09-15,2597,潤弘,115120,19369552,167.00,169.50,166.50,169.50,2.5000,334
2026-09-15,2601,益航,2025754,12676865,6.38,6.38,6.21,6.23,-0.1500,1805
2026-09-15,2603,長榮,6962846,1627111302,235.00,237.00,231.50,233.50,-3.5000,5850
2026-09-15,2605,新興,8993430,319167303,36.15,36.55,34.85,35.05,-1.1000,5430
2026-09-15,2606,裕民,4503726,336394051,75.70,76.00,73.90,74.60,-1.6000,3853
2026-09-15,2607,榮運,194503,10269201,52.80,53.00,52.60,53.00,0.0000,255
2026-09-15,2608,嘉里大榮,112075,3197943,28.65,28.65,28.50,28.60,-0.1500,302
2026-09-15,2609,陽明,22032722,1300040215,59.40,59.90,58.60,58.80,-0.5000,9016
2026-09-15,2610,華航,22908902,457837541,20.25,20.25,19.90,19.90,-0.3000,7382
2026-09-15,2611,志信,427341,5996139,13.95,14.15,13.95,14.00,0.1500,285
2026-09-15,2612,中航,594852,37012855,63.90,63.90,61.30,61.50,-2.4000,1358
2026-09-15,2613,中櫃,192836,4227319,22.10,22.20,21.80,21.80,-0.3000,255
2026-09-15,2614,東森,444311,7882960,17.80,17.90,17.70,17.70,-0.1000,770
2026-09-15,2615,萬海,8078477,907209515,113.50,115.00,111.00,112.00,-1.0000,6708
2026-09-15,2616,山隆,61118,811739,13.30,13.30,13.25,13.25,-0.0500,140
2026-09-15,2617,台航,1456809,47496885,33.05,33.05,32.30,32.40,-0.6500,1107
2026-09-15,2618,長榮航,20290683,837006001,42.20,42.25,40.85,41.20,-0.8500,11728
2026-09-15,2630,亞航,778426,36642374,47.80,48.10,46.25,46.25,-1.9000,1052
2026-09-15,2633,台灣高鐵,4195719,108575604,25.90,26.00,25.85,25.85,-0.1500,2220
2026-09-15,2634,漢翔,7430842,465803297,63.20,63.80,62.00,62.00,-1.8000,7212
2026-09-15,2636,台驊控股,233086,16130195,69.80,69.80,68.90,69.20,-0.5000,290
2026-09-15,2637,慧洋-KY,3917647,381313705,101.00,101.00,95.90,96.90,-4.1000,10864
2026-09-15,2642,宅配通,23178,468862,20.20,20.30,20.20,20.20,0.0000,31
2026-09-15,2645,長榮航太,860644,147259325,172.00,173.00,170.00,170.00,-3.0000,1437
2026-09-15,2646,星宇航空,5088904,102088599,20.10,20.20,20.00,20.10,0.0000,2922
2026-09-15,2701,萬企,60709,624691,10.30,10.30,10.25,10.30,0.0000,38
2026-09-15,2702,華園,21010,265911,12.75,12.75,12.55,12.65,-0.1000,35
2026-09-15,2704,國賓,47671,2155697,45.60,45.60,44.95,44.95,-0.6500,40
2026-09-15,2705,六福,113760,1731661,15.15,15.50,15.10,15.25,-0.1000,160
2026-09-15,2706,第一店,67560,820599,12.15,12.15,12.10,12.10,-0.0500,50
2026-09-15,2707,晶華,62775,11129458,177.50,177.50,177.00,177.50,0.0000,100
2026-09-15,2712,遠雄來,77000,1049100,13.70,13.85,13.50,13.80,-0.2500,32
2026-09-15,2722,夏都,51811,1096833,21.70,21.70,21.00,21.15,-0.1000,55
2026-09-15,2723,美食-KY,171562,13246932,78.00,78.00,76.80,77.60,-0.4000,361
2026-09-15,2727,王品,94232,21513746,227.50,228.50,227.50,228.50,0.5000,281
2026-09-15,2731,雄獅,207010,29150039,140.50,141.50,139.50,141.50,1.5000,281
2026-09-15,2739,寒舍,62619,2291880,36.90,37.05,36.45,36.50,-0.4000,130
2026-09-15,2748,雲品,34475,1336924,38.80,38.95,38.65,38.95,0.1500,82
2026-09-15,2753,八方雲集,174259,30864927,177.00,178.50,176.50,176.50,-0.5000,334
2026-09-15,2762,世界健身-KY,32376,2572110,79.60,79.60,79.20,79.40,-0.1000,84
2026-09-15,2801,彰銀,38455068,1076740200,28.65,28.65,27.75,28.00,-0.5500,14398
2026-09-15,2812,台中銀,14214013,274517204,19.50,19.50,19.20,19.35,-0.1000,5287
2026-09-15,2816,旺旺保,380707,14995223,39.15,40.05,39.10,39.10,-0.0500,261
2026-09-15,2820,華票,2974451,51450097,17.40,17.40,17.20,17.35,-0.0500,1191
2026-09-15,2832,台產,346402,19802064,56.30,57.80,56.30,57.50,0.9000,339
2026-09-15,2834,臺企銀,42777943,776319335,18.40,18.50,18.00,18.00,-0.3500,18068
2026-09-15,2836,高雄銀,1143253,13964161,12.30,12.35,12.15,12.25,-0.0500,569
2026-09-15,2836A,高雄銀甲特,1000,24000,24.00,24.00,24.00,24.00,-0.0500,1
2026-09-15,2838,聯邦銀,1711368,36602048,21.50,21.65,21.25,21.45,-0.1500,1551
2026-09-15,2838A,聯邦銀甲特,17069,884687,51.90,52.00,51.80,52.00,0.1000,14
2026-09-15,2845,遠東銀,7755084,105682214,13.85,13.85,13.50,13.60,-0.1500,2835
2026-09-15,2849,安泰銀,211497,3313437,15.70,15.85,15.55,15.75,-0.2500,178
2026-09-15,2850,新產,150623,23416677,156.00,156.00,155.00,155.50,-0.5000,361
2026-09-15,2851,中再保,2135227,100404645,47.70,47.90,46.35,46.50,-1.0000,2711
2026-09-15,2852,第一保,261957,7289573,27.95,27.95,27.70,27.75,-0.2000,191
2026-09-15,2855,統一證,5011104,258446739,52.90,52.90,50.80,51.50,-1.4000,8760
2026-09-15,2880,華南金,15252989,713894602,46.30,47.25,46.30,46.90,0.6000,8595
2026-09-15,2881,富邦金,15894184,2403353783,154.00,154.50,149.50,151.00,-3.0000,9513
2026-09-15,2881A,富邦特,26864,1655289,61.60,61.70,61.60,61.60,0.0000,17
2026-09-15,2881B,富邦金乙特,2621,159307,60.90,60.90,60.90,60.90,0.0000,6
2026-09-15,2881C,富邦金丙特,15703,807928,51.40,51.50,51.40,51.50,0.1000,28
2026-09-15,2882,國泰金,16604431,1837600900,113.50,114.00,109.50,110.00,-2.5000,7560
2026-09-15,2882A,國泰特,9004,541942,60.20,60.20,60.10,60.20,-0.1000,9
2026-09-15,2882B,國泰金乙特,14041,825604,58.80,58.80,58.80,58.80,0.0000,7
2026-09-15,2883,凱基金,54357732,2078497417,38.70,38.95,38.00,38.15,-0.6500,21617
2026-09-15,2883B,凱基金乙特,836823,6893050,8.23,8.25,8.22,8.24,0.0100,210
2026-09-15,2884,玉山金,35427709,1620472395,46.30,46.50,45.30,45.65,-0.7000,16372
2026-09-15,2885,元大金,23441138,1614782373,70.70,70.70,68.20,68.30,-2.5000,16687
2026-09-15,2886,兆豐金,20370352,1052602389,52.50,52.90,51.20,51.80,-0.7000,14739
2026-09-15,2887,台新新光金,43388044,1882352699,43.60,43.80,43.10,43.40,-0.1500,18510
2026-09-15,2887E,台新新光戊特一,120296,5832345,48.55,48.55,48.45,48.45,-0.1000,122
2026-09-15,2887F,台新新光戊特二,28422,1299013,45.65,45.75,45.65,45.65,-0.0500,35
2026-09-15,2887G,台新新光庚特一,100077,4412695,44.10,44.15,44.05,44.10,-0.0500,42
2026-09-15,2887H,台新新光庚特二,518156,21709871,42.00,42.35,41.60,42.00,0.0000,101
2026-09-15,2887I,台新新光辛特,5563124,52908344,9.52,9.53,9.50,9.51,-0.0100,651
2026-09-15,2887Z1,台新新光己特,31154,699709,22.55,22.55,22.30,22.40,-0.2500,13
2026-09-15,2889,國票金,12957544,217488760,17.10,17.10,16.65,16.85,-0.2000,3458
2026-09-15,2890,永豐金,26932735,1197474613,44.80,45.20,44.10,44.55,-0.2500,13187
2026-09-15,2891,中信金,59318127,4105999361,69.50,69.90,68.20,69.70,1.6000,19580
2026-09-15,2891B,中信金乙特,1000,62000,62.00,62.00,62.00,62.00,0.1000,1
2026-09-15,2891C,中信金丙特,,,,,,,0.0000,
2026-09-15,2892,第一金,30707411,1220030034,40.40,40.40,39.50,39.55,-0.3000,13480
2026-09-15,2897,王道銀行,6343448,70955368,11.25,11.30,11.05,11.20,-0.0500,1321
2026-09-15,2897B,王道銀乙特,46057,543924,11.85,11.90,11.80,11.85,0.0000,12
2026-09-15,2901,欣欣,33874,772904,23.20,23.45,22.30,22.70,-0.8000,100
2026-09-15,2903,遠百,1529035,33563794,22.10,22.15,21.85,21.85,-0.2000,1105
2026-09-15,2904,匯僑,53802,672261,12.60,12.60,12.45,12.55,-0.1000,45
2026-09-15,2905,三商,2369419,44401334,18.55,18.95,18.50,18.85,0.3500,1186
2026-09-15,2906,高林,143868,1964541,13.95,13.95,13.55,13.60,-0.2000,173
2026-09-15,2908,特力,179016,3912748,21.90,21.90,21.80,21.85,-0.1500,79
2026-09-15,2910,統領,11064,260295,24.05,24.05,23.30,23.30,-0.1500,19
2026-09-15,2911,麗嬰房,29837,187692,6.28,6.34,6.28,6.32,0.0400,44
2026-09-15,2912,統一超,1125625,242684215,216.00,217.00,215.00,215.50,-1.0000,1921
2026-09-15,2913,農林,651398,7102519,10.90,10.95,10.85,10.95,0.0000,318
2026-09-15,2915,潤泰全,867924,49318076,56.80,57.20,56.60,56.90,0.2000,654
2026-09-15,2923,鼎固-KY,327576,7654393,23.85,24.15,23.00,23.00,-1.3500,616
2026-09-15,2929,淘帝-KY,53522,303843,5.89,5.89,5.62,5.72,-0.0300,66
2026-09-15,2939,永邑-KY,21002,410840,19.70,19.80,19.30,19.40,-0.1500,17
2026-09-15,2945,三商家購,13483,527656,39.25,39.25,39.00,39.05,-0.7500,21
2026-09-15,3002,歐格,35302,592657,16.75,16.90,16.65,16.65,-0.1500,44
2026-09-15,3003,健和興,356754,20344058,56.80,57.90,56.60,56.60,-0.5000,373
2026-09-15,3004,豐達科,184882,21254736,115.00,116.00,114.00,114.00,-1.5000,308
2026-09-15,3005,神基,1588708,183090398,116.50,117.00,114.50,115.00,-1.5000,1475
2026-09-15,3006,晶豪科,9092194,2415709088,272.00,274.00,263.00,264.00,-6.5000,10235
2026-09-15,3008,大立光,2988683,18102787597,6015.00,6195.00,5930.00,6055.00,60.0000,16868
2026-09-15,3010,華立,488994,60297270,125.00,125.00,122.50,122.50,-3.0000,581
2026-09-15,3011,今皓,988520,9318873,9.38,9.59,9.20,9.44,0.0600,429
2026-09-15,3013,晟銘電,634971,52159519,81.50,83.20,81.50,81.50,-1.3000,917
2026-09-15,3014,聯陽,288580,37581804,130.00,131.00,129.50,130.50,0.0000,394
2026-09-15,3015,全漢,356508,18215307,51.00,51.60,50.60,50.60,-1.4000,341
2026-09-15,3016,嘉晶,30912478,3519353372,113.00,119.00,107.50,110.00,-2.5000,22005
2026-09-15,3017,奇鋐,3217593,10218771055,3265.00,3300.00,3100.00,3115.00,-195.0000,21051
2026-09-15,3018,隆銘綠能,9361,106084,11.35,11.35,11.25,11.25,-0.1000,46
2026-09-15,3019,亞光,2307775,305946662,133.00,134.50,131.00,132.00,-2.0000,2565
2026-09-15,3021,鴻名,660797,15880095,22.45,24.65,21.80,24.65,2.2000,407
2026-09-15,3022,威強電,1114601,96623570,86.30,88.60,85.10,85.20,-1.0000,2709
2026-09-15,3023,信邦,769688,246976712,320.00,325.50,316.50,318.50,-2.0000,1354
2026-09-15,3024,憶聲,1009988,14615620,14.85,14.85,14.30,14.30,-0.4000,537
2026-09-15,3025,星通,51844,2622991,50.50,50.90,50.30,50.30,-0.2000,100
2026-09-15,3026,禾伸堂,6230611,4588217854,744.00,749.00,721.00,726.00,-5.0000,7935
2026-09-15,3027,盛達,167679,2954314,17.70,17.85,17.40,17.55,-0.1500,103
2026-09-15,3028,增你強,446467,27201160,61.20,61.40,60.50,60.70,-0.5000,525
2026-09-15,3029,零壹,7857851,927668256,116.50,121.00,115.00,118.50,2.0000,6770
2026-09-15,3030,德律,377353,98111824,258.50,262.00,258.50,258.50,-0.5000,1007
2026-09-15,3031,佰鴻,229023,5320810,23.35,23.55,23.00,23.00,-0.3500,231
2026-09-15,3032,偉訓,310804,21914289,71.00,71.70,69.90,70.50,-0.3000,348
2026-09-15,3033,威健,2357253,97133354,41.25,41.60,40.80,40.80,-0.6000,2222
2026-09-15,3034,聯詠,3608523,1946657603,556.00,559.00,526.00,541.00,-15.0000,5086
2026-09-15,3035,智原,1298444,221704849,172.50,172.50,169.00,170.00,-2.5000,1667
2026-09-15,3036,文曄,7214663,1396898999,193.00,196.50,192.00,192.50,0.5000,4622
2026-09-15,3037,欣興,9646657,9352140641,969.00,986.00,951.00,951.00,-19.0000,19607
2026-09-15,3038,全台,62416,1250590,20.05,20.10,20.00,20.05,0.0000,67
2026-09-15,3040,遠見,352277,11836946,33.45,34.30,33.10,34.30,0.5000,1035
2026-09-15,3041,揚智,516002,11450513,22.50,22.65,21.95,21.95,-0.4000,401
2026-09-15,3042,晶技,8407802,1531107407,175.00,186.00,175.00,181.00,3.0000,8052
2026-09-15,3043,科風,43669,877485,20.25,20.30,20.00,20.10,0.1000,38
2026-09-15,3044,健鼎,2732822,1359038434,502.00,508.00,490.00,490.50,-19.5000,5304
2026-09-15,3045,台灣大,10604689,1305534285,121.50,124.50,121.00,124.00,2.5000,3846
2026-09-15,3046,建碁,126639,6618153,52.50,52.60,51.90,52.20,0.3000,130
2026-09-15,3047,訊舟,251967,3390917,13.40,13.60,13.35,13.40,-0.1000,169
2026-09-15,3048,益登,669936,33338618,50.20,50.30,49.40,49.40,-0.8000,811
2026-09-15,3049,精金,2397221,28538031,11.95,12.10,11.80,11.80,-0.2000,1252
2026-09-15,3050,鈺德,498124,5494289,11.20,11.20,10.90,11.05,-0.1500,202
2026-09-15,3051,力特,354649,7494082,21.45,21.50,20.90,20.90,-0.4000,305
2026-09-15,3052,夆典,264661,2705713,10.30,10.30,10.15,10.20,-0.0500,172
2026-09-15,3054,立萬利,34437,1911675,57.50,57.50,54.70,54.70,-1.1000,89
2026-09-15,3055,蔚華科,1373705,219477020,161.00,162.50,156.50,157.50,-2.0000,1887
2026-09-15,3056,富華新,369668,5006261,13.65,13.65,13.45,13.60,-0.0500,235
2026-09-15,3057,喬鼎,107861,1719760,16.25,16.35,15.60,15.65,-0.5500,141
2026-09-15,3058,立德,675087,5367858,8.02,8.02,7.91,7.94,-0.0800,869
2026-09-15,3059,華晶科,949694,35506064,37.60,37.70,37.05,37.30,0.0500,1044
2026-09-15,3060,銘異,735525,18983551,26.00,26.25,25.50,25.50,-0.6500,710
2026-09-15,3062,建漢,848680,17177366,20.40,20.40,20.10,20.25,-0.1500,462
2026-09-15,3090,日電貿,2541717,411827648,162.00,166.00,159.00,159.00,-4.5000,2941
2026-09-15,3092,鴻碩,251283,5573529,22.55,23.00,21.60,21.60,-0.9000,341
2026-09-15,3094,聯傑,4642507,198680150,43.95,44.00,42.20,42.25,-1.7500,5550
2026-09-15,3130,一零四,25374,5290854,208.50,209.00,208.00,208.00,-0.5000,77
2026-09-15,3135,凌航,482885,76855636,161.00,161.00,158.00,158.50,-0.5000,601
2026-09-15,3138,耀登,117058,10199080,88.00,88.40,86.00,86.50,-1.1000,256
2026-09-15,3149,正達,2834368,170451436,61.00,61.30,59.40,59.40,-1.5000,2583
2026-09-15,3150,鈺寶-創,47000,710850,15.05,15.20,15.00,15.05,-0.1500,26
2026-09-15,3164,景岳,8673,136278,15.65,15.75,15.65,15.70,-0.0500,28
2026-09-15,3167,大量,3934764,3187683130,805.00,834.00,785.00,792.00,-18.0000,7065
2026-09-15,3168,眾福科,25035,1067562,43.40,43.40,41.80,43.00,0.9500,32
2026-09-15,3189,景碩,7509520,6051891571,795.00,822.00,791.00,795.00,-3.0000,11736
2026-09-15,3209,全科,570765,25341721,44.70,44.80,44.25,44.25,-0.4500,560
2026-09-15,3229,晟鈦,7363074,462996171,65.20,66.90,60.30,60.30,-6.6000,5153
2026-09-15,3231,緯創,21186201,3861163767,181.00,184.00,181.00,182.50,1.5000,12660
2026-09-15,3257,虹冠電,167692,7865455,46.60,47.55,46.50,46.60,0.1000,183
2026-09-15,3266,昇陽,36270,496735,13.80,13.80,13.65,13.75,-0.1000,29
2026-09-15,3296,勝德,217217,5778092,25.30,27.70,25.10,27.00,1.5000,285
2026-09-15,3305,昇貿,748240,74288731,100.50,101.00,98.00,98.10,-1.9000,1270
2026-09-15,3308,聯德,39565,853505,21.25,22.00,21.25,22.00,0.2500,64
2026-09-15,3311,閎暉,2318623,84944123,35.00,37.60,34.85,36.80,1.8000,1984
2026-09-15,3312,弘憶股,287469,13578190,47.50,47.80,46.70,46.70,-0.7000,528
2026-09-15,3321,同泰,139415,2382776,17.20,17.75,16.80,16.80,-0.2000,124
2026-09-15,3338,泰碩,176725,11512440,65.10,66.00,64.50,64.70,-0.8000,282
2026-09-15,3346,麗清,186617,3616077,19.75,19.75,19.20,19.30,-0.1000,170
2026-09-15,3376,新日興,6133879,1083350784,180.50,182.00,173.00,173.00,-8.0000,7079
2026-09-15,3380,明泰,1117376,33162324,29.95,30.00,29.50,29.55,-0.4000,865
2026-09-15,3406,玉晶光,9449175,8854216774,944.00,973.00,906.00,915.00,-39.0000,11646
2026-09-15,3413,京鼎,404311,111388385,276.00,277.50,274.00,274.00,-1.5000,860
2026-09-15,3416,融程電,106860,17216328,162.00,163.00,160.00,160.00,-1.0000,793
2026-09-15,3419,譁裕,93009,1006299,11.00,11.00,10.75,10.75,-0.2500,64
2026-09-15,3432,台端,,,,,,,0.0000,
2026-09-15,3437,榮創,471448,8329835,17.95,17.95,17.50,17.50,-0.3000,391
2026-09-15,3443,創意,2199061,13618376645,6400.00,6455.00,6035.00,6035.00,-365.0000,11301
2026-09-15,3447,展達,99200,2673527,27.35,27.35,26.65,26.80,-0.5500,127
2026-09-15,3450,聯鈞,8062676,4068329273,506.00,524.00,492.00,492.50,-16.5000,12469
2026-09-15,3481,群創,77381620,3673791636,47.80,48.10,46.80,46.80,-0.8500,38490
2026-09-15,3494,誠研,17116,120940,7.25,7.25,6.98,7.07,0.0000,22
2026-09-15,3501,維熹,58221,2225403,38.55,38.55,38.05,38.20,-0.2500,125
2026-09-15,3504,揚明光,1419165,111056551,78.10,79.90,77.00,77.00,-1.0000,1856
2026-09-15,3515,華擎,291043,58736749,202.50,204.00,201.00,201.00,-2.0000,1218
2026-09-15,3518,柏騰,430131,12869736,30.00,30.55,29.60,29.70,-0.3000,331
2026-09-15,3528,安馳,213618,17093377,81.50,81.50,77.00,80.40,-0.9000,388
2026-09-15,3530,晶相光,47410,2660587,56.30,56.70,55.50,55.60,-0.9000,236
2026-09-15,3532,台勝科,9430827,3996515402,416.00,444.00,403.00,407.00,-9.0000,11435
2026-09-15,3533,嘉澤,746610,1154809165,1590.00,1590.00,1520.00,1520.00,-70.0000,5583
2026-09-15,3535,晶彩科,303185,24917610,82.60,83.30,81.10,81.10,-1.5000,537
2026-09-15,3543,州巧,424798,17957681,42.10,42.70,42.00,42.00,-0.0500,397
2026-09-15,3545,敦泰,415935,20356473,49.80,49.80,48.30,48.45,-0.6000,557
2026-09-15,3550,聯穎,615041,13238286,21.75,22.10,21.20,21.20,-0.5000,461
2026-09-15,3557,嘉威,22119,499399,22.40,22.90,22.40,22.75,0.0500,40
2026-09-15,3563,牧德,236655,152946386,649.00,656.00,639.00,643.00,-2.0000,775
2026-09-15,3576,聯合再生,4939724,80041995,16.45,16.45,16.05,16.05,-0.5500,2835
2026-09-15,3583,辛耘,647457,437199601,679.00,688.00,664.00,664.00,-19.0000,2856
2026-09-15,3588,通嘉,77169,3935254,51.30,51.50,50.60,50.60,-0.7000,132
2026-09-15,3592,瑞鼎,149879,33050271,222.00,222.50,219.50,219.50,-2.5000,269
2026-09-15,3593,力銘,13235,126883,9.51,9.95,9.51,9.95,-0.2000,16
2026-09-15,3596,智易,869537,134624637,153.00,156.00,153.00,155.00,2.5000,769
2026-09-15,3605,宏致,7841855,985190624,124.50,129.50,122.00,127.50,1.0000,5799
2026-09-15,3607,谷崧,145208,1959574,13.55,13.60,13.45,13.55,0.0000,84
2026-09-15,3617,碩天,251146,59814115,240.50,241.50,236.00,236.00,-5.0000,458
2026-09-15,3622,洋華,203040,9142586,44.95,45.40,44.75,44.80,0.1500,204
2026-09-15,3645,達邁,735490,49640733,67.80,68.20,66.80,66.80,-1.0000,1040
2026-09-15,3652,精聯,62773,2084154,33.25,33.45,32.90,33.15,0.0000,72
2026-09-15,3653,健策,2469366,13300208370,5735.00,5765.00,5240.00,5310.00,-510.0000,14150
2026-09-15,3661,世芯-KY,2699862,9287996320,3535.00,3590.00,3335.00,3355.00,-235.0000,40548
2026-09-15,3665,貿聯-KY,2594783,5137595940,1940.00,2020.00,1925.00,1980.00,25.0000,6784
2026-09-15,3669,圓展,79060,2542760,32.30,32.40,32.00,32.00,-0.3500,86
2026-09-15,3673,TPK-KY,2301828,144254399,63.40,64.20,61.50,61.50,-1.9000,2692
2026-09-15,3679,新至陞,26550,2854378,108.00,108.50,107.00,108.00,0.0000,30
2026-09-15,3686,達能,73742,1039691,14.15,14.15,14.05,14.10,-0.1000,91
2026-09-15,3694,海華,387294,18973918,49.80,49.80,48.50,48.50,-0.7000,381
2026-09-15,3701,大眾控,335733,13219094,39.85,40.00,38.80,38.80,-1.0000,564
2026-09-15,3702,大聯大,4409655,473051734,106.50,108.00,106.50,107.00,0.0000,2617
2026-09-15,3703,欣陸,579720,11342418,19.55,19.65,19.50,19.50,-0.1500,363
2026-09-15,3704,合勤控,10631775,440183640,41.90,42.40,39.70,39.80,-1.4000,7355
2026-09-15,3705,永信,208172,11647424,55.70,56.10,55.70,56.00,0.3000,118
2026-09-15,3706,神達,7205968,562393252,78.50,78.90,77.60,77.60,-1.1000,7028
2026-09-15,3708,上緯投控,237684,22857738,96.10,97.20,95.40,95.40,-1.5000,1025
2026-09-15,3711,日月光投控,14790324,8853707627,601.00,608.00,592.00,592.00,-20.0000,32357
2026-09-15,3712,永崴投控,684780,14079371,20.55,20.70,20.35,20.55,-0.0500,853
2026-09-15,3714,富采,3640157,221058058,61.30,61.70,60.10,60.10,-1.4000,5033
2026-09-15,3715,定穎投控,3599210,436268672,120.50,123.50,119.00,119.50,-1.0000,2836
2026-09-15,3716,中化控股,220294,7426448,33.90,33.90,33.60,33.70,-0.1500,349
2026-09-15,3717,聯嘉投控,470577,9885120,21.10,21.10,20.90,21.00,-0.1000,329
2026-09-15,4104,佳醫,115452,8293396,71.90,72.00,71.70,71.70,-0.4000,267
2026-09-15,4106,雃博,47869,1163757,24.40,24.40,24.15,24.40,0.0000,59
2026-09-15,4108,懷特,228173,2621700,11.60,11.70,11.30,11.30,-0.1000,184
2026-09-15,4119,旭富,318971,18911867,57.90,60.20,57.30,59.60,1.6000,379
2026-09-15,4133,亞諾法,29332,593225,20.10,20.30,20.10,20.20,0.0000,56
2026-09-15,4137,麗豐-KY,170363,13081402,76.30,77.30,76.30,76.60,0.3000,344
2026-09-15,4142,國光生,668255,11461634,17.20,17.30,17.05,17.20,0.0000,221
2026-09-15,4148,全宇生技-KY,77786,2637401,35.20,35.20,33.55,33.55,-0.9500,85
2026-09-15,4155,訊映,72600,1064384,14.65,14.75,14.60,14.70,0.0000,425
2026-09-15,4164,承業醫,316644,7995326,25.35,25.45,25.10,25.40,0.0500,310
2026-09-15,4169,泰宗,86980,12354258,142.00,143.50,141.00,143.00,0.5000,135
2026-09-15,4178,永笙-KY,151071,2490624,16.55,16.55,16.40,16.45,-0.2000,47
2026-09-15,4190,佐登-KY,3631,91981,25.35,25.40,25.30,25.40,-0.5000,17
2026-09-15,4195,基米-創,53892,712575,13.25,13.30,13.15,13.30,-0.1500,54
2026-09-15,4306,炎洲,720958,10442919,14.65,14.65,14.40,14.40,-0.2500,412
2026-09-15,4414,如興,56853,460850,8.09,8.14,8.09,8.10,0.0100,37
2026-09-15,4426,利勤,109179,820056,7.50,7.60,7.45,7.47,-0.0900,83
2026-09-15,4438,廣越,53313,3005895,56.70,56.70,56.20,56.30,-0.4000,56
2026-09-15,4439,冠星-KY,3791,354700,93.90,93.90,93.50,93.50,-0.4000,31
2026-09-15,4440,宜新實業,30254,531257,17.55,17.65,17.50,17.65,0.1000,17
2026-09-15,4441,振大環球,30680,5293382,170.50,173.50,170.50,171.00,-1.5000,39
2026-09-15,4526,東台,882665,26381108,30.25,30.25,29.70,29.80,-0.3000,705
2026-09-15,4532,瑞智,308610,7226758,23.40,23.50,23.35,23.35,-0.0500,250
2026-09-15,4536,拓凱,91920,14965375,160.00,164.00,160.00,162.50,2.0000,109
2026-09-15,4540,全球傳動,2223370,129159746,56.20,59.50,55.70,57.30,1.0000,1641
2026-09-15,4545,銘鈺,57541,1881487,32.60,32.90,32.60,32.60,-0.7500,133
2026-09-15,4551,智伸科,269290,41715597,155.00,156.50,153.50,153.50,-2.5000,890
2026-09-15,4552,力達-KY,159046,2438754,15.40,15.40,15.25,15.35,0.0000,96
2026-09-15,4555,氣立,57565,2402711,42.35,42.35,41.40,41.65,-0.2500,72
2026-09-15,4557,永新-KY,90091,4512489,50.50,50.70,50.00,50.20,-0.3000,21
2026-09-15,4560,強信-KY,148107,4281803,28.85,29.10,28.75,28.95,-0.0500,63
2026-09-15,4562,穎漢,142877,4177282,29.35,29.55,29.00,29.15,0.1000,120
2026-09-15,4564,元翎,496241,7751118,15.85,15.85,15.50,15.80,0.1500,302
2026-09-15,4566,時碩工業,447348,28265789,63.10,64.10,62.60,62.80,-0.1000,485
2026-09-15,4569,六方科-KY,41611,6415047,152.50,155.50,152.50,154.00,1.5000,69
2026-09-15,4571,鈞興-KY,98967,14770599,150.50,150.50,147.50,147.50,-1.5000,130
2026-09-15,4572,駐龍,14426,2044165,144.00,144.00,138.50,141.50,-1.0000,42
2026-09-15,4576,大銀微系統,1857842,432652043,224.00,237.50,223.50,230.50,2.5000,2756
2026-09-15,4581,光隆精密-KY,7040,331942,47.15,47.15,47.15,47.15,0.0000,8
2026-09-15,4582,聚恆-創,51198,1137462,22.50,22.50,22.10,22.15,-0.2000,52
2026-09-15,4583,台灣精銳,69581,29658274,426.50,432.00,420.00,420.00,-10.0000,258
2026-09-15,4585,達明,190130,56578303,296.00,299.00,295.50,296.00,-2.0000,407
2026-09-15,4588,玖鼎電力,61042,3274426,54.10,54.20,53.10,53.40,-0.7000,139
2026-09-15,4590,富田-創,225421,19769311,88.00,88.70,86.80,86.80,-1.5000,203
2026-09-15,4720,德淵,348727,6271081,18.20,18.25,17.85,17.90,-0.3500,233
2026-09-15,4722,國精化,1243585,235000599,186.50,195.50,182.00,185.00,-5.0000,1311
2026-09-15,4736,泰博,126080,16204131,128.00,129.50,127.50,129.00,0.5000,170
2026-09-15,4737,華廣,62037,3385609,54.00,56.50,53.30,56.50,2.5000,71
2026-09-15,4739,康普,555466,42611725,77.40,77.80,76.00,76.00,-1.3000,812
2026-09-15,4746,台耀,361971,16565986,45.50,46.50,45.20,46.05,0.6500,362
2026-09-15,4755,三福化,87341,9754271,111.50,112.50,111.00,111.00,-0.5000,116
2026-09-15,4763,材料*-KY,8910769,431029396,49.50,49.50,48.10,48.10,-1.2500,5141
2026-09-15,4764,雙鍵,372450,76480700,206.50,211.50,202.00,202.50,-5.0000,817
2026-09-15,4766,南寶,100253,33366198,330.50,335.00,330.50,333.00,-0.5000,244
2026-09-15,4770,上品,292874,64908364,226.50,226.50,219.00,220.00,-4.5000,420
2026-09-15,4771,望隼,193385,40428638,203.50,212.00,203.50,210.50,6.5000,348
2026-09-15,4807,日成-KY,372346,11288479,28.10,30.80,28.10,30.80,2.8000,312
2026-09-15,4904,遠傳,4578462,487439691,106.50,107.50,105.50,106.50,0.5000,2733
2026-09-15,4906,正文,2574071,90312924,35.45,35.50,34.85,35.10,-0.4000,1845
2026-09-15,4912,聯德控股-KY,194218,17126723,89.20,89.90,87.30,87.70,-0.6000,227
2026-09-15,4915,致伸,8267711,534361797,64.00,65.70,63.40,65.60,1.0000,7227
2026-09-15,4916,事欣科,684396,63754016,94.10,94.10,92.30,92.30,-1.6000,1310
2026-09-15,4919,新唐,2297812,256518123,112.00,114.00,110.00,111.00,-2.0000,2162
2026-09-15,4927,泰鼎-KY,1538858,62361431,41.15,41.50,40.05,40.05,-1.1000,1259
2026-09-15,4930,燦星網,3334,52736,15.75,15.90,15.75,15.90,0.1000,16
2026-09-15,4934,太極,297752,3971798,13.40,13.50,13.20,13.20,-0.3000,201
2026-09-15,4935,茂林-KY,118973,3683231,31.85,31.85,30.65,30.95,-0.9000,139
2026-09-15,4938,和碩,7402017,658893255,90.60,90.60,88.30,88.30,-1.9000,5097
2026-09-15,4942,嘉彰,107824,3379613,31.55,31.75,31.15,31.40,-0.3000,92
2026-09-15,4943,康控-KY,8485,62529,7.61,7.61,7.01,7.53,0.1800,17
2026-09-15,4949,有成精密,371204,26630968,72.50,72.90,71.00,71.50,-1.1000,383
2026-09-15,4952,凌通,180271,8405445,47.00,47.25,46.15,46.15,-1.0500,346
2026-09-15,4956,光鋐,1010476,32928913,33.10,33.40,32.05,32.05,-1.3500,978
2026-09-15,4958,臻鼎-KY,19168557,9271028322,485.50,493.50,476.00,477.50,-12.0000,23851
2026-09-15,4960,誠美材,1915556,37734675,20.00,20.10,19.50,19.50,-0.4500,1097
2026-09-15,4961,天鈺,1273246,226427467,178.00,180.50,174.50,178.50,0.5000,2484
2026-09-15,4967,十銓,2851415,764030965,272.50,274.50,266.00,266.00,-7.5000,3741
2026-09-15,4968,立積,154292,13666947,88.80,89.60,88.00,88.00,-1.0000,431
2026-09-15,4976,佳凌,783006,27473367,34.75,35.75,34.55,34.90,-0.1000,702
2026-09-15,4977,眾達-KY,2090246,340875325,166.00,166.50,160.50,160.50,-6.5000,3149
2026-09-15,4989,榮科,2251477,133696395,59.80,60.70,58.30,58.30,-1.7000,2812
2026-09-15,4994,傳奇,7212,585680,81.20,81.90,80.10,81.30,0.3000,10
2026-09-15,4999,鑫禾,10262,184134,17.95,17.95,17.90,17.95,0.0500,46
2026-09-15,5007,三星,22104,1227903,55.50,55.80,55.50,55.60,-0.1000,19
2026-09-15,5203,訊連,162501,9382864,57.40,58.80,56.80,56.80,-0.9000,236
2026-09-15,5215,科嘉-KY,32355,1207813,37.50,37.60,37.20,37.25,-0.2500,76
2026-09-15,5222,全訊,135048,13740307,103.00,103.00,101.00,101.00,-1.0000,247
2026-09-15,5225,東科-KY,152923,8175872,53.10,53.80,53.10,53.20,0.1000,140
2026-09-15,5234,達興材料,146939,41634377,285.00,286.00,281.00,282.50,0.0000,512
2026-09-15,5236,凌陽創新,38973,5068712,130.50,130.50,129.50,130.00,0.0000,96
2026-09-15,5243,乙盛-KY,607190,52219793,86.40,87.00,85.10,85.30,-1.0000,880
2026-09-15,5244,弘凱,58248,1963432,33.30,33.95,33.25,33.95,0.4500,66
2026-09-15,5258,虹堡,137123,5767282,41.80,42.70,41.50,41.95,-0.3500,168
2026-09-15,5269,祥碩,283562,386933850,1380.00,1385.00,1345.00,1370.00,5.0000,1150
2026-09-15,5283,禾聯碩,23254,1234569,53.20,53.40,52.80,52.90,-0.7000,110
2026-09-15,5284,jpp-KY,207016,61053344,295.00,301.50,290.00,290.00,-7.0000,550
2026-09-15,5285,界霖,1199764,101969987,86.50,87.40,83.40,83.40,-4.1000,3506
2026-09-15,5288,豐祥-KY,56501,10307844,182.50,184.50,181.00,183.00,0.5000,93
2026-09-15,5292,華懋,133494,28168293,212.50,215.00,209.00,209.00,-6.5000,2679
2026-09-15,5306,桂盟,45128,4034649,88.90,89.80,88.90,89.50,0.5000,454
2026-09-15,5388,中磊,1657783,119275815,71.70,72.30,71.30,72.00,1.0000,1384
2026-09-15,5434,崇越,424026,227607088,539.00,540.00,530.00,537.00,-2.0000,815
2026-09-15,5469,瀚宇博,704295,50834096,72.30,73.00,71.30,71.50,-0.8000,1669
2026-09-15,5471,松翰,692885,34896971,51.30,51.30,49.90,49.90,-1.2000,1210
2026-09-15,5484,慧友,127616,5002187,39.45,39.50,39.00,39.00,-0.4500,137
2026-09-15,5515,建國,326001,15932977,49.25,49.70,48.35,48.40,-1.0500,466
2026-09-15,5519,隆大,261627,6621785,25.30,25.45,25.20,25.20,-0.1000,244
2026-09-15,5521,工信,839240,8661584,10.35,10.40,10.25,10.35,0.0000,323
2026-09-15,5522,遠雄,822371,49732773,61.00,61.00,60.20,60.70,-0.4000,952
2026-09-15,5525,順天,85049,1850719,21.80,21.90,21.70,21.70,-0.1500,29
2026-09-15,5531,鄉林,407551,2868866,7.05,7.12,7.00,7.03,-0.0500,234
2026-09-15,5533,皇鼎,119460,1655847,13.75,13.90,13.75,13.85,0.0500,44
2026-09-15,5534,長虹,712436,52022307,73.40,73.40,72.70,73.10,-0.5000,840
2026-09-15,5538,東明-KY,39300,1381235,35.30,35.50,34.95,35.10,-0.4000,27
2026-09-15,5546,永固-KY,27182,394957,14.40,14.75,14.35,14.50,-0.2500,16
2026-09-15,5607,遠雄港,489041,25526994,51.90,52.70,51.80,52.50,0.4000,427
2026-09-15,5608,四維航,2346331,38220079,16.50,16.60,16.20,16.30,-0.3000,1328
2026-09-15,5706,鳳凰,87921,3848161,43.85,43.95,43.70,43.75,-0.1000,197
2026-09-15,5871,中租-KY,4767486,534528159,113.00,114.00,111.50,111.50,-2.0000,2892
2026-09-15,5871A,中租-KY甲特,190072,19021700,100.00,100.50,100.00,100.00,0.0000,42
2026-09-15,5876,上海商銀,5628831,279776775,49.85,50.00,49.30,49.80,-0.1000,2626
2026-09-15,5880,合庫金,23217099,629012559,27.55,27.55,26.80,27.00,-0.4500,26777
2026-09-15,5906,台南-KY,,,,,,,0.0000,
2026-09-15,5907,大洋-KY,244122,1171837,4.83,4.84,4.74,4.82,0.0600,103
2026-09-15,6005,群益證,9479912,296207838,31.85,31.85,31.10,31.10,-1.0000,8363
2026-09-15,6024,群益期,239326,14488319,60.80,60.90,60.30,60.50,-0.6000,353
2026-09-15,6108,競國,2680974,59735022,22.10,22.80,22.10,22.40,0.2500,1254
2026-09-15,6112,邁達特,21595485,1095001366,51.60,52.90,48.10,48.15,-2.4500,14605
2026-09-15,6115,鎰勝,78284,3430129,43.80,43.95,43.70,43.80,-0.0500,70
2026-09-15,6116,彩晶,12653885,173805956,13.85,13.90,13.65,13.65,-0.2000,4985
2026-09-15,6117,迎廣,142267,8698478,62.20,62.20,60.80,61.00,-0.1000,141
2026-09-15,6120,達運,1215164,14431879,12.05,12.10,11.75,11.75,-0.0500,601
2026-09-15,6128,上福,68006,1288043,18.95,19.00,18.85,18.90,-0.0500,49
2026-09-15,6133,金橋,1878837,43746950,23.75,23.75,22.95,22.95,-0.3000,1150
2026-09-15,6136,富爾特,347077,8524259,24.60,24.80,24.20,24.60,-0.1500,134
2026-09-15,6139,亞翔,2055879,1469087124,701.00,726.00,701.00,713.00,10.0000,3619
2026-09-15,6141,柏承,1516835,74313531,48.80,50.00,48.20,48.35,-0.4500,1549
2026-09-15,6142,友勁,244312,2121463,8.88,8.88,8.63,8.70,-0.0800,735
2026-09-15,6152,百一,1176163,17798549,15.45,15.45,15.00,15.05,-0.1500,626
2026-09-15,6153,嘉聯益,1389536,23635473,17.15,17.30,16.85,16.90,-0.2500,740
2026-09-15,6155,鈞寶,555983,31229271,56.00,57.40,55.60,55.60,-0.1000,527
2026-09-15,6164,華興,215445,2402451,11.10,11.35,11.05,11.05,-0.0500,148
2026-09-15,6165,浪凡,142182,6741780,47.95,47.95,47.00,47.00,-0.4000,137
2026-09-15,6166,凌華,812352,89245055,112.00,112.00,108.00,109.00,-1.5000,1248
2026-09-15,6168,宏齊,3346135,99130292,29.65,30.20,29.20,29.25,-0.7000,2641
2026-09-15,6176,瑞儀,1969799,182335666,93.40,94.50,91.60,92.00,-1.6000,6000
2026-09-15,6177,達麗,1288714,59869596,46.75,46.95,46.10,46.85,0.0000,932
2026-09-15,6183,關貿,20811,1903939,90.70,92.20,90.70,91.00,-1.2000,52
2026-09-15,6184,大豐電,200792,7937196,39.70,39.75,39.40,39.55,-0.2500,188
2026-09-15,6189,豐藝,175811,8206982,47.00,47.00,46.40,46.60,-0.4500,444
2026-09-15,6191,精成科,919848,75561420,82.10,83.40,81.00,81.00,-1.0000,2025
2026-09-15,6192,巨路,56394,6193355,109.50,110.50,109.50,109.50,-0.5000,99
2026-09-15,6196,帆宣,1109429,580853434,521.00,530.00,516.00,518.00,-2.0000,2169
2026-09-15,6197,佳必琪,762733,225764938,297.00,300.00,292.00,292.00,-5.0000,2196
2026-09-15,6201,亞弘電,13225,590849,44.90,44.90,44.40,44.90,-0.0500,26
2026-09-15,6202,盛群,698267,37759297,54.60,54.70,53.50,53.70,-1.0000,703
2026-09-15,6205,詮欣,136002,8228845,60.80,61.30,60.00,60.20,-0.6000,172
2026-09-15,6206,飛捷,679676,93684457,136.50,140.50,136.00,137.00,1.0000,1357
2026-09-15,6209,今國光,5765279,441108929,75.90,78.50,75.30,75.60,-0.9000,6442
2026-09-15,6213,聯茂,11540383,6031663931,514.00,531.00,511.00,519.00,4.0000,12913
2026-09-15,6214,精誠,3389449,646164478,189.00,195.00,186.00,190.00,2.5000,18788
2026-09-15,6215,和椿,346228,33487499,96.30,97.60,95.70,95.70,-0.5000,413
2026-09-15,6216,居易,120867,2344080,19.60,19.60,19.25,19.30,-0.3000,132
2026-09-15,6224,聚鼎,1348110,116674195,84.50,88.50,84.40,86.00,1.0000,2022
2026-09-15,6225,天瀚,114514,7120721,60.80,70.00,60.80,63.50,-4.0000,132
2026-09-15,6226,光鼎,81114487,2861882679,33.95,36.30,33.05,36.30,3.3000,29157
2026-09-15,6230,尼得科超眾,396676,45322756,119.00,119.00,108.00,109.00,-7.5000,465
2026-09-15,6235,華孚,238946,9016495,37.80,38.20,37.55,37.55,-0.4000,226
2026-09-15,6239,力成,7964169,2176337889,271.00,279.50,268.00,268.00,-3.5000,11217
2026-09-15,6243,迅杰,156724,5737984,36.90,37.00,36.30,36.40,-0.5000,241
2026-09-15,6257,矽格,2791002,587502209,210.00,214.50,207.50,207.50,-2.5000,3919
2026-09-15,6269,台郡,2615223,166836473,64.30,64.80,63.10,63.30,-1.4000,3123
2026-09-15,6271,同欣電,6201502,1408157566,218.50,234.00,218.50,221.00,1.0000,7665
2026-09-15,6272,驊陞,232216,6248668,27.40,27.65,26.20,26.40,-0.6000,176
2026-09-15,6277,宏正,117501,9008831,76.10,77.40,76.00,76.30,-0.2000,149
2026-09-15,6278,台表科,1557487,284336421,186.00,187.00,180.50,180.50,-5.0000,2094
2026-09-15,6281,全國電,25524,1308899,51.40,51.40,51.20,51.20,-0.1000,33
2026-09-15,6282,康舒,3732535,157686200,42.45,43.20,41.55,41.55,-0.9500,4178
2026-09-15,6283,淳安,155366,2800757,18.20,18.30,17.85,18.05,-0.2500,110
2026-09-15,6285,啟碁,2429329,542478698,221.00,226.00,220.00,222.00,0.0000,3484
2026-09-15,6405,悅城,143069,5337463,37.55,37.90,37.10,37.10,-0.5000,247
2026-09-15,6409,旭隼,274170,239443782,878.00,886.00,865.00,870.00,-4.0000,934
2026-09-15,6412,群電,351266,26111588,74.00,75.10,73.70,73.80,0.0000,883
2026-09-15,6414,樺漢,882570,328948535,373.50,377.50,369.50,369.50,-2.0000,1291
2026-09-15,6415,矽力*-KY,2869603,1172564950,414.00,417.50,403.00,406.00,-8.0000,3289
2026-09-15,6416,瑞祺電通,2341906,280439190,118.50,123.50,117.00,118.00,-1.0000,2074
2026-09-15,6426,統新,2409765,732174301,306.00,312.00,298.00,300.00,-12.0000,6227
2026-09-15,6431,光麗-KY,8034,138536,17.15,17.55,17.05,17.30,-0.2500,12
2026-09-15,6438,迅得,160313,23001239,144.50,145.00,142.50,142.50,-1.5000,287
2026-09-15,6442,光聖,2407912,3716382300,1580.00,1595.00,1505.00,1510.00,-80.0000,9307
2026-09-15,6443,元晶,3113764,72045205,23.35,23.65,22.70,22.70,-0.6500,2200
2026-09-15,6446,藥華藥,2315449,2790832205,1200.00,1220.00,1170.00,1205.00,15.0000,5453
2026-09-15,6449,鈺邦,1204011,256762671,214.00,219.50,208.50,209.50,-5.0000,1235
2026-09-15,6451,訊芯-KY,2301670,932434973,412.50,418.50,393.50,394.00,-23.5000,3947
2026-09-15,6456,GIS-KY,1606173,99778081,62.50,63.40,61.40,61.60,-1.7000,1651
2026-09-15,6464,台數科,24088,1839334,75.90,78.00,75.80,78.00,2.1000,38
2026-09-15,6472,保瑞,460996,189523747,404.00,415.50,404.00,411.00,7.5000,1147
2026-09-15,6477,安集,292810,9878385,33.90,34.15,33.50,33.50,-0.5500,342
2026-09-15,6491,晶碩,590199,229787085,378.00,395.00,376.50,390.00,8.5000,954
2026-09-15,6504,南六,30043,1110080,37.25,37.55,36.55,36.55,-0.7000,41
2026-09-15,6505,台塑化,17586676,1437151596,81.40,83.10,80.00,82.90,0.1000,12139
2026-09-15,6515,穎崴,362102,2339419480,6600.00,6725.00,6305.00,6310.00,-290.0000,6792
2026-09-15,6525,捷敏-KY,531566,67645421,126.00,130.00,125.50,125.50,-2.5000,656
2026-09-15,6526,達發,202854,127336818,637.00,637.00,623.00,623.00,-7.0000,544
2026-09-15,6531,愛普*,4824312,4413111170,953.00,964.00,887.00,890.00,-72.0000,10247
2026-09-15,6533,晶心科,612997,139686696,232.00,234.00,224.00,224.50,-7.5000,1215
2026-09-15,6534,正瀚-創,25539,2303349,91.90,91.90,89.80,89.80,-0.7000,31
2026-09-15,6541,泰福-KY,293163,8979438,30.45,31.20,30.30,30.30,-0.4500,241
2026-09-15,6550,北極星藥業-KY,1026794,10221349,9.90,10.10,9.90,9.90,0.0000,546
2026-09-15,6552,易華電,27835,645819,23.25,23.60,23.05,23.35,0.0000,39
2026-09-15,6558,興能高,173822,4040780,23.30,23.50,23.05,23.05,-0.3500,160
2026-09-15,6573,虹揚-KY,89311,1400807,15.90,15.95,15.55,15.55,-0.3000,74
2026-09-15,6579,研揚,233090,34698290,150.00,150.50,147.50,147.50,-1.5000,360
2026-09-15,6581,鋼聯,36271,3967720,110.00,110.50,108.50,109.00,-1.5000,40
2026-09-15,6582,申豐,21437,668605,31.50,31.50,31.00,31.20,0.0000,55
2026-09-15,6585,鼎基,66736,6897055,104.00,104.00,102.50,102.50,-1.0000,92
2026-09-15,6589,台康生技,620762,30227373,48.00,49.60,47.80,48.65,0.6000,627
2026-09-15,6591,動力-KY,24295,1011261,41.85,42.85,41.40,41.50,-0.1500,43
2026-09-15,6592,和潤企業,155943,9308222,59.80,60.00,59.50,59.70,0.0000,234
2026-09-15,6592A,和潤企業甲特,5100,489710,96.00,96.10,96.00,96.00,0.0000,15
2026-09-15,6592B,和潤企業乙特,160,15127,,,,,0.0000,6
2026-09-15,6598,ABC-KY,107991,2961402,27.60,27.75,27.10,27.15,-0.6000,217
2026-09-15,6605,帝寶,278582,38280001,136.50,138.50,136.00,137.50,1.5000,340
2026-09-15,6606,建德工業,82672,2075377,25.25,25.65,24.95,25.05,-0.2000,53
2026-09-15,6614,資拓宏宇,21860,777538,35.45,35.75,35.45,35.45,0.0000,28
2026-09-15,6625,必應,83413,6137447,73.50,74.30,73.30,73.30,0.0000,96
2026-09-15,6641,基士德-KY,10535,178303,17.15,17.15,16.80,16.80,0.0000,10
2026-09-15,6645,金萬林-創,38894,494142,12.80,12.90,12.60,12.65,-0.3500,32
2026-09-15,6655,科定,14793,1815246,122.50,123.00,122.00,123.00,0.5000,23
2026-09-15,6657,華安,173306,5809251,33.50,34.10,33.20,33.60,-0.2500,185
2026-09-15,6658,聯策,96868,15955729,165.50,168.00,163.00,163.00,-3.0000,328
2026-09-15,6666,羅麗芬-KY,32061,1409067,45.05,45.05,43.60,44.00,-0.2000,33
2026-09-15,6668,中揚光,5594952,242525691,41.50,45.50,40.80,42.70,0.5000,5149
2026-09-15,6669,緯穎,2767688,6392556880,2235.00,2345.00,2235.00,2315.00,45.0000,11407
2026-09-15,6670,復盛應用,164177,44489577,274.00,274.00,270.00,270.50,-2.0000,976
2026-09-15,6671,三能-KY,3496,79705,23.00,23.00,22.55,22.75,0.2000,7
2026-09-15,6672,騰輝電子-KY,4204679,1245722340,294.50,303.50,289.50,291.00,-3.5000,7214
2026-09-15,6674,鋐寶科技,4000,62850,15.75,15.90,15.60,15.60,-0.3000,4
2026-09-15,6689,伊雲谷,7763172,561585042,71.00,74.70,68.00,69.30,-1.2000,6726
2026-09-15,6691,洋基工程,246634,151185369,607.00,623.00,607.00,608.00,-5.0000,676
2026-09-15,6695,芯鼎,225604,10367049,45.95,46.45,45.60,45.60,-0.4000,292
2026-09-15,6698,旭暉應材,131318,4129262,31.35,31.70,31.30,31.45,0.1000,125
2026-09-15,6706,惠特,19143749,2812716578,150.50,155.50,141.00,143.50,-7.5000,14058
2026-09-15,6715,嘉基,2625978,960454543,333.50,380.00,333.50,357.50,11.5000,3651
2026-09-15,6719,力智,285019,51465599,183.00,184.00,179.00,179.00,-3.5000,571
2026-09-15,6722,輝創,13025,418451,32.25,32.25,32.00,32.00,-0.1500,14
2026-09-15,6742,澤米,245117,10970746,45.95,45.95,44.20,44.20,-1.3000,649
2026-09-15,6743,安普新,392619,11550571,29.35,29.80,28.75,29.50,0.2500,305
2026-09-15,6753,龍德造船,451999,59141738,131.00,132.50,130.00,130.00,-3.0000,692
2026-09-15,6754,匯僑設計,11000,458400,41.70,42.00,41.30,41.30,-0.4000,9
2026-09-15,6756,威鋒電子,71459,6718871,94.20,94.70,93.50,93.80,-0.7000,241
2026-09-15,6757,台灣虎航,920004,48894597,53.80,54.00,52.70,52.80,-1.1000,1304
2026-09-15,6768,志強-KY,241559,15149268,61.90,63.20,61.70,62.40,0.7000,367
2026-09-15,6770,力積電,162022743,11034560029,70.00,70.10,66.70,66.90,-3.8000,100721
2026-09-15,6771,平和環保-創,29291,1217224,42.10,42.20,41.20,41.70,0.0000,31
2026-09-15,6776,展碁國際,43351,2237965,51.40,51.90,51.40,51.70,0.1000,37
2026-09-15,6781,AES-KY,313842,311997726,998.00,1010.00,982.00,982.00,-16.0000,2182
2026-09-15,6782,視陽,195636,44894997,222.50,234.00,222.50,231.00,4.0000,790
2026-09-15,6789,采鈺,756040,325668539,435.50,438.00,425.00,425.00,-11.0000,2302
2026-09-15,6790,永豐實,46930,1770775,37.80,37.80,37.70,37.70,-0.1000,57
2026-09-15,6792,詠業,31000,1814900,58.10,59.40,58.00,58.70,-0.7000,29
2026-09-15,6794,向榮生技,16000,1209800,76.50,76.50,75.00,76.50,0.0000,12
2026-09-15,6796,晉弘,43882,2204625,51.80,51.80,49.70,50.90,0.7000,44
2026-09-15,6799,來頡,82153,6397525,78.30,78.30,77.30,77.50,-1.2000,146
2026-09-15,6805,富世達,1303815,2697867445,2175.00,2195.00,2010.00,2025.00,-140.0000,4203
2026-09-15,6807,峰源-KY,2000,65000,32.40,32.60,32.40,32.60,-1.1500,2
2026-09-15,6830,汎銓,1006110,548228686,553.00,561.00,532.00,532.00,-24.0000,3302
2026-09-15,6831,邁科,532270,280823899,539.00,546.00,512.00,513.00,-28.0000,1693
2026-09-15,6834,天二科技,5641078,559533265,98.20,102.00,97.00,97.10,-1.1000,4783
2026-09-15,6835,圓裕,15000,453400,30.75,30.75,29.90,30.35,0.2500,14
2026-09-15,6838,台新藥,72365,1686288,23.40,23.40,23.10,23.35,-0.0500,48
2026-09-15,6854,錼創科技-KY創,212464,18762702,88.30,89.80,87.20,87.40,-1.8000,223
2026-09-15,6861,睿生光電,3944720,911956919,235.50,242.50,222.00,228.00,-7.5000,3885
2026-09-15,6862,三集瑞-KY,138260,18107942,133.50,133.50,130.00,130.00,-2.0000,179
2026-09-15,6863,永道-KY,109926,10166310,92.70,94.80,91.40,92.90,0.0000,296
2026-09-15,6869,雲豹能源,325886,20604764,62.80,63.50,62.70,63.50,0.0000,324
2026-09-15,6873,泓德能源,156299,10581100,68.90,68.90,67.00,67.10,-0.9000,275
2026-09-15,6885,全福生技,578526,15710208,28.00,28.00,26.60,26.60,-1.0000,545
2026-09-15,6887,寶綠特-KY,19010,717467,39.00,39.80,37.00,37.15,-1.0500,17
2026-09-15,6890,來億-KY,157125,23366415,148.00,149.50,147.00,148.50,1.0000,202
2026-09-15,6901,鑽石投資,530157,7952715,15.05,15.15,14.90,15.10,0.0500,339
2026-09-15,6902,GOGOLOOK,65270,8108044,124.00,126.00,122.50,124.50,0.5000,185
2026-09-15,6906,現觀科,24704,2028429,82.00,84.70,81.50,83.00,0.0000,65
2026-09-15,6908,宏碁遊戲-創,9040,272184,30.15,30.15,30.10,30.10,-0.7500,6
2026-09-15,6909,創控,379125,15528211,41.80,41.80,40.25,40.35,-1.4500,376
2026-09-15,6914,阜爾運通,35104,4199329,119.50,120.00,119.00,119.50,-0.5000,120
2026-09-15,6916,華凌,31000,559350,18.25,18.25,17.85,17.95,-0.2000,20
2026-09-15,6918,愛派司,3200,235340,73.50,73.50,73.50,73.50,0.4000,4
2026-09-15,6919,康霈*,4142059,336312353,79.80,83.40,79.60,79.90,0.6000,3875
2026-09-15,6921,嘉雨思-創,15000,911600,61.20,61.40,59.90,59.90,-1.1000,11
2026-09-15,6923,中台,61698,4684169,76.00,76.20,75.60,76.00,0.3000,51
2026-09-15,6924,榮惠-KY創,76567,10248195,140.00,140.00,128.00,128.00,0.0000,110
2026-09-15,6928,攸泰科技,51460,2343879,46.05,46.05,44.60,45.50,-1.5000,74
2026-09-15,6931,青松健康,24728,978938,40.00,40.00,39.50,39.50,-0.5000,41
2026-09-15,6933,AMAX-KY,1753249,508483393,310.50,312.00,280.50,286.00,-19.5000,3457
2026-09-15,6934,心誠鎂,29650,2163314,76.40,76.40,72.30,72.30,-0.8000,29
2026-09-15,6936,永鴻生技,27109,855691,31.60,31.80,31.50,31.80,0.2000,26
2026-09-15,6937,天虹,274117,76901106,282.50,287.00,277.50,277.50,-6.0000,508
2026-09-15,6944,兆聯實業,138983,96483338,689.00,699.00,689.00,691.00,-3.0000,600
2026-09-15,6947,台鎔科技,175483,11721964,67.60,67.60,66.50,66.60,-1.1000,204
2026-09-15,6949,沛爾生醫*-創,7426041,394575528,54.80,56.00,51.00,51.40,-4.4000,4959
2026-09-15,6951,青新-創,13758,961691,70.00,70.00,69.80,69.90,0.0000,91
2026-09-15,6952,大武山,9000,345600,38.40,38.80,38.20,38.75,0.2000,9
2026-09-15,6955,邦睿生技-創,5000,490200,98.50,98.50,97.70,97.70,0.0000,3
2026-09-15,6957,裕慶-KY,170601,41247531,244.00,245.00,238.00,245.00,5.0000,1093
2026-09-15,6958,日盛台駿,70002,1211036,17.15,17.75,17.05,17.15,-0.2000,52
2026-09-15,6958A,日盛台駿甲特,26000,533200,20.30,20.70,20.30,20.70,0.5000,14
2026-09-15,6962,奕力-KY,720664,22131339,30.90,31.00,30.55,30.55,-0.2000,560
2026-09-15,6965,中傑-KY,26290,1796856,67.70,69.30,67.70,69.00,0.4000,31
2026-09-15,6969,成信實業*-創,157126,5058517,32.10,32.80,31.70,32.20,-0.4500,110
2026-09-15,6988,威力暘-創,11001,130412,11.95,11.95,11.80,11.80,-0.2000,6
2026-09-15,6994,富威電力,1892332,49899123,27.50,27.50,25.60,26.10,-1.9000,1401
2026-09-15,7610,聯友金屬-創,878535,1496451125,1695.00,1755.00,1655.00,1655.00,-125.0000,5667
2026-09-15,7631,聚賢研發-創,13246,1775010,133.50,135.00,133.00,134.00,0.0000,21
2026-09-15,7689,大鵬科CLMX,15716,2421923,154.50,154.50,153.50,153.50,-1.0000,47
2026-09-15,7705,三商餐飲,27365,816640,29.80,29.90,29.75,29.90,0.0500,44
2026-09-15,7711,永擎,3570247,1625933002,461.00,473.00,438.00,468.00,-10.0000,5529
2026-09-15,7721,微程式,73122,4237106,58.70,58.80,56.60,57.50,-1.4000,66
2026-09-15,7722,LINEPAY,29380,7770476,261.00,267.00,261.00,264.00,-1.5000,231
2026-09-15,7730,暉盛-創,95271,16098916,168.00,171.00,167.00,169.00,1.0000,70
2026-09-15,7732,金興精密,3000,100000,33.00,33.80,33.00,33.80,-0.3500,3
2026-09-15,7736,虎山,6889,475896,69.00,69.90,68.50,69.00,0.6000,39
2026-09-15,7740,熙特爾-創,177665,21856131,126.00,126.00,121.50,123.50,-0.5000,209
2026-09-15,7749,意騰-KY,193727,67498897,339.00,354.50,338.50,352.50,13.5000,361
2026-09-15,7750,新代,139284,266661725,1910.00,1940.00,1890.00,1890.00,-70.0000,1193
2026-09-15,7760,享溫馨,18060,593930,33.00,33.00,32.50,32.95,-0.0500,17
2026-09-15,7765,中華資安,2000032,501189484,255.00,260.00,235.00,235.00,-5.0000,2966
2026-09-15,7768,頌勝科技,33937,8594363,252.00,255.00,252.00,252.50,-3.0000,106
2026-09-15,7769,鴻勁,420235,2599127605,6255.00,6285.00,6105.00,6135.00,-170.0000,5750
2026-09-15,7780,大研生醫*,602925,9679680,16.10,16.15,16.00,16.05,-0.0500,406
2026-09-15,7786,東方風能,117863,13702549,114.00,119.50,113.00,119.50,5.5000,115
2026-09-15,7788,松川精密,1428881,406901987,280.00,291.50,279.50,280.50,-1.5000,2267
2026-09-15,7791,皇家可口,19730,1087678,55.10,55.40,55.00,55.40,0.3000,73
2026-09-15,7795,長廣,932332,443012486,486.50,490.50,463.00,466.00,-25.0000,9751
2026-09-15,7799,禾榮科,277482,114932934,410.00,424.00,408.00,415.50,-2.5000,574
2026-09-15,7803,雲象科技-創,35210,654107,18.60,19.00,18.50,18.55,-0.4500,33
2026-09-15,7818,溢泰實業,96519,5753474,60.10,60.20,59.20,60.00,-0.2000,85
2026-09-15,7821,神數,75390,2902287,38.60,38.65,38.30,38.60,-0.1000,143
2026-09-15,7822,倍利科,129355,103752610,810.00,821.00,792.00,800.00,-10.0000,1602
2026-09-15,7823,奧義賽博-KY創,72158,5889171,82.20,83.50,80.30,80.30,-1.5000,72
2026-09-15,7827,漢康-KY創,100172,14971371,151.00,151.00,148.00,149.50,-2.5000,170
2026-09-15,7835,永悅健康-創,12053,255597,20.75,21.70,20.75,21.25,0.4000,17
2026-09-15,7855,和運租車,367485,15448282,42.05,42.10,42.00,42.00,0.0000,296
2026-09-15,8011,台通,197565,3064827,15.70,15.70,15.40,15.40,-0.1500,185
2026-09-15,8016,矽創,388121,106837259,277.00,278.00,274.00,274.00,-3.0000,2131
2026-09-15,8021,尖點,563545,244590378,442.50,445.00,428.00,431.50,-11.0000,1638
2026-09-15,8028,昇陽半導體,3338771,759066879,221.00,231.50,220.00,226.50,5.0000,3742
2026-09-15,8033,雷虎,2429775,411355703,171.00,172.00,166.50,166.50,-7.5000,4363
2026-09-15,8039,台虹,17266429,4767833421,273.00,285.00,269.50,270.00,-4.0000,20447
2026-09-15,8045,達運光電,144843,7535836,50.10,52.60,50.10,52.60,4.7500,146
2026-09-15,8046,南電,7742890,8444887345,1070.00,1110.00,1055.00,1085.00,30.0000,12934
2026-09-15,8070,長華*,878758,43683057,49.90,50.20,49.45,49.45,-0.7500,1730
2026-09-15,8072,陞泰,1107818,30443984,26.35,28.45,26.25,26.95,0.6000,966
2026-09-15,8081,致新,149828,36843136,246.50,248.50,245.00,246.00,-0.5000,682
2026-09-15,8101,華冠,5909,68970,11.50,11.85,11.50,11.80,-0.7500,19
2026-09-15,8103,瀚荃,1820514,207928627,111.00,116.50,111.00,114.00,1.0000,2500
2026-09-15,8104,錸寶,290666,8510146,29.60,29.75,28.90,28.90,-0.7500,271
2026-09-15,8105,凌巨,1668621,23868415,14.50,14.55,14.15,14.15,-0.3500,647
2026-09-15,8110,華東,1901645,78076929,41.70,41.70,40.50,40.50,-1.0000,1469
2026-09-15,8112,至上,3987720,331066872,83.20,83.90,82.50,82.60,-1.0000,4063
2026-09-15,8112A,至上甲特,3385,153000,45.20,45.20,45.20,45.20,-0.1000,8
2026-09-15,8114,振樺電,263909,46890878,177.00,180.00,176.00,176.00,-3.5000,401
2026-09-15,8131,福懋科,1423126,82931351,59.10,59.40,57.50,57.50,-1.5000,1632
2026-09-15,8150,南茂,11605119,998404979,86.00,88.10,84.40,84.40,-2.2000,12085
2026-09-15,8162,微矽電子-創,96728,5681576,59.00,59.70,58.10,58.80,-1.6000,98
2026-09-15,8163,達方,617702,18121482,29.60,29.80,29.05,29.05,-0.6500,619
2026-09-15,8201,無敵,41242,481515,11.70,12.05,11.60,11.60,-0.3000,34
2026-09-15,8210,勤誠,852882,753211850,887.00,903.00,873.00,874.00,-12.0000,5328
2026-09-15,8213,志超,268725,8775660,33.00,33.15,32.25,32.30,-0.5500,312
2026-09-15,8215,明基材,316404,7794734,25.00,25.00,24.50,24.50,-0.4500,343
2026-09-15,8222,寶一,252099,8668331,34.95,34.95,34.25,34.25,-0.4500,207
2026-09-15,8249,菱光,141470,5276991,37.55,37.55,37.10,37.10,-0.4500,144
2026-09-15,8261,富鼎,1836022,308427092,166.50,172.00,164.50,165.00,-1.5000,3934
2026-09-15,8271,宇瞻,1043149,209264495,202.00,203.00,198.50,199.50,-2.5000,1765
2026-09-15,8341,日友,132619,9862675,74.20,74.60,74.20,74.20,0.0000,148
2026-09-15,8367,建新國際,7065,286345,40.70,40.70,40.50,40.50,-0.2000,8
2026-09-15,8374,羅昇,124293,9519692,76.10,77.20,76.00,76.00,-1.2000,171
2026-09-15,8404,百和興業-KY,427126,5875074,13.90,13.90,13.65,13.65,-0.2500,224
2026-09-15,8411,福貞-KY,129927,1642293,12.70,12.75,12.55,12.75,0.1000,71
2026-09-15,8422,可寧衛*,4672298,121463964,26.15,26.20,25.80,25.95,-0.1500,3020
2026-09-15,8429,金麗-KY,170626,1008242,5.93,5.93,5.88,5.88,-0.0400,140
2026-09-15,8438,昶昕,72393,4850811,67.10,67.40,66.60,67.20,-0.5000,170
2026-09-15,8442,威宏-KY,48403,2188446,45.65,45.70,44.80,45.65,0.2000,111
2026-09-15,8443,阿瘦,21244,236214,11.15,11.20,11.10,11.20,0.0000,37
2026-09-15,8454,富邦媒,335448,81238166,242.00,245.00,241.00,242.00,-3.0000,711
2026-09-15,8462,柏文,43371,6938580,160.50,161.00,159.50,160.50,-1.5000,125
2026-09-15,8463,潤泰材,17025,359174,21.10,21.20,20.95,21.15,0.0500,15
2026-09-15,8464,億豐,318653,121446315,381.00,384.00,376.50,382.00,4.5000,408
2026-09-15,8466,美吉吉-KY,6307,85769,13.50,13.75,13.50,13.60,-0.1500,10
2026-09-15,8467,波力-KY,8260,691900,84.30,84.30,83.30,84.30,1.1000,13
2026-09-15,8473,山林水,461515,17527349,38.10,38.35,37.70,37.85,-0.5500,492
2026-09-15,8476,台境*,232621,4489428,19.30,19.50,19.05,19.50,-0.2000,164
2026-09-15,8478,東哥遊艇,41040,5788739,140.50,142.00,140.50,141.50,-0.5000,71
2026-09-15,8481,政伸,2003,81623,40.70,40.80,40.70,40.80,0.0000,3
2026-09-15,8482,商億-KY,1150,54366,47.30,47.30,47.30,47.30,0.0000,5
2026-09-15,8487,愛爾達-創,7216,507309,70.50,70.50,70.00,70.00,-0.1000,14
2026-09-15,8488,吉源-KY,21573,213515,9.93,9.94,9.86,9.86,-0.0800,24
2026-09-15,8499,鼎炫-KY,22406,5666221,252.00,259.00,250.50,251.00,-0.5000,154
2026-09-15,8926,台汽電,1459609,84176779,57.40,58.20,57.20,57.40,0.0000,1311
2026-09-15,8940,新天地,27563,407395,14.75,15.10,14.60,14.70,0.0500,76
2026-09-15,8996,高力,973745,1198421845,1245.00,1260.00,1200.00,1220.00,-15.0000,2911
2026-09-15,9103,美德醫療-DR,460315,2297516,4.99,5.04,4.96,4.96,0.0000,162
2026-09-15,910322,康師傅-DR,38498,917436,24.00,24.00,23.60,23.60,-0.4000,23
2026-09-15,9105,泰金寶-DR,11512792,96832741,8.38,8.54,8.32,8.42,0.0400,2726
2026-09-15,910861,神州-DR,23000,91490,4.00,4.02,3.93,3.93,-0.0600,14
2026-09-15,9110,越南控-DR,,,,,,,0.0000,
2026-09-15,911608,明輝-DR,1000,2710,2.71,2.71,2.71,2.71,-0.0100,1
2026-09-15,911622,泰聚亨-DR,25000,88450,3.56,3.56,3.52,3.52,-0.0400,11
2026-09-15,911868,同方友友-DR,207115,238984,1.15,1.17,1.15,1.16,0.0100,54
2026-09-15,912000,晨訊科-DR,205000,504620,2.48,2.48,2.45,2.46,-0.0100,33
2026-09-15,9136,巨騰-DR,269288,2570894,9.39,9.65,9.23,9.59,0.2000,103
2026-09-15,9802,鈺齊-KY,450323,28750158,63.10,65.00,63.10,63.80,-0.2000,456
2026-09-15,9902,台火,59332,781505,13.30,13.30,13.10,13.15,-0.1500,62
2026-09-15,9904,寶成,6567302,159019456,24.15,24.35,24.05,24.25,0.2000,2284
2026-09-15,9905,大華,203413,4304123,21.25,21.25,21.10,21.20,-0.0500,182
2026-09-15,9906,欣巴巴,93242,3544335,39.00,39.00,36.95,36.95,-1.6000,401
2026-09-15,9907,統一實,1312596,19628212,15.00,15.05,14.90,14.90,-0.1000,804
2026-09-15,9908,大台北,90067,2610975,29.10,29.10,28.95,29.00,0.0500,99
2026-09-15,9910,豐泰,821779,56145656,67.80,68.80,67.70,68.40,0.6000,814
2026-09-15,9911,櫻花,291881,23766004,81.60,81.70,81.30,81.30,-0.3000,397
2026-09-15,9912,偉聯,23074,301304,13.15,13.20,13.00,13.00,-0.1000,49
2026-09-15,9914,美利達,2615301,178585668,68.20,69.20,67.20,68.10,-0.6000,2326
2026-09-15,9917,中保科,336597,35575602,106.00,106.00,105.50,106.00,-0.5000,518
2026-09-15,9918,欣天然,38153,1634424,42.75,43.50,42.75,42.80,-0.7000,32
2026-09-15,9919,康那香,94790,1311170,13.95,13.95,13.80,13.90,-0.0500,117
2026-09-15,9921,巨大,1449432,131501353,89.50,91.80,88.50,91.10,1.4000,1671
2026-09-15,9924,福興,145334,5486100,38.00,38.00,37.60,37.70,-0.3000,248
2026-09-15,9925,新保,274170,10812129,39.40,39.55,39.35,39.45,0.0500,232
2026-09-15,9926,新海,7174,351948,49.00,49.45,48.95,49.00,-0.5000,12
2026-09-15,9927,泰銘,79512,5529742,69.50,69.70,69.40,69.70,0.1000,110
2026-09-15,9928,中視,32000,565150,17.60,17.70,17.60,17.70,0.1000,15
2026-09-15,9929,秋雨,10001,109060,11.00,11.00,10.80,10.95,0.0000,8
2026-09-15,9930,中聯資源,139278,8497627,61.60,61.60,60.80,61.00,-0.4000,268
2026-09-15,9931,欣高,3006,101905,33.90,33.90,33.90,33.90,0.0000,4
2026-09-15,9933,中鼎,3421059,143546056,41.60,42.40,40.90,41.90,0.7000,2643
2026-09-15,9934,成霖,706017,6904565,9.86,9.87,9.73,9.75,-0.1000,376
2026-09-15,9935,慶豐富,261765,4692893,17.95,18.00,17.85,17.90,0.0500,179
2026-09-15,9937,全國,138988,7550921,54.50,54.80,53.90,54.80,0.0000,233
2026-09-15,9938,百和,875487,33208799,37.80,38.15,37.80,37.85,-0.1000,709
2026-09-15,9939,宏全,820511,102737619,125.50,126.00,124.50,125.50,-0.5000,998
2026-09-15,9940,信義,231983,4597701,19.85,19.90,19.75,19.85,0.0000,215
2026-09-15,9941,裕融,428413,34950664,82.00,82.20,81.00,81.00,-0.6000,1305
2026-09-15,9941A,裕融甲特,1010,49188,48.70,48.70,48.70,48.70,-0.0500,2
2026-09-15,9942,茂順,22482,2550822,113.50,114.00,113.00,113.50,0.0000,29
2026-09-15,9943,好樂迪,31152,1577898,50.80,50.80,50.50,50.50,-0.4000,51
2026-09-15,9944,新麗,28024,480697,17.15,17.30,17.00,17.15,0.0000,38
2026-09-15,9945,潤泰新,3583516,99613068,27.80,27.95,27.65,27.95,0.1000,1497
2026-09-15,9946,三發地產,224867,3760690,16.90,16.90,16.60,16.70,-0.2000,135
2026-09-15,9955,佳龍,107382,2489946,23.30,23.30,23.10,23.10,-0.2500,124
2026-09-15,9958,世紀鋼,1329255,121620509,91.40,92.50,90.50,90.50,-0.6000,2548
