Date,Code,Name,TradeVolume,TradeValue,OpeningPrice,HighestPrice,LowestPrice,ClosingPrice,Change,Transaction
2026-09-14,00400A,主動國泰動能高息,30886201,450028338,14.48,14.78,14.39,14.72,-0.0800,9315
2026-09-14,00401A,主動摩根台灣鑫收,6642835,91820483,13.80,13.92,13.70,13.87,0.0000,1603
2026-09-14,00402A,主動安聯美國科技,2277914,21453771,9.40,9.44,9.37,9.44,-0.0200,603
2026-09-14,00403A,主動統一升級50,147353056,1479173876,10.00,10.15,9.92,10.09,-0.0800,28262
2026-09-14,00404A,主動聯博動能50,21546204,210363699,9.78,9.84,9.69,9.80,-0.0200,3964
2026-09-14,00405A,主動富邦台灣龍耀,38463675,327488100,8.42,8.64,8.35,8.56,-0.0300,5681
2026-09-14,00406A,主動中信台灣收益,193984876,1810754711,9.32,9.45,9.25,9.39,-0.0500,41109
2026-09-14,00407A,主動凱基台灣,21301053,200482996,9.36,9.52,9.30,9.46,-0.0900,4779
2026-09-14,00408A,主動第一金優股息,2760136,28234974,10.18,10.29,10.08,10.22,-0.0400,338
2026-09-14,00409A,主動復華全球50,14936158,141970606,9.54,9.56,9.45,9.53,-0.1000,4071
2026-09-14,00410A,主動永豐科技趨勢,4672597,54282910,11.61,11.72,11.45,11.68,-0.1600,1421
2026-09-14,0050,元大台灣50,91951392,9790702094,106.30,107.15,105.85,106.90,-0.8000,164395
2026-09-14,0051,元大中型100,69675,9945772,144.00,144.00,141.00,143.45,-1.3000,646
2026-09-14,0052,富邦科技,11505257,711913661,61.70,62.15,61.50,61.90,-0.6500,17269
2026-09-14,0053,元大電子,121405,28936205,238.60,239.15,236.65,238.95,-2.2000,2961
2026-09-14,0055,元大MSCI金融,1254556,62028734,49.33,50.45,48.75,50.30,0.9800,2948
2026-09-14,0056,元大高股息,18893508,1039360756,54.90,55.55,54.55,55.40,0.1000,25946
2026-09-14,0057,富邦摩台,18306,5855830,316.10,318.75,315.90,318.35,-2.9000,1244
2026-09-14,0061,元大寶滬深,35584,850024,23.79,24.00,23.77,23.95,0.0300,109
2026-09-14,006203,元大MSCI台灣,21404,4168520,192.75,194.60,191.90,194.60,-1.6500,1416
2026-09-14,006204,永豐臺灣加權,24822,5684808,227.90,230.10,227.90,230.10,-2.0500,137
2026-09-14,006205,富邦上証,171176,6818800,39.65,39.95,39.65,39.82,0.1700,199
2026-09-14,006206,元大上證50,12061,447265,36.72,37.33,36.72,37.19,0.1300,141
2026-09-14,006207,復華滬深,118834,3779982,31.65,31.86,31.59,31.72,0.0100,146
2026-09-14,006208,富邦台50,1997029,487449319,242.90,245.40,242.25,244.65,-1.4500,14035
2026-09-14,00625K,富邦上証+R,,,,,,,0.0000,
2026-09-14,00631L,元大台灣50正2,169333509,5957912190,34.99,35.67,34.84,35.40,-0.5800,69182
2026-09-14,00632R,元大台灣50反1,134596423,1348992087,10.06,10.08,9.94,9.97,0.0600,10799
2026-09-14,00633L,富邦上証正2,564870,26595077,47.12,47.34,46.80,47.00,-0.2000,199
2026-09-14,00634R,富邦上証反1,74200,234486,3.16,3.17,3.15,3.16,0.0100,12
2026-09-14,00635U,期元大S&P黃金,2300637,102934495,44.80,44.91,44.62,44.64,-0.1200,1772
2026-09-14,00636,國泰中國A50,313402,8514174,27.13,27.28,27.06,27.18,0.0500,207
2026-09-14,00636K,國泰中國A50+U,200,1720,8.60,8.60,8.60,8.60,0.0100,2
2026-09-14,00637L,元大滬深300正2,11838306,229744337,19.40,19.51,19.29,19.35,-0.0700,932
2026-09-14,00638R,元大滬深300反1,259000,1746740,6.76,6.76,6.72,6.74,0.0300,13
2026-09-14,00639,富邦深100,444936,7059993,15.83,15.99,15.80,15.86,-0.0400,149
2026-09-14,00640L,富邦日本正2,113916,11901514,104.40,105.35,104.10,104.80,1.3500,78
2026-09-14,00641R,富邦日本反1,477900,1780896,3.73,3.74,3.72,3.73,-0.0200,65
2026-09-14,00642U,期元大S&P石油,2911969,98177822,33.75,33.95,33.49,33.62,0.1300,1061
2026-09-14,00643,群益深証中小,2200390,39397784,17.85,17.94,17.73,17.84,-0.0100,159
2026-09-14,00643K,群益深証中小+R,25000,94400,3.78,3.78,3.77,3.77,-0.0400,4
2026-09-14,00645,富邦日本,138867,7951691,57.20,57.45,57.15,57.25,0.3500,330
2026-09-14,00646,元大S&P500,1404725,106930235,75.90,76.20,75.85,76.15,0.3000,3525
2026-09-14,00647L,元大S&P500正2,16758,2271625,135.00,135.65,135.00,135.40,0.6000,45
2026-09-14,00648R,元大S&P500反1,1334500,5283660,3.96,3.97,3.95,3.96,0.0000,47
2026-09-14,00650L,復華香港正2,696386,11343249,16.20,16.41,16.08,16.41,0.1700,252
2026-09-14,00651R,復華香港反1,62798,331612,5.28,5.30,5.26,5.26,-0.0300,20
2026-09-14,00652,富邦印度,117994,3788341,31.99,32.15,31.99,32.13,0.2700,233
2026-09-14,00653L,富邦印度正2,166886,7267384,43.30,43.70,43.30,43.57,0.4700,69
2026-09-14,00654R,富邦印度反1,20892,144919,6.94,6.94,6.92,6.92,-0.0700,9
2026-09-14,00655L,國泰中國A50正2,272802,8911435,32.65,32.90,32.50,32.65,-0.1400,81
2026-09-14,00656R,國泰中國A50反1,5000,29650,5.93,5.93,5.93,5.93,0.0000,1
2026-09-14,00657,國泰日經225,226492,16986762,74.95,75.30,74.65,75.25,-0.5000,103
2026-09-14,00657K,國泰日經225+U,200,4740,23.70,23.70,23.70,23.70,-0.1600,2
2026-09-14,00660,元大歐洲50,6574,302003,45.91,46.14,45.91,46.08,0.2300,112
2026-09-14,00661,元大日經225,38476,3156822,81.80,82.50,81.65,82.25,-0.5500,214
2026-09-14,00662,富邦NASDAQ,2213112,261557814,118.05,118.35,118.00,118.15,-0.2500,4509
2026-09-14,00663L,國泰臺灣加權正2,5389499,546155640,100.50,103.10,100.10,102.25,-1.3000,2917
2026-09-14,00664R,國泰臺灣加權反1,22660745,36639211,1.62,1.63,1.60,1.62,0.0200,950
2026-09-14,00665L,富邦恒生國企正2,7873620,70547551,8.97,9.05,8.84,9.02,0.0700,659
2026-09-14,00666R,富邦恒生國企反1,34000,314360,9.23,9.29,9.22,9.23,-0.0200,15
2026-09-14,00668,國泰美國道瓊,23583,1435981,60.80,61.00,60.80,60.95,0.4500,106
2026-09-14,00668K,國泰美國道瓊+U,200,3852,19.26,19.26,19.26,19.26,0.2000,2
2026-09-14,00669R,國泰美國道瓊反1,615949,3241299,5.27,5.27,5.25,5.27,-0.0100,54
2026-09-14,00670L,富邦NASDAQ正2,413357,79667681,192.75,193.30,192.25,192.55,-1.6500,937
2026-09-14,00671R,富邦NASDAQ反1,2695196,6650347,2.46,2.48,2.46,2.47,0.0100,110
2026-09-14,00673R,期元大S&P原油反1,53916463,539023469,9.98,10.06,9.92,10.04,-0.0200,4667
2026-09-14,00674R,期元大S&P黃金反1,118169,3332604,28.18,28.25,28.08,28.25,0.0300,49
2026-09-14,00675L,富邦臺灣加權正2,975100,299603802,304.55,312.20,303.35,309.70,-4.0000,1651
2026-09-14,00676R,富邦臺灣加權反1,6489164,35869697,5.56,5.57,5.49,5.50,0.0300,534
2026-09-14,00678,群益那斯達克生技,477468,20022685,41.75,42.11,41.75,42.11,-0.0200,139
2026-09-14,00680L,元大美債20正2,11626933,71938425,6.19,6.22,6.16,6.20,0.0100,495
2026-09-14,00681R,元大美債20反1,155000,3420530,22.11,22.15,22.06,22.15,0.0300,8
2026-09-14,00682U,期元大美元指數,,,,,,,0.0000,
2026-09-14,00683L,期元大美元指正2,183350,3914777,21.30,21.38,21.30,21.38,0.1100,19
2026-09-14,00684R,期元大美元指反1,118000,1791200,15.14,15.18,15.14,15.18,-0.0500,4
2026-09-14,00685L,群益臺灣加權正2,214692879,2485941190,11.49,11.79,11.44,11.68,-0.1600,44889
2026-09-14,00686R,群益臺灣加權反1,10738399,10595261,0.99,1.00,0.98,0.99,0.0200,242
2026-09-14,00688L,國泰20年美債正2,4600619,28358242,6.17,6.19,6.14,6.17,0.0000,251
2026-09-14,00689R,國泰20年美債反1,457100,10571200,23.16,23.16,23.07,23.12,-0.0300,13
2026-09-14,00690,兆豐藍籌30,255112,19796748,77.20,78.40,76.95,78.20,-0.1000,731
2026-09-14,00692,富邦公司治理,536240,49134615,91.55,92.05,90.90,91.90,-0.3000,1362
2026-09-14,00693U,期街口S&P黃豆,1794858,42445432,23.65,23.74,23.59,23.60,-0.4000,386
2026-09-14,00700,富邦恒生國企,117718,1996691,16.80,17.01,16.80,17.00,0.1700,173
2026-09-14,00701,國泰股利精選30,480985,19766607,40.85,41.68,40.46,41.54,0.6700,790
2026-09-14,00702,國泰標普低波高息,103248,2507629,24.29,24.30,24.29,24.30,0.0200,78
2026-09-14,00703,台新MSCI中國,19392,366351,18.84,18.95,18.84,18.93,0.1000,68
2026-09-14,00706L,期元大S&P日圓正2,1820828,36729798,20.25,20.26,20.12,20.15,0.0600,163
2026-09-14,00707R,期元大S&P日圓反1,18000,560360,31.17,31.17,31.10,31.10,-0.1500,2
2026-09-14,00708L,期元大S&P黃金正2,3376748,264657566,78.55,79.00,77.95,78.15,-0.2000,1929
2026-09-14,00709,富邦歐洲,19013,760343,39.99,39.99,39.97,39.98,-0.0200,173
2026-09-14,00710B,復華彭博非投等債,197309,3760533,19.04,19.07,19.04,19.07,0.0300,70
2026-09-14,00711B,復華彭博新興債,105364,1613126,15.31,15.32,15.29,15.29,-0.0600,17
2026-09-14,00712,復華富時不動產,75779311,631228338,8.35,8.35,8.32,8.32,-0.0600,16534
2026-09-14,00713,元大台灣高息低波,4473487,286514408,63.85,64.40,63.60,64.35,0.5000,3558
2026-09-14,00714,群益道瓊美國地產,1747879,37210992,21.24,21.37,21.24,21.34,0.1900,161
2026-09-14,00715L,期街口布蘭特正2,8910708,633558453,71.35,72.25,70.20,70.50,-0.1500,2162
2026-09-14,00717,富邦美國特別股,162975,2367071,14.53,14.53,14.50,14.50,0.0600,96
2026-09-14,00728,第一金工業30,189076,12728086,67.30,68.15,66.80,67.85,-0.8000,617
2026-09-14,00730,富邦臺灣優質高息,57314,1614604,28.04,28.35,27.95,28.22,0.0200,404
2026-09-14,00731,復華富時高息低波,1062471,103468520,96.55,98.50,96.30,98.45,0.8500,296
2026-09-14,00733,富邦臺灣中小,205512,13436291,65.65,66.35,64.70,66.00,-0.3500,634
2026-09-14,00735,國泰臺韓科技,1137928,116436186,101.70,103.10,101.40,102.20,-2.0500,1822
2026-09-14,00736,國泰新興市場,103289,3243208,31.26,31.48,31.26,31.41,-0.0500,10
2026-09-14,00737,國泰AI機器人,89902,3519427,39.00,39.27,39.00,39.19,0.1000,163
2026-09-14,00738U,期元大道瓊白銀,1987268,100958872,50.90,51.10,50.55,50.65,0.1000,930
2026-09-14,00739,元大MSCI A股,10658,289368,27.00,27.25,27.00,27.25,0.1500,127
2026-09-14,00752,中信中國50,359277,8021631,22.27,22.48,22.20,22.40,0.1600,364
2026-09-14,00753L,中信中國50正2,4317468,38022398,8.78,8.92,8.72,8.89,0.0400,695
2026-09-14,00757,統一FANG+,507787,69606369,136.85,137.35,136.80,137.15,-0.0500,1366
2026-09-14,00762,元大全球AI,328226,36631888,113.40,113.40,111.45,111.60,-1.8000,450
2026-09-14,00763U,期街口道瓊銅,459678,15558248,34.02,34.02,33.78,33.80,-0.4300,417
2026-09-14,00770,國泰北美科技,3001353,203338475,67.70,67.85,67.55,67.75,0.1500,2198
2026-09-14,00771,元大US高息特別股,17960,270869,15.09,15.10,15.08,15.08,-0.0100,63
2026-09-14,00775B,台新投等債15+,81935,2486462,30.35,30.36,30.35,30.36,0.0300,88
2026-09-14,00783,富邦中証500,14066,380016,26.92,27.23,26.92,27.23,0.4000,134
2026-09-14,00830,國泰費城半導體,4143313,334882300,81.00,81.20,80.50,80.95,-0.4000,7997
2026-09-14,00850,元大臺灣ESG永續,419629,38379555,90.95,92.00,90.55,91.55,-0.5500,1455
2026-09-14,00851,台新全球AI,44122,3092816,70.30,70.30,70.10,70.15,-0.1500,109
2026-09-14,00852L,國泰美國道瓊正2,818652,28028087,34.12,34.36,34.12,34.27,0.3600,66
2026-09-14,00861,元大全球未來通訊,108359,9160491,85.55,85.55,83.20,84.60,-0.2500,472
2026-09-14,00865B,國泰US短期公債,1896060,92168798,48.57,48.66,48.50,48.65,0.0800,567
2026-09-14,00875,國泰網路資安,738577,38755697,52.75,52.90,52.15,52.90,0.2000,571
2026-09-14,00876,元大全球5G,434900,37112240,85.45,85.80,84.50,85.50,-0.1000,590
2026-09-14,00878,國泰永續高股息,36558295,1243284491,33.86,34.34,33.66,34.23,0.2300,27411
2026-09-14,00881,國泰台灣科技龍頭,25643823,1267906803,49.20,49.76,48.98,49.54,-0.4200,21604
2026-09-14,00882,中信中國高股息,3119929,46157525,14.75,14.84,14.75,14.83,0.0300,1016
2026-09-14,00885,富邦越南,1647427,30041333,18.18,18.30,18.15,18.23,-0.2200,725
2026-09-14,00891,中信關鍵半導體,12269979,428190439,34.80,35.27,34.56,35.01,-0.2300,7128
2026-09-14,00892,富邦台灣半導體,4308515,178314045,40.76,41.60,40.73,41.32,-0.0900,1005
2026-09-14,00893,國泰智能電動車,767283,32689602,42.62,42.69,42.49,42.58,0.0400,505
2026-09-14,00894,中信小資高價30,1898142,88585825,46.29,46.97,46.10,46.82,-0.1500,1138
2026-09-14,00895,富邦未來車,387334,19172842,49.00,49.53,49.00,49.40,-0.2500,308
2026-09-14,00896,中信綠能及電動車,18879810,523028201,27.86,27.95,27.41,27.83,-0.0900,9212
2026-09-14,00897,富邦基因免疫生技,1090438,13675059,12.45,12.60,12.41,12.59,0.0200,245
2026-09-14,00898,國泰基因免疫革命,376314,4005885,10.52,10.69,10.52,10.66,0.1400,210
2026-09-14,00899,FT潔淨能源,12363,286502,23.15,23.22,23.07,23.20,0.0300,101
2026-09-14,00900,富邦特選高股息30,5279461,102859014,19.44,19.62,19.31,19.59,0.0700,2343
2026-09-14,00901,永豐智能車供應鏈,465108,21118371,45.23,45.62,44.79,45.43,-0.4200,247
2026-09-14,00902,中信電池及儲能,511920,6506856,12.64,12.79,12.53,12.71,0.0300,363
2026-09-14,00903,富邦元宇宙,67770,1422846,21.04,21.04,20.97,20.99,0.0600,146
2026-09-14,00904,台新臺灣半導體30,623927,25222776,40.29,40.83,40.10,40.62,-0.3600,583
2026-09-14,00905,FT臺灣Smart,968658,25253142,25.98,26.26,25.86,26.16,-0.1900,1291
2026-09-14,00907,永豐優息存股,878190,15571549,17.70,17.87,17.57,17.87,0.1700,343
2026-09-14,00908,富邦入息REITs+,173455,2584751,14.94,14.94,14.90,14.90,-0.0400,194
2026-09-14,00909,國泰數位支付服務,855638,39885654,46.90,46.91,46.40,46.69,0.1000,651
2026-09-14,00910,第一金太空衛星,592563,33049687,56.25,56.25,55.55,55.75,0.3500,1203
2026-09-14,00911,兆豐洲際半導體,74092,3815755,51.55,51.70,51.15,51.70,-0.0500,646
2026-09-14,00912,中信臺灣智慧50,295781,10243884,34.71,34.85,34.42,34.74,-0.2200,352
2026-09-14,00913,兆豐台灣晶圓製造,1165833,55705140,47.75,48.40,47.24,48.12,-0.3900,911
2026-09-14,00915,凱基優選高股息30,2784263,91985901,32.80,33.24,32.55,33.14,0.2200,1110
2026-09-14,00916,國泰全球品牌50,356181,9514744,26.61,26.78,26.59,26.73,0.1200,313
2026-09-14,00917,中信特選金融,211074,5020596,23.67,23.81,23.67,23.80,0.1500,262
2026-09-14,00918,大華優利高填息30,76987452,2722464201,35.25,35.57,35.07,35.51,0.1700,26961
2026-09-14,00919,群益台灣精選高息,135074108,4407588752,32.43,33.00,32.24,32.89,0.4100,52590
2026-09-14,00920,富邦ESG綠色電力,681405,16633696,24.29,24.55,24.28,24.43,0.1100,326
2026-09-14,00921,兆豐龍頭等權重,1849479,44519605,24.08,24.19,23.89,24.10,-0.2400,1019
2026-09-14,00922,國泰台灣領袖50,5553168,229969254,41.28,41.75,41.10,41.64,-0.1900,4964
2026-09-14,00923,群益台ESG低碳50,3762532,148444482,39.33,39.73,39.19,39.60,-0.2500,3781
2026-09-14,00924,復華S&P500成長,1199453,39020764,32.55,32.58,32.48,32.54,0.0000,1224
2026-09-14,00926,凱基全球菁英55,851521,22154051,26.03,26.04,25.95,26.01,-0.0200,227
2026-09-14,00927,群益半導體收益,10061989,372113322,36.45,37.40,36.36,37.10,0.0300,4879
2026-09-14,00929,復華台灣科技優息,42525179,1210756020,28.50,28.72,28.27,28.60,-0.0200,19550
2026-09-14,00930,永豐ESG低碳高息,945210,22517222,23.70,23.92,23.67,23.85,-0.0600,612
2026-09-14,00932,兆豐永續高息等權,247864,4266030,17.12,17.30,17.06,17.26,0.0600,227
2026-09-14,00934,中信成長高股息,3472659,102994258,29.60,29.83,29.41,29.70,-0.2000,2062
2026-09-14,00935,野村臺灣新科技50,9625942,556508520,57.30,58.45,57.15,58.00,-0.5500,8269
2026-09-14,00936,台新永續高息中小,385286,8168964,21.18,21.35,21.05,21.28,0.0000,410
2026-09-14,00938,凱基優選30,3245259,86292190,26.37,26.86,26.22,26.82,0.3100,656
2026-09-14,00939,統一台灣高息動能,3983889,95467812,23.74,24.15,23.61,24.11,0.3300,1373
2026-09-14,00940,元大台灣價值高息,8827812,112962958,12.72,12.89,12.65,12.84,0.0500,2219
2026-09-14,00941,中信上游半導體,696066,16994767,24.60,24.60,24.37,24.44,-0.2000,770
2026-09-14,00943,兆豐電子高息等權,492701,10250871,20.80,20.94,20.74,20.87,0.0300,168
2026-09-14,00944,野村趨勢動能高息,376922,8063185,21.27,21.63,21.18,21.54,0.1200,249
2026-09-14,00945B,凱基美國非投等債,3003896,43125806,14.33,14.37,14.33,14.37,0.0400,480
2026-09-14,00946,群益科技高息成長,1114208,16732014,14.92,15.12,14.85,15.07,0.0600,571
2026-09-14,00947,台新臺灣IC設計,3845043,140418051,36.28,36.98,35.94,36.63,-0.3500,2697
2026-09-14,00949,復華日本龍頭,858124,18845765,21.76,22.00,21.76,21.93,0.3300,353
2026-09-14,00951,台新日本半導體,2168219,35310083,16.24,16.45,16.10,16.41,-0.2500,965
2026-09-14,00952,凱基台灣AI50,1189156,21010404,17.71,17.89,17.55,17.79,-0.0100,638
2026-09-14,00953B,群益優選非投等債,34241507,326183071,9.51,9.55,9.50,9.53,0.0200,4214
2026-09-14,00954,中信日本半導體,1709710,29605875,17.25,17.55,17.17,17.50,-0.2800,838
2026-09-14,00956,中信日經高股息,146932,2022982,13.75,13.79,13.72,13.77,0.2000,184
2026-09-14,00960,野村全球航運龍頭,888046,19627655,21.92,22.16,21.92,22.12,0.1800,2720
2026-09-14,00961,FT臺灣永續高息,29229198,390486300,13.34,13.44,13.26,13.40,0.0400,6658
2026-09-14,00962,台新AI優息動能,11805907,176724010,14.93,15.08,14.87,15.00,-0.0100,2853
2026-09-14,00963,中信全球高股息,1117372,14590853,13.05,13.08,13.01,13.07,0.0200,352
2026-09-14,00964,中信亞太高股息,1527241,22706802,14.86,14.97,14.81,14.93,0.0700,428
2026-09-14,00965,元大航太防衛科技,1318433,33175096,25.00,25.29,24.99,25.23,0.2400,652
2026-09-14,00971,野村美國研發龍頭,33470,575155,17.16,17.20,17.15,17.17,0.0100,180
2026-09-14,00972,野村日本動能高息,63217,1402994,22.00,22.23,22.00,22.21,0.3700,46
2026-09-14,009800,中信NASDAQ,1408659,18034994,12.79,12.82,12.78,12.79,-0.0200,596
2026-09-14,009801,中信美國創新科技,883875,9814106,11.12,11.13,11.08,11.12,0.0100,289
2026-09-14,009802,富邦旗艦50,3853416,75989770,19.67,19.92,19.53,19.81,-0.1100,1760
2026-09-14,009803,玉山市值動能50,29714706,640912798,21.69,21.70,21.40,21.64,-0.1200,9431
2026-09-14,009804,聯邦台精彩50,773743,17564110,22.70,22.88,22.51,22.83,-0.1200,427
2026-09-14,009805,台新美國電力基建,5303941,79755726,14.96,15.07,14.96,15.06,0.1400,1215
2026-09-14,009808,華南永昌優選50,129505,3978639,30.75,30.89,30.53,30.89,-0.1500,49
2026-09-14,009809,富邦淨零ESG50,186032,3351482,17.90,18.04,17.84,18.03,-0.1300,82
2026-09-14,00980A,主動野村臺灣優選,5766125,138541025,23.89,24.24,23.70,24.11,-0.2100,3242
2026-09-14,009810,玉山全球藍籌100,184100,3886527,21.04,21.14,21.04,21.10,0.1100,58
2026-09-14,009811,統一美國50,1420786,18657058,13.10,13.16,13.09,13.15,0.0100,451
2026-09-14,009812,野村日本東證,325398,4246845,13.05,13.10,12.95,13.06,0.1200,152
2026-09-14,009813,貝萊德標普卓越50,1509394,16924486,11.20,11.23,11.19,11.21,0.0100,344
2026-09-14,009816,凱基台灣TOP50,87503192,1377444379,15.69,15.89,15.63,15.82,-0.0600,31988
2026-09-14,009817,國泰日本不動產,997041,9067958,9.10,9.13,9.08,9.10,0.0400,236
2026-09-14,009818,華南永昌NASDAQxT,252108,4988230,19.75,19.83,19.75,19.78,-0.0200,39
2026-09-14,009819,中信數據及電力,3551658,34249350,9.71,9.71,9.62,9.65,-0.0700,1244
2026-09-14,00981A,主動統一台股增長,129531951,3763726794,28.89,29.49,28.63,29.32,-0.1200,49098
2026-09-14,00981T,平衡凱基雙核收息,2712441,31769383,11.72,11.73,11.68,11.73,-0.0100,492
2026-09-14,009820,元大納斯達克精選,1956295,18923353,9.67,9.70,9.64,9.68,-0.0900,621
2026-09-14,009821,野村稀土關鍵資源,4768035,67775149,14.29,14.29,14.20,14.21,-0.2700,1974
2026-09-14,009824,群益美國科技巨頭,1974953,19700766,9.98,10.00,9.95,9.97,-0.0500,992
2026-09-14,009826,貝萊德世界股票,10888138,108666402,9.97,9.99,9.96,9.98,0.0100,4253
2026-09-14,009827,玉山未來全球算力,4413053,44133428,10.00,10.02,9.99,10.00,-0.0300,1469
2026-09-14,009828,中信台日韓PCB,49100221,456121477,9.35,9.38,9.20,9.35,-0.1000,12237
2026-09-14,009829,大華韓國KOSPI50,19318858,203593572,10.50,10.67,10.45,10.51,-0.3400,3857
2026-09-14,00982A,主動群益台灣強棒,16035675,353538233,21.92,22.28,21.81,22.17,-0.2000,7743
2026-09-14,00982D,主動富邦動態入息,878935,8360019,9.53,9.53,9.50,9.52,0.0000,241
2026-09-14,00982T,平衡兆豐台美動能,429235,6758984,15.91,15.91,15.63,15.84,-0.0700,183
2026-09-14,00983A,主動中信ARK創新,1457846,17553707,12.09,12.09,12.01,12.03,-0.0600,478
2026-09-14,00983D,主動富邦複合收益,589806,5756712,9.79,9.79,9.75,9.76,0.0000,197
2026-09-14,00984A,主動安聯台灣高息,4055489,61467101,15.15,15.32,15.02,15.26,-0.1100,2217
2026-09-14,00984D,主動聯博全球非投,11447666,112294400,9.80,9.83,9.79,9.82,0.0300,976
2026-09-14,00985A,主動野村台灣50,2557343,57451838,22.44,22.62,22.28,22.55,-0.1500,1524
2026-09-14,00985B,群益ESG投等債0-5,3922469,39535378,10.08,10.09,10.06,10.09,0.0100,452
2026-09-14,00986A,主動台新龍頭成長,276889,3915495,14.19,14.19,14.11,14.12,-0.0900,120
2026-09-14,00987A,主動台新優勢成長,761019,12205874,15.84,16.25,15.73,16.14,-0.0400,651
2026-09-14,00988A,主動統一全球創新,17213306,270568313,15.73,15.80,15.60,15.76,-0.2000,7714
2026-09-14,00989A,主動摩根美國科技,1339203,22213677,16.68,16.68,16.54,16.56,-0.1200,159
2026-09-14,00990A,主動元大AI新經濟,17305189,252882751,14.64,14.70,14.50,14.60,-0.2200,4441
2026-09-14,00991A,主動復華未來50,46814281,798437674,16.97,17.24,16.88,17.14,-0.2200,19143
2026-09-14,00991B,貝萊德A級公司債,9389,136659,14.56,14.56,14.55,14.56,0.0200,11
2026-09-14,00992A,主動群益科技創新,31842337,557305926,17.51,17.73,17.28,17.62,-0.2500,9234
2026-09-14,00993A,主動安聯台灣,2651444,34333266,12.91,13.10,12.78,13.02,-0.1200,1096
2026-09-14,00994A,主動第一金台股優,2472633,40700463,16.35,16.65,16.28,16.55,-0.1400,868
2026-09-14,00995A,主動中信台灣卓越,4846654,81406175,16.84,17.00,16.61,16.92,-0.1400,819
2026-09-14,00996A,主動兆豐台灣豐收,2381849,32450059,13.49,13.74,13.41,13.66,-0.0700,631
2026-09-14,00997A,主動群益美國增長,9836496,105670031,10.80,10.80,10.72,10.75,-0.1300,2810
2026-09-14,00999A,主動野村臺灣高息,9971228,112390331,11.23,11.37,11.18,11.33,-0.0300,3524
2026-09-14,01001T,土銀富邦R1,10000,110900,11.09,11.09,11.09,11.09,0.0000,7
2026-09-14,01002T,土銀國泰R1,8317,108013,12.99,12.99,12.98,12.98,-0.0100,11
2026-09-14,01004T,土銀富邦R2,41000,412330,10.06,10.06,10.05,10.06,0.0100,40
2026-09-14,01007T,兆豐國泰R2,59000,658930,11.17,11.20,11.16,11.20,0.0300,57
2026-09-14,01009T,王道圓滿R1,81000,458970,5.70,5.70,5.66,5.67,-0.0300,19
2026-09-14,01010T,京城樂富R1,547000,5464320,9.95,10.00,9.95,10.00,0.0000,38
2026-09-14,020000,富邦特選蘋果N,2000,60440,30.22,30.22,30.22,30.22,-0.3100,2
2026-09-14,020011,統一微波高息20N,,,,,,,0.0000,
2026-09-14,020012,富邦行動通訊N,,,,,,,0.0000,
2026-09-14,02001L,富邦蘋果正二N,32000,4132650,129.05,132.00,127.60,131.45,-2.1500,28
2026-09-14,020020,元大台股領航N,11000,313750,28.25,28.77,28.25,28.77,0.0000,4
2026-09-14,020028,元大特選電動車N,6000,119480,19.83,19.94,19.83,19.91,0.0000,4
2026-09-14,020029,元大ESG高股息N,5000,101530,20.22,20.36,20.22,20.36,0.1400,4
2026-09-14,020030,統一智慧電動車N,1000,19430,19.43,19.43,19.43,19.43,-0.2400,1
2026-09-14,020031,統一IC設計臺灣N,8000,85340,10.43,10.80,10.43,10.74,0.1100,6
2026-09-14,020032,元大綠能N,,,,,,,0.0000,
2026-09-14,020034,元大IC設計N,56000,873960,15.60,15.70,15.20,15.65,0.0500,19
2026-09-14,020036,元大金融配息N,,,,,,,0.0000,
2026-09-14,020037,元大金融高股息N,5000,65730,12.85,13.23,12.85,13.21,0.0000,5
2026-09-14,020038,元大ESG配息N,7000,109550,15.57,15.75,15.57,15.75,0.1300,5
2026-09-14,020039,元大加權N,97000,1422020,14.66,14.66,14.66,14.66,-0.1000,1
2026-09-14,1101,台泥,35778533,859181968,24.40,24.40,23.90,23.90,-0.6000,11835
2026-09-14,1101B,台泥乙特,24115,1039405,43.10,43.15,43.10,43.10,0.0000,9
2026-09-14,1102,亞泥,5772878,202045174,35.30,35.30,34.85,35.00,-0.3000,2095
2026-09-14,1103,嘉泥,213653,2782076,13.00,13.15,13.00,13.05,0.0000,165
2026-09-14,1104,環泥,500283,13425047,27.00,27.10,26.75,26.85,-0.3500,430
2026-09-14,1108,幸福,247541,2736032,11.10,11.10,11.00,11.10,-0.1000,162
2026-09-14,1109,信大,68702,919653,13.40,13.45,13.35,13.40,0.0500,76
2026-09-14,1110,東泥,147000,2292650,15.65,15.85,15.55,15.55,-0.3000,85
2026-09-14,1201,味全,347797,4172712,12.05,12.05,11.95,12.00,-0.0500,291
2026-09-14,1203,味王,25749,1110350,43.00,43.70,42.50,43.20,-0.5000,212
2026-09-14,1210,大成,1310319,68006721,52.00,52.30,51.70,51.80,-0.3000,1381
2026-09-14,1213,大飲,,,,,,,0.0000,
2026-09-14,1215,卜蜂,1119388,121250472,110.00,110.00,107.50,107.50,-3.0000,1428
2026-09-14,1216,統一,9395978,702812079,74.60,75.30,74.60,74.60,-0.4000,4304
2026-09-14,1217,愛之味,232673,2313829,9.97,9.98,9.93,9.96,0.0000,230
2026-09-14,1218,泰山,880932,12572945,14.25,14.35,14.20,14.30,0.0500,301
2026-09-14,1219,福壽,284968,3212485,11.40,11.45,11.25,11.25,-0.1500,198
2026-09-14,1220,台榮,90889,976159,10.80,10.80,10.70,10.75,-0.1000,163
2026-09-14,1225,福懋油,122021,3000514,24.30,25.05,24.10,24.95,0.6500,119
2026-09-14,1227,佳格,471785,13329917,28.30,28.35,28.20,28.30,-0.1500,423
2026-09-14,1229,聯華,1516270,61229718,40.50,40.50,40.30,40.35,-0.3500,1881
2026-09-14,1231,聯華食,250436,20036024,80.40,80.40,79.80,80.00,-0.1000,460
2026-09-14,1232,大統益,128103,19754767,155.00,155.00,153.50,153.50,-2.5000,327
2026-09-14,1233,天仁,18015,504919,28.05,28.20,27.90,27.95,-0.2500,40
2026-09-14,1234,黑松,88661,2946505,33.30,33.40,33.15,33.15,-0.1500,124
2026-09-14,1235,興泰,11392,423624,37.60,37.60,37.00,37.10,-0.5000,80
2026-09-14,1236,宏亞,32684,838030,25.55,25.90,25.55,25.85,-0.2500,49
2026-09-14,1256,鮮活果汁-KY,13838,2381741,171.50,173.00,171.50,172.00,1.0000,181
2026-09-14,1301,台塑,23847845,1489165943,63.70,63.80,61.50,62.90,-1.7000,13634
2026-09-14,1303,南亞,54948757,12568462523,232.00,236.50,220.50,234.00,-0.5000,45338
2026-09-14,1304,台聚,2067764,25161243,12.40,12.40,12.05,12.25,-0.1000,912
2026-09-14,1305,華夏,1460709,17441963,12.15,12.15,11.85,11.90,-0.2500,729
2026-09-14,1307,三芳,370496,11204350,30.55,30.55,30.05,30.30,-0.2500,398
2026-09-14,1308,亞聚,1282420,18110897,14.35,14.35,14.05,14.15,-0.1500,517
2026-09-14,1309,台達化,2351381,32346664,14.20,14.20,13.60,13.75,-0.3000,1110
2026-09-14,1310,台苯,1330470,11460515,8.60,8.70,8.51,8.65,0.0200,903
2026-09-14,1312,國喬,9453345,135058400,14.10,14.55,14.05,14.45,0.1000,3224
2026-09-14,1312A,國喬特,,,,,,,0.0000,
2026-09-14,1313,聯成,1348275,15895111,12.00,12.00,11.65,11.75,-0.2000,829
2026-09-14,1314,中石化,15174574,123898762,8.15,8.27,8.06,8.22,0.1000,3498
2026-09-14,1315,達新,9317,615634,65.90,66.30,65.80,66.30,0.0000,45
2026-09-14,1316,上曜,1078023,11468591,10.70,10.80,10.55,10.70,0.0000,474
2026-09-14,1319,東陽,714900,55893372,78.30,78.60,77.70,78.30,-0.7000,734
2026-09-14,1321,大洋,43020,1377748,31.80,32.30,31.75,32.30,0.3000,34
2026-09-14,1323,永裕,106464,2310761,21.85,21.90,21.45,21.70,0.0500,100
2026-09-14,1324,地球,15154,152147,10.05,10.10,9.97,10.05,0.0000,27
2026-09-14,1325,恆大,101358,2581519,25.55,25.65,25.30,25.50,-0.0500,107
2026-09-14,1326,台化,27922318,1884480420,70.50,70.50,66.20,67.60,-2.6000,16358
2026-09-14,1337,再生-KY,491099,2178972,4.51,4.51,4.39,4.48,-0.0100,710
2026-09-14,1338,廣華-KY,47137,683052,14.45,14.60,14.30,14.60,0.2000,72
2026-09-14,1339,昭輝,31601,1344931,42.60,42.80,42.40,42.45,-0.5000,58
2026-09-14,1340,勝悅-KY,55079,284970,5.19,5.20,5.15,5.16,-0.0600,82
2026-09-14,1341,富林-KY,75,4517,,,,,0.0000,5
2026-09-14,1342,八貫,98443,9790867,99.10,101.00,98.40,99.80,0.5000,149
2026-09-14,1402,遠東新,8417098,236849107,28.40,28.45,28.05,28.10,-0.5500,3768
2026-09-14,1409,新纖,9954614,241316806,24.20,24.65,23.90,24.35,-0.1000,4554
2026-09-14,1410,南染,101570,2465057,24.40,24.65,24.05,24.20,-0.2000,87
2026-09-14,1413,宏洲,13521,125031,9.28,9.28,9.14,9.20,-0.0800,12
2026-09-14,1414,東和,423587,7360562,17.50,17.60,17.25,17.60,0.3000,271
2026-09-14,1416,廣豐,239221,2686343,11.20,11.30,11.15,11.25,-0.0500,166
2026-09-14,1417,嘉裕,93662,755708,8.14,8.14,8.03,8.08,0.0000,89
2026-09-14,1418,東華,17866,311291,17.50,17.50,17.25,17.40,-0.1000,23
2026-09-14,1419,新紡,88431,5825751,66.20,66.50,65.20,66.50,-0.6000,136
2026-09-14,1423,利華,4002,137719,34.10,34.80,34.10,34.80,-0.0500,6
2026-09-14,1432,大魯閣,64471,966295,15.05,15.05,14.95,14.95,-0.0500,187
2026-09-14,1434,福懋,1288759,22668747,17.70,17.80,17.45,17.65,-0.1500,816
2026-09-14,1435,中福,8033,178537,22.10,22.40,22.10,22.35,-0.3000,24
2026-09-14,1436,華友聯,139259,5048513,36.60,36.60,36.00,36.45,-0.1500,187
2026-09-14,1437,勤益控,110491,3532093,31.85,32.10,31.80,32.05,0.2000,117
2026-09-14,1438,三地開發,12479,263724,21.05,21.35,21.05,21.35,0.0000,39
2026-09-14,1439,雋揚,10248,293197,28.65,28.90,28.40,28.90,-0.4000,25
2026-09-14,1440,南紡,908353,12046499,13.30,13.35,13.20,13.25,-0.1500,418
2026-09-14,1441,大東,29347,253563,8.68,8.75,8.58,8.75,0.0600,85
2026-09-14,1442,名軒,110905,3311009,29.80,30.00,29.65,29.85,-0.3000,146
2026-09-14,1443,立益物流,25260,577891,23.00,23.40,22.50,23.30,-0.2000,32
2026-09-14,1444,力麗,788614,5310428,6.76,6.76,6.70,6.73,-0.0300,428
2026-09-14,1445,大宇,15077,155685,10.55,10.65,10.20,10.20,-0.1000,16
2026-09-14,1446,宏和,46059,612902,13.25,13.45,13.25,13.35,0.0500,29
2026-09-14,1447,力鵬,904376,5783746,6.49,6.49,6.25,6.43,-0.0600,430
2026-09-14,1449,佳和,185305,2267710,12.20,12.35,12.10,12.30,0.1000,131
2026-09-14,1451,年興,96981,1642873,16.95,17.05,16.90,17.05,0.0500,120
2026-09-14,1452,宏益,9061,100066,11.00,11.20,11.00,11.10,-0.1000,31
2026-09-14,1453,大將,14747,161300,10.90,10.95,10.90,10.90,-0.0500,37
2026-09-14,1454,台富,7001,87310,12.50,12.50,12.45,12.45,-0.0500,21
2026-09-14,1455,集盛,449168,4380815,9.81,9.82,9.70,9.70,-0.1400,277
2026-09-14,1456,怡華,140028,1989098,14.00,14.55,13.90,14.30,-0.0500,100
2026-09-14,1457,宜進,153986,2221802,14.50,14.50,14.35,14.45,-0.0500,53
2026-09-14,1459,聯發,38356,593907,15.60,15.60,15.25,15.25,-0.2500,34
2026-09-14,1460,宏遠,289122,1853775,6.49,6.49,6.39,6.42,-0.0500,123
2026-09-14,1463,強盛新,167015,2860505,16.95,17.45,16.90,17.05,-0.1500,69
2026-09-14,1464,得力,220313,2193049,9.98,9.98,9.94,9.95,-0.0400,221
2026-09-14,1465,偉全,78804,933029,11.90,11.95,11.75,11.90,0.0000,66
2026-09-14,1466,聚隆,174021,2573877,14.80,14.90,14.65,14.85,0.0500,102
2026-09-14,1467,南緯,84741,673175,7.96,8.00,7.92,7.95,-0.0100,81
2026-09-14,1468,昶和,73000,942950,13.00,13.25,12.70,13.25,0.1000,50
2026-09-14,1470,大統新創,3025,72048,23.85,23.85,23.80,23.80,-0.1500,5
2026-09-14,1471,首利,139326,1314994,9.50,9.59,9.35,9.50,0.0200,98
2026-09-14,1472,三洋實業,995,88560,,,,,0.0000,7
2026-09-14,1473,台南,33401,659577,19.70,19.90,19.70,19.75,-0.1500,37
2026-09-14,1474,弘裕,41000,404679,9.90,9.91,9.81,9.88,-0.1200,35
2026-09-14,1475,業旺,30050,778040,26.05,26.05,25.80,26.05,0.0000,18
2026-09-14,1476,儒鴻,783272,224885198,291.00,291.00,285.00,288.00,-0.5000,1367
2026-09-14,1477,聚陽,683737,132633229,195.00,195.50,193.00,194.50,-2.0000,919
2026-09-14,1503,士電,2304098,458442944,201.00,205.00,197.00,197.00,-5.0000,3161
2026-09-14,1504,東元,8281276,586508383,70.40,72.30,69.80,70.30,0.8000,5605
2026-09-14,1506,正道,293717,2883172,9.90,9.90,9.73,9.85,-0.0700,132
2026-09-14,1512,瑞利,46005,283810,6.19,6.27,6.08,6.11,-0.0800,31
2026-09-14,1513,中興電,1280629,210175958,164.00,165.50,163.50,163.50,-1.5000,1744
2026-09-14,1514,亞力,932667,93575330,100.00,101.50,99.60,100.00,-0.5000,1272
2026-09-14,1515,力山,880449,26453967,30.45,30.85,29.80,29.85,-1.0500,799
2026-09-14,1516,川飛,1316371,16609466,13.90,14.15,13.90,14.00,0.0500,42
2026-09-14,1517,利奇,256199,2677104,10.55,10.55,10.30,10.50,0.0500,135
2026-09-14,1519,華城,1792604,1268262116,708.00,725.00,697.00,697.00,-15.0000,5358
2026-09-14,1521,大億,31013,756117,24.70,24.70,24.30,24.45,-0.4000,29
2026-09-14,1522,堤維西,571863,14352240,25.40,25.40,25.00,25.10,-0.4000,494
2026-09-14,1522A,堤維西甲特,9000,458200,50.90,51.00,50.90,50.90,-0.1000,3
2026-09-14,1524,耿鼎,141463,3669783,25.95,26.20,25.70,25.85,-0.2000,142
2026-09-14,1525,江申,4200,270998,64.50,64.60,64.50,64.50,-0.4000,11
2026-09-14,1526,日馳,129719,1950393,15.40,15.40,14.95,15.00,-0.1500,113
2026-09-14,1527,鑽全,132283,4256257,32.40,32.40,32.10,32.30,-0.1500,144
2026-09-14,1528,恩德,15628482,355295373,21.55,23.30,21.40,23.30,2.1000,7439
2026-09-14,1529,樂事綠能,195202,3064290,15.70,15.85,15.55,15.70,-0.1500,161
2026-09-14,1530,亞崴,17749,485934,27.35,27.45,27.30,27.35,-0.1000,44
2026-09-14,1531,高林股,87259,1010327,11.65,11.75,11.50,11.55,-0.1000,117
2026-09-14,1532,勤美,219795,4965780,22.60,22.75,22.45,22.55,-0.0500,134
2026-09-14,1533,車王電,171581,5159861,30.40,30.40,30.00,30.30,-0.3500,123
2026-09-14,1535,中宇,79608,3565669,45.00,45.00,44.60,44.65,-0.4000,101
2026-09-14,1536,和大,740053,34753692,47.15,47.40,46.70,46.85,-0.5000,756
2026-09-14,1537,廣隆,76601,8777850,115.00,115.00,114.00,115.00,0.5000,140
2026-09-14,1538,正峰,91,809,,,,,0.0000,2
2026-09-14,1539,巨庭,20118,312448,15.50,15.70,15.45,15.65,0.1500,18
2026-09-14,1540,喬福,132834,2545156,19.30,19.30,19.05,19.20,-0.1000,288
2026-09-14,1541,錩泰,17000,350950,20.65,20.90,20.55,20.65,-0.4500,15
2026-09-14,1558,伸興,118918,12774879,108.50,108.50,107.00,107.50,-1.0000,126
2026-09-14,1560,中砂,2027263,1530277596,775.00,776.00,740.00,753.00,-37.0000,6929
2026-09-14,1563,巧新,398591,29706233,75.40,75.40,73.60,74.80,-1.2000,560
2026-09-14,1568,倉佑,215433,6202652,28.15,29.10,27.90,28.95,0.7500,179
2026-09-14,1582,信錦,320042,22235471,70.30,70.30,68.90,70.00,-0.1000,470
2026-09-14,1583,程泰,5323,250946,47.15,47.20,47.10,47.20,-0.7000,15
2026-09-14,1587,吉茂,183592,4317505,23.65,23.90,23.30,23.50,-0.1000,145
2026-09-14,1590,亞德客-KY,455226,575392395,1255.00,1275.00,1250.00,1270.00,-15.0000,903
2026-09-14,1597,直得,1715043,239416231,144.50,144.50,137.50,138.00,-9.0000,2578
2026-09-14,1598,岱宇,102753,2087720,20.50,20.65,20.20,20.40,-0.1000,141
2026-09-14,1603,華電,120122,3589237,30.00,30.10,29.70,30.10,0.1000,103
2026-09-14,1604,聲寶,116412,2720846,23.40,23.45,23.35,23.40,-0.0500,127
2026-09-14,1605,華新,15139205,555741559,37.00,37.20,36.30,37.00,-0.4000,7091
2026-09-14,1608,華榮,1335613,47974539,36.20,36.20,35.65,36.00,-0.2000,1058
2026-09-14,1609,大亞,1877979,70310213,37.55,37.70,37.30,37.30,-0.5500,1536
2026-09-14,1611,中電,370381,4237031,11.55,11.55,11.40,11.45,-0.1000,468
2026-09-14,1612,宏泰,218031,7568400,34.60,34.85,34.55,34.70,-0.1500,180
2026-09-14,1614,三洋電,75173,2330510,31.00,31.00,30.90,31.00,-0.1000,423
2026-09-14,1615,大山,96684,4187218,43.50,43.50,43.05,43.35,-0.3500,104
2026-09-14,1616,億泰,195194,3617166,19.05,19.10,18.40,18.40,-0.4000,185
2026-09-14,1617,榮星,154051,2713884,17.55,17.90,17.30,17.65,0.1500,141
2026-09-14,1618,合機,222069,8605754,38.80,38.95,38.60,38.70,-0.1000,277
2026-09-14,1623,大東電,44662,9120794,204.00,205.50,203.00,203.00,-2.5000,1203
2026-09-14,1626,艾美特-KY,22911,220149,9.65,9.67,9.54,9.66,0.0100,35
2026-09-14,1702,南僑,107223,3451120,32.20,32.40,32.10,32.40,0.2000,167
2026-09-14,1707,葡萄王,827212,72661024,89.00,89.00,87.00,87.10,-1.9000,1412
2026-09-14,1708,東鹼,1115778,53561338,48.80,48.80,47.75,47.95,-0.5500,1104
2026-09-14,1709,和益,10314662,370409647,36.20,36.70,35.30,36.05,-0.1500,7796
2026-09-14,1710,東聯,4907476,77977554,16.10,16.10,15.55,16.05,0.0500,1480
2026-09-14,1711,永光,2550921,95857388,37.95,38.15,37.05,37.95,-0.5000,1714
2026-09-14,1712,興農,657882,26248960,40.10,40.75,39.65,39.90,-0.3500,618
2026-09-14,1713,國化,813708,34752283,42.40,43.10,42.15,42.50,-0.0500,255
2026-09-14,1714,和桐,13245531,196865845,14.70,15.15,14.65,14.95,-0.4000,4492
2026-09-14,1717,長興,8551098,591285092,70.40,70.40,68.20,69.20,-1.7000,7211
2026-09-14,1718,中纖,10779539,112465733,10.35,10.65,10.20,10.55,0.1500,3067
2026-09-14,1720,生達,108454,6057997,55.90,56.00,55.70,55.90,-0.1000,154
2026-09-14,1721,國慶科技,510534,11123959,22.40,22.40,21.55,22.10,-0.3000,741
2026-09-14,1722,台肥,3543050,150525022,42.85,42.85,42.30,42.40,-0.8500,2731
2026-09-14,1723,中碳,504494,40883361,81.70,81.90,80.20,81.90,0.2000,507
2026-09-14,1725,元禎,23360,765821,32.80,33.00,32.40,33.00,0.1000,40
2026-09-14,1726,永記,17502,1340051,76.70,76.70,76.40,76.60,-0.3000,23
2026-09-14,1727,中華化,1593169,140027408,89.00,89.70,86.20,88.20,-1.4000,1836
2026-09-14,1730,花仙子,21404,1100337,51.20,51.50,51.20,51.30,-0.1000,52
2026-09-14,1731,美吾華,48207,1007630,21.00,21.05,20.80,20.90,0.1000,42
2026-09-14,1732,毛寶,52211,1344039,25.80,25.95,25.70,25.95,-0.0500,49
2026-09-14,1733,五鼎,77726,2358001,30.70,30.70,30.20,30.35,-0.4500,128
2026-09-14,1734,杏輝,156837,4871139,30.95,31.20,30.90,31.15,-0.0500,173
2026-09-14,1735,日勝化,57524,1137970,19.75,19.95,19.70,19.70,-0.2500,96
2026-09-14,1736,喬山,649937,81948141,130.00,130.00,124.00,124.00,-4.5000,1370
2026-09-14,1737,臺鹽,385383,11689981,30.55,30.55,30.25,30.45,-0.1500,320
2026-09-14,1752,南光,27777,870501,31.35,31.45,31.20,31.30,-0.0500,37
2026-09-14,1760,寶齡富錦,93816,5053254,54.20,54.30,53.40,53.90,-0.2000,102
2026-09-14,1762,中化生,51356,1705207,33.30,33.50,32.95,33.50,-0.2000,134
2026-09-14,1773,勝一,471819,73827220,158.00,158.00,155.00,156.50,-2.5000,1012
2026-09-14,1776,展宇,18575,324907,17.30,17.60,17.30,17.55,-0.0500,17
2026-09-14,1783,和康生,99594,3626044,36.45,36.55,36.30,36.40,0.0000,87
2026-09-14,1786,科妍,87252,3747726,42.50,43.75,42.30,43.55,0.2500,118
2026-09-14,1789,神隆,525386,9498748,18.15,18.15,18.00,18.00,-0.3000,312
2026-09-14,1795,美時,542369,93858194,173.00,175.00,170.50,173.50,0.0000,1053
2026-09-14,1802,台玻,11772428,674313891,57.70,58.40,56.40,57.80,-0.4000,7660
2026-09-14,1805,寶徠,12371,124910,10.10,10.10,10.10,10.10,0.0000,15
2026-09-14,1806,冠軍,54370,434715,8.00,8.04,7.95,7.98,-0.0500,92
2026-09-14,1808,潤隆,1588085,53325006,34.05,34.30,33.10,33.20,-1.2500,1582
2026-09-14,1809,中釉,924772,34270615,37.40,38.10,36.25,37.00,-0.4500,937
2026-09-14,1810,和成,2063129,49471919,24.00,24.40,23.75,23.80,0.2500,1284
2026-09-14,1817,凱撒衛,25240,1017327,40.25,40.45,40.15,40.30,-0.1500,46
2026-09-14,1903,士紙,76857,3619270,47.00,47.50,46.75,47.50,0.1000,159
2026-09-14,1904,正隆,1227068,30313306,24.80,24.95,24.45,24.80,0.0000,1024
2026-09-14,1905,華紙,1139329,14997029,13.15,13.25,13.10,13.15,-0.0500,502
2026-09-14,1906,寶隆,32014,349968,10.90,11.00,10.85,10.90,-0.1000,35
2026-09-14,1907,永豐餘,697691,20102592,28.70,29.05,28.60,29.00,-0.0500,696
2026-09-14,1909,榮成,1736881,17841484,10.30,10.35,10.20,10.25,-0.2000,627
2026-09-14,2002,中鋼,24252702,456443830,18.90,18.95,18.75,18.80,-0.1000,8261
2026-09-14,2002A,中鋼特,11234,418083,37.20,37.25,37.20,37.20,0.1000,15
2026-09-14,2006,東和鋼鐵,785685,64424045,81.70,82.60,81.30,82.10,-0.4000,1400
2026-09-14,2007,燁興,125472,849392,6.79,6.84,6.74,6.76,-0.0500,71
2026-09-14,2008,高興昌,5673,173097,30.55,30.55,30.50,30.50,-0.0500,11
2026-09-14,2009,第一銅,1480461,56891572,38.75,38.85,38.05,38.50,-0.5000,1165
2026-09-14,2010,春源,812456,17713680,22.00,22.00,21.70,21.80,-0.2500,512
2026-09-14,2012,春雨,56557,792690,14.10,14.15,13.90,13.95,-0.1500,86
2026-09-14,2013,中鋼構,57504,2389185,42.00,42.05,41.35,41.50,0.0500,67
2026-09-14,2014,中鴻,2313645,38117358,16.55,16.60,16.40,16.50,-0.1500,1012
2026-09-14,2015,豐興,112337,7209007,64.00,64.60,63.80,64.60,0.2000,200
2026-09-14,2017,官田鋼,318103,2759983,8.75,8.76,8.61,8.67,-0.1000,198
2026-09-14,2020,美亞,204203,4380691,21.60,21.60,21.35,21.35,-0.2500,150
2026-09-14,2022,聚亨,247429,1788342,7.29,7.34,7.19,7.28,-0.0200,218
2026-09-14,2023,燁輝,454384,6280051,13.80,13.90,13.80,13.85,-0.0500,256
2026-09-14,2024,志聯,3709,48200,13.15,13.15,13.05,13.05,0.0000,23
2026-09-14,2025,千興,246020,2997155,12.30,12.30,12.10,12.30,0.0000,152
2026-09-14,2027,大成鋼,9155087,420612892,46.50,46.55,45.70,45.75,-0.7500,4821
2026-09-14,2028,威致,61710,964059,15.70,15.70,15.55,15.65,-0.0500,48
2026-09-14,2029,盛餘,234764,4907211,21.00,21.00,20.80,20.85,-0.2500,343
2026-09-14,2030,彰源,1149509,26858063,23.50,23.60,23.20,23.20,-0.3000,899
2026-09-14,2031,新光鋼,503244,21836868,43.95,43.95,43.20,43.55,-0.4000,451
2026-09-14,2032,新鋼,265487,4424690,17.00,17.00,16.55,16.65,-0.3500,152
2026-09-14,2033,佳大,1949742,53837206,28.15,29.90,26.00,26.65,-1.7500,1715
2026-09-14,2034,允強,496105,10017313,20.50,20.50,20.05,20.30,0.0500,308
2026-09-14,2038,海光,134724,1608780,12.00,12.10,11.85,11.95,-0.1500,146
2026-09-14,2049,上銀,9175490,3013355679,349.50,350.00,323.50,323.50,-35.5000,13109
2026-09-14,2059,川湖,240070,2864664215,11900.00,12025.00,11785.00,11990.00,-90.0000,6106
2026-09-14,2062,橋椿,188406,3408947,18.10,18.15,18.00,18.15,0.0500,125
2026-09-14,2069,運錩,2163882,51828365,24.65,24.65,23.45,23.90,-0.7500,1250
2026-09-14,2072,世紀風電,184759,23671122,127.00,129.50,126.50,128.00,1.0000,274
2026-09-14,2101,南港,1374391,41346061,30.25,30.30,29.85,30.15,-0.1000,940
2026-09-14,2102,泰豐,68398,1218511,17.95,17.95,17.75,17.90,-0.0500,95
2026-09-14,2103,台橡,2689775,68235935,25.70,25.75,25.15,25.45,-0.3000,1321
2026-09-14,2104,國際中橡,2230057,23065481,10.45,10.45,10.25,10.30,-0.2000,843
2026-09-14,2105,正新,3420958,103214390,30.30,30.40,30.05,30.15,-0.2500,2159
2026-09-14,2106,建大,655761,10880116,16.65,16.65,16.50,16.55,-0.1500,586
2026-09-14,2107,厚生,141169,3769261,26.55,26.90,26.55,26.60,-0.1500,151
2026-09-14,2108,南帝,1293598,36049704,28.35,28.35,27.30,27.90,-1.2000,995
2026-09-14,2109,華豐,64116,946926,14.70,14.85,14.70,14.75,0.0500,76
2026-09-14,2114,鑫永銓,17371,1548080,89.20,89.20,88.80,88.80,-0.4000,31
2026-09-14,2115,六暉-KY,55295,1314372,23.65,23.95,23.65,23.80,0.0500,35
2026-09-14,2201,裕隆,4054465,122079025,30.00,30.45,29.85,30.40,0.4000,1524
2026-09-14,2204,中華,313186,16452520,52.60,52.70,52.30,52.60,-0.2000,477
2026-09-14,2206,三陽工業,551925,34749459,62.50,63.30,62.50,63.10,0.0000,511
2026-09-14,2207,和泰車,197076,105388326,527.00,539.00,525.00,538.00,8.0000,619
2026-09-14,2208,台船,1964179,37464480,19.25,19.25,19.00,19.10,0.0000,809
2026-09-14,2211,長榮鋼,2562849,206708623,82.70,82.70,80.10,80.60,-2.1000,2295
2026-09-14,2227,裕日車,40703,1897133,46.85,46.85,46.25,46.55,-0.5500,72
2026-09-14,2228,劍麟,46355,3481513,74.70,75.30,74.70,74.90,0.2000,47
2026-09-14,2231,為升,84667,7567446,89.40,90.10,88.50,89.70,0.4000,111
2026-09-14,2233,宇隆,668082,104459699,160.00,160.00,154.00,157.00,-3.5000,831
2026-09-14,2236,百達-KY,333543,39797461,122.50,122.50,117.50,120.00,-3.0000,231
2026-09-14,2237,華德動能-創,103415,2786690,27.20,27.20,26.80,26.80,-0.4000,79
2026-09-14,2239,英利-KY,20020,386578,19.50,19.50,19.10,19.35,0.1000,20
2026-09-14,2241,艾姆勒,259621,8659218,33.20,33.85,32.85,33.45,-0.4500,214
2026-09-14,2243,宏旭-KY,414525,20006441,50.00,50.00,47.60,47.60,-2.4000,943
2026-09-14,2247,汎德永業,17055,3898655,227.00,229.50,227.00,229.50,-0.5000,50
2026-09-14,2248,華勝-KY,22928,1356065,59.00,59.50,58.90,59.20,-0.1000,26
2026-09-14,2250,IKKA-KY,60534,3350992,55.20,56.20,55.00,55.00,-0.8000,74
2026-09-14,2254,巨鎧精密-創,1166200,80415378,65.80,70.80,65.80,70.80,5.0000,582
2026-09-14,2258,鴻華先進-創,299052,8994059,29.95,30.50,29.85,30.10,-0.4500,235
2026-09-14,2301,光寶科,12338615,3430075320,273.50,281.50,272.00,277.50,0.5000,12571
2026-09-14,2302,麗正,2504971,105380301,40.65,42.95,40.10,41.60,0.6000,2012
2026-09-14,2303,聯電,132513207,18527866324,136.50,143.50,135.00,142.50,2.0000,77496
2026-09-14,2305,全友,33465049,1453264761,40.45,45.15,39.50,45.15,4.1000,18636
2026-09-14,2308,台達電,9470308,15227775207,1560.00,1630.00,1560.00,1620.00,0.0000,42482
2026-09-14,2312,金寶,8796329,271389561,30.40,31.65,30.00,30.85,0.4000,4430
2026-09-14,2313,華通,13242484,2888925103,215.50,222.00,213.00,221.00,-0.5000,14595
2026-09-14,2314,台揚,203391,2291666,10.50,11.50,10.50,11.35,0.8500,181
2026-09-14,2316,楠梓電,1087025,168612604,156.50,157.50,152.50,155.00,-3.0000,1131
2026-09-14,2317,鴻海,25260973,6232907117,244.50,249.50,243.50,248.50,0.5000,22323
2026-09-14,2323,中環,3634402,38478500,10.65,10.70,10.50,10.50,-0.2000,1319
2026-09-14,2324,仁寶,39727054,1502933265,37.50,38.35,37.30,37.90,0.1000,18814
2026-09-14,2327,國巨*,22504178,12054481947,525.00,550.00,520.00,545.00,1.0000,39241
2026-09-14,2328,廣宇,1172502,53428341,45.45,46.25,45.05,45.40,-0.6000,1015
2026-09-14,2329,華泰,1594756,66482512,41.25,42.40,40.90,41.75,0.1500,1313
2026-09-14,2330,台積電,21520958,51353895701,2385.00,2395.00,2380.00,2380.00,-30.0000,189734
2026-09-14,2331,精英,676819,12616754,18.50,18.85,18.40,18.70,0.0000,466
2026-09-14,2332,友訊,6382308,120362450,18.80,19.10,18.65,18.90,-0.1000,2671
2026-09-14,2337,旺宏,22286124,2587711594,116.50,117.50,114.50,116.00,-3.0000,18670
2026-09-14,2338,光罩,55395670,2758637747,46.10,52.40,45.40,48.00,0.2500,46699
2026-09-14,2340,台亞,3265244,104954867,31.10,33.20,30.80,32.05,0.4000,2490
2026-09-14,2342,茂矽,2550774,99867982,37.05,40.15,36.80,39.70,2.0000,2047
2026-09-14,2344,華邦電,123411883,20014771042,166.50,167.50,160.00,160.00,-11.5000,126936
2026-09-14,2345,智邦,3068576,5745651240,1840.00,1895.00,1830.00,1875.00,-10.0000,10637
2026-09-14,2347,聯強,1958179,175500110,89.40,90.20,88.60,89.60,0.6000,2461
2026-09-14,2348,海悅,278257,19469979,70.00,70.70,69.10,70.50,0.2000,367
2026-09-14,2348A,海悅甲特,7022,270646,38.50,38.55,38.50,38.55,0.1000,6
2026-09-14,2349,錸德,1259919,12923026,10.35,10.40,10.10,10.20,-0.1000,576
2026-09-14,2351,順德,13791973,3414654338,234.00,257.00,228.50,257.00,23.0000,15219
2026-09-14,2352,佳世達,4629908,133112881,28.60,29.05,28.20,28.75,0.0500,2698
2026-09-14,2353,宏碁,11658204,365304626,31.00,31.55,30.95,31.40,0.3000,5745
2026-09-14,2354,鴻準,8630064,555813110,64.70,64.90,63.30,64.70,-1.0000,9920
2026-09-14,2355,敬鵬,945997,38896820,41.45,41.50,40.85,40.85,-0.6500,1110
2026-09-14,2356,英業達,8218311,506348080,61.00,62.30,61.00,61.70,-0.3000,5776
2026-09-14,2357,華碩,2899208,2685496142,900.00,936.00,900.00,934.00,10.0000,4678
2026-09-14,2359,所羅門,1404871,177996854,127.00,128.50,125.00,126.50,-1.5000,2043
2026-09-14,2360,致茂,1183735,2516095450,2105.00,2180.00,2080.00,2140.00,-20.0000,3264
2026-09-14,2362,藍天,546153,25552060,46.50,47.25,46.40,46.65,-0.5000,607
2026-09-14,2363,矽統,3662831,188601159,50.00,52.30,49.70,51.40,0.7000,2767
2026-09-14,2364,倫飛,299388,19163155,62.60,65.10,61.60,64.60,2.6000,365
2026-09-14,2365,昆盈,429993,11976322,27.70,28.10,27.55,27.80,-0.2500,486
2026-09-14,2367,燿華,2848739,114236342,40.10,40.60,39.70,39.90,-0.8000,2615
2026-09-14,2368,金像電,4733419,4770204593,985.00,1035.00,978.00,1020.00,-10.0000,9725
2026-09-14,2369,菱生,2074841,60521447,29.20,29.60,28.75,29.20,-0.3000,1548
2026-09-14,2371,大同,8675389,241971398,27.70,28.20,27.60,27.65,0.2000,4014
2026-09-14,2373,震旦行,25324,1335842,52.80,53.00,52.60,52.90,0.0000,45
2026-09-14,2374,佳能,1434174,95429277,67.00,67.20,65.90,66.60,-0.7000,1982
2026-09-14,2375,凱美,1883815,223038035,116.00,123.00,114.50,119.50,1.0000,1929
2026-09-14,2376,技嘉,2974248,1026401542,346.00,348.50,343.00,344.00,-5.0000,3734
2026-09-14,2377,微星,7169742,1076340620,148.00,152.50,148.00,150.50,1.5000,5473
2026-09-14,2379,瑞昱,2719038,1943011025,690.00,732.00,686.00,713.00,9.0000,5139
2026-09-14,2380,虹光,111105,1876462,16.95,17.10,16.70,17.00,0.1000,481
2026-09-14,2382,廣達,8031414,2666230832,330.00,334.00,328.50,332.50,-4.0000,8336
2026-09-14,2383,台光電,1226363,6518989860,5270.00,5395.00,5230.00,5345.00,-20.0000,8884
2026-09-14,2385,群光,1337247,140245509,104.50,105.50,103.50,105.50,0.5000,1385
2026-09-14,2387,精元,122570,4420953,36.35,36.35,36.00,36.10,-0.2500,131
2026-09-14,2388,威盛,2929348,214863967,74.70,74.80,72.20,72.30,-2.9000,3039
2026-09-14,2390,云辰,613149,6079170,10.10,10.10,9.81,9.95,-0.0500,334
2026-09-14,2392,正崴,1985279,82645758,42.05,42.40,41.05,41.50,-0.8000,2124
2026-09-14,2393,億光,877525,54291803,61.40,62.50,61.00,62.50,0.4000,838
2026-09-14,2395,研華,2641185,1764503164,663.00,684.00,653.00,670.00,-4.0000,4631
2026-09-14,2397,友通,100900,5998072,59.30,60.00,58.80,59.70,-0.1000,194
2026-09-14,2399,映泰,1673585,75106289,45.10,45.35,44.25,44.90,-0.6000,1862
2026-09-14,2401,凌陽,1546162,37381651,23.90,24.50,23.70,24.25,0.1500,967
2026-09-14,2402,毅嘉,756777,40940690,54.00,54.90,53.20,54.40,0.4000,738
2026-09-14,2404,漢唐,976489,992301845,995.00,1040.00,992.00,1015.00,10.0000,2737
2026-09-14,2405,輔信,488360,7164770,14.70,14.80,14.55,14.70,0.0500,407
2026-09-14,2406,國碩,1734464,45999342,26.40,27.00,26.10,26.50,0.1000,1972
2026-09-14,2408,南亞科,49215000,23392253098,477.50,486.00,470.00,473.00,-20.0000,87448
2026-09-14,2409,友達,311779520,9089605037,29.25,29.75,28.65,28.70,-1.5000,111653
2026-09-14,2412,中華電,18796712,2659548721,141.00,142.50,140.50,142.50,2.0000,9269
2026-09-14,2413,環科,5380592,271461562,49.20,51.70,48.80,50.60,0.4000,4798
2026-09-14,2414,精技,84813,4473560,53.40,53.40,52.40,52.70,-0.3000,184
2026-09-14,2415,錩新,132718,3594930,27.05,27.55,26.70,27.20,0.1500,130
2026-09-14,2417,圓剛,187390,7159613,38.05,38.65,37.80,38.05,-0.3500,226
2026-09-14,2419,仲琦,677622,18299315,27.30,27.40,26.75,26.75,-0.3000,616
2026-09-14,2420,新巨,221092,11849229,53.20,54.10,52.90,54.00,0.7000,204
2026-09-14,2421,建準,2126649,346976637,161.00,165.00,161.00,163.00,-1.5000,2773
2026-09-14,2423,固緯,62401,4524824,71.40,73.50,71.40,72.80,0.6000,50
2026-09-14,2424,隴華,49000,388670,7.70,8.01,7.70,7.98,-0.0300,23
2026-09-14,2425,承啟,553074,20049040,36.95,37.15,36.00,36.30,-0.6500,680
2026-09-14,2426,鼎元,29582354,2789986068,94.00,96.30,92.50,93.30,-3.8000,23605
2026-09-14,2427,三商電,2546117,58559132,22.85,23.45,22.65,22.80,0.4000,1971
2026-09-14,2428,興勤,875915,220815111,252.50,256.50,247.50,253.00,-2.0000,8090
2026-09-14,2429,銘旺科,163418,4966118,30.50,31.00,30.10,30.50,0.0500,245
2026-09-14,2430,燦坤,49205,876433,17.75,17.95,17.70,17.95,0.0000,95
2026-09-14,2431,聯昌,83220,825816,9.94,9.96,9.90,9.96,-0.0200,166
2026-09-14,2432,倚天酷碁-創,4000,108800,27.10,27.30,27.10,27.30,0.1000,4
2026-09-14,2433,互盛電,54352,2220889,41.05,41.05,40.70,40.85,-0.2000,54
2026-09-14,2434,統懋,827809,51913471,59.50,65.60,59.10,61.30,1.1000,860
2026-09-14,2436,偉詮電,3888239,264532126,66.20,69.30,65.60,67.90,0.8000,3396
2026-09-14,2438,翔耀,52416,1000322,18.50,19.40,18.50,19.00,-0.0500,81
2026-09-14,2439,美律,629205,48235263,76.60,77.30,75.20,77.30,0.8000,679
2026-09-14,2440,太空梭,125489,1734780,13.80,13.95,13.70,13.95,-0.1000,90
2026-09-14,2441,超豐,2675752,303775386,110.50,115.50,109.50,114.00,2.5000,2200
2026-09-14,2442,新美齊,1402479,20539109,14.85,14.85,14.55,14.60,-0.5000,1001
2026-09-14,2444,兆勁,791382,9004983,11.10,11.90,11.00,11.70,-0.5000,444
2026-09-14,2449,京元電子,11531077,3009471844,257.00,265.00,253.00,261.50,-1.5000,14052
2026-09-14,2450,神腦,62003,1748974,28.20,28.30,28.15,28.25,-0.0500,61
2026-09-14,2451,創見,1548503,422722117,274.50,275.50,270.00,274.00,-2.5000,2345
2026-09-14,2453,凌群,2565311,141182824,53.30,56.00,53.20,55.30,2.6000,3163
2026-09-14,2454,聯發科,6122500,27871493905,4475.00,4650.00,4435.00,4560.00,-25.0000,41364
2026-09-14,2455,全新,1719569,889163752,497.00,535.00,493.00,535.00,20.0000,2837
2026-09-14,2457,飛宏,692782,15013238,21.60,21.90,21.50,21.50,-0.3500,581
2026-09-14,2458,義隆,1181243,148653831,126.00,127.50,124.50,126.50,0.0000,1298
2026-09-14,2459,敦吉,47643,3108531,65.50,65.60,65.00,65.30,-0.2000,66
2026-09-14,2460,建通,243293,7159940,30.05,30.05,29.10,29.45,-0.6000,207
2026-09-14,2461,光群雷,655539,10858867,17.80,17.85,17.25,17.40,-0.2500,196
2026-09-14,2462,良得電,124599,2380779,19.00,19.30,19.00,19.20,-0.0500,122
2026-09-14,2464,盟立,9893934,1765734466,184.50,184.50,175.00,175.50,-13.0000,11212
2026-09-14,2465,麗臺,1226388,108979162,87.50,90.40,87.40,88.60,-1.4000,2201
2026-09-14,2466,冠西電,1819218,191091432,104.00,107.50,103.00,103.00,-3.0000,2613
2026-09-14,2467,志聖,930052,499131867,537.00,545.00,527.00,537.00,-15.0000,2511
2026-09-14,2468,華經,2185407,85518015,38.80,39.35,38.40,39.35,3.5500,1118
2026-09-14,2471,資通,1106194,56947915,51.00,52.50,50.80,50.90,1.1000,1053
2026-09-14,2472,立隆電,1479337,310330711,209.00,214.50,205.00,210.50,-3.0000,2898
2026-09-14,2474,可成,1528502,313401826,203.50,206.00,203.00,205.50,1.5000,1620
2026-09-14,2476,鉅祥,1103850,130654058,117.50,120.50,115.00,119.50,1.5000,883
2026-09-14,2477,美隆電,29152,637526,22.00,22.00,21.70,21.85,-0.1500,179
2026-09-14,2478,大毅,1749356,205436343,115.50,121.00,114.00,119.00,0.5000,1690
2026-09-14,2480,敦陽科,591102,94981710,159.00,163.50,157.50,157.50,0.0000,1415
2026-09-14,2481,強茂,61139738,9659808335,148.00,164.00,146.00,159.00,9.0000,43111
2026-09-14,2482,連宇,33464,528841,15.70,15.95,15.65,15.75,0.0000,70
2026-09-14,2483,百容,584003,17849074,30.15,31.15,29.60,30.85,0.7500,514
2026-09-14,2484,希華,3550118,237273975,65.40,68.50,64.70,67.20,0.5000,3365
2026-09-14,2485,兆赫,1286214,49547006,38.20,39.15,38.00,38.50,-0.0500,1352
2026-09-14,2486,一詮,3668068,854881794,231.50,238.50,228.00,234.50,-3.0000,4848
2026-09-14,2488,漢平,80485,3901486,48.25,48.70,48.25,48.35,-0.2000,93
2026-09-14,2489,瑞軒,20867390,809186035,36.80,40.40,36.20,39.30,2.4000,13078
2026-09-14,2491,吉祥全,1021615,40751065,39.25,41.15,38.80,39.50,-0.1000,795
2026-09-14,2492,華新科,28422433,8525835772,303.00,309.50,291.00,305.50,-6.0000,39246
2026-09-14,2493,揚博,605157,103112551,171.00,173.50,167.50,170.50,-3.0000,1804
2026-09-14,2495,普安,1147241,42442194,37.45,37.50,36.35,37.30,-0.1500,1222
2026-09-14,2496,卓越,7384,405917,55.50,55.50,54.80,54.90,0.3000,28
2026-09-14,2497,怡利電,127267,5462003,43.10,43.55,42.30,43.05,-0.0500,138
2026-09-14,2498,宏達電,1741906,69691729,39.90,40.25,39.85,39.90,-0.0500,1298
2026-09-14,2501,國建,1796594,39403769,22.10,22.10,21.80,21.85,-0.3000,1119
2026-09-14,2504,國產,1196185,37149971,31.50,31.50,30.95,30.95,-0.3500,864
2026-09-14,2505,國揚,58376,1006164,17.30,17.40,17.15,17.35,0.0500,51
2026-09-14,2506,太設,175547,1507278,8.65,8.65,8.56,8.58,-0.1200,88
2026-09-14,2509,全坤建,33577,482945,14.45,14.45,14.30,14.35,-0.1000,38
2026-09-14,2511,太子,385048,3235946,8.39,8.43,8.38,8.40,-0.0500,201
2026-09-14,2514,龍邦,133838,1543931,11.60,11.60,11.45,11.50,-0.1000,503
2026-09-14,2515,中工,2318466,27732453,12.00,12.00,11.90,12.00,0.0000,671
2026-09-14,2516,新建,79255,1153607,14.50,14.65,14.45,14.60,0.1000,76
2026-09-14,2520,冠德,988774,35896641,36.05,36.60,36.05,36.60,0.1500,785
2026-09-14,2524,京城,68081,2310638,33.90,34.30,33.80,34.00,-0.3000,78
2026-09-14,2527,宏璟,235194,10232021,42.85,43.90,42.85,43.70,0.2500,212
2026-09-14,2528,皇普,247465,4878254,20.10,20.10,19.40,19.40,-0.4000,174
2026-09-14,2530,華建,1944441,39382473,19.35,21.25,19.35,20.60,0.0000,755
2026-09-14,2534,宏盛,195568,3281711,16.80,16.90,16.70,16.75,0.0000,164
2026-09-14,2535,達欣工,220060,19611365,89.10,89.80,88.50,89.70,-0.1000,1373
2026-09-14,2536,宏普,480545,9238861,19.00,19.45,18.95,19.45,0.3500,261
2026-09-14,2537,聯上發,855927,9587862,11.40,11.40,11.15,11.25,-0.0500,262
2026-09-14,2538,基泰,272347,2361423,8.74,8.74,8.64,8.67,-0.0700,214
2026-09-14,2539,櫻花建,835731,29108630,34.95,35.05,34.60,34.60,-0.5500,697
2026-09-14,2540,愛山林,402340,19367529,49.05,49.10,47.90,48.05,-1.0500,775
2026-09-14,2542,興富發,8970322,409853991,46.30,46.35,45.25,45.70,-0.8000,4932
2026-09-14,2543,皇昌,549966,20714248,37.80,38.00,37.20,37.60,-0.3000,491
2026-09-14,2545,皇翔,189642,6303449,33.55,33.55,33.05,33.05,-0.7000,206
2026-09-14,2546,根基,106506,10855152,101.00,103.00,100.50,102.00,1.0000,205
2026-09-14,2547,日勝生,1386148,13536507,9.83,9.83,9.74,9.75,-0.0700,626
2026-09-14,2548,華固,1321028,123333788,94.60,94.60,92.90,92.90,-2.0000,2703
2026-09-14,2597,潤弘,141717,23854260,168.50,170.00,167.00,167.00,-2.0000,2255
2026-09-14,2601,益航,1879257,12047065,6.52,6.52,6.35,6.38,-0.1600,1414
2026-09-14,2603,長榮,12908688,3037132901,235.00,237.00,230.50,237.00,2.5000,9476
2026-09-14,2605,新興,6995523,253056795,36.50,37.10,35.90,36.15,-0.3500,4624
2026-09-14,2606,裕民,2841174,215945820,76.50,77.00,75.20,76.20,-0.3000,2446
2026-09-14,2607,榮運,195201,10309175,52.60,53.10,52.40,53.00,-0.3000,180
2026-09-14,2608,嘉里大榮,178497,5121680,28.80,28.80,28.60,28.75,-0.1500,143
2026-09-14,2609,陽明,30195141,1784158400,60.00,60.00,58.30,59.30,-0.1000,15641
2026-09-14,2610,華航,7960868,160543625,20.20,20.25,20.10,20.20,-0.2000,2729
2026-09-14,2611,志信,203412,2810429,13.90,13.90,13.70,13.85,-0.0500,207
2026-09-14,2612,中航,574888,36616964,65.10,65.10,62.90,63.90,-0.3000,587
2026-09-14,2613,中櫃,255806,5647792,22.30,22.30,22.00,22.10,-0.1500,413
2026-09-14,2614,東森,489482,8723051,17.95,17.95,17.75,17.80,-0.1500,575
2026-09-14,2615,萬海,13184172,1485795890,113.00,114.50,110.00,113.00,1.0000,7773
2026-09-14,2616,山隆,62305,830060,13.40,13.40,13.30,13.30,-0.0500,142
2026-09-14,2617,台航,1926875,63505692,33.70,33.85,32.60,33.05,-0.6000,1521
2026-09-14,2618,長榮航,10793404,452766503,42.10,42.35,41.65,42.05,-0.3000,6966
2026-09-14,2630,亞航,949897,45892252,48.20,49.00,48.00,48.15,0.1500,923
2026-09-14,2633,台灣高鐵,2519526,65501111,25.95,26.10,25.95,26.00,-0.0500,1480
2026-09-14,2634,漢翔,9453539,607262868,64.70,65.30,63.60,63.80,0.0000,6756
2026-09-14,2636,台驊控股,347193,24222208,70.00,70.70,69.30,69.70,-1.5000,1258
2026-09-14,2637,慧洋-KY,3824716,384616115,102.00,102.00,99.30,101.00,0.0000,2988
2026-09-14,2642,宅配通,36943,745769,20.20,20.25,20.10,20.20,-0.0500,84
2026-09-14,2645,長榮航太,825848,142768380,172.00,174.00,171.00,173.00,0.0000,1123
2026-09-14,2646,星宇航空,3366966,67759603,20.20,20.20,20.10,20.10,-0.1000,2725
2026-09-14,2701,萬企,66660,687785,10.35,10.40,10.25,10.30,-0.0500,59
2026-09-14,2702,華園,31248,393357,12.55,12.75,12.50,12.75,0.0500,45
2026-09-14,2704,國賓,62360,2832950,45.25,45.90,45.25,45.60,-0.1500,61
2026-09-14,2705,六福,1135152,16085289,15.45,15.50,15.10,15.35,-0.1500,201
2026-09-14,2706,第一店,85598,1038634,12.20,12.20,12.10,12.15,-0.0500,64
2026-09-14,2707,晶華,75126,13335399,177.50,178.00,177.00,177.50,0.0000,135
2026-09-14,2712,遠雄來,47000,656200,14.20,14.20,13.70,14.05,-0.2000,22
2026-09-14,2722,夏都,12115,260076,21.80,21.85,21.25,21.25,-0.2000,16
2026-09-14,2723,美食-KY,259680,20114082,77.50,78.40,76.30,78.00,0.3000,309
2026-09-14,2727,王品,201070,45827729,228.50,229.00,227.00,228.00,-1.0000,610
2026-09-14,2731,雄獅,346821,48625276,141.00,141.50,139.00,140.00,-1.0000,592
2026-09-14,2739,寒舍,86698,3194284,37.10,37.50,36.55,36.90,-0.3500,94
2026-09-14,2748,雲品,41130,1589671,38.65,38.95,38.55,38.80,0.0000,48
2026-09-14,2753,八方雲集,107467,19056918,178.50,178.50,176.50,177.00,-1.0000,279
2026-09-14,2762,世界健身-KY,44672,3554662,79.40,80.00,79.20,79.50,-0.4000,140
2026-09-14,2801,彰銀,54168016,1537316521,27.90,28.65,27.80,28.55,0.6500,16419
2026-09-14,2812,台中銀,16569657,321755307,19.50,19.50,19.30,19.45,-0.0500,5262
2026-09-14,2816,旺旺保,244146,9548599,39.20,39.50,39.00,39.15,-0.4500,222
2026-09-14,2820,華票,3224892,55904431,17.30,17.45,17.20,17.40,0.0000,967
2026-09-14,2832,台產,298340,16753847,56.10,56.70,55.80,56.60,-0.4000,282
2026-09-14,2834,臺企銀,73515266,1335308600,18.00,18.40,17.85,18.35,0.3500,13013
2026-09-14,2836,高雄銀,2752714,33889117,12.25,12.40,12.15,12.30,0.0000,813
2026-09-14,2836A,高雄銀甲特,28260,676126,24.00,24.05,23.90,24.05,0.0500,18
2026-09-14,2838,聯邦銀,5220698,105330795,21.00,21.65,21.00,21.60,0.5500,1465
2026-09-14,2838A,聯邦銀甲特,52002,2696904,51.80,51.90,51.80,51.90,0.1000,27
2026-09-14,2845,遠東銀,13131800,180209606,13.60,13.85,13.50,13.75,0.0500,3143
2026-09-14,2849,安泰銀,363739,5774494,15.65,16.20,15.35,16.00,0.3500,235
2026-09-14,2850,新產,256963,40159416,157.50,157.50,155.50,156.00,-3.0000,509
2026-09-14,2851,中再保,4268713,201216456,47.10,47.60,46.40,47.50,0.3500,3076
2026-09-14,2852,第一保,214337,5980807,28.20,28.20,27.80,27.95,-0.1000,165
2026-09-14,2855,統一證,5956624,313316801,51.40,53.50,51.00,52.90,1.0000,3595
2026-09-14,2880,華南金,11333629,520406812,46.00,46.40,45.10,46.30,0.4500,8284
2026-09-14,2881,富邦金,19008138,2882893339,146.50,154.50,146.00,154.00,5.5000,10470
2026-09-14,2881A,富邦特,33108,2039581,61.70,61.70,61.60,61.60,-0.1000,18
2026-09-14,2881B,富邦金乙特,2516,152869,60.80,60.90,60.80,60.90,0.0000,6
2026-09-14,2881C,富邦金丙特,18005,925407,51.40,51.40,51.40,51.40,0.0000,31
2026-09-14,2882,國泰金,18700175,2088129857,109.00,114.00,108.50,112.50,2.0000,8319
2026-09-14,2882A,國泰特,9192,553440,60.20,60.30,60.20,60.30,0.0000,11
2026-09-14,2882B,國泰金乙特,6624,388998,58.70,58.80,58.70,58.80,0.0000,15
2026-09-14,2883,凱基金,43390833,1653472014,37.85,39.00,37.25,38.80,0.9500,18814
2026-09-14,2883B,凱基金乙特,1731845,14240923,8.23,8.23,8.22,8.23,0.0000,185
2026-09-14,2884,玉山金,42521670,1951650106,46.25,46.40,45.20,46.35,0.0500,29782
2026-09-14,2885,元大金,15209396,1069647495,69.50,70.80,68.60,70.80,0.8000,12099
2026-09-14,2886,兆豐金,22519207,1174156156,51.40,52.50,51.10,52.50,0.8000,11072
2026-09-14,2887,台新新光金,41755970,1799404365,42.35,43.60,42.15,43.55,0.9000,16990
2026-09-14,2887E,台新新光戊特一,288776,14007201,48.55,48.60,48.45,48.55,0.0000,151
2026-09-14,2887F,台新新光戊特二,43479,1986495,45.70,45.70,45.65,45.70,0.0000,33
2026-09-14,2887G,台新新光庚特一,59633,2633156,44.15,44.20,44.15,44.15,-0.0500,28
2026-09-14,2887H,台新新光庚特二,277695,11689249,42.10,42.35,42.00,42.00,-0.1000,65
2026-09-14,2887I,台新新光辛特,798782,7599420,9.52,9.52,9.51,9.52,0.0000,560
2026-09-14,2887Z1,台新新光己特,4053833,91238795,22.25,22.70,22.25,22.65,0.3500,187
2026-09-14,2889,國票金,17139445,288740839,16.70,17.05,16.55,17.05,0.3000,3796
2026-09-14,2890,永豐金,31277251,1388430365,43.70,45.10,43.40,44.80,1.1000,13185
2026-09-14,2891,中信金,28023152,1890437183,67.10,68.10,66.50,68.10,1.0000,11578
2026-09-14,2891B,中信金乙特,2061,127263,61.60,61.90,61.60,61.90,0.0000,4
2026-09-14,2891C,中信金丙特,492,30012,,,,,0.0000,3
2026-09-14,2892,第一金,37037261,1464633193,38.55,40.00,38.55,39.85,0.9500,13557
2026-09-14,2897,王道銀行,13429710,149549430,11.00,11.35,10.90,11.25,0.2500,2398
2026-09-14,2897B,王道銀乙特,64022,758107,11.80,11.85,11.80,11.85,0.0500,29
2026-09-14,2901,欣欣,10106,235861,23.30,23.50,23.30,23.50,0.5000,25
2026-09-14,2903,遠百,1171124,25887169,22.20,22.30,22.00,22.05,-0.2500,843
2026-09-14,2904,匯僑,31689,398075,12.55,12.65,12.50,12.65,0.1000,38
2026-09-14,2905,三商,934169,17134990,18.35,18.50,18.10,18.50,0.0000,552
2026-09-14,2906,高林,51020,704569,13.90,13.90,13.75,13.80,-0.1000,61
2026-09-14,2908,特力,230317,5034726,21.90,22.00,21.75,22.00,0.0500,101
2026-09-14,2910,統領,8142,191530,23.15,24.25,23.15,23.45,0.2000,13
2026-09-14,2911,麗嬰房,45749,288420,6.37,6.37,6.26,6.28,-0.1100,112
2026-09-14,2912,統一超,1022196,220926173,216.00,217.00,215.50,216.50,0.0000,1569
2026-09-14,2913,農林,621615,6793338,10.90,11.00,10.85,10.95,0.0500,337
2026-09-14,2915,潤泰全,1420228,80157479,56.30,57.00,56.00,56.70,0.1000,704
2026-09-14,2923,鼎固-KY,125720,3085947,24.00,25.25,24.00,24.35,-1.0500,144
2026-09-14,2929,淘帝-KY,168814,960003,5.79,5.79,5.62,5.75,0.0300,101
2026-09-14,2939,永邑-KY,13006,256724,19.70,19.80,19.55,19.55,-0.1500,19
2026-09-14,2945,三商家購,4455,176466,39.85,39.85,39.30,39.80,0.1500,32
2026-09-14,3002,歐格,36198,611391,17.05,17.05,16.75,16.80,-0.2500,37
2026-09-14,3003,健和興,415201,23559555,56.80,57.60,55.50,57.10,0.1000,471
2026-09-14,3004,豐達科,487522,56625873,118.50,118.50,115.50,115.50,-3.0000,572
2026-09-14,3005,神基,2806961,327845683,114.00,118.00,114.00,116.50,1.0000,2122
2026-09-14,3006,晶豪科,13743680,3792381722,280.50,287.50,270.50,270.50,-20.0000,16299
2026-09-14,3008,大立光,2655512,16166958130,6395.00,6420.00,5995.00,5995.00,-665.0000,48289
2026-09-14,3010,華立,324694,40460188,124.00,125.50,123.50,125.50,1.0000,321
2026-09-14,3011,今皓,1194705,11371619,9.78,9.88,9.35,9.38,-0.3200,535
2026-09-14,3013,晟銘電,733596,61400009,84.40,85.10,82.80,82.80,-1.9000,1915
2026-09-14,3014,聯陽,413330,53768596,130.00,131.00,128.50,130.50,0.0000,493
2026-09-14,3015,全漢,247849,12800388,51.10,52.10,50.80,52.00,0.4000,332
2026-09-14,3016,嘉晶,21536063,2407309412,104.00,117.00,102.00,112.50,3.0000,15148
2026-09-14,3017,奇鋐,2215371,7284098600,3255.00,3360.00,3210.00,3310.00,-60.0000,8943
2026-09-14,3018,隆銘綠能,10182,113795,11.05,11.35,11.05,11.35,0.3000,22
2026-09-14,3019,亞光,3299341,441833256,136.50,138.00,132.00,134.00,-3.5000,3793
2026-09-14,3021,鴻名,257214,5831012,23.50,23.50,22.30,22.45,-1.0500,348
2026-09-14,3022,威強電,1241326,106448234,82.70,87.00,82.70,86.20,3.0000,1268
2026-09-14,3023,信邦,638725,205288956,320.00,328.00,317.00,320.50,-1.5000,1193
2026-09-14,3024,憶聲,1227874,18013565,14.40,14.85,14.30,14.70,0.3000,666
2026-09-14,3025,星通,57142,2884546,49.95,50.90,49.90,50.50,-0.2000,100
2026-09-14,3026,禾伸堂,8267483,6106942865,730.00,757.00,717.00,731.00,-13.0000,11666
2026-09-14,3027,盛達,106686,1890713,17.70,17.95,17.65,17.70,0.0000,114
2026-09-14,3028,增你強,515321,31499016,61.70,61.70,60.60,61.20,-0.5000,512
2026-09-14,3029,零壹,17817439,2148793047,120.00,125.00,116.00,116.50,0.0000,14327
2026-09-14,3030,德律,566636,147417342,263.00,263.00,258.00,259.00,-4.0000,1133
2026-09-14,3031,佰鴻,445527,10437848,23.50,23.75,23.05,23.35,-0.2500,359
2026-09-14,3032,偉訓,393584,27978858,72.00,72.00,70.00,70.80,-2.2000,888
2026-09-14,3033,威健,2824456,116510616,41.40,41.75,40.25,41.40,-0.1500,2096
2026-09-14,3034,聯詠,3546048,1965075450,545.00,561.00,537.00,556.00,9.0000,5718
2026-09-14,3035,智原,2897724,499628263,167.00,176.00,165.00,172.50,3.0000,2812
2026-09-14,3036,文曄,3964216,751695878,190.00,193.50,189.00,192.00,1.0000,3515
2026-09-14,3037,欣興,13143338,12512152488,947.00,979.00,932.00,970.00,-7.0000,26124
2026-09-14,3038,全台,99910,1997560,20.00,20.10,19.90,20.05,0.0500,79
2026-09-14,3040,遠見,256152,8596072,34.80,34.80,33.25,33.80,-0.3000,707
2026-09-14,3041,揚智,202816,4551571,22.60,22.65,22.25,22.35,-0.1500,258
2026-09-14,3042,晶技,6149550,1084482238,173.00,180.00,171.50,178.00,2.0000,5271
2026-09-14,3043,科風,52203,1041654,20.05,20.15,19.80,20.00,-0.2500,62
2026-09-14,3044,健鼎,2844808,1444305326,495.00,517.00,493.00,510.00,2.0000,4149
2026-09-14,3045,台灣大,4598994,556265873,120.50,121.50,120.00,121.50,0.5000,3145
2026-09-14,3046,建碁,351905,18317618,53.00,53.00,51.90,51.90,-0.4000,259
2026-09-14,3047,訊舟,395911,5316376,13.50,13.50,13.30,13.50,-0.0500,279
2026-09-14,3048,益登,700043,35150264,49.50,50.80,49.30,50.20,0.0000,669
2026-09-14,3049,精金,3003993,36151328,12.10,12.15,11.90,12.00,-0.1000,1320
2026-09-14,3050,鈺德,268352,2977081,11.10,11.20,11.00,11.20,0.1000,167
2026-09-14,3051,力特,378572,8063042,21.40,21.55,21.00,21.30,0.1500,321
2026-09-14,3052,夆典,214770,2213116,10.40,10.40,10.25,10.25,-0.1500,226
2026-09-14,3054,立萬利,38481,2121402,55.40,56.20,54.60,55.80,-0.2000,30
2026-09-14,3055,蔚華科,1766532,272768737,149.50,159.50,148.50,159.50,5.0000,2085
2026-09-14,3056,富華新,524578,7111424,13.70,13.70,13.45,13.65,-0.1000,409
2026-09-14,3057,喬鼎,64913,1063962,16.85,16.85,16.20,16.20,-0.5500,143
2026-09-14,3058,立德,648020,5192133,8.05,8.08,7.99,8.02,-0.0100,248
2026-09-14,3059,華晶科,841905,31241977,37.25,37.55,36.60,37.25,0.0000,762
2026-09-14,3060,銘異,509498,13438935,26.40,26.70,26.15,26.15,-0.4500,493
2026-09-14,3062,建漢,593286,12111478,20.60,20.65,20.20,20.40,-0.1500,554
2026-09-14,3090,日電貿,3300214,532662697,161.00,165.50,157.00,163.50,0.5000,3447
2026-09-14,3092,鴻碩,133661,3025604,22.80,23.00,22.30,22.50,-0.3000,121
2026-09-14,3094,聯傑,7776747,336908990,40.45,44.50,40.35,44.00,3.1000,6381
2026-09-14,3130,一零四,39650,8279849,209.00,210.00,208.00,208.50,-0.5000,189
2026-09-14,3135,凌航,697803,111639405,162.00,162.00,158.00,159.00,-3.5000,869
2026-09-14,3138,耀登,122214,10799535,88.00,89.20,87.40,87.60,-1.4000,218
2026-09-14,3149,正達,4091587,248390259,61.70,61.70,59.70,60.90,-1.4000,4734
2026-09-14,3150,鈺寶-創,112504,1704998,15.50,15.50,15.00,15.20,-0.6000,52
2026-09-14,3164,景岳,6323,99970,15.90,15.90,15.75,15.75,-0.2000,34
2026-09-14,3167,大量,3957928,3201473949,810.00,832.00,781.00,810.00,-18.0000,8222
2026-09-14,3168,眾福科,5022,212027,42.75,42.75,42.05,42.05,-0.7000,10
2026-09-14,3189,景碩,11217499,8937310600,795.00,810.00,784.00,798.00,-24.0000,23191
2026-09-14,3209,全科,771759,34552325,44.80,45.20,44.15,44.70,0.0500,686
2026-09-14,3229,晟鈦,16338975,1138932287,68.60,72.90,66.40,66.90,-0.6000,12625
2026-09-14,3231,緯創,36189051,6560002871,181.00,183.00,179.50,181.00,-4.5000,27553
2026-09-14,3257,虹冠電,94680,4397772,46.30,46.90,45.85,46.50,-0.2000,99
2026-09-14,3266,昇陽,14370,198241,13.85,13.85,13.75,13.85,-0.1500,19
2026-09-14,3296,勝德,223778,5753524,25.55,26.55,25.30,25.50,-0.5000,327
2026-09-14,3305,昇貿,572742,57174980,98.90,101.50,98.30,100.00,0.1000,745
2026-09-14,3308,聯德,50525,1086812,22.10,22.10,21.35,21.75,0.2500,52
2026-09-14,3311,閎暉,3173601,112355202,35.40,36.50,34.10,35.00,0.0000,2066
2026-09-14,3312,弘憶股,493157,23374105,47.50,48.00,46.70,47.40,-0.1500,458
2026-09-14,3321,同泰,86616,1477024,17.05,17.25,16.95,17.00,-0.3500,82
2026-09-14,3338,泰碩,369818,24372459,65.30,67.10,65.00,65.50,-1.0000,419
2026-09-14,3346,麗清,279170,5420009,19.40,19.60,19.25,19.40,-0.4000,219
2026-09-14,3376,新日興,8310442,1517564175,180.50,187.00,178.00,181.00,-2.0000,6708
2026-09-14,3380,明泰,2563653,77267750,30.30,30.65,29.70,29.95,-0.8000,1716
2026-09-14,3406,玉晶光,4840043,4707277975,1015.00,1020.00,954.00,954.00,-106.0000,9928
2026-09-14,3413,京鼎,747118,205969969,275.00,281.00,271.50,275.50,-4.0000,1409
2026-09-14,3416,融程電,171902,27673200,161.50,163.00,158.00,161.00,0.5000,247
2026-09-14,3419,譁裕,46331,508850,11.00,11.00,10.90,11.00,0.0000,45
2026-09-14,3432,台端,10001,142714,14.25,14.30,14.25,14.30,-0.1500,9
2026-09-14,3437,榮創,626113,11221694,17.90,18.15,17.75,17.80,-0.3500,485
2026-09-14,3443,創意,2640389,16667635500,5995.00,6575.00,5850.00,6400.00,280.0000,13146
2026-09-14,3447,展達,85250,2322457,27.00,27.75,26.85,27.35,0.5000,68
2026-09-14,3450,聯鈞,11908342,6118200758,490.00,535.00,489.00,509.00,-3.0000,14470
2026-09-14,3481,群創,108945391,5178926913,46.90,48.25,46.25,47.65,-0.0500,47891
2026-09-14,3494,誠研,38467,269685,6.94,7.08,6.94,7.07,-0.0400,47
2026-09-14,3501,維熹,79566,3055514,38.60,38.60,38.25,38.45,-0.2500,126
2026-09-14,3504,揚明光,1342053,105420040,79.50,82.00,77.30,78.00,-2.7000,1362
2026-09-14,3515,華擎,399669,81274445,205.00,205.50,202.00,203.00,-4.0000,636
2026-09-14,3518,柏騰,495988,14703341,28.90,30.15,28.80,30.00,1.0500,432
2026-09-14,3528,安馳,124323,10146505,81.60,82.20,81.00,81.30,-0.5000,125
2026-09-14,3530,晶相光,85811,4830578,56.50,56.80,55.40,56.50,0.0000,96
2026-09-14,3532,台勝科,5381568,2212280118,410.00,419.00,400.00,416.00,-7.0000,6753
2026-09-14,3533,嘉澤,719459,1146496420,1580.00,1610.00,1555.00,1590.00,10.0000,1992
2026-09-14,3535,晶彩科,741944,62126205,84.70,85.80,82.60,82.60,-1.1000,769
2026-09-14,3543,州巧,920174,38854708,42.05,43.85,41.00,42.05,-0.1500,668
2026-09-14,3545,敦泰,529874,25726914,47.70,49.55,47.70,49.05,0.5000,447
2026-09-14,3550,聯穎,514696,11270720,21.90,22.15,21.65,21.70,-0.2500,376
2026-09-14,3557,嘉威,87422,2002401,23.10,23.10,22.70,22.70,-0.6000,61
2026-09-14,3563,牧德,306189,201013348,659.00,673.00,645.00,645.00,-14.0000,1208
2026-09-14,3576,聯合再生,4829226,79546187,16.35,17.00,16.05,16.60,0.2000,2267
2026-09-14,3583,辛耘,743444,509854960,692.00,694.00,675.00,683.00,-21.0000,2857
2026-09-14,3588,通嘉,88751,4571785,51.10,52.00,51.00,51.30,-0.3000,299
2026-09-14,3592,瑞鼎,319964,70758061,218.50,224.00,217.00,222.00,2.5000,454
2026-09-14,3593,力銘,3238,32387,9.73,10.15,9.73,10.15,-0.2000,15
2026-09-14,3596,智易,433548,66220960,152.50,154.00,151.50,152.50,0.0000,572
2026-09-14,3605,宏致,8387303,1029425350,120.00,127.00,118.00,126.50,4.0000,5776
2026-09-14,3607,谷崧,109266,1478416,13.60,13.65,13.45,13.55,-0.0500,84
2026-09-14,3617,碩天,242436,58618614,238.00,245.00,237.50,241.00,-1.5000,617
2026-09-14,3622,洋華,358670,15910991,45.00,45.25,43.50,44.65,-0.6500,311
2026-09-14,3645,達邁,950237,64294272,67.00,68.60,66.80,67.80,-0.7000,1103
2026-09-14,3652,精聯,57567,1888951,32.40,33.15,32.30,33.15,0.3500,65
2026-09-14,3653,健策,988731,5736251975,5580.00,5920.00,5500.00,5820.00,55.0000,4093
2026-09-14,3661,世芯-KY,2098835,7496104840,3410.00,3655.00,3410.00,3590.00,-60.0000,17710
2026-09-14,3665,貿聯-KY,2220323,4288947570,1825.00,2000.00,1810.00,1955.00,80.0000,5721
2026-09-14,3669,圓展,51491,1665473,32.50,32.50,32.15,32.35,0.0500,58
2026-09-14,3673,TPK-KY,4385449,277811867,60.60,65.30,60.00,63.40,1.7000,3376
2026-09-14,3679,新至陞,9150,990887,108.00,109.00,108.00,108.00,-0.5000,18
2026-09-14,3686,達能,63480,898896,14.15,14.20,14.10,14.20,0.0500,104
2026-09-14,3694,海華,602964,29871879,50.00,50.00,49.15,49.20,-0.5000,495
2026-09-14,3701,大眾控,306295,12107683,38.60,40.65,38.50,39.80,-0.1000,518
2026-09-14,3702,大聯大,5927398,636566622,106.00,109.00,105.50,107.00,0.5000,3890
2026-09-14,3703,欣陸,354885,6982284,19.70,19.75,19.60,19.65,-0.1500,217
2026-09-14,3704,合勤控,3075562,126439632,40.40,41.60,40.10,41.20,0.7000,2282
2026-09-14,3705,永信,102879,5698741,55.30,55.80,55.10,55.70,-0.1000,358
2026-09-14,3706,神達,8681870,684505989,79.70,79.80,78.50,78.70,-1.4000,9386
2026-09-14,3708,上緯投控,484774,46570465,94.80,97.50,93.90,96.90,1.2000,372
2026-09-14,3711,日月光投控,9475938,5793669467,599.00,620.00,596.00,612.00,-6.0000,15428
2026-09-14,3712,永崴投控,382381,7888034,20.70,20.85,20.25,20.60,-0.1000,827
2026-09-14,3714,富采,4988883,306457991,61.20,62.70,60.00,61.50,-0.2000,5121
2026-09-14,3715,定穎投控,2749798,333124516,119.50,123.50,119.00,120.50,-2.5000,2675
2026-09-14,3716,中化控股,126238,4266590,33.90,33.90,33.70,33.85,0.0000,144
2026-09-14,3717,聯嘉投控,580182,12224233,21.15,21.25,20.90,21.10,0.0500,371
2026-09-14,4104,佳醫,138144,9941586,72.50,72.50,71.70,72.10,-0.5000,509
2026-09-14,4106,雃博,67955,1657521,24.30,24.50,24.30,24.40,0.0500,73
2026-09-14,4108,懷特,355630,4071532,11.20,11.75,11.15,11.40,0.3000,259
2026-09-14,4119,旭富,163842,9566144,58.70,58.90,58.00,58.00,-0.3000,195
2026-09-14,4133,亞諾法,29712,597662,20.10,20.20,20.05,20.20,-0.0500,78
2026-09-14,4137,麗豐-KY,236757,17979112,75.20,76.70,74.60,76.30,1.1000,206
2026-09-14,4142,國光生,498289,8553538,17.15,17.30,17.05,17.20,0.0000,348
2026-09-14,4148,全宇生技-KY,165621,5746738,34.15,35.75,34.00,34.50,0.7000,186
2026-09-14,4155,訊映,380964,5594736,15.10,15.10,14.50,14.70,-0.4500,458
2026-09-14,4164,承業醫,297030,7492700,25.40,25.55,25.10,25.35,-0.1500,289
2026-09-14,4169,泰宗,157363,22590810,145.00,145.00,142.50,142.50,-2.5000,365
2026-09-14,4178,永笙-KY,46002,761683,16.60,16.70,16.50,16.65,0.1500,34
2026-09-14,4190,佐登-KY,32424,827361,25.35,25.90,25.10,25.90,0.0500,45
2026-09-14,4195,基米-創,57667,776418,13.50,13.65,13.35,13.45,-0.1500,62
2026-09-14,4306,炎洲,729845,10697370,14.70,14.70,14.60,14.65,-0.0500,352
2026-09-14,4414,如興,114149,924340,8.10,8.16,8.05,8.09,-0.0100,72
2026-09-14,4426,利勤,50156,379753,7.58,7.60,7.56,7.56,-0.0900,29
2026-09-14,4438,廣越,65892,3749982,57.60,57.60,56.60,56.70,-1.3000,75
2026-09-14,4439,冠星-KY,9679,906023,93.90,93.90,93.30,93.90,-0.6000,23
2026-09-14,4440,宜新實業,153058,2499065,17.60,17.65,17.50,17.55,-0.0500,18
2026-09-14,4441,振大環球,48035,8250438,172.00,173.00,171.00,172.50,-1.0000,207
2026-09-14,4526,東台,820186,24791373,30.00,30.60,30.00,30.10,-0.2000,724
2026-09-14,4532,瑞智,357951,8383316,23.35,23.60,23.30,23.40,-0.0500,237
2026-09-14,4536,拓凱,94954,15327763,162.50,162.50,160.00,160.50,-1.5000,134
2026-09-14,4540,全球傳動,1076624,60392619,57.50,57.50,55.40,56.30,-1.8000,1114
2026-09-14,4545,銘鈺,163606,5400327,32.75,33.55,32.45,33.35,0.7500,193
2026-09-14,4551,智伸科,354381,54883819,155.00,158.50,152.00,156.00,-1.0000,466
2026-09-14,4552,力達-KY,132125,2035134,15.70,15.70,15.30,15.35,-0.3500,128
2026-09-14,4555,氣立,94473,3959019,42.25,42.45,41.50,41.90,-0.6000,106
2026-09-14,4557,永新-KY,17259,868444,50.00,50.60,49.60,50.50,0.5000,35
2026-09-14,4560,強信-KY,229000,6630150,29.30,29.30,28.80,29.00,-0.4500,121
2026-09-14,4562,穎漢,101691,2959164,29.00,29.40,28.65,29.05,-0.2500,83
2026-09-14,4564,元翎,289434,4533303,15.70,15.75,15.55,15.65,-0.0500,203
2026-09-14,4566,時碩工業,641366,40648236,64.20,64.60,62.90,62.90,-2.0000,1244
2026-09-14,4569,六方科-KY,37581,5753087,152.00,154.00,152.00,152.50,-2.5000,74
2026-09-14,4571,鈞興-KY,78239,11572555,147.50,149.50,146.50,149.00,-1.5000,157
2026-09-14,4572,駐龍,28267,4045286,144.50,144.50,142.50,142.50,0.0000,35
2026-09-14,4576,大銀微系統,2983328,695867568,238.00,238.50,227.50,228.00,-14.0000,4472
2026-09-14,4581,光隆精密-KY,3084,145390,47.10,47.15,47.10,47.15,0.0000,5
2026-09-14,4582,聚恆-創,86842,1938431,22.30,22.50,22.10,22.35,-0.3500,63
2026-09-14,4583,台灣精銳,35737,15346689,424.00,434.00,424.00,430.00,-3.0000,264
2026-09-14,4585,達明,439740,131967288,296.00,307.00,295.50,298.00,0.0000,1432
2026-09-14,4588,玖鼎電力,287791,15367925,53.10,54.70,52.10,54.10,3.5000,240
2026-09-14,4590,富田-創,197290,17551094,89.50,89.90,88.10,88.30,-1.6000,203
2026-09-14,4720,德淵,222832,4060065,18.00,18.40,17.95,18.25,0.0000,172
2026-09-14,4722,國精化,936019,172909621,182.00,192.00,177.00,190.00,6.0000,914
2026-09-14,4736,泰博,183994,23497414,127.50,128.50,126.50,128.50,1.0000,299
2026-09-14,4737,華廣,210932,11904517,57.50,58.40,53.20,54.00,-4.4000,279
2026-09-14,4739,康普,661074,51092193,76.90,78.60,76.10,77.30,-0.8000,754
2026-09-14,4746,台耀,362984,16469910,45.20,45.80,45.00,45.40,0.1500,325
2026-09-14,4755,三福化,131487,14554824,111.00,111.50,109.00,111.50,-0.5000,177
2026-09-14,4763,材料*-KY,7099162,346519620,48.90,49.60,47.70,49.35,0.5000,4848
2026-09-14,4764,雙鍵,404425,84167537,211.00,211.00,205.50,207.50,-7.5000,580
2026-09-14,4766,南寶,84070,28081942,335.00,335.50,333.00,333.50,-3.5000,298
2026-09-14,4770,上品,281254,63451027,227.00,229.00,220.50,224.50,-6.5000,412
2026-09-14,4771,望隼,45628,9240452,199.00,204.50,199.00,204.00,2.5000,95
2026-09-14,4807,日成-KY,98970,2794851,28.45,28.80,27.80,28.00,-0.6500,116
2026-09-14,4904,遠傳,2183218,230365163,104.50,106.00,104.50,106.00,0.5000,1665
2026-09-14,4906,正文,1766704,63318968,35.60,36.40,35.50,35.50,-0.4000,1601
2026-09-14,4912,聯德控股-KY,238664,21333032,91.30,91.30,88.30,88.30,-1.7000,252
2026-09-14,4915,致伸,13116342,847169082,63.70,66.50,62.90,64.60,1.8000,9913
2026-09-14,4916,事欣科,720678,67833608,94.10,94.80,93.50,93.90,-0.4000,1108
2026-09-14,4919,新唐,3067421,346110368,112.00,115.00,109.00,113.00,0.5000,2256
2026-09-14,4927,泰鼎-KY,1794524,74310476,40.90,41.85,40.65,41.15,-0.1500,1403
2026-09-14,4930,燦星網,3655,57764,15.80,15.80,15.80,15.80,-0.0500,45
2026-09-14,4934,太極,206706,2772490,13.45,13.55,13.30,13.50,0.1000,151
2026-09-14,4935,茂林-KY,82275,2586095,31.30,31.85,31.10,31.85,-0.0500,68
2026-09-14,4938,和碩,4745706,429225137,90.60,91.20,89.50,90.20,-0.8000,4052
2026-09-14,4942,嘉彰,66739,2110045,31.85,31.85,31.50,31.70,-0.2000,66
2026-09-14,4943,康控-KY,75716,556642,7.43,7.43,7.35,7.35,0.0600,27
2026-09-14,4949,有成精密,736607,54345178,76.50,76.50,72.10,72.60,-3.9000,858
2026-09-14,4952,凌通,128795,6092025,47.35,47.65,46.75,47.20,-0.0500,166
2026-09-14,4956,光鋐,1702877,56498837,31.60,34.45,31.30,33.40,1.3500,1240
2026-09-14,4958,臻鼎-KY,18946773,9228909919,480.00,498.00,475.50,489.50,-5.5000,24019
2026-09-14,4960,誠美材,1117203,22445453,20.15,20.35,19.90,19.95,-0.3000,680
2026-09-14,4961,天鈺,1394040,245168959,170.50,178.00,168.00,178.00,8.0000,1755
2026-09-14,4967,十銓,2704918,741491068,275.00,277.50,272.50,273.50,-7.0000,3441
2026-09-14,4968,立積,319082,28238000,88.00,89.70,86.80,89.00,0.8000,420
2026-09-14,4976,佳凌,1274281,45334170,36.10,36.85,35.00,35.00,-1.1000,1185
2026-09-14,4977,眾達-KY,1991220,337271317,170.00,173.00,167.00,167.00,-8.0000,3546
2026-09-14,4989,榮科,3185644,191391371,59.00,61.60,58.30,60.00,-0.1000,2748
2026-09-14,4994,傳奇,11505,939227,82.50,82.50,81.00,81.00,-1.8000,88
2026-09-14,4999,鑫禾,58142,1044747,18.05,18.10,17.90,17.90,-0.1500,135
2026-09-14,5007,三星,25520,1415012,55.20,55.70,55.20,55.70,-0.1000,29
2026-09-14,5203,訊連,161856,9189235,55.40,57.70,55.30,57.70,1.9000,196
2026-09-14,5215,科嘉-KY,36200,1358931,38.00,38.00,37.20,37.50,-0.9500,61
2026-09-14,5222,全訊,107732,11037972,104.00,104.00,102.00,102.00,-1.0000,207
2026-09-14,5225,東科-KY,204250,10841149,53.00,53.50,52.60,53.10,0.1000,179
2026-09-14,5234,達興材料,107659,30579292,283.00,287.00,280.50,282.50,-4.5000,350
2026-09-14,5236,凌陽創新,65672,8590080,130.00,131.50,129.50,130.00,-1.0000,143
2026-09-14,5243,乙盛-KY,568415,49328104,87.00,87.40,86.30,86.30,0.0000,900
2026-09-14,5244,弘凱,181723,6012487,32.70,33.80,32.50,33.50,-0.3000,143
2026-09-14,5258,虹堡,212019,8962409,41.95,42.80,41.00,42.30,-0.0500,238
2026-09-14,5269,祥碩,381292,517123280,1305.00,1395.00,1300.00,1365.00,50.0000,1709
2026-09-14,5283,禾聯碩,35446,1879786,52.40,53.60,52.40,53.60,0.5000,85
2026-09-14,5284,jpp-KY,195496,57845015,296.00,300.50,292.00,297.00,-0.5000,343
2026-09-14,5285,界霖,1732852,149947206,79.60,88.50,79.50,87.50,5.0000,2192
2026-09-14,5288,豐祥-KY,52939,9626545,178.50,183.50,178.50,182.50,2.0000,366
2026-09-14,5292,華懋,100669,21821871,226.00,226.00,213.50,215.50,-1.5000,4208
2026-09-14,5306,桂盟,108624,9621137,86.90,89.70,86.90,89.00,0.5000,156
2026-09-14,5388,中磊,1233523,87841437,71.40,71.80,70.70,71.00,-0.7000,1319
2026-09-14,5434,崇越,726308,388947556,524.00,547.00,518.00,539.00,12.0000,1298
2026-09-14,5469,瀚宇博,884631,63499710,71.70,72.40,70.90,72.30,0.0000,821
2026-09-14,5471,松翰,774596,39695835,51.60,51.90,50.70,51.10,-0.4000,696
2026-09-14,5484,慧友,107189,4251271,40.20,40.20,39.45,39.45,-0.4000,134
2026-09-14,5515,建國,220394,10901528,49.35,49.75,49.20,49.45,-0.4000,397
2026-09-14,5519,隆大,450198,11448279,25.85,25.85,25.00,25.30,-0.5500,486
2026-09-14,5521,工信,1704311,17658026,10.45,10.45,10.25,10.35,-0.1000,562
2026-09-14,5522,遠雄,1008221,62085293,62.10,62.30,61.10,61.10,-1.5000,985
2026-09-14,5525,順天,114307,2484521,21.90,21.90,21.70,21.85,-0.1000,73
2026-09-14,5531,鄉林,273882,1944747,7.19,7.19,7.07,7.08,-0.0800,163
2026-09-14,5533,皇鼎,145208,2009289,13.80,13.90,13.75,13.80,-0.1000,65
2026-09-14,5534,長虹,446691,32872939,74.00,74.00,73.30,73.60,-0.4000,550
2026-09-14,5538,東明-KY,55371,1968978,35.70,35.80,35.35,35.50,-0.2000,51
2026-09-14,5546,永固-KY,21158,307560,14.95,14.95,14.10,14.75,0.2000,27
2026-09-14,5607,遠雄港,530689,27705827,53.20,53.20,51.80,52.10,-0.9000,710
2026-09-14,5608,四維航,1516369,25189711,16.85,16.85,16.45,16.60,-0.1500,908
2026-09-14,5706,鳳凰,112425,4926889,43.85,43.90,43.70,43.85,-0.4500,234
2026-09-14,5871,中租-KY,5931349,669157557,111.00,114.00,111.00,113.50,2.0000,3030
2026-09-14,5871A,中租-KY甲特,33009,3303900,100.50,100.50,100.00,100.00,0.0000,17
2026-09-14,5876,上海商銀,9082786,449633088,48.25,49.95,48.25,49.90,1.2500,5112
2026-09-14,5880,合庫金,22723824,618737100,26.95,27.45,26.85,27.45,0.2500,10065
2026-09-14,5906,台南-KY,2000,75650,37.15,38.50,37.15,38.50,1.2000,2
2026-09-14,5907,大洋-KY,858241,4115295,4.82,4.97,4.70,4.76,-0.0800,242
2026-09-14,6005,群益證,3957126,125325893,31.40,32.15,31.05,32.10,0.6000,2389
2026-09-14,6024,群益期,131168,7974994,60.50,61.10,60.50,61.10,0.4000,377
2026-09-14,6108,競國,2243278,49248279,22.00,22.50,21.40,22.15,0.0000,1143
2026-09-14,6112,邁達特,10922099,542542485,47.50,50.60,47.30,50.60,4.5500,10771
2026-09-14,6115,鎰勝,55331,2426214,43.85,44.05,43.65,43.85,0.0000,58
2026-09-14,6116,彩晶,24282099,336288697,13.90,14.10,13.60,13.85,-0.2500,8454
2026-09-14,6117,迎廣,111098,6850581,61.00,62.40,60.90,61.10,-0.2000,113
2026-09-14,6120,達運,941952,11175530,12.00,12.00,11.75,11.80,-0.1500,499
2026-09-14,6128,上福,40751,769404,18.85,19.00,18.80,18.95,0.1500,41
2026-09-14,6133,金橋,1444781,33208669,22.80,23.65,22.65,23.25,-0.3000,899
2026-09-14,6136,富爾特,694522,15663253,24.60,24.75,24.60,24.75,0.0500,68
2026-09-14,6139,亞翔,1351218,953131699,704.00,717.00,695.00,703.00,-6.0000,4156
2026-09-14,6141,柏承,2219101,107944450,48.70,49.90,47.80,48.80,-2.2000,1803
2026-09-14,6142,友勁,395789,3490190,8.69,9.04,8.69,8.78,-0.0700,584
2026-09-14,6152,百一,1597719,24078178,15.00,15.25,14.80,15.20,0.2000,782
2026-09-14,6153,嘉聯益,1427385,24581036,17.35,17.45,17.00,17.15,-0.1500,850
2026-09-14,6155,鈞寶,623866,34389106,54.50,56.40,53.80,55.70,0.4000,560
2026-09-14,6164,華興,205626,2294139,11.25,11.25,11.05,11.10,-0.1500,175
2026-09-14,6165,浪凡,84575,4009901,47.25,47.60,47.10,47.40,0.0500,100
2026-09-14,6166,凌華,1071923,118284721,110.50,112.50,108.00,110.50,-2.0000,1165
2026-09-14,6168,宏齊,5305013,159283296,28.85,30.65,28.55,29.95,0.5000,3774
2026-09-14,6176,瑞儀,5803862,537550738,90.40,94.60,89.70,93.60,4.7000,7366
2026-09-14,6177,達麗,1166255,54535174,47.35,47.35,46.50,46.85,-0.6500,1113
2026-09-14,6183,關貿,22630,2061719,90.20,92.20,90.20,92.20,1.0000,92
2026-09-14,6184,大豐電,162415,6446209,40.05,40.05,39.50,39.80,-0.2500,191
2026-09-14,6189,豐藝,275843,12898237,46.30,47.10,46.05,47.05,0.5000,286
2026-09-14,6191,精成科,870226,71191304,81.90,82.50,80.90,82.00,-0.3000,1701
2026-09-14,6192,巨路,147771,16175495,109.00,110.50,108.50,110.00,-1.0000,211
2026-09-14,6196,帆宣,1602704,831541564,505.00,527.00,505.00,520.00,9.0000,2569
2026-09-14,6197,佳必琪,815302,242839113,298.00,301.00,294.50,297.00,-3.0000,2052
2026-09-14,6201,亞弘電,12598,562877,44.45,44.95,44.45,44.95,-0.0500,49
2026-09-14,6202,盛群,514198,28215683,54.80,55.70,54.10,54.70,-0.5000,540
2026-09-14,6205,詮欣,132645,8117885,61.70,61.80,60.30,60.80,-0.5000,277
2026-09-14,6206,飛捷,546229,74668366,138.00,138.00,135.00,136.00,-2.0000,1095
2026-09-14,6209,今國光,8971424,700133443,78.90,81.60,76.50,76.50,-3.5000,9021
2026-09-14,6213,聯茂,10165821,5138133296,492.00,521.00,482.00,515.00,6.0000,11561
2026-09-14,6214,精誠,2489188,466427856,189.00,190.00,184.50,187.50,-1.0000,8251
2026-09-14,6215,和椿,481792,46388521,97.50,97.50,95.00,96.20,-2.0000,733
2026-09-14,6216,居易,149091,2915990,19.75,19.75,19.45,19.60,-0.2000,160
2026-09-14,6224,聚鼎,1034615,88641663,85.70,86.80,84.80,85.00,-2.5000,2102
2026-09-14,6225,天瀚,113206,7697600,74.00,74.00,67.50,67.50,-7.4000,158
2026-09-14,6226,光鼎,33483872,1080750924,29.50,33.00,29.40,33.00,3.0000,16896
2026-09-14,6230,尼得科超眾,265526,30774498,116.00,116.50,112.00,116.50,10.5000,281
2026-09-14,6235,華孚,144664,5509724,38.10,38.45,37.55,37.95,-0.2500,322
2026-09-14,6239,力成,7089592,1925427536,265.00,277.00,262.00,271.50,-1.5000,8094
2026-09-14,6243,迅杰,274187,10164058,36.80,37.70,36.35,36.90,0.1000,268
2026-09-14,6257,矽格,3119037,652711972,206.00,213.00,204.00,210.00,-1.5000,3554
2026-09-14,6269,台郡,3565607,231366885,65.80,66.40,63.70,64.70,-1.4000,3774
2026-09-14,6271,同欣電,2105262,460397141,216.00,223.00,214.00,220.00,0.0000,3545
2026-09-14,6272,驊陞,229488,6237926,27.70,27.70,26.95,27.00,-0.6500,193
2026-09-14,6277,宏正,102167,7796424,76.30,76.80,75.70,76.50,0.2000,121
2026-09-14,6278,台表科,1629631,298726389,182.00,187.00,179.50,185.50,-1.0000,1946
2026-09-14,6281,全國電,27177,1393148,51.20,51.40,51.20,51.30,0.0000,23
2026-09-14,6282,康舒,3148192,133371970,42.40,42.95,41.80,42.50,-0.2500,2742
2026-09-14,6283,淳安,239517,4419252,18.80,18.80,18.25,18.30,-0.7000,138
2026-09-14,6285,啟碁,2139358,472086931,218.50,224.50,216.00,222.00,-0.5000,3707
2026-09-14,6405,悅城,172239,6503759,37.35,38.40,37.20,37.60,-0.7500,323
2026-09-14,6409,旭隼,342595,295922953,854.00,875.00,846.00,874.00,13.0000,1179
2026-09-14,6412,群電,448152,33166326,73.50,74.60,73.30,73.80,0.1000,565
2026-09-14,6414,樺漢,658353,244547899,365.50,374.00,365.50,371.50,1.5000,1005
2026-09-14,6415,矽力*-KY,2971389,1226979489,386.00,424.50,385.00,414.00,13.0000,3810
2026-09-14,6416,瑞祺電通,2469968,291546297,113.00,120.50,112.50,119.00,3.5000,2410
2026-09-14,6426,統新,4544689,1426427929,295.50,327.00,293.00,312.00,10.0000,6706
2026-09-14,6431,光麗-KY,90063,1565959,18.25,18.25,17.05,17.55,-0.7000,45
2026-09-14,6438,迅得,211336,30720454,147.00,147.00,144.00,144.00,-4.0000,400
2026-09-14,6442,光聖,1802295,2916511495,1620.00,1685.00,1575.00,1590.00,-80.0000,7325
2026-09-14,6443,元晶,3571378,83704405,23.00,24.20,22.85,23.35,0.1500,2015
2026-09-14,6446,藥華藥,5500524,6564761100,1280.00,1280.00,1165.00,1190.00,-90.0000,20419
2026-09-14,6449,鈺邦,1209797,255595301,214.00,217.00,205.50,214.50,-2.5000,1728
2026-09-14,6451,訊芯-KY,2234288,923417674,400.00,428.00,397.00,417.50,8.0000,2865
2026-09-14,6456,GIS-KY,1658835,105013973,63.10,65.10,61.60,63.30,-0.1000,1625
2026-09-14,6464,台數科,7666,582135,76.10,76.20,75.60,75.90,-0.6000,30
2026-09-14,6472,保瑞,282241,112442472,396.50,404.00,393.00,403.50,4.5000,1045
2026-09-14,6477,安集,368499,12527092,33.70,34.30,33.70,34.05,0.3500,341
2026-09-14,6491,晶碩,224638,83888410,367.50,381.50,363.50,381.50,14.0000,422
2026-09-14,6504,南六,40000,1487700,36.65,37.80,36.65,37.25,0.5500,35
2026-09-14,6505,台塑化,26088377,2141185886,84.60,84.90,80.40,82.80,-0.8000,17522
2026-09-14,6515,穎崴,357074,2373420285,6685.00,6780.00,6555.00,6600.00,-290.0000,5338
2026-09-14,6525,捷敏-KY,915342,116614522,123.00,130.50,119.00,128.00,3.5000,967
2026-09-14,6526,達發,255880,159828451,618.00,637.00,607.00,630.00,6.0000,811
2026-09-14,6531,愛普*,2627923,2530781057,957.00,994.00,933.00,962.00,-26.0000,4637
2026-09-14,6533,晶心科,1020624,239936141,230.00,240.00,230.00,232.00,-0.5000,1336
2026-09-14,6534,正瀚-創,33218,2998338,90.50,90.70,90.00,90.50,-0.2000,33
2026-09-14,6541,泰福-KY,281560,8664377,30.40,31.05,30.40,30.75,-0.0500,202
2026-09-14,6550,北極星藥業-KY,1843391,18275892,9.99,9.99,9.88,9.90,-0.0700,743
2026-09-14,6552,易華電,34920,816274,23.30,23.80,23.05,23.35,0.0500,40
2026-09-14,6558,興能高,140417,3302049,23.95,23.95,23.25,23.40,-0.6000,159
2026-09-14,6573,虹揚-KY,94724,1496709,15.90,16.00,15.55,15.85,-0.0500,84
2026-09-14,6579,研揚,167830,24847520,147.00,149.50,145.50,149.00,1.0000,249
2026-09-14,6581,鋼聯,10450,1157624,109.50,110.50,109.50,110.50,-1.0000,13
2026-09-14,6582,申豐,20907,652677,31.50,31.50,31.10,31.20,-0.3000,77
2026-09-14,6585,鼎基,118306,11977858,102.00,103.50,100.00,103.50,0.5000,151
2026-09-14,6589,台康生技,781892,36946601,45.35,48.20,45.10,48.05,2.7500,688
2026-09-14,6591,動力-KY,74212,3076206,41.40,41.80,41.30,41.65,-0.2500,126
2026-09-14,6592,和潤企業,210297,12558004,59.50,60.00,59.40,59.70,-0.1000,261
2026-09-14,6592A,和潤企業甲特,1000,96000,96.00,96.00,96.00,96.00,-0.1000,1
2026-09-14,6592B,和潤企業乙特,,,,,,,0.0000,
2026-09-14,6598,ABC-KY,89423,2497135,27.90,28.20,27.70,27.75,-0.4500,100
2026-09-14,6605,帝寶,145270,19815142,137.50,137.50,136.00,136.00,-1.5000,160
2026-09-14,6606,建德工業,59821,1515507,25.50,25.65,25.20,25.25,-0.4500,51
2026-09-14,6614,資拓宏宇,61312,2183618,35.80,36.10,35.30,35.45,-0.2500,56
2026-09-14,6625,必應,79869,5870168,73.40,74.00,73.20,73.30,0.0000,108
2026-09-14,6641,基士德-KY,10,172,,,,,0.0000,1
2026-09-14,6645,金萬林-創,59731,771406,13.05,13.15,12.60,13.00,0.0000,46
2026-09-14,6655,科定,12526,1530221,121.00,122.50,121.00,122.50,0.0000,24
2026-09-14,6657,華安,253713,8662314,35.50,35.50,33.60,33.85,-1.7500,196
2026-09-14,6658,聯策,106172,17609587,166.00,169.00,162.50,166.00,-1.5000,157
2026-09-14,6666,羅麗芬-KY,28301,1246945,45.20,45.20,43.60,44.20,0.2000,39
2026-09-14,6668,中揚光,2630633,109733040,40.30,42.50,40.20,42.20,2.9000,2148
2026-09-14,6669,緯穎,1985361,4517740805,2315.00,2315.00,2240.00,2270.00,-40.0000,27098
2026-09-14,6670,復盛應用,90773,24829509,273.00,276.00,272.50,272.50,-2.5000,413
2026-09-14,6671,三能-KY,7050,160600,23.00,23.00,22.55,22.55,-0.4500,8
2026-09-14,6672,騰輝電子-KY,2549602,744951051,288.50,297.50,285.00,294.50,2.5000,8282
2026-09-14,6674,鋐寶科技,5600,89230,16.00,16.00,15.80,15.90,0.1000,7
2026-09-14,6689,伊雲谷,2999752,209100232,66.10,70.50,66.10,70.50,6.4000,4561
2026-09-14,6691,洋基工程,262367,160333821,609.00,618.00,602.00,613.00,4.0000,714
2026-09-14,6695,芯鼎,197636,9177630,46.50,46.95,46.00,46.00,-0.5000,271
2026-09-14,6698,旭暉應材,95413,3004631,31.20,31.85,31.20,31.35,0.2500,101
2026-09-14,6706,惠特,22983083,3319771061,135.00,151.00,133.00,151.00,13.5000,15511
2026-09-14,6715,嘉基,937585,312847412,313.50,351.00,312.00,346.00,24.5000,1815
2026-09-14,6719,力智,348990,63485264,177.50,184.50,177.00,182.50,2.5000,498
2026-09-14,6722,輝創,21555,694674,32.65,32.65,32.10,32.15,-0.5000,35
2026-09-14,6742,澤米,270427,12206967,45.20,45.80,44.40,45.50,0.3000,243
2026-09-14,6743,安普新,156031,4541476,29.50,29.50,28.80,29.25,-0.0500,154
2026-09-14,6753,龍德造船,450184,59977025,133.00,135.50,132.00,133.00,-1.0000,538
2026-09-14,6754,匯僑設計,14080,597213,43.25,43.25,41.70,41.70,-0.3500,11
2026-09-14,6756,威鋒電子,66769,6351233,97.40,97.40,94.10,94.50,-1.5000,110
2026-09-14,6757,台灣虎航,299330,16101773,53.70,54.00,53.60,53.90,-0.3000,620
2026-09-14,6768,志強-KY,247303,15219727,61.50,62.10,61.10,61.70,0.2000,201
2026-09-14,6770,力積電,90532617,6315041548,69.00,71.40,68.10,70.70,0.0000,47317
2026-09-14,6771,平和環保-創,4012,167300,41.75,41.75,41.60,41.70,-0.0500,7
2026-09-14,6776,展碁國際,52821,2716139,51.20,51.70,51.10,51.60,0.0000,66
2026-09-14,6781,AES-KY,242818,243019267,999.00,1015.00,982.00,998.00,-7.0000,1415
2026-09-14,6782,視陽,157812,35263642,221.50,227.00,219.50,227.00,3.5000,273
2026-09-14,6789,采鈺,803180,350248548,435.00,443.00,429.50,436.00,-10.0000,2142
2026-09-14,6790,永豐實,223611,8426391,37.65,37.80,37.65,37.80,0.0000,123
2026-09-14,6792,詠業,29000,1683700,57.60,59.40,57.20,59.40,1.8000,23
2026-09-14,6794,向榮生技,13000,985600,75.20,77.20,75.00,76.50,-0.5000,11
2026-09-14,6796,晉弘,136379,6917894,51.70,51.80,49.50,50.20,-1.5000,121
2026-09-14,6799,來頡,104381,8204455,77.90,79.50,77.30,78.70,0.0000,185
2026-09-14,6805,富世達,917127,1986696990,2095.00,2210.00,2085.00,2165.00,15.0000,1901
2026-09-14,6807,峰源-KY,6305,209231,33.20,33.75,32.80,33.75,0.3000,7
2026-09-14,6830,汎銓,1625120,919139476,540.00,584.00,538.00,556.00,5.0000,2745
2026-09-14,6831,邁科,780502,423826106,551.00,556.00,530.00,541.00,-26.0000,1939
2026-09-14,6834,天二科技,7659329,768642991,104.00,104.50,98.10,98.20,-9.8000,8149
2026-09-14,6835,圓裕,8295,252005,31.05,31.05,30.10,30.10,-0.0500,13
2026-09-14,6838,台新藥,51525,1202406,23.20,23.55,23.15,23.40,-0.2000,78
2026-09-14,6854,錼創科技-KY創,77672,6965035,88.30,90.50,88.30,89.20,0.1000,83
2026-09-14,6861,睿生光電,1105031,258195261,226.50,235.50,226.50,235.50,21.0000,761
2026-09-14,6862,三集瑞-KY,70368,9316023,132.50,134.50,130.50,132.00,-1.0000,109
2026-09-14,6863,永道-KY,127991,11798549,91.60,93.40,91.00,92.90,1.7000,158
2026-09-14,6869,雲豹能源,178257,11250426,63.20,63.50,62.40,63.50,0.0000,224
2026-09-14,6873,泓德能源,210754,14387359,67.80,69.20,67.50,68.00,-0.1000,224
2026-09-14,6885,全福生技,939721,25430434,27.25,27.90,26.30,27.60,0.5000,790
2026-09-14,6887,寶綠特-KY,31220,1152551,36.80,38.20,36.50,38.20,0.8500,73
2026-09-14,6890,來億-KY,242749,35862254,148.00,148.50,146.50,147.50,-2.5000,375
2026-09-14,6901,鑽石投資,746786,11137712,14.60,15.15,14.50,15.05,0.3000,451
2026-09-14,6902,GOGOLOOK,58430,7233602,120.50,125.00,120.50,124.00,3.0000,63
2026-09-14,6906,現觀科,51003,4257727,80.70,85.30,80.60,83.00,2.3000,66
2026-09-14,6908,宏碁遊戲-創,3000,91500,30.20,30.85,30.20,30.85,0.9000,3
2026-09-14,6909,創控,1773620,74303149,43.00,43.00,40.90,41.80,-2.1000,1445
2026-09-14,6914,阜爾運通,112104,13347704,120.00,120.00,118.00,120.00,0.0000,207
2026-09-14,6916,華凌,25000,456400,18.30,18.40,18.15,18.15,-0.3500,22
2026-09-14,6918,愛派司,36100,2646600,72.60,74.10,72.60,73.10,0.2000,28
2026-09-14,6919,康霈*,2862127,228459710,79.70,80.80,78.90,79.30,-0.2000,2909
2026-09-14,6921,嘉雨思-創,6000,367200,61.00,61.40,61.00,61.00,0.0000,5
2026-09-14,6923,中台,34795,2632178,76.40,76.40,75.20,75.70,-0.6000,43
2026-09-14,6924,榮惠-KY創,116184,16361626,142.00,144.00,136.00,142.50,1.0000,155
2026-09-14,6928,攸泰科技,41187,1915546,48.00,48.00,46.05,47.00,0.9500,37
2026-09-14,6931,青松健康,85548,3422276,39.30,40.90,39.20,40.00,0.7000,82
2026-09-14,6933,AMAX-KY,1977486,622538309,304.50,334.50,294.00,305.50,-14.5000,3733
2026-09-14,6934,心誠鎂,41714,3067402,75.10,75.10,73.00,73.10,-2.0000,45
2026-09-14,6936,永鴻生技,12020,380884,31.70,31.75,31.60,31.60,-0.1000,13
2026-09-14,6937,天虹,327163,93277625,284.50,290.00,279.00,283.50,-5.0000,507
2026-09-14,6944,兆聯實業,313537,215535665,681.00,694.00,676.00,694.00,4.0000,1026
2026-09-14,6947,台鎔科技,88372,5996989,68.60,68.60,67.60,67.70,-0.9000,135
2026-09-14,6949,沛爾生醫*-創,7805082,414167482,50.00,56.90,48.25,55.80,2.8000,4106
2026-09-14,6951,青新-創,27574,1925414,69.60,69.90,69.60,69.90,-0.3000,124
2026-09-14,6952,大武山,18981,740834,38.35,39.90,38.35,38.55,-0.2500,47
2026-09-14,6955,邦睿生技-創,,,,,,,0.0000,
2026-09-14,6957,裕慶-KY,193102,46116864,231.50,242.50,231.00,240.00,8.5000,1820
2026-09-14,6958,日盛台駿,22027,382062,17.10,17.60,17.10,17.35,0.0500,19
2026-09-14,6958A,日盛台駿甲特,20000,403450,20.15,20.20,20.15,20.20,-0.0500,15
2026-09-14,6962,奕力-KY,1099973,33696732,30.15,31.15,30.10,30.75,0.3500,699
2026-09-14,6965,中傑-KY,76714,5228221,68.30,69.90,67.40,68.60,-1.2000,68
2026-09-14,6969,成信實業*-創,158049,5187833,33.30,33.55,32.50,32.65,-1.0000,119
2026-09-14,6988,威力暘-創,24000,285600,11.90,12.00,11.85,12.00,0.1000,10
2026-09-14,6994,富威電力,1022128,29268358,28.20,29.50,27.75,28.00,-1.3500,825
2026-09-14,7610,聯友金屬-創,972335,1766127265,1920.00,1920.00,1780.00,1780.00,-195.0000,6442
2026-09-14,7631,聚賢研發-創,55086,7425752,138.00,138.00,133.50,134.00,-4.0000,100
2026-09-14,7689,大鵬科CLMX,16454,2531373,155.00,156.00,152.50,154.50,-2.0000,58
2026-09-14,7705,三商餐飲,46409,1389140,30.20,30.20,29.85,29.85,-0.1000,60
2026-09-14,7711,永擎,411129,196520498,478.00,478.00,478.00,478.00,-53.0000,2156
2026-09-14,7721,微程式,35917,2126219,59.60,59.60,58.80,58.90,-0.3000,66
2026-09-14,7722,LINEPAY,49166,12844487,260.50,265.50,256.50,265.50,4.0000,362
2026-09-14,7730,暉盛-創,25500,4282820,168.00,169.50,166.00,168.00,-4.0000,26
2026-09-14,7732,金興精密,7000,237350,33.10,34.55,33.10,34.15,0.6500,7
2026-09-14,7736,虎山,50697,3493950,69.10,69.90,68.10,68.40,-0.7000,90
2026-09-14,7740,熙特爾-創,139213,17413596,126.00,128.00,124.00,124.00,-5.0000,215
2026-09-14,7749,意騰-KY,162773,55536085,347.50,347.50,337.00,339.00,-10.5000,434
2026-09-14,7750,新代,476393,914038015,1905.00,1980.00,1855.00,1960.00,-35.0000,2771
2026-09-14,7760,享溫馨,40011,1302352,32.10,33.00,31.30,33.00,0.5000,28
2026-09-14,7765,中華資安,536159,128382160,234.00,240.00,234.00,240.00,21.5000,532
2026-09-14,7768,頌勝科技,43557,11188073,260.00,260.00,254.50,255.50,-7.5000,131
2026-09-14,7769,鴻勁,464710,2945759780,6295.00,6470.00,6210.00,6305.00,-5.0000,3246
2026-09-14,7780,大研生醫*,1198755,19275021,16.30,16.30,15.95,16.10,-0.3000,868
2026-09-14,7786,東方風能,51357,5895327,114.50,115.50,113.50,114.00,-1.0000,66
2026-09-14,7788,松川精密,1779323,490678096,275.00,288.00,265.50,282.00,-4.5000,4023
2026-09-14,7791,皇家可口,25107,1382745,55.30,55.30,54.90,55.10,-0.2000,202
2026-09-14,7795,長廣,1242531,612567061,495.00,517.00,477.00,491.00,-16.0000,2011
2026-09-14,7799,禾榮科,418070,172317726,414.50,418.50,405.00,418.00,3.5000,671
2026-09-14,7803,雲象科技-創,49100,928840,19.00,19.10,18.80,19.00,-0.0500,33
2026-09-14,7818,溢泰實業,61450,3670540,59.20,60.40,59.10,60.20,0.2000,55
2026-09-14,7821,神數,78749,3051312,38.90,38.90,38.60,38.70,-0.2000,154
2026-09-14,7822,倍利科,122091,100263858,822.00,834.00,809.00,810.00,-24.0000,1406
2026-09-14,7823,奧義賽博-KY創,162402,13659373,82.30,87.10,81.70,81.80,0.8000,143
2026-09-14,7827,漢康-KY創,81945,12364142,150.50,152.50,149.50,152.00,-0.5000,216
2026-09-14,7835,永悅健康-創,47160,965160,21.60,21.60,20.15,20.85,-0.7500,39
2026-09-14,7855,和運租車,396126,16649970,42.10,42.10,42.00,42.00,-0.1000,363
2026-09-14,8011,台通,233338,3604726,15.50,15.55,15.35,15.55,0.0000,193
2026-09-14,8016,矽創,423108,117795110,277.50,280.50,273.00,277.00,-0.5000,1923
2026-09-14,8021,尖點,836712,363176475,414.00,444.50,410.50,442.50,24.0000,2053
2026-09-14,8028,昇陽半導體,2320122,512056118,220.00,224.50,216.50,221.50,-4.0000,3418
2026-09-14,8033,雷虎,3146206,546568804,173.00,177.50,172.00,174.00,1.5000,7611
2026-09-14,8039,台虹,14851591,4021556166,268.00,280.00,261.00,274.00,2.0000,16422
2026-09-14,8045,達運光電,373774,17631199,47.00,48.10,46.70,47.85,0.6500,98
2026-09-14,8046,南電,6139066,6445332770,1040.00,1070.00,1025.00,1055.00,-25.0000,10457
2026-09-14,8070,長華*,2255437,112243084,49.25,50.60,48.25,50.20,1.2000,1478
2026-09-14,8072,陞泰,182196,4824859,26.10,26.85,26.00,26.35,0.2500,187
2026-09-14,8081,致新,251738,62048561,244.50,249.00,243.50,246.50,-0.5000,357
2026-09-14,8101,華冠,2341,27969,12.55,12.55,12.55,12.55,0.4000,9
2026-09-14,8103,瀚荃,2666232,301320255,110.00,117.50,108.50,113.00,0.0000,2682
2026-09-14,8104,錸寶,235573,6991076,29.80,29.90,29.30,29.65,-0.1500,185
2026-09-14,8105,凌巨,1108990,16052111,14.70,14.70,14.35,14.50,-0.1500,527
2026-09-14,8110,華東,2663437,110128386,41.05,41.80,40.70,41.50,-0.6500,1830
2026-09-14,8112,至上,4438980,370382430,84.00,84.10,82.80,83.60,-1.0000,4310
2026-09-14,8112A,至上甲特,17681,801833,45.25,45.40,45.25,45.30,0.1000,25
2026-09-14,8114,振樺電,282827,50665947,177.50,181.00,175.50,179.50,2.0000,373
2026-09-14,8131,福懋科,1369546,81231494,60.10,60.10,58.70,59.00,-1.3000,1362
2026-09-14,8150,南茂,10859992,940124373,85.50,88.20,84.30,86.60,-0.1000,9133
2026-09-14,8162,微矽電子-創,99050,5937408,60.00,61.00,59.10,60.40,-0.8000,88
2026-09-14,8163,達方,357693,10607617,29.60,29.95,29.40,29.70,0.1000,350
2026-09-14,8201,無敵,31002,364923,11.85,11.90,11.70,11.90,-0.0500,19
2026-09-14,8210,勤誠,836211,744560474,888.00,901.00,882.00,886.00,-14.0000,3894
2026-09-14,8213,志超,264147,8635173,32.70,32.95,32.25,32.85,0.6000,199
2026-09-14,8215,明基材,397110,9936867,25.00,25.25,24.70,24.95,-0.1000,378
2026-09-14,8222,寶一,259367,9017778,34.70,35.25,34.45,34.70,0.0000,217
2026-09-14,8249,菱光,83111,3117178,37.60,37.70,37.10,37.55,-0.0500,106
2026-09-14,8261,富鼎,2715820,452067523,158.00,170.50,158.00,166.50,4.5000,3027
2026-09-14,8271,宇瞻,993657,201692465,206.00,206.00,201.00,202.00,-4.0000,1553
2026-09-14,8341,日友,278352,20666602,75.10,75.10,74.00,74.20,-0.2000,228
2026-09-14,8367,建新國際,7138,287631,40.05,40.70,40.05,40.70,0.5000,9
2026-09-14,8374,羅昇,191303,14779989,78.00,78.10,77.00,77.20,-1.4000,304
2026-09-14,8404,百和興業-KY,346241,4814102,13.90,14.00,13.80,13.90,0.0000,184
2026-09-14,8411,福貞-KY,164927,2103112,12.90,12.90,12.65,12.65,-0.3500,131
2026-09-14,8422,可寧衛*,2808148,73373564,26.10,26.35,25.85,26.10,0.0500,1601
2026-09-14,8429,金麗-KY,78613,467000,5.95,5.98,5.92,5.92,-0.0300,107
2026-09-14,8438,昶昕,63400,4248124,66.80,67.70,66.10,67.70,0.7000,64
2026-09-14,8442,威宏-KY,21000,956500,45.55,45.70,45.35,45.45,-0.3000,19
2026-09-14,8443,阿瘦,755929,7641426,11.15,11.20,11.10,11.20,0.0500,69
2026-09-14,8454,富邦媒,448426,109084434,241.00,245.50,237.50,245.00,4.0000,1880
2026-09-14,8462,柏文,32033,5126032,158.50,162.00,158.50,162.00,2.5000,86
2026-09-14,8463,潤泰材,19012,401605,21.10,21.30,20.80,21.10,-0.2500,17
2026-09-14,8464,億豐,327377,124113801,370.00,387.00,370.00,377.50,6.5000,514
2026-09-14,8466,美吉吉-KY,23000,313949,13.60,13.75,13.55,13.75,-0.3000,13
2026-09-14,8467,波力-KY,14155,1179489,82.40,84.60,82.40,83.20,-0.3000,19
2026-09-14,8473,山林水,334535,12834520,38.55,38.65,38.00,38.40,0.1000,326
2026-09-14,8476,台境*,159610,3102258,19.65,19.70,19.15,19.70,-0.2000,107
2026-09-14,8478,東哥遊艇,48980,6918454,141.00,142.00,140.00,142.00,0.5000,91
2026-09-14,8481,政伸,13050,533690,41.45,41.45,40.80,40.80,-0.1000,13
2026-09-14,8482,商億-KY,4050,191422,47.25,47.30,47.25,47.30,-0.3000,5
2026-09-14,8487,愛爾達-創,10025,702866,70.30,70.30,70.00,70.10,-0.4000,21
2026-09-14,8488,吉源-KY,23270,231157,9.97,9.97,9.92,9.94,-0.1100,23
2026-09-14,8499,鼎炫-KY,27742,7006022,250.00,257.00,250.00,251.50,0.0000,46
2026-09-14,8926,台汽電,1956528,112779231,58.30,58.40,57.30,57.40,-0.6000,1750
2026-09-14,8940,新天地,70158,1028746,14.70,14.70,14.55,14.65,-0.1000,464
2026-09-14,8996,高力,6220878,7710225210,1295.00,1295.00,1205.00,1235.00,-95.0000,11297
2026-09-14,9103,美德醫療-DR,529998,2632344,5.00,5.01,4.95,4.96,-0.0400,227
2026-09-14,910322,康師傅-DR,1429,34249,24.00,24.00,24.00,24.00,-0.1000,8
2026-09-14,9105,泰金寶-DR,16196412,137264091,8.55,8.61,8.31,8.38,-0.2100,4181
2026-09-14,910861,神州-DR,96251,378678,3.90,4.00,3.86,3.99,0.1500,49
2026-09-14,9110,越南控-DR,1005,3044,3.03,3.03,3.03,3.03,0.0900,2
2026-09-14,911608,明輝-DR,25000,67920,2.71,2.72,2.67,2.72,0.0000,8
2026-09-14,911622,泰聚亨-DR,7000,24390,3.47,3.56,3.46,3.56,-0.0300,7
2026-09-14,911868,同方友友-DR,136850,158144,1.16,1.17,1.15,1.15,0.0000,44
2026-09-14,912000,晨訊科-DR,179000,438520,2.44,2.48,2.42,2.47,0.0400,51
2026-09-14,9136,巨騰-DR,113495,1060561,9.41,9.45,9.29,9.39,-0.0200,49
2026-09-14,9802,鈺齊-KY,647825,41315528,63.80,64.30,63.10,64.00,-0.7000,673
2026-09-14,9902,台火,114844,1517218,13.50,13.50,13.05,13.30,-0.1000,105
2026-09-14,9904,寶成,7377138,177624597,24.20,24.25,24.00,24.05,-0.1500,2766
2026-09-14,9905,大華,143130,3049825,21.35,21.45,21.25,21.25,-0.1000,101
2026-09-14,9906,欣巴巴,39757,1530669,39.10,39.10,38.10,38.55,-0.6500,121
2026-09-14,9907,統一實,851983,12813553,15.10,15.10,15.00,15.00,-0.1000,547
2026-09-14,9908,大台北,155746,4512840,28.95,29.05,28.95,28.95,0.0000,100
2026-09-14,9910,豐泰,513843,34858865,67.80,68.10,67.50,67.80,0.0000,550
2026-09-14,9911,櫻花,153375,12525435,81.70,81.80,81.60,81.60,-0.2000,304
2026-09-14,9912,偉聯,14318,185706,12.85,13.10,12.80,13.10,0.1000,45
2026-09-14,9914,美利達,3490279,238571086,67.90,69.30,66.40,68.70,-1.0000,2910
2026-09-14,9917,中保科,287227,30388480,105.50,106.50,105.00,106.50,1.0000,397
2026-09-14,9918,欣天然,16252,701762,43.15,43.50,42.70,43.50,0.3000,28
2026-09-14,9919,康那香,63973,887406,13.90,14.00,13.80,13.95,0.0000,75
2026-09-14,9921,巨大,2570098,228737456,85.90,90.20,85.30,89.70,2.1000,2505
2026-09-14,9924,福興,111287,4231118,38.10,38.25,37.80,38.00,-0.2000,124
2026-09-14,9925,新保,825476,32538156,39.50,39.60,39.35,39.40,-0.1500,663
2026-09-14,9926,新海,8338,409388,49.25,49.50,48.90,49.50,0.1000,15
2026-09-14,9927,泰銘,38347,2672867,69.50,69.90,69.50,69.60,-0.3000,73
2026-09-14,9928,中視,53420,942815,17.60,17.85,17.60,17.60,0.0000,33
2026-09-14,9929,秋雨,8000,87550,11.00,11.00,10.85,10.95,-0.1500,7
2026-09-14,9930,中聯資源,180932,11084018,61.50,61.50,61.10,61.40,-0.6000,259
2026-09-14,9931,欣高,16100,546768,34.10,34.10,33.90,33.90,-0.3000,18
2026-09-14,9933,中鼎,2058153,84749742,41.65,41.95,40.80,41.20,-0.5000,3011
2026-09-14,9934,成霖,778890,7639653,9.87,9.87,9.75,9.85,-0.0800,412
2026-09-14,9935,慶豐富,508673,9131579,18.10,18.15,17.85,17.85,-0.2500,294
2026-09-14,9937,全國,112149,6107231,54.70,55.10,54.00,54.80,-0.2000,124
2026-09-14,9938,百和,1421848,53906787,38.05,38.10,37.70,37.95,-0.2000,916
2026-09-14,9939,宏全,779922,98663130,128.00,128.00,125.50,126.00,-3.5000,857
2026-09-14,9940,信義,479039,9547034,20.00,20.05,19.85,19.85,-0.2500,314
2026-09-14,9941,裕融,1560254,126775981,80.00,82.40,79.60,81.60,1.3000,1757
2026-09-14,9941A,裕融甲特,2000,97450,48.70,48.75,48.70,48.75,0.0000,2
2026-09-14,9942,茂順,45354,5140815,113.50,114.00,113.00,113.50,0.0000,49
2026-09-14,9943,好樂迪,36361,1843259,50.80,51.00,50.60,50.90,0.1000,85
2026-09-14,9944,新麗,25136,435097,17.40,17.40,17.15,17.15,-0.2500,38
2026-09-14,9945,潤泰新,2798187,77792415,27.85,27.95,27.65,27.85,-0.2500,1647
2026-09-14,9946,三發地產,182523,3081299,16.95,17.00,16.80,16.90,-0.1000,124
2026-09-14,9955,佳龍,85646,1998280,23.50,23.50,23.20,23.35,-0.1500,112
2026-09-14,9958,世紀鋼,867635,79105655,90.20,91.80,90.00,91.10,1.0000,963
